"Date","Longitude","Latitude","Elevation","Max Temperature","Min Temperature","Precipitation","Wind","Relative Humidity","Solar"
"1/1/1979","-63.4375","-7.02514982223511","82","26.718","21.839","6.4982439792","0.780288723074745","0.944211756830416","8.781135732",
"1/2/1979","-63.4375","-7.02514982223511","82","25.741","21.62","0.8299834272","0.582938629984327","0.939563415187404","4.63573116",
"1/3/1979","-63.4375","-7.02514982223511","82","31.424","20.974","2.3963934384","0.961328129855714","0.888997137459602","21.30822522",
"1/4/1979","-63.4375","-7.02514982223511","82","29.411","21.529","7.5548142648","0.928908430470138","0.909392535950003","24.36710058",
"1/5/1979","-63.4375","-7.02514982223511","82","31.883","22.355","1.573277544","0.842687290831027","0.84218070734563","21.09875148",
"1/6/1979","-63.4375","-7.02514982223511","82","29.153","22.275","20.3075324064","0.783230805061525","0.926766886550408","25.3953603",
"1/7/1979","-63.4375","-7.02514982223511","82","25.967","22.218","120.274579368","0.774947191889781","0.968274706129801","6.10244838",
"1/8/1979","-63.4375","-7.02514982223511","82","29.112","20.949","3.664972224","0.909401267960271","0.902784232578906","15.1527861",
"1/9/1979","-63.4375","-7.02514982223511","82","26.747","21.463","1.09519956","1.09547304066132","0.932233181073267","7.30057212",
"1/10/1979","-63.4375","-7.02514982223511","82","31.301","20.974","4.63142592","1.10524719312752","0.824550891913903","18.73867698",
"1/11/1979","-63.4375","-7.02514982223511","82","30.485","22.587","6.64930332","1.00149116377178","0.884820946666928","27.30718134",
"1/12/1979","-63.4375","-7.02514982223511","82","33.286","22.87","3.6546687576","1.16932749798636","0.855494482936045","20.79838098",
"1/13/1979","-63.4375","-7.02514982223511","82","29.9","22.883","5.53093056","0.789716932877139","0.902940703866897","16.24905162",
"1/14/1979","-63.4375","-7.02514982223511","82","25.333","22.375","4.8408543144","0.59732102812067","0.963559781007695","4.20699816",
"1/15/1979","-63.4375","-7.02514982223511","82","27.413","20.825","5.8416376392","0.800163218404991","0.940055952321383","8.910054",
"1/16/1979","-63.4375","-7.02514982223511","82","31.366","20.88","0.3381732504","0.928689730697609","0.771753773927347","16.27627662",
"1/17/1979","-63.4375","-7.02514982223511","82","29.88","22.17","2.803229604","0.838898650807788","0.832999215155201","16.895529",
"1/18/1979","-63.4375","-7.02514982223511","82","26.125","22.103","0.8557315056","0.767195336054684","0.929065925524773","6.321486168",
"1/19/1979","-63.4375","-7.02514982223511","82","23.473","22.181","6.2699307192","0.653972545525722","0.970702403189342","1.65375072",
"1/20/1979","-63.4375","-7.02514982223511","82","29.877","21.547","0.8583069528","0.969903420285949","0.867999023189069","17.363758932",
"1/21/1979","-63.4375","-7.02514982223511","82","29.186","21.56","7.11708372","1.37899411965373","0.885107802717634","26.464442112",
"1/22/1979","-63.4375","-7.02514982223511","82","32.308","22.387","11.1339584784","0.847250010320301","0.841027659522623","25.633411272",
"1/23/1979","-63.4375","-7.02514982223511","82","28.678","22.091","20.601079524","0.542111474062684","0.947844888703765","17.6293719",
"1/24/1979","-63.4375","-7.02514982223511","82","30.129","21.942","7.102492524","0.943274150676077","0.911818547825504","25.5009375",
"1/25/1979","-63.4375","-7.02514982223511","82","30.788","22.951","9.440519832","0.955515702763357","0.906962471050378","19.307983932",
"1/26/1979","-63.4375","-7.02514982223511","82","32.858","23.473","11.61031788","0.989459913342984","0.84928962930599","20.8023687",
"1/27/1979","-63.4375","-7.02514982223511","82","29.77","22.536","12.6188342784","1.01060385918029","0.941622213762572","20.79568044",
"1/28/1979","-63.4375","-7.02514982223511","82","25.777","23.067","6.121446264","0.597642645699989","0.973054112623637","3.39902118",
"1/29/1979","-63.4375","-7.02514982223511","82","32.751","22.863","7.641502812","0.712340185790552","0.884461120283328","18.086740992",
"1/30/1979","-63.4375","-7.02514982223511","82","32.841","22.563","24.0145513848","0.728109516682237","0.898634167356045","23.20272666",
"1/31/1979","-63.4375","-7.02514982223511","82","27.56","23.003","21.12121728","0.944494520057896","0.962006254937497","18.973131552",
"2/1/1979","-63.4375","-7.02514982223511","82","27.108","22.676","15.1542650664","0.909611006898881","0.963935999167236","16.359411888",
"2/2/1979","-63.4375","-7.02514982223511","82","28.464","22.985","13.8530749464","0.73977398621644","0.938613470235417","11.59476084",
"2/3/1979","-63.4375","-7.02514982223511","82","26.596","23.119","9.477426816","1.05455557589799","0.903728089215706","9.179777268",
"2/4/1979","-63.4375","-7.02514982223511","82","29.433","21.348","5.1464096928","1.16965841655836","0.880381210848581","22.31988426",
"2/5/1979","-63.4375","-7.02514982223511","82","29.012","22.288","0.8754732072","0.823845248492502","0.905895810940437","12.534243948",
"2/6/1979","-63.4375","-7.02514982223511","82","30.454","21.478","4.1378973624","1.10678563061617","0.86624232818733","19.147726368",
"2/7/1979","-63.4375","-7.02514982223511","82","30.46","23.43","0.3433230576","1.6835028440665","0.812825221098767","24.60323412",
"2/8/1979","-63.4375","-7.02514982223511","82","29.434","22.954","12.4608968928","1.10234096188137","0.886855026669213","22.764827088",
"2/9/1979","-63.4375","-7.02514982223511","82","26.822","23.219","0.1819610856","0.955259874766062","0.906150872240669","7.83899334",
"2/10/1979","-63.4375","-7.02514982223511","82","25.999","23.021","4.205700252","1.1659565911595","0.954293219847611","13.885543872",
"2/11/1979","-63.4375","-7.02514982223511","82","30.23","22.723","4.6417288824","1.2213996514108","0.891091109294258","20.49833745",
"2/12/1979","-63.4375","-7.02514982223511","82","30.248","23.09","6.263925264","1.20952895814333","0.893569066379738","25.5753558",
"2/13/1979","-63.4375","-7.02514982223511","82","31.183","23.037","4.8408513192","1.06081793229262","0.886523666026566","19.738802232",
"2/14/1979","-63.4375","-7.02514982223511","82","32.915","22.966","6.1429060224","0.78665394283536","0.881692479174888","18.48228948",
"2/15/1979","-63.4375","-7.02514982223511","82","31.819","22.267","3.05900712","1.39155499661911","0.793654414569302","27.2623464",
"2/16/1979","-63.4375","-7.02514982223511","82","29.437","21.628","10.6078176","1.21713176201728","0.897378189695903","28.43150544",
"2/17/1979","-63.4375","-7.02514982223511","82","33.438","22.341","1.605036564","1.08979119077356","0.784473819566694","22.857983568",
"2/18/1979","-63.4375","-7.02514982223511","82","31.744","22.502","7.8208906104","0.966779073576212","0.861524135362992","18.671571",
"2/19/1979","-63.4375","-7.02514982223511","82","26.587","22.671","1.567268604","0.688140884317729","0.939961087365951","5.798867328",
"2/20/1979","-63.4375","-7.02514982223511","82","28.168","22.901","12.13303212","0.788260807219266","0.946985215177052","20.9846304",
"2/21/1979","-63.4375","-7.02514982223511","82","25.823","23.131","4.8957809472","0.694063407595652","0.961594050474525","4.38693624",
"2/22/1979","-63.4375","-7.02514982223511","82","31.568","22.559","12.87460404","0.825480022174888","0.920001145093655","16.086823128",
"2/23/1979","-63.4375","-7.02514982223511","82","28.739","20.397","14.485649616","0.794400223098967","0.929852239047003","15.391010592",
"2/24/1979","-63.4375","-7.02514982223511","82","32.495","22.938","14.496802704","0.614030002961252","0.924530049732041","20.165908068",
"2/25/1979","-63.4375","-7.02514982223511","82","26.898","22.824","20.15819712","0.919748442500823","0.961550626135467","13.7755134",
"2/26/1979","-63.4375","-7.02514982223511","82","27.724","20.757","12.4480253448","1.04249786099297","0.913943105193765","16.82549316",
"2/27/1979","-63.4375","-7.02514982223511","82","29.506","20.869","10.8558702576","0.795936378280589","0.920392498666825","24.2641134",
"2/28/1979","-63.4375","-7.02514982223511","82","28.889","22.319","9.7640994168","0.940998280807105","0.921968972582881","26.670826152",
"3/1/1979","-63.4375","-7.02514982223511","82","27.829","22.109","18.7007948928","0.884387826976142","0.948051649209025","26.16209766",
"3/2/1979","-63.4375","-7.02514982223511","82","29.621","22.622","11.453244444","1.17367905689142","0.926507783708476","24.177706128",
"3/3/1979","-63.4375","-7.02514982223511","82","27.747","21.93","65.5334748","1.00338796935287","0.922734184263292","10.055026008",
"3/4/1979","-63.4375","-7.02514982223511","82","32.871","20.713","12.967305228","1.0239603613484","0.845201255626718","25.877137392",
"3/5/1979","-63.4375","-7.02514982223511","82","31.842","21.372","22.291948512","0.609649878351906","0.884807350152052","24.908515488",
"3/6/1979","-63.4375","-7.02514982223511","82","30.06","21.322","15.1302330864","0.943584448957145","0.901591194687397","20.96521668",
"3/7/1979","-63.4375","-7.02514982223511","82","28.402","20.522","18.09139824","0.715907423292733","0.944666969639659","24.61798026",
"3/8/1979","-63.4375","-7.02514982223511","82","31.968","22.823","19.040676984","1.02427271277689","0.891007464935476","21.60207954",
"3/9/1979","-63.4375","-7.02514982223511","82","28.243","22.736","17.4167611704","0.787993713778447","0.953529010924939","21.91747914",
"3/10/1979","-63.4375","-7.02514982223511","82","28.549","20.906","9.667973556","0.604231885551888","0.932819994104937","9.54281088",
"3/11/1979","-63.4375","-7.02514982223511","82","27.929","20.488","11.6111750184","0.787366424018654","0.940151334303548","21.76256466",
"3/12/1979","-63.4375","-7.02514982223511","82","28.976","20.931","31.307608872","0.778275110757396","0.930880639291193","21.097912518",
"3/13/1979","-63.4375","-7.02514982223511","82","26.495","22.461","15.60058416","0.793233933255684","0.961508253460681","5.63709438",
"3/14/1979","-63.4375","-7.02514982223511","82","30.291","21.669","8.528137416","0.5152546704807","0.931862005573365","20.89726866",
"3/15/1979","-63.4375","-7.02514982223511","82","33.608","21.243","7.515335052","0.88098718398588","0.886897622463537","19.2619665",
"3/16/1979","-63.4375","-7.02514982223511","82","30.428","22.945","9.19761768","0.871386078833152","0.923090174452319","18.70881156",
"3/17/1979","-63.4375","-7.02514982223511","82","28.346","23.407","13.702008564","0.800133975886287","0.948982108604224","13.05984393",
"3/18/1979","-63.4375","-7.02514982223511","82","28.162","22.932","19.1797218","0.742044387715816","0.960227282986786","18.744583212",
"3/19/1979","-63.4375","-7.02514982223511","82","25.73","22.366","43.0063056","0.807874677667863","0.973882130050496","3.669073938",
"3/20/1979","-63.4375","-7.02514982223511","82","28.498","22.892","36.4540227264","1.05371582454592","0.950515993992036","14.60266299",
"3/21/1979","-63.4375","-7.02514982223511","82","28.342","23.274","7.880974704","0.941085202568711","0.946201305437725","19.6309629",
"3/22/1979","-63.4375","-7.02514982223511","82","28.748","21.999","12.14675766","0.645734843160787","0.946022934185425","20.18385036",
"3/23/1979","-63.4375","-7.02514982223511","82","25.542","21.1","16.530988536","0.680868253284043","0.976120321517103","4.351896",
"3/24/1979","-63.4375","-7.02514982223511","82","30.897","20.932","3.1637216664","0.787121477956559","0.9100110890114","17.25036174",
"3/25/1979","-63.4375","-7.02514982223511","82","26.499","22.767","10.1795194224","0.931385220251846","0.959811162869854","16.922698668",
"3/26/1979","-63.4375","-7.02514982223511","82","30.242","22.428","13.832473392","0.742344063221645","0.929485662965996","19.363051152",
"3/27/1979","-63.4375","-7.02514982223511","82","27.537","20.269","68.72981076","1.1231333825006","0.965529408553541","10.56228642",
"3/28/1979","-63.4375","-7.02514982223511","82","28.762","19.27","21.9383323056","1.42244848242877","0.874307975810104","19.432521648",
"3/29/1979","-63.4375","-7.02514982223511","82","34.401","18.448","6.46648344","0.803613566423387","0.819509953181493","20.82622482",
"3/30/1979","-63.4375","-7.02514982223511","82","29.058","22.123","10.74085902","0.916766070397464","0.927238882511484","22.89323844",
"3/31/1979","-63.4375","-7.02514982223511","82","30.633","22.408","9.966660804","0.804030100233621","0.896407384894705","21.96601596",
"4/1/1979","-63.4375","-7.02514982223511","82","27.748","22.387","5.92231536","0.890083192176454","0.943810734020501","15.48466857",
"4/2/1979","-63.4375","-7.02514982223511","82","30.071","22.812","1.0540009512","1.11671151506651","0.895950615342718","15.57067914",
"4/3/1979","-63.4375","-7.02514982223511","82","28.247","22.931","7.4535378984","0.820419047527642","0.939227351389301","21.54537972",
"4/4/1979","-63.4375","-7.02514982223511","82","32.848","22.901","3.484726164","0.810207024503348","0.902718385429493","15.86323332",
"4/5/1979","-63.4375","-7.02514982223511","82","34.335","21.513","8.541872316","0.986935113461925","0.83485334104295","25.85879496",
"4/6/1979","-63.4375","-7.02514982223511","82","29.443","22.254","7.269861168","1.42636944865687","0.921120347291625","26.10174384",
"4/7/1979","-63.4375","-7.02514982223511","82","27.41","20.219","1.091765628","2.29098813545596","0.853655449960585","16.39063152",
"4/8/1979","-63.4375","-7.02514982223511","82","30.531","18.558","0.13389588","1.69055783700666","0.764844022862513","26.86302684",
"4/9/1979","-63.4375","-7.02514982223511","82","31.285","19.603","0.909805032","0.890838317513531","0.82009534114182","22.28889492",
"4/10/1979","-63.4375","-7.02514982223511","82","27.946","18.903","9.40189194","0.954041478952319","0.922048598608226","24.69915036",
"4/11/1979","-63.4375","-7.02514982223511","82","32.364","20.662","5.16529782","1.01180534969864","0.87320109787303","24.72136146",
"4/12/1979","-63.4375","-7.02514982223511","82","31.558","21.758","4.689793368","0.899829361060662","0.858265040570069","25.900316208",
"4/13/1979","-63.4375","-7.02514982223511","82","27.432","22.118","16.678619172","0.871292998883128","0.95657106391274","19.82098404",
"4/14/1979","-63.4375","-7.02514982223511","82","27.258","22.887","6.322285116","1.03432443212107","0.954192714463749","18.9507978",
"4/15/1979","-63.4375","-7.02514982223511","82","30.934","21.479","9.626774508","0.965767392909776","0.924939087710066","18.5776281",
"4/16/1979","-63.4375","-7.02514982223511","82","30.972","21.624","2.128601988","1.0712568249617","0.883848959097519","17.4849228",
"4/17/1979","-63.4375","-7.02514982223511","82","33.151","20.572","7.4981655","0.808632514128041","0.893644089693903","24.71399802",
"4/18/1979","-63.4375","-7.02514982223511","82","31.314","22.227","2.931976836","0.719126539032361","0.890008830710955","17.70901488",
"4/19/1979","-63.4375","-7.02514982223511","82","28.383","20.165","9.4276372392","0.672348163974057","0.932265162309165","23.4724554",
"4/20/1979","-63.4375","-7.02514982223511","82","28.967","21.035","17.13867354","0.672890440999018","0.939918009381738","23.9897844",
"4/21/1979","-63.4375","-7.02514982223511","82","32.1","22.622","5.5515258864","0.960950558024903","0.889115453559365","23.1287661",
"4/22/1979","-63.4375","-7.02514982223511","82","28.564","20.775","8.857728","0.777403950860407","0.942506507943089","23.72843862",
"4/23/1979","-63.4375","-7.02514982223511","82","28.889","21.895","13.2488163864","0.907246971638495","0.938740583976516","23.3611848",
"4/24/1979","-63.4375","-7.02514982223511","82","30.215","21.618","8.026884144","0.969546032171217","0.943420332016076","17.46174672",
"4/25/1979","-63.4375","-7.02514982223511","82","26.388","22.473","3.776548068","1.2559801805736","0.941136042661265","10.77446052",
"4/26/1979","-63.4375","-7.02514982223511","82","23.801","20.471","9.245682396","1.05388322981064","0.962615123674021","5.71353804",
"4/27/1979","-63.4375","-7.02514982223511","82","29.437","20.57","7.7556620664","0.761855860155652","0.895742372599701","19.16195112",
"4/28/1979","-63.4375","-7.02514982223511","82","26.798","20.203","9.376140672","0.651817751141511","0.958926351799723","17.90021268",
"4/29/1979","-63.4375","-7.02514982223511","82","30.154","20.037","8.232880824","0.920756070340933","0.917689499393861","24.6799134",
"4/30/1979","-63.4375","-7.02514982223511","82","30.342","21.433","6.488799408","0.610232023346408","0.921292380581913","19.09726722",
"5/1/1979","-63.4375","-7.02514982223511","82","27.837","21.95","10.4198463144","0.979500307474433","0.946592950099382","19.32187302",
"5/2/1979","-63.4375","-7.02514982223511","82","30.181","20.671","9.0568409184","0.660915186008047","0.91459616785746","22.7256165",
"5/3/1979","-63.4375","-7.02514982223511","82","29.73","19.739","7.546233708","0.601558670489613","0.936673207740131","23.18861484",
"5/4/1979","-63.4375","-7.02514982223511","82","27.812","20.374","10.23788664","0.706568954606649","0.950814161708994","18.20520216",
"5/5/1979","-63.4375","-7.02514982223511","82","30.244","21.346","7.5084714","0.554960510631395","0.929467242693431","14.294868012",
"5/6/1979","-63.4375","-7.02514982223511","82","30.984","20.601","6.0424811928","0.641952812264253","0.922388707360451","21.67981578",
"5/7/1979","-63.4375","-7.02514982223511","82","27.162","20.789","16.43142708","0.766832461177633","0.962536402314657","19.464920712",
"5/8/1979","-63.4375","-7.02514982223511","82","26.96","21.041","20.98216728","0.885802320211096","0.961161166657694","22.16345886",
"5/9/1979","-63.4375","-7.02514982223511","82","31.307","20.201","1.040267772","0.707382634487068","0.871375880689716","14.75651502",
"5/10/1979","-63.4375","-7.02514982223511","82","27.828","18.747","12.86086572","0.477875243519566","0.945988331365266","19.504014768",
"5/11/1979","-63.4375","-7.02514982223511","82","30.754","17.662","1.09863324","1.04356036660988","0.843644048020457","24.1959978",
"5/12/1979","-63.4375","-7.02514982223511","82","28.339","20.871","5.465697372","0.975757804867059","0.908664306717071","23.8917942",
"5/13/1979","-63.4375","-7.02514982223511","82","31.448","20.492","1.287460512","0.77913438884595","0.847769553229064","23.8926897",
"5/14/1979","-63.4375","-7.02514982223511","82","31.071","20.017","4.18166712","0.784248205029414","0.907458365180431","23.73794802",
"5/15/1979","-63.4375","-7.02514982223511","82","31.342","21.002","1.503753408","0.70945225261685","0.85029750327767","16.3912545",
"5/16/1979","-63.4375","-7.02514982223511","82","28.539","20.205","9.14783436","0.627969246435971","0.941678956800248","22.32039996",
"5/17/1979","-63.4375","-7.02514982223511","82","30.28","20.397","2.29682916","0.93063903369479","0.870161897835611","19.87599744",
"5/18/1979","-63.4375","-7.02514982223511","82","29.419","20.286","11.09962872","0.809778904713693","0.926492406283984","23.03487702",
"5/19/1979","-63.4375","-7.02514982223511","82","29.422","22.87","1.778411448","0.854619621807468","0.934022426667147","9.6060375",
"5/20/1979","-63.4375","-7.02514982223511","82","29.902","22.187","6.6123976464","1.03093405217673","0.905466089799351","20.65994658",
"5/21/1979","-63.4375","-7.02514982223511","82","29.405","22.507","3.4984565424","0.625792144730145","0.923048224570643","15.216018768",
"5/22/1979","-63.4375","-7.02514982223511","82","31.697","22.351","7.426074924","0.692874649001879","0.92102579828064","16.08704856",
"5/23/1979","-63.4375","-7.02514982223511","82","29.067","22.401","9.58213764","0.791010015591049","0.938866816779161","18.34279146",
"5/24/1979","-63.4375","-7.02514982223511","82","27.683","23.2","11.844640908","1.11836234976392","0.950787999037777","13.8701853",
"5/25/1979","-63.4375","-7.02514982223511","82","29.117","22.138","1.242828504","0.943668145631422","0.911730492818546","14.635632528",
"5/26/1979","-63.4375","-7.02514982223511","82","27.752","21.816","8.4182688","0.599578019115337","0.947470883285647","15.2056107",
"5/27/1979","-63.4375","-7.02514982223511","82","28.761","21.353","4.1490577944","1.00076005448383","0.940875060666419","16.3189674",
"5/28/1979","-63.4375","-7.02514982223511","82","28.872","21.782","0.60768144","0.583488329110343","0.919113951092708","7.967368512",
"5/29/1979","-63.4375","-7.02514982223511","82","31.041","21.018","1.5449526","1.03281782705772","0.845909141965821","22.761387",
"5/30/1979","-63.4375","-7.02514982223511","82","29.214","21.896","10.364905548","1.21943800746016","0.933031861237588","22.48239456",
"5/31/1979","-63.4375","-7.02514982223511","82","26.167","18.117","3.15856818","2.22712236991141","0.827773875922131","15.618200832",
"6/1/1979","-63.4375","-7.02514982223511","82","27.68","16.11","0","1.47681516341041","0.710463391916422","23.1829902",
"6/2/1979","-63.4375","-7.02514982223511","82","30.989","16.421","0","0.967681048682851","0.748797859307421","23.2469469",
"6/3/1979","-63.4375","-7.02514982223511","82","32.861","17.007","0.0171661392","1.00463172485749","0.736234077692941","17.12126106",
"6/4/1979","-63.4375","-7.02514982223511","82","31.339","20.209","0.144195696","1.17902151477467","0.747624253260175","16.28347356",
"6/5/1979","-63.4375","-7.02514982223511","82","31.379","22.098","0.024032592","1.23029710206941","0.738780411009258","16.489295748",
"6/6/1979","-63.4375","-7.02514982223511","82","32.314","19.28","0","1.53771450837297","0.684462061266517","22.86325836",
"6/7/1979","-63.4375","-7.02514982223511","82","32.437","20.217","0.0171661392","1.42785158531684","0.6495185675131","17.4116232",
"6/8/1979","-63.4375","-7.02514982223511","82","31.936","21.001","0","1.66380162836883","0.683542772773329","22.58814312",
"6/9/1979","-63.4375","-7.02514982223511","82","30.985","19.987","0","1.77430785124119","0.716166251648639","22.95061884",
"6/10/1979","-63.4375","-7.02514982223511","82","31.236","18.356","0","1.45169230199833","0.727411901336087","23.02881192",
"6/11/1979","-63.4375","-7.02514982223511","82","33.472","18.75","0","1.07268733754909","0.672535921125027","22.68905958",
"6/12/1979","-63.4375","-7.02514982223511","82","35.184","19.285","2.32429644","0.854729917493351","0.740664782999165","15.4090143",
"6/13/1979","-63.4375","-7.02514982223511","82","34.312","20.698","0.17166132","0.920091363496626","0.746696289562075","16.33123008",
"6/14/1979","-63.4375","-7.02514982223511","82","33.048","21.484","2.1337524","1.54332991354745","0.727188831919289","15.20988606",
"6/15/1979","-63.4375","-7.02514982223511","82","26.294","19.916","0.0961303608","1.96109213456433","0.762066162195766","12.9506076",
"6/16/1979","-63.4375","-7.02514982223511","82","30.042","16.595","0","1.70613571363505","0.708905060279071","22.9416228",
"6/17/1979","-63.4375","-7.02514982223511","82","31.545","18.33","0","1.51867660192578","0.646256729128674","22.88532042",
"6/18/1979","-63.4375","-7.02514982223511","82","32.695","20.187","0","1.49839814856671","0.552247749020408","19.79139168",
"6/19/1979","-63.4375","-7.02514982223511","82","31.925","17.404","0","1.5142031458088","0.596524879447997","23.1155451",
"6/20/1979","-63.4375","-7.02514982223511","82","32.661","18.443","0","1.33453412006618","0.611479295545344","22.7001375",
"6/21/1979","-63.4375","-7.02514982223511","82","33.023","19.454","0","1.21647974858353","0.653913164848009","16.11377406",
"6/22/1979","-63.4375","-7.02514982223511","82","33.413","20.066","0","1.34052317827759","0.619981223934338","22.8376134",
"6/23/1979","-63.4375","-7.02514982223511","82","34.021","17.888","0","1.23154789059265","0.588255204640199","22.8177522",
"6/24/1979","-63.4375","-7.02514982223511","82","34.376","19.111","0","1.25140916741532","0.568318840473649","20.98788912",
"6/25/1979","-63.4375","-7.02514982223511","82","32.962","20.603","0","1.69774156528664","0.576741873252065","23.1832674",
"6/26/1979","-63.4375","-7.02514982223511","82","32.332","19.073","0","1.63215321794845","0.567981506906111","23.28316956",
"6/27/1979","-63.4375","-7.02514982223511","82","32.46","18.161","0","1.39748026619409","0.580291717345769","23.2156116",
"6/28/1979","-63.4375","-7.02514982223511","82","33.229","17.472","0","1.30026439514893","0.56955571442119","23.34250386",
"6/29/1979","-63.4375","-7.02514982223511","82","33.691","17.451","0","1.21817967876942","0.573567429799811","23.15621304",
"6/30/1979","-63.4375","-7.02514982223511","82","34.721","18.214","0","0.75714018093174","0.595121864663519","12.62919222",
"7/1/1979","-63.4375","-7.02514982223511","82","34.862","20.324","0","1.05098941800198","0.667154531932597","15.38319726",
"7/2/1979","-63.4375","-7.02514982223511","82","29.821","21.737","0.9192465792","1.15799609780983","0.781107553518111","12.48772716",
"7/3/1979","-63.4375","-7.02514982223511","82","32.653","19.438","0","1.40646712965968","0.612717347584682","15.186265848",
"7/4/1979","-63.4375","-7.02514982223511","82","35.342","18.96","0","0.663971390174954","0.614270544027973","12.529294812",
"7/5/1979","-63.4375","-7.02514982223511","82","34.132","19.121","0","0.867668411984324","0.653277344516297","9.160764048",
"7/6/1979","-63.4375","-7.02514982223511","82","32.235","19.991","0","1.12457208925852","0.609312177872397","9.526954032",
"7/7/1979","-63.4375","-7.02514982223511","82","33.846","19.875","0","1.18098689638265","0.557217053846564","17.021591568",
"7/8/1979","-63.4375","-7.02514982223511","82","33.227","14.375","0","1.41955523149949","0.527229230638529","23.3371071",
"7/9/1979","-63.4375","-7.02514982223511","82","32.78","18.351","0","1.67689287608073","0.514061274822663","23.614644312",
"7/10/1979","-63.4375","-7.02514982223511","82","32.024","19.495","0","1.82764927396814","0.520897936893932","23.64244128",
"7/11/1979","-63.4375","-7.02514982223511","82","32.133","17.899","0","1.45945852791417","0.484897634251295","21.8849058",
"7/12/1979","-63.4375","-7.02514982223511","82","33.576","17.399","0","1.04886543588696","0.551662548280318","21.15275886",
"7/13/1979","-63.4375","-7.02514982223511","82","33.914","22.459","0","1.34830930476347","0.475332487377452","18.8062308",
"7/14/1979","-63.4375","-7.02514982223511","82","34.492","18.875","0","1.25344350596907","0.515198345022181","22.94617356",
"7/15/1979","-63.4375","-7.02514982223511","82","34","21.805","0","1.21970580855848","0.564215122493927","13.29395688",
"7/16/1979","-63.4375","-7.02514982223511","82","32.925","22.107","0","1.08325601756733","0.561014338221486","12.624916032",
"7/17/1979","-63.4375","-7.02514982223511","82","34.114","22.305","0","1.27926737178017","0.542896866553909","14.6420442",
"7/18/1979","-63.4375","-7.02514982223511","82","31.532","20.164","0","1.41569096001496","0.610750361346975","18.60057936",
"7/19/1979","-63.4375","-7.02514982223511","82","33.174","22.732","0.218010348","0.812354225263782","0.677017268640835","8.046226512",
"7/20/1979","-63.4375","-7.02514982223511","82","31.018","19.999","0.350189208","1.58628265268636","0.778810719656025","17.15405544",
"7/21/1979","-63.4375","-7.02514982223511","82","32.432","19.608","0","1.22519410795239","0.718878533942629","20.653878672",
"7/22/1979","-63.4375","-7.02514982223511","82","36.046","17.675","0","0.96987216290902","0.666615040027198","14.89730526",
"7/23/1979","-63.4375","-7.02514982223511","82","33.199","22.087","0","1.35360409855531","0.615057060804042","16.12170594",
"7/24/1979","-63.4375","-7.02514982223511","82","31.832","18.041","0","0.818860230939691","0.756387053341776","12.5245062",
"7/25/1979","-63.4375","-7.02514982223511","82","36.125","18.397","0","1.13873092281084","0.554233026869579","20.234811168",
"7/26/1979","-63.4375","-7.02514982223511","82","36.479","22.041","0.0034332264","1.01566488574663","0.549546747998871","22.3156683",
"7/27/1979","-63.4375","-7.02514982223511","82","35.489","23.92","0","1.0049467727721","0.508037808647051","13.3507152",
"7/28/1979","-63.4375","-7.02514982223511","82","33.486","19.161","0","1.1209093624268","0.531032539873092","14.14265436",
"7/29/1979","-63.4375","-7.02514982223511","82","37.115","15.821","0","1.41676787325262","0.393660553907401","25.1514495",
"7/30/1979","-63.4375","-7.02514982223511","82","36.038","18.537","0","1.49260480899645","0.353209968072319","25.16793336",
"7/31/1979","-63.4375","-7.02514982223511","82","35.926","19.336","0","1.49074422758326","0.428625753696731","24.6553839",
"8/1/1979","-63.4375","-7.02514982223511","82","37.802","18.992","0","1.31343892962867","0.413760900169003","24.476118768",
"8/2/1979","-63.4375","-7.02514982223511","82","37.215","21.243","0","1.25960404442717","0.45451133462899","12.46083048",
"8/3/1979","-63.4375","-7.02514982223511","82","37.709","20.335","0","0.958882643267024","0.495265421025241","16.49531106",
"8/4/1979","-63.4375","-7.02514982223511","82","37.228","18.045","0","0.882951621808243","0.565801803279339","16.13750256",
"8/5/1979","-63.4375","-7.02514982223511","82","38.072","20.811","0","1.00421784610034","0.460257250392196","18.24564564",
"8/6/1979","-63.4375","-7.02514982223511","82","37.409","25.224","0.0137329128","1.25761344673018","0.453724096567611","14.119816788",
"8/7/1979","-63.4375","-7.02514982223511","82","36.731","22.294","0","0.939083021796202","0.556389913356983","17.79075504",
"8/8/1979","-63.4375","-7.02514982223511","82","35.454","24.501","0","0.955968375410787","0.490148643246574","14.5827567",
"8/9/1979","-63.4375","-7.02514982223511","82","37.583","18.53","0","1.52370084795874","0.431774013082721","22.99280886",
"8/10/1979","-63.4375","-7.02514982223511","82","37.216","16.178","0","1.29143711477643","0.408021447337853","24.742580832",
"8/11/1979","-63.4375","-7.02514982223511","82","40.374","21.604","0","1.20320385043739","0.394590199301687","22.1456214",
"8/12/1979","-63.4375","-7.02514982223511","82","38.089","24.25","0","1.2073007759143","0.455235924273748","12.75069717",
"8/13/1979","-63.4375","-7.02514982223511","82","40.688","22.959","0","1.21769124957859","0.484129097713729","16.630315272",
"8/14/1979","-63.4375","-7.02514982223511","82","38.09","22.522","0","1.33426985106322","0.514910218026024","17.75778534",
"8/15/1979","-63.4375","-7.02514982223511","82","36.672","21.817","0","1.29358396419576","0.56508193760575","16.917188472",
"8/16/1979","-63.4375","-7.02514982223511","82","38.922","19.008","0","1.31393651229944","0.526480320286625","18.90663606",
"8/17/1979","-63.4375","-7.02514982223511","82","39.84","22.845","0.29869074","1.11100991896038","0.566398091951244","15.649981848",
"8/18/1979","-63.4375","-7.02514982223511","82","31.134","22.456","1.75781286","1.17651715647996","0.800783348652835","11.660404482",
"8/19/1979","-63.4375","-7.02514982223511","82","30.001","19.227","0.02746584","0.896904332378466","0.765361795026275","5.03853516",
"8/20/1979","-63.4375","-7.02514982223511","82","34.914","19.729","0","0.92924323909783","0.65357754380921","21.2707161",
"8/21/1979","-63.4375","-7.02514982223511","82","39.283","22.071","0","0.863348380876728","0.574572194015807","16.203206952",
"8/22/1979","-63.4375","-7.02514982223511","82","30.919","21.71","0","1.28976084624187","0.649368328282817","9.07503705",
"8/23/1979","-63.4375","-7.02514982223511","82","37.985","18.898","0.35190576","1.22003167981875","0.574790355247937","18.73642302",
"8/24/1979","-63.4375","-7.02514982223511","82","32.054","21.621","2.16465048","1.33943026967898","0.751741757856465","21.894639768",
"8/25/1979","-63.4375","-7.02514982223511","82","36.888","23.003","0.88748892","1.09736091119532","0.649410329677078","13.804313688",
"8/26/1979","-63.4375","-7.02514982223511","82","29.237","23.37","0.724411116","1.46762998484152","0.7618009903724","5.22686079",
"8/27/1979","-63.4375","-7.02514982223511","82","34.701","19.909","0.0137329128","1.123594846773","0.641245870888826","12.55561596",
"8/28/1979","-63.4375","-7.02514982223511","82","39.679","24.16","0","1.21914987292366","0.524192692307228","22.2975612",
"8/29/1979","-63.4375","-7.02514982223511","82","35.817","22.329","0.16479504","1.18089781539836","0.616193829679436","15.93152442",
"8/30/1979","-63.4375","-7.02514982223511","82","32.807","22.78","38.97053964","1.34491312682764","0.782989074619176","13.490435898",
"8/31/1979","-63.4375","-7.02514982223511","82","31.715","21.165","1.82647692","1.27236821642978","0.768857554638114","17.4912084",
"9/1/1979","-63.4375","-7.02514982223511","82","36.386","21.18","0","1.10880832755076","0.652401911080166","16.063986888",
"9/2/1979","-63.4375","-7.02514982223511","82","36.28","20.09","0","1.41533802797585","0.609428279044839","19.76282226",
"9/3/1979","-63.4375","-7.02514982223511","82","35.909","19.738","0","1.30889703692195","0.582246089403733","15.488770752",
"9/4/1979","-63.4375","-7.02514982223511","82","34.919","22.902","0.5990983272","1.61193495826573","0.614567990004656","17.266947768",
"9/5/1979","-63.4375","-7.02514982223511","82","32.069","22.191","5.2288045344","1.64162139001312","0.841069843668875","17.149952592",
"9/6/1979","-63.4375","-7.02514982223511","82","30.323","21.572","9.199326168","1.01883573250038","0.875070247473785","26.36932464",
"9/7/1979","-63.4375","-7.02514982223511","82","32.49","22.749","0.2025606456","1.86191568822198","0.689627891177793","19.347865632",
"9/8/1979","-63.4375","-7.02514982223511","82","31.315","21.202","6.36005412","1.34380284324823","0.758105283205837","26.012473632",
"9/9/1979","-63.4375","-7.02514982223511","82","35.219","21.968","6.61067856","1.09268488598074","0.805703120509794","19.12185072",
"9/10/1979","-63.4375","-7.02514982223511","82","31.64","22.453","5.306050188","0.817383151487111","0.831308898741725","23.71819968",
"9/11/1979","-63.4375","-7.02514982223511","82","34.462","21.807","0.08068086","1.22501055777677","0.664923655248483","21.64753422",
"9/12/1979","-63.4375","-7.02514982223511","82","30.379","20.35","0.0205993512","1.12367565427652","0.683130208568696","9.228993192",
"9/13/1979","-63.4375","-7.02514982223511","82","34.159","21.383","0.05321502","1.33714102260831","0.618107813736672","18.91254312",
"9/14/1979","-63.4375","-7.02514982223511","82","37.739","19.319","0","1.19356882620602","0.50218076992814","24.701011632",
"9/15/1979","-63.4375","-7.02514982223511","82","36.755","24.698","0","1.3013209858223","0.485531768150502","16.86695454",
"9/16/1979","-63.4375","-7.02514982223511","82","38.677","23.298","0","1.55523069276869","0.459330595821342","21.131495208",
"9/17/1979","-63.4375","-7.02514982223511","82","37.928","21.145","0","1.45928929270271","0.395419997192701","19.07977824",
"9/18/1979","-63.4375","-7.02514982223511","82","37.256","22.679","0.164795076","1.12611126554011","0.480357786219074","16.93884636",
"9/19/1979","-63.4375","-7.02514982223511","82","35.553","24.353","0","1.8548535010283","0.503354885267896","20.46897648",
"9/20/1979","-63.4375","-7.02514982223511","82","35.82","22.572","0","1.12083006687757","0.498186031658242","15.874255152",
"9/21/1979","-63.4375","-7.02514982223511","82","35.324","22.01","1.084900176","1.13596995592634","0.617561524064481","15.64610382",
"9/22/1979","-63.4375","-7.02514982223511","82","35.262","23.552","2.859880428","1.38504099269596","0.662435362058785","20.34500796",
"9/23/1979","-63.4375","-7.02514982223511","82","36.167","20.864","0.32958972","1.13625599087777","0.634131102604358","17.715427848",
"9/24/1979","-63.4375","-7.02514982223511","82","38.339","21.161","1.007652348","1.15368274165607","0.690142169445746","8.841093768",
"9/25/1979","-63.4375","-7.02514982223511","82","35.464","22.092","0.32444028","1.078664267882","0.659462124315002","15.23458116",
"9/26/1979","-63.4375","-7.02514982223511","82","37.664","23.199","0.142478964","1.60101477292558","0.465698078043754","24.3275634",
"9/27/1979","-63.4375","-7.02514982223511","82","37.409","18.112","0","1.34675340835416","0.42465768706135","20.86177392",
"9/28/1979","-63.4375","-7.02514982223511","82","40.807","18.802","0","1.47244741844749","0.352232528097964","26.28764568",
"9/29/1979","-63.4375","-7.02514982223511","82","41.084","21.714","0","1.47531938449486","0.323637178550213","24.84213876",
"9/30/1979","-63.4375","-7.02514982223511","82","39.699","24.368","0","1.49756055658542","0.356852421033875","11.68093332",
"10/1/1979","-63.4375","-7.02514982223511","82","38.189","24.177","0","1.23481657952539","0.396033016129945","16.75856592",
"10/2/1979","-63.4375","-7.02514982223511","82","39.184","23.927","1.38016008","1.38180784461364","0.463582534939337","8.190280692",
"10/3/1979","-63.4375","-7.02514982223511","82","38.967","21.288","1.349262","1.32193800549823","0.52606838494834","17.31796416",
"10/4/1979","-63.4375","-7.02514982223511","82","40.097","23.459","0.0068664528","1.08434113595557","0.459998972648953","21.07580472",
"10/5/1979","-63.4375","-7.02514982223511","82","41.512","22.99","0.0102996792","1.03384609051725","0.478422362754136","14.27843916",
"10/6/1979","-63.4375","-7.02514982223511","82","38.824","24.9","0","1.56693165555794","0.423379019163334","23.70808602",
"10/7/1979","-63.4375","-7.02514982223511","82","39.533","23.123","1.95694092","1.28132269859664","0.502448000617711","18.84493584",
"10/8/1979","-63.4375","-7.02514982223511","82","37.112","23.444","0","1.31901804855519","0.472903412989062","23.05007028",
"10/9/1979","-63.4375","-7.02514982223511","82","32.019","23.695","0.861740136","0.664518594521462","0.747479350901313","6.4408536",
"10/10/1979","-63.4375","-7.02514982223511","82","37.741","20.474","0.02059938","1.20689615554712","0.569079644949293","18.58050486",
"10/11/1979","-63.4375","-7.02514982223511","82","37.715","23.412","0","1.1586911611351","0.556668493642327","17.20467396",
"10/12/1979","-63.4375","-7.02514982223511","82","36.788","24.015","0","1.08526972215217","0.560347365472039","17.40578004",
"10/13/1979","-63.4375","-7.02514982223511","82","35.216","21.236","0.1373291064","1.12014150062769","0.623318270528871","16.57569276",
"10/14/1979","-63.4375","-7.02514982223511","82","39.276","20.9","0.051498432","0.74264287401475","0.591639836562943","16.29230796",
"10/15/1979","-63.4375","-7.02514982223511","82","38.956","26.677","0","1.21165458530514","0.473381486980983","17.93300688",
"10/16/1979","-63.4375","-7.02514982223511","82","31.512","23.167","4.5558908928","1.44077236281132","0.776265655904517","22.170210372",
"10/17/1979","-63.4375","-7.02514982223511","82","38.641","22.434","0","1.24068329047686","0.579289904122837","18.25205328",
"10/18/1979","-63.4375","-7.02514982223511","82","38.488","21.685","0.8033753304","0.993263331219167","0.650618753424604","14.28283368",
"10/19/1979","-63.4375","-7.02514982223511","82","37.017","21.923","0.106430112","1.24515628547482","0.62724633624744","15.86340396",
"10/20/1979","-63.4375","-7.02514982223511","82","32.748","22.792","4.7000880792","1.34128487026228","0.812155191928217","27.05939694",
"10/21/1979","-63.4375","-7.02514982223511","82","32.718","23.285","4.013443188","1.46049994636893","0.750184794394172","26.442396432",
"10/22/1979","-63.4375","-7.02514982223511","82","29.108","23.327","21.33751248","0.950842083937352","0.861796670279117","27.5329656",
"10/23/1979","-63.4375","-7.02514982223511","82","27.066","22.108","5.24597274","1.05433808096774","0.91815905596526","9.0657009",
"10/24/1979","-63.4375","-7.02514982223511","82","36.762","22.319","0.1098632808","1.17790260608247","0.66584350806176","18.670106232",
"10/25/1979","-63.4375","-7.02514982223511","82","34.344","22.857","8.51783832","1.26789330361365","0.808427635392205","17.347779",
"10/26/1979","-63.4375","-7.02514982223511","82","35.084","23.161","4.281235524","1.40635461772707","0.786129567531965","18.0357786",
"10/27/1979","-63.4375","-7.02514982223511","82","36.996","20.47","0.94757256","1.16149847731338","0.67265719185254","18.4214826",
"10/28/1979","-63.4375","-7.02514982223511","82","36.834","21.832","0.3364563384","1.18471110660641","0.624249362245276","21.85407648",
"10/29/1979","-63.4375","-7.02514982223511","82","36.079","22.582","28.6056718488","1.18087646232981","0.74343244268898","17.385804",
"10/30/1979","-63.4375","-7.02514982223511","82","35.047","23.446","18.220172004","1.27161038037396","0.833055205048158","15.5017701",
"10/31/1979","-63.4375","-7.02514982223511","82","35.253","21.204","1.7166132","1.28885039963243","0.744403287776067","23.23305108",
"11/1/1979","-63.4375","-7.02514982223511","82","28.911","21.68","1.944923472","1.4035196890168","0.843838051269828","11.52298458",
"11/2/1979","-63.4375","-7.02514982223511","82","34.519","20.657","6.456183696","1.24239196655371","0.845947555389076","21.36059172",
"11/3/1979","-63.4375","-7.02514982223511","82","36.632","22.777","0.2437591824","0.992435347213935","0.728016693054648","15.44872086",
"11/4/1979","-63.4375","-7.02514982223511","82","37.751","21.65","11.64894228","0.748632089112837","0.750353528550442","16.69033854",
"11/5/1979","-63.4375","-7.02514982223511","82","25.329","20.659","33.679964088","0.82850674327944","0.967010461221322","4.624029378",
"11/6/1979","-63.4375","-7.02514982223511","82","36.206","18.896","0","1.26139059467359","0.660221411989691","20.98266534",
"11/7/1979","-63.4375","-7.02514982223511","82","36.465","23.308","0.1862523792","1.3008713324712","0.654540758414717","11.11493898",
"11/8/1979","-63.4375","-7.02514982223511","82","36.598","21.723","0","1.08580392913344","0.597030242446961","20.09908458",
"11/9/1979","-63.4375","-7.02514982223511","82","39.118","23.866","3.0555684","1.52475172106474","0.604348176216302","24.57804402",
"11/10/1979","-63.4375","-7.02514982223511","82","33.484","22.708","8.684351172","1.77047318027456","0.846893524252903","20.0694339",
"11/11/1979","-63.4375","-7.02514982223511","82","35.877","23.373","3.201484608","1.3621628511629","0.715813512154612","20.27295126",
"11/12/1979","-63.4375","-7.02514982223511","82","28.142","23.177","18.30081132","1.68997559569564","0.898425441443904","27.38344734",
"11/13/1979","-63.4375","-7.02514982223511","82","34.658","22.001","0","1.36583528988865","0.706799571151728","18.486449172",
"11/14/1979","-63.4375","-7.02514982223511","82","37.489","21.302","1.335526632","1.01666574028112","0.640167832508853","19.32576084",
"11/15/1979","-63.4375","-7.02514982223511","82","35.317","22.714","16.1945358264","1.22101019473254","0.726408457913444","15.4538388",
"11/16/1979","-63.4375","-7.02514982223511","82","34.132","21.606","3.1534195968","1.34044638662034","0.823598168014532","16.3628946",
"11/17/1979","-63.4375","-7.02514982223511","82","34.81","23.243","7.9547898168","1.43275906225614","0.783699078569542","21.213561492",
"11/18/1979","-63.4375","-7.02514982223511","82","31.811","23.259","40.519819404","0.704957704951234","0.866252752521108","11.781844488",
"11/19/1979","-63.4375","-7.02514982223511","82","26.259","22.505","2.0788193664","0.922069501438262","0.919000426902714","3.83344308",
"11/20/1979","-63.4375","-7.02514982223511","82","32.021","21.915","2.277945612","1.0530397374587","0.836159785238233","20.01087378",
"11/21/1979","-63.4375","-7.02514982223511","82","36.609","21.444","6.8578703928","0.910588044284018","0.816248525136722","16.753837932",
"11/22/1979","-63.4375","-7.02514982223511","82","29.5","22.842","9.9941256","0.917173181357812","0.902903639727785","8.728425",
"11/23/1979","-63.4375","-7.02514982223511","82","33.407","22.318","7.0484202","1.03707633732275","0.867209549961333","15.95323494",
"11/24/1979","-63.4375","-7.02514982223511","82","36.233","22.263","0.7244091864","1.24768778691527","0.669589798691248","22.18781538",
"11/25/1979","-63.4375","-7.02514982223511","82","40.184","23.365","7.50675492","0.926041434143872","0.665464032757621","20.9701728",
"11/26/1979","-63.4375","-7.02514982223511","82","28.812","22.726","16.28037468","1.53507053965081","0.858615437065184","13.780912212",
"11/27/1979","-63.4375","-7.02514982223511","82","36.237","21.889","0.024032592","1.00868073597766","0.631286838465749","19.346742",
"11/28/1979","-63.4375","-7.02514982223511","82","37.358","23.654","2.98175544","1.15630469109084","0.672051567219253","23.8179906",
"11/29/1979","-63.4375","-7.02514982223511","82","38.335","22.426","2.767182264","1.05136372064724","0.668531981688896","26.58003408",
"11/30/1979","-63.4375","-7.02514982223511","82","35.445","22.264","0","1.39029949482895","0.594304415562884","20.04075108",
"12/1/1979","-63.4375","-7.02514982223511","82","33.656","22.468","2.569770432","1.77098859529862","0.674712385098474","26.3991393",
"12/2/1979","-63.4375","-7.02514982223511","82","30.267","21.679","4.634859132","1.0690227336785","0.831775862380726","10.89511668",
"12/3/1979","-63.4375","-7.02514982223511","82","38.239","16.721","0.0652311864","0.884402142519193","0.602341647466008","19.16600184",
"12/4/1979","-63.4375","-7.02514982223511","82","35.907","22.471","1.55353536","1.09734793047462","0.65367161734271","14.20363278",
"12/5/1979","-63.4375","-7.02514982223511","82","37.988","24.116","0.2180099592","1.12391289364261","0.64273281333295","11.74860126",
"12/6/1979","-63.4375","-7.02514982223511","82","36.075","22.005","3.2117832792","1.08057255992371","0.669475993292694","16.86470688",
"12/7/1979","-63.4375","-7.02514982223511","82","36.293","20.927","2.2178664","1.16403449986303","0.651972343524775","20.07529488",
"12/8/1979","-63.4375","-7.02514982223511","82","38.394","20.036","3.6701192664","1.33248291332574","0.591556647173305","24.73610148",
"12/9/1979","-63.4375","-7.02514982223511","82","33.863","23.264","6.2690654592","1.69700480083596","0.777563843017257","17.68691178",
"12/10/1979","-63.4375","-7.02514982223511","82","32.105","22.482","10.395815616","1.04230248650914","0.875678140031591","19.8039942",
"12/11/1979","-63.4375","-7.02514982223511","82","37.433","22.79","0.2935407456","1.24894060838905","0.680654562830649","14.24823588",
"12/12/1979","-63.4375","-7.02514982223511","82","35.783","23.476","0.6591802464","1.02792553804071","0.629298722233671","19.11155598",
"12/13/1979","-63.4375","-7.02514982223511","82","31.829","21.699","6.6664658592","1.11555926815806","0.867422777420728","20.06482896",
"12/14/1979","-63.4375","-7.02514982223511","82","31.365","22.437","4.952427156","0.858380145334206","0.881841534318863","20.038275",
"12/15/1979","-63.4375","-7.02514982223511","82","28.962","21.89","2.02732218","1.34212408270848","0.839324545211315","10.43021286",
"12/16/1979","-63.4375","-7.02514982223511","82","31.073","21.912","12.953565792","0.925271638158527","0.883950772508211","26.079363",
"12/17/1979","-63.4375","-7.02514982223511","82","24.239","22.679","34.64984916","1.1837994299771","0.970064631121823","2.05633098",
"12/18/1979","-63.4375","-7.02514982223511","82","27.845","20.155","10.48336236","1.21492553039938","0.889395741651307","13.3244982",
"12/19/1979","-63.4375","-7.02514982223511","82","32.523","19.783","5.424499836","0.826959747314373","0.862584284123832","19.14412032",
"12/20/1979","-63.4375","-7.02514982223511","82","33.486","22.474","11.000919528","1.17606865260882","0.808834403380261","22.5097326",
"12/21/1979","-63.4375","-7.02514982223511","82","23.563","20.902","23.6583722664","1.27463661262455","0.966168102616526","5.69891034",
"12/22/1979","-63.4375","-7.02514982223511","82","29.935","20.199","7.1617077864","0.75870224460489","0.889178442875098","23.11846704",
"12/23/1979","-63.4375","-7.02514982223511","82","30.782","19.767","1.6462329624","0.739102911333614","0.883139604319805","11.23694856",
"12/24/1979","-63.4375","-7.02514982223511","82","31.334","19.846","10.41813","0.975674604052146","0.887866399620453","26.7937866",
"12/25/1979","-63.4375","-7.02514982223511","82","33.879","21.89","0.101280204","0.977053514021937","0.732817588497071","22.74277662",
"12/26/1979","-63.4375","-7.02514982223511","82","31.482","21.339","9.1529856","1.42172412765378","0.846006339569186","28.01407608",
"12/27/1979","-63.4375","-7.02514982223511","82","28.685","23.562","23.3305073784","0.757639187416515","0.935281741081233","21.25670508",
"12/28/1979","-63.4375","-7.02514982223511","82","31.118","23.614","10.5606059544","0.538078158177657","0.915504619171017","22.8689991",
"12/29/1979","-63.4375","-7.02514982223511","82","32.428","21.918","12.29524992","0.892629987105864","0.865366665028643","27.63736848",
"12/30/1979","-63.4375","-7.02514982223511","82","27.534","21.534","12.1038412464","0.95792604457883","0.924734212210206","8.37270054",
"12/31/1979","-63.4375","-7.02514982223511","82","31.692","21.312","4.780772568","0.491624091848648","0.855892134135202","17.965913688",
"1/1/1980","-63.4375","-7.02514982223511","82","24.916","20.325","1.8299105568","1.67638550755013","0.900428224775465","8.7888393",
"1/2/1980","-63.4375","-7.02514982223511","82","28.441","19.297","0.597381624","1.26332109734169","0.842263636558407","14.49956844",
"1/3/1980","-63.4375","-7.02514982223511","82","29.649","20.512","5.3249377248","0.723816495458472","0.904816244243653","16.14617082",
"1/4/1980","-63.4375","-7.02514982223511","82","24.597","20.591","3.6941492088","0.626347444375322","0.964468431308444","5.22107694",
"1/5/1980","-63.4375","-7.02514982223511","82","23.436","17.883","31.43806056","0.395669355023498","0.975820919136237","3.4633674",
"1/6/1980","-63.4375","-7.02514982223511","82","24.451","20.685","7.05184866","0.904266656420781","0.96075968052437","7.64752194",
"1/7/1980","-63.4375","-7.02514982223511","82","31.831","19.927","9.1392581376","0.76889799900916","0.856381276446389","22.2132375",
"1/8/1980","-63.4375","-7.02514982223511","82","32.831","22.89","5.2665704928","0.657900764121118","0.845179023850538","22.047974568",
"1/9/1980","-63.4375","-7.02514982223511","82","25.145","21.333","40.4228257128","0.831556104398031","0.961866020435459","5.471493012",
"1/10/1980","-63.4375","-7.02514982223511","82","30.722","19.317","7.099916976","0.996720686981711","0.905578598627216","18.468783432",
"1/11/1980","-63.4375","-7.02514982223511","82","31.032","22.417","7.78656096","0.796060550399378","0.90623969875535","16.554997872",
"1/12/1980","-63.4375","-7.02514982223511","82","26.333","21.353","3.8949958584","0.490076094107934","0.961145407660686","5.1864201",
"1/13/1980","-63.4375","-7.02514982223511","82","32.506","21.806","5.45540184","0.876170357569793","0.851814301134066","20.076750288",
"1/14/1980","-63.4375","-7.02514982223511","82","33.592","22.511","8.0097174","0.788052899924643","0.905470610709773","16.82651286",
"1/15/1980","-63.4375","-7.02514982223511","82","32.042","23.364","9.307476468","0.865558531695171","0.898137821579883","19.7758143",
"1/16/1980","-63.4375","-7.02514982223511","82","27.121","22.725","5.7695436","1.13187639984358","0.894579598648508","7.99942122",
"1/17/1980","-63.4375","-7.02514982223511","82","34.678","22.043","11.230098732","0.784402561178748","0.817373652944752","14.7173643",
"1/18/1980","-63.4375","-7.02514982223511","82","25.843","22.728","25.6222026","0.698164996966708","0.966717033698642","6.03315162",
"1/19/1980","-63.4375","-7.02514982223511","82","35.593","22.057","4.4700619896","0.970352441517455","0.785436097679505","18.55209006",
"1/20/1980","-63.4375","-7.02514982223511","82","28.674","22.988","73.7285508","1.11560254646507","0.905866658561223","11.24414937",
"1/21/1980","-63.4375","-7.02514982223511","82","31.899","21.062","8.2036944","1.15347060866195","0.827019620694173","28.353770208",
"1/22/1980","-63.4375","-7.02514982223511","82","32.509","22.333","15.329360844","1.1641928699415","0.877744297565175","23.62938336",
"1/23/1980","-63.4375","-7.02514982223511","82","32.014","21.536","21.0250836","1.07007639675846","0.893418735785511","18.60530256",
"1/24/1980","-63.4375","-7.02514982223511","82","28.216","20.99","11.875533012","0.813556812698735","0.9459576797722","22.75352514",
"1/25/1980","-63.4375","-7.02514982223511","82","27.873","23.448","30.658726692","0.708926365781953","0.960234939719523","18.477159768",
"1/26/1980","-63.4375","-7.02514982223511","82","27.106","22.617","12.242886264","0.990912379995256","0.95584156130175","14.8626567",
"1/27/1980","-63.4375","-7.02514982223511","82","32.011","22.151","2.6195521464","0.872819066200175","0.852101708945847","19.219217868",
"1/28/1980","-63.4375","-7.02514982223511","82","32.58","22.727","1.801585908","0.935994194104489","0.882511833300011","17.59083246",
"1/29/1980","-63.4375","-7.02514982223511","82","30.897","22.506","9.97009452","0.933477755440885","0.868490051711829","25.2842067",
"1/30/1980","-63.4375","-7.02514982223511","82","26.966","22.877","7.836340284","1.08652886077952","0.938573050823621","8.309419668",
"1/31/1980","-63.4375","-7.02514982223511","82","25.597","22.365","17.972945856","0.865004316701975","0.956762064805235","6.59041884",
"2/1/1980","-63.4375","-7.02514982223511","82","28.497","20.632","24.183679356","1.28617465777592","0.885289454165377","16.419877218",
"2/2/1980","-63.4375","-7.02514982223511","82","30.3","21.251","12.055777056","0.854650635203295","0.909233592251942","24.51279672",
"2/3/1980","-63.4375","-7.02514982223511","82","32.077","23.328","7.7419307808","0.864721323700474","0.868750876942505","20.6333451",
"2/4/1980","-63.4375","-7.02514982223511","82","27.522","22.904","12.0883910544","0.954125804474352","0.931830533126706","15.41947698",
"2/5/1980","-63.4375","-7.02514982223511","82","29.805","22.86","8.3290167","0.592355679477994","0.932191016630339","16.417964088",
"2/6/1980","-63.4375","-7.02514982223511","82","33.133","23.468","3.604887","1.13310980752778","0.837767385790421","20.105663832",
"2/7/1980","-63.4375","-7.02514982223511","82","32.273","21.984","10.4739176664","1.14620029301703","0.9075767420596","23.07926052",
"2/8/1980","-63.4375","-7.02514982223511","82","28.836","22.791","32.6740139064","0.839993260414785","0.896007708633201","10.498726638",
"2/9/1980","-63.4375","-7.02514982223511","82","30.777","21.314","0.5750657064","1.0278410915059","0.774584898684953","15.41328354",
"2/10/1980","-63.4375","-7.02514982223511","82","35.862","19.493","0.030899052","0.861647274380985","0.68723073499705","24.316708248",
"2/11/1980","-63.4375","-7.02514982223511","82","30.41","22.196","1.33724196","1.60870756641127","0.826469336027702","14.75196228",
"2/12/1980","-63.4375","-7.02514982223511","82","30.66","20.904","12.5827733088","1.03653950102527","0.853570583458339","17.06029488",
"2/13/1980","-63.4375","-7.02514982223511","82","32.143","21.608","15.286444776","0.90082690145684","0.88894843911434","23.90051538",
"2/14/1980","-63.4375","-7.02514982223511","82","30.689","23.673","0.854873748","1.33197310159569","0.841513696186452","18.34268094",
"2/15/1980","-63.4375","-7.02514982223511","82","31.557","22.964","0.6437300832","1.04300969566059","0.832877807856468","17.21896704",
"2/16/1980","-63.4375","-7.02514982223511","82","27.522","23.222","4.9970653704","0.458229423758025","0.955828707989945","4.605579108",
"2/17/1980","-63.4375","-7.02514982223511","82","27.507","22.542","11.53049688","0.861012650558948","0.950184375964693","5.063286672",
"2/18/1980","-63.4375","-7.02514982223511","82","31.405","21.431","15.9885388008","1.08684979968239","0.889034265488068","23.60502846",
"2/19/1980","-63.4375","-7.02514982223511","82","32.206","21.299","6.160925376","0.719307325288552","0.898387748864636","19.673045568",
"2/20/1980","-63.4375","-7.02514982223511","82","34.164","21.738","1.45053864","1.26556201265702","0.815471012260811","23.61785976",
"2/21/1980","-63.4375","-7.02514982223511","82","29.47","21.827","0","1.04728674393456","0.82295234891792","10.670341968",
"2/22/1980","-63.4375","-7.02514982223511","82","31.773","22.392","0","1.4440824988482","0.740954878341297","20.668382352",
"2/23/1980","-63.4375","-7.02514982223511","82","30.652","22.254","1.8307671624","1.07210883682437","0.819632345808264","19.471789008",
"2/24/1980","-63.4375","-7.02514982223511","82","31.669","22.021","6.3428911632","0.991911731845864","0.875328395342431","17.887561182",
"2/25/1980","-63.4375","-7.02514982223511","82","33.908","21.655","5.2013432664","1.08918843169535","0.863579381929448","21.528453312",
"2/26/1980","-63.4375","-7.02514982223511","82","33.564","22.964","0.1836776952","1.3548830304485","0.78650212844278","22.491398232",
"2/27/1980","-63.4375","-7.02514982223511","82","32.537","21.902","1.738930212","1.27035489149572","0.783724796371967","28.174442328",
"2/28/1980","-63.4375","-7.02514982223511","82","28.721","23.085","0.0446319504","1.40844563521254","0.84755428811352","9.535270752",
"2/29/1980","-63.4375","-7.02514982223511","82","29.418","22.823","0.6437301768","1.66502952107867","0.839416771518365","16.53429078",
"3/1/1980","-63.4375","-7.02514982223511","82","31.728","21.637","0","1.10027403335906","0.791664617036437","14.823449118",
"3/2/1980","-63.4375","-7.02514982223511","82","31.946","22.766","0.2540591928","1.5218068485054","0.780745571124844","21.253839768",
"3/3/1980","-63.4375","-7.02514982223511","82","30.666","21.564","3.0555751752","1.00398543077286","0.846700315737549","23.92492338",
"3/4/1980","-63.4375","-7.02514982223511","82","30.588","22.398","2.035047564","1.35705817064195","0.833221482753502","18.1851705",
"3/5/1980","-63.4375","-7.02514982223511","82","30.758","21.313","4.67004888","1.0880649895667","0.845781054793629","27.950003208",
"3/6/1980","-63.4375","-7.02514982223511","82","33.323","21.902","7.225230492","1.05925359823465","0.861621685051498","16.28578332",
"3/7/1980","-63.4375","-7.02514982223511","82","29.901","22.65","3.8074482","1.38733348555686","0.852464313109895","9.20514573",
"3/8/1980","-63.4375","-7.02514982223511","82","34.736","22.62","10.8180997056","1.04592573096559","0.796459656739375","24.6524625",
"3/9/1980","-63.4375","-7.02514982223511","82","28.78","22.995","22.813781148","1.06907248577077","0.900746649458621","21.033733932",
"3/10/1980","-63.4375","-7.02514982223511","82","29.955","21.908","6.86645604","0.944935580732259","0.885252407876977","16.444633932",
"3/11/1980","-63.4375","-7.02514982223511","82","29.277","21.845","7.781409792","1.10397170736645","0.918985011890939","27.189167472",
"3/12/1980","-63.4375","-7.02514982223511","82","28.368","21.895","8.61396858","0.760893474792411","0.936996783716843","21.295741392",
"3/13/1980","-63.4375","-7.02514982223511","82","30.498","22.092","1.910592036","1.29272418079483","0.823224570550445","21.576654",
"3/14/1980","-63.4375","-7.02514982223511","82","30.141","19.823","13.27457844","0.639120196928513","0.896150161386674","11.48512212",
"3/15/1980","-63.4375","-7.02514982223511","82","35.572","19.815","6.38408412","0.989770260388381","0.836504122176626","20.892487392",
"3/16/1980","-63.4375","-7.02514982223511","82","25.47","20.895","64.28374056","0.614817319946462","0.964730131179339","5.15699847",
"3/17/1980","-63.4375","-7.02514982223511","82","32.062","20.614","3.6392170392","0.872836233575874","0.840003400564756","25.8849621",
"3/18/1980","-63.4375","-7.02514982223511","82","24.688","22.376","10.17609012","0.642634227789145","0.975535847612156","2.467012032",
"3/19/1980","-63.4375","-7.02514982223511","82","27.206","20.279","11.8549349784","0.735117693896243","0.957093863696109","15.072467832",
"3/20/1980","-63.4375","-7.02514982223511","82","24.841","21.635","10.5554532384","1.07660686229045","0.955974629424885","4.39644285",
"3/21/1980","-63.4375","-7.02514982223511","82","29.423","21.625","6.6930746112","1.08908904146143","0.902438705900202","25.19875575",
"3/22/1980","-63.4375","-7.02514982223511","82","32.863","21.464","8.04319002","1.05683940705596","0.834219809067191","26.90538786",
"3/23/1980","-63.4375","-7.02514982223511","82","29.392","20.951","12.1364604792","0.958048642796718","0.925447325382168","25.14082896",
"3/24/1980","-63.4375","-7.02514982223511","82","27.194","23.003","17.27085312","1.03649346046103","0.954380196621048","19.19283615",
"3/25/1980","-63.4375","-7.02514982223511","82","29.407","22.36","4.82024898","1.02704993160563","0.90610284736433","22.033801512",
"3/26/1980","-63.4375","-7.02514982223511","82","28.997","20.959","11.506460832","0.774175999130957","0.931254481923613","24.970888728",
"3/27/1980","-63.4375","-7.02514982223511","82","27.831","23.837","14.69421864","0.759621840501772","0.962273461292782","14.591537568",
"3/28/1980","-63.4375","-7.02514982223511","82","28.517","23.831","13.671114336","0.869357925949303","0.946737845125917","18.468616788",
"3/29/1980","-63.4375","-7.02514982223511","82","26.337","22.339","6.7480115688","0.772760103809828","0.960694392389598","3.955785912",
"3/30/1980","-63.4375","-7.02514982223511","82","30.489","22.105","6.110285004","0.783717083760768","0.914673281640443","14.92379676",
"3/31/1980","-63.4375","-7.02514982223511","82","29.092","22.906","4.5696257928","0.865927234935958","0.941174880114439","19.0864143",
"4/1/1980","-63.4375","-7.02514982223511","82","27.437","22.748","13.5818508744","0.756371831672403","0.961139744949395","16.14504762",
"4/2/1980","-63.4375","-7.02514982223511","82","25.228","22.595","24.554441196","0.901197277506276","0.976616126528822","4.635840708",
"4/3/1980","-63.4375","-7.02514982223511","82","27.637","21.746","24.34157946","0.694484287658317","0.939480590588037","10.18996992",
"4/4/1980","-63.4375","-7.02514982223511","82","27.008","22.428","8.94356172","0.679022514347318","0.952868828974136","8.93666133",
"4/5/1980","-63.4375","-7.02514982223511","82","26.538","21.735","8.11614492","0.845636926492329","0.959333569534244","10.8739134",
"4/6/1980","-63.4375","-7.02514982223511","82","27.936","22.597","23.28415056","0.739307873740749","0.953722967429199","15.10048458",
"4/7/1980","-63.4375","-7.02514982223511","82","28.194","22.651","5.1189426","0.855998856154895","0.919267011736851","12.407229",
"4/8/1980","-63.4375","-7.02514982223511","82","30.461","22.32","12.558744468","0.649927508200534","0.928963352689776","19.778847732",
"4/9/1980","-63.4375","-7.02514982223511","82","31.452","23.067","12.0471925248","0.950191655175048","0.88817124787145","15.500025",
"4/10/1980","-63.4375","-7.02514982223511","82","31.815","22.61","2.183535612","0.976554242081232","0.900630220664985","15.32199078",
"4/11/1980","-63.4375","-7.02514982223511","82","29.304","22.852","4.058076744","1.14002612847995","0.934732490070028","13.67674074",
"4/12/1980","-63.4375","-7.02514982223511","82","29.001","21.998","1.5243525864","1.16727459957032","0.906074569114539","13.33991592",
"4/13/1980","-63.4375","-7.02514982223511","82","30.556","21.56","2.98004148","1.02266677914799","0.879186150511559","19.89269748",
"4/14/1980","-63.4375","-7.02514982223511","82","31.825","22.267","8.758165104","0.978948602070476","0.876142262523909","21.19398858",
"4/15/1980","-63.4375","-7.02514982223511","82","31.066","22.862","16.6889256048","1.00790959185925","0.913872306934057","21.724252668",
"4/16/1980","-63.4375","-7.02514982223511","82","26.634","23.435","27.54135684","1.1065472404806","0.965705141154169","15.3671049",
"4/17/1980","-63.4375","-7.02514982223511","82","26.339","21.074","104.091987204","1.23568258780989","0.952043733815384","9.93155706",
"4/18/1980","-63.4375","-7.02514982223511","82","30.353","21.175","4.1473419624","1.0601997095826","0.902115902469824","20.327120532",
"4/19/1980","-63.4375","-7.02514982223511","82","29.673","21.933","6.602094432","1.22113176194148","0.922952261942304","25.28229924",
"4/20/1980","-63.4375","-7.02514982223511","82","32.875","20.11","3.405760452","0.999840253595039","0.844350379479457","20.81497068",
"4/21/1980","-63.4375","-7.02514982223511","82","33.641","19.975","0.16479504","1.28385235440843","0.730676492484502","26.09909946",
"4/22/1980","-63.4375","-7.02514982223511","82","30.957","22.572","10.694498472","0.969145109950332","0.839727239536782","24.3241326",
"4/23/1980","-63.4375","-7.02514982223511","82","34.297","21.926","5.87768742","1.07809803822628","0.851137812989526","13.19793606",
"4/24/1980","-63.4375","-7.02514982223511","82","29.792","22.454","1.596450132","1.23021173501059","0.87707905372817","16.7557491",
"4/25/1980","-63.4375","-7.02514982223511","82","32.478","21.29","1.349258544","1.19441163582469","0.820817902444911","19.63687212",
"4/26/1980","-63.4375","-7.02514982223511","82","32.41","19.45","1.321792092","0.765349139773589","0.80763137832784","20.06083098",
"4/27/1980","-63.4375","-7.02514982223511","82","33.877","20.037","2.6470188","1.22197181656997","0.792609365096497","24.23374488",
"4/28/1980","-63.4375","-7.02514982223511","82","30.035","21.71","3.1379719248","1.1059987081212","0.887243893160245","17.95140162",
"4/29/1980","-63.4375","-7.02514982223511","82","33.702","21.064","10.309983984","0.843557138518171","0.874957151557795","20.17721556",
"4/30/1980","-63.4375","-7.02514982223511","82","31.064","20.995","4.9352673384","0.868842131484187","0.899068302763451","18.73940652",
"5/1/1980","-63.4375","-7.02514982223511","82","28.005","20.907","9.274871484","0.627377507014612","0.952202562335255","17.333833068",
"5/2/1980","-63.4375","-7.02514982223511","82","24.754","20.485","10.41298524","1.25178805824446","0.973827022548261","3.00279294",
"5/3/1980","-63.4375","-7.02514982223511","82","21.056","18.727","3.627206748","1.8595328930538","0.939918909369333","4.644672228",
"5/4/1980","-63.4375","-7.02514982223511","82","25.741","17.953","0.4772182248","1.31549614169559","0.868246378335859","10.89855126",
"5/5/1980","-63.4375","-7.02514982223511","82","29.042","19.889","6.620980392","0.778778575409557","0.902386617221225","18.5992281",
"5/6/1980","-63.4375","-7.02514982223511","82","28.698","19.667","4.602241152","0.536952950493056","0.934463830835017","17.99701956",
"5/7/1980","-63.4375","-7.02514982223511","82","29.656","22.071","5.1412572","0.983418151731223","0.914057666243249","18.49325796",
"5/8/1980","-63.4375","-7.02514982223511","82","29.942","21.672","7.029534636","0.538902985597837","0.930370914713207","17.5760379",
"5/9/1980","-63.4375","-7.02514982223511","82","31.615","21.811","2.8564458984","0.658693480392084","0.868856217430816","16.75153332",
"5/10/1980","-63.4375","-7.02514982223511","82","31.912","21.834","3.832341444","1.19603223095496","0.863032583574559","19.82075472",
"5/11/1980","-63.4375","-7.02514982223511","82","34.715","21.335","0","0.896208499771042","0.759848021197404","23.9989482",
"5/12/1980","-63.4375","-7.02514982223511","82","33.093","21.124","4.6451555784","0.971257293886953","0.819951031781077","23.72737896",
"5/13/1980","-63.4375","-7.02514982223511","82","31.821","21.384","0.85315734","1.03139401596721","0.834438787288709","23.29986942",
"5/14/1980","-63.4375","-7.02514982223511","82","32.166","20.057","1.074600396","0.79080915903529","0.805212228784942","23.57431326",
"5/15/1980","-63.4375","-7.02514982223511","82","32.135","21.566","2.6401522464","0.972108666637523","0.870812017399163","13.1811777",
"5/16/1980","-63.4375","-7.02514982223511","82","32.686","19.989","3.04699302","1.02096609813849","0.818999012644254","23.0469777",
"5/17/1980","-63.4375","-7.02514982223511","82","31.093","22.046","3.2315287032","1.04890096630027","0.861073462141118","20.08923552",
"5/18/1980","-63.4375","-7.02514982223511","82","32.965","21.702","2.611828656","0.903551182286188","0.846302544479199","21.88692684",
"5/19/1980","-63.4375","-7.02514982223511","82","33.426","21.091","7.63721496","0.779048554733038","0.823300626721899","20.41796484",
"5/20/1980","-63.4375","-7.02514982223511","82","28.346","20.415","9.61818354","0.640344377289462","0.927081858033211","22.52278656",
"5/21/1980","-63.4375","-7.02514982223511","82","33.745","21.789","1.56898476","0.92703036557951","0.811126433220359","22.54410414",
"5/22/1980","-63.4375","-7.02514982223511","82","30.551","22.316","3.8658185064","1.22369557553394","0.903659915125379","15.90991632",
"5/23/1980","-63.4375","-7.02514982223511","82","32.559","22.18","3.6984463632","1.2691314934586","0.827314470469402","17.9452737",
"5/24/1980","-63.4375","-7.02514982223511","82","30.639","21.201","2.176665948","1.03384598730723","0.837839762518704","20.97534402",
"5/25/1980","-63.4375","-7.02514982223511","82","28.335","19.604","5.127528132","1.04718629307734","0.921004107652602","14.65177572",
"5/26/1980","-63.4375","-7.02514982223511","82","30.946","20.036","2.962875888","1.03716946716338","0.870227273387627","22.61789694",
"5/27/1980","-63.4375","-7.02514982223511","82","31.174","21.625","5.798721708","0.767185139070863","0.871912321578607","22.48768206",
"5/28/1980","-63.4375","-7.02514982223511","82","33.13","19.784","6.3394569","0.60154737026906","0.846238030330212","22.79075994",
"5/29/1980","-63.4375","-7.02514982223511","82","31.114","20.959","6.1008462","0.971354665094898","0.886692314368634","22.46833134",
"5/30/1980","-63.4375","-7.02514982223511","82","30.396","19.871","2.480507964","0.829848484904806","0.879286810412607","18.4795344",
"5/31/1980","-63.4375","-7.02514982223511","82","31.504","18.664","0.381088332","0.65620839392228","0.848474982505258","11.64869784",
"6/1/1980","-63.4375","-7.02514982223511","82","28.274","21.15","6.56433144","0.801373162199895","0.911372516288993","15.42611178",
"6/2/1980","-63.4375","-7.02514982223511","82","33.248","22.051","0.0617980896","0.905713746080805","0.761583714157811","15.4571067",
"6/3/1980","-63.4375","-7.02514982223511","82","29.954","20.628","4.3464634344","0.880223507896407","0.865713141389955","17.85334986",
"6/4/1980","-63.4375","-7.02514982223511","82","32.01","21.68","0.0068664528","1.56463767849776","0.746755696057499","22.2496299",
"6/5/1980","-63.4375","-7.02514982223511","82","32.392","20.341","0.0343322712","1.28131002990049","0.742150724426765","19.01351196",
"6/6/1980","-63.4375","-7.02514982223511","82","32.842","18.009","0.0034332264","1.09732007279668","0.708781234988333","22.33338606",
"6/7/1980","-63.4375","-7.02514982223511","82","33.881","20.566","0","1.25742229960797","0.653192630409534","22.10821866",
"6/8/1980","-63.4375","-7.02514982223511","82","33.923","20.225","0","1.0711896601212","0.66583908304806","22.81044402",
"6/9/1980","-63.4375","-7.02514982223511","82","30.217","17.797","0","0.701540193028276","0.737490589168946","9.64147266",
"6/10/1980","-63.4375","-7.02514982223511","82","33.357","17.195","0","1.53508762448792","0.628006645687281","22.87884402",
"6/11/1980","-63.4375","-7.02514982223511","82","33.624","20.426","0","1.36979772094983","0.600546785622765","22.79002302",
"6/12/1980","-63.4375","-7.02514982223511","82","32.37","20.702","0","0.97695358136302","0.658252172711876","12.87439272",
"6/13/1980","-63.4375","-7.02514982223511","82","25.057","19.264","2.2195812744","0.763556974686992","0.879875623704833","2.4379308",
"6/14/1980","-63.4375","-7.02514982223511","82","31.222","21.541","1.653097536","1.05133266316447","0.853939470957409","12.94712046",
"6/15/1980","-63.4375","-7.02514982223511","82","30.754","20.946","3.51047304","1.21689133694849","0.85243485876333","21.22548948",
"6/16/1980","-63.4375","-7.02514982223511","82","34.305","18.198","0.05321502","0.811251677472876","0.779310314138056","17.0197254",
"6/17/1980","-63.4375","-7.02514982223511","82","33.099","22.821","0","1.01120108170331","0.656353990109721","18.8443692",
"6/18/1980","-63.4375","-7.02514982223511","82","33.196","18.425","0","1.01053389550211","0.734325835302752","17.7824763",
"6/19/1980","-63.4375","-7.02514982223511","82","33.201","17.746","0","1.13086375698688","0.689884233427635","18.3184398",
"6/20/1980","-63.4375","-7.02514982223511","82","33.119","20.262","0","1.75092612220135","0.58541859590195","17.4651192",
"6/21/1980","-63.4375","-7.02514982223511","82","32.524","19.729","0","1.33815431311745","0.624450754205676","17.64338148",
"6/22/1980","-63.4375","-7.02514982223511","82","31.351","21.301","0","1.32935810577733","0.625499827563262","15.637725432",
"6/23/1980","-63.4375","-7.02514982223511","82","29.189","20.461","0","0.958270762297345","0.685893924110372","11.51960562",
"6/24/1980","-63.4375","-7.02514982223511","82","32.867","18.907","0.063514692","1.24521764245874","0.752220455759649","13.794018768",
"6/25/1980","-63.4375","-7.02514982223511","82","33.497","20.028","0.0394821144","1.19660913114328","0.745760256878589","15.181933392",
"6/26/1980","-63.4375","-7.02514982223511","82","31.022","19.503","4.08468492","0.989380144382527","0.874245068152201","22.16609748",
"6/27/1980","-63.4375","-7.02514982223511","82","29.741","20.755","3.37143132","1.39513921899897","0.862700521672218","22.26813948",
"6/28/1980","-63.4375","-7.02514982223511","82","31.911","20.476","0.334739628","0.991550819216652","0.757668100309386","19.45372392",
"6/29/1980","-63.4375","-7.02514982223511","82","30.637","19.356","0.985335876","1.17124208830953","0.802043709612159","11.16382482",
"6/30/1980","-63.4375","-7.02514982223511","82","35.95","18.267","0","0.960060799553586","0.677311466182017","10.70803008",
"7/1/1980","-63.4375","-7.02514982223511","82","31.234","17.454","0","0.896649886363694","0.671351462501966","10.8289656",
"7/2/1980","-63.4375","-7.02514982223511","82","33.313","23.401","0.034332264","1.55532438798838","0.54440484963426","20.8744902",
"7/3/1980","-63.4375","-7.02514982223511","82","30.791","20.599","0","1.87501770804946","0.599951968723568","22.849425",
"7/4/1980","-63.4375","-7.02514982223511","82","32.408","17.547","0","1.57765234831268","0.601180421864149","22.8969513",
"7/5/1980","-63.4375","-7.02514982223511","82","32.188","20.267","0","1.26803100819919","0.61038786160815","22.4390322",
"7/6/1980","-63.4375","-7.02514982223511","82","35.468","19.19","0","0.947474611780215","0.668871410838964","14.31489042",
"7/7/1980","-63.4375","-7.02514982223511","82","34.48","20.303","0.0137329128","0.877508211641261","0.68011389023316","7.55938458",
"7/8/1980","-63.4375","-7.02514982223511","82","34.62","18.358","0","1.21453349445371","0.638078938116627","17.85200904",
"7/9/1980","-63.4375","-7.02514982223511","82","34.315","20.386","0","1.20696426210501","0.582148968426585","18.11548332",
"7/10/1980","-63.4375","-7.02514982223511","82","34.844","19.539","0","1.32807695266548","0.503368953730884","22.799418732",
"7/11/1980","-63.4375","-7.02514982223511","82","35.183","20.361","0","1.08324089422528","0.488766932733617","20.0280402",
"7/12/1980","-63.4375","-7.02514982223511","82","35.563","20.165","0","1.3265592915525","0.46907696184643","23.17573656",
"7/13/1980","-63.4375","-7.02514982223511","82","34.436","21.683","0","1.60648920626835","0.483041350405878","21.500439732",
"7/14/1980","-63.4375","-7.02514982223511","82","34.013","21.339","0","0.92614158917051","0.69350263095591","11.10341088",
"7/15/1980","-63.4375","-7.02514982223511","82","34.813","20.146","0.1253127744","1.03696283667813","0.567251674099076","21.19432464",
"7/16/1980","-63.4375","-7.02514982223511","82","35.052","18.661","0","1.0674555044063","0.522328299405103","23.79813696",
"7/17/1980","-63.4375","-7.02514982223511","82","36.222","14.908","0","0.937875900239767","0.490630488971503","23.76281124",
"7/18/1980","-63.4375","-7.02514982223511","82","34.968","22.423","0","1.45114900167929","0.434268266745529","21.2314437",
"7/19/1980","-63.4375","-7.02514982223511","82","36.564","18.91","0","0.962169814499348","0.581626589236852","15.72266772",
"7/20/1980","-63.4375","-7.02514982223511","82","36.227","16.909","0","1.2697953460377","0.519208703432085","23.78924982",
"7/21/1980","-63.4375","-7.02514982223511","82","36.491","16.812","0","0.980162590698347","0.563680226772212","23.83542756",
"7/22/1980","-63.4375","-7.02514982223511","82","36.237","18.262","0","1.33942580334601","0.407886080642113","24.67551996",
"7/23/1980","-63.4375","-7.02514982223511","82","37.173","16.109","0","1.19965594032092","0.37828002466537","24.4642464",
"7/24/1980","-63.4375","-7.02514982223511","82","37.699","17.998","0","1.1364562882151","0.406135175195571","24.11667972",
"7/25/1980","-63.4375","-7.02514982223511","82","35.53","20.803","0","1.47864099009206","0.558939837070873","15.41261268",
"7/26/1980","-63.4375","-7.02514982223511","82","31.563","22","0","1.75545651541746","0.674297535946372","15.84821232",
"7/27/1980","-63.4375","-7.02514982223511","82","34.12","20.298","0","0.98708765821618","0.605932063066723","15.36749604",
"7/28/1980","-63.4375","-7.02514982223511","82","35.799","22.089","0","1.35146010817602","0.506774626710338","24.18304968",
"7/29/1980","-63.4375","-7.02514982223511","82","37.825","22.478","0","0.804349983959641","0.503327242262792","21.30288462",
"7/30/1980","-63.4375","-7.02514982223511","82","35.335","18.173","0","1.3846550505024","0.501556871878295","21.95037432",
"7/31/1980","-63.4375","-7.02514982223511","82","32.333","24.069","0.0034332264","1.70296471102384","0.474763237838066","21.145108968",
"8/1/1980","-63.4375","-7.02514982223511","82","34.754","22.575","0","1.86237901796634","0.45121186517285","21.9949362",
"8/2/1980","-63.4375","-7.02514982223511","82","36.227","18.405","0","1.29665292873465","0.440793070979048","23.09028696",
"8/3/1980","-63.4375","-7.02514982223511","82","37.527","17.838","0","0.872527943179434","0.454997942179533","13.09167765",
"8/4/1980","-63.4375","-7.02514982223511","82","37.011","15.533","0","1.12539637483757","0.568096694682612","24.88804434",
"8/5/1980","-63.4375","-7.02514982223511","82","38.378","18.842","0","1.18091028818295","0.482435743335361","16.00154802",
"8/6/1980","-63.4375","-7.02514982223511","82","34.204","21.106","0","0.908310614685057","0.481306917307881","17.348842728",
"8/7/1980","-63.4375","-7.02514982223511","82","38.513","20.344","0","1.24429755528654","0.447174255889866","16.663164192",
"8/8/1980","-63.4375","-7.02514982223511","82","37.526","22.681","0","1.29077302328503","0.425284901971225","15.2289621",
"8/9/1980","-63.4375","-7.02514982223511","82","38.304","16.098","0","1.19977701367221","0.417312642967901","22.670938872",
"8/10/1980","-63.4375","-7.02514982223511","82","39.363","21.023","0","1.42658607684414","0.313019080353873","25.699500072",
"8/11/1980","-63.4375","-7.02514982223511","82","38.156","17.423","0","1.34266751510097","0.412041857869907","23.518800432",
"8/12/1980","-63.4375","-7.02514982223511","82","37.476","23.418","0","0.992859807308417","0.431974672327654","17.40003066",
"8/13/1980","-63.4375","-7.02514982223511","82","38.182","22.832","0","1.21831809628867","0.433725151234435","14.97369924",
"8/14/1980","-63.4375","-7.02514982223511","82","37.634","18.758","0","1.00040473489238","0.457451897614341","17.830009332",
"8/15/1980","-63.4375","-7.02514982223511","82","40.683","20.142","0","1.18832496064447","0.34060907811443","26.1479835",
"8/16/1980","-63.4375","-7.02514982223511","82","36.066","17.156","0","0.887499156551638","0.454516789799442","14.23231551",
"8/17/1980","-63.4375","-7.02514982223511","82","35.958","20.388","0.2368924344","1.00604077354343","0.477686870074995","13.25879946",
"8/18/1980","-63.4375","-7.02514982223511","82","39.836","18.477","0","1.09781569552698","0.443017247112314","24.982480368",
"8/19/1980","-63.4375","-7.02514982223511","82","41.843","20.728","0","0.711115032790937","0.367375536055032","24.39388566",
"8/20/1980","-63.4375","-7.02514982223511","82","40.351","15.943","0","0.688823773416635","0.487526845423546","17.425350288",
"8/21/1980","-63.4375","-7.02514982223511","82","38.123","21.144","0","1.60568478673281","0.397882980573897","17.42513238",
"8/22/1980","-63.4375","-7.02514982223511","82","36.298","22.593","0.39825432","1.49359984871677","0.491513291415364","14.4744768",
"8/23/1980","-63.4375","-7.02514982223511","82","35.962","20.39","0.26779212","0.937924594067553","0.60821612221587","14.11751034",
"8/24/1980","-63.4375","-7.02514982223511","82","36.14","19.879","0.0137329056","1.14178213691357","0.537095377888063","14.8490424",
"8/25/1980","-63.4375","-7.02514982223511","82","39.127","22.361","0","1.0419304387144","0.507460741476634","22.49195346",
"8/26/1980","-63.4375","-7.02514982223511","82","39.823","18.23","0.2368926","1.10116305913631","0.48187488989237","21.900878928",
"8/27/1980","-63.4375","-7.02514982223511","82","36.756","23.956","0.099563616","2.10651191108505","0.417339010445626","26.3886768",
"8/28/1980","-63.4375","-7.02514982223511","82","37.218","23.233","0","2.01684914271233","0.351775145259387","25.104764808",
"8/29/1980","-63.4375","-7.02514982223511","82","41.127","19.718","0","1.03470995271732","0.374723683416152","21.992453568",
"8/30/1980","-63.4375","-7.02514982223511","82","40.999","25.742","0","1.458553614998","0.385208285064856","21.63437334",
"8/31/1980","-63.4375","-7.02514982223511","82","40.299","22.123","0","1.36234403599457","0.388436977522219","18.52081398",
"9/1/1980","-63.4375","-7.02514982223511","82","37.186","21.749","0.1647949464","1.49578535697026","0.49883902677972","15.355909962",
"9/2/1980","-63.4375","-7.02514982223511","82","40.838","17.969","0","1.06366116310596","0.432969633406483","19.123533792",
"9/3/1980","-63.4375","-7.02514982223511","82","42.891","22.395","0","1.14524502587937","0.396405219752881","17.22673242",
"9/4/1980","-63.4375","-7.02514982223511","82","42.635","26.687","0","1.17664682701747","0.329970251508028","20.89266066",
"9/5/1980","-63.4375","-7.02514982223511","82","41.164","27.176","0","1.27748057076604","0.321103890364207","23.495738112",
"9/6/1980","-63.4375","-7.02514982223511","82","39.57","25.371","0","1.71213570070706","0.417286845689902","17.9219799",
"9/7/1980","-63.4375","-7.02514982223511","82","37.263","23.516","0.00686646","1.2269001837487","0.506603874917681","14.657740272",
"9/8/1980","-63.4375","-7.02514982223511","82","39.707","23.564","0.1029968064","1.4747819354358","0.450233938940582","25.5095955",
"9/9/1980","-63.4375","-7.02514982223511","82","40.125","25.005","0","1.62445604720136","0.361525337304771","18.32697792",
"9/10/1980","-63.4375","-7.02514982223511","82","37.107","25.51","0.2815244208","1.43441438386979","0.417370075412418","18.6307848",
"9/11/1980","-63.4375","-7.02514982223511","82","38.929","24.052","0.17852796","1.26253061476729","0.485924070683078","22.761562608",
"9/12/1980","-63.4375","-7.02514982223511","82","37.415","24.092","0","1.83367582895556","0.399612517910773","27.57959676",
"9/13/1980","-63.4375","-7.02514982223511","82","40.281","22.871","0","1.33100787686958","0.335590166224577","26.91540306",
"9/14/1980","-63.4375","-7.02514982223511","82","38.543","25.813","0","1.43231960469526","0.466889177030817","18.06130926",
"9/15/1980","-63.4375","-7.02514982223511","82","38.796","22.548","1.36642464","1.20998012854512","0.523770864342549","16.31047176",
"9/16/1980","-63.4375","-7.02514982223511","82","34.759","23.151","1.42478964","2.53458264698895","0.511475846940002","18.631407672",
"9/17/1980","-63.4375","-7.02514982223511","82","39.511","19.9","0","1.45785277566543","0.429825231278955","28.168086168",
"9/18/1980","-63.4375","-7.02514982223511","82","39.113","24.519","0","1.02627985261336","0.38225152968079","18.8765964",
"9/19/1980","-63.4375","-7.02514982223511","82","37.579","24.436","0","0.789403335623491","0.516157610554577","12.926135358",
"9/20/1980","-63.4375","-7.02514982223511","82","38.368","20.683","0","0.722320512500359","0.506992766762981","18.28394838",
"9/21/1980","-63.4375","-7.02514982223511","82","39.837","21.383","0.231742836","1.02450967595304","0.500606208152385","10.296901278",
"9/22/1980","-63.4375","-7.02514982223511","82","36.771","20.634","0","1.49972606908838","0.535644337673145","15.61708026",
"9/23/1980","-63.4375","-7.02514982223511","82","40.057","22.395","0.1235961","1.5530131609129","0.569124226953733","22.09448682",
"9/24/1980","-63.4375","-7.02514982223511","82","34.887","23.758","0.4428864","1.50150814374525","0.670622711434571","15.58096668",
"9/25/1980","-63.4375","-7.02514982223511","82","41.911","22.8","0","1.18050705113251","0.555394000064251","17.74422648",
"9/26/1980","-63.4375","-7.02514982223511","82","39.104","24.752","0.6694794504","1.25597434113402","0.585921404121439","13.818091752",
"9/27/1980","-63.4375","-7.02514982223511","82","37.89","19.731","0.0102996864","0.879554588440538","0.59713578397123","11.58170832",
"9/28/1980","-63.4375","-7.02514982223511","82","39.248","21.081","0","1.44964353790035","0.514322834941949","21.81521268",
"9/29/1980","-63.4375","-7.02514982223511","82","37.16","20.84","0","1.02272598795328","0.547021749962023","16.09959456",
"9/30/1980","-63.4375","-7.02514982223511","82","37.502","25.235","0","1.08371198045306","0.458652549257512","16.19892648",
"10/1/1980","-63.4375","-7.02514982223511","82","37.44","24.369","0","1.37205085907268","0.437012399874928","12.571254",
"10/2/1980","-63.4375","-7.02514982223511","82","37.517","24.108","0.391388004","1.055112757144","0.540373967728161","14.582870712",
"10/3/1980","-63.4375","-7.02514982223511","82","31.866","20.43","3.0178096344","1.3795054264527","0.767896580696468","11.34916812",
"10/4/1980","-63.4375","-7.02514982223511","82","34.304","21.408","11.099620512","1.20324546380961","0.84342202302371","12.871910736",
"10/5/1980","-63.4375","-7.02514982223511","82","35.735","20.774","0.0720978264","1.7015253815413","0.633143699667161","23.318612712",
"10/6/1980","-63.4375","-7.02514982223511","82","35.16","20.438","2.40669252","1.53677124497116","0.647128225034862","24.7470768",
"10/7/1980","-63.4375","-7.02514982223511","82","35.92","22.59","2.015304156","1.00458079367669","0.672114925846521","13.73726322",
"10/8/1980","-63.4375","-7.02514982223511","82","30.207","23.269","12.716674776","1.04476037169797","0.881477681986763","27.87254676",
"10/9/1980","-63.4375","-7.02514982223511","82","34.433","22.056","0.1888274664","1.06365887672427","0.702633602044268","16.684312032",
"10/10/1980","-63.4375","-7.02514982223511","82","33.808","20.889","5.424502824","1.19263703837601","0.758078067728934","22.881771",
"10/11/1980","-63.4375","-7.02514982223511","82","35.34","22.707","0.96130242","1.2511233897472","0.691840769086415","18.0429768",
"10/12/1980","-63.4375","-7.02514982223511","82","37.435","22.324","0.30899052","0.979541172046376","0.647304029780991","18.21436956",
"10/13/1980","-63.4375","-7.02514982223511","82","36.75","22.596","1.75781286","1.03639810874","0.625041708926122","14.72872284",
"10/14/1980","-63.4375","-7.02514982223511","82","34.283","22.855","6.61583124","1.17361337942851","0.750312576046759","18.373163688",
"10/15/1980","-63.4375","-7.02514982223511","82","35.511","21.55","0","1.23223369365239","0.674574584432652","13.61159856",
"10/16/1980","-63.4375","-7.02514982223511","82","35.453","21.924","0.0274658184","1.25562395423662","0.665158584562604","16.0783902",
"10/17/1980","-63.4375","-7.02514982223511","82","34.955","21.339","0.4480365096","1.36803491472706","0.735144272570409","18.20818152",
"10/18/1980","-63.4375","-7.02514982223511","82","31.233","21.881","2.9182441752","0.951650175690544","0.854480955620287","15.76675908",
"10/19/1980","-63.4375","-7.02514982223511","82","30.15","20.226","4.9146714","0.9676361437501","0.831835359466326","24.54766344",
"10/20/1980","-63.4375","-7.02514982223511","82","35.527","22.281","0.0171661464","1.48675036723281","0.705185715445437","16.06522464",
"10/21/1980","-63.4375","-7.02514982223511","82","35.629","21.431","0.0034332264","1.29711136641404","0.661829878301093","16.9804152",
"10/22/1980","-63.4375","-7.02514982223511","82","38.525","22.935","1.819612332","1.20993418843327","0.661473769817427","18.95411286",
"10/23/1980","-63.4375","-7.02514982223511","82","36.147","22.697","11.70043308","1.31593044553566","0.660124823120456","20.57771448",
"10/24/1980","-63.4375","-7.02514982223511","82","31.911","22.513","7.73506368","1.09912746164295","0.852700868189114","17.3754",
"10/25/1980","-63.4375","-7.02514982223511","82","35.615","22.539","0.0377655192","1.35117660315489","0.74764582836443","16.6314384",
"10/26/1980","-63.4375","-7.02514982223511","82","37.845","21.655","0","1.22093943488472","0.601185280125918","20.46706488",
"10/27/1980","-63.4375","-7.02514982223511","82","34.351","22.844","8.795931408","1.30387187407594","0.793731494015112","21.25890594",
"10/28/1980","-63.4375","-7.02514982223511","82","30.944","20.978","3.580856352","1.28687757875478","0.820206748480508","11.27959254",
"10/29/1980","-63.4375","-7.02514982223511","82","36.855","20.56","0","1.1569641982912","0.641063387438335","17.10804024",
"10/30/1980","-63.4375","-7.02514982223511","82","39.982","20.828","0.0308990664","0.908260280549578","0.576313180487438","20.35513296",
"10/31/1980","-63.4375","-7.02514982223511","82","39.41","22.991","0","1.25613924407877","0.624034331000324","19.54192644",
"11/1/1980","-63.4375","-7.02514982223511","82","36.433","23.168","0.696944952","1.18164546151887","0.700360098038393","14.0028732",
"11/2/1980","-63.4375","-7.02514982223511","82","37.338","23.207","0.0480651696","1.24726805265612","0.647629180204387","17.48530872",
"11/3/1980","-63.4375","-7.02514982223511","82","29.421","21.54","19.96593336","1.1156038498158","0.908121005510678","10.125894708",
"11/4/1980","-63.4375","-7.02514982223511","82","38.605","21.072","0.1802447784","0.925256528507609","0.678029128746898","15.40850382",
"11/5/1980","-63.4375","-7.02514982223511","82","27.739","19.124","8.47149156","1.37322572970802","0.888208639701681","10.36305414",
"11/6/1980","-63.4375","-7.02514982223511","82","38.024","19.329","0.0137328984","1.18377590722717","0.607745481376693","28.13787954",
"11/7/1980","-63.4375","-7.02514982223511","82","34.517","22.555","0.405121104","1.78012839216258","0.659457981353269","23.11239294",
"11/8/1980","-63.4375","-7.02514982223511","82","35.92","21.423","0.032615676","1.55991466495694","0.599349161024329","23.1983937",
"11/9/1980","-63.4375","-7.02514982223511","82","32.222","22.594","0.5518913904","1.51295996143512","0.78315731967006","12.1348125",
"11/10/1980","-63.4375","-7.02514982223511","82","38.552","21.411","0.351906372","1.22888187561824","0.705756016782389","17.40414348",
"11/11/1980","-63.4375","-7.02514982223511","82","32.061","22.664","10.65330432","1.11235552838307","0.873017797990827","17.19399654",
"11/12/1980","-63.4375","-7.02514982223511","82","27.692","21.994","21.45767724","0.700886712577415","0.952199784153361","16.90082442",
"11/13/1980","-63.4375","-7.02514982223511","82","28.264","22.122","7.2732935952","0.862729112046945","0.918519376585868","12.3423723",
"11/14/1980","-63.4375","-7.02514982223511","82","33.708","19.399","0.653171076","0.961659868943051","0.719481997524714","16.78792392",
"11/15/1980","-63.4375","-7.02514982223511","82","25.823","22.767","11.451531132","1.16646168756829","0.931116948680172","6.33166344",
"11/16/1980","-63.4375","-7.02514982223511","82","26.771","22.244","5.561831484","1.12987580163972","0.931716711241584","11.861154",
"11/17/1980","-63.4375","-7.02514982223511","82","28.028","21.758","20.65601664","1.19985744688706","0.905289279071582","16.07439168",
"11/18/1980","-63.4375","-7.02514982223511","82","31.131","21.836","8.607101904","0.738635494065947","0.907518431206331","24.15071214",
"11/19/1980","-63.4375","-7.02514982223511","82","31.173","22.572","5.06057364","0.854575735908604","0.840844428424689","24.78864402",
"11/20/1980","-63.4375","-7.02514982223511","82","31.941","20.521","6.978041604","1.11114535162095","0.876583684821509","27.67235922",
"11/21/1980","-63.4375","-7.02514982223511","82","26.895","21.22","14.57405748","1.00761816889786","0.949586045794812","22.67550342",
"11/22/1980","-63.4375","-7.02514982223511","82","30.936","19.925","2.7148250232","1.12080218361829","0.857124970747676","24.06015432",
"11/23/1980","-63.4375","-7.02514982223511","82","28.92","23.491","2.332881072","0.958753190536915","0.859947927492965","14.4035991",
"11/24/1980","-63.4375","-7.02514982223511","82","34.102","21.565","3.064153536","0.772789615175093","0.803528234484277","24.09069168",
"11/25/1980","-63.4375","-7.02514982223511","82","29.987","21.254","5.488011288","0.707145527267852","0.876039879603872","24.1822728",
"11/26/1980","-63.4375","-7.02514982223511","82","31.846","22.312","18.29052828","1.10347799657101","0.901057332975171","26.5281804",
"11/27/1980","-63.4375","-7.02514982223511","82","34.423","23.149","9.7864103664","0.971369937547746","0.84862320117629","15.44146812",
"11/28/1980","-63.4375","-7.02514982223511","82","29.823","21.233","7.43637276","1.10960965795508","0.88983528970025","21.133179",
"11/29/1980","-63.4375","-7.02514982223511","82","33.237","21.031","1.9792560888","0.95596102371246","0.857510280111627","19.2168549",
"11/30/1980","-63.4375","-7.02514982223511","82","32.379","23.158","6.614112672","0.603998185468352","0.8417560314805","19.4635134",
"12/1/1980","-63.4375","-7.02514982223511","82","27.511","23.12","23.991407028","0.942505239320096","0.955222700011408","15.8555817",
"12/2/1980","-63.4375","-7.02514982223511","82","30.659","21.791","5.61848076","1.00653315266412","0.870918323714371","16.11798462",
"12/3/1980","-63.4375","-7.02514982223511","82","32.592","22.483","6.351470172","0.942161658829818","0.851512051666855","23.66105148",
"12/4/1980","-63.4375","-7.02514982223511","82","32.962","22.463","2.2109995368","0.847614510234585","0.877367228832738","15.300783072",
"12/5/1980","-63.4375","-7.02514982223511","82","26.867","21.186","6.80808672","0.66789183036357","0.958058714476471","4.65625962",
"12/6/1980","-63.4375","-7.02514982223511","82","37.136","19.854","2.3277276","0.648672357049655","0.782201473174588","20.4547518",
"12/7/1980","-63.4375","-7.02514982223511","82","31.295","21.871","5.855371236","0.919929168529582","0.870018034443014","27.86546268",
"12/8/1980","-63.4375","-7.02514982223511","82","31.533","22.752","12.4694847","1.15062395964131","0.83528445247214","24.0675228",
"12/9/1980","-63.4375","-7.02514982223511","82","36.495","19.983","0.113296356","1.03168239812424","0.669953948331438","21.07973952",
"12/10/1980","-63.4375","-7.02514982223511","82","35.493","20.368","0","1.20309883191124","0.681918358331005","14.41429128",
"12/11/1980","-63.4375","-7.02514982223511","82","34.419","21.944","2.42900748","1.2949784599734","0.665894990710522","28.1814732",
"12/12/1980","-63.4375","-7.02514982223511","82","32.755","21.528","0","1.27057672135264","0.69327082481623","23.7961692",
"12/13/1980","-63.4375","-7.02514982223511","82","33.195","21.09","5.1481242","1.11719246301865","0.739162174360285","27.78457392",
"12/14/1980","-63.4375","-7.02514982223511","82","32.611","22.526","9.3246431904","1.26452513707561","0.85250570672532","23.12870328",
"12/15/1980","-63.4375","-7.02514982223511","82","28.379","22.214","27.4881398184","1.2480415510643","0.925741435802302","11.96988516",
"12/16/1980","-63.4375","-7.02514982223511","82","35.455","21.961","0.5012511408","0.908648583827442","0.775640732754679","14.16476628",
"12/17/1980","-63.4375","-7.02514982223511","82","32.847","22.725","15.0512742","0.989306147304464","0.86220176878376","25.43693238",
"12/18/1980","-63.4375","-7.02514982223511","82","32.369","23.078","7.99083288","1.10428839823104","0.837034151824037","24.3459009",
"12/19/1980","-63.4375","-7.02514982223511","82","36.652","21.831","0.099563616","1.34407307605536","0.657928171560178","19.59902172",
"12/20/1980","-63.4375","-7.02514982223511","82","31.434","23.938","3.543091452","1.76186344454486","0.73494513527809","23.51025378",
"12/21/1980","-63.4375","-7.02514982223511","82","31.285","22.159","39.3688615392","1.79843887828498","0.892746817487037","15.3363942",
"12/22/1980","-63.4375","-7.02514982223511","82","23.428","19.83","44.19596736","0.877663317161059","0.975644678571693","1.64795562",
"12/23/1980","-63.4375","-7.02514982223511","82","29.316","20.13","1.8814086864","1.02569269280941","0.868699605121635","16.0296156",
"12/24/1980","-63.4375","-7.02514982223511","82","30.831","19.725","0.580215816","1.1666917461337","0.814865391146908","22.01731488",
"12/25/1980","-63.4375","-7.02514982223511","82","33.886","21.513","6.1214463","0.970375835804241","0.823642862787905","23.7407616",
"12/26/1980","-63.4375","-7.02514982223511","82","32.908","21.993","13.070299248","1.0844063252961","0.851335148719148","23.8930335",
"12/27/1980","-63.4375","-7.02514982223511","82","27.94","22.601","15.3499587768","0.905364289512545","0.932632076538349","19.37401488",
"12/28/1980","-63.4375","-7.02514982223511","82","27.106","20.652","2.2401788688","0.943642999981391","0.923561811533444","6.81271812",
"12/29/1980","-63.4375","-7.02514982223511","82","27.347","21.374","1.1775966624","0.831889930676603","0.908329132595538","5.855457708",
"12/30/1980","-63.4375","-7.02514982223511","82","30.149","21.456","0.315857124","1.2002889604216","0.811173018590057","18.8690589",
"12/31/1980","-63.4375","-7.02514982223511","82","33.95","22.585","0.4257202464","1.43248288265482","0.751322233904859","19.9965393",
"1/1/1981","-63.4375","-7.02514982223511","82","29.875","21.567","2.5646204088","1.0027068189544","0.884266424382766","16.870275",
"1/2/1981","-63.4375","-7.02514982223511","82","30.585","21.56","17.5781282328","0.748304818068337","0.922752659447925","16.78747194",
"1/3/1981","-63.4375","-7.02514982223511","82","32.16","23.046","6.24161106","0.802807191670155","0.866145487047372","15.55476138",
"1/4/1981","-63.4375","-7.02514982223511","82","31.171","23.151","11.8841138064","0.91556579551058","0.8930678181524","19.61324208",
"1/5/1981","-63.4375","-7.02514982223511","82","26.28","21.817","24.688380456","1.03231697752846","0.955570737684833","7.30400814",
"1/6/1981","-63.4375","-7.02514982223511","82","32.166","21.887","1.5071863968","1.20082982614019","0.801685775396361","22.8328335",
"1/7/1981","-63.4375","-7.02514982223511","82","31.956","19.827","6.196978404","0.995294657629386","0.861787389221122","24.43100922",
"1/8/1981","-63.4375","-7.02514982223511","82","31.819","21.098","5.685423624","1.12932710563572","0.834461027111894","28.40078808",
"1/9/1981","-63.4375","-7.02514982223511","82","33.844","19.672","4.643439012","1.0213995213442","0.823788960863945","28.09738332",
"1/10/1981","-63.4375","-7.02514982223511","82","31.421","20.235","12.881472552","0.718308848816108","0.89028434625174","23.39595504",
"1/11/1981","-63.4375","-7.02514982223511","82","32.16","22.818","14.1311608848","0.71158539365591","0.899572913036904","25.46094168",
"1/12/1981","-63.4375","-7.02514982223511","82","31.017","23.474","22.1580477","0.916325573782402","0.923088478464521","19.98837855",
"1/13/1981","-63.4375","-7.02514982223511","82","32.313","23.446","16.6425810552","1.02607567438151","0.888528754210718","21.852229032",
"1/14/1981","-63.4375","-7.02514982223511","82","30.007","23.312","11.8961374752","1.02870890404627","0.910151713501644","17.889131232",
"1/15/1981","-63.4375","-7.02514982223511","82","28.405","22.001","9.17358444","0.998210312618841","0.940558731855307","11.733471072",
"1/16/1981","-63.4375","-7.02514982223511","82","29.349","22.084","0.391388076","0.968351205463594","0.863182422527073","12.85993458",
"1/17/1981","-63.4375","-7.02514982223511","82","31.53","22.909","2.5440200568","1.15448622655263","0.884075469979284","18.2906388",
"1/18/1981","-63.4375","-7.02514982223511","82","27.864","22.734","0.8102416104","1.10844006318096","0.886774411542497","10.2320991",
"1/19/1981","-63.4375","-7.02514982223511","82","27.896","19.218","3.024672336","1.12658055811174","0.888183751748482","18.31472352",
"1/20/1981","-63.4375","-7.02514982223511","82","28.413","21.542","5.1429757464","1.00855591385012","0.919931596196978","11.4477219",
"1/21/1981","-63.4375","-7.02514982223511","82","29.259","22.009","4.337883792","0.733284632088808","0.911040897174838","13.08268116",
"1/22/1981","-63.4375","-7.02514982223511","82","26.645","21.839","16.836550524","1.09372816451692","0.940849441111119","7.90711902",
"1/23/1981","-63.4375","-7.02514982223511","82","28.044","21.532","4.837418064","0.898292409206568","0.912863991044408","15.0545898",
"1/24/1981","-63.4375","-7.02514982223511","82","29.492","21.555","1.64451528","0.794256001075259","0.89535343462772","12.429054288",
"1/25/1981","-63.4375","-7.02514982223511","82","24.71","19.947","3.718185084","1.59007225672914","0.928834585050791","8.06911848",
"1/26/1981","-63.4375","-7.02514982223511","82","32.286","18.784","0.4291535664","1.13768199314472","0.798247131518951","22.49358948",
"1/27/1981","-63.4375","-7.02514982223511","82","32.837","20.451","0.271225224","1.35128576908211","0.757205560964234","23.40000342",
"1/28/1981","-63.4375","-7.02514982223511","82","33.64","22.494","7.4861538264","1.08295927357728","0.849344752066667","21.06765306",
"1/29/1981","-63.4375","-7.02514982223511","82","24.73","20.778","32.722092684","0.86993183768873","0.9742565893014","7.4372076",
"1/30/1981","-63.4375","-7.02514982223511","82","25.895","20.301","3.893283756","0.874095984762624","0.941409702201663","10.705445712",
"1/31/1981","-63.4375","-7.02514982223511","82","30.284","20.286","0.2712246984","1.28629924983598","0.787652108760662","25.520115528",
"2/1/1981","-63.4375","-7.02514982223511","82","33.166","21.538","5.678555472","1.10388411160262","0.84166417670698","19.3001589",
"2/2/1981","-63.4375","-7.02514982223511","82","29.78","21.925","2.8890608328","1.0032996109985","0.908249112613101","10.4007429",
"2/3/1981","-63.4375","-7.02514982223511","82","26.333","22.309","9.958078368","0.737197728704278","0.957777301584292","6.86586978",
"2/4/1981","-63.4375","-7.02514982223511","82","30.824","21.793","4.3087017024","0.92377285240081","0.860679627335695","20.90699982",
"2/5/1981","-63.4375","-7.02514982223511","82","27.488","20.367","8.3976801192","0.728112660310655","0.949617552055626","22.778777592",
"2/6/1981","-63.4375","-7.02514982223511","82","26.243","19.715","16.1052710544","1.05130935648644","0.961669631894801","18.23692644",
"2/7/1981","-63.4375","-7.02514982223511","82","25.568","22.082","3.625487784","0.765168622123391","0.9552294590764","9.855502668",
"2/8/1981","-63.4375","-7.02514982223511","82","30.55","21.34","1.5621183504","1.13324288944332","0.860890335935186","20.603812392",
"2/9/1981","-63.4375","-7.02514982223511","82","29.323","21.642","2.83927788","1.36126012281088","0.85307140295754","15.8980491",
"2/10/1981","-63.4375","-7.02514982223511","82","33.31","22.009","12.75443856","1.18010641175268","0.796439927712365","28.77958116",
"2/11/1981","-63.4375","-7.02514982223511","82","28.401","21.862","6.184962","1.02380160502371","0.917955904798155","9.37681335",
"2/12/1981","-63.4375","-7.02514982223511","82","23.136","20.579","44.956432044","0.812216408499516","0.979752994493804","2.26136268",
"2/13/1981","-63.4375","-7.02514982223511","82","24.281","21.315","9.07745328","0.975137024022166","0.966837240243957","7.8566049",
"2/14/1981","-63.4375","-7.02514982223511","82","28.011","21.333","0.817107732","1.29148787747361","0.888101568177353","11.971964772",
"2/15/1981","-63.4375","-7.02514982223511","82","30.845","21.195","4.3258697064","1.19659214580624","0.851037356652164","28.44017514",
"2/16/1981","-63.4375","-7.02514982223511","82","27.498","23.264","17.667393552","1.12861654839522","0.946368686259609","18.41613966",
"2/17/1981","-63.4375","-7.02514982223511","82","24.772","22.44","4.617688392","1.16645643064443","0.949494032333847","6.12460998",
"2/18/1981","-63.4375","-7.02514982223511","82","31.213","21.935","1.9260403488","1.6099827727891","0.838767725559347","24.095301768",
"2/19/1981","-63.4375","-7.02514982223511","82","28.926","22.599","4.7155370904","1.26441475467641","0.90701137053352","18.46558314",
"2/20/1981","-63.4375","-7.02514982223511","82","28.457","21.379","26.23842648","1.49227417849909","0.898571021988244","18.205988202",
"2/21/1981","-63.4375","-7.02514982223511","82","33.616","20.924","7.0999128","1.36788700597577","0.820526776332181","22.34671488",
"2/22/1981","-63.4375","-7.02514982223511","82","30.163","21.69","9.57698982","1.01475461896689","0.935551522011522","18.97188786",
"2/23/1981","-63.4375","-7.02514982223511","82","29.452","22.823","7.3402434864","1.01721931445525","0.918487953414469","22.412648268",
"2/24/1981","-63.4375","-7.02514982223511","82","30.865","22.984","11.587140288","1.00097241598645","0.933887243323651","22.435146648",
"2/25/1981","-63.4375","-7.02514982223511","82","26.735","23.362","14.63241708","0.927335531636492","0.967185052838427","8.60821344",
"2/26/1981","-63.4375","-7.02514982223511","82","32.01","22.628","2.8770434064","1.07058077266676","0.873171635019345","20.777008968",
"2/27/1981","-63.4375","-7.02514982223511","82","31.54","22.153","7.8517895328","0.933819298462246","0.895555307385673","23.78570076",
"2/28/1981","-63.4375","-7.02514982223511","82","30.775","23.428","4.049489412","1.09739324079997","0.897932983606719","20.788984782",
"3/1/1981","-63.4375","-7.02514982223511","82","30.559","23.333","14.20498728","0.956857044113579","0.931779187420875","21.801828168",
"3/2/1981","-63.4375","-7.02514982223511","82","31.477","22.757","7.3659905424","0.811356590540286","0.909325202244146","23.41574334",
"3/3/1981","-63.4375","-7.02514982223511","82","28.88","24.863","12.5999371008","0.96387510500821","0.943888931821728","26.843678568",
"3/4/1981","-63.4375","-7.02514982223511","82","29.994","23.051","10.105705116","0.942632349407164","0.925346237143633","19.512116064",
"3/5/1981","-63.4375","-7.02514982223511","82","30.09","23.305","6.588364428","0.914757858285485","0.937272130942215","15.81693921",
"3/6/1981","-63.4375","-7.02514982223511","82","30.655","23.078","8.1230168664","0.860745051320581","0.890964075993674","19.159929072",
"3/7/1981","-63.4375","-7.02514982223511","82","30.547","23.344","5.9875420608","0.814482851605154","0.906446315678458","18.678595662",
"3/8/1981","-63.4375","-7.02514982223511","82","31.527","22.767","3.39031152","1.0571838279818","0.874431194709754","19.85208705",
"3/9/1981","-63.4375","-7.02514982223511","82","32.506","23.708","10.641289644","0.78985966587499","0.862480193452993","22.86197352",
"3/10/1981","-63.4375","-7.02514982223511","82","32.468","23.897","11.8609477992","0.731813054905738","0.882963030627457","19.25038215",
"3/11/1981","-63.4375","-7.02514982223511","82","31.979","23.908","9.8696718","0.920420272365899","0.888211640328992","18.92211282",
"3/12/1981","-63.4375","-7.02514982223511","82","28.097","22.911","2.07881802","0.913773153597782","0.938352878516322","8.953091892",
"3/13/1981","-63.4375","-7.02514982223511","82","31.172","22.481","5.29060176","0.820805133052093","0.884979925287087","15.109593732",
"3/14/1981","-63.4375","-7.02514982223511","82","28.843","22.903","3.3903119664","0.999285681046653","0.920426115471873","9.655820928",
"3/15/1981","-63.4375","-7.02514982223511","82","31.882","22.466","3.33023112","0.872052362041943","0.869468024934798","17.031711132",
"3/16/1981","-63.4375","-7.02514982223511","82","35.392","21.319","10.09025532","1.04204034402227","0.833690056499381","25.177500792",
"3/17/1981","-63.4375","-7.02514982223511","82","30.899","23.693","20.0397542328","0.908569570500737","0.923481914766582","22.1437629",
"3/18/1981","-63.4375","-7.02514982223511","82","29.078","22.064","6.49566288","1.08095104670365","0.903710832078478","9.294466572",
"3/19/1981","-63.4375","-7.02514982223511","82","34.798","21.481","9.449959284","1.15214979980368","0.789504699711205","23.745097368",
"3/20/1981","-63.4375","-7.02514982223511","82","32.024","21.97","8.9118005544","1.06781749952642","0.878909563022188","22.73388786",
"3/21/1981","-63.4375","-7.02514982223511","82","27.907","23.508","1.0900501056","1.05419210687856","0.906582647215177","7.12637055",
"3/22/1981","-63.4375","-7.02514982223511","82","32.188","21.022","4.560184116","1.0375422716735","0.866112673230319","17.578459152",
"3/23/1981","-63.4375","-7.02514982223511","82","24.238","20.572","8.65860048","1.00325738394861","0.967597165951044","2.626595802",
"3/24/1981","-63.4375","-7.02514982223511","82","36.348","20.219","0","0.894434871027227","0.763072769318478","16.621089048",
"3/25/1981","-63.4375","-7.02514982223511","82","27.395","21.584","8.487797832","1.02058627319572","0.939409789583257","10.711968408",
"3/26/1981","-63.4375","-7.02514982223511","82","26.659","21.718","9.061148088","0.853932726124951","0.965033220281157","12.546953928",
"3/27/1981","-63.4375","-7.02514982223511","82","30.267","21.747","8.4526095384","0.870104734087654","0.910867811483489","16.98125814",
"3/28/1981","-63.4375","-7.02514982223511","82","25.779","21.472","7.674979716","0.757395872306607","0.956576536898732","5.279513868",
"3/29/1981","-63.4375","-7.02514982223511","82","29.919","21.04","1.1724471864","0.898468063236051","0.863611332801149","11.68745382",
"3/30/1981","-63.4375","-7.02514982223511","82","31.707","21.725","5.542947432","0.988993299913292","0.857154111748967","21.16046196",
"3/31/1981","-63.4375","-7.02514982223511","82","27.194","21.618","13.49773956","0.611156502044686","0.963156647588655","18.021536568",
"4/1/1981","-63.4375","-7.02514982223511","82","26.769","19.875","0.8205405624","0.795581392426675","0.939153087285877","8.2793808",
"4/2/1981","-63.4375","-7.02514982223511","82","32.558","18.825","2.3157107064","0.879857121455257","0.845199784678888","19.64660634",
"4/3/1981","-63.4375","-7.02514982223511","82","31.377","22.871","5.318069832","0.954516755320546","0.851389539941504","18.599625432",
"4/4/1981","-63.4375","-7.02514982223511","82","31.92","22.407","19.75823316","1.00062661284653","0.888779515272869","24.76793916",
"4/5/1981","-63.4375","-7.02514982223511","82","30.27","22.566","13.60759842","1.00658089943485","0.916528586366937","17.73371412",
"4/6/1981","-63.4375","-7.02514982223511","82","29.099","22.22","1.644515136","1.40096684397734","0.906845739092101","13.73084982",
"4/7/1981","-63.4375","-7.02514982223511","82","31.291","22.261","10.0095704928","1.17728147361721","0.900452076566143","21.3489513",
"4/8/1981","-63.4375","-7.02514982223511","82","27.536","23.757","6.73770906","1.2519295052665","0.951045043281219","20.6848647",
"4/9/1981","-63.4375","-7.02514982223511","82","27.349","23.54","6.8475710088","1.18811732498193","0.951862370242013","14.2978509",
"4/10/1981","-63.4375","-7.02514982223511","82","32.625","22.417","5.2940404152","1.09776103236996","0.882877060310934","17.717961852",
"4/11/1981","-63.4375","-7.02514982223511","82","32.997","21.94","6.7291236","1.16654198712933","0.847609500466322","24.48787212",
"4/12/1981","-63.4375","-7.02514982223511","82","33.897","23.492","10.948564728","0.943506789765118","0.853727060818487","20.51887824",
"4/13/1981","-63.4375","-7.02514982223511","82","29.229","23.531","17.44079508","0.64968768448753","0.92543956295352","24.90446016",
"4/14/1981","-63.4375","-7.02514982223511","82","32.618","23.299","16.167067164","0.921392374569158","0.883729318231981","20.9646522",
"4/15/1981","-63.4375","-7.02514982223511","82","28.569","23.354","21.9726557784","0.886913321329103","0.940956101113817","21.94976304",
"4/16/1981","-63.4375","-7.02514982223511","82","26.168","23.366","66.84499026","0.683271281978131","0.974002509649702","5.743967292",
"4/17/1981","-63.4375","-7.02514982223511","82","28.369","22.622","49.393844352","1.09922569661297","0.928964324156663","9.215268498",
"4/18/1981","-63.4375","-7.02514982223511","82","29.235","21.969","7.511898852","1.1719372075948","0.933976331119829","21.01207554",
"4/19/1981","-63.4375","-7.02514982223511","82","29.236","22.001","4.037476464","1.11577269735204","0.909075827368368","15.3260946",
"4/20/1981","-63.4375","-7.02514982223511","82","29.308","22.225","11.6729793504","1.03053000965917","0.932946291987355","23.36737446",
"4/21/1981","-63.4375","-7.02514982223511","82","30.329","22.634","1.411056072","1.08230670011376","0.893421156468421","14.79088422",
"4/22/1981","-63.4375","-7.02514982223511","82","30.816","22.68","7.707597408","0.922593265225022","0.924036337132317","14.922792",
"4/23/1981","-63.4375","-7.02514982223511","82","31.591","21.815","3.7593832104","0.910330321545535","0.881132388080323","20.52826614",
"4/24/1981","-63.4375","-7.02514982223511","82","33.075","22.189","9.08431848","0.704225372097614","0.893077091174165","21.8826531",
"4/25/1981","-63.4375","-7.02514982223511","82","34.29","21.593","0.724410828","0.815286851516728","0.790770102735493","23.61544128",
"4/26/1981","-63.4375","-7.02514982223511","82","34.16","23.156","3.10707","0.981744188337025","0.779909838063291","21.4782147",
"4/27/1981","-63.4375","-7.02514982223511","82","34.969","21.69","0","1.27911599959283","0.704485325783484","21.34451196",
"4/28/1981","-63.4375","-7.02514982223511","82","32.471","20.621","2.68135092","0.725257566580664","0.787021067946298","23.95817424",
"4/29/1981","-63.4375","-7.02514982223511","82","29.295","22.135","9.87396318","0.984884306026879","0.923631461875712","24.4288647",
"4/30/1981","-63.4375","-7.02514982223511","82","25.922","23.081","15.9061458744","1.3031439315803","0.967654346740179","15.68210526",
"5/1/1981","-63.4375","-7.02514982223511","82","25.438","20.607","8.21399256","1.01558591603492","0.96303444250372","6.989847552",
"5/2/1981","-63.4375","-7.02514982223511","82","33.552","19.683","1.0025020152","0.774405019698914","0.832484365830128","19.454112",
"5/3/1981","-63.4375","-7.02514982223511","82","33.329","21.203","14.616963","0.703839350591896","0.888757588246667","19.44134514",
"5/4/1981","-63.4375","-7.02514982223511","82","27.257","21.205","12.8385558","1.13901899704046","0.933645644157199","9.92520126",
"5/5/1981","-63.4375","-7.02514982223511","82","30.964","21.099","7.0707293856","1.02020716568115","0.872252645057386","17.16362676",
"5/6/1981","-63.4375","-7.02514982223511","82","31.367","21.742","3.376580148","1.22708701619877","0.899613131789005","13.4425665",
"5/7/1981","-63.4375","-7.02514982223511","82","31.45","20.096","2.760315444","0.906286684027041","0.885216572651312","17.47963062",
"5/8/1981","-63.4375","-7.02514982223511","82","30.141","21.012","4.70180304","1.0215541539945","0.890540210422923","24.11262288",
"5/9/1981","-63.4375","-7.02514982223511","82","30.899","20.575","3.9430674864","0.742348746381284","0.894256854991194","15.72659298",
"5/10/1981","-63.4375","-7.02514982223511","82","31.546","20.181","2.758600224","0.788479580039123","0.8528259003814","18.6686982",
"5/11/1981","-63.4375","-7.02514982223511","82","31.124","20.484","7.141121388","0.978397610924048","0.868564167403396","23.77901376",
"5/12/1981","-63.4375","-7.02514982223511","82","32.135","20.612","5.1970430088","0.917761872898281","0.829365169888739","22.23686934",
"5/13/1981","-63.4375","-7.02514982223511","82","33.427","20.246","1.4539716","1.02875659526224","0.754777127779126","22.87558584",
"5/14/1981","-63.4375","-7.02514982223511","82","29.771","20.912","1.939773168","0.739904639798027","0.875790118842782","12.16664982",
"5/15/1981","-63.4375","-7.02514982223511","82","32.752","20.368","3.4040439","0.72332528212057","0.845818282529441","14.4464652",
"5/16/1981","-63.4375","-7.02514982223511","82","31.803","20.177","0.024032592","0.763879608466171","0.815664008137042","16.939797948",
"5/17/1981","-63.4375","-7.02514982223511","82","33.022","18.635","0","1.23686737382835","0.742745948651852","23.8173759",
"5/18/1981","-63.4375","-7.02514982223511","82","33.519","18.378","0","1.16154596707757","0.658680305341904","24.4830888",
"5/19/1981","-63.4375","-7.02514982223511","82","34.504","19.62","0","1.17550757158629","0.579443243384667","23.25712896",
"5/20/1981","-63.4375","-7.02514982223511","82","32.944","21.608","1.51920396","1.27127075018311","0.757388499358796","15.49687914",
"5/21/1981","-63.4375","-7.02514982223511","82","33.387","18.831","1.27544436","1.19598063895418","0.737520084534163","23.4450009",
"5/22/1981","-63.4375","-7.02514982223511","82","32.998","23.121","0","1.28798053715375","0.65619356369345","11.595827448",
"5/23/1981","-63.4375","-7.02514982223511","82","33.956","20.967","0","1.33671223993816","0.620694429250354","20.2935402",
"5/24/1981","-63.4375","-7.02514982223511","82","32.999","22.59","1.035119088","0.759842660958597","0.772402170960916","11.74589802",
"5/25/1981","-63.4375","-7.02514982223511","82","34.026","20.245","0.024032592","1.12483841299729","0.732260409588317","21.06213336",
"5/26/1981","-63.4375","-7.02514982223511","82","33.703","21.777","0","0.9705887813977","0.69049868896186","17.2261674",
"5/27/1981","-63.4375","-7.02514982223511","82","33.418","22.097","0","1.40762442522613","0.592044530917997","20.93861178",
"5/28/1981","-63.4375","-7.02514982223511","82","33.477","19.603","0","1.36279894736402","0.589925329970382","19.99603962",
"5/29/1981","-63.4375","-7.02514982223511","82","33.263","20.17","0","1.21575719603918","0.575204228794057","19.4741442",
"5/30/1981","-63.4375","-7.02514982223511","82","30.893","19.254","0","1.16554005806333","0.623903517456135","16.04001798",
"5/31/1981","-63.4375","-7.02514982223511","82","33.19","20.173","0","0.936828132552163","0.645274712218037","17.58932028",
"6/1/1981","-63.4375","-7.02514982223511","82","32.059","21.379","6.1866776664","0.987861043774166","0.839464377847397","15.119949132",
"6/2/1981","-63.4375","-7.02514982223511","82","30.172","21.655","7.5187701","0.876201531271927","0.896232592067577","20.33370414",
"6/3/1981","-63.4375","-7.02514982223511","82","31.35","22.013","7.827766524","0.948027284592221","0.904058536564613","19.3991616",
"6/4/1981","-63.4375","-7.02514982223511","82","31.866","22.526","10.34774838","0.788959182365652","0.918300359394089","18.41585166",
"6/5/1981","-63.4375","-7.02514982223511","82","30.954","20.738","0.5630493528","0.833672773499115","0.842511237689546","12.39075522",
"6/6/1981","-63.4375","-7.02514982223511","82","33.598","19.003","0.1819610424","1.0730295849247","0.770393057984291","19.4881536",
"6/7/1981","-63.4375","-7.02514982223511","82","29.709","21.514","11.439509724","1.22592372749421","0.897766401911455","17.60512518",
"6/8/1981","-63.4375","-7.02514982223511","82","28.671","22.663","2.5405885728","1.67860421152801","0.854990785081839","18.7333929",
"6/9/1981","-63.4375","-7.02514982223511","82","32.754","21.182","1.77497856","1.08987744572447","0.805774933686927","15.1103268",
"6/10/1981","-63.4375","-7.02514982223511","82","34.114","21.703","3.9756792888","0.809892170348607","0.787209489493466","19.87926138",
"6/11/1981","-63.4375","-7.02514982223511","82","29.458","21.136","5.16700692","1.00349011752515","0.901893440555651","14.835432348",
"6/12/1981","-63.4375","-7.02514982223511","82","31.692","18.087","1.417923576","1.1097171922954","0.797521666698513","20.5886277",
"6/13/1981","-63.4375","-7.02514982223511","82","33.107","20.442","0.254058948","1.1812428490608","0.713350116613934","19.7310924",
"6/14/1981","-63.4375","-7.02514982223511","82","33.67","17.904","0","1.17479386416324","0.659581415964055","17.1028125",
"6/15/1981","-63.4375","-7.02514982223511","82","34.595","21.266","0","1.0393320406256","0.603444447543269","20.3178321",
"6/16/1981","-63.4375","-7.02514982223511","82","35.212","19.763","0","0.879826452210573","0.664729637893989","14.63314914",
"6/17/1981","-63.4375","-7.02514982223511","82","34.398","20.482","0","0.942566164369402","0.635611879480451","10.84624146",
"6/18/1981","-63.4375","-7.02514982223511","82","29.122","18.723","0","1.18870367933749","0.744727273646644","8.468381268",
"6/19/1981","-63.4375","-7.02514982223511","82","30.024","18.885","0.4531861584","1.17240698500248","0.793038762667454","11.9244339",
"6/20/1981","-63.4375","-7.02514982223511","82","33.203","19.304","0.425720088","1.31603237261318","0.686886958099662","8.24427972",
"6/21/1981","-63.4375","-7.02514982223511","82","35.525","18.316","0","0.784407874846547","0.669117730028513","15.71579784",
"6/22/1981","-63.4375","-7.02514982223511","82","33.026","20.749","0","1.1704754843477","0.648761968410987","19.20735108",
"6/23/1981","-63.4375","-7.02514982223511","82","34.49","21.812","0","1.38748407405738","0.530937313551361","18.1845018",
"6/24/1981","-63.4375","-7.02514982223511","82","33.575","22.004","0","1.3705489161386","0.501987141035032","14.63973732",
"6/25/1981","-63.4375","-7.02514982223511","82","34.507","17.541","0","0.950356547486591","0.613964023369815","17.2149174",
"6/26/1981","-63.4375","-7.02514982223511","82","31.773","15.589","0","1.09690171546653","0.657995890544848","11.79202428",
"6/27/1981","-63.4375","-7.02514982223511","82","34.107","15.154","0","1.36613631466259","0.561106675260097","23.10716304",
"6/28/1981","-63.4375","-7.02514982223511","82","34.679","17.025","0","1.29935649167959","0.47971960537849","23.39752554",
"6/29/1981","-63.4375","-7.02514982223511","82","35.639","16.68","0","0.92369404316868","0.590689256086168","23.23653876",
"6/30/1981","-63.4375","-7.02514982223511","82","33.493","20.312","0","0.988650434043709","0.543556710267376","16.173394668",
"7/1/1981","-63.4375","-7.02514982223511","82","35.192","20.57","0","1.00106416507039","0.623291196104876","14.45839254",
"7/2/1981","-63.4375","-7.02514982223511","82","34.166","23.633","0.078964236","1.13216178503897","0.580394199403099","16.4953701",
"7/3/1981","-63.4375","-7.02514982223511","82","34.566","19.981","0","1.68955901670025","0.507154845315826","23.32783332",
"7/4/1981","-63.4375","-7.02514982223511","82","33.915","18.135","0","1.52092775945403","0.476936890304459","23.2697844",
"7/5/1981","-63.4375","-7.02514982223511","82","34.162","18.102","0","1.28623366464184","0.523311263685457","17.51253948",
"7/6/1981","-63.4375","-7.02514982223511","82","33.999","17.622","0","1.52811060045692","0.504515197954968","23.1110397",
"7/7/1981","-63.4375","-7.02514982223511","82","32.006","16.535","0","1.30588507241894","0.587996062019033","14.042027952",
"7/8/1981","-63.4375","-7.02514982223511","82","33.267","14.734","0","1.32029785289526","0.577694442058957","22.48082334",
"7/9/1981","-63.4375","-7.02514982223511","82","34.662","15.465","0","1.10182136768787","0.587151172082317","21.32386542",
"7/10/1981","-63.4375","-7.02514982223511","82","30.058","18.881","0.0343322856","1.01643905923596","0.630451630879293","11.55223404",
"7/11/1981","-63.4375","-7.02514982223511","82","31.61","16.564","0","1.49444462574391","0.699900378393369","22.52852334",
"7/12/1981","-63.4375","-7.02514982223511","82","34.947","16.146","0","1.15765125585882","0.580960881564701","21.9229857",
"7/13/1981","-63.4375","-7.02514982223511","82","35.183","15.557","0","1.23315418805182","0.484034774530315","23.66949186",
"7/14/1981","-63.4375","-7.02514982223511","82","34.596","20.807","0","1.20294319620417","0.436795827035653","19.56841758",
"7/15/1981","-63.4375","-7.02514982223511","82","34.605","16.626","0","0.750202238310899","0.588134921533823","7.981365492",
"7/16/1981","-63.4375","-7.02514982223511","82","37.438","14.608","0","0.506745156300682","0.695052236572028","23.58107028",
"7/17/1981","-63.4375","-7.02514982223511","82","36.497","15.753","0","1.29218779156976","0.484576527014261","23.7056634",
"7/18/1981","-63.4375","-7.02514982223511","82","33.165","20.775","0","2.29972589662359","0.421594086732571","23.6864223",
"7/19/1981","-63.4375","-7.02514982223511","82","27.535","17.556","0","2.83238497755011","0.430196661153804","24.156951408",
"7/20/1981","-63.4375","-7.02514982223511","82","27.712","14.99","0","2.00690794498825","0.389029694430697","20.085069528",
"7/21/1981","-63.4375","-7.02514982223511","82","33.197","13.688","0","0.951668221622727","0.538172199790693","23.9352192",
"7/22/1981","-63.4375","-7.02514982223511","82","34.865","14.332","0","0.971059058519843","0.527245874603482","21.105398808",
"7/23/1981","-63.4375","-7.02514982223511","82","32.855","22.181","0","1.43984087839158","0.514090732911848","9.9763299",
"7/24/1981","-63.4375","-7.02514982223511","82","31.513","21.101","0","2.35135737634554","0.397124668667627","18.456693768",
"7/25/1981","-63.4375","-7.02514982223511","82","33.027","16.183","0","1.72507208008753","0.444874345085825","24.33397716",
"7/26/1981","-63.4375","-7.02514982223511","82","34.278","18.204","0","1.48273554795083","0.449227857597997","24.17636466",
"7/27/1981","-63.4375","-7.02514982223511","82","35.49","17.155","0","1.23776232715507","0.473779346548823","23.823174888",
"7/28/1981","-63.4375","-7.02514982223511","82","37.512","21.639","0","0.782677855464024","0.450630451658923","24.33049722",
"7/29/1981","-63.4375","-7.02514982223511","82","37.087","18.646","0","0.958769980247168","0.454784834295102","19.251220248",
"7/30/1981","-63.4375","-7.02514982223511","82","36.995","13.128","0","1.00011649740507","0.47999749251511","24.21089298",
"7/31/1981","-63.4375","-7.02514982223511","82","37.616","14.991","0","1.14591227042665","0.454484915100554","24.7407138",
"8/1/1981","-63.4375","-7.02514982223511","82","37.829","18.927","0","1.30488894209778","0.384897728494317","24.40293534",
"8/2/1981","-63.4375","-7.02514982223511","82","39.029","23.878","0","1.08364711135917","0.441254342399417","17.24417424",
"8/3/1981","-63.4375","-7.02514982223511","82","31.272","18.687","0","1.43599522310887","0.662469478168642","14.72900436",
"8/4/1981","-63.4375","-7.02514982223511","82","35.344","18.412","0.0411987312","1.13970400890293","0.645707577725426","14.04180054",
"8/5/1981","-63.4375","-7.02514982223511","82","38.439","16.981","0","1.02544916326616","0.508689937376831","24.40687824",
"8/6/1981","-63.4375","-7.02514982223511","82","35.2","20.654","0.0703811664","1.01524064973058","0.534912713544567","14.384082168",
"8/7/1981","-63.4375","-7.02514982223511","82","31.307","20.997","0.247192272","1.50271365388459","0.607300922918105","11.894514372",
"8/8/1981","-63.4375","-7.02514982223511","82","36.911","21.301","0.034332264","1.28467347649247","0.558102873640725","14.29649964",
"8/9/1981","-63.4375","-7.02514982223511","82","35.569","17.301","0","1.34631310560176","0.484438379321996","15.8949027",
"8/10/1981","-63.4375","-7.02514982223511","82","37.836","19.408","0","1.58344335180072","0.452052204833162","25.412624208",
"8/11/1981","-63.4375","-7.02514982223511","82","36.676","21.028","0","1.62092740782667","0.366307398908169","19.70049717",
"8/12/1981","-63.4375","-7.02514982223511","82","38.951","17.751","0","1.21462868481112","0.38011798919377","25.6910607",
"8/13/1981","-63.4375","-7.02514982223511","82","39.449","21.56","0","1.20416312808149","0.423991820155151","24.92516988",
"8/14/1981","-63.4375","-7.02514982223511","82","36.956","20.959","0","1.50035332129241","0.483816966970133","15.8887197",
"8/15/1981","-63.4375","-7.02514982223511","82","39.207","20.711","0.0308990592","0.965091420645717","0.524896874624495","12.251475",
"8/16/1981","-63.4375","-7.02514982223511","82","35.811","20.347","0","1.58676061918826","0.501090563046632","19.20830328",
"8/17/1981","-63.4375","-7.02514982223511","82","38.676","19.587","0","1.31006251995895","0.409266361805229","20.48861043",
"8/18/1981","-63.4375","-7.02514982223511","82","39.44","21.741","0","1.57903326744253","0.37819138019501","19.409728968",
"8/19/1981","-63.4375","-7.02514982223511","82","37.98","20.487","0","1.06300417319902","0.397937297609283","15.1647183",
"8/20/1981","-63.4375","-7.02514982223511","82","38.604","20.242","0.078964236","0.758195545711572","0.498492069735417","12.782585628",
"8/21/1981","-63.4375","-7.02514982223511","82","39.176","19.39","0","1.13652889796644","0.541624356642549","17.8398549",
"8/22/1981","-63.4375","-7.02514982223511","82","38.024","19.115","0","1.26658823939051","0.446042179490534","18.44111592",
"8/23/1981","-63.4375","-7.02514982223511","82","37.203","20.816","3.44009268","0.812911046460284","0.635389991098959","13.9075317",
"8/24/1981","-63.4375","-7.02514982223511","82","37.859","20.98","0","1.72176168216963","0.46441034788412","16.86487824",
"8/25/1981","-63.4375","-7.02514982223511","82","36.824","20.451","0","1.1254209752602","0.511720049817029","14.27630598",
"8/26/1981","-63.4375","-7.02514982223511","82","37.749","20.414","0.41885352","1.3838005023559","0.49859979025585","16.49469474",
"8/27/1981","-63.4375","-7.02514982223511","82","36.688","22.175","0.8926395048","1.18080970770942","0.662348854768745","16.20922032",
"8/28/1981","-63.4375","-7.02514982223511","82","37.372","22.054","0.243759132","1.66188977079234","0.593531222951038","16.274974248",
"8/29/1981","-63.4375","-7.02514982223511","82","34.519","20.692","0.806808456","1.24353026340827","0.672777370924634","17.416124712",
"8/30/1981","-63.4375","-7.02514982223511","82","38.761","21.971","0.738144","1.6981460033571","0.497741737616551","26.8610589",
"8/31/1981","-63.4375","-7.02514982223511","82","39.145","18.362","0","1.50463697431367","0.32572010143768","27.438242112",
"9/1/1981","-63.4375","-7.02514982223511","82","39.805","18.827","0","1.40811445679093","0.241565819637535","27.96086844",
"9/2/1981","-63.4375","-7.02514982223511","82","40.64","19.873","0","1.52530974112216","0.383505627620823","16.4158875",
"9/3/1981","-63.4375","-7.02514982223511","82","39.134","18.563","0","1.33799770920762","0.427861951758326","25.9842969",
"9/4/1981","-63.4375","-7.02514982223511","82","38.761","22.42","0","1.17479073686272","0.405513335690081","19.32846192",
"9/5/1981","-63.4375","-7.02514982223511","82","41.55","22.227","0","1.06954551574427","0.383477685836568","20.55425724",
"9/6/1981","-63.4375","-7.02514982223511","82","41.683","25.013","0","1.34372253745578","0.320806796777287","14.441456232",
"9/7/1981","-63.4375","-7.02514982223511","82","41.447","24.116","0","1.40564343742617","0.436304817559261","16.8096951",
"9/8/1981","-63.4375","-7.02514982223511","82","40.069","24.833","0","1.98197058085257","0.426663305989685","21.79057338",
"9/9/1981","-63.4375","-7.02514982223511","82","40.409","22.954","0.01373292","1.18235440896933","0.465438746538209","16.94306016",
"9/10/1981","-63.4375","-7.02514982223511","82","40.087","22.072","0.02059938","1.10895593628606","0.49157653274173","16.64184276",
"9/11/1981","-63.4375","-7.02514982223511","82","39.853","21.505","0","1.61755997398966","0.380566877780789","19.7856036",
"9/12/1981","-63.4375","-7.02514982223511","82","39.183","21.626","0","1.30543705524873","0.432903325438613","12.8729259",
"9/13/1981","-63.4375","-7.02514982223511","82","39.793","23.405","0","1.49716729899752","0.447442637262748","19.990746072",
"9/14/1981","-63.4375","-7.02514982223511","82","37.678","26.164","0","1.27339962991134","0.392168755793823","15.73352208",
"9/15/1981","-63.4375","-7.02514982223511","82","39.518","23.086","0","1.50154215654194","0.40279974072456","17.96371848",
"9/16/1981","-63.4375","-7.02514982223511","82","38.468","21.214","0","2.38546079088124","0.261713754180192","27.14962482",
"9/17/1981","-63.4375","-7.02514982223511","82","41.678","24.227","0","1.43120434140189","0.338781681575433","18.597822552",
"9/18/1981","-63.4375","-7.02514982223511","82","36.975","25.538","0.0034332264","1.40014606962998","0.443990049051844","20.129509728",
"9/19/1981","-63.4375","-7.02514982223511","82","37.316","22.567","0.168227892","1.3348768031822","0.523193072805414","16.47657468",
"9/20/1981","-63.4375","-7.02514982223511","82","39.695","21.088","0","1.11489638720849","0.479589495084372","10.35005418",
"9/21/1981","-63.4375","-7.02514982223511","82","39.856","24.253","0.017166132","1.41480524592187","0.508487898954172","15.319180728",
"9/22/1981","-63.4375","-7.02514982223511","82","40.084","22.328","0","0.944216192441948","0.408159049074535","21.15619164",
"9/23/1981","-63.4375","-7.02514982223511","82","43.705","25.567","0","1.41053228475697","0.352315688993763","21.599098668",
"9/24/1981","-63.4375","-7.02514982223511","82","42.385","22.26","0","1.44763340179859","0.392751451959692","18.35640054",
"9/25/1981","-63.4375","-7.02514982223511","82","39.938","22.546","0","1.15137110799835","0.404414779869873","11.653147728",
"9/26/1981","-63.4375","-7.02514982223511","82","43.784","26.17","0","1.14357464416196","0.316097525809199","17.71177608",
"9/27/1981","-63.4375","-7.02514982223511","82","39.268","21.442","0","1.26116886669838","0.325169571261168","20.2275054",
"9/28/1981","-63.4375","-7.02514982223511","82","38.868","25.079","0.4051206","1.83337846058701","0.409503600060792","22.92193305",
"9/29/1981","-63.4375","-7.02514982223511","82","38.241","23.526","0.2368926","1.47056695247199","0.470524992815745","23.9432058",
"9/30/1981","-63.4375","-7.02514982223511","82","31.195","20.743","6.045916896","2.06822030891187","0.791517041416338","16.099588008",
"10/1/1981","-63.4375","-7.02514982223511","82","37.149","19.487","0.21286008","1.388549545807","0.545669590338895","16.58283048",
"10/2/1981","-63.4375","-7.02514982223511","82","38.32","25.061","0","1.43591060246508","0.539462265269298","19.0941759",
"10/3/1981","-63.4375","-7.02514982223511","82","36.546","23.784","0.463485852","1.15105355012258","0.560385703867228","12.637863468",
"10/4/1981","-63.4375","-7.02514982223511","82","38.852","21.766","0.19912716","1.10592002740657","0.499347471825979","18.5192982",
"10/5/1981","-63.4375","-7.02514982223511","82","35.789","24.241","0.59738148","1.3115334679418","0.55072087809715","16.54993206",
"10/6/1981","-63.4375","-7.02514982223511","82","39.428","23.237","0.56991582","1.33215754516783","0.553929268736434","18.372438",
"10/7/1981","-63.4375","-7.02514982223511","82","36.505","22.564","0.130462632","1.29744116832627","0.58285257058652","15.10863228",
"10/8/1981","-63.4375","-7.02514982223511","82","38.966","21.21","0.05493168","1.76637304425743","0.49262197683023","18.67960944",
"10/9/1981","-63.4375","-7.02514982223511","82","36.745","23.363","1.572418044","1.09596177598474","0.566166360951173","17.218684728",
"10/10/1981","-63.4375","-7.02514982223511","82","37.652","22.025","2.01701988","1.04286977479931","0.644157538462875","10.02313296",
"10/11/1981","-63.4375","-7.02514982223511","82","37.353","22.826","0.14076234","1.39329894094192","0.614317820184778","13.47997248",
"10/12/1981","-63.4375","-7.02514982223511","82","32.508","22.821","1.1569977144","1.34710738853408","0.75395435963728","11.31756156",
"10/13/1981","-63.4375","-7.02514982223511","82","35.061","21.347","0.521850564","1.41448044647855","0.644475359697054","15.21579024",
"10/14/1981","-63.4375","-7.02514982223511","82","35.294","21.497","0.1407622104","1.50197497635852","0.653353305609254","17.3372112",
"10/15/1981","-63.4375","-7.02514982223511","82","35.849","20.983","1.8333432","1.19193415726297","0.637751576601368","21.10618548",
"10/16/1981","-63.4375","-7.02514982223511","82","32.078","21.218","3.95850996","1.62972282835201","0.784611360208161","17.21407824",
"10/17/1981","-63.4375","-7.02514982223511","82","38.992","20.924","0","1.26368247443451","0.547355642327421","28.01351268",
"10/18/1981","-63.4375","-7.02514982223511","82","39.386","22.797","0","1.39119520747257","0.494238052112658","19.5280938",
"10/19/1981","-63.4375","-7.02514982223511","82","42.632","23.965","0","1.09014817181852","0.453431164843911","14.89196646",
"10/20/1981","-63.4375","-7.02514982223511","82","36.429","23.556","0.0171661392","1.5328295580576","0.567215837908354","16.78230324",
"10/21/1981","-63.4375","-7.02514982223511","82","36.93","23.164","1.5672681288","1.08552577154205","0.744734160271511","12.4381656",
"10/22/1981","-63.4375","-7.02514982223511","82","37.59","21.796","0.0137329056","1.25047747168183","0.589207985488333","16.73527608",
"10/23/1981","-63.4375","-7.02514982223511","82","32.357","22.328","1.08489978","1.07336298403488","0.701232559298348","10.6260732",
"10/24/1981","-63.4375","-7.02514982223511","82","31.08","22.506","0.4428863064","1.65844972233226","0.719561957154161","12.24579348",
"10/25/1981","-63.4375","-7.02514982223511","82","36.501","22.626","0.463485888","1.35521586850584","0.635585879025787","17.56384452",
"10/26/1981","-63.4375","-7.02514982223511","82","39.092","18.307","0","1.20150845135022","0.460730836129702","27.678996",
"10/27/1981","-63.4375","-7.02514982223511","82","36.945","23.66","0","1.46093470313503","0.472488437967523","15.44985072",
"10/28/1981","-63.4375","-7.02514982223511","82","37.791","22.112","0","1.21650613350294","0.490923181158706","18.11565216",
"10/29/1981","-63.4375","-7.02514982223511","82","40.736","21.643","0.518417532","1.0811528923895","0.525126087226706","17.3095866",
"10/30/1981","-63.4375","-7.02514982223511","82","36.435","22.166","0","1.08792476891312","0.585359907657009","20.18885544",
"10/31/1981","-63.4375","-7.02514982223511","82","40.704","23.256","0.171661356","0.771035521149546","0.54073337849972","16.69899528",
"11/1/1981","-63.4375","-7.02514982223511","82","28.666","22.958","0.6179813712","1.41074309981097","0.719001401875778","5.52076272",
"11/2/1981","-63.4375","-7.02514982223511","82","31.329","23.998","0","1.68147101056592","0.691197769805579","14.41231488",
"11/3/1981","-63.4375","-7.02514982223511","82","37.296","24.549","0.120162852","1.40451637786542","0.583196188216177","17.6006844",
"11/4/1981","-63.4375","-7.02514982223511","82","35.003","22.636","19.13680476","1.60457776403673","0.766048005744172","12.5059455",
"11/5/1981","-63.4375","-7.02514982223511","82","31.088","22.954","0.0137329056","1.44316761433584","0.743170887266884","11.4016527",
"11/6/1981","-63.4375","-7.02514982223511","82","37.019","24.015","0.284957928","0.944951296781493","0.581095315736119","13.5980928",
"11/7/1981","-63.4375","-7.02514982223511","82","39.658","24.154","0","0.6646899079256","0.552455978481679","18.27630342",
"11/8/1981","-63.4375","-7.02514982223511","82","38.197","25.185","0","1.32187010475539","0.468333570662041","22.9604049",
"11/9/1981","-63.4375","-7.02514982223511","82","30.859","24.604","0","0.969630025750668","0.620455674770897","3.381974172",
"11/10/1981","-63.4375","-7.02514982223511","82","35.557","23.6","0.28152468","1.78767669782119","0.646125802911447","14.45220468",
"11/11/1981","-63.4375","-7.02514982223511","82","28.958","21.562","23.996540412","1.17726996826107","0.902520512619559","6.334990452",
"11/12/1981","-63.4375","-7.02514982223511","82","30.78","20.284","7.3574105328","1.07120221503366","0.892275723613257","16.9107156",
"11/13/1981","-63.4375","-7.02514982223511","82","33.912","23.528","2.032471152","1.02884326456663","0.742228640024321","16.40205162",
"11/14/1981","-63.4375","-7.02514982223511","82","30.513","23.442","34.09194258","1.05001544334171","0.8581114142763","10.40630832",
"11/15/1981","-63.4375","-7.02514982223511","82","28.172","21.896","7.6835615904","1.26474622403026","0.898990065390097","7.41453552",
"11/16/1981","-63.4375","-7.02514982223511","82","25.055","21.778","11.278151604","1.00414401226476","0.958588846455805","5.485163328",
"11/17/1981","-63.4375","-7.02514982223511","82","24.523","19.881","12.2497544664","0.871763573072823","0.971161271206218","2.20280634",
"11/18/1981","-63.4375","-7.02514982223511","82","36.272","19.144","3.0469905","0.625998969537671","0.788147041961638","17.7327585",
"11/19/1981","-63.4375","-7.02514982223511","82","29.069","22.727","3.76968366","1.44501599699352","0.831070223624327","8.9496018",
"11/20/1981","-63.4375","-7.02514982223511","82","31.462","22.618","8.4972356784","1.40128585518046","0.846585858297213","17.0934759",
"11/21/1981","-63.4375","-7.02514982223511","82","31.11","23.794","5.0605790544","1.13003276717237","0.874471275177747","21.8666223",
"11/22/1981","-63.4375","-7.02514982223511","82","28.544","22.299","25.378435692","1.20367823092109","0.888128801696916","10.953841032",
"11/23/1981","-63.4375","-7.02514982223511","82","36.324","20.388","0.83770812","0.793423860365126","0.658235224820038","16.8297147",
"11/24/1981","-63.4375","-7.02514982223511","82","29.182","23.137","4.318999308","1.37237934128631","0.887522537298004","16.3090098",
"11/25/1981","-63.4375","-7.02514982223511","82","34.916","22.395","4.809950424","1.04367949958175","0.803017893187123","16.89788898",
"11/26/1981","-63.4375","-7.02514982223511","82","37.15","21.643","2.087401752","0.890831175042575","0.70646675741132","21.32195796",
"11/27/1981","-63.4375","-7.02514982223511","82","34.613","23.213","13.310618544","0.999958520131739","0.76598693731735","20.37239442",
"11/28/1981","-63.4375","-7.02514982223511","82","31.134","22.654","25.02478224","1.31470325668756","0.853669958715809","13.50331632",
"11/29/1981","-63.4375","-7.02514982223511","82","32.526","22.09","6.2862413256","0.983023251003234","0.833686380641335","23.92970958",
"11/30/1981","-63.4375","-7.02514982223511","82","37.212","22.788","3.43322946","1.16124392264172","0.754046019741542","16.28217828",
"12/1/1981","-63.4375","-7.02514982223511","82","30.618","22.777","7.079316012","1.17773302556801","0.865905366613152","17.6142366",
"12/2/1981","-63.4375","-7.02514982223511","82","37.342","22.013","34.6618529064","1.03770003447185","0.809083449553888","15.27642792",
"12/3/1981","-63.4375","-7.02514982223511","82","31.399","22.832","4.113007056","1.49257521099738","0.820266652806697","16.579692",
"12/4/1981","-63.4375","-7.02514982223511","82","33.441","20.641","3.402327204","1.0789834085161","0.775683339973072","25.0810344",
"12/5/1981","-63.4375","-7.02514982223511","82","25.053","21.481","3.6066057264","1.26256149708404","0.951554581336967","6.46801632",
"12/6/1981","-63.4375","-7.02514982223511","82","28.969","20.521","2.0015712864","1.17691605249346","0.873422517165179","11.87325216",
"12/7/1981","-63.4375","-7.02514982223511","82","32.975","23.371","2.166367716","1.63123149981249","0.786211761435555","18.23680944",
"12/8/1981","-63.4375","-7.02514982223511","82","30.411","22.341","5.17730832","1.36095536326845","0.876098289876009","15.84455724",
"12/9/1981","-63.4375","-7.02514982223511","82","34.538","20.964","6.71024664","1.21756232492391","0.822969444620239","28.11948192",
"12/10/1981","-63.4375","-7.02514982223511","82","31.883","23.142","4.58679366","0.927436920733331","0.867903859749272","21.376856268",
"12/11/1981","-63.4375","-7.02514982223511","82","32.271","22.135","3.4057606176","1.03363100537867","0.876735731567187","16.57799982",
"12/12/1981","-63.4375","-7.02514982223511","82","29.343","21.767","27.5173569","0.858260044661276","0.945624470214221","12.83540652",
"12/13/1981","-63.4375","-7.02514982223511","82","29.356","22.469","14.924241","0.853178729140242","0.927773785221707","22.84695252",
"12/14/1981","-63.4375","-7.02514982223511","82","33.583","22.674","8.7581559528","1.14604473154716","0.887245023220231","14.6536857",
"12/15/1981","-63.4375","-7.02514982223511","82","34.813","22.433","8.4594750624","1.10390615248172","0.837772774478335","13.77663426",
"12/16/1981","-63.4375","-7.02514982223511","82","31.267","22.969","8.332447608","0.970506700324572","0.918029720228497","15.92032248",
"12/17/1981","-63.4375","-7.02514982223511","82","34.018","23.504","5.9154511824","1.07195726161971","0.879501794687838","21.01697316",
"12/18/1981","-63.4375","-7.02514982223511","82","25.588","23.16","8.740997568","1.16401854576713","0.96248022240429","5.26044384",
"12/19/1981","-63.4375","-7.02514982223511","82","30.178","22.653","19.46296116","0.840666928286074","0.893525992172214","15.13198458",
"12/20/1981","-63.4375","-7.02514982223511","82","28.874","22.372","4.555892124","1.08557171415083","0.871088294659499","11.90659932",
"12/21/1981","-63.4375","-7.02514982223511","82","30.284","20.929","1.912308012","1.17626517395549","0.76037424150369","19.90709928",
"12/22/1981","-63.4375","-7.02514982223511","82","29.706","21.913","10.07652816","0.748053177314187","0.884283854393191","27.42097482",
"12/23/1981","-63.4375","-7.02514982223511","82","31.093","23.251","3.319931988","1.03550779279335","0.852409931770444","20.89653354",
"12/24/1981","-63.4375","-7.02514982223511","82","33.359","23.553","10.9382448888","1.53494738953136","0.831753650279171","18.70351452",
"12/25/1981","-63.4375","-7.02514982223511","82","27.497","20.957","54.13683492","0.872297612445785","0.947189482598729","26.69219982",
"12/26/1981","-63.4375","-7.02514982223511","82","30.776","20.91","13.80501036","0.950731996617898","0.925669434574982","25.23836556",
"12/27/1981","-63.4375","-7.02514982223511","82","34.3","23.178","5.759240184","1.00585792792021","0.89872429836184","16.12023624",
"12/28/1981","-63.4375","-7.02514982223511","82","33.275","22.901","3.314779992","0.956422017584513","0.8558320759488","22.13443008",
"12/29/1981","-63.4375","-7.02514982223511","82","35.186","22.545","6.3051264","0.995675158892807","0.824575365478586","17.0090982",
"12/30/1981","-63.4375","-7.02514982223511","82","31.35","22.696","9.142676856","0.578024844668674","0.901187008135806","21.81234636",
"12/31/1981","-63.4375","-7.02514982223511","82","33.568","22.596","6.6673314432","0.712825423014175","0.853495012426819","17.365675392",
"1/1/1982","-63.4375","-7.02514982223511","82","30.723","23.273","17.09918316","0.829884249996223","0.901134427123767","16.6254183",
"1/2/1982","-63.4375","-7.02514982223511","82","24.855","22.317","68.245625304","1.0722004179226","0.975549422521373","1.792575",
"1/3/1982","-63.4375","-7.02514982223511","82","27.029","20.073","21.53664936","0.708105233685675","0.941276894228619","9.533809512",
"1/4/1982","-63.4375","-7.02514982223511","82","33.714","19.909","5.160144924","0.932871002714398","0.80837515605509","20.96032482",
"1/5/1982","-63.4375","-7.02514982223511","82","30.92","21.944","4.113006084","0.867212441196491","0.922480907302509","16.096497768",
"1/6/1982","-63.4375","-7.02514982223511","82","27.256","19.975","0.4566195576","1.09497944125681","0.866392210763211","12.20478444",
"1/7/1982","-63.4375","-7.02514982223511","82","29.784","20.395","3.5327898","1.20754022884975","0.860066599760384","24.33301938",
"1/8/1982","-63.4375","-7.02514982223511","82","32.425","20.565","1.527786144","1.37942176537082","0.787458093517388","21.1380174",
"1/9/1982","-63.4375","-7.02514982223511","82","32.567","21.499","5.3077668048","1.24019475877292","0.81831972380762","22.5178353",
"1/10/1982","-63.4375","-7.02514982223511","82","28.741","22.417","22.3657601544","1.04249062375691","0.935456037100605","15.388078788",
"1/11/1982","-63.4375","-7.02514982223511","82","31.097","22.182","2.319144696","0.560405660000813","0.875624802135575","14.56774038",
"1/12/1982","-63.4375","-7.02514982223511","82","34.824","21.871","4.3052682816","0.812799383108037","0.846321402025959","14.65835166",
"1/13/1982","-63.4375","-7.02514982223511","82","30.443","23.096","32.75470872","1.07966782670244","0.919666432736631","13.710318102",
"1/14/1982","-63.4375","-7.02514982223511","82","27.841","23.25","20.898057708","0.624865654109459","0.941678180531056","14.005914984",
"1/15/1982","-63.4375","-7.02514982223511","82","27.526","23.251","59.52526308","0.90760498647448","0.944409969525881","7.42505967",
"1/16/1982","-63.4375","-7.02514982223511","82","24.412","22.15","72.0085356","0.534607924648801","0.975708084281364","4.16238354",
"1/17/1982","-63.4375","-7.02514982223511","82","22.701","21.124","5.45024664","0.827892113985112","0.976640318938685","2.437762302",
"1/18/1982","-63.4375","-7.02514982223511","82","24.576","20.917","1.685713824","0.825428273741258","0.959804290151654","4.895272548",
"1/19/1982","-63.4375","-7.02514982223511","82","28.795","20.465","4.590225612","0.903958313578962","0.926766624248132","9.828341352",
"1/20/1982","-63.4375","-7.02514982223511","82","32.652","20.607","2.3929604064","1.12707005030642","0.845390747782662","23.6280978",
"1/21/1982","-63.4375","-7.02514982223511","82","30.018","21.042","9.341815392","1.19367448957213","0.900228048089559","26.244390888",
"1/22/1982","-63.4375","-7.02514982223511","82","29.026","21.936","1.867675788","1.48289280732459","0.859762912752597","20.692404072",
"1/23/1982","-63.4375","-7.02514982223511","82","28.475","21.321","17.111208348","1.06587824639417","0.939702609036743","10.406418318",
"1/24/1982","-63.4375","-7.02514982223511","82","24.725","22.167","92.6696916","0.693459896604639","0.975924995473346","6.069655368",
"1/25/1982","-63.4375","-7.02514982223511","82","28.951","21.24","10.196686476","0.852324500664305","0.930737624951542","13.71796398",
"1/26/1982","-63.4375","-7.02514982223511","82","28.254","20.266","3.982544748","0.746494470607975","0.900847621361154","16.79619492",
"1/27/1982","-63.4375","-7.02514982223511","82","29.042","21.865","7.0432686","1.26046856273134","0.900572896449421","20.819196792",
"1/28/1982","-63.4375","-7.02514982223511","82","27.242","21.906","16.34902956","0.912599960408562","0.955140764655836","25.356157848",
"1/29/1982","-63.4375","-7.02514982223511","82","27.55","21.705","13.34839068","0.746695234835166","0.938612955667476","9.3569049",
"1/30/1982","-63.4375","-7.02514982223511","82","27.544","20.744","0.7759094544","0.835927813739135","0.898968414516185","11.92511574",
"1/31/1982","-63.4375","-7.02514982223511","82","24.924","19.645","5.730057972","0.640801980912363","0.972665002883616","2.853505458",
"2/1/1982","-63.4375","-7.02514982223511","82","27.347","21.303","6.54887988","0.711648020764114","0.94594546655985","9.78974676",
"2/2/1982","-63.4375","-7.02514982223511","82","28.451","22.797","52.486302528","0.863165283171067","0.941399953037357","19.533881232",
"2/3/1982","-63.4375","-7.02514982223511","82","25.985","22.087","48.24975312","0.779746850504199","0.961553108233989","7.484120928",
"2/4/1982","-63.4375","-7.02514982223511","82","26.778","22.062","16.55673966","0.991152142807644","0.965226290067438","17.05724874",
"2/5/1982","-63.4375","-7.02514982223511","82","26.127","22.567","2.1680835912","0.957558655959332","0.938858752952398","5.7802491",
"2/6/1982","-63.4375","-7.02514982223511","82","26.475","22.174","3.0796055064","0.885635727619241","0.952134176405487","8.510684292",
"2/7/1982","-63.4375","-7.02514982223511","82","27.924","21.901","2.5045379424","0.602580559601758","0.914055485576469","9.341215128",
"2/8/1982","-63.4375","-7.02514982223511","82","25.517","22.565","17.30346228","0.842060944662574","0.968720518069523","10.9667826",
"2/9/1982","-63.4375","-7.02514982223511","82","28.333","21.726","2.73456648","1.28329914982752","0.905007256181807","14.04955854",
"2/10/1982","-63.4375","-7.02514982223511","82","28.544","20.474","0.9544370904","0.893011901485676","0.894449143222417","12.07551816",
"2/11/1982","-63.4375","-7.02514982223511","82","31.792","22.452","4.789351152","1.15202012231417","0.84920365189639","20.1655089",
"2/12/1982","-63.4375","-7.02514982223511","82","28.306","21.348","18.384934392","0.676233175235924","0.946337049999581","11.10217221",
"2/13/1982","-63.4375","-7.02514982223511","82","27.791","22.345","8.647438572","1.05766446535716","0.932180156156632","18.5479272",
"2/14/1982","-63.4375","-7.02514982223511","82","27.689","22.56","6.2347388184","1.06384839244729","0.928575873657579","16.7630634",
"2/15/1982","-63.4375","-7.02514982223511","82","26.599","21.194","24.66257976","1.11758350242436","0.94648358122618","10.282384188",
"2/16/1982","-63.4375","-7.02514982223511","82","32.985","21.794","4.8202521984","0.965727548043438","0.907925405477614","18.062269452",
"2/17/1982","-63.4375","-7.02514982223511","82","25.52","22.46","10.181237148","1.11246684574066","0.969013359898656","7.832986542",
"2/18/1982","-63.4375","-7.02514982223511","82","23.729","22.121","13.97323872","0.671325271913175","0.977188376585363","2.572030656",
"2/19/1982","-63.4375","-7.02514982223511","82","30.615","21.65","15.1062055272","0.976569279135842","0.893699236185536","17.101633032",
"2/20/1982","-63.4375","-7.02514982223511","82","26.379","21.302","9.57012156","0.913871782924438","0.956157880867337","11.427527988",
"2/21/1982","-63.4375","-7.02514982223511","82","30.558","22.266","8.1556321824","1.07189159869656","0.929816297955279","23.05068831",
"2/22/1982","-63.4375","-7.02514982223511","82","29.142","22.405","17.705163564","1.01264301936136","0.907255734529422","23.543547408",
"2/23/1982","-63.4375","-7.02514982223511","82","27.774","22.671","27.1774313064","0.880044121331387","0.950783020754067","23.670673992",
"2/24/1982","-63.4375","-7.02514982223511","82","28.575","20.968","7.5513847464","1.49947180202976","0.934210890547759","15.1505406",
"2/25/1982","-63.4375","-7.02514982223511","82","29.641","19.862","0.7896416832","0.966991059805927","0.860402417127782","19.549349928",
"2/26/1982","-63.4375","-7.02514982223511","82","31.063","19.164","2.66933916","0.909510865060195","0.872232708049922","18.075259872",
"2/27/1982","-63.4375","-7.02514982223511","82","30.283","22.055","0.5038265016","1.24904791655322","0.820295801334888","20.120843808",
"2/28/1982","-63.4375","-7.02514982223511","82","31.237","22.512","17.224503588","1.03998618860399","0.879730842623106","24.733744128",
"3/1/1982","-63.4375","-7.02514982223511","82","25.495","21.876","23.1021889488","0.863676693294819","0.973638919237975","5.775469488",
"3/2/1982","-63.4375","-7.02514982223511","82","30.664","21.689","4.1662235376","0.620330441779473","0.897795165631038","19.805854392",
"3/3/1982","-63.4375","-7.02514982223511","82","27.352","23.129","5.546377116","0.932326210474723","0.936261621217495","15.773120388",
"3/4/1982","-63.4375","-7.02514982223511","82","33.937","21.749","8.85600936","1.15342542515844","0.860059731921115","25.17412959",
"3/5/1982","-63.4375","-7.02514982223511","82","28.974","22.802","17.911150776","0.921058663776831","0.94304578305321","15.777166752",
"3/6/1982","-63.4375","-7.02514982223511","82","27.86","22.848","14.33544804","0.938239407238748","0.945975678435844","14.56233885",
"3/7/1982","-63.4375","-7.02514982223511","82","25.613","22.726","157.430679804","0.623268451419357","0.975219097436029","7.38601659",
"3/8/1982","-63.4375","-7.02514982223511","82","24.044","21.863","3.7302000984","0.691039873941239","0.972147059451863","3.18015009",
"3/9/1982","-63.4375","-7.02514982223511","82","24.015","21.11","2.2264476624","1.08436307259968","0.956705080188605","4.064346",
"3/10/1982","-63.4375","-7.02514982223511","82","27.831","20.664","0.5510333448","1.53416025150058","0.852801079262359","18.6426558",
"3/11/1982","-63.4375","-7.02514982223511","82","33.339","18.688","4.488948","0.988009805866167","0.78835931484564","23.007376368",
"3/12/1982","-63.4375","-7.02514982223511","82","29.165","22.031","17.787550536","0.814395502873111","0.936428897190216","22.85437725",
"3/13/1982","-63.4375","-7.02514982223511","82","28.497","23.45","18.072502776","0.645392483732423","0.948949342723832","21.9256362",
"3/14/1982","-63.4375","-7.02514982223511","82","27.226","21.221","51.4108584","1.08860643918183","0.930378861329908","11.6047683",
"3/15/1982","-63.4375","-7.02514982223511","82","30.427","21.512","15.660672192","0.768521433671563","0.906834208256185","27.37845126",
"3/16/1982","-63.4375","-7.02514982223511","82","29.807","21.37","24.9767352","0.938853634550102","0.916893298569394","14.22826776",
"3/17/1982","-63.4375","-7.02514982223511","82","33.438","21.119","15.67096596","1.11955292533166","0.847640895854116","23.23130292",
"3/18/1982","-63.4375","-7.02514982223511","82","32.977","22.743","19.8697944384","0.820099704219532","0.891513316993022","20.1657969",
"3/19/1982","-63.4375","-7.02514982223511","82","25.472","20.474","156.13636734","0.75117057954006","0.961197675703887","6.64453152",
"3/20/1982","-63.4375","-7.02514982223511","82","30.177","20.608","1.850510052","1.16505829440331","0.858441912077556","22.28816556",
"3/21/1982","-63.4375","-7.02514982223511","82","30.458","21.24","34.2035113464","0.959732767237405","0.896207757798154","14.96812482",
"3/22/1982","-63.4375","-7.02514982223511","82","28.855","21.651","6.857871408","0.647183548151141","0.946686233011697","14.447251998",
"3/23/1982","-63.4375","-7.02514982223511","82","29.917","22.034","20.3504629464","0.718023285097397","0.936243768972062","21.856046832",
"3/24/1982","-63.4375","-7.02514982223511","82","32.078","23.004","5.9635147824","0.885598923470751","0.901728640501501","19.01823894",
"3/25/1982","-63.4375","-7.02514982223511","82","30.657","22.775","3.537941616","0.857447923421363","0.901678293840196","13.81449222",
"3/26/1982","-63.4375","-7.02514982223511","82","27.764","23.368","19.63977732","0.674736990611216","0.960576904766136","17.54836848",
"3/27/1982","-63.4375","-7.02514982223511","82","26.965","23.767","32.65857432","0.880461028550593","0.966959701073963","14.167575252",
"3/28/1982","-63.4375","-7.02514982223511","82","26.358","23.298","29.29058712","0.875605525578301","0.968601229932255","12.96601812",
"3/29/1982","-63.4375","-7.02514982223511","82","23.118","20.519","39.887244","1.28754643317282","0.980614326666188","2.237287968",
"3/30/1982","-63.4375","-7.02514982223511","82","30.756","20.279","6.1901086104","0.673048293079538","0.924370853096737","20.28768705",
"3/31/1982","-63.4375","-7.02514982223511","82","25.577","20.921","10.574339652","0.542434725013118","0.973989155038734","7.889569488",
"4/1/1982","-63.4375","-7.02514982223511","82","27.209","22.093","4.169657556","0.578719551973553","0.943162654847229","15.3741384",
"4/2/1982","-63.4375","-7.02514982223511","82","29.666","20.885","8.3822252904","0.767406654673923","0.940720038177258","19.191212568",
"4/3/1982","-63.4375","-7.02514982223511","82","31.082","23.909","20.1358746","0.867113878064247","0.916281629088452","23.4464067",
"4/4/1982","-63.4375","-7.02514982223511","82","27.681","23.565","14.43328776","0.915159563971438","0.954066786919576","18.796612968",
"4/5/1982","-63.4375","-7.02514982223511","82","27.721","22.552","9.045695844","0.920903345860796","0.954704579378229","19.5372549",
"4/6/1982","-63.4375","-7.02514982223511","82","29.9","23.252","14.01787224","0.794010537109579","0.934304682171319","15.443883468",
"4/7/1982","-63.4375","-7.02514982223511","82","30.449","23.538","25.35610176","0.564114687070938","0.929801960979436","20.252757528",
"4/8/1982","-63.4375","-7.02514982223511","82","25.047","22.036","64.07433","1.11883325042217","0.965843174312705","9.461191842",
"4/9/1982","-63.4375","-7.02514982223511","82","27.61","21.292","10.093685688","0.802982243090733","0.931580830833428","10.6953174",
"4/10/1982","-63.4375","-7.02514982223511","82","23.976","21.39","25.4882826","0.812163303807192","0.978457785962535","4.242146904",
"4/11/1982","-63.4375","-7.02514982223511","82","26.887","21.366","4.48980354","1.0662561386918","0.936963092043471","15.16465656",
"4/12/1982","-63.4375","-7.02514982223511","82","23.452","20.842","40.22197848","0.721739851190113","0.98128709238697","3.818080962",
"4/13/1982","-63.4375","-7.02514982223511","82","27.998","20.465","6.802942032","1.26882510967406","0.910516763643863","14.29999056",
"4/14/1982","-63.4375","-7.02514982223511","82","25.487","20.263","5.8004372304","0.922083816314354","0.96233399084007","7.77954672",
"4/15/1982","-63.4375","-7.02514982223511","82","27.654","20.102","0.0995636448","1.06279634123701","0.891371519067285","11.91262536",
"4/16/1982","-63.4375","-7.02514982223511","82","33.262","20.431","5.56526448","1.03555068915503","0.801018381714552","22.952815272",
"4/17/1982","-63.4375","-7.02514982223511","82","28.53","21.951","17.25712452","0.76934921616069","0.949604209907487","23.3147817",
"4/18/1982","-63.4375","-7.02514982223511","82","27.427","22.653","30.22269804","0.93993247489771","0.96818346981513","13.90404042",
"4/19/1982","-63.4375","-7.02514982223511","82","28.158","22.111","1.76982912","0.875472701785767","0.897259345333171","13.5599652",
"4/20/1982","-63.4375","-7.02514982223511","82","27.677","21.69","9.4559634","1.05965591320645","0.941077363862921","23.073750072",
"4/21/1982","-63.4375","-7.02514982223511","82","27.282","23.306","16.99619004","1.15048355347999","0.963908376798117","16.857167418",
"4/22/1982","-63.4375","-7.02514982223511","82","30.862","22.28","5.292322776","1.21703518861562","0.878437072144949","18.038304432",
"4/23/1982","-63.4375","-7.02514982223511","82","29.868","21.715","12.54930408","0.976192953788817","0.931981725406029","24.4630647",
"4/24/1982","-63.4375","-7.02514982223511","82","27.586","22.774","8.758162404","0.853885099241631","0.954299884040961","17.349633",
"4/25/1982","-63.4375","-7.02514982223511","82","24.381","20.427","13.4016019344","0.961819715430665","0.974243620400418","4.47451632",
"4/26/1982","-63.4375","-7.02514982223511","82","26.123","20.317","16.014287196","1.14163684472398","0.96571045632822","7.57940814",
"4/27/1982","-63.4375","-7.02514982223511","82","25.621","22.299","13.56125112","1.15866228724528","0.970548061434509","9.0324585",
"4/28/1982","-63.4375","-7.02514982223511","82","23.07","20.198","39.93872976","0.946278792062678","0.98104115954194","2.154544182",
"4/29/1982","-63.4375","-7.02514982223511","82","22.792","19.717","1.9397738304","0.705012775145489","0.979472107103816","2.22935562",
"4/30/1982","-63.4375","-7.02514982223511","82","25.95","21.057","3.9516456888","1.11760008881555","0.94688366680505","10.670568264",
"5/1/1982","-63.4375","-7.02514982223511","82","25.986","21.956","5.7918539304","1.31063892872696","0.954264055601962","17.2199241",
"5/2/1982","-63.4375","-7.02514982223511","82","23.638","20.912","1.62048366","1.18090979993312","0.962297932101384","4.717124028",
"5/3/1982","-63.4375","-7.02514982223511","82","28.049","21.215","10.196686764","1.04739748943638","0.921232063557958","16.3184112",
"5/4/1982","-63.4375","-7.02514982223511","82","22.586","20.763","78.47667216","0.693602495299602","0.980582908610162","1.723443642",
"5/5/1982","-63.4375","-7.02514982223511","82","25.389","20.572","2.3860949328","0.874727052384166","0.957639449368559","8.760772152",
"5/6/1982","-63.4375","-7.02514982223511","82","27.946","20.982","1.91573964","0.555394405103955","0.892221418266861","16.88714343",
"5/7/1982","-63.4375","-7.02514982223511","82","27.397","20.854","2.9010783024","1.06706448410279","0.914825310890076","15.193295208",
"5/8/1982","-63.4375","-7.02514982223511","82","30.186","22.673","2.6607519","1.0528250312903","0.904098087296751","13.592870532",
"5/9/1982","-63.4375","-7.02514982223511","82","32.206","21.276","0.3433229424","1.17396032832439","0.804394178254911","23.99293296",
"5/10/1982","-63.4375","-7.02514982223511","82","32.437","21.6","2.1595001544","1.15425339838553","0.826050788163537","23.61846798",
"5/11/1982","-63.4375","-7.02514982223511","82","32.716","21.53","2.612686032","0.893576728079395","0.84326999426144","23.86743858",
"5/12/1982","-63.4375","-7.02514982223511","82","33.38","20.545","1.31149296","1.2396234444549","0.820862455065269","21.46083264",
"5/13/1982","-63.4375","-7.02514982223511","82","33.319","21.785","5.9154498","1.20758211388828","0.758590253074725","23.29695846",
"5/14/1982","-63.4375","-7.02514982223511","82","30.619","22.302","13.56640056","1.00758924301891","0.90962538163436","21.8527344",
"5/15/1982","-63.4375","-7.02514982223511","82","29.812","22.763","7.3402342848","1.06375231005943","0.927702142879332","20.637506232",
"5/16/1982","-63.4375","-7.02514982223511","82","28.4","21.817","8.4405864384","0.609390828947513","0.948522119865106","16.92152406",
"5/17/1982","-63.4375","-7.02514982223511","82","31.572","22.212","7.299037332","0.82983668241824","0.866855916043351","20.2966839",
"5/18/1982","-63.4375","-7.02514982223511","82","30.658","22.587","2.526854328","0.793849553918342","0.901472342548148","13.15586088",
"5/19/1982","-63.4375","-7.02514982223511","82","26.966","20.901","8.353035144","1.18588703705799","0.954856019948406","18.3402009",
"5/20/1982","-63.4375","-7.02514982223511","82","28.286","21.167","7.117084404","0.752830788402207","0.94353956706364","15.9106464",
"5/21/1982","-63.4375","-7.02514982223511","82","30.277","22.582","7.374571416","0.920159731443936","0.919492063412444","13.637864232",
"5/22/1982","-63.4375","-7.02514982223511","82","27.999","22.207","13.3037541","0.917519520655575","0.938505683048274","19.2081978",
"5/23/1982","-63.4375","-7.02514982223511","82","28.306","22.402","21.852496944","1.05659371777888","0.926503274952084","14.084378388",
"5/24/1982","-63.4375","-7.02514982223511","82","28.768","22.549","11.374279164","0.937072739433614","0.937665481968346","15.63276942",
"5/25/1982","-63.4375","-7.02514982223511","82","23.373","20.677","16.20826812","1.37320572269189","0.978104362630532","1.95114312",
"5/26/1982","-63.4375","-7.02514982223511","82","24.474","20.373","2.5199885592","1.41023915540448","0.924851461131051","6.73284186",
"5/27/1982","-63.4375","-7.02514982223511","82","27.874","19.898","0.0617981112","1.63394061633011","0.808390150407288","21.49926066",
"5/28/1982","-63.4375","-7.02514982223511","82","27.122","19.669","0","1.70565124471227","0.786450446276657","17.82106956",
"5/29/1982","-63.4375","-7.02514982223511","82","28.038","18.622","0","1.52844047965684","0.797528064998238","15.9407991",
"5/30/1982","-63.4375","-7.02514982223511","82","31.696","19.212","0.096130404","1.30070468299234","0.753222250489191","22.18375656",
"5/31/1982","-63.4375","-7.02514982223511","82","26.415","21.734","8.6534538264","0.888407219685613","0.952603490583757","15.89602986",
"6/1/1982","-63.4375","-7.02514982223511","82","27.285","20.379","7.71875514","0.797323377560937","0.946749307693286","16.85891484",
"6/2/1982","-63.4375","-7.02514982223511","82","31.273","20.617","0.401687532","0.957615664065512","0.82450544661231","16.69651452",
"6/3/1982","-63.4375","-7.02514982223511","82","34.571","19.102","0","0.837823272853343","0.716009362618696","21.98266614",
"6/4/1982","-63.4375","-7.02514982223511","82","32.689","19.268","0","1.15062501991302","0.714820470458591","15.257530548",
"6/5/1982","-63.4375","-7.02514982223511","82","33.743","18.646","0","0.975507827486287","0.684340607491479","20.05278264",
"6/6/1982","-63.4375","-7.02514982223511","82","26.611","19.028","0.3261565944","1.04299533954143","0.836022371123659","4.312403172",
"6/7/1982","-63.4375","-7.02514982223511","82","33.181","15.282","0","1.00929334131796","0.715408226871729","22.98644856",
"6/8/1982","-63.4375","-7.02514982223511","82","34.795","16.819","0","0.844626023377493","0.690484845147975","15.71619834",
"6/9/1982","-63.4375","-7.02514982223511","82","31.131","21.571","2.20069944","0.910169314422863","0.802854650741333","20.35585836",
"6/10/1982","-63.4375","-7.02514982223511","82","30.789","19.588","1.747512","0.847218827444267","0.860480345023538","13.3846929",
"6/11/1982","-63.4375","-7.02514982223511","82","34.16","18.842","0","0.956351651126253","0.705290641946207","19.54220742",
"6/12/1982","-63.4375","-7.02514982223511","82","31.176","21.813","12.3639151248","0.917279201906523","0.892040412902871","16.89502788",
"6/13/1982","-63.4375","-7.02514982223511","82","33.62","22.481","0.0102996792","1.21897591504175","0.755086749313458","17.2411299",
"6/14/1982","-63.4375","-7.02514982223511","82","31.287","21.688","6.955727652","0.884150381276246","0.903228452200869","17.30362662",
"6/15/1982","-63.4375","-7.02514982223511","82","31.243","19.735","1.97238924","1.03121773688754","0.839463847916068","22.1648067",
"6/16/1982","-63.4375","-7.02514982223511","82","33.302","17.939","0.02059938","1.29081673152169","0.730710917708581","21.43855656",
"6/17/1982","-63.4375","-7.02514982223511","82","27.848","20.085","0.1527785784","1.37548915838768","0.826174857360879","12.96517536",
"6/18/1982","-63.4375","-7.02514982223511","82","33.866","17.746","0","0.981689365067067","0.756261715361369","13.12132698",
"6/19/1982","-63.4375","-7.02514982223511","82","33.095","20.439","0.037765512","1.16684807720682","0.742457315798099","19.00642446",
"6/20/1982","-63.4375","-7.02514982223511","82","34.038","18.925","0.2574922248","0.789335050443776","0.780029463558419","17.5293036",
"6/21/1982","-63.4375","-7.02514982223511","82","32.87","20.84","0","0.921139632796485","0.665140761570498","15.845796",
"6/22/1982","-63.4375","-7.02514982223511","82","32.545","18.574","0","1.05967918069256","0.783850073130085","15.1585902",
"6/23/1982","-63.4375","-7.02514982223511","82","33.23","18.499","1.1278152","0.703494403983422","0.80466076177168","16.7007933",
"6/24/1982","-63.4375","-7.02514982223511","82","33.329","18.278","0","1.18848476505271","0.743249387911087","16.3928844",
"6/25/1982","-63.4375","-7.02514982223511","82","29.894","18.33","0.0102996792","1.14329632401826","0.817264890168318","12.9455505",
"6/26/1982","-63.4375","-7.02514982223511","82","33.392","15.931","0","0.798517610442261","0.762214331716903","20.0991384",
"6/27/1982","-63.4375","-7.02514982223511","82","33.437","16.224","0.442886472","1.15057567662639","0.752965077736496","18.88283664",
"6/28/1982","-63.4375","-7.02514982223511","82","33.65","20.512","0.041198724","1.22659171408922","0.727972204764123","16.92922392",
"6/29/1982","-63.4375","-7.02514982223511","82","33.735","22.045","0","1.2693328274927","0.657132376211482","16.005935268",
"6/30/1982","-63.4375","-7.02514982223511","82","33.257","20.053","0","1.00344178569187","0.711447149625037","15.32509128",
"7/1/1982","-63.4375","-7.02514982223511","82","32.311","20.537","0","1.28259005596271","0.636709396097666","12.32268894",
"7/2/1982","-63.4375","-7.02514982223511","82","33.738","17.793","0","1.28417408219329","0.57887802406101","22.90528116",
"7/3/1982","-63.4375","-7.02514982223511","82","34.622","16.179","0","0.968769683510525","0.554705675925903","23.06677734",
"7/4/1982","-63.4375","-7.02514982223511","82","35.642","18.731","0","0.911198730115828","0.566025914614188","22.856449608",
"7/5/1982","-63.4375","-7.02514982223511","82","34.944","23.581","0","0.91795419046913","0.553509909086412","6.367781808",
"7/6/1982","-63.4375","-7.02514982223511","82","34.837","19.158","0","1.15814589771002","0.605770749145412","19.94146704",
"7/7/1982","-63.4375","-7.02514982223511","82","33.604","19.654","0.112438224","1.27336333941617","0.639200287580361","18.5985009",
"7/8/1982","-63.4375","-7.02514982223511","82","34.315","14.602","0","1.1729709809063","0.649419356533343","23.52594762",
"7/9/1982","-63.4375","-7.02514982223511","82","36.039","15.301","0","0.914528819016535","0.507070001642777","23.67697338",
"7/10/1982","-63.4375","-7.02514982223511","82","36.085","16.009","0","1.08630963263755","0.476159442044918","20.97466794",
"7/11/1982","-63.4375","-7.02514982223511","82","34.925","21.182","0","1.27415272821638","0.569874630324205","21.17238606",
"7/12/1982","-63.4375","-7.02514982223511","82","32.779","21.66","1.91230776","1.17057706030063","0.781774148545702","13.673477952",
"7/13/1982","-63.4375","-7.02514982223511","82","33.371","20.901","0.1132965864","0.711328873997475","0.788548817479986","6.57106722",
"7/14/1982","-63.4375","-7.02514982223511","82","33.133","17.78","0","0.851298128690611","0.695025692805045","13.51242756",
"7/15/1982","-63.4375","-7.02514982223511","82","31.837","20.05","3.5310744","1.12313473567466","0.841608654343576","19.604528532",
"7/16/1982","-63.4375","-7.02514982223511","82","32.604","21.332","0.5064015456","1.29268010787916","0.727954858540131","21.43755108",
"7/17/1982","-63.4375","-7.02514982223511","82","35.163","18.4","0","0.727673129137824","0.710371090324623","14.52088224",
"7/18/1982","-63.4375","-7.02514982223511","82","33.864","18.348","0","0.86314878190871","0.596539843135792","16.84879308",
"7/19/1982","-63.4375","-7.02514982223511","82","35.19","21.124","0","1.07053113295579","0.518218642060603","9.55203534",
"7/20/1982","-63.4375","-7.02514982223511","82","35.014","15.272","0","1.28147510483999","0.505272084714031","20.32863246",
"7/21/1982","-63.4375","-7.02514982223511","82","33.75","17.961","0.0068664528","1.32100991169991","0.627058760605728","14.84133804",
"7/22/1982","-63.4375","-7.02514982223511","82","31.69","16.814","0.2386093968","1.53118549780753","0.669816673419436","17.19084204",
"7/23/1982","-63.4375","-7.02514982223511","82","34.734","18.772","0.0102996864","1.07464917693535","0.639046679773655","19.03994784",
"7/24/1982","-63.4375","-7.02514982223511","82","34.74","19.002","0.027465804","1.24444507742871","0.551977052509976","23.6795598",
"7/25/1982","-63.4375","-7.02514982223511","82","35.341","15.93","0","1.09507403661562","0.517929242038634","23.797632672",
"7/26/1982","-63.4375","-7.02514982223511","82","35.655","22.315","0","0.970546483958863","0.529545881487599","19.783742868",
"7/27/1982","-63.4375","-7.02514982223511","82","34.891","21.808","1.34754156","1.05890607563163","0.704804850731414","10.65110796",
"7/28/1982","-63.4375","-7.02514982223511","82","36.553","20.624","0","1.22335429141765","0.56056431433505","23.272705152",
"7/29/1982","-63.4375","-7.02514982223511","82","37.302","22.67","0","1.07770302930095","0.515686976381944","12.29197608",
"7/30/1982","-63.4375","-7.02514982223511","82","34.156","21.978","0","1.63453652340925","0.481970907265369","24.08450652",
"7/31/1982","-63.4375","-7.02514982223511","82","36.535","19.23","0","0.644257723460863","0.63280431142749","14.75319366",
"8/1/1982","-63.4375","-7.02514982223511","82","37.44","18.281","0","0.934072601909114","0.567677643782295","19.2689541",
"8/2/1982","-63.4375","-7.02514982223511","82","33.388","20.701","2.920818816","1.18117464634982","0.723002778559693","11.37627765",
"8/3/1982","-63.4375","-7.02514982223511","82","33.376","20.288","0.161361648","1.10472728281323","0.61911187994943","13.85055198",
"8/4/1982","-63.4375","-7.02514982223511","82","34.735","19.445","0","1.48312023993298","0.614119627140382","18.03830562",
"8/5/1982","-63.4375","-7.02514982223511","82","36.156","17.424","0","1.20372146014165","0.58408677649452","15.64322922",
"8/6/1982","-63.4375","-7.02514982223511","82","35.004","18.105","0","1.24622375217155","0.619993137338478","10.30415904",
"8/7/1982","-63.4375","-7.02514982223511","82","34.838","17.542","0.0034332264","1.00816349948752","0.582105832959543","13.847632488",
"8/8/1982","-63.4375","-7.02514982223511","82","35.083","21.542","1.99985634","1.03508201098825","0.701452625176305","10.84550994",
"8/9/1982","-63.4375","-7.02514982223511","82","34.443","19.012","0.2162933064","1.19096355508986","0.699266917003787","13.0600107",
"8/10/1982","-63.4375","-7.02514982223511","82","34.27","21.412","3.57399252","1.27173689486231","0.677783379164255","14.187041928",
"8/11/1982","-63.4375","-7.02514982223511","82","34.52","18.275","0","1.41003540768572","0.513978418002543","18.85915818",
"8/12/1982","-63.4375","-7.02514982223511","82","36.249","19.622","0","0.945972556843779","0.564394965746764","20.0436723",
"8/13/1982","-63.4375","-7.02514982223511","82","36.305","20.46","0","1.01704086664025","0.52255768835298","15.35292774",
"8/14/1982","-63.4375","-7.02514982223511","82","35.204","17.897","0.118446336","0.93421042997293","0.583834419945483","15.85170135",
"8/15/1982","-63.4375","-7.02514982223511","82","35.356","20.073","0.1270296","0.978271150086401","0.604288780009502","13.860448272",
"8/16/1982","-63.4375","-7.02514982223511","82","37.408","21.889","0.233459316","1.27548949563579","0.579297357855494","15.169217688",
"8/17/1982","-63.4375","-7.02514982223511","82","37.993","20.928","0","1.02082846509704","0.41123150686793","24.6221982",
"8/18/1982","-63.4375","-7.02514982223511","82","36.878","21.048","0","1.37480677576315","0.442311238981757","11.52388206",
"8/19/1982","-63.4375","-7.02514982223511","82","36.545","17.262","0","1.23723250126829","0.479742905834837","18.000738648",
"8/20/1982","-63.4375","-7.02514982223511","82","39.375","22.923","0","1.08283460616575","0.430374442167538","24.18058548",
"8/21/1982","-63.4375","-7.02514982223511","82","36.691","24.511","0","1.2185043040249","0.462623263437334","14.284634112",
"8/22/1982","-63.4375","-7.02514982223511","82","37.883","21.086","0","1.55780776907065","0.505740881336819","21.948577992",
"8/23/1982","-63.4375","-7.02514982223511","82","38.946","20.424","0","1.04612123234273","0.451637598911172","14.742001152",
"8/24/1982","-63.4375","-7.02514982223511","82","37.502","19.612","0.022315968","1.1542196710064","0.516097522445066","14.231981952",
"8/25/1982","-63.4375","-7.02514982223511","82","33.168","22.684","2.35691136","0.995532457792294","0.666278416678099","12.41049474",
"8/26/1982","-63.4375","-7.02514982223511","82","34.858","21.196","1.016235504","0.959517420845847","0.720521937667434","15.341402232",
"8/27/1982","-63.4375","-7.02514982223511","82","36.009","21.463","0.058364856","1.23648298155803","0.651883949094341","10.67288022",
"8/28/1982","-63.4375","-7.02514982223511","82","35.817","19.592","0","1.30137722406902","0.552491692827375","23.059977192",
"8/29/1982","-63.4375","-7.02514982223511","82","37.404","19.803","0","1.24872813199483","0.433072868824968","11.150438688",
"8/30/1982","-63.4375","-7.02514982223511","82","38.812","24.64","0","1.11999765507235","0.454937044835125","7.47112581",
"8/31/1982","-63.4375","-7.02514982223511","82","38.795","19.917","0","1.30854990532533","0.388012205282391","26.7441291",
"9/1/1982","-63.4375","-7.02514982223511","82","42.586","24.307","0","0.82182328508137","0.332021392532623","20.16686259",
"9/2/1982","-63.4375","-7.02514982223511","82","38.818","25.47","0","1.14349668383162","0.345274071606514","15.392477232",
"9/3/1982","-63.4375","-7.02514982223511","82","36.75","23.373","0","1.49932012628057","0.383601606928453","17.490024432",
"9/4/1982","-63.4375","-7.02514982223511","82","39.353","23.163","0.097847136","1.21095899617596","0.454538481391376","20.882020608",
"9/5/1982","-63.4375","-7.02514982223511","82","39.418","23.176","3.01694688","0.984613257828867","0.593645591829079","14.913396648",
"9/6/1982","-63.4375","-7.02514982223511","82","35.507","21.664","0.93212064","0.913554757830474","0.645237716252148","17.686408752",
"9/7/1982","-63.4375","-7.02514982223511","82","37.769","22.443","0","0.929137638785603","0.539165523984047","15.33493836",
"9/8/1982","-63.4375","-7.02514982223511","82","39.277","25.06","0.870323328","0.809904053163113","0.509856707577604","11.599818228",
"9/9/1982","-63.4375","-7.02514982223511","82","39.15","23.328","0.0068664528","0.916689451343771","0.511542276160971","15.637672152",
"9/10/1982","-63.4375","-7.02514982223511","82","37.397","22.595","0.0034332264","1.41246155672343","0.493894926459427","17.23229514",
"9/11/1982","-63.4375","-7.02514982223511","82","34.037","23.478","0.949287132","1.53405129675038","0.663310312885061","14.651544582",
"9/12/1982","-63.4375","-7.02514982223511","82","36.783","21.26","0.0446319648","1.214646914225","0.59905346844686","17.559168552",
"9/13/1982","-63.4375","-7.02514982223511","82","37.079","22.302","0","1.54508146249792","0.504007227979245","19.576349568",
"9/14/1982","-63.4375","-7.02514982223511","82","39.023","20.617","0","0.977376053196491","0.552510870885318","14.51154438",
"9/15/1982","-63.4375","-7.02514982223511","82","37.248","23.273","0.0034332264","1.51162226515393","0.498101404859967","21.616986168",
"9/16/1982","-63.4375","-7.02514982223511","82","36.988","20.973","0.0171661392","0.813621546802861","0.516314184488233","17.06096178",
"9/17/1982","-63.4375","-7.02514982223511","82","31.678","24.274","0.2815246296","1.10004912436625","0.593021875956655","10.0505835",
"9/18/1982","-63.4375","-7.02514982223511","82","33.447","21.864","2.03762376","1.28362846097379","0.656652971590779","13.59466416",
"9/19/1982","-63.4375","-7.02514982223511","82","36.52","19.944","0.25577568","0.891958884142225","0.620733661001631","14.8060719",
"9/20/1982","-63.4375","-7.02514982223511","82","36.806","24.155","0.05321502","1.2240659267138","0.488838206342076","19.81974312",
"9/21/1982","-63.4375","-7.02514982223511","82","32.928","23.782","1.720905912","1.3383179823143","0.594134874679722","15.173942652",
"9/22/1982","-63.4375","-7.02514982223511","82","35.661","23.145","2.9088041544","1.04841553055697","0.635338401019392","10.34336286",
"9/23/1982","-63.4375","-7.02514982223511","82","27.024","21.984","12.63255732","1.70530941284194","0.881704626769202","8.44340814",
"9/24/1982","-63.4375","-7.02514982223511","82","24.187","19.243","8.0629362864","0.877811363028676","0.923777248063643","4.120200288",
"9/25/1982","-63.4375","-7.02514982223511","82","35.813","20.475","0.6162644232","0.99728636631772","0.770498570021761","10.186424748",
"9/26/1982","-63.4375","-7.02514982223511","82","33.21","21.784","0","1.45716594825446","0.657943599029776","18.43819128",
"9/27/1982","-63.4375","-7.02514982223511","82","36.835","20.636","0","1.19803734487209","0.577826192820706","17.66637936",
"9/28/1982","-63.4375","-7.02514982223511","82","37.041","22.08","0","1.39287405075743","0.55713329724712","22.153332672",
"9/29/1982","-63.4375","-7.02514982223511","82","38.805","22.619","0.1459122264","1.34374341876325","0.526383918378089","17.84919636",
"9/30/1982","-63.4375","-7.02514982223511","82","38.829","22.292","0.971602884","1.0527335032237","0.641583103817918","9.928179",
"10/1/1982","-63.4375","-7.02514982223511","82","35.37","20.963","1.19133","0.940482684885836","0.782726951451042","12.325949532",
"10/2/1982","-63.4375","-7.02514982223511","82","34.924","20.541","0.0034332264","1.09438506966907","0.571062734633718","14.29093044",
"10/3/1982","-63.4375","-7.02514982223511","82","38.682","22.129","0.453186","1.12190657474719","0.568590085348712","8.3551518",
"10/4/1982","-63.4375","-7.02514982223511","82","39.937","22.297","0.09441378","0.967645157661424","0.505058013191088","18.101646",
"10/5/1982","-63.4375","-7.02514982223511","82","40.765","24.71","0.672054516","1.06779280036824","0.557615487487613","14.130675288",
"10/6/1982","-63.4375","-7.02514982223511","82","36.6","22.086","4.24862244","0.796071403858917","0.687356891897056","9.757576728",
"10/7/1982","-63.4375","-7.02514982223511","82","37.008","21.107","1.16558064","0.890769508059455","0.654545867185421","19.121853672",
"10/8/1982","-63.4375","-7.02514982223511","82","36.448","24.345","0.284957892","1.27972616599518","0.592303519170412","14.83880796",
"10/9/1982","-63.4375","-7.02514982223511","82","36.262","22.114","0.0137328984","1.22277563153668","0.547764738887878","15.70145724",
"10/10/1982","-63.4375","-7.02514982223511","82","37.628","23.322","0.38967102","1.45214685924613","0.604844175029355","16.3015884",
"10/11/1982","-63.4375","-7.02514982223511","82","41.64","22.419","1.4951715192","1.17692809147192","0.654567434727914","11.626820208",
"10/12/1982","-63.4375","-7.02514982223511","82","40.247","22.367","0.309849012","1.31644689776131","0.538033786911514","19.39973148",
"10/13/1982","-63.4375","-7.02514982223511","82","35.686","22.576","0.456619356","1.5297481653604","0.624308536771147","18.30548772",
"10/14/1982","-63.4375","-7.02514982223511","82","35.195","22.646","1.1887558848","1.88930195128841","0.647550214117011","15.5530161",
"10/15/1982","-63.4375","-7.02514982223511","82","38.117","21.662","0.9424224","1.34165272895653","0.63411904661123","16.85294856",
"10/16/1982","-63.4375","-7.02514982223511","82","35.197","21.564","0.8342745984","1.41743724081935","0.666879860231772","15.766645212",
"10/17/1982","-63.4375","-7.02514982223511","82","38.675","20.508","0.478934856","1.35905385240887","0.567185552345074","16.79467428",
"10/18/1982","-63.4375","-7.02514982223511","82","39.224","22.262","0","1.1297209675971","0.586227154860285","10.48821084",
"10/19/1982","-63.4375","-7.02514982223511","82","39.424","22.785","0","1.49208220383636","0.576982947113879","17.67408696",
"10/20/1982","-63.4375","-7.02514982223511","82","42.264","23.046","0.104713416","1.2432930187579","0.527991884515949","17.67498264",
"10/21/1982","-63.4375","-7.02514982223511","82","38.773","21.627","0","1.45040642412512","0.504584344293329","15.0998634",
"10/22/1982","-63.4375","-7.02514982223511","82","39.599","21.168","0","1.48192788963714","0.433766143738437","29.1699576",
"10/23/1982","-63.4375","-7.02514982223511","82","29.95","23.72","0.0532150272","1.42676438374288","0.511455312858739","2.7748692",
"10/24/1982","-63.4375","-7.02514982223511","82","37.879","21.527","0","1.6390723880843","0.467909936525455","20.20201632",
"10/25/1982","-63.4375","-7.02514982223511","82","39.86","25.347","0","1.2454766791795","0.418600870590407","11.35878858",
"10/26/1982","-63.4375","-7.02514982223511","82","41.885","20.377","0","0.868189881659078","0.463816638130256","16.4399598",
"10/27/1982","-63.4375","-7.02514982223511","82","39.103","26.552","0","1.35735706629445","0.385269647163669","9.06918714",
"10/28/1982","-63.4375","-7.02514982223511","82","33.306","23.855","0.1132964928","1.46920312665715","0.513594551537777","9.300995388",
"10/29/1982","-63.4375","-7.02514982223511","82","42.583","22.029","0.10471338","1.2621905601035","0.48874495264845","20.58828588",
"10/30/1982","-63.4375","-7.02514982223511","82","33.445","22.757","5.9751024264","1.31796860812841","0.750463023902711","15.04394694",
"10/31/1982","-63.4375","-7.02514982223511","82","37.073","20.053","0.1991272104","0.836012595739299","0.58308584631399","18.41641956",
"11/1/1982","-63.4375","-7.02514982223511","82","39.747","22.019","0.437736276","0.846471828570383","0.559886895438103","18.5119272",
"11/2/1982","-63.4375","-7.02514982223511","82","35.258","23.568","0.3570558192","1.56166540023569","0.619604919824315","18.02030976",
"11/3/1982","-63.4375","-7.02514982223511","82","36.508","22.64","1.036833876","1.29420561235327","0.632975757803646","18.983419128",
"11/4/1982","-63.4375","-7.02514982223511","82","37.921","20.483","0.63171396","0.809632537656117","0.676822611260438","17.12221686",
"11/5/1982","-63.4375","-7.02514982223511","82","35.879","22.894","0.0068664528","1.17183144659334","0.621854226515318","15.81857298",
"11/6/1982","-63.4375","-7.02514982223511","82","34.052","21.545","3.996280296","0.961076979479505","0.798098984028009","12.34102734",
"11/7/1982","-63.4375","-7.02514982223511","82","33.734","21.602","0.5012513784","1.49392468116727","0.753840511700916","14.35229658",
"11/8/1982","-63.4375","-7.02514982223511","82","39.753","22.593","1.956937644","1.22887347829584","0.641737029246725","18.61149168",
"11/9/1982","-63.4375","-7.02514982223511","82","31.357","22.704","39.6777769992","1.35775717670644","0.814959532596775","15.308597412",
"11/10/1982","-63.4375","-7.02514982223511","82","36.082","22.284","3.10707018","1.2549110430709","0.807862629458999","20.3904045",
"11/11/1982","-63.4375","-7.02514982223511","82","37.301","23.276","2.9697442128","1.27594742147765","0.751519990143059","12.551398308",
"11/12/1982","-63.4375","-7.02514982223511","82","32.826","23.231","5.457116484","1.41422229947684","0.833416086737651","14.8692933",
"11/13/1982","-63.4375","-7.02514982223511","82","31.169","23.418","11.133961524","1.23650796614799","0.876613913149545","24.90891012",
"11/14/1982","-63.4375","-7.02514982223511","82","33.831","21.496","0.0377655192","1.33593486558223","0.678694537962293","18.16649784",
"11/15/1982","-63.4375","-7.02514982223511","82","39.074","22.235","0","1.33838251401278","0.516625383002978","27.3918996",
"11/16/1982","-63.4375","-7.02514982223511","82","40.577","25.338","0.0137329056","0.965602106795337","0.441490326682716","19.0746531",
"11/17/1982","-63.4375","-7.02514982223511","82","36.892","24.517","0.0583648848","1.27932196718386","0.480929351978925","7.8258402",
"11/18/1982","-63.4375","-7.02514982223511","82","37.426","22.537","0","1.53253497065858","0.546118099986578","12.5776647",
"11/19/1982","-63.4375","-7.02514982223511","82","37.671","23.742","1.6325017344","1.21090451079577","0.561958005020243","18.22224474",
"11/20/1982","-63.4375","-7.02514982223511","82","38.941","21.48","1.34067384","0.873815475481321","0.630830142181878","18.55686762",
"11/21/1982","-63.4375","-7.02514982223511","82","39.799","23.014","0","1.65229546639074","0.482338253917059","18.2789487",
"11/22/1982","-63.4375","-7.02514982223511","82","40.31","20.775","0.144195552","1.25478179442469","0.424374183967125","17.45577882",
"11/23/1982","-63.4375","-7.02514982223511","82","36.765","22.873","0.044631972","1.11593490694829","0.468150123175231","16.5655161",
"11/24/1982","-63.4375","-7.02514982223511","82","38.153","22.818","0.116729676","1.1888071441625","0.483059642452998","14.9580495",
"11/25/1982","-63.4375","-7.02514982223511","82","37.96","24.064","1.414491048","1.10728252859625","0.618105642113474","12.31852536",
"11/26/1982","-63.4375","-7.02514982223511","82","31.109","22.25","2.3448923064","1.3237137633894","0.793204813455409","11.865935664",
"11/27/1982","-63.4375","-7.02514982223511","82","31.74","21.155","9.56497572","1.03312429230796","0.78900315422953","27.59393592",
"11/28/1982","-63.4375","-7.02514982223511","82","35.931","22.387","0","1.37739734196701","0.59731524656575","17.82742104",
"11/29/1982","-63.4375","-7.02514982223511","82","30.115","21.924","1.2651444","1.52181832011099","0.697535559344028","12.86257464",
"11/30/1982","-63.4375","-7.02514982223511","82","35.299","21.887","0","1.37937634171234","0.643034219301273","17.4021768",
"12/1/1982","-63.4375","-7.02514982223511","82","38.021","20.112","1.8633842928","0.98726852735143","0.761226826100651","19.96110324",
"12/2/1982","-63.4375","-7.02514982223511","82","33.402","22.862","10.3820773464","1.17218595726924","0.816107197077787","13.69203408",
"12/3/1982","-63.4375","-7.02514982223511","82","29.304","22.733","10.1348830584","1.33711358553008","0.903645094939859","14.96829402",
"12/4/1982","-63.4375","-7.02514982223511","82","32.852","21.197","8.8045108128","0.680127632142383","0.876299752396958","24.27805998",
"12/5/1982","-63.4375","-7.02514982223511","82","32.029","20.479","13.256549964","0.859296343042211","0.90336049802535","23.22973188",
"12/6/1982","-63.4375","-7.02514982223511","82","31.639","19.885","8.014868352","1.24795977926226","0.817316138566733","26.44498368",
"12/7/1982","-63.4375","-7.02514982223511","82","31.875","22.785","5.867388","1.34067871811611","0.826962971401573","20.5156089",
"12/8/1982","-63.4375","-7.02514982223511","82","31.479","21.792","2.689078428","1.62285444149215","0.821276100310375","17.37168084",
"12/9/1982","-63.4375","-7.02514982223511","82","37.242","21.301","3.2392501992","1.10871107693835","0.788839987105586","16.81976448",
"12/10/1982","-63.4375","-7.02514982223511","82","31.846","21.818","11.54937996","1.280928154294","0.814334197649847","19.22894784",
"12/11/1982","-63.4375","-7.02514982223511","82","33.596","21.159","1.6857162","1.04737040283577","0.755142614632133","15.29814456",
"12/12/1982","-63.4375","-7.02514982223511","82","31.855","22.628","0.96130368","1.16979962308031","0.813512040561366","10.66460418",
"12/13/1982","-63.4375","-7.02514982223511","82","39.141","22.717","1.06859196","0.771327999426524","0.783060441079713","7.60072788",
"12/14/1982","-63.4375","-7.02514982223511","82","36.613","21.975","6.5300022","1.29088830461304","0.8038036607413","24.6772062",
"12/15/1982","-63.4375","-7.02514982223511","82","38.054","21.567","7.7839832664","1.19976233493171","0.766370255337402","15.61758624",
"12/16/1982","-63.4375","-7.02514982223511","82","29.716","22.556","27.428925924","1.26203417009687","0.899715605184933","11.9796741",
"12/17/1982","-63.4375","-7.02514982223511","82","32.85","22.719","0.9269712792","1.04304144580869","0.782900574358771","18.3890772",
"12/18/1982","-63.4375","-7.02514982223511","82","30.4","21.832","24.7981995144","0.924692324989855","0.887519485099927","8.51771034",
"12/19/1982","-63.4375","-7.02514982223511","82","35.304","21.148","2.1646476","1.0781240989688","0.746572563075642","14.74222752",
"12/20/1982","-63.4375","-7.02514982223511","82","36.513","21.493","7.395175836","0.917200456253306","0.778633049603645","14.17134492",
"12/21/1982","-63.4375","-7.02514982223511","82","29.461","22.23","12.505526388","1.1447007396394","0.891725217248131","11.79567504",
"12/22/1982","-63.4375","-7.02514982223511","82","35.638","21.523","3.20663484","1.24901540159255","0.77782268439227","19.3430232",
"12/23/1982","-63.4375","-7.02514982223511","82","37.427","23.148","7.6578123672","1.11956771666182","0.745917202255563","14.564818368",
"12/24/1982","-63.4375","-7.02514982223511","82","30.911","22.059","13.88225808","1.26058938481279","0.857600735626198","13.1734692",
"12/25/1982","-63.4375","-7.02514982223511","82","30.657","20.745","2.5148388384","1.12848327305337","0.825683565635729","18.1898955",
"12/26/1982","-63.4375","-7.02514982223511","82","30.279","21.862","7.350536988","0.906689226325068","0.857122621082777","22.3455393",
"12/27/1982","-63.4375","-7.02514982223511","82","36.368","23.119","4.777336404","1.08670555728614","0.835303194069862","12.40099254",
"12/28/1982","-63.4375","-7.02514982223511","82","27.903","21.904","21.14438904","1.06573637889866","0.940925490455249","20.26519164",
"12/29/1982","-63.4375","-7.02514982223511","82","32.036","21.097","12.7209598488","0.561474255301305","0.900743819066483","23.31174492",
"12/30/1982","-63.4375","-7.02514982223511","82","25.877","22.164","30.384062604","0.789649097927926","0.962122612385098","4.7156031",
"12/31/1982","-63.4375","-7.02514982223511","82","27.632","19.292","8.5470200856","0.525758734432011","0.936825931988404","7.52546574",
"1/1/1983","-63.4375","-7.02514982223511","82","38.214","19.187","0","0.941979991577016","0.634475406825608","21.00706488",
"1/2/1983","-63.4375","-7.02514982223511","82","31.035","22.599","8.4800726928","1.18120198833674","0.857084499427022","21.76031484",
"1/3/1983","-63.4375","-7.02514982223511","82","33.524","22.217","0.422287272","1.05057834319649","0.77327921868007","18.1368",
"1/4/1983","-63.4375","-7.02514982223511","82","35.384","20.58","7.15827816","0.893679517983339","0.716048632398895","22.2142491",
"1/5/1983","-63.4375","-7.02514982223511","82","31.135","22.54","14.7886251192","0.883201519836203","0.890869311526509","26.1339687",
"1/6/1983","-63.4375","-7.02514982223511","82","36.4","23.825","4.5421620264","1.1046559745897","0.78016500431548","15.04558188",
"1/7/1983","-63.4375","-7.02514982223511","82","38.203","23.799","4.3129939608","1.12956747814287","0.763653993850792","18.15767532",
"1/8/1983","-63.4375","-7.02514982223511","82","29.382","22.456","7.36256124","1.07366281171218","0.899844740313165","23.09045598",
"1/9/1983","-63.4375","-7.02514982223511","82","33.627","22.417","6.5917944","0.942439978421874","0.813370993902173","25.51320468",
"1/10/1983","-63.4375","-7.02514982223511","82","33.757","22.128","6.360051744","1.12507652650512","0.860009884877258","22.077675",
"1/11/1983","-63.4375","-7.02514982223511","82","32.443","23.65","11.7656669088","0.700903917023359","0.872356064789657","18.16069788",
"1/12/1983","-63.4375","-7.02514982223511","82","27.94","22.166","61.4169972","0.899230754254414","0.921073978792032","5.50761246",
"1/13/1983","-63.4375","-7.02514982223511","82","33.344","22.14","0.79994106","1.19501536543376","0.771497576094774","15.02381628",
"1/14/1983","-63.4375","-7.02514982223511","82","32.959","23.056","7.16170824","1.03107775774161","0.859007529600039","13.634611668",
"1/15/1983","-63.4375","-7.02514982223511","82","37.092","20.61","1.0128024","1.16186959137385","0.664584200525478","19.76084856",
"1/16/1983","-63.4375","-7.02514982223511","82","36.604","24.831","0","1.29251614386668","0.613174250064484","17.785346472",
"1/17/1983","-63.4375","-7.02514982223511","82","35.376","23.425","0.0034332264","1.30151311061512","0.62356200415994","20.37510144",
"1/18/1983","-63.4375","-7.02514982223511","82","36.252","22.463","9.312627528","1.00595624064227","0.815490541817213","18.143216712",
"1/19/1983","-63.4375","-7.02514982223511","82","38.544","21.525","0.8617401576","0.907205443645338","0.833948071599278","12.15438516",
"1/20/1983","-63.4375","-7.02514982223511","82","33.832","22.881","0.30899016","1.12649679856148","0.760778540285657","15.574726872",
"1/21/1983","-63.4375","-7.02514982223511","82","32.528","23.653","11.04812586","0.77963607824403","0.874309550150879","22.0952241",
"1/22/1983","-63.4375","-7.02514982223511","82","33.901","23.905","3.8177465904","0.878624045219117","0.869616376903081","17.9215929",
"1/23/1983","-63.4375","-7.02514982223511","82","37.096","24.188","3.24954864","1.22640361557752","0.786302948265714","14.76000126",
"1/24/1983","-63.4375","-7.02514982223511","82","35.574","23.988","1.5621201","0.791594578111479","0.800131977289933","14.90484528",
"1/25/1983","-63.4375","-7.02514982223511","82","35.461","23.944","1.479721464","0.917988179833516","0.751738884176589","16.41240144",
"1/26/1983","-63.4375","-7.02514982223511","82","32.363","23.335","1.84364352","1.15660164966254","0.844036865254146","9.36663588",
"1/27/1983","-63.4375","-7.02514982223511","82","34.385","23.488","0.0892638864","1.36541197112992","0.697498621417047","19.838081592",
"1/28/1983","-63.4375","-7.02514982223511","82","35.093","23.909","0.034332264","1.26848339241471","0.646247762135191","19.828629468",
"1/29/1983","-63.4375","-7.02514982223511","82","37.839","24.392","0","1.36294021288315","0.568451172498377","28.409176728",
"1/30/1983","-63.4375","-7.02514982223511","82","38.591","24.297","0.1004218344","1.26802829687301","0.58389517546064","17.479749888",
"1/31/1983","-63.4375","-7.02514982223511","82","37.375","23.957","0.389671164","2.03219440814925","0.613926283104904","24.1328853",
"2/1/1983","-63.4375","-7.02514982223511","82","38.164","22.782","10.9708933824","1.38477888569332","0.743965781396015","15.72513678",
"2/2/1983","-63.4375","-7.02514982223511","82","27.079","23.232","33.302322","1.03298497551962","0.960319561733577","5.73541506",
"2/3/1983","-63.4375","-7.02514982223511","82","32.094","22.816","6.0956947224","0.647022822183252","0.85069130191476","14.128539732",
"2/4/1983","-63.4375","-7.02514982223511","82","33.375","23.512","7.654381992","0.826654739236989","0.894949327646611","22.298677848",
"2/5/1983","-63.4375","-7.02514982223511","82","25.552","23.27","0.5939483832","0.841018558260904","0.945862690392281","3.52648152",
"2/6/1983","-63.4375","-7.02514982223511","82","34.554","22.423","1.9020078","1.07950576240209","0.8061497813553","26.107866072",
"2/7/1983","-63.4375","-7.02514982223511","82","25.91","22.745","17.517188772","0.839247775679206","0.964571651690578","5.693286492",
"2/8/1983","-63.4375","-7.02514982223511","82","32.171","22.568","14.730265584","1.23620369655617","0.871830319245679","16.30434024",
"2/9/1983","-63.4375","-7.02514982223511","82","33.526","22.527","5.5850012928","0.740527102246843","0.866970374358666","19.00091394",
"2/10/1983","-63.4375","-7.02514982223511","82","25.67","22.595","2.641008816","0.865328147414417","0.945926093724944","3.34850625",
"2/11/1983","-63.4375","-7.02514982223511","82","29.508","22.411","4.0306141224","1.142079493668","0.895889767494134","10.04242896",
"2/12/1983","-63.4375","-7.02514982223511","82","30.421","23.226","2.898502704","1.10424422626711","0.882769159015562","12.022534008",
"2/13/1983","-63.4375","-7.02514982223511","82","24.921","21.714","35.3296476","0.694350400328806","0.972062304754953","1.70544393",
"2/14/1983","-63.4375","-7.02514982223511","82","24.425","22.325","2.910518568","0.587528100771875","0.965662145862849","2.51848098",
"2/15/1983","-63.4375","-7.02514982223511","82","34.748","21.369","8.383936392","1.46762423973284","0.780371103787475","17.44126956",
"2/16/1983","-63.4375","-7.02514982223511","82","26.76","22.72","48.7569858048","1.58823758184958","0.92150680942334","5.81293116",
"2/17/1983","-63.4375","-7.02514982223511","82","31.479","23.028","1.0179504792","1.40983305541584","0.822158853168847","20.260741032",
"2/18/1983","-63.4375","-7.02514982223511","82","30.589","23.724","16.4649042","1.15230851749882","0.899828789120199","25.7244192",
"2/19/1983","-63.4375","-7.02514982223511","82","26.091","22.702","7.38315684","1.23755428646173","0.965204976131429","3.385746",
"2/20/1983","-63.4375","-7.02514982223511","82","31.202","22.822","0.0308990448","0.880704811440198","0.822231210643948","12.453639318",
"2/21/1983","-63.4375","-7.02514982223511","82","32.637","23.42","7.9479247464","0.911152396163103","0.892767485287741","23.662801728",
"2/22/1983","-63.4375","-7.02514982223511","82","32.003","24.339","5.316352056","0.994935303434039","0.8701884551647","23.50676016",
"2/23/1983","-63.4375","-7.02514982223511","82","33.667","22.866","2.597236812","1.41307487649207","0.818564430971989","28.056545928",
"2/24/1983","-63.4375","-7.02514982223511","82","35.35","23.64","5.8304797128","1.4350700197331","0.771519541079717","16.89243786",
"2/25/1983","-63.4375","-7.02514982223511","82","34.661","23.166","3.886411392","1.69562980123043","0.764709931444063","25.737291792",
"2/26/1983","-63.4375","-7.02514982223511","82","36.161","23.032","0","1.37345511952009","0.685660720862516","18.90056196",
"2/27/1983","-63.4375","-7.02514982223511","82","36.698","23.519","0","1.33085335855409","0.702382428762085","10.928191068",
"2/28/1983","-63.4375","-7.02514982223511","82","35.024","21.033","0","1.67040534217309","0.634728358822785","18.547823592",
"3/1/1983","-63.4375","-7.02514982223511","82","35.689","21.932","0","1.0670724003214","0.65450342070952","15.547155552",
"3/2/1983","-63.4375","-7.02514982223511","82","36.111","21.265","0","0.991962134652196","0.664907920857763","18.85381812",
"3/3/1983","-63.4375","-7.02514982223511","82","40.316","24.214","1.507187592","1.10758667423056","0.683807213926462","16.11803988",
"3/4/1983","-63.4375","-7.02514982223511","82","32.016","22.1","0.50468472","1.09094673060776","0.757159225180511","9.902931768",
"3/5/1983","-63.4375","-7.02514982223511","82","34.52","23.499","5.771259252","1.38411718284121","0.783998030711818","16.625140632",
"3/6/1983","-63.4375","-7.02514982223511","82","34.743","23.928","6.59179296","1.27901656818577","0.782248030889927","23.292672048",
"3/7/1983","-63.4375","-7.02514982223511","82","29.778","23.125","0.8720399664","1.12946597160978","0.845683578382262","6.080683932",
"3/8/1983","-63.4375","-7.02514982223511","82","28.632","22.295","6.19354566","1.53031670051173","0.896154069703022","12.025239048",
"3/9/1983","-63.4375","-7.02514982223511","82","29.152","22.281","2.897644932","1.3126018166966","0.881880246283606","15.730935768",
"3/10/1983","-63.4375","-7.02514982223511","82","30.541","22.293","0.7879256064","1.41970147021153","0.855669544866761","16.362897048",
"3/11/1983","-63.4375","-7.02514982223511","82","34.501","22.551","4.3293010104","1.56435469809353","0.819499071142389","23.32029456",
"3/12/1983","-63.4375","-7.02514982223511","82","33.649","23.409","7.316210232","1.46258787402714","0.88910454301144","21.517087932",
"3/13/1983","-63.4375","-7.02514982223511","82","28.388","22.654","15.44608764","1.18339250266604","0.946408960638858","18.63523152",
"3/14/1983","-63.4375","-7.02514982223511","82","30.984","23.947","9.314352288","0.955735295910991","0.900224068903781","16.1806527",
"3/15/1983","-63.4375","-7.02514982223511","82","33.05","23.582","5.4038979792","1.08374035088208","0.837276488809362","20.015719128",
"3/16/1983","-63.4375","-7.02514982223511","82","34.093","22.706","20.99590524","0.723782161081972","0.869518338846277","23.2077375",
"3/17/1983","-63.4375","-7.02514982223511","82","32.33","24.27","10.1829528","0.833081396229106","0.893381702750698","20.689254792",
"3/18/1983","-63.4375","-7.02514982223511","82","35.585","23.54","1.3149258696","1.08635345302884","0.811597206485635","16.97681592",
"3/19/1983","-63.4375","-7.02514982223511","82","37.679","21.482","1.43852256","1.4522533024964","0.786062055512668","16.782644952",
"3/20/1983","-63.4375","-7.02514982223511","82","26.242","23.775","11.73477222","1.22083420475074","0.963849837458937","4.97311614",
"3/21/1983","-63.4375","-7.02514982223511","82","32.522","23.309","8.524703664","0.818628465489349","0.921995964192173","14.58568008",
"3/22/1983","-63.4375","-7.02514982223511","82","28.483","23.464","18.872451144","1.01300755168826","0.948766748674907","22.7645451",
"3/23/1983","-63.4375","-7.02514982223511","82","28.525","23.035","15.2400982464","0.569964819781866","0.945827476935995","20.39169726",
"3/24/1983","-63.4375","-7.02514982223511","82","30.659","22.076","8.0045724024","0.844662382457431","0.919292524159149","21.570413472",
"3/25/1983","-63.4375","-7.02514982223511","82","29.085","23.771","12.030034932","0.82795811121675","0.940944646942871","20.232391248",
"3/26/1983","-63.4375","-7.02514982223511","82","31.233","22.895","13.715746236","1.09842713641957","0.924308941757306","15.321434184",
"3/27/1983","-63.4375","-7.02514982223511","82","30.653","23.148","2.715681672","0.917824253059415","0.892183962975806","11.201115492",
"3/28/1983","-63.4375","-7.02514982223511","82","32.133","22.747","4.48035696","1.05954286085133","0.867202878199239","25.84558602",
"3/29/1983","-63.4375","-7.02514982223511","82","32.907","22.645","4.9507159464","1.299840491527","0.867917757766167","26.990438328",
"3/30/1983","-63.4375","-7.02514982223511","82","30.505","23.964","8.1195861744","1.04252909199768","0.899719094987975","20.366939268",
"3/31/1983","-63.4375","-7.02514982223511","82","30.519","22.697","16.4691969984","1.07344562071505","0.904063465528025","24.849504072",
"4/1/1983","-63.4375","-7.02514982223511","82","30.761","23.289","3.1654338624","1.49730270703491","0.833011803619352","25.023206952",
"4/2/1983","-63.4375","-7.02514982223511","82","29.631","22.274","10.1966893128","1.18657180997127","0.914324739829074","26.28574146",
"4/3/1983","-63.4375","-7.02514982223511","82","25.78","21.567","33.477395904","0.7481106356031","0.966369594577033","6.16601736",
"4/4/1983","-63.4375","-7.02514982223511","82","31.957","21.702","7.408904184","1.15491597855715","0.866456566452167","23.13281304",
"4/5/1983","-63.4375","-7.02514982223511","82","32.749","22.912","10.2790835064","1.10495066731571","0.898161580892557","23.005749168",
"4/6/1983","-63.4375","-7.02514982223511","82","29.249","23.07","12.225725244","1.03109799189719","0.944525012851106","20.90773386",
"4/7/1983","-63.4375","-7.02514982223511","82","33.612","23.443","10.77689376","1.11251485045912","0.823178583014553","19.28851596",
"4/8/1983","-63.4375","-7.02514982223511","82","30.28","22.012","54.4768074504","0.787273088693258","0.906101684533407","13.3827714",
"4/9/1983","-63.4375","-7.02514982223511","82","30.12","20.749","11.3880213864","0.846592217121307","0.924395886690338","22.72590738",
"4/10/1983","-63.4375","-7.02514982223511","82","28.599","22.889","2.4719245488","0.776957704615734","0.914777734617448","9.477453312",
"4/11/1983","-63.4375","-7.02514982223511","82","30.879","22.921","3.659822856","1.08380271661783","0.887361171472346","15.454916568",
"4/12/1983","-63.4375","-7.02514982223511","82","32.402","21.291","7.589149344","0.776585558593462","0.926801634498544","18.906800868",
"4/13/1983","-63.4375","-7.02514982223511","82","29.425","22.349","7.079314284","1.0588491451818","0.934937459210461","21.137792472",
"4/14/1983","-63.4375","-7.02514982223511","82","29.672","21.75","10.92281256","1.14990249549783","0.911451180855625","25.575689448",
"4/15/1983","-63.4375","-7.02514982223511","82","31.439","20.268","6.935114844","0.952141301640587","0.889234198940832","23.27956884",
"4/16/1983","-63.4375","-7.02514982223511","82","32.788","22.341","1.709747316","1.36949362287905","0.830972374429382","22.79255706",
"4/17/1983","-63.4375","-7.02514982223511","82","30.778","22.801","3.175738632","1.18856311901051","0.87180446018428","23.1477768",
"4/18/1983","-63.4375","-7.02514982223511","82","34.501","21.701","5.376438144","0.92020513619562","0.897255551609909","17.567890668",
"4/19/1983","-63.4375","-7.02514982223511","82","31.942","22.265","2.0977020504","0.729519829502286","0.895910892040134","14.884481268",
"4/20/1983","-63.4375","-7.02514982223511","82","32.825","21.384","4.8683196","1.12794951936157","0.868607731943987","19.907830728",
"4/21/1983","-63.4375","-7.02514982223511","82","29.308","22.47","9.740063952","0.857511835201163","0.947293978869921","18.9177705",
"4/22/1983","-63.4375","-7.02514982223511","82","30.68","22.907","14.22730062","1.07887238577684","0.900459300786242","12.9612366",
"4/23/1983","-63.4375","-7.02514982223511","82","28.237","23.822","21.735762876","0.69774084087158","0.944218159767125","16.670081952",
"4/24/1983","-63.4375","-7.02514982223511","82","26.793","23.089","32.136732","0.745078445399902","0.960596439772283","12.87933543",
"4/25/1983","-63.4375","-7.02514982223511","82","32.222","22.939","19.9195884","0.964094186202418","0.919618203283309","11.9560482",
"4/26/1983","-63.4375","-7.02514982223511","82","26.899","22.276","5.60474478","1.07232654237722","0.960319039992221","12.752098812",
"4/27/1983","-63.4375","-7.02514982223511","82","27.695","21.87","8.325577584","0.599951052604197","0.948713771865101","16.72071048",
"4/28/1983","-63.4375","-7.02514982223511","82","31.235","22.846","5.1481236528","0.641412313943307","0.896190197747501","16.059257532",
"4/29/1983","-63.4375","-7.02514982223511","82","30.289","21.865","5.613326496","0.780632406306371","0.916226080987906","17.624758032",
"4/30/1983","-63.4375","-7.02514982223511","82","29.896","22.536","1.5930167904","0.993365045961191","0.90802917683718","10.82430108",
"5/1/1983","-63.4375","-7.02514982223511","82","29.887","22.608","11.86867008","0.830330157578213","0.929304551109696","19.41664986",
"5/2/1983","-63.4375","-7.02514982223511","82","32.068","22.176","5.57556372","0.770912432080662","0.87869696019991","20.283354864",
"5/3/1983","-63.4375","-7.02514982223511","82","32.502","21.662","4.8339873","0.763866714604399","0.847234293311694","20.23947954",
"5/4/1983","-63.4375","-7.02514982223511","82","34.779","20.127","1.22909544","0.761801054088596","0.811701348576939","22.68320652",
"5/5/1983","-63.4375","-7.02514982223511","82","33.581","22.246","0.33645636","1.3784027660518","0.733446299245453","20.14244892",
"5/6/1983","-63.4375","-7.02514982223511","82","34.432","21.877","0","1.72144419089545","0.598067549644729","24.816149928",
"5/7/1983","-63.4375","-7.02514982223511","82","34.842","19.997","0","1.15457528233659","0.581798839058748","23.74728804",
"5/8/1983","-63.4375","-7.02514982223511","82","36.27","20.79","0","0.972924961199242","0.599742357474013","23.773617",
"5/9/1983","-63.4375","-7.02514982223511","82","33.902","23.457","1.332091152","1.51288142112366","0.736389439871782","21.22947702",
"5/10/1983","-63.4375","-7.02514982223511","82","34.855","21.704","6.485365656","1.24199525824416","0.80784795051111","16.30238004",
"5/11/1983","-63.4375","-7.02514982223511","82","34.313","22.939","1.0986324264","0.895398064880012","0.852683126192359","18.30301992",
"5/12/1983","-63.4375","-7.02514982223511","82","34.875","22.287","0.175094568","1.3814712317825","0.70216008193193","24.08484384",
"5/13/1983","-63.4375","-7.02514982223511","82","35.037","20.589","0","1.28874135881898","0.66280621829208","23.2845228",
"5/14/1983","-63.4375","-7.02514982223511","82","32.384","21.641","0.508118184","1.16114305941158","0.78601446905022","12.080756358",
"5/15/1983","-63.4375","-7.02514982223511","82","35.717","22.174","0.425720304","1.00170930779199","0.72953236832676","13.61553894",
"5/16/1983","-63.4375","-7.02514982223511","82","34.754","23.249","4.212569016","1.05950863616293","0.755005500891478","17.9442513",
"5/17/1983","-63.4375","-7.02514982223511","82","36.048","20.798","10.22071716","0.770386920501556","0.832508215585241","17.148935952",
"5/18/1983","-63.4375","-7.02514982223511","82","32.049","22.982","6.71539518","0.807256719589859","0.881099230963505","15.738926832",
"5/19/1983","-63.4375","-7.02514982223511","82","31.302","21.262","9.7022979","0.457853870546327","0.928619178765609","18.856291248",
"5/20/1983","-63.4375","-7.02514982223511","82","30.989","20.892","1.8882729792","1.01385800657914","0.881436216170896","20.006890488",
"5/21/1983","-63.4375","-7.02514982223511","82","35.152","21.704","1.4076234504","1.01742466716438","0.781513987551875","16.333375968",
"5/22/1983","-63.4375","-7.02514982223511","82","34.736","22.126","13.3415228376","1.06539777787957","0.795964668265344","17.39542284",
"5/23/1983","-63.4375","-7.02514982223511","82","31.796","22.17","6.234739776","0.880599102340945","0.894078677835089","15.656173452",
"5/24/1983","-63.4375","-7.02514982223511","82","26.201","23.347","67.12990128","0.969387102268848","0.968559010241273","7.9590348",
"5/25/1983","-63.4375","-7.02514982223511","82","28.039","22.327","2.636717148","1.63694722297995","0.908228185503061","11.29415418",
"5/26/1983","-63.4375","-7.02514982223511","82","32.275","21.341","2.667617784","1.27164713063988","0.890226705623353","14.5718397",
"5/27/1983","-63.4375","-7.02514982223511","82","31.52","20.027","2.31399396","0.863900147935824","0.862760899990423","22.22150598",
"5/28/1983","-63.4375","-7.02514982223511","82","30.75","20.252","3.07617084","0.773509149002496","0.913203401494864","13.536560412",
"5/29/1983","-63.4375","-7.02514982223511","82","31.656","21.583","4.7344176","0.941834365526635","0.862277134415111","21.50831124",
"5/30/1983","-63.4375","-7.02514982223511","82","35.337","21.669","0.078964344","1.3473317869713","0.754971414342167","17.4363759",
"5/31/1983","-63.4375","-7.02514982223511","82","34.695","21.978","0.0102996864","1.17261202362131","0.719424688863117","14.135571",
"6/1/1983","-63.4375","-7.02514982223511","82","32.278","21.976","1.9535055192","1.58127599240744","0.833869655903122","18.2610018",
"6/2/1983","-63.4375","-7.02514982223511","82","31.748","20.271","0.329589972","1.45580282622431","0.797361314707136","18.0131022",
"6/3/1983","-63.4375","-7.02514982223511","82","35.944","19.077","0","0.94149223937322","0.666676643009679","22.1592366",
"6/4/1983","-63.4375","-7.02514982223511","82","36.351","19.752","0.42572034","0.685909238507672","0.739581204670662","18.57448116",
"6/5/1983","-63.4375","-7.02514982223511","82","36.014","20.943","0.367355592","0.837243805891162","0.732519979718836","14.33357208",
"6/6/1983","-63.4375","-7.02514982223511","82","35.464","22.954","0","1.07852570982442","0.689115012254489","14.95631196",
"6/7/1983","-63.4375","-7.02514982223511","82","30.43","22.17","0.250625556","1.07972603412587","0.762066401811446","12.93502464",
"6/8/1983","-63.4375","-7.02514982223511","82","34.092","20.898","1.8814068","1.38954917262484","0.743591049832007","16.19549532",
"6/9/1983","-63.4375","-7.02514982223511","82","34.776","19.642","0","0.918834580459277","0.705682618837617","14.85000846",
"6/10/1983","-63.4375","-7.02514982223511","82","34.418","22.127","0","1.14409901346385","0.652563319782602","16.52062194",
"6/11/1983","-63.4375","-7.02514982223511","82","32.289","21.333","0.1132965","1.27460168879538","0.631448534320038","11.14362882",
"6/12/1983","-63.4375","-7.02514982223511","82","35.322","19.302","0","1.09644176459829","0.591058464355655","13.41377244",
"6/13/1983","-63.4375","-7.02514982223511","82","33.126","20.595","0","1.03764138951093","0.555939542322652","15.2537625",
"6/14/1983","-63.4375","-7.02514982223511","82","31.118","21.785","0","1.60770943597863","0.628863337368272","9.58224546",
"6/15/1983","-63.4375","-7.02514982223511","82","30.476","19.439","0","2.06144335874803","0.664949729965525","22.67004078",
"6/16/1983","-63.4375","-7.02514982223511","82","32.312","18.94","0","1.6385425846218","0.620823315044907","22.83063678",
"6/17/1983","-63.4375","-7.02514982223511","82","33.987","18.747","0","1.49988798937597","0.587707874524547","20.24927082",
"6/18/1983","-63.4375","-7.02514982223511","82","35.235","22.328","0","0.829767823211158","0.582573784936441","14.2092513",
"6/19/1983","-63.4375","-7.02514982223511","82","34.023","22.187","2.863313208","1.04459624502971","0.761873451932995","10.740657348",
"6/20/1983","-63.4375","-7.02514982223511","82","34.553","20.022","0.41885388","0.824918295845286","0.727119044557005","15.21877752",
"6/21/1983","-63.4375","-7.02514982223511","82","34.628","19.83","0","1.04685368344548","0.666049993021117","14.61115728",
"6/22/1983","-63.4375","-7.02514982223511","82","35.386","24.23","0","0.820921106151993","0.591855970982229","13.3802433",
"6/23/1983","-63.4375","-7.02514982223511","82","36.36","17.492","0","0.648322260588893","0.705132067028284","8.54016264",
"6/24/1983","-63.4375","-7.02514982223511","82","34.782","16.756","0","0.983716908433948","0.600488195804136","18.7935192",
"6/25/1983","-63.4375","-7.02514982223511","82","34.445","17.671","0","0.98468344803818","0.56739754987517","22.76881668",
"6/26/1983","-63.4375","-7.02514982223511","82","35.755","18.122","0","1.25313553795027","0.534904043489899","20.39900508",
"6/27/1983","-63.4375","-7.02514982223511","82","34.373","19.846","0","0.908084613401241","0.588640200025672","13.25227806",
"6/28/1983","-63.4375","-7.02514982223511","82","37.795","22.144","0","0.826646954666647","0.480725096207716","20.177664732",
"6/29/1983","-63.4375","-7.02514982223511","82","36.039","23.071","0","1.26400828290442","0.462091327115226","22.93739712",
"6/30/1983","-63.4375","-7.02514982223511","82","35.893","20.161","0","1.55652712839748","0.465548616133879","22.9335732",
"7/1/1983","-63.4375","-7.02514982223511","82","38.15","20.225","0","1.18342301008143","0.391012457740052","23.18883966",
"7/2/1983","-63.4375","-7.02514982223511","82","34.324","20.604","0","1.06493714483724","0.592215775958111","15.90851664",
"7/3/1983","-63.4375","-7.02514982223511","82","28.642","20.693","0","1.65898633659093","0.677642865094788","7.91347446",
"7/4/1983","-63.4375","-7.02514982223511","82","36.268","21.625","0","1.23714502777552","0.528523607645307","22.91028984",
"7/5/1983","-63.4375","-7.02514982223511","82","37.329","20.627","0","1.25355746825452","0.439128800045749","23.12229384",
"7/6/1983","-63.4375","-7.02514982223511","82","35.982","20.582","0","0.808411979256016","0.590704589304048","7.293204",
"7/7/1983","-63.4375","-7.02514982223511","82","33.899","23.313","0","1.09965235245645","0.575619017581153","12.7379223",
"7/8/1983","-63.4375","-7.02514982223511","82","36.783","20.714","0.0034332264","1.01103613124369","0.580856305864924","11.583849852",
"7/9/1983","-63.4375","-7.02514982223511","82","36.197","16.926","0","1.02367643304678","0.598684497720066","23.10227028",
"7/10/1983","-63.4375","-7.02514982223511","82","38.062","14.666","0","0.751405045823667","0.629273761183758","23.32203516",
"7/11/1983","-63.4375","-7.02514982223511","82","38.186","18.319","0","0.91186571592432","0.450101484000801","21.23494254",
"7/12/1983","-63.4375","-7.02514982223511","82","32.455","19.314","0.123596244","1.15292823795479","0.600456028907762","12.9736692",
"7/13/1983","-63.4375","-7.02514982223511","82","35.835","19.425","0","1.43626058067665","0.532851018293314","22.63837554",
"7/14/1983","-63.4375","-7.02514982223511","82","35.724","16.933","0","0.991900558326515","0.544791448569272","14.13804636",
"7/15/1983","-63.4375","-7.02514982223511","82","33.981","18.675","0.120162996","0.811433035851722","0.739750700275402","12.06905868",
"7/16/1983","-63.4375","-7.02514982223511","82","34.209","22.217","0","1.95075509469763","0.539713151548254","21.19168296",
"7/17/1983","-63.4375","-7.02514982223511","82","35.096","22.516","0.336456288","1.53340325017007","0.560967187675856","14.37873714",
"7/18/1983","-63.4375","-7.02514982223511","82","34.299","21.642","1.27716084","1.16983487940001","0.605054679945133","12.326060268",
"7/19/1983","-63.4375","-7.02514982223511","82","36.972","21.755","1.09863324","0.949559875245394","0.684727045294687","13.120764768",
"7/20/1983","-63.4375","-7.02514982223511","82","35.779","18.985","0","1.2873990917728","0.621266624433957","17.23398462",
"7/21/1983","-63.4375","-7.02514982223511","82","37.64","19.563","0","1.15459367427384","0.572058116953948","14.82244074",
"7/22/1983","-63.4375","-7.02514982223511","82","35.319","18.024","0","1.25346967296475","0.582156868317491","20.344438008",
"7/23/1983","-63.4375","-7.02514982223511","82","36.47","20.866","0","1.07891578934166","0.56145644981678","13.611766248",
"7/24/1983","-63.4375","-7.02514982223511","82","37.033","21.266","0","1.20110402373513","0.523169215234722","16.71896196",
"7/25/1983","-63.4375","-7.02514982223511","82","36.494","19.054","0","0.973071179438569","0.527459075070093","15.539792832",
"7/26/1983","-63.4375","-7.02514982223511","82","36.162","16.774","0","0.849318182088921","0.584487944287263","14.333003568",
"7/27/1983","-63.4375","-7.02514982223511","82","38.097","19.444","0","1.1988672450438","0.458870913592442","23.453498232",
"7/28/1983","-63.4375","-7.02514982223511","82","37.131","16.411","0","1.20928283874775","0.473965882064181","24.34173408",
"7/29/1983","-63.4375","-7.02514982223511","82","36.874","16.41","0","1.40452146662791","0.408868165820965","24.465312792",
"7/30/1983","-63.4375","-7.02514982223511","82","36.56","16.841","0","1.51567292646065","0.363436807851486","25.326285552",
"7/31/1983","-63.4375","-7.02514982223511","82","37.617","20.023","0","1.6299409535846","0.311141882932055","25.016631048",
"8/1/1983","-63.4375","-7.02514982223511","82","38.641","17.805","0","1.2863467357453","0.35082917568913","25.09970616",
"8/2/1983","-63.4375","-7.02514982223511","82","36.149","21.111","0","1.69194026452622","0.337381848353527","24.76963386",
"8/3/1983","-63.4375","-7.02514982223511","82","36.225","20.589","0","1.56043733150292","0.395485474486748","24.43589982",
"8/4/1983","-63.4375","-7.02514982223511","82","36.488","19.013","0","1.38159064562131","0.402052007471014","24.99057324",
"8/5/1983","-63.4375","-7.02514982223511","82","37.218","14.27","0","1.38894786711166","0.344626988148925","24.9978951",
"8/6/1983","-63.4375","-7.02514982223511","82","38.581","21.441","0","1.29056099891616","0.397294421940396","15.711581088",
"8/7/1983","-63.4375","-7.02514982223511","82","38.596","18.992","0","1.23314176936595","0.45996013682924","20.205224928",
"8/8/1983","-63.4375","-7.02514982223511","82","33.809","23.434","0","1.57471350514375","0.520246907517708","16.70282478",
"8/9/1983","-63.4375","-7.02514982223511","82","36.855","20.49","0","1.30629815231214","0.521750404182925","14.318326368",
"8/10/1983","-63.4375","-7.02514982223511","82","37.103","24.13","0","1.5236741745974","0.461360307019255","15.34510998",
"8/11/1983","-63.4375","-7.02514982223511","82","36.71","19.887","0","0.954064407546831","0.564750525941488","15.7725576",
"8/12/1983","-63.4375","-7.02514982223511","82","39.863","20.81","0","1.0962716815858","0.56465207055532","16.28471502",
"8/13/1983","-63.4375","-7.02514982223511","82","32.877","20.672","0.151062048","1.62909476215551","0.562584542655419","18.267805332",
"8/14/1983","-63.4375","-7.02514982223511","82","38.687","22.03","0","1.14155057658129","0.380777055703619","25.55201484",
"8/15/1983","-63.4375","-7.02514982223511","82","40.304","20.461","0","1.11372045016241","0.408817980174891","17.676052848",
"8/16/1983","-63.4375","-7.02514982223511","82","40.3","23.787","0","1.60653414356324","0.301044245357686","25.805645712",
"8/17/1983","-63.4375","-7.02514982223511","82","39.634","17.318","0","1.37116025619596","0.287956394366147","26.14319766",
"8/18/1983","-63.4375","-7.02514982223511","82","38.413","24.192","0","1.25628176934647","0.404593990999146","14.19232806",
"8/19/1983","-63.4375","-7.02514982223511","82","38.651","15.805","0","1.62960657918309","0.371307695776668","26.523841392",
"8/20/1983","-63.4375","-7.02514982223511","82","38.463","13.057","0","1.32479454883026","0.309598202120839","26.726181768",
"8/21/1983","-63.4375","-7.02514982223511","82","40.176","20.223","0","1.0011198146742","0.321532289309083","25.28099568",
"8/22/1983","-63.4375","-7.02514982223511","82","33.936","24.549","0","1.9327498614067","0.544531145062196","14.215497912",
"8/23/1983","-63.4375","-7.02514982223511","82","37.561","21.738","0.399971124","1.56586738349311","0.57075907713874","17.073953082",
"8/24/1983","-63.4375","-7.02514982223511","82","36.388","20.839","4.027174452","1.09122630109427","0.650289628095304","13.372815528",
"8/25/1983","-63.4375","-7.02514982223511","82","36.114","21.049","0.1991271528","0.976937578991907","0.640712154718037","13.494824352",
"8/26/1983","-63.4375","-7.02514982223511","82","37.507","22.318","0","1.03499084823504","0.589225573948975","13.465008288",
"8/27/1983","-63.4375","-7.02514982223511","82","36.856","18.098","0","1.32109469118369","0.527249366651222","25.397326008",
"8/28/1983","-63.4375","-7.02514982223511","82","36.016","22.272","0","1.22045828691851","0.55191174927902","16.3413594",
"8/29/1983","-63.4375","-7.02514982223511","82","39.462","22.686","0","1.3236766019354","0.472783671814272","17.9446491",
"8/30/1983","-63.4375","-7.02514982223511","82","38.312","22.389","0","1.31729811006017","0.546544803280875","14.42497428",
"8/31/1983","-63.4375","-7.02514982223511","82","38.52","23.071","1.0951996464","1.00700724683932","0.564966800490335","14.590574208",
"9/1/1983","-63.4375","-7.02514982223511","82","41.576","20.139","0.0171661464","0.9224386061915","0.483305966678161","16.594538688",
"9/2/1983","-63.4375","-7.02514982223511","82","40.209","21.799","1.373290992","1.14989788755349","0.606019249958302","13.60148148",
"9/3/1983","-63.4375","-7.02514982223511","82","40.824","22.058","0","1.18339229496446","0.468228490386202","17.880979752",
"9/4/1983","-63.4375","-7.02514982223511","82","41.356","23.857","0","1.00434614490929","0.400675793208656","13.317921432",
"9/5/1983","-63.4375","-7.02514982223511","82","40.226","25.141","1.493454492","1.07530677030869","0.461269699944377","15.67642752",
"9/6/1983","-63.4375","-7.02514982223511","82","40.268","23.615","3.5860056264","1.22981336645805","0.551108437811496","19.125898272",
"9/7/1983","-63.4375","-7.02514982223511","82","39.325","23.03","3.017808","1.04809529886284","0.61923163183743","11.04637212",
"9/8/1983","-63.4375","-7.02514982223511","82","40.124","21.57","0","0.984707201418205","0.445620652565813","17.29856232",
"9/9/1983","-63.4375","-7.02514982223511","82","37.925","23.388","0.5681998584","1.07405420203121","0.515008409605525","11.855133522",
"9/10/1983","-63.4375","-7.02514982223511","82","33.713","23.088","0.0720977472","1.90533480024061","0.509482969030208","15.1863777",
"9/11/1983","-63.4375","-7.02514982223511","82","36.276","20.353","0","1.5870056683514","0.50945350405667","20.11533966",
"9/12/1983","-63.4375","-7.02514982223511","82","41.36","21.898","0","0.838967973234901","0.378861346886023","27.765509832",
"9/13/1983","-63.4375","-7.02514982223511","82","36.122","22.412","0.2849579424","1.0277416201219","0.470898430810231","12.09948642",
"9/14/1983","-63.4375","-7.02514982223511","82","37.976","23.024","0","1.8603180396622","0.384931980623134","27.613013472",
"9/15/1983","-63.4375","-7.02514982223511","82","39.572","22.824","0.29869092","1.08087657508079","0.449143324842634","18.12234384",
"9/16/1983","-63.4375","-7.02514982223511","82","38.013","22.11","0.25234236","1.00826706495897","0.568573124595643","15.83212032",
"9/17/1983","-63.4375","-7.02514982223511","82","38.203","21.561","0","1.32651450732602","0.483054664169891","23.0462433",
"9/18/1983","-63.4375","-7.02514982223511","82","41.767","25.93","0","1.08824159734251","0.408378288180296","19.083601368",
"9/19/1983","-63.4375","-7.02514982223511","82","38.256","20.725","0","1.1964315214875","0.374463962715686","18.346387032",
"9/20/1983","-63.4375","-7.02514982223511","82","38.414","23.803","0","1.62625265368756","0.378366776422545","20.393944272",
"9/21/1983","-63.4375","-7.02514982223511","82","40.082","25.364","0.0034332264","1.08843089185348","0.396228101289555","14.377042368",
"9/22/1983","-63.4375","-7.02514982223511","82","38.658","24.515","0.2986908624","1.28757833238438","0.464706590274069","10.821433212",
"9/23/1983","-63.4375","-7.02514982223511","82","39.804","23.86","0","1.49624588308575","0.428664357348109","17.2892214",
"9/24/1983","-63.4375","-7.02514982223511","82","39.687","24.746","0","1.62047739017121","0.373896725456447","26.4167982",
"9/25/1983","-63.4375","-7.02514982223511","82","39.435","22.433","0","1.22966998429486","0.413248333793305","23.169032982",
"9/26/1983","-63.4375","-7.02514982223511","82","42.588","20.144","0","1.06770222778691","0.374669870116335","20.18346084",
"9/27/1983","-63.4375","-7.02514982223511","82","41.663","22.545","0","1.46646024670038","0.369430365778597","17.96574276",
"9/28/1983","-63.4375","-7.02514982223511","82","38.403","22.655","0.080680824","1.16078472945417","0.417299806593188","18.98623044",
"9/29/1983","-63.4375","-7.02514982223511","82","41.302","19.928","0.269508312","1.42184421810098","0.394400252168801","22.8076884",
"9/30/1983","-63.4375","-7.02514982223511","82","37.309","25.485","0.23002596","2.30774755187352","0.421178070594315","21.64297248",
"10/1/1983","-63.4375","-7.02514982223511","82","36.554","22.854","0","1.60344022640817","0.491101120156457","17.00431776",
"10/2/1983","-63.4375","-7.02514982223511","82","34.391","21.921","3.64608216","1.42714482883865","0.670773079191411","17.86640292",
"10/3/1983","-63.4375","-7.02514982223511","82","32.319","22.539","3.99456108","1.30816079030487","0.835688351755307","18.786989232",
"10/4/1983","-63.4375","-7.02514982223511","82","35.934","22.528","1.843642908","1.14322696197869","0.707205350249561","13.78045584",
"10/5/1983","-63.4375","-7.02514982223511","82","36.462","20.719","6.2072787384","1.01634576961505","0.728368379751953","14.85709164",
"10/6/1983","-63.4375","-7.02514982223511","82","28.1","21.815","28.64770524","1.11067932995757","0.929269653460786","20.995092",
"10/7/1983","-63.4375","-7.02514982223511","82","31.462","22.193","2.2676502456","0.938007960101004","0.835853717199","12.05313642",
"10/8/1983","-63.4375","-7.02514982223511","82","38.032","19.094","7.15485078","0.835722679641596","0.719225183646121","16.11860256",
"10/9/1983","-63.4375","-7.02514982223511","82","40.296","22.062","9.3641242824","0.62955463435083","0.747703117942506","13.751212608",
"10/10/1983","-63.4375","-7.02514982223511","82","31.072","22.721","6.52227192","0.956843520629583","0.866680022396168","12.2941116",
"10/11/1983","-63.4375","-7.02514982223511","82","35.872","20.291","0","1.30039945758915","0.694199904715884","19.26157284",
"10/12/1983","-63.4375","-7.02514982223511","82","37.317","20.279","0","1.07692383093393","0.653973330950898","18.84645432",
"10/13/1983","-63.4375","-7.02514982223511","82","31.432","20.983","0.1270294128","1.27564273835393","0.790045233017339","13.894595928",
"10/14/1983","-63.4375","-7.02514982223511","82","34.02","20.875","0.406837548","1.37757229422589","0.709657685994884","13.694909508",
"10/15/1983","-63.4375","-7.02514982223511","82","36.017","23.125","0.077247648","1.18266236209824","0.592047026782542","11.881570032",
"10/16/1983","-63.4375","-7.02514982223511","82","39.758","22.423","0.115013448","0.948884752230107","0.553257171089366","12.14246358",
"10/17/1983","-63.4375","-7.02514982223511","82","38.154","22.471","0.264358692","1.02292993234603","0.527157820357147","20.51640324",
"10/18/1983","-63.4375","-7.02514982223511","82","41.487","25.239","0.27637452","1.04021113336062","0.488625402905032","18.237711672",
"10/19/1983","-63.4375","-7.02514982223511","82","33.739","21.619","1.399039956","1.43173739836462","0.692677520518246","14.11874568",
"10/20/1983","-63.4375","-7.02514982223511","82","36.827","20.691","0.02746584","1.60735324702475","0.561611909439619","15.26259384",
"10/21/1983","-63.4375","-7.02514982223511","82","38.836","21.597","4.730982588","1.09705490057867","0.663738060221012","15.95621088",
"10/22/1983","-63.4375","-7.02514982223511","82","37.04","21.62","2.0659431024","1.06464547663813","0.701513053625889","18.01467612",
"10/23/1983","-63.4375","-7.02514982223511","82","37.625","21.719","0.5321502","1.1989601271205","0.586293956761347","15.87380292",
"10/24/1983","-63.4375","-7.02514982223511","82","34.241","22.375","6.1832435904","1.79174206326403","0.703192800201691","16.1798652",
"10/25/1983","-63.4375","-7.02514982223511","82","35.233","19.79","0","1.33556372139465","0.534746982022657","18.43661052",
"10/26/1983","-63.4375","-7.02514982223511","82","36.98","21.617","0","1.51198011075775","0.583719479308657","14.67810468",
"10/27/1983","-63.4375","-7.02514982223511","82","37.172","22.382","2.1148694064","1.59150109285625","0.579480414772218","25.6059",
"10/28/1983","-63.4375","-7.02514982223511","82","33.044","21.354","3.42292806","1.22849057430123","0.775332969221998","24.63283296",
"10/29/1983","-63.4375","-7.02514982223511","82","33.634","21.894","1.623917232","1.41987621505813","0.663463362631189","21.76869474",
"10/30/1983","-63.4375","-7.02514982223511","82","34.463","22.638","91.49554692","1.17030791443632","0.776089960629883","16.38950382",
"10/31/1983","-63.4375","-7.02514982223511","82","33.168","21.317","0","1.52833029079223","0.642397147014351","23.24312028",
"11/1/1983","-63.4375","-7.02514982223511","82","29.474","21.559","16.99790904","1.03616249742693","0.889750204223852","25.87685184",
"11/2/1983","-63.4375","-7.02514982223511","82","36.02","21.681","7.8294744","0.957634784313365","0.835351083935669","11.37673512",
"11/3/1983","-63.4375","-7.02514982223511","82","27.901","22.72","19.035538488","1.28292203099414","0.939209078071553","26.45566434",
"11/4/1983","-63.4375","-7.02514982223511","82","35.46","21.742","0","1.23379930180788","0.680579732567102","17.48694618",
"11/5/1983","-63.4375","-7.02514982223511","82","37.017","25.268","0","1.01817979714221","0.554628736621068","14.93532954",
"11/6/1983","-63.4375","-7.02514982223511","82","37.432","21.676","0.432586836","1.20811395237977","0.649011754608164","16.33500054",
"11/7/1983","-63.4375","-7.02514982223511","82","32.02","21.63","5.956649352","1.21569802612785","0.785643215662531","27.09865926",
"11/8/1983","-63.4375","-7.02514982223511","82","37.244","20.297","0","1.09537158356512","0.65612683255019","17.84091798",
"11/9/1983","-63.4375","-7.02514982223511","82","34.771","22.284","7.0767413568","1.28670815675629","0.793710070180091","14.4742455",
"11/10/1983","-63.4375","-7.02514982223511","82","27.275","20.858","4.9773149064","0.958069737681464","0.913311712423818","4.294685772",
"11/11/1983","-63.4375","-7.02514982223511","82","37.293","20.858","0.06008148","1.13099211878945","0.592559627974472","16.88073408",
"11/12/1983","-63.4375","-7.02514982223511","82","38.159","22.067","1.81274598","1.31902044899776","0.60950557040114","17.58831084",
"11/13/1983","-63.4375","-7.02514982223511","82","37.684","24.342","0","1.38206597977955","0.52483693856485","17.81167464",
"11/14/1983","-63.4375","-7.02514982223511","82","38.807","22.957","0","0.911348071543538","0.526766024985549","23.210775",
"11/15/1983","-63.4375","-7.02514982223511","82","34.911","23.071","2.1715174584","1.31686538902499","0.688065393726221","12.38653242",
"11/16/1983","-63.4375","-7.02514982223511","82","35.18","21.663","3.69243648","1.24019366438581","0.734142042129457","22.4674254",
"11/17/1983","-63.4375","-7.02514982223511","82","35.41","22.188","3.7096029864","1.0897104636263","0.821063132261272","16.7729688",
"11/18/1983","-63.4375","-7.02514982223511","82","35.219","22.296","0.108146628","1.31301689784328","0.67944659325686","17.70541668",
"11/19/1983","-63.4375","-7.02514982223511","82","37.439","21.525","0","1.18231483696622","0.572689583831188","20.50132878",
"11/20/1983","-63.4375","-7.02514982223511","82","37.677","20.845","0","0.956051468344915","0.568353950616664","15.94721502",
"11/21/1983","-63.4375","-7.02514982223511","82","36.438","21.608","0","1.90520805530356","0.534535983600302","24.16573314",
"11/22/1983","-63.4375","-7.02514982223511","82","36.883","22.196","0.8334158184","1.42782354970545","0.539446467089158","24.986979",
"11/23/1983","-63.4375","-7.02514982223511","82","37.531","22.015","0.8892055728","1.16132438683482","0.652981755010023","16.8171759",
"11/24/1983","-63.4375","-7.02514982223511","82","38.916","21.393","0.010299672","0.967958227877348","0.593014115664166","14.87913786",
"11/25/1983","-63.4375","-7.02514982223511","82","39.609","23.845","0.024032592","1.3726335984148","0.466695296944837","19.70746812",
"11/26/1983","-63.4375","-7.02514982223511","82","39.412","24.493","0.08068086","1.32975306023583","0.491554836193044","17.05320288",
"11/27/1983","-63.4375","-7.02514982223511","82","38.448","22.859","0.662612868","1.50141306249544","0.699577667279387","9.89926902",
"11/28/1983","-63.4375","-7.02514982223511","82","33.897","19.764","0.5184174384","1.09581918094749","0.696734639764037","21.263285592",
"11/29/1983","-63.4375","-7.02514982223511","82","35.287","21.355","2.59723782","1.39052249642486","0.661926226409395","19.52555796",
"11/30/1983","-63.4375","-7.02514982223511","82","37.037","19.691","0.556183404","0.927567210667314","0.650118420439586","17.10224676",
"12/1/1983","-63.4375","-7.02514982223511","82","38.387","21.182","1.0505672928","1.13242428181941","0.682074069707362","15.02055",
"12/2/1983","-63.4375","-7.02514982223511","82","31.643","21.861","5.48286372","1.55668843434247","0.799804537384759","20.67783768",
"12/3/1983","-63.4375","-7.02514982223511","82","31.956","21.109","0.2952575712","1.18280418374945","0.808708154567146","10.916439048",
"12/4/1983","-63.4375","-7.02514982223511","82","31.538","21.187","0","1.71085436177165","0.687985897088269","20.872129248",
"12/5/1983","-63.4375","-7.02514982223511","82","31.189","18.694","0.8960724","1.17661268806941","0.737528910138396","17.755987392",
"12/6/1983","-63.4375","-7.02514982223511","82","34.252","22.078","0.1064299248","1.48565883725116","0.684963597930679","17.86055652",
"12/7/1983","-63.4375","-7.02514982223511","82","27.965","21.699","38.792018016","1.13255287072432","0.908276654784358","9.64681902",
"12/8/1983","-63.4375","-7.02514982223511","82","29.486","21.721","4.025459664","1.08405841523214","0.837200533720428","17.121152448",
"12/9/1983","-63.4375","-7.02514982223511","82","30.826","20.597","8.65516212","0.713742908934778","0.881191830666401","15.25972356",
"12/10/1983","-63.4375","-7.02514982223511","82","31.573","21.786","10.182954492","1.30363189706291","0.873839892550699","20.70928134",
"12/11/1983","-63.4375","-7.02514982223511","82","35.825","22.725","8.044051788","1.1027408801607","0.859964808793548","18.30807702",
"12/12/1983","-63.4375","-7.02514982223511","82","31.448","22.396","4.3670671992","1.27700618701923","0.84485203906985","23.16026196",
"12/13/1983","-63.4375","-7.02514982223511","82","28.652","21.433","15.8649461784","1.16527771376655","0.925002683714296","22.1028822",
"12/14/1983","-63.4375","-7.02514982223511","82","30.521","22.28","0.5218506648","0.993389953273656","0.814020294734955","13.47204168",
"12/15/1983","-63.4375","-7.02514982223511","82","36.269","22.181","4.2160029192","1.1133588950338","0.805100812510162","13.86736416",
"12/16/1983","-63.4375","-7.02514982223511","82","30.614","22.351","6.0768104184","0.708541497651495","0.881073812263553","20.36328516",
"12/17/1983","-63.4375","-7.02514982223511","82","29.086","22.934","11.9064400992","0.853291303146976","0.88774323315455","22.70350926",
"12/18/1983","-63.4375","-7.02514982223511","82","28.934","22.118","5.716325232","1.13272624972677","0.945967886130826","10.289142288",
"12/19/1983","-63.4375","-7.02514982223511","82","32.793","21.616","17.36183664","1.00931215980779","0.88755995513323","18.9732933",
"12/20/1983","-63.4375","-7.02514982223511","82","35.436","22.614","5.6167563456","1.07050653640977","0.83260959438516","13.30993278",
"12/21/1983","-63.4375","-7.02514982223511","82","30.095","22.811","9.5426515728","0.910157032021398","0.902895295895654","24.4927728",
"12/22/1983","-63.4375","-7.02514982223511","82","35.023","22.254","12.00943152","1.30629118911207","0.852045800490759","26.482329",
"12/23/1983","-63.4375","-7.02514982223511","82","31.656","21.238","5.20305372","0.790410557767333","0.8650842348327","27.3193884",
"12/24/1983","-63.4375","-7.02514982223511","82","36.903","22.424","15.892414632","0.664320640081656","0.797780591146584","16.0698969",
"12/25/1983","-63.4375","-7.02514982223511","82","29.268","22.962","26.7379626888","1.17177101983167","0.893124036273618","13.3529076",
"12/26/1983","-63.4375","-7.02514982223511","82","23.753","20.915","45.4199140008","0.889505125102462","0.971479134667936","2.874881952",
"12/27/1983","-63.4375","-7.02514982223511","82","25.465","19.1","3.8967157512","0.844467130048016","0.93656155426461","5.55384276",
"12/28/1983","-63.4375","-7.02514982223511","82","29.744","20.678","22.645564812","1.03652972725218","0.929967659739487","15.306356412",
"12/29/1983","-63.4375","-7.02514982223511","82","26.463","21.146","12.80250684","0.879438780605239","0.936693934065594","5.19479307",
"12/30/1983","-63.4375","-7.02514982223511","82","32.244","20.054","5.438232432","1.1404756158522","0.798052363716191","22.38210288",
"12/31/1983","-63.4375","-7.02514982223511","82","26.079","23.22","9.99755586","1.09884993730276","0.938352768393932","6.04063296",
"1/1/1984","-63.4375","-7.02514982223511","82","23.797","21.581","9.544370976","0.569923749403895","0.970903686505949","1.82857446",
"1/2/1984","-63.4375","-7.02514982223511","82","25.488","21.224","4.72069116","0.895479807011211","0.945573417352212","5.575614228",
"1/3/1984","-63.4375","-7.02514982223511","82","26.38","19.653","1.5964510392","0.931840516502714","0.911054902206922","8.05764222",
"1/4/1984","-63.4375","-7.02514982223511","82","29.814","20.907","6.5385836568","1.17935650919847","0.910018186401377","18.5901147",
"1/5/1984","-63.4375","-7.02514982223511","82","27.171","21.358","1.9500747336","0.800725423762553","0.887875832807582","11.692183752",
"1/6/1984","-63.4375","-7.02514982223511","82","28.682","21.008","15.72245532","0.777235991293536","0.938536245238105","12.336416118",
"1/7/1984","-63.4375","-7.02514982223511","82","23.26","19.607","67.1332923","0.938730147412531","0.979496074104452","3.35373786",
"1/8/1984","-63.4375","-7.02514982223511","82","22.332","19.606","5.592728772","0.565091325084845","0.979415099010505","2.43146268",
"1/9/1984","-63.4375","-7.02514982223511","82","31.308","19.401","5.9926953816","0.952626317617971","0.850491153373666","18.5475933",
"1/10/1984","-63.4375","-7.02514982223511","82","25.471","20.729","12.7149548184","0.743451656684481","0.963741356110825","11.54171376",
"1/11/1984","-63.4375","-7.02514982223511","82","30.882","21.711","6.761741508","1.26680656506457","0.882456772113344","16.970682672",
"1/12/1984","-63.4375","-7.02514982223511","82","34.02","21.716","7.5196274328","1.28741694969084","0.82091278729115","12.28472136",
"1/13/1984","-63.4375","-7.02514982223511","82","27.616","19.825","9.0311097528","1.01439769960575","0.939134732519042","18.059342328",
"1/14/1984","-63.4375","-7.02514982223511","82","34.026","21.233","12.936397716","1.07553654451","0.90767352603701","9.25047954",
"1/15/1984","-63.4375","-7.02514982223511","82","33.787","21.981","0.194835672","1.00439017878558","0.76715030461","17.47367082",
"1/16/1984","-63.4375","-7.02514982223511","82","36.5","20.615","0","0.888917439160272","0.666535693325486","19.3026933",
"1/17/1984","-63.4375","-7.02514982223511","82","33.723","20.148","0.497818296","1.17914132790196","0.700391929716802","19.13905944",
"1/18/1984","-63.4375","-7.02514982223511","82","33.346","21.797","5.081180976","1.13739533362508","0.789436408640312","18.77844564",
"1/19/1984","-63.4375","-7.02514982223511","82","31.595","21.802","8.5985213184","1.38244472783775","0.822869100098715","22.7923875",
"1/20/1984","-63.4375","-7.02514982223511","82","29.327","21.992","7.1754461784","1.00441316464528","0.900558965228046","17.29434654",
"1/21/1984","-63.4375","-7.02514982223511","82","30.709","20.74","7.5822837984","1.06148953067714","0.887182867699086","21.1098924",
"1/22/1984","-63.4375","-7.02514982223511","82","33.425","20.625","9.96151068","0.774919592787254","0.878447781204231","16.855084872",
"1/23/1984","-63.4375","-7.02514982223511","82","28.601","21.053","17.5746923064","1.10056847516157","0.93699569171333","23.08730724",
"1/24/1984","-63.4375","-7.02514982223511","82","29.005","21.214","0.6471635688","1.09887096154881","0.846638714206918","18.8411121",
"1/25/1984","-63.4375","-7.02514982223511","82","35.606","20.5","1.07460036","0.924352541628469","0.733885135538288","17.588762928",
"1/26/1984","-63.4375","-7.02514982223511","82","30.923","21.513","11.00864736","1.07257290698957","0.898596830724876","24.17304744",
"1/27/1984","-63.4375","-7.02514982223511","82","24.376","20.502","60.1724737584","0.883024008649773","0.974724069886466","3.489691968",
"1/28/1984","-63.4375","-7.02514982223511","82","32.775","18.837","0.8874892944","0.701784188844827","0.869059302837087","16.49604672",
"1/29/1984","-63.4375","-7.02514982223511","82","33.096","22.036","5.9223161592","0.800967783483002","0.890291029550236","19.478136852",
"1/30/1984","-63.4375","-7.02514982223511","82","31.544","21.803","8.6002393968","1.04012826122648","0.871808111630924","20.87223894",
"1/31/1984","-63.4375","-7.02514982223511","82","29.427","22.008","15.502742532","0.817798056230318","0.92273996068725","23.30780832",
"2/1/1984","-63.4375","-7.02514982223511","82","29.141","22.495","29.8278948528","0.820651446456145","0.937090764033229","21.0365982",
"2/2/1984","-63.4375","-7.02514982223511","82","31.318","22.317","116.3314734768","1.03146276280794","0.882812438122187","19.21579065",
"2/3/1984","-63.4375","-7.02514982223511","82","34.451","21.168","3.8143167048","0.793584107201714","0.828670712166257","12.77752914",
"2/4/1984","-63.4375","-7.02514982223511","82","32.147","20.94","9.317777724","0.927948193633244","0.869460516678992","21.728590128",
"2/5/1984","-63.4375","-7.02514982223511","82","29.821","21.635","22.580334396","0.781343569223156","0.905258808303237","23.151210192",
"2/6/1984","-63.4375","-7.02514982223511","82","26.776","23.214","21.591576036","0.858645831192377","0.952548726555598","19.011041352",
"2/7/1984","-63.4375","-7.02514982223511","82","24.474","21.899","16.53098346","0.855630764941319","0.972642386938047","3.27161124",
"2/8/1984","-63.4375","-7.02514982223511","82","26.569","20.978","3.2203662264","1.21113194262741","0.904610253522611","11.78950104",
"2/9/1984","-63.4375","-7.02514982223511","82","28.478","20.296","7.918736004","0.928885028649764","0.922019865658455","14.081011452",
"2/10/1984","-63.4375","-7.02514982223511","82","30.109","20.544","14.48821656","1.01861753135252","0.912978099872841","19.787956902",
"2/11/1984","-63.4375","-7.02514982223511","82","29.088","19.543","0.4188536208","0.916016701906515","0.876652148431605","11.00868606",
"2/12/1984","-63.4375","-7.02514982223511","82","33.528","20.009","4.13360856","0.848674631627694","0.797607827735665","23.829023808",
"2/13/1984","-63.4375","-7.02514982223511","82","31.788","20.696","13.341522996","0.689378182415452","0.90066331718952","26.48312316",
"2/14/1984","-63.4375","-7.02514982223511","82","24.466","21.751","12.75787368","0.827262892197184","0.974817173246623","1.653581952",
"2/15/1984","-63.4375","-7.02514982223511","82","24.503","21.064","13.99383756","0.652556358797928","0.972130917354904","5.132757222",
"2/16/1984","-63.4375","-7.02514982223511","82","23.702","18.043","15.81001128","0.725824764353817","0.976237054695436","6.19104681",
"2/17/1984","-63.4375","-7.02514982223511","82","31.667","19.929","2.61612054","0.882227951909548","0.864426455373888","21.374832312",
"2/18/1984","-63.4375","-7.02514982223511","82","26.876","22.019","17.574692436","1.03321844705278","0.919805690822607","13.247718732",
"2/19/1984","-63.4375","-7.02514982223511","82","29.133","22.352","9.5855703264","1.06960395938765","0.929008094482822","24.38977266",
"2/20/1984","-63.4375","-7.02514982223511","82","30.613","22.816","18.268205292","0.853263339304567","0.884377153156832","22.4260362",
"2/21/1984","-63.4375","-7.02514982223511","82","30.557","23.042","23.10218946","0.807157123326947","0.905475989289972","25.971076512",
"2/22/1984","-63.4375","-7.02514982223511","82","26.91","22.65","12.30125832","0.92006277279926","0.953568010159701","13.773825",
"2/23/1984","-63.4375","-7.02514982223511","82","27.432","22.835","5.815887012","0.876361389121865","0.951563842489968","13.37253912",
"2/24/1984","-63.4375","-7.02514982223511","82","30.928","21.921","5.819323212","1.07157808349366","0.876030737447099","26.45077068",
"2/25/1984","-63.4375","-7.02514982223511","82","26.701","22.409","20.928957336","0.672346601240339","0.959830669765935","16.57108035",
"2/26/1984","-63.4375","-7.02514982223511","82","26.655","22.305","27.235795824","0.812340549329454","0.964978000630785","13.299350328",
"2/27/1984","-63.4375","-7.02514982223511","82","24.367","21.451","35.21119248","0.893960064109586","0.978827830012636","2.09401848",
"2/28/1984","-63.4375","-7.02514982223511","82","26.844","21.048","27.3181815","0.792446732637685","0.939458218628027","12.104382618",
"2/29/1984","-63.4375","-7.02514982223511","82","30.656","21.502","14.158628424","0.894177666265044","0.914868049050268","18.942301008",
"3/1/1984","-63.4375","-7.02514982223511","82","24.328","19.929","73.1861424","1.01741804110557","0.956539275903031","8.69602356",
"3/2/1984","-63.4375","-7.02514982223511","82","26.652","19.874","2.4496048584","0.533083313414128","0.940655317650335","7.59835953",
"3/3/1984","-63.4375","-7.02514982223511","82","29.375","18.826","1.9329074928","0.649628508922826","0.876958321059219","10.86738624",
"3/4/1984","-63.4375","-7.02514982223511","82","26.545","21.707","5.9875457904","0.796951407119973","0.96059991931128","6.651056268",
"3/5/1984","-63.4375","-7.02514982223511","82","24.956","20.687","27.5070215448","1.00068951068305","0.950356959161384","8.72927451",
"3/6/1984","-63.4375","-7.02514982223511","82","21.9","19.82","8.4663424584","0.999375271072393","0.977593805674694","4.62988152",
"3/7/1984","-63.4375","-7.02514982223511","82","27.027","20.07","2.29511448","0.832694966877992","0.948622718836733","9.41051628",
"3/8/1984","-63.4375","-7.02514982223511","82","27.915","20.601","0.9304047864","0.887608890793787","0.903799634902231","10.2216969",
"3/9/1984","-63.4375","-7.02514982223511","82","28.524","21.872","1.6204829688","0.753115976845642","0.904992821392182","10.47307734",
"3/10/1984","-63.4375","-7.02514982223511","82","27.253","21.414","3.51218952","0.69355488130437","0.957418445095786","6.9355125",
"3/11/1984","-63.4375","-7.02514982223511","82","32.759","21.119","5.68199646","0.981788035530213","0.836394379300826","23.618412",
"3/12/1984","-63.4375","-7.02514982223511","82","30.098","22.846","23.3253508392","0.926993082224063","0.905045721826962","16.57204092",
"3/13/1984","-63.4375","-7.02514982223511","82","24.862","21.209","18.8587126008","0.795466081650703","0.971484551271208","5.08123278",
"3/14/1984","-63.4375","-7.02514982223511","82","33.13","19.829","3.103638192","1.06681046463129","0.78663482656294","23.556593448",
"3/15/1984","-63.4375","-7.02514982223511","82","29.602","22.613","6.36863526","1.04439321885438","0.871213701244152","16.7819661",
"3/16/1984","-63.4375","-7.02514982223511","82","28.256","21.717","1.7543791584","1.23495369026663","0.876977142520598","10.889161632",
"3/17/1984","-63.4375","-7.02514982223511","82","33.624","21.481","1.651380372","1.00688907692687","0.764332190241657","18.74975688",
"3/18/1984","-63.4375","-7.02514982223511","82","24.652","21.844","28.313826264","0.581387845383777","0.974781931956581","5.488651152",
"3/19/1984","-63.4375","-7.02514982223511","82","25.089","21.544","63.665742276","1.10985542572432","0.968867752040655","6.683394672",
"3/20/1984","-63.4375","-7.02514982223511","82","33.889","21.433","0.930404448","1.08892047314591","0.843183319146935","18.483642",
"3/21/1984","-63.4375","-7.02514982223511","82","32.266","21.84","2.3002634376","1.11279567155663","0.866589467120691","14.379241482",
"3/22/1984","-63.4375","-7.02514982223511","82","29.656","22.358","0.6454469592","1.528619052377","0.848779786906706","23.7795786",
"3/23/1984","-63.4375","-7.02514982223511","82","30.769","21.319","4.9404094344","0.805008538806969","0.87017771414376","20.7458964",
"3/24/1984","-63.4375","-7.02514982223511","82","31.191","22.748","6.251906124","1.08690854296081","0.889317097328798","16.2225594",
"3/25/1984","-63.4375","-7.02514982223511","82","30.474","22.683","0.4394531808","0.830942531980009","0.827753750117402","12.834561132",
"3/26/1984","-63.4375","-7.02514982223511","82","27.197","21.934","1.4436717192","1.2045848898327","0.88218425212304","10.21150854",
"3/27/1984","-63.4375","-7.02514982223511","82","29.179","21.068","0.707245056","1.25442903054378","0.854107033566068","11.674460808",
"3/28/1984","-63.4375","-7.02514982223511","82","32.398","21.841","0.8239743648","1.10165354985633","0.811157129651983","20.119953672",
"3/29/1984","-63.4375","-7.02514982223511","82","29.114","21.086","1.136398428","1.44160618478659","0.872959420257074","15.6051522",
"3/30/1984","-63.4375","-7.02514982223511","82","29.357","19.838","7.463835108","0.867389654764022","0.921235049901436","11.34354708",
"3/31/1984","-63.4375","-7.02514982223511","82","30.921","19.77","4.4305803","0.894731203474555","0.896778791443936","19.72765818",
"4/1/1984","-63.4375","-7.02514982223511","82","27.641","23.07","28.430550792","0.872737349985993","0.957145735925232","11.54165778",
"4/2/1984","-63.4375","-7.02514982223511","82","27.395","22.691","36.7630047864","0.715512688804939","0.956809779891204","7.71637662",
"4/3/1984","-63.4375","-7.02514982223511","82","24.401","21.257","7.6732684632","0.767021994214656","0.973365108579267","4.03908858",
"4/4/1984","-63.4375","-7.02514982223511","82","26.842","20.797","1.915741044","0.926304744143592","0.924097306427077","7.02146016",
"4/5/1984","-63.4375","-7.02514982223511","82","28.697","22.089","0.202560624","1.17281652487534","0.867211466859936","13.42479258",
"4/6/1984","-63.4375","-7.02514982223511","82","27.955","22.445","11.9648034","0.873593602628458","0.95396370621762","9.162843552",
"4/7/1984","-63.4375","-7.02514982223511","82","24.756","20.089","3.5430917112","0.599632693891726","0.971995032365477","3.18785634",
"4/8/1984","-63.4375","-7.02514982223511","82","29.959","20.141","1.9432071864","0.842967143989425","0.890765142107069","15.29875602",
"4/9/1984","-63.4375","-7.02514982223511","82","29.047","19.648","1.6891475184","0.798522493738887","0.921330289124469","10.93100742",
"4/10/1984","-63.4375","-7.02514982223511","82","26.934","20.862","8.524705212","0.79139234994417","0.946870119734082","11.94293502",
"4/11/1984","-63.4375","-7.02514982223511","82","27.847","22.19","4.504395924","0.938551896044309","0.940507959437016","16.83646488",
"4/12/1984","-63.4375","-7.02514982223511","82","28.569","22.029","12.53815254","1.29093175594673","0.935097840780268","22.69254852",
"4/13/1984","-63.4375","-7.02514982223511","82","23.982","21.225","25.15524336","0.567174500354409","0.976788141907333","2.98687212",
"4/14/1984","-63.4375","-7.02514982223511","82","25.875","19.405","6.945417","0.802276904055281","0.936124440382573","9.32305122",
"4/15/1984","-63.4375","-7.02514982223511","82","31.729","18.388","7.95821976","0.939092471484576","0.87398582144278","23.07982536",
"4/16/1984","-63.4375","-7.02514982223511","82","22.828","19.723","58.05587916","1.07836834798635","0.98031672862682","2.36497482",
"4/17/1984","-63.4375","-7.02514982223511","82","30.255","19.585","0.051498396","0.867801348267806","0.861302133396618","19.48539564",
"4/18/1984","-63.4375","-7.02514982223511","82","28.917","20.057","7.4947344624","0.722004014813007","0.928967742396852","14.5488357",
"4/19/1984","-63.4375","-7.02514982223511","82","25.125","20.98","5.977247436","1.095427743821","0.958648621339862","7.523157312",
"4/20/1984","-63.4375","-7.02514982223511","82","28.599","19.248","1.6307812368","0.764060497068093","0.885603566731223","10.84797882",
"4/21/1984","-63.4375","-7.02514982223511","82","30.212","21.197","2.88047628","1.11069658401502","0.884244142644398","16.25102082",
"4/22/1984","-63.4375","-7.02514982223511","82","32.503","21.804","4.50782856","0.83512121761978","0.879550931419846","23.46856902",
"4/23/1984","-63.4375","-7.02514982223511","82","31.303","22.499","4.9575811176","1.22134758366991","0.864273364373442","23.0537781",
"4/24/1984","-63.4375","-7.02514982223511","82","29.608","22.827","9.2731457952","0.991792196329176","0.924022745082986","18.0681768",
"4/25/1984","-63.4375","-7.02514982223511","82","24.894","20.335","11.7313398","1.571632422372","0.949368908789392","8.503875",
"4/26/1984","-63.4375","-7.02514982223511","82","30.689","19.516","2.77748064","1.13394306298458","0.864556813747228","17.551907532",
"4/27/1984","-63.4375","-7.02514982223511","82","28.312","20.832","7.487869644","1.01377776384618","0.939900902237144","16.5580299",
"4/28/1984","-63.4375","-7.02514982223511","82","29.497","21.701","8.718684984","1.00424553116062","0.915533873594061","20.5679196",
"4/29/1984","-63.4375","-7.02514982223511","82","24.305","20.825","13.866807276","1.33479088347494","0.96888805038774","4.5262125",
"4/30/1984","-63.4375","-7.02514982223511","82","24.743","20.323","1.1878970688","0.757379882478312","0.94992547149052","6.7308129",
"5/1/1984","-63.4375","-7.02514982223511","82","27.882","20.908","1.620483048","0.848944635145717","0.899976987047585","11.6402616",
"5/2/1984","-63.4375","-7.02514982223511","82","28.96","19.452","5.7592392192","0.739281502096273","0.918449197332539","14.9626107",
"5/3/1984","-63.4375","-7.02514982223511","82","31.27","20.614","10.9897682904","0.506611263646813","0.919146266759349","14.08241628",
"5/4/1984","-63.4375","-7.02514982223511","82","32.023","18.819","4.3430340024","0.68237957625379","0.880852160543679","18.24632154",
"5/5/1984","-63.4375","-7.02514982223511","82","28.71","21.598","5.050281852","0.905347947805069","0.914595904636508","13.56159114",
"5/6/1984","-63.4375","-7.02514982223511","82","28.326","21.978","4.5679104","0.719808947328641","0.928150629599018","15.4915875",
"5/7/1984","-63.4375","-7.02514982223511","82","31.03","20.539","7.0484163048","0.708773290486106","0.909250867294447","21.04964604",
"5/8/1984","-63.4375","-7.02514982223511","82","33.071","21.447","3.541375908","0.788126716693361","0.88410177200284","19.05243768",
"5/9/1984","-63.4375","-7.02514982223511","82","31.881","20.777","2.8289781","0.83192249512121","0.824199342931167","24.05374254",
"5/10/1984","-63.4375","-7.02514982223511","82","27.785","21.645","14.9379767064","0.737251178488379","0.950124627763968","22.568620752",
"5/11/1984","-63.4375","-7.02514982223511","82","27.439","21.431","16.815088656","0.645692263275809","0.953190450313913","16.33319622",
"5/12/1984","-63.4375","-7.02514982223511","82","27.242","22.155","7.3325133","0.748845733495138","0.946183382906615","14.81124546",
"5/13/1984","-63.4375","-7.02514982223511","82","30.786","22.711","9.87911136","0.8416981438928","0.918699780155638","13.980318588",
"5/14/1984","-63.4375","-7.02514982223511","82","27.559","22.004","9.18045756","1.02755214478695","0.945164167353924","10.44911862",
"5/15/1984","-63.4375","-7.02514982223511","82","26.024","22.637","9.0997700544","1.03943830608916","0.966870001224518","10.82575692",
"5/16/1984","-63.4375","-7.02514982223511","82","30.273","21.962","7.762522104","0.895548264521542","0.933119494565349","12.659341068",
"5/17/1984","-63.4375","-7.02514982223511","82","28.278","21.037","11.86352316","1.09409302963899","0.94782573166259","14.13855108",
"5/18/1984","-63.4375","-7.02514982223511","82","29.756","20.001","1.098632628","1.00008765937192","0.873415810439552","16.5382857",
"5/19/1984","-63.4375","-7.02514982223511","82","28.627","19.177","7.341960852","0.77592625139903","0.937204952912747","17.1303732",
"5/20/1984","-63.4375","-7.02514982223511","82","29.294","21.006","3.452967288","0.864521554649095","0.897413129754086","21.6927576",
"5/21/1984","-63.4375","-7.02514982223511","82","31.324","21.538","3.493310004","0.806443617620399","0.875145937714035","22.7977245",
"5/22/1984","-63.4375","-7.02514982223511","82","32.424","19.954","0.6282806184","0.749659815268079","0.827262585758137","18.01862172",
"5/23/1984","-63.4375","-7.02514982223511","82","31.462","19.53","3.5379414","0.845757884909651","0.881744216627156","22.9931973",
"5/24/1984","-63.4375","-7.02514982223511","82","29.581","20.243","6.754874544","0.539787933356638","0.928929691476013","12.95960742",
"5/25/1984","-63.4375","-7.02514982223511","82","30.756","22.258","1.22909598","1.04305105300404","0.874580247623214","13.6715049",
"5/26/1984","-63.4375","-7.02514982223511","82","30.791","21.391","2.745722772","1.24365417941958","0.884192105452171","13.4884701",
"5/27/1984","-63.4375","-7.02514982223511","82","30.298","18.949","2.631567132","0.863263769678857","0.877735233670487","19.7785134",
"5/28/1984","-63.4375","-7.02514982223511","82","31.998","21.573","4.85973288","0.818039886476706","0.864930276478059","22.70795472",
"5/29/1984","-63.4375","-7.02514982223511","82","32.888","21.619","5.14897992","0.803280046539085","0.877569400890699","22.72641084",
"5/30/1984","-63.4375","-7.02514982223511","82","28.762","19.845","9.920311524","0.773170030654698","0.932487992263645","18.8126496",
"5/31/1984","-63.4375","-7.02514982223511","82","25.046","18.971","7.0484174568","1.18404592441985","0.961906543358742","10.31389038",
"6/1/1984","-63.4375","-7.02514982223511","82","31.297","18.86","1.0848997152","0.881063037705761","0.864291044970015","16.3260045",
"6/2/1984","-63.4375","-7.02514982223511","82","33.551","19.401","2.53715724","0.961897565479894","0.803795844003946","22.4558451",
"6/3/1984","-63.4375","-7.02514982223511","82","30.142","19.21","6.16607892","0.934663155135387","0.867037630846126","17.0970777",
"6/4/1984","-63.4375","-7.02514982223511","82","31.07","19.467","0.803375352","0.985298365222336","0.792512272315573","21.54082716",
"6/5/1984","-63.4375","-7.02514982223511","82","32.028","21.468","0.391387824","1.3102470272235","0.74004864644952","19.339657632",
"6/6/1984","-63.4375","-7.02514982223511","82","31.957","21.332","0","1.24734433929493","0.661721581793144","21.09909366",
"6/7/1984","-63.4375","-7.02514982223511","82","32.673","17.843","0","1.34593180125761","0.619868465206981","23.10800472",
"6/8/1984","-63.4375","-7.02514982223511","82","31.545","19.05","0.0480651984","1.03831130808186","0.756769801006291","14.47228908",
"6/9/1984","-63.4375","-7.02514982223511","82","26.382","19.569","2.377512108","0.932521865208086","0.918799762196225","7.076190708",
"6/10/1984","-63.4375","-7.02514982223511","82","32.526","20.943","2.255631552","1.39386168112453","0.804115683943349","19.30961556",
"6/11/1984","-63.4375","-7.02514982223511","82","27.856","20.576","15.638355252","0.675230242153514","0.950527150242942","16.9650558",
"6/12/1984","-63.4375","-7.02514982223511","82","29.065","19.948","7.127379","0.775572940522958","0.913919986868555","22.1951241",
"6/13/1984","-63.4375","-7.02514982223511","82","31.346","19.763","0.666046296","1.22226141165484","0.834234410860656","17.82113022",
"6/14/1984","-63.4375","-7.02514982223511","82","29.862","20.725","0","0.899810975906743","0.859457256185978","11.73572442",
"6/15/1984","-63.4375","-7.02514982223511","82","32.021","21.22","3.59115606","1.01527578284374","0.820244270017358","21.65327226",
"6/16/1984","-63.4375","-7.02514982223511","82","30.15","20.654","2.750014332","1.06559516496046","0.837028977399482","21.69078768",
"6/17/1984","-63.4375","-7.02514982223511","82","31.287","18.856","2.88390996","0.850525644913984","0.832048693435133","21.18870072",
"6/18/1984","-63.4375","-7.02514982223511","82","31.019","17.699","0.8068086","0.760842485378843","0.831093499605739","13.90022082",
"6/19/1984","-63.4375","-7.02514982223511","82","33.451","16.295","0","1.00169342041576","0.678654736796573","22.7537973",
"6/20/1984","-63.4375","-7.02514982223511","82","33.38","19.336","0.030899052","0.959411959156606","0.636809153932025","17.3040732",
"6/21/1984","-63.4375","-7.02514982223511","82","30.672","21.844","3.5980245864","0.942885896971835","0.877953897925864","18.507438432",
"6/22/1984","-63.4375","-7.02514982223511","82","28.478","18.729","1.3973216184","1.04604148620903","0.8207130910143","13.06490886",
"6/23/1984","-63.4375","-7.02514982223511","82","33.362","20.74","0","1.40890656247785","0.631727714765369","22.94561268",
"6/24/1984","-63.4375","-7.02514982223511","82","34.142","18.373","0","1.14067092320743","0.653487216755308","22.48109964",
"6/25/1984","-63.4375","-7.02514982223511","82","34.911","19.059","0","0.849451462426338","0.613891343801876","22.5595071",
"6/26/1984","-63.4375","-7.02514982223511","82","32.963","21.592","5.311205568","1.1542601457677","0.771625085475672","22.0842045",
"6/27/1984","-63.4375","-7.02514982223511","82","32.527","20.855","0.4840848","1.51140886618907","0.753270099970877","21.27122046",
"6/28/1984","-63.4375","-7.02514982223511","82","32.685","16.545","0","1.56948297056269","0.633565653526877","22.6035522",
"6/29/1984","-63.4375","-7.02514982223511","82","32.322","19.572","0","1.72521010304029","0.520121740213098","22.9329594",
"6/30/1984","-63.4375","-7.02514982223511","82","33.438","19.05","0","1.28242987637835","0.593926788082786","22.89419802",
"7/1/1984","-63.4375","-7.02514982223511","82","34.843","18.641","0","0.877395486542866","0.621798547034581","15.71619942",
"7/2/1984","-63.4375","-7.02514982223511","82","34.568","20.901","0","1.27690405541583","0.665614173438619","17.74777626",
"7/3/1984","-63.4375","-7.02514982223511","82","28.662","22.434","6.7737609864","1.0312141859478","0.922381076522893","14.78165508",
"7/4/1984","-63.4375","-7.02514982223511","82","30.317","20.965","3.80401758","0.60028855316127","0.906824373447012","14.134728168",
"7/5/1984","-63.4375","-7.02514982223511","82","34.216","19.645","1.304626392","1.07980949582286","0.778523818636251","18.44111808",
"7/6/1984","-63.4375","-7.02514982223511","82","32.643","20.531","0.11672964","0.865539607474689","0.797723845212846","13.13235018",
"7/7/1984","-63.4375","-7.02514982223511","82","33.406","18.223","1.3183581528","1.00990297491568","0.702610705249764","18.700767",
"7/8/1984","-63.4375","-7.02514982223511","82","32.196","20.171","1.4728542048","1.06116495419864","0.772101618209807","20.79759528",
"7/9/1984","-63.4375","-7.02514982223511","82","32.349","18.512","0","1.1396909422313","0.724973473369805","22.61829168",
"7/10/1984","-63.4375","-7.02514982223511","82","34.259","19.037","0","1.02229367643699","0.694334558355707","16.36745508",
"7/11/1984","-63.4375","-7.02514982223511","82","35.016","18.241","0.0034332264","1.07023088734072","0.655530366139399","22.839246",
"7/12/1984","-63.4375","-7.02514982223511","82","33.543","20.307","0.4978178928","1.13777633756162","0.695463566006598","22.78479132",
"7/13/1984","-63.4375","-7.02514982223511","82","33.971","21.271","0","0.862476481191297","0.710845728004554","9.1152558",
"7/14/1984","-63.4375","-7.02514982223511","82","34.112","16.692","0","1.2529598058682","0.611930295749955","23.48887464",
"7/15/1984","-63.4375","-7.02514982223511","82","34.81","20.433","0","1.33531515595399","0.538201508060214","19.64587086",
"7/16/1984","-63.4375","-7.02514982223511","82","35.154","15.06","0","1.11579215705594","0.586683304652489","23.428578168",
"7/17/1984","-63.4375","-7.02514982223511","82","32.987","17.589","0","0.905506586569521","0.670212217336136","18.214711128",
"7/18/1984","-63.4375","-7.02514982223511","82","34.805","16.127","0","0.984016891326814","0.560774818765376","22.96906614",
"7/19/1984","-63.4375","-7.02514982223511","82","34.951","22.114","0.0068664528","1.20447619864396","0.591146510665941","13.56412266",
"7/20/1984","-63.4375","-7.02514982223511","82","33.895","21.005","0.243759384","0.914769278896228","0.692855944005618","15.0666102",
"7/21/1984","-63.4375","-7.02514982223511","82","34.49","20.333","0.35018928","1.17433676537696","0.623691511683396","23.80280706",
"7/22/1984","-63.4375","-7.02514982223511","82","34.182","16.854","0","1.37228607275062","0.549797470142514","24.07674204",
"7/23/1984","-63.4375","-7.02514982223511","82","33.496","16.57","0","1.42506649497661","0.467511678256064","24.02707824",
"7/24/1984","-63.4375","-7.02514982223511","82","33.973","19.078","0","1.60109131857698","0.488487769454612","24.08287338",
"7/25/1984","-63.4375","-7.02514982223511","82","35.056","18.829","0","1.37414493872964","0.458695905814571","22.92317676",
"7/26/1984","-63.4375","-7.02514982223511","82","32.872","16.292","0","1.06599600314465","0.537704897519743","18.74278026",
"7/27/1984","-63.4375","-7.02514982223511","82","33.103","19.931","0.096130332","1.14071352455174","0.646495307617375","10.889661798",
"7/28/1984","-63.4375","-7.02514982223511","82","34.065","20.268","0","1.4231741974788","0.634613706637828","9.03183876",
"7/29/1984","-63.4375","-7.02514982223511","82","34.181","20.14","0.0102996792","1.6763352223107","0.600464410858263","14.340994992",
"7/30/1984","-63.4375","-7.02514982223511","82","32.656","22.646","0","1.33582322335841","0.525442441216731","15.574663872",
"7/31/1984","-63.4375","-7.02514982223511","82","35.913","20.88","0","0.909828178636472","0.552452521842086","13.62550185",
"8/1/1984","-63.4375","-7.02514982223511","82","34.739","18.261","0","1.37341562388078","0.543482898327644","15.44743269",
"8/2/1984","-63.4375","-7.02514982223511","82","34.07","21.357","0","1.25988265095473","0.567448454429331","13.19934195",
"8/3/1984","-63.4375","-7.02514982223511","82","31.825","20.103","1.40676516","1.56613769831955","0.677170035518412","21.457910808",
"8/4/1984","-63.4375","-7.02514982223511","82","35.323","19.396","0","1.3187432563554","0.641662526142343","15.603919848",
"8/5/1984","-63.4375","-7.02514982223511","82","36.525","17.968","0","1.27007570222997","0.576523317634318","19.473351048",
"8/6/1984","-63.4375","-7.02514982223511","82","38.08","22.37","0","1.32697725448093","0.457600045597528","25.094817288",
"8/7/1984","-63.4375","-7.02514982223511","82","36.493","20.661","0","1.06884778491566","0.56266276118766","17.754414768",
"8/8/1984","-63.4375","-7.02514982223511","82","36.933","17.966","0","1.59062561760201","0.507459397663134","25.097118192",
"8/9/1984","-63.4375","-7.02514982223511","82","36.273","19.608","0","1.82424645851131","0.488428634981407","24.991367112",
"8/10/1984","-63.4375","-7.02514982223511","82","36.895","15.528","0","1.38378240537647","0.469403085772109","25.52540994",
"8/11/1984","-63.4375","-7.02514982223511","82","36.582","23.46","0","1.32610473482626","0.470681938729599","20.218098672",
"8/12/1984","-63.4375","-7.02514982223511","82","37.937","20.745","0","1.22805787636359","0.486735061521004","18.174096072",
"8/13/1984","-63.4375","-7.02514982223511","82","37.204","23.983","0","1.15120883440521","0.576807459085589","14.16696102",
"8/14/1984","-63.4375","-7.02514982223511","82","38.637","22.129","0","1.51302789762815","0.537905097166783","17.58982428",
"8/15/1984","-63.4375","-7.02514982223511","82","38.592","21.221","0","1.13082245720025","0.574575574763806","15.28334766",
"8/16/1984","-63.4375","-7.02514982223511","82","36.799","22.764","0.144195732","1.48291130985981","0.569946526517637","16.921454472",
"8/17/1984","-63.4375","-7.02514982223511","82","34.812","23.119","2.3345942256","1.072874194911","0.723594002201911","22.223645532",
"8/18/1984","-63.4375","-7.02514982223511","82","32.686","22.596","1.02996936","1.39712860964213","0.718877429457369","18.939146472",
"8/19/1984","-63.4375","-7.02514982223511","82","34.798","21.816","0.5029675992","1.04418104305704","0.735079841331192","8.620425",
"8/20/1984","-63.4375","-7.02514982223511","82","33.649","20.182","1.326944088","1.15072990647595","0.748059749702652","17.369048232",
"8/21/1984","-63.4375","-7.02514982223511","82","31.174","21.896","8.60538096","1.07659476987418","0.846810633739194","11.44806066",
"8/22/1984","-63.4375","-7.02514982223511","82","33.604","20.338","5.31635076","1.21978750948014","0.779924282875628","21.008988072",
"8/23/1984","-63.4375","-7.02514982223511","82","35.095","20.901","0.1399040712","0.872884802220043","0.709246263604944","12.589030368",
"8/24/1984","-63.4375","-7.02514982223511","82","34.819","18.556","0","1.23657994256718","0.680552664682237","15.555996792",
"8/25/1984","-63.4375","-7.02514982223511","82","35.487","18.061","1.054001664","1.22445924349153","0.629709135263592","10.776992832",
"8/26/1984","-63.4375","-7.02514982223511","82","29.331","17.39","0.34675596","2.62684834169222","0.509815969776652","22.202665128",
"8/27/1984","-63.4375","-7.02514982223511","82","32.739","15.622","0","1.91881775635949","0.4343252784436","26.769940128",
"8/28/1984","-63.4375","-7.02514982223511","82","35.248","18.588","0","1.60306119566541","0.418754058192593","26.96405256",
"8/29/1984","-63.4375","-7.02514982223511","82","36.729","20.382","0","1.29019042267567","0.422013272628437","11.0796093",
"8/30/1984","-63.4375","-7.02514982223511","82","31.445","21.316","0","0.856873065275633","0.467099309100892","8.226904518",
"8/31/1984","-63.4375","-7.02514982223511","82","34.447","21.744","0","1.58612248477305","0.484524670798681","16.843383432",
"9/1/1984","-63.4375","-7.02514982223511","82","30.874","22.288","0.5012514","1.33051964127183","0.669249489340404","13.705196328",
"9/2/1984","-63.4375","-7.02514982223511","82","31.662","21.489","2.870178876","1.13467654045475","0.810601376073761","14.034263022",
"9/3/1984","-63.4375","-7.02514982223511","82","30.384","20.632","6.64329528","0.895950739832199","0.863687491678389","14.102496432",
"9/4/1984","-63.4375","-7.02514982223511","82","33.315","21.142","1.392173496","1.31580039552473","0.733648930264292","18.57453354",
"9/5/1984","-63.4375","-7.02514982223511","82","33.207","20.979","1.1123656704","1.4325816375142","0.700953490867662","15.93511974",
"9/6/1984","-63.4375","-7.02514982223511","82","35.433","21.305","2.3963904","1.14408307388043","0.670603662574933","15.613140528",
"9/7/1984","-63.4375","-7.02514982223511","82","35.421","22.158","0.017166132","1.03579141426328","0.571286753998746","15.96088278",
"9/8/1984","-63.4375","-7.02514982223511","82","35.038","22.103","3.71989944","1.17053182311065","0.754966069945035","14.2904286",
"9/9/1984","-63.4375","-7.02514982223511","82","34.132","21.482","0.15792858","0.539358436427977","0.752293886801262","13.040659728",
"9/10/1984","-63.4375","-7.02514982223511","82","29.339","22.714","6.372070956","1.36369180217755","0.810863099458034","24.779420928",
"9/11/1984","-63.4375","-7.02514982223511","82","34.722","21.396","2.478789216","0.980827139715586","0.738796946656545","23.91164928",
"9/12/1984","-63.4375","-7.02514982223511","82","33.64","21.557","2.87189676","1.23181728214653","0.80700375382974","13.686641208",
"9/13/1984","-63.4375","-7.02514982223511","82","30.927","22.454","5.956652952","1.05686049752674","0.846098855308033","24.007782672",
"9/14/1984","-63.4375","-7.02514982223511","82","34.723","22.194","0","0.910500930217813","0.666494679170234","18.051805152",
"9/15/1984","-63.4375","-7.02514982223511","82","29.623","21.863","9.49974156","0.981866524623145","0.833863972025901","27.123754248",
"9/16/1984","-63.4375","-7.02514982223511","82","35.448","21.206","1.247978628","0.96619162741164","0.772701713098447","11.245114512",
"9/17/1984","-63.4375","-7.02514982223511","82","32.363","21.386","4.9043645064","1.10908336484179","0.80272861098503","25.389448128",
"9/18/1984","-63.4375","-7.02514982223511","82","35.535","21.774","4.1078634984","0.8942154021565","0.70769246470396","16.62158934",
"9/19/1984","-63.4375","-7.02514982223511","82","31.499","23.398","5.094904464","1.26945202335778","0.796783920896089","22.678538472",
"9/20/1984","-63.4375","-7.02514982223511","82","35.865","21.438","0.7329942","1.15044896013433","0.637905974205039","18.45292266",
"9/21/1984","-63.4375","-7.02514982223511","82","31.051","22.942","8.94527172","1.08867520435604","0.86244433714959","25.708836168",
"9/22/1984","-63.4375","-7.02514982223511","82","36.308","21.575","1.0299672","1.23658553374915","0.663770308999364","17.87990418",
"9/23/1984","-63.4375","-7.02514982223511","82","32.11","21.774","7.777976292","1.1568538527433","0.796559189159591","27.55654164",
"9/24/1984","-63.4375","-7.02514982223511","82","32.587","21.394","14.66503146","0.993889018988706","0.85961856287474","25.319313072",
"9/25/1984","-63.4375","-7.02514982223511","82","28.419","21.31","13.3672708008","0.817455552811375","0.929205032987928","12.28950081",
"9/26/1984","-63.4375","-7.02514982223511","82","37.428","19.641","0.041198724","0.550245448382721","0.743452538722409","16.02450072",
"9/27/1984","-63.4375","-7.02514982223511","82","36.07","20.107","0.109863288","1.08569468695378","0.585558800518969","19.82818512",
"9/28/1984","-63.4375","-7.02514982223511","82","34.195","22.63","0.34503912","1.91506167096475","0.586909255958264","21.79687356",
"9/29/1984","-63.4375","-7.02514982223511","82","30.636","20.163","1.28231028","1.55394343814517","0.747862472434621","17.7863544",
"9/30/1984","-63.4375","-7.02514982223511","82","34.453","18.651","3.182603112","1.06592846109214","0.683889337896596","12.174069888",
"10/1/1984","-63.4375","-7.02514982223511","82","34.622","21.205","3.0126564","1.43984631127479","0.728471921354515","20.5644924",
"10/2/1984","-63.4375","-7.02514982223511","82","31.099","20.258","11.36140632","1.23006219220977","0.855319626280563","22.388398632",
"10/3/1984","-63.4375","-7.02514982223511","82","35.877","18.951","0.429153552","1.03263632457719","0.669224880657667","17.93295324",
"10/4/1984","-63.4375","-7.02514982223511","82","35.256","20.35","1.265144472","1.18117391002222","0.721422726066278","6.6219714",
"10/5/1984","-63.4375","-7.02514982223511","82","36.479","24.103","0.00686646","1.4002351243281","0.53603307599915","24.876959328",
"10/6/1984","-63.4375","-7.02514982223511","82","38.691","22.513","0.834272748","1.20394375570466","0.641398397815106","18.11210112",
"10/7/1984","-63.4375","-7.02514982223511","82","36.855","23.856","0","1.23616325288024","0.524040110234737","17.91056232",
"10/8/1984","-63.4375","-7.02514982223511","82","35.653","22.124","4.9970638008","1.31041652293634","0.623746355349656","25.48800144",
"10/9/1984","-63.4375","-7.02514982223511","82","36.528","22.124","0.0480651984","1.41833764980205","0.589819110567726","18.27275796",
"10/10/1984","-63.4375","-7.02514982223511","82","37.414","22.766","1.4642737128","1.05058002699255","0.644141434071947","15.859636272",
"10/11/1984","-63.4375","-7.02514982223511","82","37.523","22.219","1.3784400792","0.88927177293415","0.674619625983493","17.40538134",
"10/12/1984","-63.4375","-7.02514982223511","82","34.261","22.123","3.33280476","1.4717923756138","0.652501477887541","28.36226412",
"10/13/1984","-63.4375","-7.02514982223511","82","39.442","24.013","0.533008476","1.2933832866712","0.625223672761618","16.91892828",
"10/14/1984","-63.4375","-7.02514982223511","82","31.729","22.041","2.24361324","1.39764302491673","0.742592725446812","16.7050071",
"10/15/1984","-63.4375","-7.02514982223511","82","34.742","22.668","0.06179796","1.63198856542485","0.667929381161439","19.02487914",
"10/16/1984","-63.4375","-7.02514982223511","82","37.808","20.584","1.6342164","1.44520879667571","0.613889536239775","23.2832304",
"10/17/1984","-63.4375","-7.02514982223511","82","28.698","21.815","14.87961","1.11225951930778","0.823502741242064","25.75681524",
"10/18/1984","-63.4375","-7.02514982223511","82","35.163","21.671","3.3044796792","0.870895483557439","0.810959528555042","14.12145072",
"10/19/1984","-63.4375","-7.02514982223511","82","33.085","23.153","10.158926724","0.92580971579529","0.849393871741634","16.618952988",
"10/20/1984","-63.4375","-7.02514982223511","82","38.272","21.516","1.6513848792","0.777889543692964","0.701003736724","16.0148862",
"10/21/1984","-63.4375","-7.02514982223511","82","31.826","21.687","50.4255112344","1.0393288863719","0.870412305083888","23.91862536",
"10/22/1984","-63.4375","-7.02514982223511","82","27.353","19.236","62.0676","1.09808609783464","0.908490054435426","10.263886722",
"10/23/1984","-63.4375","-7.02514982223511","82","38.831","18.222","0.04978188","0.840224182649344","0.618301496053675","18.59804856",
"10/24/1984","-63.4375","-7.02514982223511","82","36.321","24.547","0.090980604","1.47645326613144","0.544870233190504","17.71560432",
"10/25/1984","-63.4375","-7.02514982223511","82","34.802","23.694","8.7135324192","1.20985143496485","0.811939305645206","6.091986708",
"10/26/1984","-63.4375","-7.02514982223511","82","26.943","22.354","5.2133566464","1.23528436888925","0.914595542348791","5.23647918",
"10/27/1984","-63.4375","-7.02514982223511","82","29.258","19.589","0.0652313304","1.53043327723292","0.751247637462259","10.42447752",
"10/28/1984","-63.4375","-7.02514982223511","82","38.84","18.783","0","0.711420488894069","0.665828009361926","16.870104",
"10/29/1984","-63.4375","-7.02514982223511","82","37.301","22.559","0.93212136","1.68108964315287","0.603175272951418","20.7551214",
"10/30/1984","-63.4375","-7.02514982223511","82","38.68","22.917","1.4608381824","1.59825612235862","0.74176298098459","14.73429312",
"10/31/1984","-63.4375","-7.02514982223511","82","29.833","22.878","46.540803744","1.0733531685616","0.902356390923032","9.134263512",
"11/1/1984","-63.4375","-7.02514982223511","82","28.42","22.531","9.966666924","0.985882245339209","0.903784601817641","20.4074982",
"11/2/1984","-63.4375","-7.02514982223511","82","32.238","22.266","2.023029108","1.31533327796959","0.800641885549787","18.51698844",
"11/3/1984","-63.4375","-7.02514982223511","82","36.187","22.211","2.597238","1.16994197553804","0.68432924332864","23.26207662",
"11/4/1984","-63.4375","-7.02514982223511","82","28.658","22.591","12.6102377304","1.47935420457809","0.910083223235194","19.02414186",
"11/5/1984","-63.4375","-7.02514982223511","82","32.61","21.686","8.006287644","1.5790100824778","0.741197941328382","20.49632046",
"11/6/1984","-63.4375","-7.02514982223511","82","36.517","20.648","3.357695628","1.19526412140909","0.765779247695038","16.5456531",
"11/7/1984","-63.4375","-7.02514982223511","82","36.016","22.93","0.0961303536","1.3713279771256","0.702328450250305","17.5216563",
"11/8/1984","-63.4375","-7.02514982223511","82","36.751","21.341","4.18166982","0.993616008117521","0.691118165471","17.89408062",
"11/9/1984","-63.4375","-7.02514982223511","82","30.822","22.672","58.3837182","0.997759245683106","0.935520251798585","13.31752482",
"11/10/1984","-63.4375","-7.02514982223511","82","24.766","22.423","62.434957068","0.684436574158374","0.960892385898838","6.36636852",
"11/11/1984","-63.4375","-7.02514982223511","82","29.793","22.342","0.286674804","1.38006847432114","0.744735552956579","14.2263522",
"11/12/1984","-63.4375","-7.02514982223511","82","32.061","20.784","0","1.23370507961725","0.649683542638712","13.8673152",
"11/13/1984","-63.4375","-7.02514982223511","82","33.755","21.68","9.64050228","1.38348769413088","0.690556596391596","19.91210436",
"11/14/1984","-63.4375","-7.02514982223511","82","26.178","20.618","20.3229924264","1.32527836781218","0.935719967906238","8.38608984",
"11/15/1984","-63.4375","-7.02514982223511","82","32.572","19.781","6.207275124","1.42598867976751","0.768005284800376","21.441373668",
"11/16/1984","-63.4375","-7.02514982223511","82","33.122","22.03","2.43072756","1.17164657297369","0.746447386553489","18.94325526",
"11/17/1984","-63.4375","-7.02514982223511","82","35.466","22.371","2.468491524","1.25144472022689","0.744953858052055","19.6304625",
"11/18/1984","-63.4375","-7.02514982223511","82","31.066","21.777","2.3895262368","0.868359084813785","0.857536273584555","15.4074339",
"11/19/1984","-63.4375","-7.02514982223511","82","35.397","22.287","3.4186374288","1.12914263723722","0.785198327304281","14.15283552",
"11/20/1984","-63.4375","-7.02514982223511","82","33.374","22.44","6.49566684","0.895695212798752","0.821104465497387","21.7603665",
"11/21/1984","-63.4375","-7.02514982223511","82","29.718","20.49","4.768749468","0.966990053361885","0.867098258064736","15.64155108",
"11/22/1984","-63.4375","-7.02514982223511","82","36.344","20.333","4.135322052","0.959207362571563","0.742430789147066","17.1891585",
"11/23/1984","-63.4375","-7.02514982223511","82","36.665","20.71","1.6548147432","0.873522471593121","0.754013178486652","15.1921161",
"11/24/1984","-63.4375","-7.02514982223511","82","38.887","20.709","0.60081462","1.30740921413697","0.734177309501202","11.67705324",
"11/25/1984","-63.4375","-7.02514982223511","82","38.203","18.858","0.552749976","1.22757250240102","0.605840780356273","19.74223188",
"11/26/1984","-63.4375","-7.02514982223511","82","35.086","22.543","40.75756596","1.38456747011056","0.761270661330437","16.90531722",
"11/27/1984","-63.4375","-7.02514982223511","82","30.769","23.131","27.38856528","1.00943385991894","0.843904048054669","11.7749844",
"11/28/1984","-63.4375","-7.02514982223511","82","32.281","20.373","22.96659312","1.19987083493175","0.770528202913119","13.74592752",
"11/29/1984","-63.4375","-7.02514982223511","82","35.218","21.688","1.943206956","1.28477620184116","0.767551330708595","9.6768558",
"11/30/1984","-63.4375","-7.02514982223511","82","36.902","20.798","0.46348596","1.08712370122449","0.690702979972206","12.70052298",
"12/1/1984","-63.4375","-7.02514982223511","82","26.616","20.667","5.6038792464","1.29474099617052","0.922448623923568","3.25507428",
"12/2/1984","-63.4375","-7.02514982223511","82","35.775","20.989","4.6228442256","1.06998944874173","0.8369456124933","9.43408368",
"12/3/1984","-63.4375","-7.02514982223511","82","29.877","22.191","11.30733648","0.972851463839982","0.901409957142079","24.93635328",
"12/4/1984","-63.4375","-7.02514982223511","82","25.89","21.924","43.856069436","0.927164674786736","0.953027875636636","5.86108206",
"12/5/1984","-63.4375","-7.02514982223511","82","27.036","19.763","26.363733696","0.654535701997443","0.946857857111674","8.26942662",
"12/6/1984","-63.4375","-7.02514982223511","82","35.779","18.517","4.49581284","0.647979507426802","0.760047486973626","15.45322752",
"12/7/1984","-63.4375","-7.02514982223511","82","29.978","21.545","10.61295984","0.667127279603712","0.897227600221914","25.20562572",
"12/8/1984","-63.4375","-7.02514982223511","82","27.24","22.888","10.90049724","0.939106795400859","0.943430403758349","14.0581638",
"12/9/1984","-63.4375","-7.02514982223511","82","32.968","22.298","3.821182056","1.09791021575123","0.76804033456817","19.3078692",
"12/10/1984","-63.4375","-7.02514982223511","82","31.669","21.829","5.6184736176","1.09329813925509","0.81361909806464","16.57806012",
"12/11/1984","-63.4375","-7.02514982223511","82","29.382","22.391","130.54160988","1.13722963160848","0.903270319559084","15.00547806",
"12/12/1984","-63.4375","-7.02514982223511","82","33.326","20.138","5.729197968","0.954591054980784","0.815157254343541","27.215496",
"12/13/1984","-63.4375","-7.02514982223511","82","34.655","23.193","10.6876347408","1.00454995751582","0.819592963045506","15.79820544",
"12/14/1984","-63.4375","-7.02514982223511","82","35.876","22.148","3.71131776","1.16831596484203","0.748991083993907","18.27798264",
"12/15/1984","-63.4375","-7.02514982223511","82","31.863","22.25","9.1203746184","1.02161530442233","0.895952159128013","22.57756362",
"12/16/1984","-63.4375","-7.02514982223511","82","26.89","21.826","5.4845797608","0.980438419437263","0.945778628414692","6.663881628",
"12/17/1984","-63.4375","-7.02514982223511","82","32.431","21.567","18.3111179184","1.56979377024463","0.837148139677773","17.80830342",
"12/18/1984","-63.4375","-7.02514982223511","82","28.847","22.642","47.69440164","0.937270231820865","0.913256445350156","13.21160508",
"12/19/1984","-63.4375","-7.02514982223511","82","32.226","22.077","4.906082628","0.970051905948427","0.848109081896388","19.41524982",
"12/20/1984","-63.4375","-7.02514982223511","82","32.788","20.658","5.36956776","1.03225704911476","0.795152320629238","28.40636232",
"12/21/1984","-63.4375","-7.02514982223511","82","25.271","19.98","4.67090928","0.821869982643194","0.963605214091644","6.51903732",
"12/22/1984","-63.4375","-7.02514982223511","82","28.191","21.956","2.393816004","0.880477190166381","0.884364537380134","14.042871",
"12/23/1984","-63.4375","-7.02514982223511","82","24.864","20.815","18.9205166448","1.31262786958791","0.965295679455506","7.77155688",
"12/24/1984","-63.4375","-7.02514982223511","82","34.707","18.648","7.5222014184","0.896227496324636","0.759067621982393","22.2035076",
"12/25/1984","-63.4375","-7.02514982223511","82","32.273","22.761","52.44947568","0.762259186447858","0.89877265473369","16.50251862",
"12/26/1984","-63.4375","-7.02514982223511","82","31.567","22.155","6.4201343832","0.994713823147449","0.832134280948683","24.3569223",
"12/27/1984","-63.4375","-7.02514982223511","82","27.007","20.889","108.1002888","0.952252754640644","0.93977582048295","8.30103624",
"12/28/1984","-63.4375","-7.02514982223511","82","34.743","18.143","2.14061616","1.10570499714826","0.765068305839963","21.89891808",
"12/29/1984","-63.4375","-7.02514982223511","82","26.64","21.737","15.902700156","1.09400950547345","0.948685954957634","16.70973498",
"12/30/1984","-63.4375","-7.02514982223511","82","30.249","21.723","2.6178383304","0.70876825831912","0.885918261483355","15.77773242",
"12/31/1984","-63.4375","-7.02514982223511","82","31.54","22.208","5.604747696","0.945124351933949","0.852262464376618","17.8386768",
"1/1/1985","-63.4375","-7.02514982223511","82","33.507","21.495","3.6872856","1.09976475421291","0.730784303930189","20.0400759",
"1/2/1985","-63.4375","-7.02514982223511","82","26.677","22.184","40.951535616","1.14035000412035","0.93448466525475","8.192363292",
"1/3/1985","-63.4375","-7.02514982223511","82","29.469","21.611","3.711319956","0.741527216940725","0.864541698470607","14.59394568",
"1/4/1985","-63.4375","-7.02514982223511","82","30.2","21.934","1.5209196048","0.760988291651018","0.871014989079157","10.9101942",
"1/5/1985","-63.4375","-7.02514982223511","82","33.315","22.519","5.8811188104","1.07654795471116","0.798748389095456","17.63555742",
"1/6/1985","-63.4375","-7.02514982223511","82","29.442","23.06","13.3483862232","1.37358543850504","0.910584726108908","19.3464018",
"1/7/1985","-63.4375","-7.02514982223511","82","31.3","22.23","4.1267438784","1.1243671951756","0.86916844083341","15.90979968",
"1/8/1985","-63.4375","-7.02514982223511","82","32.854","21.878","13.954356","0.752745621738837","0.885337230331369","24.5628594",
"1/9/1985","-63.4375","-7.02514982223511","82","31.253","22.801","3.831481044","1.1419006636572","0.854361848394837","17.11394802",
"1/10/1985","-63.4375","-7.02514982223511","82","27.345","22.812","2.430725148","0.811519213021469","0.914918132320565","10.0644705",
"1/11/1985","-63.4375","-7.02514982223511","82","31.023","22.757","3.1053544632","1.129306923252","0.865901811790873","17.316328968",
"1/12/1985","-63.4375","-7.02514982223511","82","28.375","22.358","4.5850774392","1.08565944112062","0.877952733114467","11.1414402",
"1/13/1985","-63.4375","-7.02514982223511","82","31.627","21.611","11.3313725928","0.827553860155015","0.889568962492218","19.73452734",
"1/14/1985","-63.4375","-7.02514982223511","82","23.549","21.341","41.339483424","1.30068774437106","0.976793742525289","3.426017508",
"1/15/1985","-63.4375","-7.02514982223511","82","30.091","20.577","3.059006724","0.944134785450342","0.878990403197265","16.0290549",
"1/16/1985","-63.4375","-7.02514982223511","82","26.67","21.954","3.862381248","1.02498394431637","0.940340264299972","9.84616956",
"1/17/1985","-63.4375","-7.02514982223511","82","31.345","20.827","10.8575851104","0.786755609847918","0.889225315531538","17.74834794",
"1/18/1985","-63.4375","-7.02514982223511","82","26.223","21.938","1.2393954504","0.848185720167592","0.913564227140765","7.055835408",
"1/19/1985","-63.4375","-7.02514982223511","82","32.561","21.751","5.25111984","1.01073125387759","0.842036836474498","27.91316412",
"1/20/1985","-63.4375","-7.02514982223511","82","30.043","22.165","9.228514104","1.0563680222423","0.916332608523125","20.98158138",
"1/21/1985","-63.4375","-7.02514982223511","82","26.543","21.945","8.2414640304","0.50016066599382","0.963654047503294","10.94956758",
"1/22/1985","-63.4375","-7.02514982223511","82","26.852","22.348","7.3711392264","0.668870612301446","0.95027868902805","11.33184546",
"1/23/1985","-63.4375","-7.02514982223511","82","27.848","21.483","5.448537324","0.56345623737563","0.943557978594143","8.07091596",
"1/24/1985","-63.4375","-7.02514982223511","82","31.322","22.111","3.71303424","1.44763245046777","0.845947619424912","18.04522248",
"1/25/1985","-63.4375","-7.02514982223511","82","30.601","21.707","1.299476736","1.24119581486292","0.812529989641072","17.5310946",
"1/26/1985","-63.4375","-7.02514982223511","82","32.436","21.959","7.20119484","0.955834020647821","0.820145686073868","22.871025432",
"1/27/1985","-63.4375","-7.02514982223511","82","26.433","22.746","22.765729248","0.928465053290125","0.948815705546221","6.70517217",
"1/28/1985","-63.4375","-7.02514982223511","82","30.957","22.208","0.051498432","0.824594078698011","0.833373771029561","13.74322554",
"1/29/1985","-63.4375","-7.02514982223511","82","30.891","21.791","9.7091657928","1.1667840168903","0.873758573774535","22.31875908",
"1/30/1985","-63.4375","-7.02514982223511","82","26.8","21.307","10.2310174584","1.34641513037488","0.903969543794233","10.015930422",
"1/31/1985","-63.4375","-7.02514982223511","82","32.343","20.576","0.9286879464","0.957144172779015","0.7835925166303","19.17056304",
"2/1/1985","-63.4375","-7.02514982223511","82","27.135","21.946","6.4750662864","1.12678575152075","0.90952140086104","5.61099708",
"2/2/1985","-63.4375","-7.02514982223511","82","26.686","20.473","4.056357816","0.957243584418649","0.951197506593149","5.240139498",
"2/3/1985","-63.4375","-7.02514982223511","82","27.071","20.956","15.7430628","0.850107815849217","0.935932644239811","8.943918768",
"2/4/1985","-63.4375","-7.02514982223511","82","30.812","20.498","13.591293912","0.681382993758624","0.89870972794319","18.2092518",
"2/5/1985","-63.4375","-7.02514982223511","82","26.588","20.969","19.72561284","1.11623011335323","0.952616002703007","10.6256754",
"2/6/1985","-63.4375","-7.02514982223511","82","28.597","20.425","32.3907936264","1.40243285434106","0.891195314598318","20.69510436",
"2/7/1985","-63.4375","-7.02514982223511","82","32.841","20.559","0.8960725584","0.918175836353517","0.793241454412304","20.016847368",
"2/8/1985","-63.4375","-7.02514982223511","82","26.902","21.713","84.38701122","1.3039702362772","0.951704233705168","11.214791568",
"2/9/1985","-63.4375","-7.02514982223511","82","27.589","20.69","57.96490248","1.26819122511755","0.916994603876178","17.354919618",
"2/10/1985","-63.4375","-7.02514982223511","82","24.731","18.594","5.55496308","1.31179393569417","0.935485417707543","7.92320508",
"2/11/1985","-63.4375","-7.02514982223511","82","35.558","17.064","1.23596046","0.562898884229898","0.77425512399925","13.005053082",
"2/12/1985","-63.4375","-7.02514982223511","82","26.302","19.964","28.4940709128","1.24560074720341","0.924271930165471","10.241216928",
"2/13/1985","-63.4375","-7.02514982223511","82","27.152","18.681","5.2648577064","0.825357553265043","0.932478886587497","8.335296",
"2/14/1985","-63.4375","-7.02514982223511","82","31.251","19.885","6.238175544","0.977065815230529","0.830810924182405","22.79019168",
"2/15/1985","-63.4375","-7.02514982223511","82","31.925","21.508","3.63750624","0.850325222406227","0.872082936706385","16.34214888",
"2/16/1985","-63.4375","-7.02514982223511","82","29.566","21.933","2.919962412","1.02752262805024","0.908105387379553","12.96376893",
"2/17/1985","-63.4375","-7.02514982223511","82","30.35","22.715","10.1795206464","0.92580907592256","0.903060638676825","20.2771665",
"2/18/1985","-63.4375","-7.02514982223511","82","29.138","20.556","15.0117885","0.900323196518387","0.862765265832345","16.39203354",
"2/19/1985","-63.4375","-7.02514982223511","82","35.995","20.799","2.626417836","0.887215415487453","0.796560628124139","17.08515846",
"2/20/1985","-63.4375","-7.02514982223511","82","28.652","22.994","1.5483852504","1.33412515422124","0.850562298585544","11.905482618",
"2/21/1985","-63.4375","-7.02514982223511","82","31.299","18.778","13.44109428","1.04720541840225","0.829804696779823","25.98064254",
"2/22/1985","-63.4375","-7.02514982223511","82","23.551","20.46","39.883797864","0.975081944101478","0.975534190955007","1.864575072",
"2/23/1985","-63.4375","-7.02514982223511","82","28.262","18.988","2.338029","0.93964019435763","0.894061567927347","14.8640031",
"2/24/1985","-63.4375","-7.02514982223511","82","28.724","22.052","0.4737853224","0.99076728601828","0.879608561620703","9.846783",
"2/25/1985","-63.4375","-7.02514982223511","82","25.266","22.179","2.0882627424","1.13258520944586","0.935660386978689","6.939621918",
"2/26/1985","-63.4375","-7.02514982223511","82","30.469","21.186","11.7304791696","0.94497502290083","0.882337071828201","19.97077644",
"2/27/1985","-63.4375","-7.02514982223511","82","29.343","21.104","8.6937879384","0.684917276025429","0.904843105549099","21.917253168",
"2/28/1985","-63.4375","-7.02514982223511","82","29.287","22.147","11.2970377728","1.05922818521759","0.908097361204855","26.162659872",
"3/1/1985","-63.4375","-7.02514982223511","82","28.086","20.678","10.8524295","0.608798753317176","0.937609342621527","19.091877192",
"3/2/1985","-63.4375","-7.02514982223511","82","26.362","22.484","11.491010388","1.08229278403459","0.963465844226406","15.34589928",
"3/3/1985","-63.4375","-7.02514982223511","82","31.151","21.752","4.3190032464","0.851735930968064","0.89003828014674","22.49617356",
"3/4/1985","-63.4375","-7.02514982223511","82","25.335","20.779","28.859727744","0.615660687931341","0.969971117945443","6.179848848",
"3/5/1985","-63.4375","-7.02514982223511","82","29.914","22.093","33.61819104","0.61627072880962","0.941990210254472","18.682308162",
"3/6/1985","-63.4375","-7.02514982223511","82","27.002","22.248","12.46090176","0.643768967081176","0.959203963933862","15.201221832",
"3/7/1985","-63.4375","-7.02514982223511","82","29.54","23.032","8.361624924","0.987791572476249","0.923718450519033","15.734309832",
"3/8/1985","-63.4375","-7.02514982223511","82","26.455","23.236","11.05156062","1.09066810532571","0.962452880582071","14.234963832",
"3/9/1985","-63.4375","-7.02514982223511","82","27.017","20.94","65.351482344","1.00093582000793","0.950200722159246","13.04386866",
"3/10/1985","-63.4375","-7.02514982223511","82","30.229","21.012","1.888276752","0.739241470796338","0.870263837824883","15.900917832",
"3/11/1985","-63.4375","-7.02514982223511","82","33.141","21.506","4.99191516","0.843559575259525","0.854469582842637","25.75693566",
"3/12/1985","-63.4375","-7.02514982223511","82","30.169","23.011","5.108645952","1.04950489483122","0.899240846000984","18.3745143",
"3/13/1985","-63.4375","-7.02514982223511","82","28.962","22.549","9.50832396","0.815207997680905","0.923884951699418","14.5120545",
"3/14/1985","-63.4375","-7.02514982223511","82","31.415","21.683","9.15298632","1.15531442137358","0.857425208268717","27.7965027",
"3/15/1985","-63.4375","-7.02514982223511","82","30.271","22.988","9.922030092","0.983532875996701","0.92131149029889","24.520160808",
"3/16/1985","-63.4375","-7.02514982223511","82","32.068","22.727","10.2602047248","1.21975504023102","0.900103653203404","22.59303786",
"3/17/1985","-63.4375","-7.02514982223511","82","29.705","23.807","8.8680335832","0.933161605336734","0.935981902902655","16.7376402",
"3/18/1985","-63.4375","-7.02514982223511","82","28.659","23.753","21.224205252","1.00844955816882","0.952896722495344","25.994921832",
"3/19/1985","-63.4375","-7.02514982223511","82","28.437","23.387","18.61153452","0.846828423941086","0.954547282033257","16.871011056",
"3/20/1985","-63.4375","-7.02514982223511","82","26.342","22.875","13.6402056","0.661376880840914","0.970692944747602","8.486105868",
"3/21/1985","-63.4375","-7.02514982223511","82","30.506","22.971","4.0649403528","0.925945065642602","0.901864923980841","14.714613468",
"3/22/1985","-63.4375","-7.02514982223511","82","28.502","22.945","1.028251512","1.037826097297","0.909470633811921","10.9994634",
"3/23/1985","-63.4375","-7.02514982223511","82","30.936","22.049","3.865817052","1.02191789555991","0.891277469394468","19.558358352",
"3/24/1985","-63.4375","-7.02514982223511","82","27.469","23.349","13.025663352","0.720789284388307","0.959813640664081","15.617420352",
"3/25/1985","-63.4375","-7.02514982223511","82","23.389","20.645","96.494236092","0.819396907553301","0.979042791128624","1.826436042",
"3/26/1985","-63.4375","-7.02514982223511","82","25.805","20","32.165926164","0.580537157983625","0.949758018449759","7.887545082",
"3/27/1985","-63.4375","-7.02514982223511","82","27.268","20.333","2.66933466","0.884161065192428","0.92663011378903","9.882673902",
"3/28/1985","-63.4375","-7.02514982223511","82","29.021","22.299","5.2116435","0.958557643173811","0.904184657779986","11.197515528",
"3/29/1985","-63.4375","-7.02514982223511","82","29.245","22.274","7.68527838","0.933547413270827","0.883571174589763","15.646051332",
"3/30/1985","-63.4375","-7.02514982223511","82","28.401","20.699","4.4580443544","1.05119028696205","0.908365125937522","12.827249532",
"3/31/1985","-63.4375","-7.02514982223511","82","32.914","21.784","5.4244992168","0.912676610090364","0.849945497424029","18.668027736",
"4/1/1985","-63.4375","-7.02514982223511","82","31.28","20.808","12.1055630328","0.834687099878078","0.889655388596924","19.60312698",
"4/2/1985","-63.4375","-7.02514982223511","82","25.482","21.096","20.86715196","0.951573842009243","0.972652089751417","11.0653272",
"4/3/1985","-63.4375","-7.02514982223511","82","33.087","21.333","7.2029104704","0.949676582305007","0.880199579100639","18.1595754",
"4/4/1985","-63.4375","-7.02514982223511","82","29.469","21.893","9.784698732","1.22213724575006","0.894426731031183","13.974467688",
"4/5/1985","-63.4375","-7.02514982223511","82","29.818","20.65","7.211493504","0.937440042404529","0.927540469189014","18.514005408",
"4/6/1985","-63.4375","-7.02514982223511","82","28.248","21.33","11.206055556","0.821941198063689","0.942459176976909","20.11685976",
"4/7/1985","-63.4375","-7.02514982223511","82","30.169","22.373","2.1251679264","1.24062201263048","0.891081180065678","15.44529726",
"4/8/1985","-63.4375","-7.02514982223511","82","30.689","21.751","3.725051904","0.971081576092759","0.874247925317342","14.82429492",
"4/9/1985","-63.4375","-7.02514982223511","82","28.346","21.061","6.224439924","0.668678687820191","0.930571837952066","19.7886951",
"4/10/1985","-63.4375","-7.02514982223511","82","29.569","22.003","9.300614256","0.796954743245194","0.9213606844654","20.778808032",
"4/11/1985","-63.4375","-7.02514982223511","82","28.184","21.743","26.7380028","1.23054672808384","0.920133269520453","12.623962428",
"4/12/1985","-63.4375","-7.02514982223511","82","26.373","21.707","1.6342164216","0.877641061267211","0.940910536554868","7.1122482",
"4/13/1985","-63.4375","-7.02514982223511","82","27.942","21.332","2.7036669528","0.737275146668996","0.919077824228249","11.091093768",
"4/14/1985","-63.4375","-7.02514982223511","82","30.475","21.274","0.439453224","1.02534660164217","0.811682938616017","20.95599168",
"4/15/1985","-63.4375","-7.02514982223511","82","30.89","21.952","7.57713564","0.729291389600067","0.887767062162135","24.73430724",
"4/16/1985","-63.4375","-7.02514982223511","82","32.159","21.975","2.22472944","1.03906961913877","0.857091577446459","16.103928168",
"4/17/1985","-63.4375","-7.02514982223511","82","30.475","22.886","2.8804788","1.2092713668439","0.887289245135247","16.280106732",
"4/18/1985","-63.4375","-7.02514982223511","82","25.875","21.38","21.9280414392","0.95756982040833","0.962467955416948","5.29047927",
"4/19/1985","-63.4375","-7.02514982223511","82","31.742","22.19","11.64550806","0.92841550225937","0.868222808849958","21.3989661",
"4/20/1985","-63.4375","-7.02514982223511","82","26.997","21.943","11.35025388","0.95317892453772","0.918814349466305","7.32211506",
"4/21/1985","-63.4375","-7.02514982223511","82","32.181","18.845","2.60238636","0.716337106516177","0.825699362590847","25.402443192",
"4/22/1985","-63.4375","-7.02514982223511","82","30.17","20.626","9.17358084","0.979126540417924","0.914718161551145","25.069781592",
"4/23/1985","-63.4375","-7.02514982223511","82","23.905","21.056","17.245099728","0.779644398520674","0.974397859463049","3.63364074",
"4/24/1985","-63.4375","-7.02514982223511","82","31.083","19.182","0","1.225220919561","0.778271367650515","22.705149168",
"4/25/1985","-63.4375","-7.02514982223511","82","29.686","19.299","6.4270029528","0.861482430316852","0.928696642958607","14.52555486",
"4/26/1985","-63.4375","-7.02514982223511","82","31.79","22.225","4.669192116","0.892325363844144","0.903799053139878","17.450719632",
"4/27/1985","-63.4375","-7.02514982223511","82","29.299","21.646","15.583425012","0.772289759588206","0.928174104894642","17.04937644",
"4/28/1985","-63.4375","-7.02514982223511","82","26.693","21.141","22.8069288","0.827588275064646","0.937895748996512","9.145064772",
"4/29/1985","-63.4375","-7.02514982223511","82","27.3","19.789","1.5964506648","0.743823652313404","0.904962038226912","10.930612032",
"4/30/1985","-63.4375","-7.02514982223511","82","27.005","20.277","8.94699144","0.845831564601271","0.931693268063007","15.89771124",
"5/1/1985","-63.4375","-7.02514982223511","82","24.797","20.465","40.7163758976","0.730633844335744","0.970622459648566","4.64883462",
"5/2/1985","-63.4375","-7.02514982223511","82","26.063","21.388","7.0140811104","1.2018803629377","0.956262835659962","14.38396632",
"5/3/1985","-63.4375","-7.02514982223511","82","28.992","21.197","11.3923061064","0.684097523152142","0.927192014945221","16.84935198",
"5/4/1985","-63.4375","-7.02514982223511","82","24.906","20.953","10.4146902","0.634565507021229","0.974733218353433","7.4744424",
"5/5/1985","-63.4375","-7.02514982223511","82","27.518","21.178","1.6119004824","0.596600580626212","0.94218581319348","10.16032572",
"5/6/1985","-63.4375","-7.02514982223511","82","24.612","21.045","9.58213692","0.720272793833896","0.974375682278394","4.003147368",
"5/7/1985","-63.4375","-7.02514982223511","82","30.214","21.445","8.8491448728","0.590728644089166","0.920766917988661","20.04131448",
"5/8/1985","-63.4375","-7.02514982223511","82","28.141","21.843","11.6618170104","1.0436037482101","0.944454444636491","21.17205306",
"5/9/1985","-63.4375","-7.02514982223511","82","29.197","21.257","5.678559612","0.81781930483584","0.934573167362395","16.147459872",
"5/10/1985","-63.4375","-7.02514982223511","82","27.317","21.973","4.0031402904","0.867782438433701","0.943560880559531","8.4192786",
"5/11/1985","-63.4375","-7.02514982223511","82","28.768","20.334","7.082745588","0.846021413404231","0.927490483856844","16.57198512",
"5/12/1985","-63.4375","-7.02514982223511","82","28.27","21.845","8.833689468","0.845007436799096","0.934978365779072","17.453025072",
"5/13/1985","-63.4375","-7.02514982223511","82","27.121","20.174","12.43343376","0.877505440116122","0.953472032156999","17.2402884",
"5/14/1985","-63.4375","-7.02514982223511","82","25.256","21.323","5.489725788","0.734483981096074","0.96248903059748","7.1681076",
"5/15/1985","-63.4375","-7.02514982223511","82","29.933","19.658","3.7542366","0.754233361232225","0.911003690666471","15.9074424",
"5/16/1985","-63.4375","-7.02514982223511","82","31.823","21.385","3.2272328952","0.86643033952826","0.873487116885651","18.62274186",
"5/17/1985","-63.4375","-7.02514982223511","82","23.892","19.902","61.02043704","0.661624141065104","0.977523893668614","3.99886668",
"5/18/1985","-63.4375","-7.02514982223511","82","28.233","20.467","5.0622913224","0.737535657765231","0.933785943007216","14.949902232",
"5/19/1985","-63.4375","-7.02514982223511","82","28.863","21.116","4.217719536","0.631530525417031","0.938284080172137","15.812955432",
"5/20/1985","-63.4375","-7.02514982223511","82","29.835","19.826","7.767677916","0.707330407861984","0.909196528847762","17.64956286",
"5/21/1985","-63.4375","-7.02514982223511","82","31.773","20.319","1.5604024464","1.00315252541539","0.864248658969303","18.98538966",
"5/22/1985","-63.4375","-7.02514982223511","82","33.715","20.479","1.435086684","1.19435945052675","0.810273288831822","21.9123513",
"5/23/1985","-63.4375","-7.02514982223511","82","31.254","20.103","1.062583272","1.02076058158446","0.827588692577931","19.89663804",
"5/24/1985","-63.4375","-7.02514982223511","82","31.399","20.826","5.31635688","1.04997084134186","0.862675799609323","23.08915746",
"5/25/1985","-63.4375","-7.02514982223511","82","31.887","19.304","5.165293392","0.934604920446547","0.854700540438677","22.89701196",
"5/26/1985","-63.4375","-7.02514982223511","82","28.343","21.728","6.558321492","0.99862481755938","0.9340590727804","18.53881272",
"5/27/1985","-63.4375","-7.02514982223511","82","29.65","20.668","7.8303391992","0.786259273697007","0.940573407697074","17.667612",
"5/28/1985","-63.4375","-7.02514982223511","82","29.467","19.595","3.745650708","0.703824695264224","0.901759270876861","22.77106488",
"5/29/1985","-63.4375","-7.02514982223511","82","29.97","20.519","6.85787364","0.821627696276731","0.921836936159364","22.7050848",
"5/30/1985","-63.4375","-7.02514982223511","82","31.909","19.628","0.3888131904","0.887193709884993","0.809354610248814","19.4280741",
"5/31/1985","-63.4375","-7.02514982223511","82","30.87","20.971","1.23424524","1.05639831359736","0.83250114099925","14.223483",
"6/1/1985","-63.4375","-7.02514982223511","82","32.52","21.354","0.854873928","1.17817186613274","0.780515654907485","21.586725",
"6/2/1985","-63.4375","-7.02514982223511","82","33.032","19.788","3.4812954","0.909211691383468","0.829573623372918","16.13919474",
"6/3/1985","-63.4375","-7.02514982223511","82","32.282","21.004","0.448036344","1.18186987124324","0.750944205420747","21.2105232",
"6/4/1985","-63.4375","-7.02514982223511","82","31.766","19.31","0","1.372784479032","0.718222715618245","21.5536473",
"6/5/1985","-63.4375","-7.02514982223511","82","31.531","20.523","0","1.62485645753379","0.675993393731189","21.7255482",
"6/6/1985","-63.4375","-7.02514982223511","82","31.543","19.529","0.01373292","1.34032431310358","0.697093597963996","17.3223018",
"6/7/1985","-63.4375","-7.02514982223511","82","29.889","20.163","0","1.69528145683314","0.665669238340304","21.20275962",
"6/8/1985","-63.4375","-7.02514982223511","82","24.906","19.596","0.0755310024","1.86194944879441","0.604626727987715","11.63182374",
"6/9/1985","-63.4375","-7.02514982223511","82","24.463","16.933","0","2.23177551584119","0.521864851155924","18.61751268",
"6/10/1985","-63.4375","-7.02514982223511","82","25.671","14.565","0","1.65948371606004","0.523535908626248","22.97829438",
"6/11/1985","-63.4375","-7.02514982223511","82","27.92","11.446","0","1.12203039638204","0.641733716602124","23.16617406",
"6/12/1985","-63.4375","-7.02514982223511","82","30.764","14.383","0","0.726384355568172","0.658558733037635","16.52642046",
"6/13/1985","-63.4375","-7.02514982223511","82","25.573","17.988","0","1.27356968020837","0.736143723558418","7.20596142",
"6/14/1985","-63.4375","-7.02514982223511","82","33.432","15.927","0","0.916635615811172","0.661413395608003","17.1640179",
"6/15/1985","-63.4375","-7.02514982223511","82","30.498","19.743","3.1456949184","1.09829264080291","0.825890366698622","16.287861132",
"6/16/1985","-63.4375","-7.02514982223511","82","28.836","20.289","3.61518876","0.911907505136194","0.883051912774244","16.0595478",
"6/17/1985","-63.4375","-7.02514982223511","82","32.328","18.115","0.022315968","0.958348213101062","0.783547422653103","14.1182937",
"6/18/1985","-63.4375","-7.02514982223511","82","32.952","16.772","0","1.02733144200669","0.696669214926578","18.54832698",
"6/19/1985","-63.4375","-7.02514982223511","82","33.15","17.439","0","1.00890764934601","0.687138834954168","18.9933237",
"6/20/1985","-63.4375","-7.02514982223511","82","29.794","19.749","0.731277288","0.929223385213415","0.815788523137993","10.667701332",
"6/21/1985","-63.4375","-7.02514982223511","82","28.873","21.502","3.353402268","0.97247631648649","0.923284642369504","11.4370857",
"6/22/1985","-63.4375","-7.02514982223511","82","31.317","17.87","1.895141448","1.0273034155417","0.826032756434226","21.90493062",
"6/23/1985","-63.4375","-7.02514982223511","82","32.978","19.519","0","1.1605330843413","0.682704038180935","22.35577482",
"6/24/1985","-63.4375","-7.02514982223511","82","31.862","19.508","1.443671676","1.48741678924701","0.669685275240662","19.33920396",
"6/25/1985","-63.4375","-7.02514982223511","82","32.727","22.068","1.1226635064","1.32523614199941","0.749884184095868","17.362523232",
"6/26/1985","-63.4375","-7.02514982223511","82","32.109","20.183","0","1.25425016922219","0.69502035520024","12.61040526",
"6/27/1985","-63.4375","-7.02514982223511","82","34.366","20.204","0","1.08793607551033","0.580200025016932","22.92513858",
"6/28/1985","-63.4375","-7.02514982223511","82","35.421","22.058","0","0.99137475716859","0.533270266048248","21.44075526",
"6/29/1985","-63.4375","-7.02514982223511","82","33.402","20.219","0.0961305984","1.41616745474769","0.750325605771055","17.6935518",
"6/30/1985","-63.4375","-7.02514982223511","82","29.807","19.927","2.3500443888","1.05180116871976","0.865650276353859","13.7626272",
"7/1/1985","-63.4375","-7.02514982223511","82","33.206","17.964","0.164794824","1.09809389307042","0.766521994672311","14.52509676",
"7/2/1985","-63.4375","-7.02514982223511","82","29.032","20.571","2.7156861","0.914741195430316","0.855872584280921","9.6431166",
"7/3/1985","-63.4375","-7.02514982223511","82","29.551","19.644","1.932907104","0.938540253262006","0.81852107234784","13.48160634",
"7/4/1985","-63.4375","-7.02514982223511","82","33.146","20.491","0.559616112","1.34570233723547","0.752390266154725","15.8065893",
"7/5/1985","-63.4375","-7.02514982223511","82","32.985","20.181","0.20942712","1.1735238710767","0.721836277670151","12.72650472",
"7/6/1985","-63.4375","-7.02514982223511","82","31.624","17.898","5.053713156","1.26196374413542","0.8430178718364","16.46617914",
"7/7/1985","-63.4375","-7.02514982223511","82","31.051","17.714","0.1510620264","1.10104745106511","0.809965263887803","16.3203174",
"7/8/1985","-63.4375","-7.02514982223511","82","31.053","19.657","0.988769448","1.16429921387868","0.77024279598102","15.848995032",
"7/9/1985","-63.4375","-7.02514982223511","82","32.385","19.275","1.67884992","1.07522381069181","0.809679800216321","18.32253804",
"7/10/1985","-63.4375","-7.02514982223511","82","28.523","20.1","8.782200684","1.15220150318577","0.90547480700929","16.05059658",
"7/11/1985","-63.4375","-7.02514982223511","82","31.276","19.263","0.1750946832","1.42728855357061","0.719036224035823","13.700247948",
"7/12/1985","-63.4375","-7.02514982223511","82","32.34","19.78","0.89950608","1.28452078949886","0.734179327484096","18.41433444",
"7/13/1985","-63.4375","-7.02514982223511","82","32.464","19.793","0","0.806507286877605","0.656067989983511","15.46959564",
"7/14/1985","-63.4375","-7.02514982223511","82","30.847","21.384","0.411987024","1.12336292678909","0.679944880551412","13.5479268",
"7/15/1985","-63.4375","-7.02514982223511","82","28.435","18.748","2.9560083984","0.600010390699921","0.886681364470802","18.363488832",
"7/16/1985","-63.4375","-7.02514982223511","82","30.733","20.597","1.5037549344","1.2776069637477","0.730453942410946","9.644621112",
"7/17/1985","-63.4375","-7.02514982223511","82","29.313","17.963","3.968812152","1.05769869357922","0.873054927170919","14.29233246",
"7/18/1985","-63.4375","-7.02514982223511","82","32.78","18.45","5.263137","0.981793249241562","0.788895682846697","17.323370568",
"7/19/1985","-63.4375","-7.02514982223511","82","31.554","19.655","1.86252732","1.09090078450232","0.760598210680945","12.92619744",
"7/20/1985","-63.4375","-7.02514982223511","82","33.336","18.984","0","1.44506808819268","0.586970803142068","23.2818786",
"7/21/1985","-63.4375","-7.02514982223511","82","34.106","17.58","0","1.1117984396941","0.530849497721523","23.92796034",
"7/22/1985","-63.4375","-7.02514982223511","82","33.984","16.499","0","1.11968306610767","0.497319667142032","22.33772145",
"7/23/1985","-63.4375","-7.02514982223511","82","35.351","15.542","0","0.800797088664092","0.601278082001037","21.92596704",
"7/24/1985","-63.4375","-7.02514982223511","82","33.653","18.476","0","0.972656225970503","0.633486641644593","15.49934748",
"7/25/1985","-63.4375","-7.02514982223511","82","33.59","16.728","0","0.87857947267367","0.67934024788087","18.08651412",
"7/26/1985","-63.4375","-7.02514982223511","82","33.399","17.331","1.27029456","1.38394649393096","0.722274008299997","12.324826368",
"7/27/1985","-63.4375","-7.02514982223511","82","33.573","19.859","6.80808564","1.14067212696568","0.836399240099039","14.342454",
"7/28/1985","-63.4375","-7.02514982223511","82","34.125","21.572","0.8377074","1.32960836509566","0.704038487038926","21.5161308",
"7/29/1985","-63.4375","-7.02514982223511","82","32.074","21.178","0.0034332264","1.22418483278416","0.683783939880316","11.04593184",
"7/30/1985","-63.4375","-7.02514982223511","82","30.588","22.07","9.0396860112","0.781565342494163","0.871363899480935","22.7582955",
"7/31/1985","-63.4375","-7.02514982223511","82","28.594","19.814","5.0296810464","1.3817012605571","0.836799682955886","22.205083068",
"8/1/1985","-63.4375","-7.02514982223511","82","34.313","18.627","0.0034332264","1.47684587838349","0.614542008647634","22.902236712",
"8/2/1985","-63.4375","-7.02514982223511","82","34.548","19.534","0.2042768088","0.973565667092945","0.636316753866332","17.494761312",
"8/3/1985","-63.4375","-7.02514982223511","82","33.936","18.512","0","1.43238860793089","0.509888813196613","17.4151692",
"8/4/1985","-63.4375","-7.02514982223511","82","35.512","14.988","0","1.0142355423829","0.511099657183018","25.14875544",
"8/5/1985","-63.4375","-7.02514982223511","82","37.357","14.534","0","0.884276747043211","0.477821689734769","22.76583894",
"8/6/1985","-63.4375","-7.02514982223511","82","36.538","16.756","0","1.02956425658611","0.568859423559247","24.812039448",
"8/7/1985","-63.4375","-7.02514982223511","82","35.753","18.46","0.0514984104","0.974828733875335","0.640033408869699","9.690415668",
"8/8/1985","-63.4375","-7.02514982223511","82","35.421","16.516","0","1.18483698924062","0.598512389969801","18.21397734",
"8/9/1985","-63.4375","-7.02514982223511","82","36.322","20.752","0","1.62861933292829","0.44017798653197","25.45194384",
"8/10/1985","-63.4375","-7.02514982223511","82","35.663","18.066","0","1.03939815243315","0.460527365734572","25.06893867",
"8/11/1985","-63.4375","-7.02514982223511","82","31.7","18.422","0","1.15556569047778","0.532319240768786","11.96865567",
"8/12/1985","-63.4375","-7.02514982223511","82","35.063","18.423","0","1.49273725490473","0.515481655383408","25.44627006",
"8/13/1985","-63.4375","-7.02514982223511","82","35.054","19.466","0","1.54788571591715","0.435824380222711","25.61636286",
"8/14/1985","-63.4375","-7.02514982223511","82","36.203","20.93","0","1.4289519905944","0.550425140693791","18.2098692",
"8/15/1985","-63.4375","-7.02514982223511","82","35.259","22.958","0.0137329056","1.19665544736387","0.554621267478229","6.986476638",
"8/16/1985","-63.4375","-7.02514982223511","82","35.826","18.294","0.2059936992","1.22194763115852","0.59405177610175","15.5831076",
"8/17/1985","-63.4375","-7.02514982223511","82","38.057","20.625","0","1.16641341380411","0.544655242644141","15.65353188",
"8/18/1985","-63.4375","-7.02514982223511","82","36.772","19.06","0","1.25347769339945","0.4802605462735","25.8334335",
"8/19/1985","-63.4375","-7.02514982223511","82","36.605","18.618","0","0.92619556743011","0.508396280301459","16.32487788",
"8/20/1985","-63.4375","-7.02514982223511","82","35.96","21.197","0","1.22742083490096","0.522225463537862","18.12548925",
"8/21/1985","-63.4375","-7.02514982223511","82","37.649","19.221","0","1.00412199221215","0.545055913456302","19.0573299",
"8/22/1985","-63.4375","-7.02514982223511","82","39.863","20.812","0","1.07582455662277","0.414133580473067","25.95532266",
"8/23/1985","-63.4375","-7.02514982223511","82","38.198","22.753","0","1.48881011230837","0.488018179958903","20.16275526",
"8/24/1985","-63.4375","-7.02514982223511","82","39.271","22.056","0","1.53303734011458","0.497497604863526","18.199068408",
"8/25/1985","-63.4375","-7.02514982223511","82","36.171","22.111","0.068664528","1.43887447787275","0.630742031528655","14.294591208",
"8/26/1985","-63.4375","-7.02514982223511","82","35.635","21.513","0.3210066","1.74459758319458","0.620411005249065","25.655402592",
"8/27/1985","-63.4375","-7.02514982223511","82","34.046","20.914","0.137329128","0.9174530313026","0.709058754483542","8.24360094",
"8/28/1985","-63.4375","-7.02514982223511","82","33.453","20.996","0","1.4306080874941","0.690438991680769","15.03636048",
"8/29/1985","-63.4375","-7.02514982223511","82","37.696","20.694","0","1.09260519927783","0.63194490639359","16.04717082",
"8/30/1985","-63.4375","-7.02514982223511","82","37.38","18.976","0","1.3733887678333","0.504264437865674","18.720502272",
"8/31/1985","-63.4375","-7.02514982223511","82","33.461","22.311","3.148271892","1.62482320844097","0.678150094400204","24.079052268",
"9/1/1985","-63.4375","-7.02514982223511","82","36.853","21.619","0.99735336","1.24796528272234","0.663898865305005","15.13839852",
"9/2/1985","-63.4375","-7.02514982223511","82","39.054","23.759","0.29869092","1.43216256961438","0.547107015330467","19.06908354",
"9/3/1985","-63.4375","-7.02514982223511","82","34.028","21.697","0.274658544","1.24328739686487","0.650402421313177","16.649556552",
"9/4/1985","-63.4375","-7.02514982223511","82","37.991","21.643","0.41026896","1.08668421397825","0.595835680804561","17.026764912",
"9/5/1985","-63.4375","-7.02514982223511","82","35.89","22.105","1.5277868424","1.2319487652848","0.751496419541008","9.97694883",
"9/6/1985","-63.4375","-7.02514982223511","82","37.985","19.696","0","1.2742970940813","0.579449356800093","27.71184186",
"9/7/1985","-63.4375","-7.02514982223511","82","39.316","19.691","0","1.23540621934594","0.46365672006238","27.639171432",
"9/8/1985","-63.4375","-7.02514982223511","82","37.937","23.202","0","1.44044540760238","0.467202999565851","23.810119488",
"9/9/1985","-63.4375","-7.02514982223511","82","39.777","19.961","0","1.4285120778781","0.459297828343569","22.50697608",
"9/10/1985","-63.4375","-7.02514982223511","82","36.517","22.737","0","1.89768084533574","0.454031002379791","26.071027272",
"9/11/1985","-63.4375","-7.02514982223511","82","39.938","19.188","0","1.13361339963602","0.41832827064613","25.634532672",
"9/12/1985","-63.4375","-7.02514982223511","82","35.019","23.528","0.24976728","1.51317428091527","0.535167562877621","21.058932618",
"9/13/1985","-63.4375","-7.02514982223511","82","38.101","22.301","0","1.78212997777671","0.564639267052399","18.012985272",
"9/14/1985","-63.4375","-7.02514982223511","82","30.492","22.287","11.13052176","1.24343704362676","0.744222022524141","26.140891392",
"9/15/1985","-63.4375","-7.02514982223511","82","35.873","20.543","1.3818732264","1.54325086344008","0.620693424848289","18.74548026",
"9/16/1985","-63.4375","-7.02514982223511","82","30.993","22.88","6.069945996","1.33792029669886","0.81238434894462","26.02754856",
"9/17/1985","-63.4375","-7.02514982223511","82","31.542","20.875","5.319787104","0.995105877920401","0.805981955908942","25.191564408",
"9/18/1985","-63.4375","-7.02514982223511","82","33.111","20.366","3.7190457","1.18023290641183","0.756087198945813","27.0910152",
"9/19/1985","-63.4375","-7.02514982223511","82","35.147","21.635","0","0.664521621621417","0.705633902239573","10.81029726",
"9/20/1985","-63.4375","-7.02514982223511","82","30.358","22.042","0.5802153984","1.36992082536776","0.735497862115718","11.276214048",
"9/21/1985","-63.4375","-7.02514982223511","82","38.301","20.662","0","1.20885158542326","0.607381708168899","18.052939368",
"9/22/1985","-63.4375","-7.02514982223511","82","41.42","22.961","0.0480651696","1.33131829488804","0.499633863307319","26.672289912",
"9/23/1985","-63.4375","-7.02514982223511","82","34.591","24.375","0.097846884","1.44812128774755","0.551039400591933","14.986973592",
"9/24/1985","-63.4375","-7.02514982223511","82","36.621","19.378","0","1.21054321350254","0.589250906640616","14.64288606",
"9/25/1985","-63.4375","-7.02514982223511","82","38.718","20.4","0.51841764","0.928983082577304","0.558399056941493","19.22462208",
"9/26/1985","-63.4375","-7.02514982223511","82","36.353","22.562","1.70803026","0.884867594550223","0.628910508172346","15.8893884",
"9/27/1985","-63.4375","-7.02514982223511","82","37.364","22.789","0.180244656","1.2291061066805","0.533784163740305","19.37166156",
"9/28/1985","-63.4375","-7.02514982223511","82","38.849","20.597","6.109427628","0.971656519356274","0.601320937772942","18.54100872",
"9/29/1985","-63.4375","-7.02514982223511","82","31.462","22.277","25.07114988","1.29553700374351","0.872861965701243","14.5791045",
"9/30/1985","-63.4375","-7.02514982223511","82","33.486","21.868","0.6351471864","1.39166964275302","0.733012486313722","20.601276192",
"10/1/1985","-63.4375","-7.02514982223511","82","37.863","23.997","0.02746584","1.27557340772354","0.608052034471067","16.93980252",
"10/2/1985","-63.4375","-7.02514982223511","82","36.375","22.23","0.0137329128","1.20856992272576","0.614940736220125","17.9764866",
"10/3/1985","-63.4375","-7.02514982223511","82","32.785","20.413","5.86738476","0.667348040925406","0.837442336214285","14.16425724",
"10/4/1985","-63.4375","-7.02514982223511","82","32.766","22.351","8.46462546","0.886678620503949","0.818789291647735","21.3504768",
"10/5/1985","-63.4375","-7.02514982223511","82","35.255","22.306","5.73435324","1.0173042569531","0.694038293416444","27.94972356",
"10/6/1985","-63.4375","-7.02514982223511","82","34.165","21.696","10.4387292","1.20639508209332","0.786014944767222","25.98479856",
"10/7/1985","-63.4375","-7.02514982223511","82","36.384","20.263","0","0.901538405932714","0.614531385604525","13.64265576",
"10/8/1985","-63.4375","-7.02514982223511","82","36.851","22.984","0.5647657464","1.22328484441624","0.575512903271216","16.91229384",
"10/9/1985","-63.4375","-7.02514982223511","82","34.959","20.915","0.47035224","0.854776736888279","0.662633408602852","12.55302882",
"10/10/1985","-63.4375","-7.02514982223511","82","37.644","22.324","5.01079122","1.33086084217903","0.623298875997425","18.53274204",
"10/11/1985","-63.4375","-7.02514982223511","82","36.769","22.419","0","1.10601841138639","0.557272827706376","17.2460754",
"10/12/1985","-63.4375","-7.02514982223511","82","39.019","21.024","0.9784706184","0.997847727705145","0.632506514823888","19.59288552",
"10/13/1985","-63.4375","-7.02514982223511","82","35.3","23.474","0.46348596","1.06923833726902","0.622810423479596","18.74205324",
"10/14/1985","-63.4375","-7.02514982223511","82","35.829","21.293","0.4437450648","0.923871856982765","0.693146686059371","10.52133624",
"10/15/1985","-63.4375","-7.02514982223511","82","36.933","20.823","0.4686354","1.04941435182865","0.642264740572567","19.05524424",
"10/16/1985","-63.4375","-7.02514982223511","82","23.372","20.074","36.98957628","0.888026172203021","0.961749556593533","1.14986268",
"10/17/1985","-63.4375","-7.02514982223511","82","36.259","17.511","0.0823975128","1.16640100669707","0.690639115681705","20.74263552",
"10/18/1985","-63.4375","-7.02514982223511","82","34.859","23.031","0.1459121328","1.05928403649021","0.691841075480304","17.7586353",
"10/19/1985","-63.4375","-7.02514982223511","82","33.97","20.199","5.4871564464","1.26128226889084","0.71707570900596","28.24560324",
"10/20/1985","-63.4375","-7.02514982223511","82","36.308","22.661","4.566193344","0.671639459027569","0.782311271012197","21.65433516",
"10/21/1985","-63.4375","-7.02514982223511","82","30.025","22.618","5.3318016","1.46604189256967","0.831089352931825","15.492544128",
"10/22/1985","-63.4375","-7.02514982223511","82","38.831","21.035","0.255775212","1.08402910691493","0.579778412181124","19.6353468",
"10/23/1985","-63.4375","-7.02514982223511","82","38.703","22.472","54.871558308","1.04343993355058","0.756141948502791","13.494659742",
"10/24/1985","-63.4375","-7.02514982223511","82","36.541","21.799","17.732597184","1.26305609018095","0.748611627982219","14.508727848",
"10/25/1985","-63.4375","-7.02514982223511","82","36.662","21.311","19.256108148","1.35429730212654","0.754936011938447","15.101887032",
"10/26/1985","-63.4375","-7.02514982223511","82","30.289","21.289","3.6237714264","1.27325759952295","0.804549475650615","13.7029509",
"10/27/1985","-63.4375","-7.02514982223511","82","30.313","21.646","6.7317014664","1.48205080051987","0.80428730387105","9.2562714",
"10/28/1985","-63.4375","-7.02514982223511","82","32.692","21.756","1.5827184","1.10843240989444","0.768549581802136","14.47165944",
"10/29/1985","-63.4375","-7.02514982223511","82","36.724","21.124","0.61283124","0.922905365939051","0.731236939162806","18.33114276",
"10/30/1985","-63.4375","-7.02514982223511","82","33.711","23.516","5.00392836","1.42083300951141","0.741597824561009","22.18769496",
"10/31/1985","-63.4375","-7.02514982223511","82","34.026","22.304","8.488656036","1.40357584292666","0.82446377366822","19.02948876",
"11/1/1985","-63.4375","-7.02514982223511","82","34.954","19.785","0.460052172","1.51590409944499","0.655657763950948","24.25808952",
"11/2/1985","-63.4375","-7.02514982223511","82","35.819","23.711","0.08583066","1.25511441983217","0.569320395105989","19.28672604",
"11/3/1985","-63.4375","-7.02514982223511","82","36.288","22.846","0","1.1405325198598","0.53724674696495","17.23285782",
"11/4/1985","-63.4375","-7.02514982223511","82","39.8","23.304","0","1.25543148013524","0.544432717232366","13.02401268",
"11/5/1985","-63.4375","-7.02514982223511","82","35.324","24.305","3.65981508","1.33997996114333","0.705452364086948","23.51997774",
"11/6/1985","-63.4375","-7.02514982223511","82","27.041","22.434","14.00413608","0.910776535139262","0.937776896895812","15.21028548",
"11/7/1985","-63.4375","-7.02514982223511","82","37.238","22.453","1.0231027344","0.777114277966157","0.700760282708653","13.71335742",
"11/8/1985","-63.4375","-7.02514982223511","82","30.457","21.948","10.84385016","1.23652458552524","0.857666353629186","23.0241879",
"11/9/1985","-63.4375","-7.02514982223511","82","35.336","20.335","9.1770174","0.787849486258442","0.815920648562086","22.858308",
"11/10/1985","-63.4375","-7.02514982223511","82","30.04","21.09","8.109283464","1.16033805503632","0.836498317558452","21.9018915",
"11/11/1985","-63.4375","-7.02514982223511","82","34.548","20.153","0.09613044","1.59817802749379","0.602395384688046","15.96943296",
"11/12/1985","-63.4375","-7.02514982223511","82","32.914","22.909","0.5767820784","1.80987266066969","0.679836526300324","15.67288296",
"11/13/1985","-63.4375","-7.02514982223511","82","35.307","22.413","0.2162933064","1.45853143657367","0.715630715091165","9.17178174",
"11/14/1985","-63.4375","-7.02514982223511","82","34.263","22.208","1.544955228","0.868662354881935","0.728145257116328","14.9414085",
"11/15/1985","-63.4375","-7.02514982223511","82","34.286","23.412","0","1.59498782763434","0.666208094888454","16.80895908",
"11/16/1985","-63.4375","-7.02514982223511","82","34.548","21.193","0","0.926987732886866","0.633501199936369","14.55013422",
"11/17/1985","-63.4375","-7.02514982223511","82","32.526","20.089","0.0343322784","0.82628623503351","0.72333584872327","12.33247572",
"11/18/1985","-63.4375","-7.02514982223511","82","29.2","19.366","1.388740572","0.866949968220777","0.798046311307706","4.46833458",
"11/19/1985","-63.4375","-7.02514982223511","82","29.111","21.916","12.60337608","1.65224013200035","0.840525910571006","12.86938476",
"11/20/1985","-63.4375","-7.02514982223511","82","29.409","20.231","0.030899016","1.22736900307119","0.780926208443081","14.0735268",
"11/21/1985","-63.4375","-7.02514982223511","82","31.989","19.255","9.273154572","0.974535156455037","0.829927276453516","27.8915625",
"11/22/1985","-63.4375","-7.02514982223511","82","31.331","21.853","8.8491456","1.16660593860924","0.854107848262232","27.4457277",
"11/23/1985","-63.4375","-7.02514982223511","82","29.442","21.939","17.646793236","1.71843058804434","0.853871383240438","16.6350933",
"11/24/1985","-63.4375","-7.02514982223511","82","23.656","20.761","3.792000852","1.043897899505","0.96555352577067","2.33775",
"11/25/1985","-63.4375","-7.02514982223511","82","28.248","20.765","2.7431487144","0.905965758612252","0.90675400748823","13.232988648",
"11/26/1985","-63.4375","-7.02514982223511","82","35.728","21.179","0.72956052","0.781175162245142","0.7423972422333","25.10055072",
"11/27/1985","-63.4375","-7.02514982223511","82","35.861","20.052","0","0.8273698627431","0.644280863863298","20.77813512",
"11/28/1985","-63.4375","-7.02514982223511","82","30.141","21.1","8.188245612","1.14836873549393","0.836937969879512","26.87209416",
"11/29/1985","-63.4375","-7.02514982223511","82","30.827","22.611","8.3358729288","0.867691954174051","0.883029122617514","23.7399741",
"11/30/1985","-63.4375","-7.02514982223511","82","30.031","23.714","19.6552248768","1.09637829033976","0.906597898146215","22.24838898",
"12/1/1985","-63.4375","-7.02514982223511","82","25.298","22.189","5.1309605304","1.00678400759002","0.958761300102133","4.69018296",
"12/2/1985","-63.4375","-7.02514982223511","82","25.938","21.519","29.8244166768","0.81943554104223","0.935493574628607","6.634800468",
"12/3/1985","-63.4375","-7.02514982223511","82","30.745","19.639","1.126098792","0.955547375644732","0.815122047045017","19.4855634",
"12/4/1985","-63.4375","-7.02514982223511","82","30.336","22.315","12.93640812","0.862666458630626","0.898876426879292","21.73146084",
"12/5/1985","-63.4375","-7.02514982223511","82","28.339","23.662","14.096835864","1.10370759154877","0.929738313016282","19.72018566",
"12/6/1985","-63.4375","-7.02514982223511","82","28.029","23.385","16.970443812","1.13003993865763","0.932317186082471","22.45404636",
"12/7/1985","-63.4375","-7.02514982223511","82","27.548","23.232","22.32285858","1.26299048933211","0.944693282284473","14.0991228",
"12/8/1985","-63.4375","-7.02514982223511","82","30.703","22.96","8.080100172","1.45950946933879","0.866695931967985","19.87458858",
"12/9/1985","-63.4375","-7.02514982223511","82","30.846","22.854","14.1723705528","1.13416405422395","0.912639218717446","23.5279161",
"12/10/1985","-63.4375","-7.02514982223511","82","26.722","23.087","26.3809238184","0.964671557535091","0.961908209529741","7.82521776",
"12/11/1985","-63.4375","-7.02514982223511","82","30.54","22.23","13.75694334","0.915307644972826","0.868131623221286","20.97517752",
"12/12/1985","-63.4375","-7.02514982223511","82","28.753","22.489","2.3963933664","1.15326383280966","0.864262853597275","16.33933458",
"12/13/1985","-63.4375","-7.02514982223511","82","24.163","20.793","49.95005544","1.52173425897266","0.9693598914218","3.463872732",
"12/14/1985","-63.4375","-7.02514982223511","82","28.788","20.297","9.6061675104","0.922624015554988","0.878493865345995","10.6481799",
"12/15/1985","-63.4375","-7.02514982223511","82","30.417","20.289","6.6226986","1.1074932458223","0.89258669268922","20.29977684",
"12/16/1985","-63.4375","-7.02514982223511","82","30.442","22.454","7.6080370824","1.06626268616639","0.862826806350237","14.02532172",
"12/17/1985","-63.4375","-7.02514982223511","82","23.583","20.948","13.1561307504","0.748792630924241","0.972346112696785","3.38979456",
"12/18/1985","-63.4375","-7.02514982223511","82","26.734","19.71","0.5046845904","0.780946474273941","0.909899440661334","7.4808549",
"12/19/1985","-63.4375","-7.02514982223511","82","30.825","17.585","1.31492628","0.816611919651009","0.800094076926794","21.07389564",
"12/20/1985","-63.4375","-7.02514982223511","82","28.497","21.302","0.6626133504","1.40182701271768","0.853751177841173","14.70616974",
"12/21/1985","-63.4375","-7.02514982223511","82","24.523","20.137","3.805734132","1.0264847999392","0.95006975824478","4.14961974",
"12/22/1985","-63.4375","-7.02514982223511","82","32.565","19.831","6.33087144","1.26638677086667","0.873966949250005","21.525078168",
"12/23/1985","-63.4375","-7.02514982223511","82","27.302","20.712","6.9488532","1.57060142936996","0.901527084377681","12.3427665",
"12/24/1985","-63.4375","-7.02514982223511","82","32.9","21.141","2.5920889056","0.974810120682569","0.844704619635608","13.5614196",
"12/25/1985","-63.4375","-7.02514982223511","82","27.591","20.992","6.40640304","1.40828978166313","0.92527811569279","23.11054254",
"12/26/1985","-63.4375","-7.02514982223511","82","32.225","20.598","5.2116408648","1.00745891452295","0.842974228558604","13.659921",
"12/27/1985","-63.4375","-7.02514982223511","82","30.929","22.138","4.696658856","1.03788715392863","0.903742597942795","14.50518588",
"12/28/1985","-63.4375","-7.02514982223511","82","24.258","21.564","5.1893308584","0.71557419672241","0.955605104768305","3.9717603",
"12/29/1985","-63.4375","-7.02514982223511","82","29.168","21.28","2.3723631576","1.22737967656543","0.838935548473219","11.1264732",
"12/30/1985","-63.4375","-7.02514982223511","82","28.253","20.792","2.22816546","0.760784120426205","0.86088880703174","7.54065036",
"12/31/1985","-63.4375","-7.02514982223511","82","31.582","21.258","3.24439884","1.01315835263983","0.797735301489727","24.7430808",
"1/1/1986","-63.4375","-7.02514982223511","82","28.956","19.593","13.77238644","0.580680143355473","0.90919998006835","24.45761556",
"1/2/1986","-63.4375","-7.02514982223511","82","34.071","21.147","10.53485568","0.92772730693483","0.861978779097421","17.61664788",
"1/3/1986","-63.4375","-7.02514982223511","82","30.172","23.445","8.651739852","0.985533521154768","0.878671619571175","15.188119632",
"1/4/1986","-63.4375","-7.02514982223511","82","27.406","22.137","0.4119871032","1.13634554115183","0.870187852020857","6.26321502",
"1/5/1986","-63.4375","-7.02514982223511","82","32.786","20.814","3.0109419","0.834299307830626","0.802476047330806","19.4802183",
"1/6/1986","-63.4375","-7.02514982223511","82","30.748","22.03","2.17666602","0.9569939758023","0.84721325860411","14.92076538",
"1/7/1986","-63.4375","-7.02514982223511","82","31.74","21.975","5.44166784","1.27698510819848","0.829113357369302","21.8316951",
"1/8/1986","-63.4375","-7.02514982223511","82","27.487","22.679","15.846059916","0.87310493279639","0.937224553196938","19.64182338",
"1/9/1986","-63.4375","-7.02514982223511","82","26.733","22.736","7.9942692528","1.04543117505001","0.941812150197315","9.2269683",
"1/10/1986","-63.4375","-7.02514982223511","82","28.512","22.424","0.1956940128","1.23137184396544","0.828896929883673","9.5473638",
"1/11/1986","-63.4375","-7.02514982223511","82","31.009","21.685","0.611114544","1.62750926016718","0.809390560802946","19.62371322",
"1/12/1986","-63.4375","-7.02514982223511","82","33.365","22.741","8.785630224","1.22018350065105","0.849356283056314","22.7838348",
"1/13/1986","-63.4375","-7.02514982223511","82","31.233","20.798","15.149110716","0.798844873659872","0.87035020592674","23.2452",
"1/14/1986","-63.4375","-7.02514982223511","82","30.425","22.199","19.2706992","0.967497592594112","0.886024067700589","24.95008314",
"1/15/1986","-63.4375","-7.02514982223511","82","30.235","23.38","9.5924457","0.658455497989369","0.896324546920667","14.19643008",
"1/16/1986","-63.4375","-7.02514982223511","82","27.281","22.983","8.84056356","0.725293101881881","0.933683972168534","10.28222118",
"1/17/1986","-63.4375","-7.02514982223511","82","29.619","22.813","7.4192086872","0.958422459409748","0.912925549431995","19.31625",
"1/18/1986","-63.4375","-7.02514982223511","82","25.501","22.838","15.435790992","1.10509267404537","0.97067418971549","6.90294798",
"1/19/1986","-63.4375","-7.02514982223511","82","26.201","20.845","52.039100124","1.39178822064643","0.937958941888448","8.10685908",
"1/20/1986","-63.4375","-7.02514982223511","82","28.16","18.893","14.2667766","0.635187062328184","0.939134062876932","17.8926192",
"1/21/1986","-63.4375","-7.02514982223511","82","26.761","22.549","14.028169536","0.771055308437628","0.95241985759778","19.46058372",
"1/22/1986","-63.4375","-7.02514982223511","82","24.796","20.804","21.347810676","0.578521971851119","0.96892005053364","5.018906862",
"1/23/1986","-63.4375","-7.02514982223511","82","24.099","21.127","20.1993972192","0.739549131095075","0.970132611693029","5.96970126",
"1/24/1986","-63.4375","-7.02514982223511","82","26.252","21.368","5.3626981104","1.00355845925818","0.943592218355895","10.35219654",
"1/25/1986","-63.4375","-7.02514982223511","82","28.279","21.279","20.2148505","0.619121441248804","0.929705264966487","10.68344865",
"1/26/1986","-63.4375","-7.02514982223511","82","25.602","22.108","44.134130592","0.812392070233517","0.967007949894762","8.580542292",
"1/27/1986","-63.4375","-7.02514982223511","82","28.639","20.938","13.7792633904","0.779462724384684","0.930740511621572","20.828813832",
"1/28/1986","-63.4375","-7.02514982223511","82","29.041","22.582","11.17687392","0.823496265642747","0.947814449514926","15.07269708",
"1/29/1986","-63.4375","-7.02514982223511","82","31.811","22.343","5.355836532","0.924155955016679","0.86786405749752","19.16127504",
"1/30/1986","-63.4375","-7.02514982223511","82","33.663","22.413","5.191040052","0.894191193037995","0.852807263540099","15.83420598",
"1/31/1986","-63.4375","-7.02514982223511","82","29.897","21.446","1.737213804","0.83403050304768","0.853660854365263","13.88367342",
"2/1/1986","-63.4375","-7.02514982223511","82","27.309","22.002","0.065231352","1.23261636473172","0.877287647525835","9.8477415",
"2/2/1986","-63.4375","-7.02514982223511","82","31.238","20.859","0.0823974336","0.861762256066398","0.80794983995603","13.7002491",
"2/3/1986","-63.4375","-7.02514982223511","82","30.058","21.038","3.216935268","0.740826728767978","0.887959869399086","17.99223714",
"2/4/1986","-63.4375","-7.02514982223511","82","28.706","22.021","13.284879732","0.874695722529753","0.936632160500195","24.38043714",
"2/5/1986","-63.4375","-7.02514982223511","82","24.509","21.819","2.4307250112","0.925264509111628","0.942264743070897","3.81262392",
"2/6/1986","-63.4375","-7.02514982223511","82","33.561","20.498","3.776553","1.33483973482528","0.807895059035583","20.35518894",
"2/7/1986","-63.4375","-7.02514982223511","82","32.779","22.371","6.881901552","1.2834866551018","0.851259910991987","21.000654288",
"2/8/1986","-63.4375","-7.02514982223511","82","31.304","22.84","16.663168872","0.938176634945255","0.917263617610706","24.4022643",
"2/9/1986","-63.4375","-7.02514982223511","82","30.502","23.218","3.769680348","1.18204462041862","0.906794227968015","15.34449006",
"2/10/1986","-63.4375","-7.02514982223511","82","24.619","22.602","33.484278456","0.929347115251381","0.977499611501647","4.183199352",
"2/11/1986","-63.4375","-7.02514982223511","82","31.014","22.347","12.428279892","1.0526550527928","0.906308990091238","24.142493232",
"2/12/1986","-63.4375","-7.02514982223511","82","31.973","23.262","3.951644616","1.03130125708729","0.866888142859501","21.352614048",
"2/13/1986","-63.4375","-7.02514982223511","82","27.803","21.371","12.23602434","0.912367646154365","0.937189820904863","22.7171178",
"2/14/1986","-63.4375","-7.02514982223511","82","31.377","21.104","9.1838799","1.04948354956457","0.907172173587476","23.08106808",
"2/15/1986","-63.4375","-7.02514982223511","82","25.673","22.297","19.8097272","1.05405187062774","0.965636458101129","12.47827644",
"2/16/1986","-63.4375","-7.02514982223511","82","27.024","22.644","32.39935488","0.894058387560666","0.954364927106996","20.52450315",
"2/17/1986","-63.4375","-7.02514982223511","82","27.451","22.117","40.1653224","0.853275392927548","0.959264128142246","11.389833468",
"2/18/1986","-63.4375","-7.02514982223511","82","25.844","21.863","26.8615764","0.71862184922448","0.971597820703359","9.93048489",
"2/19/1986","-63.4375","-7.02514982223511","82","28.612","22.503","17.1833001624","0.887172167072339","0.914330090920354","21.135999528",
"2/20/1986","-63.4375","-7.02514982223511","82","23.433","21.204","21.6362007","0.756267677170382","0.978090532714448","2.44535535",
"2/21/1986","-63.4375","-7.02514982223511","82","27.605","20.779","2.3586289416","0.946026639708724","0.916907204347095","12.6776826",
"2/22/1986","-63.4375","-7.02514982223511","82","33.387","20.913","6.361774956","0.673714888499909","0.872621644158172","17.104056768",
"2/23/1986","-63.4375","-7.02514982223511","82","28.65","21.983","10.4490331992","0.666630211686454","0.945295959445105","20.76468534",
"2/24/1986","-63.4375","-7.02514982223511","82","29.191","21.158","11.5390773648","1.13573487341056","0.921566713048457","19.928132928",
"2/25/1986","-63.4375","-7.02514982223511","82","27.713","20.629","12.812806944","0.453449511551724","0.939893963628121","21.232291968",
"2/26/1986","-63.4375","-7.02514982223511","82","25.554","20.585","20.252623644","0.54364831677157","0.956073545502845","7.190773452",
"2/27/1986","-63.4375","-7.02514982223511","82","26.839","21.151","3.639221712","0.810119312914758","0.945949264447811","7.77869721",
"2/28/1986","-63.4375","-7.02514982223511","82","22.636","21.095","75.452044428","1.23878825122396","0.979759921011872","2.117925162",
"3/1/1986","-63.4375","-7.02514982223511","82","23.663","20.806","8.371924596","0.754877451598568","0.975770419565863","2.53040562",
"3/2/1986","-63.4375","-7.02514982223511","82","23.507","20.933","4.6279908","0.871321259468985","0.973620627250982","4.43227878",
"3/3/1986","-63.4375","-7.02514982223511","82","24.317","19.774","1.1398316544","0.846349260637615","0.938815670893358","7.146503568",
"3/4/1986","-63.4375","-7.02514982223511","82","29.547","19.759","3.1070708064","1.16970560780827","0.843107666760953","24.93950418",
"3/5/1986","-63.4375","-7.02514982223511","82","31.726","19.175","9.40017672","0.906752706931437","0.863236094388742","27.93431322",
"3/6/1986","-63.4375","-7.02514982223511","82","28.156","21.791","4.62799188","0.664345041859184","0.936193199623741","12.07198458",
"3/7/1986","-63.4375","-7.02514982223511","82","24.753","21.82","6.5145465","0.87884127958783","0.97123820565895","6.80945292",
"3/8/1986","-63.4375","-7.02514982223511","82","26.327","18.508","3.11222088","0.686966541855392","0.938708240240145","7.93541178",
"3/9/1986","-63.4375","-7.02514982223511","82","23.938","20.387","13.54064904","0.891394559635278","0.974315575064631","5.49719415",
"3/10/1986","-63.4375","-7.02514982223511","82","28.596","20.416","2.7208287648","1.10794113348223","0.91042326657279","11.564659332",
"3/11/1986","-63.4375","-7.02514982223511","82","27.88","17.841","1.174163976","1.07394232358685","0.878827930824128","13.33411578",
"3/12/1986","-63.4375","-7.02514982223511","82","23.214","19.237","6.574634568","0.754060673555844","0.974312651900575","4.77264222",
"3/13/1986","-63.4375","-7.02514982223511","82","33.582","18.821","1.2187960776","0.827797189914561","0.829225823401281","23.1720192",
"3/14/1986","-63.4375","-7.02514982223511","82","28.308","19.605","12.049763652","0.869099901286258","0.939187154730755","24.984673272",
"3/15/1986","-63.4375","-7.02514982223511","82","29.868","22.676","15.13538874","1.14102017766466","0.927300626765547","22.287317832",
"3/16/1986","-63.4375","-7.02514982223511","82","23.46","21.386","12.7218241584","0.877825341527595","0.973039321300385","4.84222608",
"3/17/1986","-63.4375","-7.02514982223511","82","30.965","20.538","4.1130079776","1.16243620234244","0.896172397417871","15.70562226",
"3/18/1986","-63.4375","-7.02514982223511","82","29.308","20.609","6.79950864","1.15845159954912","0.920398127507395","25.641793008",
"3/19/1986","-63.4375","-7.02514982223511","82","29.798","20.725","12.72354318","1.03217366776133","0.927465851132563","17.08290576",
"3/20/1986","-63.4375","-7.02514982223511","82","28.215","21.997","2.171516256","0.598579854818907","0.941057625905571","8.27915247",
"3/21/1986","-63.4375","-7.02514982223511","82","32.923","21.543","7.9908417144","0.856653693561843","0.88231103375598","17.536437072",
"3/22/1986","-63.4375","-7.02514982223511","82","24.305","21.256","35.45578116","0.63058013903018","0.980315166604342","3.917422692",
"3/23/1986","-63.4375","-7.02514982223511","82","27.843","21.166","12.962150208","0.653097067641337","0.950948134621501","20.44879326",
"3/24/1986","-63.4375","-7.02514982223511","82","30.605","22.766","5.072596344","0.677925598244776","0.872278517258777","16.4184768",
"3/25/1986","-63.4375","-7.02514982223511","82","30.107","22.666","20.351314008","0.712457710301948","0.912680727964296","13.371301368",
"3/26/1986","-63.4375","-7.02514982223511","82","29.258","20.795","12.62740752","0.827532163767262","0.920006875486045","14.19851088",
"3/27/1986","-63.4375","-7.02514982223511","82","25.09","20.393","9.69027858","0.645454656463631","0.975462425478963","6.195370932",
"3/28/1986","-63.4375","-7.02514982223511","82","30.717","21.457","8.1985466664","0.996069389782262","0.887390039482825","16.79906322",
"3/29/1986","-63.4375","-7.02514982223511","82","27.201","22.502","9.036265428","0.766036988128182","0.92757241842771","7.068937932",
"3/30/1986","-63.4375","-7.02514982223511","82","31.125","22.595","1.778412276","1.32752118106261","0.83698817745833","20.820377268",
"3/31/1986","-63.4375","-7.02514982223511","82","25.88","21.894","2.4976724544","0.950013652931417","0.942968157779682","5.911309152",
"4/1/1986","-63.4375","-7.02514982223511","82","31.408","21.329","2.3414629824","0.778043325706499","0.834810547623121","22.85943804",
"4/2/1986","-63.4375","-7.02514982223511","82","29.555","20.74","4.744714032","0.973480248674873","0.858303594316664","20.08945674",
"4/3/1986","-63.4375","-7.02514982223511","82","25.779","22.579","4.559327136","0.977782177856406","0.959973538652685","9.467547768",
"4/4/1986","-63.4375","-7.02514982223511","82","30.161","21.669","0.7896425904","1.29034928233147","0.839756221096335","20.494800792",
"4/5/1986","-63.4375","-7.02514982223511","82","31.717","21.337","5.07430836","0.913997278832454","0.811449583617661","21.019495392",
"4/6/1986","-63.4375","-7.02514982223511","82","30.312","21.809","21.79756098","0.549487905937054","0.941456190305668","20.28824946",
"4/7/1986","-63.4375","-7.02514982223511","82","28.921","22.047","10.945134036","0.899675571982828","0.938212088379504","20.631491928",
"4/8/1986","-63.4375","-7.02514982223511","82","31.838","21.945","7.17201306","1.73028084979825","0.81974820392611","26.593087392",
"4/9/1986","-63.4375","-7.02514982223511","82","27.831","22.847","14.0762286","1.07241737355546","0.942504790346404","22.37254488",
"4/10/1986","-63.4375","-7.02514982223511","82","32.071","21.607","4.250332224","1.09010814790585","0.862425426144582","19.127817252",
"4/11/1986","-63.4375","-7.02514982223511","82","29.336","21.344","16.6957893","0.625208405423909","0.925196921789125","23.275346112",
"4/12/1986","-63.4375","-7.02514982223511","82","29.549","20.799","11.223223056","0.840084804211435","0.920336379965406","16.97737608",
"4/13/1986","-63.4375","-7.02514982223511","82","33.459","21.362","14.34402288","0.912745942384224","0.845044252753363","25.56646704",
"4/14/1986","-63.4375","-7.02514982223511","82","25.318","19.884","20.7676106424","0.792110153258077","0.969101976689672","4.91917752",
"4/15/1986","-63.4375","-7.02514982223511","82","26.592","22.335","7.172012304","1.15411871839806","0.956846283199086","5.532469992",
"4/16/1986","-63.4375","-7.02514982223511","82","30.194","22.299","12.48321528","1.43707186217179","0.907573195906241","25.100723088",
"4/17/1986","-63.4375","-7.02514982223511","82","23.155","19.571","52.7377706568","1.00300580164985","0.978680014899019","4.07598678",
"4/18/1986","-63.4375","-7.02514982223511","82","22.734","19.724","5.21679078","0.508535391278757","0.980478783883716","2.2273875",
"4/19/1986","-63.4375","-7.02514982223511","82","24.787","18.539","1.4316558984","0.722105083163336","0.958105953948227","5.05040778",
"4/20/1986","-63.4375","-7.02514982223511","82","29.826","19.726","0.6179809824","1.04035048333026","0.858001007088122","17.8944138",
"4/21/1986","-63.4375","-7.02514982223511","82","30.84","20.783","1.9535045184","1.02886308219118","0.813065973670624","17.566309872",
"4/22/1986","-63.4375","-7.02514982223511","82","32.609","21.179","9.77439996","0.794287895226586","0.83276605610214","20.4378255",
"4/23/1986","-63.4375","-7.02514982223511","82","33.15","20.844","9.812168892","0.75948683339563","0.894002270835341","18.2537442",
"4/24/1986","-63.4375","-7.02514982223511","82","32.163","21.389","7.20290592","0.698503463743676","0.885195411060263","24.096382632",
"4/25/1986","-63.4375","-7.02514982223511","82","29.215","23.336","6.979746636","0.745460546220956","0.91617069025461","16.477761888",
"4/26/1986","-63.4375","-7.02514982223511","82","28.205","23.065","6.51626586","1.26213162510529","0.917709504091722","11.45834802",
"4/27/1986","-63.4375","-7.02514982223511","82","27.592","22.159","21.395872692","0.823832983161569","0.951556983820929","5.901356808",
"4/28/1986","-63.4375","-7.02514982223511","82","28.984","22.878","10.35462276","1.1518299259491","0.922716921959089","13.633197408",
"4/29/1986","-63.4375","-7.02514982223511","82","30.554","22.521","6.37550298","0.83925193014473","0.908716615490231","17.4493638",
"4/30/1986","-63.4375","-7.02514982223511","82","30.489","20.378","2.1354677856","0.797127472996614","0.897711362181876","14.0715567",
"5/1/1986","-63.4375","-7.02514982223511","82","27.001","20.579","15.2332352712","0.577625350887542","0.961352542237071","17.83524024",
"5/2/1986","-63.4375","-7.02514982223511","82","27.992","21.796","7.7007293568","0.7341597811708","0.944945081505259","19.26596484",
"5/3/1986","-63.4375","-7.02514982223511","82","30.605","22.855","13.24195884","0.865971595563417","0.943937820329867","11.668897512",
"5/4/1986","-63.4375","-7.02514982223511","82","29.102","21.986","5.06057868","0.875850711195349","0.908422087103989","11.676142368",
"5/5/1986","-63.4375","-7.02514982223511","82","27.537","21.584","14.893336188","0.659833110020246","0.955820628828199","18.57763116",
"5/6/1986","-63.4375","-7.02514982223511","82","29.092","22.241","11.31591996","0.563254892430286","0.926556987867362","20.4079554",
"5/7/1986","-63.4375","-7.02514982223511","82","25.505","20.936","12.97073772","0.769685176008658","0.972235492388065","9.2958777",
"5/8/1986","-63.4375","-7.02514982223511","82","32.793","21.337","1.3904572824","0.792324192205989","0.872518248252898","16.507465452",
"5/9/1986","-63.4375","-7.02514982223511","82","33.54","21.856","0.0377655048","1.100673210964","0.801608414502821","24.07302954",
"5/10/1986","-63.4375","-7.02514982223511","82","33.75","21.427","2.21786568","1.29233574850896","0.819331999546396","19.57156992",
"5/11/1986","-63.4375","-7.02514982223511","82","34.577","21.494","0.583648632","1.32111389507719","0.79025819029603","22.80875526",
"5/12/1986","-63.4375","-7.02514982223511","82","32.966","23.05","0.4943853144","0.948790572921934","0.840087795554849","12.3188058",
"5/13/1986","-63.4375","-7.02514982223511","82","33.342","22.731","1.132965036","1.00992517672739","0.776460820089119","23.730749928",
"5/14/1986","-63.4375","-7.02514982223511","82","32.828","22.423","1.877975784","1.09311161091248","0.830819548854979","23.3209098",
"5/15/1986","-63.4375","-7.02514982223511","82","31.397","22.556","4.267501704","1.17302781176917","0.834841784068164","20.256246",
"5/16/1986","-63.4375","-7.02514982223511","82","29.685","20.389","9.15813144","0.926203293729525","0.923992660925085","23.24002392",
"5/17/1986","-63.4375","-7.02514982223511","82","30.099","22.003","2.9216744784","0.880950987812898","0.883618802844518","23.12893098",
"5/18/1986","-63.4375","-7.02514982223511","82","33.255","19.828","0.463485996","1.08407294070849","0.769259776111744","22.64878224",
"5/19/1986","-63.4375","-7.02514982223511","82","33.726","22.203","3.1826022264","0.73717990024498","0.759306447551652","23.39397774",
"5/20/1986","-63.4375","-7.02514982223511","82","30.181","20.966","2.28309732","1.22335310692257","0.822465813735222","19.71658386",
"5/21/1986","-63.4375","-7.02514982223511","82","31.673","19.885","1.8264768984","0.869276457253721","0.822846718360607","23.22821016",
"5/22/1986","-63.4375","-7.02514982223511","82","30.118","21.48","3.175735428","0.739562883548675","0.849840182080718","14.6116674",
"5/23/1986","-63.4375","-7.02514982223511","82","31.093","22.043","5.27172444","1.0173711484327","0.820166015304915","22.9866669",
"5/24/1986","-63.4375","-7.02514982223511","82","30.141","21.484","6.967738872","0.907290220910864","0.886973052449296","12.414090132",
"5/25/1986","-63.4375","-7.02514982223511","82","29.975","21.787","6.93855144","0.934082706257055","0.905257967660422","21.90301596",
"5/26/1986","-63.4375","-7.02514982223511","82","30.683","22.35","1.328658876","1.16352882360398","0.845142777365231","17.30395872",
"5/27/1986","-63.4375","-7.02514982223511","82","29.053","19.985","5.21507106","0.682472980393331","0.914202624471931","19.1396763",
"5/28/1986","-63.4375","-7.02514982223511","82","30.684","19.655","5.685425244","0.850390673892092","0.853083389366638","20.12259042",
"5/29/1986","-63.4375","-7.02514982223511","82","29.767","20.729","4.4151259824","0.77271487823426","0.904414678661374","14.446461168",
"5/31/1986","-63.4375","-7.02514982223511","82","20.663","19.819","0","1.32513083346094","0.929341326770076","0",
"6/1/1986","-63.4375","-7.02514982223511","82","27.624","18.662","0.0308990592","1.59713836875126","0.765487827941741","18.29548638",
"6/2/1986","-63.4375","-7.02514982223511","82","30.16","18.25","0","1.34381934718993","0.697168072231663","22.79165958",
"6/3/1986","-63.4375","-7.02514982223511","82","28.51","20.666","0.363921984","0.949752359371891","0.780748460982788","12.89520054",
"6/4/1986","-63.4375","-7.02514982223511","82","26.558","20.018","14.0625032328","0.853234581804726","0.954973230098531","9.762972228",
"6/5/1986","-63.4375","-7.02514982223511","82","28.669","19.477","110.63746404","0.853152800199655","0.939221062775884","10.70561358",
"6/6/1986","-63.4375","-7.02514982223511","82","26.707","18.925","8.70151968","0.865367794938551","0.948952597971695","16.777906632",
"6/7/1986","-63.4375","-7.02514982223511","82","28.775","21.057","4.8460015584","0.92415099176933","0.905234939379808","19.6412598",
"6/8/1986","-63.4375","-7.02514982223511","82","31.217","18.336","2.0942694432","0.820342472204763","0.875523659066614","13.90477428",
"6/9/1986","-63.4375","-7.02514982223511","82","29.685","18.866","6.31370664","0.901082199273996","0.863450618528466","21.9378897",
"6/10/1986","-63.4375","-7.02514982223511","82","32.117","20.709","0.2231600544","0.970308424477794","0.7828985639016","22.3931871",
"6/11/1986","-63.4375","-7.02514982223511","82","33.394","19.946","0.0137329128","0.78000214114626","0.76882597942631","16.22345238",
"6/12/1986","-63.4375","-7.02514982223511","82","32.505","18.863","0","1.28019191853801","0.74739414969192","22.0539348",
"6/13/1986","-63.4375","-7.02514982223511","82","33.667","15.822","0","0.760033424217669","0.729762953438089","22.3524009",
"6/14/1986","-63.4375","-7.02514982223511","82","33.758","17.764","0","1.00485882318753","0.637439890488458","22.7934045",
"6/15/1986","-63.4375","-7.02514982223511","82","31.252","20.568","0","1.26407352962612","0.658692538741596","14.23811772",
"6/16/1986","-63.4375","-7.02514982223511","82","33.326","21.746","0","1.20907398363737","0.66603644442309","19.2925638",
"6/17/1986","-63.4375","-7.02514982223511","82","33.662","19.169","0","1.02940921536407","0.607987617776154","21.24652878",
"6/18/1986","-63.4375","-7.02514982223511","82","33.435","20.38","0","1.29894312514316","0.590826953730328","22.08465252",
"6/19/1986","-63.4375","-7.02514982223511","82","33.128","20.716","0","1.47689576934908","0.585164730036571","22.3939206",
"6/20/1986","-63.4375","-7.02514982223511","82","33.394","22.646","0","1.44536602621517","0.554492802327466","22.7518308",
"6/21/1986","-63.4375","-7.02514982223511","82","33.556","23.674","0","1.20658605505421","0.56883184917035","19.03837302",
"6/22/1986","-63.4375","-7.02514982223511","82","33.32","17.543","0","1.1638403669324","0.604914387738694","15.76547064",
"6/23/1986","-63.4375","-7.02514982223511","82","33.338","18.942","0","1.40637577046507","0.593008009467317","22.70643912",
"6/24/1986","-63.4375","-7.02514982223511","82","34.015","19.746","0","1.24936311379085","0.581974656842222","22.75232616",
"6/25/1986","-63.4375","-7.02514982223511","82","33.486","19.751","0","1.59371194373362","0.569882723462404","22.82085144",
"6/26/1986","-63.4375","-7.02514982223511","82","33.684","17.687","0","1.42333820018807","0.530020131465344","23.26319856",
"6/27/1986","-63.4375","-7.02514982223511","82","34.351","16.213","0","1.13032582138945","0.514523652143268","23.39049042",
"6/28/1986","-63.4375","-7.02514982223511","82","35.042","17.635","0","1.09847081376683","0.533148200316644","23.1180156",
"6/29/1986","-63.4375","-7.02514982223511","82","34.518","19.234","0","1.21783645411916","0.495649735561134","22.4547147",
"6/30/1986","-63.4375","-7.02514982223511","82","34.488","20.307","0","1.13928397944602","0.62980769489724","16.3933227",
"7/1/1986","-63.4375","-7.02514982223511","82","33.777","20.585","0","1.32929793095865","0.565781381909975","15.13873242",
"7/2/1986","-63.4375","-7.02514982223511","82","33.069","20.185","0","1.37022567954889","0.529491022463888","23.0169339",
"7/3/1986","-63.4375","-7.02514982223511","82","33.347","20.962","0","1.06430477188704","0.538646738638679","16.2411147",
"7/4/1986","-63.4375","-7.02514982223511","82","29.243","20.57","0","1.19251014019703","0.710196781236774","14.9325138",
"7/5/1986","-63.4375","-7.02514982223511","82","28.223","21.026","20.4997897584","0.873390788201628","0.884103421838993","8.51118606",
"7/6/1986","-63.4375","-7.02514982223511","82","32.419","20.151","0","1.34507031452448","0.717753242622377","18.43622136",
"7/7/1986","-63.4375","-7.02514982223511","82","27.74","20.786","1.9844053848","1.10134756154737","0.907114845505819","14.06902392",
"7/8/1986","-63.4375","-7.02514982223511","82","32.838","21.281","0","0.978377674200985","0.736145876915344","12.64157046",
"7/9/1986","-63.4375","-7.02514982223511","82","33.685","19.524","0.089263944","1.04977029322013","0.676904237810244","12.26154294",
"7/10/1986","-63.4375","-7.02514982223511","82","27.864","20.097","1.23596208","1.33113704963813","0.805482908535462","12.704510232",
"7/11/1986","-63.4375","-7.02514982223511","82","30.143","18.597","1.8161786664","1.21751964389108","0.817333496905108","15.600771",
"7/12/1986","-63.4375","-7.02514982223511","82","29.206","18.209","5.7060252","0.716867867852159","0.873414201968536","16.69516974",
"7/13/1986","-63.4375","-7.02514982223511","82","32.299","18.591","0.61798104","1.14139803330333","0.772470687923653","12.87568026",
"7/14/1986","-63.4375","-7.02514982223511","82","31.578","15.895","0","1.53436411479457","0.726688784991715","18.3915666",
"7/15/1986","-63.4375","-7.02514982223511","82","33.517","17.379","0","1.28487894035363","0.694645573172347","22.3750134",
"7/16/1986","-63.4375","-7.02514982223511","82","35.063","17.219","0.2162933064","0.846802494486188","0.666985440535163","14.21583984",
"7/17/1986","-63.4375","-7.02514982223511","82","34.666","19.301","0.27465804","1.09729858203547","0.620468094871198","21.00487356",
"7/18/1986","-63.4375","-7.02514982223511","82","31.563","20.533","0","1.38169701519439","0.680733088288834","12.761779032",
"7/19/1986","-63.4375","-7.02514982223511","82","34.216","17.65","0","0.951738612836836","0.642139486052454","14.98624074",
"7/20/1986","-63.4375","-7.02514982223511","82","34.776","19.568","0","1.33907204121917","0.571774338697616","17.64005454",
"7/21/1986","-63.4375","-7.02514982223511","82","32.341","16.838","0.264358512","1.14944809113831","0.671089799083081","6.931689138",
"7/22/1986","-63.4375","-7.02514982223511","82","32.068","19.414","0.0171661464","1.88923228795027","0.539454927961415","22.204236528",
"7/23/1986","-63.4375","-7.02514982223511","82","31.224","18.445","0","1.68056560430927","0.537400908942412","17.81870904",
"7/24/1986","-63.4375","-7.02514982223511","82","31.708","17.479","0.76560912","0.799837697185776","0.758203374631009","13.93346628",
"7/25/1986","-63.4375","-7.02514982223511","82","31.661","18.361","22.479032664","0.890216892582059","0.865307712057865","15.1606062",
"7/26/1986","-63.4375","-7.02514982223511","82","36.024","18.885","7.6217649984","0.828127149276543","0.774167346345689","9.77940558",
"7/27/1986","-63.4375","-7.02514982223511","82","30.404","20.614","10.1554882056","1.07025557403988","0.854134043010378","18.455346",
"7/28/1986","-63.4375","-7.02514982223511","82","29.128","17.986","11.250683136","0.686675964605782","0.904882076826733","14.53028292",
"7/29/1986","-63.4375","-7.02514982223511","82","32.134","17.777","1.2119295096","0.800481168870548","0.855211641665518","13.572451512",
"7/30/1986","-63.4375","-7.02514982223511","82","35.158","19.149","0","1.01395095333535","0.711949126254135","15.014419632",
"7/31/1986","-63.4375","-7.02514982223511","82","36.119","16.591","0","0.93047546244707","0.617057732205738","19.94473206",
"8/1/1986","-63.4375","-7.02514982223511","82","32.986","22.42","0","1.33863129673889","0.551882464975648","15.78227922",
"8/2/1986","-63.4375","-7.02514982223511","82","35.895","22.279","0.024032592","0.871537277665481","0.642696380575379","6.25235202",
"8/3/1986","-63.4375","-7.02514982223511","82","36.252","22.674","0.109863144","1.03403442476322","0.541129256438019","15.94789074",
"8/4/1986","-63.4375","-7.02514982223511","82","35.711","21.351","0.4497526728","1.45346095028489","0.61117877593518","20.0585808",
"8/5/1986","-63.4375","-7.02514982223511","82","35.714","17.781","0","1.26864665020623","0.523565176692477","21.96877986",
"8/6/1986","-63.4375","-7.02514982223511","82","35.931","23.136","0","0.890530539894861","0.507726104586249","14.285467818",
"8/7/1986","-63.4375","-7.02514982223511","82","35.349","21.097","0","1.37014262084151","0.457031704641831","19.046248272",
"8/8/1986","-63.4375","-7.02514982223511","82","36.481","22.214","0","1.26111847272568","0.441305561497882","20.9442375",
"8/9/1986","-63.4375","-7.02514982223511","82","37.193","18.112","0","1.17204326374178","0.421390139375056","25.47180018",
"8/10/1986","-63.4375","-7.02514982223511","82","33.606","20.343","0.188827596","1.23125785424206","0.621511323774348","17.31808638",
"8/11/1986","-63.4375","-7.02514982223511","82","32.357","20.344","5.66482572","1.06353775689437","0.753977767953346","21.8446326",
"8/12/1986","-63.4375","-7.02514982223511","82","30.052","19.272","5.12580492","1.22576106209867","0.8483344301837","24.23975184",
"8/13/1986","-63.4375","-7.02514982223511","82","33.37","17.787","0","0.818722290075578","0.712337694175141","8.44705926",
"8/14/1986","-63.4375","-7.02514982223511","82","35.748","18.433","0","1.1890421910411","0.595033800671388","17.81139726",
"8/15/1986","-63.4375","-7.02514982223511","82","37.836","18.314","0","0.935346830951768","0.536847846349088","17.342043912",
"8/16/1986","-63.4375","-7.02514982223511","82","36.648","23.027","0.0171661464","0.844322377731407","0.560214330417743","16.214125032",
"8/17/1986","-63.4375","-7.02514982223511","82","34.609","22.118","1.150131312","0.913713503922196","0.653153317976527","12.925228698",
"8/18/1986","-63.4375","-7.02514982223511","82","30.238","20.247","2.482224372","1.46299265367003","0.795416586964423","17.686858968",
"8/19/1986","-63.4375","-7.02514982223511","82","35.002","19.492","0","1.13884944014351","0.675730602918708","12.452343048",
"8/20/1986","-63.4375","-7.02514982223511","82","35.875","20.363","0.619697412","1.12826647801094","0.644522753382327","16.5863286",
"8/21/1986","-63.4375","-7.02514982223511","82","35.97","21.863","0","1.13550231242477","0.578185614134605","14.87024604",
"8/22/1986","-63.4375","-7.02514982223511","82","31.474","21.668","7.52906538","1.12424963839136","0.762725872492304","12.32206812",
"8/23/1986","-63.4375","-7.02514982223511","82","33.33","22.133","1.812746808","1.34824900073083","0.72523136229254","12.529514268",
"8/24/1986","-63.4375","-7.02514982223511","82","38.351","22.15","0","0.739908751856114","0.555209095811967","14.73109299",
"8/25/1986","-63.4375","-7.02514982223511","82","36.275","23.808","0","1.24578469587893","0.499245463487987","17.64016704",
"8/26/1986","-63.4375","-7.02514982223511","82","38.737","22.156","2.11486878","1.20803406387915","0.59068061984888","15.344489682",
"8/27/1986","-63.4375","-7.02514982223511","82","35.631","20.181","0.2162934","1.26362243883638","0.637619719155737","16.122149352",
"8/28/1986","-63.4375","-7.02514982223511","82","35.909","21.288","0.13389588","0.90078509902149","0.627328989138001","17.652542472",
"8/29/1986","-63.4375","-7.02514982223511","82","36.826","21.703","2.4444576","1.3600550225512","0.575721645447096","16.10415324",
"8/30/1986","-63.4375","-7.02514982223511","82","33.677","18.809","0","1.31473807471686","0.588913242615313","16.500599208",
"8/31/1986","-63.4375","-7.02514982223511","82","36.732","20.528","0","1.55319772103376","0.529653232184385","26.54656884",
"9/1/1986","-63.4375","-7.02514982223511","82","38.66","22.074","0.357055668","0.98975629402972","0.507786755418468","11.9364156",
"9/2/1986","-63.4375","-7.02514982223511","82","36.088","23.162","0","1.04112863360804","0.504048918678007","19.22496156",
"9/3/1986","-63.4375","-7.02514982223511","82","35.161","20.434","0.4892347584","1.05921157226129","0.653158535374961","15.36913116",
"9/4/1986","-63.4375","-7.02514982223511","82","29.073","18.882","5.512045284","0.87940642026798","0.858641627477429","3.57361605",
"9/5/1986","-63.4375","-7.02514982223511","82","31.54","20.861","4.72755456","1.45626819609018","0.833380814974158","26.31628386",
"9/6/1986","-63.4375","-7.02514982223511","82","33.462","20.088","1.1655810504","0.805307193964571","0.80215662983729","11.89293984",
"9/7/1986","-63.4375","-7.02514982223511","82","37.099","20.981","0","1.2920214762858","0.527088283235157","20.2905",
"9/8/1986","-63.4375","-7.02514982223511","82","37.311","24.671","0","1.06693933695881","0.464193026217821","15.444616752",
"9/9/1986","-63.4375","-7.02514982223511","82","36.333","24.389","0","1.27246239377642","0.457423064035967","16.3738692",
"9/10/1986","-63.4375","-7.02514982223511","82","37.046","22.824","0","1.43161050128675","0.502539782998201","22.4178192",
"9/11/1986","-63.4375","-7.02514982223511","82","35.766","20.882","0.647163468","1.2238228611699","0.637291903644201","12.756039408",
"9/12/1986","-63.4375","-7.02514982223511","82","37.222","21.09","0.030899052","1.43365753223761","0.51200750883837","20.826001152",
"9/13/1986","-63.4375","-7.02514982223511","82","35.244","24.619","0.0034332264","1.39129460236022","0.500022340749203","12.0130893",
"9/14/1986","-63.4375","-7.02514982223511","82","34.199","20.81","0.030899052","0.85440732971723","0.580047453655863","17.79969384",
"9/15/1986","-63.4375","-7.02514982223511","82","33.516","21.508","0.37593828","0.877310438942179","0.606984669107216","15.8514219",
"9/16/1986","-63.4375","-7.02514982223511","82","30.492","20.442","5.862237696","1.07056374422612","0.850674751004335","10.234962918",
"9/17/1986","-63.4375","-7.02514982223511","82","32.7","20.465","0","1.28743092605634","0.682504507987382","15.183505512",
"9/18/1986","-63.4375","-7.02514982223511","82","33.997","21.64","3.8143153584","1.44585658345125","0.732516142424347","11.38190346",
"9/19/1986","-63.4375","-7.02514982223511","82","35.236","20.631","1.361274912","1.16216444763432","0.719992025920365","14.540734512",
"9/20/1986","-63.4375","-7.02514982223511","82","37.372","20.501","0.1321794","1.08567543480128","0.620397640086868","17.785635192",
"9/21/1986","-63.4375","-7.02514982223511","82","37.007","21.949","0","1.49531321735216","0.48252044324336","27.3960594",
"9/22/1986","-63.4375","-7.02514982223511","82","34.984","22.528","0","1.38531916808756","0.503297026957335","18.982802808",
"9/23/1986","-63.4375","-7.02514982223511","82","39.917","19.271","0.1665115704","1.09276015519795","0.46481823214556","22.90128876",
"9/24/1986","-63.4375","-7.02514982223511","82","35.246","24.677","0.08583066","1.59969232980374","0.621309707676945","13.446787752",
"9/25/1986","-63.4375","-7.02514982223511","82","37.945","19.844","0","0.960993747169201","0.545382702635504","19.54023372",
"9/26/1986","-63.4375","-7.02514982223511","82","35.53","22.15","4.25033478","1.49118355705359","0.716504977005167","14.9423688",
"9/27/1986","-63.4375","-7.02514982223511","82","36.22","21.811","0.389671632","1.40876264595354","0.616093079378469","13.36095072",
"9/28/1986","-63.4375","-7.02514982223511","82","38.883","23.747","0.41027112","1.5122504460675","0.505442243511096","20.516508072",
"9/29/1986","-63.4375","-7.02514982223511","82","33.825","22.211","0.5012514","1.48234774838473","0.630739154993323","12.192970392",
"9/30/1986","-63.4375","-7.02514982223511","82","36.732","22.339","1.2239454528","1.38127881260283","0.67461146831869","13.826136672",
"10/1/1986","-63.4375","-7.02514982223511","82","37.522","23.145","0","0.669655814106876","0.598624076107065","16.854918048",
"10/2/1986","-63.4375","-7.02514982223511","82","36.356","22.627","1.0162355328","0.969276130909774","0.655454795862456","16.223571",
"10/3/1986","-63.4375","-7.02514982223511","82","38.128","21.299","0.6557465664","1.34882507090053","0.687878637887647","16.59729528",
"10/4/1986","-63.4375","-7.02514982223511","82","35.781","21.51","0","1.00520494192237","0.643287942316266","16.40913804",
"10/5/1986","-63.4375","-7.02514982223511","82","34.757","22.573","0","1.23950753837739","0.594274309070191","14.27585904",
"10/6/1986","-63.4375","-7.02514982223511","82","37.048","22.708","1.3835907","1.27486939914502","0.629789307858137","9.60114384",
"10/7/1986","-63.4375","-7.02514982223511","82","30.667","20.278","0","1.29678674975808","0.681227560552508","9.14658516",
"10/8/1986","-63.4375","-7.02514982223511","82","38.495","22.199","0","1.21887639708535","0.549481126199099","17.3283768",
"10/9/1986","-63.4375","-7.02514982223511","82","39.386","21.831","0.1098632664","1.22526568529583","0.59424314754383","17.15686596",
"10/10/1986","-63.4375","-7.02514982223511","82","38.401","21.91","2.33802792","1.07288581015982","0.659014419940398","8.589772728",
"10/11/1986","-63.4375","-7.02514982223511","82","36.101","22.122","0","1.02022126818378","0.683357457065121","16.34866848",
"10/12/1986","-63.4375","-7.02514982223511","82","37.3","22.119","0.0308990304","1.06051136072186","0.637123280488177","18.581291352",
"10/13/1986","-63.4375","-7.02514982223511","82","35.501","22.783","0.5287170096","1.23468660280527","0.631940172174884","14.88167316",
"10/14/1986","-63.4375","-7.02514982223511","82","36.444","21.327","2.73628548","1.24695531503098","0.723835744106106","20.32256268",
"10/15/1986","-63.4375","-7.02514982223511","82","36.735","23.728","0.3467561544","1.17257012780718","0.698413079901472","12.30384258",
"10/16/1986","-63.4375","-7.02514982223511","82","28.998","22.143","14.380071372","1.23465422843921","0.857137552592418","20.187059328",
"10/17/1986","-63.4375","-7.02514982223511","82","36.535","19.594","1.1226636","0.951253909712759","0.6540898831523","17.8067772",
"10/18/1986","-63.4375","-7.02514982223511","82","30.013","23.272","7.292174004","1.06217452830007","0.822396908614129","11.894575068",
"10/19/1986","-63.4375","-7.02514982223511","82","31.626","22.553","30.52306782","1.29743686947831","0.852551534967546","19.681877664",
"10/20/1986","-63.4375","-7.02514982223511","82","36.021","21.82","3.1414029192","1.35208297071436","0.785912366512859","18.977292288",
"10/21/1986","-63.4375","-7.02514982223511","82","36.058","20.152","0.044631972","0.798008475461809","0.726420681577308","21.459145968",
"10/22/1986","-63.4375","-7.02514982223511","82","36.16","22.587","2.2350316248","0.936263190082567","0.725244702376877","16.03293228",
"10/23/1986","-63.4375","-7.02514982223511","82","26.086","20.644","15.2160662664","1.46693810405076","0.936607814760655","6.34286124",
"10/24/1986","-63.4375","-7.02514982223511","82","32.797","19.845","4.49752932","1.69088031914294","0.749797929394258","28.21056156",
"10/25/1986","-63.4375","-7.02514982223511","82","35.216","19.366","6.7016583864","0.94276621220815","0.757434126676109","21.81493008",
"10/26/1986","-63.4375","-7.02514982223511","82","31.18","22.104","45.17783424","1.38581153576813","0.901157591534435","17.82517626",
"10/27/1986","-63.4375","-7.02514982223511","82","37.86","21.337","0.1235961576","1.08592588619996","0.765337204054672","13.83474708",
"10/28/1986","-63.4375","-7.02514982223511","82","36.416","21.176","3.714751404","0.826098487855643","0.723637880688278","20.1355326",
"10/29/1986","-63.4375","-7.02514982223511","82","31.243","20.537","4.33616688","1.12550464038225","0.804099753479293","16.49239164",
"10/30/1986","-63.4375","-7.02514982223511","82","34.509","19.723","2.6624667168","0.904971200317652","0.782599822010789","26.18820234",
"10/31/1986","-63.4375","-7.02514982223511","82","37.716","21.183","0.494385012","1.15502402336724","0.689095019279056","17.50263156",
"11/1/1986","-63.4375","-7.02514982223511","82","37.062","20.221","3.4452432792","1.05633424558745","0.702402431352217","17.79249276",
"11/2/1986","-63.4375","-7.02514982223511","82","33.269","23.071","8.90321832","1.08817167851696","0.851281015593708","26.8928982",
"11/3/1986","-63.4375","-7.02514982223511","82","30.616","21.919","7.6835592792","1.32266007219272","0.831273086820334","14.8218759",
"11/4/1986","-63.4375","-7.02514982223511","82","34.262","21.53","0","1.20103263480532","0.658314007946746","20.86768098",
"11/5/1986","-63.4375","-7.02514982223511","82","37.382","22.358","7.3273644","0.826662924219708","0.706072617330167","11.09030382",
"11/6/1986","-63.4375","-7.02514982223511","82","37.81","22.581","2.7628875648","1.58647341337754","0.6729097743207","22.22308782",
"11/7/1986","-63.4375","-7.02514982223511","82","35.014","23.492","0.9578718","1.54564385724453","0.597611847736517","18.92030994",
"11/8/1986","-63.4375","-7.02514982223511","82","34.987","21.356","1.9912716","1.35469426441147","0.666649196211617","20.34163062",
"11/9/1986","-63.4375","-7.02514982223511","82","31.847","22.105","8.96072472","0.826513703303749","0.853303439293496","24.07392792",
"11/10/1986","-63.4375","-7.02514982223511","82","36.14","21.862","0.0034332264","1.09070200228191","0.644622991533809","12.79850292",
"11/11/1986","-63.4375","-7.02514982223511","82","36.222","22.521","3.40576344","1.43714572251968","0.709557290350414","13.44364092",
"11/12/1986","-63.4375","-7.02514982223511","82","30.887","20.977","4.144766724","0.974472961004076","0.865546832158615","19.37812662",
"11/13/1986","-63.4375","-7.02514982223511","82","38.195","22.101","30.7582965864","1.00944778913905","0.783732812928334","15.75629658",
"11/14/1986","-63.4375","-7.02514982223511","82","33.087","22.601","34.5314124","1.34525948765711","0.792878202784381","17.3372553",
"11/15/1986","-63.4375","-7.02514982223511","82","38.725","21.871","6.14032956","1.14036484201912","0.801027208394513","13.84486704",
"11/16/1986","-63.4375","-7.02514982223511","82","36.325","22.899","0.3965379768","1.20592552526837","0.745153386997924","15.41013336",
"11/17/1986","-63.4375","-7.02514982223511","82","37.851","22.241","0.041198724","0.944504701894425","0.743920628709512","12.29231304",
"11/18/1986","-63.4375","-7.02514982223511","82","30.485","21.853","10.30054356","0.970779434601935","0.900614906126759","16.2196353",
"11/19/1986","-63.4375","-7.02514982223511","82","35.529","20.784","0","0.983305806484488","0.619492040014568","15.7122009",
"11/20/1986","-63.4375","-7.02514982223511","82","37.64","22.673","2.82039552","1.16228902661254","0.679073044332843","14.702064768",
"11/21/1986","-63.4375","-7.02514982223511","82","32.431","22.083","7.01922744","1.2440558606765","0.868074744022412","14.85821592",
"11/22/1986","-63.4375","-7.02514982223511","82","25.971","21.959","18.55486944","0.722097433014146","0.957433639467404","10.59626124",
"11/23/1986","-63.4375","-7.02514982223511","82","26.174","22.198","11.0618571888","0.781229483342324","0.957942441920454","9.99360216",
"11/24/1986","-63.4375","-7.02514982223511","82","30.079","21.579","18.275933628","0.851106721562808","0.926957678988124","24.10351992",
"11/25/1986","-63.4375","-7.02514982223511","82","32.007","23.027","4.137042456","1.20000439316085","0.826862326747964","20.07124362",
"11/26/1986","-63.4375","-7.02514982223511","82","29.747","22.291","7.4389470624","1.51621566707174","0.891755210905046","24.653529072",
"11/27/1986","-63.4375","-7.02514982223511","82","32.614","22.634","5.4579696192","1.27231662076713","0.845199534864974","27.214425",
"11/28/1986","-63.4375","-7.02514982223511","82","33.755","23.106","8.2414627344","0.989891875217021","0.792072742672706","15.8445018",
"11/29/1986","-63.4375","-7.02514982223511","82","28.237","22.742","9.10749564","1.37854884631452","0.895426724679129","20.31884514",
"11/30/1986","-63.4375","-7.02514982223511","82","27.121","22.579","11.719321488","0.969288266179524","0.9366540995135","12.91910922",
"12/1/1986","-63.4375","-7.02514982223511","82","27.641","20.46","0.2660751792","1.31930005509881","0.829613082802239","10.8529848",
"12/2/1986","-63.4375","-7.02514982223511","82","35.948","19.965","0.8977889592","1.2330343544377","0.695093752678372","15.64509492",
"12/3/1986","-63.4375","-7.02514982223511","82","32.984","20.883","6.87332556","1.49848025741892","0.808652167763995","28.23086016",
"12/4/1986","-63.4375","-7.02514982223511","82","32.012","21.431","10.34602722","1.10430735651409","0.894074747704111","25.26007968",
"12/5/1986","-63.4375","-7.02514982223511","82","26.203","22.837","9.419058","1.07266287896529","0.954159970000178","8.13751866",
"12/6/1986","-63.4375","-7.02514982223511","82","33.32","20.64","2.39467608","0.685583224341514","0.823309803256462","16.8200982",
"12/7/1986","-63.4375","-7.02514982223511","82","34.794","20.783","2.126887056","1.39408507888876","0.755281211031896","17.201025",
"12/8/1986","-63.4375","-7.02514982223511","82","35.073","22.978","3.7078894584","1.11350472718354","0.869571579197435","12.45644982",
"12/9/1986","-63.4375","-7.02514982223511","82","37.144","21.691","12.112421796","0.998424409344805","0.794532271813271","13.943021832",
"12/10/1986","-63.4375","-7.02514982223511","82","36.368","22.176","6.987476916","0.921598797465751","0.802188646964903","17.70845706",
"12/11/1986","-63.4375","-7.02514982223511","82","35.564","22.139","4.4108387424","1.24776023105846","0.738761324147991","19.6553223",
"12/12/1986","-63.4375","-7.02514982223511","82","37.634","22.587","6.5789217864","0.934083101418916","0.786630037686201","13.93734456",
"12/13/1986","-63.4375","-7.02514982223511","82","30.835","22.993","6.504253812","1.02116692315796","0.842463296300487","25.51432644",
"12/14/1986","-63.4375","-7.02514982223511","82","35.333","23.314","0.1871111808","1.35595129954806","0.684079973096049","27.3895344",
"12/15/1986","-63.4375","-7.02514982223511","82","32.023","22.592","12.64286412","1.51546663434462","0.831349891158127","27.5277996",
"12/16/1986","-63.4375","-7.02514982223511","82","27.523","20.565","17.6184605592","0.860403837947222","0.947864867618841","14.36822208",
"12/17/1986","-63.4375","-7.02514982223511","82","28.09","21.919","1.5887250504","1.11656574365699","0.916633723396819","12.1093839",
"12/18/1986","-63.4375","-7.02514982223511","82","32.387","21.956","6.227016084","1.22539017195077","0.818081178742564","15.48669582",
"12/19/1986","-63.4375","-7.02514982223511","82","34.233","22.638","0.31242384","1.42519382609621","0.720226922643129","23.49185328",
"12/20/1986","-63.4375","-7.02514982223511","82","34.324","21.784","0","1.5560219070754","0.64839650551645","26.3139696",
"12/21/1986","-63.4375","-7.02514982223511","82","34.768","21.529","0","1.71440637844572","0.609446065069035","25.96049856",
"12/22/1986","-63.4375","-7.02514982223511","82","36.029","22.08","0.0068664528","1.26688792552299","0.675405660066156","19.993558032",
"12/23/1986","-63.4375","-7.02514982223511","82","35.138","22.96","0.2368925928","1.48121140361777","0.755818426508117","12.6826326",
"1/1/1987","-63.4375","-7.02514982223511","82","27.217","21.731","11.456683812","0.752873292545085","0.957598760145567","13.90634784",
"1/2/1987","-63.4375","-7.02514982223511","82","27.08","22.252","12.0368997792","0.825653556209302","0.954664273414436","16.661138688",
"1/3/1987","-63.4375","-7.02514982223511","82","28.783","23.069","12.96901404","0.949293850904544","0.945128033125913","15.64880238",
"1/4/1987","-63.4375","-7.02514982223511","82","28.874","21.813","6.495667668","0.725110400182801","0.913053777589531","19.889152632",
"1/5/1987","-63.4375","-7.02514982223511","82","30.111","22.438","10.1039890464","0.911741422237454","0.93384205007335","23.349095712",
"1/6/1987","-63.4375","-7.02514982223511","82","29.237","22.562","6.444173124","1.25550512259326","0.915857848002381","20.68441722",
"1/7/1987","-63.4375","-7.02514982223511","82","29.876","22.561","26.4152531664","0.659418912651963","0.926081445994391","14.8426848",
"1/8/1987","-63.4375","-7.02514982223511","82","26.895","22.677","14.3508891312","0.712866793089759","0.939401143663363","7.48056852",
"1/9/1987","-63.4375","-7.02514982223511","82","30.32","22.202","1.2737273472","0.954652832827176","0.856991587183092","13.88666934",
"1/10/1987","-63.4375","-7.02514982223511","82","29.991","21.83","7.5153352824","1.06537973707267","0.90656994730388","22.23747576",
"1/11/1987","-63.4375","-7.02514982223511","82","28.106","22.331","6.48536418","0.721867086593852","0.95158495810089","14.492363652",
"1/12/1987","-63.4375","-7.02514982223511","82","29.166","22.245","6.924816864","0.614417051786555","0.919018945283489","12.977947872",
"1/13/1987","-63.4375","-7.02514982223511","82","28.299","22.686","9.015651756","0.806853237951622","0.946464878777368","14.126336352",
"1/14/1987","-63.4375","-7.02514982223511","82","26.471","22.866","7.946209908","0.818508338578181","0.939633594288824","10.6985241",
"1/15/1987","-63.4375","-7.02514982223511","82","25.251","21.633","11.46010824","0.925317614292966","0.967398066214435","6.76636614",
"1/16/1987","-63.4375","-7.02514982223511","82","26.625","20.314","17.88882912","0.637244818097173","0.967526489581063","13.361681808",
"1/17/1987","-63.4375","-7.02514982223511","82","29.317","21.619","6.2536269024","0.71636177229763","0.929384055396058","15.649701768",
"1/18/1987","-63.4375","-7.02514982223511","82","28.376","22.633","55.498105512","0.575433170090368","0.945324205529098","17.459551332",
"1/19/1987","-63.4375","-7.02514982223511","82","25.499","22.427","105.68164896","0.953293565783933","0.964535400551551","5.175673992",
"1/20/1987","-63.4375","-7.02514982223511","82","31.002","21.83","3.0590090712","0.700672814045741","0.886391076307201","14.050122948",
"1/21/1987","-63.4375","-7.02514982223511","82","27.692","21.259","0.223159788","1.30601591246406","0.864566968526592","13.0081554",
"1/22/1987","-63.4375","-7.02514982223511","82","35.686","20.411","1.92604194","1.12442414125217","0.7507100903175","23.13326628",
"1/23/1987","-63.4375","-7.02514982223511","82","32.187","22.706","2.6950870584","1.1141418084362","0.841542255429723","16.124285268",
"1/24/1987","-63.4375","-7.02514982223511","82","31.995","20.675","2.9560103424","1.24910778893078","0.823031126850839","22.978913112",
"1/25/1987","-63.4375","-7.02514982223511","82","29.934","20.98","3.426361056","1.49334194505248","0.85932915440129","27.94432482",
"1/26/1987","-63.4375","-7.02514982223511","82","28.537","22.716","3.8452162392","1.22374233932193","0.913328251426893","13.897348848",
"1/27/1987","-63.4375","-7.02514982223511","82","29.773","22.632","4.0374758232","1.14955319553115","0.892457973701916","20.18002518",
"1/28/1987","-63.4375","-7.02514982223511","82","33.687","23.63","22.8790248768","0.593020417475596","0.892679320318339","19.134671868",
"1/29/1987","-63.4375","-7.02514982223511","82","28.763","22.707","21.8215998","0.468653835829337","0.947525736625019","23.4745839",
"1/30/1987","-63.4375","-7.02514982223511","82","28.142","23.846","4.521561084","1.0019483664115","0.924348082254566","5.41063188",
"1/31/1987","-63.4375","-7.02514982223511","82","28.28","22.664","6.8836198104","0.880831187040199","0.930796340424659","17.110465182",
"2/1/1987","-63.4375","-7.02514982223511","82","34.408","23.389","0.778483584","1.37066775216262","0.807627645654266","13.95821736",
"2/2/1987","-63.4375","-7.02514982223511","82","32.35","23.613","6.7111061184","1.42701212127595","0.868737785155411","22.1586768",
"2/3/1987","-63.4375","-7.02514982223511","82","33.598","23.667","4.717253412","1.06778375189173","0.903828322210423","17.03064798",
"2/4/1987","-63.4375","-7.02514982223511","82","34.732","22.254","2.7002347776","0.947121254185989","0.824124208137805","16.17175872",
"2/5/1987","-63.4375","-7.02514982223511","82","34.2","22.741","5.3678484","0.80248121306763","0.861517204108376","27.98611884",
"2/6/1987","-63.4375","-7.02514982223511","82","32.922","21.857","1.9020084624","0.686988974348457","0.853999495716458","17.248557168",
"2/7/1987","-63.4375","-7.02514982223511","82","28.224","21.216","22.285079676","1.05088435881021","0.909698885210637","10.386562968",
"2/8/1987","-63.4375","-7.02514982223511","82","30.218","21.89","0.781059132","1.09481838510927","0.823623935858403","17.996239368",
"2/9/1987","-63.4375","-7.02514982223511","82","32.217","22.226","11.35884024","1.29489141671684","0.929666924061515","19.513237032",
"2/10/1987","-63.4375","-7.02514982223511","82","28.89","19.828","2.554321608","1.48441993524658","0.898382837144485","14.42739609",
"2/11/1987","-63.4375","-7.02514982223511","82","27.568","21.896","7.65008964","0.892951811498465","0.954037162565083","14.719322232",
"2/12/1987","-63.4375","-7.02514982223511","82","28.651","22.701","10.01300544","0.688346320730713","0.934505646183212","15.3756576",
"2/13/1987","-63.4375","-7.02514982223511","82","26.928","22.712","25.27455384","0.812567040062895","0.963155876931997","18.95934456",
"2/14/1987","-63.4375","-7.02514982223511","82","24.578","22.742","11.617188012","0.661429669117873","0.97766179100178","2.00756196",
"2/15/1987","-63.4375","-7.02514982223511","82","25.41","21.632","7.988260428","0.919299716185182","0.966778794980236","6.145311852",
"2/16/1987","-63.4375","-7.02514982223511","82","27.692","21.648","16.8562926288","0.774945824603373","0.948946249162769","22.1436018",
"2/17/1987","-63.4375","-7.02514982223511","82","26.601","21.782","8.22859056","0.956807264548487","0.929145732816951","11.6787366",
"2/18/1987","-63.4375","-7.02514982223511","82","30.962","21.123","6.93598176","1.11216413852778","0.848229181787837","23.2022241",
"2/19/1987","-63.4375","-7.02514982223511","82","31.236","22.652","5.3369534664","1.22311135322737","0.882408137044933","21.55353462",
"2/20/1987","-63.4375","-7.02514982223511","82","29.426","22.31","6.639007032","1.28234494676225","0.930982046387324","25.350975648",
"2/21/1987","-63.4375","-7.02514982223511","82","28.57","22.839","14.1818058504","0.786163024622057","0.95450941010425","17.95443768",
"2/22/1987","-63.4375","-7.02514982223511","82","29.427","23.659","14.3328723264","1.04722986674271","0.922244694002571","23.77467864",
"2/23/1987","-63.4375","-7.02514982223511","82","28.398","23.062","13.425636564","0.866133237235502","0.948396244945266","21.18470616",
"2/24/1987","-63.4375","-7.02514982223511","82","30.093","23.239","16.60995216","0.66598011747592","0.934457020792766","20.936243988",
"2/25/1987","-63.4375","-7.02514982223511","82","29.161","23.397","22.5099632664","0.630944157853306","0.944565173044812","18.79238871",
"2/26/1987","-63.4375","-7.02514982223511","82","26.076","23.713","10.4284292184","0.936605457579712","0.971875248683858","8.058098268",
"2/27/1987","-63.4375","-7.02514982223511","82","27.833","23.158","2.777483412","1.09202954999991","0.93535620754542","8.593200198",
"2/28/1987","-63.4375","-7.02514982223511","82","27.927","22.412","3.4074820008","1.03163857875495","0.924998546410599","9.828846018",
"3/1/1987","-63.4375","-7.02514982223511","82","30.055","22.443","8.19339408","0.994481193972247","0.897878740309711","22.52059146",
"3/2/1987","-63.4375","-7.02514982223511","82","30.678","21.477","7.269858756","1.33147505994761","0.847599362690189","23.612230872",
"3/3/1987","-63.4375","-7.02514982223511","82","28.476","22.741","11.67983892","0.863762252216937","0.930660833054859","18.59889456",
"3/4/1987","-63.4375","-7.02514982223511","82","33.754","22.938","5.797004796","1.18061788040908","0.878203577854399","23.933588328",
"3/5/1987","-63.4375","-7.02514982223511","82","29.123","22.023","1.633358664","1.16068891509373","0.90078679427192","14.698514268",
"3/6/1987","-63.4375","-7.02514982223511","82","33.256","21.362","3.027249648","0.975610101962481","0.817551585645473","23.20256214",
"3/7/1987","-63.4375","-7.02514982223511","82","30.953","22.42","12.3064056","0.529387100706593","0.9222766904447","26.098815672",
"3/8/1987","-63.4375","-7.02514982223511","82","32.086","23.531","8.171941356","0.969656329799026","0.870040130285719","17.2710576",
"3/9/1987","-63.4375","-7.02514982223511","82","28.865","22.62","33.965793936","1.07335401470033","0.932919595728684","10.60239402",
"3/10/1987","-63.4375","-7.02514982223511","82","33.23","22.146","11.0961918","1.29590215339506","0.875339334852747","26.6533308",
"3/11/1987","-63.4375","-7.02514982223511","82","23.549","20.563","44.68689612","1.92086558998443","0.977249614699502","3.964273632",
"3/12/1987","-63.4375","-7.02514982223511","82","28.619","19.099","0.781059744","1.44058359915447","0.841346430109278","18.80780274",
"3/13/1987","-63.4375","-7.02514982223511","82","31.104","19.881","4.0271787864","0.826656644200334","0.882456323165795","19.662131538",
"3/14/1987","-63.4375","-7.02514982223511","82","32.085","19.113","2.779196508","0.80767415208723","0.841144902656589","20.9639763",
"3/15/1987","-63.4375","-7.02514982223511","82","31.744","18.433","0.2162933568","0.780269178699353","0.817098966318498","15.67721178",
"3/16/1987","-63.4375","-7.02514982223511","82","33.226","20.484","5.68714356","1.22990299371994","0.843771509616665","27.52774614",
"3/17/1987","-63.4375","-7.02514982223511","82","27.942","21.927","2.753448444","0.756691898293913","0.931854014566422","8.9017785",
"3/18/1987","-63.4375","-7.02514982223511","82","31.283","21.671","7.985690172","0.976746059459237","0.914707181758538","22.90724604",
"3/19/1987","-63.4375","-7.02514982223511","82","29.865","21.802","9.784701396","0.64172730455468","0.924366756904836","22.3332813",
"3/20/1987","-63.4375","-7.02514982223511","82","29.281","24.021","16.18079472","0.633134603238232","0.948762168106617","20.582781264",
"3/21/1987","-63.4375","-7.02514982223511","82","27.952","23.368","27.254698812","0.992182163732666","0.931472312245658","13.76763435",
"3/22/1987","-63.4375","-7.02514982223511","82","30.692","22.734","6.71024142","0.810463622656389","0.919013133871389","16.00650234",
"3/23/1987","-63.4375","-7.02514982223511","82","32.975","23.159","10.77690024","1.15888297391616","0.879713094593657","22.44959478",
"3/24/1987","-63.4375","-7.02514982223511","82","34.017","23.099","17.9883940248","0.858815627899566","0.881552682931167","18.59636358",
"3/25/1987","-63.4375","-7.02514982223511","82","29.644","22.739","18.556593984","0.665444214985864","0.941653368165643","20.069155008",
"3/26/1987","-63.4375","-7.02514982223511","82","29.468","23.899","4.8048010488","0.90386180286522","0.943504936668896","13.487404032",
"3/27/1987","-63.4375","-7.02514982223511","82","27.331","22.837","12.6651740184","1.1536036117038","0.947333063180064","8.8705098",
"3/28/1987","-63.4375","-7.02514982223511","82","30.992","21.332","3.153419748","1.06653419956347","0.849926392823354","22.70126196",
"3/29/1987","-63.4375","-7.02514982223511","82","31.657","23.247","0.6780627072","1.31627552912507","0.838527346192267","22.59725364",
"3/30/1987","-63.4375","-7.02514982223511","82","32.273","22.596","7.626055248","0.663562898975555","0.874232352108598","25.77385746",
"3/31/1987","-63.4375","-7.02514982223511","82","30.895","21.48","7.250978628","1.13555437612386","0.889407967542215","14.359218012",
"4/1/1987","-63.4375","-7.02514982223511","82","32.377","22.926","11.2936006512","1.2054201708714","0.865788305674298","26.71767936",
"4/2/1987","-63.4375","-7.02514982223511","82","29.921","22.129","11.863520388","0.99496053459747","0.921593866015963","25.436139912",
"4/3/1987","-63.4375","-7.02514982223511","82","26.137","21.948","6.76002096","0.967601883126727","0.968119161718966","6.337014912",
"4/4/1987","-63.4375","-7.02514982223511","82","28.662","22.223","10.3237074","1.00204714918152","0.948992980100241","21.310709328",
"4/5/1987","-63.4375","-7.02514982223511","82","27.262","22.206","14.572332288","0.757431275804508","0.963703376369401","14.1456321",
"4/6/1987","-63.4375","-7.02514982223511","82","26.816","22.102","0.829124568","1.08084430191316","0.922623371785976","9.993492288",
"4/7/1987","-63.4375","-7.02514982223511","82","33.54","21.081","2.2607796888","0.942779492040243","0.865803285196373","16.857611748",
"4/8/1987","-63.4375","-7.02514982223511","82","32.397","22.722","6.6535945704","0.985717289744981","0.854618665736779","18.3463947",
"4/9/1987","-63.4375","-7.02514982223511","82","32.917","21.83","4.429720836","1.14620441797414","0.814986407544303","26.65024596",
"4/10/1987","-63.4375","-7.02514982223511","82","29.856","22.06","12.7956418344","0.987897277804096","0.929171574128628","26.09814168",
"4/11/1987","-63.4375","-7.02514982223511","82","28.875","23.928","9.1632789144","0.767608044054208","0.942623839293899","19.091649888",
"4/12/1987","-63.4375","-7.02514982223511","82","27.759","23.361","10.963159596","0.830999003118867","0.949856910849418","10.588619628",
"4/13/1987","-63.4375","-7.02514982223511","82","30.14","23.168","8.6010905664","0.651713882974235","0.937858252317197","17.73528858",
"4/14/1987","-63.4375","-7.02514982223511","82","28.298","23.078","19.4543837784","0.700226613487688","0.952870203657239","9.228376512",
"4/15/1987","-63.4375","-7.02514982223511","82","31.101","22.616","10.792347336","0.819132466138519","0.91394639599716","14.722196328",
"4/16/1987","-63.4375","-7.02514982223511","82","28.56","23.564","12.448881972","0.647385259173696","0.947280762667195","19.75906188",
"4/17/1987","-63.4375","-7.02514982223511","82","30.662","20.845","4.964447736","1.05663261086662","0.904353515040966","20.78291358",
"4/18/1987","-63.4375","-7.02514982223511","82","30.813","20.47","2.0788191","1.40551657630035","0.855783939119954","22.20143058",
"4/19/1987","-63.4375","-7.02514982223511","82","28.131","21.628","4.1250238128","0.910794772759391","0.9189878988243","17.34801408",
"4/20/1987","-63.4375","-7.02514982223511","82","32.004","21.802","21.754669968","0.917227523778676","0.902326810811123","19.193170932",
"4/21/1987","-63.4375","-7.02514982223511","82","27.778","22.873","26.804925","0.86290075562202","0.958283950685109","12.85554528",
"4/22/1987","-63.4375","-7.02514982223511","82","30.611","23.045","19.8303417864","0.994698054905751","0.909456854322919","16.54577118",
"4/23/1987","-63.4375","-7.02514982223511","82","30.174","21.765","13.04454672","1.03310696982191","0.918014274735768","18.4338027",
"4/24/1987","-63.4375","-7.02514982223511","82","33.477","22.855","3.7542339504","1.01187590350798","0.851657979269785","21.51607482",
"4/25/1987","-63.4375","-7.02514982223511","82","34.562","22.9","3.002357556","0.854586570544091","0.834004829837465","17.3972763",
"4/26/1987","-63.4375","-7.02514982223511","82","33.47","21.141","7.9359039144","0.757380656928558","0.875450847919659","22.6699893",
"4/27/1987","-63.4375","-7.02514982223511","82","28.046","23.24","21.104048628","0.657092793793176","0.96223629916321","17.25581952",
"4/28/1987","-63.4375","-7.02514982223511","82","27.431","23.253","43.268927796","0.825918840002476","0.967101324655615","12.8062152",
"4/29/1987","-63.4375","-7.02514982223511","82","24.05","21.953","56.80274274","0.735274533939179","0.978557085078104","3.46528332",
"4/30/1987","-63.4375","-7.02514982223511","82","27.027","20.182","3.78856764","0.993078214856841","0.942564691664301","11.20038768",
"5/1/1987","-63.4375","-7.02514982223511","82","32.453","19.06","7.481004192","0.77046069211059","0.86966575031733","21.25057518",
"5/2/1987","-63.4375","-7.02514982223511","82","25.918","23.425","4.9850502264","0.658794196237919","0.961994420584836","8.0687862",
"5/3/1987","-63.4375","-7.02514982223511","82","27.612","22.299","4.1301719424","0.952793799471249","0.93420162388851","18.0619938",
"5/4/1987","-63.4375","-7.02514982223511","82","31.754","22.165","7.4432369376","0.766198146534872","0.895590405959529","13.8419469",
"5/5/1987","-63.4375","-7.02514982223511","82","31.786","21.829","5.8605194448","0.924280650209972","0.905897590559685","17.8698357",
"5/6/1987","-63.4375","-7.02514982223511","82","28.738","22.659","7.779697092","1.0169523802478","0.930206370403989","18.65306412",
"5/7/1987","-63.4375","-7.02514982223511","82","31.285","22.213","6.4527499584","0.636075382750118","0.907788322047262","14.2304049",
"5/8/1987","-63.4375","-7.02514982223511","82","32.027","21.927","4.034038932","1.05174258357474","0.887476065570179","23.8303692",
"5/9/1987","-63.4375","-7.02514982223511","82","29.251","21.333","6.485364396","1.09987840755441","0.918373153521813","19.34977374",
"5/10/1987","-63.4375","-7.02514982223511","82","28.037","21.027","0.6866453664","1.53816052987535","0.894213834675132","14.06852316",
"5/11/1987","-63.4375","-7.02514982223511","82","29.765","20.226","2.20413204","1.13752917205513","0.847255300908924","23.14456722",
"5/12/1987","-63.4375","-7.02514982223511","82","31.367","20.068","1.1157992784","0.857716388557609","0.808731056947286","20.86711722",
"5/13/1987","-63.4375","-7.02514982223511","82","34.41","18.86","0.7038117864","0.936003244021503","0.726954942001724","21.05465994",
"5/14/1987","-63.4375","-7.02514982223511","82","34.572","21.262","0.0102996792","1.16635867073603","0.689103546598273","24.14052846",
"5/15/1987","-63.4375","-7.02514982223511","82","34.689","22.682","0.57678156","1.08475198379177","0.717441898952298","23.87700054",
"5/16/1987","-63.4375","-7.02514982223511","82","32.401","22.053","8.18481456","0.907194542854835","0.869460414582664","18.232986312",
"5/17/1987","-63.4375","-7.02514982223511","82","32.091","20.463","1.4659884","0.971446805644954","0.826927851438181","21.95747658",
"5/18/1987","-63.4375","-7.02514982223511","82","34.434","20.889","0","1.35890068436553","0.718386613826731","23.68091196",
"5/19/1987","-63.4375","-7.02514982223511","82","29.107","21.288","5.695731","1.04967814766171","0.864737632479492","13.59072612",
"5/20/1987","-63.4375","-7.02514982223511","82","31.7","20.985","1.52091792","1.08139227284882","0.796729529883601","23.4672732",
"5/21/1987","-63.4375","-7.02514982223511","82","33.735","20.419","0.065231316","1.00626726015356","0.769247881399823","18.4091004",
"5/22/1987","-63.4375","-7.02514982223511","82","33.173","21.738","0.57678192","1.59951124932465","0.780654564097756","21.5221491",
"5/23/1987","-63.4375","-7.02514982223511","82","29.568","22.016","3.0761723088","1.22900401905025","0.894524098384516","17.18443134",
"5/24/1987","-63.4375","-7.02514982223511","82","27.979","20.567","9.932330232","1.15568511842534","0.94494277133441","16.17175512",
"5/25/1987","-63.4375","-7.02514982223511","82","25.954","18.903","1.16043084","2.47389756893239","0.787526830203693","14.25988026",
"5/26/1987","-63.4375","-7.02514982223511","82","28.178","17.035","0.4428866664","1.65332170405333","0.716009704083241","20.333025",
"5/27/1987","-63.4375","-7.02514982223511","82","31.388","17.273","0","1.2385049501445","0.743144672132127","23.42863332",
"5/28/1987","-63.4375","-7.02514982223511","82","35.055","17.069","0","0.837668569674646","0.684790770678945","22.611380832",
"5/29/1987","-63.4375","-7.02514982223511","82","34.963","19.72","0.030899052","0.962664440839888","0.723333311688797","15.22614402",
"5/30/1987","-63.4375","-7.02514982223511","82","32.11","19.235","3.72504924","0.702620712250893","0.838733061144405","22.80425256",
"5/31/1987","-63.4375","-7.02514982223511","82","33.432","21.019","0.65574666","1.21079675866807","0.787943477336935","18.698232528",
"6/1/1987","-63.4375","-7.02514982223511","82","29.765","20.089","0.983619792","0.97897055960285","0.8637323237202","13.493811672",
"6/2/1987","-63.4375","-7.02514982223511","82","32.422","20.032","0.762176844","1.03267131936436","0.748331583699474","22.2524982",
"6/3/1987","-63.4375","-7.02514982223511","82","31.935","19.384","2.78091792","0.654024860479321","0.812602070931965","22.4359299",
"6/4/1987","-63.4375","-7.02514982223511","82","32.574","19.264","4.6245579264","1.03163478065889","0.837601882712411","22.6883862",
"6/5/1987","-63.4375","-7.02514982223511","82","34.087","21.387","0.0995634792","1.12851994620929","0.74498580460407","18.32703912",
"6/6/1987","-63.4375","-7.02514982223511","82","31.176","21.204","14.57061588","0.671852163780496","0.907593580793127","20.23801974",
"6/7/1987","-63.4375","-7.02514982223511","82","31.467","21.077","11.961363852","0.951753943697523","0.867798464599396","21.25383534",
"6/8/1987","-63.4375","-7.02514982223511","82","29.674","20.521","20.561595012","0.836635369904345","0.931488615034808","18.79458822",
"6/9/1987","-63.4375","-7.02514982223511","82","29.829","18.946","5.074308576","1.06684989918951","0.888314314315878","22.06231812",
"6/10/1987","-63.4375","-7.02514982223511","82","32.102","22.093","0.571632084","1.06619611621276","0.835483828334127","15.84309312",
"6/11/1987","-63.4375","-7.02514982223511","82","30.788","22.42","5.0416898256","0.880662599321463","0.878767291588178","21.17126268",
"6/12/1987","-63.4375","-7.02514982223511","82","30.805","20.344","2.2985458704","1.04960634930422","0.903322123488881","14.5610352",
"6/13/1987","-63.4375","-7.02514982223511","82","30.38","19.096","4.51641474","0.838764129531414","0.887883823778437","18.81404514",
"6/14/1987","-63.4375","-7.02514982223511","82","33.923","21.207","4.33273248","0.907496976746153","0.833181594065486","14.68214964",
"6/15/1987","-63.4375","-7.02514982223511","82","33.894","18.725","6.4630514232","0.803710506056255","0.849328924592919","20.05475328",
"6/16/1987","-63.4375","-7.02514982223511","82","31.426","21.096","3.457261764","1.16567844658311","0.859744409044358","22.0942107",
"6/17/1987","-63.4375","-7.02514982223511","82","30.003","19.349","1.1604315384","1.72472465468237","0.777607944029626","20.44956924",
"6/18/1987","-63.4375","-7.02514982223511","82","31.683","19.52","0","1.42341240826882","0.70447407583254","21.9907071",
"6/19/1987","-63.4375","-7.02514982223511","82","32.581","17.095","0","1.3537008887269","0.716243798402416","16.19696556",
"6/20/1987","-63.4375","-7.02514982223511","82","34.56","19.707","0","1.14610581602896","0.661357407116215","14.29761834",
"6/21/1987","-63.4375","-7.02514982223511","82","31.015","21.983","4.69665648","0.816981407183841","0.820067649129024","18.1394415",
"6/22/1987","-63.4375","-7.02514982223511","82","32.243","20.632","0.096130404","1.35671444604453","0.79626670351889","12.3972696",
"6/23/1987","-63.4375","-7.02514982223511","82","30.166","20.347","6.85272096","1.03670950778527","0.903689258707598","20.42978112",
"6/24/1987","-63.4375","-7.02514982223511","82","29.236","21.984","1.92604212","1.47521241157712","0.852819971962188","14.19688458",
"6/25/1987","-63.4375","-7.02514982223511","82","30.124","21.918","0.130462704","1.65532591137287","0.69435741632501","14.70622302",
"6/26/1987","-63.4375","-7.02514982223511","82","31.872","20.007","0.1270296","1.44048593918851","0.67975926744356","14.0455683",
"6/27/1987","-63.4375","-7.02514982223511","82","33.445","21.418","0","0.967595231869561","0.620906441484921","14.6078433",
"6/28/1987","-63.4375","-7.02514982223511","82","29.883","21.264","1.4848710984","0.981270550489226","0.815637872860245","11.558308968",
"6/29/1987","-63.4375","-7.02514982223511","82","32.085","19.454","3.697581204","0.926564442107592","0.817503021259467","17.63702352",
"6/30/1987","-63.4375","-7.02514982223511","82","31.683","18.529","0.3673554696","0.840277914108522","0.840405758292516","15.0758469",
"7/1/1987","-63.4375","-7.02514982223511","82","33.948","21.631","0.157928616","0.892440491141341","0.725006766721275","15.93107154",
"7/2/1987","-63.4375","-7.02514982223511","82","34.709","19.945","0","1.09895087567706","0.63653175688651","22.08002742",
"7/3/1987","-63.4375","-7.02514982223511","82","35.265","19.776","0","1.27119075709675","0.548938212738625","21.7458549",
"7/4/1987","-63.4375","-7.02514982223511","82","34.942","20.578","0","1.47184934173461","0.517378197172347","20.49755778",
"7/5/1987","-63.4375","-7.02514982223511","82","34.839","19.561","0","1.3412402147867","0.517274154718272","23.15503332",
"7/6/1987","-63.4375","-7.02514982223511","82","34.376","19.799","0","1.30718374718739","0.550293334612563","22.1392188",
"7/7/1987","-63.4375","-7.02514982223511","82","32.158","20.938","0","1.38041443255142","0.616605965279768","20.171538",
"7/8/1987","-63.4375","-7.02514982223511","82","31.661","21.571","3.92331996","1.06315525009536","0.848734605538557","10.3428009",
"7/9/1987","-63.4375","-7.02514982223511","82","33.863","20.455","1.69086456","0.936772411689363","0.845337881510394","16.823927232",
"7/10/1987","-63.4375","-7.02514982223511","82","32.304","20.075","3.451252068","0.833781014168964","0.868968803557977","18.4136049",
"7/11/1987","-63.4375","-7.02514982223511","82","34.504","18.194","0","0.950274866146649","0.742128949523091","14.27782122",
"7/12/1987","-63.4375","-7.02514982223511","82","34.734","21.427","0","1.84472220449294","0.597790190239622","23.01857658",
"7/13/1987","-63.4375","-7.02514982223511","82","35.138","20.15","0.1768113","0.92424795588222","0.556956785722627","21.710414232",
"7/14/1987","-63.4375","-7.02514982223511","82","35.151","17.774","0","1.29426128868374","0.52218692784769","23.45517684",
"7/15/1987","-63.4375","-7.02514982223511","82","37.028","20.193","0","1.27812683395177","0.534619223689814","23.43009636",
"7/16/1987","-63.4375","-7.02514982223511","82","34.146","17.659","0","1.35513795719774","0.644999425817588","15.81451056",
"7/17/1987","-63.4375","-7.02514982223511","82","35.756","20.048","0","0.985860050322784","0.628658078511562","18.77788098",
"7/18/1987","-63.4375","-7.02514982223511","82","33.165","19.408","0.17509482","1.12333495983916","0.625042963716925","17.17953858",
"7/19/1987","-63.4375","-7.02514982223511","82","34.865","22.687","0","1.88016143238966","0.494755670336274","22.928512968",
"7/20/1987","-63.4375","-7.02514982223511","82","34.625","18.049","0","1.58091078097345","0.512901208639818","23.877675",
"7/21/1987","-63.4375","-7.02514982223511","82","35.279","19.702","0","1.55772602023156","0.457084280188019","24.1141536",
"7/22/1987","-63.4375","-7.02514982223511","82","34.463","19.345","0","1.34473589211355","0.475513510550076","21.0801366",
"7/23/1987","-63.4375","-7.02514982223511","82","33.288","17.1","0.1012801824","1.11741694229469","0.662986009454968","13.036952448",
"7/24/1987","-63.4375","-7.02514982223511","82","35.173","20.239","0.054931644","1.00825325573972","0.596510069328948","15.06949344",
"7/25/1987","-63.4375","-7.02514982223511","82","34.732","20.689","0","1.17562763978228","0.61473420965765","20.421334728",
"7/26/1987","-63.4375","-7.02514982223511","82","36.536","17.362","0","1.02726874589337","0.597124047851327","16.998025968",
"7/27/1987","-63.4375","-7.02514982223511","82","36.314","23.145","0","1.09504858968428","0.545506316721247","19.28379582",
"7/28/1987","-63.4375","-7.02514982223511","82","35.438","17.652","0","0.820715003987495","0.584088739898415","14.5366875",
"7/29/1987","-63.4375","-7.02514982223511","82","36.776","15.79","0","1.1991371123144","0.524877151598401","24.56820558",
"7/30/1987","-63.4375","-7.02514982223511","82","36.916","17.936","0","1.48938718046534","0.443486806180716","23.356681272",
"7/31/1987","-63.4375","-7.02514982223511","82","33.196","19.187","0","1.70551870642667","0.461600283489402","24.679354032",
"8/1/1987","-63.4375","-7.02514982223511","82","35.037","18.955","0","1.43403656291881","0.435404761039524","24.703706592",
"8/2/1987","-63.4375","-7.02514982223511","82","37.773","19.918","0","1.08007999583842","0.487388014930593","21.8556009",
"8/3/1987","-63.4375","-7.02514982223511","82","35.49","20.114","0","1.01445240535311","0.577142410374074","10.90001061",
"8/4/1987","-63.4375","-7.02514982223511","82","35.851","23.169","0","1.29688414396748","0.520690859638008","16.124398128",
"8/5/1987","-63.4375","-7.02514982223511","82","29.836","19.87","2.2367492568","1.15786926132855","0.809077997259846","10.03932693",
"8/6/1987","-63.4375","-7.02514982223511","82","36.273","21.048","0.583648776","1.30473719743161","0.721828176888515","13.918333752",
"8/7/1987","-63.4375","-7.02514982223511","82","32.268","21.685","1.04713434","1.51888181047918","0.672994482055613","17.37050724",
"8/8/1987","-63.4375","-7.02514982223511","82","35.216","18.663","0","1.15772042424876","0.596898466628394","24.94006884",
"8/9/1987","-63.4375","-7.02514982223511","82","35.965","18.61","0","0.684909629303024","0.635890933571405","11.473083882",
"8/10/1987","-63.4375","-7.02514982223511","82","36.634","19.567","0","0.946132731402131","0.562455310726781","19.524828672",
"8/11/1987","-63.4375","-7.02514982223511","82","34.354","19.836","0","1.0747648774109","0.616446306800682","8.467145982",
"8/12/1987","-63.4375","-7.02514982223511","82","37.266","20.969","0.4789355184","1.07214762096958","0.556806813569367","15.5463165",
"8/13/1987","-63.4375","-7.02514982223511","82","38.258","17.604","0","1.1185745851355","0.476840843916235","24.28014744",
"8/14/1987","-63.4375","-7.02514982223511","82","33.764","18.755","0.303840792","0.98585514820697","0.642935166322867","17.60478786",
"8/15/1987","-63.4375","-7.02514982223511","82","38.042","16.444","0","0.790180581137533","0.55854068146788","25.27655706",
"8/16/1987","-63.4375","-7.02514982223511","82","35.886","21.263","0.0034332264","1.11051700006751","0.542376267697016","16.638865992",
"8/17/1987","-63.4375","-7.02514982223511","82","38.43","19.481","0","1.46228628874693","0.439112800678089","24.58152342",
"8/18/1987","-63.4375","-7.02514982223511","82","37.894","18.484","0","1.1732950142333","0.393373244268577","17.158330998",
"8/19/1987","-63.4375","-7.02514982223511","82","38.455","17.013","0","1.27860384715714","0.38176105108989","25.96590414",
"8/20/1987","-63.4375","-7.02514982223511","82","37.821","21.393","0","1.24114581624471","0.444472470285602","19.17404388",
"8/21/1987","-63.4375","-7.02514982223511","82","37.378","18.78","0","1.65071777247855","0.376252699051969","26.382424968",
"8/22/1987","-63.4375","-7.02514982223511","82","37.609","17.253","0","1.09932123152451","0.454035877843673","26.514049752",
"8/23/1987","-63.4375","-7.02514982223511","82","39.095","18.5","0","1.11869736984433","0.415310971397613","20.99193174",
"8/24/1987","-63.4375","-7.02514982223511","82","39.367","24.337","0","1.11753622754876","0.469053575124953","13.79081628",
"8/25/1987","-63.4375","-7.02514982223511","82","39.449","18.885","0","1.09216773565259","0.496532930885409","15.367835448",
"8/26/1987","-63.4375","-7.02514982223511","82","39.221","20.717","0","1.16495277009272","0.469532394859569","15.49507266",
"8/27/1987","-63.4375","-7.02514982223511","82","36.422","20.47","0.178528068","1.22373745621338","0.542694018900573","12.681106992",
"8/28/1987","-63.4375","-7.02514982223511","82","38.563","18.158","0","0.930971771003046","0.463768180034252","22.356791208",
"8/29/1987","-63.4375","-7.02514982223511","82","40.914","23.241","0","1.25312630275427","0.458343388410862","23.727939408",
"8/30/1987","-63.4375","-7.02514982223511","82","38.257","24.946","0.5338670184","1.04098099622737","0.499295058337794","14.775586848",
"8/31/1987","-63.4375","-7.02514982223511","82","36.912","23.463","0.23860908","1.55978243583872","0.493923979266651","15.182381592",
"9/1/1987","-63.4375","-7.02514982223511","82","42.386","21.862","0","1.04115729064804","0.435664853969141","15.381616392",
"9/2/1987","-63.4375","-7.02514982223511","82","40.978","25.646","0","1.16421412002413","0.405716380121493","19.179061992",
"9/3/1987","-63.4375","-7.02514982223511","82","40.267","19.98","0","1.02555904718661","0.396972196364291","17.650738008",
"9/4/1987","-63.4375","-7.02514982223511","82","39.859","21.177","0","0.767824834144645","0.395265880220861","22.595123808",
"9/5/1987","-63.4375","-7.02514982223511","82","41.117","20.988","0","1.13954842213626","0.407725054715878","19.657795752",
"9/6/1987","-63.4375","-7.02514982223511","82","38.21","23.293","0","1.4008591202273","0.461025881864234","14.01316992",
"9/7/1987","-63.4375","-7.02514982223511","82","40.63","23.207","0.017166132","1.39653255024305","0.428503400781877","19.3355937",
"9/8/1987","-63.4375","-7.02514982223511","82","40.254","26.799","0.024032592","1.4936155312513","0.335409178999497","21.848403672",
"9/9/1987","-63.4375","-7.02514982223511","82","44.449","26.602","0","1.27285157377315","0.258717832286924","28.135464768",
"9/10/1987","-63.4375","-7.02514982223511","82","40.959","19.245","0","1.28121020548761","0.315782828431816","26.919059688",
"9/11/1987","-63.4375","-7.02514982223511","82","42.711","25.128","0","1.45971534061033","0.376801190908508","15.64137918",
"9/12/1987","-63.4375","-7.02514982223511","82","38.618","20.476","0","0.896883421717517","0.503713570172128","17.57998116",
"9/13/1987","-63.4375","-7.02514982223511","82","39.883","24.733","0","1.17970937679825","0.386716524421267","14.93910378",
"9/14/1987","-63.4375","-7.02514982223511","82","41.536","20.066","0","0.942447988297756","0.455200438366162","12.76448022",
"9/15/1987","-63.4375","-7.02514982223511","82","38.567","20.091","0","1.58765763952232","0.424770343293885","20.6080308",
"9/16/1987","-63.4375","-7.02514982223511","82","42.047","21.005","0.0575065728","1.09905211338745","0.444477544054706","15.76316736",
"9/17/1987","-63.4375","-7.02514982223511","82","40.962","24.397","1.22480388","1.57581841100272","0.463025561647192","17.207770248",
"9/18/1987","-63.4375","-7.02514982223511","82","39.096","22.423","0","1.12131851501949","0.460368827650575","19.08359712",
"9/19/1987","-63.4375","-7.02514982223511","82","41.685","24.087","0","1.42359569268271","0.36707697159654","26.34215796",
"9/20/1987","-63.4375","-7.02514982223511","82","37.645","25.893","0","1.62727291835966","0.388885801689213","22.712794272",
"9/21/1987","-63.4375","-7.02514982223511","82","39.424","22.699","0.0034332264","0.941569863904713","0.516685338237279","17.20906614",
"9/22/1987","-63.4375","-7.02514982223511","82","38.372","21.728","0","1.13990164632977","0.474585097234004","18.95281848",
"9/23/1987","-63.4375","-7.02514982223511","82","37.24","23.334","0","1.13560281449672","0.528224864192973","20.29579056",
"9/24/1987","-63.4375","-7.02514982223511","82","38.446","24.944","0.1373292864","1.21430852305328","0.512003671911072","16.004476368",
"9/25/1987","-63.4375","-7.02514982223511","82","34.951","20.155","0","1.48216722561814","0.594605299493798","18.89534124",
"9/26/1987","-63.4375","-7.02514982223511","82","31.494","21.554","0.62656398","1.47878967474349","0.718499797146893","11.30608458",
"9/27/1987","-63.4375","-7.02514982223511","82","40.134","22.197","0.23689296","1.43675440256376","0.574218249960582","16.10510256",
"9/28/1987","-63.4375","-7.02514982223511","82","35.628","22.1","0.0068664528","1.15941483806175","0.632702462938342","14.00338278",
"9/29/1987","-63.4375","-7.02514982223511","82","38.088","22.109","0.09956376","1.4132534162803","0.56736611142237","19.76489964",
"9/30/1987","-63.4375","-7.02514982223511","82","37.865","23.583","0.937270944","1.36410134826535","0.695094561388555","17.9673768",
"10/1/1987","-63.4375","-7.02514982223511","82","37.728","22.346","0","1.16268903035346","0.602917018278493","15.89535",
"10/2/1987","-63.4375","-7.02514982223511","82","37.017","23.069","0","1.28385691807142","0.516665697317124","15.34308336",
"10/3/1987","-63.4375","-7.02514982223511","82","36.517","22.569","1.740646584","1.06456823986799","0.642131148068104","16.30141452",
"10/4/1987","-63.4375","-7.02514982223511","82","32.106","21.746","8.763306372","1.26272510316289","0.768762765686345","20.73555036",
"10/5/1987","-63.4375","-7.02514982223511","82","37.119","20.757","1.15184772","0.694989542218419","0.681392305692535","16.52349852",
"10/6/1987","-63.4375","-7.02514982223511","82","30.559","22.242","5.4725640264","1.30992920155903","0.799628489032785","9.76016376",
"10/7/1987","-63.4375","-7.02514982223511","82","38.117","20.637","4.0237399944","1.04809392401869","0.661881773275058","16.93023732",
"10/8/1987","-63.4375","-7.02514982223511","82","36.133","23.145","0.121879836","1.43552606684179","0.626431112764784","19.87453008",
"10/9/1987","-63.4375","-7.02514982223511","82","38.192","21.281","0","0.872182204095446","0.633918669983348","14.66477208",
"10/10/1987","-63.4375","-7.02514982223511","82","36.468","21.791","3.010937364","0.911847055725604","0.665400029515927","19.51289676",
"10/11/1987","-63.4375","-7.02514982223511","82","36.111","26.243","0","1.06389942855426","0.576999476643931","17.700246",
"10/12/1987","-63.4375","-7.02514982223511","82","36.843","23.801","2.741433732","1.52510786491338","0.604405238169035","17.9366076",
"10/13/1987","-63.4375","-7.02514982223511","82","38.094","23.967","2.68135056","0.913286190561376","0.650727688896455","16.9696152",
"10/14/1987","-63.4375","-7.02514982223511","82","36.994","22.479","2.01358728","1.66337857538022","0.626183186921333","17.07856686",
"10/15/1987","-63.4375","-7.02514982223511","82","37.351","21.673","0","1.30541952653695","0.605411770168023","17.60068224",
"10/16/1987","-63.4375","-7.02514982223511","82","32.774","22.72","4.2228685728","1.38963713751204","0.804748409841027","11.55076812",
"10/17/1987","-63.4375","-7.02514982223511","82","36.776","21.65","0","0.991795211099521","0.61992710396471","18.63089892",
"10/18/1987","-63.4375","-7.02514982223511","82","28.658","21.456","3.8495097864","1.13610505809679","0.820387853249888","6.72176268",
"10/19/1987","-63.4375","-7.02514982223511","82","38.974","21.861","0.0617982264","1.11671711819361","0.613934668723041","19.13270544",
"10/20/1987","-63.4375","-7.02514982223511","82","39.228","22.738","0.70896168","1.22814187830919","0.576574671134591","18.65149128",
"10/21/1987","-63.4375","-7.02514982223511","82","42.459","21.144","0","1.08538040894084","0.499568502246296","22.61413188",
"10/22/1987","-63.4375","-7.02514982223511","82","37.087","20.901","0","1.21296411803227","0.491465809846395","20.69594748",
"10/23/1987","-63.4375","-7.02514982223511","82","37.588","22.326","0.0274658184","1.15833646120817","0.490674435612568","20.65905504",
"10/24/1987","-63.4375","-7.02514982223511","82","40.729","23.828","0","0.730287527982302","0.541766057797808","18.64794636",
"10/25/1987","-63.4375","-7.02514982223511","82","31.66","25.473","0.47550204","1.18542406602119","0.605708404959832","8.01939564",
"10/26/1987","-63.4375","-7.02514982223511","82","37.754","22.939","1.08318276","1.19215121765431","0.534676533539363","19.57865724",
"10/27/1987","-63.4375","-7.02514982223511","82","37.154","22.923","5.25112596","1.24003102758481","0.563498162525182","23.2664058",
"10/28/1987","-63.4375","-7.02514982223511","82","40.906","24.439","0","1.31492981835275","0.401594158455303","24.39303984",
"10/29/1987","-63.4375","-7.02514982223511","82","43.241","25.528","0.154495404","1.28637060458946","0.438215372877464","19.11088548",
"10/30/1987","-63.4375","-7.02514982223511","82","38.802","23.651","0","1.42424392284215","0.532202457017004","15.00192828",
"10/31/1987","-63.4375","-7.02514982223511","82","39.129","23.792","1.265144688","1.28763729351849","0.65760034579803","15.38713116",
"11/1/1987","-63.4375","-7.02514982223511","82","40.777","21.768","1.465990488","1.29001638327162","0.70578568097444","10.483875",
"11/2/1987","-63.4375","-7.02514982223511","82","29.589","20.358","5.87769048","1.10733887193967","0.872511054701149","10.60239384",
"11/3/1987","-63.4375","-7.02514982223511","82","36.875","19.563","0.068664672","1.18692996680017","0.64207187728472","15.0451389",
"11/4/1987","-63.4375","-7.02514982223511","82","37.243","24.244","0.123596172","1.27451897627988","0.590140563990244","15.68181582",
"11/5/1987","-63.4375","-7.02514982223511","82","36.801","22.592","0","1.53287364475702","0.615051862021638","17.92434492",
"11/6/1987","-63.4375","-7.02514982223511","82","39.017","23.134","4.8236841144","1.13869187607921","0.788198023116692","13.73844456",
"11/7/1987","-63.4375","-7.02514982223511","82","36.21","21.261","4.70008998","1.01123182756849","0.711766963874558","17.32426794",
"11/8/1987","-63.4375","-7.02514982223511","82","37.346","21.243","2.50282116","0.970353262807029","0.666677826120174","17.17408098",
"11/9/1987","-63.4375","-7.02514982223511","82","37.409","23.029","3.107071368","1.31615938163109","0.671940003088637","14.92880742",
"11/10/1987","-63.4375","-7.02514982223511","82","29.661","22.73","20.565036576","1.26971253399655","0.867668113247336","12.0646107",
"11/11/1987","-63.4375","-7.02514982223511","82","32.26","22.526","0.885772548","0.696694127950135","0.863693276406803","10.290154068",
"11/12/1987","-63.4375","-7.02514982223511","82","29.047","22.468","3.7971507528","0.987482640122802","0.86714051625468","8.08919856",
"11/13/1987","-63.4375","-7.02514982223511","82","35.27","20.323","0.5424499584","0.981652051245861","0.728218109819617","14.13039618",
"11/14/1987","-63.4375","-7.02514982223511","82","38.298","21.55","0.041198724","1.44247581973154","0.710242606019075","19.87441632",
"11/15/1987","-63.4375","-7.02514982223511","82","36.386","21.536","0.010299672","1.34481832087927","0.651344083640786","18.1659384",
"11/16/1987","-63.4375","-7.02514982223511","82","37.526","22.407","0.90980514","0.94229233742938","0.738094595952667","12.27267792",
"11/17/1987","-63.4375","-7.02514982223511","82","36.712","23.361","3.920743404","1.24978045130798","0.813367149996854","18.34402068",
"11/18/1987","-63.4375","-7.02514982223511","82","31.169","22.439","4.435731324","1.44354095340756","0.869242765045067","13.24085418",
"11/19/1987","-63.4375","-7.02514982223511","82","30.139","22.196","1.665114804","1.08568859358859","0.822800273283459","10.7931384",
"11/20/1987","-63.4375","-7.02514982223511","82","37.025","22.807","1.1226663792","1.24890935211279","0.700821047691234","17.71942518",
"11/21/1987","-63.4375","-7.02514982223511","82","33.95","22.593","9.4671279","1.30354227989859","0.821537850885764","15.590133",
"11/22/1987","-63.4375","-7.02514982223511","82","36.467","23.135","0.068664528","1.0725576236599","0.719329539526322","14.29262262",
"11/23/1987","-63.4375","-7.02514982223511","82","38.893","22.067","0","0.933502467839873","0.619291388665538","18.35915418",
"11/24/1987","-63.4375","-7.02514982223511","82","30.584","23.047","7.46383572","1.52179270538535","0.780574555355937","14.011479648",
"11/25/1987","-63.4375","-7.02514982223511","82","36.646","20.741","0","1.40533434343575","0.622609992252436","24.47297532",
"11/26/1987","-63.4375","-7.02514982223511","82","36.477","24.219","0","1.43210152830035","0.537123146673009","19.00170288",
"11/27/1987","-63.4375","-7.02514982223511","82","36.477","22.805","1.9655223984","1.24585818432759","0.707865723860198","17.60686704",
"11/28/1987","-63.4375","-7.02514982223511","82","38.537","23.013","0.1373291568","1.15699722833512","0.636902197067058","18.967497192",
"11/29/1987","-63.4375","-7.02514982223511","82","39.473","21.371","0","0.884725115271574","0.562487187851587","20.98406124",
"11/30/1987","-63.4375","-7.02514982223511","82","37.047","23.369","1.0059354864","1.49509119623833","0.620485659095821","13.69372068",
"12/1/1987","-63.4375","-7.02514982223511","82","38.633","22.267","0.5218506","0.798192542826551","0.717439288377042","16.08058332",
"12/2/1987","-63.4375","-7.02514982223511","82","37.74","22.161","2.470207104","1.22779521968615","0.734503581240245","11.60724258",
"12/3/1987","-63.4375","-7.02514982223511","82","36.446","21.982","3.2753010456","1.29798209479626","0.733128900487229","17.46810036",
"12/4/1987","-63.4375","-7.02514982223511","82","37.106","22.556","8.4938037192","1.09557563987446","0.745261456246469","14.74655364",
"12/5/1987","-63.4375","-7.02514982223511","82","33.324","23.347","39.57994044","1.10142516701934","0.833695436473049","19.140807132",
"12/6/1987","-63.4375","-7.02514982223511","82","36.706","23.53","6.2793742536","1.00380851749581","0.841298430767266","16.40649798",
"12/7/1987","-63.4375","-7.02514982223511","82","34.652","22.902","0.30899052","1.3223091636646","0.747610779251069","19.87160868",
"12/8/1987","-63.4375","-7.02514982223511","82","37.533","20.691","0.051498396","1.19495896963737","0.623909248294632","24.8554152",
"12/9/1987","-63.4375","-7.02514982223511","82","40.024","21.604","0.3124234728","1.30697562047513","0.677256096874603","16.96168008",
"12/10/1987","-63.4375","-7.02514982223511","82","32.477","23.672","0.951003612","1.52878184109783","0.797687412146643","13.7926224",
"12/11/1987","-63.4375","-7.02514982223511","82","36.102","21.461","1.895142132","1.68873243549219","0.678572104204511","27.49646736",
"12/12/1987","-63.4375","-7.02514982223511","82","36.8","22.329","0","0.875396037770201","0.639191602495082","15.78363876",
"12/13/1987","-63.4375","-7.02514982223511","82","36.564","23.662","0","0.956476828617036","0.586960589939533","15.79764348",
"12/14/1987","-63.4375","-7.02514982223511","82","33.197","22.919","0.5630498424","0.951102640263574","0.825155009854435","9.56952504",
"12/15/1987","-63.4375","-7.02514982223511","82","32.744","22.346","14.0007081528","1.23771959202939","0.837970078177306","18.9540612",
"12/16/1987","-63.4375","-7.02514982223511","82","31.224","23.419","1.97410536","1.19194892101726","0.813096282738178","10.1828196",
"12/17/1987","-63.4375","-7.02514982223511","82","35.472","21.794","0","1.35162129489167","0.662492470013127","19.12731192",
"12/18/1987","-63.4375","-7.02514982223511","82","31.04","22.381","26.162890092","0.895579853766714","0.865094572397758","12.87568008",
"12/19/1987","-63.4375","-7.02514982223511","82","31.437","20.529","18.867309156","0.955157343124094","0.902591312931713","24.76518804",
"12/20/1987","-63.4375","-7.02514982223511","82","29.196","23.723","13.1801609088","1.12162124129156","0.925424386293814","21.14847864",
"12/21/1987","-63.4375","-7.02514982223511","82","30.597","23.119","8.521267968","1.36408503318395","0.856668510108633","17.99572788",
"12/22/1987","-63.4375","-7.02514982223511","82","34.961","22.03","4.3876642464","1.17286227860788","0.794246109210387","16.8261165",
"12/23/1987","-63.4375","-7.02514982223511","82","30.771","23.536","3.97739556","0.777085494251095","0.911782575900585","14.22550746",
"12/24/1987","-63.4375","-7.02514982223511","82","29.927","23.098","6.9625859328","1.07881858328669","0.911647212059765","10.86547752",
"12/25/1987","-63.4375","-7.02514982223511","82","34.697","22.604","5.5154795184","0.877975786310801","0.778248574730207","18.7182009",
"12/26/1987","-63.4375","-7.02514982223511","82","31.055","22.255","11.401744212","0.92912378781555","0.905435845737446","25.12647864",
"12/27/1987","-63.4375","-7.02514982223511","82","27.903","23.292","43.413174072","1.01664230661869","0.944402183865858","20.9959344",
"12/28/1987","-63.4375","-7.02514982223511","82","26.714","22.583","141.83518032","1.15943130739035","0.940561206890633","14.0109228",
"12/29/1987","-63.4375","-7.02514982223511","82","28.747","21.318","2.5096893264","0.916014267308829","0.904637925393626","11.403117",
"12/30/1987","-63.4375","-7.02514982223511","82","33.041","20.039","6.00815052","0.928534007472148","0.903362135026373","21.13396362",
"12/31/1987","-63.4375","-7.02514982223511","82","25.611","22.428","5.1979076928","0.703242536769498","0.962514803627992","4.83822936",
"1/1/1988","-63.4375","-7.02514982223511","82","33.958","20.868","3.7791238464","0.815086798175427","0.847855168824608","20.65262778",
"1/2/1988","-63.4375","-7.02514982223511","82","35.216","20.699","7.761672972","0.995973290223491","0.806991848047343","20.87431974",
"1/3/1988","-63.4375","-7.02514982223511","82","23.834","21.132","25.392142476","0.686431942666427","0.97477040674351","1.28705634",
"1/4/1988","-63.4375","-7.02514982223511","82","26.06","21.66","18.233010396","1.17026634832271","0.941594892999855","5.88340404",
"1/5/1988","-63.4375","-7.02514982223511","82","25.435","22.164","1.0763169984","0.691214859127255","0.952141150357708","3.42742482",
"1/6/1988","-63.4375","-7.02514982223511","82","25.762","21.564","4.250333124","1.0797959647515","0.960568488732958","5.81719824",
"1/7/1988","-63.4375","-7.02514982223511","82","27.05","20.13","9.286025544","0.737639502462861","0.948752903996643","9.189281448",
"1/8/1988","-63.4375","-7.02514982223511","82","33.096","22.053","6.4064020608","0.878059918100431","0.864078926299108","19.37942316",
"1/9/1988","-63.4375","-7.02514982223511","82","26.699","23.484","17.213349384","0.690072259245781","0.960561610233356","7.6068054",
"1/10/1988","-63.4375","-7.02514982223511","82","30.375","23.159","8.6791966848","0.51295737807494","0.916675548176638","17.424281232",
"1/11/1988","-63.4375","-7.02514982223511","82","30.831","23.689","5.692293864","0.84893440837312","0.896246663031121","18.061314768",
"1/12/1988","-63.4375","-7.02514982223511","82","30.086","24.095","0.7295611536","1.18274203908477","0.892965505634843","12.6635076",
"1/13/1988","-63.4375","-7.02514982223511","82","28.62","23.539","7.161713244","1.32953182599165","0.930423507308589","21.56427612",
"1/14/1988","-63.4375","-7.02514982223511","82","31.341","22.426","6.9042166344","1.01067392768882","0.87474390687867","16.54560018",
"1/15/1988","-63.4375","-7.02514982223511","82","32.349","22.514","12.73726548","1.13532248089341","0.917053671579349","20.621310408",
"1/16/1988","-63.4375","-7.02514982223511","82","29.659","22.942","11.717611704","0.468695350775602","0.935718990052281","20.7528174",
"1/17/1988","-63.4375","-7.02514982223511","82","31.773","22.582","6.780625704","0.92292329051945","0.903192780389833","22.920581664",
"1/18/1988","-63.4375","-7.02514982223511","82","27.854","21.917","9.8937029664","0.868225173206473","0.944527611599342","22.417655688",
"1/19/1988","-63.4375","-7.02514982223511","82","28.412","23.001","5.144688324","0.922111544062686","0.916404832811372","17.088865848",
"1/20/1988","-63.4375","-7.02514982223511","82","28.236","22.871","17.2451133864","0.786284871507743","0.940681190954318","13.11199146",
"1/21/1988","-63.4375","-7.02514982223511","82","26.537","19.541","39.8529198","1.49055944132052","0.907005490007679","11.951327412",
"1/22/1988","-63.4375","-7.02514982223511","82","29.12","20.831","3.1525615008","0.724230584658425","0.903300938419871","13.5534978",
"1/23/1988","-63.4375","-7.02514982223511","82","27.256","19.596","16.5678989112","0.649661377713772","0.951716474979571","7.12508238",
"1/24/1988","-63.4375","-7.02514982223511","82","27.807","20.311","6.2416069344","0.882965894070119","0.91710217099898","22.017944088",
"1/25/1988","-63.4375","-7.02514982223511","82","28.914","22.328","4.441741848","0.85901076387571","0.921843333685106","10.64154024",
"1/26/1988","-63.4375","-7.02514982223511","82","26.529","21.807","5.2785858528","0.838233093210751","0.940078344349943","12.09971106",
"1/27/1988","-63.4375","-7.02514982223511","82","23.837","20.338","17.054554968","0.52986941412743","0.976140065646601","2.768402448",
"1/28/1988","-63.4375","-7.02514982223511","82","22.438","17.03","36.742348872","0.671809063609214","0.98223798851117","1.23930036",
"1/29/1988","-63.4375","-7.02514982223511","82","31.742","17.083","0.9561537792","0.732486045087647","0.840613307977044","20.08716228",
"1/30/1988","-63.4375","-7.02514982223511","82","31.64","22.033","8.983038132","0.710160365923764","0.900249952266044","28.014020352",
"1/31/1988","-63.4375","-7.02514982223511","82","30.242","22.999","9.2302343856","0.797755422316677","0.909103353397871","18.343579518",
"2/1/1988","-63.4375","-7.02514982223511","82","28.527","22.897","10.682491968","0.954415442126457","0.918241785820237","12.50516394",
"2/2/1988","-63.4375","-7.02514982223511","82","28.535","22.754","14.527699416","0.881538705878494","0.947588335086771","20.869193808",
"2/3/1988","-63.4375","-7.02514982223511","82","27.448","23.402","14.829829344","0.92834652946704","0.956687042853284","14.5968219",
"2/4/1988","-63.4375","-7.02514982223511","82","30.934","22.44","4.236602256","0.970909999744188","0.86507874850308","16.72903125",
"2/5/1988","-63.4375","-7.02514982223511","82","27.986","22.486","7.820036568","1.1156916956628","0.949298224704489","14.691771072",
"2/6/1988","-63.4375","-7.02514982223511","82","28.015","22.046","0.509834448","0.758374904121239","0.924538468041201","7.383597912",
"2/7/1988","-63.4375","-7.02514982223511","82","30.006","22.337","2.2367482344","0.888485043556397","0.895830876986078","17.8769277",
"2/8/1988","-63.4375","-7.02514982223511","82","26.627","22.472","3.424643892","0.668455160252129","0.945669706411915","6.160217328",
"2/9/1988","-63.4375","-7.02514982223511","82","30.094","22.716","4.3533337464","1.06996001519527","0.879206585020044","17.26537572",
"2/10/1988","-63.4375","-7.02514982223511","82","26.051","22.705","39.27527136","0.930460182007062","0.964881356807625","8.005445802",
"2/11/1988","-63.4375","-7.02514982223511","82","29.24","22.208","7.9032924","0.992766494572209","0.888270428041273","12.07490202",
"2/12/1988","-63.4375","-7.02514982223511","82","30.84","23.331","13.62305196","0.686832461578062","0.909675100730886","13.639217202",
"2/13/1988","-63.4375","-7.02514982223511","82","31.932","23.167","16.268348556","0.569191394731914","0.918194143095576","19.34179425",
"2/14/1988","-63.4375","-7.02514982223511","82","28.436","23.02","21.55894794","0.942438149381311","0.917940792046065","12.822249132",
"2/15/1988","-63.4375","-7.02514982223511","82","26.651","22.279","22.2859317744","0.97104791329948","0.944321073912325","9.52633386",
"2/16/1988","-63.4375","-7.02514982223511","82","25.073","20.76","15.881253408","0.867056136001377","0.972656254027359","4.59849123",
"2/17/1988","-63.4375","-7.02514982223511","82","30.808","19.172","0","1.06876002671455","0.824646736390566","19.64396178",
"2/18/1988","-63.4375","-7.02514982223511","82","33.351","21.774","6.3171391392","0.876189603094915","0.859602637428378","24.188796432",
"2/19/1988","-63.4375","-7.02514982223511","82","32.286","22.407","7.2853100424","1.01732254622763","0.880111356209987","18.99253521",
"2/20/1988","-63.4375","-7.02514982223511","82","32.957","23.382","4.7584534392","1.1039654246398","0.885475804430213","17.396993538",
"2/21/1988","-63.4375","-7.02514982223511","82","30.717","23.876","8.4217073544","1.13794008702897","0.897937010023703","19.050471",
"2/22/1988","-63.4375","-7.02514982223511","82","30.192","23.685","10.114293708","1.168821516608","0.923185625015453","18.75369087",
"2/23/1988","-63.4375","-7.02514982223511","82","30.345","23.149","5.73520932","0.90682329227751","0.910814574824324","15.00485679",
"2/24/1988","-63.4375","-7.02514982223511","82","31.504","22.935","4.766177412","0.60959170206851","0.916824190588496","14.31764829",
"2/25/1988","-63.4375","-7.02514982223511","82","31.56","22.976","9.851647212","0.651901746552416","0.930244795682657","22.559060232",
"2/26/1988","-63.4375","-7.02514982223511","82","29.145","24.093","7.9985621664","0.607457919544049","0.948033054954975","18.510639768",
"2/27/1988","-63.4375","-7.02514982223511","82","27.074","23.895","11.0309595264","0.90892666941163","0.962408140469693","10.234685412",
"2/28/1988","-63.4375","-7.02514982223511","82","25.926","23.223","20.5547264064","1.27525218620297","0.97326184342032","8.43834465",
"2/29/1988","-63.4375","-7.02514982223511","82","24.771","22.71","6.24160692","1.62944424229276","0.959471076341931","5.722140168",
"3/1/1988","-63.4375","-7.02514982223511","82","31.367","22.205","0.6643292328","1.34518517619115","0.819817411491053","22.11215346",
"3/2/1988","-63.4375","-7.02514982223511","82","34.219","22.131","6.372071388","1.02577510560375","0.812726079562944","23.9361165",
"3/3/1988","-63.4375","-7.02514982223511","82","30.416","22.292","5.084611704","1.25649083820248","0.850864646676053","18.803759472",
"3/4/1988","-63.4375","-7.02514982223511","82","34.091","21.59","3.60832356","0.98156211611309","0.815674546433167","19.502775432",
"3/5/1988","-63.4375","-7.02514982223511","82","30.673","23.251","21.062851344","1.01517526063189","0.905742362158593","14.269441338",
"3/6/1988","-63.4375","-7.02514982223511","82","28.661","21.353","0.0034332264","0.713423749531394","0.873793462597028","9.468680688",
"3/7/1988","-63.4375","-7.02514982223511","82","31.675","23.628","5.0090809464","1.40629286081591","0.859061032502404","19.390442472",
"3/8/1988","-63.4375","-7.02514982223511","82","29.321","21.165","9.3452488992","0.904802631547948","0.935119715164","18.124138782",
"3/9/1988","-63.4375","-7.02514982223511","82","34.127","20.868","3.378295944","0.544192773780565","0.870435738562311","17.97164658",
"3/10/1988","-63.4375","-7.02514982223511","82","33.154","22.201","12.205123272","1.01661545296225","0.888807990119403","23.6536884",
"3/11/1988","-63.4375","-7.02514982223511","82","27.646","22.18","0.765609984","1.24922028231286","0.850740870647023","10.154921112",
"3/12/1988","-63.4375","-7.02514982223511","82","27.68","21.723","0.1922606208","0.832871403932549","0.84614634971949","7.4555982",
"3/13/1988","-63.4375","-7.02514982223511","82","27.003","21.099","5.82961968","0.966047260157222","0.932575068222905","5.93201142",
"3/14/1988","-63.4375","-7.02514982223511","82","26.879","21.207","7.223510304","0.850256058822127","0.898364160445391","8.26880418",
"3/15/1988","-63.4375","-7.02514982223511","82","32.997","20.659","0.1441953","1.21081059894961","0.753963936489571","24.06003516",
"3/16/1988","-63.4375","-7.02514982223511","82","30.242","21.502","0.3467559456","1.61040189044788","0.815128433214219","16.31986614",
"3/17/1988","-63.4375","-7.02514982223511","82","29.096","22.288","8.46634302","1.21226431511015","0.910829109369063","14.857365888",
"3/18/1988","-63.4375","-7.02514982223511","82","23.513","21.385","33.9151464","0.897435079332705","0.978259101941993","2.40333768",
"3/19/1988","-63.4375","-7.02514982223511","82","34.135","20.492","1.4007568608","0.611232806082615","0.846404392514015","18.74126565",
"3/20/1988","-63.4375","-7.02514982223511","82","28.273","22.209","18.71795196","0.862220047312267","0.938688493795074","23.3566263",
"3/21/1988","-63.4375","-7.02514982223511","82","31.828","21.508","0.5321502","1.0889264028457","0.791701062780407","22.83338484",
"3/22/1988","-63.4375","-7.02514982223511","82","29.605","21.843","0.5802153192","0.90857996063723","0.874157278632195","11.40548004",
"3/23/1988","-63.4375","-7.02514982223511","82","33.881","21.549","1.28746044","0.68324438172463","0.815309776178357","19.5454764",
"3/24/1988","-63.4375","-7.02514982223511","82","31.8","20.213","2.561188968","1.23002133598947","0.805826350023473","22.634888472",
"3/25/1988","-63.4375","-7.02514982223511","82","29.473","22.088","0.666046152","1.16002307629737","0.870497041235054","12.70012896",
"3/26/1988","-63.4375","-7.02514982223511","82","31.546","23.207","7.225228296","0.993109037097665","0.88674647298775","18.0363312",
"3/27/1988","-63.4375","-7.02514982223511","82","29.383","22.482","16.1018388","1.1596465824795","0.929667171599994","14.9985594",
"3/28/1988","-63.4375","-7.02514982223511","82","29.98","22.485","8.01829674","0.895208791445491","0.927750313361754","16.06719942",
"3/29/1988","-63.4375","-7.02514982223511","82","26.398","22.929","20.365908264","0.885941495322648","0.968400565364677","16.45976808",
"3/30/1988","-63.4375","-7.02514982223511","82","32.043","22.597","6.43386762","0.940727217519618","0.886515348887279","19.3943844",
"3/31/1988","-63.4375","-7.02514982223511","82","31.584","20.021","7.12566216","0.821132631771058","0.848081356003767","26.8969527",
"4/1/1988","-63.4375","-7.02514982223511","82","31.956","21.899","7.37972532","0.750573759003449","0.874995606887126","26.83956978",
"4/2/1988","-63.4375","-7.02514982223511","82","30.874","22.792","9.58556952","0.823839702957812","0.919540990185888","20.05132338",
"4/3/1988","-63.4375","-7.02514982223511","82","30.337","22.904","11.2129222824","1.34230805805952","0.890782530660585","24.4780299",
"4/4/1988","-63.4375","-7.02514982223511","82","30.356","22.61","8.7015177072","0.666023532410479","0.933981445021698","19.011482568",
"4/5/1988","-63.4375","-7.02514982223511","82","27.527","22.221","41.6587955976","1.16647909375993","0.944119744015168","8.892168948",
"4/6/1988","-63.4375","-7.02514982223511","82","31.351","21.806","1.242828","0.779084700502879","0.893050389516175","13.86433008",
"4/7/1988","-63.4375","-7.02514982223511","82","28.962","22.666","8.98990776","1.05919245206271","0.930045876347403","21.04919208",
"4/8/1988","-63.4375","-7.02514982223511","82","31.719","23.204","6.899073336","1.10283144217531","0.920818729778861","18.1062549",
"4/9/1988","-63.4375","-7.02514982223511","82","28.952","23.931","4.6039592664","1.15767485360948","0.910282481381985","16.265535552",
"4/10/1988","-63.4375","-7.02514982223511","82","34.417","22.554","12.94670124","0.81338298418697","0.874252245317777","25.00424874",
"4/11/1988","-63.4375","-7.02514982223511","82","29.343","23.3","5.63564466","0.714685364767292","0.918407506333228","9.712175508",
"4/12/1988","-63.4375","-7.02514982223511","82","26.655","21.704","13.39473492","0.89330337028599","0.967999160803561","12.661654608",
"4/13/1988","-63.4375","-7.02514982223511","82","28.983","22.182","12.44115468","0.561160889901692","0.940417634117266","15.89591934",
"4/14/1988","-63.4375","-7.02514982223511","82","24.78","23.344","20.5092504","0.591023385580194","0.979383546475937","1.365468552",
"4/15/1988","-63.4375","-7.02514982223511","82","24.731","21.839","4.583363724","1.11120801742917","0.970140530141583","5.683106052",
"4/16/1988","-63.4375","-7.02514982223511","82","28.977","21.348","0.4926685248","0.998242344771028","0.864718532846373","11.640661182",
"4/17/1988","-63.4375","-7.02514982223511","82","30.36","21.241","1.781845632","0.924100555508351","0.86759539300976","13.35706866",
"4/18/1988","-63.4375","-7.02514982223511","82","30.823","21.509","4.351614912","1.32990865225587","0.858115446592304","25.06303332",
"4/19/1988","-63.4375","-7.02514982223511","82","29.306","23.031","0.8033753664","1.21619844695927","0.870039638145848","14.018858136",
"4/20/1988","-63.4375","-7.02514982223511","82","31.668","22.576","1.6307821944","0.866687011789224","0.871386478940527","17.028108432",
"4/21/1988","-63.4375","-7.02514982223511","82","31.565","22.369","3.6787018824","0.822500861226549","0.881805814067992","22.09050342",
"4/22/1988","-63.4375","-7.02514982223511","82","31.456","23.045","8.445738348","1.02841471672699","0.866232229150895","24.7853835",
"4/23/1988","-63.4375","-7.02514982223511","82","28.949","23.128","10.0559175984","1.11032845465088","0.905294227094745","19.68058386",
"4/24/1988","-63.4375","-7.02514982223511","82","28.771","23.253","15.416906112","0.721357638787952","0.939740861290366","17.020624032",
"4/25/1988","-63.4375","-7.02514982223511","82","24.051","21.674","20.2757829984","0.659130615135458","0.981263527996325","1.1432808",
"4/26/1988","-63.4375","-7.02514982223511","82","32.278","21.853","2.9465655984","0.658693643261779","0.860037674079133","20.523485592",
"4/27/1988","-63.4375","-7.02514982223511","82","29.779","20.515","2.2384665504","0.717073979983658","0.892628253886017","14.402874528",
"4/28/1988","-63.4375","-7.02514982223511","82","27.058","22.543","24.28837092","0.941335563257401","0.965242156776819","18.80741736",
"4/29/1988","-63.4375","-7.02514982223511","82","24.029","20.827","17.907716988","1.60185907093024","0.977626349014873","2.668952412",
"4/30/1988","-63.4375","-7.02514982223511","82","25.944","20.4","4.756736988","1.13854664133168","0.951222545998278","12.36121416",
"5/1/1988","-63.4375","-7.02514982223511","82","25.372","20.566","15.147399384","0.926198069793228","0.978258491140467","7.8616674",
"5/2/1988","-63.4375","-7.02514982223511","82","27.149","22.535","12.479780484","0.985866655569179","0.957884358009719","15.32058948",
"5/3/1988","-63.4375","-7.02514982223511","82","28.29","23.001","9.928895508","1.0253573342311","0.937785454671489","20.66816178",
"5/4/1988","-63.4375","-7.02514982223511","82","26.849","22.47","13.059993384","1.1466214704795","0.958973264168538","17.42101542",
"5/5/1988","-63.4375","-7.02514982223511","82","25.324","21.488","6.917953932","1.34700974396803","0.968350559949985","11.8372545",
"5/6/1988","-63.4375","-7.02514982223511","82","26.012","21.278","5.1858874368","1.10390881523383","0.962827240024657","9.297558",
"5/7/1988","-63.4375","-7.02514982223511","82","29.107","21.987","2.27966418","1.10125814781944","0.915307181048569","15.05087208",
"5/8/1988","-63.4375","-7.02514982223511","82","27.056","20.957","10.5365714832","0.711772996616833","0.960938623970263","17.27572662",
"5/9/1988","-63.4375","-7.02514982223511","82","25.853","22.226","9.376147152","1.13243497154771","0.96824160343432","11.903002848",
"5/10/1988","-63.4375","-7.02514982223511","82","32.187","21.889","0.501251004","0.845364872501389","0.832291222450747","16.318399968",
"5/11/1988","-63.4375","-7.02514982223511","82","29.344","20.622","5.05714266","0.970927160186741","0.900313545466644","16.56708408",
"5/12/1988","-63.4375","-7.02514982223511","82","31.729","21.252","1.9535060088","0.897302694133176","0.824440796989187","24.02167626",
"5/13/1988","-63.4375","-7.02514982223511","82","31.07","21.023","4.3155657","1.06213319317189","0.863512484621333","23.3434665",
"5/14/1988","-63.4375","-7.02514982223511","82","30.459","22.022","3.7559524104","1.10115264423202","0.86980846437171","11.84844492",
"5/15/1988","-63.4375","-7.02514982223511","82","33.244","22.407","5.881118832","1.2282679472438","0.813324635857512","23.60660544",
"5/16/1988","-63.4375","-7.02514982223511","82","31.457","23.094","9.540940824","1.26654574482036","0.867337294424685","19.8253692",
"5/17/1988","-63.4375","-7.02514982223511","82","28.906","21.612","7.12394568","1.01716517299723","0.926239560499695","17.99922168",
"5/18/1988","-63.4375","-7.02514982223511","82","29.099","20.688","3.5705559744","0.652298931986855","0.932306137836494","16.827638652",
"5/19/1988","-63.4375","-7.02514982223511","82","31.631","22.128","2.1286003248","0.928815982862639","0.893674670274115","14.78345652",
"5/20/1988","-63.4375","-7.02514982223511","82","31.149","21.944","7.800288732","1.05264717609174","0.875144627656546","20.10870108",
"5/21/1988","-63.4375","-7.02514982223511","82","33.117","21.155","2.2865286456","0.719857882706962","0.82639371205937","21.33168786",
"5/22/1988","-63.4375","-7.02514982223511","82","32.818","20.938","4.638294684","0.825794869118625","0.814865265573088","23.1667398",
"5/23/1988","-63.4375","-7.02514982223511","82","33","21.285","5.917168152","0.72556629348173","0.87618431455862","21.9875076",
"5/24/1988","-63.4375","-7.02514982223511","82","31.251","23.051","5.3661340728","0.74377970784484","0.913210171226767","19.07499672",
"5/25/1988","-63.4375","-7.02514982223511","82","26.619","21.11","18.45016488","0.735920410821657","0.968186839418024","11.6318799",
"5/26/1988","-63.4375","-7.02514982223511","82","26.552","22.355","13.26942792","0.905509988525999","0.963142238221238","14.6036259",
"5/27/1988","-63.4375","-7.02514982223511","82","28.86","20.752","3.67698276","0.941419211110745","0.927564898396665","15.966108",
"5/28/1988","-63.4375","-7.02514982223511","82","31.288","20.912","2.2968293328","0.789152391818863","0.852628562000208","20.7498924",
"5/29/1988","-63.4375","-7.02514982223511","82","30.28","21.027","2.1217338504","0.773408818489707","0.88256291466117","18.29778768",
"5/30/1988","-63.4375","-7.02514982223511","82","30.693","22.618","10.855868688","0.711042972372553","0.909506882824813","20.37492198",
"5/31/1988","-63.4375","-7.02514982223511","82","24.055","19.004","10.02158424","1.82570251652311","0.960260019146712","2.882980908",
"6/1/1988","-63.4375","-7.02514982223511","82","26.754","17.823","0.061798032","1.88034658909776","0.803432159095365","18.122285232",
"6/2/1988","-63.4375","-7.02514982223511","82","30.36","18.866","0","1.6038826770044","0.753318021794318","20.88753192",
"6/3/1988","-63.4375","-7.02514982223511","82","33.147","18.297","0.03948228","0.846453399361029","0.733510747116884","22.62256758",
"6/4/1988","-63.4375","-7.02514982223511","82","25.352","20.993","4.6794861288","1.26307974582754","0.947177266122172","8.62093332",
"6/5/1988","-63.4375","-7.02514982223511","82","28.475","18.722","0.53558334","1.60083910335186","0.792076923913721","20.23497864",
"6/6/1988","-63.4375","-7.02514982223511","82","31.727","17.568","0.113296572","1.07821776519232","0.754399767017527","22.64230728",
"6/7/1988","-63.4375","-7.02514982223511","82","33.054","19.046","2.16636552","1.03031110249748","0.812476781750105","19.901358",
"6/8/1988","-63.4375","-7.02514982223511","82","28.999","19.305","2.132034768","1.07676927362591","0.875765541026534","12.17036088",
"6/9/1988","-63.4375","-7.02514982223511","82","32.122","20.429","0","1.65175622960551","0.681958448496042","21.2409",
"6/10/1988","-63.4375","-7.02514982223511","82","32.067","19.458","0","1.65151251088881","0.66189174281542","22.7851326",
"6/11/1988","-63.4375","-7.02514982223511","82","32.097","20.38","1.239397524","1.50394742459201","0.700988114747514","22.34857518",
"6/12/1988","-63.4375","-7.02514982223511","82","29.425","18.022","2.7963639","0.726525943138049","0.857378634078865","14.67128916",
"6/13/1988","-63.4375","-7.02514982223511","82","30.307","20.226","0.0068664528","0.954816473039888","0.778848510530626","10.383185952",
"6/14/1988","-63.4375","-7.02514982223511","82","33.062","21.78","0","1.29885936677353","0.691045316166322","18.21735216",
"6/15/1988","-63.4375","-7.02514982223511","82","32.782","20.103","0","1.30035726743524","0.638389573987483","22.4314263",
"6/16/1988","-63.4375","-7.02514982223511","82","31.328","21.262","0.8995064472","0.963097241219394","0.78453247340939","11.74195962",
"6/17/1988","-63.4375","-7.02514982223511","82","34.039","18.169","2.93197428","0.848265641368141","0.778869572829186","16.2767268",
"6/18/1988","-63.4375","-7.02514982223511","82","32.856","21.15","1.050569136","1.38207176693899","0.770041509242619","18.3847518",
"6/19/1988","-63.4375","-7.02514982223511","82","33.818","21.508","0","1.000074267753","0.694530497871637","21.30474078",
"6/20/1988","-63.4375","-7.02514982223511","82","32.192","21.732","1.2393947664","1.33613072555422","0.793940278288489","16.1814933",
"6/21/1988","-63.4375","-7.02514982223511","82","31.409","21.255","0.3879548712","1.1228492056403","0.86279892047978","11.30163696",
"6/22/1988","-63.4375","-7.02514982223511","82","30.446","21.698","5.20133796","0.951910156529763","0.898710964857621","21.9182085",
"6/23/1988","-63.4375","-7.02514982223511","82","33.666","20.949","0.0102996792","0.907111841934574","0.766064631874535","18.9036513",
"6/24/1988","-63.4375","-7.02514982223511","82","34.218","17.885","0","1.13561258334468","0.659133577526797","22.39104582",
"6/25/1988","-63.4375","-7.02514982223511","82","32.706","19.747","0","1.21408050478164","0.692450148984738","21.7280286",
"6/26/1988","-63.4375","-7.02514982223511","82","34.592","20.091","0","0.809126325716505","0.73221292791493","16.40008602",
"6/27/1988","-63.4375","-7.02514982223511","82","34.281","21.983","0","0.944417691588885","0.63455458828666","16.4973996",
"6/28/1988","-63.4375","-7.02514982223511","82","30.174","22.642","8.4388752","0.963464933563362","0.803109576325201","22.14315396",
"6/29/1988","-63.4375","-7.02514982223511","82","33.631","20.509","0","1.27307512370777","0.659701037717126","20.7470295",
"6/30/1988","-63.4375","-7.02514982223511","82","31.754","20.13","0.158786676","1.18096085357636","0.69456644545563","16.6731228",
"7/1/1988","-63.4375","-7.02514982223511","82","33.288","18.394","0","1.03219212575093","0.624808266523717","14.42829132",
"7/2/1988","-63.4375","-7.02514982223511","82","34.528","15.546","0","1.07498872973116","0.62160706673776","20.8176759",
"7/3/1988","-63.4375","-7.02514982223511","82","34.606","18.587","0","1.23648511016971","0.621637236520803","22.82985414",
"7/4/1988","-63.4375","-7.02514982223511","82","32.331","20.868","0.0171661464","1.25776784314611","0.693516411001629","17.5845339",
"7/5/1988","-63.4375","-7.02514982223511","82","33.509","18.536","0","0.961872692044466","0.696448889794689","21.95392644",
"7/6/1988","-63.4375","-7.02514982223511","82","33.847","21.043","0","1.07399784371534","0.568197179465864","23.27326344",
"7/7/1988","-63.4375","-7.02514982223511","82","33.712","16.674","0","1.33001659059042","0.51045456172262","23.521500288",
"7/8/1988","-63.4375","-7.02514982223511","82","33.403","19.791","0","1.61115763076755","0.536762228366154","23.0030406",
"7/9/1988","-63.4375","-7.02514982223511","82","33.714","20.455","0","1.56793258739373","0.523894590162672","23.07122316",
"7/10/1988","-63.4375","-7.02514982223511","82","33.214","22.935","0.0102996864","1.27374602689191","0.525217951959602","16.80170436",
"7/11/1988","-63.4375","-7.02514982223511","82","31.248","20.25","0","2.3400651092417","0.548550254279935","17.748334332",
"7/12/1988","-63.4375","-7.02514982223511","82","30.423","18.969","0","2.32383601595025","0.548761056370388","23.417714808",
"7/13/1988","-63.4375","-7.02514982223511","82","30.737","16.805","0","1.73198773061222","0.534548472358154","23.520710592",
"7/14/1988","-63.4375","-7.02514982223511","82","32.887","17.686","0","1.24882025498924","0.546824600823609","23.45597028",
"7/15/1988","-63.4375","-7.02514982223511","82","33.32","20.743","0","1.25341103592721","0.488001422450038","21.8794437",
"7/16/1988","-63.4375","-7.02514982223511","82","34.056","18.286","0","1.38119676387458","0.420301281510861","24.18047172",
"7/17/1988","-63.4375","-7.02514982223511","82","32.385","15.97","0","1.01480139454318","0.53393682879184","13.849366572",
"7/18/1988","-63.4375","-7.02514982223511","82","34.325","17.117","0","1.25515213144036","0.496559347848903","23.387392872",
"7/19/1988","-63.4375","-7.02514982223511","82","33.955","22.711","0","1.19277648979513","0.454457801914037","17.0654076",
"7/20/1988","-63.4375","-7.02514982223511","82","34.172","23.47","0","1.37255784610538","0.458104298665625","18.96884892",
"7/21/1988","-63.4375","-7.02514982223511","82","33.326","18.055","0","1.04642646302857","0.588568076951186","15.946988202",
"7/22/1988","-63.4375","-7.02514982223511","82","36.422","19.306","0","0.822771896500789","0.592630991190843","13.6452384",
"7/23/1988","-63.4375","-7.02514982223511","82","34.608","18.966","0","1.01192568743938","0.594383407575587","14.20661898",
"7/24/1988","-63.4375","-7.02514982223511","82","33.221","23.072","0","1.32595615606087","0.515240385869262","15.32013588",
"7/25/1988","-63.4375","-7.02514982223511","82","32.521","21.083","0","2.06012323501027","0.471391216395698","24.2564643",
"7/26/1988","-63.4375","-7.02514982223511","82","32.782","14.878","0","1.48699255516877","0.560378583781901","24.20268336",
"7/27/1988","-63.4375","-7.02514982223511","82","36.206","14.09","0","0.810594148134342","0.59821845750024","24.25061016",
"7/28/1988","-63.4375","-7.02514982223511","82","33.289","15.929","0","1.21061838879641","0.54662868600919","19.397982168",
"7/29/1988","-63.4375","-7.02514982223511","82","37.288","15.86","0","0.938407078379955","0.555921069806992","18.178596432",
"7/30/1988","-63.4375","-7.02514982223511","82","37.039","22.589","0","0.849449468035302","0.528593603846045","16.69905162",
"7/31/1988","-63.4375","-7.02514982223511","82","33.355","17.239","0","1.4889889322265","0.523127507330522","15.26956641",
"8/1/1988","-63.4375","-7.02514982223511","82","36.137","15.685","0","1.39271813927909","0.395523279945336","25.31497356",
"8/2/1988","-63.4375","-7.02514982223511","82","36.212","18.667","0","1.46041407213699","0.375351671055735","25.17018516",
"8/3/1988","-63.4375","-7.02514982223511","82","36.873","18.22","0","1.17556004216549","0.389336883409414","24.673275",
"8/4/1988","-63.4375","-7.02514982223511","82","36.486","19.664","0","1.41382005477428","0.444947842307129","21.308290128",
"8/5/1988","-63.4375","-7.02514982223511","82","35.406","19.417","0","1.27215498419616","0.479694494639786","14.531511132",
"8/6/1988","-63.4375","-7.02514982223511","82","37.557","18.339","0","1.19518226652749","0.410339770936498","25.272391248",
"8/7/1988","-63.4375","-7.02514982223511","82","36.695","18.342","0","1.64526119149762","0.38448326717119","24.0121728",
"8/8/1988","-63.4375","-7.02514982223511","82","38.17","21.128","0","1.52404050050775","0.389038075087943","25.544416032",
"8/9/1988","-63.4375","-7.02514982223511","82","37.449","16.921","0","1.44546658979238","0.429765373494076","22.809593592",
"8/10/1988","-63.4375","-7.02514982223511","82","37.716","21.184","0","1.67530324205584","0.346812789587895","25.7240151",
"8/11/1988","-63.4375","-7.02514982223511","82","38.554","25.002","0","1.28180765323577","0.32197742073315","24.0026625",
"8/12/1988","-63.4375","-7.02514982223511","82","35.318","18.707","0","0.991809465113653","0.433625806895204","14.177582928",
"8/13/1988","-63.4375","-7.02514982223511","82","38.514","17.43","0","1.29483816737413","0.365790569432079","25.6408326",
"8/14/1988","-63.4375","-7.02514982223511","82","37.619","22.167","0","1.37959655805664","0.478896916122504","18.211048992",
"8/15/1988","-63.4375","-7.02514982223511","82","36.969","19.517","0","1.07715642456367","0.508734828465459","19.027125072",
"8/16/1988","-63.4375","-7.02514982223511","82","38.01","19.138","0","0.796457798493591","0.513550239543057","7.48833876",
"8/17/1988","-63.4375","-7.02514982223511","82","38.217","19.136","0","1.04006904733897","0.455525369576054","18.213467868",
"8/18/1988","-63.4375","-7.02514982223511","82","38.904","15.365","0","1.38301622850074","0.333403801822591","27.007543368",
"8/19/1988","-63.4375","-7.02514982223511","82","39.18","16.927","0","1.35040967587392","0.283320383894655","26.818198272",
"8/20/1988","-63.4375","-7.02514982223511","82","38.99","18.73","0","1.27506370213641","0.312824011149954","26.596008",
"8/21/1988","-63.4375","-7.02514982223511","82","39.646","15.229","0","1.18156552254021","0.346480748961303","26.845589232",
"8/22/1988","-63.4375","-7.02514982223511","82","39.228","15.45","0","1.19723199434317","0.309251835413362","27.12347082",
"8/23/1988","-63.4375","-7.02514982223511","82","40.865","16.762","0","1.06087864559552","0.294834880108802","27.238668192",
"8/24/1988","-63.4375","-7.02514982223511","82","40.315","16.554","0","1.31303596738838","0.305619953009578","26.92608066",
"8/25/1988","-63.4375","-7.02514982223511","82","39.577","21.926","0","1.38838821404352","0.462192522760658","16.9038009",
"8/26/1988","-63.4375","-7.02514982223511","82","41.909","24.755","0","1.31728283616317","0.396699336756794","19.82666376",
"8/27/1988","-63.4375","-7.02514982223511","82","39.947","24.138","0","1.50381170245192","0.423266957150413","21.653381808",
"8/28/1988","-63.4375","-7.02514982223511","82","40.913","23.303","0","1.22377070628184","0.480296803557489","17.558102088",
"8/29/1988","-63.4375","-7.02514982223511","82","38.793","22.671","0","1.35110586713707","0.436944279281392","14.76534672",
"8/30/1988","-63.4375","-7.02514982223511","82","41.898","25.484","0","1.12634236446102","0.427593547464714","18.078303528",
"8/31/1988","-63.4375","-7.02514982223511","82","40.021","24.292","0","1.26885714979203","0.456761346181319","17.90549964",
"9/1/1988","-63.4375","-7.02514982223511","82","38.747","21.09","0","1.09990575868209","0.439831574116419","16.198481448",
"9/2/1988","-63.4375","-7.02514982223511","82","40.694","23.531","0","1.01126449202464","0.48894989698569","16.891316352",
"9/3/1988","-63.4375","-7.02514982223511","82","41.938","19.199","0","1.00018067202745","0.442295331052156","16.8944589",
"9/4/1988","-63.4375","-7.02514982223511","82","39.942","20.107","0","1.1992408472009","0.401396756433809","25.1261442",
"9/5/1988","-63.4375","-7.02514982223511","82","36.273","23.424","0.23345946","1.85107124215635","0.481751153404196","19.12022496",
"9/6/1988","-63.4375","-7.02514982223511","82","38.89","25.22","0.08583066","1.56089292334521","0.479959435653961","17.54386596",
"9/7/1988","-63.4375","-7.02514982223511","82","41.897","26.341","0","1.20063524414159","0.417468589254972","13.156199532",
"9/8/1988","-63.4375","-7.02514982223511","82","38.131","24.582","0","1.39220408371771","0.457492393536751","19.445682168",
"9/9/1988","-63.4375","-7.02514982223511","82","39.355","22.927","0","1.06272807048181","0.487028910444","21.014607168",
"9/10/1988","-63.4375","-7.02514982223511","82","40.037","25.034","0","1.22202077114806","0.452276544644199","20.188180728",
"9/11/1988","-63.4375","-7.02514982223511","82","39.658","21.285","0","1.44646317706914","0.472880494568579","17.59854132",
"9/12/1988","-63.4375","-7.02514982223511","82","38.065","23.147","0","1.73975154430333","0.417601772470527","21.746422512",
"9/13/1988","-63.4375","-7.02514982223511","82","38.675","23.677","0","1.90790239907894","0.421480555984218","26.976828528",
"9/14/1988","-63.4375","-7.02514982223511","82","37.747","23.105","0.62484768","1.41384764665218","0.523765774765228","23.25285054",
"9/15/1988","-63.4375","-7.02514982223511","82","37.877","22.226","0.62828082","1.13249027157978","0.545727034925811","13.73900256",
"9/16/1988","-63.4375","-7.02514982223511","82","37.826","22.075","0.961303464","0.942483199445807","0.586066377877284","16.00211088",
"9/17/1988","-63.4375","-7.02514982223511","82","33.995","19.114","0","1.39284620627634","0.602977380807273","13.65496812",
"9/18/1988","-63.4375","-7.02514982223511","82","35.693","20.205","0.044631972","1.29063237490097","0.578154371681639","17.4941991",
"9/19/1988","-63.4375","-7.02514982223511","82","39.908","19.139","0","1.3287924354268","0.430686545769753","28.2702375",
"9/20/1988","-63.4375","-7.02514982223511","82","38.366","19.775","0","1.4172944108254","0.416895725781748","23.39392806",
"9/21/1988","-63.4375","-7.02514982223511","82","37.536","24.072","0.1373292","1.61441678239309","0.513902752188513","20.8274049",
"9/22/1988","-63.4375","-7.02514982223511","82","33.489","22.394","4.751586792","1.57635395838856","0.754490507237434","13.460005998",
"9/23/1988","-63.4375","-7.02514982223511","82","36.395","20.588","0.058364856","1.0931647715712","0.590044562809011","19.0964754",
"9/24/1988","-63.4375","-7.02514982223511","82","40.624","22.142","0.11329668","1.22193063499396","0.478566235996333","15.199875432",
"9/25/1988","-63.4375","-7.02514982223511","82","44","26.051","0","1.12899479217486","0.372340567003213","27.312475392",
"9/26/1988","-63.4375","-7.02514982223511","82","38.313","23.991","0","1.58869009670682","0.432436699611093","15.439556448",
"9/27/1988","-63.4375","-7.02514982223511","82","40.794","23.417","0","1.32533062459649","0.461726461359758","10.913337702",
"9/28/1988","-63.4375","-7.02514982223511","82","42.904","26.267","0.00686646","1.37889063614583","0.332502197621436","21.64528494",
"9/29/1988","-63.4375","-7.02514982223511","82","36.787","27.035","0","1.61174592162726","0.421233481816431","22.52384874",
"9/30/1988","-63.4375","-7.02514982223511","82","37.728","23.606","0.298690488","1.4934736874863","0.589571884878358","16.39805724",
"10/1/1988","-63.4375","-7.02514982223511","82","37.496","23.477","0","1.66787917993733","0.59668916519047","13.98448332",
"10/2/1988","-63.4375","-7.02514982223511","82","37.037","22.019","0.50640084","1.34362588843735","0.5983137544816","18.17465508",
"10/3/1988","-63.4375","-7.02514982223511","82","37.935","22.548","0.38280492","1.4636867372504","0.602272360603416","16.63880472",
"10/4/1988","-63.4375","-7.02514982223511","82","38.889","22.758","0.4840852464","1.46911789541593","0.568296225171107","14.30516592",
"10/5/1988","-63.4375","-7.02514982223511","82","37.992","21.652","0.0171661464","1.1061993451275","0.577589323991258","17.80993476",
"10/6/1988","-63.4375","-7.02514982223511","82","32.943","22.522","8.9452771992","1.25883093926276","0.749693782255066","27.131794992",
"10/7/1988","-63.4375","-7.02514982223511","82","33.246","22.82","9.060288516","0.881668888627802","0.823553377043423","23.39639892",
"10/8/1988","-63.4375","-7.02514982223511","82","35.958","21.524","1.4179215384","1.16168233683445","0.713420506042271","11.880169272",
"10/9/1988","-63.4375","-7.02514982223511","82","37.355","22.273","0.044631972","1.01914448034025","0.607355543003115","10.31928516",
"10/10/1988","-63.4375","-7.02514982223511","82","39.812","22.378","0","0.983195566160636","0.536608051477659","17.38546992",
"10/11/1988","-63.4375","-7.02514982223511","82","37.395","23.693","0.0617980968","1.10467853542768","0.611328702088745","14.776315128",
"10/12/1988","-63.4375","-7.02514982223511","82","37.705","22.319","0.0652313232","1.27443601222133","0.647344051536422","16.97141592",
"10/13/1988","-63.4375","-7.02514982223511","82","25.25","21.242","15.82974936","1.31545033185423","0.950070558691185","2.831006808",
"10/14/1988","-63.4375","-7.02514982223511","82","32.478","21.264","0.5081173704","1.16233706965622","0.810425577473837","15.176475252",
"10/15/1988","-63.4375","-7.02514982223511","82","38.854","21.046","2.5088301864","0.994568437589732","0.634483815992566","18.79064712",
"10/16/1988","-63.4375","-7.02514982223511","82","25.337","23.199","5.283736848","0.934074795311923","0.928873891873117","1.899788148",
"10/17/1988","-63.4375","-7.02514982223511","82","34.201","22.275","4.80137292","1.29088013761066","0.861494860215629","13.2738804",
"10/18/1988","-63.4375","-7.02514982223511","82","31.016","21.056","21.497150376","1.16692066556363","0.848334193257903","12.202598772",
"10/19/1988","-63.4375","-7.02514982223511","82","35.818","21.704","1.999854396","1.41318700853406","0.707745179405379","21.0913326",
"10/20/1988","-63.4375","-7.02514982223511","82","36.475","22.284","0.211143492","1.34985300036461","0.614538381644827","18.55856052",
"10/21/1988","-63.4375","-7.02514982223511","82","36.476","21.48","0.43086996","1.31300950404512","0.624307515514274","18.25599348",
"10/22/1988","-63.4375","-7.02514982223511","82","35.939","21.34","0","1.10326890692947","0.620214819911492","17.141121",
"10/23/1988","-63.4375","-7.02514982223511","82","37.058","24.037","0","1.06298876640358","0.488854941501695","19.70988516",
"10/24/1988","-63.4375","-7.02514982223511","82","36.273","21.69","0","1.21030341697683","0.514024658218607","23.347567152",
"10/25/1988","-63.4375","-7.02514982223511","82","40.141","19.403","0","1.54454663804708","0.441556372294373","29.79467136",
"10/26/1988","-63.4375","-7.02514982223511","82","43.999","19.162","0","0.920619135110269","0.405768397558385","21.77116992",
"10/27/1988","-63.4375","-7.02514982223511","82","41.273","22.361","3.62033874","1.20902989887954","0.62135065891735","11.281328208",
"10/28/1988","-63.4375","-7.02514982223511","82","32.264","21.483","0.7467273072","1.37560942525525","0.800454036258898","19.9032768",
"10/29/1988","-63.4375","-7.02514982223511","82","36.429","20.886","0","1.29159866234721","0.665106481261868","17.01741744",
"10/30/1988","-63.4375","-7.02514982223511","82","36.972","22.599","0.00686646","1.28490066083261","0.589339924135859","18.69975216",
"10/31/1988","-63.4375","-7.02514982223511","82","36.853","25.258","0.0995637456","1.34817220944141","0.533051258498044","19.63333548",
"11/1/1988","-63.4375","-7.02514982223511","82","37.405","22.364","2.02732344","1.33547460958787","0.630800569339324","10.25026992",
"11/2/1988","-63.4375","-7.02514982223511","82","37.613","21.365","2.9680272","1.17637901738288","0.617592986365352","21.99353256",
"11/3/1988","-63.4375","-7.02514982223511","82","27.979","20.093","29.7884088","1.38210482912891","0.907306554793421","8.3305143",
"11/4/1988","-63.4375","-7.02514982223511","82","36.59","22.026","1.032542532","0.971335502549612","0.737779015678251","16.55387064",
"11/5/1988","-63.4375","-7.02514982223511","82","36.511","22.153","1.544094108","1.14576528552548","0.714675201638373","16.37955216",
"11/6/1988","-63.4375","-7.02514982223511","82","31.383","22.551","3.96537732","1.45011766271582","0.785665507365307","20.23700796",
"11/7/1988","-63.4375","-7.02514982223511","82","36.253","22.095","0.0617981184","1.51345761142864","0.674672576426346","17.28382734",
"11/8/1988","-63.4375","-7.02514982223511","82","30.097","21.434","16.1584833672","0.993586053654693","0.891404243743319","26.39053098",
"11/9/1988","-63.4375","-7.02514982223511","82","36.136","20.956","3.10192056","0.974380945812899","0.701398626458188","9.64248984",
"11/10/1988","-63.4375","-7.02514982223511","82","34.779","22.073","0.0274658328","1.44990556936843","0.564448220211647","18.49950252",
"11/11/1988","-63.4375","-7.02514982223511","82","34.273","22.227","0.1321793064","1.23137466935327","0.672073681778015","16.5417732",
"11/12/1988","-63.4375","-7.02514982223511","82","31.371","22.536","14.30625726","1.27864963344706","0.867455411178533","13.08380994",
"11/13/1988","-63.4375","-7.02514982223511","82","29.332","20.521","3.984261444","0.975530997834277","0.856784786644118","8.36330724",
"11/14/1988","-63.4375","-7.02514982223511","82","30.916","20.106","0.158786784","1.05725398688416","0.782304446597757","11.1715254",
"11/15/1988","-63.4375","-7.02514982223511","82","30.149","22.202","0.0274658184","0.801513214357039","0.741746787657351","6.54952194",
"11/16/1988","-63.4375","-7.02514982223511","82","34.527","23.095","0","1.31342846161094","0.64973826063019","17.83490328",
"11/17/1988","-63.4375","-7.02514982223511","82","35.708","21.895","3.09162456","0.941830821007713","0.685038359196689","18.89994618",
"11/18/1988","-63.4375","-7.02514982223511","82","31.005","21.759","34.304782356","1.15707760699844","0.849606280040982","17.543421",
"11/19/1988","-63.4375","-7.02514982223511","82","35.795","21.925","0.262642392","1.15270789811551","0.717698233546404","15.86598858",
"11/20/1988","-63.4375","-7.02514982223511","82","30.629","22.536","20.72639736","1.19591566496929","0.871483101070206","27.21689622",
"11/21/1988","-63.4375","-7.02514982223511","82","29.251","20.898","7.33509108","1.04109670604422","0.891059574869788","11.4185259",
"11/22/1988","-63.4375","-7.02514982223511","82","34.953","21.458","3.819464892","1.35518117608514","0.766873679971475","21.3984468",
"11/23/1988","-63.4375","-7.02514982223511","82","31.149","22.898","3.6031719816","1.2400017634105","0.844829440209941","17.27898966",
"11/24/1988","-63.4375","-7.02514982223511","82","34.274","23.493","3.6546697584","0.815593256266294","0.801960999826446","20.5301232",
"11/25/1988","-63.4375","-7.02514982223511","82","34.811","23.11","11.7347658264","0.974224948475865","0.871961555050508","19.95784182",
"11/26/1988","-63.4375","-7.02514982223511","82","32.05","23.802","7.5771328464","1.23080005987785","0.878072397392882","22.31156322",
"11/27/1988","-63.4375","-7.02514982223511","82","29.854","22.582","14.63928552","1.38550108913205","0.885266034078703","13.8907746",
"11/28/1988","-63.4375","-7.02514982223511","82","31.598","23.006","1.143262764","0.842029403493005","0.852969350885772","10.018233",
"11/29/1988","-63.4375","-7.02514982223511","82","31.629","22.806","6.64329924","1.10489885819384","0.882830211244218","16.22913192",
"11/30/1988","-63.4375","-7.02514982223511","82","28.207","21.705","19.6947134064","0.834322365626005","0.931127998989969","25.6084866",
"12/1/1988","-63.4375","-7.02514982223511","82","29.911","22.959","9.02080548","0.973675379068302","0.878167051708984","9.77928822",
"12/2/1988","-63.4375","-7.02514982223511","82","26.997","22.366","31.9187196","0.653278122784426","0.959485212572051","17.83765782",
"12/3/1988","-63.4375","-7.02514982223511","82","28.915","21.685","13.39645644","1.40044428700883","0.862975242922423","16.1493219",
"12/4/1988","-63.4375","-7.02514982223511","82","27.657","21.792","1.714896072","1.25859053878884","0.881585294892302","13.02283224",
"12/5/1988","-63.4375","-7.02514982223511","82","28.919","21.798","0.5802154128","0.644998921221803","0.865004294584505","13.298796",
"12/6/1988","-63.4375","-7.02514982223511","82","30.822","22.137","9.074027304","0.836872449466237","0.847856650031293","25.5318192",
"12/7/1988","-63.4375","-7.02514982223511","82","27.779","21.977","33.24221748","0.651680806786793","0.954807338300456","21.7591893",
"12/8/1988","-63.4375","-7.02514982223511","82","28.409","22.653","12.697793172","0.770276477779619","0.941968897968506","20.1900384",
"12/9/1988","-63.4375","-7.02514982223511","82","32.965","22.119","0.8462907","1.25215253159548","0.75655585216975","21.6938799",
"12/10/1988","-63.4375","-7.02514982223511","82","33.691","21.188","4.72755708","0.983265108387689","0.787333812046851","23.56374708",
"12/11/1988","-63.4375","-7.02514982223511","82","27.979","21.724","35.1511037424","0.96180363593956","0.936264054009481","13.3990938",
"12/12/1988","-63.4375","-7.02514982223511","82","25.245","21.311","22.4052620544","0.783794027320934","0.958326499756663","7.15415364",
"12/13/1988","-63.4375","-7.02514982223511","82","26.16","20.749","2.3826569976","0.766800646691826","0.944182166365395","7.29950436",
"12/14/1988","-63.4375","-7.02514982223511","82","23.803","21.13","7.182311256","0.592839934071893","0.971783796404775","3.756933",
"12/15/1988","-63.4375","-7.02514982223511","82","28.908","21.004","1.819609992","0.755828140804612","0.895142315030975","9.05101488",
"12/16/1988","-63.4375","-7.02514982223511","82","28.507","22.057","7.917022548","0.781048978440973","0.943724460434618","11.11184712",
"12/17/1988","-63.4375","-7.02514982223511","82","25.501","21.519","6.1386057432","0.727298494098088","0.96840001362631","4.07812536",
"12/18/1988","-63.4375","-7.02514982223511","82","32.88","21.747","7.3719949032","0.847114561001441","0.88202617084017","24.35180634",
"12/19/1988","-63.4375","-7.02514982223511","82","26.289","22.97","7.124802588","1.15306404507802","0.945973748588351","15.0414165",
"12/20/1988","-63.4375","-7.02514982223511","82","27.893","22.483","5.7643899048","0.938972016477127","0.923202316263665","13.60879182",
"12/21/1988","-63.4375","-7.02514982223511","82","27.006","22.221","4.6863591192","0.806038706227869","0.924120028664453","13.7050884",
"12/22/1988","-63.4375","-7.02514982223511","82","31.924","21.681","2.2178642256","1.0517985772555","0.843768824564495","17.82568602",
"12/23/1988","-63.4375","-7.02514982223511","82","29.015","21.928","1.5449518584","1.19589578732225","0.877299557746374","14.5037763",
"12/24/1988","-63.4375","-7.02514982223511","82","30.04","21.178","6.1892467992","1.09142065350942","0.896454852933589","20.3631723",
"12/25/1988","-63.4375","-7.02514982223511","82","29.397","21.103","4.242613644","0.960713595298682","0.928710406738504","13.62926268",
"12/26/1988","-63.4375","-7.02514982223511","82","29.479","21.168","7.2406736712","0.827550503045044","0.921509848282097","23.28744942",
"12/27/1988","-63.4375","-7.02514982223511","82","30.842","21.741","20.238021","0.65932654783861","0.920235768600542","21.76695342",
"12/28/1988","-63.4375","-7.02514982223511","82","27.52","21.264","11.597437656","0.697565378738566","0.956526099427674","19.37148786",
"12/29/1988","-63.4375","-7.02514982223511","82","31.603","22.185","5.5034623368","1.28016009861566","0.873980808530051","22.751379",
"12/30/1988","-63.4375","-7.02514982223511","82","31.797","21.758","5.3292222648","0.921226714569002","0.880358397242533","25.71631632",
"12/31/1988","-63.4375","-7.02514982223511","82","31.786","21.967","14.94397818","0.648664868439745","0.882523465220644","24.0432237",
"1/1/1989","-63.4375","-7.02514982223511","82","29.779","22.218","17.13180078","0.815096098759739","0.934680390788945","22.2623406",
"1/2/1989","-63.4375","-7.02514982223511","82","28.331","23.712","17.5558066704","0.457878714356687","0.944470105867941","21.81842154",
"1/3/1989","-63.4375","-7.02514982223511","82","28.438","22.554","26.48734416","0.556413302999648","0.947342249501225","20.52416466",
"1/4/1989","-63.4375","-7.02514982223511","82","24.563","20.538","117.3803634","1.2725395253629","0.972942533865402","5.12605818",
"1/5/1989","-63.4375","-7.02514982223511","82","32.103","21.397","0.453186072","0.90354118326354","0.818586134592326","19.4502312",
"1/6/1989","-63.4375","-7.02514982223511","82","30.424","22.501","3.89499912","1.29841673253028","0.852324232603244","20.76940854",
"1/7/1989","-63.4375","-7.02514982223511","82","27.375","20.961","8.9332534368","0.872726352772159","0.950856155352009","18.91946376",
"1/8/1989","-63.4375","-7.02514982223511","82","27.094","22.795","10.3408768224","0.810750608518472","0.938305625628918","14.4011862",
"1/9/1989","-63.4375","-7.02514982223511","82","27.698","22.079","2.20584834","1.22372069863884","0.869879608552764","14.53157208",
"1/10/1989","-63.4375","-7.02514982223511","82","29.723","21.025","20.3075333064","0.80318576743891","0.902446538983511","22.678878132",
"1/11/1989","-63.4375","-7.02514982223511","82","23.811","20.874","36.062640792","0.99341626361246","0.973756327359279","4.791380508",
"1/12/1989","-63.4375","-7.02514982223511","82","28.829","20.584","0.858307392","0.681625724734752","0.871201566086078","13.96923282",
"1/13/1989","-63.4375","-7.02514982223511","82","30.873","20.992","6.2398914264","0.827822419076766","0.869445953326656","19.19249928",
"1/14/1989","-63.4375","-7.02514982223511","82","25.987","21.634","7.40718756","0.77653007745975","0.957582477904361","9.89758566",
"1/15/1989","-63.4375","-7.02514982223511","82","31.077","21.817","0.3433228344","1.01511467375692","0.83132740516649","20.63953026",
"1/16/1989","-63.4375","-7.02514982223511","82","29.587","21.347","11.205199044","0.948122623915604","0.887074644295168","27.3054906",
"1/17/1989","-63.4375","-7.02514982223511","82","29.313","22.738","8.83884672","0.844580034935219","0.925816580807839","14.499951732",
"1/18/1989","-63.4375","-7.02514982223511","82","31.894","21.015","10.704802788","0.873946951704128","0.853375818666345","22.62031686",
"1/19/1989","-63.4375","-7.02514982223511","82","33.069","21.237","6.402967812","1.05486970088084","0.843839816738841","19.8752652",
"1/20/1989","-63.4375","-7.02514982223511","82","35.554","21.686","4.854583944","0.713554101669751","0.774208714382957","27.69923826",
"1/21/1989","-63.4375","-7.02514982223511","82","31.561","23.485","17.39616264","0.839304427959939","0.888868357114279","27.993714192",
"1/22/1989","-63.4375","-7.02514982223511","82","31.827","23.575","16.465756284","0.720327075702515","0.871431123080961","20.18266416",
"1/23/1989","-63.4375","-7.02514982223511","82","25.543","22.315","43.3960092","0.938414360204236","0.968566869215576","9.95911884",
"1/24/1989","-63.4375","-7.02514982223511","82","29.232","20.118","21.109196304","0.783484762187729","0.909168664472488","17.21035512",
"1/25/1989","-63.4375","-7.02514982223511","82","26.931","20.274","5.572132884","0.935034687720209","0.939224114400974","8.08959672",
"1/26/1989","-63.4375","-7.02514982223511","82","31.459","21.453","1.8985745592","0.834513187184965","0.879729876113065","13.87990512",
"1/27/1989","-63.4375","-7.02514982223511","82","29.938","21.945","7.723049076","0.741013327811268","0.895193270129347","16.25850162",
"1/28/1989","-63.4375","-7.02514982223511","82","30.154","22.948","7.800289668","1.24316467398892","0.886537836604702","18.094617",
"1/29/1989","-63.4375","-7.02514982223511","82","30.647","22.656","10.9142297784","1.28562795087514","0.910933331092869","17.1442728",
"1/30/1989","-63.4375","-7.02514982223511","82","28.494","22.79","14.974027452","0.957583104042088","0.928484192438654","22.69749888",
"1/31/1989","-63.4375","-7.02514982223511","82","25.505","21.948","25.00247736","0.881804198333797","0.970390266962676","5.765507568",
"2/1/1989","-63.4375","-7.02514982223511","82","26.868","20.548","33.161523156","1.05702531187986","0.944197998546366","14.087702232",
"2/2/1989","-63.4375","-7.02514982223511","82","24.769","21.741","109.33971156","0.533562838001069","0.974036662813307","7.298829882",
"2/3/1989","-63.4375","-7.02514982223511","82","26.654","22.016","4.047774372","0.718910155914932","0.948721134868793","9.25542828",
"2/4/1989","-63.4375","-7.02514982223511","82","23.485","20.335","13.0685815728","0.938736223049228","0.967857895989951","3.90065373",
"2/5/1989","-63.4375","-7.02514982223511","82","29.404","20.85","1.0025023176","0.663034480139059","0.900449901446292","9.23101992",
"2/6/1989","-63.4375","-7.02514982223511","82","27.467","19.196","8.641433484","0.76488218600786","0.950588068293421","17.68944546",
"2/7/1989","-63.4375","-7.02514982223511","82","25.279","18.866","13.23165402","0.87442973896564","0.956301560742478","9.49399038",
"2/8/1989","-63.4375","-7.02514982223511","82","29.991","18.952","0.848007216","0.932201528311374","0.834612632059327","22.2509214",
"2/9/1989","-63.4375","-7.02514982223511","82","27.127","19.986","17.588425392","0.923248620918735","0.950451568942675","17.10528768",
"2/10/1989","-63.4375","-7.02514982223511","82","26.242","22.326","12.531281652","0.677428233974545","0.963472949475262","13.534032168",
"2/11/1989","-63.4375","-7.02514982223511","82","29.292","22.358","2.739715164","0.850179889667023","0.922224206509805","14.248970532",
"2/12/1989","-63.4375","-7.02514982223511","82","26.528","21.081","4.4631985104","0.973789728763048","0.940182616550734","11.1215826",
"2/13/1989","-63.4375","-7.02514982223511","82","31.4","20.143","10.98289332","0.504821790079901","0.894662760297028","25.306651368",
"2/14/1989","-63.4375","-7.02514982223511","82","26.368","22.793","26.4358476","0.609044794060206","0.967166181270937","11.231324352",
"2/15/1989","-63.4375","-7.02514982223511","82","30.003","23.142","6.329152656","0.801254771517271","0.917005311191694","18.66734802",
"2/16/1989","-63.4375","-7.02514982223511","82","25.614","22.006","3.127670604","1.07596113782582","0.957153936993186","11.0063286",
"2/17/1989","-63.4375","-7.02514982223511","82","28.199","21.184","1.491737724","1.11246510507961","0.903923594875707","15.1721442",
"2/18/1989","-63.4375","-7.02514982223511","82","31.792","19.549","6.279375636","0.665940397810187","0.892165795704943","24.8646888",
"2/19/1989","-63.4375","-7.02514982223511","82","28.901","22.221","11.28330738","0.753883693995851","0.945755173579159","18.427220208",
"2/20/1989","-63.4375","-7.02514982223511","82","26.758","23.101","7.2921753","0.780618132301688","0.950108949305847","14.42413296",
"2/21/1989","-63.4375","-7.02514982223511","82","26.371","22.179","9.07745778","0.929466932982214","0.966263289820646","12.1417848",
"2/22/1989","-63.4375","-7.02514982223511","82","29.513","22.374","11.648944116","0.720801758233475","0.949924554887101","12.70130724",
"2/23/1989","-63.4375","-7.02514982223511","82","27.281","23.007","10.14346836","0.706757686099061","0.949488289395314","15.998685228",
"2/24/1989","-63.4375","-7.02514982223511","82","31.582","22.592","21.4061680728","0.898915799635745","0.934647618694489","21.392718912",
"2/25/1989","-63.4375","-7.02514982223511","82","31.177","21.882","14.1242958864","0.960918844291094","0.927610230249502","26.85611385",
"2/26/1989","-63.4375","-7.02514982223511","82","30.189","23.177","8.167645224","1.20743236936632","0.899124753229605","18.9293598",
"2/27/1989","-63.4375","-7.02514982223511","82","31.798","22.519","16.2237161664","0.790782119437388","0.924125879748748","20.497100472",
"2/28/1989","-63.4375","-7.02514982223511","82","29.215","22.97","9.4259257704","0.798970993725901","0.935604546612684","20.202470712",
"3/1/1989","-63.4375","-7.02514982223511","82","29.645","22.496","12.7853399592","0.955395211400372","0.920355058471258","20.13587388",
"3/2/1989","-63.4375","-7.02514982223511","82","28.814","22.317","12.321858528","0.715138956702644","0.943621758851335","20.669566068",
"3/3/1989","-63.4375","-7.02514982223511","82","30.927","21.413","5.877682812","0.816555030513034","0.90463617583075","22.558664268",
"3/4/1989","-63.4375","-7.02514982223511","82","25.031","21.509","49.09690116","0.582700470598692","0.9759210792303","6.445744002",
"3/5/1989","-63.4375","-7.02514982223511","82","27.039","21.632","20.79162432","0.695957936337505","0.959764261894196","19.349718408",
"3/6/1989","-63.4375","-7.02514982223511","82","26.381","21.616","41.3910339624","1.04993306011198","0.953100303022572","8.03064096",
"3/7/1989","-63.4375","-7.02514982223511","82","31.587","21.496","4.58335944","0.800358093754867","0.909951778235423","17.04048975",
"3/8/1989","-63.4375","-7.02514982223511","82","25.987","21.946","6.7359924","1.02231850509918","0.962937100609426","13.95979164",
"3/9/1989","-63.4375","-7.02514982223511","82","28.241","21.905","10.8558662184","0.831535687118652","0.921748644327273","23.591422872",
"3/10/1989","-63.4375","-7.02514982223511","82","27.47","19.436","6.3858049272","0.89107353243693","0.927809041950194","17.805095568",
"3/11/1989","-63.4375","-7.02514982223511","82","25.816","19.217","4.569625224","0.701669470493304","0.960135756213136","8.076603132",
"3/12/1989","-63.4375","-7.02514982223511","82","29.91","19.247","11.2472549424","0.517608069339161","0.918171687050442","21.18937554",
"3/13/1989","-63.4375","-7.02514982223511","82","24.801","21.441","26.952549084","0.718024114709393","0.976094869557496","3.831240762",
"3/14/1989","-63.4375","-7.02514982223511","82","27.47","21.229","16.8022125","0.683842480523627","0.948761519310135","19.93134024",
"3/15/1989","-63.4375","-7.02514982223511","82","23.228","21.526","9.952923708","1.24131286600385","0.975151696819178","4.511307312",
"3/16/1989","-63.4375","-7.02514982223511","82","26.634","21.372","16.774743384","0.884848812418738","0.955224763557308","10.99456416",
"3/17/1989","-63.4375","-7.02514982223511","82","23.207","20.995","64.743758568","0.84746884786797","0.978813523700628","3.19607073",
"3/18/1989","-63.4375","-7.02514982223511","82","26.719","20.4","10.4404461984","0.86243401703668","0.945314154117988","14.6374281",
"3/19/1989","-63.4375","-7.02514982223511","82","22.409","19.534","38.867576508","0.626901116705029","0.980857957036954","2.678230872",
"3/20/1989","-63.4375","-7.02514982223511","82","27.931","20.626","1.6857147384","0.826847038665207","0.908130949929995","16.311547782",
"3/21/1989","-63.4375","-7.02514982223511","82","25.475","20.375","9.901431252","0.734338983349797","0.960102524514483","11.924776008",
"3/22/1989","-63.4375","-7.02514982223511","82","26.636","22.201","10.96230312","0.762387432648489","0.960245556291822","14.77388925",
"3/23/1989","-63.4375","-7.02514982223511","82","23.834","20.948","4.356768132","0.730150937422666","0.976590523921384","2.710068948",
"3/24/1989","-63.4375","-7.02514982223511","82","27.759","21.219","7.360845516","0.921571443270491","0.926775295634801","20.02488984",
"3/25/1989","-63.4375","-7.02514982223511","82","27.648","21.265","11.1476845368","0.925894395916776","0.935254101890074","22.161933792",
"3/26/1989","-63.4375","-7.02514982223511","82","23.617","21.171","15.226368876","0.938814100154614","0.976892986137799","4.645524168",
"3/27/1989","-63.4375","-7.02514982223511","82","24.661","20.528","17.806438512","0.582833162859391","0.965461248636375","4.584549042",
"3/28/1989","-63.4375","-7.02514982223511","82","25.946","20.59","14.24789208","0.65406429299494","0.96755048377997","14.031115272",
"3/29/1989","-63.4375","-7.02514982223511","82","29.476","22.027","12.548448","1.03130240870282","0.929386897032843","17.50022064",
"3/30/1989","-63.4375","-7.02514982223511","82","28.199","20.818","22.12028244","0.886393260506472","0.94829639422576","17.62189002",
"3/31/1989","-63.4375","-7.02514982223511","82","31.428","20.474","16.252894584","0.697095400764968","0.932694337048828","17.679986568",
"4/1/1989","-63.4375","-7.02514982223511","82","28.19","22.139","20.0981082528","1.38015073105699","0.900200884909378","18.57560382",
"4/2/1989","-63.4375","-7.02514982223511","82","27.187","20.854","14.13116712","0.979283663129559","0.937937177299456","10.199024388",
"4/3/1989","-63.4375","-7.02514982223511","82","27.44","19.893","4.964450904","1.01679468863735","0.943866290510366","11.3766723",
"4/4/1989","-63.4375","-7.02514982223511","82","24.523","16.934","5.33866788","0.674728005799423","0.960797579399658","7.531145388",
"4/5/1989","-63.4375","-7.02514982223511","82","24.719","17.858","39.5336295648","1.26797034358664","0.969376524105577","2.756082168",
"4/6/1989","-63.4375","-7.02514982223511","82","24.366","18.796","0.992202552","0.661494223623889","0.955042355327091","8.21058606",
"4/7/1989","-63.4375","-7.02514982223511","82","28.411","20.048","0.302124204","0.758419504948184","0.89768380928599","9.8704629",
"4/8/1989","-63.4375","-7.02514982223511","82","28.423","20.794","13.0256658","1.02305082766762","0.947960046015102","15.70865346",
"4/9/1989","-63.4375","-7.02514982223511","82","30.252","21.089","1.503753696","0.779769378836944","0.892394717242387","15.760855368",
"4/10/1989","-63.4375","-7.02514982223511","82","31.574","20.822","7.2235127304","0.99508942185337","0.911310214640738","26.207152632",
"4/11/1989","-63.4375","-7.02514982223511","82","25.52","21.308","3.0590054712","0.843288867600247","0.96391791257604","6.31693206",
"4/12/1989","-63.4375","-7.02514982223511","82","30.556","21.049","0.7965089352","0.330969538653173","0.864519569048096","17.69107932",
"4/13/1989","-63.4375","-7.02514982223511","82","28.75","21.209","12.290947812","0.631109650701113","0.930879882142399","20.15285454",
"4/14/1989","-63.4375","-7.02514982223511","82","27.352","22.386","25.23422448","0.688381901585841","0.965317998056237","16.3536714",
"4/15/1989","-63.4375","-7.02514982223511","82","23.968","21.458","12.047195232","1.02537484207759","0.974159001202297","6.50728062",
"4/16/1989","-63.4375","-7.02514982223511","82","29.82","20.852","1.349257968","1.23197198381882","0.882105184708549","20.93995764",
"4/17/1989","-63.4375","-7.02514982223511","82","30.216","21.038","2.32086312","0.926796408885462","0.887531823092641","15.37509042",
"4/18/1989","-63.4375","-7.02514982223511","82","28.246","21.006","12.95356284","0.666465141432762","0.945444318083661","19.54299114",
"4/19/1989","-63.4375","-7.02514982223511","82","27.56","21.01","11.508177096","0.9012242127478","0.959605223056473","19.3214799",
"4/20/1989","-63.4375","-7.02514982223511","82","27.098","23.299","17.4579668064","1.22715766139303","0.961322147879046","21.3333723",
"4/21/1989","-63.4375","-7.02514982223511","82","31.534","22.191","5.333519844","0.884419318083605","0.915103507642375","15.730364232",
"4/22/1989","-63.4375","-7.02514982223511","82","29.405","22.639","14.8864703184","0.973180823978721","0.923371934708012","18.915980472",
"4/23/1989","-63.4375","-7.02514982223511","82","27.979","22.456","26.47705716","0.474381948461095","0.963051572551215","18.0708183",
"4/24/1989","-63.4375","-7.02514982223511","82","25.856","21.856","11.315922228","0.770865317507358","0.967319194291252","5.62786821",
"4/25/1989","-63.4375","-7.02514982223511","82","28.126","21.379","4.4082636696","0.802242271439149","0.897712087852708","15.7099005",
"4/26/1989","-63.4375","-7.02514982223511","82","26.672","21.491","5.59959408","0.756217996857679","0.944488075238284","11.913076152",
"4/27/1989","-63.4375","-7.02514982223511","82","27.666","22.149","1.9191739104","0.949043700716581","0.928383188902557","8.8071714",
"4/28/1989","-63.4375","-7.02514982223511","82","27.994","21.543","1.0540007424","1.03673625430038","0.900977812469309","14.06756574",
"4/29/1989","-63.4375","-7.02514982223511","82","28.728","21.52","7.38487044","0.856467028735829","0.912489859340494","19.8635607",
"4/30/1989","-63.4375","-7.02514982223511","82","27.502","22.25","13.739771988","0.90310398831108","0.950148024285001","22.56924618",
"5/1/1989","-63.4375","-7.02514982223511","82","24.068","22.062","34.181213976","0.651630862968353","0.980630868420795","1.38245526",
"5/2/1989","-63.4375","-7.02514982223511","82","25.746","19.164","7.8878386224","0.662467677057955","0.96358821975114","8.293613148",
"5/3/1989","-63.4375","-7.02514982223511","82","24.445","21.617","8.842279356","0.646222015222448","0.973789667743001","6.04361574",
"5/4/1989","-63.4375","-7.02514982223511","82","25.209","20.434","32.3152515","0.607350466440072","0.975999566141649","5.32366938",
"5/5/1989","-63.4375","-7.02514982223511","82","31.67","17.996","13.55781456","0.809349667488922","0.85223212115214","23.66999676",
"5/6/1989","-63.4375","-7.02514982223511","82","24.28","19.959","32.05604376","1.05388860406068","0.97748886155501","2.36075562",
"5/7/1989","-63.4375","-7.02514982223511","82","22.613","18.874","2.4084096984","2.06901530495284","0.90694438381386","6.88410468",
"5/8/1989","-63.4375","-7.02514982223511","82","28.753","18.702","0","1.78228449507632","0.763418772120707","24.2201286",
"5/9/1989","-63.4375","-7.02514982223511","82","30.892","20.121","4.36019904","1.28849033473068","0.808635017243239","22.3374456",
"5/10/1989","-63.4375","-7.02514982223511","82","29.177","20.812","3.3851648664","0.984456976766393","0.898261108358761","11.72357928",
"5/11/1989","-63.4375","-7.02514982223511","82","26.206","21.499","28.593637848","0.782061297553642","0.968195404023635","9.79199064",
"5/12/1989","-63.4375","-7.02514982223511","82","25.028","21.282","15.049551132","1.4739867494334","0.958830475467923","6.74763894",
"5/13/1989","-63.4375","-7.02514982223511","82","25.149","20.877","5.3833014","0.558751637757886","0.961208273368161","6.93123768",
"5/14/1989","-63.4375","-7.02514982223511","82","30.474","20.432","9.9237411504","0.580432195203672","0.92599061820075","16.14042594",
"5/15/1989","-63.4375","-7.02514982223511","82","25.531","21.074","15.437509092","1.01861620958192","0.973720485879288","6.77339982",
"5/16/1989","-63.4375","-7.02514982223511","82","30.255","20.595","5.0708808864","0.671276065656815","0.918003662865842","15.988951332",
"5/17/1989","-63.4375","-7.02514982223511","82","30.116","20.348","4.5867934584","0.770003980554414","0.897417728914516","19.38537828",
"5/18/1989","-63.4375","-7.02514982223511","82","28.558","19.568","1.86424272","1.08998921046937","0.858934987496714","23.09844132",
"5/19/1989","-63.4375","-7.02514982223511","82","28.795","18.345","2.7465830784","0.8092354666275","0.838393698422751","11.71141488",
"5/20/1989","-63.4375","-7.02514982223511","82","31.7","21.042","2.1680815608","1.05256246444226","0.764501525949355","15.31969308",
"5/21/1989","-63.4375","-7.02514982223511","82","30.229","19.765","1.664259156","1.00344638875978","0.824891632008305","13.46760198",
"5/22/1989","-63.4375","-7.02514982223511","82","29.122","20.273","1.284026652","1.03743916662564","0.83421366230321","19.4662179",
"5/23/1989","-63.4375","-7.02514982223511","82","30.404","21.769","7.29561384","0.763251050630255","0.927770954987871","10.01722554",
"5/24/1989","-63.4375","-7.02514982223511","82","26.964","21.837","5.360127264","0.793241788689093","0.955035913656921","14.6696661",
"5/25/1989","-63.4375","-7.02514982223511","82","29.542","20.797","3.10363704","0.839787532336378","0.909279081389311","15.1623585",
"5/26/1989","-63.4375","-7.02514982223511","82","30.996","21.266","1.3217922","1.12499740019266","0.832215440162666","21.36172716",
"5/27/1989","-63.4375","-7.02514982223511","82","29.314","20.584","5.810742756","0.852414261870322","0.925156818151434","22.67381286",
"5/28/1989","-63.4375","-7.02514982223511","82","30.162","21.708","2.78262936","0.862278529292734","0.889763253043109","13.38103278",
"5/29/1989","-63.4375","-7.02514982223511","82","30.244","21.237","5.125806828","0.789904825487008","0.891505388978201","18.72725868",
"5/30/1989","-63.4375","-7.02514982223511","82","29.208","21.489","8.4354373368","1.01878397773628","0.931054054657523","18.97908012",
"5/31/1989","-63.4375","-7.02514982223511","82","25.82","21.021","7.7402077992","0.799817075438722","0.968049894148014","9.7848567",
"6/1/1989","-63.4375","-7.02514982223511","82","28.452","21.891","2.503681272","0.804760211561778","0.922778165644846","9.43149186",
"6/2/1989","-63.4375","-7.02514982223511","82","27.91","21.163","8.0054272584","1.02072947583324","0.940397118294851","16.6617027",
"6/3/1989","-63.4375","-7.02514982223511","82","28.004","20.643","4.9404138264","0.95877015896451","0.943001414272107","18.5700942",
"6/4/1989","-63.4375","-7.02514982223511","82","30.99","21.053","0.272941596","0.939153593350575","0.844623552869101","13.7390022",
"6/5/1989","-63.4375","-7.02514982223511","82","32.307","20.9","3.5104766688","0.910442388606379","0.88182682276162","16.33545234",
"6/6/1989","-63.4375","-7.02514982223511","82","28.382","21.836","2.47192164","0.760417668682471","0.922802828715067","13.6884942",
"6/7/1989","-63.4375","-7.02514982223511","82","28.976","20.552","3.69930384","1.12461440769906","0.902735460141886","19.39611978",
"6/8/1989","-63.4375","-7.02514982223511","82","34.095","20.649","3.1019184","1.00314856859368","0.817381991561309","19.59092316",
"6/9/1989","-63.4375","-7.02514982223511","82","31.68","21.094","5.6476608408","0.892358611677636","0.908765848020664","18.07441632",
"6/10/1989","-63.4375","-7.02514982223511","82","30.873","19.634","3.79543788","0.663774881610234","0.9076327494787","14.5699812",
"6/11/1989","-63.4375","-7.02514982223511","82","30.139","18.516","4.964446872","0.819808695528199","0.882573773993372","20.3573151",
"6/12/1989","-63.4375","-7.02514982223511","82","27.832","21.091","10.30654962","1.37205477583125","0.924307836434583","15.82773408",
"6/13/1989","-63.4375","-7.02514982223511","82","29.926","19.717","2.3294449872","1.31534534183173","0.876767737647461","13.0344723",
"6/14/1989","-63.4375","-7.02514982223511","82","28.057","21.341","1.8110277864","0.92315966128785","0.920469401401227","11.62163772",
"6/15/1989","-63.4375","-7.02514982223511","82","25.601","21.856","7.4054718216","0.665584524510233","0.958153728101568","10.164762432",
"6/16/1989","-63.4375","-7.02514982223511","82","24.559","21.531","22.6189656","0.702199800346404","0.978786641760346","3.9715299",
"6/17/1989","-63.4375","-7.02514982223511","82","25.844","20.49","25.901143452","0.949226040933493","0.970287258579213","14.5469754",
"6/18/1989","-63.4375","-7.02514982223511","82","24.785","21.498","1.08060858","1.2132199440798","0.94347655075775","4.72213296",
"6/19/1989","-63.4375","-7.02514982223511","82","31.537","16.396","0.3330234","0.934383128565747","0.82385324303046","16.3503558",
"6/20/1989","-63.4375","-7.02514982223511","82","32.82","17.432","0.093555432","0.970660081871139","0.760057056773198","22.6288719",
"6/21/1989","-63.4375","-7.02514982223511","82","28.877","19.925","7.5616804728","0.891320066466971","0.920917715632776","15.1811523",
"6/22/1989","-63.4375","-7.02514982223511","82","29.74","20.217","6.202122804","0.983812651094315","0.902865321598709","22.13082432",
"6/23/1989","-63.4375","-7.02514982223511","82","29.824","17.995","2.1818159928","0.803077815358983","0.877756209752322","19.5915357",
"6/24/1989","-63.4375","-7.02514982223511","82","28.185","18.941","4.22630172","0.882073970338305","0.901480212899706","21.31621848",
"6/25/1989","-63.4375","-7.02514982223511","82","31.296","18.223","3.12595236","0.803483254856355","0.883170797098341","21.76823808",
"6/26/1989","-63.4375","-7.02514982223511","82","30.588","19.639","2.1509173728","0.874417491566899","0.825192895700459","20.68352478",
"6/27/1989","-63.4375","-7.02514982223511","82","29.133","21.507","5.24768688","1.23974663527891","0.880182670483014","19.78683894",
"6/28/1989","-63.4375","-7.02514982223511","82","33.615","20.306","9.267138972","1.03346043388709","0.796892467099496","22.1551893",
"6/29/1989","-63.4375","-7.02514982223511","82","27.678","21.086","15.15598218","0.707540797415143","0.95115155516116","11.32008552",
"6/30/1989","-63.4375","-7.02514982223511","82","30.687","18.738","4.823686332","0.643014664218139","0.914801048401266","21.85323696",
"7/1/1989","-63.4375","-7.02514982223511","82","27.38","17.599","3.6726941304","0.731024534082722","0.933600334859391","15.782736168",
"7/2/1989","-63.4375","-7.02514982223511","82","28.242","18.559","2.523420756","0.878529085697774","0.930601091295744","12.467306772",
"7/3/1989","-63.4375","-7.02514982223511","82","22.644","18.889","3.9147353784","1.66198197801845","0.92281235826719","6.12680256",
"7/4/1989","-63.4375","-7.02514982223511","82","30.007","18.538","0.1390456944","1.21115894699334","0.759307518820349","22.61159946",
"7/5/1989","-63.4375","-7.02514982223511","82","29.151","19.303","1.7818452","1.87595706873951","0.761841225661692","14.690648268",
"7/6/1989","-63.4375","-7.02514982223511","82","23.649","16.281","0.355339044","2.43629224508803","0.760713782121866","14.5340451",
"7/7/1989","-63.4375","-7.02514982223511","82","25.474","13.161","0","1.90428671160785","0.685879685496833","23.37969402",
"7/8/1989","-63.4375","-7.02514982223511","82","26.578","16.528","0","1.70297813530512","0.65490050993109","17.17959078",
"7/9/1989","-63.4375","-7.02514982223511","82","28.397","16.337","0","1.38093838966803","0.682734358025784","22.98482064",
"7/10/1989","-63.4375","-7.02514982223511","82","31.874","13.242","0","0.767846101946686","0.676797619198656","22.3414317",
"7/11/1989","-63.4375","-7.02514982223511","82","31.854","18.641","0.767326464","0.703885564065164","0.75480350306669","19.7238978",
"7/12/1989","-63.4375","-7.02514982223511","82","29.3","19.187","1.900291644","0.875038669369831","0.873305458965595","11.72564856",
"7/13/1989","-63.4375","-7.02514982223511","82","27.119","17.609","0.2780916552","0.852114136669863","0.903380096579347","8.179764552",
"7/14/1989","-63.4375","-7.02514982223511","82","30.754","16.135","0","0.915388389307842","0.786886370056445","12.632456772",
"7/15/1989","-63.4375","-7.02514982223511","82","31.938","16.063","0","1.57804037471463","0.595370839891429","23.728446",
"7/16/1989","-63.4375","-7.02514982223511","82","33.076","18.488","0","1.23507675126475","0.542815989966495","23.29655562",
"7/17/1989","-63.4375","-7.02514982223511","82","34.101","17.93","0","1.16276028701362","0.552506994253678","21.2727375",
"7/18/1989","-63.4375","-7.02514982223511","82","34.904","19.658","0","0.88987943182125","0.649471861398117","11.58069132",
"7/19/1989","-63.4375","-7.02514982223511","82","33.882","19.272","0.0205993584","0.938574002484946","0.707677656322226","20.49254604",
"7/20/1989","-63.4375","-7.02514982223511","82","34.193","17.872","0","1.08180433055582","0.647666964577422","23.809329792",
"7/21/1989","-63.4375","-7.02514982223511","82","34.026","19.742","0","1.39448580193956","0.562870850816838","23.97965616",
"7/22/1989","-63.4375","-7.02514982223511","82","33.713","17.371","0","1.13456302752341","0.608707660996102","23.78102976",
"7/23/1989","-63.4375","-7.02514982223511","82","34.836","17.141","0","1.03497384374728","0.596343269127381","17.95539312",
"7/24/1989","-63.4375","-7.02514982223511","82","31.949","21.515","10.3958120664","1.22706924483754","0.7902728400462","22.6199808",
"7/25/1989","-63.4375","-7.02514982223511","82","32.383","20.052","2.7671837184","0.882082722916506","0.819992911323648","20.61551232",
"7/26/1989","-63.4375","-7.02514982223511","82","34.154","19.865","0.087547356","1.20748143138749","0.704107518473878","22.80301704",
"7/27/1989","-63.4375","-7.02514982223511","82","34.024","19.346","0.33988932","0.799408907447453","0.718291663377397","14.22405252",
"7/28/1989","-63.4375","-7.02514982223511","82","34.446","22.188","0.3055572","1.09711982214716","0.68442400164529","20.5675857",
"7/29/1989","-63.4375","-7.02514982223511","82","33.391","20.144","3.45211218","0.850707788726623","0.774430333628715","9.600974082",
"7/30/1989","-63.4375","-7.02514982223511","82","35.069","17.808","0","1.23767034119309","0.664082204241831","24.521345568",
"7/31/1989","-63.4375","-7.02514982223511","82","35.312","18.455","0","1.18952694576289","0.624246027933337","18.4646898",
"8/1/1989","-63.4375","-7.02514982223511","82","32.138","18.981","0","1.19925913721068","0.68718654209778","6.93421542",
"8/2/1989","-63.4375","-7.02514982223511","82","29.614","17.907","1.217079612","0.909488062133519","0.848196310629937","12.83568948",
"8/3/1989","-63.4375","-7.02514982223511","82","31.229","16.661","1.23081264","0.860378414269843","0.796884107077982","8.732308968",
"8/4/1989","-63.4375","-7.02514982223511","82","35.469","16.164","0","1.10728540893667","0.665391545094204","18.85590126",
"8/5/1989","-63.4375","-7.02514982223511","82","29.823","20.403","1.534652424","1.47280709631731","0.738412039257851","14.82171012",
"8/6/1989","-63.4375","-7.02514982223511","82","29.048","20.947","8.0423352144","1.46394652737453","0.913689473035113","14.865919218",
"8/7/1989","-63.4375","-7.02514982223511","82","31.215","20.178","4.291536492","0.946577744413964","0.826967624522556","20.6146107",
"8/8/1989","-63.4375","-7.02514982223511","82","35.77","17.904","0","0.887398045268448","0.658090912805459","15.95210166",
"8/9/1989","-63.4375","-7.02514982223511","82","29.904","20.673","3.1379719464","1.46718692337752","0.815127349683777","7.03681794",
"8/10/1989","-63.4375","-7.02514982223511","82","34.163","18.746","0.99906948","0.927385590931016","0.786716489811716","14.71809348",
"8/11/1989","-63.4375","-7.02514982223511","82","33.851","22.332","0.0171661464","1.75223914779833","0.576617726253718","12.85228206",
"8/12/1989","-63.4375","-7.02514982223511","82","22.528","17.642","1.5638351904","1.11756851280785","0.86250120195935","1.64503116",
"8/13/1989","-63.4375","-7.02514982223511","82","36.48","17.275","0","0.799891534667021","0.669371736571378","10.94692977",
"8/14/1989","-63.4375","-7.02514982223511","82","31.873","21.62","0","1.3176745690677","0.616617936337531","17.14084587",
"8/15/1989","-63.4375","-7.02514982223511","82","32.681","20.814","0.02746584","1.11020480261903","0.660330994826849","14.00158512",
"8/16/1989","-63.4375","-7.02514982223511","82","35.109","20.439","0.0171661464","1.01763390361813","0.614573716938361","14.59153242",
"8/17/1989","-63.4375","-7.02514982223511","82","35.263","21.826","0","1.23206350848814","0.622700214138074","15.64076142",
"8/18/1989","-63.4375","-7.02514982223511","82","30.7","21.532","12.840271884","1.48327116866572","0.813822274146879","13.83148395",
"8/19/1989","-63.4375","-7.02514982223511","82","30.566","21.085","44.1650412","1.1689786582188","0.864932670090366","13.96372374",
"8/20/1989","-63.4375","-7.02514982223511","82","36.782","21.049","0","1.26198988566615","0.667427801311335","15.157628568",
"8/21/1989","-63.4375","-7.02514982223511","82","35.136","19.265","0","0.811646729159598","0.698194415658853","20.235149208",
"8/22/1989","-63.4375","-7.02514982223511","82","35.073","20.928","0.23345982","0.979888455758222","0.724939238608731","14.01727995",
"8/23/1989","-63.4375","-7.02514982223511","82","36.707","17.245","0","0.949031770696385","0.644316414262051","16.2208152",
"8/24/1989","-63.4375","-7.02514982223511","82","36.003","18.151","0","1.4019265540418","0.519850904184425","18.699297768",
"8/25/1989","-63.4375","-7.02514982223511","82","33.529","18.833","0.257491944","0.562355094404335","0.668378761562661","11.59256484",
"8/26/1989","-63.4375","-7.02514982223511","82","33.967","18.906","0.144195624","0.724730698126777","0.726789284056759","10.637544312",
"8/27/1989","-63.4375","-7.02514982223511","82","35.263","19.646","0.01373292","1.22918494609631","0.629930803689708","16.5761991",
"8/28/1989","-63.4375","-7.02514982223511","82","35.037","18.55","0","1.37129854299357","0.645576944377908","18.66054114",
"8/29/1989","-63.4375","-7.02514982223511","82","34.294","21.614","2.59208784","0.929089191085572","0.709220664820015","15.88735845",
"8/30/1989","-63.4375","-7.02514982223511","82","36.225","19.986","0","1.16398885201661","0.627523343262309","26.63100648",
"8/31/1989","-63.4375","-7.02514982223511","82","35.65","21.805","2.973175884","1.30223887642962","0.717761900771647","15.663433608",
"9/1/1989","-63.4375","-7.02514982223511","82","35.325","20.379","0","1.04571475635279","0.646636151238105","15.455021832",
"9/2/1989","-63.4375","-7.02514982223511","82","36.934","22.428","0","1.21790289688947","0.575694744493064","16.661695968",
"9/3/1989","-63.4375","-7.02514982223511","82","37.55","21.289","0","0.969435957072784","0.548170126480572","26.48436066",
"9/4/1989","-63.4375","-7.02514982223511","82","35.316","23.982","0.017166132","1.08706162745105","0.532618050982984","19.370303568",
"9/5/1989","-63.4375","-7.02514982223511","82","38.073","21.853","0","0.933987851646798","0.515730218900096","16.4838933",
"9/6/1989","-63.4375","-7.02514982223511","82","36.142","21.4","0","0.978932596579229","0.542675254855566","18.202445208",
"9/7/1989","-63.4375","-7.02514982223511","82","39.496","20.682","0","1.42930919392856","0.408017601907922","19.699935408",
"9/8/1989","-63.4375","-7.02514982223511","82","38.257","19.866","0","1.33908492301592","0.476717443990666","17.074801512",
"9/9/1989","-63.4375","-7.02514982223511","82","35.964","20.872","0.672912504","1.5492887880339","0.59531530828766","18.05809986",
"9/10/1989","-63.4375","-7.02514982223511","82","33.618","22.493","0.3261567456","1.20350968372955","0.660629664539074","19.185920928",
"9/11/1989","-63.4375","-7.02514982223511","82","36.22","21.526","0","1.15920372732735","0.538480001465137","25.236225432",
"9/12/1989","-63.4375","-7.02514982223511","82","38.438","19.309","0","1.03330128083667","0.480464302849892","28.344310992",
"9/13/1989","-63.4375","-7.02514982223511","82","38.862","18.18","0","1.14215030057976","0.409635120823869","25.46650764",
"9/14/1989","-63.4375","-7.02514982223511","82","40.876","17.155","0","1.07164581095249","0.354151203711866","25.88169564",
"9/15/1989","-63.4375","-7.02514982223511","82","35.336","25.17","0","1.53802911275301","0.388316308111461","16.841247048",
"9/16/1989","-63.4375","-7.02514982223511","82","37.761","22.67","0.09012222","1.55115310749383","0.389811325966987","21.947065488",
"9/17/1989","-63.4375","-7.02514982223511","82","40.28","19.5","0.0308990376","1.0418516023129","0.447347801607946","24.3759897",
"9/18/1989","-63.4375","-7.02514982223511","82","39.97","21.666","0","1.0599982783905","0.465351373630365","19.551146832",
"9/19/1989","-63.4375","-7.02514982223511","82","37.353","23.595","0","1.28790084179645","0.443969171539905","19.847809152",
"9/20/1989","-63.4375","-7.02514982223511","82","34.422","24.275","0","1.26616681323627","0.559448226575463","8.145897984",
"9/21/1989","-63.4375","-7.02514982223511","82","37.983","22.637","0.00686646","1.5239298872432","0.515249786238261","18.062938512",
"9/22/1989","-63.4375","-7.02514982223511","82","36.682","21.295","0","1.66889924314536","0.456965880454135","23.32344438",
"9/23/1989","-63.4375","-7.02514982223511","82","37.303","22.257","0","1.36553679832855","0.475631130007867","15.24515688",
"9/24/1989","-63.4375","-7.02514982223511","82","36.357","25.019","0.0102996792","1.43916917637589","0.533205982920309","10.070891568",
"9/25/1989","-63.4375","-7.02514982223511","82","35.521","20.711","0","1.5997732882762","0.533509940258314","18.0627786",
"9/26/1989","-63.4375","-7.02514982223511","82","34.202","22.944","1.785277044","1.95657182513446","0.592576678363899","15.174612792",
"9/27/1989","-63.4375","-7.02514982223511","82","37.818","22.052","1.79901108","1.69999315527402","0.595287373547785","16.736397552",
"9/28/1989","-63.4375","-7.02514982223511","82","37.386","20.136","0.581932404","0.97162164227218","0.641762427424609","17.383618368",
"9/29/1989","-63.4375","-7.02514982223511","82","36.615","23.262","0.997352928","1.2321342880382","0.522869839298939","17.54235468",
"9/30/1989","-63.4375","-7.02514982223511","82","36.71","22.052","0.91495494","1.17484531552619","0.59807681513493","16.38613584",
"10/1/1989","-63.4375","-7.02514982223511","82","37.458","21.015","3.1928976","1.1291189688264","0.590866789313265","20.1483",
"10/2/1989","-63.4375","-7.02514982223511","82","30.365","22.557","2.3448965328","1.07287490414029","0.82218517660766","14.218309368",
"10/3/1989","-63.4375","-7.02514982223511","82","36.427","20.865","0.55274976","1.20058795484934","0.658481592953012","20.88956916",
"10/4/1989","-63.4375","-7.02514982223511","82","39.44","20.846","1.7784121464","0.94718778704909","0.622781648106798","19.732779",
"10/5/1989","-63.4375","-7.02514982223511","82","35.915","24.053","0.7587434232","1.22131403938216","0.672788624798204","14.30499546",
"10/6/1989","-63.4375","-7.02514982223511","82","38.209","23.373","0.044631972","1.17827513235309","0.636796529455943","20.32492536",
"10/7/1989","-63.4375","-7.02514982223511","82","35.308","23.12","0","1.74672828512992","0.670681729015951","20.52325998",
"10/8/1989","-63.4375","-7.02514982223511","82","37.668","22.594","5.10521112","1.14162797145851","0.709114814614725","21.1484772",
"10/9/1989","-63.4375","-7.02514982223511","82","36.504","21.47","5.767823052","1.23160747300255","0.789109417360624","15.51790872",
"10/10/1989","-63.4375","-7.02514982223511","82","32.357","22.432","14.319998172","1.1873502475122","0.823630831414473","19.36281726",
"10/11/1989","-63.4375","-7.02514982223511","82","37.909","21.199","3.9001464","1.09896037597595","0.709050744933229","17.6724558",
"10/12/1989","-63.4375","-7.02514982223511","82","32.871","22.436","15.52162014","0.935466073891482","0.876627853568834","26.097521688",
"10/13/1989","-63.4375","-7.02514982223511","82","29.236","22.027","14.7251148264","1.17041275671419","0.916374779277622","25.5765429",
"10/14/1989","-63.4375","-7.02514982223511","82","36.431","22.318","0.8377075728","1.05695799117638","0.794432351556112","14.99821578",
"10/15/1989","-63.4375","-7.02514982223511","82","31.605","21.659","4.466634588","1.00705378733162","0.878573770618569","16.541325792",
"10/16/1989","-63.4375","-7.02514982223511","82","34.866","21.789","0.082397448","0.899507417791539","0.736681197686383","19.21578876",
"10/17/1989","-63.4375","-7.02514982223511","82","33.341","22.715","15.3946248624","1.24890217138662","0.770301657913711","12.494700072",
"10/18/1989","-63.4375","-7.02514982223511","82","30.752","23.255","19.2604215744","1.10655613032582","0.884752456080801","16.38832176",
"10/19/1989","-63.4375","-7.02514982223511","82","30.124","22.647","8.2225848384","0.959385879055439","0.895325033405571","23.69199168",
"10/20/1989","-63.4375","-7.02514982223511","82","34.788","22.699","0.4360197744","1.55758169933813","0.765241297088263","26.27060904",
"10/21/1989","-63.4375","-7.02514982223511","82","38.687","20.268","0","1.15026661557855","0.638392166551746","23.94556416",
"10/22/1989","-63.4375","-7.02514982223511","82","32.145","22.073","12.2343066","1.3063819456037","0.847685156105136","24.69116016",
"10/23/1989","-63.4375","-7.02514982223511","82","31.741","22.818","4.2606387864","1.1835295034101","0.847138951669584","23.98274604",
"10/24/1989","-63.4375","-7.02514982223511","82","35.8","22.506","12.251472372","1.09758145055209","0.758317313595611","19.88594892",
"10/25/1989","-63.4375","-7.02514982223511","82","28.505","23.228","17.56096092","1.23392241723771","0.921294739343722","16.97686686",
"10/26/1989","-63.4375","-7.02514982223511","82","37.697","22.041","2.59208784","0.96393264755388","0.80257761640997","24.60324096",
"10/27/1989","-63.4375","-7.02514982223511","82","36.372","22.885","16.290666072","1.43216869709484","0.764367215114765","16.14234528",
"10/28/1989","-63.4375","-7.02514982223511","82","34.436","21.33","6.33087576","1.16152405849425","0.82361584361328","22.65682896",
"10/29/1989","-63.4375","-7.02514982223511","82","37.215","23.531","3.7233352656","0.738262659363183","0.746865174976577","13.52491596",
"10/30/1989","-63.4375","-7.02514982223511","82","38.473","21.188","3.7044487656","0.838500036285173","0.680485477168552","21.27139452",
"10/31/1989","-63.4375","-7.02514982223511","82","33.11","23.275","3.762816156","1.65729285136073","0.807965228067647","25.0522866",
"11/1/1989","-63.4375","-7.02514982223511","82","29.988","22.897","25.251388632","0.783763596808304","0.910891514940242","26.34143058",
"11/2/1989","-63.4375","-7.02514982223511","82","24.471","22.396","118.08413028","0.73428596459233","0.97761031574609","1.948104828",
"11/3/1989","-63.4375","-7.02514982223511","82","33.091","21.235","22.7880449064","0.890449833674063","0.867529849269996","25.6152429",
"11/4/1989","-63.4375","-7.02514982223511","82","25.901","20.993","163.493766","0.826393352096872","0.969384450913364","5.10075522",
"11/5/1989","-63.4375","-7.02514982223511","82","32.725","20.81","2.9319767064","1.03996610413103","0.814496352884943","24.3413433",
"11/6/1989","-63.4375","-7.02514982223511","82","25.772","22.093","11.4189192792","1.4366549643151","0.959178517205586","9.46833588",
"11/7/1989","-63.4375","-7.02514982223511","82","28.985","21.92","0.4394532888","1.22681411641769","0.886622672114437","10.3825107",
"11/8/1989","-63.4375","-7.02514982223511","82","31.906","21.269","4.581642456","1.340797240606","0.824722805281658","24.5884473",
"11/9/1989","-63.4375","-7.02514982223511","82","28.388","23.447","3.8915622","0.652575615337517","0.933961574625262","8.67420234",
"11/10/1989","-63.4375","-7.02514982223511","82","27.994","22.357","14.915658996","0.857393213603883","0.95121807563712","15.2451072",
"11/11/1989","-63.4375","-7.02514982223511","82","32.941","21.172","0.805092372","1.38087886884918","0.786062675185413","26.6347125",
"11/12/1989","-63.4375","-7.02514982223511","82","29.846","22.251","12.38880132","0.947395540206216","0.902222085331903","25.60280256",
"11/13/1989","-63.4375","-7.02514982223511","82","29.215","22.319","9.8876982528","1.24730551006886","0.937760900858339","7.86774402",
"11/14/1989","-63.4375","-7.02514982223511","82","32.448","22.286","4.708677708","1.24873825110866","0.860039332113899","18.587869092",
"11/15/1989","-63.4375","-7.02514982223511","82","32.468","21.454","2.66075064","0.952121408209017","0.803659154306254","26.25569964",
"11/16/1989","-63.4375","-7.02514982223511","82","35.699","22.463","3.41434728","1.21821760881267","0.768681171644012","19.071504",
"11/17/1989","-63.4375","-7.02514982223511","82","31.842","21.699","1.25312724","1.25190404854274","0.769321099283027","16.1668125",
"11/18/1989","-63.4375","-7.02514982223511","82","32.414","22.64","4.51984644","1.26885383460246","0.792429864830395","27.07891434",
"11/19/1989","-63.4375","-7.02514982223511","82","35.099","23.536","0.4274372232","1.37136401982544","0.748393308101243","20.46493008",
"11/20/1989","-63.4375","-7.02514982223511","82","29.942","23.118","11.7819804384","1.00673248355476","0.921878264453446","23.41788822",
"11/21/1989","-63.4375","-7.02514982223511","82","31.756","23.764","18.654437736","0.8040916044284","0.887868888935766","21.16226484",
"11/22/1989","-63.4375","-7.02514982223511","82","31.357","22.932","5.8313410704","1.0233732391592","0.869573117396591","20.497779",
"11/23/1989","-63.4375","-7.02514982223511","82","35.548","21.239","0.35705556","1.45228266903837","0.661724701636811","26.7593067",
"11/24/1989","-63.4375","-7.02514982223511","82","38.556","19.097","0","0.987881655347841","0.562719453987454","18.88824168",
"11/25/1989","-63.4375","-7.02514982223511","82","38.671","24.726","0.098705304","1.35684829160762","0.577345515370214","18.08026668",
"11/26/1989","-63.4375","-7.02514982223511","82","31.741","23.143","4.8769012368","1.24703146407295","0.793700184246599","19.919305152",
"11/27/1989","-63.4375","-7.02514982223511","82","36.941","22.236","0.90980604","0.989108167576363","0.691061740110552","20.03349564",
"11/28/1989","-63.4375","-7.02514982223511","82","39.315","23.861","0.8995054464","1.18063373078038","0.626349623523671","17.13650616",
"11/29/1989","-63.4375","-7.02514982223511","82","32.049","22.324","7.05013776","0.794209198755354","0.863729468828673","28.25955216",
"11/30/1989","-63.4375","-7.02514982223511","82","32.961","22.655","3.79972692","1.3485804194953","0.780490281117828","28.05018696",
"12/1/1989","-63.4375","-7.02514982223511","82","35.006","21.588","4.69837296","1.16431030816492","0.724046408134531","17.314704",
"12/2/1989","-63.4375","-7.02514982223511","82","26.991","21.33","2.5491702528","1.1439652170176","0.883313149363521","3.3833232",
"12/3/1989","-63.4375","-7.02514982223511","82","27.668","21.71","4.19883624","1.41473216088962","0.88444927656164","12.300415488",
"12/4/1989","-63.4375","-7.02514982223511","82","36.364","18.829","1.77841368","1.3306931022951","0.72766532020205","19.28030688",
"12/5/1989","-63.4375","-7.02514982223511","82","32.969","22.986","0.842857164","0.722233262553453","0.77846880432202","15.822164808",
"12/6/1989","-63.4375","-7.02514982223511","82","31.754","22.566","2.3775107328","1.2035861167349","0.815193971296604","13.2792201",
"12/7/1989","-63.4375","-7.02514982223511","82","35.903","21.114","0.0686645856","0.770284504497989","0.784819707122225","14.54597226",
"12/8/1989","-63.4375","-7.02514982223511","82","31.093","23.143","8.731558152","1.13161680500108","0.885140933096337","19.5884406",
"12/9/1989","-63.4375","-7.02514982223511","82","35.57","22.132","3.5001742392","0.930980533666108","0.855611888822417","21.63318264",
"12/10/1989","-63.4375","-7.02514982223511","82","29.648","22.264","12.0102858","0.731012954369258","0.910845458083652","25.883109",
"12/11/1989","-63.4375","-7.02514982223511","82","28.694","23.989","11.956217112","1.14932579578776","0.941539556974427","13.49477082",
"12/12/1989","-63.4375","-7.02514982223511","82","30.929","22.352","8.650022508","1.35633000054965","0.885024511330869","15.08073552",
"12/13/1989","-63.4375","-7.02514982223511","82","30.185","22.362","4.327580448","0.677542866295061","0.910819458335302","15.466386024",
"12/14/1989","-63.4375","-7.02514982223511","82","28.345","23.458","0.73814418","0.634537534533894","0.909421465954521","6.617312532",
"12/15/1989","-63.4375","-7.02514982223511","82","32.282","20.332","4.23488358","1.09109030666864","0.839565432523073","23.75942976",
"12/16/1989","-63.4375","-7.02514982223511","82","31.004","21.78","2.555180064","1.31052434407747","0.848325986407782","18.46389402",
"12/17/1989","-63.4375","-7.02514982223511","82","26.019","23.193","16.70951952","0.697563645182698","0.968872488073574","9.705884688",
"12/18/1989","-63.4375","-7.02514982223511","82","24.935","23.135","6.6939374664","0.799957323920595","0.972060397950496","2.59374474",
"12/19/1989","-63.4375","-7.02514982223511","82","28.644","22.877","7.2260853984","0.836854195672842","0.936576158304407","11.188236492",
"12/20/1989","-63.4375","-7.02514982223511","82","30.243","22.365","3.9276117288","1.07708414925011","0.873997472483599","15.3879102",
"12/21/1989","-63.4375","-7.02514982223511","82","25.672","21.939","11.37600252","0.923556940367371","0.953965925167525","11.8331442",
"12/22/1989","-63.4375","-7.02514982223511","82","30.431","21.847","0.19397772","1.15108754239284","0.838850337355604","14.5978884",
"12/23/1989","-63.4375","-7.02514982223511","82","31.799","20.836","3.473568936","1.09845882688253","0.832052300847118","26.08245108",
"12/24/1989","-63.4375","-7.02514982223511","82","28.491","22.246","16.07094432","1.00222853621049","0.926133696831887","22.11750162",
"12/25/1989","-63.4375","-7.02514982223511","82","23.369","19.102","20.33071344","0.753520228338873","0.978721929515593","1.57713714",
"12/26/1989","-63.4375","-7.02514982223511","82","26.753","19.701","0.3991125384","0.99118028575977","0.872465447963215","7.92686232",
"12/27/1989","-63.4375","-7.02514982223511","82","33.087","21.267","0.79479216","0.838744072835858","0.767698577330681","16.9623558",
"12/28/1989","-63.4375","-7.02514982223511","82","35.552","21.389","13.5818693064","1.31556345477118","0.776126108285012","16.99059474",
"12/29/1989","-63.4375","-7.02514982223511","82","23.311","21.23","19.45094796","1.27349319993265","0.974248451283716","2.38196214",
"12/30/1989","-63.4375","-7.02514982223511","82","30.325","20.539","5.675127552","1.21680760701239","0.886507869632859","25.5909888",
"12/31/1989","-63.4375","-7.02514982223511","82","30.526","21.795","3.1130757648","1.07028974182507","0.855373148384852","19.351909368",
"1/1/1990","-63.4375","-7.02514982223511","82","32.652","21.85","7.257845988","0.871182200349159","0.825537813234933","27.303354432",
"1/2/1990","-63.4375","-7.02514982223511","82","34.192","21.796","13.3964532","1.11320740215875","0.82532801295806","18.25549092",
"1/3/1990","-63.4375","-7.02514982223511","82","28.002","21.139","11.2833012528","0.710264913560224","0.917964523289064","19.5251643",
"1/4/1990","-63.4375","-7.02514982223511","82","31.893","22.861","23.4609856128","1.03874096029309","0.844497223147939","25.11595908",
"1/5/1990","-63.4375","-7.02514982223511","82","25.622","22.801","104.84386848","1.07834165265841","0.964957314849713","10.51740333",
"1/6/1990","-63.4375","-7.02514982223511","82","25.016","21.397","1.1690138448","1.21402785925676","0.916706678503267","8.9035866",
"1/7/1990","-63.4375","-7.02514982223511","82","26.296","20.946","4.5936567","1.09529406074747","0.930319521476463","10.96706088",
"1/8/1990","-63.4375","-7.02514982223511","82","24.991","21.471","10.152054","0.678413344421796","0.972098538098809","4.98116448",
"1/9/1990","-63.4375","-7.02514982223511","82","26.103","21.875","13.70201004","0.532275882801341","0.960786098732595","11.0797299",
"1/10/1990","-63.4375","-7.02514982223511","82","27.753","21.828","8.1213015096","0.839238449134113","0.930265957371621","9.476208828",
"1/11/1990","-63.4375","-7.02514982223511","82","24.936","21.647","6.2381705904","1.1018220835028","0.961742213803875","4.67977158",
"1/12/1990","-63.4375","-7.02514982223511","82","27.569","21.687","0.2712250008","1.05933790611321","0.891643828647603","8.81212068",
"1/13/1990","-63.4375","-7.02514982223511","82","31.082","20.841","0","1.13053643170311","0.815193199745262","19.79268966",
"1/14/1990","-63.4375","-7.02514982223511","82","30.603","22.204","7.978822848","1.02033789665649","0.902268605491083","14.97268188",
"1/15/1990","-63.4375","-7.02514982223511","82","30.922","22.126","16.3524605328","0.708063403180108","0.912768047832725","18.921602232",
"1/16/1990","-63.4375","-7.02514982223511","82","26.271","21.433","44.2491375024","0.934310762296424","0.959417087708645","8.496678888",
"1/17/1990","-63.4375","-7.02514982223511","82","32.082","22.36","4.764463056","0.891165928853658","0.900571096657236","16.07011668",
"1/18/1990","-63.4375","-7.02514982223511","82","26.244","23.183","16.44516036","0.865995263036303","0.966454709622236","7.612263",
"1/19/1990","-63.4375","-7.02514982223511","82","27.024","22.818","16.9086402","0.771417632409594","0.95158393179853","13.192537968",
"1/20/1990","-63.4375","-7.02514982223511","82","24.901","22.155","21.03195528","1.08591482043047","0.975160166864462","9.551416752",
"1/21/1990","-63.4375","-7.02514982223511","82","31.534","21.629","3.137971392","1.09895121502319","0.858999806266124","20.0811429",
"1/22/1990","-63.4375","-7.02514982223511","82","32.829","20.333","13.372424172","0.636428663396713","0.861317218182809","25.73679366",
"1/23/1990","-63.4375","-7.02514982223511","82","31.918","22.721","6.547167036","1.36405796637029","0.838463693812848","17.30879496",
"1/24/1990","-63.4375","-7.02514982223511","82","31.81","20.425","3.9636623664","0.93750759676723","0.866993273941483","23.3822862",
"1/25/1990","-63.4375","-7.02514982223511","82","33.54","20.484","11.9871137448","0.909000129865187","0.876300572273101","20.0307951",
"1/26/1990","-63.4375","-7.02514982223511","82","25.643","20.927","25.3440855","0.72624554420913","0.967249089118511","5.52190104",
"1/27/1990","-63.4375","-7.02514982223511","82","28.604","20.206","32.05602684","0.860965396839967","0.940781795213635","11.887480512",
"1/28/1990","-63.4375","-7.02514982223511","82","30.197","19.984","2.506255596","0.660093190631391","0.910728543067642","15.761414268",
"1/29/1990","-63.4375","-7.02514982223511","82","31.669","22.308","15.2091992664","0.752366008460344","0.88320242424475","20.91104982",
"1/30/1990","-63.4375","-7.02514982223511","82","30.646","23.773","12.02659974","1.03965042960511","0.916903332993257","22.06698327",
"1/31/1990","-63.4375","-7.02514982223511","82","30.401","23.469","8.610537528","0.779951481980381","0.924526711938145","15.3174348",
"2/1/1990","-63.4375","-7.02514982223511","82","27.829","23.273","14.8487082624","0.978646179867714","0.960090929504339","20.9957067",
"2/2/1990","-63.4375","-7.02514982223511","82","27.258","23.362","11.736485172","0.873532127754102","0.962843744205579","18.7080822",
"2/3/1990","-63.4375","-7.02514982223511","82","28.859","20.318","22.0533372","0.901105221515839","0.937559644414779","11.293250868",
"2/4/1990","-63.4375","-7.02514982223511","82","33.367","19.57","5.05199232","0.85789817172094","0.843956577951046","24.107396112",
"2/5/1990","-63.4375","-7.02514982223511","82","32.155","24.209","12.8093731992","1.00061332490324","0.901448493118131","25.778697912",
"2/6/1990","-63.4375","-7.02514982223511","82","28.013","22.653","3.68900244","1.02734817564579","0.925357113865933","8.34249348",
"2/7/1990","-63.4375","-7.02514982223511","82","27.252","21.387","13.5543865608","0.833270705989817","0.962883270282493","16.733979",
"2/8/1990","-63.4375","-7.02514982223511","82","28.56","22.15","14.606674344","0.557508333622132","0.954610162678549","21.254682168",
"2/9/1990","-63.4375","-7.02514982223511","82","27.428","23.82","25.07629428","0.833052213463434","0.958515098222768","17.7830946",
"2/10/1990","-63.4375","-7.02514982223511","82","30.954","23.067","19.00290564","0.954446380211232","0.908280063081317","19.213423848",
"2/11/1990","-63.4375","-7.02514982223511","82","30.614","23.468","38.3010732","0.920955369667276","0.914977237110865","19.303874982",
"2/12/1990","-63.4375","-7.02514982223511","82","27.023","22.848","20.80450656","0.755460090864486","0.96718267146351","16.58761506",
"2/13/1990","-63.4375","-7.02514982223511","82","29.976","23.022","8.199403956","0.579401684144462","0.934606948663454","19.23659892",
"2/14/1990","-63.4375","-7.02514982223511","82","27.425","23.174","12.29567616","1.22216551848889","0.926643865883408","15.451088112",
"2/15/1990","-63.4375","-7.02514982223511","82","28.775","22.524","7.2037703664","0.652468371430476","0.918078037280654","19.325469132",
"2/16/1990","-63.4375","-7.02514982223511","82","30.868","22.93","13.176723024","0.751829312857513","0.93460858396287","20.57736996",
"2/17/1990","-63.4375","-7.02514982223511","82","28.457","23.207","29.7223254","0.98077469223472","0.937571270542783","22.06349784",
"2/18/1990","-63.4375","-7.02514982223511","82","24.631","22.169","138.04833708","1.69098537974873","0.969926843544435","5.779968948",
"2/19/1990","-63.4375","-7.02514982223511","82","25.46","21.951","5.52578112","0.647267350574654","0.965747969249596","8.471977668",
"2/20/1990","-63.4375","-7.02514982223511","82","29.084","22.349","7.1548443","0.640674593141708","0.917516301987053","10.945520532",
"2/21/1990","-63.4375","-7.02514982223511","82","26.759","22.883","8.1110019744","0.940998310491997","0.950162087238773","19.2583638",
"2/22/1990","-63.4375","-7.02514982223511","82","24.357","19.026","8.998489188","0.898192646465839","0.974827406861654","4.805271432",
"2/23/1990","-63.4375","-7.02514982223511","82","28.578","19.253","0.216293364","0.80248577203552","0.91083373872632","9.149286222",
"2/24/1990","-63.4375","-7.02514982223511","82","31.831","21.278","3.7216200528","0.758072124840678","0.867074931133098","23.535449352",
"2/25/1990","-63.4375","-7.02514982223511","82","29.336","22.484","12.209415012","0.930932468723418","0.919496145131851","13.4696268",
"2/26/1990","-63.4375","-7.02514982223511","82","27.2","20.877","9.990692676","0.82806629569359","0.945957055668738","7.51280265",
"2/27/1990","-63.4375","-7.02514982223511","82","24.965","20.821","1.277161236","0.664732180000151","0.950516929785542","4.748620932",
"2/28/1990","-63.4375","-7.02514982223511","82","26.312","17.785","1.5621188184","0.910169383915557","0.911433118375991","11.62400796",
"3/1/1990","-63.4375","-7.02514982223511","82","28.717","20.569","7.3539755424","1.05605134404635","0.852852110539227","23.792177952",
"3/2/1990","-63.4375","-7.02514982223511","82","25.327","22.453","16.167067776","0.873630979381719","0.965981658676813","5.11385328",
"3/3/1990","-63.4375","-7.02514982223511","82","26.822","22.147","17.47169352","1.16919600137155","0.955231083303953","23.444715312",
"3/4/1990","-63.4375","-7.02514982223511","82","28.072","21.519","16.77475008","1.11437303856721","0.9463900164526","12.499425648",
"3/5/1990","-63.4375","-7.02514982223511","82","29.096","21.887","6.959151072","0.778492437654323","0.913143311458709","14.7871143",
"3/6/1990","-63.4375","-7.02514982223511","82","24.792","21.295","5.7025925064","0.86486102500005","0.97121674411701","3.508088112",
"3/7/1990","-63.4375","-7.02514982223511","82","31.02","20.895","4.202270532","0.846114604799239","0.921945314365691","17.25344856",
"3/8/1990","-63.4375","-7.02514982223511","82","27.406","22.289","16.912082412","0.696591537384827","0.959222957771574","18.200358792",
"3/9/1990","-63.4375","-7.02514982223511","82","31.922","23.148","10.1863864944","1.06934056808062","0.885390339196789","19.6618509",
"3/10/1990","-63.4375","-7.02514982223511","82","29.841","22.993","12.304688652","1.07929710915874","0.917971527940046","19.0257192",
"3/11/1990","-63.4375","-7.02514982223511","82","30.029","20.724","12.6995093064","0.785772185825184","0.917676504744227","22.4114616",
"3/12/1990","-63.4375","-7.02514982223511","82","27.576","22.451","19.70501076","0.602746966999179","0.954966349116745","24.939057672",
"3/13/1990","-63.4375","-7.02514982223511","82","27.547","23.099","23.9931108","0.666139010396914","0.9604353078756","16.45076196",
"3/14/1990","-63.4375","-7.02514982223511","82","35.278","22.558","5.2099200144","0.819563649896638","0.790915223494021","20.84085108",
"3/15/1990","-63.4375","-7.02514982223511","82","33.202","22.581","17.22108096","0.655308035170249","0.874491575182635","25.491044448",
"3/16/1990","-63.4375","-7.02514982223511","82","28.659","22.164","14.326859952","0.822653192096459","0.946658924806358","22.25632554",
"3/17/1990","-63.4375","-7.02514982223511","82","30.721","21.878","6.5093973264","0.935978443356299","0.887282483686342","21.4130259",
"3/18/1990","-63.4375","-7.02514982223511","82","28.514","21.932","7.414060824","0.835145734898973","0.941183904741234","16.08170445",
"3/19/1990","-63.4375","-7.02514982223511","82","29.647","20.562","7.448395032","0.851825252008564","0.9246523295893","16.411777758",
"3/20/1990","-63.4375","-7.02514982223511","82","27.189","21.944","7.159996476","0.884280223159429","0.955365560848226","11.483608212",
"3/21/1990","-63.4375","-7.02514982223511","82","27.904","22.114","17.6313407184","0.803772107578364","0.950467111669551","20.17176066",
"3/22/1990","-63.4375","-7.02514982223511","82","26.981","22.052","12.407686092","0.891396619016306","0.962258252696713","16.930185192",
"3/23/1990","-63.4375","-7.02514982223511","82","32.558","22.192","7.383151296","0.808202386527522","0.874724211051583","17.40723858",
"3/24/1990","-63.4375","-7.02514982223511","82","27.153","22.981","19.5968688984","0.824207149468506","0.961581685595299","17.236300698",
"3/25/1990","-63.4375","-7.02514982223511","82","26.242","21.79","10.37864772","0.764974168375193","0.969295733703606","10.29768822",
"3/26/1990","-63.4375","-7.02514982223511","82","26.512","22.273","3.045272328","0.618543055721538","0.934867459253439","9.796101732",
"3/27/1990","-63.4375","-7.02514982223511","82","26.576","21.27","2.585220408","0.627411616186419","0.954183456666026","7.084854918",
"3/28/1990","-63.4375","-7.02514982223511","82","25.914","22.036","5.218503012","0.980437204753672","0.963371692015298","11.04947334",
"3/29/1990","-63.4375","-7.02514982223511","82","32.882","21.373","3.3267963528","1.17640536525775","0.822623454819203","20.59880814",
"3/30/1990","-63.4375","-7.02514982223511","82","31.446","21.634","6.1042788","1.31241526839628","0.848905979570392","26.6068701",
"3/31/1990","-63.4375","-7.02514982223511","82","28.609","22.697","17.918012196","0.938698028821147","0.945154572094321","13.38119892",
"4/1/1990","-63.4375","-7.02514982223511","82","29.831","22.693","17.94891474","1.04829396521031","0.915285713422892","20.2583745",
"4/2/1990","-63.4375","-7.02514982223511","82","28.201","21.124","25.1106292224","0.658990626059014","0.950433036421622","15.89422815",
"4/3/1990","-63.4375","-7.02514982223511","82","27.98","22.918","4.772185704","0.880826844807476","0.93042538577122","16.55780886",
"4/4/1990","-63.4375","-7.02514982223511","82","29.834","22.191","6.03046116","0.773491063429632","0.92731386395195","18.81196884",
"4/5/1990","-63.4375","-7.02514982223511","82","27.946","21.888","11.01380004","0.843769344559981","0.955187145024022","16.042160448",
"4/6/1990","-63.4375","-7.02514982223511","82","30.038","22.775","6.475069188","1.10449157674662","0.924399950504437","18.6638661",
"4/7/1990","-63.4375","-7.02514982223511","82","30.724","22.379","2.19726486","0.935911766171628","0.8864955723751","18.255259008",
"4/8/1990","-63.4375","-7.02514982223511","82","29.213","23.166","5.4622646208","0.765019249432831","0.919735336504671","19.36973736",
"4/9/1990","-63.4375","-7.02514982223511","82","28.958","20.623","5.438236104","0.863899277559881","0.933808276969495","15.618212568",
"4/10/1990","-63.4375","-7.02514982223511","82","32.849","22.563","12.11586192","0.987484155487063","0.887726717806664","24.714961488",
"4/11/1990","-63.4375","-7.02514982223511","82","26.817","21.715","18.0244473264","1.07997275787821","0.958050874470933","17.48857338",
"4/12/1990","-63.4375","-7.02514982223511","82","28.804","21.81","4.7584543248","0.71013232919173","0.939424638264663","11.70073512",
"4/13/1990","-63.4375","-7.02514982223511","82","35.22","19.612","0.63514872","0.944432613047878","0.794825227694672","17.25035472",
"4/14/1990","-63.4375","-7.02514982223511","82","28.574","22.193","26.2230000264","0.686949758018134","0.957384670433596","21.5898192",
"4/15/1990","-63.4375","-7.02514982223511","82","31.427","23.547","7.199478756","0.848575103364708","0.871368618030829","20.2574232",
"4/16/1990","-63.4375","-7.02514982223511","82","26.168","23.275","11.93389344","0.643647970977564","0.96962239761288","9.001233",
"4/17/1990","-63.4375","-7.02514982223511","82","25.744","22.691","9.70573968","0.880635055161914","0.973111585507103","6.19413768",
"4/18/1990","-63.4375","-7.02514982223511","82","30.788","22.2","5.3695638144","0.812322331182418","0.895823235392834","18.72124128",
"4/19/1990","-63.4375","-7.02514982223511","82","24.543","20.272","5.493161556","1.52431368961376","0.96338169810943","6.24993984",
"4/20/1990","-63.4375","-7.02514982223511","82","28.406","20.172","1.680565176","0.849873755611973","0.93439337031778","10.7899245",
"4/21/1990","-63.4375","-7.02514982223511","82","23.938","21.699","26.06849748","0.896465552347883","0.979722562571364","2.87161902",
"4/22/1990","-63.4375","-7.02514982223511","82","32.626","20.824","2.2882476168","1.05333550350898","0.856523671147169","21.0538683",
"4/23/1990","-63.4375","-7.02514982223511","82","30.029","21.809","3.7284841224","1.24233009983998","0.876084975708929","25.38472788",
"4/24/1990","-63.4375","-7.02514982223511","82","30.779","21.203","5.208206724","0.875095523036094","0.911857314235917","20.180143332",
"4/25/1990","-63.4375","-7.02514982223511","82","29.898","20.763","9.63363762","0.800981316790898","0.937162272979318","19.31321286",
"4/26/1990","-63.4375","-7.02514982223511","82","33.261","21.725","0.4257200448","0.998489015152046","0.84729353521744","12.98379258",
"4/27/1990","-63.4375","-7.02514982223511","82","32.874","22.602","1.9535064624","1.16371959381997","0.847386716326569","20.579231088",
"4/28/1990","-63.4375","-7.02514982223511","82","29.578","20.711","7.74880056","0.646036608275507","0.917317261515731","24.183957528",
"4/29/1990","-63.4375","-7.02514982223511","82","32.73","22.506","4.676055084","0.862021343626461","0.897480832688577","15.815862432",
"4/30/1990","-63.4375","-7.02514982223511","82","29.271","21.826","7.887844836","1.0929606800269","0.927500722743177","12.8544165",
"5/1/1990","-63.4375","-7.02514982223511","82","27.755","20.819","12.39738552","0.81101121356461","0.956354460656476","16.805472768",
"5/2/1990","-63.4375","-7.02514982223511","82","33.002","22.441","4.1542059168","0.863054481516485","0.861421355465696","19.939498668",
"5/3/1990","-63.4375","-7.02514982223511","82","28.181","21.859","2.2247314704","0.918905378055287","0.91371219926778","12.9945429",
"5/4/1990","-63.4375","-7.02514982223511","82","31.86","23.004","0.7965090864","0.958528307777032","0.840660579836555","16.9220826",
"5/5/1990","-63.4375","-7.02514982223511","82","29.202","22.222","17.91114732","0.62395186398815","0.940517954279651","19.8204759",
"5/6/1990","-63.4375","-7.02514982223511","82","29.692","23.219","7.812312912","1.05689888629887","0.895073710593689","21.1542156",
"5/7/1990","-63.4375","-7.02514982223511","82","30.031","22.672","8.1985476888","0.854059827115509","0.919519419046162","20.68807734",
"5/8/1990","-63.4375","-7.02514982223511","82","31.161","22.529","3.9859770384","0.887893696307671","0.893818230401635","17.26616142",
"5/9/1990","-63.4375","-7.02514982223511","82","30.592","22.882","8.3049786864","0.801995007097181","0.880929100870818","20.89456794",
"5/10/1990","-63.4375","-7.02514982223511","82","29.269","21.951","10.481639184","0.824861798635614","0.935947712278511","20.61939132",
"5/11/1990","-63.4375","-7.02514982223511","82","24.865","18.854","2.914810992","0.903850716365457","0.97242840575598","3.0964491",
"5/12/1990","-63.4375","-7.02514982223511","82","31.248","18.624","5.314635144","1.13381694558325","0.856574376430927","23.72928318",
"5/13/1990","-63.4375","-7.02514982223511","82","30.11","20.563","12.864307464","0.893468069800604","0.929469690031075","23.09338386",
"5/14/1990","-63.4375","-7.02514982223511","82","31.58","20.119","1.994706864","0.824359175581866","0.872349923201079","20.77222878",
"5/15/1990","-63.4375","-7.02514982223511","82","33.633","20.529","0.0652313592","1.100767875759","0.755735341693028","23.95591884",
"5/16/1990","-63.4375","-7.02514982223511","82","33.009","21.788","0.74844342","1.00288153691751","0.806104862788318","13.4269317",
"5/17/1990","-63.4375","-7.02514982223511","82","30.013","19.981","7.6938652728","0.832223001159873","0.892725592698822","22.5689688",
"5/18/1990","-63.4375","-7.02514982223511","82","27.297","22.279","10.67733864","1.59651755344677","0.945334951322181","20.136096",
"5/19/1990","-63.4375","-7.02514982223511","82","28.608","19.662","0.3604887792","1.84804646576053","0.829572616321801","20.6472897",
"5/20/1990","-63.4375","-7.02514982223511","82","29.57","19.662","0.0137329128","1.24332849691906","0.779010576780579","14.80258278",
"5/21/1990","-63.4375","-7.02514982223511","82","32.417","19.837","0","1.61228986293449","0.694942565467107","23.612454",
"5/22/1990","-63.4375","-7.02514982223511","82","30.446","21.463","0.0480652128","2.09511359537569","0.703501466151131","17.7324759",
"5/23/1990","-63.4375","-7.02514982223511","82","30.871","19.974","0","1.63205304291162","0.712900878303345","21.20129676",
"5/24/1990","-63.4375","-7.02514982223511","82","31.581","20.322","4.858018704","0.909755316672109","0.846665580791138","18.16115436",
"5/25/1990","-63.4375","-7.02514982223511","82","31.558","21.654","3.512191032","1.10471679961177","0.866677929972438","19.1009808",
"5/26/1990","-63.4375","-7.02514982223511","82","29.077","19.339","5.7815622864","0.560818015944243","0.919874145616904","21.8019366",
"5/27/1990","-63.4375","-7.02514982223511","82","30.057","21.47","9.34181262","0.954831844897894","0.875058526492302","22.34790558",
"5/28/1990","-63.4375","-7.02514982223511","82","29.626","20.112","8.90579448","0.798124938012568","0.92043632369826","16.7140728",
"5/29/1990","-63.4375","-7.02514982223511","82","30.756","19.423","10.890199692","0.56792929639255","0.929559142634402","17.80419114",
"5/30/1990","-63.4375","-7.02514982223511","82","29.245","22.29","9.01908864","0.920907528288316","0.926381481492681","21.96405324",
"5/31/1990","-63.4375","-7.02514982223511","82","29.024","21.776","2.4856580304","0.967462521292391","0.91233836103472","14.472279",
"6/1/1990","-63.4375","-7.02514982223511","82","31.294","18.985","1.915742952","0.964366014273381","0.869110323001177","14.7985317",
"6/2/1990","-63.4375","-7.02514982223511","82","30.635","19.597","3.80401362","0.641336281825466","0.911535760006358","19.36423242",
"6/3/1990","-63.4375","-7.02514982223511","82","31.369","20.561","2.8066642128","0.683640916846825","0.874648656826909","16.8822549",
"6/4/1990","-63.4375","-7.02514982223511","82","30.945","20.556","0.664329744","0.704283553463664","0.873930807553827","10.86991938",
"6/5/1990","-63.4375","-7.02514982223511","82","29.819","21.859","1.6633989","0.885390800578146","0.857827360432103","10.49135382",
"6/6/1990","-63.4375","-7.02514982223511","82","31.863","21.841","0.193977432","0.946354894376076","0.848333869865756","12.36245526",
"6/7/1990","-63.4375","-7.02514982223511","82","33.154","20.566","0","1.39120651998014","0.712311817322553","22.2889536",
"6/8/1990","-63.4375","-7.02514982223511","82","33.342","20.263","0","1.14440260234744","0.63131294592416","22.74199308",
"6/9/1990","-63.4375","-7.02514982223511","82","34.75","19.399","0","0.890050900357616","0.614544076631616","16.30226502",
"6/10/1990","-63.4375","-7.02514982223511","82","30.615","22.621","1.29089376","1.20472992991339","0.748375300580591","16.2572112",
"6/11/1990","-63.4375","-7.02514982223511","82","29.809","20.809","0","1.68172560422815","0.695700625284166","14.2142607",
"6/12/1990","-63.4375","-7.02514982223511","82","32.809","20.417","0","1.33833389707068","0.665173551455345","18.13713696",
"6/13/1990","-63.4375","-7.02514982223511","82","34.585","20.164","0","1.15245523460117","0.633360126676182","15.36879924",
"6/14/1990","-63.4375","-7.02514982223511","82","32.61","22.777","2.8890642024","0.755075517580564","0.773638809532867","11.80507554",
"6/15/1990","-63.4375","-7.02514982223511","82","32.601","21.308","0","1.2438999283538","0.735407572650458","14.19158916",
"6/16/1990","-63.4375","-7.02514982223511","82","33.056","19.978","0.0669479472","1.45462782562861","0.664389557750297","10.89382662",
"6/17/1990","-63.4375","-7.02514982223511","82","26.597","16.95","0.0068664528","1.12806047715582","0.787279673012319","5.33199312",
"6/18/1990","-63.4375","-7.02514982223511","82","27.281","17.709","0","0.933374830206637","0.80536464147368","8.07035184",
"6/19/1990","-63.4375","-7.02514982223511","82","33.068","21.263","0.200843856","1.36155289840573","0.737667310615557","12.18824424",
"6/20/1990","-63.4375","-7.02514982223511","82","29.789","21.597","4.015158732","1.36369285699993","0.834408003484584","21.9339036",
"6/21/1990","-63.4375","-7.02514982223511","82","32.873","20.374","0.027465804","1.44257213236458","0.724042754398708","15.10830648",
"6/22/1990","-63.4375","-7.02514982223511","82","31.106","16.555","0","0.860363520363352","0.725875216709536","13.91428296",
"6/23/1990","-63.4375","-7.02514982223511","82","33.711","20.259","0.075530988","1.28720151487904","0.719804865689239","16.25917464",
"6/24/1990","-63.4375","-7.02514982223511","82","31.622","22.23","4.080393","0.915814162127253","0.868118294948779","16.955725932",
"6/25/1990","-63.4375","-7.02514982223511","82","30.758","20.189","8.7547286664","0.935105349299912","0.891970057376349","11.0436732",
"6/26/1990","-63.4375","-7.02514982223511","82","27.638","19.861","9.483438564","0.948151035652468","0.926307721793788","14.904398952",
"6/27/1990","-63.4375","-7.02514982223511","82","31.701","19.469","0.1888276248","0.933814363286832","0.859048182060973","15.459417432",
"6/28/1990","-63.4375","-7.02514982223511","82","29.094","21.45","3.7370695824","1.08176240160203","0.83322004317489","13.7011536",
"6/29/1990","-63.4375","-7.02514982223511","82","34.47","20.843","0","1.51481296250026","0.619575615473155","15.2393049",
"6/30/1990","-63.4375","-7.02514982223511","82","34.057","19.016","0","1.19821992503392","0.6008475159991","23.03550162",
"7/1/1990","-63.4375","-7.02514982223511","82","35.836","22.083","0","1.15320945113611","0.519951416487068","17.13627432",
"7/2/1990","-63.4375","-7.02514982223511","82","35.622","21.951","0","0.887795396264764","0.578857929380002","17.4373884",
"7/3/1990","-63.4375","-7.02514982223511","82","33.794","21.706","0","0.896538190386305","0.701976995900354","16.26040629",
"7/4/1990","-63.4375","-7.02514982223511","82","34.699","17.825","0","0.745823113025638","0.657086261852254","15.88894488",
"7/5/1990","-63.4375","-7.02514982223511","82","34.359","20.453","0","1.30124317660816","0.555089080713002","19.28092032",
"7/6/1990","-63.4375","-7.02514982223511","82","30.525","21.161","2.866749588","0.931093712331278","0.757105367414988","19.07645364",
"7/7/1990","-63.4375","-7.02514982223511","82","31.504","20.226","4.118158548","0.786203828304138","0.901077676611244","13.781251332",
"7/8/1990","-63.4375","-7.02514982223511","82","29.661","20.108","0.9089471304","1.02886642385645","0.837261542717974","11.82509775",
"7/9/1990","-63.4375","-7.02514982223511","82","29.928","21.385","3.7473697872","0.618120276189848","0.882764567254831","15.423133068",
"7/10/1990","-63.4375","-7.02514982223511","82","30.331","21.746","9.610457688","1.04779367778918","0.930604775751259","16.3262241",
"7/11/1990","-63.4375","-7.02514982223511","82","23.764","19.529","4.957580124","2.16655375691657","0.913884869804879","5.937972912",
"7/12/1990","-63.4375","-7.02514982223511","82","28.443","18.094","0.054931644","1.66413132832335","0.76619739753559","15.86722788",
"7/13/1990","-63.4375","-7.02514982223511","82","29.864","19.604","0","1.52697941922321","0.697023452924482","21.191455332",
"7/14/1990","-63.4375","-7.02514982223511","82","30.778","18.532","1.200771648","0.993824290276076","0.819091656902875","14.540398632",
"7/15/1990","-63.4375","-7.02514982223511","82","30.341","18.432","3.35769876","0.769116119934624","0.861090497723315","21.8037996",
"7/16/1990","-63.4375","-7.02514982223511","82","29.208","19.003","4.978178172","0.846057672964457","0.895262661844613","22.5966393",
"7/17/1990","-63.4375","-7.02514982223511","82","32.231","19.697","0.0205993728","1.20995013289305","0.779939983279374","19.14097392",
"7/18/1990","-63.4375","-7.02514982223511","82","27.899","17.197","0","0.926966269366857","0.810030467610605","12.92422536",
"7/19/1990","-63.4375","-7.02514982223511","82","33.621","18.252","0","0.954293749580948","0.728629396019861","14.770915632",
"7/20/1990","-63.4375","-7.02514982223511","82","35.306","17.105","0","0.994943659906888","0.619096469644871","23.72985108",
"7/21/1990","-63.4375","-7.02514982223511","82","32.932","20.531","1.62563328","1.42729357183885","0.66470737637874","17.008311618",
"7/22/1990","-63.4375","-7.02514982223511","82","26.517","18.166","0.3295899","2.53936569438199","0.611152085210296","22.630219668",
"7/23/1990","-63.4375","-7.02514982223511","82","31.09","14.95","0","1.24337580244436","0.658694347567289","23.98072734",
"7/24/1990","-63.4375","-7.02514982223511","82","33.59","17.233","0","1.17077606200049","0.606129981956321","24.04715526",
"7/25/1990","-63.4375","-7.02514982223511","82","34.069","20.512","0.0944138304","1.16257032951921","0.588748205924081","17.989933932",
"7/26/1990","-63.4375","-7.02514982223511","82","33.248","19.299","0","0.958443092672837","0.686091670931639","15.714059418",
"7/27/1990","-63.4375","-7.02514982223511","82","28.041","21.776","12.093540192","1.07030633281422","0.925876791253105","11.291344632",
"7/28/1990","-63.4375","-7.02514982223511","82","30.959","21.183","1.25827848","1.94212653587286","0.750000852721433","18.493204968",
"7/29/1990","-63.4375","-7.02514982223511","82","31.633","19.778","0.058364856","1.69992860940958","0.611868773054861","23.7301326",
"7/30/1990","-63.4375","-7.02514982223511","82","31.738","21.851","0.061798068","1.83330711258894","0.566403177497912","20.936923668",
"7/31/1990","-63.4375","-7.02514982223511","82","31.392","18.491","0","1.4392820475282","0.527587305911126","24.343533792",
"8/1/1990","-63.4375","-7.02514982223511","82","33.733","19.062","0","1.2493817883163","0.546838868444194","24.487310808",
"8/2/1990","-63.4375","-7.02514982223511","82","34.455","14.817","0","1.10554730904163","0.583003193268198","20.459648808",
"8/3/1990","-63.4375","-7.02514982223511","82","34.507","19.042","0","0.889316661038806","0.691969758205299","14.3191107",
"8/4/1990","-63.4375","-7.02514982223511","82","31.762","19.893","1.64279916","1.15316440953468","0.743889060112616","12.53199789",
"8/5/1990","-63.4375","-7.02514982223511","82","34.827","16.596","0","1.1021849887238","0.697354007484454","25.04070378",
"8/6/1990","-63.4375","-7.02514982223511","82","37.25","15.819","0","0.858522289826351","0.536087563334556","19.30477662",
"8/7/1990","-63.4375","-7.02514982223511","82","35.63","21.556","0.1304625384","1.16343777810395","0.622240276865865","16.76453112",
"8/8/1990","-63.4375","-7.02514982223511","82","36.179","17.995","0","1.26420755443922","0.573422191609519","23.64733026",
"8/9/1990","-63.4375","-7.02514982223511","82","35.85","22.055","0","1.6086988202126","0.485905104382794","24.805182528",
"8/10/1990","-63.4375","-7.02514982223511","82","36.018","17.794","0","1.51839178879661","0.428916510725585","25.4680344",
"8/11/1990","-63.4375","-7.02514982223511","82","36.621","18.776","0","1.17250797161374","0.465513534374293","25.40137554",
"8/12/1990","-63.4375","-7.02514982223511","82","36.166","19.379","0","1.05797620237808","0.50260419281873","15.543109818",
"8/13/1990","-63.4375","-7.02514982223511","82","34.392","20.655","0.30899052","0.935143775258534","0.626876725289269","15.54171174",
"8/14/1990","-63.4375","-7.02514982223511","82","30.813","22.003","1.5964495272","1.28755657348796","0.79973741913839","19.823232852",
"8/15/1990","-63.4375","-7.02514982223511","82","35.132","19.974","0","1.03881405618829","0.69580865132751","13.24558368",
"8/16/1990","-63.4375","-7.02514982223511","82","30.777","20.179","6.4613304","0.987029924083034","0.829568041106822","16.18993152",
"8/17/1990","-63.4375","-7.02514982223511","82","34.835","20.296","0","0.858555035960509","0.704724933488393","15.0355683",
"8/18/1990","-63.4375","-7.02514982223511","82","36.691","19.976","0.0343323","1.26974501183514","0.5737482074078","21.7450629",
"8/19/1990","-63.4375","-7.02514982223511","82","38.207","21.249","0","0.994640352891608","0.535268129572068","24.92454654",
"8/20/1990","-63.4375","-7.02514982223511","82","37.111","18.716","0","1.66001926937418","0.432218813187197","25.350186672",
"8/21/1990","-63.4375","-7.02514982223511","82","36.934","21.579","0","1.36627883890297","0.393558640214538","21.514112568",
"8/22/1990","-63.4375","-7.02514982223511","82","37.405","19.151","0","1.35398448710192","0.464961127961433","16.7050107",
"8/23/1990","-63.4375","-7.02514982223511","82","37.101","17.83","0","1.69727982050645","0.407059638995701","19.425992418",
"8/24/1990","-63.4375","-7.02514982223511","82","38.546","17.877","0","1.30993073434995","0.413600615878375","26.541678168",
"8/25/1990","-63.4375","-7.02514982223511","82","38.574","20.615","0","1.19285163060531","0.474168466528184","16.467524568",
"8/26/1990","-63.4375","-7.02514982223511","82","38.828","22.891","0.07896438","1.37739118316358","0.51236530613363","15.633904392",
"8/27/1990","-63.4375","-7.02514982223511","82","38.247","23.156","0.024032592","1.18739836791265","0.520541583126519","16.18250328",
"8/28/1990","-63.4375","-7.02514982223511","82","39.9","24.073","0.0617981328","1.10538402244473","0.546096072218905","5.04207972",
"8/29/1990","-63.4375","-7.02514982223511","82","35.184","23.32","0.178527708","1.58235489516885","0.59871281520797","12.94193826",
"8/30/1990","-63.4375","-7.02514982223511","82","38.133","21.008","0","1.29739635488332","0.557997144878767","17.55776826",
"8/31/1990","-63.4375","-7.02514982223511","82","36.769","21.552","0","1.5158644711206","0.470354749358929","19.5991272",
"9/1/1990","-63.4375","-7.02514982223511","82","38.747","23.041","0","1.11005350535156","0.468154113922851","16.807440528",
"9/2/1990","-63.4375","-7.02514982223511","82","36.661","19.626","0","1.21987662267534","0.493942328858494","20.19611484",
"9/3/1990","-63.4375","-7.02514982223511","82","38.101","19.773","0.034332264","1.22144338600806","0.500449190351839","16.53226974",
"9/4/1990","-63.4375","-7.02514982223511","82","34.458","22.206","3.276156744","1.19909017919681","0.626692347818992","14.46828642",
"9/5/1990","-63.4375","-7.02514982223511","82","37.406","20.306","0","0.921961225447862","0.576414910695343","17.64793332",
"9/6/1990","-63.4375","-7.02514982223511","82","36.402","20.43","0","1.06259995528848","0.578987137436859","18.3653982",
"9/7/1990","-63.4375","-7.02514982223511","82","37.584","22.387","0","1.05913369257024","0.516919658198896","16.036990272",
"9/8/1990","-63.4375","-7.02514982223511","82","38.501","22.482","0","1.01635032586151","0.443756359559007","16.16929434",
"9/9/1990","-63.4375","-7.02514982223511","82","38.105","19.817","0","1.18826968389169","0.495834263169567","26.225436672",
"9/10/1990","-63.4375","-7.02514982223511","82","29.056","20.057","0","0.950791117546494","0.579273153590454","4.24490634",
"9/11/1990","-63.4375","-7.02514982223511","82","39.056","20.36","0","1.78770619763157","0.406033492284965","26.83479078",
"9/12/1990","-63.4375","-7.02514982223511","82","39.532","19.548","0","1.92558240383605","0.361115909739506","21.382588872",
"9/13/1990","-63.4375","-7.02514982223511","82","37.383","22.316","0","2.05811399688992","0.456713894769411","15.028871472",
"9/14/1990","-63.4375","-7.02514982223511","82","28.248","20.387","0","2.58914408696611","0.453933196555189","12.661374672",
"9/15/1990","-63.4375","-7.02514982223511","82","36.741","20.973","0","1.35397720820585","0.43657747324009","23.103728532",
"9/16/1990","-63.4375","-7.02514982223511","82","40.931","20.37","0","1.03339724318788","0.436841876997274","17.50269096",
"9/17/1990","-63.4375","-7.02514982223511","82","39.984","20.819","0","0.960807433941311","0.442606132582081","14.47824528",
"9/18/1990","-63.4375","-7.02514982223511","82","39.914","20.595","0","1.26702298914569","0.434838091855143","20.70843444",
"9/19/1990","-63.4375","-7.02514982223511","82","37.406","21.935","0.058364892","1.39757336021318","0.492245051494628","15.14081736",
"9/20/1990","-63.4375","-7.02514982223511","82","39.552","20.241","0","1.19136685901911","0.476368416155979","17.710030872",
"9/21/1990","-63.4375","-7.02514982223511","82","36.513","22.741","0.429153516","1.32299896158933","0.499916086554694","19.332840672",
"9/22/1990","-63.4375","-7.02514982223511","82","40.093","20.007","0.394821072","1.20258872575383","0.498152242136447","25.686955728",
"9/23/1990","-63.4375","-7.02514982223511","82","40.699","22.932","0.17681148","1.37629390460596","0.439397868548731","19.58219784",
"9/24/1990","-63.4375","-7.02514982223511","82","37.061","22.717","0.53558352","2.35481142055964","0.442187140804701","25.913526552",
"9/25/1990","-63.4375","-7.02514982223511","82","39.12","22.027","0","1.85838037672207","0.350235376897754","28.644579",
"9/26/1990","-63.4375","-7.02514982223511","82","38.584","25.556","0","1.19046553123329","0.369599404871491","21.90436614",
"9/27/1990","-63.4375","-7.02514982223511","82","40.051","24.921","0","1.64461096622607","0.404924784624094","24.47033112",
"9/28/1990","-63.4375","-7.02514982223511","82","40.104","21.18","0.01373292","1.19497086919021","0.478523126371544","17.79924672",
"9/29/1990","-63.4375","-7.02514982223511","82","34.11","23.452","0.8668902312","0.809810698569541","0.564796631298752","16.487328528",
"9/30/1990","-63.4375","-7.02514982223511","82","37.657","23.01","3.699307152","1.15732853600598","0.754596762162781","8.648714808",
"10/1/1990","-63.4375","-7.02514982223511","82","36.209","22.267","0.71411112","1.25420274078496","0.675035994572139","18.844085232",
"10/2/1990","-63.4375","-7.02514982223511","82","34.826","22.468","0","1.50671534572069","0.552310029077877","8.89199856",
"10/3/1990","-63.4375","-7.02514982223511","82","39.337","23.348","0","1.32632663327328","0.463754069063467","15.889448448",
"10/4/1990","-63.4375","-7.02514982223511","82","37.235","23.289","0","1.9245761260626","0.409368087536521","26.88165108",
"10/5/1990","-63.4375","-7.02514982223511","82","39.513","23.471","0","1.52215466031703","0.392391987016897","23.44904352",
"10/6/1990","-63.4375","-7.02514982223511","82","37.248","21.653","0","0.954155649057252","0.449890192745793","10.57122756",
"10/7/1990","-63.4375","-7.02514982223511","82","40.581","19.008","0","1.03819189769537","0.479083753756621","14.22546138",
"10/8/1990","-63.4375","-7.02514982223511","82","42.345","23.063","0","0.929385438419789","0.428859346793117","15.18912648",
"10/9/1990","-63.4375","-7.02514982223511","82","35.45","23.03","0","1.21836541875501","0.4602467230383","10.10401794",
"10/10/1990","-63.4375","-7.02514982223511","82","39.718","22.579","0.0034332264","1.42739749675443","0.424843066786207","17.91984654",
"10/11/1990","-63.4375","-7.02514982223511","82","38.094","23.689","0.5149849176","1.14846970798304","0.492048358686624","17.72887806",
"10/12/1990","-63.4375","-7.02514982223511","82","37.42","21.379","0.0034332264","1.08043122293968","0.575937806243342","11.10448404",
"10/13/1990","-63.4375","-7.02514982223511","82","39.224","24.172","0.62828028","1.09906115628887","0.55094487787021","16.0112817",
"10/14/1990","-63.4375","-7.02514982223511","82","44.916","22.892","0.24719238","1.19391666683559","0.493034119424118","17.49970836",
"10/15/1990","-63.4375","-7.02514982223511","82","39.862","23.609","0.37765512","0.871970662123901","0.504072817814142","8.9797491",
"10/16/1990","-63.4375","-7.02514982223511","82","38.317","21.601","4.1130054","0.766041924119236","0.646847629669152","15.37379424",
"10/17/1990","-63.4375","-7.02514982223511","82","37.31","22.395","3.9361971024","0.923018748116413","0.732340595503133","18.18326448",
"10/18/1990","-63.4375","-7.02514982223511","82","39.444","20.624","4.181671908","0.895183979700475","0.67855333845751","19.41991776",
"10/19/1990","-63.4375","-7.02514982223511","82","36.832","23.059","2.853012204","0.942554671821902","0.72627832503871","15.31310904",
"10/20/1990","-63.4375","-7.02514982223511","82","34.458","22.524","1.21536144","1.60218127244194","0.711814167915585","20.99469492",
"10/21/1990","-63.4375","-7.02514982223511","82","35.51","21.567","0","1.38852482597435","0.648569719004266","19.6203888",
"10/22/1990","-63.4375","-7.02514982223511","82","40.316","18.953","0.07896438","1.01571310525678","0.509789339426549","25.7700924",
"10/23/1990","-63.4375","-7.02514982223511","82","36.242","22.843","3.57055866","1.12161964286603","0.680282544350838","9.65137122",
"10/24/1990","-63.4375","-7.02514982223511","82","37.224","21.959","0","1.21172007215078","0.622315422627848","16.2912924",
"10/25/1990","-63.4375","-7.02514982223511","82","39.819","22.132","0","0.976675347197689","0.589377240713397","21.58649928",
"10/26/1990","-63.4375","-7.02514982223511","82","36.212","23.29","0.2952576","0.728209814013062","0.561386085487947","18.9450576",
"10/27/1990","-63.4375","-7.02514982223511","82","40.948","23.087","0","0.983962715605321","0.507549417317687","17.59859928",
"10/28/1990","-63.4375","-7.02514982223511","82","36.932","23.666","0","1.00507439039437","0.49156312639415","12.80469726",
"10/29/1990","-63.4375","-7.02514982223511","82","36.997","23.448","0","1.73235696505245","0.48388789732373","26.4349728",
"10/30/1990","-63.4375","-7.02514982223511","82","38.892","20.944","0","1.41729320387163","0.514151489606841","20.0709558",
"10/31/1990","-63.4375","-7.02514982223511","82","36.311","21.877","1.929473352","1.16859729999523","0.597373981743748","18.81540288",
"11/1/1990","-63.4375","-7.02514982223511","82","36.99","25.19","0.097847172","1.18235339582041","0.551913467429458","13.97407482",
"11/2/1990","-63.4375","-7.02514982223511","82","37.585","22.961","0.0343322784","1.53121496268237","0.58057644001568","19.56784608",
"11/3/1990","-63.4375","-7.02514982223511","82","41.019","22.858","0.0171661392","1.09747905561176","0.509333929513563","22.65474114",
"11/4/1990","-63.4375","-7.02514982223511","82","37.899","23.585","0.0137329128","1.32979969410488","0.508508036730187","23.23383318",
"11/5/1990","-63.4375","-7.02514982223511","82","34.163","25.222","0.254058624","1.55064812944911","0.549785055544498","5.42103876",
"11/6/1990","-63.4375","-7.02514982223511","82","40.02","21.003","0.245475756","0.992303550890858","0.524963714243931","22.51231938",
"11/7/1990","-63.4375","-7.02514982223511","82","35.904","22.333","6.1540668","1.0485263502588","0.709270062160228","9.74841048",
"11/8/1990","-63.4375","-7.02514982223511","82","25.815","23.065","0.735569064","1.73806297006367","0.798928587176102","2.12737554",
"11/9/1990","-63.4375","-7.02514982223511","82","37.508","21.598","0","1.22886624209891","0.632104572642171","11.3325741",
"11/10/1990","-63.4375","-7.02514982223511","82","36.628","20.889","0.197410608","1.19629207424764","0.564182044623246","21.1377888",
"11/11/1990","-63.4375","-7.02514982223511","82","37.093","24.205","0","1.20913335162598","0.441329421855821","14.88819006",
"11/12/1990","-63.4375","-7.02514982223511","82","36.868","25.164","0.19912752","1.3064566690745","0.500756175549252","13.28372262",
"11/13/1990","-63.4375","-7.02514982223511","82","38.191","23.718","1.7028818424","1.20510059918937","0.66777298694075","10.82131794",
"11/14/1990","-63.4375","-7.02514982223511","82","36.799","23.083","6.08368068","0.976498494306804","0.673695525863162","12.93665706",
"11/15/1990","-63.4375","-7.02514982223511","82","34.791","21.72","0.3330230904","1.49604833317901","0.571254665293638","24.63884928",
"11/16/1990","-63.4375","-7.02514982223511","82","38.229","21.357","0.024032592","0.955948552189769","0.557072663831224","20.61264762",
"11/17/1990","-63.4375","-7.02514982223511","82","37.839","22.622","0.2351759256","1.38959582453897","0.541758061487956","21.41004312",
"11/18/1990","-63.4375","-7.02514982223511","82","36.958","22.269","0.05321502","1.08643055344336","0.580953774926053","17.4252393",
"11/19/1990","-63.4375","-7.02514982223511","82","34.533","22.236","2.1749511672","0.948319240801813","0.667148337525001","12.9798612",
"11/20/1990","-63.4375","-7.02514982223511","82","38.963","22.447","0.360489096","0.951866314577373","0.601535418649149","13.9582737",
"11/21/1990","-63.4375","-7.02514982223511","82","36.166","23.777","0.288390924","1.28000602731214","0.646986269473537","15.98270706",
"11/22/1990","-63.4375","-7.02514982223511","82","36.5","23.363","1.31664204","1.09058424219261","0.720057788168178","16.4660526",
"11/23/1990","-63.4375","-7.02514982223511","82","33.164","20.257","10.93311468","1.19336632154229","0.820858039321986","25.19577882",
"11/24/1990","-63.4375","-7.02514982223511","82","29.798","21.913","15.67440252","0.897821539485464","0.916285601761483","15.54255342",
"11/25/1990","-63.4375","-7.02514982223511","82","26.902","22.264","12.1141413432","1.06041963073565","0.869212720739852","9.41388282",
"11/26/1990","-63.4375","-7.02514982223511","82","27.095","19.603","0.6900784128","0.945731489122389","0.802882473642165","8.5003884",
"11/27/1990","-63.4375","-7.02514982223511","82","33.817","20.019","0.1622203488","1.4150184108307","0.67939319645358","19.818511848",
"11/28/1990","-63.4375","-7.02514982223511","82","33.834","21.928","8.8508582208","1.10564086075489","0.780552030748195","13.30143624",
"11/29/1990","-63.4375","-7.02514982223511","82","36.216","22.794","0.23860908","0.829701316824403","0.707587424622406","18.728379",
"11/30/1990","-63.4375","-7.02514982223511","82","34.271","22.409","4.3438915656","0.901889254891574","0.755631157365691","25.4972196",
"12/1/1990","-63.4375","-7.02514982223511","82","35.104","22.489","4.188538584","1.10931734087428","0.763161644000674","21.86859096",
"12/2/1990","-63.4375","-7.02514982223511","82","31.198","24.1","3.2066373024","1.1769660251163","0.8086604708633","11.77357068",
"12/3/1990","-63.4375","-7.02514982223511","82","35.024","22.849","11.1957534","0.927439635546444","0.846226178938859","23.94697122",
"12/4/1990","-63.4375","-7.02514982223511","82","31.433","23.023","7.154846244","1.01202074144598","0.889302286931722","20.07669078",
"12/5/1990","-63.4375","-7.02514982223511","82","33.041","21.588","11.3811501384","1.13388507848033","0.846749722523111","20.44834056",
"12/6/1990","-63.4375","-7.02514982223511","82","34.928","22.684","4.9198154256","1.29688640045019","0.840744832212596","22.0121451",
"12/7/1990","-63.4375","-7.02514982223511","82","29.84","22.636","10.57777506","0.958983779309667","0.926747363627965","22.68460674",
"12/8/1990","-63.4375","-7.02514982223511","82","26.811","20.534","25.14839292","1.19488445214698","0.928621447819899","6.38577756",
"12/9/1990","-63.4375","-7.02514982223511","82","33.245","18.849","0.1579284","1.2700325326355","0.693934713107915","25.9991442",
"12/10/1990","-63.4375","-7.02514982223511","82","29.963","22.825","0.5939483328","1.6494494802652","0.79298701650028","13.6301058",
"12/11/1990","-63.4375","-7.02514982223511","82","30.023","21.734","3.4332264","1.37820912690298","0.828018356253597","14.3384112",
"12/12/1990","-63.4375","-7.02514982223511","82","35.443","21.819","0","1.20899051470294","0.72512355770528","10.61774982",
"12/13/1990","-63.4375","-7.02514982223511","82","35.383","22.225","0","1.54132868497395","0.657843738418727","26.63027064",
"12/14/1990","-63.4375","-7.02514982223511","82","31.801","22.578","12.80078316","1.22553598201207","0.871596725311313","16.85981556",
"12/15/1990","-63.4375","-7.02514982223511","82","35.494","23.021","2.9079411984","1.04505218781926","0.817327797714008","13.51513044",
"12/16/1990","-63.4375","-7.02514982223511","82","28.815","23.302","15.8117337144","0.954058225948466","0.907770322899567","26.8382286",
"12/17/1990","-63.4375","-7.02514982223511","82","31.5","22.537","13.2316603704","0.974876497998841","0.923975225596698","19.51065234",
"12/18/1990","-63.4375","-7.02514982223511","82","31.162","21.966","9.4276428192","0.763042021863272","0.888627446646588","27.76111668",
"12/19/1990","-63.4375","-7.02514982223511","82","32.494","21.125","6.29653536","0.936756425885329","0.835611487472138","28.40005872",
"12/20/1990","-63.4375","-7.02514982223511","82","28.071","22.277","9.8018683848","0.940771149374872","0.927299884626518","24.21977922",
"12/21/1990","-63.4375","-7.02514982223511","82","30.14","21.153","9.434508408","0.786236223277741","0.927792068878109","21.96573822",
"12/22/1990","-63.4375","-7.02514982223511","82","32.81","19.815","2.8667437992","0.866979863977994","0.808381292671544","25.9152732",
"12/23/1990","-63.4375","-7.02514982223511","82","28.726","23.06","82.792262664","1.00313850592851","0.917694657990733","12.204451512",
"12/24/1990","-63.4375","-7.02514982223511","82","24.039","20.814","18.481062852","1.03821178286421","0.965625932754388","5.2407018",
"12/25/1990","-63.4375","-7.02514982223511","82","32.158","20.803","0.1647949464","1.23517261066771","0.786204303441678","16.24083462",
"12/26/1990","-63.4375","-7.02514982223511","82","33.427","20.726","1.850508","1.27992367600556","0.770858416974245","26.62655472",
"12/27/1990","-63.4375","-7.02514982223511","82","29.351","20.495","5.2322359464","1.07902878099536","0.853942283727781","28.20341502",
"12/28/1990","-63.4375","-7.02514982223511","82","36.942","20.791","0","1.07661112858928","0.700725803009274","16.9780518",
"12/29/1990","-63.4375","-7.02514982223511","82","35.108","21.125","4.96101564","0.997929503160254","0.783481464655721","20.2754223",
"12/30/1990","-63.4375","-7.02514982223511","82","29.775","23.383","11.2180673016","0.788586433573565","0.918396143297134","25.2122589",
"12/31/1990","-63.4375","-7.02514982223511","82","31.21","23.324","7.089611436","0.796503077500822","0.894254785808849","19.6177554",
"1/1/1991","-63.4375","-7.02514982223511","82","27.972","22.998","8.6019534","1.39802003102894","0.917655950308954","12.09094452",
"1/2/1991","-63.4375","-7.02514982223511","82","30.451","21.638","1.87454232","0.980826786168892","0.849636965467911","15.97718646",
"1/3/1991","-63.4375","-7.02514982223511","82","28.856","20.766","10.4902236","0.756881901980313","0.910874961209706","26.68899564",
"1/4/1991","-63.4375","-7.02514982223511","82","31.439","21","8.150482296","0.908937522606638","0.866901689308862","26.76751506",
"1/5/1991","-63.4375","-7.02514982223511","82","31.784","22.219","12.713230944","0.670334802255319","0.922998106273074","22.09573152",
"1/6/1991","-63.4375","-7.02514982223511","82","28.713","23.748","15.713873028","0.706996663582304","0.946637528899194","20.86200594",
"1/7/1991","-63.4375","-7.02514982223511","82","27.604","20.877","2.1474836064","0.935396628519221","0.928320609942751","8.705809692",
"1/8/1991","-63.4375","-7.02514982223511","82","25.193","20.846","5.838203592","1.02588570946587","0.935117251668995","10.181529",
"1/9/1991","-63.4375","-7.02514982223511","82","34.176","21.97","8.5693336848","0.941175221313244","0.813030377703462","19.207408968",
"1/10/1991","-63.4375","-7.02514982223511","82","31.704","22.634","9.6919994664","1.29495781594683","0.842344604738128","22.54556628",
"1/11/1991","-63.4375","-7.02514982223511","82","26.825","23.027","14.5482980688","0.738680474425188","0.958113480133317","15.7442598",
"1/12/1991","-63.4375","-7.02514982223511","82","29.388","23.325","5.9583663","0.732781654248818","0.919597722866376","17.4797397",
"1/13/1991","-63.4375","-7.02514982223511","82","29.385","22.606","8.2740765312","0.809453218094531","0.91974208070955","17.21745558",
"1/14/1991","-63.4375","-7.02514982223511","82","30.569","23.508","10.356331716","1.12618591620778","0.914722162454529","19.67135436",
"1/15/1991","-63.4375","-7.02514982223511","82","29.796","23.387","1.77841008","1.2012484687464","0.900318260008069","10.8501678",
"1/16/1991","-63.4375","-7.02514982223511","82","30.678","23.734","1.0608672168","1.12309449568347","0.871610534640776","12.42731412",
"1/17/1991","-63.4375","-7.02514982223511","82","29.569","23.739","6.4287176904","0.911265498678227","0.914234498228444","16.78624398",
"1/18/1991","-63.4375","-7.02514982223511","82","25.443","21.96","4.286380752","1.07455994971951","0.968381319697002","4.40296668",
"1/19/1991","-63.4375","-7.02514982223511","82","25.204","21.481","2.241897876","1.29401136955961","0.909679934279472","9.53623674",
"1/20/1991","-63.4375","-7.02514982223511","82","29.742","19.632","3.5379405","1.02468894425617","0.835690656121331","13.5110853",
"1/21/1991","-63.4375","-7.02514982223511","82","31.3","21.478","4.3207181064","1.36236864169153","0.835211019462219","23.43032712",
"1/22/1991","-63.4375","-7.02514982223511","82","30.669","20.866","1.1192337432","0.816587834348942","0.859273513342385","11.74910292",
"1/23/1991","-63.4375","-7.02514982223511","82","27.991","20.357","38.319987168","1.22160329549263","0.924967930095746","10.87390656",
"1/24/1991","-63.4375","-7.02514982223511","82","31.905","20.859","7.11192888","1.06014065933081","0.855853323041844","28.48669038",
"1/25/1991","-63.4375","-7.02514982223511","82","30.968","22.185","10.229305968","0.888870431926507","0.907649639673546","17.37967626",
"1/26/1991","-63.4375","-7.02514982223511","82","27.379","22.862","7.354836936","0.804143986909004","0.942916253434234","8.296426872",
"1/27/1991","-63.4375","-7.02514982223511","82","24.845","22.734","9.16928964","0.805910735873339","0.976085456325604","2.624963832",
"1/28/1991","-63.4375","-7.02514982223511","82","29.07","22.233","15.58169892","0.67466872988481","0.932407155196879","16.20725688",
"1/29/1991","-63.4375","-7.02514982223511","82","31.067","23.069","5.441664168","1.13571865412658","0.891076060875619","17.6097375",
"1/30/1991","-63.4375","-7.02514982223511","82","27.33","23.053","1.4196391344","1.16333303650109","0.913069957541843","6.71185854",
"1/31/1991","-63.4375","-7.02514982223511","82","24.584","22.131","12.55531284","0.926745559224075","0.974333822530165","5.007095028",
"2/1/1991","-63.4375","-7.02514982223511","82","23.791","21.584","5.929180488","0.970460240772288","0.975448982290899","2.978831502",
"2/2/1991","-63.4375","-7.02514982223511","82","26.539","22.155","2.7191159424","1.3079231957566","0.924369317454036","9.9835308",
"2/3/1991","-63.4375","-7.02514982223511","82","26.431","21.579","0.727843968","0.588379026258006","0.918549120960136","5.86614042",
"2/4/1991","-63.4375","-7.02514982223511","82","31.343","19.176","1.284027552","0.927386497625472","0.865972812788342","13.73579712",
"2/5/1991","-63.4375","-7.02514982223511","82","28.111","22.435","25.33378104","0.864660851428596","0.943975637426724","19.2092634",
"2/6/1991","-63.4375","-7.02514982223511","82","32.431","21.978","8.071518888","1.1048058376172","0.902828015244021","23.77327248",
"2/7/1991","-63.4375","-7.02514982223511","82","28.04","22.353","13.34838708","1.32298180091189","0.93617009278426","28.304723592",
"2/8/1991","-63.4375","-7.02514982223511","82","30.997","21.958","7.4638340928","1.35415333329491","0.886006219436896","28.183331088",
"2/9/1991","-63.4375","-7.02514982223511","82","30.598","21.469","3.793714524","1.43608924371226","0.844965742650103","26.102364408",
"2/10/1991","-63.4375","-7.02514982223511","82","33.78","22.676","4.79621844","1.42962489692694","0.809090176695304","27.62195598",
"2/11/1991","-63.4375","-7.02514982223511","82","34.135","22.847","12.43172088","1.13605574830912","0.833179796453021","16.803112248",
"2/12/1991","-63.4375","-7.02514982223511","82","29.917","23.506","14.992909884","0.922250689896996","0.909499566939986","23.70830994",
"2/13/1991","-63.4375","-7.02514982223511","82","28.55","23.296","2.5474552992","0.875952452460712","0.898837023793464","8.389804032",
"2/14/1991","-63.4375","-7.02514982223511","82","32.165","23.058","9.6199027128","1.05854542096155","0.903960117255794","21.87308934",
"2/15/1991","-63.4375","-7.02514982223511","82","31.889","21.18","10.63614312","1.17861584752891","0.858461481686644","27.63624555",
"2/16/1991","-63.4375","-7.02514982223511","82","28.91","20.841","10.21041864","0.56863244447325","0.941187896358355","22.3341741",
"2/17/1991","-63.4375","-7.02514982223511","82","30.255","20.509","17.9420499504","0.987100730537703","0.912560082181885","12.436259292",
"2/18/1991","-63.4375","-7.02514982223511","82","36.45","18.68","0.18196092","0.640991049585383","0.729903957382239","22.1743665",
"2/19/1991","-63.4375","-7.02514982223511","82","29.191","22.914","31.35225726","0.729024320251125","0.939307530280344","14.173933212",
"2/20/1991","-63.4375","-7.02514982223511","82","28.259","23.108","3.2066371368","1.32217348035696","0.909367856068156","16.80304968",
"2/21/1991","-63.4375","-7.02514982223511","82","30.146","22.363","8.1831041064","0.862675210703953","0.930187114243506","12.222566082",
"2/22/1991","-63.4375","-7.02514982223511","82","24.824","22.052","49.931132328","0.844887230933928","0.97855737552523","3.19359762",
"2/23/1991","-63.4375","-7.02514982223511","82","32.524","22.612","26.79978762","1.12726319519589","0.869118041199426","21.57783165",
"2/24/1991","-63.4375","-7.02514982223511","82","30.361","23.013","9.197616132","1.16567818757576","0.897751458975836","28.376883",
"2/25/1991","-63.4375","-7.02514982223511","82","32.199","22.318","6.53343228","1.24351742863701","0.851947635311298","28.87784856",
"2/26/1991","-63.4375","-7.02514982223511","82","32.57","22.356","10.8610146","0.89320688769021","0.915829937064654","24.3920268",
"2/27/1991","-63.4375","-7.02514982223511","82","29.272","24.045","2.516556888","0.926176919929151","0.911055337720225","14.525551368",
"2/28/1991","-63.4375","-7.02514982223511","82","26.957","23.501","10.720252296","0.760233855964382","0.96570174338164","11.657361888",
"3/1/1991","-63.4375","-7.02514982223511","82","26.885","23.557","17.39873952","0.918049361076016","0.965330698349917","7.0148826",
"3/2/1991","-63.4375","-7.02514982223511","82","26.206","22.156","30.82526424","0.861406804291271","0.931553421910789","6.104305188",
"3/3/1991","-63.4375","-7.02514982223511","82","28.44","19.012","0.1965527064","1.03968226073234","0.877184702678284","12.88175958",
"3/4/1991","-63.4375","-7.02514982223511","82","27.753","22.061","4.614258168","1.48972120643876","0.886278450776289","12.071641662",
"3/5/1991","-63.4375","-7.02514982223511","82","29.538","20.842","2.2024156392","0.922264578912794","0.919907603760363","13.059567288",
"3/6/1991","-63.4375","-7.02514982223511","82","28.122","22.54","14.2573338864","1.1207536113322","0.931200715025567","23.40550926",
"3/7/1991","-63.4375","-7.02514982223511","82","29.035","21.622","5.7025873728","1.11382459721596","0.904605913490989","15.16201866",
"3/8/1991","-63.4375","-7.02514982223511","82","28.654","22.548","18.316269288","0.960306371488648","0.938529186205451","19.1801808",
"3/9/1991","-63.4375","-7.02514982223511","82","26.773","23.229","51.9344064","0.7215071825584","0.969633692820818","12.66879159",
"3/10/1991","-63.4375","-7.02514982223511","82","28.013","23.146","17.629626312","0.938241636714739","0.952010531786399","18.41214006",
"3/11/1991","-63.4375","-7.02514982223511","82","31.304","23.304","0.4892350752","1.63511907116194","0.840404159241012","22.2680232",
"3/12/1991","-63.4375","-7.02514982223511","82","30.749","22.272","8.78219748","1.09729923123654","0.899439645737683","23.340769272",
"3/13/1991","-63.4375","-7.02514982223511","82","31.544","22.268","18.352317348","0.723138559565604","0.930906518801449","22.8468384",
"3/14/1991","-63.4375","-7.02514982223511","82","24.701","21.744","54.737703","1.01367365570066","0.976602113337865","3.84254847",
"3/15/1991","-63.4375","-7.02514982223511","82","32.09","21.56","10.955426004","0.675948720617242","0.891338170857067","17.580883932",
"3/16/1991","-63.4375","-7.02514982223511","82","27.56","21.709","7.5436593984","0.900824752997588","0.959018319871284","9.339358176",
"3/17/1991","-63.4375","-7.02514982223511","82","31.166","22.08","7.54279956","1.01107812009917","0.855863203641424","17.45381205",
"3/18/1991","-63.4375","-7.02514982223511","82","31.531","22.312","6.0493446","0.991308322791755","0.897255306787687","16.951330008",
"3/19/1991","-63.4375","-7.02514982223511","82","31.529","23.105","2.6521694136","1.17775981455565","0.867992739457463","19.23575832",
"3/20/1991","-63.4375","-7.02514982223511","82","31.886","23.183","5.8210393464","1.26691354101273","0.86424682510543","17.45308386",
"3/21/1991","-63.4375","-7.02514982223511","82","33.543","23.015","3.7834164504","1.39249437497877","0.840568549789298","20.91520746",
"3/22/1991","-63.4375","-7.02514982223511","82","29.772","22.179","8.4448739592","0.986258092470156","0.905119316101717","18.972839592",
"3/23/1991","-63.4375","-7.02514982223511","82","27.748","23.256","14.62727268","0.738287880755879","0.958397940508415","18.6657219",
"3/24/1991","-63.4375","-7.02514982223511","82","25.055","23.411","6.680205468","0.605172719837818","0.975841107006798","1.991418912",
"3/25/1991","-63.4375","-7.02514982223511","82","27.83","23.098","19.07157258","0.63431304468556","0.951702950867463","11.329819848",
"3/26/1991","-63.4375","-7.02514982223511","82","24.876","21.695","34.3271448","0.467639812806187","0.977672022295373","2.0530692",
"3/27/1991","-63.4375","-7.02514982223511","82","24.21","22.412","34.533135216","0.764816349052001","0.978597457705402","2.62546884",
"3/28/1991","-63.4375","-7.02514982223511","82","26.461","21.773","13.868521056","0.676558711489447","0.966455023224333","7.63155162",
"3/29/1991","-63.4375","-7.02514982223511","82","26.419","22.169","19.389148236","1.34730230575417","0.962537166912713","10.881964278",
"3/30/1991","-63.4375","-7.02514982223511","82","27.627","20.747","2.4813650088","1.07649676084387","0.925822856603679","11.482142418",
"3/31/1991","-63.4375","-7.02514982223511","82","31.485","20.828","8.45518032","1.0637044294133","0.882160617454708","24.66433404",
"4/1/1991","-63.4375","-7.02514982223511","82","31.587","22.526","5.960077704","1.03599199576849","0.876435163361715","19.0964718",
"4/2/1991","-63.4375","-7.02514982223511","82","31.382","22.028","5.0159468304","0.819958061955114","0.877536732606567","19.312537608",
"4/3/1991","-63.4375","-7.02514982223511","82","31.274","20.679","5.9703831","0.849412571373419","0.890775122356837","25.73960364",
"4/4/1991","-63.4375","-7.02514982223511","82","28.242","22.591","18.872449272","0.933075450641683","0.95567298297544","24.64234128",
"4/5/1991","-63.4375","-7.02514982223511","82","25.961","22.984","7.2715758984","0.881853500500834","0.964273080763833","10.204084188",
"4/6/1991","-63.4375","-7.02514982223511","82","30.178","22.505","7.316204868","1.05568607642767","0.914191846357588","18.279962568",
"4/7/1991","-63.4375","-7.02514982223511","82","30.808","21.105","5.31463392","1.02990903433275","0.896459163393782","20.888833032",
"4/8/1991","-63.4375","-7.02514982223511","82","29.893","21.297","7.525639044","0.986842723532142","0.907909120372278","20.9189241",
"4/9/1991","-63.4375","-7.02514982223511","82","28.203","22.132","9.111780864","0.838011169727822","0.947683359660317","17.1101223",
"4/10/1991","-63.4375","-7.02514982223511","82","33.031","22.146","1.544952744","0.86669762762395","0.836824224845663","19.172979",
"4/11/1991","-63.4375","-7.02514982223511","82","29.21","20.626","5.081180148","0.771591876397545","0.910591126727196","14.56869294",
"4/12/1991","-63.4375","-7.02514982223511","82","31.912","21.413","2.406692736","0.936750115495005","0.84512308890999","26.0918433",
"4/13/1991","-63.4375","-7.02514982223511","82","29.162","22.127","3.84521616","1.18076794959942","0.918105543543861","14.42244798",
"4/14/1991","-63.4375","-7.02514982223511","82","26.331","21.927","4.518129636","0.706054081765962","0.956959359302904","9.92350926",
"4/15/1991","-63.4375","-7.02514982223511","82","26.611","19.7","3.7902829464","0.498845438929547","0.952735350660558","6.101607672",
"4/16/1991","-63.4375","-7.02514982223511","82","26.25","20.113","13.5543820752","0.659080978439467","0.962891446445945","7.08873786",
"4/17/1991","-63.4375","-7.02514982223511","82","29.451","21.259","9.2851652448","0.702338945462624","0.928586734010458","20.5924509",
"4/18/1991","-63.4375","-7.02514982223511","82","26.234","22.441","13.269426444","0.789265779149751","0.965727184504489","8.0572464",
"4/19/1991","-63.4375","-7.02514982223511","82","27.805","22.59","10.306544904","1.05751349114401","0.95485597265025","12.74742774",
"4/20/1991","-63.4375","-7.02514982223511","82","26.779","22.834","13.97323692","1.19553909571875","0.966233348622325","9.444883968",
"4/21/1991","-63.4375","-7.02514982223511","82","22.891","21.449","101.5583542704","1.20076314279937","0.973486587933889","3.25912626",
"4/22/1991","-63.4375","-7.02514982223511","82","27.659","21.015","17.9626423824","0.888922093130103","0.951127098657353","18.16334424",
"4/23/1991","-63.4375","-7.02514982223511","82","29.806","21.929","19.593430488","0.849084821437705","0.936306360549865","15.256401552",
"4/24/1991","-63.4375","-7.02514982223511","82","29.161","22.211","7.937618292","0.867215038223779","0.943626393390484","19.22366034",
"4/25/1991","-63.4375","-7.02514982223511","82","29.004","23.796","26.24014674","0.928213099978388","0.936632350680207","17.99719434",
"4/26/1991","-63.4375","-7.02514982223511","82","25.332","22.243","54.444123","1.02760475983844","0.964863036579483","5.27884164",
"4/27/1991","-63.4375","-7.02514982223511","82","30.578","21.58","2.2762277928","0.740711035143138","0.914631567846152","12.9639294",
"4/28/1991","-63.4375","-7.02514982223511","82","28.799","22.319","14.498523324","0.654982147582506","0.933938717951734","18.5231817",
"4/29/1991","-63.4375","-7.02514982223511","82","26.835","21.705","19.795987656","0.747933662748926","0.9675313269682","10.83189708",
"4/30/1991","-63.4375","-7.02514982223511","82","27.737","22.861","15.883830432","0.556660619441541","0.954698840405296","18.33912774",
"5/1/1991","-63.4375","-7.02514982223511","82","29.239","22.267","5.0125141944","0.751997431255446","0.946594288502247","14.22995238",
"5/2/1991","-63.4375","-7.02514982223511","82","31.286","23.044","12.098696436","0.858349109953211","0.94301203877403","18.67843188",
"5/3/1991","-63.4375","-7.02514982223511","82","29.629","22.731","7.2475454304","0.720501050378","0.932586251181899","17.3684808",
"5/4/1991","-63.4375","-7.02514982223511","82","26.152","22.945","1.095199776","0.746793805447485","0.94725797187193","5.31927792",
"5/5/1991","-63.4375","-7.02514982223511","82","25.66","22.535","8.4457422504","0.778495517358724","0.97074040797883","8.1630009",
"5/6/1991","-63.4375","-7.02514982223511","82","28.128","22.302","13.032531612","0.830147813647436","0.948571475174486","10.12669236",
"5/7/1991","-63.4375","-7.02514982223511","82","28.233","22.362","1.0231022664","1.17396845517165","0.914588482265959","11.09856942",
"5/8/1991","-63.4375","-7.02514982223511","82","26.352","20.103","0.60081516","1.50891199138214","0.923642312999457","8.09752248",
"5/9/1991","-63.4375","-7.02514982223511","82","28.809","20.912","3.5362270008","1.21822839020337","0.90298585901498","18.34762716",
"5/10/1991","-63.4375","-7.02514982223511","82","28.393","22.61","11.5425092664","1.0865141407711","0.946741022327388","13.925862792",
"5/11/1991","-63.4375","-7.02514982223511","82","29.705","22.458","5.204773404","0.667666991091122","0.919913582571655","14.372942868",
"5/12/1991","-63.4375","-7.02514982223511","82","28.882","22.3","5.1790194864","0.581373569919658","0.938771874016785","19.1144304",
"5/13/1991","-63.4375","-7.02514982223511","82","33.372","20.032","0.30899034","0.982850487417424","0.803619929648397","23.79729582",
"5/14/1991","-63.4375","-7.02514982223511","82","33.005","21.74","7.00378524","1.14210066833497","0.848675544425481","20.00592828",
"5/15/1991","-63.4375","-7.02514982223511","82","26.961","23.714","11.7725388264","0.858060405716048","0.955955574004541","13.418435268",
"5/16/1991","-63.4375","-7.02514982223511","82","29.541","23.286","7.206340572","0.728012675396262","0.940077169026668","15.053960952",
"5/17/1991","-63.4375","-7.02514982223511","82","27.415","22.394","9.201048372","0.755295512123935","0.961766469203763","15.4443942",
"5/18/1991","-63.4375","-7.02514982223511","82","32.191","21.968","3.6495200664","1.23098804277136","0.866956461906606","22.9836393",
"5/19/1991","-63.4375","-7.02514982223511","82","25.691","21.886","0.9080885088","1.14860249749174","0.938695679187079","6.36649002",
"5/20/1991","-63.4375","-7.02514982223511","82","28.594","21.461","4.0477747464","0.778202414807407","0.917906825329345","9.81995238",
"5/21/1991","-63.4375","-7.02514982223511","82","24.146","22.254","22.53226248","0.865295403916898","0.978083813666987","4.005955512",
"5/22/1991","-63.4375","-7.02514982223511","82","24.862","21.779","6.1557705","0.687019019791669","0.969209994054352","5.45309856",
"5/23/1991","-63.4375","-7.02514982223511","82","28.284","21.772","13.54750938","0.919100900581004","0.932929352494922","11.9177964",
"5/24/1991","-63.4375","-7.02514982223511","82","28.148","21.024","7.302476016","0.506371442458133","0.944070157738427","17.9484687",
"5/25/1991","-63.4375","-7.02514982223511","82","30.672","21.581","0.9304046424","1.0503212116605","0.869392363196206","15.14390562",
"5/26/1991","-63.4375","-7.02514982223511","82","27.797","21.287","4.8751816104","0.541992968076856","0.948493565878183","15.429598632",
"5/27/1991","-63.4375","-7.02514982223511","82","27.743","22.633","4.2640644888","0.724267584218805","0.93870520549774","13.80313908",
"5/28/1991","-63.4375","-7.02514982223511","82","31.477","22.591","0.521850492","0.884375298237667","0.835306169212398","15.171017868",
"5/29/1991","-63.4375","-7.02514982223511","82","30.387","22.234","4.20227316","1.01143294330194","0.876276524760625","15.02516412",
"5/30/1991","-63.4375","-7.02514982223511","82","28.026","21.763","1.8058774464","1.02003690445472","0.892614424582779","10.8499527",
"5/31/1991","-63.4375","-7.02514982223511","82","28.892","19.821","2.51312256","1.50669936633709","0.827108159674084","18.53532828",
"6/1/1991","-63.4375","-7.02514982223511","82","32.615","19.938","0","1.31346674918266","0.679597914079969","23.1324138",
"6/2/1991","-63.4375","-7.02514982223511","82","34.267","18.486","0","0.98375126254408","0.678552102004639","22.77573138",
"6/3/1991","-63.4375","-7.02514982223511","82","29.95","21.677","5.513761692","1.0938949497309","0.875555999802394","21.59758314",
"6/4/1991","-63.4375","-7.02514982223511","82","30.583","22.695","3.7799829864","1.01725396895593","0.910492794188042","20.81389752",
"6/5/1991","-63.4375","-7.02514982223511","82","30.022","22.16","3.52249488","1.13489976246332","0.875870540575275","21.9128094",
"6/6/1991","-63.4375","-7.02514982223511","82","31.817","20.369","0.827407944","1.01473363362587","0.820828998215827","22.23781452",
"6/7/1991","-63.4375","-7.02514982223511","82","32.81","21.06","2.29682952","0.944596779575336","0.822655096687615","22.1551308",
"6/8/1991","-63.4375","-7.02514982223511","82","29.781","21.493","0.1853942904","1.8474016383247","0.784933819663692","16.2470817",
"6/9/1991","-63.4375","-7.02514982223511","82","30.565","19.436","0","1.89318126813804","0.72513256288558","22.624029",
"6/10/1991","-63.4375","-7.02514982223511","82","31.787","19.966","0","1.36506674913208","0.754945420410685","22.4124165",
"6/11/1991","-63.4375","-7.02514982223511","82","32.87","19.792","3.01094208","0.829898492915484","0.821880668614904","19.0976634",
"6/12/1991","-63.4375","-7.02514982223511","82","33.348","20.237","0.7587432","1.14843371509289","0.737968895505115","19.1594232",
"6/13/1991","-63.4375","-7.02514982223511","82","32.205","22.441","1.73034684","1.00799131549076","0.736572780755264","9.51823098",
"6/14/1991","-63.4375","-7.02514982223511","82","29.833","21.285","0.326156544","0.713573648284263","0.830422130196917","11.9631825",
"6/15/1991","-63.4375","-7.02514982223511","82","31.412","20.249","2.241895428","0.696739244464826","0.850889459895897","12.50178408",
"6/16/1991","-63.4375","-7.02514982223511","82","31.841","20.742","3.25813356","1.00960349272874","0.849948259424528","21.80873772",
"6/17/1991","-63.4375","-7.02514982223511","82","32.457","20.354","5.5480962312","0.743847844974153","0.891390777949618","10.6121799",
"6/18/1991","-63.4375","-7.02514982223511","82","31.965","20.105","3.96194544","0.731234038589747","0.896776006856571","9.43537644",
"6/19/1991","-63.4375","-7.02514982223511","82","32.008","21.052","4.6949364","0.98157341327674","0.862997098672086","19.553737608",
"6/20/1991","-63.4375","-7.02514982223511","82","30.999","20.255","1.3252261104","0.801743176939984","0.872948264806939","14.649922818",
"6/21/1991","-63.4375","-7.02514982223511","82","33.146","21.309","2.36549592","0.893879902492699","0.788105979451058","18.39588876",
"6/22/1991","-63.4375","-7.02514982223511","82","31.927","19.971","1.668549852","0.84377296727228","0.83219725943488","22.24507212",
"6/23/1991","-63.4375","-7.02514982223511","82","33.245","19.213","0.71067852","1.36116560286017","0.773888463477364","17.217338688",
"6/24/1991","-63.4375","-7.02514982223511","82","32.592","21.687","0","1.73776691053753","0.718016483348271","22.2506964",
"6/25/1991","-63.4375","-7.02514982223511","82","33.339","19.037","0","1.09969462372545","0.694938859347791","22.36888296",
"6/26/1991","-63.4375","-7.02514982223511","82","28.318","21.915","5.35412286","0.852380369275957","0.866830129531243","7.73049897",
"6/27/1991","-63.4375","-7.02514982223511","82","33.58","20.172","0","1.14826011485851","0.695982443028247","22.40044452",
"6/28/1991","-63.4375","-7.02514982223511","82","33.389","20.504","0","1.52978105541601","0.613956781356884","22.25418966",
"6/29/1991","-63.4375","-7.02514982223511","82","32.287","19.008","0","1.71110308369138","0.58667919204601","23.08348512",
"6/30/1991","-63.4375","-7.02514982223511","82","31.754","19.199","0","1.66537753758614","0.629506226509905","22.45253256",
"7/1/1991","-63.4375","-7.02514982223511","82","31.998","20.223","0","1.52307152450603","0.611359245569691","17.993135232",
"7/2/1991","-63.4375","-7.02514982223511","82","32.679","19.413","0","1.39879297960396","0.617184789814152","22.76358786",
"7/3/1991","-63.4375","-7.02514982223511","82","34.163","18.681","0","1.12595111077535","0.635522331922558","22.59776268",
"7/4/1991","-63.4375","-7.02514982223511","82","33.504","21.78","2.763748116","1.17616128660335","0.779121619907382","10.6922835",
"7/5/1991","-63.4375","-7.02514982223511","82","31.728","18.872","0.3742218144","0.956701908181141","0.834834086926457","13.83474213",
"7/6/1991","-63.4375","-7.02514982223511","82","29.049","17.88","0.82054098","0.864029023093939","0.83481938838793","11.2968522",
"7/7/1991","-63.4375","-7.02514982223511","82","30.816","16.129","0","0.723857139625813","0.781951687608919","14.533938432",
"7/8/1991","-63.4375","-7.02514982223511","82","34.614","15.443","0","0.781105211076588","0.689898109398145","22.27573332",
"7/9/1991","-63.4375","-7.02514982223511","82","34.807","20.514","0","1.10939008446338","0.603123358279822","13.018444848",
"7/10/1991","-63.4375","-7.02514982223511","82","30.885","20.25","4.396246776","1.24909370420972","0.771610031497869","20.33994438",
"7/11/1991","-63.4375","-7.02514982223511","82","29.612","20.646","3.7679654664","0.843235361781931","0.8836858485318","11.45835216",
"7/12/1991","-63.4375","-7.02514982223511","82","33.888","21.477","2.6435826","1.09977986241032","0.725475355435281","18.0995022",
"7/13/1991","-63.4375","-7.02514982223511","82","34.62","21.357","0.15964524","1.20187354377025","0.645086342243905","16.42955166",
"7/14/1991","-63.4375","-7.02514982223511","82","32.905","17.879","0","1.34100096918225","0.664622305648378","18.1345536",
"7/15/1991","-63.4375","-7.02514982223511","82","33.414","20.516","0","1.48004528253105","0.572844241278286","17.3499165",
"7/16/1991","-63.4375","-7.02514982223511","82","30.285","16.838","0","0.963823712851373","0.679314969201818","12.3135183",
"7/17/1991","-63.4375","-7.02514982223511","82","34.106","17.716","0","1.19136487724829","0.62924169370992","20.45260854",
"7/18/1991","-63.4375","-7.02514982223511","82","34.695","18.344","0","1.16031974892041","0.622012402258407","23.1949044",
"7/19/1991","-63.4375","-7.02514982223511","82","32.962","20.799","0","1.05435460516572","0.630452656083889","9.563233032",
"7/20/1991","-63.4375","-7.02514982223511","82","34.398","15.962","0","1.16317680764046","0.619919632464392","23.692839408",
"7/21/1991","-63.4375","-7.02514982223511","82","34.445","16.724","0","1.29516753399247","0.513187032139166","23.887575288",
"7/22/1991","-63.4375","-7.02514982223511","82","34.783","18.245","0","1.44855023246889","0.473296672659441","23.86597716",
"7/23/1991","-63.4375","-7.02514982223511","82","32.788","19.854","0","1.84319496272826","0.508098149276361","23.75499798",
"7/24/1991","-63.4375","-7.02514982223511","82","33.862","17.263","0","1.26234107054267","0.640651239251955","23.74762392",
"7/25/1991","-63.4375","-7.02514982223511","82","33.905","17.22","0","1.22540541080256","0.588108863113755","15.341340852",
"7/26/1991","-63.4375","-7.02514982223511","82","35.122","19.741","0","1.21077500465969","0.566251309118688","23.24447226",
"7/27/1991","-63.4375","-7.02514982223511","82","37.064","17.923","0","1.0135560463453","0.555758126626598","22.0891545",
"7/28/1991","-63.4375","-7.02514982223511","82","35.564","19.115","0","1.23130416142586","0.480013832128261","20.7446625",
"7/29/1991","-63.4375","-7.02514982223511","82","35.98","13.347","0","0.905023883475149","0.500611133927182","24.30371106",
"7/30/1991","-63.4375","-7.02514982223511","82","35.497","20.687","0","1.18130163517448","0.515053570492089","15.6830625",
"7/31/1991","-63.4375","-7.02514982223511","82","36.011","18.233","0","1.34967374992282","0.537925485310764","24.07826394",
"8/1/1991","-63.4375","-7.02514982223511","82","36.017","20.007","0","1.5159112353468","0.461268845589922","24.24285612",
"8/2/1991","-63.4375","-7.02514982223511","82","34.169","17.958","0","1.83455686059449","0.484688583610651","24.5060982",
"8/3/1991","-63.4375","-7.02514982223511","82","26.994","18.273","0","1.90523986109134","0.563367896627098","11.981985048",
"8/4/1991","-63.4375","-7.02514982223511","82","32.422","17.054","0","1.29517892194353","0.568475309098488","15.75331578",
"8/5/1991","-63.4375","-7.02514982223511","82","35.152","19.434","0","1.33507703234813","0.577722294286983","14.7516147",
"8/6/1991","-63.4375","-7.02514982223511","82","34.199","21.403","0","1.29201039426653","0.614274166043786","17.22318444",
"8/7/1991","-63.4375","-7.02514982223511","82","35.853","19.942","0","1.15980203761503","0.60350962080967","20.52748476",
"8/8/1991","-63.4375","-7.02514982223511","82","32.179","19.264","0.61969788","1.47529359697645","0.679471370538469","20.9480022",
"8/9/1991","-63.4375","-7.02514982223511","82","35.315","19.717","0","1.03063134139082","0.644686411642821","14.424521832",
"8/10/1991","-63.4375","-7.02514982223511","82","36.253","17.934","0","1.54063957037933","0.538417818305193","25.065113688",
"8/11/1991","-63.4375","-7.02514982223511","82","37.483","17.073","0","1.13421706062095","0.458320060325485","18.13866084",
"8/12/1991","-63.4375","-7.02514982223511","82","37.35","14.943","0","1.30178596530568","0.419767963339915","25.48912032",
"8/13/1991","-63.4375","-7.02514982223511","82","38.152","18.084","0","1.3386659240163","0.333814698481781","25.69657878",
"8/14/1991","-63.4375","-7.02514982223511","82","37.175","18.262","0","1.57477210759141","0.356147102529391","25.344954792",
"8/15/1991","-63.4375","-7.02514982223511","82","37.922","16.617","0","1.42585634072627","0.367207313317067","25.5739473",
"8/16/1991","-63.4375","-7.02514982223511","82","37.582","17.633","0","1.41360465579757","0.316178958915358","26.010507672",
"8/17/1991","-63.4375","-7.02514982223511","82","36.566","20.333","0","1.87122676496642","0.338625995559056","25.955667",
"8/18/1991","-63.4375","-7.02514982223511","82","35.997","22.258","0","1.71388410681202","0.325183565501712","22.5235134",
"8/19/1991","-63.4375","-7.02514982223511","82","37.877","21.211","0","1.08316067197876","0.360769886822769","21.69989865",
"8/20/1991","-63.4375","-7.02514982223511","82","36.34","16.412","0","1.36389331631453","0.425793355194472","25.61619852",
"8/21/1991","-63.4375","-7.02514982223511","82","37.105","18.693","0","1.24144121680259","0.399039065538458","20.56039416",
"8/22/1991","-63.4375","-7.02514982223511","82","39.592","17.151","0","0.92176002634358","0.406928074312125","21.76329105",
"8/23/1991","-63.4375","-7.02514982223511","82","38.421","23.627","0","0.864685013970845","0.380175184956592","17.667385092",
"8/24/1991","-63.4375","-7.02514982223511","82","39.244","18.944","0","1.04957049027072","0.335191763037298","26.13330324",
"8/25/1991","-63.4375","-7.02514982223511","82","37.836","16.914","0","1.49018762886402","0.360915024881166","22.80498642",
"8/26/1991","-63.4375","-7.02514982223511","82","38.517","21.402","0","1.30355816578708","0.465752035647596","17.9222049",
"8/27/1991","-63.4375","-7.02514982223511","82","39.255","17.634","0","0.977946844634782","0.497070119719343","12.69697284",
"8/28/1991","-63.4375","-7.02514982223511","82","41.023","21.052","0","1.16951573840211","0.375810235590392","15.93276246",
"8/29/1991","-63.4375","-7.02514982223511","82","39.298","22.025","0","1.00566862931896","0.421970950379164","10.1832111",
"8/30/1991","-63.4375","-7.02514982223511","82","39.228","18.274","0","1.07944453310861","0.452545702448803","16.720478928",
"8/31/1991","-63.4375","-7.02514982223511","82","39.874","23.394","0","0.88236542735754","0.405478588689683","10.73109645",
"9/1/1991","-63.4375","-7.02514982223511","82","38.979","22.637","0","1.2967467457144","0.302036812731267","16.728466248",
"9/2/1991","-63.4375","-7.02514982223511","82","42.986","17.687","0","1.02340799793107","0.32065863353496","19.476451368",
"9/3/1991","-63.4375","-7.02514982223511","82","39.953","24.212","0","1.53838498648527","0.381041703915919","12.701702952",
"9/4/1991","-63.4375","-7.02514982223511","82","38.98","21.036","0","1.404349099722","0.436120529402746","18.688958568",
"9/5/1991","-63.4375","-7.02514982223511","82","37.137","24.529","0","1.53968499521806","0.3767190758951","19.64751048",
"9/6/1991","-63.4375","-7.02514982223511","82","37.728","21.526","0","1.41639301673632","0.376385056413459","19.51227936",
"9/7/1991","-63.4375","-7.02514982223511","82","36.439","24.457","0.078964236","1.75567633702473","0.405951894552912","16.56680724",
"9/8/1991","-63.4375","-7.02514982223511","82","36.51","25.13","0.504684252","1.42354453280115","0.502215613795089","12.23662392",
"9/9/1991","-63.4375","-7.02514982223511","82","38.456","19.789","0","1.27953150100312","0.498654199470906","19.15379892",
"9/10/1991","-63.4375","-7.02514982223511","82","39.518","22.977","0","1.39755276777202","0.437895475494988","20.3691393",
"9/11/1991","-63.4375","-7.02514982223511","82","38.907","25.157","0.101280204","1.00877213578387","0.435811850668492","14.10716088",
"9/12/1991","-63.4375","-7.02514982223511","82","41.62","25.036","0.0926971704","1.27151518226987","0.404293210862146","17.0625933",
"9/13/1991","-63.4375","-7.02514982223511","82","36.262","22.412","0","1.01321195233383","0.516607715162379","14.058111168",
"9/14/1991","-63.4375","-7.02514982223511","82","40.109","24.406","0","1.44351291078572","0.379645945398986","22.96159344",
"9/15/1991","-63.4375","-7.02514982223511","82","40.564","24.784","0","1.2426482820756","0.408775258729701","15.61623696",
"9/16/1991","-63.4375","-7.02514982223511","82","36.052","24.746","0","1.2181091251935","0.476147499442406","16.64167428",
"9/17/1991","-63.4375","-7.02514982223511","82","37.588","21.534","0.089263908","1.04413276448203","0.481166702706631","17.019900792",
"9/18/1991","-63.4375","-7.02514982223511","82","39.447","22.831","0.951003756","1.4516277968785","0.468901244202314","17.62835418",
"9/19/1991","-63.4375","-7.02514982223511","82","31.809","22.563","16.16021406","1.80410890419777","0.778264197665309","11.24713665",
"9/20/1991","-63.4375","-7.02514982223511","82","36.288","21.653","31.1050296","1.33426239913239","0.732647598037099","19.07364726",
"9/21/1991","-63.4375","-7.02514982223511","82","38.789","21.414","0.00686646","1.02590647785263","0.490740188281818","16.508191248",
"9/22/1991","-63.4375","-7.02514982223511","82","40.09","22.766","0.2128602528","1.01018194984179","0.51753884424588","13.98577824",
"9/23/1991","-63.4375","-7.02514982223511","82","33.345","23.121","5.93261604","0.852558016996593","0.672687003705673","12.11466906",
"9/24/1991","-63.4375","-7.02514982223511","82","36.018","21.588","0.36048888","1.06131950544573","0.603818848339327","16.876806768",
"9/25/1991","-63.4375","-7.02514982223511","82","37.015","23.164","0.16479504","0.953510438695973","0.508226448483457","16.021127232",
"9/26/1991","-63.4375","-7.02514982223511","82","39.244","21.41","0","1.09339785921964","0.433802313978617","20.32216344",
"9/27/1991","-63.4375","-7.02514982223511","82","36.953","23.253","0","1.09370552717379","0.495078974762455","15.98889708",
"9/28/1991","-63.4375","-7.02514982223511","82","39.545","19.57","0","1.42249387847222","0.418598536336801","25.38213588",
"9/29/1991","-63.4375","-7.02514982223511","82","37.019","23.413","0.1270294344","0.928336591257942","0.516075437521062","16.69747284",
"9/30/1991","-63.4375","-7.02514982223511","82","36.828","22.097","1.799011044","1.02295154705432","0.583843955541611","15.5404125",
"10/1/1991","-63.4375","-7.02514982223511","82","36.455","23.419","0","1.37165661028437","0.503503912186099","20.7529344",
"10/2/1991","-63.4375","-7.02514982223511","82","37.569","21.866","0.0343322856","1.46586502151481","0.465889939001334","23.78992392",
"10/3/1991","-63.4375","-7.02514982223511","82","40.142","23.117","0","1.3506961845013","0.478381161230727","16.72239276",
"10/4/1991","-63.4375","-7.02514982223511","82","44.086","23.444","0","1.18969674130945","0.435606127230905","17.95668516",
"10/5/1991","-63.4375","-7.02514982223511","82","41.428","22.758","0","1.13650155246469","0.371400249771139","18.06125832",
"10/6/1991","-63.4375","-7.02514982223511","82","39.835","19.307","0","1.267803579833","0.363120621417826","18.7147746",
"10/7/1991","-63.4375","-7.02514982223511","82","43.42","25.806","0.137329272","1.04528207396625","0.374185952375023","12.998701332",
"10/8/1991","-63.4375","-7.02514982223511","82","35.527","21.87","6.6261384","2.01362785086367","0.625202715422554","20.9688696",
"10/9/1991","-63.4375","-7.02514982223511","82","39.742","21.929","0","1.76695569379974","0.441924109315546","24.4790442",
"10/10/1991","-63.4375","-7.02514982223511","82","38.928","24.48","0","1.61539390439192","0.373496876843767","25.36092828",
"10/11/1991","-63.4375","-7.02514982223511","82","35.889","22.307","0.075531024","1.60224809834813","0.42979629879692","8.453700432",
"10/12/1991","-63.4375","-7.02514982223511","82","41.183","24.428","0.2334593664","1.11361288625886","0.401391317685607","24.217821",
"10/13/1991","-63.4375","-7.02514982223511","82","38.746","22.243","0","1.33542486382042","0.36885234534397","17.535546",
"10/14/1991","-63.4375","-7.02514982223511","82","40.78","23.104","0","1.33015488247325","0.319354182054769","17.258506128",
"10/15/1991","-63.4375","-7.02514982223511","82","40.115","22.507","0","1.35453012108212","0.354157848590416","22.00753404",
"10/16/1991","-63.4375","-7.02514982223511","82","42.082","19.869","0","1.15809025248067","0.344029193039182","11.523939912",
"10/17/1991","-63.4375","-7.02514982223511","82","40.525","23.355","0.0068664528","1.54227904546322","0.360406160750263","17.83951776",
"10/18/1991","-63.4375","-7.02514982223511","82","39.364","22.685","0","1.29687268304986","0.463323995348507","18.98257644",
"10/19/1991","-63.4375","-7.02514982223511","82","36.523","20.818","0","1.37679951140146","0.410138587185657","19.37087172",
"10/20/1991","-63.4375","-7.02514982223511","82","37.246","24.638","0","1.04252058838984","0.440548968091678","17.7814116",
"10/21/1991","-63.4375","-7.02514982223511","82","33.158","22.321","0.0720977904","0.959520834915199","0.549972630327586","11.37864816",
"10/22/1991","-63.4375","-7.02514982223511","82","37.594","18.489","0.020599344","0.991642438465903","0.589635381934808","14.7881232",
"10/23/1991","-63.4375","-7.02514982223511","82","32.914","23.473","1.4385221064","1.31425173194741","0.544506324117057","13.58780166",
"10/24/1991","-63.4375","-7.02514982223511","82","36.115","21.639","0.988770204","0.918526805136355","0.581603754582964","15.85546704",
"10/25/1991","-63.4375","-7.02514982223511","82","36.542","23.266","2.286531072","1.42034093648566","0.558424591700253","17.9242272",
"10/26/1991","-63.4375","-7.02514982223511","82","36.122","22.675","1.522636668","0.969458192490172","0.610383665141261","17.8474446",
"10/27/1991","-63.4375","-7.02514982223511","82","34.199","22.448","0.3021241392","1.20095377394406","0.594542973947058","13.98504528",
"10/28/1991","-63.4375","-7.02514982223511","82","34.968","22.03","0.133896024","1.6621226015447","0.637407873342985","20.34736668",
"10/29/1991","-63.4375","-7.02514982223511","82","30.856","18.31","1.5003197784","1.07330310557079","0.750084900909476","9.02502864",
"10/30/1991","-63.4375","-7.02514982223511","82","35.837","19.164","1.845359496","0.460185317468182","0.741833003958471","14.48459928",
"10/31/1991","-63.4375","-7.02514982223511","82","35.985","21.173","4.99362984","0.982039442128474","0.780932042211437","16.77965436",
"11/1/1991","-63.4375","-7.02514982223511","82","37.498","21.629","0.1888272","1.04973582766733","0.676543804871671","20.12332428",
"11/2/1991","-63.4375","-7.02514982223511","82","36.325","23.366","0.360488772","1.13889117973907","0.577783951996661","17.38788984",
"11/3/1991","-63.4375","-7.02514982223511","82","32.206","22.482","0.470351988","1.23775849225633","0.795035669360387","10.1949795",
"11/4/1991","-63.4375","-7.02514982223511","82","30.208","22.103","7.5840022512","1.5761862223073","0.836656478418821","23.048550072",
"11/5/1991","-63.4375","-7.02514982223511","82","35.811","18.683","0","0.891876102706981","0.64747873801309","20.21624838",
"11/6/1991","-63.4375","-7.02514982223511","82","35.767","21.623","0.70896168","0.903802601198098","0.644372746080387","19.09974258",
"11/7/1991","-63.4375","-7.02514982223511","82","39.432","23.809","0","1.12604012807594","0.562473332279083","17.20900746",
"11/8/1991","-63.4375","-7.02514982223511","82","38.504","23.072","0","1.26775306920968","0.580487131796328","16.15950216",
"11/9/1991","-63.4375","-7.02514982223511","82","39.799","19.179","0","1.03223181664526","0.46736864194885","28.79611704",
"11/10/1991","-63.4375","-7.02514982223511","82","39.217","23.551","1.14669864","0.921578892341297","0.549390992533609","24.45563826",
"11/11/1991","-63.4375","-7.02514982223511","82","38.449","23.733","0.2094270264","1.24656448968573","0.468885748192783","26.09943912",
"11/12/1991","-63.4375","-7.02514982223511","82","37.564","22.369","0.353622708","0.990412536559213","0.516895393126372","15.77570454",
"11/13/1991","-63.4375","-7.02514982223511","82","37.457","23.101","0","1.56606747252118","0.494387618612674","20.37222702",
"11/14/1991","-63.4375","-7.02514982223511","82","38.928","23.432","0.04806504","1.08662049139885","0.483789044154889","13.84368624",
"11/15/1991","-63.4375","-7.02514982223511","82","40.376","22.298","0.624847464","1.41174923529841","0.670055501555893","13.61559168",
"11/16/1991","-63.4375","-7.02514982223511","82","30.475","22.697","0.973320156","1.44158528609756","0.738846744420451","12.8426058",
"11/17/1991","-63.4375","-7.02514982223511","82","32.522","22.715","0.130462524","1.09481797229861","0.652602403520621","13.83345162",
"11/18/1991","-63.4375","-7.02514982223511","82","38.532","23.888","0.992203272","1.08215150617039","0.538255296888501","21.9146661",
"11/19/1991","-63.4375","-7.02514982223511","82","36.89","24.908","0.0308990304","1.01517128320401","0.572077348018779","15.33729114",
"11/20/1991","-63.4375","-7.02514982223511","82","26.241","21.402","7.218365184","1.55412429455839","0.831203401213365","3.0189357",
"11/21/1991","-63.4375","-7.02514982223511","82","36.801","21.022","0","1.1641167903789","0.627892432274917","9.48380706",
"11/22/1991","-63.4375","-7.02514982223511","82","25.778","21.382","2.3071299624","0.810384771889378","0.88279857752365","3.0015009",
"11/23/1991","-63.4375","-7.02514982223511","82","38.698","19.679","0.2283097464","0.727093193066933","0.704087893395228","17.05016142",
"11/24/1991","-63.4375","-7.02514982223511","82","36.099","20.193","0.293541048","0.913280817133733","0.634895212892209","17.78737446",
"11/25/1991","-63.4375","-7.02514982223511","82","35.48","22.631","0.26435844","1.6111731512254","0.58136770941314","17.28286596",
"11/26/1991","-63.4375","-7.02514982223511","82","38.428","22.045","0","1.67436505881054","0.41985402320124","18.57357864",
"11/27/1991","-63.4375","-7.02514982223511","82","36.722","24.133","0","1.64998539588639","0.477964924569502","22.58476344",
"11/28/1991","-63.4375","-7.02514982223511","82","34.972","21.467","1.0797498864","1.51576581572827","0.575289034446023","7.83990144",
"11/29/1991","-63.4375","-7.02514982223511","82","37.712","21.462","0","1.25369617023665","0.549033213816875","15.1659018",
"11/30/1991","-63.4375","-7.02514982223511","82","39.586","25.777","0","0.864568382006725","0.549269983016284","7.83743094",
"12/1/1991","-63.4375","-7.02514982223511","82","29.922","22.881","0.169086564","1.04147626788633","0.699959644488355","5.2362531",
"12/2/1991","-63.4375","-7.02514982223511","82","37.369","20.412","0.37078848","0.760894985596814","0.638641566923062","17.40347172",
"12/3/1991","-63.4375","-7.02514982223511","82","38.939","19.735","0.3295903752","0.709448945430195","0.617599233717695","15.00288696",
"12/4/1991","-63.4375","-7.02514982223511","82","37.47","20.081","0.178528068","1.04963229867998","0.623068503975884","18.01873548",
"12/5/1991","-63.4375","-7.02514982223511","82","37.066","24.723","0.1999852416","1.26365695668348","0.579651620055614","18.5157",
"12/6/1991","-63.4375","-7.02514982223511","82","37.297","23.225","7.7299141824","1.55346951619106","0.706159287493853","11.64498948",
"12/7/1991","-63.4375","-7.02514982223511","82","36.442","23.176","0","1.15185979467476","0.618021177025118","17.56277028",
"12/8/1991","-63.4375","-7.02514982223511","82","35.602","23.261","0","1.07545516854408","0.571160384544096","16.96617864",
"12/9/1991","-63.4375","-7.02514982223511","82","33.747","22.541","0.91409688","1.08426359935173","0.640931214636317","9.3480147",
"12/10/1991","-63.4375","-7.02514982223511","82","35.903","23.865","0","1.03837656185734","0.59205927764511","13.65434532",
"12/11/1991","-63.4375","-7.02514982223511","82","36.072","25.311","0.7244106768","1.42370896218262","0.599359203854974","17.97328044",
"12/12/1991","-63.4375","-7.02514982223511","82","38.555","21.37","0.2523422664","0.839857490207818","0.580376457668049","17.4791232",
"12/13/1991","-63.4375","-7.02514982223511","82","38.682","22.569","0.805092012","1.07944030278371","0.619723966148643","19.2607353",
"12/14/1991","-63.4375","-7.02514982223511","82","39.127","21.165","0.5064012144","0.908691213040811","0.61693446249936","16.86054636",
"12/15/1991","-63.4375","-7.02514982223511","82","38.933","22.361","0.20942712","0.953033946853106","0.600378958398974","18.2955384",
"12/16/1991","-63.4375","-7.02514982223511","82","32.29","22.667","10.46448144","1.12882313175732","0.789384021008766","14.933367",
"12/17/1991","-63.4375","-7.02514982223511","82","36.419","21.983","0.024032592","1.19947134786136","0.679479891713157","15.056610552",
"12/18/1991","-63.4375","-7.02514982223511","82","32.28","23.076","2.397251304","0.934552991186118","0.777006870084584","12.750975792",
"12/19/1991","-63.4375","-7.02514982223511","82","39.43","22.159","13.030823448","0.954038720485846","0.749933775182894","16.72301664",
"12/20/1991","-63.4375","-7.02514982223511","82","31.957","22.457","40.9377897864","1.24140871818323","0.872929992208272","17.3076183",
"12/21/1991","-63.4375","-7.02514982223511","82","38.844","21.959","2.54230578","0.722968785777529","0.791221353728585","13.88480616",
"12/22/1991","-63.4375","-7.02514982223511","82","26.506","22.709","24.5647421064","1.05173164944528","0.94357660019906","9.39763332",
"12/23/1991","-63.4375","-7.02514982223511","82","28.013","21.237","0.107288424","1.46715177468539","0.835575361874762","17.29378188",
"12/24/1991","-63.4375","-7.02514982223511","82","33.198","22.078","3.4040448","1.08409068806822","0.775290144091599","18.3233835",
"12/25/1991","-63.4375","-7.02514982223511","82","33.765","19.948","4.83741684","0.835231170660783","0.827068302568289","27.63843156",
"12/26/1991","-63.4375","-7.02514982223511","82","31.105","22.978","5.70087504","0.804416059902331","0.853290873256267","20.32604928",
"12/27/1991","-63.4375","-7.02514982223511","82","31.743","21.129","3.2495484024","1.23703218261349","0.761167946236723","27.2628045",
"12/28/1991","-63.4375","-7.02514982223511","82","34.928","22.197","3.009219516","1.03959649353384","0.734454563988432","11.1477933",
"12/29/1991","-63.4375","-7.02514982223511","82","32.261","21.371","3.707886816","1.1379047699613","0.808346730949288","20.2645152",
"12/30/1991","-63.4375","-7.02514982223511","82","33.57","21.801","0.190544292","1.40699793128084","0.725054142266178","17.70485742",
"12/31/1991","-63.4375","-7.02514982223511","82","31.27","22.873","6.86988972","1.30926671933957","0.750889281841761","27.23432688",
"1/1/1992","-63.4375","-7.02514982223511","82","28.938","22.042","8.868886884","0.665678812497749","0.896038653053","9.88756758",
"1/2/1992","-63.4375","-7.02514982223511","82","37.479","19.781","0.453186","1.16789932384923","0.70445065814073","15.508015848",
"1/3/1992","-63.4375","-7.02514982223511","82","35.12","21.348","3.987693684","1.05798631130877","0.782653673442224","25.65023112",
"1/4/1992","-63.4375","-7.02514982223511","82","38.764","22.205","17.6484771","1.30307631789537","0.725035945215457","17.95095558",
"1/5/1992","-63.4375","-7.02514982223511","82","34.64","22.794","48.0274233408","1.20411535395772","0.830524843663863","16.85407734",
"1/6/1992","-63.4375","-7.02514982223511","82","32.325","21.258","1.9208908224","1.2125465318509","0.816968827746596","15.2416071",
"1/7/1992","-63.4375","-7.02514982223511","82","37.319","21.214","1.14498072","0.696684288073414","0.702575415903833","17.9340714",
"1/8/1992","-63.4375","-7.02514982223511","82","33.065","21.996","2.950861068","1.36361686724247","0.750596115026172","27.7997616",
"1/9/1992","-63.4375","-7.02514982223511","82","35.439","20.781","0","0.98332659980016","0.626737197512065","21.4132491",
"1/10/1992","-63.4375","-7.02514982223511","82","33.786","21.727","4.437448524","1.01189108855305","0.763522332139393","27.81798264",
"1/11/1992","-63.4375","-7.02514982223511","82","31.867","22.258","1.7835591456","1.18958291324263","0.780076924666497","16.06708044",
"1/12/1992","-63.4375","-7.02514982223511","82","29.908","22.989","2.190399696","1.3448444610801","0.818978815334284","17.830681632",
"1/13/1992","-63.4375","-7.02514982223511","82","26.366","21.513","5.783276988","0.786654569088694","0.940819152100036","4.199967432",
"1/14/1992","-63.4375","-7.02514982223511","82","33.883","19.674","0.65403","0.766077980260717","0.833632472098262","15.820199712",
"1/15/1992","-63.4375","-7.02514982223511","82","33.025","22.184","3.933621972","1.17224242819234","0.862254112717484","17.323596648",
"1/16/1992","-63.4375","-7.02514982223511","82","34.392","23.104","0.1390458528","1.30332390755544","0.700427745283501","15.246510192",
"1/17/1992","-63.4375","-7.02514982223511","82","33.739","20.659","14.25218472","0.923097724427948","0.820075325514061","24.21089568",
"1/18/1992","-63.4375","-7.02514982223511","82","32.709","22.081","5.6519577216","0.941813134812183","0.891146607165996","15.72677136",
"1/19/1992","-63.4375","-7.02514982223511","82","30.899","22.22","1.4672757528","0.937316551047245","0.855787615878306","13.0081545",
"1/20/1992","-63.4375","-7.02514982223511","82","38.396","23.181","8.08696602","0.739077816298562","0.825113460456359","9.47418804",
"1/21/1992","-63.4375","-7.02514982223511","82","30.188","22.354","12.0978361584","0.736415858135102","0.904359013318564","24.165339048",
"1/22/1992","-63.4375","-7.02514982223511","82","33.499","22.773","26.123384916","0.862383806574817","0.821053966231934","15.744654612",
"1/23/1992","-63.4375","-7.02514982223511","82","24.917","20.568","5.7798327888","0.834993556915833","0.963252470754827","2.94980292",
"1/24/1992","-63.4375","-7.02514982223511","82","31.907","21.772","3.338813628","1.00200740517388","0.81674571826525","24.1274223",
"1/25/1992","-63.4375","-7.02514982223511","82","29.621","22.051","1.4307974064","1.71053920606663","0.828566069416799","18.463282128",
"1/26/1992","-63.4375","-7.02514982223511","82","33.052","19.399","0.014591232","0.730511582482175","0.68756147645055","18.27179766",
"1/27/1992","-63.4375","-7.02514982223511","82","30.49","21.467","10.204411716","0.969062706967147","0.87548853013265","25.726161312",
"1/28/1992","-63.4375","-7.02514982223511","82","34.076","22.331","0.26350056","1.20840219317667","0.713530869206193","17.46832464",
"1/29/1992","-63.4375","-7.02514982223511","82","30.245","22.049","9.45854136","1.20547729537245","0.862462494102204","19.2532545",
"1/30/1992","-63.4375","-7.02514982223511","82","38.91","20.157","0.4308699312","0.938781104379709","0.719682478380552","16.175026368",
"1/31/1992","-63.4375","-7.02514982223511","82","24.372","22.271","19.01492856","0.865337391255439","0.968196521029264","2.039118012",
"2/1/1992","-63.4375","-7.02514982223511","82","34.658","19.275","2.8564452","1.14300100915074","0.824045461077994","28.14592644",
"2/2/1992","-63.4375","-7.02514982223511","82","38.361","22.167","3.7765511208","1.25231741226782","0.786532585957325","14.05732518",
"2/3/1992","-63.4375","-7.02514982223511","82","32.273","23.039","5.65796052","1.65569224495426","0.767692219419466","16.04525742",
"2/4/1992","-63.4375","-7.02514982223511","82","35.535","21.099","2.901078","1.38971832994135","0.679530127205427","24.32328642",
"2/5/1992","-63.4375","-7.02514982223511","82","38.665","22.685","9.048274956","1.20504120094149","0.833820235857556","11.5821603",
"2/6/1992","-63.4375","-7.02514982223511","82","28.295","22.668","5.204769372","0.865307483733684","0.915882376931982","8.30176704",
"2/7/1992","-63.4375","-7.02514982223511","82","39.252","20.741","0.034332264","0.911002442851383","0.6665742452066","18.84486996",
"2/8/1992","-63.4375","-7.02514982223511","82","35.471","22.692","3.52935378","0.932493642753961","0.737142907153465","14.542817832",
"2/9/1992","-63.4375","-7.02514982223511","82","30.636","22.367","2.28824712","1.17908513446624","0.772588077638035","11.35035306",
"2/10/1992","-63.4375","-7.02514982223511","82","32.194","23.001","3.2924646648","0.90097950813217","0.86309330863207","11.9840085",
"2/11/1992","-63.4375","-7.02514982223511","82","30.348","22.326","0.803375208","0.651209688100581","0.843054276919895","8.50437612",
"2/12/1992","-63.4375","-7.02514982223511","82","31.89","22.735","8.95214142","1.19813873798985","0.843771037628824","14.916876318",
"2/13/1992","-63.4375","-7.02514982223511","82","24.825","21.775","17.308622772","1.0157063882746","0.960490816435114","8.18763714",
"2/14/1992","-63.4375","-7.02514982223511","82","26.069","21.352","18.2270046528","1.15235724525314","0.918500863467658","8.88805782",
"2/15/1992","-63.4375","-7.02514982223511","82","32.651","21.559","9.3778648128","1.43297861606547","0.837560489921185","15.85062846",
"2/16/1992","-63.4375","-7.02514982223511","82","24.475","21.929","54.62267364","0.915456524092898","0.968798876988506","5.55097464",
"2/17/1992","-63.4375","-7.02514982223511","82","23.645","21.347","25.32348792","0.829966643467601","0.977503781087529","3.744845568",
"2/18/1992","-63.4375","-7.02514982223511","82","34.379","21.104","10.309986144","0.678607006221043","0.870849122293204","14.891060088",
"2/19/1992","-63.4375","-7.02514982223511","82","27.671","22.984","84.2874710112","0.565013148013793","0.935355238493706","10.672824258",
"2/20/1992","-63.4375","-7.02514982223511","82","29.574","21.924","1.064300436","1.27784784021087","0.850375409372852","18.962096832",
"2/21/1992","-63.4375","-7.02514982223511","82","27.064","21.532","20.3504544792","1.31659423181074","0.918160543518695","21.074685048",
"2/22/1992","-63.4375","-7.02514982223511","82","26.1","22.571","17.96263884","0.878885575220971","0.947938858556215","6.44984802",
"2/23/1992","-63.4375","-7.02514982223511","82","30.758","22.373","7.5668340888","1.19637812266487","0.880890571863704","18.84272805",
"2/24/1992","-63.4375","-7.02514982223511","82","31.265","23.133","16.575624144","1.1623562434317","0.892272456489674","22.639671",
"2/25/1992","-63.4375","-7.02514982223511","82","29.21","23.353","13.1217875064","1.38360730080055","0.924011341761918","23.10648786",
"2/26/1992","-63.4375","-7.02514982223511","82","25.955","21.754","6.80809248","0.696250792084083","0.962956856664574","8.601294528",
"2/27/1992","-63.4375","-7.02514982223511","82","29.457","21.448","8.4268587024","0.819141393534029","0.922421078681723","25.149097368",
"2/28/1992","-63.4375","-7.02514982223511","82","29.841","22.158","9.78469776","0.729291551715761","0.918828826010911","19.42272945",
"2/29/1992","-63.4375","-7.02514982223511","82","28.808","22.494","18.2321588664","0.789715680120436","0.946987443831547","25.898791968",
"3/1/1992","-63.4375","-7.02514982223511","82","26.325","23.45","17.35324884","0.806844281831559","0.967467517164467","9.16852185",
"3/2/1992","-63.4375","-7.02514982223511","82","30.4","23.195","12.172510656","0.79080127188044","0.928257030897403","13.989144312",
"3/3/1992","-63.4375","-7.02514982223511","82","26.074","22.471","17.5798386","1.06724488333163","0.969911075304453","3.42466875",
"3/4/1992","-63.4375","-7.02514982223511","82","28.097","22.245","8.30669436","0.508611953114016","0.951669728959709","9.0055116",
"3/5/1992","-63.4375","-7.02514982223511","82","28.002","22.233","6.790925412","0.840825953459275","0.905977864494275","6.89433912",
"3/6/1992","-63.4375","-7.02514982223511","82","30.759","22.926","18.6965000928","0.972910444609117","0.9258373624956","22.26740445",
"3/7/1992","-63.4375","-7.02514982223511","82","28.88","23.561","11.0017782","0.958994981717857","0.94344103851421","16.617207888",
"3/8/1992","-63.4375","-7.02514982223511","82","29.096","23.541","9.211341528","0.716945455495584","0.939684432330344","16.16259204",
"3/9/1992","-63.4375","-7.02514982223511","82","28.675","22.261","10.9150884","0.873508040621203","0.939830227778608","26.85904038",
"3/10/1992","-63.4375","-7.02514982223511","82","28.387","23.758","17.1069170976","0.963764328670116","0.943774402081649","21.525295032",
"3/11/1992","-63.4375","-7.02514982223511","82","28.168","23.684","16.4348648784","0.926786562043779","0.950248136382354","16.42910319",
"3/12/1992","-63.4375","-7.02514982223511","82","28.125","23.688","15.700151592","0.782870107951786","0.961948691870438","15.818124438",
"3/13/1992","-63.4375","-7.02514982223511","82","30.686","22.95","8.9075118744","1.01945074625514","0.933642122154145","17.174643732",
"3/14/1992","-63.4375","-7.02514982223511","82","31.532","22.673","6.8389894584","1.28402475305847","0.890442246541982","18.036454932",
"3/15/1992","-63.4375","-7.02514982223511","82","29.074","24.073","18.923946264","0.866311851803263","0.948102861632746","21.53986245",
"3/16/1992","-63.4375","-7.02514982223511","82","25.802","22.682","18.00041904","0.632459673813352","0.974254660721074","4.635504918",
"3/17/1992","-63.4375","-7.02514982223511","82","27.868","22.452","15.6211884","0.697618999615291","0.962311809674553","19.48291146",
"3/18/1992","-63.4375","-7.02514982223511","82","28.714","23.474","18.446730768","0.710108684863828","0.941375324476005","6.98292756",
"3/19/1992","-63.4375","-7.02514982223511","82","28.695","22.776","60.19473852","0.674614408646237","0.936524149513559","9.291937392",
"3/20/1992","-63.4375","-7.02514982223511","82","29.099","22.442","8.5092551424","0.972731541305127","0.939192915627069","19.02296385",
"3/21/1992","-63.4375","-7.02514982223511","82","31.116","22.734","2.676200796","1.20446166200199","0.899498043052337","16.030971288",
"3/22/1992","-63.4375","-7.02514982223511","82","31.807","22.181","4.6743355728","1.17906077563874","0.87968546508684","23.13996066",
"3/23/1992","-63.4375","-7.02514982223511","82","31.599","22.555","17.50774464","0.948927084367507","0.907789402635677","17.2663353",
"3/24/1992","-63.4375","-7.02514982223511","82","24.533","21.781","119.84705424","1.07270847224808","0.980122841246455","2.46560418",
"3/25/1992","-63.4375","-7.02514982223511","82","31.791","22.016","2.750013432","0.987463171905659","0.872405570942661","18.886949532",
"3/26/1992","-63.4375","-7.02514982223511","82","31.167","21.736","3.92933052","1.40585246297515","0.861060326147039","26.98519896",
"3/27/1992","-63.4375","-7.02514982223511","82","34.536","21.187","4.72926888","1.48281403501479","0.830658145776522","19.649302992",
"3/28/1992","-63.4375","-7.02514982223511","82","31.624","21.73","3.49159428","1.23203179046497","0.843839779507879","26.947968912",
"3/29/1992","-63.4375","-7.02514982223511","82","29.738","23.28","6.44588064","1.18158874902675","0.912265471039352","25.89277626",
"3/30/1992","-63.4375","-7.02514982223511","82","28.918","22.984","42.60465936","1.04893838399434","0.938407018318323","17.45336232",
"3/31/1992","-63.4375","-7.02514982223511","82","28.323","21.66","71.9132552928","1.3624540716532","0.911123313012658","11.857222962",
"4/1/1992","-63.4375","-7.02514982223511","82","32.542","21.757","3.4194930984","0.70924992614406","0.869056846396604","21.59955144",
"4/2/1992","-63.4375","-7.02514982223511","82","28.479","23.777","5.2013384784","0.905541600762001","0.94499382883017","18.620837982",
"4/3/1992","-63.4375","-7.02514982223511","82","27.646","22.9","5.63392764","0.904801453027108","0.931700170504195","17.35813188",
"4/4/1992","-63.4375","-7.02514982223511","82","31.625","22.056","3.395463552","1.07176655889773","0.850683082970073","25.41667806",
"4/5/1992","-63.4375","-7.02514982223511","82","31","21.968","5.4931644","0.993006347329534","0.877559295396591","26.2531728",
"4/6/1992","-63.4375","-7.02514982223511","82","32.895","22.662","4.48722486","1.11168143007307","0.850824662861293","25.10353062",
"4/7/1992","-63.4375","-7.02514982223511","82","32.187","23.428","2.4032603304","0.656157545827415","0.877717975874413","16.02197298",
"4/8/1992","-63.4375","-7.02514982223511","82","27.494","23.532","80.1211985784","1.05467274538368","0.944074625855102","4.87968444",
"4/9/1992","-63.4375","-7.02514982223511","82","28.223","19.991","8.95042296","0.877022981429783","0.934967546517287","12.50870274",
"4/10/1992","-63.4375","-7.02514982223511","82","28.878","20.989","2.725982748","0.789850494030248","0.897598153512961","16.17541902",
"4/11/1992","-63.4375","-7.02514982223511","82","24.406","20.873","4.1507727264","0.643781396675125","0.976038734033727","3.10078134",
"4/12/1992","-63.4375","-7.02514982223511","82","29.672","21.814","3.6392268384","0.913312652551548","0.910427978060177","18.9906138",
"4/13/1992","-63.4375","-7.02514982223511","82","28.788","22.805","8.3599072344","1.06940667945339","0.946275441427041","18.9686313",
"4/14/1992","-63.4375","-7.02514982223511","82","30.701","22.055","13.92173532","0.841565611891925","0.911620880353674","16.2340839",
"4/15/1992","-63.4375","-7.02514982223511","82","28.154","21.287","11.192323824","0.789827984226853","0.958111628674165","15.80928408",
"4/16/1992","-63.4375","-7.02514982223511","82","29.128","23.174","5.094911016","1.03963427655813","0.911892382283301","22.673196",
"4/17/1992","-63.4375","-7.02514982223511","82","30.315","21.034","10.21728474","0.9445316145022","0.906207871207674","24.4504701",
"4/18/1992","-63.4375","-7.02514982223511","82","25.318","22.901","13.58871336","0.627808507100432","0.973491179005055","5.21105724",
"4/19/1992","-63.4375","-7.02514982223511","82","27.139","22.291","9.516901248","0.452881575503182","0.959355133492823","12.216939912",
"4/20/1992","-63.4375","-7.02514982223511","82","28.097","21.44","7.3574006184","0.915181631774646","0.922176836794115","17.6983848",
"4/21/1992","-63.4375","-7.02514982223511","82","32.338","21.802","6.7634565264","0.822141194817169","0.889580634169326","21.4327692",
"4/22/1992","-63.4375","-7.02514982223511","82","31.996","22.977","2.9354106168","1.07267403165089","0.893091131355706","15.324352668",
"4/23/1992","-63.4375","-7.02514982223511","82","32.599","21.694","3.05385732","0.96301306032515","0.845725226284248","20.90543184",
"4/24/1992","-63.4375","-7.02514982223511","82","33.266","21.1","6.198695172","0.86670222180427","0.840607299385475","24.65847414",
"4/25/1992","-63.4375","-7.02514982223511","82","32.712","21.137","3.6426537","1.05449490186724","0.847495589292697","18.98313336",
"4/26/1992","-63.4375","-7.02514982223511","82","29.946","22.353","8.1865269","1.2490339343258","0.925559278595374","24.424537752",
"4/27/1992","-63.4375","-7.02514982223511","82","30.291","22.019","4.39109892","0.842533663095878","0.914941418258473","15.9854085",
"4/28/1992","-63.4375","-7.02514982223511","82","33.953","20.782","0.4222870704","0.54624996395694","0.84727580783435","20.41768134",
"4/29/1992","-63.4375","-7.02514982223511","82","30.919","20.791","3.1019207184","1.18884687091538","0.85237500472063","19.536745032",
"4/30/1992","-63.4375","-7.02514982223511","82","31.262","20.994","2.7620321904","0.664771387022885","0.884721145758324","19.97009442",
"5/1/1992","-63.4375","-7.02514982223511","82","30.62","23.642","3.685571856","0.627954795193084","0.92178522052154","18.29250792",
"5/2/1992","-63.4375","-7.02514982223511","82","34.441","22.271","0.805950036","1.19052944981263","0.736870940141958","23.897542392",
"5/3/1992","-63.4375","-7.02514982223511","82","30.228","20.368","2.883910104","0.793482289574789","0.840466533417425","23.96351196",
"5/4/1992","-63.4375","-7.02514982223511","82","30.685","21.383","9.32293206","0.917370105837866","0.896632057312207","13.901679",
"5/5/1992","-63.4375","-7.02514982223511","82","29.964","22.185","7.64579808","1.04260338400563","0.914075077652731","23.664935952",
"5/6/1992","-63.4375","-7.02514982223511","82","27.845","19.643","1.8642446928","1.02068490530827","0.921795236647997","8.732363472",
"5/7/1992","-63.4375","-7.02514982223511","82","30.748","19.55","1.4213558232","0.674113430348503","0.877534148698006","16.81121106",
"5/8/1992","-63.4375","-7.02514982223511","82","28.925","21.661","5.855372352","1.16295801803883","0.927586377016301","23.35139874",
"5/9/1992","-63.4375","-7.02514982223511","82","29.217","21.779","4.8202506","1.04499124304561","0.913052856749864","23.5339254",
"5/10/1992","-63.4375","-7.02514982223511","82","30.603","20.09","0.571632156","0.6211565158606","0.911149235060872","12.07985616",
"5/11/1992","-63.4375","-7.02514982223511","82","30.916","20.645","8.92294992","0.928294791441523","0.912977263795876","22.6033884",
"5/12/1992","-63.4375","-7.02514982223511","82","31.349","22.392","0.298691136","1.22842565653351","0.821088357456567","15.32604708",
"5/13/1992","-63.4375","-7.02514982223511","82","30.706","21.582","3.09419712","1.18000506691341","0.822346375204366","23.00580234",
"5/14/1992","-63.4375","-7.02514982223511","82","31.869","20.541","5.886274212","0.927081697786792","0.864400698903075","14.45512338",
"5/15/1992","-63.4375","-7.02514982223511","82","32.448","20.372","3.4864425648","0.632097591434792","0.874489109001828","15.889325688",
"5/16/1992","-63.4375","-7.02514982223511","82","34.143","21.247","1.8367788528","0.954499388454256","0.780616707429273","22.11626358",
"5/17/1992","-63.4375","-7.02514982223511","82","31.662","21.387","5.55496164","0.884875478633417","0.888028165332141","21.77060616",
"5/18/1992","-63.4375","-7.02514982223511","82","31.059","22.222","5.089763412","0.983815071114397","0.896980130580618","22.87693386",
"5/19/1992","-63.4375","-7.02514982223511","82","33.793","22.833","1.2908941776","1.12287003338706","0.764585518286391","13.82709402",
"5/20/1992","-63.4375","-7.02514982223511","82","34.214","21.638","0.030899052","1.18109526722396","0.714097861190601","19.589739552",
"5/21/1992","-63.4375","-7.02514982223511","82","32.695","22.008","0","0.996386748069006","0.735519853054785","12.531603798",
"5/22/1992","-63.4375","-7.02514982223511","82","30.513","23.969","7.292171484","1.23013621787588","0.833333814642441","21.987",
"5/23/1992","-63.4375","-7.02514982223511","82","33.49","22.811","0.8308409976","1.35445319305736","0.792161433840833","16.414873632",
"5/24/1992","-63.4375","-7.02514982223511","82","30.798","21.14","1.558685412","1.14676653639937","0.820803216884077","22.307902272",
"5/25/1992","-63.4375","-7.02514982223511","82","34.361","18.801","0.3484728","0.697217103550147","0.754021553712703","22.42130652",
"5/26/1992","-63.4375","-7.02514982223511","82","32.184","21.845","4.452894468","0.879625832759267","0.848151978139982","22.34801412",
"5/27/1992","-63.4375","-7.02514982223511","82","32.547","21.112","0.732993912","1.08372572073133","0.777433452908141","22.48683606",
"5/28/1992","-63.4375","-7.02514982223511","82","31.273","20.786","1.8917064","0.989809303655198","0.769409815044184","22.27027608",
"5/29/1992","-63.4375","-7.02514982223511","82","30.096","19.818","3.9173150664","0.75449021570346","0.860815415172709","22.16232936",
"5/30/1992","-63.4375","-7.02514982223511","82","34.464","19.219","0","1.01313205812191","0.71325422450758","16.35114294",
"5/31/1992","-63.4375","-7.02514982223511","82","32.367","22.97","5.59444752","1.24249255927233","0.743206766961611","15.104977632",
"6/1/1992","-63.4375","-7.02514982223511","82","33.441","19.198","0","1.47306175575684","0.610481707171369","22.86567648",
"6/2/1992","-63.4375","-7.02514982223511","82","32.168","20.077","0","1.50215376396668","0.680877481206915","16.681106448",
"6/3/1992","-63.4375","-7.02514982223511","82","23.289","20.744","5.83992","1.1713875479892","0.920201803460181","1.81524348",
"6/4/1992","-63.4375","-7.02514982223511","82","23.521","17.813","1.4616966456","0.542903294942246","0.977860982591231","2.96943732",
"6/5/1992","-63.4375","-7.02514982223511","82","31.691","19.042","0.405121212","1.10431867259357","0.814956232714252","14.7813165",
"6/6/1992","-63.4375","-7.02514982223511","82","34.887","17.186","0","1.24634875046414","0.65654915327382","21.66761286",
"6/7/1992","-63.4375","-7.02514982223511","82","32.101","17.965","0","1.36246834349355","0.657544026087767","14.07593952",
"6/8/1992","-63.4375","-7.02514982223511","82","33.658","21.043","0","1.34542940049594","0.647529874814251","17.508879432",
"6/9/1992","-63.4375","-7.02514982223511","82","35.077","20.378","0","0.902234915734538","0.6410247432148","22.07160288",
"6/10/1992","-63.4375","-7.02514982223511","82","34.607","23.865","0","1.07782022682601","0.572390168544744","18.1400085",
"6/11/1992","-63.4375","-7.02514982223511","82","34.227","20.071","0","1.18041887025717","0.614120831851048","16.13919312",
"6/12/1992","-63.4375","-7.02514982223511","82","33.226","21.131","0","1.15438448398477","0.602906684570411","15.88865724",
"6/13/1992","-63.4375","-7.02514982223511","82","31.5","19.134","3.86667432","1.02282695076981","0.778000261078639","21.22570872",
"6/14/1992","-63.4375","-7.02514982223511","82","32.267","22.204","0","0.880324093558029","0.683355486768276","13.894146612",
"6/15/1992","-63.4375","-7.02514982223511","82","34.778","19.047","0","1.07302350168135","0.64245975507537","14.3024058",
"6/16/1992","-63.4375","-7.02514982223511","82","34.311","19.825","0","1.3629973735385","0.588060211415498","22.4981991",
"6/17/1992","-63.4375","-7.02514982223511","82","34.162","17.094","0","1.22002608311565","0.550976676540779","22.50724716",
"6/18/1992","-63.4375","-7.02514982223511","82","32.591","19.949","0","1.27573779188133","0.601816982546883","14.88858138",
"6/19/1992","-63.4375","-7.02514982223511","82","32.94","17.667","0","1.11483189051358","0.650510333198733","17.92653048",
"6/20/1992","-63.4375","-7.02514982223511","82","34.264","18.816","0","1.26184133473872","0.578029048875825","21.32639604",
"6/21/1992","-63.4375","-7.02514982223511","82","32.962","17.776","0","0.723644155504701","0.656792595555755","11.86368498",
"6/22/1992","-63.4375","-7.02514982223511","82","35.007","17.502","0","1.20792953066207","0.592335090999392","21.57817248",
"6/23/1992","-63.4375","-7.02514982223511","82","33.061","21.849","0.0343322712","1.14168837300724","0.586301528012647","18.51946326",
"6/24/1992","-63.4375","-7.02514982223511","82","34.017","21.213","0","1.259113004063","0.561361196705473","9.69137208",
"6/25/1992","-63.4375","-7.02514982223511","82","34.338","22.071","0","1.1055302669433","0.519442971625026","15.42645054",
"6/26/1992","-63.4375","-7.02514982223511","82","34.954","18.87","0","1.03879259265866","0.586048825527693","15.884836632",
"6/27/1992","-63.4375","-7.02514982223511","82","34.09","24.228","0","1.41265993605925","0.508576258754849","21.21389604",
"6/28/1992","-63.4375","-7.02514982223511","82","34.211","22.907","0","1.43375685837514","0.527611812010267","15.070553298",
"6/29/1992","-63.4375","-7.02514982223511","82","28.321","19.115","0.108146628","1.37455386709571","0.752176563800807","8.11124586",
"6/30/1992","-63.4375","-7.02514982223511","82","32.93","21.404","0","1.47638219043298","0.621437055843197","17.87197446",
"7/1/1992","-63.4375","-7.02514982223511","82","33.631","21.1","0","1.49115174454576","0.533112382725702","16.06820346",
"7/2/1992","-63.4375","-7.02514982223511","82","32.565","20.693","2.0256084","1.49112411132316","0.650336973909243","15.17106924",
"7/3/1992","-63.4375","-7.02514982223511","82","31.477","18.149","1.5998868","1.13207895976285","0.732474298686525","16.54931466",
"7/4/1992","-63.4375","-7.02514982223511","82","35.519","19.797","0","1.05413741911785","0.558032911096199","14.24120292",
"7/5/1992","-63.4375","-7.02514982223511","82","24.638","19.137","0.030899052","1.18527069598327","0.737200049391038","2.49451884",
"7/6/1992","-63.4375","-7.02514982223511","82","31.93","19.263","0","1.43664141918648","0.64770657119181","14.04522756",
"7/7/1992","-63.4375","-7.02514982223511","82","30.687","20.88","0","1.87745204633933","0.637050085159601","20.0191536",
"7/8/1992","-63.4375","-7.02514982223511","82","31.762","18.45","0","1.66117894708905","0.600337354363399","22.8528054",
"7/9/1992","-63.4375","-7.02514982223511","82","32.878","18.784","0","1.25572362650303","0.560198724301274","17.630153568",
"7/10/1992","-63.4375","-7.02514982223511","82","34.546","18.908","0","1.04359159422847","0.564720802723373","15.54435054",
"7/11/1992","-63.4375","-7.02514982223511","82","33.936","16.224","0","1.07210642261879","0.617492623703587","17.07986106",
"7/12/1992","-63.4375","-7.02514982223511","82","33.587","18.177","0","1.29604560293345","0.58586634488751","20.88422046",
"7/13/1992","-63.4375","-7.02514982223511","82","34.627","18.695","0","1.26891369226301","0.582943041997719","18.38199348",
"7/14/1992","-63.4375","-7.02514982223511","82","35.099","19.647","0","0.927270614342077","0.618800039450551","22.009950432",
"7/15/1992","-63.4375","-7.02514982223511","82","34.377","18.116","0.0034332264","1.05952527183657","0.65689653000033","11.415768192",
"7/16/1992","-63.4375","-7.02514982223511","82","32.473","16.694","0","1.28558558528601","0.653290630803292","17.09994402",
"7/17/1992","-63.4375","-7.02514982223511","82","33.506","19.77","0.171661608","1.17630800370725","0.628926398046182","13.16818512",
"7/18/1992","-63.4375","-7.02514982223511","82","34.005","20.319","0.375938352","1.33876924781951","0.667284597523423","7.4972241",
"7/19/1992","-63.4375","-7.02514982223511","82","32.581","18.525","0","1.76347899636792","0.585139234425099","22.9422924",
"7/20/1992","-63.4375","-7.02514982223511","82","33.887","18.149","0","1.31478615210673","0.512228328634905","21.12091758",
"7/21/1992","-63.4375","-7.02514982223511","82","35.503","14.759","0","1.18729636763046","0.526941635327287","22.329225072",
"7/22/1992","-63.4375","-7.02514982223511","82","34.584","22.218","0","1.24904853641654","0.42957835397755","13.043417868",
"7/23/1992","-63.4375","-7.02514982223511","82","32.834","21.854","0","2.02330034933496","0.439284920315152","23.52925998",
"7/24/1992","-63.4375","-7.02514982223511","82","32.026","18.321","0","2.14333422636989","0.477433661883126","24.2223255",
"7/25/1992","-63.4375","-7.02514982223511","82","33.033","15.858","0","1.39141269510456","0.472652307143499","24.010482672",
"7/26/1992","-63.4375","-7.02514982223511","82","35.864","14.363","0","1.09927485850218","0.468594151636173","23.78953224",
"7/27/1992","-63.4375","-7.02514982223511","82","33.58","18.706","0.0137329128","1.21414648514748","0.583890389851293","16.47899928",
"7/28/1992","-63.4375","-7.02514982223511","82","34.885","20.262","0.0068664528","1.25037223485746","0.521754062973491","14.374742832",
"7/29/1992","-63.4375","-7.02514982223511","82","37.212","17.652","0","1.27518361132154","0.498911776622966","24.048396792",
"7/30/1992","-63.4375","-7.02514982223511","82","37.262","18.081","0","1.03801717401768","0.447238068418636","24.39106506",
"7/31/1992","-63.4375","-7.02514982223511","82","37.823","16.245","0","1.17597645515699","0.388855222087874","24.31406646",
"8/1/1992","-63.4375","-7.02514982223511","82","37.915","18.565","0","1.21423680487695","0.342790643580089","24.64194726",
"8/2/1992","-63.4375","-7.02514982223511","82","35.185","16.476","0","1.37451706676117","0.461368166707752","23.939545248",
"8/3/1992","-63.4375","-7.02514982223511","82","36.275","17.695","0","1.47284899673099","0.392098170694747","24.787524528",
"8/4/1992","-63.4375","-7.02514982223511","82","36.542","19.326","0","1.62296940850753","0.341413850274654","24.9702804",
"8/5/1992","-63.4375","-7.02514982223511","82","34.188","16.266","0","1.02664084879419","0.489511014002412","13.0163625",
"8/6/1992","-63.4375","-7.02514982223511","82","34.385","17.235","0","1.58905121385531","0.455076893770808","13.74328296",
"8/7/1992","-63.4375","-7.02514982223511","82","38.435","18.088","0","0.995601889991872","0.427329119511133","19.831891608",
"8/8/1992","-63.4375","-7.02514982223511","82","35.446","22.743","0","1.37104832552536","0.476967539122971","14.2804674",
"8/9/1992","-63.4375","-7.02514982223511","82","36.1","18.61","0","1.14838098251221","0.476957807967747","17.12795724",
"8/10/1992","-63.4375","-7.02514982223511","82","36.686","20.477","0.1330375536","1.01612784901449","0.460780458409529","18.59957028",
"8/11/1992","-63.4375","-7.02514982223511","82","35.437","18.891","0","1.41537874583406","0.513540524967829","20.01285324",
"8/12/1992","-63.4375","-7.02514982223511","82","37.213","20.647","0","1.38457180273794","0.432007602568471","21.209566968",
"8/13/1992","-63.4375","-7.02514982223511","82","39.554","21.793","0","1.22682523873645","0.388223935270343","18.52863471",
"8/14/1992","-63.4375","-7.02514982223511","82","35.799","22.126","0.409412448","1.18590512146342","0.526613715339426","13.41906048",
"8/15/1992","-63.4375","-7.02514982223511","82","37.35","19.312","0.077247612","1.160232367715","0.621331242848472","13.7508786",
"8/16/1992","-63.4375","-7.02514982223511","82","36.832","18.737","0","1.1036771662647","0.596518850358974","15.472858392",
"8/17/1992","-63.4375","-7.02514982223511","82","36.619","22.393","0","1.20496642591731","0.552332901179913","12.33056232",
"8/18/1992","-63.4375","-7.02514982223511","82","35.409","25.012","0.0205993656","0.838466702719329","0.564372941376181","9.987472548",
"8/19/1992","-63.4375","-7.02514982223511","82","32.812","23.096","1.2162217464","1.43604243303725","0.632044721990628","12.83850198",
"8/20/1992","-63.4375","-7.02514982223511","82","30.052","22.614","6.5471666904","1.0463690027412","0.810277263925765","7.78033368",
"8/21/1992","-63.4375","-7.02514982223511","82","36.075","21.342","0","1.21479110113939","0.685884207639732","14.54135508",
"8/22/1992","-63.4375","-7.02514982223511","82","34.621","22.688","0.49953492","1.3104740442899","0.691083012352965","15.28565355",
"8/23/1992","-63.4375","-7.02514982223511","82","38.239","20.556","0","1.2620716625654","0.54586420913485","23.11369065",
"8/24/1992","-63.4375","-7.02514982223511","82","35.761","24.374","0.86517288","1.61061903321971","0.544952752622386","13.463444772",
"8/25/1992","-63.4375","-7.02514982223511","82","38.173","19.429","0","1.20660796967553","0.572494890218039","12.3450768",
"8/26/1992","-63.4375","-7.02514982223511","82","33.794","17.157","0","0.719042720860278","0.602282887373695","7.588068552",
"8/27/1992","-63.4375","-7.02514982223511","82","40.117","17.573","0","1.06912257211332","0.404446809150314","26.44998984",
"8/28/1992","-63.4375","-7.02514982223511","82","39.781","23.598","0","1.40485705399376","0.372686336490314","21.0034143",
"8/29/1992","-63.4375","-7.02514982223511","82","34.328","23.493","0.214576488","1.39679638907571","0.547239645467057","11.774862",
"8/30/1992","-63.4375","-7.02514982223511","82","37.979","20.925","0","1.49416425678073","0.490552877793706","21.32448444",
"8/31/1992","-63.4375","-7.02514982223511","82","37.068","23.645","0","1.29931677666808","0.516622482743614","16.004699712",
"9/1/1992","-63.4375","-7.02514982223511","82","38.359","22.346","0.3072737304","1.51278695653044","0.534054506206477","18.571041432",
"9/2/1992","-63.4375","-7.02514982223511","82","38.515","21.64","0.010299672","1.12454360083724","0.557237305103418","14.24317554",
"9/3/1992","-63.4375","-7.02514982223511","82","34.431","23.14","1.8590926464","1.41616780905874","0.693926042761296","10.08855486",
"9/4/1992","-63.4375","-7.02514982223511","82","36.869","23.46","5.49144882","1.55920347496073","0.707259994531436","23.955754392",
"9/5/1992","-63.4375","-7.02514982223511","82","36.166","21.977","5.38244064","1.26096436736712","0.765125066056422","19.09720764",
"9/6/1992","-63.4375","-7.02514982223511","82","32.152","22.152","0","1.97911332694492","0.669003360224547","14.323950432",
"9/7/1992","-63.4375","-7.02514982223511","82","37.964","20.942","0","1.44087793233805","0.531404214774947","17.717621832",
"9/8/1992","-63.4375","-7.02514982223511","82","33.878","20.803","0","1.50058217081227","0.532219711154888","11.49591906",
"9/9/1992","-63.4375","-7.02514982223511","82","37.787","22.385","0","1.30538990720915","0.462366106877167","22.15401156",
"9/10/1992","-63.4375","-7.02514982223511","82","37.412","22.231","0.795649968","1.10369890536681","0.541429959442714","14.21060436",
"9/11/1992","-63.4375","-7.02514982223511","82","38.943","21.463","0","1.23207788836695","0.477096027791136","16.646005008",
"9/12/1992","-63.4375","-7.02514982223511","82","35.076","23.299","0.1519204752","1.30213673790569","0.554107229588445","13.24625202",
"9/13/1992","-63.4375","-7.02514982223511","82","37.623","20.09","0.925254864","0.908900355593302","0.705185869285548","14.480491248",
"9/14/1992","-63.4375","-7.02514982223511","82","37.144","20.181","0.231743052","1.51768762453647","0.625127062269925","16.53721812",
"9/15/1992","-63.4375","-7.02514982223511","82","36.454","21.987","0.02059938","1.84084325067698","0.632227233582686","16.3429317",
"9/16/1992","-63.4375","-7.02514982223511","82","36.758","22.852","0.1544953608","1.58371430470623","0.648367767672253","13.89392244",
"9/17/1992","-63.4375","-7.02514982223511","82","38.543","18.619","0","1.37041116051032","0.548227574483049","27.698681808",
"9/18/1992","-63.4375","-7.02514982223511","82","42.012","20.151","0","1.27597439706345","0.454233060087226","25.068261168",
"9/19/1992","-63.4375","-7.02514982223511","82","37.573","25.047","0","1.59562573643071","0.420668460516282","25.646458752",
"9/20/1992","-63.4375","-7.02514982223511","82","33.759","21.588","7.3076238","1.50372025931378","0.666475333007114","25.79050998",
"9/21/1992","-63.4375","-7.02514982223511","82","38.242","22.01","0.6385801104","1.00371051690892","0.754641172529599","9.030772908",
"9/22/1992","-63.4375","-7.02514982223511","82","35.953","19.809","0","0.949120894181509","0.630700546089553","13.473001872",
"9/23/1992","-63.4375","-7.02514982223511","82","40.08","22.511","5.30777304","1.17755062119986","0.565638395365245","17.272628712",
"9/24/1992","-63.4375","-7.02514982223511","82","36.956","22.09","2.2195836","1.25001708534253","0.623157329667311","24.191553672",
"9/25/1992","-63.4375","-7.02514982223511","82","38.616","25.542","0.0343322856","0.870909487831193","0.531417985292726","15.9747714",
"9/26/1992","-63.4375","-7.02514982223511","82","39.457","23.837","0","1.38638360158197","0.497143437844369","16.41397716",
"9/27/1992","-63.4375","-7.02514982223511","82","36.605","24.101","1.8874163808","1.37360952584607","0.576938219304709","16.085530872",
"9/28/1992","-63.4375","-7.02514982223511","82","26.784","20.388","0.9784699488","1.80611028125828","0.796051625850115","3.744616662",
"9/29/1992","-63.4375","-7.02514982223511","82","37.863","20.272","0.7656097392","0.836896195267945","0.645290776597165","17.665142832",
"9/30/1992","-63.4375","-7.02514982223511","82","29.202","20.832","0.932980068","1.26330303996772","0.802165030086702","12.17970504",
"10/1/1992","-63.4375","-7.02514982223511","82","37.212","20.248","0","1.1713018591498","0.597946496514214","19.19807496",
"10/2/1992","-63.4375","-7.02514982223511","82","39.985","19.278","0","1.39029270354897","0.49471462190934","21.58768548",
"10/3/1992","-63.4375","-7.02514982223511","82","37.616","22.82","0.0034332264","1.09902547710093","0.532227908886313","14.432229",
"10/4/1992","-63.4375","-7.02514982223511","82","38.205","19.77","0.66776274","0.824913784839886","0.598389752447804","16.48316376",
"10/5/1992","-63.4375","-7.02514982223511","82","38.122","21.549","1.62391716","0.967960313422868","0.638636381868873","17.9204652",
"10/6/1992","-63.4375","-7.02514982223511","82","35.309","20.567","2.77147404","1.3548172071765","0.789384102516206","19.83993912",
"10/7/1992","-63.4375","-7.02514982223511","82","34.257","19.273","0.2875329864","1.50241030533209","0.657632307400796","21.589992",
"10/8/1992","-63.4375","-7.02514982223511","82","36.201","19.922","0.336456468","1.16525011669488","0.553910578531081","19.1315808",
"10/9/1992","-63.4375","-7.02514982223511","82","40.433","23.079","0.0926969904","1.65593126294816","0.460971364997526","27.35185212",
"10/10/1992","-63.4375","-7.02514982223511","82","36.299","23.697","0.756168228","0.958898720690039","0.561608525816272","22.3403022",
"10/11/1992","-63.4375","-7.02514982223511","82","31.732","23.095","2.8633158","1.1539096212338","0.731355390667086","8.70243948",
"10/12/1992","-63.4375","-7.02514982223511","82","39.137","21.902","0.48236868","0.961733684867765","0.638115568173592","19.91919492",
"10/13/1992","-63.4375","-7.02514982223511","82","39.006","20.746","0.042915348","1.21378339361874","0.480819109168856","21.91876632",
"10/14/1992","-63.4375","-7.02514982223511","82","41.09","23.22","2.05478604","1.14946122504799","0.561618582824735","11.760859728",
"10/15/1992","-63.4375","-7.02514982223511","82","38.452","23.567","1.472855184","1.17795817761746","0.619794084801874","17.268750432",
"10/16/1992","-63.4375","-7.02514982223511","82","38.916","22.907","0.034332264","1.3683611076694","0.495948535915622","18.83941812",
"10/17/1992","-63.4375","-7.02514982223511","82","35.902","23.635","0","1.16179429609069","0.521105231186324","13.72393044",
"10/18/1992","-63.4375","-7.02514982223511","82","37.488","23.266","0.9218223864","1.19503313409344","0.503738788174189","14.4226116",
"10/19/1992","-63.4375","-7.02514982223511","82","37.039","21.647","0.307273896","1.33327646015295","0.493518809464614","19.59643944",
"10/20/1992","-63.4375","-7.02514982223511","82","38.532","22.338","0.93212136","1.43272480532796","0.507851789487919","17.84547936",
"10/21/1992","-63.4375","-7.02514982223511","82","40.827","25.25","0.17681148","1.03116888332875","0.556091995227097","17.74946178",
"10/22/1992","-63.4375","-7.02514982223511","82","33.049","24.933","6.059648988","1.43415657024248","0.674553132921016","26.94718476",
"10/23/1992","-63.4375","-7.02514982223511","82","39.013","23.836","0.5965232184","1.12446806747351","0.608925310486663","13.81910868",
"10/24/1992","-63.4375","-7.02514982223511","82","37.792","22.693","0.087547284","1.14347482337841","0.553151023542034","10.73255688",
"10/25/1992","-63.4375","-7.02514982223511","82","34.11","23.477","0.0308990664","0.834786577323897","0.617295200117658","6.08647374",
"10/26/1992","-63.4375","-7.02514982223511","82","37.97","21.216","0","1.20844490628975","0.543131446658352","17.1193554",
"10/27/1992","-63.4375","-7.02514982223511","82","37.566","23.916","0.0420570432","0.992756715711748","0.509507221162064","14.61060396",
"10/28/1992","-63.4375","-7.02514982223511","82","38.845","22.28","0","1.4878565936925","0.492734378192096","18.8265348",
"10/29/1992","-63.4375","-7.02514982223511","82","37.08","24.309","0.67806252","1.23077508056015","0.529663005900203","15.5745036",
"10/30/1992","-63.4375","-7.02514982223511","82","33.216","23.239","0.0034332264","1.4231394512273","0.594870774176635","8.48693952",
"10/31/1992","-63.4375","-7.02514982223511","82","30.996","23.303","6.554891592","1.2265016998942","0.790187465209634","9.782664372",
"11/1/1992","-63.4375","-7.02514982223511","82","37.142","22.738","0.4772185848","1.27802092527878","0.690060354577994","14.7734982",
"11/2/1992","-63.4375","-7.02514982223511","82","40.638","20.165","0","1.0289865471806","0.558134971051279","17.50196016",
"11/3/1992","-63.4375","-7.02514982223511","82","35.27","23.724","0","1.51874194786886","0.548670473266596","12.12176826",
"11/4/1992","-63.4375","-7.02514982223511","82","38.08","22.334","1.112365512","1.37839695378709","0.601578144733181","14.97459258",
"11/5/1992","-63.4375","-7.02514982223511","82","25.29","21.543","9.6439409928","1.43267786444506","0.888938644583091","3.50898786",
"11/6/1992","-63.4375","-7.02514982223511","82","32.696","21.32","0.913239","1.56492912294406","0.635904406893119","16.79276466",
"11/7/1992","-63.4375","-7.02514982223511","82","36.654","20.617","0.250625628","1.17549280250989","0.559918387716253","19.40084424",
"11/8/1992","-63.4375","-7.02514982223511","82","32.678","21.18","8.186535396","0.971772587512201","0.82133306959109","25.79005836",
"11/9/1992","-63.4375","-7.02514982223511","82","35.052","23.279","0.58364892","1.24172071183404","0.654407156922934","14.81906466",
"11/10/1992","-63.4375","-7.02514982223511","82","30.947","21.252","2.82211452","1.53710844123876","0.720024383945464","26.91707688",
"11/11/1992","-63.4375","-7.02514982223511","82","38.033","18.499","0","0.84708449295768","0.629269255422518","17.88445944",
"11/12/1992","-63.4375","-7.02514982223511","82","38.897","23.863","0.23345928","0.821840074058595","0.550540135856936","16.25102514",
"11/13/1992","-63.4375","-7.02514982223511","82","35.769","24.452","0.31585716","1.07497486371525","0.509679793303547","18.306448668",
"11/14/1992","-63.4375","-7.02514982223511","82","32.256","21.486","9.5752713168","1.15654957677308","0.83537832723869","24.987942",
"11/15/1992","-63.4375","-7.02514982223511","82","32.273","22.734","10.701370692","1.00226282778064","0.884219627631759","19.1454759",
"11/16/1992","-63.4375","-7.02514982223511","82","24.962","22.623","24.4857791592","0.862374538862147","0.968611092880425","2.53575324",
"11/17/1992","-63.4375","-7.02514982223511","82","32.531","22.17","1.881408132","1.08867366033916","0.790824091440154","13.3485705",
"11/18/1992","-63.4375","-7.02514982223511","82","25.844","20.369","12.886614432","1.08623708738224","0.926411262526281","5.282887788",
"11/19/1992","-63.4375","-7.02514982223511","82","38.201","20.709","0","0.839725364405385","0.620858632030379","18.54072882",
"11/20/1992","-63.4375","-7.02514982223511","82","35.19","23.036","0","0.96764691770613","0.592224598741676","15.72816834",
"11/21/1992","-63.4375","-7.02514982223511","82","36.162","20.837","0","1.22728625349193","0.55366010361331","17.88867954",
"11/22/1992","-63.4375","-7.02514982223511","82","31.07","23.076","1.2994766928","1.2025717805951","0.698318384112444","6.49850868",
"11/23/1992","-63.4375","-7.02514982223511","82","38.437","19.384","0","1.03638766085958","0.583412884539422","21.1434228",
"11/24/1992","-63.4375","-7.02514982223511","82","39.735","22.653","1.92260772","1.13512199326434","0.627986046134212","16.86031812",
"11/25/1992","-63.4375","-7.02514982223511","82","37.091","20.867","1.10206728","1.05746591020277","0.621929609316856","17.61271632",
"11/26/1992","-63.4375","-7.02514982223511","82","36.752","23.189","0.250625448","1.53412178419215","0.62455343993881","18.75667536",
"11/27/1992","-63.4375","-7.02514982223511","82","31.22","22.619","2.691649512","1.29564090358802","0.725526702192063","14.85444078",
"11/28/1992","-63.4375","-7.02514982223511","82","34.997","22.469","6.13517976","0.697310458065608","0.768434634679196","14.1297759",
"11/29/1992","-63.4375","-7.02514982223511","82","38.878","19.358","0","0.661636656648704","0.597833101581617","17.66852316",
"11/30/1992","-63.4375","-7.02514982223511","82","36.013","23.362","0","1.15207950893916","0.586341978990305","20.7084384",
"12/1/1992","-63.4375","-7.02514982223511","82","35.277","21.479","0","1.15226874485454","0.58064113442661","17.00251704",
"12/2/1992","-63.4375","-7.02514982223511","82","27.97","21.51","13.192173648","1.3708378687666","0.844870609670623","21.66069312",
"12/3/1992","-63.4375","-7.02514982223511","82","31.086","21.739","6.7668920064","1.09263685735264","0.842529060486341","14.9367951",
"12/4/1992","-63.4375","-7.02514982223511","82","27.275","22.298","2.530288584","0.782787910922197","0.915758774615105","7.01403642",
"12/5/1992","-63.4375","-7.02514982223511","82","32.599","21.795","8.044052256","0.908113976102359","0.857545926615968","15.06549114",
"12/6/1992","-63.4375","-7.02514982223511","82","30.984","20.519","2.047919976","0.646692324446223","0.899177608709281","12.94997418",
"12/7/1992","-63.4375","-7.02514982223511","82","29.84","21.066","0.7123949928","0.955025318069938","0.811452543134818","11.14908552",
"12/8/1992","-63.4375","-7.02514982223511","82","32.056","21.248","2.6538838128","0.714588055860659","0.834967757915694","20.3720589",
"12/9/1992","-63.4375","-7.02514982223511","82","30.403","21.713","8.55731988","1.31054528963258","0.8366138695075","10.8663183",
"12/10/1992","-63.4375","-7.02514982223511","82","34.263","21.801","5.5892979","1.06499325290461","0.839911764423805","16.70630274",
"12/11/1992","-63.4375","-7.02514982223511","82","26.293","22.993","12.919232484","1.00948526865105","0.927286161364291","4.34581704",
"12/12/1992","-63.4375","-7.02514982223511","82","26.973","22.65","2.6847836064","0.614436948167956","0.92734869004441","5.29981866",
"12/13/1992","-63.4375","-7.02514982223511","82","33.345","20.368","12.51583596","1.18804867404119","0.797265797595836","23.12859258",
"12/14/1992","-63.4375","-7.02514982223511","82","28.839","21.684","6.0321810096","1.08230878627061","0.889634387689247","11.7890442",
"12/15/1992","-63.4375","-7.02514982223511","82","24.329","22.085","6.387521796","0.930186881812232","0.970390926572206","2.8082214",
"12/16/1992","-63.4375","-7.02514982223511","82","27.34","21.172","4.789357272","1.09759569171024","0.933654651815513","9.6831009",
"12/17/1992","-63.4375","-7.02514982223511","82","32.669","21.639","1.476287748","0.757494184945203","0.847563696011357","17.52839838",
"12/18/1992","-63.4375","-7.02514982223511","82","32.904","20.849","0","1.25046926376761","0.737926853742589","17.6437143",
"12/19/1992","-63.4375","-7.02514982223511","82","32.917","20.855","11.13739128","1.04098421156182","0.849863071785106","25.98328908",
"12/20/1992","-63.4375","-7.02514982223511","82","26.085","21.758","41.095711728","0.754321244852405","0.959084454868732","5.79054294",
"12/21/1992","-63.4375","-7.02514982223511","82","27.275","20.707","1.0625840424","0.747942362171189","0.921003375690465","4.76612694",
"12/22/1992","-63.4375","-7.02514982223511","82","36.73","20.763","0.048065184","1.10329688526967","0.67425162041899","18.7842375",
"12/23/1992","-63.4375","-7.02514982223511","82","30.117","22.975","8.0028577224","0.86883002903266","0.888610433886854","17.19444222",
"12/24/1992","-63.4375","-7.02514982223511","82","30.681","22.968","18.5394311064","0.602124937699486","0.920969617354641","21.7388844",
"12/25/1992","-63.4375","-7.02514982223511","82","28.317","23.21","18.618391224","0.874504480116137","0.925614714134867","10.3445991",
"12/26/1992","-63.4375","-7.02514982223511","82","32.215","23.064","55.08096264","1.24581836453679","0.881403692300685","22.2866991",
"12/27/1992","-63.4375","-7.02514982223511","82","31.562","21.857","8.23288716","0.887816196471459","0.832193109318119","26.80008858",
"12/28/1992","-63.4375","-7.02514982223511","82","28.005","22.945","16.71637932","1.28745725246023","0.92898288518622","23.36675958",
"12/29/1992","-63.4375","-7.02514982223511","82","33.53","21.936","2.6744855184","0.668894624781375","0.832290384150914","16.44834762",
"12/30/1992","-63.4375","-7.02514982223511","82","30.67","22.388","3.36284748","1.4158109260641","0.812461527851604","17.63292204",
"12/31/1992","-63.4375","-7.02514982223511","82","26.113","22.844","4.6966537584","1.65722283156993","0.940643272902324","8.679881268",
"1/1/1993","-63.4375","-7.02514982223511","82","26.689","21.52","5.6888540064","1.47807857217141","0.914226177765841","10.53630594",
"1/2/1993","-63.4375","-7.02514982223511","82","30.505","21.285","4.809949236","1.47077432699771","0.859501591542887","25.73527608",
"1/3/1993","-63.4375","-7.02514982223511","82","34.331","19.688","11.185452684","1.01434814312178","0.802465350716769","21.144487032",
"1/4/1993","-63.4375","-7.02514982223511","82","31.677","21.775","14.0144369328","0.824956982245371","0.895605686759574","14.97189312",
"1/5/1993","-63.4375","-7.02514982223511","82","33.044","21.509","8.7203957256","0.858102712916263","0.877110776877909","21.5047152",
"1/6/1993","-63.4375","-7.02514982223511","82","35.285","23.403","16.8159548448","0.979901131081018","0.810329569544378","11.48124402",
"1/7/1993","-63.4375","-7.02514982223511","82","31.813","22.596","27.19801512","0.960030621209443","0.871643322702356","13.530603132",
"1/8/1993","-63.4375","-7.02514982223511","82","32.068","22.816","4.487229432","0.919576866724889","0.894502646259047","16.384666392",
"1/9/1993","-63.4375","-7.02514982223511","82","29.055","21.879","5.31463536","1.06469916224554","0.856777018529896","14.175730152",
"1/10/1993","-63.4375","-7.02514982223511","82","35.944","20.297","4.1215895064","1.02876904916734","0.710857454921409","19.28452266",
"1/11/1993","-63.4375","-7.02514982223511","82","23.454","21.852","73.481374944","0.927007056835199","0.978182798667935","1.948725288",
"1/12/1993","-63.4375","-7.02514982223511","82","28.82","21.431","5.21506746","0.836988747142988","0.906796972113669","13.92384438",
"1/13/1993","-63.4375","-7.02514982223511","82","26.608","21.77","3.89671236","1.12572602224083","0.897393319125071","11.15611866",
"1/14/1993","-63.4375","-7.02514982223511","82","29.352","20.545","2.2384653192","0.911561729521904","0.847894998586387","11.8789326",
"1/15/1993","-63.4375","-7.02514982223511","82","29.156","21.817","7.051848228","0.746554592958417","0.92288883465654","16.729305408",
"1/16/1993","-63.4375","-7.02514982223511","82","26.309","22.761","12.9432725928","0.828037295110764","0.958387889043953","14.931565848",
"1/17/1993","-63.4375","-7.02514982223511","82","30.116","22.046","7.0518465432","0.605481630215863","0.91033814428221","21.85435854",
"1/18/1993","-63.4375","-7.02514982223511","82","29.708","22.244","13.908008772","1.00203018179158","0.923349820976131","24.962853672",
"1/19/1993","-63.4375","-7.02514982223511","82","29.846","21.745","4.9987773864","0.583527619973651","0.93785402561919","12.60309501",
"1/20/1993","-63.4375","-7.02514982223511","82","35.178","21.812","8.28094716","0.881028691113899","0.806080974698819","15.912899712",
"1/21/1993","-63.4375","-7.02514982223511","82","30.443","22.301","26.7688719","0.800211502973116","0.90446336361295","16.54391475",
"1/22/1993","-63.4375","-7.02514982223511","82","33.619","22.771","19.0441035792","0.684738000459681","0.904999239330681","19.67546682",
"1/23/1993","-63.4375","-7.02514982223511","82","26.683","22.921","50.1954652368","1.01890430729632","0.944110894304013","9.455401512",
"1/24/1993","-63.4375","-7.02514982223511","82","29","22.164","0.7312775328","0.938575195920374","0.887902946317789","9.3692268",
"1/25/1993","-63.4375","-7.02514982223511","82","30.094","19.694","3.788569512","1.20694227357219","0.872002437679216","19.4631156",
"1/26/1993","-63.4375","-7.02514982223511","82","30.071","22.653","2.2848128352","1.62919412630967","0.846432201912509","22.1807844",
"1/27/1993","-63.4375","-7.02514982223511","82","30.926","21.41","2.5405882992","1.23560871817992","0.864960199554636","20.15983512",
"1/28/1993","-63.4375","-7.02514982223511","82","30.882","21.91","0.336456","1.26903860138265","0.785771627637747","18.42160464",
"1/29/1993","-63.4375","-7.02514982223511","82","34.343","20.871","1.342391832","0.898921730647936","0.74899392547856","14.86259982",
"1/30/1993","-63.4375","-7.02514982223511","82","31.362","21.94","2.145767292","1.47527885716059","0.84227666287225","19.964979",
"1/31/1993","-63.4375","-7.02514982223511","82","25.569","22.683","3.60832536","0.6475339430491","0.965370356268901","3.22717482",
"2/1/1993","-63.4375","-7.02514982223511","82","29.975","20.237","3.2916048984","1.29662333059348","0.860378242725647","24.9132888",
"2/2/1993","-63.4375","-7.02514982223511","82","34.386","21.392","0.8711802","1.37364969536893","0.737322803514388","25.825838688",
"2/3/1993","-63.4375","-7.02514982223511","82","31.086","20.419","15.8743829088","0.737798179209673","0.881493057036719","24.62242626",
"2/4/1993","-63.4375","-7.02514982223511","82","31.074","22.346","13.10462532","0.831670440802334","0.899312926342716","22.469007168",
"2/5/1993","-63.4375","-7.02514982223511","82","25.921","22.326","25.508025792","1.04289515598098","0.963987795296682","8.7409134",
"2/6/1993","-63.4375","-7.02514982223511","82","30.443","21.631","3.586003524","0.829750969674292","0.91688399592541","12.29411592",
"2/7/1993","-63.4375","-7.02514982223511","82","30.391","20.455","5.4305068104","1.19822326958692","0.903457617655861","24.767096472",
"2/8/1993","-63.4375","-7.02514982223511","82","31.807","22.974","9.0791698392","0.864968093542499","0.915285759688927","16.558878618",
"2/9/1993","-63.4375","-7.02514982223511","82","24.278","22.791","66.26986812","0.732756202856603","0.974531941539158","2.199881538",
"2/10/1993","-63.4375","-7.02514982223511","82","25.106","22.383","123.2117064","1.16811426994928","0.976814726839635","5.239239768",
"2/11/1993","-63.4375","-7.02514982223511","82","25.977","21.96","1.62048384","0.852525373022686","0.938997418868369","5.861817",
"2/12/1993","-63.4375","-7.02514982223511","82","27.517","21.455","1.8917092512","0.82412512237142","0.93122096838591","7.365992832",
"2/13/1993","-63.4375","-7.02514982223511","82","29.469","21.708","1.602459504","1.28908996781656","0.850827864973409","22.8692259",
"2/14/1993","-63.4375","-7.02514982223511","82","32.632","21.635","10.9193808528","1.16131017106655","0.805506108416011","24.79179222",
"2/15/1993","-63.4375","-7.02514982223511","82","24.867","22.128","23.47641036","0.846755814424001","0.973029275846345","4.44447792",
"2/16/1993","-63.4375","-7.02514982223511","82","30.978","21.559","3.1963311864","1.40387138860149","0.861434475210864","21.650230008",
"2/17/1993","-63.4375","-7.02514982223511","82","29.53","22.262","1.1827468584","1.05320605929453","0.853768973309483","16.808515272",
"2/18/1993","-63.4375","-7.02514982223511","82","28.973","21.656","0","0.827336756800424","0.834360458261347","10.566614088",
"2/19/1993","-63.4375","-7.02514982223511","82","31.321","21.109","8.60366862","0.918779929489717","0.828275037169437","28.3680567",
"2/20/1993","-63.4375","-7.02514982223511","82","27.474","22.166","48.638529108","0.977543178704294","0.952056174341034","15.067572732",
"2/21/1993","-63.4375","-7.02514982223511","82","31.35","20.229","54.600293232","0.858185610139362","0.869051595910523","17.75604438",
"2/22/1993","-63.4375","-7.02514982223511","82","30.501","20.566","7.3762869384","0.758461214239302","0.874581416082662","23.314951332",
"2/23/1993","-63.4375","-7.02514982223511","82","27.654","22.17","22.1065542144","1.0085226202316","0.961831493186812","13.245180732",
"2/24/1993","-63.4375","-7.02514982223511","82","29.447","21.491","1.3063426704","0.871563138118265","0.895731830454356","17.6908455",
"2/25/1993","-63.4375","-7.02514982223511","82","32.868","21.153","9.2662822944","0.832859156408025","0.878483650793675","22.967881128",
"2/26/1993","-63.4375","-7.02514982223511","82","29.31","21.011","14.54143878","0.756642598062488","0.936310433303249","25.56668772",
"2/27/1993","-63.4375","-7.02514982223511","82","33.018","21.538","13.377568428","1.07156400488911","0.876804580387023","20.71057464",
"2/28/1993","-63.4375","-7.02514982223511","82","31.501","22.882","9.566683956","0.813890770092719","0.912457087604315","18.0266544",
"3/1/1993","-63.4375","-7.02514982223511","82","26.812","21.469","0.8068083624","1.16723121784692","0.894670295231191","12.6254853",
"3/2/1993","-63.4375","-7.02514982223511","82","30.541","19.777","7.5316456512","0.856941334626147","0.895199917713416","15.8836482",
"3/3/1993","-63.4375","-7.02514982223511","82","24.049","22.159","4.85200512","0.790189855747574","0.968392059825939","3.125137482",
"3/4/1993","-63.4375","-7.02514982223511","82","26.719","21.221","3.9997108224","0.919530328216763","0.943816598970925","12.873370302",
"3/5/1993","-63.4375","-7.02514982223511","82","26.421","19.743","24.583632048","1.49994864943491","0.888320486600549","15.67164807",
"3/6/1993","-63.4375","-7.02514982223511","82","30.98","19.578","4.3962481944","0.865150338679125","0.884520695249375","17.567828928",
"3/7/1993","-63.4375","-7.02514982223511","82","27.135","22.476","9.9297535608","0.822911160714626","0.957603702206308","18.3323304",
"3/8/1993","-63.4375","-7.02514982223511","82","26.875","20.823","12.728693916","1.03309380431219","0.962748656064916","19.1918799",
"3/9/1993","-63.4375","-7.02514982223511","82","29.068","21.142","6.92395884","1.0980765357933","0.905697174170326","25.91341344",
"3/10/1993","-63.4375","-7.02514982223511","82","27.797","21.208","11.6094636","0.692250396564121","0.943196971450392","18.622629648",
"3/11/1993","-63.4375","-7.02514982223511","82","32.09","22.441","8.831982276","0.947587609735651","0.865993871720965","18.846905328",
"3/12/1993","-63.4375","-7.02514982223511","82","27.102","22.789","14.369773896","0.658682807612773","0.962024954233506","15.997782132",
"3/13/1993","-63.4375","-7.02514982223511","82","31.54","21.583","18.5188289328","0.863006456647666","0.914732513468479","20.633003064",
"3/14/1993","-63.4375","-7.02514982223511","82","29.17","22.895","15.3027506592","0.777556971490889","0.926061303139468","24.1707915",
"3/15/1993","-63.4375","-7.02514982223511","82","30.584","22.74","14.2496095464","0.769115614753528","0.921537312757749","21.115291608",
"3/16/1993","-63.4375","-7.02514982223511","82","24.582","21.815","89.13176748","0.719921681056678","0.978610926449994","5.32378224",
"3/17/1993","-63.4375","-7.02514982223511","82","26.424","21.444","3.031540668","0.857924448020617","0.943333315457112","11.31862599",
"3/18/1993","-63.4375","-7.02514982223511","82","27.944","20.728","1.215362196","1.17267554602948","0.889069058898766","15.675352632",
"3/19/1993","-63.4375","-7.02514982223511","82","28.957","18.92","0.0102996792","1.21268411358935","0.823208777068379","17.14618134",
"3/20/1993","-63.4375","-7.02514982223511","82","28.349","21.762","2.6041035384","1.13364604284369","0.889706050730428","19.6391277",
"3/21/1993","-63.4375","-7.02514982223511","82","29.445","21.944","7.3728532008","0.922850066868597","0.920713903611403","21.5528634",
"3/22/1993","-63.4375","-7.02514982223511","82","31.409","22.69","29.74205808","1.223992708005","0.931653770573283","14.0427594",
"3/23/1993","-63.4375","-7.02514982223511","82","27.181","23.032","29.874237696","1.05578994998051","0.964479425874541","18.2262933",
"3/24/1993","-63.4375","-7.02514982223511","82","31.195","22.594","9.4774244184","0.833045900974351","0.918312259135721","15.767207982",
"3/25/1993","-63.4375","-7.02514982223511","82","29.488","22.29","6.499099296","0.735716842262385","0.931380220840288","13.856064768",
"3/26/1993","-63.4375","-7.02514982223511","82","24.457","20.492","23.64635448","0.838123149975583","0.975676149075233","5.356961118",
"3/27/1993","-63.4375","-7.02514982223511","82","29.592","20.813","7.5994474608","0.754509709334459","0.901185533170516","11.5414335",
"3/28/1993","-63.4375","-7.02514982223511","82","25.673","21.506","15.207480864","0.720251488486654","0.967627088023821","7.43062644",
"3/29/1993","-63.4375","-7.02514982223511","82","25.484","20.985","14.3508891024","0.728863881844196","0.972459912090744","10.70335584",
"3/30/1993","-63.4375","-7.02514982223511","82","26.812","20.289","35.6283551448","0.610983908983748","0.94960538678855","7.78005585",
"3/31/1993","-63.4375","-7.02514982223511","82","27.471","20.335","8.356472784","0.72019348384167","0.948015572455405","23.050180008",
"4/1/1993","-63.4375","-7.02514982223511","82","30.984","22.584","7.2853088544","1.02683782598428","0.860336369791105","14.835825792",
"4/2/1993","-63.4375","-7.02514982223511","82","30.415","22.487","14.498526276","0.796958666592246","0.915679619300684","22.896852192",
"4/3/1993","-63.4375","-7.02514982223511","82","25.122","21.416","5.71289184","0.683225852595946","0.975857524512308","3.470568408",
"4/4/1993","-63.4375","-7.02514982223511","82","28.043","21.689","0.4900932864","0.817930327865271","0.886048777042828","9.295089732",
"4/5/1993","-63.4375","-7.02514982223511","82","30.862","22.098","7.9410580776","0.981979948246072","0.910843058869308","23.601825",
"4/6/1993","-63.4375","-7.02514982223511","82","27.265","20.691","74.195429076","0.919823214529506","0.952414902744242","9.53786232",
"4/7/1993","-63.4375","-7.02514982223511","82","26.546","21.792","8.5470204096","1.01390349182768","0.940830849985665","9.7972884",
"4/8/1993","-63.4375","-7.02514982223511","82","30.169","22.309","9.5735561328","1.03284792420526","0.929806657760922","24.14576574",
"4/9/1993","-63.4375","-7.02514982223511","82","29.876","23.36","6.593513796","1.1960971366422","0.902720166945291","14.740987212",
"4/10/1993","-63.4375","-7.02514982223511","82","30.915","22.626","8.2191505464","0.988045949432449","0.911720515228505","16.076029968",
"4/11/1993","-63.4375","-7.02514982223511","82","26.511","23.096","138.690354384","0.82447016746958","0.965173222539842","11.2040955",
"4/12/1993","-63.4375","-7.02514982223511","82","29.444","23.066","8.8800408144","1.03044560637951","0.91778617617079","20.18688948",
"4/13/1993","-63.4375","-7.02514982223511","82","31.34","23.069","10.5108219864","0.949367207652021","0.89912215591917","16.17221574",
"4/14/1993","-63.4375","-7.02514982223511","82","28.889","21.429","6.907653108","0.668944069477347","0.933475487082953","20.84456322",
"4/15/1993","-63.4375","-7.02514982223511","82","28.52","22.781","9.44137404","0.943614049181943","0.9328609512742","23.21786142",
"4/16/1993","-63.4375","-7.02514982223511","82","27.997","20.779","8.572767372","0.903001034679182","0.942709339587588","23.36861268",
"4/17/1993","-63.4375","-7.02514982223511","82","31.537","19.768","4.238320536","1.12846140186401","0.847662941336991","21.3030513",
"4/18/1993","-63.4375","-7.02514982223511","82","28.942","20.518","9.959793948","0.810542361192488","0.941919341297227","12.87781614",
"4/19/1993","-63.4375","-7.02514982223511","82","31.289","20.081","9.810449136","0.896369290059042","0.897373777919612","15.42612294",
"4/20/1993","-63.4375","-7.02514982223511","82","27.718","22.002","19.32564528","0.853063789100767","0.95124367387975","19.19936286",
"4/21/1993","-63.4375","-7.02514982223511","82","27.885","22.367","8.67233088","0.544065715846725","0.949621035542206","8.211208338",
"4/22/1993","-63.4375","-7.02514982223511","82","24.533","21.496","5.719763232","0.806386995026525","0.977671785063644","2.689593912",
"4/23/1993","-63.4375","-7.02514982223511","82","29.842","21.064","5.795287488","0.879602386701582","0.930582910490968","18.241036272",
"4/24/1993","-63.4375","-7.02514982223511","82","27.826","20.274","11.379434472","0.526543278507514","0.950220704816412","17.01995832",
"4/25/1993","-63.4375","-7.02514982223511","82","32.16","22.126","2.7053824248","0.76580128795981","0.927538199148051","14.798195568",
"4/26/1993","-63.4375","-7.02514982223511","82","30.804","23.15","7.108497144","0.878563167982729","0.924698792270855","12.4207299",
"4/27/1993","-63.4375","-7.02514982223511","82","26.908","22.121","19.213194564","0.983778541883476","0.96612708521209","19.204085232",
"4/28/1993","-63.4375","-7.02514982223511","82","28.402","22.715","4.7121066144","0.74439719877406","0.929669442365957","11.7274509",
"4/29/1993","-63.4375","-7.02514982223511","82","31.261","21.309","4.1061433464","1.20549012313921","0.896721548390285","20.1011535",
"4/30/1993","-63.4375","-7.02514982223511","82","26.015","22.667","12.5638926192","1.05506464002129","0.96832844465668","12.44480814",
"5/1/1993","-63.4375","-7.02514982223511","82","28.878","21.393","9.06715566","0.738602679610235","0.93707203512378","19.87605846",
"5/2/1993","-63.4375","-7.02514982223511","82","25.997","22.381","7.89642594","0.874960709728109","0.964007572476818","10.7460027",
"5/3/1993","-63.4375","-7.02514982223511","82","26.528","21.65","3.828049632","0.518144423224006","0.969389233246997","6.962565492",
"5/4/1993","-63.4375","-7.02514982223511","82","26.75","22.664","3.917313108","0.896165273910487","0.946721741167286","11.851876368",
"5/5/1993","-63.4375","-7.02514982223511","82","24.897","21.235","20.9667253104","1.09150701108401","0.963388227194386","5.925490362",
"5/6/1993","-63.4375","-7.02514982223511","82","29.304","21.163","0.1682281656","1.01948458169513","0.874124860045982","14.75049276",
"5/7/1993","-63.4375","-7.02514982223511","82","34.126","21.21","2.42042544","1.21744412015363","0.819224188256532","21.72037878",
"5/8/1993","-63.4375","-7.02514982223511","82","31.364","22.431","2.6504536464","1.33778536609963","0.853585725697013","23.3696277",
"5/9/1993","-63.4375","-7.02514982223511","82","33.773","21.176","0","1.17664320795575","0.751179031525939","24.44320818",
"5/10/1993","-63.4375","-7.02514982223511","82","35.805","19.491","0","0.834767477610904","0.713524463000914","24.1425009",
"5/11/1993","-63.4375","-7.02514982223511","82","34.503","22.434","1.01623536","1.24319679681199","0.737049702273746","23.11081812",
"5/12/1993","-63.4375","-7.02514982223511","82","31.273","20.971","2.839279212","0.927856440774063","0.877289065306936","23.64248898",
"5/13/1993","-63.4375","-7.02514982223511","82","32.887","22.9","6.4682032104","1.11711506649493","0.853845186149387","21.458580552",
"5/14/1993","-63.4375","-7.02514982223511","82","34.929","21.489","3.059006904","0.799960560578801","0.800808455602415","18.30639852",
"5/15/1993","-63.4375","-7.02514982223511","82","25.242","20.445","10.52627004","1.66814667131711","0.959902088272334","8.39885598",
"5/16/1993","-63.4375","-7.02514982223511","82","30.112","18.279","0.0171661464","1.52999356638995","0.778491093779844","23.4981522",
"5/17/1993","-63.4375","-7.02514982223511","82","31.212","20.985","0.95100408","1.3118864693109","0.800502143038348","19.7403759",
"5/18/1993","-63.4375","-7.02514982223511","82","30.839","20.402","4.209138504","1.24450502250874","0.866062746324899","23.25481074",
"5/19/1993","-63.4375","-7.02514982223511","82","29.824","21.156","8.7650316","0.973870444123627","0.911262471713671","16.354012032",
"5/20/1993","-63.4375","-7.02514982223511","82","30.647","22.689","4.64859036","0.897563016968421","0.866560176567452","16.488278928",
"5/21/1993","-63.4375","-7.02514982223511","82","33.903","20.261","8.6002362","0.8554784346129","0.830994347969844","16.5623589",
"5/22/1993","-63.4375","-7.02514982223511","82","29.145","19.431","6.68278512","0.76819151277003","0.920478212215163","22.20524964",
"5/23/1993","-63.4375","-7.02514982223511","82","28.784","21.42","3.838350564","1.137933856017","0.894937370260299","22.19782482",
"5/24/1993","-63.4375","-7.02514982223511","82","30.142","21.478","0.041198724","1.37153246456531","0.834272591955795","17.20400472",
"5/25/1993","-63.4375","-7.02514982223511","82","31.845","21.31","3.6117578664","1.30959453829194","0.843118365507616","20.42358768",
"5/26/1993","-63.4375","-7.02514982223511","82","31.485","20.655","8.6277042","1.16301396143344","0.856157836294789","21.61749078",
"5/27/1993","-63.4375","-7.02514982223511","82","30.614","19.075","0.2677914","1.74550244833665","0.764176181477878","22.7323683",
"5/28/1993","-63.4375","-7.02514982223511","82","29.595","20.623","0","1.54271102464597","0.710384804018603","21.34541538",
"5/29/1993","-63.4375","-7.02514982223511","82","33.481","18.372","0.0686646","0.91625776010336","0.755966707111821","18.06907356",
"5/30/1993","-63.4375","-7.02514982223511","82","32.176","18.759","0.44631972","0.669796554473313","0.848339732250473","15.10070508",
"5/31/1993","-63.4375","-7.02514982223511","82","34.779","18.279","0.0102996792","1.01298819733617","0.766855520844003","14.29835814",
"6/1/1993","-63.4375","-7.02514982223511","82","32.673","18.934","2.262495888","1.19505843570795","0.802787075384929","21.122433",
"6/2/1993","-63.4375","-7.02514982223511","82","31.899","19.636","2.87361054","1.05526040740311","0.859260381234579","21.32696286",
"6/3/1993","-63.4375","-7.02514982223511","82","31.888","19.799","2.79636084","0.913272500889014","0.872813666857728","22.37900616",
"6/4/1993","-63.4375","-7.02514982223511","82","31.017","19.225","3.077889012","0.830944824407402","0.861203288986383","22.4194509",
"6/5/1993","-63.4375","-7.02514982223511","82","33.42","21.266","1.9071558","1.43531376445824","0.807333493950374","21.20276358",
"6/6/1993","-63.4375","-7.02514982223511","82","31.112","19.327","4.23145296","0.868161736844785","0.876313785226924","21.0552786",
"6/7/1993","-63.4375","-7.02514982223511","82","34.45","18.951","2.020453632","0.801662168667122","0.840550458787456","15.3767232",
"6/8/1993","-63.4375","-7.02514982223511","82","34.025","20.382","6.17809824","1.15524405776262","0.811861982726399","17.8092018",
"6/9/1993","-63.4375","-7.02514982223511","82","30.881","21.131","2.15263296","1.1791208300026","0.830721415567619","22.20164928",
"6/10/1993","-63.4375","-7.02514982223511","82","34.259","21.032","0","1.37540106474952","0.685849971990638","20.023821",
"6/11/1993","-63.4375","-7.02514982223511","82","33.89","21.114","0","1.6745782254512","0.659062944683673","20.65348422",
"6/12/1993","-63.4375","-7.02514982223511","82","33.107","23.252","0","1.67644450791258","0.607585513520164","19.31411862",
"6/13/1993","-63.4375","-7.02514982223511","82","30.552","19.089","0","0.868740772295782","0.735083162496426","12.833613",
"6/14/1993","-63.4375","-7.02514982223511","82","31.392","20.161","4.667472648","1.17583913818008","0.858919411787517","21.1770639",
"6/15/1993","-63.4375","-7.02514982223511","82","31.747","22.064","4.59880524","1.24744758281248","0.872885460688183","21.54593934",
"6/16/1993","-63.4375","-7.02514982223511","82","33.844","19.392","4.2039852264","1.11708272742126","0.734020695842753","16.782129",
"6/17/1993","-63.4375","-7.02514982223511","82","33.875","20.168","0","1.19218639263828","0.610409594769537","18.7232013",
"6/18/1993","-63.4375","-7.02514982223511","82","34.228","19.736","0","1.46699442469879","0.566275531470396","22.09331268",
"6/19/1993","-63.4375","-7.02514982223511","82","32.819","21.399","0","1.45431116465536","0.597416727925224","17.72138952",
"6/20/1993","-63.4375","-7.02514982223511","82","33.33","17.868","0","1.25812002191244","0.61510748329599","20.54480652",
"6/21/1993","-63.4375","-7.02514982223511","82","34.393","19.083","0","1.02496041731984","0.680506637540512","18.4035942",
"6/22/1993","-63.4375","-7.02514982223511","82","30.765","21.607","3.800586744","1.17426883143487","0.768917451429116","21.79332882",
"6/23/1993","-63.4375","-7.02514982223511","82","28.561","22.636","4.4855136864","0.908894617635068","0.915145103142035","17.6024241",
"6/24/1993","-63.4375","-7.02514982223511","82","30.792","21.921","4.059788652","1.16881902018111","0.867949053424725","12.72363498",
"6/25/1993","-63.4375","-7.02514982223511","82","34.476","21.327","0","1.5683765302348","0.674255564710554","21.96736434",
"6/26/1993","-63.4375","-7.02514982223511","82","35.023","20.146","0","1.06224819676079","0.555899946183798","20.32065504",
"6/27/1993","-63.4375","-7.02514982223511","82","30.168","18.459","0.878906304","1.30723460747239","0.693094536428064","21.95785998",
"6/28/1993","-63.4375","-7.02514982223511","82","30.531","21.417","1.62219996","0.906702343463349","0.823686292260917","15.19981326",
"6/29/1993","-63.4375","-7.02514982223511","82","33.183","20.038","8.3255742","0.730477509398747","0.851984862143359","20.94760638",
"6/30/1993","-63.4375","-7.02514982223511","82","30.163","21.617","3.369713292","1.01252831022281","0.865739873412375","22.00815054",
"7/1/1993","-63.4375","-7.02514982223511","82","30.082","20.989","5.312923272","0.91671212125513","0.911125943053286","18.4738482",
"7/2/1993","-63.4375","-7.02514982223511","82","31.841","20.382","1.41449004","1.16662417509122","0.779741105303732","22.26622572",
"7/3/1993","-63.4375","-7.02514982223511","82","33.559","20.173","1.97925912","0.952609447975905","0.74877012752472","16.34332968",
"7/4/1993","-63.4375","-7.02514982223511","82","34.31","20.741","0.018024444","0.974117528025202","0.658872008201246","14.0605335",
"7/5/1993","-63.4375","-7.02514982223511","82","35.511","18.876","0","1.15570508570991","0.599005204831207","15.17123682",
"7/6/1993","-63.4375","-7.02514982223511","82","36.254","17.329","0.32443992","0.780479153606636","0.69475003492914","13.274496",
"7/7/1993","-63.4375","-7.02514982223511","82","32.757","20.901","5.678560116","1.38624558212637","0.850959937419098","16.8562638",
"7/8/1993","-63.4375","-7.02514982223511","82","32.815","18.867","0.065231316","1.66303785993223","0.67203937577101","22.61930904",
"7/9/1993","-63.4375","-7.02514982223511","82","34.08","18.386","0","1.14105193102759","0.652652269073655","17.969289408",
"7/10/1993","-63.4375","-7.02514982223511","82","31.179","17.226","0.6437297376","1.16127515862775","0.773007591765965","6.173715852",
"7/11/1993","-63.4375","-7.02514982223511","82","31.266","17.373","2.8306962","0.992518348957755","0.763149044063485","15.134171832",
"7/12/1993","-63.4375","-7.02514982223511","82","34.524","22.686","0.1287459","0.791571480028661","0.680544560902744","18.4595625",
"7/13/1993","-63.4375","-7.02514982223511","82","31.633","20.478","2.6590330224","1.63744140235913","0.830603377114264","20.56410882",
"7/14/1993","-63.4375","-7.02514982223511","82","28.809","15.906","0","2.14574353597055","0.591913290067706","23.174613072",
"7/15/1993","-63.4375","-7.02514982223511","82","31.331","16.274","0","1.66917842782458","0.566540590948773","23.38459002",
"7/16/1993","-63.4375","-7.02514982223511","82","34.38","17.237","0","1.01737874661246","0.595805303959335","13.623865992",
"7/17/1993","-63.4375","-7.02514982223511","82","32.093","16.801","0","1.00291715637345","0.659115576221269","11.20067154",
"7/18/1993","-63.4375","-7.02514982223511","82","34.303","16.14","0","1.13238928091699","0.619870984019748","14.04011214",
"7/19/1993","-63.4375","-7.02514982223511","82","35.278","18.112","0","1.2163574639705","0.525469646821122","16.189703082",
"7/20/1993","-63.4375","-7.02514982223511","82","35.049","21.688","0","1.17640179696827","0.526337033547562","14.769610668",
"7/21/1993","-63.4375","-7.02514982223511","82","33.926","16.87","0","0.916436818723687","0.587930956291012","12.677849388",
"7/22/1993","-63.4375","-7.02514982223511","82","35.704","23.751","0","1.25026866875743","0.470727060249214","18.54067806",
"7/23/1993","-63.4375","-7.02514982223511","82","35.473","18.36","0","1.22221869546101","0.480106132566075","23.69160198",
"7/24/1993","-63.4375","-7.02514982223511","82","36.061","15.024","0","1.16639126551444","0.480546625773853","17.68292442",
"7/25/1993","-63.4375","-7.02514982223511","82","37.543","15.97","0","0.886222661543516","0.55118869500218","24.02410104",
"7/26/1993","-63.4375","-7.02514982223511","82","34.028","22.19","0","0.987134026911646","0.527766494252772","18.709766568",
"7/27/1993","-63.4375","-7.02514982223511","82","35.628","22.58","0","1.09781873655201","0.549426748745208","15.94198188",
"7/28/1993","-63.4375","-7.02514982223511","82","35.123","21.494","0.0566482608","1.02305288903911","0.547685088365493","14.004223668",
"7/29/1993","-63.4375","-7.02514982223511","82","35.488","21.515","0.284958072","0.877527692976113","0.611760878243682","12.9821643",
"7/30/1993","-63.4375","-7.02514982223511","82","35.126","19.924","0.0102996792","1.43202780489648","0.639977090015409","13.510179792",
"7/31/1993","-63.4375","-7.02514982223511","82","30.893","20.187","0","2.35009397461164","0.448948568899536","24.4908558",
"8/1/1993","-63.4375","-7.02514982223511","82","32.9","15.868","0","1.73718609926223","0.443264866173406","24.97072752",
"8/2/1993","-63.4375","-7.02514982223511","82","35.636","14.941","0","1.12226418181172","0.468764728660598","24.791848848",
"8/3/1993","-63.4375","-7.02514982223511","82","36.842","18.85","0","1.38354221570401","0.423559612838721","24.88899204",
"8/4/1993","-63.4375","-7.02514982223511","82","37.59","19.634","0","1.3973091776935","0.387430465635578","22.60344654",
"8/5/1993","-63.4375","-7.02514982223511","82","35.518","22.885","0","0.855782194552813","0.509778099929885","12.8687625",
"8/6/1993","-63.4375","-7.02514982223511","82","37.65","20.588","0","0.953936693122429","0.488480615952358","19.87070094",
"8/7/1993","-63.4375","-7.02514982223511","82","36.6","20.876","0","0.743945039000924","0.581630180447744","13.15827711",
"8/8/1993","-63.4375","-7.02514982223511","82","37.949","20.729","0.133896096","1.17010117775976","0.54791469124918","15.477128712",
"8/9/1993","-63.4375","-7.02514982223511","82","34.96","20.215","0.063514728","1.20478445870668","0.591268832859574","14.61487176",
"8/10/1993","-63.4375","-7.02514982223511","82","33.156","21.993","0.7535937096","1.47354725597827","0.664576221180601","11.629349424",
"8/11/1993","-63.4375","-7.02514982223511","82","34.091","19.57","0","1.43269503086873","0.578927171751158","20.459195568",
"8/12/1993","-63.4375","-7.02514982223511","82","35.746","19.387","0","1.62065020997897","0.424975826197201","25.00857936",
"8/13/1993","-63.4375","-7.02514982223511","82","34.785","21.142","0","1.18130897421283","0.457191634111904","19.051142832",
"8/14/1993","-63.4375","-7.02514982223511","82","39.617","21.348","0","1.24211044690091","0.404395840131737","17.9453817",
"8/15/1993","-63.4375","-7.02514982223511","82","37.481","20.163","1.6222002264","1.46832883908609","0.705346210683485","13.22634402",
"8/16/1993","-63.4375","-7.02514982223511","82","35.716","20.707","0.3295896264","0.985758456385443","0.723355616657842","13.704415218",
"8/17/1993","-63.4375","-7.02514982223511","82","33.812","18.972","6.0991293384","1.05201308939585","0.74404443504037","12.9917817",
"8/18/1993","-63.4375","-7.02514982223511","82","33.477","19.636","2.71739916","1.29222675743222","0.751296185550454","16.85654874",
"8/19/1993","-63.4375","-7.02514982223511","82","36.447","19.721","1.943206956","1.27723819314865","0.782066966657673","15.183621648",
"8/20/1993","-63.4375","-7.02514982223511","82","35.788","20.215","0.64716318","0.85729647433891","0.717054081017338","12.46291884",
"8/21/1993","-63.4375","-7.02514982223511","82","35.866","19.211","0.39138768","0.913272257558024","0.751818090865852","12.636393192",
"8/22/1993","-63.4375","-7.02514982223511","82","37.148","21.699","0","1.12321274328114","0.681307886669098","17.914561128",
"8/23/1993","-63.4375","-7.02514982223511","82","34.978","19.838","0.554466168","0.645835779060553","0.659161216796227","14.34189375",
"8/24/1993","-63.4375","-7.02514982223511","82","36.628","21.041","1.112365836","0.675389910310808","0.716311746120442","10.928478348",
"8/25/1993","-63.4375","-7.02514982223511","82","33.232","20.888","0.279808128","1.15477999027156","0.669390819091311","8.195002488",
"8/26/1993","-63.4375","-7.02514982223511","82","36.069","21.33","2.9508588","1.15223389974742","0.69167000958877","14.19502266",
"8/27/1993","-63.4375","-7.02514982223511","82","38.165","20.816","0.0343322784","0.798094394723815","0.638750907212397","18.240134472",
"8/28/1993","-63.4375","-7.02514982223511","82","36.785","22.264","0","1.31712313963976","0.531698398355357","21.310648272",
"8/29/1993","-63.4375","-7.02514982223511","82","38.881","21.234","0","0.971130118615736","0.561610897751949","21.8696544",
"8/30/1993","-63.4375","-7.02514982223511","82","41.361","23.09","0","0.936729830762412","0.435858872848129","20.43535338",
"8/31/1993","-63.4375","-7.02514982223511","82","36.93","22.392","0.175094784","1.17961341984028","0.504698652627207","17.412354072",
"9/1/1993","-63.4375","-7.02514982223511","82","37.631","21.095","0.072097776","0.967694620767938","0.549165993065527","13.733945352",
"9/2/1993","-63.4375","-7.02514982223511","82","37.304","21.902","0.0514984392","1.0401098611525","0.528562370692306","16.778303568",
"9/3/1993","-63.4375","-7.02514982223511","82","36.095","22.416","1.86081264","1.3353055717238","0.621835207226233","12.601740168",
"9/4/1993","-63.4375","-7.02514982223511","82","37.11","18.307","0","1.13568796653009","0.539133367803946","23.806459368",
"9/5/1993","-63.4375","-7.02514982223511","82","36.986","22.344","1.78527672","1.08919944874405","0.607729300191353","16.5035331",
"9/6/1993","-63.4375","-7.02514982223511","82","36.815","22.628","0.072097812","1.50136080757884","0.592686520332815","15.60555072",
"9/7/1993","-63.4375","-7.02514982223511","82","37.21","21.927","0","1.19162788721773","0.621360366643535","14.86439748",
"9/8/1993","-63.4375","-7.02514982223511","82","40.986","22.449","1.89514206","0.925932279620458","0.661289371538143","12.87399312",
"9/9/1993","-63.4375","-7.02514982223511","82","39.679","21.077","0.0171661464","1.02423117702805","0.626828599559132","16.953020568",
"9/10/1993","-63.4375","-7.02514982223511","82","28.801","22.1","0.566482572","1.30247618269256","0.693508145215723","6.412045968",
"9/11/1993","-63.4375","-7.02514982223511","82","38.102","20.713","0.0720977904","1.16384626628869","0.564455787835379","15.84911502",
"9/12/1993","-63.4375","-7.02514982223511","82","40.652","23.484","0.1373291064","1.29387815873709","0.535273886337266","16.06899474",
"9/13/1993","-63.4375","-7.02514982223511","82","41.461","23.069","0","1.03522340388765","0.424725968003279","25.000146072",
"9/14/1993","-63.4375","-7.02514982223511","82","36.446","24.559","0","1.65260278538272","0.424765011909675","22.39059366",
"9/15/1993","-63.4375","-7.02514982223511","82","37.533","23.199","0","1.40021543361161","0.524893866181116","23.1765174",
"9/16/1993","-63.4375","-7.02514982223511","82","37.36","22.454","0","1.59139280192469","0.543444369863427","17.45066088",
"9/17/1993","-63.4375","-7.02514982223511","82","32.344","22.695","0","1.52026244830334","0.595207004272842","17.49094344",
"9/18/1993","-63.4375","-7.02514982223511","82","41.262","23.526","0","0.96899322837694","0.421650698543358","23.0651973",
"9/19/1993","-63.4375","-7.02514982223511","82","37.486","24.296","0.823974444","1.29329432767098","0.537431868897275","17.56164465",
"9/20/1993","-63.4375","-7.02514982223511","82","38.727","23.728","0.30212424","1.6041783897202","0.478716950732063","25.8575598",
"9/21/1993","-63.4375","-7.02514982223511","82","41.144","21.792","0.6626128464","1.2129740168027","0.483318558565985","16.6125951",
"9/22/1993","-63.4375","-7.02514982223511","82","39.773","20.315","0","1.03677558357392","0.48478061788666","22.792896072",
"9/23/1993","-63.4375","-7.02514982223511","82","38.505","24.567","0.243759276","1.18392450519858","0.486116256694057","17.309532528",
"9/24/1993","-63.4375","-7.02514982223511","82","37.863","23.057","7.700737644","1.57931524345169","0.606365794596727","15.76187388",
"9/25/1993","-63.4375","-7.02514982223511","82","24.447","20.405","43.111029744","1.44348289314528","0.944317927094113","1.911599352",
"9/26/1993","-63.4375","-7.02514982223511","82","37.562","19.774","0","1.52849834579656","0.57982163598402","27.8287326",
"9/27/1993","-63.4375","-7.02514982223511","82","35.277","20.708","0","1.18851602253935","0.5364256620809","16.80739002",
"9/28/1993","-63.4375","-7.02514982223511","82","36.154","21.061","0","1.04458965668962","0.60071907687709","17.212556088",
"9/29/1993","-63.4375","-7.02514982223511","82","38.06","22.899","0","1.20758200767952","0.503571803854992","19.205272368",
"9/30/1993","-63.4375","-7.02514982223511","82","37.971","23.669","0.0549316368","0.9907241572008","0.534973184980863","14.42755764",
"10/1/1993","-63.4375","-7.02514982223511","82","35.156","20.516","0","1.08335759203672","0.577276744775561","14.61402684",
"10/2/1993","-63.4375","-7.02514982223511","82","38.072","21.786","0","1.20019936492509","0.514957761519077","17.1225018",
"10/3/1993","-63.4375","-7.02514982223511","82","38.679","21.48","1.277160156","1.15690276653519","0.553477395101218","17.288035488",
"10/4/1993","-63.4375","-7.02514982223511","82","37.868","20.39","0.2746584","1.27372172140076","0.573093503497727","19.492754472",
"10/5/1993","-63.4375","-7.02514982223511","82","28.797","22.543","3.9018628224","1.22623294161402","0.734669807714634","3.390522552",
"10/6/1993","-63.4375","-7.02514982223511","82","39.074","21.77","0.56991564","1.45848585389918","0.539138829793026","25.33922352",
"10/7/1993","-63.4375","-7.02514982223511","82","32.231","22.645","3.0452751","1.19369581252226","0.722155118994533","13.157995968",
"10/8/1993","-63.4375","-7.02514982223511","82","37.156","20.554","0","1.30361049191539","0.592253895513114","18.1305486",
"10/9/1993","-63.4375","-7.02514982223511","82","39.032","22.468","0.024032592","1.23624794754992","0.539711013726701","23.60935836",
"10/10/1993","-63.4375","-7.02514982223511","82","36.052","23.776","0.2780912448","1.13717317300683","0.588379556702767","13.935552228",
"10/11/1993","-63.4375","-7.02514982223511","82","37.697","23.793","0.291824244","1.06487854202186","0.590476911554027","13.536393192",
"10/12/1993","-63.4375","-7.02514982223511","82","35.792","22.709","3.010941792","1.40084285285145","0.582530095498522","19.28677464",
"10/13/1993","-63.4375","-7.02514982223511","82","38.717","21.521","6.8046516504","1.09216391100242","0.773929947754879","14.26364604",
"10/14/1993","-63.4375","-7.02514982223511","82","38.899","20.512","0.0789642","0.830246362312505","0.672561444843125","16.88231916",
"10/15/1993","-63.4375","-7.02514982223511","82","37.953","21.966","5.55839964","1.05355269451331","0.689460971972485","20.30220396",
"10/16/1993","-63.4375","-7.02514982223511","82","37.104","21.188","0.751876776","1.18657459096208","0.648275073564772","20.73295728",
"10/17/1993","-63.4375","-7.02514982223511","82","30.715","22.259","1.6376463576","1.46175875243213","0.793364730702972","13.3840701",
"10/18/1993","-63.4375","-7.02514982223511","82","39.355","21.149","1.46255472","0.929135324355513","0.612169303947746","16.3266768",
"10/19/1993","-63.4375","-7.02514982223511","82","36.203","22.881","0.4772186064","1.12962966053096","0.62881982507438","17.04926088",
"10/20/1993","-63.4375","-7.02514982223511","82","35.942","21.715","0.0171661464","1.34417891242958","0.714144847169596","15.55784892",
"10/21/1993","-63.4375","-7.02514982223511","82","34.6","24.117","1.1157988896","0.964469563300688","0.763177946719064","8.09859294",
"10/22/1993","-63.4375","-7.02514982223511","82","36.047","22.802","0.1304626032","1.60178292202589","0.698385384428878","20.88416106",
"10/23/1993","-63.4375","-7.02514982223511","82","36.551","23.124","1.462554684","0.912715341079056","0.735217096033208","12.0412161",
"10/24/1993","-63.4375","-7.02514982223511","82","34.304","20.665","1.400756724","1.12096102091931","0.794146559940719","8.78535288",
"10/25/1993","-63.4375","-7.02514982223511","82","27.958","21.452","1.277161092","1.37826914260322","0.859827562199192","7.8258348",
"10/26/1993","-63.4375","-7.02514982223511","82","24.605","19.946","5.22880686","0.682088315429883","0.903380564190921","3.807223992",
"10/27/1993","-63.4375","-7.02514982223511","82","30.198","18.926","1.72691334","1.20301853540814","0.90597453724469","9.302454",
"10/28/1993","-63.4375","-7.02514982223511","82","30.749","19.959","0.9716031864","1.00582596903552","0.839238176610765","18.25009092",
"10/29/1993","-63.4375","-7.02514982223511","82","36.502","21.168","0.2986908192","1.02354950322352","0.782304817937433","15.6398094",
"10/30/1993","-63.4375","-7.02514982223511","82","36.184","21.753","0.858306816","1.18104767667913","0.800624371049252","14.63596992",
"10/31/1993","-63.4375","-7.02514982223511","82","34.593","19.585","0","1.14804756597896","0.672640818242704","22.847346",
"11/1/1993","-63.4375","-7.02514982223511","82","36.443","23.246","0.3158570664","0.774265552248215","0.659248830549374","16.97535216",
"11/2/1993","-63.4375","-7.02514982223511","82","34.591","20.364","0.0102996792","1.29162559110477","0.667393656395207","17.66564856",
"11/3/1993","-63.4375","-7.02514982223511","82","38.199","22.44","0","1.19073304288318","0.547927019002753","18.19023714",
"11/4/1993","-63.4375","-7.02514982223511","82","27.721","21.908","2.54745522","1.364845048003","0.784236173339163","9.58882338",
"11/5/1993","-63.4375","-7.02514982223511","82","35.389","21.465","0","1.54784589466179","0.65074335233031","21.55910346",
"11/6/1993","-63.4375","-7.02514982223511","82","31.415","21.743","3.67526916","1.58986036857414","0.746900582847645","24.84354114",
"11/7/1993","-63.4375","-7.02514982223511","82","29.95","20.998","6.13174536","1.06324960695024","0.828478533185504","17.43019164",
"11/8/1993","-63.4375","-7.02514982223511","82","36.5","21.705","0","1.30359061803252","0.684203748257498","19.38324258",
"11/9/1993","-63.4375","-7.02514982223511","82","33.809","22.051","1.895141304","0.999669911978165","0.759378411779073","20.9354022",
"11/10/1993","-63.4375","-7.02514982223511","82","34.341","22.96","6.4235628","0.745095008114557","0.815866836612771","21.51468",
"11/11/1993","-63.4375","-7.02514982223511","82","34.093","21.917","14.3577577008","0.997209726091781","0.850969850752158","15.69206034",
"11/12/1993","-63.4375","-7.02514982223511","82","34.916","21.481","0.621414288","1.12629428557599","0.761489335792097","17.66019132",
"11/13/1993","-63.4375","-7.02514982223511","82","34.157","20.093","3.563691516","0.767741498593268","0.862682713847075","17.20698912",
"11/14/1993","-63.4375","-7.02514982223511","82","37.922","21.326","1.1947633056","1.09340649827135","0.695485914683308","19.8056826",
"11/15/1993","-63.4375","-7.02514982223511","82","37.107","23.227","2.24532936","1.23800462240694","0.840524881275588","6.77677752",
"11/16/1993","-63.4375","-7.02514982223511","82","32.647","23.966","4.9507170264","1.0887880991224","0.863447823728502","23.5032147",
"11/17/1993","-63.4375","-7.02514982223511","82","28.866","23.634","8.603676468","0.921964747739828","0.909581913344186","17.4677652",
"11/18/1993","-63.4375","-7.02514982223511","82","33.311","21.919","0.429153588","1.10783450310705","0.801830429354742","16.1178759",
"11/19/1993","-63.4375","-7.02514982223511","82","36.443","22.499","4.020306048","1.16207435797095","0.772855383499961","23.6282121",
"11/20/1993","-63.4375","-7.02514982223511","82","29.12","22.438","13.5681110928","1.31238691571144","0.938222897149549","8.00527572",
"11/21/1993","-63.4375","-7.02514982223511","82","38.487","21.893","5.2837331328","0.857285212689129","0.718103934077961","16.25338044",
"11/22/1993","-63.4375","-7.02514982223511","82","24.268","21.147","17.42019696","1.11515381793727","0.962060526222322","0.90230598",
"11/23/1993","-63.4375","-7.02514982223511","82","32.558","19.023","6.67419408","1.35596440273425","0.855646072782528","25.45053858",
"11/24/1993","-63.4375","-7.02514982223511","82","32.722","21.71","11.8137340944","0.742999191491198","0.863326511865406","13.59720684",
"11/25/1993","-63.4375","-7.02514982223511","82","30.821","22.181","22.041315288","1.0376602768849","0.898386911284532","14.30055612",
"11/26/1993","-63.4375","-7.02514982223511","82","33.001","22.661","0.0892639368","0.910370944298956","0.757673828213025","14.9721156",
"11/27/1993","-63.4375","-7.02514982223511","82","37.319","23.109","0","0.948031616488271","0.630110666805479","16.25231088",
"11/28/1993","-63.4375","-7.02514982223511","82","35.399","22.461","12.7269726264","1.49041207971254","0.762339367217092","22.0463433",
"11/29/1993","-63.4375","-7.02514982223511","82","30.415","23.474","12.9775985064","1.05686221937267","0.865170548688709","25.6362723",
"11/30/1993","-63.4375","-7.02514982223511","82","35.486","23.231","0.6935123448","1.25812289412632","0.722575503435557","17.01258822",
"12/1/1993","-63.4375","-7.02514982223511","82","32.218","22.217","2.243608128","1.81356504688466","0.761122296514622","22.80543516",
"12/2/1993","-63.4375","-7.02514982223511","82","32.558","20.778","0.0274658256","0.985414093252752","0.772014035923026","19.60211466",
"12/3/1993","-63.4375","-7.02514982223511","82","38.533","19.53","6.773760432","1.43733639667181","0.83021344605349","13.4528076",
"12/4/1993","-63.4375","-7.02514982223511","82","35.848","17.948","0.68922072","1.11865076104936","0.715526535172997","21.76638732",
"12/5/1993","-63.4375","-7.02514982223511","82","32.797","22.388","2.65216536","1.19455470031063","0.791977491166335","15.3631665",
"12/6/1993","-63.4375","-7.02514982223511","82","36.075","21.804","0.8239751064","1.0931878921209","0.76135787660391","16.7870214",
"12/7/1993","-63.4375","-7.02514982223511","82","31.973","22.068","2.25563112","1.14449614750006","0.792971182659386","23.4775116",
"12/8/1993","-63.4375","-7.02514982223511","82","33.789","21.756","3.39718176","1.35076608221606","0.729967154793244","28.02886452",
"12/9/1993","-63.4375","-7.02514982223511","82","39.299","22.557","0.62313048","1.03743705574278","0.594770332010513","22.27072572",
"12/10/1993","-63.4375","-7.02514982223511","82","31.97","23.462","6.30169596","1.33368296044128","0.83451343115934","24.08648058",
"12/11/1993","-63.4375","-7.02514982223511","82","35.171","22.387","0.078106104","1.55170105807282","0.717696856442323","21.4589268",
"12/12/1993","-63.4375","-7.02514982223511","82","36.563","21.26","1.512336456","1.07827870698455","0.776891034195371","9.73878948",
"12/13/1993","-63.4375","-7.02514982223511","82","38.573","23.525","5.5257791904","0.941479940890855","0.747561850364968","22.83266232",
"12/14/1993","-63.4375","-7.02514982223511","82","37.173","22.971","3.15170352","0.970608553784853","0.725681344145043","16.8611634",
"12/15/1993","-63.4375","-7.02514982223511","82","31.982","22.216","7.275012372","0.988531104311966","0.837598573201123","27.29756412",
"12/16/1993","-63.4375","-7.02514982223511","82","37.059","22.504","0.62656416","0.990462568500722","0.695121862340519","20.61545832",
"12/17/1993","-63.4375","-7.02514982223511","82","35.524","21.102","8.1985482","1.08437421134631","0.811271415118529","17.81038008",
"12/18/1993","-63.4375","-7.02514982223511","82","27.362","21.92","9.5632561008","0.764004604654756","0.94393264692625","7.08153264",
"12/19/1993","-63.4375","-7.02514982223511","82","28.814","21.645","1.4230730664","0.835800242309622","0.883800629536263","11.1844656",
"12/20/1993","-63.4375","-7.02514982223511","82","31.944","21.682","1.7406486","0.940765639034225","0.788004516129392","14.8394205",
"12/21/1993","-63.4375","-7.02514982223511","82","34.654","21.789","10.95886224","1.12670856040012","0.815438405724897","16.74759132",
"12/22/1993","-63.4375","-7.02514982223511","82","31.066","22.172","25.333797132","0.802787324423958","0.912710814084041","25.41746394",
"12/23/1993","-63.4375","-7.02514982223511","82","25.032","22.141","62.95509432","0.809704814161842","0.968175023442352","6.32272734",
"12/24/1993","-63.4375","-7.02514982223511","82","23.341","21.912","12.2394634128","0.542395048238135","0.979499418852683","1.370418408",
"12/25/1993","-63.4375","-7.02514982223511","82","24.259","21.959","3.239250984","0.829383473439177","0.972053392061351","2.819531448",
"12/26/1993","-63.4375","-7.02514982223511","82","30.054","22.159","7.70931036","0.775239090127222","0.893635951026442","11.751697368",
"12/27/1993","-63.4375","-7.02514982223511","82","30.527","22.207","9.60101964","1.14685071030638","0.884127954448495","19.2271554",
"12/28/1993","-63.4375","-7.02514982223511","82","31.74","21.953","8.327290392","0.629502316302393","0.889437352101823","21.656585448",
"12/29/1993","-63.4375","-7.02514982223511","82","29.056","22.288","9.7623862848","0.485612351228116","0.931962048410065","19.5454098",
"12/30/1993","-63.4375","-7.02514982223511","82","24.647","22.669","43.24150656","0.413892822232138","0.9756764297975","1.247738292",
"12/31/1993","-63.4375","-7.02514982223511","82","31.358","21.693","20.8362480264","0.973357839289734","0.829199789347087","22.12756272",
"1/1/1994","-63.4375","-7.02514982223511","82","30.917","22.498","2.1097180944","1.26658625639535","0.861925923389798","17.64714438",
"1/2/1994","-63.4375","-7.02514982223511","82","31.921","21.839","3.7353525552","0.803739194854318","0.863589621291929","18.73698246",
"1/3/1994","-63.4375","-7.02514982223511","82","30.161","21.884","1.404189684","0.846278388381646","0.88091103115421","15.55324074",
"1/4/1994","-63.4375","-7.02514982223511","82","25.427","21.563","1.895141628","0.874511456577812","0.954317535358436","6.037423632",
"1/5/1994","-63.4375","-7.02514982223511","82","25.78","21.343","0.906372036","1.37046709852542","0.907763302542763","9.82732752",
"1/6/1994","-63.4375","-7.02514982223511","82","22.483","19.834","1.7578122984","0.830516714112859","0.951356896922177","3.75480018",
"1/7/1994","-63.4375","-7.02514982223511","82","31.359","20.556","1.1295315072","0.930915568209716","0.836508043602793","18.71094132",
"1/8/1994","-63.4375","-7.02514982223511","82","28.516","21.594","13.1063471856","0.902615944226521","0.931763371425324","20.52579078",
"1/9/1994","-63.4375","-7.02514982223511","82","30.4","22.929","3.172302792","1.26880676273878","0.860819841097856","14.7722607",
"1/10/1994","-63.4375","-7.02514982223511","82","26.454","21.991","5.039972784","0.885758765138946","0.949768775100202","11.57540652",
"1/11/1994","-63.4375","-7.02514982223511","82","24.836","21.954","10.84041792","0.781083785041535","0.973702770350216","3.98863386",
"1/12/1994","-63.4375","-7.02514982223511","82","28.948","20.177","4.157640144","0.804224353251835","0.873953307692371","17.29934604",
"1/13/1994","-63.4375","-7.02514982223511","82","32.83","21.022","7.2561228984","0.822392575856304","0.870612457467821","23.446234368",
"1/14/1994","-63.4375","-7.02514982223511","82","30.138","22.544","6.9746052168","0.885045976614373","0.906945897646637","19.41783588",
"1/15/1994","-63.4375","-7.02514982223511","82","26.206","21.923","1.282310784","1.01512166969759","0.93361132211431","4.32286686",
"1/16/1994","-63.4375","-7.02514982223511","82","30.138","21.91","0.70381152","0.874654573795384","0.842027773607557","15.41626974",
"1/17/1994","-63.4375","-7.02514982223511","82","30.909","19.391","3.20663754","1.00033185896787","0.874385120678572","20.49030306",
"1/18/1994","-63.4375","-7.02514982223511","82","34.98","22.029","9.2250854712","0.658083376043048","0.798807589941463","23.41586052",
"1/19/1994","-63.4375","-7.02514982223511","82","31.458","21.133","14.656451868","0.774041467677193","0.934435631561722","21.69995202",
"1/20/1994","-63.4375","-7.02514982223511","82","27.569","21.988","8.45604036","1.29230771320209","0.925801148360345","12.111698088",
"1/21/1994","-63.4375","-7.02514982223511","82","26.445","21.736","4.787633484","0.77660502465566","0.950541663316934","9.078636168",
"1/22/1994","-63.4375","-7.02514982223511","82","29.937","22.022","5.245973136","0.812843949893738","0.928139079726603","9.2636442",
"1/23/1994","-63.4375","-7.02514982223511","82","25.864","22.102","10.0593582264","0.685448095140262","0.966684217774913","14.457316392",
"1/24/1994","-63.4375","-7.02514982223511","82","34.186","23.076","4.79621808","0.825901480368406","0.866066091400524","20.38950432",
"1/25/1994","-63.4375","-7.02514982223511","82","27.595","23.222","15.222927168","1.08365568679615","0.95084522486945","22.512543192",
"1/26/1994","-63.4375","-7.02514982223511","82","27.621","22.796","6.3754998408","0.778598737306362","0.937801159168095","17.65192374",
"1/27/1994","-63.4375","-7.02514982223511","82","34.445","20.448","10.828399716","0.748223764696472","0.877923543497834","20.08024002",
"1/28/1994","-63.4375","-7.02514982223511","82","27.788","23.033","12.881470464","1.10788528993705","0.955262710867011","16.25152176",
"1/29/1994","-63.4375","-7.02514982223511","82","25.537","21.935","123.632254512","1.1961620769835","0.965516330829909","7.44530517",
"1/30/1994","-63.4375","-7.02514982223511","82","31.063","21.924","5.55496344","0.940551033050013","0.890046879189159","17.999379",
"1/31/1994","-63.4375","-7.02514982223511","82","31.471","21.228","17.5437876528","0.656878248798172","0.900951146607406","24.688412208",
"2/1/1994","-63.4375","-7.02514982223511","82","26.215","21.455","21.8730881664","1.08052794846663","0.952283582272749","8.902576368",
"2/2/1994","-63.4375","-7.02514982223511","82","27.109","20.234","4.5215599032","0.854025315234223","0.933411318417488","11.849569848",
"2/3/1994","-63.4375","-7.02514982223511","82","28.158","21.319","14.6976512184","0.573513079028277","0.907173537957282","20.3242527",
"2/4/1994","-63.4375","-7.02514982223511","82","27.319","22.141","19.44924264","0.600915419087598","0.962780823969018","13.6419696",
"2/5/1994","-63.4375","-7.02514982223511","82","24.769","22.483","20.70922536","0.817623157615115","0.973572434665798","9.003263868",
"2/6/1994","-63.4375","-7.02514982223511","82","30.259","21.297","15.42892644","0.709930896891864","0.921978744165597","18.001572318",
"2/7/1994","-63.4375","-7.02514982223511","82","26.332","21.912","4.700086884","1.28614517999467","0.943701123496718","6.33048588",
"2/8/1994","-63.4375","-7.02514982223511","82","23.31","19.697","12.46090032","0.779410965539854","0.975909927950303","3.613607532",
"2/9/1994","-63.4375","-7.02514982223511","82","31.348","20.198","9.709166844","0.830310894297634","0.926143811808244","18.4593951",
"2/10/1994","-63.4375","-7.02514982223511","82","28.104","21.877","4.04090838","0.953818925370103","0.925840034420136","11.363796144",
"2/11/1994","-63.4375","-7.02514982223511","82","23.297","21.181","9.14268492","0.655123089865297","0.975500736385172","2.899969812",
"2/12/1994","-63.4375","-7.02514982223511","82","24.902","21.165","17.959216464","0.806873585188495","0.96844928974254","7.922525472",
"2/13/1994","-63.4375","-7.02514982223511","82","31.48","20.436","15.037536456","0.840231595073705","0.865710713268796","19.5854634",
"2/14/1994","-63.4375","-7.02514982223511","82","32.712","21.35","6.7703205384","0.768927218598354","0.860067304836777","24.220461528",
"2/15/1994","-63.4375","-7.02514982223511","82","30.54","21.973","5.709456468","1.20912861901258","0.882035387713922","19.252294128",
"2/16/1994","-63.4375","-7.02514982223511","82","31.461","22.35","5.4639793584","1.13611856481428","0.891881620879653","20.964100968",
"2/17/1994","-63.4375","-7.02514982223511","82","31.565","21.939","4.1267366424","1.18801219189142","0.867062389397022","23.97257316",
"2/18/1994","-63.4375","-7.02514982223511","82","30.627","22.814","10.46791404","0.915723770941776","0.893492508837013","17.900330112",
"2/19/1994","-63.4375","-7.02514982223511","82","28.539","22.568","27.6271883064","0.734035291160753","0.945097164072223","26.40329766",
"2/20/1994","-63.4375","-7.02514982223511","82","30.629","23.139","16.34902416","1.1223563597639","0.902434696999402","18.587531592",
"2/21/1994","-63.4375","-7.02514982223511","82","24.689","22.315","36.3132144","0.787977157768108","0.97607931309837","4.864723362",
"2/22/1994","-63.4375","-7.02514982223511","82","30.058","21.512","0.604248228","1.08383769924936","0.877491994018934","17.08306524",
"2/23/1994","-63.4375","-7.02514982223511","82","28.48","22.263","5.4674138664","1.13007429134095","0.907876270873211","19.595030868",
"2/24/1994","-63.4375","-7.02514982223511","82","30.408","21.99","6.72912306","1.09683437106683","0.895179747344473","22.342892382",
"2/25/1994","-63.4375","-7.02514982223511","82","31.404","21.645","7.323070464","1.08376833131169","0.841699038157294","25.58469096",
"2/26/1994","-63.4375","-7.02514982223511","82","26.191","21.866","17.478566712","1.0930141493481","0.949788033456056","7.673234652",
"2/27/1994","-63.4375","-7.02514982223511","82","30.271","21.092","9.8224630128","1.00509251588735","0.918878431460299","18.92278305",
"2/28/1994","-63.4375","-7.02514982223511","82","32.004","22.354","3.508761204","1.3409446579988","0.823162699122173","23.63444955",
"3/1/1994","-63.4375","-7.02514982223511","82","26.452","22.401","22.9373847","0.749012413187067","0.967093687638123","10.836286272",
"3/2/1994","-63.4375","-7.02514982223511","82","23.963","20.086","28.33786728","0.763751715517932","0.977315192646684","4.030877988",
"3/3/1994","-63.4375","-7.02514982223511","82","27.072","20.277","8.9607305664","1.00558598590814","0.941035585002844","9.29728584",
"3/4/1994","-63.4375","-7.02514982223511","82","23.343","21.901","40.75241976","1.33177434667023","0.976822325972001","2.396531088",
"3/5/1994","-63.4375","-7.02514982223511","82","29.348","21.198","7.20634896","0.901161034048855","0.922096046628844","12.97282347",
"3/6/1994","-63.4375","-7.02514982223511","82","28.203","22.543","1.853942652","1.17862301232557","0.909321731822763","12.139199892",
"3/7/1994","-63.4375","-7.02514982223511","82","31.014","21.423","2.986906644","0.874364358829505","0.828557683861891","23.214264768",
"3/8/1994","-63.4375","-7.02514982223511","82","29.74","21.989","4.459762476","0.841392100079074","0.882749460082811","20.961844632",
"3/9/1994","-63.4375","-7.02514982223511","82","28.783","22.129","9.774401256","0.960125054929321","0.925864219714794","20.201688648",
"3/10/1994","-63.4375","-7.02514982223511","82","27.023","23.211","20.798491464","0.999028372579163","0.959758868670466","22.3305696",
"3/11/1994","-63.4375","-7.02514982223511","82","25.81","21.757","57.08425248","0.825270982237328","0.966229638290736","5.893090578",
"3/12/1994","-63.4375","-7.02514982223511","82","26.578","19.589","9.341810856","0.887761782604008","0.96034856818719","20.838042",
"3/13/1994","-63.4375","-7.02514982223511","82","32.774","20.056","2.2659323184","0.886063649429254","0.860412189136654","19.3258665",
"3/14/1994","-63.4375","-7.02514982223511","82","27.189","22.919","18.94626288","0.98938733787034","0.965439571952572","15.9836103",
"3/15/1994","-63.4375","-7.02514982223511","82","27.025","21.262","9.4825793448","0.83051489606374","0.942740751972495","14.946579072",
"3/16/1994","-63.4375","-7.02514982223511","82","27.681","18.863","2.1423356064","0.988951925936603","0.935577717630586","12.849135912",
"3/17/1994","-63.4375","-7.02514982223511","82","30.057","20.516","2.2796631","1.53682760849302","0.833373365570551","15.29521812",
"3/18/1994","-63.4375","-7.02514982223511","82","31.529","21.222","6.3531855864","1.09282255978166","0.887996340378861","20.068645968",
"3/19/1994","-63.4375","-7.02514982223511","82","30.487","23.016","11.542511592","0.97026141293239","0.927328234196728","20.79995148",
"3/20/1994","-63.4375","-7.02514982223511","82","30.34","22.859","0","1.0826750713646","0.837892789768716","17.4254076",
"3/21/1994","-63.4375","-7.02514982223511","82","32.058","21.428","5.973813144","1.15877465632923","0.858219806115582","24.998907528",
"3/22/1994","-63.4375","-7.02514982223511","82","25.421","22.004","22.98374208","0.999826408845129","0.967338887272233","3.755365812",
"3/23/1994","-63.4375","-7.02514982223511","82","27.357","22.515","7.0003482624","0.835731505988272","0.939485974117882","17.3505402",
"3/24/1994","-63.4375","-7.02514982223511","82","31.503","21.362","1.390457376","1.29220223396511","0.83671563926533","21.67475418",
"3/25/1994","-63.4375","-7.02514982223511","82","28.217","20.007","0.3810881664","1.68358735871233","0.849379899582417","15.222261348",
"3/26/1994","-63.4375","-7.02514982223511","82","28.051","21.049","14.783477652","1.40856621828173","0.92893286486327","19.829080008",
"3/27/1994","-63.4375","-7.02514982223511","82","27.441","21.774","11.22321888","1.04222016268832","0.949858110134726","16.65500652",
"3/28/1994","-63.4375","-7.02514982223511","82","27.277","23.066","13.3277922","0.815300990354358","0.961164954439165","17.411622282",
"3/29/1994","-63.4375","-7.02514982223511","82","28.161","22.792","15.494160564","0.718695489515758","0.95242375602418","18.03785697",
"3/30/1994","-63.4375","-7.02514982223511","82","29.425","22.286","10.818099","1.04153607169667","0.919217143197226","16.12096578",
"3/31/1994","-63.4375","-7.02514982223511","82","26.45","21.828","18.58578408","0.814534742932567","0.963356182024285","18.808419132",
"4/1/1994","-63.4375","-7.02514982223511","82","25.658","20.67","20.4053850504","0.64225941612535","0.9756351432662","4.641694308",
"4/2/1994","-63.4375","-7.02514982223511","82","30.496","19.97","6.2845220448","0.849857415781892","0.878566842125312","19.95413004",
"4/3/1994","-63.4375","-7.02514982223511","82","29.623","21.835","16.500947292","0.821174431876139","0.92264343094006","16.028495712",
"4/4/1994","-63.4375","-7.02514982223511","82","24.813","22.238","64.8382594392","0.894954230924501","0.97527307150066","4.1711058",
"4/5/1994","-63.4375","-7.02514982223511","82","30.043","21.682","2.664186336","0.980592058921471","0.902771608200639","19.3615839",
"4/6/1994","-63.4375","-7.02514982223511","82","28.531","22.12","10.7528674824","1.28530896361403","0.9392229352927","19.119989232",
"4/7/1994","-63.4375","-7.02514982223511","82","31.714","21.236","3.531070656","1.24307784497231","0.861772876323919","24.43793004",
"4/8/1994","-63.4375","-7.02514982223511","82","29.886","22.526","10.0104312528","0.815423736459305","0.931798778985216","20.332240488",
"4/9/1994","-63.4375","-7.02514982223511","82","28.35","22.848","5.5532466864","0.863703980358179","0.937830134184544","9.197942508",
"4/10/1994","-63.4375","-7.02514982223511","82","26.024","21.11","2.5148395584","1.27412989205974","0.924114487874698","10.4907924",
"4/11/1994","-63.4375","-7.02514982223511","82","31.395","20.066","2.85644466","0.947971388901999","0.84738967658428","21.47816826",
"4/12/1994","-63.4375","-7.02514982223511","82","24.558","22.183","7.541085276","0.773897129919439","0.973259502986757","4.05275796",
"4/13/1994","-63.4375","-7.02514982223511","82","27.132","20.437","8.224300872","0.738975535505907","0.957501369953475","16.692410448",
"4/14/1994","-63.4375","-7.02514982223511","82","27.967","21.609","11.42578656","0.856532210358296","0.942275362155867","25.8470964",
"4/15/1994","-63.4375","-7.02514982223511","82","30.697","21.422","9.1993374","1.05558825861705","0.876154154486464","23.48667828",
"4/16/1994","-63.4375","-7.02514982223511","82","30.647","21.299","8.10928188","0.507585922817024","0.920736278559309","20.00357172",
"4/17/1994","-63.4375","-7.02514982223511","82","29.056","22.246","5.81760252","1.12243053013523","0.911168850656134","13.47372648",
"4/18/1994","-63.4375","-7.02514982223511","82","28.588","22.782","5.6141849448","0.989963357608768","0.921331294818135","19.66483134",
"4/19/1994","-63.4375","-7.02514982223511","82","32.423","22.944","3.061579824","0.991144847719694","0.87871706345008","16.376627664",
"4/20/1994","-63.4375","-7.02514982223511","82","30.166","21.758","5.07344796","0.900778109179057","0.902200384258296","14.767814988",
"4/21/1994","-63.4375","-7.02514982223511","82","28.859","21.659","4.4357321664","0.759937388034865","0.910349024928293","13.4900415",
"4/22/1994","-63.4375","-7.02514982223511","82","30.323","22.028","5.089760424","0.716429149934848","0.934859604937539","15.73222338",
"4/23/1994","-63.4375","-7.02514982223511","82","30.152","22.452","4.995344268","0.998514716312695","0.903714869821082","20.455592832",
"4/24/1994","-63.4375","-7.02514982223511","82","31.068","19.639","3.4744239864","0.937348442803824","0.858001069941019","22.37759856",
"4/25/1994","-63.4375","-7.02514982223511","82","32.97","21.791","5.40218808","1.08646038310391","0.832185282529971","23.59316034",
"4/26/1994","-63.4375","-7.02514982223511","82","31.117","22.638","11.10992256","0.947440496497506","0.897173842407669","24.53816502",
"4/27/1994","-63.4375","-7.02514982223511","82","33.735","22.205","9.50832252","0.828614555865166","0.824155910574272","21.889518192",
"4/28/1994","-63.4375","-7.02514982223511","82","30.317","20.527","12.62568636","0.828239618006452","0.928912948614494","24.70420944",
"4/29/1994","-63.4375","-7.02514982223511","82","31.55","21.485","4.8700332","1.27798006818208","0.858798169451527","20.0341107",
"4/30/1994","-63.4375","-7.02514982223511","82","29.045","21.964","4.2949714464","0.647875643717311","0.933132467791191","16.4865411",
"5/1/1994","-63.4375","-7.02514982223511","82","26.848","23.113","22.9013406","0.713773606595158","0.96647054407509","11.56235256",
"5/2/1994","-63.4375","-7.02514982223511","82","26.965","21.643","19.11105612","0.536676397213695","0.966468484313344","11.8784772",
"5/3/1994","-63.4375","-7.02514982223511","82","28.172","20.544","3.416063832","0.611490529699625","0.930194398937242","14.887018548",
"5/4/1994","-63.4375","-7.02514982223511","82","33.837","20.305","0.7020948312","0.761666962156447","0.828747872129953","19.36664586",
"5/5/1994","-63.4375","-7.02514982223511","82","29.849","21.532","8.90836272","0.882199617283383","0.890668708602506","16.37448048",
"5/6/1994","-63.4375","-7.02514982223511","82","31.854","21.192","3.632355252","1.18481895087121","0.846284706856756","15.97606974",
"5/7/1994","-63.4375","-7.02514982223511","82","29.841","20.687","7.83291096","1.01525217064569","0.896262705636771","23.9074857",
"5/8/1994","-63.4375","-7.02514982223511","82","31.927","22.943","4.331017224","1.22340875153518","0.870945697964213","19.4226732",
"5/9/1994","-63.4375","-7.02514982223511","82","27.356","22.768","10.162354428","1.02805626288224","0.959384395843419","18.2492469",
"5/10/1994","-63.4375","-7.02514982223511","82","32.136","21.175","3.334519836","0.901967891684575","0.870480582902352","17.0332326",
"5/11/1994","-63.4375","-7.02514982223511","82","32.496","19.871","7.260410376","0.905637525549329","0.875623039176684","19.01570094",
"5/12/1994","-63.4375","-7.02514982223511","82","30.621","21.996","7.53421572","1.29076068576851","0.879211964522839","23.45427522",
"5/13/1994","-63.4375","-7.02514982223511","82","27.858","22.077","4.83312924","1.35177461466793","0.920737829033522","17.98773606",
"5/14/1994","-63.4375","-7.02514982223511","82","30.832","20.385","2.1019938552","1.26199478644648","0.853132466375624","19.555146",
"5/15/1994","-63.4375","-7.02514982223511","82","29.345","19.134","6.241610232","0.654061278454273","0.924218814399188","23.09540562",
"5/16/1994","-63.4375","-7.02514982223511","82","30.985","21.247","4.8760383168","0.9888029122034","0.88060939150491","19.4821353",
"5/17/1994","-63.4375","-7.02514982223511","82","29.303","22.836","9.0044991","0.736651431193456","0.936358987196934","17.06157918",
"5/18/1994","-63.4375","-7.02514982223511","82","28.175","22.772","4.6503073728","0.542492139209961","0.934146247554889","18.05180526",
"5/19/1994","-63.4375","-7.02514982223511","82","31.475","21.486","5.5738438056","1.00186695738215","0.875888539266285","18.79795908",
"5/20/1994","-63.4375","-7.02514982223511","82","29.689","21.997","7.5771304848","0.655607725881786","0.930721198836166","17.719769232",
"5/21/1994","-63.4375","-7.02514982223511","82","34.883","22.082","8.227729908","0.741515201835147","0.843921775867617","17.54611812",
"5/22/1994","-63.4375","-7.02514982223511","82","34.233","21.783","0.8754732","1.06903532815799","0.756778988085682","23.29581906",
"5/23/1994","-63.4375","-7.02514982223511","82","30.447","22.136","8.723832588","1.07922495612354","0.873523519341535","22.87456794",
"5/24/1994","-63.4375","-7.02514982223511","82","30.759","21.743","3.699306","1.12592361357799","0.853825272447605","22.9930317",
"5/25/1994","-63.4375","-7.02514982223511","82","32.42","20.977","0.793933776","1.10330971875685","0.814448663475516","23.16268602",
"5/26/1994","-63.4375","-7.02514982223511","82","33.726","21.145","1.56898476","1.08694127073766","0.790972600346769","18.214706232",
"5/27/1994","-63.4375","-7.02514982223511","82","29.415","21.164","6.4407368664","0.615791884987922","0.925950307916985","16.523885052",
"5/28/1994","-63.4375","-7.02514982223511","82","28.677","19.876","7.2166451328","0.891532846401734","0.941747730002149","20.8970973",
"5/29/1994","-63.4375","-7.02514982223511","82","29.962","22.413","5.03311608","0.974768580339397","0.930674293408017","11.85817698",
"5/30/1994","-63.4375","-7.02514982223511","82","30.373","20.467","0.7467270624","0.973096547670054","0.865966773308061","17.657046",
"5/31/1994","-63.4375","-7.02514982223511","82","29.973","20.575","1.714897224","1.19790757719604","0.843061524245184","20.8179009",
"6/1/1994","-63.4375","-7.02514982223511","82","29.319","20.986","6.60895956","0.940770467128982","0.907872441732313","18.21919896",
"6/2/1994","-63.4375","-7.02514982223511","82","31.686","20.755","10.85586876","0.906692300601007","0.872624625327336","22.1739183",
"6/3/1994","-63.4375","-7.02514982223511","82","30.619","20.673","3.50532612","0.861344989983021","0.882990733246943","22.49111214",
"6/4/1994","-63.4375","-7.02514982223511","82","30.358","19.289","5.053708836","0.965908005093745","0.861089203742788","22.31921088",
"6/5/1994","-63.4375","-7.02514982223511","82","33.28","16.442","0.00686646","1.05091437746062","0.711468670979321","23.04276048",
"6/6/1994","-63.4375","-7.02514982223511","82","28.557","21.128","1.7681112792","1.00766407885558","0.856332367102728","11.3208273",
"6/7/1994","-63.4375","-7.02514982223511","82","30.329","21.251","1.43852238","1.44388612144006","0.82603319450839","19.9837674",
"6/8/1994","-63.4375","-7.02514982223511","82","29.156","20.922","3.086472024","1.16340553487245","0.89870004738004","16.7476482",
"6/9/1994","-63.4375","-7.02514982223511","82","31.843","19.805","0","1.57826020592472","0.726160661926918","22.48695198",
"6/10/1994","-63.4375","-7.02514982223511","82","31.298","16.982","0","1.22993158765936","0.717655335347117","16.85632536",
"6/11/1994","-63.4375","-7.02514982223511","82","33.384","17.945","0","0.769687106227084","0.718923730731663","14.59063404",
"6/12/1994","-63.4375","-7.02514982223511","82","33.39","18.662","0","1.03949618694121","0.704709459704956","14.2900884",
"6/13/1994","-63.4375","-7.02514982223511","82","33.953","20.15","0","1.16401479280979","0.65474067703658","16.20264654",
"6/14/1994","-63.4375","-7.02514982223511","82","33.38","19.323","0","0.900135079062456","0.754131168001952","14.02543548",
"6/15/1994","-63.4375","-7.02514982223511","82","30.899","19.448","0","1.35671022935866","0.7248871820235","12.69905904",
"6/16/1994","-63.4375","-7.02514982223511","82","30.825","20.252","0","1.210777703076","0.717840585157004","16.70259402",
"6/17/1994","-63.4375","-7.02514982223511","82","32.593","20.742","1.632499668","0.928555810330055","0.813606333315745","14.78171268",
"6/18/1994","-63.4375","-7.02514982223511","82","33.768","17.564","1.2016296","0.842329406795358","0.748769094841619","20.41936992",
"6/19/1994","-63.4375","-7.02514982223511","82","35.495","21.037","1.65138192","1.11148236419587","0.781517530432941","15.43320522",
"6/20/1994","-63.4375","-7.02514982223511","82","33.103","20.822","3.38516136","1.18102824546817","0.842199187671867","20.3739138",
"6/21/1994","-63.4375","-7.02514982223511","82","31.2","19.916","2.30712912","1.01844448331223","0.84324032951746","21.54284964",
"6/22/1994","-63.4375","-7.02514982223511","82","30.178","22.109","1.222229052","0.905861287379462","0.877402362914872","13.5668232",
"6/23/1994","-63.4375","-7.02514982223511","82","29.273","18.116","1.6033182264","1.256884419936","0.86862577633112","12.6791442",
"6/24/1994","-63.4375","-7.02514982223511","82","28.821","17.873","6.97288428","0.856376891668461","0.904757688158801","21.81892788",
"6/25/1994","-63.4375","-7.02514982223511","82","29.082","20.791","7.85865618","1.44055108824385","0.919444809307088","14.377446",
"6/26/1994","-63.4375","-7.02514982223511","82","26.007","15.577","0.76561002","2.19529262881428","0.686037572692297","21.1000446",
"6/27/1994","-63.4375","-7.02514982223511","82","29.558","15.755","0","1.40525195390565","0.597335573724724","21.38832432",
"6/28/1994","-63.4375","-7.02514982223511","82","32.178","16.557","0","1.0023449580138","0.672502729128498","22.4687232",
"6/29/1994","-63.4375","-7.02514982223511","82","32.992","19.358","0.2265930792","1.05855846727699","0.70433325979841","13.21965216",
"6/30/1994","-63.4375","-7.02514982223511","82","28.35","21.496","18.757439784","0.860123217547526","0.931907906458923","14.32209906",
"7/1/1994","-63.4375","-7.02514982223511","82","31.57","21.495","3.228957576","0.752210528859233","0.916440956628449","13.14698022",
"7/2/1994","-63.4375","-7.02514982223511","82","30.027","20.442","2.1028518","1.15852629281365","0.848265556930697","16.29208548",
"7/3/1994","-63.4375","-7.02514982223511","82","32.682","17.838","0","1.19004524928397","0.713667477492184","22.2419817",
"7/4/1994","-63.4375","-7.02514982223511","82","32.154","19.203","0","1.6324501889805","0.596319484599548","19.48326138",
"7/5/1994","-63.4375","-7.02514982223511","82","32.813","15.466","0","1.29703102432743","0.561112729503904","22.97412936",
"7/6/1994","-63.4375","-7.02514982223511","82","34.096","17.523","0","1.07624702330529","0.577063927805821","22.89993354",
"7/7/1994","-63.4375","-7.02514982223511","82","30.156","21.892","2.807520912","1.06381465400987","0.729870582826356","20.1628152",
"7/8/1994","-63.4375","-7.02514982223511","82","26.144","20.354","0.1218796488","1.40306574497739","0.84279167167512","6.319291752",
"7/9/1994","-63.4375","-7.02514982223511","82","29.5","20.31","0","2.56702067890494","0.629955090236507","22.74542262",
"7/10/1994","-63.4375","-7.02514982223511","82","27.835","15.616","0","2.25955513833932","0.586614792948289","23.36675166",
"7/11/1994","-63.4375","-7.02514982223511","82","29.033","14.915","0","1.83889141633474","0.582051599718378","23.52859038",
"7/12/1994","-63.4375","-7.02514982223511","82","31.67","14.523","0","1.2468460387164","0.600696116878088","23.67073836",
"7/13/1994","-63.4375","-7.02514982223511","82","33.317","14.858","0","1.12940175721153","0.591667941793049","23.33014236",
"7/14/1994","-63.4375","-7.02514982223511","82","33.979","15.586","0","1.09095940740216","0.637112342354606","18.96282936",
"7/15/1994","-63.4375","-7.02514982223511","82","33.84","16.682","0","1.26597284608994","0.617304940334134","22.62661884",
"7/16/1994","-63.4375","-7.02514982223511","82","34.771","16.747","0","1.27391265152142","0.51146074828378","23.5693098",
"7/17/1994","-63.4375","-7.02514982223511","82","35.315","18.63","0","1.25850152923996","0.550000999755789","23.76478476",
"7/18/1994","-63.4375","-7.02514982223511","82","34.605","18.75","0","1.43340265627352","0.510936716593106","19.62061938",
"7/19/1994","-63.4375","-7.02514982223511","82","35.859","15.148","0","1.1038426902785","0.547053881089397","23.98916412",
"7/20/1994","-63.4375","-7.02514982223511","82","35.201","16.89","0","0.944463866868298","0.651277284040285","15.81564204",
"7/21/1994","-63.4375","-7.02514982223511","82","31.57","19.224","0","0.876448816642661","0.743999722491308","11.76671124",
"7/22/1994","-63.4375","-7.02514982223511","82","34.391","20.076","0","1.13206466411983","0.66106296740069","16.032822048",
"7/23/1994","-63.4375","-7.02514982223511","82","33.815","21.069","0","1.62301879625072","0.606481357761213","15.84545166",
"7/24/1994","-63.4375","-7.02514982223511","82","33.275","18.187","0.92010492","1.22664707896279","0.72779044357044","20.978104608",
"7/25/1994","-63.4375","-7.02514982223511","82","35.031","17.214","0","1.09251595597266","0.646196571773041","23.775242328",
"7/26/1994","-63.4375","-7.02514982223511","82","32.958","20.926","0","1.44322369171534","0.548262705391593","17.1220491",
"7/27/1994","-63.4375","-7.02514982223511","82","36.833","20.38","0","1.40099929996516","0.494722205960872","24.30005454",
"7/28/1994","-63.4375","-7.02514982223511","82","36.158","21.685","0","1.3759293062158","0.447966630122442","23.4356094",
"7/29/1994","-63.4375","-7.02514982223511","82","36.453","23.832","0","1.10415487349925","0.440321061684207","11.73685212",
"7/30/1994","-63.4375","-7.02514982223511","82","36.576","20.987","0","1.37142856381315","0.407305310770513","22.028000472",
"7/31/1994","-63.4375","-7.02514982223511","82","36.775","13.224","0","0.962275672252655","0.510386370949715","24.89934186",
"8/1/1994","-63.4375","-7.02514982223511","82","38.617","18.438","0","0.885600790869404","0.509785063644854","24.371097192",
"8/2/1994","-63.4375","-7.02514982223511","82","38.47","17.178","0","1.03650938302293","0.46225495918318","14.92942104",
"8/3/1994","-63.4375","-7.02514982223511","82","37.127","18.765","0","1.30466587527311","0.436212411501679","24.728065488",
"8/4/1994","-63.4375","-7.02514982223511","82","36.943","22.541","0","1.34956006707259","0.400758880787261","22.4203545",
"8/5/1994","-63.4375","-7.02514982223511","82","37.041","16.208","0","1.37206804913391","0.435475542060691","25.188467472",
"8/6/1994","-63.4375","-7.02514982223511","82","37.276","23.198","0","0.928645881285374","0.468443759362601","19.09513422",
"8/7/1994","-63.4375","-7.02514982223511","82","35.918","22.697","0","1.22609820052609","0.48616787469976","16.754682168",
"8/8/1994","-63.4375","-7.02514982223511","82","35.345","20.558","0","1.0469118158438","0.601375200410665","13.318930728",
"8/9/1994","-63.4375","-7.02514982223511","82","34.689","19.941","0","0.881198747254765","0.644918466867943","14.06777895",
"8/10/1994","-63.4375","-7.02514982223511","82","33.206","19.344","0.04634856","1.71110698137659","0.678425699182515","17.161821",
"8/11/1994","-63.4375","-7.02514982223511","82","34.167","20.544","0.193977576","1.76521553546502","0.624311968664942","23.8106781",
"8/12/1994","-63.4375","-7.02514982223511","82","36.025","21.304","0","1.25461675610173","0.477309547953464","24.166742832",
"8/13/1994","-63.4375","-7.02514982223511","82","35.961","23.101","0","0.984243058274644","0.509970388031216","15.626250072",
"8/14/1994","-63.4375","-7.02514982223511","82","35.032","18.944","0","1.33931365486253","0.492339740923491","17.090774352",
"8/15/1994","-63.4375","-7.02514982223511","82","36.908","19.962","0","1.33379392211597","0.422365061859716","24.8088375",
"8/16/1994","-63.4375","-7.02514982223511","82","37.362","17.138","0","1.28331519686861","0.350928627717321","26.27538822",
"8/17/1994","-63.4375","-7.02514982223511","82","38.864","14.95","0","1.07038251082719","0.332531296363545","26.2905741",
"8/18/1994","-63.4375","-7.02514982223511","82","38.585","15.049","0","0.853786660374772","0.400885329154509","26.48328624",
"8/19/1994","-63.4375","-7.02514982223511","82","37.957","18.919","0","1.37882950362024","0.412234855761314","26.125699968",
"8/20/1994","-63.4375","-7.02514982223511","82","39.2","20.773","0","1.33505785892277","0.37726066386105","16.310188872",
"8/21/1994","-63.4375","-7.02514982223511","82","38.821","18.28","0","1.2802599164595","0.437514765985149","22.92198768",
"8/22/1994","-63.4375","-7.02514982223511","82","39.449","22.238","0","1.13420645362797","0.39413100994569","24.136424928",
"8/23/1994","-63.4375","-7.02514982223511","82","38.897","16.99","0","1.14610721343747","0.417209992163664","26.875179792",
"8/24/1994","-63.4375","-7.02514982223511","82","39.439","15.831","0","1.21901823999947","0.352248059099208","23.337505008",
"8/25/1994","-63.4375","-7.02514982223511","82","39.896","21.65","0","1.3389388263466","0.409243261749038","17.908876512",
"8/26/1994","-63.4375","-7.02514982223511","82","41.1","22.368","0","1.21984196292083","0.463641014097016","17.75750958",
"8/27/1994","-63.4375","-7.02514982223511","82","39.337","21.48","0","1.56672920235911","0.367149230220647","26.68500072",
"8/28/1994","-63.4375","-7.02514982223511","82","40.913","25.036","0","0.985103873778578","0.3584095904322","7.15651416",
"8/29/1994","-63.4375","-7.02514982223511","82","36.82","18.852","0","1.26284947791804","0.414047394949608","14.39038134",
"8/30/1994","-63.4375","-7.02514982223511","82","37.247","23.829","0","1.60005204989653","0.401312861412115","20.391858432",
"8/31/1994","-63.4375","-7.02514982223511","82","38.828","22.038","0","1.84775993406556","0.36052696808163","24.486521328",
"9/1/1994","-63.4375","-7.02514982223511","82","37.57","22.859","0","1.5442567862479","0.377362642495741","18.61154766",
"9/2/1994","-63.4375","-7.02514982223511","82","41","23.844","0","1.42164784109331","0.344775465990869","18.50551542",
"9/3/1994","-63.4375","-7.02514982223511","82","41.668","19.654","0.0420570432","0.973953295838053","0.414051381414528","21.0507201",
"9/4/1994","-63.4375","-7.02514982223511","82","37.574","24.793","0","1.09800208892893","0.424294279391664","18.10248444",
"9/5/1994","-63.4375","-7.02514982223511","82","37.863","23.515","0","1.0893286434036","0.520355188627106","11.90773044",
"9/6/1994","-63.4375","-7.02514982223511","82","38.142","21.648","0","1.17984048424922","0.516012000134524","18.557999352",
"9/7/1994","-63.4375","-7.02514982223511","82","37.357","25.713","0","1.07229977014071","0.500415567754899","16.34765076",
"9/8/1994","-63.4375","-7.02514982223511","82","35.85","21.741","0.0738143928","1.36596161035114","0.520555462111759","19.990176192",
"9/9/1994","-63.4375","-7.02514982223511","82","37.972","20.171","0","1.26119013619187","0.503433940120541","18.494786448",
"9/10/1994","-63.4375","-7.02514982223511","82","36.323","22.169","0.7226940024","1.22003018615581","0.507230009548096","13.03908804",
"9/11/1994","-63.4375","-7.02514982223511","82","38.669","20.9","0.2368928664","1.05229422424826","0.470742430378211","21.657825072",
"9/12/1994","-63.4375","-7.02514982223511","82","39.52","25.654","0.065231316","1.22806441817437","0.457638944759371","19.073362392",
"9/13/1994","-63.4375","-7.02514982223511","82","38.249","25.771","0.151062084","1.31254114321137","0.48866177717329","19.675970928",
"9/14/1994","-63.4375","-7.02514982223511","82","36.547","22.734","3.46927284","1.37823074850258","0.618175436461327","16.87095018",
"9/15/1994","-63.4375","-7.02514982223511","82","32.807","23.111","1.13639796","1.49302228076736","0.681839022737356","15.408788418",
"9/16/1994","-63.4375","-7.02514982223511","82","36.568","21.046","0.5664828384","1.28909674439039","0.618670695298858","18.83030454",
"9/17/1994","-63.4375","-7.02514982223511","82","37.726","22.805","0.1905439464","1.29001403490685","0.548257366650587","22.15608696",
"9/18/1994","-63.4375","-7.02514982223511","82","39.714","22.822","0.0102996792","1.42960091724588","0.443801655089697","24.952724712",
"9/19/1994","-63.4375","-7.02514982223511","82","39.211","24.035","0","1.42118162373349","0.476850959997063","17.732751408",
"9/20/1994","-63.4375","-7.02514982223511","82","39.89","22.063","0","0.894235495370357","0.422448973458218","23.788741608",
"9/21/1994","-63.4375","-7.02514982223511","82","28.659","19.974","0.4188538224","0.961106350340226","0.6426968145828","2.412393768",
"9/22/1994","-63.4375","-7.02514982223511","82","36.602","21.975","0","1.32103421678923","0.575955196916432","15.95559276",
"9/23/1994","-63.4375","-7.02514982223511","82","39.273","20.103","0","1.08926175836769","0.522089301747651","23.10058566",
"9/24/1994","-63.4375","-7.02514982223511","82","39.951","22.912","0","1.28381379009141","0.465609004681777","23.43161268",
"9/25/1994","-63.4375","-7.02514982223511","82","38.118","22.997","0.2145770136","0.96187559293258","0.481856249177126","16.98441444",
"9/26/1994","-63.4375","-7.02514982223511","82","37.443","24.485","0.8085255624","0.921104782995221","0.587739311125984","13.79919591",
"9/27/1994","-63.4375","-7.02514982223511","82","39.949","22.598","0.0240325776","1.04358719299001","0.472638436289815","19.48196592",
"9/28/1994","-63.4375","-7.02514982223511","82","40.171","22.781","1.1329636104","1.52337705093358","0.435341177873125","24.25021956",
"9/29/1994","-63.4375","-7.02514982223511","82","37.379","22.874","0.86517324","1.23065521400827","0.646356416080974","18.36078228",
"9/30/1994","-63.4375","-7.02514982223511","82","33.016","21.947","0.868606452","1.30038919543542","0.697451562279822","14.29092684",
"10/1/1994","-63.4375","-7.02514982223511","82","35.941","21.37","0.04119876","1.54776307020204","0.592415323157594","17.6019264",
"10/2/1994","-63.4375","-7.02514982223511","82","35.086","21.887","1.8831258","0.979337072256116","0.628011769064814","14.62826286",
"10/3/1994","-63.4375","-7.02514982223511","82","35.935","22.331","0","1.3658672840887","0.55455604166327","12.78349308",
"10/4/1994","-63.4375","-7.02514982223511","82","36.578","21.6","0.3519063864","1.45221873814622","0.527370813704193","20.33054712",
"10/5/1994","-63.4375","-7.02514982223511","82","38.734","25.794","0","1.2788356007879","0.423817063049812","25.98912576",
"10/6/1994","-63.4375","-7.02514982223511","82","39.134","23.656","0.0205993728","1.28906595181204","0.486913807197078","19.406640168",
"10/7/1994","-63.4375","-7.02514982223511","82","41.014","21.123","0.18367812","0.879584344264418","0.504745671871854","16.83292554",
"10/8/1994","-63.4375","-7.02514982223511","82","36.973","21.61","0.6334308","0.950933434549251","0.628874879854953","11.425886748",
"10/9/1994","-63.4375","-7.02514982223511","82","37.711","25.151","0.2351759544","1.51861203957327","0.466905179678545","19.681702488",
"10/10/1994","-63.4375","-7.02514982223511","82","36.485","22.693","0","1.44542454836117","0.556142281489573","19.05638148",
"10/11/1994","-63.4375","-7.02514982223511","82","36.123","20.05","0.01373292","1.00406385515068","0.56413175355275","18.24328116",
"10/12/1994","-63.4375","-7.02514982223511","82","35.738","21.394","0","1.21596762072892","0.653660437733162","12.03632064",
"10/13/1994","-63.4375","-7.02514982223511","82","35.026","22.741","4.866597","1.24684520365453","0.688357582045024","13.72595652",
"10/14/1994","-63.4375","-7.02514982223511","82","37.756","21.483","0","1.6271704931433","0.495882441877534","28.96729236",
"10/15/1994","-63.4375","-7.02514982223511","82","37.007","24.526","0","0.976386154880869","0.494392334307696","20.41857648",
"10/16/1994","-63.4375","-7.02514982223511","82","34.786","19.992","0.011157984","1.60793759406258","0.534298674677283","24.10689528",
"10/17/1994","-63.4375","-7.02514982223511","82","39.902","22.689","0","1.24810050448664","0.488040069822808","26.18471052",
"10/18/1994","-63.4375","-7.02514982223511","82","39.678","25.597","0","1.97400283662501","0.402237571570162","26.152871832",
"10/19/1994","-63.4375","-7.02514982223511","82","39.512","20.122","0","0.922842145057419","0.466302626696375","21.23493876",
"10/20/1994","-63.4375","-7.02514982223511","82","36.928","23.223","0","1.37795690296163","0.443577187197531","22.72331628",
"10/21/1994","-63.4375","-7.02514982223511","82","34.226","24.449","0.0205993728","1.12811809041252","0.533726252218505","11.9453058",
"10/22/1994","-63.4375","-7.02514982223511","82","37.746","21.693","0","1.00579690316094","0.53344736400663","20.68448112",
"10/23/1994","-63.4375","-7.02514982223511","82","34.656","20.64","0","1.20268781957725","0.598399711854648","16.0795692",
"10/24/1994","-63.4375","-7.02514982223511","82","39.095","21.705","0","0.954888845208135","0.496503830988126","19.13805972",
"10/25/1994","-63.4375","-7.02514982223511","82","38.727","22.438","0","0.981868171776301","0.482572978395304","15.44433372",
"10/26/1994","-63.4375","-7.02514982223511","82","38.17","20.979","0.8600232528","1.07378873634093","0.589621560806398","9.76224654",
"10/27/1994","-63.4375","-7.02514982223511","82","41.489","24.708","4.519841328","0.784339635157552","0.592380639246025","18.46394856",
"10/28/1994","-63.4375","-7.02514982223511","82","38.162","23.682","1.22737896","1.56415123850914","0.506961871135502","23.24767608",
"10/29/1994","-63.4375","-7.02514982223511","82","40.792","20.527","0.0738144","0.512979195757563","0.571804268393019","16.61602752",
"10/30/1994","-63.4375","-7.02514982223511","82","36.451","21.913","0.971603352","1.22509746672422","0.614160866423353","19.604988",
"10/31/1994","-63.4375","-7.02514982223511","82","36.057","20.971","0.2162934","1.54333703638518","0.576967478676226","26.23663188",
"11/1/1994","-63.4375","-7.02514982223511","82","29.247","19.763","4.19712066","1.11931530216509","0.827731576916226","5.50490544",
"11/2/1994","-63.4375","-7.02514982223511","82","36.851","20.932","0.08583084","1.22880555048687","0.621534499907064","18.6436674",
"11/3/1994","-63.4375","-7.02514982223511","82","39.411","20.708","0.47893536","1.1275810790865","0.550954114165183","29.1175839",
"11/4/1994","-63.4375","-7.02514982223511","82","33.638","21.956","0.5081175864","0.876317819609441","0.584153697921239","8.78782914",
"11/5/1994","-63.4375","-7.02514982223511","82","39.116","21.791","0","1.19306998281097","0.47998992894341","20.49013278",
"11/6/1994","-63.4375","-7.02514982223511","82","39.203","23.033","0","1.49223682082903","0.433628844666819","19.9530099",
"11/7/1994","-63.4375","-7.02514982223511","82","37.134","22.079","0.4669191144","1.08212207793093","0.568812682082908","17.48970162",
"11/8/1994","-63.4375","-7.02514982223511","82","39.975","23.787","0.21286008","1.33209610743916","0.543554776162248","17.22937374",
"11/9/1994","-63.4375","-7.02514982223511","82","37.941","22.423","0","1.40560205348331","0.586009581312157","15.61566996",
"11/10/1994","-63.4375","-7.02514982223511","82","40.048","21.955","0","1.24869434211","0.557635284780523","23.06828988",
"11/11/1994","-63.4375","-7.02514982223511","82","37.705","21.285","0","0.974549502101546","0.585623483981542","21.3745482",
"11/12/1994","-63.4375","-7.02514982223511","82","38.905","21.872","0","0.962200908212762","0.535474115009195","18.93505284",
"11/13/1994","-63.4375","-7.02514982223511","82","38.662","21.477","0","1.14878740512086","0.464243419819139","18.17758368",
"11/14/1994","-63.4375","-7.02514982223511","82","40.501","23.562","0","1.03808042796578","0.481988161208433","17.829117",
"11/15/1994","-63.4375","-7.02514982223511","82","36.489","20.698","0","1.16660682060448","0.544021569038013","12.94655328",
"11/16/1994","-63.4375","-7.02514982223511","82","39.696","21.071","0","1.34698136305705","0.438794645669707","25.7486058",
"11/17/1994","-63.4375","-7.02514982223511","82","39.865","23.732","0","1.15058598246754","0.459192144527376","20.412396",
"11/18/1994","-63.4375","-7.02514982223511","82","37.086","21.654","2.5011072","1.04324435399462","0.553587626254257","23.01778188",
"11/19/1994","-63.4375","-7.02514982223511","82","38.085","22.547","4.28809896","1.1539763501279","0.692258915715981","15.05485782",
"11/20/1994","-63.4375","-7.02514982223511","82","36.863","23.462","1.658253672","0.859527509895441","0.72054990982506","9.35482626",
"11/21/1994","-63.4375","-7.02514982223511","82","36.261","22.33","1.189613844","1.29779963687628","0.626641359612962","20.6134929",
"11/22/1994","-63.4375","-7.02514982223511","82","31.406","21.405","10.87302672","0.886357697282634","0.897252547280598","17.5570308",
"11/23/1994","-63.4375","-7.02514982223511","82","29.599","22.642","1.0831832064","0.504768418486004","0.911871621075912","10.31517828",
"11/24/1994","-63.4375","-7.02514982223511","82","34.706","22.384","0.0823974192","1.24133137273895","0.712666704795908","19.134342",
"11/25/1994","-63.4375","-7.02514982223511","82","28.055","22.357","34.2275445864","1.30620270544444","0.90282958545205","8.6080527",
"11/26/1994","-63.4375","-7.02514982223511","82","29.025","21.359","8.279224092","0.84188661182308","0.893361908646069","20.07922428",
"11/27/1994","-63.4375","-7.02514982223511","82","24.592","21.438","17.86908996","1.15543267465415","0.947286272889072","6.87031866",
"11/28/1994","-63.4375","-7.02514982223511","82","29.307","21.003","0.9964941984","1.61001420364691","0.837538893699719","18.97391178",
"11/29/1994","-63.4375","-7.02514982223511","82","33.143","20.815","0.1871108928","1.05020314338753","0.723978065115189","18.9795348",
"11/30/1994","-63.4375","-7.02514982223511","82","29.738","21.493","6.1763738184","1.18598628871153","0.874175429433804","27.90421704",
"12/1/1994","-63.4375","-7.02514982223511","82","31.781","22.738","6.437301408","0.845044977067685","0.861634230970412","13.9066857",
"12/2/1994","-63.4375","-7.02514982223511","82","28.835","22.077","2.1200179104","1.51760977143418","0.810973629503938","18.9865098",
"12/3/1994","-63.4375","-7.02514982223511","82","35.471","20.725","3.3439644864","1.18276250557031","0.684801226225688","27.27692298",
"12/4/1994","-63.4375","-7.02514982223511","82","33.573","22.708","13.43765628","1.16208264677663","0.837666029012799","26.3263464",
"12/5/1994","-63.4375","-7.02514982223511","82","33.527","22.28","16.440012","0.916829296878113","0.845737601655735","12.939747372",
"12/6/1994","-63.4375","-7.02514982223511","82","35.411","20.728","5.3867348856","0.862452407056891","0.805944646501363","11.64065832",
"12/7/1994","-63.4375","-7.02514982223511","82","27.285","22.55","12.4351434","1.17067850229347","0.933426048915727","16.83202536",
"12/8/1994","-63.4375","-7.02514982223511","82","31.176","21.667","0.868606452","0.783709603413864","0.838280900374778","15.14711358",
"12/9/1994","-63.4375","-7.02514982223511","82","31.516","21.504","1.637649324","1.03552751779861","0.820312668834829","20.0817468",
"12/10/1994","-63.4375","-7.02514982223511","82","34.689","21.49","5.0811768864","0.829339880138222","0.768691723912854","21.32499204",
"12/11/1994","-63.4375","-7.02514982223511","82","36.065","22.76","3.1173696","1.35347143602452","0.711050128191464","22.6078272",
"12/12/1994","-63.4375","-7.02514982223511","82","32.34","22.523","6.15749616","1.2480491423208","0.845941968660502","14.4745299",
"12/13/1994","-63.4375","-7.02514982223511","82","35.246","22.456","3.623775516","0.719326697639873","0.843722703714437","11.88702846",
"12/14/1994","-63.4375","-7.02514982223511","82","28.333","20.985","1.5003200664","0.996533209016038","0.904079998969737","10.79707662",
"12/15/1994","-63.4375","-7.02514982223511","82","32.477","22.18","6.5883633192","0.817088857435542","0.867952933407438","20.702763",
"12/16/1994","-63.4375","-7.02514982223511","82","30.673","22.852","6.5574670104","1.1064050262561","0.893577850610331","23.96981142",
"12/17/1994","-63.4375","-7.02514982223511","82","33.472","22.986","5.38158708","1.02109103927368","0.836834111968442","19.63715598",
"12/18/1994","-63.4375","-7.02514982223511","82","30.306","22.752","10.40439762","1.20647646636056","0.874524428944134","24.7124808",
"12/19/1994","-63.4375","-7.02514982223511","82","33.814","23.759","0.4222870992","1.12045017036255","0.753481037591447","21.4714143",
"12/20/1994","-63.4375","-7.02514982223511","82","31.298","23.522","8.672333508","0.851649256189532","0.815183952180554","12.0809223",
"12/21/1994","-63.4375","-7.02514982223511","82","32.949","22.307","4.7395674","1.38168824672853","0.801080689144128","26.91967932",
"12/22/1994","-63.4375","-7.02514982223511","82","34.85","22.344","0.113296572","1.26790623022248","0.700804916743399","21.06140616",
"12/23/1994","-63.4375","-7.02514982223511","82","35.427","21.728","0","1.32688744875409","0.681984195926502","18.88267176",
"12/24/1994","-63.4375","-7.02514982223511","82","29.87","22.877","4.269220452","0.860260686066174","0.87209919330602","9.46192572",
"12/25/1994","-63.4375","-7.02514982223511","82","24.931","22.75","16.4176985304","0.851671594818241","0.974836201948343","2.74837716",
"12/26/1994","-63.4375","-7.02514982223511","82","30.56","21.965","3.5190569664","1.07439594012071","0.845025289296849","18.1299906",
"12/27/1994","-63.4375","-7.02514982223511","82","24.63","21.92","31.44665052","0.577412727980917","0.977643645538422","2.80541232",
"12/28/1994","-63.4375","-7.02514982223511","82","24.467","21.332","3.048705144","0.806204968964049","0.965723585078427","4.2603768",
"12/29/1994","-63.4375","-7.02514982223511","82","31.412","20.774","2.53372266","1.31090114451285","0.814949653996564","21.4063875",
"12/30/1994","-63.4375","-7.02514982223511","82","33.104","22.581","10.7116692912","0.897774216182707","0.866890176263568","17.9590509",
"12/31/1994","-63.4375","-7.02514982223511","82","33.389","22.611","5.592729492","0.772866654213661","0.839996264895688","23.23253826",
"1/1/1995","-63.4375","-7.02514982223511","82","32.067","22.809","7.4784292704","1.1272365121941","0.892264789076845","22.4005545",
"1/2/1995","-63.4375","-7.02514982223511","82","30.951","23.404","6.90422184","0.562732307087653","0.890833684933129","16.43445072",
"1/3/1995","-63.4375","-7.02514982223511","82","34.157","23.057","15.326784648","1.03036436081816","0.87252423897004","22.7542446",
"1/4/1995","-63.4375","-7.02514982223511","82","27.455","22.74","11.65923828","0.897755085508411","0.949602814948535","12.65973462",
"1/5/1995","-63.4375","-7.02514982223511","82","28.33","23.677","2.9422764576","0.970313299506273","0.920185684951555","10.992765132",
"1/6/1995","-63.4375","-7.02514982223511","82","28.405","22.281","1.4471056008","0.9881100513085","0.912233367007592","7.38562392",
"1/7/1995","-63.4375","-7.02514982223511","82","29.074","22.189","0.5999564664","1.0155947290497","0.860000293189019","11.6940375",
"1/8/1995","-63.4375","-7.02514982223511","82","32.294","21.877","0","0.880688408593682","0.807818104826527","15.10380504",
"1/9/1995","-63.4375","-7.02514982223511","82","33.642","22.985","2.5285727592","1.70391649277555","0.801203252909049","20.82369312",
"1/10/1995","-63.4375","-7.02514982223511","82","33.703","22.063","2.470204908","1.70714957035308","0.77594989057841","23.9031009",
"1/11/1995","-63.4375","-7.02514982223511","82","34.117","23.032","3.7267712784","1.31987832689697","0.799846973610214","13.6996263",
"1/12/1995","-63.4375","-7.02514982223511","82","30.871","22.495","2.633286312","1.97177465086895","0.796246729931835","20.3399478",
"1/13/1995","-63.4375","-7.02514982223511","82","33.664","22.124","2.986910064","1.13165239385842","0.773007922243648","17.72184744",
"1/14/1995","-63.4375","-7.02514982223511","82","28.424","21.986","12.72868596","0.834528280089665","0.916463717819944","19.726366068",
"1/15/1995","-63.4375","-7.02514982223511","82","31.967","21.239","13.409332776","0.843854587100845","0.877120731301908","28.1643705",
"1/16/1995","-63.4375","-7.02514982223511","82","30.649","20.287","0.7158285144","0.789160323172657","0.872833204177892","15.0338205",
"1/17/1995","-63.4375","-7.02514982223511","82","34.84","20.984","0.15106212","0.879881708158546","0.717985692468456","19.905528312",
"1/18/1995","-63.4375","-7.02514982223511","82","30.554","22.48","5.83734456","1.25747306471466","0.854758432661289","25.31396124",
"1/19/1995","-63.4375","-7.02514982223511","82","34.396","21.563","8.004572892","0.97197371425727","0.841902319614946","15.58221336",
"1/20/1995","-63.4375","-7.02514982223511","82","31.624","22.697","13.95778896","1.05619385155804","0.902951443471272","27.84020652",
"1/21/1995","-63.4375","-7.02514982223511","82","32.084","22.905","0.23088492","1.4041354803767","0.776014150997856","22.450782168",
"1/22/1995","-63.4375","-7.02514982223511","82","35.803","20.218","2.07281196","1.05047312005436","0.740468654368879","19.4890554",
"1/23/1995","-63.4375","-7.02514982223511","82","30.72","20.793","10.212138","0.779158781089625","0.914990206375686","22.83811596",
"1/24/1995","-63.4375","-7.02514982223511","82","31.915","22.814","19.040679","0.930198362914918","0.862076854276731","18.812362392",
"1/25/1995","-63.4375","-7.02514982223511","82","27.678","22.56","79.6868835264","1.04938961399019","0.929459897714157","10.934721432",
"1/26/1995","-63.4375","-7.02514982223511","82","29.56","22.294","6.44416812","1.06232284287592","0.92677825737998","10.76124591",
"1/27/1995","-63.4375","-7.02514982223511","82","31.579","23.452","1.4488211736","1.03971694621253","0.835927276136775","13.612444632",
"1/28/1995","-63.4375","-7.02514982223511","82","32.07","21.696","7.05871224","1.26659963474841","0.816912705051619","24.516618768",
"1/29/1995","-63.4375","-7.02514982223511","82","28.5","22.306","11.660955948","0.980696367143526","0.921116458843833","11.51550108",
"1/30/1995","-63.4375","-7.02514982223511","82","32.547","21.697","8.2672073208","0.880988918928112","0.892324274645136","23.17938102",
"1/31/1995","-63.4375","-7.02514982223511","82","33.103","23.066","4.246904412","1.09993235492207","0.817277899058799","20.99351538",
"2/1/1995","-63.4375","-7.02514982223511","82","35.292","21.803","1.7097478704","1.4226537787912","0.753862872100763","21.3140232",
"2/2/1995","-63.4375","-7.02514982223511","82","35.809","23.716","10.65674178","1.17774636934142","0.752785039732906","22.28546394",
"2/3/1995","-63.4375","-7.02514982223511","82","27.189","23.359","16.06064076","1.01311758797296","0.9261205193686","5.90360094",
"2/4/1995","-63.4375","-7.02514982223511","82","29.16","21.959","0.0205993728","0.924166837742126","0.849281567353939","8.905950072",
"2/5/1995","-63.4375","-7.02514982223511","82","28.34","22.632","1.3767237","0.799221862338825","0.925128981682039","5.627585304",
"2/6/1995","-63.4375","-7.02514982223511","82","33.817","22.846","14.2684978968","0.887500257625843","0.892622390215127","17.566082352",
"2/7/1995","-63.4375","-7.02514982223511","82","27.432","22.346","11.1305198088","0.805093650727604","0.954244703180388","14.552331048",
"2/8/1995","-63.4375","-7.02514982223511","82","35.962","22.895","4.772186712","0.909798856914412","0.844677078709458","16.214126652",
"2/9/1995","-63.4375","-7.02514982223511","82","30.171","23.255","10.344311352","0.923837525169295","0.901329150912603","19.50046002",
"2/10/1995","-63.4375","-7.02514982223511","82","32.421","22.067","12.55188168","0.994893427825961","0.896208252146528","27.20937204",
"2/11/1995","-63.4375","-7.02514982223511","82","30.094","23.607","1.5930175104","1.40100201528937","0.899318575867967","16.640774352",
"2/12/1995","-63.4375","-7.02514982223511","82","32.774","22.277","10.04734368","1.10306407460603","0.822186354910753","26.538298632",
"2/13/1995","-63.4375","-7.02514982223511","82","32.294","23.807","8.198547012","0.741610140762673","0.857811348643133","16.84051974",
"2/14/1995","-63.4375","-7.02514982223511","82","31.759","23.748","8.866313136","1.07554795844773","0.915054877406573","14.724845352",
"2/15/1995","-63.4375","-7.02514982223511","82","28.072","24.133","14.1663527568","1.19718354813549","0.937224490004859","25.08890472",
"2/16/1995","-63.4375","-7.02514982223511","82","27.479","23.016","1.987838352","0.935161105674511","0.940270646326256","7.725597408",
"2/17/1995","-63.4375","-7.02514982223511","82","28.368","22.841","11.98196316","1.42223959637804","0.936244071783819","12.93024537",
"2/18/1995","-63.4375","-7.02514982223511","82","29.505","21.756","3.03154182","1.36496281223263","0.872565672795092","13.289181732",
"2/19/1995","-63.4375","-7.02514982223511","82","27.859","21.166","3.220367616","0.592390767079405","0.921401788396678","8.625941532",
"2/20/1995","-63.4375","-7.02514982223511","82","33.637","18.709","2.54573856","1.06462002693593","0.787994749991797","23.38874604",
"2/21/1995","-63.4375","-7.02514982223511","82","34.833","22.852","1.7887122","1.30434775498309","0.809646317109458","17.459777448",
"2/22/1995","-63.4375","-7.02514982223511","82","35.363","22.729","51.6872337408","1.24995828178071","0.841311051115688","21.8459745",
"2/23/1995","-63.4375","-7.02514982223511","82","30.824","22","67.5401680944","1.06258344439687","0.86701933337349","12.867809472",
"2/24/1995","-63.4375","-7.02514982223511","82","36.467","21.7","0.415422","1.05124507328525","0.703151679628833","22.601755512",
"2/25/1995","-63.4375","-7.02514982223511","82","29.446","22.622","25.6582224","1.19076395579267","0.900989394843965","17.77241295",
"2/26/1995","-63.4375","-7.02514982223511","82","27.856","22.64","10.0799546184","1.0832459332025","0.928242738517441","20.260350648",
"2/27/1995","-63.4375","-7.02514982223511","82","31.934","22.646","6.9831845784","1.05928693266312","0.91355691237346","22.491733032",
"2/28/1995","-63.4375","-7.02514982223511","82","28.882","22.621","7.235525844","0.969212689600367","0.919466368259387","17.941726782",
"3/1/1995","-63.4375","-7.02514982223511","82","31.445","22.808","8.378790084","1.28575819339518","0.828981102401209","22.992022008",
"3/2/1995","-63.4375","-7.02514982223511","82","30.819","23.025","11.8781102664","0.972222002089405","0.896933064924637","21.8364768",
"3/3/1995","-63.4375","-7.02514982223511","82","27.891","23.559","16.93782612","1.0060143766441","0.957760612183081","14.547715128",
"3/4/1995","-63.4375","-7.02514982223511","82","26.966","22.956","21.3718428","0.959725604881336","0.9629429564305","13.991734602",
"3/5/1995","-63.4375","-7.02514982223511","82","29.431","22.353","8.3496105864","1.12466044397147","0.923664125437366","26.82360756",
"3/6/1995","-63.4375","-7.02514982223511","82","31.249","22.81","10.1984012928","1.22248760992482","0.877223455471042","26.014225392",
"3/7/1995","-63.4375","-7.02514982223511","82","28.497","22.34","2.3054126184","0.913582500701399","0.92568456851917","10.676532888",
"3/8/1995","-63.4375","-7.02514982223511","82","27.861","22.48","1.7148973824","0.96736046190511","0.913214969339989","6.32334321",
"3/9/1995","-63.4375","-7.02514982223511","82","30.599","22.861","5.0725922184","1.10647794555771","0.903820266260074","18.8361549",
"3/10/1995","-63.4375","-7.02514982223511","82","29.042","23.318","4.0220295408","0.92531696820668","0.942042633142127","11.14188345",
"3/11/1995","-63.4375","-7.02514982223511","82","27.891","21.8","15.81344784","0.825650483691231","0.951653759898665","21.168563328",
"3/12/1995","-63.4375","-7.02514982223511","82","30.053","22.954","5.1326767584","0.745220891166523","0.920429609399435","15.675526872",
"3/13/1995","-63.4375","-7.02514982223511","82","28.991","22.34","14.048768412","1.13405371477359","0.922671167607421","15.6472848",
"3/14/1995","-63.4375","-7.02514982223511","82","30.489","22.139","2.9783243088","1.2180644721263","0.877219585631454","16.4399103",
"3/15/1995","-63.4375","-7.02514982223511","82","26.588","21.803","0.66175434","1.03375499795952","0.901262615839109","8.23303116",
"3/16/1995","-63.4375","-7.02514982223511","82","27.355","21.957","3.913021944","1.07834967330732","0.921127809477123","9.48021264",
"3/17/1995","-63.4375","-7.02514982223511","82","27.706","20.898","2.605818024","0.785806875812164","0.883810206150765","9.349931898",
"3/18/1995","-63.4375","-7.02514982223511","82","32.77","20.075","2.544019596","0.811536050044312","0.80805839269792","21.905663832",
"3/19/1995","-63.4375","-7.02514982223511","82","29.061","22.269","11.115077076","0.666642807749106","0.930861964895603","19.300667832",
"3/20/1995","-63.4375","-7.02514982223511","82","32.59","21.841","3.106212084","1.09184328990763","0.82353033506377","24.24004254",
"3/21/1995","-63.4375","-7.02514982223511","82","30.121","22.216","9.69199848","0.987794258088467","0.908137728200968","26.899653672",
"3/22/1995","-63.4375","-7.02514982223511","82","31.369","21.407","4.9112320464","0.890794384747729","0.878918470944191","26.913548088",
"3/23/1995","-63.4375","-7.02514982223511","82","33.093","20.803","0.3570557472","1.11204682070314","0.805841567871716","20.130578136",
"3/24/1995","-63.4375","-7.02514982223511","82","34.97","21.64","0","0.919296735139259","0.732271469887767","18.31651848",
"3/25/1995","-63.4375","-7.02514982223511","82","34.72","22.138","0","1.58812633214919","0.712765654785648","24.421439952",
"3/26/1995","-63.4375","-7.02514982223511","82","36.306","21.234","0","1.35357377758054","0.613230671580648","27.956200392",
"3/27/1995","-63.4375","-7.02514982223511","82","34.391","22.27","7.389165708","0.953872897668803","0.765562385774161","25.58903184",
"3/28/1995","-63.4375","-7.02514982223511","82","29.05","23.718","22.8215248128","0.681310766789283","0.945576207143319","16.851708144",
"3/29/1995","-63.4375","-7.02514982223511","82","34.331","23.99","6.785776548","1.29733078375445","0.89150400226058","17.351325432",
"3/30/1995","-63.4375","-7.02514982223511","82","34.249","23.35","3.4366582656","1.21710225290891","0.842108512736858","22.61300544",
"3/31/1995","-63.4375","-7.02514982223511","82","33.011","22.838","8.2483286256","1.02939218248958","0.852453319736504","20.94930054",
"4/1/1995","-63.4375","-7.02514982223511","82","27.475","23.025","20.039754672","0.859591770150653","0.937899716862923","7.02894636",
"4/2/1995","-63.4375","-7.02514982223511","82","26.468","21.077","0.7003780488","1.07382233828538","0.907685444184614","5.569251552",
"4/3/1995","-63.4375","-7.02514982223511","82","30.274","21.241","6.2072757","0.751783521011321","0.871925303033949","25.941709512",
"4/4/1995","-63.4375","-7.02514982223511","82","30.475","20.984","6.20212788","0.673670349174704","0.92072014008213","16.50599784",
"4/5/1995","-63.4375","-7.02514982223511","82","35.253","22.961","9.8396275464","0.672557639701419","0.894065178057749","20.4064947",
"4/6/1995","-63.4375","-7.02514982223511","82","33.591","23.603","2.396389824","0.953170736559465","0.797548918522695","19.27541556",
"4/7/1995","-63.4375","-7.02514982223511","82","34.508","23.074","13.30375644","1.22861344235411","0.826573663363394","20.46346506",
"4/8/1995","-63.4375","-7.02514982223511","82","32.951","22.841","24.21455724","1.0816820613487","0.862935921687062","26.039308032",
"4/9/1995","-63.4375","-7.02514982223511","82","29.877","24.014","9.913451472","0.976680123824237","0.936425175392433","13.22943975",
"4/10/1995","-63.4375","-7.02514982223511","82","31.432","23.682","6.069949452","1.2014544012833","0.868215984321677","16.32616497",
"4/11/1995","-63.4375","-7.02514982223511","82","28.671","23.992","6.3686349","1.13258888075241","0.935826252726544","9.997427988",
"4/12/1995","-63.4375","-7.02514982223511","82","23.511","19.927","25.5260509344","1.81784028110999","0.943993064458899","6.70815126",
"4/13/1995","-63.4375","-7.02514982223511","82","28.053","20.445","0.1785278592","1.31918523885818","0.834017181435009","17.78697648",
"4/14/1995","-63.4375","-7.02514982223511","82","28.705","22.051","5.5034647344","0.907393519398506","0.934751467333625","7.641675",
"4/15/1995","-63.4375","-7.02514982223511","82","27.826","22.219","15.411762288","0.77412633102021","0.95153779855014","14.4299187",
"4/16/1995","-63.4375","-7.02514982223511","82","30.127","22.887","9.28688112","0.680409671313008","0.930035082006649","15.961441968",
"4/17/1995","-63.4375","-7.02514982223511","82","32.329","22.47","13.8256088688","0.884964141018254","0.879232756747838","18.601421472",
"4/18/1995","-63.4375","-7.02514982223511","82","29.459","23.522","16.9189397064","0.983059358620267","0.922048471099048","23.385820968",
"4/19/1995","-63.4375","-7.02514982223511","82","30.331","23.552","6.203841804","0.877630538026269","0.90391911974322","18.086902668",
"4/20/1995","-63.4375","-7.02514982223511","82","33.635","22.722","11.381147172","1.0511985114615","0.848110970552481","24.31794186",
"4/21/1995","-63.4375","-7.02514982223511","82","26.063","22.251","19.32563808","1.59944246264403","0.965955940509315","15.2229933",
"4/22/1995","-63.4375","-7.02514982223511","82","29.595","19.914","5.064011856","1.62859505300687","0.887565356825029","17.577114192",
"4/23/1995","-63.4375","-7.02514982223511","82","29.536","19.57","2.3036949576","1.12163248574913","0.88478719659847","18.4482522",
"4/24/1995","-63.4375","-7.02514982223511","82","29.49","19.919","7.108495236","0.867133515193769","0.917471667145058","23.85145854",
"4/25/1995","-63.4375","-7.02514982223511","82","31.865","21.669","7.920455688","0.752167202911079","0.900880473027011","18.52593534",
"4/26/1995","-63.4375","-7.02514982223511","82","31.839","20.374","7.09132932","0.753302653729055","0.895692440225678","24.05299842",
"4/27/1995","-63.4375","-7.02514982223511","82","29.985","22.654","12.747572532","0.682261473837834","0.933162845642149","18.865017072",
"4/28/1995","-63.4375","-7.02514982223511","82","30.295","21.958","9.9906898464","0.674347183148819","0.915329099420216","20.3805459",
"4/29/1995","-63.4375","-7.02514982223511","82","30.267","22.822","8.881758144","0.783387235788012","0.916599166286068","16.1924571",
"4/30/1995","-63.4375","-7.02514982223511","82","28.474","22.624","9.935768088","0.694460455024728","0.951377948493647","18.907254",
"5/1/1995","-63.4375","-7.02514982223511","82","31.667","22.639","7.082751384","1.02572851235","0.873509009232116","16.87601556",
"5/2/1995","-63.4375","-7.02514982223511","82","25.156","22.891","15.487285356","0.787190132087369","0.975805017896975","3.32797248",
"5/3/1995","-63.4375","-7.02514982223511","82","32.668","21.811","7.250977152","0.624372647575606","0.885641695250996","19.68530526",
"5/4/1995","-63.4375","-7.02514982223511","82","29.628","21.885","5.544667044","1.16720545304614","0.913597367275389","19.959975792",
"5/5/1995","-63.4375","-7.02514982223511","82","29.713","20.941","0.975036168","1.24257620598767","0.826286250507804","14.964586632",
"5/6/1995","-63.4375","-7.02514982223511","82","33.414","22.056","3.148268364","0.807147040389833","0.736089643336784","22.750986672",
"5/7/1995","-63.4375","-7.02514982223511","82","31.066","22.822","10.10055672","0.909072653395021","0.910936567583165","12.96275292",
"5/8/1995","-63.4375","-7.02514982223511","82","24.241","21.142","24.4754760528","1.33366977918111","0.978293704218218","1.618087068",
"5/9/1995","-63.4375","-7.02514982223511","82","30.466","21.075","1.1707307064","0.99503092236703","0.899601605227463","12.94071228",
"5/10/1995","-63.4375","-7.02514982223511","82","31.409","20.8","4.820251212","0.914350834359684","0.864909883316107","19.0225728",
"5/11/1995","-63.4375","-7.02514982223511","82","32.296","21.484","4.56619608","0.672236514863325","0.861335816332511","21.96860688",
"5/12/1995","-63.4375","-7.02514982223511","82","28.324","21.917","10.01815812","0.936697718592182","0.933194388344082","23.4244134",
"5/13/1995","-63.4375","-7.02514982223511","82","31.29","22.195","4.19884218","1.09106082015319","0.855910564921316","23.91406902",
"5/14/1995","-63.4375","-7.02514982223511","82","31.672","21.821","4.353334416","1.06834189285568","0.886514044253302","23.68929438",
"5/15/1995","-63.4375","-7.02514982223511","82","31.265","22.432","10.12459104","1.1727299230597","0.86310820740366","23.48128224",
"5/16/1995","-63.4375","-7.02514982223511","82","28.858","22.839","12.56560812","0.926491092769966","0.923482573071862","15.55346412",
"5/17/1995","-63.4375","-7.02514982223511","82","30.186","23.191","4.085541396","1.05489869137364","0.889493233048102","16.404411168",
"5/18/1995","-63.4375","-7.02514982223511","82","29.676","22.677","8.620831332","0.974911011784712","0.913202056830901","13.8587049",
"5/19/1995","-63.4375","-7.02514982223511","82","25.236","20.51","10.90736892","0.907956619632681","0.974739083744699","5.715674928",
"5/20/1995","-63.4375","-7.02514982223511","82","28.781","19.767","1.8453602448","0.947366629524681","0.915150874696985","10.1129031",
"5/21/1995","-63.4375","-7.02514982223511","82","29.628","21.985","5.554963476","1.17644992227802","0.895200060316781","11.563988292",
"5/22/1995","-63.4375","-7.02514982223511","82","26.966","21.566","8.7203987784","0.659783672909078","0.957191804132844","17.51990184",
"5/23/1995","-63.4375","-7.02514982223511","82","29.424","21.479","4.8065184648","0.687219215529809","0.940120064984654","14.135961132",
"5/24/1995","-63.4375","-7.02514982223511","82","27.729","19.629","5.0399806464","0.714119238782724","0.945907015059123","15.71782536",
"5/25/1995","-63.4375","-7.02514982223511","82","29.221","18.889","1.373291388","1.20872364146917","0.883544601361767","19.05289074",
"5/26/1995","-63.4375","-7.02514982223511","82","30.279","20.41","1.20849624","1.44999614321185","0.812703695749601","22.985945208",
"5/27/1995","-63.4375","-7.02514982223511","82","31.116","21.379","4.93354944","1.28123826131738","0.829064297910085","10.2243339",
"5/28/1995","-63.4375","-7.02514982223511","82","29.57","21.345","10.69450758","1.30537310839323","0.907776223706967","21.4576308",
"5/29/1995","-63.4375","-7.02514982223511","82","22.823","21.683","182.623692384","1.0462449806711","0.982389355309763","0.9831366",
"5/30/1995","-63.4375","-7.02514982223511","82","25.758","20.988","33.3263556","0.858228064263803","0.971551364099236","11.095760052",
"5/31/1995","-63.4375","-7.02514982223511","82","28.25","21.798","14.5980806184","0.797614203206387","0.910845545938163","9.148216932",
"6/1/1995","-63.4375","-7.02514982223511","82","28.291","21.764","4.2211484064","0.760726014660425","0.933643133225973","13.24266255",
"6/2/1995","-63.4375","-7.02514982223511","82","29.139","21.013","6.20727804","1.06186480492293","0.933708967016212","22.32067554",
"6/3/1995","-63.4375","-7.02514982223511","82","28.939","20.873","0.5922320112","1.08370201901636","0.892947301375275","12.09223323",
"6/4/1995","-63.4375","-7.02514982223511","82","31.676","20.498","0","1.53183394147471","0.688628280849453","23.07763368",
"6/5/1995","-63.4375","-7.02514982223511","82","32.325","19.674","0","1.32945432514854","0.651517514965116","22.779558",
"6/6/1995","-63.4375","-7.02514982223511","82","30.866","22.617","2.380941792","1.02779210776296","0.770017091532316","22.29035202",
"6/7/1995","-63.4375","-7.02514982223511","82","31.025","20.333","3.127669596","1.08157942054959","0.855920220153654","21.02529384",
"6/8/1995","-63.4375","-7.02514982223511","82","33.684","20.596","0","1.10316580789742","0.734554338114104","22.4847018",
"6/9/1995","-63.4375","-7.02514982223511","82","33.218","20.065","0","0.966486237621564","0.716513624619132","17.881927632",
"6/10/1995","-63.4375","-7.02514982223511","82","33.25","19.543","0","1.14204691263681","0.715671051427436","14.87559276",
"6/11/1995","-63.4375","-7.02514982223511","82","33.368","20.62","0","1.37971485975278","0.610810727170951","23.09344218",
"6/12/1995","-63.4375","-7.02514982223511","82","33.668","19.763","0","1.3245102511359","0.601930177138919","22.9073616",
"6/13/1995","-63.4375","-7.02514982223511","82","33.305","20.694","0","1.48866642225439","0.602341667218206","22.86219528",
"6/14/1995","-63.4375","-7.02514982223511","82","33.11","18.706","0","1.20124156116719","0.627337802244105","21.54908862",
"6/15/1995","-63.4375","-7.02514982223511","82","33.112","17.575","0","1.17543423713915","0.613594878182603","22.2749415",
"6/16/1995","-63.4375","-7.02514982223511","82","34.717","21.271","0.6111146664","0.879362213359554","0.757626343349275","10.3655277",
"6/17/1995","-63.4375","-7.02514982223511","82","30.837","19.223","0.93040308","0.99775968828546","0.831412981170357","11.30923332",
"6/18/1995","-63.4375","-7.02514982223511","82","33.451","20.751","0.38795472","1.47160481028102","0.772597156892347","15.37093296",
"6/19/1995","-63.4375","-7.02514982223511","82","28.432","20.718","0.468635868","1.95533941018768","0.808057636887865","14.750206632",
"6/20/1995","-63.4375","-7.02514982223511","82","30.752","18.361","0","1.63074822076559","0.721444325036739","22.46900904",
"6/21/1995","-63.4375","-7.02514982223511","82","31.884","20.339","0.051498432","1.46917399703617","0.671956735702015","19.58181012",
"6/22/1995","-63.4375","-7.02514982223511","82","33.074","23.3","0.1029967848","1.19133114693976","0.65859387905535","13.58470818",
"6/23/1995","-63.4375","-7.02514982223511","82","30.683","18.218","0.0240325848","0.936519738808076","0.789031894962865","10.40625288",
"6/24/1995","-63.4375","-7.02514982223511","82","33.25","20.164","0.027465804","1.18258370292438","0.759981660063861","17.47046106",
"6/25/1995","-63.4375","-7.02514982223511","82","29.732","21.184","3.289028472","0.793851808640865","0.846009962754498","11.56612572",
"6/26/1995","-63.4375","-7.02514982223511","82","29.732","18.598","4.1499144","1.12353880717449","0.863865652914042","19.99456884",
"6/27/1995","-63.4375","-7.02514982223511","82","33.653","20.872","0","1.05411350639049","0.72789746345858","19.3323348",
"6/28/1995","-63.4375","-7.02514982223511","82","34.887","21.62","0","0.956260032350432","0.641126488609264","22.2315696",
"6/29/1995","-63.4375","-7.02514982223511","82","34.077","23.059","0.0240325704","0.894011971878231","0.631440660458608","13.94651394",
"6/30/1995","-63.4375","-7.02514982223511","82","31.164","21.484","0.5338669248","0.940983469256606","0.752910078468844","16.357221",
"7/1/1995","-63.4375","-7.02514982223511","82","34.651","21.095","0.17509464","0.842848453857248","0.7442809177799","12.12496326",
"7/2/1995","-63.4375","-7.02514982223511","82","32.678","19.198","4.04091108","0.755182338375939","0.857529811616131","18.4228848",
"7/3/1995","-63.4375","-7.02514982223511","82","33.678","18.346","0","1.16725938816121","0.765952729832636","18.039258",
"7/4/1995","-63.4375","-7.02514982223511","82","34.003","17.677","0","1.10647082136598","0.615807222914872","20.0900844",
"7/5/1995","-63.4375","-7.02514982223511","82","30.649","20.306","0","1.17786439180671","0.707004382450288","17.31898224",
"7/6/1995","-63.4375","-7.02514982223511","82","34.098","21.785","1.67541552","1.18032228485311","0.777196655393835","12.2132277",
"7/7/1995","-63.4375","-7.02514982223511","82","32.916","18.207","1.86081048","1.01057040894729","0.812296130745139","19.99637208",
"7/8/1995","-63.4375","-7.02514982223511","82","33.47","20.98","0.36048888","1.16595309855428","0.735830214014311","20.04379074",
"7/9/1995","-63.4375","-7.02514982223511","82","34.86","17.803","0","1.18688006382832","0.638508819218393","23.02059168",
"7/10/1995","-63.4375","-7.02514982223511","82","32.674","20.576","0","1.39567582921279","0.674853035805197","18.34925256",
"7/11/1995","-63.4375","-7.02514982223511","82","32.989","14.448","0","1.47173876822881","0.589481694236655","23.64986214",
"7/12/1995","-63.4375","-7.02514982223511","82","34.538","15.539","0","1.25576234097387","0.509839549742979","23.3916759",
"7/13/1995","-63.4375","-7.02514982223511","82","34.326","15.698","0","0.973323525161705","0.589687506050325","13.11609294",
"7/14/1995","-63.4375","-7.02514982223511","82","34.993","20.023","0","1.11865865080317","0.58023037703051","12.83833044",
"7/15/1995","-63.4375","-7.02514982223511","82","34.52","19.253","0","1.39262009736881","0.537040354270073","23.68563948",
"7/16/1995","-63.4375","-7.02514982223511","82","34.647","18.534","0","1.47551510680346","0.443993959632919","24.139639368",
"7/17/1995","-63.4375","-7.02514982223511","82","35.189","18.503","0","1.31305162941699","0.470091365523937","23.710162032",
"7/18/1995","-63.4375","-7.02514982223511","82","35.122","19.148","0","1.08765701703648","0.541598780536364","22.2283143",
"7/19/1995","-63.4375","-7.02514982223511","82","34.379","23.282","0","0.962725995725599","0.620393945137669","10.63586088",
"7/20/1995","-63.4375","-7.02514982223511","82","34.223","22.223","0","1.79573408733612","0.485484184308715","23.64913575",
"7/21/1995","-63.4375","-7.02514982223511","82","32.449","18.303","0","2.06821826914541","0.494157427301329","23.73924186",
"7/22/1995","-63.4375","-7.02514982223511","82","32.681","16.909","0","1.16216939211208","0.604324837449367","11.77323255",
"7/23/1995","-63.4375","-7.02514982223511","82","34.698","16.813","0","1.16636940259142","0.54623459154086","24.156781632",
"7/24/1995","-63.4375","-7.02514982223511","82","33.714","19.021","0","1.48450930426976","0.521486322032429","18.5942241",
"7/25/1995","-63.4375","-7.02514982223511","82","34.641","20.877","0.16479486","1.05807754397743","0.651925942392476","13.076214732",
"7/26/1995","-63.4375","-7.02514982223511","82","35.721","17.272","0","1.32297734655164","0.556796670689763","24.17855022",
"7/27/1995","-63.4375","-7.02514982223511","82","36.239","19.741","0","1.26090177129203","0.536706882229574","21.7191924",
"7/28/1995","-63.4375","-7.02514982223511","82","37.942","22.883","0","0.898683318791106","0.519722773129423","21.1148451",
"7/29/1995","-63.4375","-7.02514982223511","82","29.673","22.32","0","1.19781975544765","0.635254603520558","6.472403532",
"7/30/1995","-63.4375","-7.02514982223511","82","35.845","17.931","0","1.05697601884878","0.591709010561226","13.52103354",
"7/31/1995","-63.4375","-7.02514982223511","82","34.207","22.102","0","1.19539752245615","0.508530097392337","14.728332528",
"8/1/1995","-63.4375","-7.02514982223511","82","36.389","18.827","0","1.35308117600395","0.430791857799513","23.41816722",
"8/2/1995","-63.4375","-7.02514982223511","82","34.02","21.03","0","1.84593113749504","0.517305332137599","19.9999071",
"8/3/1995","-63.4375","-7.02514982223511","82","36.412","17.933","0","1.0430620957038","0.608734348314654","15.524495208",
"8/4/1995","-63.4375","-7.02514982223511","82","36.049","19.349","0","1.26752611441656","0.455474189228658","16.065844632",
"8/5/1995","-63.4375","-7.02514982223511","82","34.989","22.35","0","1.88365985433545","0.465040096745191","16.61018184",
"8/6/1995","-63.4375","-7.02514982223511","82","35.184","22.589","0","1.43159215601785","0.575331869825602","5.88796506",
"8/7/1995","-63.4375","-7.02514982223511","82","35.575","18.001","0","1.60368476233005","0.512105401452782","23.05985346",
"8/8/1995","-63.4375","-7.02514982223511","82","37.598","22.644","0","1.5411553000798","0.390127718734568","22.55416704",
"8/9/1995","-63.4375","-7.02514982223511","82","37.44","17.984","0","0.971051512077894","0.467627401803594","20.7298134",
"8/10/1995","-63.4375","-7.02514982223511","82","37.108","20.317","0.085830552","1.09096963989101","0.503381359647018","18.91530324",
"8/11/1995","-63.4375","-7.02514982223511","82","38.028","20.929","0.027465804","1.18908367956132","0.502743946031971","23.07959874",
"8/12/1995","-63.4375","-7.02514982223511","82","40.176","22.196","0","1.13375046114562","0.467051258466856","25.430121792",
"8/13/1995","-63.4375","-7.02514982223511","82","39.166","24.936","0","1.17479034554537","0.429183389591388","13.864334202",
"8/14/1995","-63.4375","-7.02514982223511","82","40.029","15.04","0","0.911004674309292","0.521585728955648","26.4076317",
"8/15/1995","-63.4375","-7.02514982223511","82","40.699","13.542","0","0.838501157352858","0.486537962619697","26.171719488",
"8/16/1995","-63.4375","-7.02514982223511","82","38.64","18.887","0.233459532","0.846214188895981","0.497250133627624","11.33976888",
"8/17/1995","-63.4375","-7.02514982223511","82","37.346","17.714","0","1.50321048870627","0.502295467007631","12.12193098",
"8/18/1995","-63.4375","-7.02514982223511","82","38.78","20.545","0","1.7935050639792","0.345514857931729","26.85668076",
"8/19/1995","-63.4375","-7.02514982223511","82","36.259","20.943","0","2.14278081382854","0.307134929992491","26.53497936",
"8/20/1995","-63.4375","-7.02514982223511","82","37.57","21.548","0","1.70540954781776","0.314479876007534","21.746357928",
"8/21/1995","-63.4375","-7.02514982223511","82","37.139","24.947","0","1.17186759548177","0.349353649167658","16.29466794",
"8/22/1995","-63.4375","-7.02514982223511","82","39.302","24.827","0","1.0233503164155","0.386483828410386","14.526053748",
"8/23/1995","-63.4375","-7.02514982223511","82","40.277","18.177","0","1.1966884936714","0.382156004822351","26.360836992",
"8/24/1995","-63.4375","-7.02514982223511","82","40.732","17.795","0","0.851443684572311","0.402507831032672","17.619521472",
"8/25/1995","-63.4375","-7.02514982223511","82","42.044","18.302","0","1.19970931689774","0.28453221817921","27.3618045",
"8/26/1995","-63.4375","-7.02514982223511","82","40.529","18.445","0","1.37943633803694","0.253556668952917","27.062219808",
"8/27/1995","-63.4375","-7.02514982223511","82","41.212","21.761","0","1.52273353368637","0.269794483940372","27.00169614",
"8/28/1995","-63.4375","-7.02514982223511","82","39.877","24.271","0","1.5740178691181","0.308914109522407","19.962557568",
"8/29/1995","-63.4375","-7.02514982223511","82","39.938","22.39","0","1.20956168155307","0.322988633755117","21.86932455",
"8/30/1995","-63.4375","-7.02514982223511","82","40.765","21.064","0","1.29949628378809","0.315122136113755","18.999221328",
"8/31/1995","-63.4375","-7.02514982223511","82","40.722","22.451","0","1.45722954132067","0.327971626357653","21.04368876",
"9/1/1995","-63.4375","-7.02514982223511","82","40.728","22.082","0","1.33192328012677","0.32215995560569","21.35671362",
"9/2/1995","-63.4375","-7.02514982223511","82","40.615","25.811","0","1.65750701939877","0.275781034695891","20.5683759",
"9/3/1995","-63.4375","-7.02514982223511","82","43.008","21.276","0","0.938297775983221","0.342669171427527","15.249087468",
"9/4/1995","-63.4375","-7.02514982223511","82","42.141","26.444","0","1.08638845832352","0.318251077618897","12.84097347",
"9/5/1995","-63.4375","-7.02514982223511","82","40.373","26.265","0","1.20622952952103","0.393988982871134","20.17586052",
"9/6/1995","-63.4375","-7.02514982223511","82","38.382","25.178","0","1.08562067085231","0.430518463315673","14.14299834",
"9/7/1995","-63.4375","-7.02514982223511","82","37.101","25.803","0","1.72524075782109","0.422333302232978","16.258555152",
"9/8/1995","-63.4375","-7.02514982223511","82","41.788","20.438","0.13046256","0.858755590198168","0.462446450094481","17.87461236",
"9/9/1995","-63.4375","-7.02514982223511","82","38.066","25.426","0.26779176","1.34815286812289","0.471136870231316","17.57323242",
"9/10/1995","-63.4375","-7.02514982223511","82","36.196","26.264","0.0034332264","1.31699484711518","0.490064522551022","14.826375972",
"9/11/1995","-63.4375","-7.02514982223511","82","38.478","23.96","0","1.59796073944427","0.467219194793771","21.59313444",
"9/12/1995","-63.4375","-7.02514982223511","82","41.718","21.844","1.39388958","1.29029453491326","0.469570248977272","19.322097768",
"9/13/1995","-63.4375","-7.02514982223511","82","41.409","24.285","0.02059938","1.32073960651324","0.457334998813395","20.45952576",
"9/14/1995","-63.4375","-7.02514982223511","82","37.513","22.937","1.218798","1.2722052088675","0.52552549226781","13.862251152",
"9/15/1995","-63.4375","-7.02514982223511","82","34.081","23.526","3.11737068","1.29367639647701","0.68740283047592","9.740027322",
"9/16/1995","-63.4375","-7.02514982223511","82","40.849","23.45","0.17166132","1.14966007230037","0.473132656944969","17.93165724",
"9/17/1995","-63.4375","-7.02514982223511","82","41.849","23.471","0","1.06570965316855","0.404208059335624","12.483219528",
"9/18/1995","-63.4375","-7.02514982223511","82","40.358","26.296","0","1.82683175073205","0.376245826652819","22.6296621",
"9/19/1995","-63.4375","-7.02514982223511","82","41.662","21.086","0.1201630464","1.25652417005168","0.456887785875286","24.27744276",
"9/20/1995","-63.4375","-7.02514982223511","82","34.586","24.245","0.4325865192","1.62108086962417","0.575486646230826","20.967355152",
"9/21/1995","-63.4375","-7.02514982223511","82","37.874","22.772","0.96130404","2.04797059382648","0.391779634255416","28.55261286",
"9/22/1995","-63.4375","-7.02514982223511","82","40.73","18.115","0","1.26064695208384","0.324191895067575","27.76308498",
"9/23/1995","-63.4375","-7.02514982223511","82","36.884","23.767","1.5724194264","1.38012293905228","0.480579823685511","10.003384908",
"9/24/1995","-63.4375","-7.02514982223511","82","40.555","22.61","0","1.39081321665655","0.384033469317927","28.18929312",
"9/25/1995","-63.4375","-7.02514982223511","82","38.11","26.601","0.00686646","1.56498271158897","0.393091654177989","18.05113575",
"9/26/1995","-63.4375","-7.02514982223511","82","40.709","23.72","0.0823974264","1.44365504980556","0.468754157336676","18.2917692",
"9/27/1995","-63.4375","-7.02514982223511","82","39.071","23.08","0.1270294344","1.01139451713596","0.541088797484234","15.978771792",
"9/28/1995","-63.4375","-7.02514982223511","82","42.225","21.71","0.034332264","1.06636858660264","0.410737879466238","22.50478512",
"9/29/1995","-63.4375","-7.02514982223511","82","42.449","25.038","0.04806522","1.37389313692986","0.361570457585685","12.852163908",
"9/30/1995","-63.4375","-7.02514982223511","82","38.731","23.308","0","1.88771090633408","0.33795811740595","20.57062824",
"10/1/1995","-63.4375","-7.02514982223511","82","38.773","22.114","0","1.57332351381611","0.413490350583455","16.77891816",
"10/2/1995","-63.4375","-7.02514982223511","82","35.04","19.679","0.0446319432","1.25151440593311","0.480558247037111","8.3939616",
"10/3/1995","-63.4375","-7.02514982223511","82","40.22","18.431","0","1.86163443869603","0.377753085356489","25.0883946",
"10/4/1995","-63.4375","-7.02514982223511","82","41.371","23.073","0","1.33649165607064","0.316221040831758","17.02332936",
"10/5/1995","-63.4375","-7.02514982223511","82","41.784","21.981","0","1.43152935303391","0.336237636691165","22.78187136",
"10/6/1995","-63.4375","-7.02514982223511","82","39.586","20.422","0","1.30804690088288","0.389310236432354","16.8085116",
"10/7/1995","-63.4375","-7.02514982223511","82","42.971","24.756","0","1.6420878013353","0.327711420536948","19.19739564",
"10/8/1995","-63.4375","-7.02514982223511","82","40.422","27.571","0.063514764","1.62595396781666","0.3620298857155","18.49342572",
"10/9/1995","-63.4375","-7.02514982223511","82","39.186","25.06","0.0343322784","1.38468106145203","0.465102862479002","20.40867558",
"10/10/1995","-63.4375","-7.02514982223511","82","36.968","25.105","0","1.3240779284524","0.544616573679286","14.8009545",
"10/11/1995","-63.4375","-7.02514982223511","82","39.171","21.497","0.370788516","1.08991150964818","0.540339339661589","17.59707756",
"10/12/1995","-63.4375","-7.02514982223511","82","34.842","22.291","0.1321794","0.889216660840411","0.637645923469492","16.88574348",
"10/13/1995","-63.4375","-7.02514982223511","82","34.258","22.138","1.1123675064","0.818301636592727","0.640355291471536","11.74179348",
"10/14/1995","-63.4375","-7.02514982223511","82","33.517","21.881","0.43087014","1.3651274351654","0.709338904943876","10.6804692",
"10/15/1995","-63.4375","-7.02514982223511","82","34.649","23.84","0","1.34224059691996","0.696839553763756","10.216187712",
"10/16/1995","-63.4375","-7.02514982223511","82","37.176","20.897","0","1.1615988826571","0.565764557940796","26.1880902",
"10/17/1995","-63.4375","-7.02514982223511","82","39.107","21.188","0","1.27947546733683","0.46186150980938","19.38560868",
"10/18/1995","-63.4375","-7.02514982223511","82","38.167","22.748","0.01373292","1.10601212249278","0.515063650355231","17.27386308",
"10/19/1995","-63.4375","-7.02514982223511","82","35.799","22.06","0.1407625128","1.17214335479505","0.548939106847491","14.31725814",
"10/20/1995","-63.4375","-7.02514982223511","82","40.671","20.467","0.0034332264","1.18734470365348","0.475657641041887","15.56972676",
"10/21/1995","-63.4375","-7.02514982223511","82","39.041","21.3","1.52606916","1.53019195395376","0.538065399757015","19.39449456",
"10/22/1995","-63.4375","-7.02514982223511","82","36.664","20.835","0.47035188","1.47251708230392","0.615331625145489","16.12968768",
"10/23/1995","-63.4375","-7.02514982223511","82","37.794","20.04","0","1.17300626155749","0.473083336883749","17.06254056",
"10/24/1995","-63.4375","-7.02514982223511","82","38.683","23.285","0.0205993584","1.37687248234477","0.469428403061075","21.22718076",
"10/25/1995","-63.4375","-7.02514982223511","82","35.556","23.6","0.0171661464","1.53338275071799","0.542278763500893","14.79105576",
"10/26/1995","-63.4375","-7.02514982223511","82","35.823","22.086","0.53043336","0.836028096923123","0.565491362258752","16.19954964",
"10/27/1995","-63.4375","-7.02514982223511","82","37.949","23.184","0.6128314128","1.31243816236421","0.590975076210725","14.457378672",
"10/28/1995","-63.4375","-7.02514982223511","82","37.66","21.481","0","1.23986051747773","0.492354683402956","15.264108",
"10/29/1995","-63.4375","-7.02514982223511","82","36.432","19.434","0","0.979641349799776","0.537957122158672","12.2598576",
"10/30/1995","-63.4375","-7.02514982223511","82","34.01","23.845","2.624700816","1.01458406631658","0.683456900837588","9.76027536",
"10/31/1995","-63.4375","-7.02514982223511","82","35.076","20.955","0.02059938","1.45549897935527","0.617792591537344","22.99190544",
"11/1/1995","-63.4375","-7.02514982223511","82","37.148","23.463","0","1.09874521524907","0.530266845526947","15.29465238",
"11/2/1995","-63.4375","-7.02514982223511","82","35.193","23.522","1.031683464","1.15714439180676","0.606873909794422","13.21672104",
"11/3/1995","-63.4375","-7.02514982223511","82","33.943","22.923","2.1286026","1.79626193477476","0.693288506258928","26.02743318",
"11/4/1995","-63.4375","-7.02514982223511","82","37.217","21.619","0","1.49475326522342","0.565394936524813","22.13786358",
"11/5/1995","-63.4375","-7.02514982223511","82","36.897","22.174","2.53371852","0.993749310509246","0.617579305686073","19.4637357",
"11/6/1995","-63.4375","-7.02514982223511","82","36.58","21.958","1.4522544","0.959647611664512","0.609057242167439","19.39775778",
"11/7/1995","-63.4375","-7.02514982223511","82","38.768","25.175","0","1.12758218057203","0.515892526301075","21.33528822",
"11/8/1995","-63.4375","-7.02514982223511","82","33.738","22.562","11.3862996","1.25641466128659","0.787058877277743","25.40593422",
"11/9/1995","-63.4375","-7.02514982223511","82","35.008","22.474","13.31577576","0.939941327015977","0.819179304601603","27.89122842",
"11/10/1995","-63.4375","-7.02514982223511","82","35.139","23.01","3.9276107064","1.04706621896865","0.702412966038168","17.96203908",
"11/11/1995","-63.4375","-7.02514982223511","82","32.959","21.276","19.33937568","0.89801062217942","0.885475618607329","26.96512662",
"11/12/1995","-63.4375","-7.02514982223511","82","36.49","23.41","1.8951420744","1.03489263707885","0.802504520658551","11.94840234",
"11/13/1995","-63.4375","-7.02514982223511","82","33.255","22.091","7.6475175264","1.1337269654009","0.864122274857538","23.27067954",
"11/14/1995","-63.4375","-7.02514982223511","82","33.731","21.794","7.5316458816","0.674388803281658","0.890310509131275","24.65190126",
"11/15/1995","-63.4375","-7.02514982223511","82","36.99","20.61","0","1.15289461550286","0.618861090440227","27.69592428",
"11/16/1995","-63.4375","-7.02514982223511","82","34.595","22.524","2.454758964","1.43919877407259","0.761678739047578","27.12779712",
"11/17/1995","-63.4375","-7.02514982223511","82","37.938","22.258","0","1.24373396341506","0.67067328608996","18.27207972",
"11/18/1995","-63.4375","-7.02514982223511","82","35.033","23.258","4.236604812","1.24012143137322","0.747431027711233","27.17021358",
"11/19/1995","-63.4375","-7.02514982223511","82","30.188","22.192","14.834978604","0.821898327797475","0.888251029720712","25.44750342",
"11/20/1995","-63.4375","-7.02514982223511","82","38.308","22.167","3.47785812","0.725989701640721","0.681042920826559","19.20763386",
"11/21/1995","-63.4375","-7.02514982223511","82","36.501","22.888","2.688216912","1.15568407966316","0.641588858496181","21.94295886",
"11/22/1995","-63.4375","-7.02514982223511","82","29.58","22.272","20.1839436","0.796712721418714","0.911113128030693","26.65153458",
"11/23/1995","-63.4375","-7.02514982223511","82","34.921","24.089","5.19876504","1.08475478099446","0.843774457942541","16.8903594",
"11/24/1995","-63.4375","-7.02514982223511","82","35.538","23.757","4.341315024","1.08991228354177","0.761950213406045","16.41380706",
"11/25/1995","-63.4375","-7.02514982223511","82","29.685","23.632","13.2831564264","1.21539030484217","0.897824312187632","20.34349128",
"11/26/1995","-63.4375","-7.02514982223511","82","34.372","23.518","7.0535630304","1.20359202228127","0.787309728908977","20.9717919",
"11/27/1995","-63.4375","-7.02514982223511","82","29.326","23.249","4.064940252","1.28297096566773","0.869493635376499","14.03718102",
"11/28/1995","-63.4375","-7.02514982223511","82","34.859","22.684","8.54359308","0.791124076555009","0.802200119459532","19.53450108",
"11/29/1995","-63.4375","-7.02514982223511","82","31.008","23.242","14.177519856","0.942339624483696","0.89570869190947","23.61780216",
"11/30/1995","-63.4375","-7.02514982223511","82","26.554","22.771","20.2886586864","1.17865000974035","0.96044589960102","14.76585108",
"12/1/1995","-63.4375","-7.02514982223511","82","35.069","22.98","3.3405335064","0.898892086209186","0.809564209895466","14.86833588",
"12/2/1995","-63.4375","-7.02514982223511","82","32.337","22.708","9.6782652936","1.21324696245566","0.844006341444993","20.8944639",
"12/3/1995","-63.4375","-7.02514982223511","82","32.403","22.781","9.1152207792","0.909011321155106","0.856594974652451","22.6144692",
"12/4/1995","-63.4375","-7.02514982223511","82","32.255","22.421","8.212279356","0.662594175256695","0.900184018909817","10.20886866",
"12/5/1995","-63.4375","-7.02514982223511","82","31.242","21.561","9.57355488","0.870327341158096","0.883788740192644","25.31367936",
"12/6/1995","-63.4375","-7.02514982223511","82","31.083","23.094","13.57326324","0.980751008371805","0.900572868929164","25.89552972",
"12/7/1995","-63.4375","-7.02514982223511","82","32.827","23.317","6.6570308424","1.03883520060716","0.848803262426812","18.11227482",
"12/8/1995","-63.4375","-7.02514982223511","82","32.161","22.16","3.2495515992","1.04749723991161","0.824300041028142","23.1879924",
"12/9/1995","-63.4375","-7.02514982223511","82","34.572","23.822","10.8593007048","1.25557658255129","0.841207378233153","22.61790126",
"12/10/1995","-63.4375","-7.02514982223511","82","27.088","23.672","28.624533372","0.815128691739077","0.952802111955678","10.07280144",
"12/11/1995","-63.4375","-7.02514982223511","82","27.538","22.154","5.1009170832","1.13015535861623","0.910747199032979","9.10827864",
"12/12/1995","-63.4375","-7.02514982223511","82","30.74","20.834","0.7518767976","0.711211989222214","0.815103630502991","13.61059182",
"12/13/1995","-63.4375","-7.02514982223511","82","33.581","22.163","6.278515452","0.85877948515993","0.841336607702582","26.492393808",
"12/14/1995","-63.4375","-7.02514982223511","82","30.431","23.315","11.611176732","1.18662304731016","0.917283254382022","20.700669528",
"12/15/1995","-63.4375","-7.02514982223511","82","28.493","23.071","7.929035208","1.0683384211415","0.929436155878164","22.1687334",
"12/16/1995","-63.4375","-7.02514982223511","82","28.263","22.441","16.6691765592","0.975351155942907","0.93824813158802","27.30386196",
"12/17/1995","-63.4375","-7.02514982223511","82","25.337","22.38","33.202738764","1.11749065180884","0.96564420109569","4.244059692",
"12/18/1995","-63.4375","-7.02514982223511","82","29.298","22.224","1.694297484","1.37635749345591","0.881613320661841","12.89441358",
"12/19/1995","-63.4375","-7.02514982223511","82","31.642","21.01","1.57928292","1.57232254411459","0.786624526362669","20.33218692",
"12/20/1995","-63.4375","-7.02514982223511","82","35.604","20.542","0","1.06313853978425","0.672838705450557","19.8591732",
"12/21/1995","-63.4375","-7.02514982223511","82","28.633","21.831","16.81165872","1.20781218485086","0.904876194662792","24.3129411",
"12/22/1995","-63.4375","-7.02514982223511","82","35.53","22.902","0.3948211368","1.24543997028083","0.719829898441704","21.39957936",
"12/23/1995","-63.4375","-7.02514982223511","82","31.897","22.616","7.2835969464","1.12291104552039","0.865104349104678","27.603331632",
"12/24/1995","-63.4375","-7.02514982223511","82","30.106","21.728","9.3572607384","0.796316855579796","0.923212463440525","25.03529676",
"12/25/1995","-63.4375","-7.02514982223511","82","32.807","21.525","4.224586428","0.77504198221616","0.851723640787049","21.15950292",
"12/26/1995","-63.4375","-7.02514982223511","82","24.704","18.818","29.5892882208","0.861641740228355","0.960324155690852","4.50961803",
"12/27/1995","-63.4375","-7.02514982223511","82","31.868","19.161","2.88562824","0.992447350780415","0.764215790552122","28.2324384",
"12/28/1995","-63.4375","-7.02514982223511","82","30.291","20.855","7.31792412","0.842408300130315","0.868642299802948","22.438288512",
"12/29/1995","-63.4375","-7.02514982223511","82","31.568","22.061","9.7795458","0.935420062969327","0.888550154233406","14.90984982",
"12/30/1995","-63.4375","-7.02514982223511","82","29.611","22.625","4.863169944","0.837126830550711","0.907913296997601","10.8009531",
"12/31/1995","-63.4375","-7.02514982223511","82","24.633","22.188","4.106139732","0.772423665652083","0.97071667537846","3.09234402",
"1/1/1996","-63.4375","-7.02514982223511","82","30.341","22.284","0.4428861768","0.798432339768731","0.897304861533189","10.137038652",
"1/2/1996","-63.4375","-7.02514982223511","82","34.795","21.887","0","1.29755259886846","0.685993280165054","17.07395868",
"1/3/1996","-63.4375","-7.02514982223511","82","25.354","22.206","17.7051639384","0.814787412985809","0.947955280891376","10.67692086",
"1/4/1996","-63.4375","-7.02514982223511","82","26.984","21.663","2.2968296424","0.673519839504811","0.931169678542118","8.65755",
"1/5/1996","-63.4375","-7.02514982223511","82","28.016","22.651","25.45395012","0.480146426939309","0.960746520305381","15.9131853",
"1/6/1996","-63.4375","-7.02514982223511","82","25.116","21.749","18.285369336","0.70489848298047","0.971530038968584","8.59786902",
"1/7/1996","-63.4375","-7.02514982223511","82","27.454","21.464","1.69773066","1.26864562635382","0.914552177362303","11.2180509",
"1/8/1996","-63.4375","-7.02514982223511","82","35.356","20.597","18.122292","0.85141449888139","0.856811780774794","16.453912608",
"1/9/1996","-63.4375","-7.02514982223511","82","31.451","22.149","15.08217336","0.729521089719098","0.908484199041154","13.66846794",
"1/10/1996","-63.4375","-7.02514982223511","82","28.02","19.876","13.0428329472","0.80624886693885","0.945951271142864","18.70093728",
"1/11/1996","-63.4375","-7.02514982223511","82","32.909","21.544","8.160779772","0.903108494565016","0.895792645804032","17.549155728",
"1/12/1996","-63.4375","-7.02514982223511","82","35.171","21.413","8.383942548","1.01653840512372","0.794161294814997","19.61954946",
"1/13/1996","-63.4375","-7.02514982223511","82","32.388","22.371","15.0890300424","0.668442954544621","0.908397285291581","18.75909258",
"1/14/1996","-63.4375","-7.02514982223511","82","31.757","23.032","18.015857892","0.869388982464272","0.877436514482819","13.77084276",
"1/15/1996","-63.4375","-7.02514982223511","82","30.176","22.419","5.34896676","0.723332696252417","0.882173724804479","12.862357452",
"1/16/1996","-63.4375","-7.02514982223511","82","30.125","22.286","3.5774214984","0.812003057662195","0.921334199230304","14.82936012",
"1/17/1996","-63.4375","-7.02514982223511","82","28.814","22.056","15.38429292","0.489860009751427","0.922940553664784","10.18900674",
"1/18/1996","-63.4375","-7.02514982223511","82","28.36","22.029","8.696370204","0.88329870833955","0.938687032198714","17.728649118",
"1/19/1996","-63.4375","-7.02514982223511","82","30.533","22.523","0.817107912","1.11248787651761","0.86118863040371","16.220585592",
"1/20/1996","-63.4375","-7.02514982223511","82","24.486","21.591","1.68914772","1.13120176979902","0.929403784883878","6.06318984",
"1/21/1996","-63.4375","-7.02514982223511","82","22.002","20.751","28.63655316","0.786195733305242","0.980786694430688","1.215787842",
"1/22/1996","-63.4375","-7.02514982223511","82","30.441","20.655","1.5535353744","0.904755882147995","0.870309354012953","17.732754864",
"1/23/1996","-63.4375","-7.02514982223511","82","31.675","18.808","1.659966048","0.808478132054241","0.830261687839706","24.66843984",
"1/24/1996","-63.4375","-7.02514982223511","82","28.347","21.787","7.597728144","0.784766170924655","0.920706819911767","20.426061528",
"1/25/1996","-63.4375","-7.02514982223511","82","27.419","20.614","12.198267","0.810131178759214","0.947413959453477","25.83612774",
"1/26/1996","-63.4375","-7.02514982223511","82","28.481","23.466","15.123374964","0.917117726605844","0.949560933803725","16.41149496",
"1/27/1996","-63.4375","-7.02514982223511","82","32.621","22.644","2.410123788","0.758585587351014","0.875862423469182","10.05345378",
"1/28/1996","-63.4375","-7.02514982223511","82","32.159","21.406","8.404538976","0.956147973705744","0.828054462854858","27.8281098",
"1/29/1996","-63.4375","-7.02514982223511","82","24.782","20.761","15.30533592","1.03132082554844","0.964476979119484","7.046048592",
"1/30/1996","-63.4375","-7.02514982223511","82","25.747","20.506","5.1258114","0.772173327460209","0.953330322629423","10.11757032",
"1/31/1996","-63.4375","-7.02514982223511","82","26.954","20.406","17.433932832","0.704693048849075","0.961407256780103","17.020913832",
"2/1/1996","-63.4375","-7.02514982223511","82","30.899","22.113","15.703596216","1.03008512204012","0.87854001751108","23.0084973",
"2/2/1996","-63.4375","-7.02514982223511","82","27.553","22.234","36.1913652","0.706369156635642","0.960707864844394","20.128494672",
"2/3/1996","-63.4375","-7.02514982223511","82","27.627","22.397","41.1884226","0.919583962463104","0.960154839756492","18.08297208",
"2/4/1996","-63.4375","-7.02514982223511","82","29.888","21.722","12.43000656","1.24963208023729","0.897294914159858","17.809085898",
"2/5/1996","-63.4375","-7.02514982223511","82","29.217","21.723","0.393104484","1.55486451984845","0.851716503827009","22.3050933",
"2/6/1996","-63.4375","-7.02514982223511","82","32.358","21.54","3.1946157864","1.26892784374102","0.827546181899473","27.125944272",
"2/7/1996","-63.4375","-7.02514982223511","82","32.615","21.948","3.70359432","1.06600132143524","0.833519039843124","18.795264768",
"2/8/1996","-63.4375","-7.02514982223511","82","26.294","22.14","16.26835068","0.805745005268363","0.965326662502315","11.1121326",
"2/9/1996","-63.4375","-7.02514982223511","82","31.323","22.877","11.154559572","0.842000065796186","0.895788929363708","20.258608068",
"2/10/1996","-63.4375","-7.02514982223511","82","34.71","22.85","11.8532224656","0.823877944761436","0.866245654986793","22.6702143",
"2/11/1996","-63.4375","-7.02514982223511","82","31.497","22.04","7.6715459928","1.025006983413","0.887206782612698","26.23606956",
"2/12/1996","-63.4375","-7.02514982223511","82","29.149","24.308","25.963793604","0.993137317185433","0.930992881589995","24.504527232",
"2/13/1996","-63.4375","-7.02514982223511","82","27.085","22.722","39.1636838664","1.10699389697875","0.962386524599919","15.307590312",
"2/14/1996","-63.4375","-7.02514982223511","82","29.365","22.337","21.284292312","1.24370559881047","0.882519914275855","17.182405008",
"2/15/1996","-63.4375","-7.02514982223511","82","30.555","21.011","0.1802444328","0.866829236556015","0.819509633500415","17.455159872",
"2/16/1996","-63.4375","-7.02514982223511","82","31.459","21.681","7.91959608","0.640897595759053","0.867063643472108","20.33072226",
"2/17/1996","-63.4375","-7.02514982223511","82","26.681","20.593","3.7902835368","0.83031109484288","0.942682660048461","9.25036578",
"2/18/1996","-63.4375","-7.02514982223511","82","33.646","22.457","12.6171095472","0.842331203035036","0.879413873820346","24.675462792",
"2/19/1996","-63.4375","-7.02514982223511","82","26.896","21.712","60.2462322","1.59820944416812","0.932582676761752","10.83077118",
"2/20/1996","-63.4375","-7.02514982223511","82","24.198","21.362","17.4528117864","0.915562700650161","0.967517902412187","3.09256938",
"2/21/1996","-63.4375","-7.02514982223511","82","24.672","21.466","4.176521424","1.02755821832111","0.959819181810905","8.358691032",
"2/22/1996","-63.4375","-7.02514982223511","82","32.334","19.86","4.5533126664","1.21595872656835","0.859706510402637","17.900711928",
"2/23/1996","-63.4375","-7.02514982223511","82","31.105","21.32","7.571984112","0.971508351396885","0.894923397381866","15.79747212",
"2/24/1996","-63.4375","-7.02514982223511","82","32.565","22.988","10.86616692","0.955114728757795","0.887864163881849","24.887695068",
"2/25/1996","-63.4375","-7.02514982223511","82","27.032","22.31","18.38837052","0.718332351732769","0.961023998143265","16.478432568",
"2/26/1996","-63.4375","-7.02514982223511","82","29.883","20.54","4.2005511","0.768970049008196","0.916357845184517","11.534679252",
"2/27/1996","-63.4375","-7.02514982223511","82","32.658","21.459","4.90608054","1.00557344907992","0.841988243850446","22.27961394",
"2/28/1996","-63.4375","-7.02514982223511","82","29.941","21.878","8.29983024","1.15367649256672","0.887989327815216","15.85755252",
"2/29/1996","-63.4375","-7.02514982223511","82","31.519","20.762","4.942131696","0.990098447060836","0.827642918798825","16.966516212",
"3/1/1996","-63.4375","-7.02514982223511","82","31.817","22.038","10.1160060912","1.03754689168258","0.899936920060984","20.312554968",
"3/2/1996","-63.4375","-7.02514982223511","82","24.632","21.644","75.660581484","1.383620729801","0.97817456339285","1.61004393",
"3/3/1996","-63.4375","-7.02514982223511","82","27.121","20.337","9.218212236","0.919290408219999","0.946403250366944","13.33512666",
"3/4/1996","-63.4375","-7.02514982223511","82","33.144","20.129","2.161217628","0.627223682544742","0.852129912797098","25.095255192",
"3/5/1996","-63.4375","-7.02514982223511","82","28.672","22.905","9.52377678","0.929557837360634","0.937261153969375","19.156047192",
"3/6/1996","-63.4375","-7.02514982223511","82","28.791","23.178","7.728196356","0.751024732026439","0.920086986739079","19.38504204",
"3/7/1996","-63.4375","-7.02514982223511","82","26.52","22.58","8.9761737168","0.570756025676872","0.960833600664439","4.34250324",
"3/8/1996","-63.4375","-7.02514982223511","82","29.889","22.133","2.6435851344","1.08852696206971","0.879729678830633","14.524036272",
"3/9/1996","-63.4375","-7.02514982223511","82","27.64","21.976","4.14476676","1.00771579290984","0.910191231638062","17.99173242",
"3/10/1996","-63.4375","-7.02514982223511","82","30.519","21.703","6.221010816","0.521098551102234","0.912450987551995","17.70614955",
"3/11/1996","-63.4375","-7.02514982223511","82","28.773","23.03","19.268985456","0.522665187089115","0.958531397417121","19.513290582",
"3/12/1996","-63.4375","-7.02514982223511","82","24.321","22.331","97.6495688784","0.988002868261091","0.980177157314278","1.736831178",
"3/13/1996","-63.4375","-7.02514982223511","82","28.161","22.017","5.505183432","0.831506650040676","0.926028587322221","12.84609348",
"3/14/1996","-63.4375","-7.02514982223511","82","28.436","23.228","2.095985376","1.01154206429757","0.905058799125548","15.192958212",
"3/15/1996","-63.4375","-7.02514982223511","82","29.179","22.193","2.492523036","0.894716493503284","0.91386090079739","13.631063832",
"3/16/1996","-63.4375","-7.02514982223511","82","27.699","22.148","14.29424316","1.06439181828454","0.95109292438706","21.2261661",
"3/17/1996","-63.4375","-7.02514982223511","82","26.172","23.258","15.9198846264","1.17975679627354","0.954340441305915","10.768225392",
"3/18/1996","-63.4375","-7.02514982223511","82","27.767","21.704","30.811511484","0.778215103468258","0.963694739391567","16.598030418",
"3/19/1996","-63.4375","-7.02514982223511","82","30.662","21.342","6.7565937024","0.680160492597935","0.912384114332512","17.292825468",
"3/20/1996","-63.4375","-7.02514982223511","82","27.231","21.809","13.0617121392","0.847810614773844","0.929922466443213","9.034256682",
"3/21/1996","-63.4375","-7.02514982223511","82","31.016","20.403","5.4433834344","0.927413374986226","0.836833762758255","17.94909384",
"3/22/1996","-63.4375","-7.02514982223511","82","28.307","22.62","10.6730397","0.767485242718078","0.948336814135091","22.251263688",
"3/23/1996","-63.4375","-7.02514982223511","82","26.386","21.851","9.8670951864","0.861469340610269","0.961738584128903","13.880251368",
"3/24/1996","-63.4375","-7.02514982223511","82","33.574","21.651","3.6100399104","0.709462153570448","0.851975055182659","22.824620928",
"3/25/1996","-63.4375","-7.02514982223511","82","29.306","21.85","15.6452208264","1.12695518867417","0.924820602559525","25.542840168",
"3/26/1996","-63.4375","-7.02514982223511","82","31.777","22.741","5.8158865368","1.36495945269643","0.865097154959566","22.56620922",
"3/27/1996","-63.4375","-7.02514982223511","82","31.118","23.043","2.88047772","1.3173590313278","0.827232685554529","22.534142472",
"3/28/1996","-63.4375","-7.02514982223511","82","24.527","21.397","21.4954337448","0.958005925711729","0.976334266174284","3.157873452",
"3/29/1996","-63.4375","-7.02514982223511","82","27.383","22.28","2.63843334","0.7331687778844","0.944537007904347","12.239321472",
"3/30/1996","-63.4375","-7.02514982223511","82","25.177","21.979","30.89819448","0.901236201764016","0.97591030436154","7.950936618",
"3/31/1996","-63.4375","-7.02514982223511","82","30.391","21.512","4.6133982864","0.76698202156633","0.900617900038441","16.9472826",
"4/1/1996","-63.4375","-7.02514982223511","82","28.104","22.501","10.0499125464","0.923178592034194","0.941197734633741","22.82580036",
"4/2/1996","-63.4375","-7.02514982223511","82","30.485","21.099","1.41277302","0.915260416307344","0.891364202765373","15.50952954",
"4/3/1996","-63.4375","-7.02514982223511","82","32.5","22.117","0.8892061632","1.38371118750782","0.8375200435561","22.94043804",
"4/4/1996","-63.4375","-7.02514982223511","82","27.536","23.372","12.817958148","0.998513358556793","0.962760548458014","18.2899683",
"4/5/1996","-63.4375","-7.02514982223511","82","30.366","22.334","8.0217372528","0.735634368454205","0.927542446137621","20.902551768",
"4/6/1996","-63.4375","-7.02514982223511","82","28.381","21.901","16.79877792","0.774768827037369","0.95057361340512","21.52316142",
"4/7/1996","-63.4375","-7.02514982223511","82","30.127","22.238","13.216213512","1.15093678775909","0.887969937770611","22.314202128",
"4/8/1996","-63.4375","-7.02514982223511","82","30.286","22.888","6.047629848","0.916683524050354","0.892400746269352","20.53704546",
"4/9/1996","-63.4375","-7.02514982223511","82","27.095","22.979","9.14783292","0.650890715443418","0.960020694459718","9.534817368",
"4/10/1996","-63.4375","-7.02514982223511","82","27.556","23.03","12.3965262504","0.819068416196817","0.959770524025842","14.426276328",
"4/11/1996","-63.4375","-7.02514982223511","82","24.346","22.126","13.27286214","0.696696142866961","0.970929720868901","2.77239294",
"4/12/1996","-63.4375","-7.02514982223511","82","29.998","22.143","6.320574252","0.695132469287662","0.906206834819797","12.731792868",
"4/13/1996","-63.4375","-7.02514982223511","82","25.763","21.406","6.619265208","0.629454598384327","0.953309846184577","3.55646466",
"4/14/1996","-63.4375","-7.02514982223511","82","31.782","21.942","6.5814962616","0.852524765943148","0.879792363135344","23.21178804",
"4/15/1996","-63.4375","-7.02514982223511","82","29.088","22.661","14.31999432","0.868868155460013","0.922688929056312","12.230723898",
"4/16/1996","-63.4375","-7.02514982223511","82","24.919","22.372","40.04861148","0.886315073597174","0.976431374787863","5.265448452",
"4/17/1996","-63.4375","-7.02514982223511","82","24.983","20.855","8.3135655864","0.819435384482643","0.964964889308492","4.047471612",
"4/18/1996","-63.4375","-7.02514982223511","82","23.768","20.524","1.344108528","1.18371902605719","0.958583624316572","4.336477272",
"4/19/1996","-63.4375","-7.02514982223511","82","28.229","19.898","1.2016297728","1.28356100802493","0.911302874215435","12.63189546",
"4/20/1996","-63.4375","-7.02514982223511","82","25.649","18.668","0.1785278232","0.955181324328268","0.905180647181282","5.92993305",
"4/21/1996","-63.4375","-7.02514982223511","82","29.073","17.734","5.0125139424","0.877776829921486","0.905943637885967","15.53804856",
"4/22/1996","-63.4375","-7.02514982223511","82","25.172","22.197","3.701018736","0.61486378003828","0.966275925447314","8.667727128",
"4/23/1996","-63.4375","-7.02514982223511","82","27.328","22.016","6.6518834544","0.740783931943612","0.947240730408969","17.838954468",
"4/24/1996","-63.4375","-7.02514982223511","82","29.586","20.884","4.092408","0.988766420991891","0.897932544378463","16.92562626",
"4/25/1996","-63.4375","-7.02514982223511","82","29.826","21.287","5.8974246","0.915297629604266","0.918867174774869","25.05831228",
"4/26/1996","-63.4375","-7.02514982223511","82","29.074","22.692","7.125663276","0.793905117567767","0.931782642214877","17.30249892",
"4/27/1996","-63.4375","-7.02514982223511","82","27.119","22.054","21.6293294664","0.85498618962348","0.964602378320645","18.96952932",
"4/28/1996","-63.4375","-7.02514982223511","82","26.904","23.45","11.716746084","0.840857497020765","0.961541463405883","14.79172842",
"4/29/1996","-63.4375","-7.02514982223511","82","29.936","23.086","2.3852347344","0.994417798004671","0.906992945100856","14.55097698",
"4/30/1996","-63.4375","-7.02514982223511","82","29.077","22.319","7.547950224","0.928654940899531","0.935741862551331","16.6451643",
"5/1/1996","-63.4375","-7.02514982223511","82","27.978","21.8","10.420708932","0.943723762698101","0.944100596552878","22.0855473",
"5/2/1996","-63.4375","-7.02514982223511","82","30.986","19.543","2.62470204","0.998596023988818","0.865628899603428","23.82868098",
"5/3/1996","-63.4375","-7.02514982223511","82","31.737","19.896","5.240821356","1.28146283699232","0.849317752589489","22.74952302",
"5/4/1996","-63.4375","-7.02514982223511","82","30.238","22.397","14.3251387344","1.26917024790142","0.891695989486054","16.4693295",
"5/5/1996","-63.4375","-7.02514982223511","82","29.281","23.236","12.915807408","1.11878226561827","0.925577466162896","17.9694603",
"5/6/1996","-63.4375","-7.02514982223511","82","28.371","22.49","11.144260584","1.01190036881806","0.94179894429086","18.6576156",
"5/7/1996","-63.4375","-7.02514982223511","82","26.403","21.175","32.12471664","1.04719444141109","0.967902556623657","12.78422028",
"5/8/1996","-63.4375","-7.02514982223511","82","29.201","21.767","9.0671545944","0.824429081105122","0.928447470669669","16.82854344",
"5/9/1996","-63.4375","-7.02514982223511","82","28.96","22.429","9.0225212184","0.894150237185019","0.936056329466793","17.314032582",
"5/10/1996","-63.4375","-7.02514982223511","82","31.164","22.543","5.32836936","0.724786237849989","0.905808458248518","14.9874768",
"5/11/1996","-63.4375","-7.02514982223511","82","30.384","21.747","4.385946708","1.13471253075333","0.864673391777073","23.84639964",
"5/12/1996","-63.4375","-7.02514982223511","82","30.812","20.059","10.03703868","0.880609880697617","0.892291189907518","21.474950832",
"5/13/1996","-63.4375","-7.02514982223511","82","28.486","21.465","4.495813308","0.747638470699153","0.931872275352058","13.227524532",
"5/14/1996","-63.4375","-7.02514982223511","82","29.509","21.833","13.642790148","0.781608731218502","0.926783867488683","19.57010004",
"5/15/1996","-63.4375","-7.02514982223511","82","27.651","22.664","5.048561592","0.731200756773815","0.955629694956233","13.853816568",
"5/16/1996","-63.4375","-7.02514982223511","82","32.717","22.87","0.8703234648","0.480003577812319","0.870076725174661","15.744597732",
"5/17/1996","-63.4375","-7.02514982223511","82","29.886","21.082","4.45117986","0.609555086433658","0.895352459657368","19.88949438",
"5/18/1996","-63.4375","-7.02514982223511","82","32.503","21.276","6.848431632","0.75086382624042","0.879226964027825","14.94089802",
"5/19/1996","-63.4375","-7.02514982223511","82","28.68","21.819","8.486947476","1.11149720570664","0.927331182440622","12.110400558",
"5/20/1996","-63.4375","-7.02514982223511","82","32.996","19.387","3.3113493504","0.529580929013305","0.858011167783693","18.704755368",
"5/21/1996","-63.4375","-7.02514982223511","82","33.224","20.482","0.7003784592","0.935719184142869","0.797875615456292","19.83301146",
"5/22/1996","-63.4375","-7.02514982223511","82","30.332","20.659","5.5815705","0.851400091003488","0.913415845472403","22.011525",
"5/23/1996","-63.4375","-7.02514982223511","82","32.934","20.415","1.2702946104","0.762664428261911","0.850600731314789","13.87529784",
"5/24/1996","-63.4375","-7.02514982223511","82","34.46","20.607","0.0343322784","0.759751259584533","0.781104400062394","21.74534694",
"5/25/1996","-63.4375","-7.02514982223511","82","32.912","21.171","2.696799924","0.89652151596537","0.819250393093814","22.07643678",
"5/26/1996","-63.4375","-7.02514982223511","82","26.892","20.809","13.623045732","0.908066198631201","0.963491864306885","13.9437036",
"5/27/1996","-63.4375","-7.02514982223511","82","25.692","22.084","16.46747568","1.09362590872728","0.968683428770506","9.6118362",
"5/28/1996","-63.4375","-7.02514982223511","82","27.699","22.348","15.9971165856","0.983666739815688","0.95068947675459","18.838633068",
"5/29/1996","-63.4375","-7.02514982223511","82","29.056","21.856","2.9354102424","0.853473814583735","0.896536833930752","13.1681808",
"5/30/1996","-63.4375","-7.02514982223511","82","30.47","20.169","5.75065296","1.03726775661314","0.874619666269384","22.3482339",
"5/31/1996","-63.4375","-7.02514982223511","82","29.838","19.3","9.540937368","0.874405010281102","0.935823862716139","21.5036496",
"6/1/1996","-63.4375","-7.02514982223511","82","30.385","21.492","0.6505975224","1.17664975443712","0.811422975705552","14.614146",
"6/2/1996","-63.4375","-7.02514982223511","82","27.868","20.526","0.0102996792","1.96212226493503","0.753284992666104","20.22760404",
"6/3/1996","-63.4375","-7.02514982223511","82","28.81","20.225","0","1.68780138389398","0.730091313627001","17.70339744",
"6/4/1996","-63.4375","-7.02514982223511","82","27.885","21.155","0.317573676","1.79574369042294","0.76946813766362","7.738650468",
"6/5/1996","-63.4375","-7.02514982223511","82","30.067","19.51","0","1.71966249212202","0.730570824920544","21.53525544",
"6/6/1996","-63.4375","-7.02514982223511","82","31.372","19.115","0","1.1050542447702","0.741685232578263","19.66595958",
"6/7/1996","-63.4375","-7.02514982223511","82","32.991","16.537","0","1.16301645329239","0.698890809411237","19.1850183",
"6/8/1996","-63.4375","-7.02514982223511","82","32.235","21.451","0","1.06405046595009","0.650823311604507","10.57736448",
"6/9/1996","-63.4375","-7.02514982223511","82","31.545","20.982","0","1.49399851760739","0.638094479211095","19.6808067",
"6/10/1996","-63.4375","-7.02514982223511","82","31.947","18.029","0","1.47199472571936","0.683960912858661","16.3589589",
"6/11/1996","-63.4375","-7.02514982223511","82","32.886","22.56","0","1.11263401843972","0.714924634802822","16.5974058",
"6/12/1996","-63.4375","-7.02514982223511","82","30.191","19.274","0.490951908","1.28679640749675","0.775762381076957","15.99361488",
"6/13/1996","-63.4375","-7.02514982223511","82","33.59","20.411","0","1.41398720691695","0.65645665116983","22.7287143",
"6/14/1996","-63.4375","-7.02514982223511","82","34.304","20.851","0","1.18764660744623","0.651286660319748","22.5203094",
"6/15/1996","-63.4375","-7.02514982223511","82","33.987","23.756","0","1.22543179033605","0.624041534060909","15.48196722",
"6/16/1996","-63.4375","-7.02514982223511","82","33.662","21.972","0.0738143784","1.23691036199227","0.661337341321531","17.659288332",
"6/17/1996","-63.4375","-7.02514982223511","82","29.248","19.711","0","1.5625032136257","0.764023372500522","10.2890223",
"6/18/1996","-63.4375","-7.02514982223511","82","34.444","19.032","0","1.25962526387968","0.672702098363177","20.4631335",
"6/19/1996","-63.4375","-7.02514982223511","82","34.069","20.208","0.06008148","1.26167953945814","0.62988785699627","10.41598692",
"6/20/1996","-63.4375","-7.02514982223511","82","34.129","19.226","0","1.34001001189442","0.609831507875846","22.35679614",
"6/21/1996","-63.4375","-7.02514982223511","82","31.252","20.58","0","1.46323671908393","0.597284633399546","12.607650468",
"6/22/1996","-63.4375","-7.02514982223511","82","32.575","21.713","0","1.66620055962659","0.598888038427185","19.4709348",
"6/23/1996","-63.4375","-7.02514982223511","82","34.083","22.038","0","1.31472623114384","0.602434180402024","19.83115926",
"6/24/1996","-63.4375","-7.02514982223511","82","33.937","19.9","0","1.00626868062397","0.603665410283448","21.74287662",
"6/25/1996","-63.4375","-7.02514982223511","82","28.181","17.203","0","0.84814584345475","0.703218819106348","7.5439701",
"6/26/1996","-63.4375","-7.02514982223511","82","35.1","15.265","0","0.706821819900957","0.714149311776341","13.23905346",
"6/27/1996","-63.4375","-7.02514982223511","82","28.5","22.494","0.751876632","1.17136132236859","0.817951983083386","10.086071328",
"6/28/1996","-63.4375","-7.02514982223511","82","30.331","18.384","0.0308990304","2.3144797144515","0.746285303830138","16.525348848",
"6/29/1996","-63.4375","-7.02514982223511","82","24.319","13.768","0","2.51144723820414","0.58788467915134","22.394188512",
"6/30/1996","-63.4375","-7.02514982223511","82","26.914","12.943","0","1.81872667415973","0.629516835199176","22.94904996",
"7/1/1996","-63.4375","-7.02514982223511","82","31.209","14.864","0","1.04192266398234","0.699829028331534","22.84672968",
"7/2/1996","-63.4375","-7.02514982223511","82","30.786","17.929","0","1.10363375237056","0.644537404801691","20.92656888",
"7/3/1996","-63.4375","-7.02514982223511","82","29.951","17.388","0.2506257","0.715118541362258","0.760936921421252","15.90788934",
"7/4/1996","-63.4375","-7.02514982223511","82","33.179","18.715","0","1.17491317299614","0.669438560682841","21.94858044",
"7/5/1996","-63.4375","-7.02514982223511","82","34.953","15.5","0","0.682593534912521","0.719274014792755","16.117928568",
"7/6/1996","-63.4375","-7.02514982223511","82","33.674","22.193","0","1.69274202909638","0.453236636050881","20.382812532",
"7/7/1996","-63.4375","-7.02514982223511","82","35.499","21.378","0","1.00750119538148","0.496186765648075","23.24047734",
"7/8/1996","-63.4375","-7.02514982223511","82","35.122","21.125","0","1.16679925910462","0.524911436359297","22.6944",
"7/9/1996","-63.4375","-7.02514982223511","82","30.692","19.17","0","1.34660783188153","0.596948743961967","12.737984508",
"7/10/1996","-63.4375","-7.02514982223511","82","33.193","18.469","0","1.9307961275557","0.520818303205179","23.52374838",
"7/11/1996","-63.4375","-7.02514982223511","82","31.584","18.154","0","1.80201795433999","0.504226268902458","23.63158008",
"7/12/1996","-63.4375","-7.02514982223511","82","32.42","16.678","0","1.80184399282624","0.456357360949708","21.401439768",
"7/13/1996","-63.4375","-7.02514982223511","82","35.167","17.378","0","1.0911440522942","0.54454474222165","23.64193278",
"7/14/1996","-63.4375","-7.02514982223511","82","35.559","17.096","0","1.02624743106484","0.539044019189087","14.9345397",
"7/15/1996","-63.4375","-7.02514982223511","82","35.212","23.637","0","1.26524670989498","0.479771545735157","10.965825648",
"7/16/1996","-63.4375","-7.02514982223511","82","34.916","21.452","0","1.12842281989429","0.503901422184196","15.782906952",
"7/17/1996","-63.4375","-7.02514982223511","82","36.887","23.801","0","1.05299530156671","0.477055016447029","17.10669438",
"7/18/1996","-63.4375","-7.02514982223511","82","33.572","22.266","0.3089903904","1.05983858972282","0.61302640634061","9.539380512",
"7/19/1996","-63.4375","-7.02514982223511","82","35.448","19.234","0","1.1432732060369","0.564013716750492","23.54062464",
"7/20/1996","-63.4375","-7.02514982223511","82","36.38","19.034","0","0.936693756579595","0.498627291219597","17.5569741",
"7/21/1996","-63.4375","-7.02514982223511","82","35.229","18.597","0","1.83473948483307","0.417038112493963","22.48480944",
"7/22/1996","-63.4375","-7.02514982223511","82","34.522","18.386","0","1.73025184015063","0.410768449168859","24.43263462",
"7/23/1996","-63.4375","-7.02514982223511","82","35.031","18.689","0","1.35937680476092","0.48554251848137","24.19768764",
"7/24/1996","-63.4375","-7.02514982223511","82","36.516","18.094","0","0.920428705511135","0.496279943419036","22.45933296",
"7/25/1996","-63.4375","-7.02514982223511","82","34.839","17.847","0.0034332264","1.46649870796688","0.501124150180443","19.34904663",
"7/26/1996","-63.4375","-7.02514982223511","82","35.049","19.401","0","1.12321436626164","0.561460897515817","18.61931646",
"7/27/1996","-63.4375","-7.02514982223511","82","35.334","23.023","0","1.24150111744429","0.519816622173878","18.07408116",
"7/28/1996","-63.4375","-7.02514982223511","82","34.638","18.212","0","1.62313722781443","0.503658820129511","20.903731992",
"7/29/1996","-63.4375","-7.02514982223511","82","36.131","22.63","0","1.50764267523332","0.425657424287014","24.28818903",
"7/30/1996","-63.4375","-7.02514982223511","82","36.677","19.084","0","1.24521664306092","0.398470484027637","24.513643512",
"7/31/1996","-63.4375","-7.02514982223511","82","34.897","16.972","0","0.941698552649057","0.498068446009","15.81693705",
"8/1/1996","-63.4375","-7.02514982223511","82","36.445","17.453","0","1.21601560629511","0.428394713577317","24.94575126",
"8/2/1996","-63.4375","-7.02514982223511","82","36.005","18.634","0","1.26802412477553","0.400715403390071","24.926849208",
"8/3/1996","-63.4375","-7.02514982223511","82","36.577","18.649","0","0.980042873805424","0.466077790199207","16.49435994",
"8/4/1996","-63.4375","-7.02514982223511","82","33.763","20.713","0","1.0958928291349","0.507929527706162","17.0749161",
"8/5/1996","-63.4375","-7.02514982223511","82","28.595","21.309","1.033401384","0.878926748425997","0.771224513429889","8.03688984",
"8/6/1996","-63.4375","-7.02514982223511","82","32.916","18.543","0.418854024","0.90473804339217","0.717818278736638","12.97895328",
"8/7/1996","-63.4375","-7.02514982223511","82","34.05","18.948","0.027465804","1.28132561945303","0.669250996145946","14.7405924",
"8/8/1996","-63.4375","-7.02514982223511","82","35.143","19.494","0.5012510184","0.84317997453657","0.699936444093893","8.553039498",
"8/9/1996","-63.4375","-7.02514982223511","82","39.219","21.287","0","1.02704835359072","0.575706899918483","21.175371",
"8/10/1996","-63.4375","-7.02514982223511","82","31.742","21.676","4.373934552","1.4348271870453","0.711169591060122","20.573044632",
"8/11/1996","-63.4375","-7.02514982223511","82","38.897","16.888","0","1.03617306377303","0.587728510438614","21.804025752",
"8/12/1996","-63.4375","-7.02514982223511","82","34.372","20.623","0.1871110224","1.20535272887307","0.637667534400251","10.66516587",
"8/13/1996","-63.4375","-7.02514982223511","82","36.924","18.917","0.078964416","0.92298951271769","0.646577355536724","15.48843264",
"8/14/1996","-63.4375","-7.02514982223511","82","36.654","20.342","0.477218556","1.00682404447078","0.559196263001006","16.1562933",
"8/15/1996","-63.4375","-7.02514982223511","82","35.313","19.424","0","0.9876009664421","0.58674669563193","12.56366448",
"8/16/1996","-63.4375","-7.02514982223511","82","35.979","20.935","1.55696832","0.924330476779152","0.69414613416175","5.54670495",
"8/17/1996","-63.4375","-7.02514982223511","82","34.322","20.174","0.41542038","1.37689568262348","0.637270387732208","17.10787914",
"8/18/1996","-63.4375","-7.02514982223511","82","33.918","21.549","0.197410752","1.2975832603227","0.555697493576136","20.16754407",
"8/19/1996","-63.4375","-7.02514982223511","82","28.973","20.686","3.531076992","0.897509751124646","0.840551696406474","16.73831844",
"8/20/1996","-63.4375","-7.02514982223511","82","35.811","19.429","0","1.09998684068241","0.66587476641149","15.73891596",
"8/21/1996","-63.4375","-7.02514982223511","82","36.967","20.754","0","1.04330611873215","0.549664850769212","21.511063872",
"8/22/1996","-63.4375","-7.02514982223511","82","35.176","22.303","0.870323364","1.09002040272135","0.654718733886016","12.331574712",
"8/23/1996","-63.4375","-7.02514982223511","82","38.24","21.887","0.0308990664","0.82630259301914","0.653962718234466","16.138460592",
"8/24/1996","-63.4375","-7.02514982223511","82","38.058","21.248","0","1.04812508683862","0.577134313569129","19.990459872",
"8/25/1996","-63.4375","-7.02514982223511","82","37.953","24.567","0.0892639224","0.798205794463933","0.548980997885747","16.318524528",
"8/26/1996","-63.4375","-7.02514982223511","82","37.286","23.508","0.0034332264","1.65141206608531","0.546895411344594","23.11812711",
"8/27/1996","-63.4375","-7.02514982223511","82","36.971","21.704","0","1.35667329081445","0.448160669520568","23.12527446",
"8/28/1996","-63.4375","-7.02514982223511","82","38.387","22.047","0","1.17638408376757","0.402730126344165","17.992178352",
"8/29/1996","-63.4375","-7.02514982223511","82","37.53","21.641","0","1.62278565671077","0.386242221973974","22.1421375",
"8/30/1996","-63.4375","-7.02514982223511","82","39.372","19.346","0","1.06590090087111","0.397130715939032","23.475650832",
"8/31/1996","-63.4375","-7.02514982223511","82","39.272","25.402","0","1.2900703684396","0.452118495054968","16.50121776",
"9/1/1996","-63.4375","-7.02514982223511","82","38.138","24.181","0.035190576","1.1441005112326","0.490528961197624","16.067245032",
"9/2/1996","-63.4375","-7.02514982223511","82","38.305","20.165","0","0.820648538851137","0.59618432863119","15.756244632",
"9/3/1996","-63.4375","-7.02514982223511","82","39.311","21.072","0","1.51700082432325","0.417499618129238","26.718855408",
"9/4/1996","-63.4375","-7.02514982223511","82","40.046","19.611","0","1.05647278010181","0.469740780863876","23.464689408",
"9/5/1996","-63.4375","-7.02514982223511","82","37.294","23.35","0","1.49492860265798","0.337651986722916","24.540353208",
"9/6/1996","-63.4375","-7.02514982223511","82","37.308","23.461","0","1.83076677380102","0.349087158526702","19.66291776",
"9/7/1996","-63.4375","-7.02514982223511","82","42.049","19.776","0","0.977892555314003","0.377974303051451","26.11963026",
"9/8/1996","-63.4375","-7.02514982223511","82","40.904","25.574","0","1.34689294284204","0.297546813900814","21.517254",
"9/9/1996","-63.4375","-7.02514982223511","82","42.477","20.634","0","1.26166185159935","0.323628244402345","18.9869652",
"9/10/1996","-63.4375","-7.02514982223511","82","39.368","25.409","0","1.62020409270574","0.313524724180349","23.16037446",
"9/11/1996","-63.4375","-7.02514982223511","82","39.636","25.653","0","1.63717920345671","0.351493915971822","23.03454276",
"9/12/1996","-63.4375","-7.02514982223511","82","37.409","26.694","0","1.27461125823915","0.413148983388637","14.5429281",
"9/13/1996","-63.4375","-7.02514982223511","82","41.176","23.755","0","1.11301919533949","0.42243210581968","17.581210092",
"9/14/1996","-63.4375","-7.02514982223511","82","40.184","23.396","0","1.18330404823672","0.426213618926906","10.62922608",
"9/15/1996","-63.4375","-7.02514982223511","82","38.918","23.252","0","1.38553097842992","0.388704671318911","17.4882393",
"9/16/1996","-63.4375","-7.02514982223511","82","39.334","23.416","0","1.56302873121484","0.364661593823371","14.7215772",
"9/17/1996","-63.4375","-7.02514982223511","82","41.836","22.066","0","1.04416626298603","0.307631897664063","26.032108968",
"9/18/1996","-63.4375","-7.02514982223511","82","37.812","23.79","0","1.66551600871283","0.404538726748883","21.67222122",
"9/19/1996","-63.4375","-7.02514982223511","82","40.558","23.978","0","1.37546167426668","0.446991334873814","24.938493192",
"9/20/1996","-63.4375","-7.02514982223511","82","40.433","26.755","0","1.05475970802088","0.424813803421222","18.76922208",
"9/21/1996","-63.4375","-7.02514982223511","82","39.268","22.123","0","1.25008343824319","0.488771916050483","17.997635088",
"9/22/1996","-63.4375","-7.02514982223511","82","35.212","22.276","0","1.22671787238166","0.519489183120596","12.09431484",
"9/23/1996","-63.4375","-7.02514982223511","82","33.003","21.683","0","1.65934655015111","0.562738057034189","12.49329348",
"9/24/1996","-63.4375","-7.02514982223511","82","36.242","21.399","0","1.06937671631769","0.580344256297901","15.82656084",
"9/25/1996","-63.4375","-7.02514982223511","82","36.729","22.354","0","1.59513564101977","0.4242032114646","18.83964564",
"9/26/1996","-63.4375","-7.02514982223511","82","39.705","22.464","0","1.47309617493893","0.407165165891963","12.40970526",
"9/27/1996","-63.4375","-7.02514982223511","82","35.471","24.08","0.298690632","1.98356440707744","0.48407370122335","15.963800832",
"9/28/1996","-63.4375","-7.02514982223511","82","39.966","21.774","0.2214435528","1.28868571617361","0.469657923676579","19.30106124",
"9/29/1996","-63.4375","-7.02514982223511","82","39.744","20.762","0","1.45630492525503","0.399871171319695","18.22651596",
"9/30/1996","-63.4375","-7.02514982223511","82","37.491","22.721","0.2411843184","1.35644092470478","0.503459124898459","14.79932208",
"10/1/1996","-63.4375","-7.02514982223511","82","38.326","23.496","0.101280168","1.262434899272","0.460524829934974","17.8988652",
"10/2/1996","-63.4375","-7.02514982223511","82","38.532","23.361","0.030899052","1.03207930624724","0.517193337793716","14.27028588",
"10/3/1996","-63.4375","-7.02514982223511","82","41.079","23.222","0.080680824","1.11971850895969","0.491531503018712","16.97552316",
"10/4/1996","-63.4375","-7.02514982223511","82","41.216","25.119","0.0102996792","1.26404786839137","0.511875418665947","17.19309528",
"10/5/1996","-63.4375","-7.02514982223511","82","40.559","26.177","0.066948012","1.05870410072272","0.505593323660798","13.08633228",
"10/6/1996","-63.4375","-7.02514982223511","82","37.29","22.696","1.75094568","1.15174336822139","0.624868976339657","16.51146012",
"10/7/1996","-63.4375","-7.02514982223511","82","36.277","21.396","3.16200024","1.26398926256903","0.677937597070469","15.35310108",
"10/8/1996","-63.4375","-7.02514982223511","82","38.492","20.392","0.29697444","1.08859089642474","0.54954654322101","19.5589134",
"10/9/1996","-63.4375","-7.02514982223511","82","31.351","21.794","13.375851984","1.08949928019481","0.78290293202273","26.22060036",
"10/10/1996","-63.4375","-7.02514982223511","82","35.511","23.382","0.62828082","1.23247106292345","0.668021314466105","15.789541932",
"10/11/1996","-63.4375","-7.02514982223511","82","37.004","22.553","0.05321502","1.0667650843148","0.666670183465298","18.9741906",
"10/12/1996","-63.4375","-7.02514982223511","82","37.183","23.381","0","1.23771876038639","0.548167164440395","25.5455424",
"10/13/1996","-63.4375","-7.02514982223511","82","37.244","24.537","0.0102996792","1.25717889470922","0.457829938326171","22.34879892",
"10/14/1996","-63.4375","-7.02514982223511","82","36.954","21.741","0.0034332264","1.23894174068464","0.49778724139276","19.21774932",
"10/15/1996","-63.4375","-7.02514982223511","82","36.445","23.653","3.86924904","1.35339567799618","0.587579329770508","18.23337648",
"10/16/1996","-63.4375","-7.02514982223511","82","34.748","21.233","1.23767964","1.09378736103545","0.629024581325862","13.52660796",
"10/17/1996","-63.4375","-7.02514982223511","82","38.475","21.425","0","0.947457324571401","0.536102214235385","16.4541348",
"10/18/1996","-63.4375","-7.02514982223511","82","40.083","26.396","0","1.18896089023666","0.453173477125754","17.38192536",
"10/19/1996","-63.4375","-7.02514982223511","82","41.051","24.956","0","0.989871310006574","0.473724236477783","15.36530832",
"10/20/1996","-63.4375","-7.02514982223511","82","39.588","23.551","0","1.2700126820028","0.460182686249377","12.16991556",
"10/21/1996","-63.4375","-7.02514982223511","82","38.222","23.488","0.3639222","1.28515082967836","0.502488462189615","17.71098696",
"10/22/1996","-63.4375","-7.02514982223511","82","35.004","20.453","1.3561246584","0.816833202255603","0.696003249769268","12.92608584",
"10/23/1996","-63.4375","-7.02514982223511","82","34.279","22.25","1.601600652","1.48147561147712","0.679469531511154","18.71319348",
"10/24/1996","-63.4375","-7.02514982223511","82","39.311","22.288","0.0034332264","1.10906836262371","0.594180855111487","18.07171704",
"10/25/1996","-63.4375","-7.02514982223511","82","36.103","22.502","0","0.977343888683247","0.580278313373759","20.42544528",
"10/26/1996","-63.4375","-7.02514982223511","82","35.115","23.351","0","1.16922980754007","0.555025779320696","20.84152212",
"10/27/1996","-63.4375","-7.02514982223511","82","39.231","21.602","0.0343322856","0.894781686391024","0.553602289468292","16.8986268",
"10/28/1996","-63.4375","-7.02514982223511","82","38.297","21.212","0.62313084","1.45787733974468","0.577847848093208","20.62108332",
"10/29/1996","-63.4375","-7.02514982223511","82","36.381","22.756","0.0034332264","1.10867239142653","0.609746277659655","12.186399708",
"10/30/1996","-63.4375","-7.02514982223511","82","40.641","22.152","0","1.14768431978223","0.491175910231995","20.182104",
"10/31/1996","-63.4375","-7.02514982223511","82","40.422","22.866","0","1.17702437354884","0.418390795693823","28.7219844",
"11/1/1996","-63.4375","-7.02514982223511","82","38.69","22.648","0","1.01077121734382","0.483127240552005","14.5214478",
"11/2/1996","-63.4375","-7.02514982223511","82","39.494","22.369","0","1.26059822697671","0.38878074618378","22.6206612",
"11/3/1996","-63.4375","-7.02514982223511","82","40.321","26.789","0.0308990592","1.10553079973604","0.413716069080825","21.46083642",
"11/4/1996","-63.4375","-7.02514982223511","82","39.519","26.7","0.0720977688","1.00459212472442","0.466328895855447","15.70944978",
"11/5/1996","-63.4375","-7.02514982223511","82","38.275","23.896","0","1.08611213497708","0.501566773109121","17.48857554",
"11/6/1996","-63.4375","-7.02514982223511","82","38.948","25.261","0","1.13121264395918","0.428806640710236","24.03737658",
"11/7/1996","-63.4375","-7.02514982223511","82","37.709","25.755","0","1.09887685562532","0.47536042689745","17.00240346",
"11/8/1996","-63.4375","-7.02514982223511","82","36.374","24.779","1.0299695112","1.12765660744786","0.573132276607405","9.58044168",
"11/9/1996","-63.4375","-7.02514982223511","82","39.019","24.743","0.36735552","1.33667150486771","0.582857398427583","15.26906592",
"11/10/1996","-63.4375","-7.02514982223511","82","35.795","24.738","0.0703811592","1.31703065665623","0.544500992039114","13.08217536",
"11/11/1996","-63.4375","-7.02514982223511","82","36.184","26.117","0","1.36586814394606","0.507416232564589","16.86048588",
"11/12/1996","-63.4375","-7.02514982223511","82","36.844","23.04","0.0102996792","0.945597200170937","0.550167303443785","16.98126048",
"11/13/1996","-63.4375","-7.02514982223511","82","37.224","24.828","0.200843784","1.36094843490756","0.593875970555244","13.875642",
"11/14/1996","-63.4375","-7.02514982223511","82","39.33","22.918","0.130462632","1.45012523663914","0.59618583333456","16.2511902",
"11/15/1996","-63.4375","-7.02514982223511","82","34.258","23.553","0.00686646","1.43102168578489","0.651655484684197","21.04126758",
"11/16/1996","-63.4375","-7.02514982223511","82","39.076","23.662","0.0171661392","1.20592299679168","0.566423788748413","16.40474784",
"11/17/1996","-63.4375","-7.02514982223511","82","39.303","22.524","3.6529508664","1.053411677869","0.670021385395414","17.61867846",
"11/18/1996","-63.4375","-7.02514982223511","82","27.895","23","83.64713652","1.13702452991986","0.934218644830232","9.22010958",
"11/19/1996","-63.4375","-7.02514982223511","82","36.298","19.633","0","0.996741382552077","0.656236555291207","21.38332662",
"11/20/1996","-63.4375","-7.02514982223511","82","35.727","21.645","0.034332264","0.824624675788941","0.643420527000591","10.04000454",
"11/21/1996","-63.4375","-7.02514982223511","82","33.99","21.554","8.802789984","1.17954000474278","0.786683540559981","23.4533799",
"11/22/1996","-63.4375","-7.02514982223511","82","35.96","22.203","0.3776550264","0.962196326183782","0.687516629478707","15.9325839",
"11/23/1996","-63.4375","-7.02514982223511","82","28.906","22.76","15.4718215704","1.04708556156998","0.896986847766661","18.02739978",
"11/24/1996","-63.4375","-7.02514982223511","82","33.996","24.042","6.893922312","1.05143854811405","0.860995950981177","24.7955616",
"11/25/1996","-63.4375","-7.02514982223511","82","29.936","23.518","58.078194984","0.754782671701906","0.912993323395091","9.49550706",
"11/26/1996","-63.4375","-7.02514982223511","82","34.586","22.677","5.688858096","1.0544385260189","0.793395599305391","18.67573188",
"11/27/1996","-63.4375","-7.02514982223511","82","28.049","23.18","12.11929182","1.03101439474396","0.919718155077498","18.45342792",
"11/28/1996","-63.4375","-7.02514982223511","82","33.112","22.836","4.5318603384","1.06315644220109","0.798092450256567","24.16922064",
"11/29/1996","-63.4375","-7.02514982223511","82","29.577","21.811","16.221998304","0.972517061936045","0.893166882595118","25.47185616",
"11/30/1996","-63.4375","-7.02514982223511","82","26.975","22.757","8.100702036","1.03300607201076","0.925273712330173","14.41158588",
"12/1/1996","-63.4375","-7.02514982223511","82","27.109","20.735","4.93011756","0.759763499599829","0.944423612387956","11.39259726",
"12/2/1996","-63.4375","-7.02514982223511","82","33.55","20.784","2.750017212","0.765249459368529","0.81004265281638","16.3040643",
"12/3/1996","-63.4375","-7.02514982223511","82","26.532","18.832","15.7842653904","0.898333087053957","0.956647976226356","8.33292666",
"12/4/1996","-63.4375","-7.02514982223511","82","34.679","18.851","0.7475852808","1.0010122775987","0.741365484364552","12.85199748",
"12/5/1996","-63.4375","-7.02514982223511","82","36.637","22.613","3.78169776","0.926424097742544","0.702480000551663","19.72749348",
"12/6/1996","-63.4375","-7.02514982223511","82","34.713","20.494","0.024032592","0.949215592080203","0.605251097346433","22.0380696",
"12/7/1996","-63.4375","-7.02514982223511","82","34.852","22.433","4.00829436","1.16724484389086","0.762881766522215","24.6108951",
"12/8/1996","-63.4375","-7.02514982223511","82","30.737","20.831","2.5938036","1.15781448276992","0.791449328132871","20.3159286",
"12/9/1996","-63.4375","-7.02514982223511","82","35.105","21.719","0","1.55259521243246","0.638445420145515","24.7340862",
"12/10/1996","-63.4375","-7.02514982223511","82","31.792","22.291","0","1.67067471677998","0.70562072747351","16.7818554",
"12/11/1996","-63.4375","-7.02514982223511","82","36.429","21.816","8.5916499984","1.03526656576838","0.784355753925513","16.81233192",
"12/12/1996","-63.4375","-7.02514982223511","82","30.961","20.513","13.2041889864","0.948283270483048","0.881415785638357","27.011421",
"12/13/1996","-63.4375","-7.02514982223511","82","26.911","20.867","16.580782836","0.982997673277787","0.956094311402173","10.1694996",
"12/14/1996","-63.4375","-7.02514982223511","82","32.449","21.076","6.375511008","1.11538359143553","0.833465576741503","27.6692067",
"12/15/1996","-63.4375","-7.02514982223511","82","35.563","21.724","6.454467","0.761482662610677","0.750565659233862","19.1671335",
"12/16/1996","-63.4375","-7.02514982223511","82","34.974","21.109","0","1.04134814839441","0.693352155287125","11.70202788",
"12/17/1996","-63.4375","-7.02514982223511","82","36.328","18.539","0","1.18590484448957","0.62889980864598","21.61435068",
"12/18/1996","-63.4375","-7.02514982223511","82","39.996","21.447","0","1.21699658859728","0.5156027905624","19.5898482",
"12/19/1996","-63.4375","-7.02514982223511","82","40.218","18.562","0","1.17084151558871","0.509256787528488","25.75169568",
"12/20/1996","-63.4375","-7.02514982223511","82","36.232","20.793","0.3707884656","1.13769149057468","0.615730888590206","22.76600472",
"12/21/1996","-63.4375","-7.02514982223511","82","38.204","24.43","0.12874608","1.09129987980248","0.596918019260306","20.99255688",
"12/22/1996","-63.4375","-7.02514982223511","82","37.106","24.753","0","1.15185412585706","0.543346293919686","19.53349344",
"12/23/1996","-63.4375","-7.02514982223511","82","33.468","21.814","0.0102996792","0.942186318659268","0.664559450226973","17.70822",
"12/24/1996","-63.4375","-7.02514982223511","82","32.519","21.595","0","0.931409450911029","0.653376534851697","12.03075234",
"12/25/1996","-63.4375","-7.02514982223511","82","39.713","21.369","0","1.13142481047889","0.623905029474479","17.93165652",
"12/26/1996","-63.4375","-7.02514982223511","82","31.051","23.359","0.4411698768","0.99420592691483","0.738008753834338","5.77620396",
"12/27/1996","-63.4375","-7.02514982223511","82","35.047","23.507","1.950073236","1.27164514490731","0.670450479809744","20.97596016",
"12/28/1996","-63.4375","-7.02514982223511","82","34.962","22.712","0.89263908","1.57430852114354","0.674866195203892","21.7959228",
"12/29/1996","-63.4375","-7.02514982223511","82","36.625","23.315","7.54365672","1.01247433088488","0.821232860393002","14.44516884",
"12/30/1996","-63.4375","-7.02514982223511","82","33.223","23.164","17.76866166","0.961556259619723","0.841685780699051","26.42410998",
"12/31/1996","-63.4375","-7.02514982223511","82","36.333","23.531","12.5638992","0.792232670553791","0.849321423006538","17.55095184",
"1/1/1997","-63.4375","-7.02514982223511","82","29.662","23.568","12.263491692","0.910281779214284","0.911232197784762","14.02194582",
"1/2/1997","-63.4375","-7.02514982223511","82","35.088","22.336","7.1479807128","1.18471463641552","0.783076864005289","17.4593214",
"1/3/1997","-63.4375","-7.02514982223511","82","27.773","23.245","39.1250644488","1.07476325276455","0.930627858850935","8.25199092",
"1/4/1997","-63.4375","-7.02514982223511","82","32.153","21.041","0.32958972","1.17021522329279","0.806531232544191","18.24108678",
"1/5/1997","-63.4375","-7.02514982223511","82","31.52","22.831","4.6760544","1.30470844291275","0.815627828743676","19.4536143",
"1/6/1997","-63.4375","-7.02514982223511","82","34.945","21.414","18.2476026","1.08996766713439","0.807110890572372","17.010904032",
"1/7/1997","-63.4375","-7.02514982223511","82","27.267","22.963","19.5848496","0.942592731133283","0.932163853879607","5.68513062",
"1/8/1997","-63.4375","-7.02514982223511","82","30.264","21.562","8.5847864184","0.870246812752379","0.879523896687371","18.658060668",
"1/9/1997","-63.4375","-7.02514982223511","82","25.691","22.075","12.517545744","0.815829142524253","0.963336894410125","11.15550252",
"1/10/1997","-63.4375","-7.02514982223511","82","24.524","21.276","22.394948184","0.514211610415693","0.971942704636396","3.469216752",
"1/11/1997","-63.4375","-7.02514982223511","82","26.732","21.681","8.6071072392","0.674265050407239","0.94642438580496","13.86590652",
"1/12/1997","-63.4375","-7.02514982223511","82","30.432","20.928","0.68321214","0.933690257204913","0.854308614306346","17.4827295",
"1/13/1997","-63.4375","-7.02514982223511","82","32.645","20.297","3.050422812","0.9947180902941","0.765628385687597","27.31218534",
"1/14/1997","-63.4375","-7.02514982223511","82","33.683","22.053","11.93733324","0.908489895649006","0.842791660244315","26.66790324",
"1/15/1997","-63.4375","-7.02514982223511","82","27.064","23.221","14.2959615048","1.00727468962766","0.946458651839707","8.09656722",
"1/16/1997","-63.4375","-7.02514982223511","82","32.389","23.146","7.295604192","0.786132189976262","0.86123430938857","18.11536776",
"1/17/1997","-63.4375","-7.02514982223511","82","25.552","22.837","18.4192632","1.10867399216021","0.97008121270349","5.313823452",
"1/18/1997","-63.4375","-7.02514982223511","82","31.327","21.967","3.6941520312","1.09202028677806","0.858021280469493","20.747535408",
"1/19/1997","-63.4375","-7.02514982223511","82","31.353","23.25","7.915300452","1.23803034901331","0.883160598022477","14.598451908",
"1/20/1997","-63.4375","-7.02514982223511","82","28.552","22.161","20.33500968","0.83360043345256","0.945905430429124","9.17999955",
"1/21/1997","-63.4375","-7.02514982223511","82","28.507","22.821","6.2793729","0.927562740609377","0.917346805683152","7.861386798",
"1/22/1997","-63.4375","-7.02514982223511","82","30.955","22.089","6.6776333112","0.871870772036493","0.909519659006702","15.072525936",
"1/23/1997","-63.4375","-7.02514982223511","82","30.796","21.284","6.2707878","1.03813079293127","0.87968709679275","18.62094888",
"1/24/1997","-63.4375","-7.02514982223511","82","28.979","21.655","10.5966591192","1.03957255056628","0.918880106894832","24.40749492",
"1/25/1997","-63.4375","-7.02514982223511","82","30.159","23.662","2.3036959584","1.26017966839148","0.865639911552859","20.64110805",
"1/26/1997","-63.4375","-7.02514982223511","82","29.048","23.822","14.4332865576","1.07246677958615","0.913301958822414","18.7450254",
"1/27/1997","-63.4375","-7.02514982223511","82","25.396","22.45","14.9963394384","1.13004082473365","0.964559755906784","4.928397048",
"1/28/1997","-63.4375","-7.02514982223511","82","31.046","22.131","4.358484252","1.12113439800086","0.89158798277247","19.593617832",
"1/29/1997","-63.4375","-7.02514982223511","82","34.214","21.99","16.8434086392","1.14130591345353","0.860439139300045","17.13167118",
"1/30/1997","-63.4375","-7.02514982223511","82","27.443","22.149","14.556886272","1.07333262065444","0.945616712553445","14.966890632",
"1/31/1997","-63.4375","-7.02514982223511","82","31.908","21.081","8.610534504","1.26038239027182","0.828615279978631","21.82764186",
"2/1/1997","-63.4375","-7.02514982223511","82","30.28","22.788","12.009433248","1.55479055409822","0.871633214778622","22.9723209",
"2/2/1997","-63.4375","-7.02514982223511","82","30.638","22.03","4.7447189712","1.30146776184316","0.864707031936849","26.845148088",
"2/3/1997","-63.4375","-7.02514982223511","82","32.636","22.143","0.1716614424","1.22483934075054","0.776134557923816","25.95036708",
"2/4/1997","-63.4375","-7.02514982223511","82","31.978","22.14","8.98132464","1.39477206745268","0.834436787872173","28.510149168",
"2/5/1997","-63.4375","-7.02514982223511","82","34.909","23.764","10.3717799928","0.904112051980515","0.861400425121661","18.34588134",
"2/6/1997","-63.4375","-7.02514982223511","82","26.281","22.871","21.928022064","0.884627515003207","0.96395377822517","11.319470712",
"2/7/1997","-63.4375","-7.02514982223511","82","24.599","21.999","7.051849344","0.601344444639445","0.965175415300526","6.69768984",
"2/8/1997","-63.4375","-7.02514982223511","82","31.133","21.537","14.24103084","0.750402113600679","0.888927529164227","27.65463966",
"2/9/1997","-63.4375","-7.02514982223511","82","23.585","20.392","30.4493012928","1.06298387112841","0.974645322940761","2.53546839",
"2/10/1997","-63.4375","-7.02514982223511","82","29.109","19.9","0.7656099192","0.866856635139496","0.889058465348922","16.35306282",
"2/11/1997","-63.4375","-7.02514982223511","82","29.323","21.409","15.76195236","1.04114051205911","0.924700866669918","26.777528928",
"2/12/1997","-63.4375","-7.02514982223511","82","29.102","22.096","13.059999","0.734460236620544","0.921976839492954","17.411569452",
"2/13/1997","-63.4375","-7.02514982223511","82","31.328","21.895","14.371493112","0.75131409549299","0.907205511808934","22.903147512",
"2/14/1997","-63.4375","-7.02514982223511","82","27.28","23.394","16.77818556","0.698521828846889","0.962659834338924","9.930425112",
"2/15/1997","-63.4375","-7.02514982223511","82","29.225","22.945","5.22880884","0.665162342233337","0.932620307166006","12.2699196",
"2/16/1997","-63.4375","-7.02514982223511","82","26.488","21.298","11.04297624","0.655992544956394","0.962750872967866","6.99986304",
"2/17/1997","-63.4375","-7.02514982223511","82","27.408","21.511","8.7135359256","0.693845615592514","0.920530537205105","7.1731134",
"2/18/1997","-63.4375","-7.02514982223511","82","25.455","20.587","13.7191779504","0.654762020215548","0.966775374321114","6.13006956",
"2/19/1997","-63.4375","-7.02514982223511","82","28.1","21.858","10.3923760104","0.720213651916163","0.950354112418089","14.494163148",
"2/20/1997","-63.4375","-7.02514982223511","82","27.683","22.357","16.795354032","0.914311671779192","0.948571314368767","20.129173992",
"2/21/1997","-63.4375","-7.02514982223511","82","30.577","22.228","15.047834616","1.19642880127373","0.910996134404182","19.42245",
"2/22/1997","-63.4375","-7.02514982223511","82","27.157","22.185","5.149842012","1.22131076347217","0.946411554641115","16.78269906",
"2/23/1997","-63.4375","-7.02514982223511","82","27.517","21.791","12.4454502","1.04616631730246","0.950734852358547","25.526256552",
"2/24/1997","-63.4375","-7.02514982223511","82","29.201","22.438","14.316557724","0.700768349043083","0.937156633054254","18.232761942",
"2/25/1997","-63.4375","-7.02514982223511","82","27.008","22.163","43.11617544","0.825185636943824","0.964113736508614","17.604958968",
"2/26/1997","-63.4375","-7.02514982223511","82","33.507","21.348","10.515973716","0.844092982034642","0.885479601734272","20.13682392",
"2/27/1997","-63.4375","-7.02514982223511","82","32.487","23.563","9.134102772","0.99869179666958","0.855803441838506","22.463212032",
"2/28/1997","-63.4375","-7.02514982223511","82","28.404","22.668","8.934976728","0.73424176544242","0.938779615206746","12.154835808",
"3/1/1997","-63.4375","-7.02514982223511","82","31.288","23.036","11.7158903064","0.803859801798254","0.921556655516413","16.4969973",
"3/2/1997","-63.4375","-7.02514982223511","82","26.444","23.34","4.476927132","0.716695072737065","0.955554817944791","5.833858104",
"3/3/1997","-63.4375","-7.02514982223511","82","24.166","22.561","22.631838156","1.00569710588727","0.97729813971446","2.50211286",
"3/4/1997","-63.4375","-7.02514982223511","82","25.033","21.152","20.92465692","1.14523552365194","0.964097990383377","7.31840121",
"3/5/1997","-63.4375","-7.02514982223511","82","28.905","21.941","16.0125714","0.85019831779708","0.950720615879584","15.96628215",
"3/6/1997","-63.4375","-7.02514982223511","82","24.477","22.337","18.87674184","0.797888340154924","0.978205222564581","2.81947518",
"3/7/1997","-63.4375","-7.02514982223511","82","28.652","22.272","13.830758352","0.685014784514004","0.915570778971778","11.487436668",
"3/8/1997","-63.4375","-7.02514982223511","82","25.862","22.946","41.873360904","0.814082688074178","0.972419225333926","8.582844042",
"3/9/1997","-63.4375","-7.02514982223511","82","28.113","22.416","12.632560308","0.860589931487533","0.951523115129645","10.6431192",
"3/10/1997","-63.4375","-7.02514982223511","82","30.339","21.648","1.08232542","0.796888825051716","0.875250935803689","20.03225598",
"3/11/1997","-63.4375","-7.02514982223511","82","25.098","22.336","11.3768574624","0.80762531341167","0.971842114514566","6.7219848",
"3/12/1997","-63.4375","-7.02514982223511","82","31.978","22.253","10.234452996","1.19066809200394","0.910941586839419","17.101688472",
"3/13/1997","-63.4375","-7.02514982223511","82","27.16","23.5","13.6007293464","0.47787583877455","0.966716707304652","11.74499955",
"3/14/1997","-63.4375","-7.02514982223511","82","28.904","22.883","24.88918482","0.857683661324067","0.947203905436483","22.796826408",
"3/15/1997","-63.4375","-7.02514982223511","82","26.867","23.303","14.980027068","0.789310952592689","0.965642992511787","13.981958712",
"3/16/1997","-63.4375","-7.02514982223511","82","28.728","23.172","9.429358716","0.782456248242815","0.942230871885035","16.82083503",
"3/17/1997","-63.4375","-7.02514982223511","82","30.305","23.432","6.441594768","0.73505412701046","0.907602416971874","15.482304468",
"3/18/1997","-63.4375","-7.02514982223511","82","27.909","22.547","11.5116093864","0.640466876519003","0.949921177308114","9.391332582",
"3/19/1997","-63.4375","-7.02514982223511","82","26.389","22.253","7.1531351928","1.04590440468717","0.954548866397226","9.45545886",
"3/20/1997","-63.4375","-7.02514982223511","82","24.908","22.206","18.42613776","0.460306700886993","0.978273933320113","4.01270994",
"3/21/1997","-63.4375","-7.02514982223511","82","27.632","21.886","17.67081672","0.749373928908409","0.952338619548432","10.18968336",
"3/22/1997","-63.4375","-7.02514982223511","82","28.842","22.67","7.0878999528","0.706943107169631","0.937584474752273","15.710848272",
"3/23/1997","-63.4375","-7.02514982223511","82","27.45","23.053","15.6984306408","0.864941424741532","0.96430981693333","15.2163036",
"3/24/1997","-63.4375","-7.02514982223511","82","31.599","22.109","4.7996522928","1.40693990536318","0.806167035860352","17.078625",
"3/25/1997","-63.4375","-7.02514982223511","82","34.739","20.878","0.7278445584","1.23199151982608","0.742152893091814","27.21943494",
"3/26/1997","-63.4375","-7.02514982223511","82","29.847","21.607","3.319930368","1.06115064597105","0.881098583009982","16.5800772",
"3/27/1997","-63.4375","-7.02514982223511","82","31.183","21.107","6.5128324392","0.979170235515566","0.914113630168712","20.308834152",
"3/28/1997","-63.4375","-7.02514982223511","82","29.908","22.003","2.7165398472","1.72379387744729","0.869113836069981","20.94391035",
"3/29/1997","-63.4375","-7.02514982223511","82","29.415","22.497","13.4737055424","1.49585040529173","0.925939473105775","20.60122446",
"3/30/1997","-63.4375","-7.02514982223511","82","26.712","22.545","11.78970768","2.00544369963755","0.926266914953059","9.131009292",
"3/31/1997","-63.4375","-7.02514982223511","82","29.382","21.927","5.991839748","1.22312214295747","0.886355587961286","22.643665668",
"4/1/1997","-63.4375","-7.02514982223511","82","29.734","21.173","4.6382903568","1.08732020909461","0.911704799926789","24.7078152",
"4/2/1997","-63.4375","-7.02514982223511","82","31.093","20.558","0.068664528","0.872481897934618","0.869612725656613","15.173039808",
"4/3/1997","-63.4375","-7.02514982223511","82","35.543","21.579","3.82461372","0.935380218979441","0.807109620713575","19.11583134",
"4/4/1997","-63.4375","-7.02514982223511","82","32.553","22.488","10.3219945992","0.880435046395571","0.888777720038167","17.404254648",
"4/5/1997","-63.4375","-7.02514982223511","82","27.706","23.121","19.7633724912","0.841996110736947","0.954330598070261","23.9539527",
"4/6/1997","-63.4375","-7.02514982223511","82","26.727","23.25","18.894770172","0.886801143524398","0.964049695586577","17.66582208",
"4/7/1997","-63.4375","-7.02514982223511","82","31.187","22.74","14.30454348","0.740840571826414","0.927005503370509","15.3764424",
"4/8/1997","-63.4375","-7.02514982223511","82","30.207","21.749","25.32348612","0.873186139491897","0.938467942017955","14.764887",
"4/9/1997","-63.4375","-7.02514982223511","82","26.087","22.42","39.99881196","0.896008466786328","0.973262712343287","10.79943624",
"4/10/1997","-63.4375","-7.02514982223511","82","25.513","22.211","18.68877468","0.729981675573769","0.974347545378293","6.679290672",
"4/11/1997","-63.4375","-7.02514982223511","82","27.686","22.435","49.77151506","0.727914436297541","0.962694382896252","11.246852772",
"4/12/1997","-63.4375","-7.02514982223511","82","24.979","21.948","22.623261948","0.807662920571736","0.975355173549505","9.029748132",
"4/13/1997","-63.4375","-7.02514982223511","82","25.535","22.264","46.061925912","0.926027620505829","0.976231702925548","8.82359622",
"4/14/1997","-63.4375","-7.02514982223511","82","27.383","22.065","17.7626647944","0.891643206270063","0.957743091105752","10.153410048",
"4/15/1997","-63.4375","-7.02514982223511","82","30.73","22.573","5.857088724","0.861790321272196","0.928037124113111","13.28366592",
"4/16/1997","-63.4375","-7.02514982223511","82","26.985","22.25","5.5395107064","1.07543571992287","0.946974549278183","15.35259096",
"4/17/1997","-63.4375","-7.02514982223511","82","27.132","23.018","13.71574044","0.856947572109046","0.961692830871557","17.283544668",
"4/18/1997","-63.4375","-7.02514982223511","82","26.629","20.928","10.213854948","0.888580158884294","0.966434554756895","16.07895",
"4/19/1997","-63.4375","-7.02514982223511","82","31.035","20.586","2.3757951384","1.02268285326297","0.878600355908314","20.08715436",
"4/20/1997","-63.4375","-7.02514982223511","82","30.532","22.853","9.0070756344","0.974241403713993","0.928456596730422","22.29243786",
"4/21/1997","-63.4375","-7.02514982223511","82","29.247","21.5","5.0253913728","0.862137457272341","0.935961044528974","15.046478568",
"4/22/1997","-63.4375","-7.02514982223511","82","27.629","20.896","5.4347935248","0.715718085657523","0.934952779231359","17.654402592",
"4/23/1997","-63.4375","-7.02514982223511","82","27.701","22.55","14.79034098","0.720022799870082","0.960092224966978","17.4107826",
"4/24/1997","-63.4375","-7.02514982223511","82","28.712","22.657","8.5882199904","0.639537337588268","0.939713644149444","16.1436321",
"4/25/1997","-63.4375","-7.02514982223511","82","29.761","23.264","10.109135916","0.489691070687102","0.94584979916562","15.993278928",
"4/26/1997","-63.4375","-7.02514982223511","82","24.788","21.33","64.984134852","0.792182454239703","0.977673647649408","4.02131394",
"4/27/1997","-63.4375","-7.02514982223511","82","25.782","21.214","3.11908734","0.999275484127779","0.943198333679899","10.02853494",
"4/28/1997","-63.4375","-7.02514982223511","82","24.076","20.862","9.19933128","0.667420338658389","0.976488069788011","3.700293768",
"4/29/1997","-63.4375","-7.02514982223511","82","29.323","19.263","3.0830429304","1.04739455356224","0.893038081530556","17.1997263",
"4/30/1997","-63.4375","-7.02514982223511","82","25.011","18.853","0.3810889512","1.09873536666506","0.924604454350839","7.88882922",
"5/1/1997","-63.4375","-7.02514982223511","82","31.601","19.633","3.0195250344","0.861717373135525","0.864107203952925","16.8565005",
"5/2/1997","-63.4375","-7.02514982223511","82","30.206","21.991","7.937622288","1.07211259950522","0.921350115313286","24.34539006",
"5/3/1997","-63.4375","-7.02514982223511","82","27.094","21.967","12.6308419344","1.34109797847225","0.954680104060658","24.11201664",
"5/4/1997","-63.4375","-7.02514982223511","82","28.199","23.229","5.630493348","1.36941720666328","0.935317938281192","14.1184134",
"5/5/1997","-63.4375","-7.02514982223511","82","28.433","22.825","6.63299388","1.05418742250779","0.935593778395643","13.97475027",
"5/6/1997","-63.4375","-7.02514982223511","82","26.512","23.043","9.97352748","1.25391241756966","0.958098541463853","14.375308068",
"5/7/1997","-63.4375","-7.02514982223511","82","29.78","21.378","8.338451868","0.999926469334976","0.912293141454076","17.89199658",
"5/8/1997","-63.4375","-7.02514982223511","82","30.523","20.575","4.245187068","0.856242935193597","0.897075095799358","16.91375706",
"5/9/1997","-63.4375","-7.02514982223511","82","29.048","19.925","4.65717492","0.998927739939372","0.901937461482759","22.92401826",
"5/10/1997","-63.4375","-7.02514982223511","82","30.875","20.255","2.646159372","0.973368113291978","0.854127310674695","16.72205454",
"5/11/1997","-63.4375","-7.02514982223511","82","27.315","21.809","12.763019952","1.00655966378218","0.950652089231666","18.7301871",
"5/12/1997","-63.4375","-7.02514982223511","82","31.431","21.652","5.954932332","0.857022679831466","0.863821093327574","16.988745132",
"5/13/1997","-63.4375","-7.02514982223511","82","30.373","19.905","12.7115293464","0.69487058198003","0.904976534292282","21.8136933",
"5/14/1997","-63.4375","-7.02514982223511","82","27.457","22.197","8.912661948","0.767875774791154","0.951812865131025","16.830219168",
"5/15/1997","-63.4375","-7.02514982223511","82","28.548","20.149","2.1903997464","0.684919117260643","0.911191407354886","13.838795568",
"5/16/1997","-63.4375","-7.02514982223511","82","27.697","19.37","7.62519186","0.814989983889782","0.933923716980634","21.25614186",
"5/17/1997","-63.4375","-7.02514982223511","82","27.445","21.291","6.18067116","0.920401140954351","0.953536019486047","16.20247086",
"5/18/1997","-63.4375","-7.02514982223511","82","31.451","21.774","3.186036936","1.2959506538169","0.862926981573447","23.08477518",
"5/19/1997","-63.4375","-7.02514982223511","82","31.89","22.026","2.681350884","1.09663317007754","0.837160050670083","21.99763188",
"5/20/1997","-63.4375","-7.02514982223511","82","33.424","21.374","0.0068664528","1.20208412028178","0.751083540288264","23.39932734",
"5/21/1997","-63.4375","-7.02514982223511","82","33.4","21.476","0","1.30856400448461","0.717275285339672","23.4792549",
"5/22/1997","-63.4375","-7.02514982223511","82","32.637","21.484","1.10549916","1.11708209338763","0.799451855735376","15.2272107",
"5/23/1997","-63.4375","-7.02514982223511","82","30.908","22.672","2.727697716","1.32568711568319","0.871153149275633","17.0255187",
"5/24/1997","-63.4375","-7.02514982223511","82","30.591","21.983","0.0841140648","1.77437982688314","0.804823419751404","17.9189964",
"5/25/1997","-63.4375","-7.02514982223511","82","31.369","20.775","0.219726864","1.85093895340504","0.77229013999605","20.31885054",
"5/26/1997","-63.4375","-7.02514982223511","82","31.218","21.485","1.0960577568","1.50126412864926","0.797254864950241","16.47276876",
"5/27/1997","-63.4375","-7.02514982223511","82","32.767","21.453","4.7636078904","0.912319867457286","0.799044154734668","21.46741974",
"5/28/1997","-63.4375","-7.02514982223511","82","30.475","21.588","6.555754656","0.953964597186011","0.892083983375984","21.52467756",
"5/29/1997","-63.4375","-7.02514982223511","82","29.857","18.829","10.328864508","0.813375884059668","0.90014973933336","21.81987846",
"5/30/1997","-63.4375","-7.02514982223511","82","31.308","19.201","4.15763964","0.666000202478326","0.893144199409897","15.72479388",
"5/31/1997","-63.4375","-7.02514982223511","82","33.604","19.121","0.030899052","0.847340461675229","0.784341479721966","22.43897748",
"6/1/1997","-63.4375","-7.02514982223511","82","30.299","21.74","2.870176716","1.09384090201683","0.793200633873216","21.2149737",
"6/2/1997","-63.4375","-7.02514982223511","82","33.288","19.362","0","1.33194401326859","0.668252660619956","18.8757486",
"6/3/1997","-63.4375","-7.02514982223511","82","33.057","19.707","0","0.805161991788932","0.718241237165623","18.9375165",
"6/4/1997","-63.4375","-7.02514982223511","82","32.052","20.608","0.703811592","1.23387152676036","0.742904325210738","22.55518368",
"6/5/1997","-63.4375","-7.02514982223511","82","33.252","19.422","0.0034332264","0.852667938440658","0.753052503405455","17.95730742",
"6/6/1997","-63.4375","-7.02514982223511","82","33.953","19.891","0.1785279384","0.646056396223148","0.778620901836663","22.30054164",
"6/7/1997","-63.4375","-7.02514982223511","82","34.278","20.866","0","0.853955506752841","0.697978583712742","17.5116906",
"6/8/1997","-63.4375","-7.02514982223511","82","26.346","21.917","8.82167544","1.38447149890407","0.944401595265707","18.96119946",
"6/9/1997","-63.4375","-7.02514982223511","82","31.45","19.596","2.4084082224","1.09869308777233","0.87118860119034","19.490178132",
"6/10/1997","-63.4375","-7.02514982223511","82","28.114","20.065","5.912022132","0.824387665441549","0.91906101899144","17.23792608",
"6/11/1997","-63.4375","-7.02514982223511","82","33.931","21.734","0.3347397792","0.783345590804246","0.819060553164002","15.5121147",
"6/12/1997","-63.4375","-7.02514982223511","82","33.574","22.068","1.41448968","0.840223996881595","0.780018772360718","18.99202554",
"6/13/1997","-63.4375","-7.02514982223511","82","33.23","20.967","0","1.27499374924356","0.712099066839209","19.82216016",
"6/14/1997","-63.4375","-7.02514982223511","82","33.734","20.709","1.1432648664","0.907521339144706","0.759744154893466","12.37387788",
"6/15/1997","-63.4375","-7.02514982223511","82","27.492","18.382","1.63593288","0.844090238575473","0.88930740120845","7.17451866",
"6/16/1997","-63.4375","-7.02514982223511","82","33.334","17.204","0.020599344","0.781601218928432","0.743877711072984","14.41124982",
"6/17/1997","-63.4375","-7.02514982223511","82","33.017","18.913","0","1.01932322017438","0.697376523590723","19.009188",
"6/18/1997","-63.4375","-7.02514982223511","82","24.415","15.964","7.8243265656","0.88637830822862","0.90410901599276","3.26744622",
"6/19/1997","-63.4375","-7.02514982223511","82","33.847","18.141","0","1.39084150875688","0.666398014703183","21.3896808",
"6/20/1997","-63.4375","-7.02514982223511","82","33.456","17.421","0","1.0454566653053","0.674507374118901","15.2160174",
"6/21/1997","-63.4375","-7.02514982223511","82","33.674","19.051","0","1.34630037857673","0.594881519499141","21.2347134",
"6/22/1997","-63.4375","-7.02514982223511","82","34.088","18.267","0","0.996178078904033","0.617619099837664","14.75038656",
"6/23/1997","-63.4375","-7.02514982223511","82","32.827","17.431","0","0.95977390239539","0.64092806721215","14.02470225",
"6/24/1997","-63.4375","-7.02514982223511","82","34.516","16.753","0","1.15718266398517","0.609201928206096","22.72195764",
"6/25/1997","-63.4375","-7.02514982223511","82","34.286","17.672","0.245476044","0.793154866908466","0.728941371641135","12.02562792",
"6/26/1997","-63.4375","-7.02514982223511","82","33.955","17.917","0","1.17452217553799","0.6550864774321","17.80144344",
"6/27/1997","-63.4375","-7.02514982223511","82","33.582","19.047","0","1.16999287114327","0.627161753409127","17.142859512",
"6/28/1997","-63.4375","-7.02514982223511","82","33.864","15.215","0","0.981044458557903","0.613524973203371","17.3899161",
"6/29/1997","-63.4375","-7.02514982223511","82","34.636","15.781","0","1.26515697763036","0.513337323097512","23.38558884",
"6/30/1997","-63.4375","-7.02514982223511","82","33.27","20.016","0","1.41967274985925","0.523071862818636","16.45183602",
"7/1/1997","-63.4375","-7.02514982223511","82","33.596","16.933","0","1.02365566891032","0.613880162008722","16.2356607",
"7/2/1997","-63.4375","-7.02514982223511","82","34.227","15.572","0","1.13366408268551","0.59551651503455","23.46035634",
"7/3/1997","-63.4375","-7.02514982223511","82","34.363","15.993","0","1.31211743924573","0.490542608284921","23.5448982",
"7/4/1997","-63.4375","-7.02514982223511","82","32.304","15.358","0","1.09101072278777","0.56848591342872","13.77759096",
"7/5/1997","-63.4375","-7.02514982223511","82","33.035","15.019","0","1.35765318606552","0.532984645064519","13.814828388",
"7/6/1997","-63.4375","-7.02514982223511","82","34.956","22.151","0","1.47580034992026","0.487737121043354","23.04782118",
"7/7/1997","-63.4375","-7.02514982223511","82","34.835","19.774","0","1.59175216305481","0.461110177132625","23.4748179",
"7/8/1997","-63.4375","-7.02514982223511","82","34.104","19.304","0","1.62006465447915","0.460580856488673","23.54585688",
"7/9/1997","-63.4375","-7.02514982223511","82","34.836","19.129","0","1.53555494619687","0.472876156621977","23.407874208",
"7/10/1997","-63.4375","-7.02514982223511","82","34.905","19.061","0","1.28921189144426","0.583862959078072","14.13134964",
"7/11/1997","-63.4375","-7.02514982223511","82","34.729","20.362","0","1.86267251497321","0.502298599440439","23.2232688",
"7/12/1997","-63.4375","-7.02514982223511","82","34.223","18.617","0","1.63319864945961","0.490222504039947","23.79662334",
"7/13/1997","-63.4375","-7.02514982223511","82","35.353","17.719","0","1.41072115246196","0.452358626931502","23.77097352",
"7/14/1997","-63.4375","-7.02514982223511","82","35.627","18.155","0","1.54808404377304","0.424377739297539","23.87525832",
"7/15/1997","-63.4375","-7.02514982223511","82","35.965","19.04","0","1.41271714090349","0.457162175139538","23.67089892",
"7/16/1997","-63.4375","-7.02514982223511","82","35.966","16.527","0","1.30779133333747","0.463937121925281","23.6926143",
"7/17/1997","-63.4375","-7.02514982223511","82","36.239","18.413","0","1.17194198455618","0.477391624637545","23.25842208",
"7/18/1997","-63.4375","-7.02514982223511","82","36.326","21.794","0","1.52799706807647","0.491897321703407","14.76365598",
"7/19/1997","-63.4375","-7.02514982223511","82","36.288","22.295","0","1.49134630946577","0.447308143851637","19.729913472",
"7/20/1997","-63.4375","-7.02514982223511","82","36.18","21.494","0","1.51578372418252","0.41416724224925","19.906539768",
"7/21/1997","-63.4375","-7.02514982223511","82","35.188","23.417","0","1.4523110657255","0.441087945088253","17.895825162",
"7/22/1997","-63.4375","-7.02514982223511","82","34.426","19.757","0","1.21705934217958","0.468038836443234","19.329244632",
"7/23/1997","-63.4375","-7.02514982223511","82","35.885","23.249","0","1.37800002955752","0.476367795996782","16.69055958",
"7/24/1997","-63.4375","-7.02514982223511","82","35.218","20.241","0","1.72108632905943","0.485505563572842","17.1878607",
"7/25/1997","-63.4375","-7.02514982223511","82","36.095","22.929","0","1.39282647616229","0.418136469954966","22.477276368",
"7/26/1997","-63.4375","-7.02514982223511","82","36.622","22.443","0","1.14019282214433","0.436780155996614","15.01025742",
"7/27/1997","-63.4375","-7.02514982223511","82","35.705","19.567","0","1.28595738665178","0.452834240746","8.804642832",
"7/28/1997","-63.4375","-7.02514982223511","82","35.265","20.093","0","1.56488241599987","0.459210152269212","18.7436772",
"7/29/1997","-63.4375","-7.02514982223511","82","35.734","18.965","0","1.40527233737611","0.483145720698966","21.3504219",
"7/30/1997","-63.4375","-7.02514982223511","82","34.937","22.36","0","1.25672859371357","0.470032727577681","12.32431452",
"7/31/1997","-63.4375","-7.02514982223511","82","37.658","20.291","0","0.9116375855638","0.526851407630181","14.8761585",
"8/1/1997","-63.4375","-7.02514982223511","82","37.856","21.536","0","1.11730742720822","0.454737290943665","19.65639465",
"8/2/1997","-63.4375","-7.02514982223511","82","36.94","24.021","0","1.02432333372669","0.46505317475252","14.62955652",
"8/3/1997","-63.4375","-7.02514982223511","82","34.902","20.029","0.0068664528","1.07871180608026","0.584487633079279","13.57537464",
"8/4/1997","-63.4375","-7.02514982223511","82","36.845","19.536","0","1.24019616120022","0.535712277518209","18.89938116",
"8/5/1997","-63.4375","-7.02514982223511","82","35.371","18.733","0.027465804","0.955409635479988","0.567957236552141","20.0080674",
"8/6/1997","-63.4375","-7.02514982223511","82","35.07","20.753","0.0995636016","1.40496441344251","0.523766970137299","19.80067014",
"8/7/1997","-63.4375","-7.02514982223511","82","34.238","18.469","0","1.85454541823624","0.435506772396389","11.62530018",
"8/8/1997","-63.4375","-7.02514982223511","82","32.919","21.289","0","2.16905586874198","0.438618261212826","19.6747317",
"8/9/1997","-63.4375","-7.02514982223511","82","33.862","20.481","0","2.1441769355053","0.419221511403156","25.07209326",
"8/10/1997","-63.4375","-7.02514982223511","82","36.027","20.016","0","1.49423715160898","0.405719886519437","24.90018264",
"8/11/1997","-63.4375","-7.02514982223511","82","38.019","22.847","0.024032592","1.02104469048957","0.430965734109723","17.699230548",
"8/12/1997","-63.4375","-7.02514982223511","82","39.537","23.027","0","1.03792958947674","0.431162123216282","17.05010472",
"8/13/1997","-63.4375","-7.02514982223511","82","37.057","21.922","0","1.06123686995946","0.526947805277817","9.7331013",
"8/14/1997","-63.4375","-7.02514982223511","82","34.419","20.527","1.14498072","1.1643965814255","0.639164157559015","13.80099168",
"8/15/1997","-63.4375","-7.02514982223511","82","33.888","22.771","2.5457355864","1.10939391815161","0.752240371654403","21.321842832",
"8/16/1997","-63.4375","-7.02514982223511","82","35.228","23.083","0.384521436","1.01939958574411","0.631270591048452","14.9820795",
"8/17/1997","-63.4375","-7.02514982223511","82","35.077","19.132","0","1.50749960438277","0.562034056903919","20.57501376",
"8/18/1997","-63.4375","-7.02514982223511","82","35.512","20.06","0.349330896","1.2760481679896","0.670749668742708","12.406331232",
"8/19/1997","-63.4375","-7.02514982223511","82","37.604","19.604","0","1.31772236842588","0.554423406632338","16.183064088",
"8/20/1997","-63.4375","-7.02514982223511","82","27.827","21.198","0.98705286","1.42499730563147","0.694529884699079","4.74047028",
"8/21/1997","-63.4375","-7.02514982223511","82","38.157","19.081","0","0.903938247513638","0.553624245277778","10.735031718",
"8/22/1997","-63.4375","-7.02514982223511","82","34.628","17.649","0","0.83961360112417","0.65050888951643","11.01048732",
"8/23/1997","-63.4375","-7.02514982223511","82","39.001","18.872","0","0.924984743070749","0.515241800757494","15.86396034",
"8/24/1997","-63.4375","-7.02514982223511","82","38.781","24.713","0","1.15524440639932","0.414884807891593","15.565052088",
"8/25/1997","-63.4375","-7.02514982223511","82","38.818","23.504","0","1.3864940905827","0.415714933809985","25.252590312",
"8/26/1997","-63.4375","-7.02514982223511","82","38.888","19.494","0","1.4407396855342","0.395006534387666","24.783751008",
"8/27/1997","-63.4375","-7.02514982223511","82","33.113","25.793","0","1.38922891407078","0.414936406279258","10.0536759",
"8/28/1997","-63.4375","-7.02514982223511","82","37.695","21.494","0.0137329056","1.23006893853826","0.487733285639604","14.46553368",
"8/29/1997","-63.4375","-7.02514982223511","82","38.743","19.276","0","1.09183696524379","0.469328018519573","24.67619712",
"8/30/1997","-63.4375","-7.02514982223511","82","35.464","23.98","0","1.22731886845542","0.429163424193187","18.21774546",
"8/31/1997","-63.4375","-7.02514982223511","82","39.501","22.898","0","1.38650233788213","0.456590953247183","14.975549928",
"9/1/1997","-63.4375","-7.02514982223511","82","37.014","24.276","0","1.68502096944385","0.449589160564335","20.16972432",
"9/2/1997","-63.4375","-7.02514982223511","82","37.9","24.106","0","1.3385503089738","0.484525920179013","16.21985796",
"9/3/1997","-63.4375","-7.02514982223511","82","41.183","25.555","0.06179814","1.05931090044037","0.503118446857163","16.1249031",
"9/4/1997","-63.4375","-7.02514982223511","82","42.224","21.798","0","1.12057409284563","0.495766908742173","15.58597428",
"9/5/1997","-63.4375","-7.02514982223511","82","37.538","24.037","0.30212388","1.16633584131632","0.595544756228992","7.677951282",
"9/6/1997","-63.4375","-7.02514982223511","82","38.888","23.148","0.219726396","1.14485414901274","0.551852962866857","14.014295784",
"9/7/1997","-63.4375","-7.02514982223511","82","38.771","24.186","0","1.25449794238053","0.425752625089457","14.468854968",
"9/8/1997","-63.4375","-7.02514982223511","82","35.92","26.44","0.1338958872","1.59702672028363","0.484658685540943","21.072993768",
"9/9/1997","-63.4375","-7.02514982223511","82","40.869","22.278","0","1.25843641883838","0.479427352729151","25.87471884",
"9/10/1997","-63.4375","-7.02514982223511","82","36.572","22.975","0","1.24860909421064","0.455602697343151","16.586546328",
"9/11/1997","-63.4375","-7.02514982223511","82","40.555","21.766","0","1.20380256177563","0.448542598865909","16.86611412",
"9/12/1997","-63.4375","-7.02514982223511","82","40.934","23.633","0.226593072","0.982638562802911","0.442614215925506","16.17254856",
"9/13/1997","-63.4375","-7.02514982223511","82","39.582","25.465","0","1.31105452060668","0.423471744821303","16.908696",
"9/14/1997","-63.4375","-7.02514982223511","82","40.649","23.583","0.393104232","0.999923745949811","0.534734962673565","13.148719668",
"9/15/1997","-63.4375","-7.02514982223511","82","31.955","22.326","0.0823974552","1.0212946361212","0.565382646354691","5.61273444",
"9/16/1997","-63.4375","-7.02514982223511","82","40.228","23.832","0","1.03812698844776","0.451388202687807","17.735452272",
"9/17/1997","-63.4375","-7.02514982223511","82","43.668","25.013","0","0.945322268627163","0.325245555015589","22.2596946",
"9/18/1997","-63.4375","-7.02514982223511","82","43.265","22.573","0","0.834515446930206","0.381525482769321","17.50640508",
"9/19/1997","-63.4375","-7.02514982223511","82","42.963","25.236","0","1.41539657292661","0.311346436035965","24.955821792",
"9/20/1997","-63.4375","-7.02514982223511","82","40.324","22.818","0","1.38971223256665","0.378690945793276","21.68432064",
"9/21/1997","-63.4375","-7.02514982223511","82","40.938","24.967","0","1.60850013402704","0.37342307874089","22.025810952",
"9/22/1997","-63.4375","-7.02514982223511","82","39.559","22.478","0","1.52154871076239","0.400751185131984","24.728233932",
"9/23/1997","-63.4375","-7.02514982223511","82","40.926","24.093","0","1.33418803673531","0.378958441412624","19.22023584",
"9/24/1997","-63.4375","-7.02514982223511","82","41.825","24.911","0.926971452","1.18446486006489","0.424173747975685","23.38886556",
"9/25/1997","-63.4375","-7.02514982223511","82","38.2","26.196","0.123596172","1.47795554110432","0.446074228956745","19.324799712",
"9/26/1997","-63.4375","-7.02514982223511","82","39.375","26.408","0.037765512","1.51091866771959","0.50313713506892","12.862967832",
"9/27/1997","-63.4375","-7.02514982223511","82","38.454","23.371","1.55181816","1.06208425119703","0.585815428129907","16.05358332",
"9/28/1997","-63.4375","-7.02514982223511","82","38.316","24.495","0.0686646","1.46286329261577","0.587847139987471","10.1070621",
"9/29/1997","-63.4375","-7.02514982223511","82","41.798","23.241","0","1.83330930406142","0.454736882760895","19.91897172",
"9/30/1997","-63.4375","-7.02514982223511","82","41.675","24.613","0.072097776","1.10728046330505","0.445885821212066","13.34198844",
"10/1/1997","-63.4375","-7.02514982223511","82","42.281","20.266","0.024032592","0.962729112691591","0.403522909476009","27.81096264",
"10/2/1997","-63.4375","-7.02514982223511","82","40.666","24.894","0","1.4039511303012","0.33191376452461","25.67114676",
"10/3/1997","-63.4375","-7.02514982223511","82","45.217","25.374","0","0.998004004831538","0.348975058694702","17.20209564",
"10/4/1997","-63.4375","-7.02514982223511","82","42.326","25.793","0.0102996792","1.26123113526153","0.36232295789715","8.8848018",
"10/5/1997","-63.4375","-7.02514982223511","82","36.683","24.433","0","1.36291233627511","0.466631080778613","8.3712924",
"10/6/1997","-63.4375","-7.02514982223511","82","39.458","20.266","0","1.9782154220955","0.394472295281651","22.27393044",
"10/7/1997","-63.4375","-7.02514982223511","82","40.974","24.744","0.55274976","1.07806833561861","0.397541676937565","20.38325364",
"10/8/1997","-63.4375","-7.02514982223511","82","39.572","22.74","6.94198152","1.35680488221919","0.659191713972457","13.409499492",
"10/9/1997","-63.4375","-7.02514982223511","82","39.08","21.445","0.27809172","1.38153546858707","0.545358171655906","19.05310368",
"10/10/1997","-63.4375","-7.02514982223511","82","42.182","20.313","0.1321794","1.29162813706077","0.42470082365245","22.37483916",
"10/11/1997","-63.4375","-7.02514982223511","82","38.463","25.983","0.0377655048","1.21360850091201","0.446380978901648","11.918247408",
"10/12/1997","-63.4375","-7.02514982223511","82","35.852","21.464","0","1.23026389536856","0.604310034234227","13.58695998",
"10/13/1997","-63.4375","-7.02514982223511","82","41.444","20.126","0","1.74628472467296","0.397622876333518","22.9075326",
"10/14/1997","-63.4375","-7.02514982223511","82","41.438","23.045","0","1.60868597694802","0.316705841867221","23.10057972",
"10/15/1997","-63.4375","-7.02514982223511","82","43.473","20.563","0","1.06675279451765","0.341028469506796","20.525793192",
"10/16/1997","-63.4375","-7.02514982223511","82","45.842","25.997","0","1.54439154313355","0.244820770028892","10.4356116",
"10/17/1997","-63.4375","-7.02514982223511","82","46.75","22.734","0","0.962706381446992","0.310801362544735","27.89753112",
"10/18/1997","-63.4375","-7.02514982223511","82","38.373","27.297","0","2.01567760716049","0.415339631373172","10.95429564",
"10/19/1997","-63.4375","-7.02514982223511","82","38.57","22.679","0","1.63451426184831","0.574264454226033","17.41702608",
"10/20/1997","-63.4375","-7.02514982223511","82","42.021","23.312","1.50375204","1.29505494919606","0.5965218193273","17.66390472",
"10/21/1997","-63.4375","-7.02514982223511","82","32.427","23.203","65.00813616","1.57469478963997","0.760595289061129","16.465555332",
"10/22/1997","-63.4375","-7.02514982223511","82","36.622","21.033","0.93040452","1.62398933841401","0.603708761508236","18.72990252",
"10/23/1997","-63.4375","-7.02514982223511","82","38.17","21.598","6.20041284","0.988602856049359","0.683709252597699","15.719958072",
"10/24/1997","-63.4375","-7.02514982223511","82","35.162","23.689","81.43273206","1.15106150030113","0.774125238097325","13.736138868",
"10/25/1997","-63.4375","-7.02514982223511","82","32.816","23.262","0.163078344","1.41256997776966","0.666999419748463","16.41600252",
"10/26/1997","-63.4375","-7.02514982223511","82","40.132","22.398","0","0.999584806226813","0.544769810505928","19.57674492",
"10/27/1997","-63.4375","-7.02514982223511","82","33.247","23.03","0","1.78225711673025","0.608043681005727","13.73974074",
"10/28/1997","-63.4375","-7.02514982223511","82","35.72","23.821","0.37593864","1.77223953835802","0.586536382526032","21.28814496",
"10/29/1997","-63.4375","-7.02514982223511","82","39.03","21.423","0","1.21558463508174","0.501033814476004","17.86826124",
"10/30/1997","-63.4375","-7.02514982223511","82","41.362","22.157","0","1.16649491344215","0.45747900346244","20.40176556",
"10/31/1997","-63.4375","-7.02514982223511","82","43.85","24.68","0","1.17764411996133","0.438799008075569","20.46138588",
"11/1/1997","-63.4375","-7.02514982223511","82","41.291","25.322","0.0034332264","1.05441165124167","0.419297101926366","18.1789335",
"11/2/1997","-63.4375","-7.02514982223511","82","37.318","25.959","0.0102996792","1.84154099274256","0.457740514108493","21.09774096",
"11/3/1997","-63.4375","-7.02514982223511","82","39.838","25.096","0","1.38637740810837","0.455394654102663","24.2100009",
"11/4/1997","-63.4375","-7.02514982223511","82","40.522","23.766","0","1.0675045058217","0.457430240420963","15.51155652",
"11/5/1997","-63.4375","-7.02514982223511","82","39.184","25.073","0","1.32862597696387","0.384114561448763","16.08878952",
"11/6/1997","-63.4375","-7.02514982223511","82","39.939","20.721","0","1.27244821211279","0.421396091564464","18.22196502",
"11/7/1997","-63.4375","-7.02514982223511","82","41.919","18.24","0","1.31206738684434","0.332205862325418","22.84025616",
"11/8/1997","-63.4375","-7.02514982223511","82","41.712","25.713","0","1.33803250749869","0.283673679894232","24.47797698",
"11/9/1997","-63.4375","-7.02514982223511","82","44.215","20.533","0","1.06236516220863","0.355348258063812","20.93776722",
"11/10/1997","-63.4375","-7.02514982223511","82","40.647","26.765","0","1.50251103316693","0.362885252145709","17.1944982",
"11/11/1997","-63.4375","-7.02514982223511","82","37.445","25.343","0","1.54854785395923","0.500819603822359","18.5664906",
"11/12/1997","-63.4375","-7.02514982223511","82","38.068","24.777","0","1.20141855861855","0.521271311813582","17.85031776",
"11/13/1997","-63.4375","-7.02514982223511","82","39.549","25.685","0.5372999856","1.40521420116137","0.465556111216885","15.29869932",
"11/14/1997","-63.4375","-7.02514982223511","82","41.678","23.67","1.383590592","1.40379174980754","0.490979398156865","16.84158876",
"11/15/1997","-63.4375","-7.02514982223511","82","37.065","23.144","14.9911872192","1.12720416207745","0.710879757383439","12.11445252",
"11/16/1997","-63.4375","-7.02514982223511","82","30.028","23.211","5.1524172","1.38601361552581","0.806008196847091","11.41048404",
"11/17/1997","-63.4375","-7.02514982223511","82","37.338","23.45","0.096130404","0.84647539818295","0.642401821768802","16.54425396",
"11/18/1997","-63.4375","-7.02514982223511","82","30.466","22.672","8.466342264","1.23915512576807","0.86704684977627","21.56017842",
"11/19/1997","-63.4375","-7.02514982223511","82","32.108","23.77","10.5691894848","1.02452206182361","0.905771414294871","18.14883678",
"11/20/1997","-63.4375","-7.02514982223511","82","32.716","21.158","0.41370426","1.20069043036692","0.771914643957205","20.2541661",
"11/21/1997","-63.4375","-7.02514982223511","82","32.564","21.043","6.25534128","1.05537097209143","0.800221807158473","26.7294933",
"11/22/1997","-63.4375","-7.02514982223511","82","38.128","23.59","2.120017968","0.932151529196955","0.624250871830983","22.0448817",
"11/23/1997","-63.4375","-7.02514982223511","82","36.252","23.911","18.3952224","0.958813033587441","0.750679788044279","17.70941862",
"11/24/1997","-63.4375","-7.02514982223511","82","29.487","22.928","2.8118131272","1.35806159529629","0.804612564096049","9.7572402",
"11/25/1997","-63.4375","-7.02514982223511","82","36.339","20.575","1.5277840128","1.42364063023152","0.681052856466715","23.44848984",
"11/26/1997","-63.4375","-7.02514982223511","82","31.861","23.659","16.2580482","0.961945392334411","0.852871538488189","11.12225544",
"11/27/1997","-63.4375","-7.02514982223511","82","33.454","22.559","3.6083206728","1.25797087778357","0.801921523316646","22.51450908",
"11/28/1997","-63.4375","-7.02514982223511","82","28.369","22.561","34.9871742","0.803464289853903","0.935124434213283","11.856264768",
"11/29/1997","-63.4375","-7.02514982223511","82","33.089","20.445","1.728630504","1.26507396318732","0.824958444407838","14.74374366",
"11/30/1997","-63.4375","-7.02514982223511","82","33.581","22.297","19.0801644768","1.07185165902359","0.833742740008127","22.0673268",
"12/1/1997","-63.4375","-7.02514982223511","82","30.965","24.065","18.8964766584","1.10241814531778","0.909275619124216","14.66774856",
"12/2/1997","-63.4375","-7.02514982223511","82","36.662","23.48","1.1587146624","1.16604846951332","0.815458760540423","10.2956121",
"12/3/1997","-63.4375","-7.02514982223511","82","30.343","22.838","13.890839544","0.675169180131076","0.907852872818511","22.8113451",
"12/4/1997","-63.4375","-7.02514982223511","82","30.161","20.897","2.392960788","0.883685233837685","0.90134940008888","11.57316318",
"12/5/1997","-63.4375","-7.02514982223511","82","38.33","20.829","0.243759132","0.763739330424967","0.672156540218284","14.07031992",
"12/6/1997","-63.4375","-7.02514982223511","82","37.982","23.64","9.62848764","1.31896156116646","0.779130619198378","19.6935183",
"12/7/1997","-63.4375","-7.02514982223511","82","35.863","23.223","5.541228","1.11539180731449","0.72856509140315","17.7728058",
"12/8/1997","-63.4375","-7.02514982223511","82","31.432","23.423","29.18757996","0.768076893052542","0.906092594924888","25.3739232",
"12/9/1997","-63.4375","-7.02514982223511","82","36.485","23.645","2.347466652","1.16036588261691","0.815750968850737","13.71577248",
"12/10/1997","-63.4375","-7.02514982223511","82","39.322","23.479","0.15449508","1.0507680004361","0.639136009309554","15.62613498",
"12/11/1997","-63.4375","-7.02514982223511","82","27.447","20.352","0.2557755648","1.57990182175267","0.769702529932679","3.58953516",
"12/12/1997","-63.4375","-7.02514982223511","82","32.446","22.671","5.85707994","1.34242129100449","0.782814463268063","15.8284152",
"12/13/1997","-63.4375","-7.02514982223511","82","28.753","23.545","74.7928818","0.910496881217653","0.910916729046266","9.08527698",
"12/14/1997","-63.4375","-7.02514982223511","82","33.143","22.725","0","1.55080632839731","0.695939354687719","21.71446902",
"12/15/1997","-63.4375","-7.02514982223511","82","37.994","23.706","1.3853088","1.23949555455822","0.674676715546152","16.35351048",
"12/16/1997","-63.4375","-7.02514982223511","82","35.261","21.832","10.30225896","1.04742835395405","0.820032228908259","23.13809496",
"12/17/1997","-63.4375","-7.02514982223511","82","31.717","23.283","21.0250872","0.968774413605606","0.851852614916243","13.39288956",
"12/18/1997","-63.4375","-7.02514982223511","82","32.598","23.501","1.5535356624","0.995374796843953","0.790744612353074","10.0442772",
"12/19/1997","-63.4375","-7.02514982223511","82","28.961","22.996","1.80587988","1.34511647608216","0.873532419381061","10.80269712",
"12/20/1997","-63.4375","-7.02514982223511","82","30.924","22.401","4.739571432","1.32245827285786","0.838704110107524","21.6452304",
"12/21/1997","-63.4375","-7.02514982223511","82","30.926","22.488","12.0154316328","1.02861217210978","0.889936080110187","20.46831048",
"12/22/1997","-63.4375","-7.02514982223511","82","29.034","23.712","18.90249408","0.736789214559881","0.9527072802407","14.36293098",
"12/23/1997","-63.4375","-7.02514982223511","82","29.853","23.739","5.93605152","0.805112505750119","0.938840185617287","12.388159008",
"12/24/1997","-63.4375","-7.02514982223511","82","31.22","23.008","6.5248453944","1.00026668321507","0.90152028205883","17.22830508",
"12/25/1997","-63.4375","-7.02514982223511","82","32.153","22.09","12.6995078304","1.11945019773963","0.922936861268769","19.719558432",
"12/26/1997","-63.4375","-7.02514982223511","82","32.336","23.319","5.4742799088","1.10662938669022","0.883675405976189","19.79656578",
"12/27/1997","-63.4375","-7.02514982223511","82","34.168","21.812","3.1225206888","0.919345502450636","0.850991468207801","16.22216232",
"12/28/1997","-63.4375","-7.02514982223511","82","35.528","20.624","0.08068086","1.06744580235799","0.670877251261645","23.51717064",
"12/29/1997","-63.4375","-7.02514982223511","82","36.539","23.414","0","1.19341184363309","0.597099688247826","15.74195202",
"12/30/1997","-63.4375","-7.02514982223511","82","31.932","23.251","4.68120726","1.11490490967603","0.807043012590579","13.03767702",
"12/31/1997","-63.4375","-7.02514982223511","82","32.129","23.295","4.4631935568","0.925091003443381","0.863838487188155","17.768203632",
"1/1/1998","-63.4375","-7.02514982223511","82","36.669","22.342","0.0102996792","1.25044472222248","0.704363807850169","17.14876848",
"1/2/1998","-63.4375","-7.02514982223511","82","34.68","23.434","5.36270004","1.40963811997773","0.752467396082543","24.389550432",
"1/3/1998","-63.4375","-7.02514982223511","82","33.327","23.034","1.3029096312","1.26550662952407","0.777371892636858","16.96393098",
"1/4/1998","-63.4375","-7.02514982223511","82","36.139","24.07","8.10241848","1.04003371114442","0.703651034156481","12.27684222",
"1/5/1998","-63.4375","-7.02514982223511","82","30.231","23.202","17.8982743248","0.814112231460078","0.905571719635857","27.711847008",
"1/6/1998","-63.4375","-7.02514982223511","82","32.43","24.328","3.8864132424","0.820691615853328","0.812842616172469","14.4222705",
"1/7/1998","-63.4375","-7.02514982223511","82","37.977","24.025","1.625634","1.00066204663415","0.77532862166375","9.253912032",
"1/8/1998","-63.4375","-7.02514982223511","82","38.352","23.641","0.2969740728","1.08245553295478","0.666107481769243","19.6394085",
"1/9/1998","-63.4375","-7.02514982223511","82","32.222","23.513","42.4174760064","0.99178444504132","0.829326817894342","9.62359092",
"1/10/1998","-63.4375","-7.02514982223511","82","35.18","23.574","4.634859204","1.05506702527026","0.781035845662203","20.75867208",
"1/11/1998","-63.4375","-7.02514982223511","82","36.077","23.852","10.79750106","0.972022625256681","0.823913226488563","14.0433201",
"1/12/1998","-63.4375","-7.02514982223511","82","35.12","21.239","3.43408662","1.11011816518362","0.828250639267222","26.866741032",
"1/13/1998","-63.4375","-7.02514982223511","82","32.942","24.172","4.50782496","1.04806552147904","0.815570235852654","26.565639912",
"1/14/1998","-63.4375","-7.02514982223511","82","33.033","23.014","6.2862372","1.22029017171547","0.845767042176661","21.41932626",
"1/15/1998","-63.4375","-7.02514982223511","82","34.864","23.785","3.347398008","1.3300481781196","0.762883515581939","24.12393426",
"1/16/1998","-63.4375","-7.02514982223511","82","32.1","23.066","3.4040477304","0.917195719840587","0.881767669915354","17.808525",
"1/17/1998","-63.4375","-7.02514982223511","82","31.681","22.955","7.6020183","0.817611817515714","0.919621433941301","15.21383058",
"1/18/1998","-63.4375","-7.02514982223511","82","27.7","21.865","1.8951419088","0.715070377874181","0.946804926859937","5.570324388",
"1/19/1998","-63.4375","-7.02514982223511","82","33.486","22.865","11.000918232","1.06347720293887","0.859639369014285","17.06715072",
"1/20/1998","-63.4375","-7.02514982223511","82","28.879","23.537","15.7808355192","0.797275809959816","0.944527166165083","14.007154968",
"1/21/1998","-63.4375","-7.02514982223511","82","30.383","23.166","1.2479786208","1.31836478419045","0.892453231117211","12.821344848",
"1/22/1998","-63.4375","-7.02514982223511","82","31.945","23.268","7.249263444","0.948394384387571","0.902384411566737","21.862513728",
"1/23/1998","-63.4375","-7.02514982223511","82","29.168","22.942","6.4982410128","1.1508062487465","0.901240140634057","21.091105368",
"1/24/1998","-63.4375","-7.02514982223511","82","32.662","23.382","0.1888275168","1.28494584568651","0.758116334985897","13.85870616",
"1/25/1998","-63.4375","-7.02514982223511","82","33.187","22.553","7.02438408","1.18313188592748","0.807334507102411","14.99271111",
"1/26/1998","-63.4375","-7.02514982223511","82","34.138","23.035","2.339744868","1.4416098366393","0.759959551905955","19.4812893",
"1/27/1998","-63.4375","-7.02514982223511","82","34.508","24.234","0.048065184","1.93993112502727","0.677025127725268","24.57613026",
"1/28/1998","-63.4375","-7.02514982223511","82","34.632","23.369","4.3481843424","1.44011173946856","0.788006720261073","14.3298",
"1/29/1998","-63.4375","-7.02514982223511","82","32.617","23.789","3.29417838","1.33312844256195","0.842839909655294","18.2752929",
"1/30/1998","-63.4375","-7.02514982223511","82","27.648","23.279","2.864167956","1.04035123715472","0.920935217616851","6.68519694",
"1/31/1998","-63.4375","-7.02514982223511","82","34.776","23.284","1.6410825144","1.29514400036011","0.831108783679875","14.255719578",
"2/1/1998","-63.4375","-7.02514982223511","82","33.87","23.759","2.6238422808","1.71743354398458","0.836007284549405","22.812971832",
"2/2/1998","-63.4375","-7.02514982223511","82","36.342","24.495","3.369711096","1.4682659252561","0.799943035978094","17.195231592",
"2/3/1998","-63.4375","-7.02514982223511","82","30.138","24.528","19.63805652","1.15656000871543","0.931824324414238","19.721424672",
"2/4/1998","-63.4375","-7.02514982223511","82","31.692","21.478","9.1289502216","1.0705560181994","0.922802239698036","7.67525526",
"2/5/1998","-63.4375","-7.02514982223511","82","34.169","21.036","6.6930715728","1.09446033115589","0.87760788129332","28.058799168",
"2/6/1998","-63.4375","-7.02514982223511","82","30.082","24.148","0.0961303176","1.06418017043476","0.877061088602607","9.376254288",
"2/7/1998","-63.4375","-7.02514982223511","82","30.889","21.551","6.94456272","0.95761902544367","0.888870876207458","17.13515904",
"2/8/1998","-63.4375","-7.02514982223511","82","26.369","21.089","41.499144756","0.857743695837909","0.965919415340336","5.18591124",
"2/9/1998","-63.4375","-7.02514982223511","82","34.872","22.639","2.66590296","1.19671493462733","0.806697201125049","24.251738472",
"2/10/1998","-63.4375","-7.02514982223511","82","36.655","24.544","0.0068664528","1.1655398049705","0.72303876896466","22.4113419",
"2/11/1998","-63.4375","-7.02514982223511","82","26.444","23.033","14.1843808584","1.26596339859527","0.920668892412914","2.714906052",
"2/12/1998","-63.4375","-7.02514982223511","82","29.946","22.711","2.7740485512","1.26846817492273","0.856826091959136","10.88392113",
"2/13/1998","-63.4375","-7.02514982223511","82","27.8","21.86","19.9642136328","0.564260923185645","0.950761263268975","7.77070692",
"2/14/1998","-63.4375","-7.02514982223511","82","34.788","21.999","13.721767128","0.610475341418678","0.80361140871515","24.40659402",
"2/15/1998","-63.4375","-7.02514982223511","82","32.17","23.51","16.56704304","0.713333441735975","0.908800655755258","21.354525432",
"2/16/1998","-63.4375","-7.02514982223511","82","29.337","24.371","4.655460672","0.933296441793646","0.920619514896064","12.961750392",
"2/17/1998","-63.4375","-7.02514982223511","82","32.371","24.241","4.8734691192","0.881761281373851","0.88999240595645","14.991134418",
"2/18/1998","-63.4375","-7.02514982223511","82","35.838","24.679","0.2815246008","1.20948830227214","0.739268389985832","17.32713894",
"2/19/1998","-63.4375","-7.02514982223511","82","34.857","24.305","8.861156712","1.31598593328608","0.822015707494516","21.873598128",
"2/20/1998","-63.4375","-7.02514982223511","82","25.869","23.285","2.9045112624","1.37941452029708","0.906136748474706","3.767624352",
"2/21/1998","-63.4375","-7.02514982223511","82","28.771","22.724","4.15420632","1.0404794184426","0.879842465926966","6.51948516",
"2/22/1998","-63.4375","-7.02514982223511","82","31.699","22.955","0.5750654904","1.01694992756462","0.853834684662545","11.9783286",
"2/23/1998","-63.4375","-7.02514982223511","82","32.753","23.385","1.9226080152","1.42123688056088","0.831084514306117","20.39579622",
"2/24/1998","-63.4375","-7.02514982223511","82","34.866","23.109","1.654817256","1.59511160226881","0.801047524335548","23.97645162",
"2/25/1998","-63.4375","-7.02514982223511","82","32.135","22.21","3.1431224304","1.21544484518082","0.845138803024947","18.26741043",
"2/26/1998","-63.4375","-7.02514982223511","82","31.917","23.406","0.52185024","1.42156007111951","0.827227573832722","17.297219232",
"2/27/1998","-63.4375","-7.02514982223511","82","32.805","23.918","4.6297030824","1.11097783242115","0.826695115632945","20.709445752",
"2/28/1998","-63.4375","-7.02514982223511","82","25.301","23.371","89.9230788","0.917502426310185","0.976503949548205","2.140537032",
"3/1/1998","-63.4375","-7.02514982223511","82","27.401","23.06","6.1677946944","1.32244587093216","0.928643448890125","11.47893831",
"3/2/1998","-63.4375","-7.02514982223511","82","34.439","22.366","2.4298661952","1.3260854846868","0.856668824486498","20.101054752",
"3/3/1998","-63.4375","-7.02514982223511","82","27.617","23.65","1.9088740656","1.25615377786997","0.942928686059523","6.57467172",
"3/4/1998","-63.4375","-7.02514982223511","82","32.096","23.259","5.0897648808","1.20252021530748","0.895059034091155","22.508044632",
"3/5/1998","-63.4375","-7.02514982223511","82","28.81","24.031","9.4104745704","0.945146824934149","0.953874782567607","8.712390762",
"3/6/1998","-63.4375","-7.02514982223511","82","30.189","23.914","12.112424928","1.00412944546925","0.93712721816668","17.181848232",
"3/7/1998","-63.4375","-7.02514982223511","82","28.211","23.504","8.58650292","0.87314531184449","0.934606420027374","7.05830382",
"3/8/1998","-63.4375","-7.02514982223511","82","29.958","23.162","6.6192655464","1.18256378464173","0.914037871363848","16.74156978",
"3/9/1998","-63.4375","-7.02514982223511","82","29.4","23.671","1.122665472","1.02559225661872","0.888278607242123","11.198809728",
"3/10/1998","-63.4375","-7.02514982223511","82","30.842","23.876","1.2016294128","0.946020011079653","0.872299458140643","17.22352563",
"3/11/1998","-63.4375","-7.02514982223511","82","31.043","23.292","6.6106795824","1.03529021427584","0.885569772256907","19.7737848",
"3/12/1998","-63.4375","-7.02514982223511","82","30.466","23.904","6.80980752","1.34323333058291","0.883160006664344","19.825877718",
"3/13/1998","-63.4375","-7.02514982223511","82","30.714","22.556","8.2826626968","1.27484393390501","0.915274402944998","25.7914683",
"3/14/1998","-63.4375","-7.02514982223511","82","33.417","24.08","7.010651016","1.15806500445923","0.87445933048658","18.7827228",
"3/15/1998","-63.4375","-7.02514982223511","82","30.929","23.927","1.51748694","1.34328326826395","0.859034570286485","17.71250454",
"3/16/1998","-63.4375","-7.02514982223511","82","25.687","23.371","13.7792625912","0.813024169466374","0.96298058826964","3.548870982",
"3/17/1998","-63.4375","-7.02514982223511","82","30.747","22.998","0.5321501928","0.931295353661464","0.891490119728935","12.508368192",
"3/18/1998","-63.4375","-7.02514982223511","82","28.43","23.18","3.6375001056","0.974666607820908","0.914840924028954","10.03297824",
"3/19/1998","-63.4375","-7.02514982223511","82","30.501","21.65","1.996420788","1.11018133246844","0.89978882672431","15.518307312",
"3/20/1998","-63.4375","-7.02514982223511","82","29.681","23.758","10.2370266","1.0458710891489","0.946548001072239","16.50982833",
"3/21/1998","-63.4375","-7.02514982223511","82","32.383","24.336","13.0960394712","0.941817821814251","0.904053913881654","18.808538472",
"3/22/1998","-63.4375","-7.02514982223511","82","30.172","24.497","10.66360266","0.957571917401095","0.923880733091872","19.429030368",
"3/23/1998","-63.4375","-7.02514982223511","82","32.285","23.413","4.955860728","0.955232268947032","0.877734715045827","16.33911012",
"3/24/1998","-63.4375","-7.02514982223511","82","31.218","23.215","13.7672382888","0.963050183668846","0.936949505133973","18.661778982",
"3/25/1998","-63.4375","-7.02514982223511","82","31.661","23.476","6.938557164","0.758654016630483","0.898905241132864","17.722970532",
"3/26/1998","-63.4375","-7.02514982223511","82","26.452","22.049","9.782984124","0.627273209143674","0.963788088351775","8.62015005",
"3/27/1998","-63.4375","-7.02514982223511","82","31.827","23.104","7.9273223064","0.939193052309145","0.896549515477246","17.9380656",
"3/28/1998","-63.4375","-7.02514982223511","82","25.971","22.758","5.094913068","1.16781352011878","0.961535026782544","4.18753584",
"3/29/1998","-63.4375","-7.02514982223511","82","30.828","22.736","6.2175735216","1.11477661246086","0.899773649463214","21.9475692",
"3/30/1998","-63.4375","-7.02514982223511","82","29.702","23.22","5.66826192","1.34433679463476","0.907479234920253","26.1689022",
"3/31/1998","-63.4375","-7.02514982223511","82","30.961","23.016","7.20463212","0.911932798770526","0.907034605826077","27.057321",
"4/1/1998","-63.4375","-7.02514982223511","82","32.282","23.236","2.13547068","1.05978546607275","0.829403417423406","25.5174723",
"4/2/1998","-63.4375","-7.02514982223511","82","29.68","22.135","11.0515599864","1.07076333526946","0.907596903791723","25.86032442",
"4/3/1998","-63.4375","-7.02514982223511","82","28.793","24.306","23.46612048","1.42467774214961","0.943236485965844","23.4273366",
"4/4/1998","-63.4375","-7.02514982223511","82","29.151","24.086","28.3035286728","1.11595051210277","0.946918967930624","22.14500454",
"4/5/1998","-63.4375","-7.02514982223511","82","30.222","24.208","19.0509741","0.74562320441214","0.936274504172096","23.53393332",
"4/6/1998","-63.4375","-7.02514982223511","82","28.954","24.009","9.33494868","0.85689266180947","0.948132190679829","18.3593214",
"4/7/1998","-63.4375","-7.02514982223511","82","28.811","23.119","22.4636091984","0.767535592380266","0.947206456469929","23.60998548",
"4/8/1998","-63.4375","-7.02514982223511","82","29.249","23.948","5.891418684","0.877277139080258","0.945900459959029","13.00966866",
"4/9/1998","-63.4375","-7.02514982223511","82","33.044","23.331","0.916671744","1.13217252760816","0.814778824616558","21.28932162",
"4/10/1998","-63.4375","-7.02514982223511","82","33.233","22.427","4.511261844","0.942846450825604","0.833956465757065","26.126718192",
"4/11/1998","-63.4375","-7.02514982223511","82","31.98","22.999","8.0818205328","0.909273457241255","0.912769918154077","24.19205724",
"4/12/1998","-63.4375","-7.02514982223511","82","31.477","24.029","8.044048512","1.00909383008036","0.906778492918053","17.7044121",
"4/13/1998","-63.4375","-7.02514982223511","82","31.261","23.791","4.483797588","1.05876164890649","0.906587937140448","14.72293224",
"4/14/1998","-63.4375","-7.02514982223511","82","31.342","23.302","5.5549647288","0.7044218138104","0.892437583543254","19.19131704",
"4/15/1998","-63.4375","-7.02514982223511","82","32.957","24.654","5.5171943928","1.03128180596757","0.865670933448921","21.75503022",
"4/16/1998","-63.4375","-7.02514982223511","82","32.213","24.304","1.85737464","0.810152575974248","0.85657328348362","13.156429032",
"4/17/1998","-63.4375","-7.02514982223511","82","31.945","23.595","4.852862748","1.03059397191979","0.86672376116402","15.16606254",
"4/18/1998","-63.4375","-7.02514982223511","82","28.741","24.066","13.6985762808","1.20196139202902","0.954063919271103","16.81178184",
"4/19/1998","-63.4375","-7.02514982223511","82","30.109","23.228","14.944831704","1.21026578458539","0.928380129604789","15.40400652",
"4/20/1998","-63.4375","-7.02514982223511","82","28.507","24.37","17.512895232","0.998903935134411","0.957475111047765","19.66252554",
"4/21/1998","-63.4375","-7.02514982223511","82","26.837","23.156","1.4694203304","1.0584039548384","0.941273368473371","8.005165776",
"4/22/1998","-63.4375","-7.02514982223511","82","32.281","23.212","5.651091288","0.988265161129989","0.902561583027057","18.281926728",
"4/23/1998","-63.4375","-7.02514982223511","82","32.316","23.778","3.855514932","1.0258355492262","0.87404182125753","19.42448184",
"4/24/1998","-63.4375","-7.02514982223511","82","35.796","23.995","1.184463252","0.925824463138401","0.794910619744873","14.543266932",
"4/25/1998","-63.4375","-7.02514982223511","82","34.097","22.739","7.71789366","0.85360468837505","0.825585698688188","13.893583068",
"4/26/1998","-63.4375","-7.02514982223511","82","29.498","22.344","9.2473988544","0.459798457487302","0.940593229771205","20.31272028",
"4/27/1998","-63.4375","-7.02514982223511","82","33.802","22.301","1.998139104","0.914046131303005","0.860436003383598","15.33875922",
"4/28/1998","-63.4375","-7.02514982223511","82","31.178","23.044","4.31556408","1.00259210999155","0.891070652690464","24.72722658",
"4/29/1998","-63.4375","-7.02514982223511","82","35.535","23.526","6.88018428","1.301984033434","0.807699584842741","20.07197262",
"4/30/1998","-63.4375","-7.02514982223511","82","26.811","23.042","15.43579272","1.45494534889778","0.923065598969738","10.93415724",
"5/1/1998","-63.4375","-7.02514982223511","82","34.185","22.233","5.050281204","0.966951889053486","0.840348464085856","15.9810795",
"5/2/1998","-63.4375","-7.02514982223511","82","29.163","22.591","13.489155","0.62631955513079","0.94715049478729","19.50571026",
"5/3/1998","-63.4375","-7.02514982223511","82","27.728","23.689","7.93418652","0.615137634473164","0.960503191361667","10.057610232",
"5/4/1998","-63.4375","-7.02514982223511","82","26.757","23.383","2.509689348","0.771648122492554","0.960999042032498","6.8747031",
"5/5/1998","-63.4375","-7.02514982223511","82","29.094","22.838","11.545942572","1.17915769480707","0.94425283282261","15.59266686",
"5/6/1998","-63.4375","-7.02514982223511","82","29.433","23.397","6.13174824","1.29061875660389","0.935457117204408","13.35852972",
"5/7/1998","-63.4375","-7.02514982223511","82","28.04","23.188","11.607743772","1.13686104201881","0.933399243381768","17.47305018",
"5/8/1998","-63.4375","-7.02514982223511","82","28.858","22.971","10.213859232","0.907047638520464","0.946139168801188","18.5768388",
"5/9/1998","-63.4375","-7.02514982223511","82","30.457","22.981","4.538728044","1.15057672827927","0.915884115582003","20.18395638",
"5/10/1998","-63.4375","-7.02514982223511","82","29.467","22.185","4.2726508344","1.03625665925848","0.920341370676332","15.98310198",
"5/11/1998","-63.4375","-7.02514982223511","82","31.053","22.565","1.5792847704","0.941623059472277","0.862956689262049","21.60394236",
"5/12/1998","-63.4375","-7.02514982223511","82","29.847","23.308","4.566194172","0.869452109356052","0.913936784060162","15.46672122",
"5/13/1998","-63.4375","-7.02514982223511","82","28.579","21.73","7.5736994544","0.830106482532652","0.946698079904727","17.13335796",
"5/14/1998","-63.4375","-7.02514982223511","82","33.234","21.538","0.3604888584","0.608892565829116","0.867431376513411","15.864247782",
"5/15/1998","-63.4375","-7.02514982223511","82","34.802","21.299","0.0343323","1.4481684927422","0.72251809569235","22.27268808",
"5/16/1998","-63.4375","-7.02514982223511","82","24.7","18.401","0.68664546","2.35973885999075","0.855884336216539","8.452177038",
"5/17/1998","-63.4375","-7.02514982223511","82","26.324","17.292","0.0205993728","1.91334834587603","0.79073142243453","20.11145022",
"5/18/1998","-63.4375","-7.02514982223511","82","27.997","17.081","0","1.72190570200657","0.733542261408798","23.94112428",
"5/19/1998","-63.4375","-7.02514982223511","82","31.735","17.5","0","1.25635151555681","0.699685712954444","23.6364264",
"5/20/1998","-63.4375","-7.02514982223511","82","33.484","20.778","0.082397484","0.962596449328821","0.720098879627516","20.95841718",
"5/21/1998","-63.4375","-7.02514982223511","82","29.436","22.196","2.602387476","1.03124569496121","0.882555801817112","16.4688687",
"5/22/1998","-63.4375","-7.02514982223511","82","34.067","22.85","0.765609408","0.888194634787824","0.816017784303915","15.4223973",
"5/23/1998","-63.4375","-7.02514982223511","82","34.581","21.858","3.649521672","1.1276065630114","0.750060744174424","17.9256429",
"5/24/1998","-63.4375","-7.02514982223511","82","26.825","22.234","21.0594138984","1.03392698745373","0.963449557500697","6.58788696",
"5/25/1998","-63.4375","-7.02514982223511","82","31.137","22.05","9.30747834","0.733091571492996","0.926059577820418","15.28329708",
"5/26/1998","-63.4375","-7.02514982223511","82","29.091","23.451","6.3789318","0.875974837208693","0.925222596394485","13.616715168",
"5/27/1998","-63.4375","-7.02514982223511","82","29.721","21.704","8.4663423","0.768026817445004","0.934529063589139","19.9887759",
"5/28/1998","-63.4375","-7.02514982223511","82","30.707","23.131","3.227235804","1.05490644223132","0.888190037138944","21.94329762",
"5/29/1998","-63.4375","-7.02514982223511","82","32.905","21.193","0.7450103952","0.769698135904494","0.823220975698967","17.7977781",
"5/30/1998","-63.4375","-7.02514982223511","82","29.565","21.221","5.03997696","1.52930277531077","0.914501050162121","16.20517212",
"5/31/1998","-63.4375","-7.02514982223511","82","30.765","20.426","0.1853943264","1.65307328013058","0.80785493110395","16.69635",
"6/1/1998","-63.4375","-7.02514982223511","82","31.591","20.087","0.1373294232","1.22098447388244","0.805772625401895","15.79263678",
"6/2/1998","-63.4375","-7.02514982223511","82","27.61","21.123","0.37765512","1.30339496880585","0.820882447675363","8.7747741",
"6/3/1998","-63.4375","-7.02514982223511","82","30.56","20.62","1.749228192","1.18204600311155","0.866634358855935","10.56695256",
"6/4/1998","-63.4375","-7.02514982223511","82","29.93","21.323","1.8239026248","0.96879180210446","0.869501221947645","11.85986538",
"6/5/1998","-63.4375","-7.02514982223511","82","30.761","22.253","4.300114284","0.975874694487469","0.885869863481631","21.08963916",
"6/6/1998","-63.4375","-7.02514982223511","82","31.539","20.458","2.210998212","0.742954994771711","0.873842506216955","17.3641554",
"6/7/1998","-63.4375","-7.02514982223511","82","31.609","19.062","0.26779158","0.647334932638215","0.883115792167146","13.29344586",
"6/8/1998","-63.4375","-7.02514982223511","82","33.486","19.883","0","0.977084252753855","0.76446473696955","21.38175252",
"6/9/1998","-63.4375","-7.02514982223511","82","35.473","19.989","0","0.758306587954617","0.721840811317791","22.6727991",
"6/10/1998","-63.4375","-7.02514982223511","82","34.644","23.097","0.3184316928","1.13871818090688","0.733700778806827","20.41469766",
"6/11/1998","-63.4375","-7.02514982223511","82","35.058","21.158","0","1.03919500878072","0.696612178177522","19.02707406",
"6/12/1998","-63.4375","-7.02514982223511","82","33.69","21.282","0","1.51865427654457","0.615371752120982","23.0689161",
"6/13/1998","-63.4375","-7.02514982223511","82","33.328","21.155","0","1.69868101199391","0.656995469957278","22.8141009",
"6/14/1998","-63.4375","-7.02514982223511","82","32.367","21.729","0","1.42651217027608","0.63144744088059","13.9932522",
"6/15/1998","-63.4375","-7.02514982223511","82","29.583","19.78","0.2231597952","0.702960520475808","0.835995498963421","10.03286124",
"6/16/1998","-63.4375","-7.02514982223511","82","34.484","20.273","0","1.04082519961671","0.693923574872272","22.645638",
"6/17/1998","-63.4375","-7.02514982223511","82","35.557","22.04","0.010299672","0.835957024562302","0.718124585371803","13.31398458",
"6/18/1998","-63.4375","-7.02514982223511","82","34.065","21.793","1.282310748","1.04230019567233","0.84186232033422","12.76700454",
"6/19/1998","-63.4375","-7.02514982223511","82","29.696","20.301","1.7337806784","0.916589557412918","0.908622470079712","13.1041179",
"6/20/1998","-63.4375","-7.02514982223511","82","30.773","21.397","3.635786772","0.790512639720058","0.925432765402043","13.51940238",
"6/21/1998","-63.4375","-7.02514982223511","82","33.756","18.944","0.090980604","1.21187647622182","0.72758728771607","15.26501754",
"6/22/1998","-63.4375","-7.02514982223511","82","34.527","18.839","0","1.1086226476485","0.637881411978298","21.48828876",
"6/23/1998","-63.4375","-7.02514982223511","82","36.515","22.257","0","0.766413799387064","0.599804946552978","14.68023786",
"6/24/1998","-63.4375","-7.02514982223511","82","34.365","21.129","0","1.06079811489641","0.568800583504257","18.1205397",
"6/25/1998","-63.4375","-7.02514982223511","82","31.242","20.889","0","1.96533077379986","0.549584985404462","20.6280522",
"6/26/1998","-63.4375","-7.02514982223511","82","31.913","20.566","0","1.261586676792","0.620129600983318","17.37269676",
"6/27/1998","-63.4375","-7.02514982223511","82","33.618","18.427","0","1.18551092793369","0.623646833572987","22.52058732",
"6/28/1998","-63.4375","-7.02514982223511","82","27.328","18.478","0","0.783083911750946","0.752775782311357","6.63159528",
"6/29/1998","-63.4375","-7.02514982223511","82","33.861","17.544","0","1.19664141282729","0.681449508655222","13.61120688",
"6/30/1998","-63.4375","-7.02514982223511","82","33.803","20.125","0.0137329056","1.03790547713836","0.728043138630272","10.20104838",
"7/1/1998","-63.4375","-7.02514982223511","82","34.908","16.195","0","0.929908367916941","0.6480994244604","23.02329636",
"7/2/1998","-63.4375","-7.02514982223511","82","35.174","17.606","0","1.07641074802654","0.498281601815635","23.31855396",
"7/3/1998","-63.4375","-7.02514982223511","82","34.867","18","0","1.13379465651133","0.491182216940411","23.1432786",
"7/4/1998","-63.4375","-7.02514982223511","82","35.008","19.295","0","1.27205482015653","0.527484274237899","20.25602316",
"7/5/1998","-63.4375","-7.02514982223511","82","32.915","18.159","0","0.712153120966356","0.695656071838905","6.7244652",
"7/6/1998","-63.4375","-7.02514982223511","82","34.087","16.719","0","0.923070054002327","0.636525893456732","12.767798628",
"7/7/1998","-63.4375","-7.02514982223511","82","33.356","17.157","0","0.937747023846664","0.641459116905604","14.943483",
"7/8/1998","-63.4375","-7.02514982223511","82","35.036","18.195","0","0.749192112027887","0.660112644183481","13.58859816",
"7/9/1998","-63.4375","-7.02514982223511","82","34.098","21.163","1.9432068264","1.15724465237707","0.694749401880855","11.96110962",
"7/10/1998","-63.4375","-7.02514982223511","82","33.776","21.014","0","1.94453566126361","0.566333195127199","23.0104647",
"7/11/1998","-63.4375","-7.02514982223511","82","33.553","19.137","0","1.42394074259946","0.562500373965153","22.95810288",
"7/12/1998","-63.4375","-7.02514982223511","82","33.438","19.447","0","1.13804525752425","0.561708174629923","18.969687",
"7/13/1998","-63.4375","-7.02514982223511","82","35.603","21.163","0","0.774080881610529","0.57798800901985","17.16412644",
"7/14/1998","-63.4375","-7.02514982223511","82","33.07","22.577","0.02059938","0.915913166455243","0.692593556021117","12.6352188",
"7/15/1998","-63.4375","-7.02514982223511","82","34.48","21.974","0.233459208","0.718314767604119","0.715380454291498","12.3659487",
"7/16/1998","-63.4375","-7.02514982223511","82","32.926","19.135","2.27280096","1.06223870147528","0.738055926321066","13.999777218",
"7/17/1998","-63.4375","-7.02514982223511","82","35.528","21.032","0","1.22297478324375","0.593571118085866","23.3888094",
"7/18/1998","-63.4375","-7.02514982223511","82","35.882","21.35","0","1.16490597910449","0.596717841451358","16.83883044",
"7/19/1998","-63.4375","-7.02514982223511","82","33.721","21.749","1.1501316","1.34543248726451","0.668991619909041","23.10108912",
"7/20/1998","-63.4375","-7.02514982223511","82","36.53","20.489","0","1.11181788695551","0.597682824837868","21.33489906",
"7/21/1998","-63.4375","-7.02514982223511","82","36.459","20.959","0","1.11632117346201","0.511878969125216","20.31586542",
"7/22/1998","-63.4375","-7.02514982223511","82","34.496","22.685","1.87797564","0.987153780324629","0.663802970408077","14.737051818",
"7/23/1998","-63.4375","-7.02514982223511","82","33.635","21.757","0","1.2573455600179","0.60184155123283","17.452970928",
"7/24/1998","-63.4375","-7.02514982223511","82","33.525","21.043","0.102996972","1.25923740308823","0.614179187052088","16.8490152",
"7/25/1998","-63.4375","-7.02514982223511","82","34.4","18.711","0.3639222","1.18016945698299","0.708868216480795","17.87579595",
"7/26/1998","-63.4375","-7.02514982223511","82","35.729","17.469","0","1.32475483186102","0.502886950399144","24.661855728",
"7/27/1998","-63.4375","-7.02514982223511","82","36.467","16.297","0","1.15124899476993","0.366186350272263","25.185598488",
"7/28/1998","-63.4375","-7.02514982223511","82","36.469","14.876","0","1.13242616897719","0.465023405698303","24.87808422",
"7/29/1998","-63.4375","-7.02514982223511","82","37.524","17.488","0","1.32112264846699","0.37659507814678","24.568198272",
"7/30/1998","-63.4375","-7.02514982223511","82","37.637","23.356","0","1.38260966273548","0.333102516382459","24.48218691",
"7/31/1998","-63.4375","-7.02514982223511","82","37.77","19.204","0","1.1730800987484","0.459582589477716","24.5952549",
"8/1/1998","-63.4375","-7.02514982223511","82","35.373","24.08","0.0686647224","1.3409764761507","0.488116916990554","18.42356736",
"8/2/1998","-63.4375","-7.02514982223511","82","33.262","23.121","0.84114072","1.05400636124847","0.643377168926182","6.12742536",
"8/3/1998","-63.4375","-7.02514982223511","82","37.324","21.794","0","1.14033634268914","0.626964995339494","7.87094874",
"8/4/1998","-63.4375","-7.02514982223511","82","36.56","23.064","0","1.07436970504756","0.628620004460779","12.751479648",
"8/5/1998","-63.4375","-7.02514982223511","82","33.44","21.061","0","1.33538124937894","0.605379928624738","14.604191352",
"8/6/1998","-63.4375","-7.02514982223511","82","32.179","21.381","0.0480651552","1.04347113881037","0.685556722121569","14.797066968",
"8/7/1998","-63.4375","-7.02514982223511","82","35.427","19.392","0.1476288","0.720088511412014","0.704383649018197","14.937803928",
"8/8/1998","-63.4375","-7.02514982223511","82","37.024","22.2","0","1.06347555006322","0.524239463187973","24.348709728",
"8/9/1998","-63.4375","-7.02514982223511","82","39.159","23.165","0","1.34530618348182","0.489399960691678","21.018376152",
"8/10/1998","-63.4375","-7.02514982223511","82","36.439","20.401","0","1.2678399656901","0.419280169218144","16.60359312",
"8/11/1998","-63.4375","-7.02514982223511","82","38.914","17.898","0","0.630853673235625","0.49937107837257","18.647716968",
"8/12/1998","-63.4375","-7.02514982223511","82","40.142","24.226","0","1.22389391002759","0.341302291121793","25.5957696",
"8/13/1998","-63.4375","-7.02514982223511","82","39.096","23.282","0","1.06164809215266","0.388268592914958","12.535086312",
"8/14/1998","-63.4375","-7.02514982223511","82","39.769","17.916","0.0171661464","1.05209243959495","0.482488786293642","14.15188026",
"8/15/1998","-63.4375","-7.02514982223511","82","39.113","19.848","0","1.30607755060305","0.421701868579676","25.790857848",
"8/16/1998","-63.4375","-7.02514982223511","82","40.042","25.216","0","0.954245534651062","0.404267936568361","20.62890063",
"8/17/1998","-63.4375","-7.02514982223511","82","39.034","25.408","0.130462668","1.52410052503163","0.49457964185784","15.535627128",
"8/18/1998","-63.4375","-7.02514982223511","82","37.25","21.339","0.501251076","1.35117070359332","0.564890379155491","10.152226422",
"8/19/1998","-63.4375","-7.02514982223511","82","37.801","24.322","0","1.36122888373203","0.419143071332214","21.46179546",
"8/20/1998","-63.4375","-7.02514982223511","82","37.861","24.11","0","1.27722336835681","0.410499913524579","14.915927592",
"8/21/1998","-63.4375","-7.02514982223511","82","38.709","23.536","0.068664564","0.968924846057736","0.465284353222459","25.009089282",
"8/22/1998","-63.4375","-7.02514982223511","82","41.698","17.443","0","0.820544685584698","0.421986975232983","26.504386992",
"8/23/1998","-63.4375","-7.02514982223511","82","39.945","18.002","0","1.33222431272322","0.329964572176234","26.5136652",
"8/24/1998","-63.4375","-7.02514982223511","82","39.767","19.548","0","1.47690974675195","0.363456086126289","18.785820528",
"8/25/1998","-63.4375","-7.02514982223511","82","36.162","19.148","0","1.37066733985674","0.470151194133302","15.387752772",
"8/26/1998","-63.4375","-7.02514982223511","82","39.568","18.477","0","1.49004426797064","0.368682423202046","25.614730008",
"8/27/1998","-63.4375","-7.02514982223511","82","40.191","24.18","0","0.859642027761344","0.382423256614426","14.644915218",
"8/28/1998","-63.4375","-7.02514982223511","82","40.424","20.964","0","1.26191145130186","0.299541988312506","26.51253768",
"8/29/1998","-63.4375","-7.02514982223511","82","40.048","20.529","0","1.38861588205142","0.359553695869134","26.89555086",
"8/30/1998","-63.4375","-7.02514982223511","82","39.188","21.065","0","1.725604979852","0.239290010152443","27.824853672",
"8/31/1998","-63.4375","-7.02514982223511","82","41.863","13.769","0","1.19154181167156","0.286043800694106","25.58924748",
"9/1/1998","-63.4375","-7.02514982223511","82","38.97","26.123","0.030899052","1.55081799000186","0.385010660114934","20.444178312",
"9/2/1998","-63.4375","-7.02514982223511","82","37.293","22.929","0.0171661464","1.16379634863817","0.529062085016647","17.334901512",
"9/3/1998","-63.4375","-7.02514982223511","82","29.997","22.436","12.45403512","1.26815064485104","0.794826706534416","9.579822192",
"9/4/1998","-63.4375","-7.02514982223511","82","37.012","20.859","0","1.1830787373124","0.639843755978871","13.915012608",
"9/5/1998","-63.4375","-7.02514982223511","82","39.103","20.844","0.31929012","0.888989610541058","0.629401025531187","15.32778084",
"9/6/1998","-63.4375","-7.02514982223511","82","39.086","22.243","0.87375636","1.11141983842079","0.593304851210526","14.879193408",
"9/7/1998","-63.4375","-7.02514982223511","82","36.628","20.832","0.3038409","1.12390467388144","0.644643176382661","19.45984752",
"9/8/1998","-63.4375","-7.02514982223511","82","41.708","22.367","0.101280384","1.23617706952238","0.546389892498649","16.716994272",
"9/9/1998","-63.4375","-7.02514982223511","82","36.415","22.782","11.94763176","1.3420090950253","0.670810429404549","18.4218237",
"9/10/1998","-63.4375","-7.02514982223511","82","41.192","23.01","0","1.40034843927283","0.407704763130401","26.67864204",
"9/11/1998","-63.4375","-7.02514982223511","82","41.815","27.5","0","1.37062121704489","0.299331140486325","21.335226912",
"9/12/1998","-63.4375","-7.02514982223511","82","39.608","25.247","0","1.25988634398924","0.443167315093798","12.03339078",
"9/13/1998","-63.4375","-7.02514982223511","82","40.071","24.093","0","1.15043532798556","0.425427367902064","6.872062608",
"9/14/1998","-63.4375","-7.02514982223511","82","39.682","28.647","0","1.47404723858193","0.284218553435908","19.154419992",
"9/15/1998","-63.4375","-7.02514982223511","82","39.878","27.758","0","1.4418493163653","0.330449990451567","18.195354432",
"9/16/1998","-63.4375","-7.02514982223511","82","43.153","24.984","0","1.18718613263989","0.356487349241785","13.463268192",
"9/17/1998","-63.4375","-7.02514982223511","82","42.025","26.774","0","1.18227812800369","0.335009402875744","11.031245208",
"9/18/1998","-63.4375","-7.02514982223511","82","38.063","20.453","0","1.46973491042399","0.372885312360025","21.250238832",
"9/19/1998","-63.4375","-7.02514982223511","82","40.563","22.972","0","1.35551426594587","0.409192778994755","17.00538786",
"9/20/1998","-63.4375","-7.02514982223511","82","38.547","26.758","0","1.54113467425818","0.350727366727733","16.306029288",
"9/21/1998","-63.4375","-7.02514982223511","82","38.612","26.166","0","2.49774262647989","0.265991318201209","28.98618966",
"9/22/1998","-63.4375","-7.02514982223511","82","39.263","23.118","0","1.57175663792928","0.288368094356605","24.321996072",
"9/23/1998","-63.4375","-7.02514982223511","82","43.604","18.183","0","0.665916847806195","0.363740382986861","28.129392792",
"9/24/1998","-63.4375","-7.02514982223511","82","42.449","24.578","0","1.24053220287272","0.307447545110186","16.35131484",
"9/25/1998","-63.4375","-7.02514982223511","82","36.838","25.859","0.34503948","1.73390339882963","0.404144210198542","16.0838973",
"9/26/1998","-63.4375","-7.02514982223511","82","37.342","22.623","0.63686376","1.40020889324774","0.566023689200967","20.78870904",
"9/27/1998","-63.4375","-7.02514982223511","82","40.919","23.913","0.00686646","1.38663466243748","0.377326565480075","22.667516208",
"9/28/1998","-63.4375","-7.02514982223511","82","37.681","27.863","0.0137329128","1.48864853657253","0.410995825157305","15.2547201",
"9/29/1998","-63.4375","-7.02514982223511","82","40.876","21.047","0.0171661392","0.962310749422931","0.442273948037388","18.07627464",
"9/30/1998","-63.4375","-7.02514982223511","82","35.069","19.822","0.164794968","1.49347582612109","0.560059125713054","17.0207964",
"10/1/1998","-63.4375","-7.02514982223511","82","38.345","19.499","0","0.941185212510054","0.533110790616678","16.30120032",
"10/2/1998","-63.4375","-7.02514982223511","82","39.585","23.861","0","1.04155364442969","0.448546931616559","14.65138152",
"10/3/1998","-63.4375","-7.02514982223511","82","39.332","21.932","0.0394821","1.29088860234691","0.487825044319229","16.02230688",
"10/4/1998","-63.4375","-7.02514982223511","82","40.933","21.637","0","1.2661310612235","0.43225025430524","22.62926664",
"10/5/1998","-63.4375","-7.02514982223511","82","44.159","24.809","0.6540294528","0.918452507863634","0.420339919995859","22.654912968",
"10/6/1998","-63.4375","-7.02514982223511","82","44.008","24.601","0.12874608","1.04104517684364","0.406718509392307","19.27755144",
"10/7/1998","-63.4375","-7.02514982223511","82","43.183","21.871","0","1.6521889808587","0.3170467117055","24.71878584",
"10/8/1998","-63.4375","-7.02514982223511","82","41.604","21.431","0","1.21870347270769","0.326509514515729","16.17604164",
"10/9/1998","-63.4375","-7.02514982223511","82","40.997","26.235","0","2.29284844152728","0.267315173293044","25.77149694",
"10/10/1998","-63.4375","-7.02514982223511","82","38.961","19.432","0","1.78814389979951","0.372842272957467","25.58997756",
"10/11/1998","-63.4375","-7.02514982223511","82","40.208","22.129","0","1.56686942982914","0.467581066905294","18.43160472",
"10/12/1998","-63.4375","-7.02514982223511","82","41.85","23.773","0.10643022","1.31115411077246","0.432102756938929","18.61391484",
"10/13/1998","-63.4375","-7.02514982223511","82","37.709","24.416","0.102996792","1.35179764232139","0.522908126406483","23.53191012",
"10/14/1998","-63.4375","-7.02514982223511","82","37.877","22.441","0.08583084","1.2608625170984","0.50582347764773","17.67346524",
"10/15/1998","-63.4375","-7.02514982223511","82","37.115","24.702","0","1.8245627203083","0.44764577582057","18.75206232",
"10/16/1998","-63.4375","-7.02514982223511","82","35.637","22.08","0.4051211904","1.41526016091264","0.586535051016303","16.580184912",
"10/17/1998","-63.4375","-7.02514982223511","82","34.122","24.835","0.6299977464","1.15091812367656","0.669876429355598","13.86051048",
"10/18/1998","-63.4375","-7.02514982223511","82","40.01","22.478","0","1.54484090849428","0.541916011364407","18.55935252",
"10/19/1998","-63.4375","-7.02514982223511","82","32.872","21.94","0","1.28718949728918","0.613737570585862","9.99432792",
"10/20/1998","-63.4375","-7.02514982223511","82","37.116","22.11","1.9071587664","1.3943845043588","0.635853357638531","18.94105764",
"10/21/1998","-63.4375","-7.02514982223511","82","34.72","22.45","0.442885968","1.19041322219689","0.683172845564907","13.05202356",
"10/22/1998","-63.4375","-7.02514982223511","82","36.43","21.888","0","1.22773578438408","0.598720287955519","13.79992572",
"10/23/1998","-63.4375","-7.02514982223511","82","36.153","20.823","4.646875716","1.02159087590588","0.689464545128822","16.23043404",
"10/24/1998","-63.4375","-7.02514982223511","82","37.291","20.513","6.6776292","0.916202739287737","0.851887726818745","16.96736448",
"10/25/1998","-63.4375","-7.02514982223511","82","30.776","19.864","1.91745648","0.939360657453148","0.841585416788087","13.63881816",
"10/26/1998","-63.4375","-7.02514982223511","82","33.273","21.93","4.9901958","0.958992212288222","0.838349246028092","22.2734817",
"10/27/1998","-63.4375","-7.02514982223511","82","35.266","22.838","1.8505116","1.07267553029286","0.744884682881439","16.3006866",
"10/28/1998","-63.4375","-7.02514982223511","82","34.997","22.913","2.69851644","1.21964346717907","0.726937159408669","15.7626549",
"10/29/1998","-63.4375","-7.02514982223511","82","34.746","21.162","0.466918884","0.985193466323104","0.711397034386795","16.42084272",
"10/30/1998","-63.4375","-7.02514982223511","82","38.573","21.971","0.111579876","1.12725783196087","0.580738831115729","18.470358",
"10/31/1998","-63.4375","-7.02514982223511","82","37.421","23.657","3.9842628264","1.31660929599291","0.596938193824001","23.62781628",
"11/1/1998","-63.4375","-7.02514982223511","82","29.736","23.151","17.4304944","1.58261485360906","0.86246035990155","8.87962338",
"11/2/1998","-63.4375","-7.02514982223511","82","37.151","22.15","4.0941213192","0.971095771100657","0.818662858781764","22.2268545",
"11/3/1998","-63.4375","-7.02514982223511","82","36.938","23.322","12.584493","0.940750959947999","0.831436678971545","18.31915782",
"11/4/1998","-63.4375","-7.02514982223511","82","33.393","23.913","4.3464666816","0.991572369191118","0.800390521185816","12.50972154",
"11/5/1998","-63.4375","-7.02514982223511","82","32.799","23.758","5.946350148","1.24065911140848","0.864310925143493","18.0975915",
"11/6/1998","-63.4375","-7.02514982223511","82","32.369","22.905","8.056067472","1.22314359586602","0.830692632986456","17.8988625",
"11/7/1998","-63.4375","-7.02514982223511","82","36.519","23.226","12.51411336","1.02968900049678","0.868941360433805","26.04925638",
"11/8/1998","-63.4375","-7.02514982223511","82","32.06","22.792","18.16176996","0.922879417884832","0.908838267942528","20.44041858",
"11/9/1998","-63.4375","-7.02514982223511","82","34.604","22.239","2.2865305968","0.755515248321311","0.794723488856322","24.2376741",
"11/10/1998","-63.4375","-7.02514982223511","82","36.658","23.588","0.358772652","1.25599201114846","0.680725708223407","16.89227226",
"11/11/1998","-63.4375","-7.02514982223511","82","38.868","23.79","1.038551904","0.805370259866396","0.703085018156067","10.9303803",
"11/12/1998","-63.4375","-7.02514982223511","82","35.895","23.172","1.7131806","1.36135186625111","0.722239323504874","22.99460274",
"11/13/1998","-63.4375","-7.02514982223511","82","30.888","21.994","0.9209631384","1.15653809056779","0.834724317182917","14.3039277",
"11/14/1998","-63.4375","-7.02514982223511","82","38.229","21.678","5.0004956664","1.13035835328101","0.70323179624918","18.22201884",
"11/15/1998","-63.4375","-7.02514982223511","82","29.39","22.979","11.89098054","0.905955125749585","0.926590423035183","10.5581772",
"11/16/1998","-63.4375","-7.02514982223511","82","37.786","21.966","1.2205116","0.911777980257377","0.710061425688093","17.69456016",
"11/17/1998","-63.4375","-7.02514982223511","82","29.552","22.805","12.12015204","1.28040397643223","0.881808298840431","9.36388062",
"11/18/1998","-63.4375","-7.02514982223511","82","32.337","21.994","0.94070592","1.30428863777972","0.750000770032364","16.1172531",
"11/19/1998","-63.4375","-7.02514982223511","82","30.653","23.616","9.49973976","1.21332633681662","0.839529461427","13.248898668",
"11/20/1998","-63.4375","-7.02514982223511","82","35.647","22.268","4.19711976","0.916464375524796","0.694927173367461","18.6132861",
"11/21/1998","-63.4375","-7.02514982223511","82","35.142","22.65","13.45481352","0.869928966898199","0.845245600633","18.0482634",
"11/22/1998","-63.4375","-7.02514982223511","82","32.892","24.287","7.61576544","1.1217525329703","0.850454539167936","27.0870804",
"11/23/1998","-63.4375","-7.02514982223511","82","29.674","23.574","117.52966116","0.940075089698052","0.936233309210348","12.1315482",
"11/24/1998","-63.4375","-7.02514982223511","82","31.609","22.588","1.1115074592","1.55384025071158","0.810331237470345","22.73743566",
"11/25/1998","-63.4375","-7.02514982223511","82","32.972","23.311","14.9276672784","1.21565591393227","0.839667955255605","25.1183277",
"11/26/1998","-63.4375","-7.02514982223511","82","28.14","23.02","12.9587139864","1.12272031593551","0.935505353363114","13.728761568",
"11/27/1998","-63.4375","-7.02514982223511","82","28.867","23.2","14.6375757864","0.722469425852123","0.939509279732276","20.91391758",
"11/28/1998","-63.4375","-7.02514982223511","82","29.134","23.3","5.9309022168","0.8006874555455","0.903615728838166","20.5110621",
"11/29/1998","-63.4375","-7.02514982223511","82","33.301","21.965","11.787993972","1.00116824277788","0.907657530615395","26.90185032",
"11/30/1998","-63.4375","-7.02514982223511","82","34.648","23.363","0.4085538984","1.12251687700511","0.736999450119225","14.7010419",
"12/1/1998","-63.4375","-7.02514982223511","82","31.329","23.462","14.38522848","0.969301021906959","0.881454474312283","15.01262118",
"12/2/1998","-63.4375","-7.02514982223511","82","31.196","23.767","10.0816709184","0.816873671825139","0.90545763547071","24.96296862",
"12/3/1998","-63.4375","-7.02514982223511","82","35.354","23.793","10.0756645128","1.43784644576791","0.861716701071014","15.44276016",
"12/4/1998","-63.4375","-7.02514982223511","82","33.55","23.49","5.560113456","1.18611291878541","0.849658503092634","18.19091268",
"12/5/1998","-63.4375","-7.02514982223511","82","34.472","24.004","3.790286748","1.34521858365331","0.788225203183681","21.3975594",
"12/6/1998","-63.4375","-7.02514982223511","82","30.021","22.682","11.3245063056","1.06477040184321","0.914297889011144","22.8723705",
"12/7/1998","-63.4375","-7.02514982223511","82","36.134","22.21","0.9922022496","0.838810282412432","0.763089021042637","17.92113606",
"12/8/1998","-63.4375","-7.02514982223511","82","31.821","22.739","7.97881572","1.02964073818577","0.8971333855125","18.26325",
"12/9/1998","-63.4375","-7.02514982223511","82","37.464","23.666","4.8168192024","1.11574206069031","0.78901067959772","15.14834658",
"12/10/1998","-63.4375","-7.02514982223511","82","29.827","23.434","1.3492582344","1.66834191760994","0.846306116415187","10.90512756",
"12/11/1998","-63.4375","-7.02514982223511","82","37.246","22.47","4.7910716784","0.967965888614991","0.745501018270836","18.25729074",
"12/12/1998","-63.4375","-7.02514982223511","82","29.179","23.251","24.320988","0.749487768258717","0.933714523613545","15.05508732",
"12/13/1998","-63.4375","-7.02514982223511","82","31.552","23.105","8.397672588","1.08689856357021","0.868444274122215","10.8658107",
"12/14/1998","-63.4375","-7.02514982223511","82","34.683","21.796","1.7938621728","1.26808409727324","0.714137019829816","22.254588",
"12/15/1998","-63.4375","-7.02514982223511","82","37.686","25.319","0.0137328984","1.00729969902673","0.541609285729278","21.3113781",
"12/16/1998","-63.4375","-7.02514982223511","82","37.232","23.276","2.9302591104","1.22773441023638","0.755349580926382","15.59604456",
"12/17/1998","-63.4375","-7.02514982223511","82","37.286","22.751","7.31105784","1.12003313842209","0.755927733654572","19.7672112",
"12/18/1998","-63.4375","-7.02514982223511","82","31.613","23.469","6.38408232","1.25957330750997","0.846689123064214","27.23445198",
"12/19/1998","-63.4375","-7.02514982223511","82","37.763","23.032","0.4566204","0.782649816357151","0.705534171700462","17.752334832",
"12/20/1998","-63.4375","-7.02514982223511","82","31.687","22.451","10.41298056","1.07675163979765","0.869319777173972","22.491729",
"12/21/1998","-63.4375","-7.02514982223511","82","37.227","22.054","7.3436724","1.19760972571678","0.815267521541359","19.7683371",
"12/22/1998","-63.4375","-7.02514982223511","82","29.104","23.342","9.0654367392","1.12689922784622","0.909256429641468","22.7919402",
"12/23/1998","-63.4375","-7.02514982223511","82","27.93","21.522","2.70710028","1.52829818480232","0.882663350758522","12.19438242",
"12/24/1998","-63.4375","-7.02514982223511","82","30.457","19.902","2.132033292","0.828270784551202","0.800113765294836","19.42205742",
"12/25/1998","-63.4375","-7.02514982223511","82","29.289","21.792","7.13081088","1.02346708126973","0.910945725643547","26.25182118",
"12/26/1998","-63.4375","-7.02514982223511","82","28.954","23.093","14.4779198184","0.941440899942728","0.935394496504454","23.9530455",
"12/27/1998","-63.4375","-7.02514982223511","82","27.462","23.724","15.2606944944","0.982933657434782","0.946015093843851","19.92622662",
"12/28/1998","-63.4375","-7.02514982223511","82","34.323","23.333","3.199768092","0.959567204590089","0.814619224712398","20.6686125",
"12/29/1998","-63.4375","-7.02514982223511","82","29.399","23.23","18.570327912","0.922099132759324","0.929394334699313","21.72313296",
"12/30/1998","-63.4375","-7.02514982223511","82","32.922","23.731","3.5611131744","1.36553239291431","0.863395013454319","16.71130494",
"12/31/1998","-63.4375","-7.02514982223511","82","33.552","23.535","5.8725396","1.30245427770801","0.833479983728819","23.33964726",
"1/1/1999","-63.4375","-7.02514982223511","82","31.231","22.929","15.3568224","0.685567963539526","0.911647003285602","17.9865009",
"1/2/1999","-63.4375","-7.02514982223511","82","26.898","23.06","52.02024264","1.10249147797505","0.937445797600451","7.45554924",
"1/3/1999","-63.4375","-7.02514982223511","82","32.767","22.314","9.6817018032","0.687595826190191","0.847810021899148","24.10965126",
"1/4/1999","-63.4375","-7.02514982223511","82","26.915","23.386","27.3662568","0.660759170878499","0.966829565008879","7.414591032",
"1/5/1999","-63.4375","-7.02514982223511","82","24.655","22.916","28.56103092","0.977057700623355","0.975594684351888","3.46285881",
"1/6/1999","-63.4375","-7.02514982223511","82","23.992","21.487","20.544413328","0.763738217224674","0.974700221960756","4.913719272",
"1/7/1999","-63.4375","-7.02514982223511","82","25.763","20.702","0.7003779912","0.648548799695909","0.947204759446284","7.17311178",
"1/8/1999","-63.4375","-7.02514982223511","82","31.732","21.89","3.086469504","0.976967906043956","0.904350675337094","17.8302843",
"1/9/1999","-63.4375","-7.02514982223511","82","31.304","22.628","12.0849670944","0.928998027337184","0.884947255376748","21.9940317",
"1/10/1999","-63.4375","-7.02514982223511","82","26.554","23.424","15.6108861","1.0981011666327","0.961684061862448","16.0694991",
"1/11/1999","-63.4375","-7.02514982223511","82","29.946","22.504","13.3140582","1.14583773792109","0.921419042797487","17.24068674",
"1/12/1999","-63.4375","-7.02514982223511","82","26.716","22.22","26.0959608","1.08344423225013","0.959214219659874","11.2746906",
"1/13/1999","-63.4375","-7.02514982223511","82","27.238","23.146","15.204047292","0.870382664685186","0.966387405605419","17.90584218",
"1/14/1999","-63.4375","-7.02514982223511","82","29.925","22.936","9.338372892","0.80198708922855","0.933220307592118","21.840747912",
"1/15/1999","-63.4375","-7.02514982223511","82","27.638","22.958","5.2837389432","1.11411413940413","0.924436836957887","15.98923422",
"1/16/1999","-63.4375","-7.02514982223511","82","29.844","22.487","5.99441184","0.573141348591112","0.903071556175674","14.27410692",
"1/17/1999","-63.4375","-7.02514982223511","82","24.516","22.386","12.58964226","0.652447073362158","0.978929685802205","2.38038588",
"1/18/1999","-63.4375","-7.02514982223511","82","31.117","20.969","5.1464033784","0.873644270144764","0.90251005156414","22.403650032",
"1/19/1999","-63.4375","-7.02514982223511","82","32.237","21.86","0.865173816","1.38648650260664","0.787064011302859","27.05287428",
"1/20/1999","-63.4375","-7.02514982223511","82","32.756","21.903","1.644518556","1.22208642017021","0.82259725853639","22.71797028",
"1/21/1999","-63.4375","-7.02514982223511","82","32.305","22.887","7.297320816","0.984586902879561","0.874879571126287","20.172547332",
"1/22/1999","-63.4375","-7.02514982223511","82","30.016","22.051","9.324647964","1.1899264340522","0.89201632267195","28.49765652",
"1/23/1999","-63.4375","-7.02514982223511","82","31.113","23.489","30.4252580664","0.892725657001322","0.892704140285648","25.35277248",
"1/24/1999","-63.4375","-7.02514982223511","82","32.651","23.031","21.46110012","0.724703810920532","0.917355956579819","17.21357334",
"1/25/1999","-63.4375","-7.02514982223511","82","32.264","22.87","14.10713532","1.10112278438261","0.864498527890636","21.52990764",
"1/26/1999","-63.4375","-7.02514982223511","82","29.606","22.315","7.216648344","1.26592619590517","0.898265844393911","18.1734723",
"1/27/1999","-63.4375","-7.02514982223511","82","33.498","22.416","10.17608832","0.772811001923237","0.905715667893874","23.20902846",
"1/28/1999","-63.4375","-7.02514982223511","82","29.363","23.002","5.256272448","0.934823810683879","0.914773035106955","20.804228712",
"1/29/1999","-63.4375","-7.02514982223511","82","30.865","23.132","21.11778","0.679104790797172","0.924168193133584","22.738554792",
"1/30/1999","-63.4375","-7.02514982223511","82","32.156","22.956","13.2213618","1.02631051511187","0.86688960317568","20.3043366",
"1/31/1999","-63.4375","-7.02514982223511","82","33.303","22.774","2.459907864","0.884637180490371","0.861200644521083","18.65626668",
"2/1/1999","-63.4375","-7.02514982223511","82","28.77","24.067","20.956422744","0.870756963476127","0.949078335984042","20.5182558",
"2/2/1999","-63.4375","-7.02514982223511","82","25.493","21.819","15.16112928","0.972212078166733","0.971566910809616","3.60585",
"2/3/1999","-63.4375","-7.02514982223511","82","26.493","21.506","7.635499308","0.710436468270195","0.956342135275067","9.94854348",
"2/4/1999","-63.4375","-7.02514982223511","82","28.046","21.466","2.42042508","0.843328193552461","0.921092668976618","15.4959804",
"2/5/1999","-63.4375","-7.02514982223511","82","25.648","20.656","7.35740208","0.946430554272565","0.965255744130306","9.468560088",
"2/6/1999","-63.4375","-7.02514982223511","82","28.39","22.087","14.707949544","0.740393461820054","0.936573872033521","18.37063116",
"2/7/1999","-63.4375","-7.02514982223511","82","30.412","22.686","19.507596624","0.623673129585477","0.943449512321628","21.650447232",
"2/8/1999","-63.4375","-7.02514982223511","82","29.162","22.647","6.9110834184","1.04865568568647","0.914082559054391","23.76253998",
"2/9/1999","-63.4375","-7.02514982223511","82","31.5","23.521","10.4816488464","1.04537709558566","0.89512023882808","22.541849352",
"2/10/1999","-63.4375","-7.02514982223511","82","28.613","23.592","25.6685274","0.774799588356774","0.945668805836669","23.670683568",
"2/11/1999","-63.4375","-7.02514982223511","82","28.561","23.574","33.5186136","0.548858116912255","0.951428700078087","14.23805247",
"2/12/1999","-63.4375","-7.02514982223511","82","31.457","23.104","5.2219402704","0.907168579990751","0.894382392799507","20.301359832",
"2/13/1999","-63.4375","-7.02514982223511","82","31.835","22.556","10.28251836","0.997352750218684","0.869553549910481","19.494388512",
"2/14/1999","-63.4375","-7.02514982223511","82","31.356","22.754","8.938407168","0.939142360912615","0.912926026194822","19.760064048",
"2/15/1999","-63.4375","-7.02514982223511","82","27.072","23.21","23.265267588","0.897799104538224","0.96544509077426","13.39087374",
"2/16/1999","-63.4375","-7.02514982223511","82","31.48","22.952","9.6576732","0.789388391511052","0.87638224085875","21.99734766",
"2/17/1999","-63.4375","-7.02514982223511","82","29.082","22.818","11.556246096","0.971853050032306","0.928225409023619","20.76277572",
"2/18/1999","-63.4375","-7.02514982223511","82","28.884","23.571","11.17515096","0.640151760011178","0.943824247122686","22.17791196",
"2/19/1999","-63.4375","-7.02514982223511","82","24.713","20.232","6.7892092848","1.30545065444081","0.971625806320388","5.14282446",
"2/20/1999","-63.4375","-7.02514982223511","82","32.388","20.312","3.0590071776","0.915815428257961","0.885886990769861","22.250760732",
"2/21/1999","-63.4375","-7.02514982223511","82","29.176","20.945","11.899565352","0.940414075931585","0.934329510488972","22.96535598",
"2/22/1999","-63.4375","-7.02514982223511","82","31.509","23.065","7.185746772","1.03277696203677","0.876503602763399","23.48071371",
"2/23/1999","-63.4375","-7.02514982223511","82","26.635","22.767","13.705447896","1.10200720438293","0.952501023217728","13.06974528",
"2/24/1999","-63.4375","-7.02514982223511","82","25.58","22.174","10.5880762728","0.661643953041841","0.965444901385871","10.695093732",
"2/25/1999","-63.4375","-7.02514982223511","82","31.809","21.648","5.3146382328","1.18256933153376","0.868785105055042","25.47978912",
"2/26/1999","-63.4375","-7.02514982223511","82","31.545","20.992","0.7450102944","0.605117163098213","0.875748942684758","16.47376704",
"2/27/1999","-63.4375","-7.02514982223511","82","29.779","20.542","6.375505608","0.65680805011466","0.911192271507754","25.407229608",
"2/28/1999","-63.4375","-7.02514982223511","82","30.393","22.723","6.94541376","1.05081824556317","0.895327253256819","21.64027572",
"3/1/1999","-63.4375","-7.02514982223511","82","29.61","22.787","3.3439669056","1.47116434094717","0.844798901387993","22.814436168",
"3/2/1999","-63.4375","-7.02514982223511","82","30.584","22.941","6.6381424632","1.29098671875302","0.868532004921576","22.53206376",
"3/3/1999","-63.4375","-7.02514982223511","82","28.406","23.513","26.57661444","0.83818924538373","0.943943528502514","23.274897912",
"3/4/1999","-63.4375","-7.02514982223511","82","27.588","23.405","22.824098244","0.789746393182672","0.959340666681568","21.2358366",
"3/5/1999","-63.4375","-7.02514982223511","82","27.261","23.109","47.787103116","0.761698696269431","0.967964347652263","11.67778035",
"3/6/1999","-63.4375","-7.02514982223511","82","28.991","20.596","29.35407348","1.18824316403594","0.864901250250372","18.87418143",
"3/7/1999","-63.4375","-7.02514982223511","82","31.511","20.163","1.053143064","0.735909525437317","0.826207356716475","18.190912392",
"3/8/1999","-63.4375","-7.02514982223511","82","27.412","22.255","1.9380557808","0.853738804620059","0.913032159364926","8.50668408",
"3/9/1999","-63.4375","-7.02514982223511","82","25.26","21.321","4.9026468744","0.710002335804938","0.969522502688326","2.943732438",
"3/10/1999","-63.4375","-7.02514982223511","82","30.139","20.808","0.3725048448","0.740314860305835","0.85264041646419","14.643511182",
"3/11/1999","-63.4375","-7.02514982223511","82","30.835","21.97","11.0532725712","0.969027242516955","0.919973041318911","17.90454366",
"3/12/1999","-63.4375","-7.02514982223511","82","28.769","22.463","2.308847616","0.822582127054631","0.92394509492438","12.795296562",
"3/13/1999","-63.4375","-7.02514982223511","82","32.934","23.013","5.5635422184","1.03964384962375","0.814493463431917","22.527890928",
"3/14/1999","-63.4375","-7.02514982223511","82","30.231","22.94","16.457176692","0.980936717010264","0.909378599571621","20.9712348",
"3/15/1999","-63.4375","-7.02514982223511","82","28.095","23.454","20.956422312","0.733775136533936","0.945456683500372","18.4799196",
"3/16/1999","-63.4375","-7.02514982223511","82","27.386","22.024","27.7542091728","0.697523037123458","0.960758029424601","22.975481592",
"3/17/1999","-63.4375","-7.02514982223511","82","28.42","23.227","16.3284317928","0.710985148722606","0.942149663327203","20.768177268",
"3/18/1999","-63.4375","-7.02514982223511","82","25.398","22.757","20.5976490768","0.871880195356694","0.972952101578779","3.02591268",
"3/19/1999","-63.4375","-7.02514982223511","82","26.258","22.303","6.5085438744","0.909929880490206","0.961616225107942","8.513437482",
"3/20/1999","-63.4375","-7.02514982223511","82","33.134","20.37","9.28001124","1.13307584163703","0.821770638431715","24.892880832",
"3/21/1999","-63.4375","-7.02514982223511","82","30.141","21.744","9.9117270864","0.985678214944809","0.871565498186628","15.4995795",
"3/22/1999","-63.4375","-7.02514982223511","82","30.347","21.883","7.5033198288","0.965041720296583","0.877746181282532","16.6927518",
"3/23/1999","-63.4375","-7.02514982223511","82","29.618","22.208","17.56095336","1.08609315490135","0.935784946837159","24.9031656",
"3/24/1999","-63.4375","-7.02514982223511","82","28.732","21.866","8.4380133384","0.507898578510935","0.949760877930854","11.3174973",
"3/25/1999","-63.4375","-7.02514982223511","82","32.213","23.465","12.131307684","0.793671782633301","0.913080244915314","19.449396",
"3/26/1999","-63.4375","-7.02514982223511","82","31.316","23.922","9.7623844128","1.1989566183098","0.906154108442214","25.53136542",
"3/27/1999","-63.4375","-7.02514982223511","82","33.375","22.084","0.5699161728","1.21982755185287","0.809403994548444","19.420475832",
"3/28/1999","-63.4375","-7.02514982223511","82","32.154","23.651","0.612831096","1.02046224087012","0.842756419959414","12.72369942",
"3/29/1999","-63.4375","-7.02514982223511","82","31.957","21.739","12.574196208","0.54420347513218","0.913600648642929","26.77506012",
"3/30/1999","-63.4375","-7.02514982223511","82","30.626","24.071","40.8176568","0.67865332953866","0.9423162387023","14.57167482",
"3/31/1999","-63.4375","-7.02514982223511","82","28.108","23.547","17.440796232","0.838713974371534","0.960227521929487","21.8121147",
"4/1/1999","-63.4375","-7.02514982223511","82","29.194","22.114","9.393312384","1.02355788627832","0.930256677121519","20.6978067",
"4/2/1999","-63.4375","-7.02514982223511","82","30.581","20.43","8.95213908","0.999932728751617","0.900263379313184","20.97826758",
"4/3/1999","-63.4375","-7.02514982223511","82","31.709","22.546","6.1077129912","1.25452618846156","0.867189776434738","20.28751596",
"4/4/1999","-63.4375","-7.02514982223511","82","32.075","21.501","2.34146178","1.06911593584154","0.886256486717972","10.22095692",
"4/5/1999","-63.4375","-7.02514982223511","82","31.239","22.773","3.786849792","1.05771692412401","0.891249657625378","19.7244531",
"4/6/1999","-63.4375","-7.02514982223511","82","30.471","22.377","23.75963856","0.991638944874104","0.88702299796444","25.3635696",
"4/7/1999","-63.4375","-7.02514982223511","82","27.715","22.199","19.73419452","0.788877060599368","0.955357499645593","20.16917208",
"4/8/1999","-63.4375","-7.02514982223511","82","29.694","20.98","15.4357919928","0.72220603486165","0.925797084187972","17.9800263",
"4/9/1999","-63.4375","-7.02514982223511","82","30.923","20.079","2.873611908","1.04942522041133","0.85866275781486","26.0475138",
"4/10/1999","-63.4375","-7.02514982223511","82","27.403","20.938","16.0228728","0.759326395580188","0.957439231108569","21.1037013",
"4/11/1999","-63.4375","-7.02514982223511","82","26.531","23.327","11.4961662","0.782921630773038","0.96596819009686","12.59010018",
"4/12/1999","-63.4375","-7.02514982223511","82","31.531","22.513","5.654529576","1.00702233125721","0.879917175805442","19.0180719",
"4/13/1999","-63.4375","-7.02514982223511","82","29.712","22.835","4.717252944","1.0119952168753","0.915674491048575","14.932858032",
"4/14/1999","-63.4375","-7.02514982223511","82","27.323","22.599","12.38365728","0.749310707262055","0.959235296200244","12.849696162",
"4/15/1999","-63.4375","-7.02514982223511","82","28.605","21.729","12.4557534864","1.14222049829398","0.936098864619229","24.98073534",
"4/16/1999","-63.4375","-7.02514982223511","82","29.441","22.947","3.438379368","0.868818242564975","0.927136509962322","10.13551974",
"4/17/1999","-63.4375","-7.02514982223511","82","24.395","18.481","11.0206584","1.61079776336055","0.976384176727584","3.46910508",
"4/18/1999","-63.4375","-7.02514982223511","82","21.326","16.234","2.1766662","1.39215658457094","0.926890757339771","6.138503172",
"4/19/1999","-63.4375","-7.02514982223511","82","30.418","18.715","5.681987316","1.01322950470989","0.885111735542043","25.53531354",
"4/20/1999","-63.4375","-7.02514982223511","82","28.872","20.373","11.31420096","0.714614823171183","0.937898667158042","21.3826986",
"4/21/1999","-63.4375","-7.02514982223511","82","28.011","21.863","13.473703512","0.739618514079036","0.949165539634932","19.0023255",
"4/22/1999","-63.4375","-7.02514982223511","82","31.471","21.461","3.378295764","0.668729385136054","0.891151233581842","17.1638973",
"4/23/1999","-63.4375","-7.02514982223511","82","33.632","20.941","4.068376344","0.991938971163047","0.805044069524999","23.4691857",
"4/24/1999","-63.4375","-7.02514982223511","82","29.887","21.178","8.404545384","0.932654025054101","0.903965010284354","17.7700986",
"4/25/1999","-63.4375","-7.02514982223511","82","30.71","21.294","5.6613973968","0.688849476564696","0.896928514965279","23.67039798",
"4/26/1999","-63.4375","-7.02514982223511","82","31.917","21.539","14.21355924","0.863046871222353","0.890332656478819","20.79168642",
"4/27/1999","-63.4375","-7.02514982223511","82","27.461","22.109","20.45173716","0.535884887662491","0.963539755046339","15.33128004",
"4/28/1999","-63.4375","-7.02514982223511","82","25.862","21.732","44.274907224","0.562140937042742","0.974610475224425","4.795481412",
"4/29/1999","-63.4375","-7.02514982223511","82","23.226","20.653","54.23298048","0.832257870433139","0.982497228372888","2.28442428",
"4/30/1999","-63.4375","-7.02514982223511","82","30.188","19.532","2.2247299512","0.772758670112455","0.893083827008802","19.7677656",
"5/1/1999","-63.4375","-7.02514982223511","82","26.766","21.384","14.2101252","0.894027234895302","0.962891505972399","20.23695414",
"5/2/1999","-63.4375","-7.02514982223511","82","27.959","22.971","7.7161807512","0.916252901588498","0.95086667684794","13.7162259",
"5/3/1999","-63.4375","-7.02514982223511","82","25.981","21.408","15.293323224","0.635735667196278","0.972297069883484","5.071560372",
"5/4/1999","-63.4375","-7.02514982223511","82","30.681","21.56","2.9972059704","0.937217400840981","0.901653844631501","16.671210732",
"5/5/1999","-63.4375","-7.02514982223511","82","27.292","22.324","14.268490812","0.872019997296461","0.950549317872981","19.05772752",
"5/6/1999","-63.4375","-7.02514982223511","82","25.77","22.291","9.55124136","0.472053006697889","0.973144809523448","5.6447451",
"5/7/1999","-63.4375","-7.02514982223511","82","29.898","20.762","9.6010193592","0.781649711030853","0.931708836125327","19.92903336",
"5/8/1999","-63.4375","-7.02514982223511","82","27.346","20.57","5.5360781856","0.756998660072556","0.95474322371828","17.382708",
"5/9/1999","-63.4375","-7.02514982223511","82","31.254","20.248","8.2946733624","0.677795637248813","0.904999927908136","16.6257495",
"5/10/1999","-63.4375","-7.02514982223511","82","28.1","21.231","6.815817432","0.64201695457125","0.949175086148873","8.0984844",
"5/11/1999","-63.4375","-7.02514982223511","82","26.467","21.994","13.290021684","0.839243425269188","0.964678622464591","13.27832208",
"5/12/1999","-63.4375","-7.02514982223511","82","26.023","21.272","10.50396408","0.805862360726438","0.9661333479859","11.474775",
"5/13/1999","-63.4375","-7.02514982223511","82","24.613","20.971","21.4714122264","0.664118086113012","0.978679974449881","4.05810486",
"5/14/1999","-63.4375","-7.02514982223511","82","27.549","21.448","6.795214488","0.727448067129068","0.948297031075285","14.0105871",
"5/15/1999","-63.4375","-7.02514982223511","82","28.806","22.827","8.02860516","0.868339463011471","0.937766611888971","18.1719009",
"5/16/1999","-63.4375","-7.02514982223511","82","26.552","18.974","23.735614788","0.860456030709736","0.942721068371548","8.37691965",
"5/17/1999","-63.4375","-7.02514982223511","82","27.153","18.683","12.6789132528","0.557975287354301","0.94901206529603","22.32674442",
"5/18/1999","-63.4375","-7.02514982223511","82","31.284","20.986","1.50375564","1.2006335289673","0.846198400571216","22.64444712",
"5/19/1999","-63.4375","-7.02514982223511","82","30.196","20.055","4.18510296","1.15317231831262","0.873217685563475","21.65523426",
"5/20/1999","-63.4375","-7.02514982223511","82","30.526","21.809","1.1655812808","0.846581449810828","0.887426776985282","11.08563696",
"5/21/1999","-63.4375","-7.02514982223511","82","28.713","21.523","1.270294452","0.95938866499117","0.875525817947221","7.3648116",
"5/22/1999","-63.4375","-7.02514982223511","82","29.126","20.51","7.290457308","1.07518057453823","0.901190772710786","16.9900866",
"5/23/1999","-63.4375","-7.02514982223511","82","30.912","21.829","7.3179269208","0.728526704199521","0.908600310352466","14.42581938",
"5/24/1999","-63.4375","-7.02514982223511","82","27.276","22.235","8.080105176","0.62575364842664","0.959788998515684","14.902542432",
"5/25/1999","-63.4375","-7.02514982223511","82","29.035","22.623","1.338100812","0.716065634130898","0.919268424130125","10.283789952",
"5/26/1999","-63.4375","-7.02514982223511","82","27.893","21.234","8.6225506704","0.859600989945591","0.948414635193784","18.7810353",
"5/27/1999","-63.4375","-7.02514982223511","82","30.379","21.808","0.0411987096","0.965687274960261","0.857826116138801","13.6835415",
"5/28/1999","-63.4375","-7.02514982223511","82","31.823","20.016","1.89685728","0.849233023623707","0.860598278636273","21.69517536",
"5/29/1999","-63.4375","-7.02514982223511","82","33.311","20.46","0.432586908","1.06307545665467","0.768134331362375","22.38266646",
"5/30/1999","-63.4375","-7.02514982223511","82","29.671","22.492","3.0246732","1.17429627807282","0.831414463984766","16.63458534",
"5/31/1999","-63.4375","-7.02514982223511","82","23.379","16.8","1.1175157368","1.54217477152143","0.919406989140281","4.03177482",
"6/1/1999","-63.4375","-7.02514982223511","82","29.333","16.305","0.0068664528","0.649321462315753","0.852595163700427","15.05137356",
"6/2/1999","-63.4375","-7.02514982223511","82","31.032","21.063","2.18181708","0.927533514043026","0.796767944116443","20.6018991",
"6/3/1999","-63.4375","-7.02514982223511","82","32.438","20.391","8.066369124","1.10935113534698","0.850456455863583","20.77059132",
"6/4/1999","-63.4375","-7.02514982223511","82","32.7","21.228","1.24111152","1.3904264496383","0.758391927777947","20.5070094",
"6/5/1999","-63.4375","-7.02514982223511","82","32.141","18.307","0","1.15616930682925","0.736203803144584","22.41528822",
"6/6/1999","-63.4375","-7.02514982223511","82","26.451","18.054","0.087547284","0.996914350524094","0.821007720200746","6.31277208",
"6/7/1999","-63.4375","-7.02514982223511","82","27.799","19.796","0.3725051544","1.22636564597745","0.880208171692486","9.57167694",
"6/8/1999","-63.4375","-7.02514982223511","82","30.299","18.571","0.0068664528","0.767935350604569","0.840471388405577","16.83320958",
"6/9/1999","-63.4375","-7.02514982223511","82","30.543","21.106","2.75773968","0.960885179947122","0.866282564317464","12.397211568",
"6/10/1999","-63.4375","-7.02514982223511","82","33.313","20.151","0","1.44556518135287","0.67885359851244","22.7065491",
"6/11/1999","-63.4375","-7.02514982223511","82","32.189","18.927","0.0102996864","1.23402397815704","0.628395045806755","22.2657165",
"6/12/1999","-63.4375","-7.02514982223511","82","33.145","20.056","0.0102996792","0.965523572082372","0.649747130086677","19.1814201",
"6/13/1999","-63.4375","-7.02514982223511","82","31.541","22.812","0.4214282544","0.730252466276312","0.779018400985916","7.07383638",
"6/14/1999","-63.4375","-7.02514982223511","82","34.847","21.088","0.1579286808","0.964929607504122","0.739874258553986","18.59214492",
"6/15/1999","-63.4375","-7.02514982223511","82","35.03","21.113","0.084114072","1.03402745532247","0.733108516966556","21.3858603",
"6/16/1999","-63.4375","-7.02514982223511","82","29.566","19.699","1.2084966","1.01439796999022","0.853078207772326","18.36967428",
"6/17/1999","-63.4375","-7.02514982223511","82","32.437","19.382","1.5732750024","0.727367802056855","0.817728722725649","14.288967252",
"6/18/1999","-63.4375","-7.02514982223511","82","34.302","19.878","0.0034332264","0.961659015192557","0.704177189615979","21.97895832",
"6/19/1999","-63.4375","-7.02514982223511","82","30.37","19.645","5.27858352","0.831651327901125","0.85747800071463","21.80548314",
"6/20/1999","-63.4375","-7.02514982223511","82","33.497","18.997","0","0.907441649550305","0.78382898404941","14.98719024",
"6/21/1999","-63.4375","-7.02514982223511","82","30.07","20.543","1.98097452","0.811978548609533","0.883272046186277","14.15705796",
"6/22/1999","-63.4375","-7.02514982223511","82","27.618","19.38","10.708243272","0.279605585818501","0.954701237047836","18.70796592",
"6/23/1999","-63.4375","-7.02514982223511","82","31.916","18.229","1.08833364","0.638743279259065","0.846150966713431","21.3672969",
"6/24/1999","-63.4375","-7.02514982223511","82","33.848","20.665","1.1269572264","1.0750682840111","0.766246981478634","22.18972518",
"6/25/1999","-63.4375","-7.02514982223511","82","33.807","21.461","3.7696825728","0.704235864974375","0.799422131409415","16.4444616",
"6/26/1999","-63.4375","-7.02514982223511","82","33.642","20.417","0","0.844459964611938","0.722485161731033","15.56083008",
"6/27/1999","-63.4375","-7.02514982223511","82","33.225","22.072","2.74314852","1.05980868826801","0.726535801467007","16.2849906",
"6/28/1999","-63.4375","-7.02514982223511","82","33.573","19.831","0.59738148","0.967544467038563","0.697635574900274","20.80074222",
"6/29/1999","-63.4375","-7.02514982223511","82","34.774","19.638","0.58193208","0.896067814918566","0.687654684602249","22.040496",
"6/30/1999","-63.4375","-7.02514982223511","82","34.013","18.855","0","0.956253088662047","0.685437220725481","22.62324294",
"7/1/1999","-63.4375","-7.02514982223511","82","34.859","20.381","0","0.836385320924772","0.671377434294202","20.04120198",
"7/2/1999","-63.4375","-7.02514982223511","82","34.749","21.933","0.96816978","1.07754202176002","0.732400297425912","22.38603534",
"7/3/1999","-63.4375","-7.02514982223511","82","30.111","20.805","3.21521652","0.769630456178565","0.804466622145266","14.05125288",
"7/4/1999","-63.4375","-7.02514982223511","82","30.701","20.226","2.39124348","1.27758286331892","0.792418059627881","22.0407228",
"7/5/1999","-63.4375","-7.02514982223511","82","28.393","19.972","0.1922607432","2.20241619350976","0.710534937896189","16.790350248",
"7/6/1999","-63.4375","-7.02514982223511","82","28.861","15.181","0","1.88635464774183","0.684160543180891","23.11216794",
"7/7/1999","-63.4375","-7.02514982223511","82","31.728","17.197","0","1.36792486360068","0.646426869737003","22.42535886",
"7/8/1999","-63.4375","-7.02514982223511","82","32.96","17.545","0","1.30422004201271","0.581177133901396","22.64625504",
"7/9/1999","-63.4375","-7.02514982223511","82","33.12","16.271","0","1.1353304522334","0.547520065087845","23.5883826",
"7/10/1999","-63.4375","-7.02514982223511","82","34.305","17.11","0","0.922682038664402","0.573588560758672","18.73227096",
"7/11/1999","-63.4375","-7.02514982223511","82","33.726","18.99","0","0.96615707323808","0.568180682035813","16.98013332",
"7/12/1999","-63.4375","-7.02514982223511","82","33.935","19.04","0","1.36415204062019","0.58213266290557","18.9617058",
"7/13/1999","-63.4375","-7.02514982223511","82","34.256","15.667","0","1.32978023610453","0.552925358588731","16.15804002",
"7/14/1999","-63.4375","-7.02514982223511","82","32.808","17.781","0","0.998603043341153","0.64502954961353","16.0778781",
"7/15/1999","-63.4375","-7.02514982223511","82","33.131","17.917","0","1.00613710304527","0.674491387989355","13.671398088",
"7/16/1999","-63.4375","-7.02514982223511","82","34.29","19.792","0","1.40747311282536","0.536411714361249","23.59777392",
"7/17/1999","-63.4375","-7.02514982223511","82","34.207","16.075","0","1.34564801384808","0.453192979059041","24.391244808",
"7/18/1999","-63.4375","-7.02514982223511","82","35.549","15.188","0","1.05528189760528","0.531642544216115","24.12478026",
"7/19/1999","-63.4375","-7.02514982223511","82","34.359","19.033","0","1.5101848642347","0.469907825646866","19.7008911",
"7/20/1999","-63.4375","-7.02514982223511","82","35.559","13.998","0","1.03062319828245","0.53597827216855","24.22069056",
"7/21/1999","-63.4375","-7.02514982223511","82","35.623","15.004","0","1.05688572965798","0.472628090776329","21.51089838",
"7/22/1999","-63.4375","-7.02514982223511","82","31.321","20.889","0.0205993656","1.04894008058777","0.662662678164461","11.858906268",
"7/23/1999","-63.4375","-7.02514982223511","82","34.53","18.728","0","1.37278803010374","0.606239028385818","8.109111708",
"7/24/1999","-63.4375","-7.02514982223511","82","35.846","23.802","0","1.37221738593979","0.454329336600468","22.3397424",
"7/25/1999","-63.4375","-7.02514982223511","82","35.575","21.706","0","1.21793124300515","0.432837866080103","22.571719632",
"7/26/1999","-63.4375","-7.02514982223511","82","35.482","21.507","0","0.980664144321952","0.500721967973939","12.717781092",
"7/27/1999","-63.4375","-7.02514982223511","82","34.987","17.215","0","1.27914572712562","0.53791822049954","19.61111295",
"7/28/1999","-63.4375","-7.02514982223511","82","34.837","17.111","0","1.01521298118888","0.553087373842119","16.72470036",
"7/29/1999","-63.4375","-7.02514982223511","82","37.763","14.974","0","0.617159216770821","0.648947676777996","24.7901598",
"7/30/1999","-63.4375","-7.02514982223511","82","38.472","16.242","0","0.956082505145354","0.43938103407644","24.693129288",
"7/31/1999","-63.4375","-7.02514982223511","82","35.738","19.616","0","1.71328726113535","0.393462354662983","25.231384872",
"8/1/1999","-63.4375","-7.02514982223511","82","35.629","18.039","0","1.45893293333861","0.387603038843809","25.51185594",
"8/2/1999","-63.4375","-7.02514982223511","82","34.738","20.57","0","1.89896838991254","0.35212161026035","25.15387914",
"8/3/1999","-63.4375","-7.02514982223511","82","36.381","16.507","0","1.31869687276363","0.473964528896485","25.316044128",
"8/4/1999","-63.4375","-7.02514982223511","82","38.656","17.041","0","0.995051669122006","0.408234131184904","25.10381664",
"8/5/1999","-63.4375","-7.02514982223511","82","38.944","19.87","0","0.790523487836912","0.423835045673339","25.058647728",
"8/6/1999","-63.4375","-7.02514982223511","82","37.656","21.606","0","1.30155523456669","0.424767182955458","23.15109312",
"8/7/1999","-63.4375","-7.02514982223511","82","35.634","24.027","0","1.10669367766735","0.513696087297267","14.96637342",
"8/8/1999","-63.4375","-7.02514982223511","82","36.327","20.977","0","1.73955809224428","0.495152932172676","25.303894128",
"8/9/1999","-63.4375","-7.02514982223511","82","36.342","19.351","0","1.63234711080917","0.394689061572322","24.877297008",
"8/10/1999","-63.4375","-7.02514982223511","82","36.54","17.761","0","1.21477938995982","0.498760926238922","22.98267702",
"8/11/1999","-63.4375","-7.02514982223511","82","38.112","18.563","0","1.04639203092385","0.411915089925374","13.093765542",
"8/12/1999","-63.4375","-7.02514982223511","82","38.435","23.593","0","1.19767921847982","0.449031124250013","15.19599384",
"8/13/1999","-63.4375","-7.02514982223511","82","38.194","21.377","0","1.23048849474393","0.59344199643233","16.569113472",
"8/14/1999","-63.4375","-7.02514982223511","82","35.157","19.802","0","2.59701529589168","0.518037412495516","24.88151502",
"8/15/1999","-63.4375","-7.02514982223511","82","27.987","16.445","0","2.97035138501546","0.404730841865555","19.25054415",
"8/16/1999","-63.4375","-7.02514982223511","82","29.408","13.634","0","1.87431084932858","0.340214959109007","26.55658224",
"8/17/1999","-63.4375","-7.02514982223511","82","33.662","13.17","0","1.37520834107579","0.370308962955948","26.58369618",
"8/18/1999","-63.4375","-7.02514982223511","82","37.22","12.673","0","0.897054217487199","0.502406484985429","26.52659784",
"8/19/1999","-63.4375","-7.02514982223511","82","37.583","13.403","0","1.09692035769132","0.51869634795738","23.169146328",
"8/20/1999","-63.4375","-7.02514982223511","82","38.272","17.468","0","1.28371743759487","0.370437884113976","25.568885232",
"8/21/1999","-63.4375","-7.02514982223511","82","39.674","24.164","0","1.17275000527663","0.347376301800807","26.21688651",
"8/22/1999","-63.4375","-7.02514982223511","82","37.423","18.763","0","1.48252672563567","0.417915586266415","23.752069272",
"8/23/1999","-63.4375","-7.02514982223511","82","37.477","21.173","0","1.62643954430721","0.331386587193948","26.714422368",
"8/24/1999","-63.4375","-7.02514982223511","82","38.71","20.041","0","1.40791811598534","0.296003938892023","27.055571472",
"8/25/1999","-63.4375","-7.02514982223511","82","39.887","24.674","0","1.29411469735645","0.253353874249555","21.967871868",
"8/26/1999","-63.4375","-7.02514982223511","82","38.837","19.839","0","0.938160404317252","0.341159520886906","19.35613368",
"8/27/1999","-63.4375","-7.02514982223511","82","40.951","17.314","0","1.18603250342198","0.387757570753677","24.60779784",
"8/28/1999","-63.4375","-7.02514982223511","82","39.747","22.674","0","1.35896587878305","0.467648214452048","16.75929888",
"8/29/1999","-63.4375","-7.02514982223511","82","40.71","20.561","0","1.06787752513043","0.392762798739892","18.439314912",
"8/30/1999","-63.4375","-7.02514982223511","82","38.074","23.465","0","1.23050707773778","0.453412147598571","22.04668224",
"8/31/1999","-63.4375","-7.02514982223511","82","39.706","24.383","0","1.37578015065096","0.435542482022978","17.351274888",
"9/1/1999","-63.4375","-7.02514982223511","82","39.506","19.133","0","1.19949721062696","0.464890711277787","24.810419952",
"9/2/1999","-63.4375","-7.02514982223511","82","39.279","24.71","0","1.27455965766734","0.463463825630261","19.354672872",
"9/3/1999","-63.4375","-7.02514982223511","82","38.255","21.389","0.041198724","1.1135886035863","0.486198956769939","18.08178804",
"9/4/1999","-63.4375","-7.02514982223511","82","38.136","23.293","0","1.22333879138555","0.492878555059963","18.23528826",
"9/5/1999","-63.4375","-7.02514982223511","82","40.865","24.143","0","1.46140073235966","0.407290455463081","21.87523422",
"9/6/1999","-63.4375","-7.02514982223511","82","41.287","26.97","0.065231352","1.74113861852787","0.405795323848694","25.51798242",
"9/7/1999","-63.4375","-7.02514982223511","82","34.757","23.075","0.6471636264","1.4958098144561","0.632308903604011","10.8655326",
"9/8/1999","-63.4375","-7.02514982223511","82","41.151","24.046","0.1321794","0.888133987971803","0.514485111733183","12.946330008",
"9/9/1999","-63.4375","-7.02514982223511","82","40.947","22.337","0","0.803599826683503","0.477330882748909","13.415121522",
"9/10/1999","-63.4375","-7.02514982223511","82","41.879","19.168","0","1.23022059013627","0.321135778320207","25.342482528",
"9/11/1999","-63.4375","-7.02514982223511","82","37.849","20.296","0.0429153264","1.42932652515514","0.380397941681549","17.26976673",
"9/12/1999","-63.4375","-7.02514982223511","82","40.436","20.938","0.0394821","1.11962081874388","0.4183448561905","14.659712352",
"9/13/1999","-63.4375","-7.02514982223511","82","42.44","23.845","2.6933695992","1.0894463295041","0.450600694806542","23.3141139",
"9/14/1999","-63.4375","-7.02514982223511","82","36.818","22.003","0.823974912","0.915615634546751","0.685615640726634","13.534371",
"9/15/1999","-63.4375","-7.02514982223511","82","39.355","21.253","0.0411987024","0.950960502942201","0.491597028220485","9.234674208",
"9/16/1999","-63.4375","-7.02514982223511","82","34.281","21.848","2.48394132","1.46229897863552","0.687030891858119","14.800382028",
"9/17/1999","-63.4375","-7.02514982223511","82","33.557","23.475","0.058364856","2.0284738376205","0.594809607964327","23.40016992",
"9/18/1999","-63.4375","-7.02514982223511","82","36.567","22.424","0.45661932","0.912836905950425","0.633974004900402","15.46025292",
"9/19/1999","-63.4375","-7.02514982223511","82","35.918","22.307","1.3149271728","1.13908903236886","0.665420936321287","18.365455728",
"9/20/1999","-63.4375","-7.02514982223511","82","39.283","22.977","3.22551396","1.41220529799735","0.609870646743862","17.465680872",
"9/21/1999","-63.4375","-7.02514982223511","82","37.54","22.825","0","1.19959638964144","0.499282783660306","21.333316608",
"9/22/1999","-63.4375","-7.02514982223511","82","31.793","22.972","0.789642396","1.44109889943386","0.664631953431973","9.0855612",
"9/23/1999","-63.4375","-7.02514982223511","82","36.202","21.418","0.056648268","1.27413565870603","0.597430484539467","17.05511466",
"9/24/1999","-63.4375","-7.02514982223511","82","25.625","19.583","2.3431772736","1.04409862768252","0.871849324334961","6.30033552",
"9/25/1999","-63.4375","-7.02514982223511","82","37.931","18.901","0","1.10139514894932","0.638696303841936","18.25149204",
"9/26/1999","-63.4375","-7.02514982223511","82","36.561","22.963","0","1.06615614753608","0.521312798344589","20.07910944",
"9/27/1999","-63.4375","-7.02514982223511","82","31.554","22.891","1.45053882","1.54130894995785","0.656821642813213","19.81687788",
"9/28/1999","-63.4375","-7.02514982223511","82","35.834","20.11","0","1.32386854278147","0.611318808997332","21.45121236",
"9/29/1999","-63.4375","-7.02514982223511","82","35.759","21.442","0.1819609704","1.31014523095962","0.615692687872136","17.88103188",
"9/30/1999","-63.4375","-7.02514982223511","82","37.397","21.745","0.2952576","1.22312655576188","0.620698617792099","16.195334688",
"10/1/1999","-63.4375","-7.02514982223511","82","39.029","21.617","0","1.45983824286264","0.551363771177228","20.46465162",
"10/2/1999","-63.4375","-7.02514982223511","82","38.467","21.08","0.284958036","0.939974399395873","0.63361659875619","14.74571376",
"10/3/1999","-63.4375","-7.02514982223511","82","36.165","20.707","0","1.57756156622831","0.544656640994259","17.47726632",
"10/4/1999","-63.4375","-7.02514982223511","82","33.378","21.125","0","3.06081575810845","0.478213382296155","28.49753916",
"10/5/1999","-63.4375","-7.02514982223511","82","34.758","18.998","0","1.71192538280131","0.496916677762323","28.20593916",
"10/6/1999","-63.4375","-7.02514982223511","82","36.496","19.698","0","1.21816128981048","0.45727293570264","19.61364528",
"10/7/1999","-63.4375","-7.02514982223511","82","33.741","19.635","0.954438372","1.47209353517669","0.614081292047101","13.00184604",
"10/8/1999","-63.4375","-7.02514982223511","82","38.816","23.19","0.343323","1.36318429332693","0.551513132454239","18.56244348",
"10/9/1999","-63.4375","-7.02514982223511","82","43.044","25.192","0","1.32001542087881","0.439924336515441","19.26714618",
"10/10/1999","-63.4375","-7.02514982223511","82","40.189","20.098","0","1.12503555921471","0.521304403196142","22.81134996",
"10/11/1999","-63.4375","-7.02514982223511","82","41.717","23.076","0","1.49244656366756","0.377876457514869","25.30366614",
"10/12/1999","-63.4375","-7.02514982223511","82","39.552","25.155","0","1.02402452501407","0.475221195857045","16.50813066",
"10/13/1999","-63.4375","-7.02514982223511","82","40.261","26.922","0","1.19242318987744","0.357448406994378","20.20438044",
"10/14/1999","-63.4375","-7.02514982223511","82","41.42","21.728","0","1.491140478285","0.374896876456246","19.3754826",
"10/15/1999","-63.4375","-7.02514982223511","82","38.926","22.435","0.0738143784","1.58559124204496","0.424636987226612","18.81579204",
"10/16/1999","-63.4375","-7.02514982223511","82","36.811","24.616","0.1991270808","1.82295488918977","0.461597198941247","20.5149366",
"10/17/1999","-63.4375","-7.02514982223511","82","40.288","22.745","0.3381731064","1.19816186383962","0.602870115352337","17.17160544",
"10/18/1999","-63.4375","-7.02514982223511","82","40.674","22.029","0","1.00104988101997","0.506213722760571","17.95725144",
"10/19/1999","-63.4375","-7.02514982223511","82","39.686","23.651","0.122737788","0.987858963010673","0.485569430776578","17.45375868",
"10/20/1999","-63.4375","-7.02514982223511","82","40.811","23.206","0.434303496","1.25298033620843","0.449978841471512","20.59497972",
"10/21/1999","-63.4375","-7.02514982223511","82","43.75","21.304","0.0909805464","1.08382428489732","0.427499740825008","28.26781416",
"10/22/1999","-63.4375","-7.02514982223511","82","41.551","21.721","0","1.36037394512218","0.375376126299313","24.39466848",
"10/23/1999","-63.4375","-7.02514982223511","82","40.808","20.189","0","0.984952081500737","0.460491946107407","17.68618152",
"10/24/1999","-63.4375","-7.02514982223511","82","35.865","24.317","0","1.242201528628","0.457329026504765","11.1673665",
"10/25/1999","-63.4375","-7.02514982223511","82","42.828","24.786","0","1.45197851369017","0.383345753423276","18.48200544",
"10/26/1999","-63.4375","-7.02514982223511","82","38.255","24.205","0","1.72650244643275","0.407176946577869","23.98798548",
"10/27/1999","-63.4375","-7.02514982223511","82","38.454","24.128","0.01373292","1.08991264144111","0.459920722968749","19.8894393",
"10/28/1999","-63.4375","-7.02514982223511","82","39.321","21.859","0.7175448","0.996009290715468","0.519843933460974","21.7915866",
"10/29/1999","-63.4375","-7.02514982223511","82","35.501","26.175","0","1.72207880575025","0.484603181039169","12.68161812",
"10/30/1999","-63.4375","-7.02514982223511","82","38.522","24.269","0.489234744","1.37442752620209","0.557951383441103","15.689925",
"10/31/1999","-63.4375","-7.02514982223511","82","36.436","22.733","3.380013","1.50129869472995","0.671482571884927","13.312178748",
"11/1/1999","-63.4375","-7.02514982223511","82","35.616","21.605","0","1.62697162179402","0.570433804540389","19.07983224",
"11/2/1999","-63.4375","-7.02514982223511","82","38.579","23.932","0.01373292","1.38224616701013","0.553061769451563","16.13132172",
"11/3/1999","-63.4375","-7.02514982223511","82","40.485","23.401","3.8246139864","1.25793625602167","0.572478039282885","20.16028062",
"11/4/1999","-63.4375","-7.02514982223511","82","38.163","22.819","1.9947024","1.19532821110831","0.59997571371273","20.91746124",
"11/5/1999","-63.4375","-7.02514982223511","82","40.317","23.169","6.024459672","1.33792387856219","0.744539879077085","14.6964303",
"11/6/1999","-63.4375","-7.02514982223511","82","34.475","22.202","2.614404672","1.39985056856546","0.788182936529664","14.25318354",
"11/7/1999","-63.4375","-7.02514982223511","82","36.837","21.704","1.16043084","1.00224780946251","0.62211688637309","14.15413062",
"11/8/1999","-63.4375","-7.02514982223511","82","37.394","23.339","0.566482716","1.13048884766119","0.566906634881619","15.93354258",
"11/9/1999","-63.4375","-7.02514982223511","82","36.468","22.959","0.770760108","1.65320553264052","0.647899807177038","18.70862958",
"11/10/1999","-63.4375","-7.02514982223511","82","33.355","21.093","0.59223168","2.49232220069247","0.66169059791208","18.25300944",
"11/11/1999","-63.4375","-7.02514982223511","82","36.9","20.217","0","1.55061340701048","0.582791402168332","21.27290688",
"11/12/1999","-63.4375","-7.02514982223511","82","39.777","23.221","0","0.9622118223636","0.59706561077567","15.64340292",
"11/13/1999","-63.4375","-7.02514982223511","82","37.649","22.114","2.0118700008","1.23170346556687","0.679955496180196","14.45107608",
"11/14/1999","-63.4375","-7.02514982223511","82","30.465","22.084","5.1446953728","1.233052991179","0.802583569622542","11.86104312",
"11/15/1999","-63.4375","-7.02514982223511","82","30.948","21.765","5.1687250128","1.08466638647886","0.820164872987956","22.90804002",
"11/16/1999","-63.4375","-7.02514982223511","82","35.445","21.484","4.07438424","1.10285506888713","0.763888672526684","23.24153826",
"11/17/1999","-63.4375","-7.02514982223511","82","38.006","23.032","1.0866168","1.03754066716174","0.667179714051002","18.35656596",
"11/18/1999","-63.4375","-7.02514982223511","82","32.95","21.574","8.88347754","0.994543417143357","0.810098939776558","24.73205274",
"11/19/1999","-63.4375","-7.02514982223511","82","37.011","22.409","1.4659878384","0.910454007218466","0.746933476900812","14.77226304",
"11/20/1999","-63.4375","-7.02514982223511","82","30.651","23.264","6.14719746","1.0173345648674","0.849335434522895","15.6536451",
"11/21/1999","-63.4375","-7.02514982223511","82","36.188","22.955","1.74150288","1.16903753071118","0.649204667082684","18.7679241",
"11/22/1999","-63.4375","-7.02514982223511","82","35.306","23.135","4.25720124","1.15165903604312","0.684359364034918","17.18646282",
"11/23/1999","-63.4375","-7.02514982223511","82","33.158","22.472","8.6792013648","1.34958622628882","0.790633573536872","21.9184857",
"11/24/1999","-63.4375","-7.02514982223511","82","32.432","22.007","97.438479372","1.13542494736424","0.800523154451247","16.7830308",
"11/25/1999","-63.4375","-7.02514982223511","82","32.155","21.631","3.6057456","1.40613234897758","0.752416613479342","20.2024206",
"11/26/1999","-63.4375","-7.02514982223511","82","28.555","22.64","18.36690516","1.1284792433857","0.905106761989796","21.25867842",
"11/27/1999","-63.4375","-7.02514982223511","82","34.945","22.274","0.460052568","1.21452065759226","0.762804460831078","11.86953768",
"11/28/1999","-63.4375","-7.02514982223511","82","36.76","22.966","0.9424217376","0.928706023078342","0.729265559016053","13.81066776",
"11/29/1999","-63.4375","-7.02514982223511","82","33.717","21.296","0.858307104","1.12276818900858","0.720853884308821","20.00631852",
"11/30/1999","-63.4375","-7.02514982223511","82","33.285","20.961","6.772902732","0.997343503075546","0.791852192250803","26.58622104",
"12/1/1999","-63.4375","-7.02514982223511","82","28.376","22.406","4.315566312","0.913900670144607","0.886362205647118","8.39418426",
"12/2/1999","-63.4375","-7.02514982223511","82","35.778","21.752","0.69351228","0.806754334829576","0.688484385763485","17.62008858",
"12/3/1999","-63.4375","-7.02514982223511","82","39.025","23.041","0","1.07810226830784","0.569827259139985","14.55456924",
"12/4/1999","-63.4375","-7.02514982223511","82","36.507","22.45","12.47634738","1.42156219999251","0.770072298068223","20.4876594",
"12/5/1999","-63.4375","-7.02514982223511","82","28.637","24.437","14.821245396","0.917292850278684","0.923282296880267","20.8062531",
"12/6/1999","-63.4375","-7.02514982223511","82","31.868","23.048","2.8804788","1.43091451344751","0.82886741524228","20.5075179",
"12/7/1999","-63.4375","-7.02514982223511","82","36.038","21.841","6.5265641856","1.55335278773377","0.820835122945518","15.35641794",
"12/8/1999","-63.4375","-7.02514982223511","82","35.312","22.149","1.0196686728","1.40829131598709","0.750024913372801","19.0204308",
"12/9/1999","-63.4375","-7.02514982223511","82","33.77","23.074","13.58528256","0.948095670569373","0.868559690211085","20.2616433",
"12/10/1999","-63.4375","-7.02514982223511","82","31.561","22.783","12.0592115064","1.01448701212115","0.905121943241217","22.6824192",
"12/11/1999","-63.4375","-7.02514982223511","82","28.945","22.063","49.36295538","0.888263874015133","0.913917690944372","8.57716794",
"12/12/1999","-63.4375","-7.02514982223511","82","36.645","21.766","0.5149860264","1.19695556275304","0.73732206274821","16.72750656",
"12/13/1999","-63.4375","-7.02514982223511","82","37.135","21.668","0.0617980968","1.19438917366893","0.692648453995868","19.6486308",
"12/14/1999","-63.4375","-7.02514982223511","82","35.044","22.145","2.14233408","1.07179224544104","0.793561366740968","13.0641201",
"12/15/1999","-63.4375","-7.02514982223511","82","38.45","22.086","0","0.980545157990279","0.650297533529519","17.74231668",
"12/16/1999","-63.4375","-7.02514982223511","82","32.322","22.685","9.444805704","1.20383251278947","0.819525407558703","22.4215857",
"12/17/1999","-63.4375","-7.02514982223511","82","35.337","23.81","0.9372713328","1.05132142940928","0.760786224355201","18.535502448",
"12/18/1999","-63.4375","-7.02514982223511","82","35.041","23.545","4.43916324","1.37036398306299","0.814509852574334","11.22265836",
"12/19/1999","-63.4375","-7.02514982223511","82","31.348","24.508","13.0119327864","0.835185150049845","0.922271508813921","19.96649748",
"12/20/1999","-63.4375","-7.02514982223511","82","29.202","24.251","2.478788784","1.08821964526192","0.868532087358925","9.58421052",
"12/21/1999","-63.4375","-7.02514982223511","82","25.845","22.749","3.278733624","0.760209087131966","0.926834311264433","4.275898848",
"12/22/1999","-63.4375","-7.02514982223511","82","23.37","22.081","29.99953692","0.518443077680763","0.97053157848304","1.38830706",
"12/23/1999","-63.4375","-7.02514982223511","82","23.162","22.233","91.1796768","1.44174022235598","0.980778774898699","1.51385616",
"12/24/1999","-63.4375","-7.02514982223511","82","23.509","21.182","22.44987432","1.09767102472235","0.975950387813325","2.14149294",
"12/25/1999","-63.4375","-7.02514982223511","82","23.295","21.854","16.762733388","0.931150614704019","0.976133336196048","1.87166322",
"12/26/1999","-63.4375","-7.02514982223511","82","23.652","21.211","7.917023088","0.651534935412086","0.972102427320062","2.01903858",
"12/27/1999","-63.4375","-7.02514982223511","82","29.787","20.182","1.28746044","0.856810372627002","0.804943225164589","12.43057662",
"12/28/1999","-63.4375","-7.02514982223511","82","34.544","18.818","0","1.21401765066483","0.679917679913238","16.29269928",
"12/29/1999","-63.4375","-7.02514982223511","82","36.281","21.593","0","1.12440184120481","0.650759180208545","16.4109357",
"12/30/1999","-63.4375","-7.02514982223511","82","29.21","21.997","3.034970424","1.28614780912416","0.795966722879432","9.577291968",
"12/31/1999","-63.4375","-7.02514982223511","82","36.012","19.13","0","0.767447211514133","0.695018955790309","18.74115252",
"1/1/2000","-63.4375","-7.02514982223511","82","33.361","23.268","3.33366516","1.70517890896273","0.744048578301287","25.7594661",
"1/2/2000","-63.4375","-7.02514982223511","82","30.333","21.382","2.2281662664","1.15522167035769","0.843380413714622","15.61274208",
"1/3/2000","-63.4375","-7.02514982223511","82","28.614","19.63","10.577772432","1.02184329142631","0.880470168753941","6.04085544",
"1/4/2000","-63.4375","-7.02514982223511","82","32.783","19.763","0.33988932","1.25454244968147","0.731763219490981","17.42253372",
"1/5/2000","-63.4375","-7.02514982223511","82","37.661","20.929","0","1.24365518643012","0.593348731891488","20.67238548",
"1/6/2000","-63.4375","-7.02514982223511","82","26.39","18.59","2.3586286104","0.935229225380891","0.871665439707621","7.79770854",
"1/7/2000","-63.4375","-7.02514982223511","82","35.777","20.432","1.10549916","1.25364729969712","0.778800702138108","17.04341232",
"1/8/2000","-63.4375","-7.02514982223511","82","36.375","21.661","2.200699296","0.856723241473132","0.765667919907886","13.42760868",
"1/9/2000","-63.4375","-7.02514982223511","82","32.26","21.509","2.612682972","1.65164627922103","0.779206876740827","19.61713332",
"1/10/2000","-63.4375","-7.02514982223511","82","31.971","21.711","4.809954276","1.62389900023146","0.83540979041912","20.878260552",
"1/11/2000","-63.4375","-7.02514982223511","82","27.529","22.137","13.10635476","1.0932475828179","0.953282141131936","16.37729928",
"1/12/2000","-63.4375","-7.02514982223511","82","33.717","22.495","0.94413744","1.27532879292532","0.764208454698184","21.816953928",
"1/13/2000","-63.4375","-7.02514982223511","82","31.202","21.387","8.72726742","1.13492790112162","0.872513173595033","27.13055742",
"1/14/2000","-63.4375","-7.02514982223511","82","28.868","23.023","20.25603864","1.59582079996665","0.92150683691936","24.21589896",
"1/15/2000","-63.4375","-7.02514982223511","82","25.398","22.757","5.179022388","0.853350274359751","0.958698025826428","5.060812032",
"1/16/2000","-63.4375","-7.02514982223511","82","27.577","20.572","1.2496946184","1.29448648927968","0.909940327480138","9.93622968",
"1/17/2000","-63.4375","-7.02514982223511","82","35.166","18.895","3.9070141704","0.913931015729289","0.813100425098293","19.7553357",
"1/18/2000","-63.4375","-7.02514982223511","82","23.101","20.692","163.6859916","1.38783347459855","0.979192107781214","1.3959",
"1/19/2000","-63.4375","-7.02514982223511","82","34.15","20.054","0.9990692064","0.779148261574426","0.793888646606739","16.987662",
"1/20/2000","-63.4375","-7.02514982223511","82","30.859","21.764","17.7154573104","0.90212904446147","0.902202352519515","26.4718692",
"1/21/2000","-63.4375","-7.02514982223511","82","28.462","23.451","9.0465576984","0.920245340246043","0.939134061402657","21.486593088",
"1/22/2000","-63.4375","-7.02514982223511","82","31.792","22.852","12.5982284184","0.911364458295639","0.924264867359033","23.550073632",
"1/23/2000","-63.4375","-7.02514982223511","82","24.159","22.3","21.7254627864","0.647132584489613","0.977703906571114","2.020275",
"1/24/2000","-63.4375","-7.02514982223511","82","24.137","20.977","17.5815577512","0.634131654959417","0.97933355180791","1.87554402",
"1/25/2000","-63.4375","-7.02514982223511","82","32.41","21.493","1.29776004","0.902963779647304","0.84569277380318","17.539758",
"1/26/2000","-63.4375","-7.02514982223511","82","28.209","22.823","46.9614206664","0.89901777076827","0.940758350791349","20.740444632",
"1/27/2000","-63.4375","-7.02514982223511","82","26.772","21.534","65.00989908","0.731117312523853","0.962731235160039","16.1726706",
"1/28/2000","-63.4375","-7.02514982223511","82","31.865","21.797","8.2740819024","0.558362388809712","0.907788594253298","18.20126628",
"1/29/2000","-63.4375","-7.02514982223511","82","27.286","23.134","16.352459892","0.727069687270027","0.962248269155817","16.690054302",
"1/30/2000","-63.4375","-7.02514982223511","82","27.89","22.317","23.0266856376","0.809059844900868","0.937528686273735","8.38372968",
"1/31/2000","-63.4375","-7.02514982223511","82","31.605","21.465","2.33459658","1.33113946302415","0.867817312434704","18.25425234",
"2/1/2000","-63.4375","-7.02514982223511","82","34.237","21.421","2.44445616","1.11654397028917","0.767433088716504","27.72139914",
"2/2/2000","-63.4375","-7.02514982223511","82","36.105","22.066","18.5394279528","0.872555633741381","0.813013583927838","25.53035562",
"2/3/2000","-63.4375","-7.02514982223511","82","29.093","23.353","31.427748972","0.913401384777572","0.937086106392177","16.268124312",
"2/4/2000","-63.4375","-7.02514982223511","82","28.228","23.685","17.088887484","0.562804899500909","0.94905128190027","18.75234384",
"2/5/2000","-63.4375","-7.02514982223511","82","24.837","22.835","21.22077636","0.490732116421898","0.972635412492751","4.37472972",
"2/6/2000","-63.4375","-7.02514982223511","82","24.763","22.448","28.2279996","0.847084252853423","0.976342303354456","3.50549802",
"2/7/2000","-63.4375","-7.02514982223511","82","26.328","22.142","5.1979038264","0.802408049285719","0.940014072974485","9.88255872",
"2/8/2000","-63.4375","-7.02514982223511","82","31.001","21.279","4.6966572504","0.951062615591246","0.870283238979597","20.97821448",
"2/9/2000","-63.4375","-7.02514982223511","82","30.73","22","1.3217927184","1.27926865813274","0.820127564057977","18.70667388",
"2/10/2000","-63.4375","-7.02514982223511","82","34.724","22.644","0.2935409256","1.29223170209042","0.720459112037082","20.383087464",
"2/11/2000","-63.4375","-7.02514982223511","82","31.878","23.044","11.530499544","1.49450201336301","0.882211725709753","16.33528206",
"2/12/2000","-63.4375","-7.02514982223511","82","31.3","22.519","3.8898464328","1.56215536982876","0.85287131529437","24.468694488",
"2/13/2000","-63.4375","-7.02514982223511","82","28.653","22.169","13.9869751392","1.03959027049702","0.927745350681309","13.74170688",
"2/14/2000","-63.4375","-7.02514982223511","82","26.711","21.745","18.9136494","1.16476968778448","0.900251830410782","7.115909832",
"2/15/2000","-63.4375","-7.02514982223511","82","27.567","21.727","27.606566412","0.692729183327109","0.949569417688146","13.001572512",
"2/16/2000","-63.4375","-7.02514982223511","82","24.95","20.807","16.618539564","0.65100224886404","0.966047944864137","8.0791866",
"2/17/2000","-63.4375","-7.02514982223511","82","29.582","19.035","4.1267397024","0.942325692271237","0.876336392758785","21.983966568",
"2/18/2000","-63.4375","-7.02514982223511","82","26.1","21.231","12.8299733064","1.30088178081069","0.963439633992289","11.62608498",
"2/19/2000","-63.4375","-7.02514982223511","82","29.768","20.234","2.0238876576","1.05227425656294","0.862408802666678","21.9803652",
"2/20/2000","-63.4375","-7.02514982223511","82","28.515","21.281","8.8233966","1.0075092450307","0.929864744516029","22.406682888",
"2/21/2000","-63.4375","-7.02514982223511","82","30.005","22.329","5.5240634304","1.42684181934674","0.918235854520055","10.6157223",
"2/22/2000","-63.4375","-7.02514982223511","82","31.165","21.129","4.4597620584","0.522150575520647","0.865401768463126","23.210997768",
"2/23/2000","-63.4375","-7.02514982223511","82","30.564","22.763","19.52476182","0.92772265718833","0.88319314528653","16.25546871",
"2/24/2000","-63.4375","-7.02514982223511","82","32.64","22.182","11.374283412","0.912275716104096","0.889393240098756","19.63473795",
"2/25/2000","-63.4375","-7.02514982223511","82","30.835","22.648","21.3203376","1.04251162285425","0.915203473455736","25.29691866",
"2/26/2000","-63.4375","-7.02514982223511","82","34.355","23.555","15.75163674","0.848557809993614","0.835480368886096","22.717126152",
"2/27/2000","-63.4375","-7.02514982223511","82","27.421","23.249","18.3780686664","0.926638235155973","0.955823448581527","15.32350836",
"2/28/2000","-63.4375","-7.02514982223511","82","29.733","23.13","12.9775998024","0.671257218707182","0.944925168526208","20.0859174",
"2/29/2000","-63.4375","-7.02514982223511","82","29.981","23.35","4.676055804","0.864624754075144","0.903412338462502","16.477708032",
"3/1/2000","-63.4375","-7.02514982223511","82","28.773","22.378","7.683563412","0.685586785996589","0.941207178219416","16.0885116",
"3/2/2000","-63.4375","-7.02514982223511","82","26.918","22.484","6.77890746","0.68041288205871","0.965031480938681","13.19219838",
"3/3/2000","-63.4375","-7.02514982223511","82","27.252","22.625","13.300326756","0.912337572898859","0.954680993812574","14.629668192",
"3/4/2000","-63.4375","-7.02514982223511","82","29.595","22.028","13.7071584","0.691395591916565","0.9146898115331","14.7457674",
"3/5/2000","-63.4375","-7.02514982223511","82","29.713","22.492","4.5043962984","0.781918741786615","0.937403864118507","13.008773232",
"3/6/2000","-63.4375","-7.02514982223511","82","25.911","22.846","2.708817624","0.990694146253252","0.948151775103616","10.9263312",
"3/7/2000","-63.4375","-7.02514982223511","82","32.19","21.69","11.2678538904","0.832539926907276","0.897022487931527","16.3502964",
"3/8/2000","-63.4375","-7.02514982223511","82","28.698","22.896","23.229216828","0.965630410459634","0.941691992941574","21.5703027",
"3/9/2000","-63.4375","-7.02514982223511","82","28.824","23.509","18.371202552","0.865447408349853","0.940474622219612","21.468034872",
"3/10/2000","-63.4375","-7.02514982223511","82","28.564","23.31","20.03117256","0.865113667995187","0.936823391794897","16.5769866",
"3/11/2000","-63.4375","-7.02514982223511","82","29.968","23.049","9.901430064","1.04675637406948","0.890230683956243","24.8912442",
"3/12/2000","-63.4375","-7.02514982223511","82","32.802","23.22","9.762380172","0.730285123674646","0.911354317344033","18.8096067",
"3/13/2000","-63.4375","-7.02514982223511","82","26.315","22.328","96.50806884","0.975161675848804","0.959707990221719","8.17942032",
"3/14/2000","-63.4375","-7.02514982223511","82","30.534","22.444","5.362700328","1.10353585911692","0.882362696764553","20.9173536",
"3/15/2000","-63.4375","-7.02514982223511","82","28.058","22.321","2.80494918","1.08343376082255","0.930481481134984","12.3617277",
"3/16/2000","-63.4375","-7.02514982223511","82","26.224","22.159","4.4391626064","1.18551207969974","0.933529185564883","6.27951996",
"3/17/2000","-63.4375","-7.02514982223511","82","26.43","21.82","4.821970104","0.875485347677249","0.941806145678717","7.57164312",
"3/18/2000","-63.4375","-7.02514982223511","82","23.757","21.204","8.27751276","0.590087317205767","0.97734254632253","2.600494272",
"3/19/2000","-63.4375","-7.02514982223511","82","25.442","21.067","2.4169894704","0.879527796139382","0.960918586249153","6.642113022",
"3/20/2000","-63.4375","-7.02514982223511","82","32.844","20.068","11.09104416","0.809625990188035","0.863779933127007","21.71047878",
"3/21/2000","-63.4375","-7.02514982223511","82","28.999","21.013","7.56683334","0.804213800211769","0.930075899141203","25.83900198",
"3/22/2000","-63.4375","-7.02514982223511","82","30.859","21.136","4.930116084","0.968687142548548","0.867149317196023","22.3483545",
"3/23/2000","-63.4375","-7.02514982223511","82","35.196","21.224","5.90515056","1.03856360723218","0.831435667801736","21.0021192",
"3/24/2000","-63.4375","-7.02514982223511","82","27.822","23.015","12.2806577664","1.0663956815092","0.945312080947299","25.48602864",
"3/25/2000","-63.4375","-7.02514982223511","82","32.617","20.744","2.9525787144","0.976355759492672","0.86268729307002","21.3753339",
"3/26/2000","-63.4375","-7.02514982223511","82","33.191","21.887","5.01938226","0.949355617220985","0.845942770729531","17.41241628",
"3/27/2000","-63.4375","-7.02514982223511","82","30.636","21.953","24.36562008","0.85728982793169","0.922734792425282","25.54947522",
"3/28/2000","-63.4375","-7.02514982223511","82","27.039","22.084","20.83969764","1.07819610421566","0.964292979385592","12.17975832",
"3/29/2000","-63.4375","-7.02514982223511","82","30.329","21.043","1.932907788","0.951052878291285","0.865027484862575","16.983558468",
"3/30/2000","-63.4375","-7.02514982223511","82","32.844","21.305","11.135671452","0.556015820966335","0.883134610084195","21.1514634",
"3/31/2000","-63.4375","-7.02514982223511","82","32.423","21.589","12.38537376","0.857138151076842","0.904391473471484","24.310913328",
"4/1/2000","-63.4375","-7.02514982223511","82","31.106","22.639","10.2876716952","0.856819219714498","0.915031413258945","25.343327088",
"4/2/2000","-63.4375","-7.02514982223511","82","24.368","21.865","26.4890641464","0.978739612807264","0.976292960537303","3.554605368",
"4/3/2000","-63.4375","-7.02514982223511","82","31.007","21.374","3.4538260464","1.03252582082736","0.877898879323291","17.9933652",
"4/4/2000","-63.4375","-7.02514982223511","82","28.691","21.456","10.0233127008","0.517527450514719","0.924260404356063","21.56776038",
"4/5/2000","-63.4375","-7.02514982223511","82","28.747","22.832","14.6040982128","0.66023753473415","0.937087853914367","22.890717",
"4/6/2000","-63.4375","-7.02514982223511","82","28.007","23.622","38.99462508","0.555980836059046","0.961053380235487","15.357937932",
"4/7/2000","-63.4375","-7.02514982223511","82","33.101","23.348","4.768753608","0.793411920896366","0.884721359615639","17.060345568",
"4/8/2000","-63.4375","-7.02514982223511","82","30.798","21.534","12.32957808","0.908589117205509","0.883707673910916","26.25728112",
"4/9/2000","-63.4375","-7.02514982223511","82","28.758","23.089","8.623408716","0.737916885229907","0.950466639816985","12.716380908",
"4/10/2000","-63.4375","-7.02514982223511","82","30.118","21.956","14.15691684","0.476710006486333","0.928108634935164","18.034033932",
"4/11/2000","-63.4375","-7.02514982223511","82","30.279","22.504","10.86445116","0.896201995457625","0.926054344989132","19.813330512",
"4/12/2000","-63.4375","-7.02514982223511","82","24.927","20.679","35.2197881064","0.919784828321605","0.956585541960745","7.47483642",
"4/13/2000","-63.4375","-7.02514982223511","82","29.758","19.972","6.7668912","0.970471249530058","0.90218950331014","19.15356942",
"4/14/2000","-63.4375","-7.02514982223511","82","30.486","21.028","1.5037539984","1.09216876483663","0.874416103600045","17.0162973",
"4/15/2000","-63.4375","-7.02514982223511","82","26.693","21.785","7.939341288","0.805006847326636","0.956064266291369","14.54934312",
"4/16/2000","-63.4375","-7.02514982223511","82","27.811","22.018","10.6327063728","0.474679345649986","0.957383783244956","17.4021759",
"4/17/2000","-63.4375","-7.02514982223511","82","29.342","21.153","6.1437604752","0.721479385424973","0.935313586560012","17.68415382",
"4/18/2000","-63.4375","-7.02514982223511","82","28.422","22.513","9.23194476","0.710041022846963","0.94424109696403","23.528651112",
"4/19/2000","-63.4375","-7.02514982223511","82","28.667","22.191","11.0876074344","0.771234564843995","0.933883776683817","20.76283476",
"4/20/2000","-63.4375","-7.02514982223511","82","26.986","21.931","12.8007863784","0.881312734043523","0.949839062189283","15.38195526",
"4/21/2000","-63.4375","-7.02514982223511","82","27.135","22.824","31.626896256","1.14484535008407","0.967121854850897","21.34130724",
"4/22/2000","-63.4375","-7.02514982223511","82","27.795","22.465","17.0519787","0.742720751806908","0.956231217782871","22.26797406",
"4/23/2000","-63.4375","-7.02514982223511","82","27.538","21.625","13.1029055928","0.720605443307684","0.95828900996662","17.06315814",
"4/24/2000","-63.4375","-7.02514982223511","82","25.227","22.14","4.888913184","0.724215860566631","0.963070644540959","6.18654474",
"4/25/2000","-63.4375","-7.02514982223511","82","29.807","21.891","3.8263308768","0.509605162930606","0.908428138635739","18.894141",
"4/26/2000","-63.4375","-7.02514982223511","82","27.195","22.734","27.399734748","0.683905080015815","0.958041699828443","18.5911317",
"4/27/2000","-63.4375","-7.02514982223511","82","27.275","22.756","20.808791964","0.828062898649301","0.959673116611704","12.80835486",
"4/28/2000","-63.4375","-7.02514982223511","82","29.938","22.425","5.867383608","0.864766211726929","0.898425343016961","17.878788432",
"4/29/2000","-63.4375","-7.02514982223511","82","30.838","20.054","5.66825868","0.836004144178513","0.884129570803093","22.41770004",
"4/30/2000","-63.4375","-7.02514982223511","82","27.473","21.592","8.58306852","0.892375361290189","0.959939284764917","16.2298206",
"5/1/2000","-63.4375","-7.02514982223511","82","29.259","22.488","5.60646198","0.546273226760334","0.937824083568652","15.2338536",
"5/2/2000","-63.4375","-7.02514982223511","82","27.865","22.879","11.53049634","0.726984920903255","0.95485991325831","17.1854955",
"5/3/2000","-63.4375","-7.02514982223511","82","28.972","21.917","13.2556941864","0.61923257196376","0.936934972178355","19.38937734",
"5/4/2000","-63.4375","-7.02514982223511","82","31.705","20.971","4.092408216","0.78799790706632","0.8871068940036","18.84908826",
"5/5/2000","-63.4375","-7.02514982223511","82","32.729","19.862","0.72097812","0.96646536344643","0.800852353798415","23.22697608",
"5/6/2000","-63.4375","-7.02514982223511","82","32.827","21.433","3.656388852","1.0401932319441","0.849453297491858","24.36591852",
"5/7/2000","-63.4375","-7.02514982223511","82","28.518","21.866","7.72476066","0.834435180673993","0.932516123510082","18.40201938",
"5/8/2000","-63.4375","-7.02514982223511","82","30.067","22.532","1.8505101384","0.731359319077793","0.90514471305911","14.1935049",
"5/9/2000","-63.4375","-7.02514982223511","82","29.578","22.549","5.7506586984","0.825520923302074","0.921970937114187","15.2272134",
"5/10/2000","-63.4375","-7.02514982223511","82","28.222","20.794","3.6838563984","0.895322009736939","0.927580644666664","8.22025782",
"5/11/2000","-63.4375","-7.02514982223511","82","29.223","21.44","4.504393476","0.859931586673681","0.921753268857077","15.1282701",
"5/12/2000","-63.4375","-7.02514982223511","82","31.491","21.8","4.71725136","0.926432854784015","0.900266990057931","21.6131049",
"5/13/2000","-63.4375","-7.02514982223511","82","30.814","21.838","4.4769279024","1.0262801404904","0.89787443870316","19.32861762",
"5/14/2000","-63.4375","-7.02514982223511","82","32.503","19.646","4.26750084","1.07418119243785","0.854676871583329","22.7970585",
"5/15/2000","-63.4375","-7.02514982223511","82","30.242","21.51","2.62641942","0.838583317672493","0.900328170145992","11.19824946",
"5/16/2000","-63.4375","-7.02514982223511","82","32.838","20.792","3.49159104","0.721616465348339","0.878568333637029","23.3902647",
"5/17/2000","-63.4375","-7.02514982223511","82","30.145","22.319","4.116440844","0.818712454286968","0.907070890345926","18.0028098",
"5/18/2000","-63.4375","-7.02514982223511","82","26.423","19.651","2.54058696","1.36148674623856","0.93412700660533","8.6213808",
"5/19/2000","-63.4375","-7.02514982223511","82","31.254","20.062","0.0102996864","1.16786462846204","0.789019348642653","21.786696",
"5/20/2000","-63.4375","-7.02514982223511","82","31.005","20.613","0","0.994450152081062","0.772342918154332","14.8232322",
"5/21/2000","-63.4375","-7.02514982223511","82","31.88","18.227","0","0.880294187785872","0.784291038537416","22.57340382",
"5/22/2000","-63.4375","-7.02514982223511","82","31.768","22.334","0.2403258264","0.8648644837982","0.805400295590407","12.27375612",
"5/23/2000","-63.4375","-7.02514982223511","82","30.371","20.513","3.11737014","0.75179892813937","0.891422823540226","15.02324568",
"5/24/2000","-63.4375","-7.02514982223511","82","31.622","21.523","1.284027516","1.18900266940892","0.823762382056867","18.9046638",
"5/25/2000","-63.4375","-7.02514982223511","82","32.147","22.076","0.2368926","0.889253736034335","0.840236394810574","13.7608299",
"5/26/2000","-63.4375","-7.02514982223511","82","31.949","21.07","2.890778724","0.86094223420181","0.823232228669811","18.6705072",
"5/27/2000","-63.4375","-7.02514982223511","82","33.118","19.016","0","1.00897243496282","0.730462466645265","23.03853498",
"5/28/2000","-63.4375","-7.02514982223511","82","33.68","17.023","0","0.892713822878143","0.655397898396117","23.6790567",
"5/29/2000","-63.4375","-7.02514982223511","82","34.47","17.321","0","0.884716278621691","0.64261795007869","23.9908527",
"5/30/2000","-63.4375","-7.02514982223511","82","33.58","17.731","0","1.12588240885086","0.589506173938832","23.26341942",
"5/31/2000","-63.4375","-7.02514982223511","82","33.265","19.061","0","1.13456826156282","0.604477507791423","23.20205742",
"6/1/2000","-63.4375","-7.02514982223511","82","33.97","16.947","0","0.994786271394006","0.588628344588113","23.21825472",
"6/2/2000","-63.4375","-7.02514982223511","82","32.653","21.624","0","1.13150881098293","0.614372454808923","14.5121058",
"6/3/2000","-63.4375","-7.02514982223511","82","33.18","20.42","0","1.08493754596936","0.760108133551621","15.2831223",
"6/4/2000","-63.4375","-7.02514982223511","82","32.117","22.803","4.4082636264","0.941817262108558","0.829404890348362","8.98492842",
"6/5/2000","-63.4375","-7.02514982223511","82","32.303","20.528","0.49781808","0.864155601999323","0.818192698809717","15.91520724",
"6/6/2000","-63.4375","-7.02514982223511","82","33.623","17.905","0","1.14700444547961","0.685073376368397","23.06042208",
"6/7/2000","-63.4375","-7.02514982223511","82","33.594","17.728","0","1.18406973971593","0.580015259713085","23.3732223",
"6/8/2000","-63.4375","-7.02514982223511","82","33.73","17.231","0","1.31577044060242","0.527023617516297","23.64457842",
"6/9/2000","-63.4375","-7.02514982223511","82","33.803","17.716","0","1.26218574066554","0.561909284285115","23.4239634",
"6/10/2000","-63.4375","-7.02514982223511","82","34.796","17.71","0","0.866069251795941","0.613231182230484","21.22244892",
"6/11/2000","-63.4375","-7.02514982223511","82","35.207","19.075","0","0.98662665234967","0.545496480976994","16.7170545",
"6/12/2000","-63.4375","-7.02514982223511","82","32.169","21.788","1.42822296","1.35709433900649","0.740326339144616","12.49806906",
"6/13/2000","-63.4375","-7.02514982223511","82","35.644","21.348","0","0.905314667119152","0.620670620694617","15.55931358",
"6/14/2000","-63.4375","-7.02514982223511","82","32.367","20.527","0","0.938656015087438","0.728392925405195","12.90279348",
"6/15/2000","-63.4375","-7.02514982223511","82","31.591","20.058","2.677919184","1.04393181172599","0.787072602139251","21.4731612",
"6/16/2000","-63.4375","-7.02514982223511","82","28.618","20.62","2.09770272","1.13841456705823","0.897792568333793","9.9191763",
"6/17/2000","-63.4375","-7.02514982223511","82","33.286","19.518","0","1.0826466528519","0.709735310311085","22.4225442",
"6/18/2000","-63.4375","-7.02514982223511","82","28.783","21.653","2.9113776","0.909650919490692","0.809095145523208","14.21375508",
"6/19/2000","-63.4375","-7.02514982223511","82","32.472","22.277","0","0.850771238805442","0.68628985186524","13.9051134",
"6/20/2000","-63.4375","-7.02514982223511","82","26.702","21.302","0.4154208264","1.34590438972431","0.777537307090766","9.05410872",
"6/21/2000","-63.4375","-7.02514982223511","82","31.614","19.681","0","1.04923646074705","0.717549011702523","13.9875723",
"6/22/2000","-63.4375","-7.02514982223511","82","32.723","19.432","0","1.02720737893293","0.665756807017334","10.6908714",
"6/23/2000","-63.4375","-7.02514982223511","82","34.712","16.779","0","0.94305591557128","0.608798447683352","18.8289027",
"6/24/2000","-63.4375","-7.02514982223511","82","29.776","20.987","0.00686646","1.1135882763527","0.709337074123604","12.86824932",
"6/25/2000","-63.4375","-7.02514982223511","82","32.653","21.756","0.484084908","1.06933353615191","0.741723612822724","20.06550648",
"6/26/2000","-63.4375","-7.02514982223511","82","34.215","21.945","0","0.954875651797688","0.634362860616121","19.7426268",
"6/27/2000","-63.4375","-7.02514982223511","82","30.922","20.189","0","0.966627546485679","0.720767046416057","14.64299928",
"6/28/2000","-63.4375","-7.02514982223511","82","34.752","18.974","0.1716615","0.881308228400309","0.726214481609259","13.70671632",
"6/29/2000","-63.4375","-7.02514982223511","82","34.588","17.942","0","0.881043281800869","0.623276362224046","14.40247806",
"6/30/2000","-63.4375","-7.02514982223511","82","27.855","20.648","0.0205993656","1.05510045220465","0.765347446795122","5.98483332",
"7/1/2000","-63.4375","-7.02514982223511","82","28.226","20.557","0.2180099808","1.01648295675294","0.833955772343225","6.18153408",
"7/2/2000","-63.4375","-7.02514982223511","82","34.415","19.504","0","1.05184844974572","0.686271537448488","16.29072792",
"7/3/2000","-63.4375","-7.02514982223511","82","33.011","21.266","0","1.13031071129664","0.667456791343018","14.36085072",
"7/4/2000","-63.4375","-7.02514982223511","82","34.194","18.135","0","1.01491965646081","0.658297549757561","19.8010647",
"7/5/2000","-63.4375","-7.02514982223511","82","35.27","18.822","0","0.736943586992699","0.62316769560323","16.65995184",
"7/6/2000","-63.4375","-7.02514982223511","82","36.857","22.121","0","0.508338397283856","0.591038539767574","19.8997362",
"7/7/2000","-63.4375","-7.02514982223511","82","33.962","21.512","1.631642184","1.12663263964893","0.678875170609265","12.08772702",
"7/8/2000","-63.4375","-7.02514982223511","82","28.164","20.506","2.86331184","0.904665584478458","0.8980267214629","15.5642679",
"7/9/2000","-63.4375","-7.02514982223511","82","33.639","21.344","2.196406548","0.91787403136867","0.813566853532537","9.8760969",
"7/10/2000","-63.4375","-7.02514982223511","82","34.115","18.956","1.060867692","0.914734678017211","0.80812453988878","18.7478424",
"7/11/2000","-63.4375","-7.02514982223511","82","35.652","20.166","0","0.979768399533276","0.677712896484982","15.819246",
"7/12/2000","-63.4375","-7.02514982223511","82","27.16","20.306","0.5373003024","2.06440698821978","0.777230415022983","12.080140092",
"7/13/2000","-63.4375","-7.02514982223511","82","26.552","16.833","0","2.16491015527699","0.592080937142709","15.267546",
"7/14/2000","-63.4375","-7.02514982223511","82","28.662","14.312","0","1.61849231042208","0.578943232691059","23.569144992",
"7/15/2000","-63.4375","-7.02514982223511","82","33.487","15.697","0","0.991950888662069","0.619011352944453","23.45389074",
"7/16/2000","-63.4375","-7.02514982223511","82","33.496","21.704","0","1.14446310215681","0.544620785005352","13.890931848",
"7/17/2000","-63.4375","-7.02514982223511","82","34.287","18.364","0","1.21525787378245","0.561296167250181","23.687379",
"7/18/2000","-63.4375","-7.02514982223511","82","34.942","16.359","0","0.980488984271827","0.556005767599162","22.0773879",
"7/19/2000","-63.4375","-7.02514982223511","82","35.093","20.565","0.037765512","1.26012042979975","0.527410122102665","17.6990589",
"7/20/2000","-63.4375","-7.02514982223511","82","33.73","19.362","0.030899052","0.873132905598845","0.671521072670451","18.3908754",
"7/21/2000","-63.4375","-7.02514982223511","82","34.19","17.845","0","0.730183464919804","0.644922697598948","14.79898098",
"7/22/2000","-63.4375","-7.02514982223511","82","32.422","22.663","0","1.04191767559021","0.61290537284855","12.39035328",
"7/23/2000","-63.4375","-7.02514982223511","82","35.478","23.304","0.0789642576","1.52965080607203","0.564354146019051","17.5052268",
"7/24/2000","-63.4375","-7.02514982223511","82","32.259","21.082","0.424004076","1.63230894371529","0.632460843532179","23.60126502",
"7/25/2000","-63.4375","-7.02514982223511","82","34.064","20.06","0","1.12667342931","0.558994379390714","24.00586884",
"7/26/2000","-63.4375","-7.02514982223511","82","35.563","21.658","0","1.1420410069662","0.504795467640782","19.7062794",
"7/27/2000","-63.4375","-7.02514982223511","82","36.373","20.34","0","0.977667978647498","0.471997637579007","16.362169632",
"7/28/2000","-63.4375","-7.02514982223511","82","35.558","18.182","0","1.02978277382754","0.575273875912002","11.743819128",
"7/29/2000","-63.4375","-7.02514982223511","82","31.356","17.715","0","1.16247905712294","0.561934502247181","16.9444638",
"7/30/2000","-63.4375","-7.02514982223511","82","34.678","17.508","0","1.03854359105979","0.585961342587206","15.65183988",
"7/31/2000","-63.4375","-7.02514982223511","82","34.158","19.142","0.0034332264","0.969577198593729","0.67225388268509","11.79399204",
"8/1/2000","-63.4375","-7.02514982223511","82","35.106","15.987","0","0.871445612059849","0.64315808586773","17.11169874",
"8/2/2000","-63.4375","-7.02514982223511","82","36.053","20.642","0.490951656","1.36013412529003","0.572790218453509","19.70544546",
"8/3/2000","-63.4375","-7.02514982223511","82","35.05","22.682","0.25577532","1.39491886908669","0.562150451942293","19.65977568",
"8/4/2000","-63.4375","-7.02514982223511","82","33.659","19.767","0","1.34666109571022","0.591284821696898","10.226136888",
"8/5/2000","-63.4375","-7.02514982223511","82","37.111","15.151","0","1.02999521634167","0.559197033967344","17.53526646",
"8/6/2000","-63.4375","-7.02514982223511","82","35.759","20.009","0","1.2335728772351","0.511869123871632","15.7596777",
"8/7/2000","-63.4375","-7.02514982223511","82","37.03","21.703","2.4178527864","0.850836329171554","0.662924787226688","20.8636326",
"8/8/2000","-63.4375","-7.02514982223511","82","36.976","21.027","0.3467556","1.16967274757271","0.589057781880023","25.129792872",
"8/9/2000","-63.4375","-7.02514982223511","82","38.132","20.969","0","0.929791646330463","0.476635008691022","18.628588512",
"8/10/2000","-63.4375","-7.02514982223511","82","35.139","19.552","0","1.39762063331441","0.500000209375912","17.5254759",
"8/11/2000","-63.4375","-7.02514982223511","82","35.914","20.842","0.3072735864","1.29479650791005","0.529023511506587","12.96646848",
"8/12/2000","-63.4375","-7.02514982223511","82","34.239","21.96","0.669479688","1.25946798216538","0.648043185094464","15.63237981",
"8/13/2000","-63.4375","-7.02514982223511","82","34.128","20.834","0","1.3003903039541","0.597635176321364","18.183703482",
"8/14/2000","-63.4375","-7.02514982223511","82","34.89","20.109","0","1.06593309867109","0.611298611384238","21.7672317",
"8/15/2000","-63.4375","-7.02514982223511","82","36.594","22.492","0","1.06905660998227","0.524648707110952","21.46612554",
"8/16/2000","-63.4375","-7.02514982223511","82","35.108","20.224","0","1.13949981361593","0.539101382879615","15.860587572",
"8/17/2000","-63.4375","-7.02514982223511","82","37.365","21.007","0.0738143856","1.34929122371439","0.47874131960388","19.809955008",
"8/18/2000","-63.4375","-7.02514982223511","82","37.985","18.635","0","1.03465086279631","0.497508222504526","18.73085562",
"8/19/2000","-63.4375","-7.02514982223511","82","38.882","17.794","0","1.19056142274573","0.433395489891198","23.325919128",
"8/20/2000","-63.4375","-7.02514982223511","82","36.85","20.305","0","1.2125212502906","0.495915553538104","20.190375072",
"8/21/2000","-63.4375","-7.02514982223511","82","38.949","21.332","0","1.46909556716187","0.385043515633956","22.97339586",
"8/22/2000","-63.4375","-7.02514982223511","82","39.338","19.181","0","1.1783528343422","0.393803003702836","26.798510232",
"8/23/2000","-63.4375","-7.02514982223511","82","39.072","21.675","0","1.39947429092592","0.393394673817798","17.47175994",
"8/24/2000","-63.4375","-7.02514982223511","82","40.318","22.53","0","1.16506470210456","0.492228570242002","14.275071288",
"8/25/2000","-63.4375","-7.02514982223511","82","35.927","23.327","0","1.56494017935279","0.474433200536595","20.98260414",
"8/26/2000","-63.4375","-7.02514982223511","82","36.078","22.852","0","1.51617655305964","0.439679586476278","13.001627088",
"8/27/2000","-63.4375","-7.02514982223511","82","38.145","22.983","0","1.58449909576914","0.409304137909587","21.828987468",
"8/28/2000","-63.4375","-7.02514982223511","82","39.441","21.167","0","1.43668277917482","0.387629238320158","26.933788008",
"8/29/2000","-63.4375","-7.02514982223511","82","40.521","21.463","0","1.60310640619036","0.337587013652446","27.7606098",
"8/30/2000","-63.4375","-7.02514982223511","82","39.887","20.623","0","1.64733171542649","0.295132422583183","23.8269348",
"8/31/2000","-63.4375","-7.02514982223511","82","41.681","19.035","0","1.33012921699548","0.266123255095557","27.09118584",
"9/1/2000","-63.4375","-7.02514982223511","82","43.54","21.524","0","0.943281107850004","0.293568678941455","16.50672675",
"9/2/2000","-63.4375","-7.02514982223511","82","40.431","21.673","0.0308990376","0.828093530146909","0.400003667064426","12.64736718",
"9/3/2000","-63.4375","-7.02514982223511","82","38","21.115","0.024032592","1.31262083249198","0.430352539067792","21.4587045",
"9/4/2000","-63.4375","-7.02514982223511","82","39.751","20.256","0","1.04612771066419","0.438678815079308","27.27984672",
"9/5/2000","-63.4375","-7.02514982223511","82","44.039","20.94","0","1.10837106948677","0.31518327583388","27.72455454",
"9/6/2000","-63.4375","-7.02514982223511","82","42.262","22.627","0","1.15567579012033","0.318492449602002","18.6334335",
"9/7/2000","-63.4375","-7.02514982223511","82","37.557","22.569","0","1.64507508688033","0.411394708721492","16.1493201",
"9/8/2000","-63.4375","-7.02514982223511","82","38.02","22.091","0","1.5470739684827","0.458778243219014","15.34078152",
"9/9/2000","-63.4375","-7.02514982223511","82","39.118","23.441","0","1.39054154078108","0.467536055361423","16.40188494",
"9/10/2000","-63.4375","-7.02514982223511","82","37.374","24.651","0","1.7669518724643","0.416214841675983","22.464386712",
"9/11/2000","-63.4375","-7.02514982223511","82","40.52","23.2","0","1.38060697079083","0.385523220613521","17.05083966",
"9/12/2000","-63.4375","-7.02514982223511","82","37.72","25.116","0","1.68419189118182","0.420764530091701","16.05819564",
"9/13/2000","-63.4375","-7.02514982223511","82","35.689","23.753","0.036048888","1.46953903718135","0.505444799738439","20.65522536",
"9/14/2000","-63.4375","-7.02514982223511","82","39.518","23.943","0","1.00520175575608","0.467393394686091","15.84140418",
"9/15/2000","-63.4375","-7.02514982223511","82","32.831","23.994","0.145053756","1.08250964481859","0.55315443283412","6.50637558",
"9/16/2000","-63.4375","-7.02514982223511","82","35.459","20.63","0.14591196","1.06166299052876","0.602640628543077","14.576114808",
"9/17/2000","-63.4375","-7.02514982223511","82","35.075","20.651","12.26349144","1.46007420522044","0.730688907762029","15.06886812",
"9/18/2000","-63.4375","-7.02514982223511","82","33.338","19.16","0","0.877631050280139","0.672097389590841","14.08865184",
"9/19/2000","-63.4375","-7.02514982223511","82","34.155","20.467","0.0549316728","1.51135296786361","0.663662681235554","7.659785088",
"9/20/2000","-63.4375","-7.02514982223511","82","37.272","19.619","0","1.09186971152294","0.618063364870811","21.714014592",
"9/21/2000","-63.4375","-7.02514982223511","82","35.846","19.929","0","0.944382282498979","0.547124653794641","13.385810232",
"9/22/2000","-63.4375","-7.02514982223511","82","39.106","23.012","0","1.41063945032695","0.460501210579777","27.98572032",
"9/23/2000","-63.4375","-7.02514982223511","82","37.009","23.646","0.058364856","1.16869364750887","0.482273984294548","24.118143336",
"9/24/2000","-63.4375","-7.02514982223511","82","41.498","23.693","0.044631936","1.38663521925142","0.420128316269634","22.60017648",
"9/25/2000","-63.4375","-7.02514982223511","82","35.87","25.753","0.0377655048","1.32905480986056","0.492997107413712","8.227292382",
"9/26/2000","-63.4375","-7.02514982223511","82","37.948","21.853","0.056648232","1.53562517124555","0.487269854764286","25.83005652",
"9/27/2000","-63.4375","-7.02514982223511","82","38.986","24.305","0.104713596","1.45405285140676","0.374510207981634","28.8542214",
"9/28/2000","-63.4375","-7.02514982223511","82","41.033","18.863","0","1.28048486258565","0.436329171218373","13.703117472",
"9/29/2000","-63.4375","-7.02514982223511","82","35.539","22.915","0","1.67897150934516","0.604781680559215","17.06354424",
"9/30/2000","-63.4375","-7.02514982223511","82","38.685","20.84","0","0.976021293713497","0.606859115701514","17.28815724",
"10/1/2000","-63.4375","-7.02514982223511","82","37.1","21.343","0.0351905976","1.1356675388223","0.452335768073644","20.238807672",
"10/2/2000","-63.4375","-7.02514982223511","82","37.81","20.174","0.3484728","0.980805648909949","0.499648223143557","16.9820964",
"10/3/2000","-63.4375","-7.02514982223511","82","30.952","23.219","8.2466155944","1.26093222099674","0.794946172546975","25.7388714",
"10/4/2000","-63.4375","-7.02514982223511","82","38.372","22.038","0.054073332","1.08804252950967","0.612830089008089","17.568218952",
"10/5/2000","-63.4375","-7.02514982223511","82","39.902","22.8","2.30369472","1.20036946949073","0.530855371698836","17.93947392",
"10/6/2000","-63.4375","-7.02514982223511","82","32.518","22.212","5.6150424","1.39271325325825","0.740152840362402","20.02224348",
"10/7/2000","-63.4375","-7.02514982223511","82","36.218","20.686","0","1.1495861173125","0.616920070523141","18.20587284",
"10/8/2000","-63.4375","-7.02514982223511","82","39.643","21.509","0","1.2297649951613","0.570274109734463","19.47026304",
"10/9/2000","-63.4375","-7.02514982223511","82","35.133","20.549","0.71239464","1.16774254704109","0.618279663199324","24.33498768",
"10/10/2000","-63.4375","-7.02514982223511","82","38.534","20.43","0","1.24100978462008","0.490258407445626","27.60232644",
"10/11/2000","-63.4375","-7.02514982223511","82","39.657","21.001","0","0.987928145602209","0.424327554275261","13.5024696",
"10/12/2000","-63.4375","-7.02514982223511","82","39.469","22.945","0.34847262","1.29050241155026","0.479758136547312","22.5095598",
"10/13/2000","-63.4375","-7.02514982223511","82","40.798","23.464","0.030899052","1.11066444255474","0.479485883281117","20.6301996",
"10/14/2000","-63.4375","-7.02514982223511","82","41.407","21.579","0","0.905058645608459","0.432233586730215","19.70010036",
"10/15/2000","-63.4375","-7.02514982223511","82","40.651","23.963","0.0102996864","0.979497814691769","0.500901156657359","17.04881124",
"10/16/2000","-63.4375","-7.02514982223511","82","37.934","23.311","1.333809","1.38711088211138","0.524786949694003","18.49842918",
"10/17/2000","-63.4375","-7.02514982223511","82","42.029","22.412","0","1.24786048638919","0.442024029561916","22.56721992",
"10/18/2000","-63.4375","-7.02514982223511","82","40.063","21.326","0","1.20789964243924","0.415958627485544","21.04836192",
"10/19/2000","-63.4375","-7.02514982223511","82","41.355","25.641","0","1.0003795520413","0.399646171039816","22.157659872",
"10/20/2000","-63.4375","-7.02514982223511","82","37.434","21.178","0.296973936","1.6190358517324","0.457357604594737","24.892992",
"10/21/2000","-63.4375","-7.02514982223511","82","43.048","24.597","0","1.58685352660199","0.495277942162462","19.65071124",
"10/22/2000","-63.4375","-7.02514982223511","82","37.003","22.962","0.1699449624","1.5360324196695","0.622301753621049","14.0948505",
"10/23/2000","-63.4375","-7.02514982223511","82","36.675","22.421","0","1.05242116886333","0.643137570260021","16.11596232",
"10/24/2000","-63.4375","-7.02514982223511","82","39.501","20.535","0","1.24176467198908","0.540894298611479","16.86870216",
"10/25/2000","-63.4375","-7.02514982223511","82","40.117","21.486","0.17509464","1.00096843601381","0.543687714958508","20.9706192",
"10/26/2000","-63.4375","-7.02514982223511","82","39.37","23.766","0.38280528","1.12133241897926","0.598518555498515","15.58254888",
"10/27/2000","-63.4375","-7.02514982223511","82","38.21","21.269","0.191402496","1.06696044906201","0.63233646770628","13.68072612",
"10/28/2000","-63.4375","-7.02514982223511","82","32.94","23.617","11.1837402","1.45242139123892","0.750385821059701","12.60528426",
"10/29/2000","-63.4375","-7.02514982223511","82","40.609","20.417","2.541445596","1.00208727787198","0.736413291360691","10.88307792",
"10/30/2000","-63.4375","-7.02514982223511","82","35.093","23.506","1.308918492","0.873109498326261","0.714106787082268","15.96684204",
"10/31/2000","-63.4375","-7.02514982223511","82","39.12","23.647","1.46770488","1.04666369027181","0.649497197612965","16.11719982",
"11/1/2000","-63.4375","-7.02514982223511","82","37.011","22.326","3.7147517064","0.972300661583445","0.698987330863985","17.14089168",
"11/2/2000","-63.4375","-7.02514982223511","82","29.08","22.826","16.10698752","1.08969207691057","0.902553672805133","19.66275504",
"11/3/2000","-63.4375","-7.02514982223511","82","29.365","21.842","0.9853358976","0.80488452429436","0.902528846630398","8.43586416",
"11/4/2000","-63.4375","-7.02514982223511","82","38.567","20.765","0.06008148","0.820791055697005","0.672356251450461","14.13990306",
"11/5/2000","-63.4375","-7.02514982223511","82","39.187","22.95","0.02059938","0.885089922577847","0.548581549123988","20.43624186",
"11/6/2000","-63.4375","-7.02514982223511","82","34.905","23.791","0","1.28923637389822","0.556171876740271","16.4276433",
"11/7/2000","-63.4375","-7.02514982223511","82","36.811","23.753","2.75773968","1.33008595254438","0.701701169257609","17.79947046",
"11/8/2000","-63.4375","-7.02514982223511","82","39.335","21.318","0","0.959010127885655","0.636653489262595","21.19364262",
"11/9/2000","-63.4375","-7.02514982223511","82","39.26","21.946","1.39388976","0.738243385655197","0.62888309449223","19.80573444",
"11/10/2000","-63.4375","-7.02514982223511","82","39.825","24.111","0.027465804","1.16610984071413","0.494890169941386","21.25833372",
"11/11/2000","-63.4375","-7.02514982223511","82","41.253","23.694","0.6008148792","1.28829591584523","0.662204957413974","13.96631196",
"11/12/2000","-63.4375","-7.02514982223511","82","34.263","23.435","0.4411697544","1.63617555539587","0.718483254019269","11.73869712",
"11/13/2000","-63.4375","-7.02514982223511","82","34.535","22.461","0.027465804","1.41902054718928","0.689352863116321","18.55771812",
"11/14/2000","-63.4375","-7.02514982223511","82","38.036","23.776","0.0257491944","1.23725715262903","0.584081733798055","21.35829474",
"11/15/2000","-63.4375","-7.02514982223511","82","39.678","26.565","0.0034332264","1.16142596891183","0.465250149252511","15.18811884",
"11/16/2000","-63.4375","-7.02514982223511","82","37.951","23.31","0.0034332264","1.45763055953858","0.532042979568817","21.62963916",
"11/17/2000","-63.4375","-7.02514982223511","82","36.318","22.988","0.145912284","1.09884055397226","0.657292925645512","9.32197914",
"11/18/2000","-63.4375","-7.02514982223511","82","36.305","22.855","3.8572326","1.19648760222208","0.670248723487067","17.89059078",
"11/19/2000","-63.4375","-7.02514982223511","82","31.745","22.369","4.5593233488","0.961414009294334","0.832320931086655","18.2984022",
"11/20/2000","-63.4375","-7.02514982223511","82","32.579","22.988","13.15784484","1.2261310901422","0.844296024108155","25.34298633",
"11/21/2000","-63.4375","-7.02514982223511","82","34.326","21.449","2.4307262424","1.28950885277228","0.803707816415479","13.7865429",
"11/22/2000","-63.4375","-7.02514982223511","82","26.859","21.689","1.155281112","1.09970050111909","0.892322663883729","7.67311578",
"11/23/2000","-63.4375","-7.02514982223511","82","35.818","21.211","0.3622051224","0.815855836867485","0.753781091779006","16.95324852",
"11/24/2000","-63.4375","-7.02514982223511","82","37.67","23.584","0.042915348","1.19321403445918","0.644673953314852","21.975133032",
"11/25/2000","-63.4375","-7.02514982223511","82","33.521","23.704","0.0171661464","1.16903648589567","0.715217880902035","16.6300839",
"11/26/2000","-63.4375","-7.02514982223511","82","35.837","21.72","0.2223014832","0.988312013659265","0.673319553358808","16.4135232",
"11/27/2000","-63.4375","-7.02514982223511","82","38.617","21.646","0.44631972","1.13356124795375","0.606132888198911","20.70771048",
"11/28/2000","-63.4375","-7.02514982223511","82","38.334","22.461","0.034332264","1.25656640930981","0.550187594764251","18.15097968",
"11/29/2000","-63.4375","-7.02514982223511","82","39.579","22.907","0","1.15049997884279","0.526206799726621","19.10333844",
"11/30/2000","-63.4375","-7.02514982223511","82","39.273","20.429","0.58021524","0.901726379867073","0.590651180646866","13.1189076",
"12/1/2000","-63.4375","-7.02514982223511","82","37.678","24.605","0.291824352","0.940726528156953","0.588639916730319","19.9745379",
"12/2/2000","-63.4375","-7.02514982223511","82","36.617","22.539","0","1.26702575691011","0.544129855067491","22.78271664",
"12/3/2000","-63.4375","-7.02514982223511","82","35.21","21.44","0","1.6997791904454","0.499870869014174","22.52739456",
"12/4/2000","-63.4375","-7.02514982223511","82","36.827","20.657","0","1.33141563000871","0.506733885411977","25.13986632",
"12/5/2000","-63.4375","-7.02514982223511","82","39.751","24.094","1.29432672","1.43004752302222","0.559214710860174","18.53650944",
"12/6/2000","-63.4375","-7.02514982223511","82","36.827","22.511","0.870323256","0.94933110081505","0.682796188781584","12.43119114",
"12/7/2000","-63.4375","-7.02514982223511","82","35.037","21.646","0.041198724","1.59438683860913","0.669541716810028","21.82769496",
"12/8/2000","-63.4375","-7.02514982223511","82","35.621","20.258","0","1.19834205870715","0.619302965565286","21.09819816",
"12/9/2000","-63.4375","-7.02514982223511","82","38.852","24.294","0.01373292","1.03641892649369","0.581734387188595","21.5844246",
"12/10/2000","-63.4375","-7.02514982223511","82","24.647","21.827","41.7480165144","0.994405047670348","0.965643004769148","2.3434875",
"12/11/2000","-63.4375","-7.02514982223511","82","24.081","21.78","3.374862444","0.878515440128927","0.932154687791265","2.405250432",
"12/12/2000","-63.4375","-7.02514982223511","82","35.672","21.853","2.19726648","1.39004424192031","0.765976359306172","20.36739132",
"12/13/2000","-63.4375","-7.02514982223511","82","36.819","23.664","1.3732920864","1.27668227843752","0.713237496861894","11.18357514",
"12/14/2000","-63.4375","-7.02514982223511","82","32.879","23.476","0.46005228","1.81186936916573","0.741706102642272","21.7438335",
"12/15/2000","-63.4375","-7.02514982223511","82","30.088","21.371","0","1.64943660628876","0.70448637430215","18.2681433",
"12/16/2000","-63.4375","-7.02514982223511","82","36.362","20.938","3.62548944","1.03794700350206","0.70916630012377","14.25999402",
"12/17/2000","-63.4375","-7.02514982223511","82","22.891","21.449","27.27354996","1.03212844760478","0.976869982708541","1.47279402",
"12/18/2000","-63.4375","-7.02514982223511","82","36.614","21.214","0.3004073928","1.08760511212064","0.71446348532249","19.8406179",
"12/19/2000","-63.4375","-7.02514982223511","82","37.043","22.115","0.0377655264","1.5949938275351","0.651181193156725","18.11429766",
"12/20/2000","-63.4375","-7.02514982223511","82","35.005","20.976","0","1.59985059942776","0.630918407161672","22.51743768",
"12/21/2000","-63.4375","-7.02514982223511","82","31.633","22.831","0","1.50459071928765","0.737893624287503","9.50946444",
"12/22/2000","-63.4375","-7.02514982223511","82","36.19","21.17","0","1.10391011854537","0.653090998173619","17.9981982",
"12/23/2000","-63.4375","-7.02514982223511","82","35.401","20.364","0","1.15661462563171","0.582325642890485","21.10781052",
"12/24/2000","-63.4375","-7.02514982223511","82","39.233","25.44","0","0.938098753983525","0.510073461933095","17.67566124",
"12/25/2000","-63.4375","-7.02514982223511","82","27.492","22.835","0","1.147620702323","0.691683843661578","3.41269218",
"12/26/2000","-63.4375","-7.02514982223511","82","34.521","20.541","3.762816084","1.07648002842736","0.714542594544675","15.1914384",
"12/27/2000","-63.4375","-7.02514982223511","82","34.259","21.404","0.0034332264","1.28506041586955","0.679755607584366","20.63897172",
"12/28/2000","-63.4375","-7.02514982223511","82","36.105","22.769","0.2918241288","0.980147671567221","0.681394506766372","16.20315072",
"12/29/2000","-63.4375","-7.02514982223511","82","39.366","24.356","0.0686645424","0.871900847456631","0.514736590606387","20.636946",
"12/30/2000","-63.4375","-7.02514982223511","82","37.055","24.113","1.362991932","0.702389617905213","0.671329030368669","7.48079694",
"12/31/2000","-63.4375","-7.02514982223511","82","35.017","20.652","0.34675596","1.14636193390816","0.688917180701911","20.5323228",
"1/1/2001","-63.4375","-7.02514982223511","82","37.616","21.742","0.36048888","0.679854927315248","0.676411761701945","14.66797284",
"1/2/2001","-63.4375","-7.02514982223511","82","24.895","21.691","5.7798389664","0.874773401152725","0.927063846465891","1.69368678",
"1/3/2001","-63.4375","-7.02514982223511","82","35.119","20.545","0.920105208","0.935161111864042","0.759810075351","20.130129",
"1/4/2001","-63.4375","-7.02514982223511","82","30.664","21.614","5.9523630264","1.11200378670115","0.871996667279807","12.9901518",
"1/5/2001","-63.4375","-7.02514982223511","82","22.368","21.528","21.72631968","1.43833355422114","0.979283299369421","1.56234402",
"1/6/2001","-63.4375","-7.02514982223511","82","32.734","21.141","2.4538965768","0.984013907182816","0.799424672682463","17.7740973",
"1/7/2001","-63.4375","-7.02514982223511","82","32.622","21.24","3.5825724","1.18530768096989","0.828304286234575","25.100662392",
"1/8/2001","-63.4375","-7.02514982223511","82","32.168","22.983","0.77075928","1.21460143642879","0.745670454005454","16.74291906",
"1/9/2001","-63.4375","-7.02514982223511","82","29.528","22.027","3.043559808","0.84490382150605","0.88502732220069","9.9968112",
"1/10/2001","-63.4375","-7.02514982223511","82","29.784","22.044","1.5363692064","1.51475767624488","0.860870375989525","15.7802724",
"1/11/2001","-63.4375","-7.02514982223511","82","31.96","21.066","8.152203672","1.3449221374347","0.854721080917476","19.76557302",
"1/12/2001","-63.4375","-7.02514982223511","82","28.829","22.013","19.88354016","1.23657771342768","0.875635294634954","14.79751812",
"1/13/2001","-63.4375","-7.02514982223511","82","25.643","20.804","1.387024056","0.619617722574803","0.907385164234987","5.00979546",
"1/14/2001","-63.4375","-7.02514982223511","82","30.753","22.08","11.3871619728","1.20963160753282","0.915435115092779","22.77421884",
"1/15/2001","-63.4375","-7.02514982223511","82","30.899","21.475","9.2456819496","1.14997278740839","0.873153241116145","25.586776368",
"1/16/2001","-63.4375","-7.02514982223511","82","30.887","23.465","13.3707042","1.12227840330195","0.905969901723751","22.753916712",
"1/17/2001","-63.4375","-7.02514982223511","82","31.692","22.243","9.3109136112","1.51699386615303","0.792708640161419","24.45091614",
"1/18/2001","-63.4375","-7.02514982223511","82","27.814","22.02","17.371269684","0.669804240309987","0.937746466610606","19.68507882",
"1/19/2001","-63.4375","-7.02514982223511","82","31.045","23.12","5.208204024","0.856498820833214","0.869509878208254","21.9911607",
"1/20/2001","-63.4375","-7.02514982223511","82","30.251","22.932","13.1732952264","1.04330352159344","0.920846118552902","23.411864952",
"1/21/2001","-63.4375","-7.02514982223511","82","30.589","22.896","5.6940093","0.991965441808876","0.886913536231697","18.529590528",
"1/22/2001","-63.4375","-7.02514982223511","82","27.338","22.781","59.4978310728","0.956604256939766","0.934729627363122","12.16765692",
"1/23/2001","-63.4375","-7.02514982223511","82","27.125","22.562","16.393665528","0.790950748526868","0.955817344665136","17.12340684",
"1/24/2001","-63.4375","-7.02514982223511","82","31.275","21.208","8.856007452","0.887837648877403","0.892352278445226","28.12910742",
"1/25/2001","-63.4375","-7.02514982223511","82","26.876","22.252","75.0477602664","0.963050030856766","0.94212067680953","6.95143494",
"1/26/2001","-63.4375","-7.02514982223511","82","24.56","20.167","19.3968812664","0.615970882763807","0.969267215755839","4.53104811",
"1/27/2001","-63.4375","-7.02514982223511","82","23.534","17.845","10.5777732744","0.662226193525646","0.979040424191822","3.94672104",
"1/28/2001","-63.4375","-7.02514982223511","82","33.69","17.554","0","0.931472872179111","0.787764522240926","20.45307294",
"1/29/2001","-63.4375","-7.02514982223511","82","32.095","21.438","11.460115656","1.09076709886934","0.867801906782553","23.30943615",
"1/30/2001","-63.4375","-7.02514982223511","82","25.519","22.135","42.7548438","0.902897761138074","0.9672110648375","6.75776574",
"1/31/2001","-63.4375","-7.02514982223511","82","27.092","22.05","3.630638016","0.928293755162967","0.917929027451435","8.1691848",
"2/1/2001","-63.4375","-7.02514982223511","82","26.835","20.965","0.21286008","1.22314252175951","0.867794939915364","14.59496754",
"2/2/2001","-63.4375","-7.02514982223511","82","27.208","20.546","4.6520198784","0.838925449648582","0.894819951884798","11.1568491",
"2/3/2001","-63.4375","-7.02514982223511","82","31.358","20.919","6.385805244","0.866446565877373","0.890307592788645","21.075127272",
"2/4/2001","-63.4375","-7.02514982223511","82","29.051","22.527","12.158779968","0.81871665852348","0.917457553968573","21.339675",
"2/5/2001","-63.4375","-7.02514982223511","82","26.164","21.347","21.9228769584","1.02068388239067","0.938646436738932","11.56612842",
"2/6/2001","-63.4375","-7.02514982223511","82","31.822","21.052","12.3793626024","0.884607609107235","0.869784441601644","24.748201512",
"2/7/2001","-63.4375","-7.02514982223511","82","29.44","21.563","13.3312231728","0.66796255746385","0.921238986046566","25.46077464",
"2/8/2001","-63.4375","-7.02514982223511","82","29.69","21.246","5.65023366","0.754462698885138","0.906428888134215","24.57826596",
"2/9/2001","-63.4375","-7.02514982223511","82","33.239","21.538","2.06851716","1.2431923744179","0.784522266600582","28.965202992",
"2/10/2001","-63.4375","-7.02514982223511","82","34.926","22.187","17.0279479728","0.975787772991923","0.842111377336475","25.02720108",
"2/11/2001","-63.4375","-7.02514982223511","82","31.91","22.244","6.5248475832","1.12952804393958","0.832926478306811","21.691748592",
"2/12/2001","-63.4375","-7.02514982223511","82","28.974","21.892","15.290737452","0.844211078905066","0.936934963207818","25.064550072",
"2/13/2001","-63.4375","-7.02514982223511","82","25.226","22.96","143.3149074","1.04545907842902","0.972355211094761","5.201380548",
"2/14/2001","-63.4375","-7.02514982223511","82","28.247","22.197","13.128659064","0.61725035496584","0.945382698430828","17.77190094",
"2/15/2001","-63.4375","-7.02514982223511","82","29.197","22.665","0.6128317224","0.693395760200401","0.896608544089456","13.61790162",
"2/16/2001","-63.4375","-7.02514982223511","82","30.51","23.012","6.0390461592","0.916085418226763","0.878326258134249","19.43166555",
"2/17/2001","-63.4375","-7.02514982223511","82","30.528","23.06","8.241467004","0.879475915453322","0.871582930940736","19.30465926",
"2/18/2001","-63.4375","-7.02514982223511","82","26.309","22.242","11.118511008","0.808515970307619","0.968322250350128","6.255618822",
"2/19/2001","-63.4375","-7.02514982223511","82","31.912","22.049","13.5286344","0.908327666122812","0.9104902162537","20.086257618",
"2/20/2001","-63.4375","-7.02514982223511","82","27.602","23.652","20.052627444","0.724297460547489","0.955131288867553","22.481208432",
"2/21/2001","-63.4375","-7.02514982223511","82","26.112","22.712","14.76201852","0.762563760280444","0.964628686404964","5.5313451",
"2/22/2001","-63.4375","-7.02514982223511","82","24.749","22.024","7.00722","0.852491364304919","0.969114874849502","5.164089912",
"2/23/2001","-63.4375","-7.02514982223511","82","29.263","21.932","23.840345916","0.686180724292513","0.937038200403515","14.676521868",
"2/24/2001","-63.4375","-7.02514982223511","82","25.694","21.285","107.2025352","0.671314341459336","0.974336959659996","9.91862217",
"2/25/2001","-63.4375","-7.02514982223511","82","29.983","22.177","3.586004604","0.735476527324714","0.919410603578524","17.51838705",
"2/26/2001","-63.4375","-7.02514982223511","82","29.752","21.604","8.519552532","0.732465089121547","0.949473558502664","11.17214568",
"2/27/2001","-63.4375","-7.02514982223511","82","24.596","21.675","4.0220274384","0.738244556509964","0.972589191717101","3.843559152",
"2/28/2001","-63.4375","-7.02514982223511","82","24.989","21.183","10.40782428","0.641285310505535","0.970465243487759","7.5921156",
"3/1/2001","-63.4375","-7.02514982223511","82","28.989","20.696","6.445882656","0.793481257866038","0.940147764005366","10.451414268",
"3/2/2001","-63.4375","-7.02514982223511","82","26.503","22.196","14.85900684","0.72037102746505","0.96860322432181","12.17896938",
"3/3/2001","-63.4375","-7.02514982223511","82","25.578","22.614","28.2022661448","0.71590255700331","0.975351236637826","4.44510216",
"3/4/2001","-63.4375","-7.02514982223511","82","31.154","22.534","7.3831560264","1.00620893900911","0.906816701318949","20.5642656",
"3/5/2001","-63.4375","-7.02514982223511","82","30.145","23.447","8.04490686","1.01080468453278","0.903381152918303","20.597235192",
"3/6/2001","-63.4375","-7.02514982223511","82","27.864","23.272","26.128584828","0.997246762505047","0.954223404274746","23.606037432",
"3/7/2001","-63.4375","-7.02514982223511","82","27.301","23.803","19.092175308","1.0510178734149","0.95912291184683","24.22912626",
"3/8/2001","-63.4375","-7.02514982223511","82","27.702","23.928","26.205823332","0.815542487036594","0.961860311107744","16.94649303",
"3/9/2001","-63.4375","-7.02514982223511","82","27.94","24.112","18.47763","0.823461685018818","0.964977422844825","9.196987032",
"3/10/2001","-63.4375","-7.02514982223511","82","29.717","23.167","8.258629068","0.704407719821772","0.926337296635822","22.433394528",
"3/11/2001","-63.4375","-7.02514982223511","82","34.92","22.986","5.343818076","0.816127125408073","0.806398535513421","19.0737036",
"3/12/2001","-63.4375","-7.02514982223511","82","27.532","22.96","3.42807732","0.756450832440681","0.939251598135512","8.31425778",
"3/13/2001","-63.4375","-7.02514982223511","82","24.704","21.291","0.219726828","0.753524548139694","0.946215102253404","2.858962896",
"3/14/2001","-63.4375","-7.02514982223511","82","34.724","21.017","0","1.30485048387105","0.718493971144774","15.918860592",
"3/15/2001","-63.4375","-7.02514982223511","82","35.461","21.941","5.377294584","0.948620777201031","0.806416512093034","24.34246362",
"3/16/2001","-63.4375","-7.02514982223511","82","31.554","21.809","10.52112924","1.38825335982565","0.868195046935475","27.88205652",
"3/17/2001","-63.4375","-7.02514982223511","82","26.749","22.905","6.8140947816","1.25274044426255","0.922761705898846","13.201488",
"3/18/2001","-63.4375","-7.02514982223511","82","23.912","21.631","59.59052712","0.926616720392763","0.978824646173124","3.861451962",
"3/19/2001","-63.4375","-7.02514982223511","82","30.593","21.284","1.172447496","1.19937580097809","0.866757061965759","19.031621832",
"3/20/2001","-63.4375","-7.02514982223511","82","29.331","22.749","10.8610146","0.925952050796196","0.942392371653495","21.0113388",
"3/21/2001","-63.4375","-7.02514982223511","82","33.367","23.205","7.6646738664","1.01431294301382","0.83209954579875","24.0287589",
"3/22/2001","-63.4375","-7.02514982223511","82","30.803","22.357","18.3574656","0.654487184243502","0.904421436057341","20.491202592",
"3/23/2001","-63.4375","-7.02514982223511","82","28.848","22.003","13.71918204","0.759218004602513","0.939893524985929","26.16361434",
"3/24/2001","-63.4375","-7.02514982223511","82","26.183","22.7","18.738561132","1.05290493576788","0.967750081202818","11.13198768",
"3/25/2001","-63.4375","-7.02514982223511","82","31.467","22.128","13.6436506848","1.24534048420445","0.891832756068137","22.3032906",
"3/26/2001","-63.4375","-7.02514982223511","82","27.767","21.682","36.158733216","0.937792041623757","0.952080077519719","15.12641061",
"3/27/2001","-63.4375","-7.02514982223511","82","25.977","23.263","163.4593849128","0.691440430909602","0.97546135433958","9.67725288",
"3/28/2001","-63.4375","-7.02514982223511","82","27.66","22.598","18.681908832","1.04457846247463","0.954964504173229","13.1403933",
"3/29/2001","-63.4375","-7.02514982223511","82","30.917","22.429","6.003852696","1.0517225657679","0.904372571698669","17.5266018",
"3/30/2001","-63.4375","-7.02514982223511","82","31.322","22.232","7.0724494728","0.899470716036588","0.890575541727752","19.71579096",
"3/31/2001","-63.4375","-7.02514982223511","82","30.32","22.267","15.0564164328","0.683664128036651","0.92082358951921","23.19429168",
"4/1/2001","-63.4375","-7.02514982223511","82","30.013","23.364","6.32915676","0.865953406960686","0.908711209562721","17.035528068",
"4/2/2001","-63.4375","-7.02514982223511","82","28.826","23.227","14.91566328","0.944628498106825","0.932250161287917","22.6702206",
"4/3/2001","-63.4375","-7.02514982223511","82","27.94","23.199","15.9765223464","1.01265969609103","0.95145947596082","18.29216088",
"4/4/2001","-63.4375","-7.02514982223511","82","23.544","20.504","25.11234","1.05687457028863","0.975626424519726","3.95173368",
"4/5/2001","-63.4375","-7.02514982223511","82","31.877","20.932","3.325942656","0.60571562230258","0.892357958650202","15.9679719",
"4/6/2001","-63.4375","-7.02514982223511","82","26.249","22.457","5.87940156","0.710098983316658","0.965972810986928","7.29258768",
"4/7/2001","-63.4375","-7.02514982223511","82","29.586","20.43","8.1144393408","0.77298046935034","0.931175883759482","21.05077428",
"4/8/2001","-63.4375","-7.02514982223511","82","28.181","23.141","8.37879696","0.702478144810159","0.956485005475115","12.427146108",
"4/9/2001","-63.4375","-7.02514982223511","82","32.515","21.708","4.334451192","1.04279326047686","0.849560975595698","26.53099182",
"4/10/2001","-63.4375","-7.02514982223511","82","31.22","21.466","5.454534204","0.913579849776436","0.907705748113229","24.20640036",
"4/11/2001","-63.4375","-7.02514982223511","82","32.118","21.54","3.7559503872","1.14340480302851","0.844813234923142","26.01889092",
"4/12/2001","-63.4375","-7.02514982223511","82","26.969","23.033","12.5484475968","0.938368494422829","0.964300197914908","16.7488893",
"4/13/2001","-63.4375","-7.02514982223511","82","33.335","22.893","11.1064888368","0.845419394508412","0.910010730602189","21.75311556",
"4/14/2001","-63.4375","-7.02514982223511","82","32.493","21.905","1.452255336","1.06268639928952","0.82275603579082","26.1273402",
"4/15/2001","-63.4375","-7.02514982223511","82","30.25","20.794","3.259848348","0.998645085338256","0.875510179367362","17.3347362",
"4/16/2001","-63.4375","-7.02514982223511","82","33.756","19.63","0.830841156","0.84088423440551","0.813080095693575","18.76483368",
"4/17/2001","-63.4375","-7.02514982223511","82","31.551","21.564","3.18432078","0.987193098388476","0.873505150399063","20.5815906",
"4/18/2001","-63.4375","-7.02514982223511","82","28.818","20.68","0.2986912656","1.0431244477488","0.879991285764425","10.65762702",
"4/19/2001","-63.4375","-7.02514982223511","82","29.197","21.637","7.2458249328","0.959820390740343","0.913834019285083","20.2751937",
"4/20/2001","-63.4375","-7.02514982223511","82","28.92","20.369","1.28917692","0.910094995036582","0.875318084388625","12.12919758",
"4/21/2001","-63.4375","-7.02514982223511","82","30.682","20.4","3.4950301704","0.997832784822632","0.874272823647903","16.19566992",
"4/22/2001","-63.4375","-7.02514982223511","82","31.039","22.242","8.2551960576","0.88223760778482","0.905109698094405","22.05888552",
"4/23/2001","-63.4375","-7.02514982223511","82","30.538","23.178","4.5730617264","1.06340085930154","0.912377819295149","18.6081201",
"4/24/2001","-63.4375","-7.02514982223511","82","26.433","22.787","0.9801875088","0.968429680922989","0.944168806606554","4.0602348",
"4/25/2001","-63.4375","-7.02514982223511","82","31.241","22.9","3.555111024","1.0786922308129","0.891665202653423","18.18855036",
"4/26/2001","-63.4375","-7.02514982223511","82","29.185","21.773","3.5224891272","1.17645532809271","0.919405365551861","18.5427522",
"4/27/2001","-63.4375","-7.02514982223511","82","33.158","20.591","1.1363980896","0.849096286410748","0.847546736742997","16.04643642",
"4/28/2001","-63.4375","-7.02514982223511","82","33.5","21.878","2.849581368","1.05896333887651","0.843581583833232","16.9165728",
"4/29/2001","-63.4375","-7.02514982223511","82","34.241","23.105","0","1.13912595244094","0.744936761608758","20.16309636",
"4/30/2001","-63.4375","-7.02514982223511","82","34.186","21.679","2.58522354","0.982675981759657","0.756954113393422","25.144880328",
"5/1/2001","-63.4375","-7.02514982223511","82","35.663","23.464","2.36720898","0.878133100822988","0.744862807133494","24.554133",
"5/2/2001","-63.4375","-7.02514982223511","82","31.399","22.745","3.46069188","1.31523264222606","0.808340320250315","22.36955616",
"5/3/2001","-63.4375","-7.02514982223511","82","31.402","23.156","2.1818162304","1.0535893665495","0.824759016231538","22.8327228",
"5/4/2001","-63.4375","-7.02514982223511","82","34.047","20.904","2.398107456","1.11789299900771","0.823204366009002","19.65948408",
"5/5/2001","-63.4375","-7.02514982223511","82","32.714","20.548","2.1183015528","1.03285097911699","0.839638385775109","23.137421832",
"5/6/2001","-63.4375","-7.02514982223511","82","32.756","21.749","4.06322748","0.961784433491242","0.849255472716895","22.08566286",
"5/7/2001","-63.4375","-7.02514982223511","82","29.116","21.905","1.9414905624","0.994339839725969","0.879429340168473","18.72073692",
"5/8/2001","-63.4375","-7.02514982223511","82","32.337","21.677","1.2908927448","0.626272333287646","0.857467233599792","14.3201871",
"5/9/2001","-63.4375","-7.02514982223511","82","33.11","22.079","2.70881928","1.26641953747884","0.799572853041196","23.5026018",
"5/10/2001","-63.4375","-7.02514982223511","82","31.69","21.568","2.315713176","0.43613208114589","0.904904005070632","14.00371704",
"5/11/2001","-63.4375","-7.02514982223511","82","29.171","21.48","8.5092578064","0.660047677494528","0.92959219734374","20.00474838",
"5/12/2001","-63.4375","-7.02514982223511","82","29.966","23.267","13.3226333064","0.785883746947507","0.935801259345592","14.36377914",
"5/13/2001","-63.4375","-7.02514982223511","82","26.482","22.329","17.00992296","1.47119954847441","0.959229881591979","14.4793692",
"5/14/2001","-63.4375","-7.02514982223511","82","27.122","21.112","6.04419912","1.43691084672057","0.946278622522831","11.47449474",
"5/15/2001","-63.4375","-7.02514982223511","82","30.699","21.291","1.5140529576","1.21022547187315","0.86647249499974","19.195146",
"5/16/2001","-63.4375","-7.02514982223511","82","34.825","19.372","0.38280492","0.878406333485164","0.779669221347968","19.76315886",
"5/17/2001","-63.4375","-7.02514982223511","82","27.734","21.187","10.3494672","1.29960421412446","0.905422542976792","22.20659226",
"5/18/2001","-63.4375","-7.02514982223511","82","33.79","21.385","3.4624062216","0.899026822090672","0.854934642834917","19.45945854",
"5/19/2001","-63.4375","-7.02514982223511","82","33.313","21.419","0.0772476768","1.03438901302706","0.799134201327179","21.74783076",
"5/20/2001","-63.4375","-7.02514982223511","82","30.791","21.093","9.352113552","0.794642357099813","0.908939016260353","22.74080256",
"5/21/2001","-63.4375","-7.02514982223511","82","34.245","20.875","1.483153992","0.971275027135736","0.835107788680269","16.13525868",
"5/22/2001","-63.4375","-7.02514982223511","82","30.157","20.534","8.014867632","0.741856352150907","0.897849439476587","22.6225071",
"5/23/2001","-63.4375","-7.02514982223511","82","32.554","19.972","7.4363724648","0.726905933635009","0.887133968220221","17.34559092",
"5/24/2001","-63.4375","-7.02514982223511","82","29.324","20.676","5.036548284","0.529072843513978","0.910880881399896","14.75493624",
"5/25/2001","-63.4375","-7.02514982223511","82","32.976","21.274","10.414699092","0.826153967728971","0.857243275591868","22.83699312",
"5/26/2001","-63.4375","-7.02514982223511","82","25.247","21.882","10.229304636","0.662319181968917","0.97084188810673","6.730653312",
"5/27/2001","-63.4375","-7.02514982223511","82","28.702","20.405","0.1459121328","0.999867509967806","0.870896233205594","13.65058026",
"5/28/2001","-63.4375","-7.02514982223511","82","30.669","20.837","0","0.996107470980214","0.818714844240847","15.44479056",
"5/29/2001","-63.4375","-7.02514982223511","82","32.79","20.94","1.72176336","1.01285192961332","0.788761665546045","22.97126448",
"5/30/2001","-63.4375","-7.02514982223511","82","33.356","22.081","5.4330810264","0.915000987432574","0.847725656656728","15.13597698",
"5/31/2001","-63.4375","-7.02514982223511","82","31.568","22.507","3.70274004","0.629242255216945","0.854746161375035","22.26391992",
"6/1/2001","-63.4375","-7.02514982223511","82","32.711","22.06","7.323075252","0.690568293275083","0.881388481840779","21.1852107",
"6/2/2001","-63.4375","-7.02514982223511","82","30.017","22.101","6.366920616","0.626689886389555","0.904552949404055","20.91515274",
"6/3/2001","-63.4375","-7.02514982223511","82","31.997","21.413","9.59758524","1.12032702124456","0.870768489281294","16.06826286",
"6/4/2001","-63.4375","-7.02514982223511","82","27.828","21.008","4.586789232","0.571046820649659","0.930909928483375","14.3499852",
"6/5/2001","-63.4375","-7.02514982223511","82","32.528","20.222","1.744079688","0.583199556534536","0.876375199204808","15.50177208",
"6/6/2001","-63.4375","-7.02514982223511","82","33.751","20.615","2.2127166","1.08017184729415","0.844293541136823","21.4007103",
"6/7/2001","-63.4375","-7.02514982223511","82","29.717","18.916","1.641081924","0.672935578996452","0.882716583359306","11.1803643",
"6/8/2001","-63.4375","-7.02514982223511","82","33.418","19.777","1.33209252","0.832346241761282","0.744980349867248","19.26387288",
"6/9/2001","-63.4375","-7.02514982223511","82","33.774","22.136","5.6064619728","1.21087928959015","0.838280436223252","14.69987082",
"6/10/2001","-63.4375","-7.02514982223511","82","33.82","20.757","0.38795472","1.24012141427513","0.698974751692981","22.6285893",
"6/11/2001","-63.4375","-7.02514982223511","82","34.247","18.837","0","1.11838372514368","0.595846622876796","22.7099268",
"6/12/2001","-63.4375","-7.02514982223511","82","34.376","15.604","0","0.886409417943886","0.661656625706793","23.1788241",
"6/13/2001","-63.4375","-7.02514982223511","82","33.585","18.354","0","1.17331614318996","0.726283907875824","16.9240491",
"6/14/2001","-63.4375","-7.02514982223511","82","31.089","21.316","0","1.09289441271083","0.786123076855814","19.1454732",
"6/15/2001","-63.4375","-7.02514982223511","82","32.065","20.609","1.75781088","1.27973165267351","0.813901900511495","15.54051906",
"6/16/2001","-63.4375","-7.02514982223511","82","34.521","19.272","0.0034332264","0.812172047732645","0.726517373760959","14.83087896",
"6/17/2001","-63.4375","-7.02514982223511","82","29.132","21.149","0.2780915184","0.925010097838772","0.85527384406226","11.6940411",
"6/18/2001","-63.4375","-7.02514982223511","82","27.809","19.121","1.290035448","2.09253475871554","0.804409104401802","13.1700906",
"6/19/2001","-63.4375","-7.02514982223511","82","26.828","15.357","0","2.01195237998575","0.693162754519054","22.6451808",
"6/20/2001","-63.4375","-7.02514982223511","82","28.356","15.935","0","1.94537360929173","0.69561656085423","22.76915202",
"6/21/2001","-63.4375","-7.02514982223511","82","29.193","15.464","0","1.58794455645961","0.696779080799023","22.88604006",
"6/22/2001","-63.4375","-7.02514982223511","82","30.894","16.89","0","1.52480673130389","0.663334384867944","22.71751974",
"6/23/2001","-63.4375","-7.02514982223511","82","29.311","18.896","0","1.30044350030966","0.651305707373647","15.909759",
"6/24/2001","-63.4375","-7.02514982223511","82","34.328","15.084","0","0.755636409156169","0.648220616096316","21.83230728",
"6/25/2001","-63.4375","-7.02514982223511","82","33.996","22.122","0.252342288","1.04484382603081","0.654293650192396","10.94917338",
"6/26/2001","-63.4375","-7.02514982223511","82","32.237","21.938","0.406837152","0.871878408205771","0.720589779014829","12.7786518",
"6/27/2001","-63.4375","-7.02514982223511","82","32.429","19.201","1.07803332","1.45255976009649","0.703677039348653","17.1245169",
"6/28/2001","-63.4375","-7.02514982223511","82","33.409","17.859","0","1.12066473872457","0.597797765934378","23.0869071",
"6/29/2001","-63.4375","-7.02514982223511","82","35.503","16.404","0","0.822867414324682","0.570200704710158","20.35675836",
"6/30/2001","-63.4375","-7.02514982223511","82","33.39","21.569","0","0.96716814453047","0.590397465466227","14.211563148",
"7/1/2001","-63.4375","-7.02514982223511","82","31.774","20.303","0","1.508333602675","0.722188178196804","21.96832446",
"7/2/2001","-63.4375","-7.02514982223511","82","32.401","20.789","0.38108844","0.977778359146953","0.717001310400303","13.378102812",
"7/3/2001","-63.4375","-7.02514982223511","82","35.507","19.057","0.79650864","0.929685607029841","0.745564339168156","13.51648728",
"7/4/2001","-63.4375","-7.02514982223511","82","31.686","18.693","0.0411987528","0.871790648839108","0.759340427697119","12.6151272",
"7/5/2001","-63.4375","-7.02514982223511","82","35.912","18.202","0.2197265904","0.840503704974593","0.662933392483024","19.62573696",
"7/6/2001","-63.4375","-7.02514982223511","82","36.628","21.599","1.3423913856","1.04193686397268","0.765758885870896","12.653667",
"7/7/2001","-63.4375","-7.02514982223511","82","33.704","21.136","0.010299672","1.05246837713689","0.762782667435682","15.287126868",
"7/8/2001","-63.4375","-7.02514982223511","82","32.924","21.025","0.02746584","1.05330091510784","0.715939785008934","14.898880332",
"7/9/2001","-63.4375","-7.02514982223511","82","27.787","19.58","1.0711675584","0.953119147223337","0.829644182269356","8.61322464",
"7/10/2001","-63.4375","-7.02514982223511","82","34.284","20.913","3.0967677504","0.816479361439824","0.768583036769451","14.79397248",
"7/11/2001","-63.4375","-7.02514982223511","82","36.187","16.372","0","0.883705267970767","0.632587313307652","23.44443948",
"7/12/2001","-63.4375","-7.02514982223511","82","32.665","20.65","0","0.919933386667704","0.605733066580661","10.879253712",
"7/13/2001","-63.4375","-7.02514982223511","82","35.26","22.401","0","1.15212704883753","0.632474615303936","9.935439408",
"7/14/2001","-63.4375","-7.02514982223511","82","31.176","18.278","0.0583648632","1.19853311345038","0.723876956176059","14.43741156",
"7/15/2001","-63.4375","-7.02514982223511","82","33.231","18.19","0","1.06640905853248","0.66268712432211","19.29953826",
"7/16/2001","-63.4375","-7.02514982223511","82","33.864","19.554","0","1.02908588089584","0.592087982367041","14.52476286",
"7/17/2001","-63.4375","-7.02514982223511","82","35.318","21.235","0","1.40922402729915","0.590172689770288","17.51676066",
"7/18/2001","-63.4375","-7.02514982223511","82","35.289","21.543","0","1.46825667303032","0.56397532516505","23.12082684",
"7/19/2001","-63.4375","-7.02514982223511","82","32.289","21.651","0.298690704","1.20647799736312","0.736005148950701","12.91460688",
"7/20/2001","-63.4375","-7.02514982223511","82","35.766","19.499","0","1.17904196638241","0.619508712891681","23.79976434",
"7/21/2001","-63.4375","-7.02514982223511","82","33.913","21.404","0","1.0419528045085","0.579683172580465","16.201857528",
"7/22/2001","-63.4375","-7.02514982223511","82","34.172","17.606","0","0.951602541401842","0.615000285732377","19.096882128",
"7/23/2001","-63.4375","-7.02514982223511","82","34.776","19.704","0","1.00088665432889","0.578169393536975","20.803837752",
"7/24/2001","-63.4375","-7.02514982223511","82","34.234","19.269","0","1.20231074489517","0.580197885320019","18.205987248",
"7/25/2001","-63.4375","-7.02514982223511","82","33.276","20.627","0","0.843971980016634","0.68279867666181","14.80595832",
"7/26/2001","-63.4375","-7.02514982223511","82","35.157","20.013","0.67977882","0.968350950180302","0.687880769987927","15.11899074",
"7/27/2001","-63.4375","-7.02514982223511","82","30.466","21.361","6.818391","1.69985550482592","0.833846736680931","23.33097486",
"7/28/2001","-63.4375","-7.02514982223511","82","28.319","18.009","0.830841408","2.36750360529187","0.673002559419568","23.9929326",
"7/29/2001","-63.4375","-7.02514982223511","82","33.251","15.547","0","1.35607319920957","0.594386521581216","24.73351506",
"7/30/2001","-63.4375","-7.02514982223511","82","35.495","14.989","0","0.929034668235114","0.604708495486059","24.76912338",
"7/31/2001","-63.4375","-7.02514982223511","82","37.744","18.403","0","0.910856087829141","0.492039520867329","24.85304424",
"8/1/2001","-63.4375","-7.02514982223511","82","36.542","17.407","0","1.05223783120435","0.529622618320681","14.5729701",
"8/2/2001","-63.4375","-7.02514982223511","82","37.525","19.618","0","1.27854462977117","0.39710128444785","25.11022842",
"8/3/2001","-63.4375","-7.02514982223511","82","37.664","15.591","0","1.12552319588523","0.427064221285699","25.5734379",
"8/4/2001","-63.4375","-7.02514982223511","82","36.498","14.555","0","1.40719679787276","0.37422253398498","25.70090364",
"8/5/2001","-63.4375","-7.02514982223511","82","37.031","18.307","0","1.07487047497263","0.42447630724275","19.1453031",
"8/6/2001","-63.4375","-7.02514982223511","82","38.67","17.746","0","0.849019143842468","0.422181574562851","25.23161556",
"8/7/2001","-63.4375","-7.02514982223511","82","37.267","17.307","0","1.51909254172673","0.361744313411228","25.732238328",
"8/8/2001","-63.4375","-7.02514982223511","82","37.845","18.067","0","1.37380123707088","0.337426732390814","25.856774568",
"8/9/2001","-63.4375","-7.02514982223511","82","38.642","17.966","0","0.971375701556666","0.423320428654146","25.529686848",
"8/10/2001","-63.4375","-7.02514982223511","82","38.779","18.89","0","1.25059322596073","0.335153305094737","20.970340002",
"8/11/2001","-63.4375","-7.02514982223511","82","39.28","17.113","0","1.15131054400977","0.340070020600739","25.853398992",
"8/12/2001","-63.4375","-7.02514982223511","82","40.254","18.595","0","0.828950962817054","0.417042535610129","21.698713332",
"8/13/2001","-63.4375","-7.02514982223511","82","40.249","16.769","0","0.842928278043395","0.414045561475276","24.23210904",
"8/14/2001","-63.4375","-7.02514982223511","82","38.493","23.273","0","1.21956657503497","0.480835465240935","12.5716482",
"8/15/2001","-63.4375","-7.02514982223511","82","38.527","22.516","0","1.14688603926661","0.534662803456402","20.4618933",
"8/16/2001","-63.4375","-7.02514982223511","82","38.495","24.159","0.0411987312","1.19930132588399","0.474233893058417","16.81734726",
"8/17/2001","-63.4375","-7.02514982223511","82","39.447","20.526","0","0.862710249076427","0.497775965152575","19.0882638",
"8/18/2001","-63.4375","-7.02514982223511","82","38.032","18.307","0","1.07433916164694","0.427994394073594","17.345765412",
"8/19/2001","-63.4375","-7.02514982223511","82","38.171","15.327","0","1.25329716649265","0.384391169639233","18.77253804",
"8/20/2001","-63.4375","-7.02514982223511","82","41.05","16.546","0","0.750507394964758","0.424361554599618","20.203093008",
"8/21/2001","-63.4375","-7.02514982223511","82","38.817","18.56","0","1.59094333474168","0.314750178510439","26.70497316",
"8/22/2001","-63.4375","-7.02514982223511","82","38.114","20.723","0","1.7595801178509","0.304482166265742","23.103624168",
"8/23/2001","-63.4375","-7.02514982223511","82","39","22.448","0","1.0204400216242","0.392885077188561","16.881639642",
"8/24/2001","-63.4375","-7.02514982223511","82","37.684","22.878","0.5596164576","1.01499126771237","0.538695141792497","10.34656893",
"8/25/2001","-63.4375","-7.02514982223511","82","38.856","22.285","0.06523128","1.18084823185085","0.569696773641987","20.260350792",
"8/26/2001","-63.4375","-7.02514982223511","82","38.599","22.444","1.6342146","0.948494286373729","0.615576774735955","16.49188386",
"8/27/2001","-63.4375","-7.02514982223511","82","41.11","23.689","0","1.25261294496605","0.501691088542712","17.23786596",
"8/28/2001","-63.4375","-7.02514982223511","82","36.074","22.074","0","1.16336045403481","0.564024063725872","13.1698179",
"8/29/2001","-63.4375","-7.02514982223511","82","38.977","23.232","0","1.01423401870937","0.429834336363816","17.424335088",
"8/30/2001","-63.4375","-7.02514982223511","82","36.546","25.744","0.0068664528","0.897397352400114","0.462906315089299","11.654498448",
"8/31/2001","-63.4375","-7.02514982223511","82","41.342","22.725","0","1.07427341965768","0.457347305630074","16.017191568",
"9/1/2001","-63.4375","-7.02514982223511","82","38.41","24.359","0.10299672","1.53711346544203","0.423528201156471","21.60168408",
"9/2/2001","-63.4375","-7.02514982223511","82","36.861","21.874","0","1.063014077694","0.481820196174338","12.699283032",
"9/3/2001","-63.4375","-7.02514982223511","82","32.755","20.237","0.106430076","0.997663275118387","0.595322604568925","14.23333404",
"9/4/2001","-63.4375","-7.02514982223511","82","37.316","19.999","1.8505091952","1.18979593297866","0.608086209004464","11.84546358",
"9/5/2001","-63.4375","-7.02514982223511","82","36.987","21.833","0.518417424","1.27155572582045","0.585348022120532","14.90501232",
"9/6/2001","-63.4375","-7.02514982223511","82","37.316","22.897","0","1.19944826171254","0.573807302619921","12.32949006",
"9/7/2001","-63.4375","-7.02514982223511","82","38.406","23.402","0.223159788","1.23876567783121","0.48533175711839","18.7080183",
"9/8/2001","-63.4375","-7.02514982223511","82","41.628","22.85","0","1.25220068764555","0.528955173841507","18.579547872",
"9/9/2001","-63.4375","-7.02514982223511","82","38.741","22.707","0.01373292","1.34472759373573","0.518847314563228","16.082380512",
"9/10/2001","-63.4375","-7.02514982223511","82","38.439","21.73","0","0.973809206482201","0.58020757873723","15.225974928",
"9/11/2001","-63.4375","-7.02514982223511","82","39.621","23.511","0.4755020544","1.05329174318517","0.557860393370536","15.604314768",
"9/12/2001","-63.4375","-7.02514982223511","82","36.946","22.379","2.18009718","1.55588425936166","0.589314526371814","25.25580504",
"9/13/2001","-63.4375","-7.02514982223511","82","37.281","22.024","0","1.21807703899678","0.564486943737296","16.926409728",
"9/14/2001","-63.4375","-7.02514982223511","82","36.742","25.49","0","1.17552366631527","0.533756710508304","15.107910768",
"9/15/2001","-63.4375","-7.02514982223511","82","36.341","21.383","2.1337497","1.15423464379444","0.732718418702006","13.443804792",
"9/16/2001","-63.4375","-7.02514982223511","82","38.241","20.087","4.4820828","1.20865112225273","0.698806315270615","17.94273264",
"9/17/2001","-63.4375","-7.02514982223511","82","31.739","18.352","7.087896144","1.86510092128612","0.766251261304511","21.354640128",
"9/18/2001","-63.4375","-7.02514982223511","82","36.961","20.374","0","0.933567499272201","0.607067596852901","25.372522008",
"9/19/2001","-63.4375","-7.02514982223511","82","36.933","21.745","0","0.954873392003531","0.470802237982612","17.708340672",
"9/20/2001","-63.4375","-7.02514982223511","82","36.675","23.694","0.424003644","1.37643089337179","0.517110318620007","17.70496902",
"9/21/2001","-63.4375","-7.02514982223511","82","35.844","22.177","0.482368644","1.24684747112341","0.567010736744577","18.589502088",
"9/22/2001","-63.4375","-7.02514982223511","82","37.69","23.17","0","1.45355023687796","0.493657908323669","19.3822335",
"9/23/2001","-63.4375","-7.02514982223511","82","35.629","22.354","0","1.13220840087031","0.503201523722144","17.39621052",
"9/24/2001","-63.4375","-7.02514982223511","82","31.417","23.528","0.4325865048","1.03999518010636","0.64271286927781","11.5988004",
"9/25/2001","-63.4375","-7.02514982223511","82","35.116","20.46","1.3217921064","1.11665210929958","0.661669069512784","14.71860036",
"9/26/2001","-63.4375","-7.02514982223511","82","38.877","22.906","0.60253128","1.03371199481401","0.603251090824373","17.287316712",
"9/27/2001","-63.4375","-7.02514982223511","82","42.011","24.105","0","0.959379090769665","0.482877475743298","19.40535396",
"9/28/2001","-63.4375","-7.02514982223511","82","38.994","25.679","0","1.83537325859267","0.474672365747621","20.600384292",
"9/29/2001","-63.4375","-7.02514982223511","82","40.418","21.97","1.75437936","1.09239315419545","0.615507368230641","10.0491129",
"9/30/2001","-63.4375","-7.02514982223511","82","40.009","22.545","0","0.995278530661037","0.493052478629673","21.351258",
"10/1/2001","-63.4375","-7.02514982223511","82","36.203","24.125","0.21200184","1.8046771217311","0.513661626435634","16.50600378",
"10/2/2001","-63.4375","-7.02514982223511","82","38.335","21.011","0.75187692","1.03122506283055","0.647801431878341","7.34225868",
"10/3/2001","-63.4375","-7.02514982223511","82","37.531","20.759","0.353622636","1.28657254846557","0.574967357347251","18.43323264",
"10/4/2001","-63.4375","-7.02514982223511","82","39.396","24.676","0.57849912","0.882413401390231","0.573037795634436","13.401617832",
"10/5/2001","-63.4375","-7.02514982223511","82","40.584","20.319","0.2420424","1.10695906492953","0.458031796372503","17.53958844",
"10/6/2001","-63.4375","-7.02514982223511","82","41.811","20.007","0","1.17676400083223","0.37783139896534","29.60482572",
"10/7/2001","-63.4375","-7.02514982223511","82","44.059","18.426","0","0.833137318496698","0.404281801860786","29.59160688",
"10/8/2001","-63.4375","-7.02514982223511","82","42.597","25.681","0","1.02409583686169","0.305520445457494","15.90660792",
"10/9/2001","-63.4375","-7.02514982223511","82","38.628","25.539","0.1527789528","1.36492275234923","0.366726229245119","16.7229036",
"10/10/2001","-63.4375","-7.02514982223511","82","37.915","23.765","0.279808056","1.04490860661605","0.442430069639993","20.69769996",
"10/11/2001","-63.4375","-7.02514982223511","82","39.149","24.449","1.22480388","0.829417702129092","0.534846444915692","12.66227064",
"10/12/2001","-63.4375","-7.02514982223511","82","38.717","20","0","1.09298798464566","0.476866332006385","20.36283084",
"10/13/2001","-63.4375","-7.02514982223511","82","38.146","22.2","3.7370709","1.066067325973","0.626291031841525","15.417",
"10/14/2001","-63.4375","-7.02514982223511","82","35.884","22.957","0.84457404","1.12970266776691","0.687903894353758","12.099596688",
"10/15/2001","-63.4375","-7.02514982223511","82","37.726","20.79","0.097847172","1.30640142257465","0.532613076106972","21.06067356",
"10/16/2001","-63.4375","-7.02514982223511","82","37.188","24.253","0.0240325992","1.39314366032222","0.560683400343827","14.77636632",
"10/17/2001","-63.4375","-7.02514982223511","82","36.303","23.87","0.99735264","1.41586302035362","0.609246810286695","14.63417028",
"10/18/2001","-63.4375","-7.02514982223511","82","37.3","22.269","7.1625696984","1.08551766968794","0.827327546919357","11.70005922",
"10/19/2001","-63.4375","-7.02514982223511","82","37.674","23.618","0.1416207312","1.12079741891194","0.754956317164256","13.88025072",
"10/20/2001","-63.4375","-7.02514982223511","82","37.985","23.124","0","1.1200221508272","0.658247533558574","16.22694672",
"10/21/2001","-63.4375","-7.02514982223511","82","36.797","22.847","0.71582778","0.902658880537159","0.720422842075759","14.4126504",
"10/22/2001","-63.4375","-7.02514982223511","82","34.97","23.427","8.329005","1.2466539600223","0.814780740663791","18.43042608",
"10/23/2001","-63.4375","-7.02514982223511","82","33.989","23.413","7.06472676","0.852989856401769","0.780792967192535","23.28276816",
"10/24/2001","-63.4375","-7.02514982223511","82","35.742","22.931","1.20506256","1.51727179305649","0.729925147185008","15.06532608",
"10/25/2001","-63.4375","-7.02514982223511","82","32.604","22.113","0.302123808","0.950143170045534","0.743469881906251","17.701988472",
"10/26/2001","-63.4375","-7.02514982223511","82","40.837","22.397","10.442163276","1.1286221664811","0.705894240328615","18.17133948",
"10/27/2001","-63.4375","-7.02514982223511","82","37.431","20.701","0.52356708","1.09037011644172","0.628683059187214","26.87378004",
"10/28/2001","-63.4375","-7.02514982223511","82","41.885","23.851","0","1.20815479904622","0.458534314424999","26.88682536",
"10/29/2001","-63.4375","-7.02514982223511","82","37.737","22.744","6.42871656","1.09524874735305","0.646727569579752","12.10241628",
"10/30/2001","-63.4375","-7.02514982223511","82","36.455","23.294","4.873466052","1.54029726431023","0.76338235079843","14.53815054",
"10/31/2001","-63.4375","-7.02514982223511","82","32.733","21.671","26.90793468","1.07095405272096","0.866200523977302","22.09241268",
"11/1/2001","-63.4375","-7.02514982223511","82","28.878","23.406","43.502434632","1.09145748617142","0.943680239983934","21.3043509",
"11/2/2001","-63.4375","-7.02514982223511","82","27.841","23.402","21.2001794064","0.932321837061404","0.947283982909585","18.68996268",
"11/3/2001","-63.4375","-7.02514982223511","82","35.988","22.55","3.1019216976","0.947992746402699","0.731079414647522","16.12227006",
"11/4/2001","-63.4375","-7.02514982223511","82","37.845","22.35","10.5262728264","1.19960477363958","0.709099080095402","18.32394402",
"11/5/2001","-63.4375","-7.02514982223511","82","37.463","23.268","4.8820488264","1.09019009687308","0.682665510878707","19.2569067",
"11/6/2001","-63.4375","-7.02514982223511","82","36.208","25.37","0.175094532","0.932001908314461","0.586795358125071","17.2545795",
"11/7/2001","-63.4375","-7.02514982223511","82","38.043","24.125","0.123596028","0.998463416434354","0.560270947329606","16.53278238",
"11/8/2001","-63.4375","-7.02514982223511","82","38.074","24.362","0.1029968784","1.00141085976432","0.524928638240156","15.3759915",
"11/9/2001","-63.4375","-7.02514982223511","82","31.986","23.156","49.1843988","0.724834192664063","0.915836806192598","11.537604144",
"11/10/2001","-63.4375","-7.02514982223511","82","34.78","22.819","0.741577536","1.23598865810149","0.740527316195036","19.357983",
"11/11/2001","-63.4375","-7.02514982223511","82","36.995","23.446","0","0.841581191052253","0.655759243164773","15.22648026",
"11/12/2001","-63.4375","-7.02514982223511","82","38.809","21.963","0.010299672","1.15514945642687","0.546169368226157","24.8231286",
"11/13/2001","-63.4375","-7.02514982223511","82","39.809","24.265","0.398254248","0.934416072582916","0.617928805334337","19.79072082",
"11/14/2001","-63.4375","-7.02514982223511","82","38.867","22.897","0","1.29158563255599","0.554339696888928","18.84161124",
"11/15/2001","-63.4375","-7.02514982223511","82","37.442","24.719","0","1.33945755730642","0.541167431933336","16.03355148",
"11/16/2001","-63.4375","-7.02514982223511","82","36.446","22.757","1.833343704","1.36559452888282","0.695468484077492","15.70809276",
"11/17/2001","-63.4375","-7.02514982223511","82","36.778","21.923","22.676434452","1.33487695578798","0.752489974908051","17.35429914",
"11/18/2001","-63.4375","-7.02514982223511","82","29.163","22.285","9.280015344","0.958103645683253","0.937976530957718","8.22853332",
"11/19/2001","-63.4375","-7.02514982223511","82","35.507","22.941","1.1260969632","1.1948169914329","0.810591706246365","17.15243364",
"11/20/2001","-63.4375","-7.02514982223511","82","32.918","23.746","5.6064566592","1.31503903371914","0.882002979883808","16.25714874",
"11/21/2001","-63.4375","-7.02514982223511","82","36.387","22.138","5.4004665024","0.823048286193426","0.784897893578342","12.66114474",
"11/22/2001","-63.4375","-7.02514982223511","82","31.096","23.625","14.24102832","1.32434725731261","0.841553948586658","22.5699759",
"11/23/2001","-63.4375","-7.02514982223511","82","34.818","23.287","1.36299222","1.35470699253575","0.704168986729368","25.78933134",
"11/24/2001","-63.4375","-7.02514982223511","82","36.605","22.941","0.99906984","1.09101792290588","0.605999104095337","18.35718228",
"11/25/2001","-63.4375","-7.02514982223511","82","30.414","23.159","10.8009319464","0.750313955608711","0.906036548290567","15.82959672",
"11/26/2001","-63.4375","-7.02514982223511","82","28.846","23.076","8.8130913624","0.812761591156885","0.943400425354813","12.37713948",
"11/27/2001","-63.4375","-7.02514982223511","82","32.637","22.274","4.0615103088","1.19078379754913","0.841251571507388","24.99722352",
"11/28/2001","-63.4375","-7.02514982223511","82","28.693","20.555","2.71053288","0.778425989162119","0.902924812321797","9.1995246",
"11/29/2001","-63.4375","-7.02514982223511","82","25.195","20.685","39.92498928","0.642013336367205","0.972752669376444","4.23056394",
"11/30/2001","-63.4375","-7.02514982223511","82","26.481","21.686","6.310276164","1.11765190597512","0.957635229682487","8.689446",
"12/1/2001","-63.4375","-7.02514982223511","82","31.055","22.179","4.3979632704","1.11786643714657","0.881591781760506","19.6107183",
"12/2/2001","-63.4375","-7.02514982223511","82","34.443","22.82","0.3501892512","1.24170171122554","0.753195627873692","18.80824698",
"12/3/2001","-63.4375","-7.02514982223511","82","37.17","22.699","0","0.933782220037883","0.708384159185499","19.76523372",
"12/4/2001","-63.4375","-7.02514982223511","82","37.772","23.889","0.343323","1.14918127846483","0.659676902260283","22.78495836",
"12/5/2001","-63.4375","-7.02514982223511","82","30.15","23.543","22.370919012","0.988439699552386","0.950285700147933","9.912037248",
"12/6/2001","-63.4375","-7.02514982223511","82","29.712","22.568","5.9326155648","1.0372173615887","0.918629128007883","20.19184218",
"12/7/2001","-63.4375","-7.02514982223511","82","35.942","23.125","30.9127939992","0.895713207381979","0.834240667238437","24.27260868",
"12/8/2001","-63.4375","-7.02514982223511","82","27.252","23.906","104.5125648","0.856171832272554","0.962078181939879","9.280293282",
"12/9/2001","-63.4375","-7.02514982223511","82","27.39","23.239","5.8665297384","1.09037849067263","0.91360553881956","9.50906196",
"12/10/2001","-63.4375","-7.02514982223511","82","27.193","23.358","6.8218245864","0.984007871022282","0.94308572036041","9.0945585",
"12/11/2001","-63.4375","-7.02514982223511","82","34.312","23.352","12.9930552648","1.05766604874352","0.899921353848326","22.9846464",
"12/12/2001","-63.4375","-7.02514982223511","82","26.82","24.164","16.4279916","1.01000967705422","0.962471364250067","8.84345328",
"12/13/2001","-63.4375","-7.02514982223511","82","27.457","22.476","27.5018905656","0.736526273758931","0.946523947443678","7.05487878",
"12/14/2001","-63.4375","-7.02514982223511","82","28.72","22.48","10.513404288","0.818920563980721","0.940320127370738","22.8130281",
"12/15/2001","-63.4375","-7.02514982223511","82","30.919","23.637","2.8744697448","0.98893482508336","0.880158371985132","17.40723768",
"12/16/2001","-63.4375","-7.02514982223511","82","28.823","22.881","21.637916748","0.830353033815575","0.947410695250162","16.90183098",
"12/17/2001","-63.4375","-7.02514982223511","82","28.983","24.058","10.17951948","0.899981709778099","0.941477483472515","12.56489712",
"12/18/2001","-63.4375","-7.02514982223511","82","29.474","23.542","17.14381866","1.16893403003539","0.929132905453196","16.0803",
"12/19/2001","-63.4375","-7.02514982223511","82","29.728","21.845","19.013216796","0.80448110126482","0.934020195971806","9.78777882",
"12/20/2001","-63.4375","-7.02514982223511","82","27.526","21.424","2.55432132","0.900821856046745","0.941145892137902","4.65536016",
"12/21/2001","-63.4375","-7.02514982223511","82","33.848","22.709","12.6634592016","0.994460809590321","0.85203969738264","24.1239897",
"12/22/2001","-63.4375","-7.02514982223511","82","25.742","23.612","24.23515716","0.907233323154245","0.971626827491233","5.48836668",
"12/23/2001","-63.4375","-7.02514982223511","82","30.24","23.444","8.54702136","1.16965633609729","0.908065837852247","15.59030364",
"12/24/2001","-63.4375","-7.02514982223511","82","30.085","23.813","14.47791624","1.26933255278235","0.932082235009366","18.64771848",
"12/25/2001","-63.4375","-7.02514982223511","82","29.444","23.441","23.21377668","0.886251369125761","0.950079983803894","14.10384204",
"12/26/2001","-63.4375","-7.02514982223511","82","29.123","23.426","20.40538824","0.735237954039204","0.951102373521889","13.1740353",
"12/27/2001","-63.4375","-7.02514982223511","82","30.34","23.255","29.1549492","0.574243960842623","0.939677095718347","16.2947781",
"12/28/2001","-63.4375","-7.02514982223511","82","31.311","23.69","13.1587017264","0.835666179114439","0.914403628044728","23.838588792",
"12/29/2001","-63.4375","-7.02514982223511","82","28.714","23.56","23.5673937864","0.699775857878842","0.944294196199217","9.55383939",
"12/30/2001","-63.4375","-7.02514982223511","82","29.34","22.477","4.68635328","0.584855423259717","0.925903170565062","9.887233536",
"12/31/2001","-63.4375","-7.02514982223511","82","28.772","22.757","8.4148357464","0.540698401235121","0.934891548175439","18.991634328",
"1/1/2002","-63.4375","-7.02514982223511","82","29.724","23.094","2.499389352","0.759734131586092","0.919797627353003","11.618939448",
"1/2/2002","-63.4375","-7.02514982223511","82","29.125","22.821","0.6763460184","1.1839952606962","0.885748831209814","11.015837568",
"1/3/2002","-63.4375","-7.02514982223511","82","29.98","22.815","20.13760116","0.794303801070907","0.92882580049311","15.3946062",
"1/4/2002","-63.4375","-7.02514982223511","82","27.137","23.191","0.4325867424","0.880848794378597","0.899795185600476","5.997713688",
"1/5/2002","-63.4375","-7.02514982223511","82","33.628","22.171","3.274442136","1.09429624192445","0.788835674526175","24.07527882",
"1/6/2002","-63.4375","-7.02514982223511","82","30.589","23.248","1.546668864","1.63217145159363","0.873564682879683","16.3527264",
"1/7/2002","-63.4375","-7.02514982223511","82","29.164","21.971","2.8409931864","1.09141174349302","0.892968435365568","10.76124852",
"1/8/2002","-63.4375","-7.02514982223511","82","30.047","21.243","0.5716323144","0.967024686179358","0.829499829547079","15.88371192",
"1/9/2002","-63.4375","-7.02514982223511","82","23.878","21.109","23.3734129128","0.955613279033834","0.95503360270777","2.94682518",
"1/10/2002","-63.4375","-7.02514982223511","82","31.99","20.503","10.0112926032","1.14820537551595","0.9210106660907","19.89849258",
"1/11/2002","-63.4375","-7.02514982223511","82","30.176","21.84","3.01694778","1.5807339372216","0.886536616814445","16.20404748",
"1/12/2002","-63.4375","-7.02514982223511","82","33.308","21.317","1.9243247328","1.01746268671976","0.807575026689063","25.8038424",
"1/13/2002","-63.4375","-7.02514982223511","82","31.303","23.484","9.037109664","0.957328386638977","0.861203240479396","23.8849335",
"1/14/2002","-63.4375","-7.02514982223511","82","30.361","23.354","0.293541156","1.18818316565081","0.860516336862327","15.74966106",
"1/15/2002","-63.4375","-7.02514982223511","82","31.482","22.117","5.4742825584","1.14210357990873","0.871842674010201","22.6547955",
"1/16/2002","-63.4375","-7.02514982223511","82","29.701","21.427","4.4460302832","1.15324084112533","0.905348551914774","16.81396722",
"1/17/2002","-63.4375","-7.02514982223511","82","26.874","21.937","18.7282562112","0.951146477571922","0.932256799706049","8.131782312",
"1/18/2002","-63.4375","-7.02514982223511","82","34.88","21.266","0.048065184","1.2168982305294","0.709157857248057","17.75593818",
"1/19/2002","-63.4375","-7.02514982223511","82","34.883","22.698","1.1260987704","0.93632363328665","0.75977428396302","12.2713335",
"1/20/2002","-63.4375","-7.02514982223511","82","34.333","22.443","2.80837692","1.21128515979669","0.831736142256961","19.60459128",
"1/21/2002","-63.4375","-7.02514982223511","82","33.334","22.177","1.4307981192","1.24297450490592","0.816891160981427","23.86085958",
"1/22/2002","-63.4375","-7.02514982223511","82","29.58","20.869","14.893342488","1.00227312851716","0.920635340461599","28.16471142",
"1/23/2002","-63.4375","-7.02514982223511","82","29.466","23.707","1.2763023768","0.927350294424061","0.913329591138016","14.867721",
"1/24/2002","-63.4375","-7.02514982223511","82","34.15","22.391","2.5036800768","1.14658019011773","0.832888142802416","17.0102259",
"1/25/2002","-63.4375","-7.02514982223511","82","33.042","19.8","9.853364304","0.720097164553225","0.898557380721973","28.65150342",
"1/26/2002","-63.4375","-7.02514982223511","82","30.268","22.63","6.54372558","1.00256597257926","0.91566590294648","19.650429",
"1/27/2002","-63.4375","-7.02514982223511","82","29.859","21.464","4.4520376608","0.849174260211499","0.926080054085523","13.41467298",
"1/28/2002","-63.4375","-7.02514982223511","82","31.238","23.249","13.6848508632","0.517799829360838","0.934547694743638","22.3239366",
"1/29/2002","-63.4375","-7.02514982223511","82","31.279","23.18","2.727700668","0.801769879014333","0.875220036485601","19.25228538",
"1/30/2002","-63.4375","-7.02514982223511","82","30.753","22.259","11.709882252","0.620812651409374","0.932537916783195","22.43311866",
"1/31/2002","-63.4375","-7.02514982223511","82","30.301","21.947","8.710098732","0.827414838198298","0.915213518943408","18.821191248",
"2/1/2002","-63.4375","-7.02514982223511","82","29.492","21.248","8.35647966","0.790703119925352","0.934379702338784","22.325964048",
"2/2/2002","-63.4375","-7.02514982223511","82","28.634","22.946","6.6810569328","0.861523714008507","0.945784947646725","19.76821668",
"2/3/2002","-63.4375","-7.02514982223511","82","33.128","22.405","5.893133796","0.824346256429505","0.884910040439002","21.826574712",
"2/4/2002","-63.4375","-7.02514982223511","82","31.538","23.305","5.6493760392","1.30226994729634","0.847388090566902","24.7029201",
"2/5/2002","-63.4375","-7.02514982223511","82","32.862","23.192","9.264567312","0.87180409236396","0.907602575154625","23.724453528",
"2/6/2002","-63.4375","-7.02514982223511","82","31.11","23.558","7.3453897944","0.635600711291535","0.907174671058482","18.11891178",
"2/7/2002","-63.4375","-7.02514982223511","82","26.321","23.331","47.5330016664","0.956944058340745","0.972546328569798","5.870362572",
"2/8/2002","-63.4375","-7.02514982223511","82","30.039","22.144","15.1079240376","0.945172333225031","0.841986989911813","17.949772728",
"2/9/2002","-63.4375","-7.02514982223511","82","28.061","22.109","9.693714312","1.09025696700634","0.924569587333386","19.618591752",
"2/10/2002","-63.4375","-7.02514982223511","82","32.227","23.209","14.4856478664","1.10868954717194","0.899395000603942","20.79051624",
"2/11/2002","-63.4375","-7.02514982223511","82","25.289","22.916","100.209032244","0.776777540409159","0.974916551497714","4.28186124",
"2/12/2002","-63.4375","-7.02514982223511","82","27.745","21.586","4.550742396","0.590008679660564","0.944438100015127","7.212262842",
"2/13/2002","-63.4375","-7.02514982223511","82","26.794","22.016","5.011656984","0.606922530520212","0.953409379951181","8.4028509",
"2/14/2002","-63.4375","-7.02514982223511","82","27.476","20.483","2.545739784","0.956855868121358","0.929170081120848","14.264932932",
"2/15/2002","-63.4375","-7.02514982223511","82","29.798","23.239","9.6456574296","1.28354127625617","0.911846727133675","19.79066655",
"2/16/2002","-63.4375","-7.02514982223511","82","29.449","23.742","12.4763486184","1.00741861178609","0.946793698597964","20.173106808",
"2/17/2002","-63.4375","-7.02514982223511","82","27.516","23.788","15.415192728","0.647590290729909","0.96628933868915","13.470748452",
"2/18/2002","-63.4375","-7.02514982223511","82","26.804","23.505","14.6418558552","0.466278737344195","0.969207541205619","6.649034148",
"2/19/2002","-63.4375","-7.02514982223511","82","32.345","22.855","1.194763968","0.851671397401452","0.851106968387216","21.179649168",
"2/20/2002","-63.4375","-7.02514982223511","82","31.517","23.518","3.4727099688","1.01809166937048","0.870814117906894","22.355775",
"2/21/2002","-63.4375","-7.02514982223511","82","25.671","21.362","10.9708866","0.633242996154669","0.971693083108802","4.56311502",
"2/22/2002","-63.4375","-7.02514982223511","82","29.256","21.602","5.5910122344","0.548435699435886","0.9202539370322","17.181841032",
"2/23/2002","-63.4375","-7.02514982223511","82","28.149","22.937","11.6317709064","0.974778223294689","0.946004129094607","23.70228714",
"2/24/2002","-63.4375","-7.02514982223511","82","34.182","22.086","3.0727386","1.20604461902797","0.809961445195622","27.8341893",
"2/25/2002","-63.4375","-7.02514982223511","82","35.01","22.204","3.3885962208","0.767243846722481","0.813590468398727","23.597550432",
"2/26/2002","-63.4375","-7.02514982223511","82","32.122","23.219","6.47163324","1.1533464240979","0.861641091177262","22.920635808",
"2/27/2002","-63.4375","-7.02514982223511","82","30.938","23.225","6.5814962184","1.11780718324612","0.88968275793501","20.48552478",
"2/28/2002","-63.4375","-7.02514982223511","82","31.518","23.778","3.634932456","0.84268047078308","0.912072889403231","15.46126893",
"3/1/2002","-63.4375","-7.02514982223511","82","33.954","23.377","4.5670494528","1.23405326675807","0.830470121280081","22.99285764",
"3/2/2002","-63.4375","-7.02514982223511","82","29.22","22.298","20.96843328","0.770706753469571","0.953699852614182","12.93513507",
"3/3/2002","-63.4375","-7.02514982223511","82","31.164","22.745","13.3140630744","0.934377200322327","0.925747124792913","25.508759472",
"3/4/2002","-63.4375","-7.02514982223511","82","28.85","22.487","18.364328712","0.55587648956806","0.945557896670087","25.293201192",
"3/5/2002","-63.4375","-7.02514982223511","82","28.16","22.201","15.008353308","0.68812503218666","0.947552164768909","22.245302808",
"3/6/2002","-63.4375","-7.02514982223511","82","32.029","22.886","15.319059516","1.14701153214051","0.883392497876697","19.470262968",
"3/7/2002","-63.4375","-7.02514982223511","82","28.866","22.703","10.09540962","1.49154263711441","0.923034159451501","16.497565488",
"3/8/2002","-63.4375","-7.02514982223511","82","31.158","22.488","19.717887276","0.908244296049039","0.939314809963413","22.991058",
"3/9/2002","-63.4375","-7.02514982223511","82","30.37","23.93","11.952787356","1.11082672039127","0.937623453884595","19.823404068",
"3/10/2002","-63.4375","-7.02514982223511","82","31.804","23.716","5.331799692","0.821573645683274","0.874731621610462","17.033849928",
"3/11/2002","-63.4375","-7.02514982223511","82","26.988","23.102","6.9728833512","0.910914468164212","0.950705365069498","9.92492208",
"3/12/2002","-63.4375","-7.02514982223511","82","31.798","21.553","13.2574049424","0.795175758829823","0.903539940507908","23.444373672",
"3/13/2002","-63.4375","-7.02514982223511","82","31.069","23.937","12.66689196","1.08335772333891","0.888734923754706","21.29945886",
"3/14/2002","-63.4375","-7.02514982223511","82","32.583","23.184","10.2284445384","1.15300828233907","0.874851421500142","21.151630368",
"3/15/2002","-63.4375","-7.02514982223511","82","32.317","21.674","9.115220448","1.22509854252882","0.875341604543252","27.36359946",
"3/16/2002","-63.4375","-7.02514982223511","82","33.391","23.609","13.947482268","0.813462408105347","0.913044599361593","16.290342288",
"3/17/2002","-63.4375","-7.02514982223511","82","32.561","23.493","5.167007532","0.805593863351881","0.889607700235793","21.0299652",
"3/18/2002","-63.4375","-7.02514982223511","82","32.468","22.396","1.977539436","1.22878899162631","0.842148867100218","22.768146792",
"3/19/2002","-63.4375","-7.02514982223511","82","30.405","21.035","9.5975802","0.903767671019282","0.920295863818754","27.590457528",
"3/20/2002","-63.4375","-7.02514982223511","82","30.341","23.241","18.069072408","1.21306246751938","0.91539747147782","26.397391392",
"3/21/2002","-63.4375","-7.02514982223511","82","27.463","23.468","10.164068532","1.0590443469203","0.958042164863339","9.87930306",
"3/22/2002","-63.4375","-7.02514982223511","82","29.625","22.942","13.48743636","0.948949660388602","0.946470703670303","18.079986582",
"3/23/2002","-63.4375","-7.02514982223511","82","28.693","23.768","116.08428672","0.953439538289464","0.933944263340442","11.73571893",
"3/24/2002","-63.4375","-7.02514982223511","82","27.327","23.568","23.694421176","0.669621606836508","0.960873149925955","13.36370418",
"3/25/2002","-63.4375","-7.02514982223511","82","29.494","23","28.2623328","0.814905012973821","0.945020861096521","13.825409832",
"3/26/2002","-63.4375","-7.02514982223511","82","26.17","22.568","0.6969452184","1.11081600264992","0.908883083227226","7.486533648",
"3/27/2002","-63.4375","-7.02514982223511","82","28.154","21.585","0.4360200192","1.34407289049488","0.86378678914636","9.89122437",
"3/28/2002","-63.4375","-7.02514982223511","82","27.447","21.217","10.276509384","1.04627529468935","0.952276654084697","20.06882208",
"3/29/2002","-63.4375","-7.02514982223511","82","28.185","21.094","16.2666314064","0.908921379621707","0.946003776525172","23.393929608",
"3/30/2002","-63.4375","-7.02514982223511","82","27.987","23.06","20.04747696","0.641631175872305","0.957279927318021","16.213270032",
"3/31/2002","-63.4375","-7.02514982223511","82","29.236","23.825","19.232080416","0.917460731111927","0.945377745439773","20.3048442",
"4/1/2002","-63.4375","-7.02514982223511","82","27.716","23.579","12.654881892","0.990475776416058","0.95879106420843","13.49521848",
"4/2/2002","-63.4375","-7.02514982223511","82","31.233","23.408","4.61769498","1.10589174841071","0.89330764524295","22.5345951",
"4/3/2002","-63.4375","-7.02514982223511","82","27.62","21.883","4.80651714","0.70857770189513","0.949052635856857","14.01524784",
"4/4/2002","-63.4375","-7.02514982223511","82","31.237","22.031","9.52720848","1.24071552747242","0.906668014178786","26.09651304",
"4/5/2002","-63.4375","-7.02514982223511","82","27.464","22.925","7.911867744","0.743565672557255","0.961632976678534","13.141628352",
"4/6/2002","-63.4375","-7.02514982223511","82","31.724","23.089","10.2001171464","0.949689207191658","0.932848621428227","23.26257486",
"4/7/2002","-63.4375","-7.02514982223511","82","32.552","23.954","13.58185176","0.717525657408431","0.917894598005283","18.900677268",
"4/8/2002","-63.4375","-7.02514982223511","82","33.649","22.712","6.863018724","0.881548126413383","0.875463423648993","16.531704612",
"4/9/2002","-63.4375","-7.02514982223511","82","28.549","23.667","24.07379436","0.681022698146241","0.951339633073965","23.7274407",
"4/10/2002","-63.4375","-7.02514982223511","82","29.279","23.485","11.87209944","0.866850320075178","0.920387593649353","24.567692472",
"4/11/2002","-63.4375","-7.02514982223511","82","27.344","23.407","22.75199928","0.843442353677896","0.965898650793519","17.81370432",
"4/12/2002","-63.4375","-7.02514982223511","82","31.012","23.09","7.824327264","1.04648214019356","0.929497866043677","19.53804618",
"4/13/2002","-63.4375","-7.02514982223511","82","32.039","22.795","12.452321628","0.922121563653517","0.919598799206207","21.066246468",
"4/14/2002","-63.4375","-7.02514982223511","82","31.173","22.852","11.817167724","0.856134950646535","0.910578086033604","19.9558638",
"4/15/2002","-63.4375","-7.02514982223511","82","29.434","21.833","9.637067808","1.00903696065928","0.921006364332209","19.87160652",
"4/16/2002","-63.4375","-7.02514982223511","82","32.107","23.718","2.495957688","1.09653034347979","0.88934363282873","19.814121",
"4/17/2002","-63.4375","-7.02514982223511","82","28.371","22.835","13.07373768","0.862669225917805","0.947353988711411","18.927452268",
"4/18/2002","-63.4375","-7.02514982223511","82","32.065","22.745","13.3312284792","1.18530581841236","0.876647704081645","21.91179564",
"4/19/2002","-63.4375","-7.02514982223511","82","30.093","21.841","18.766022112","0.635674082799275","0.9398799865871","20.0839464",
"4/20/2002","-63.4375","-7.02514982223511","82","32.524","20.406","6.9625870848","0.961611869359959","0.81498245897669","21.63178386",
"4/21/2002","-63.4375","-7.02514982223511","82","31.111","20.469","5.681988792","1.07725163505604","0.864982296632787","24.11994762",
"4/22/2002","-63.4375","-7.02514982223511","82","31.252","20.41","5.716322172","0.90525513754481","0.915410124862144","25.2550737",
"4/23/2002","-63.4375","-7.02514982223511","82","33.979","20.401","1.8333436464","0.781518201616168","0.84192380936803","19.01435022",
"4/24/2002","-63.4375","-7.02514982223511","82","30.298","21.86","5.187605796","0.814931750952244","0.918877928199196","15.00046632",
"4/25/2002","-63.4375","-7.02514982223511","82","29.64","23.256","7.994272032","0.904752187265101","0.939190033641483","13.72118148",
"4/26/2002","-63.4375","-7.02514982223511","82","30.079","21.162","4.473497088","0.717857291392448","0.896069314745239","19.1356326",
"4/27/2002","-63.4375","-7.02514982223511","82","29.452","21.718","9.22851864","0.820449541682698","0.895033801602761","9.90185526",
"4/28/2002","-63.4375","-7.02514982223511","82","32.679","22.343","4.761888768","0.860432861831569","0.872045697381773","13.60141956",
"4/29/2002","-63.4375","-7.02514982223511","82","28.959","22.095","5.92575408","0.795317827568586","0.922530623171063","22.55625072",
"4/30/2002","-63.4375","-7.02514982223511","82","28.57","22.017","14.6564487648","0.594627966385235","0.947331436750497","20.44519218",
"5/1/2002","-63.4375","-7.02514982223511","82","32.431","22.621","10.340889876","0.939189593942377","0.87729913465414","19.8004482",
"5/2/2002","-63.4375","-7.02514982223511","82","32.596","21.242","3.239251812","0.912282018483859","0.839982668643147","21.8959308",
"5/3/2002","-63.4375","-7.02514982223511","82","33.238","20.74","5.245971624","0.572768388106203","0.8651758668627","24.54839766",
"5/4/2002","-63.4375","-7.02514982223511","82","30.083","21.458","3.917314224","1.00774087349732","0.884564981464576","24.44196888",
"5/5/2002","-63.4375","-7.02514982223511","82","30.467","20.885","5.118941412","0.753927893960631","0.904197480295898","19.8260982",
"5/6/2002","-63.4375","-7.02514982223511","82","29.778","20.647","9.317782296","0.926649122159234","0.932123776210512","20.9395035",
"5/7/2002","-63.4375","-7.02514982223511","82","28.934","22.857","7.250971896","0.826271492203687","0.931266310307093","18.44532846",
"5/8/2002","-63.4375","-7.02514982223511","82","31.157","21.164","4.682918844","0.631160853328859","0.914109297563267","22.66306884",
"5/9/2002","-63.4375","-7.02514982223511","82","30.578","20.711","6.2725038624","0.790449759300669","0.933324520185947","18.14968188",
"5/10/2002","-63.4375","-7.02514982223511","82","31.685","21.759","4.9507168464","1.19680636630397","0.832737166162477","22.75054236",
"5/11/2002","-63.4375","-7.02514982223511","82","29.696","21.746","10.560606588","0.699232412326664","0.925686764120406","15.633225468",
"5/12/2002","-63.4375","-7.02514982223511","82","31.438","22.275","10.1177172","0.599710652900309","0.926691866980305","23.42480742",
"5/13/2002","-63.4375","-7.02514982223511","82","30.643","21.454","1.623916332","0.631132769615247","0.891798808000986","10.8879759",
"5/14/2002","-63.4375","-7.02514982223511","82","31.746","23.143","6.5248488","1.07438605247792","0.87283086039094","20.6171406",
"5/15/2002","-63.4375","-7.02514982223511","82","33.191","23.985","0.8686073664","1.04608839382861","0.838320495513544","16.82622378",
"5/16/2002","-63.4375","-7.02514982223511","82","34.362","21.627","0","0.77834433272567","0.774766704509849","17.5175433",
"5/17/2002","-63.4375","-7.02514982223511","82","35.851","22.131","0","1.18495872532985","0.663526506866407","23.4348174",
"5/18/2002","-63.4375","-7.02514982223511","82","32.799","23.617","5.98754448","1.29273017123889","0.836003348985771","22.631796",
"5/19/2002","-63.4375","-7.02514982223511","82","30.729","22.453","12.49351668","1.00302545308044","0.928184837375039","19.4862924",
"5/20/2002","-63.4375","-7.02514982223511","82","29.089","22.666","8.562473316","0.597385459125228","0.949614364648106","14.976671652",
"5/21/2002","-63.4375","-7.02514982223511","82","26.715","23.753","7.54279992","0.832761160153429","0.97026489061748","9.92924712",
"5/22/2002","-63.4375","-7.02514982223511","82","26.615","22.888","6.638151204","1.32125334101062","0.952865178584994","16.77897432",
"5/23/2002","-63.4375","-7.02514982223511","82","30.221","21.328","1.081466388","1.13688124667927","0.850011622924322","23.14552788",
"5/24/2002","-63.4375","-7.02514982223511","82","31.843","21.092","0.1270294488","1.26678290853355","0.793917797136733","14.86293624",
"5/25/2002","-63.4375","-7.02514982223511","82","33.448","17.465","0","1.02064953618354","0.724964940654742","23.54000526",
"5/26/2002","-63.4375","-7.02514982223511","82","33.582","18.26","0.00686646","1.22407281350965","0.703486771551059","22.7512152",
"5/27/2002","-63.4375","-7.02514982223511","82","29.489","22.966","7.0758812592","1.21076142851313","0.873906162119338","17.46720072",
"5/28/2002","-63.4375","-7.02514982223511","82","29.948","23.277","5.575563252","0.621051329993899","0.921852862522865","12.791583",
"5/29/2002","-63.4375","-7.02514982223511","82","30.261","22.571","10.4404459824","0.520318948542496","0.91727152662676","16.6903353",
"5/30/2002","-63.4375","-7.02514982223511","82","30.929","22.054","4.9919126328","1.09787797166407","0.892735258735868","20.7037674",
"5/31/2002","-63.4375","-7.02514982223511","82","33.642","19.559","1.23596208","1.21788245485131","0.748886887821892","23.021325",
"6/1/2002","-63.4375","-7.02514982223511","82","32.413","19.746","2.42386056","0.814556773357683","0.849538056650198","11.35687356",
"6/2/2002","-63.4375","-7.02514982223511","82","33.611","21.332","0.3124236384","0.788043666366728","0.754673244457403","19.90265292",
"6/3/2002","-63.4375","-7.02514982223511","82","30.096","20.998","4.2091388784","0.828986026535985","0.864902143029625","22.23793404",
"6/4/2002","-63.4375","-7.02514982223511","82","34.299","22.856","0.24719256","1.09242344865054","0.763229157592621","21.43872918",
"6/5/2002","-63.4375","-7.02514982223511","82","33.817","20.672","0","1.15503904746838","0.708236168783203","22.0827366",
"6/6/2002","-63.4375","-7.02514982223511","82","33.924","23.316","0.44631954","1.23689211269519","0.701619928611947","16.026471",
"6/7/2002","-63.4375","-7.02514982223511","82","34.104","22.804","0.6660469224","1.03057456122124","0.738616538542929","20.5230933",
"6/8/2002","-63.4375","-7.02514982223511","82","33.939","21.511","0","1.2045349555106","0.685543665329918","21.56450418",
"6/9/2002","-63.4375","-7.02514982223511","82","32.742","19.788","2.73971718","1.00885500227969","0.816523149819849","22.3151103",
"6/10/2002","-63.4375","-7.02514982223511","82","32.661","20.309","0","1.009490383771","0.74909251800652","19.57123278",
"6/11/2002","-63.4375","-7.02514982223511","82","33.319","21.905","0","1.02956364894862","0.69810552923698","16.9847991",
"6/12/2002","-63.4375","-7.02514982223511","82","26.861","19.546","0","0.727073677127332","0.850274871277625","3.131267292",
"6/13/2002","-63.4375","-7.02514982223511","82","33.348","20.466","0","1.00765049052717","0.692307120252169","14.6781585",
"6/14/2002","-63.4375","-7.02514982223511","82","33.862","15.399","0","1.19560289033938","0.620117311894541","23.17162482",
"6/15/2002","-63.4375","-7.02514982223511","82","32.148","20.237","0","1.82471646240207","0.568865806184428","22.8045402",
"6/16/2002","-63.4375","-7.02514982223511","82","32.013","16.602","0","1.07151295191011","0.694567008650927","16.4822679",
"6/17/2002","-63.4375","-7.02514982223511","82","34.122","20.348","0","1.02410345722622","0.629635444472685","16.54632846",
"6/18/2002","-63.4375","-7.02514982223511","82","34.279","19.531","0","0.779569639267326","0.703327875668594","9.79858908",
"6/19/2002","-63.4375","-7.02514982223511","82","34.038","18.715","0","1.4529446042326","0.621307975048944","16.2584982",
"6/20/2002","-63.4375","-7.02514982223511","82","33.973","18.462","0","1.45577279526455","0.488699795547549","23.34920868",
"6/21/2002","-63.4375","-7.02514982223511","82","33.752","16.916","0","1.33957117885791","0.516404947982759","22.28101848",
"6/22/2002","-63.4375","-7.02514982223511","82","33.649","19.597","0","1.53317477285532","0.552678252381659","22.73804352",
"6/23/2002","-63.4375","-7.02514982223511","82","30.751","15.917","0","1.07881702581431","0.655963112424001","11.66676102",
"6/24/2002","-63.4375","-7.02514982223511","82","32.713","15.828","0","1.60766546774951","0.609523029706545","22.88222136",
"6/25/2002","-63.4375","-7.02514982223511","82","33.199","21.061","0","1.50474374392003","0.552529684215755","22.86584226",
"6/26/2002","-63.4375","-7.02514982223511","82","34.119","19.592","0","0.876102166064472","0.53182719857545","22.77831672",
"6/27/2002","-63.4375","-7.02514982223511","82","34.991","20.17","0","1.14794188413451","0.57984895898037","20.1176991",
"6/28/2002","-63.4375","-7.02514982223511","82","32.322","22.345","0","1.45390140601116","0.660899189015073","14.9657076",
"6/29/2002","-63.4375","-7.02514982223511","82","35.038","19.36","0.12359628","1.00752120756584","0.686843840098171","22.4582076",
"6/30/2002","-63.4375","-7.02514982223511","82","34.744","20.177","0","1.23013595227074","0.619910621838723","19.8500571",
"7/1/2002","-63.4375","-7.02514982223511","82","36.147","15.09","0","0.975657780583856","0.534933412998859","23.3650683",
"7/2/2002","-63.4375","-7.02514982223511","82","36.009","16.433","0","0.89471065748372","0.573750740388126","23.29301088",
"7/3/2002","-63.4375","-7.02514982223511","82","32.569","17.327","0","0.73773484296849","0.595642716092186","7.513929",
"7/4/2002","-63.4375","-7.02514982223511","82","35.492","22.655","0","1.15960509017903","0.558939162674141","17.31566988",
"7/5/2002","-63.4375","-7.02514982223511","82","33.957","21.4","0","1.25500230029379","0.662462472161869","13.73850018",
"7/6/2002","-63.4375","-7.02514982223511","82","32.979","20.749","0","0.892662768762052","0.69217960620684","7.32515508",
"7/7/2002","-63.4375","-7.02514982223511","82","29.976","18.232","0","0.727140615977354","0.726187097934115","7.5222567",
"7/8/2002","-63.4375","-7.02514982223511","82","33.784","20.299","0","1.21423798360751","0.661833435428302","19.78976808",
"7/9/2002","-63.4375","-7.02514982223511","82","34.862","19.609","0","1.15696310960934","0.585593769099621","20.70118296",
"7/10/2002","-63.4375","-7.02514982223511","82","33.994","23.195","0","0.803050901161189","0.576238681162255","9.5780781",
"7/11/2002","-63.4375","-7.02514982223511","82","32.703","16.701","0","1.1883686368726","0.639932342720082","14.0528205",
"7/12/2002","-63.4375","-7.02514982223511","82","35.976","19.443","0","1.10046943433335","0.549226505122964","18.0019089",
"7/13/2002","-63.4375","-7.02514982223511","82","36.626","20.01","0","0.976287996715809","0.575864386028461","9.99343242",
"7/14/2002","-63.4375","-7.02514982223511","82","35.539","19.972","0.235176012","0.972409841952425","0.65167122378869","12.9153969",
"7/15/2002","-63.4375","-7.02514982223511","82","34.736","19.415","0.168228252","0.988019283296607","0.668305465252942","14.22595854",
"7/16/2002","-63.4375","-7.02514982223511","82","35.411","22.208","0.0343322856","1.03795624984271","0.605995732518225","14.10766668",
"7/17/2002","-63.4375","-7.02514982223511","82","32.422","21.646","2.001572424","0.905075965313082","0.770039477514432","8.66907954",
"7/18/2002","-63.4375","-7.02514982223511","82","35.293","17.949","0.024032592","0.977698742451974","0.744151996561513","9.18174978",
"7/19/2002","-63.4375","-7.02514982223511","82","36.555","21.025","0.0034332264","1.02275787831358","0.62092168178713","16.02326322",
"7/20/2002","-63.4375","-7.02514982223511","82","36.363","20.313","0.1836773856","0.997772668357816","0.599714939735168","20.40040872",
"7/21/2002","-63.4375","-7.02514982223511","82","36.384","24.141","0","0.97450299156484","0.521464026851252","14.65958862",
"7/22/2002","-63.4375","-7.02514982223511","82","36.032","22.897","0","1.35430356763194","0.530720539432692","15.34989141",
"7/23/2002","-63.4375","-7.02514982223511","82","35.448","21.096","0","1.13918354900198","0.618756085704532","9.72477954",
"7/24/2002","-63.4375","-7.02514982223511","82","38.458","20.436","0","1.22255921133224","0.548680665878344","22.12751304",
"7/25/2002","-63.4375","-7.02514982223511","82","36.149","20.452","0","1.62209738865379","0.431915466740755","23.9416848",
"7/26/2002","-63.4375","-7.02514982223511","82","29.203","17.674","0","0.839782948850441","0.584081670162622","7.7038308",
"7/27/2002","-63.4375","-7.02514982223511","82","35.164","19.108","0","1.05830606284684","0.580227082209394","15.4845",
"7/28/2002","-63.4375","-7.02514982223511","82","35.097","20.59","0.218010132","1.34962886580948","0.638505493579178","12.930808032",
"7/29/2002","-63.4375","-7.02514982223511","82","35.187","21.07","0.0446319648","0.912098223937218","0.670420007221817","13.737991068",
"7/30/2002","-63.4375","-7.02514982223511","82","35.451","23.094","0.024032592","1.12370694737536","0.547899154343366","20.4662223",
"7/31/2002","-63.4375","-7.02514982223511","82","35.948","22.51","0","1.21394043789284","0.450344862254381","19.388026332",
"8/1/2002","-63.4375","-7.02514982223511","82","38.045","20.355","0","1.36311236699863","0.524766197880118","17.23623192",
"8/2/2002","-63.4375","-7.02514982223511","82","36.426","16.258","0","1.25962217609547","0.521760271534422","21.5436384",
"8/3/2002","-63.4375","-7.02514982223511","82","37.084","20.393","0.5321501064","0.890231324157685","0.623806089444792","14.6730429",
"8/4/2002","-63.4375","-7.02514982223511","82","35.68","21.404","0.57678228","1.31792376261596","0.577407022993795","22.359435768",
"8/5/2002","-63.4375","-7.02514982223511","82","36.873","20.739","0","1.46720929365288","0.516725622768564","17.78517522",
"8/6/2002","-63.4375","-7.02514982223511","82","34.953","22.384","0.02746584","1.05598227441585","0.54716734900149","18.2563299",
"8/7/2002","-63.4375","-7.02514982223511","82","36.424","20.836","0","1.31444803284066","0.569637234696144","24.08669622",
"8/8/2002","-63.4375","-7.02514982223511","82","38.099","20.259","0","1.25400085126311","0.420763846000293","25.21822122",
"8/9/2002","-63.4375","-7.02514982223511","82","38.188","17.159","0","1.25043338020507","0.401374649754527","24.120956448",
"8/10/2002","-63.4375","-7.02514982223511","82","37.8","21.192","0","1.69067365671341","0.382887528599868","25.53429294",
"8/11/2002","-63.4375","-7.02514982223511","82","40.488","17.39","0","0.854637550516215","0.404539886194155","25.58660742",
"8/12/2002","-63.4375","-7.02514982223511","82","38.427","19.685","0","1.17592356479112","0.48797264249945","18.30363876",
"8/13/2002","-63.4375","-7.02514982223511","82","38.514","22.144","0","0.989950734698013","0.471858935302341","17.544706992",
"8/14/2002","-63.4375","-7.02514982223511","82","39.153","22.294","1.689147","1.23932219965099","0.575389644604584","11.774697372",
"8/15/2002","-63.4375","-7.02514982223511","82","38.07","20.812","0","1.35917468568787","0.479115710446713","20.06234856",
"8/16/2002","-63.4375","-7.02514982223511","82","35.843","22.086","0","1.21457169015679","0.47651689186897","13.411512432",
"8/17/2002","-63.4375","-7.02514982223511","82","36.836","21.27","0","1.38200069267331","0.484465985766671","20.54598966",
"8/18/2002","-63.4375","-7.02514982223511","82","38.404","20.336","0","1.06476993690655","0.481552694566269","17.27043426",
"8/19/2002","-63.4375","-7.02514982223511","82","34.653","21.515","0","1.92996425144788","0.459040551302895","23.350776192",
"8/20/2002","-63.4375","-7.02514982223511","82","34.306","21.159","0.075530988","1.17174372749926","0.564918698953131","14.450121648",
"8/21/2002","-63.4375","-7.02514982223511","82","37.442","19.877","0","1.39799877025031","0.485117877582316","25.249951728",
"8/22/2002","-63.4375","-7.02514982223511","82","40.156","19.9","0","0.846013003555343","0.511511570358159","19.02740742",
"8/23/2002","-63.4375","-7.02514982223511","82","39.328","25.711","0","1.27874785716325","0.41682522210755","17.201922768",
"8/24/2002","-63.4375","-7.02514982223511","82","40.274","24.847","0","1.34499415790325","0.452801815978887","12.333824118",
"8/25/2002","-63.4375","-7.02514982223511","82","38.849","23.067","0","0.89501623530162","0.491707167515398","14.689239768",
"8/26/2002","-63.4375","-7.02514982223511","82","40.639","25.1","0","0.952053593528015","0.430160733094834","10.5206076",
"8/27/2002","-63.4375","-7.02514982223511","82","40.671","20.225","0","1.12117051244237","0.403718486818761","18.58494456",
"8/28/2002","-63.4375","-7.02514982223511","82","37.863","21.632","0","0.732991728778967","0.501699239217728","15.2849277",
"8/29/2002","-63.4375","-7.02514982223511","82","39.827","20.934","0.7003785456","1.01583957839109","0.496741460490457","22.701433968",
"8/30/2002","-63.4375","-7.02514982223511","82","41.41","22.427","0.2454757992","1.39255369054471","0.562910988021786","16.38388656",
"8/31/2002","-63.4375","-7.02514982223511","82","38.695","22.188","0","1.34240239649069","0.5480743307966","18.3429558",
"9/1/2002","-63.4375","-7.02514982223511","82","36.537","26.487","0","1.65587563782298","0.499901829280643","13.734171828",
"9/2/2002","-63.4375","-7.02514982223511","82","34.1","21.53","6.8552950824","1.64220415669402","0.661243524524282","16.879384962",
"9/3/2002","-63.4375","-7.02514982223511","82","36.964","21.227","0","0.9510162612084","0.568677221953272","18.345373272",
"9/4/2002","-63.4375","-7.02514982223511","82","41.74","21.001","0","0.884570733812154","0.518945298600633","16.248265632",
"9/5/2002","-63.4375","-7.02514982223511","82","37.893","21.827","0.135612468","0.957864259733125","0.472874902554754","17.173685232",
"9/6/2002","-63.4375","-7.02514982223511","82","36.775","24.536","0.0712394784","1.24639846396314","0.450667345158582","17.873941248",
"9/7/2002","-63.4375","-7.02514982223511","82","37.722","21.378","0.0446319864","1.65987680019247","0.532983843702055","16.92820854",
"9/8/2002","-63.4375","-7.02514982223511","82","36.197","21.16","2.657314764","1.2500146824125","0.6555835895358","15.427794888",
"9/9/2002","-63.4375","-7.02514982223511","82","37.951","22.771","0.6591798","1.37915482482542","0.589927271991228","13.503825648",
"9/10/2002","-63.4375","-7.02514982223511","82","40.159","22.942","0","1.1904619815032","0.515746397714913","17.29293768",
"9/11/2002","-63.4375","-7.02514982223511","82","38.326","22.966","1.1260986264","1.03021037781091","0.548005182464101","14.636190888",
"9/12/2002","-63.4375","-7.02514982223511","82","38.644","21.578","0.453186","1.74506130350955","0.529301365803753","22.60484838",
"9/13/2002","-63.4375","-7.02514982223511","82","40.463","21.547","0","0.987415387632177","0.484273881397299","25.693030872",
"9/14/2002","-63.4375","-7.02514982223511","82","43.151","25.945","0","1.02339265598691","0.385689431212221","18.97177644",
"9/15/2002","-63.4375","-7.02514982223511","82","37.272","23.239","2.592089712","1.23919471821055","0.563841456564166","13.017092184",
"9/16/2002","-63.4375","-7.02514982223511","82","41.586","22.781","1.1398304664","1.02589908977164","0.498300844660884","22.12633512",
"9/17/2002","-63.4375","-7.02514982223511","82","38.857","23.793","0.0171661464","1.32098139357948","0.489069300527271","17.76711726",
"9/18/2002","-63.4375","-7.02514982223511","82","40.031","22.611","0.12359628","1.32857462018756","0.395387582230767","25.587842688",
"9/19/2002","-63.4375","-7.02514982223511","82","40.848","23.244","0","1.20795827470349","0.37973714098008","28.42261704",
"9/20/2002","-63.4375","-7.02514982223511","82","40.493","26.537","0","1.44593099086173","0.331346121405668","22.267970352",
"9/21/2002","-63.4375","-7.02514982223511","82","41.758","22.418","0","1.07391470010142","0.36235069491798","14.770291068",
"9/22/2002","-63.4375","-7.02514982223511","82","41.081","24.873","0","1.2291867487138","0.324373860919652","20.25213948",
"9/23/2002","-63.4375","-7.02514982223511","82","39.202","24.942","0","1.2857070470705","0.353215627814377","19.06098552",
"9/24/2002","-63.4375","-7.02514982223511","82","42.219","24.405","0.47206908","1.04813116125067","0.455600203230925","14.98039092",
"9/25/2002","-63.4375","-7.02514982223511","82","37.629","22.052","0.422286984","1.01580548882196","0.595550653476125","14.61555342",
"9/26/2002","-63.4375","-7.02514982223511","82","38.497","24.088","1.3063435344","1.47346458231418","0.550035449567066","15.68086992",
"9/27/2002","-63.4375","-7.02514982223511","82","37.034","22.203","3.77998452","0.966207099819878","0.627157765123264","16.67728368",
"9/28/2002","-63.4375","-7.02514982223511","82","36.368","23.12","3.21007212","0.96938175741041","0.579339242344038","17.64202284",
"9/29/2002","-63.4375","-7.02514982223511","82","33.559","22.723","3.573992988","0.890582088509953","0.735225693555509","14.278842",
"9/30/2002","-63.4375","-7.02514982223511","82","30.57","22.726","7.30247328","1.33561739882848","0.792957259600444","11.058128172",
"10/1/2002","-63.4375","-7.02514982223511","82","36.569","22.211","0.281524716","0.861173899811113","0.660549370997068","20.2689612",
"10/2/2002","-63.4375","-7.02514982223511","82","37.389","23.866","0.411987204","1.34878440368089","0.639311869283872","17.202999528",
"10/3/2002","-63.4375","-7.02514982223511","82","39.424","22.929","0.1459121112","0.854302168040796","0.545285772686836","19.7125866",
"10/4/2002","-63.4375","-7.02514982223511","82","39.906","25.066","0.700378344","1.29159793375799","0.492033710500676","23.804891712",
"10/5/2002","-63.4375","-7.02514982223511","82","39.183","23.216","0.0068664528","1.34982398982646","0.474426146342247","13.39452648",
"10/6/2002","-63.4375","-7.02514982223511","82","37.456","21.945","0.2832410664","1.28192139427153","0.54439006366293","19.7594496",
"10/7/2002","-63.4375","-7.02514982223511","82","33.53","22.055","0.7570264752","1.48442610000062","0.613908636957033","21.97507176",
"10/8/2002","-63.4375","-7.02514982223511","82","36.525","21.522","2.64873492","1.33058034518437","0.646609656903019","16.84001232",
"10/9/2002","-63.4375","-7.02514982223511","82","37.079","23.372","0","1.69857957710622","0.61427329042172","25.50780252",
"10/10/2002","-63.4375","-7.02514982223511","82","37.808","23.532","0.202560516","0.958437987983047","0.558518594203937","17.7257232",
"10/11/2002","-63.4375","-7.02514982223511","82","35.045","24.274","2.1663663984","1.16349827268711","0.655690647536237","6.843770208",
"10/12/2002","-63.4375","-7.02514982223511","82","37.811","23.169","0.75702672","1.53191141944015","0.631144691440314","16.94784672",
"10/13/2002","-63.4375","-7.02514982223511","82","38.16","23.323","0.0343323","1.06961866829226","0.601346851529036","15.26579964",
"10/14/2002","-63.4375","-7.02514982223511","82","35.966","24.355","0.024032592","1.1248305145852","0.607182855884274","7.36908696",
"10/15/2002","-63.4375","-7.02514982223511","82","37.279","24.436","5.997843972","1.03405166571559","0.79179900012652","13.09285656",
"10/16/2002","-63.4375","-7.02514982223511","82","38.02","22.11","0.9630216","1.32989585869326","0.720494400987958","14.22725508",
"10/17/2002","-63.4375","-7.02514982223511","82","37.287","23.029","0.290107872","1.21526734584193","0.686946117117899","16.21867644",
"10/18/2002","-63.4375","-7.02514982223511","82","36.432","21.63","0.068664564","1.05424157527787","0.594844275750435","18.29042064",
"10/19/2002","-63.4375","-7.02514982223511","82","38.869","23.469","1.0951977672","1.03682609247813","0.597067491964655","16.59392316",
"10/20/2002","-63.4375","-7.02514982223511","82","37.187","22.747","2.904512004","0.97784582333279","0.700927581372682","20.63716776",
"10/21/2002","-63.4375","-7.02514982223511","82","35.427","23.163","2.2676454","1.33142907889709","0.765803206943237","25.681049568",
"10/22/2002","-63.4375","-7.02514982223511","82","35.971","24.383","0","1.6678393328832","0.592454428009569","20.280323952",
"10/23/2002","-63.4375","-7.02514982223511","82","36.993","22.494","2.5629012","1.31753907137785","0.616038699589108","18.43645032",
"10/24/2002","-63.4375","-7.02514982223511","82","36.729","22.551","11.2420965024","1.26620280709778","0.826141807796796","24.05852064",
"10/25/2002","-63.4375","-7.02514982223511","82","34.891","24.472","5.2785936648","0.942106988325564","0.877016918694382","15.17686722",
"10/26/2002","-63.4375","-7.02514982223511","82","31.315","24.054","11.8343405592","0.969312286010541","0.886319690563934","22.4931339",
"10/27/2002","-63.4375","-7.02514982223511","82","38.415","23.98","6.741143712","1.14824326131563","0.794058985311097","19.15925652",
"10/28/2002","-63.4375","-7.02514982223511","82","36.577","23.465","3.30448446","0.949493650446383","0.825971146691341","14.16088296",
"10/29/2002","-63.4375","-7.02514982223511","82","36.909","23.056","10.0782419184","1.07244349414138","0.856114810028973","12.13976286",
"10/30/2002","-63.4375","-7.02514982223511","82","25.643","22.786","15.80486724","1.29061846683875","0.951401074407164","4.88323026",
"10/31/2002","-63.4375","-7.02514982223511","82","35.471","22.354","4.80651966","1.35543559770941","0.86136389589387","10.07837316",
"11/1/2002","-63.4375","-7.02514982223511","82","31.628","22.298","8.0131507344","0.891638178034181","0.92116495865648","18.50619456",
"11/2/2002","-63.4375","-7.02514982223511","82","35.64","22.693","5.42450088","1.34862045982643","0.850445715335653","11.40406668",
"11/3/2002","-63.4375","-7.02514982223511","82","33.985","23.112","4.8992141664","1.33277729095846","0.807072276352246","23.1070473",
"11/4/2002","-63.4375","-7.02514982223511","82","35.323","22.841","1.40933952","1.49998222289829","0.790442051153795","25.54813386",
"11/5/2002","-63.4375","-7.02514982223511","82","32.603","22.939","19.6723935864","1.35591618848021","0.871708095047942","25.18914204",
"11/6/2002","-63.4375","-7.02514982223511","82","27.41","22.507","26.5903785864","1.42027183456607","0.926630752714185","7.62727392",
"11/7/2002","-63.4375","-7.02514982223511","82","25.624","21.742","11.10648438","0.756086353993478","0.970848849923644","3.70923318",
"11/8/2002","-63.4375","-7.02514982223511","82","25.431","22.226","3.838351176","0.970345040441474","0.958130731133332","11.4305004",
"11/9/2002","-63.4375","-7.02514982223511","82","29.769","21.962","2.609253432","0.979557813568296","0.84138157342055","14.23895976",
"11/10/2002","-63.4375","-7.02514982223511","82","29.472","22.896","10.60352568","0.824685525973346","0.917275948626767","20.84963094",
"11/11/2002","-63.4375","-7.02514982223511","82","32.027","23.31","19.0698599664","0.904319797375206","0.929469358147636","24.289648632",
"11/12/2002","-63.4375","-7.02514982223511","82","33.473","22.703","5.4536848344","1.19508515468457","0.818729254914014","20.1156246",
"11/13/2002","-63.4375","-7.02514982223511","82","30.955","22.742","3.2924656944","1.26162903406373","0.865853105365223","21.95482644",
"11/14/2002","-63.4375","-7.02514982223511","82","35.695","22.237","3.089903184","0.975781458608646","0.805251937668879","16.24910508",
"11/15/2002","-63.4375","-7.02514982223511","82","35.491","22.035","6.0665136048","1.09778420182511","0.841466072857315","16.4828268",
"11/16/2002","-63.4375","-7.02514982223511","82","31.765","23.093","2.018734092","1.08109410146257","0.852522794991947","21.7462491",
"11/17/2002","-63.4375","-7.02514982223511","82","38.118","20.892","0.096130476","1.07640548197808","0.653311581312225","18.28091736",
"11/18/2002","-63.4375","-7.02514982223511","82","30.339","23.005","10.900495584","1.19325103971172","0.870449704401915","27.63916362",
"11/19/2002","-63.4375","-7.02514982223511","82","33.023","22.469","5.8158949824","0.94165885707981","0.852391309601777","23.97672684",
"11/20/2002","-63.4375","-7.02514982223511","82","34.755","23.279","1.908878904","1.29216640838904","0.762984437448965","28.5550857",
"11/21/2002","-63.4375","-7.02514982223511","82","38.262","23.876","0.077247612","1.16406465419385","0.695585409530164","16.36841322",
"11/22/2002","-63.4375","-7.02514982223511","82","37.529","23.393","2.3998253328","1.22281210194245","0.744505019867888","16.42162626",
"11/23/2002","-63.4375","-7.02514982223511","82","32.741","23.12","5.20305552","1.1509207191584","0.886070135489862","15.09901938",
"11/24/2002","-63.4375","-7.02514982223511","82","29.27","22.799","1.488304008","1.01897236764202","0.911230926882947","5.94028098",
"11/25/2002","-63.4375","-7.02514982223511","82","35.517","22.231","1.071167004","1.02362579459052","0.722166556091514","18.6749496",
"11/26/2002","-63.4375","-7.02514982223511","82","36.495","20.469","0.123596172","0.829825866337704","0.692233961161647","17.76661956",
"11/27/2002","-63.4375","-7.02514982223511","82","34.858","22.439","0","1.11121138040012","0.698984322442431","18.20509128",
"11/28/2002","-63.4375","-7.02514982223511","82","37.454","22.202","0","0.914951312532648","0.629060471269107","17.00195688",
"11/29/2002","-63.4375","-7.02514982223511","82","39.799","25.83","0","1.23169936551145","0.511327194458527","21.30648588",
"11/30/2002","-63.4375","-7.02514982223511","82","37.779","23.417","0.0137329056","1.07007339545563","0.598183385775265","15.1565598",
"12/1/2002","-63.4375","-7.02514982223511","82","37.604","23.995","2.8306944","0.762297470557098","0.65447281806279","16.07574384",
"12/2/2002","-63.4375","-7.02514982223511","82","36.629","23.137","1.496886192","0.689463823751645","0.705293200022934","17.36562024",
"12/3/2002","-63.4375","-7.02514982223511","82","32.276","23.959","11.954499228","0.946856895129473","0.817831505963909","23.2571862",
"12/4/2002","-63.4375","-7.02514982223511","82","36.107","22.521","2.465058744","0.878986455749064","0.748252204695435","17.36302536",
"12/5/2002","-63.4375","-7.02514982223511","82","31.691","22.54","8.2603422","1.61999776320439","0.801790889052934","22.153332168",
"12/6/2002","-63.4375","-7.02514982223511","82","38.915","22.688","1.4694212304","1.02494058321658","0.712871823027809","18.10788894",
"12/7/2002","-63.4375","-7.02514982223511","82","31.34","23.016","15.7207441464","1.06420624292087","0.917332053363481","25.33647132",
"12/8/2002","-63.4375","-7.02514982223511","82","32.77","24.452","7.7522313024","0.927150381907316","0.862512153458592","25.98637932",
"12/9/2002","-63.4375","-7.02514982223511","82","28.957","23.375","8.94355632","1.41506001882112","0.874277557061595","10.503783918",
"12/10/2002","-63.4375","-7.02514982223511","82","31.102","21.59","6.33430134","0.78581798041161","0.876661684251605","15.89821776",
"12/11/2002","-63.4375","-7.02514982223511","82","32.306","23.935","8.1642186","0.815551851488818","0.912509488946363","15.1078473",
"12/12/2002","-63.4375","-7.02514982223511","82","31.418","23.709","16.997906052","1.21732382186984","0.90715072689276","24.55728552",
"12/13/2002","-63.4375","-7.02514982223511","82","27.303","22.612","1.6857143784","1.02223191966872","0.938353364360894","6.861093192",
"12/14/2002","-63.4375","-7.02514982223511","82","31.311","22.707","1.1295313344","0.600758342071953","0.895799523883675","12.9155058",
"12/15/2002","-63.4375","-7.02514982223511","82","32.64","23.189","8.116149852","0.846006390065042","0.893388106526893","14.076002592",
"12/16/2002","-63.4375","-7.02514982223511","82","29.765","22.083","6.250187808","1.10415783389218","0.881188515385999","16.5344058",
"12/17/2002","-63.4375","-7.02514982223511","82","32.361","23.777","7.4089072656","1.20642389788363","0.858640687008535","20.715862032",
"12/18/2002","-63.4375","-7.02514982223511","82","28.344","23.052","18.807211692","0.779267306356607","0.946105123239913","19.9933857",
"12/19/2002","-63.4375","-7.02514982223511","82","31.748","23.911","30.387488904","1.10991951255131","0.911575003021049","17.9277732",
"12/20/2002","-63.4375","-7.02514982223511","82","27.268","23.288","67.57620156","0.870622769333454","0.950207039792925","10.06762068",
"12/21/2002","-63.4375","-7.02514982223511","82","33.916","23.32","4.9953487104","1.07311414291292","0.896640647963503","20.452050288",
"12/22/2002","-63.4375","-7.02514982223511","82","31.393","24.305","7.597733076","1.04596210125934","0.894892907918585","18.7951509",
"12/23/2002","-63.4375","-7.02514982223511","82","32.089","21.919","0.7175445264","0.660869010218762","0.845409808428526","15.8132862",
"12/24/2002","-63.4375","-7.02514982223511","82","33.096","22.984","2.6281377","1.10110278273007","0.734720936243741","16.4592531",
"12/25/2002","-63.4375","-7.02514982223511","82","27.252","21.022","12.3785006184","0.820457931529875","0.952802344817186","6.76124622",
"12/26/2002","-63.4375","-7.02514982223511","82","33.207","22.945","1.8814089024","1.10781941817243","0.832988902605831","18.0050058",
"12/27/2002","-63.4375","-7.02514982223511","82","32.311","21.316","3.841783344","1.05906149549853","0.822882700329564","21.79850544",
"12/28/2002","-63.4375","-7.02514982223511","82","29.669","23.091","7.3848739464","0.781636011437007","0.931252017666144","16.88084748",
"12/29/2002","-63.4375","-7.02514982223511","82","24.318","22.173","5.419353276","0.730164021428121","0.976387805492671","2.089349388",
"12/30/2002","-63.4375","-7.02514982223511","82","23.91","21.095","16.474340052","0.868147729316562","0.972080244091596","3.38192262",
"12/31/2002","-63.4375","-7.02514982223511","82","29.253","19.278","2.0702364264","1.21283365297114","0.858758645699943","18.7438437",
"1/1/2003","-63.4375","-7.02514982223511","82","30.499","21.79","0.4772187792","1.11274656555073","0.864468414290757","13.11351336",
"1/2/2003","-63.4375","-7.02514982223511","82","25.972","20.724","0.8445739464","0.788033047340366","0.904488939265986","6.536247552",
"1/3/2003","-63.4375","-7.02514982223511","82","26.331","21.904","1.34410878","0.630067506295382","0.940692210490841","4.86410742",
"1/4/2003","-63.4375","-7.02514982223511","82","30.174","20.661","2.574920484","0.88962007345424","0.911293202669188","13.96271538",
"1/5/2003","-63.4375","-7.02514982223511","82","32.984","21.731","3.6649689984","0.910125017958148","0.849563264704648","22.340705328",
"1/6/2003","-63.4375","-7.02514982223511","82","34.288","20.857","5.045128308","0.928006769452214","0.798256000336252","28.22214456",
"1/7/2003","-63.4375","-7.02514982223511","82","33.416","22.237","8.389089","0.803883919226427","0.852355348806319","23.57291394",
"1/8/2003","-63.4375","-7.02514982223511","82","32.229","24.458","2.549170908","0.996272796785858","0.877690810741542","17.6950107",
"1/9/2003","-63.4375","-7.02514982223511","82","25.178","22.216","8.040614832","1.1196356579795","0.959533638861111","2.94766974",
"1/10/2003","-63.4375","-7.02514982223511","82","31.304","21.303","3.4675615296","0.839196384157534","0.874189332783908","17.667118368",
"1/11/2003","-63.4375","-7.02514982223511","82","31.49","22.049","10.36663416","1.01373801485401","0.90576992680363","28.27895436",
"1/12/2003","-63.4375","-7.02514982223511","82","31.841","23.691","3.0693059208","1.06965424888447","0.861661433154934","22.64680314",
"1/13/2003","-63.4375","-7.02514982223511","82","34.325","22.339","1.12266522","1.12481965966861","0.79518788802362","24.4742031",
"1/14/2003","-63.4375","-7.02514982223511","82","28.547","22.103","6.8853303","1.11332927501719","0.907176878671651","14.740259832",
"1/15/2003","-63.4375","-7.02514982223511","82","35.856","23.331","10.8489998952","0.89555220588672","0.855248483593313","13.950567",
"1/16/2003","-63.4375","-7.02514982223511","82","31.789","23.284","6.3652057272","0.870571501507904","0.898333409800626","15.40310436",
"1/17/2003","-63.4375","-7.02514982223511","82","29.929","23.684","11.5099010928","0.820015864683776","0.931594563107072","13.85656695",
"1/18/2003","-63.4375","-7.02514982223511","82","30.338","22.207","4.5387260784","1.01859771771136","0.901001091123445","14.72625018",
"1/19/2003","-63.4375","-7.02514982223511","82","30.514","23.308","13.7329126344","0.636061324767311","0.928387703012515","16.8449589",
"1/20/2003","-63.4375","-7.02514982223511","82","35.728","23.16","3.4126329384","0.919155350385708","0.83430865024218","16.131433248",
"1/21/2003","-63.4375","-7.02514982223511","82","35.808","21.498","0","1.31787213901564","0.699383448369088","19.860121872",
"1/22/2003","-63.4375","-7.02514982223511","82","35.906","22.828","0.04119876","1.11073986710713","0.64924139766902","16.7758308",
"1/23/2003","-63.4375","-7.02514982223511","82","32.218","23.462","23.4901463616","0.89128234325455","0.859879418109175","25.4057094",
"1/24/2003","-63.4375","-7.02514982223511","82","25.412","22.645","57.24912816","1.04225868192509","0.975650853927908","3.00121884",
"1/25/2003","-63.4375","-7.02514982223511","82","24.76","21.874","33.44307192","0.844678604150172","0.96868018094102","3.836529288",
"1/26/2003","-63.4375","-7.02514982223511","82","31.298","22.005","8.5453069824","1.0792324646222","0.89848624562598","22.33962738",
"1/27/2003","-63.4375","-7.02514982223511","82","25.613","22.623","2.9045088144","0.611227144431888","0.971863742807485","3.322798488",
"1/28/2003","-63.4375","-7.02514982223511","82","36.913","21.657","1.328658012","0.81807337340637","0.787124419674156","20.651905008",
"1/29/2003","-63.4375","-7.02514982223511","82","28.865","22.175","2.293395696","0.974475409483115","0.899673635863769","12.597862968",
"1/30/2003","-63.4375","-7.02514982223511","82","28.087","22.996","2.156067252","1.11085853919225","0.914361144427761","13.8715326",
"1/31/2003","-63.4375","-7.02514982223511","82","29.589","22.575","11.772534564","1.07657869164268","0.927901724277769","13.820059908",
"2/1/2003","-63.4375","-7.02514982223511","82","25.46","23.079","9.46884438","0.980827877496252","0.9660650417683","3.252038112",
"2/2/2003","-63.4375","-7.02514982223511","82","30.591","22.636","12.6239754312","1.21445648150142","0.917026870659268","19.47948588",
"2/3/2003","-63.4375","-7.02514982223511","82","25.908","23.373","26.10971892","1.1099608092346","0.967829105741831","6.992322552",
"2/4/2003","-63.4375","-7.02514982223511","82","27.402","23.225","121.5843084","0.681964353165717","0.971528323265886","14.165940168",
"2/5/2003","-63.4375","-7.02514982223511","82","27.443","23.531","82.4575572","0.769603595418973","0.951614232754385","11.64808323",
"2/6/2003","-63.4375","-7.02514982223511","82","29.374","21.667","4.961011176","0.885141461507905","0.928757500413593","19.219671216",
"2/7/2003","-63.4375","-7.02514982223511","82","30.187","22.599","11.6901417168","0.876313117889815","0.937518430400389","23.429304",
"2/8/2003","-63.4375","-7.02514982223511","82","27.796","23.798","27.05554944","0.618757216165563","0.958875328153256","8.5108455",
"2/9/2003","-63.4375","-7.02514982223511","82","27.441","23.591","14.081386968","0.803900284030967","0.960564631132794","18.94168584",
"2/10/2003","-63.4375","-7.02514982223511","82","29.537","23.51","4.688070804","0.936094453973417","0.915795249163085","23.171399208",
"2/11/2003","-63.4375","-7.02514982223511","82","24.916","20.378","47.76987024","0.935376321719082","0.976587167302512","2.31294222",
"2/12/2003","-63.4375","-7.02514982223511","82","30.101","19.907","13.202479476","0.615748611848564","0.926183027923373","19.30066812",
"2/13/2003","-63.4375","-7.02514982223511","82","25.14","22.987","15.6194682264","0.924965313868148","0.974454746313413","3.64168296",
"2/14/2003","-63.4375","-7.02514982223511","82","30.742","21.714","0.7450100064","0.880685050940377","0.870238268389287","16.3730331",
"2/15/2003","-63.4375","-7.02514982223511","82","30.049","22.913","0.9647369064","0.968151875658386","0.90330583514716","13.35605544",
"2/16/2003","-63.4375","-7.02514982223511","82","30.899","23.701","0.23345946","0.9203695650305","0.907249199613687","10.3831884",
"2/17/2003","-63.4375","-7.02514982223511","82","35.107","23.392","14.6118208392","1.03684553964583","0.877886377065803","18.54551295",
"2/18/2003","-63.4375","-7.02514982223511","82","28.111","21.716","5.28030684","1.20439876607202","0.902643404874899","12.553881768",
"2/19/2003","-63.4375","-7.02514982223511","82","29.439","22.285","28.7567192664","0.769607526149702","0.948242002023987","16.17215778",
"2/20/2003","-63.4375","-7.02514982223511","82","29.828","23.143","0.8548736544","1.47979191943547","0.892784574080819","17.51703732",
"2/21/2003","-63.4375","-7.02514982223511","82","32.668","22.532","4.27093272","1.44712561618546","0.850400955332808","23.74858314",
"2/22/2003","-63.4375","-7.02514982223511","82","31.055","24.491","16.8228098424","1.03804462152723","0.86590798262326","24.356580048",
"2/23/2003","-63.4375","-7.02514982223511","82","27.032","22.548","20.520408384","0.76107721812569","0.961999723987822","9.834634728",
"2/24/2003","-63.4375","-7.02514982223511","82","29.57","23.133","9.681702732","1.23691895016186","0.915373455326773","20.24077374",
"2/25/2003","-63.4375","-7.02514982223511","82","29.546","22.535","0.6523131024","1.21736596375018","0.880817194549507","15.538950072",
"2/26/2003","-63.4375","-7.02514982223511","82","34.95","20.986","6.8973516","1.13742272118154","0.745220613473605","28.782166392",
"2/27/2003","-63.4375","-7.02514982223511","82","25.403","21.661","96.89941764","0.79706694291238","0.97301948755935","4.28647437",
"2/28/2003","-63.4375","-7.02514982223511","82","30.386","22.615","18.1789427304","1.20718889632488","0.929954329806663","22.687153182",
"3/1/2003","-63.4375","-7.02514982223511","82","30.114","23.23","16.23572856","1.52313697521028","0.914726364533794","21.57233022",
"3/2/2003","-63.4375","-7.02514982223511","82","29.757","22.671","18.917081028","1.12932473740079","0.917372297940477","17.87085",
"3/3/2003","-63.4375","-7.02514982223511","82","27.49","23.498","6.869887524","1.03901198241753","0.938727960698272","6.863180832",
"3/4/2003","-63.4375","-7.02514982223511","82","26.978","23.277","71.13472326","1.07859277560599","0.960695002494291","11.92140558",
"3/5/2003","-63.4375","-7.02514982223511","82","28.745","23.364","36.21710916","0.948375585766717","0.948692253135067","18.181125",
"3/6/2003","-63.4375","-7.02514982223511","82","30.521","23.651","4.291534872","0.983949439256637","0.885429180767466","17.364941712",
"3/7/2003","-63.4375","-7.02514982223511","82","30.442","22.594","9.338377536","1.18887803748652","0.913027963743764","21.686900832",
"3/8/2003","-63.4375","-7.02514982223511","82","35.814","23.602","15.4306417464","0.949778241689368","0.879801646112302","21.6128799",
"3/9/2003","-63.4375","-7.02514982223511","82","31.1","23.466","2.9045128968","1.68136079225588","0.826429316946757","21.628399608",
"3/10/2003","-63.4375","-7.02514982223511","82","31.864","23.085","4.107855888","1.15974301688529","0.843453014819745","19.256569182",
"3/11/2003","-63.4375","-7.02514982223511","82","31.497","23.664","6.2931054384","1.38438735546547","0.890057870332216","23.26578876",
"3/12/2003","-63.4375","-7.02514982223511","82","31.265","24.112","6.7771946808","0.928859453061246","0.888058705395307","19.89213822",
"3/13/2003","-63.4375","-7.02514982223511","82","29.453","23.723","9.5787040896","1.15517894106634","0.924989379350735","18.2233116",
"3/14/2003","-63.4375","-7.02514982223511","82","31.314","23.624","9.47227644","1.18345687040398","0.900597476543678","19.10306412",
"3/15/2003","-63.4375","-7.02514982223511","82","30.919","23.565","10.23444936","1.14539805459177","0.926158878290768","19.2283857",
"3/16/2003","-63.4375","-7.02514982223511","82","28.271","22.479","1.956940524","1.14843554594322","0.93612559105861","11.19290202",
"3/17/2003","-63.4375","-7.02514982223511","82","26.718","22.232","10.670475132","1.14026874016694","0.960657721106041","17.40425895",
"3/18/2003","-63.4375","-7.02514982223511","82","32.042","22.925","21.450807","0.738565211002582","0.921918709583174","19.562178312",
"3/19/2003","-63.4375","-7.02514982223511","82","25.356","22.415","10.91423646","0.983591690272452","0.96948699166427","9.198282888",
"3/20/2003","-63.4375","-7.02514982223511","82","35.404","21.409","4.6966552488","0.634686658176058","0.784962296829281","25.138633032",
"3/21/2003","-63.4375","-7.02514982223511","82","31.075","22.899","15.4426564728","0.704212427145828","0.936374933818462","22.505227488",
"3/22/2003","-63.4375","-7.02514982223511","82","26.63","22.582","19.25354052","0.910633281290062","0.971918828263068","7.589024208",
"3/23/2003","-63.4375","-7.02514982223511","82","25.307","21.731","4.923247536","0.829518249050992","0.971576076340785","6.096537432",
"3/24/2003","-63.4375","-7.02514982223511","82","26.882","22.138","3.828049452","0.615878772004871","0.954184014065041","9.798358212",
"3/25/2003","-63.4375","-7.02514982223511","82","28.463","21.227","15.2864475264","0.876358481965836","0.957790128212177","11.96353692",
"3/26/2003","-63.4375","-7.02514982223511","82","25.646","21.812","7.501603896","1.31504601010534","0.968077466456955","10.8316602",
"3/27/2003","-63.4375","-7.02514982223511","82","31.64","22.463","11.037825972","1.15356003491874","0.906893097035023","21.087389952",
"3/28/2003","-63.4375","-7.02514982223511","82","28.689","22.664","12.69779796","0.771620681275666","0.950238920109965","18.6033933",
"3/29/2003","-63.4375","-7.02514982223511","82","25.861","22.906","10.454175","0.5597816845197","0.973641274610031","5.441845068",
"3/30/2003","-63.4375","-7.02514982223511","82","30.615","22.78","6.4476035424","0.881666187122496","0.908462343852854","17.771348682",
"3/31/2003","-63.4375","-7.02514982223511","82","30.063","21.584","10.049053068","1.11976364939822","0.911090720902873","9.84729582",
"4/1/2003","-63.4375","-7.02514982223511","82","28.08","22.008","5.685425172","0.837652344208985","0.912235394155041","11.3478813",
"4/2/2003","-63.4375","-7.02514982223511","82","31.165","22.487","5.177304576","1.06552771447634","0.890712731976708","22.37619942",
"4/3/2003","-63.4375","-7.02514982223511","82","30.74","22.99","1.06944984","1.28575019442014","0.872306485485483","18.8137125",
"4/4/2003","-63.4375","-7.02514982223511","82","30.002","22.249","3.110503428","0.789524497323926","0.906406240080046","11.2107393",
"4/5/2003","-63.4375","-7.02514982223511","82","25.181","23.062","5.740357176","0.727696468133256","0.974929447912531","3.4930719",
"4/6/2003","-63.4375","-7.02514982223511","82","26.599","23.401","11.39488596","0.818926010391743","0.971823597453231","10.05653682",
"4/7/2003","-63.4375","-7.02514982223511","82","29.495","22.745","9.015652008","0.711673079182345","0.940915031882373","16.2993339",
"4/8/2003","-63.4375","-7.02514982223511","82","25.869","22.92","1.0780330464","0.819355288256706","0.955138815634788","5.13444132",
"4/9/2003","-63.4375","-7.02514982223511","82","27.375","21.939","0.8909219664","1.08508782954655","0.925693429338906","7.17462972",
"4/10/2003","-63.4375","-7.02514982223511","82","31.339","21.718","9.91172808","1.26345201809553","0.876254973334304","25.03755486",
"4/11/2003","-63.4375","-7.02514982223511","82","24.432","23.475","111.42195984","0.782390962212102","0.98081092732329","1.259606412",
"4/12/2003","-63.4375","-7.02514982223511","82","26.302","22.153","6.88705236","1.33687158773992","0.968360239244359","7.508929104",
"4/13/2003","-63.4375","-7.02514982223511","82","25.373","21.884","20.540996028","1.63178686297142","0.937503065588283","6.70185621",
"4/14/2003","-63.4375","-7.02514982223511","82","25.113","22.116","12.81280176","1.37376904801561","0.966451015675518","6.58620738",
"4/15/2003","-63.4375","-7.02514982223511","82","25.477","21.872","34.263644112","1.15728458422923","0.964437585010756","6.0330906",
"4/16/2003","-63.4375","-7.02514982223511","82","26.201","21.612","12.390520968","0.714832685753235","0.968074633819255","8.723191968",
"4/17/2003","-63.4375","-7.02514982223511","82","27.463","20.795","12.716672148","0.732911135118062","0.959731970205997","16.64842095",
"4/18/2003","-63.4375","-7.02514982223511","82","33.023","22.361","12.129592644","0.999483274876869","0.884382518629889","25.1919522",
"4/19/2003","-63.4375","-7.02514982223511","82","31.845","23.063","9.908292204","1.13318553965771","0.914589523696025","25.285001472",
"4/20/2003","-63.4375","-7.02514982223511","82","29.443","23.357","7.226942436","0.919249811296641","0.934840674643885","18.5163255",
"4/21/2003","-63.4375","-7.02514982223511","82","30.294","23.008","2.592087084","1.201734177514","0.912221150781391","16.474943232",
"4/22/2003","-63.4375","-7.02514982223511","82","31.947","21.866","2.6298535752","1.03391946598324","0.868753054090806","21.523554648",
"4/23/2003","-63.4375","-7.02514982223511","82","30.974","21.657","13.64708016","1.02176158642941","0.949542450425251","20.532040488",
"4/24/2003","-63.4375","-7.02514982223511","82","32.337","20.981","6.107714676","0.999169721822767","0.887375321866951","19.98719928",
"4/25/2003","-63.4375","-7.02514982223511","82","29.276","22.078","6.24847428","1.05671668691293","0.916177884406779","25.12979442",
"4/26/2003","-63.4375","-7.02514982223511","82","32.112","20.207","1.2943269504","0.641580623103904","0.887065129416412","7.55285904",
"4/27/2003","-63.4375","-7.02514982223511","82","30.838","22.616","15.25725828","1.03499203755058","0.904464237791497","21.521080368",
"4/28/2003","-63.4375","-7.02514982223511","82","32.819","20.94","5.2837415064","1.16867742814905","0.836630891579717","24.0325335",
"4/29/2003","-63.4375","-7.02514982223511","82","31.528","20.715","3.543089364","0.954749948670532","0.872975383331086","16.5997062",
"4/30/2003","-63.4375","-7.02514982223511","82","30.469","22.525","6.924818664","0.905098756138628","0.89811733405055","21.17014128",
"5/1/2003","-63.4375","-7.02514982223511","82","29.586","21.738","13.62475944","0.860758109907829","0.92363149840212","21.6886473",
"5/2/2003","-63.4375","-7.02514982223511","82","26.53","22.503","12.54501792","0.765227457158667","0.967753067699501","9.72124146",
"5/3/2003","-63.4375","-7.02514982223511","82","30.387","22.229","4.2683577624","0.801141988756666","0.92051440571373","13.8508866",
"5/4/2003","-63.4375","-7.02514982223511","82","29.273","22.628","3.6838498104","0.821301180008138","0.920046638700904","18.046122732",
"5/5/2003","-63.4375","-7.02514982223511","82","30.146","22.88","8.6191158528","0.582233909875843","0.914628494760713","23.38262766",
"5/6/2003","-63.4375","-7.02514982223511","82","29.716","22.625","10.208697156","0.931507754858325","0.925569035379595","16.0736589",
"5/7/2003","-63.4375","-7.02514982223511","82","24.479","21.333","13.732914852","1.62734462443931","0.948207922307487","5.67708174",
"5/8/2003","-63.4375","-7.02514982223511","82","24.52","20.998","8.93154276","0.843980166287134","0.975559939963786","6.0068763",
"5/9/2003","-63.4375","-7.02514982223511","82","29.116","21.621","10.8215349768","1.03408760170984","0.940112700833569","19.06666722",
"5/10/2003","-63.4375","-7.02514982223511","82","25.61","22.424","12.7218318624","0.819129002191787","0.965945229475702","4.999783932",
"5/11/2003","-63.4375","-7.02514982223511","82","29.635","22.248","8.7203898","0.653587217122289","0.93935115329088","17.8855803",
"5/12/2003","-63.4375","-7.02514982223511","82","30.304","20.206","2.8264049064","0.96816184692782","0.905881812978506","16.066016532",
"5/13/2003","-63.4375","-7.02514982223511","82","31.359","19.703","1.0540003104","0.820266217418059","0.86142680977307","18.67730364",
"5/14/2003","-63.4375","-7.02514982223511","82","30.675","20.121","5.666543136","0.675054807639331","0.882053640582953","21.20861268",
"5/15/2003","-63.4375","-7.02514982223511","82","29.871","21.017","5.227095276","0.69871811619097","0.90855305121069","23.59547046",
"5/16/2003","-63.4375","-7.02514982223511","82","33.944","21.075","0.5527495008","0.999602822965511","0.800569639471989","21.77032248",
"5/17/2003","-63.4375","-7.02514982223511","82","34.18","20.125","0.0034332264","1.11300819353639","0.718557313400488","24.0335397",
"5/18/2003","-63.4375","-7.02514982223511","82","34.92","19.194","0.0102996792","0.845179807303916","0.647643909435573","23.90804424",
"5/19/2003","-63.4375","-7.02514982223511","82","32.649","19.429","0","1.11985529225881","0.65576479467782","15.348546",
"5/20/2003","-63.4375","-7.02514982223511","82","35.33","20.58","0","0.902759396067935","0.680306370523178","21.41285616",
"5/21/2003","-63.4375","-7.02514982223511","82","35.187","20.463","0.501250968","1.13692475917614","0.713090730795555","23.30988714",
"5/22/2003","-63.4375","-7.02514982223511","82","33.228","22.239","0.3192903288","1.44428672228774","0.766100427986807","22.94859168",
"5/23/2003","-63.4375","-7.02514982223511","82","34.485","22.958","0.030899052","0.931466957140551","0.714167015952762","18.5890509",
"5/24/2003","-63.4375","-7.02514982223511","82","33.709","21.89","4.370499972","0.850297224670872","0.854167273064006","21.12716772",
"5/25/2003","-63.4375","-7.02514982223511","82","28.699","21.757","8.203700664","0.869271288091449","0.934996026463535","20.59532208",
"5/26/2003","-63.4375","-7.02514982223511","82","31.635","21.357","0.7244115264","0.810439752998448","0.857470367013278","13.602821832",
"5/27/2003","-63.4375","-7.02514982223511","82","29.404","23.021","7.690427784","0.732166439337502","0.930188192604399","17.51978754",
"5/28/2003","-63.4375","-7.02514982223511","82","24.3","22.117","58.5502628328","1.02539873817845","0.978233648871269","2.9195442",
"5/29/2003","-63.4375","-7.02514982223511","82","29.177","21.306","5.53092984","0.954213688278508","0.918049067283672","18.031774968",
"5/30/2003","-63.4375","-7.02514982223511","82","28.294","22.249","8.4114072","0.723367136965215","0.948345827334454","12.918993048",
"5/31/2003","-63.4375","-7.02514982223511","82","29.979","22.281","11.02752918","0.879995038730872","0.92979591269029","18.64620108",
"6/1/2003","-63.4375","-7.02514982223511","82","29.214","21.784","3.203200512","0.805004291035972","0.918381487934971","15.28739928",
"6/2/2003","-63.4375","-7.02514982223511","82","29.517","21.793","8.6997952224","0.6732420595441","0.929846645959255","18.030156732",
"6/3/2003","-63.4375","-7.02514982223511","82","28.303","19.743","7.01064972","0.586845543972724","0.945540657352969","20.92398984",
"6/4/2003","-63.4375","-7.02514982223511","82","30.956","20.764","4.21600428","0.837087362091509","0.876894503372896","22.41793026",
"6/5/2003","-63.4375","-7.02514982223511","82","28.657","20.552","6.34460418","1.01911941843074","0.931256885760418","19.97881956",
"6/6/2003","-63.4375","-7.02514982223511","82","31.396","22.302","1.565552376","0.901963419974778","0.899426445309321","12.60680472",
"6/7/2003","-63.4375","-7.02514982223511","82","31.901","21.673","2.0153043648","1.14236745234378","0.841213706865394","16.244603892",
"6/8/2003","-63.4375","-7.02514982223511","82","32.608","18.635","0.5321502","0.884995158792165","0.767420775871465","15.05980926",
"6/9/2003","-63.4375","-7.02514982223511","82","31.858","22.54","0.308990124","1.20054836847908","0.707521716446856","8.866121688",
"6/10/2003","-63.4375","-7.02514982223511","82","30.984","22.364","3.254700348","0.916345437454681","0.827378847186883","14.63163552",
"6/11/2003","-63.4375","-7.02514982223511","82","25.09","21.888","1.5689850552","0.760743579102451","0.95821926611005","3.65788152",
"6/12/2003","-63.4375","-7.02514982223511","82","33.629","21.875","0.0446319648","0.885522505394441","0.777153484198218","12.63032082",
"6/13/2003","-63.4375","-7.02514982223511","82","34.233","19.697","0","0.854108993759389","0.724384301264846","22.66025742",
"6/14/2003","-63.4375","-7.02514982223511","82","34.312","21.036","0","1.18464865516598","0.604918419093188","22.66700634",
"6/15/2003","-63.4375","-7.02514982223511","82","34.051","20.786","0","1.16837319953909","0.638613688830681","22.58285292",
"6/16/2003","-63.4375","-7.02514982223511","82","32.104","20.211","3.160288512","1.12142691447988","0.807204334383658","22.00072554",
"6/17/2003","-63.4375","-7.02514982223511","82","33.904","20.989","0","0.975936246851267","0.730561508337567","18.35634204",
"6/18/2003","-63.4375","-7.02514982223511","82","26.667","20.179","1.342392552","0.754462118781445","0.88369294766517","3.53756502",
"6/19/2003","-63.4375","-7.02514982223511","82","30.327","22.129","2.24876628","0.934528953959411","0.8704667967075","14.7951009",
"6/20/2003","-63.4375","-7.02514982223511","82","32.76","20.134","0","1.06534365595999","0.755632070411477","15.57556992",
"6/21/2003","-63.4375","-7.02514982223511","82","34.425","22.966","0","0.805183202739525","0.662841310266634","13.31465706",
"6/22/2003","-63.4375","-7.02514982223511","82","34.988","22.153","4.20226812","1.08002705871205","0.726209109853058","12.301418268",
"6/23/2003","-63.4375","-7.02514982223511","82","31.694","21.543","6.78405924","0.922083549690766","0.851292929808024","21.4736562",
"6/24/2003","-63.4375","-7.02514982223511","82","30.25","20.283","1.156997196","0.856939360875877","0.894721812221768","12.489861348",
"6/25/2003","-63.4375","-7.02514982223511","82","30.529","20.99","3.666684024","0.806483637270398","0.908219540169953","19.4425281",
"6/26/2003","-63.4375","-7.02514982223511","82","29.931","19.931","3.47099112","0.840680146412726","0.887534089300792","17.5349799",
"6/27/2003","-63.4375","-7.02514982223511","82","31.382","21.525","8.226014796","0.806472683611638","0.936296374832021","13.03115562",
"6/28/2003","-63.4375","-7.02514982223511","82","30.633","21.698","3.9155958","1.05583841673557","0.891915520096928","19.2636594",
"6/29/2003","-63.4375","-7.02514982223511","82","32.757","20.002","0","1.174977022392","0.731791890011339","15.03208278",
"6/30/2003","-63.4375","-7.02514982223511","82","33.173","16.803","0","1.20111332633518","0.642363311273776","21.54971178",
"7/1/2003","-63.4375","-7.02514982223511","82","33.261","16.314","0","1.31623912459358","0.547572320145598","23.236875",
"7/2/2003","-63.4375","-7.02514982223511","82","33.282","16.685","0","1.12012658773671","0.646446375932418","22.59562518",
"7/3/2003","-63.4375","-7.02514982223511","82","33.807","16.575","0","1.08365407710612","0.599104762289857","20.86363062",
"7/4/2003","-63.4375","-7.02514982223511","82","28.509","21.686","0","1.25805194276407","0.718183378566744","11.524446468",
"7/5/2003","-63.4375","-7.02514982223511","82","33.275","20.444","0","1.49372088382062","0.644575133512453","22.69096344",
"7/6/2003","-63.4375","-7.02514982223511","82","30.54","20.291","0","1.15308771582063","0.730681532600902","16.03743516",
"7/7/2003","-63.4375","-7.02514982223511","82","34.123","20.505","0","1.04183713868629","0.671685098765047","14.56448094",
"7/8/2003","-63.4375","-7.02514982223511","82","35.612","17.642","0","0.923649056882637","0.682415424854622","17.02811538",
"7/9/2003","-63.4375","-7.02514982223511","82","25.631","17.482","0.408553992","0.644087087522685","0.865179471757813","3.00358116",
"7/10/2003","-63.4375","-7.02514982223511","82","34.239","16.511","0","1.37892350690263","0.680988847403891","22.4636598",
"7/11/2003","-63.4375","-7.02514982223511","82","33.917","17.077","0","1.6349303437947","0.536106506381344","16.53502068",
"7/12/2003","-63.4375","-7.02514982223511","82","31.897","18.868","0","2.07059245050179","0.615769889577746","23.88470454",
"7/13/2003","-63.4375","-7.02514982223511","82","32.205","17.366","0","1.75870767739488","0.581252973037849","23.61409038",
"7/14/2003","-63.4375","-7.02514982223511","82","34.249","15.864","0","1.11307863514299","0.612742062394124","23.90613444",
"7/15/2003","-63.4375","-7.02514982223511","82","34.949","14.294","0","0.796520079638558","0.565413722596181","23.03471052",
"7/16/2003","-63.4375","-7.02514982223511","82","32.453","20.862","0","1.3708609344601","0.543976522093597","13.7069442",
"7/17/2003","-63.4375","-7.02514982223511","82","34.361","18.606","0","1.42673443628347","0.498910064683448","23.79594564",
"7/18/2003","-63.4375","-7.02514982223511","82","32.194","21.731","0","1.17724822236163","0.517703339330994","15.178775868",
"7/19/2003","-63.4375","-7.02514982223511","82","33.356","19.774","0","1.09186079142729","0.546172370839784","12.53761884",
"7/20/2003","-63.4375","-7.02514982223511","82","35.453","18.313","0","1.04074433195375","0.48929525598169","21.159563472",
"7/21/2003","-63.4375","-7.02514982223511","82","35.452","16.799","0","0.835784382756489","0.605287568155141","23.985679968",
"7/22/2003","-63.4375","-7.02514982223511","82","36.435","21.939","0","0.965036793137067","0.477061434964204","23.81906304",
"7/23/2003","-63.4375","-7.02514982223511","82","37.298","20.792","0","1.24284696837264","0.535657927465285","16.417123488",
"7/24/2003","-63.4375","-7.02514982223511","82","36.323","16.273","0","0.985512796878049","0.592028936933714","24.08957514",
"7/25/2003","-63.4375","-7.02514982223511","82","36.615","15.985","0","1.08458738698633","0.51528779787042","24.30810108",
"7/26/2003","-63.4375","-7.02514982223511","82","36.338","17.373","0","1.19041206528859","0.483950187264572","24.382739592",
"7/27/2003","-63.4375","-7.02514982223511","82","36.604","18.611","0","1.23962403265107","0.438389118601548","22.999384728",
"7/28/2003","-63.4375","-7.02514982223511","82","36.06","15.615","0","0.99029695149652","0.507000003028139","24.170340168",
"7/29/2003","-63.4375","-7.02514982223511","82","31.757","18.563","0","1.19495719525696","0.652296606927771","12.89717046",
"7/30/2003","-63.4375","-7.02514982223511","82","36.466","20.588","0","1.46855168969635","0.476053429385205","23.81698404",
"7/31/2003","-63.4375","-7.02514982223511","82","37.28","14.341","0","0.623446245435845","0.623561493954021","24.795902088",
"8/1/2003","-63.4375","-7.02514982223511","82","37.109","17.369","0","1.26798566433526","0.544976655198411","14.85944802",
"8/2/2003","-63.4375","-7.02514982223511","82","35.418","21.174","2.4787925064","1.19346254366035","0.674567646368896","14.43875094",
"8/3/2003","-63.4375","-7.02514982223511","82","36.302","21.598","0.89950572","1.2970630360221","0.593087886758163","24.145092",
"8/4/2003","-63.4375","-7.02514982223511","82","35.564","22.778","0.363922272","1.4404480289828","0.579935833325587","19.959350832",
"8/5/2003","-63.4375","-7.02514982223511","82","34.526","21.011","0","1.00601735680996","0.63407573930511","14.2967799",
"8/6/2003","-63.4375","-7.02514982223511","82","32.863","20.41","0","1.39116550025742","0.613309525989382","16.29129096",
"8/7/2003","-63.4375","-7.02514982223511","82","28.061","16.829","0","0.748750595904201","0.8036917464017","3.56028354",
"8/8/2003","-63.4375","-7.02514982223511","82","36.85","18.614","0","1.02445393702852","0.570303295700755","13.632293664",
"8/9/2003","-63.4375","-7.02514982223511","82","36.45","19.309","0.0205993584","1.46299833384171","0.507675991164491","18.26724204",
"8/10/2003","-63.4375","-7.02514982223511","82","34.167","22.847","0.130462632","1.97137620183567","0.614652546453644","18.45140202",
"8/11/2003","-63.4375","-7.02514982223511","82","37.483","22.202","0","1.37676229285061","0.489068563945686","25.03868022",
"8/12/2003","-63.4375","-7.02514982223511","82","39.272","24.272","0","0.98897683842498","0.410967881027824","24.00457536",
"8/13/2003","-63.4375","-7.02514982223511","82","36.573","22.986","0","1.68813251494404","0.509454221245322","22.78091484",
"8/14/2003","-63.4375","-7.02514982223511","82","37.839","21.438","0.06179814","1.16949470138679","0.633746708302985","14.5829268",
"8/15/2003","-63.4375","-7.02514982223511","82","36.283","22.026","0.343323","1.13993327428624","0.708146104194722","8.659521252",
"8/16/2003","-63.4375","-7.02514982223511","82","34.593","22.046","4.9747478904","1.54587109476728","0.673138583284454","18.841221",
"8/17/2003","-63.4375","-7.02514982223511","82","33.518","21.835","0.9544374","0.844699212967072","0.65891024976698","14.14356408",
"8/18/2003","-63.4375","-7.02514982223511","82","38.307","21.813","0","1.10914201065033","0.584680969719834","14.624149392",
"8/19/2003","-63.4375","-7.02514982223511","82","37.724","20.48","0","1.49317551216862","0.695994509712197","7.70405904",
"8/20/2003","-63.4375","-7.02514982223511","82","34.61","21.237","5.1618546072","1.00742171326668","0.803351387272772","16.262945568",
"8/21/2003","-63.4375","-7.02514982223511","82","31.817","21.384","0","1.24053733945939","0.744562232058134","11.68239618",
"8/22/2003","-63.4375","-7.02514982223511","82","35.325","23.52","0.02059938","1.01181267069055","0.616219107309319","18.11520306",
"8/23/2003","-63.4375","-7.02514982223511","82","36.457","22.193","0.0875472624","1.22204922504031","0.533219763414444","19.754437482",
"8/24/2003","-63.4375","-7.02514982223511","82","36.507","23.829","0","0.846736836989857","0.473174458292235","15.589915218",
"8/25/2003","-63.4375","-7.02514982223511","82","37.844","24.905","0","1.27740874153673","0.45419728357412","13.86522945",
"8/26/2003","-63.4375","-7.02514982223511","82","33.941","22.637","0","2.15873387642063","0.483266321413381","26.36791506",
"8/27/2003","-63.4375","-7.02514982223511","82","36.508","19.95","0","1.57722244889391","0.495526432763839","23.56419744",
"8/28/2003","-63.4375","-7.02514982223511","82","35.344","23.194","0.109863144","2.10580695456806","0.419416273274059","16.73279856",
"8/29/2003","-63.4375","-7.02514982223511","82","35.744","21.548","0","1.55365282983926","0.382314111634081","26.85251016",
"8/30/2003","-63.4375","-7.02514982223511","82","34.436","22.703","0","1.50548685101872","0.354063070655766","24.30652284",
"8/31/2003","-63.4375","-7.02514982223511","82","37.384","23.236","0","1.1611951116627","0.475552071822445","13.036388472",
"9/1/2003","-63.4375","-7.02514982223511","82","34.037","20.894","1.6582459464","1.11834314284777","0.719296503313135","13.973573268",
"9/2/2003","-63.4375","-7.02514982223511","82","28.672","21.088","8.62942356","1.2300069127681","0.872117888958044","10.3047759",
"9/3/2003","-63.4375","-7.02514982223511","82","35.113","21.474","0.0102996792","1.30243308687678","0.633337161284842","13.97468988",
"9/4/2003","-63.4375","-7.02514982223511","82","38.279","20.932","0.2901078","0.858730003387499","0.579079951581639","9.38762352",
"9/5/2003","-63.4375","-7.02514982223511","82","34.518","23.324","0.82912464","1.22901434719364","0.544082210677247","11.674575108",
"9/6/2003","-63.4375","-7.02514982223511","82","37.325","21.814","0.6523133328","1.07803254773726","0.612040626512874","19.284197328",
"9/7/2003","-63.4375","-7.02514982223511","82","40.095","21.621","0","1.21192287134019","0.464427370270238","21.0603924",
"9/8/2003","-63.4375","-7.02514982223511","82","39.353","21.673","0.010299672","1.18796386620041","0.450827644627208","18.95990706",
"9/9/2003","-63.4375","-7.02514982223511","82","39.096","26.64","0.048065184","0.954568475757563","0.459928578508865","13.895214408",
"9/10/2003","-63.4375","-7.02514982223511","82","38.857","27.138","0","1.78222386830954","0.385271054080547","20.52798714",
"9/11/2003","-63.4375","-7.02514982223511","82","35.074","22.145","0","2.28515239768345","0.417101431081281","20.115399168",
"9/12/2003","-63.4375","-7.02514982223511","82","38.416","20.214","0","1.59635258653387","0.401208576453144","26.55084096",
"9/13/2003","-63.4375","-7.02514982223511","82","40.174","20.661","0","1.14503068631625","0.396656000905476","27.5983848",
"9/14/2003","-63.4375","-7.02514982223511","82","38.71","24.117","0.0446319504","1.16560619466841","0.413611995772976","18.775124208",
"9/15/2003","-63.4375","-7.02514982223511","82","37.686","22.057","0.082397448","1.30267053142475","0.507019157317997","23.793351408",
"9/16/2003","-63.4375","-7.02514982223511","82","40.258","24.186","0.195694164","1.20463284320587","0.543052997397548","15.990355008",
"9/17/2003","-63.4375","-7.02514982223511","82","37.924","21.99","0.044631972","1.1315403084169","0.55316984309737","12.519279792",
"9/18/2003","-63.4375","-7.02514982223511","82","36.311","23.171","0","1.21767788561114","0.481961206751505","16.836243048",
"9/19/2003","-63.4375","-7.02514982223511","82","38.7","23.338","0.315857232","1.11255445794759","0.502727400027156","19.647278712",
"9/20/2003","-63.4375","-7.02514982223511","82","39.768","22.842","0.44460342","0.790519756656453","0.557121462770715","15.778180152",
"9/21/2003","-63.4375","-7.02514982223511","82","37.974","24.232","0.3742218792","0.898553965073256","0.58285418261819","8.343846288",
"9/22/2003","-63.4375","-7.02514982223511","82","38.873","21.526","0.0102996792","1.05568571018825","0.527161686282414","19.76051916",
"9/23/2003","-63.4375","-7.02514982223511","82","41.84","22.121","2.8512957168","1.15124454932552","0.580141272742114","17.952355872",
"9/24/2003","-63.4375","-7.02514982223511","82","35.729","25.028","0.6162642","1.5590157621737","0.594515296757637","17.037448128",
"9/25/2003","-63.4375","-7.02514982223511","82","40.264","22.941","2.8032283584","0.993021516541043","0.592182114436659","15.90153408",
"9/26/2003","-63.4375","-7.02514982223511","82","33.534","23.374","4.91294808","1.2588476642457","0.757861691301442","9.981049572",
"9/27/2003","-63.4375","-7.02514982223511","82","37.046","22.963","6.94370448","1.00956023206903","0.69058319896515","16.551727488",
"9/28/2003","-63.4375","-7.02514982223511","82","31.83","22.904","7.996845168","0.910889393613833","0.868834833124339","19.700207856",
"9/29/2003","-63.4375","-7.02514982223511","82","35.739","21.981","0.0205993728","0.999550828493709","0.714544166239833","14.72276916",
"9/30/2003","-63.4375","-7.02514982223511","82","37.017","22.897","1.8745420824","1.18677949758337","0.726046517577484","14.54141286",
"10/1/2003","-63.4375","-7.02514982223511","82","37.42","23.643","8.08868466","1.09511957124084","0.767578456854407","17.84835306",
"10/2/2003","-63.4375","-7.02514982223511","82","34.215","23.398","8.085244248","1.13081894936722","0.87873495375543","20.37852972",
"10/3/2003","-63.4375","-7.02514982223511","82","37.102","24.003","10.5022439784","0.850655859478392","0.834515013124034","13.32894708",
"10/4/2003","-63.4375","-7.02514982223511","82","33.189","23.111","9.6199029864","0.753802380329344","0.877218555849976","21.98806506",
"10/5/2003","-63.4375","-7.02514982223511","82","34.925","22.13","1.44882144","1.17940443862797","0.784575548005616","18.2564406",
"10/6/2003","-63.4375","-7.02514982223511","82","36.791","23.728","3.2306692464","0.628152301564262","0.795221274711955","12.28263606",
"10/7/2003","-63.4375","-7.02514982223511","82","36.092","23.392","0.26607528","1.23386351273746","0.675017607486612","22.4508384",
"10/8/2003","-63.4375","-7.02514982223511","82","38.998","23.77","2.13203268","0.988691384687029","0.634344138707236","18.58370544",
"10/9/2003","-63.4375","-7.02514982223511","82","36.157","24.12","4.3979652","1.30975938611826","0.715765686987408","22.52440854",
"10/10/2003","-63.4375","-7.02514982223511","82","31.899","24.037","13.8736669464","1.26119663614603","0.87187229650195","20.10768984",
"10/11/2003","-63.4375","-7.02514982223511","82","29.266","23.765","14.98947408","1.21109785682649","0.927245332063945","16.941209688",
"10/12/2003","-63.4375","-7.02514982223511","82","24.703","22.471","12.30469128","1.67898823288568","0.962116805009719","5.5499661",
"10/13/2003","-63.4375","-7.02514982223511","82","31.829","22.172","7.7281993152","1.22827441181864","0.866223353833661","21.6970353",
"10/14/2003","-63.4375","-7.02514982223511","82","29.494","21.505","10.474773228","0.951402546009716","0.90484911822074","27.16661628",
"10/15/2003","-63.4375","-7.02514982223511","82","28.994","23.469","16.639137756","0.883898957916257","0.917958154063816","17.79086304",
"10/16/2003","-63.4375","-7.02514982223511","82","30.885","23.354","13.57841556","0.981894945248857","0.892778852467286","24.85113336",
"10/17/2003","-63.4375","-7.02514982223511","82","32.722","23.155","9.4928734224","1.03955412330975","0.898363460689882","23.997604608",
"10/18/2003","-63.4375","-7.02514982223511","82","36.733","23.27","3.069305964","0.874274220578474","0.813690911196344","16.9795179",
"10/19/2003","-63.4375","-7.02514982223511","82","32.118","23.101","6.251903244","0.975011340696695","0.832405237098331","28.34364168",
"10/20/2003","-63.4375","-7.02514982223511","82","32.046","23.152","4.54215582","1.1665144529713","0.873717735359","14.02920396",
"10/21/2003","-63.4375","-7.02514982223511","82","36.014","23.143","0.02059938","0.994306186930453","0.718509467268631","14.88914658",
"10/22/2003","-63.4375","-7.02514982223511","82","34.976","23.689","0.0377654832","1.107523791651","0.713570659515173","15.230367",
"10/23/2003","-63.4375","-7.02514982223511","82","31.478","21.161","0.0789642432","1.42329104987971","0.77317272326775","13.20390342",
"10/24/2003","-63.4375","-7.02514982223511","82","37.803","20.269","0","0.842395410164905","0.649757437454671","16.84861992",
"10/25/2003","-63.4375","-7.02514982223511","82","38.57","22.678","0.116729784","0.701932005248981","0.651472428978019","14.53325652",
"10/26/2003","-63.4375","-7.02514982223511","82","37.037","23.069","0.02059938","1.11563267228807","0.597965571268261","20.23064748",
"10/27/2003","-63.4375","-7.02514982223511","82","37.974","24.073","0.0446319576","0.901265951296887","0.601240810452816","8.2589085",
"10/28/2003","-63.4375","-7.02514982223511","82","31.433","23.664","0.0102996792","1.6553338523001","0.711261834922256","15.411204",
"10/29/2003","-63.4375","-7.02514982223511","82","28.46","23.111","42.4501114464","0.955971112505292","0.945298709245714","7.49857752",
"10/30/2003","-63.4375","-7.02514982223511","82","34.786","22.873","3.4297976736","0.963241495541474","0.820897255732516","14.08297536",
"10/31/2003","-63.4375","-7.02514982223511","82","34.345","22.832","16.307833104","0.894301010351632","0.878690330474077","17.22982464",
"11/1/2003","-63.4375","-7.02514982223511","82","36.886","23","3.5087593392","1.04383114514843","0.842140423746967","10.45855854",
"11/2/2003","-63.4375","-7.02514982223511","82","32.857","22.944","11.8532163024","1.79129187476418","0.871829687220303","16.1936406",
"11/3/2003","-63.4375","-7.02514982223511","82","30.851","20.575","20.11528656","1.432460151185","0.838913333314611","13.6956456",
"11/4/2003","-63.4375","-7.02514982223511","82","37.378","21.343","0.8789063904","1.19101454479642","0.772223084763857","14.33509038",
"11/5/2003","-63.4375","-7.02514982223511","82","29.576","22.542","21.9949767864","0.920785567250684","0.934361113027745","17.14870926",
"11/6/2003","-63.4375","-7.02514982223511","82","24.808","23.202","49.948315632","0.644510556118578","0.974076114096664","1.941525432",
"11/7/2003","-63.4375","-7.02514982223511","82","37.596","22.472","0.465202188","0.750206909308073","0.754546314189976","15.83684658",
"11/8/2003","-63.4375","-7.02514982223511","82","36.67","20.604","0.0703811664","1.03549784815454","0.663368093082471","19.16167986",
"11/9/2003","-63.4375","-7.02514982223511","82","36.513","21.879","3.0178059984","0.820048962916074","0.767486851183616","17.07001686",
"11/10/2003","-63.4375","-7.02514982223511","82","31.25","23.522","5.661390852","1.15548935410884","0.855920998154666","22.66503804",
"11/11/2003","-63.4375","-7.02514982223511","82","28.303","21.118","0.7844919552","0.888488884712739","0.884728578961242","10.05823224",
"11/12/2003","-63.4375","-7.02514982223511","82","36.115","20.676","0","0.73459787800456","0.729643799113036","15.73852662",
"11/13/2003","-63.4375","-7.02514982223511","82","27.591","23.134","23.00692356","1.49711893154606","0.922502441759813","8.9024094",
"11/14/2003","-63.4375","-7.02514982223511","82","24.585","21.315","72.2016053064","0.584450309626929","0.981304247729516","2.23835634",
"11/15/2003","-63.4375","-7.02514982223511","82","32.709","21.827","5.4605497032","0.998981473814058","0.87318800923456","19.7187228",
"11/16/2003","-63.4375","-7.02514982223511","82","36.987","23.66","2.5011062784","0.968875391836541","0.773615334987443","15.20105238",
"11/17/2003","-63.4375","-7.02514982223511","82","30.045","23.599","13.49087184","1.28772308600738","0.893905883730862","9.5429313",
"11/18/2003","-63.4375","-7.02514982223511","82","30.799","21.677","2.0616528096","1.28472534126264","0.864134459025399","13.86309492",
"11/19/2003","-63.4375","-7.02514982223511","82","35.16","20.325","0.030899016","1.06063681101812","0.736560158663747","14.66341902",
"11/20/2003","-63.4375","-7.02514982223511","82","35.921","21.647","1.2084985872","1.30609501858738","0.773886901955057","17.94931506",
"11/21/2003","-63.4375","-7.02514982223511","82","30.021","23.546","19.79513262","0.820505496331728","0.933601287359367","14.18821722",
"11/22/2003","-63.4375","-7.02514982223511","82","32.253","22.81","13.801578912","0.891654795162191","0.904891366665872","21.86539254",
"11/23/2003","-63.4375","-7.02514982223511","82","28.345","23.75","21.160693404","0.985652705384335","0.941947372943048","17.47872918",
"11/24/2003","-63.4375","-7.02514982223511","82","29.004","23.295","24.63426216","1.11007156740641","0.913887363650502","11.9899098",
"11/25/2003","-63.4375","-7.02514982223511","82","34.144","23.137","22.5237118032","0.964555113507621","0.865595687592358","25.74703332",
"11/26/2003","-63.4375","-7.02514982223511","82","34.66","23.669","18.07765668","0.980993486017068","0.824866656107962","24.11831088",
"11/27/2003","-63.4375","-7.02514982223511","82","31.149","23.827","10.667034","1.05532699494299","0.864219308575275","13.04763912",
"11/28/2003","-63.4375","-7.02514982223511","82","35.123","22.764","2.91309264","1.23310730651727","0.78055569048657","26.1828576",
"11/29/2003","-63.4375","-7.02514982223511","82","36.319","23.911","6.6209820768","1.16489929671082","0.767765060207487","16.56882378",
"11/30/2003","-63.4375","-7.02514982223511","82","28.294","23.257","33.4533696984","1.14451520692592","0.934484091998909","8.05061772",
"12/1/2003","-63.4375","-7.02514982223511","82","34.643","22.932","9.59587326","1.00793652363551","0.898206912169873","13.92463008",
"12/2/2003","-63.4375","-7.02514982223511","82","32.031","23.629","3.489877584","0.679752275419044","0.898769828377581","12.08176956",
"12/3/2003","-63.4375","-7.02514982223511","82","31.89","23.238","18.22013604","0.84408643945709","0.879847848833997","19.69598988",
"12/4/2003","-63.4375","-7.02514982223511","82","25.942","22.614","38.901883032","1.00814181795702","0.958402087035668","5.79341232",
"12/5/2003","-63.4375","-7.02514982223511","82","35.554","22.349","1.7955765792","1.10998040546056","0.765195532257299","20.5339536",
"12/6/2003","-63.4375","-7.02514982223511","82","36.113","23.809","40.769576028","0.902270416797278","0.826622720178066","16.49632356",
"12/7/2003","-63.4375","-7.02514982223511","82","36.202","23.623","14.9465587176","1.09757373955442","0.782993153420664","17.6571549",
"12/8/2003","-63.4375","-7.02514982223511","82","29.927","23.515","4.1713703784","1.37501716056712","0.862801860539638","14.68080864",
"12/9/2003","-63.4375","-7.02514982223511","82","36.563","21.894","0.1476288","0.789482288000901","0.766554480917424","17.59218336",
"12/10/2003","-63.4375","-7.02514982223511","82","31.34","23.523","38.8898942544","1.00995342121418","0.927329791477967","15.21371628",
"12/11/2003","-63.4375","-7.02514982223511","82","26.743","22.787","36.60507936","0.679743764565677","0.964479684414502","6.95604168",
"12/12/2003","-63.4375","-7.02514982223511","82","28.808","22.56","2.0050078824","0.908105918859649","0.938618013951754","9.10040472",
"12/13/2003","-63.4375","-7.02514982223511","82","35.229","23.061","6.6553074648","1.14082860023009","0.856924938219224","16.2713223",
"12/14/2003","-63.4375","-7.02514982223511","82","32.03","23.822","14.2015415472","0.986375517447901","0.909909310770022","27.09376758",
"12/15/2003","-63.4375","-7.02514982223511","82","34.203","22.701","16.9687260792","0.634227117300187","0.895179717171553","26.18325",
"12/16/2003","-63.4375","-7.02514982223511","82","31.222","22.816","10.2361716864","0.599605676258131","0.915216381336754","21.7209357",
"12/17/2003","-63.4375","-7.02514982223511","82","29.959","22.578","10.8541458","0.855288443041867","0.918872140057982","23.26832622",
"12/18/2003","-63.4375","-7.02514982223511","82","29.994","22.698","7.0158038544","0.813516739273564","0.922548018253657","20.99593458",
"12/19/2003","-63.4375","-7.02514982223511","82","31.151","23.368","3.948213492","0.949908198840887","0.86769622369133","20.40615",
"12/20/2003","-63.4375","-7.02514982223511","82","33.196","22.111","5.6356434","0.951825029488933","0.824278985555446","25.86550176",
"12/21/2003","-63.4375","-7.02514982223511","82","35.171","23.019","3.879550332","1.07258859132006","0.822482742514725","25.2925812",
"12/22/2003","-63.4375","-7.02514982223511","82","33.275","21.922","6.013296936","0.901795900555265","0.876007821656356","9.92463714",
"12/23/2003","-63.4375","-7.02514982223511","82","34.568","20.885","0","1.05432711837817","0.692727801801851","21.8570625",
"12/24/2003","-63.4375","-7.02514982223511","82","37.961","20.719","0","0.817324989419908","0.649669453087312","16.489575",
"12/25/2003","-63.4375","-7.02514982223511","82","34.33","23.103","0","0.971633356023269","0.662195129300714","23.0984496",
"12/26/2003","-63.4375","-7.02514982223511","82","36.515","24.355","0.13303764","1.0984287616274","0.682329225250333","16.89328152",
"12/27/2003","-63.4375","-7.02514982223511","82","33.698","22.407","0.090980532","1.41539635382932","0.688394851534789","18.70582788",
"12/28/2003","-63.4375","-7.02514982223511","82","35.106","21.677","3.52592244","1.10043375449318","0.766876548456716","19.747683",
"12/29/2003","-63.4375","-7.02514982223511","82","36.487","22.53","2.9680272","0.98511798133887","0.726131299804726","15.5946969",
"12/30/2003","-63.4375","-7.02514982223511","82","29.434","22.816","9.30919338","1.57007501705876","0.886780230144628","19.39977972",
"12/31/2003","-63.4375","-7.02514982223511","82","30.902","20.852","1.550103048","1.18726922992853","0.868282517948676","15.0591366",
"1/1/2004","-63.4375","-7.02514982223511","82","27.505","19.186","10.42328412","0.764931422515698","0.951084158763412","6.20471232",
"1/2/2004","-63.4375","-7.02514982223511","82","32.198","20.802","0.31929048","1.13092067169154","0.737716477732422","21.9202875",
"1/3/2004","-63.4375","-7.02514982223511","82","26.692","23.154","8.58135132","0.845758206954551","0.960999251106304","11.597512608",
"1/4/2004","-63.4375","-7.02514982223511","82","34.218","21.985","4.4631994608","1.02741081495579","0.841917329149947","23.09568372",
"1/5/2004","-63.4375","-7.02514982223511","82","28.019","23.764","10.61038512","0.803857964260783","0.953774560055735","15.72710706",
"1/6/2004","-63.4375","-7.02514982223511","82","29.688","23.462","13.8204539928","1.27450042991612","0.929852481806565","19.93590018",
"1/7/2004","-63.4375","-7.02514982223511","82","31.546","22.586","5.342100444","1.02863125561908","0.894763888636046","19.33464042",
"1/8/2004","-63.4375","-7.02514982223511","82","32.767","22.713","7.1720156664","0.826523529387763","0.875915258979224","19.85782446",
"1/9/2004","-63.4375","-7.02514982223511","82","27.125","23.395","6.70680864","0.744111060282515","0.956349236716186","5.99984784",
"1/10/2004","-63.4375","-7.02514982223511","82","29.276","22.68","17.7858403992","0.672664830630854","0.944880468776822","20.19695166",
"1/11/2004","-63.4375","-7.02514982223511","82","28.686","22.993","9.2611277064","0.910676198712855","0.944424391640026","10.98990828",
"1/12/2004","-63.4375","-7.02514982223511","82","32.963","23.444","5.4399477744","0.628629088880256","0.879611146760919","14.789987928",
"1/13/2004","-63.4375","-7.02514982223511","82","32.292","23.04","9.1529875152","0.921552438405397","0.904002192974861","20.47173768",
"1/14/2004","-63.4375","-7.02514982223511","82","26.08","23.692","15.351681168","0.954156193011289","0.952695281384989","7.2630009",
"1/15/2004","-63.4375","-7.02514982223511","82","33.395","22.703","0.21286044","0.736028475741828","0.804576525439944","15.67558638",
"1/16/2004","-63.4375","-7.02514982223511","82","33.021","21.829","6.5299984344","1.04851306927394","0.857136961428076","27.9971415",
"1/17/2004","-63.4375","-7.02514982223511","82","35.378","21.737","0.27122508","0.994380700751088","0.77232364814594","20.34720522",
"1/18/2004","-63.4375","-7.02514982223511","82","31.407","23.177","6.8990746392","1.42725466823979","0.882961854727906","26.28168624",
"1/19/2004","-63.4375","-7.02514982223511","82","32.695","24.023","3.4109119584","1.24569430994261","0.858962584541004","20.832410736",
"1/20/2004","-63.4375","-7.02514982223511","82","30.723","23.252","4.611682116","1.26280953643744","0.877542598230832","13.53155454",
"1/21/2004","-63.4375","-7.02514982223511","82","30.614","21.187","14.22815436","0.800383784493218","0.928896653395339","26.48154384",
"1/22/2004","-63.4375","-7.02514982223511","82","27.849","23.045","18.633840084","1.30973277704062","0.956858083086061","15.407271288",
"1/23/2004","-63.4375","-7.02514982223511","82","30.782","21.623","2.087403624","1.4160907888764","0.852334104311766","22.081223592",
"1/24/2004","-63.4375","-7.02514982223511","82","28.614","21.66","12.9947629464","1.02032808705617","0.928392959507381","19.1143188",
"1/25/2004","-63.4375","-7.02514982223511","82","28.181","20.456","0.8111002392","0.909208410326943","0.925529116990352","6.849555552",
"1/26/2004","-63.4375","-7.02514982223511","82","28.946","20.043","0.26950824","0.85578158656345","0.844399564182238","9.572128632",
"1/27/2004","-63.4375","-7.02514982223511","82","32.48","21.79","2.18525112","1.35277535096043","0.752759269786595","25.628060808",
"1/28/2004","-63.4375","-7.02514982223511","82","25.457","22.427","3.8932781544","0.942595671699738","0.956105861279957","2.87848188",
"1/29/2004","-63.4375","-7.02514982223511","82","27.875","21.547","11.0017834128","1.09901553804856","0.939606103557198","18.0471339",
"1/30/2004","-63.4375","-7.02514982223511","82","33.67","19.484","0.0875473128","1.3956141642495","0.757312605292694","18.70661808",
"1/31/2004","-63.4375","-7.02514982223511","82","33.364","20.046","2.6830704528","0.980661703131717","0.796451706077439","27.111649968",
"2/1/2004","-63.4375","-7.02514982223511","82","31.962","23.142","3.04870734","1.23128467196616","0.875359020019554","16.395125112",
"2/2/2004","-63.4375","-7.02514982223511","82","29.27","22.897","9.190747116","1.178900778215","0.922382153920306","17.86697406",
"2/3/2004","-63.4375","-7.02514982223511","82","29.486","23.218","1.6788483504","0.989389271756284","0.887160549364572","14.010018768",
"2/4/2004","-63.4375","-7.02514982223511","82","29.907","22.039","0.339889608","1.72099272980842","0.8339165066909","18.611610912",
"2/5/2004","-63.4375","-7.02514982223511","82","31.331","21.337","2.3792283864","1.22788312695375","0.851626503158367","18.47317446",
"2/6/2004","-63.4375","-7.02514982223511","82","28.675","22.748","11.00349468","0.442034716548025","0.950167297712253","5.22629982",
"2/7/2004","-63.4375","-7.02514982223511","82","28.924","22.545","3.00407544","0.946849334594871","0.898221650757538","11.58165648",
"2/8/2004","-63.4375","-7.02514982223511","82","31.575","21.947","2.6161162848","1.29900798159182","0.806598178596017","24.63379182",
"2/9/2004","-63.4375","-7.02514982223511","82","28.267","22.637","6.835559256","0.676481683204427","0.927089818386162","15.8427576",
"2/10/2004","-63.4375","-7.02514982223511","82","32.927","23.113","4.3979616","1.07884486489304","0.79645618535107","21.3854022",
"2/11/2004","-63.4375","-7.02514982223511","82","26.986","22.615","3.50360586","1.24161100496017","0.90611353306811","7.80952212",
"2/12/2004","-63.4375","-7.02514982223511","82","31.002","21.899","4.7996490528","1.21323057483421","0.871198572364027","20.191279608",
"2/13/2004","-63.4375","-7.02514982223511","82","29.4","22.66","12.7853424","1.01235343076269","0.93328243175172","20.07584874",
"2/14/2004","-63.4375","-7.02514982223511","82","32.385","22.785","7.4329324848","1.05645751760547","0.887830897324715","26.225496",
"2/15/2004","-63.4375","-7.02514982223511","82","30.576","21.994","5.7300621624","1.13045849065172","0.882984935673758","20.43522756",
"2/16/2004","-63.4375","-7.02514982223511","82","33.321","23.258","2.497674672","1.22620716754034","0.831742759489222","21.316837932",
"2/17/2004","-63.4375","-7.02514982223511","82","32.199","22.919","3.5774232264","1.34080492213325","0.862027633720624","17.0302473",
"2/18/2004","-63.4375","-7.02514982223511","82","31.015","23.074","2.06508636","1.25592874277205","0.873137932258261","14.90658876",
"2/19/2004","-63.4375","-7.02514982223511","82","28.301","23.243","17.77896882","1.14235931577003","0.946788588660435","24.17456466",
"2/20/2004","-63.4375","-7.02514982223511","82","26.913","22.354","10.079955108","0.943408808945488","0.921264472287111","9.611325108",
"2/21/2004","-63.4375","-7.02514982223511","82","26.074","21.669","11.40174612","0.823819891097842","0.970103480071696","11.318288382",
"2/22/2004","-63.4375","-7.02514982223511","82","26.564","22.706","12.922667964","0.933777890759122","0.9697124426353","12.955056408",
"2/23/2004","-63.4375","-7.02514982223511","82","25.724","21.832","2.3963934672","1.0771788971005","0.930509033221407","8.934808068",
"2/24/2004","-63.4375","-7.02514982223511","82","30.811","21.506","2.8461483504","0.899230576020302","0.848935562390583","21.413196468",
"2/25/2004","-63.4375","-7.02514982223511","82","30.847","23.058","7.360835904","0.902151942729314","0.908319673377182","20.551842468",
"2/26/2004","-63.4375","-7.02514982223511","82","29.127","23.462","14.4641879064","0.758053073726123","0.936073047067381","21.47928678",
"2/27/2004","-63.4375","-7.02514982223511","82","28.861","23.499","18.577198404","0.640967380209754","0.945300269357376","23.61346506",
"2/28/2004","-63.4375","-7.02514982223511","82","31.603","23.279","9.51862536","0.996286008398288","0.910762157186856","21.646398132",
"2/29/2004","-63.4375","-7.02514982223511","82","30.024","24.318","7.149698424","0.74596474077326","0.925809404753323","15.848720028",
"3/1/2004","-63.4375","-7.02514982223511","82","31.844","23.595","6.713678376","1.13119755715698","0.904534584073871","20.374141968",
"3/2/2004","-63.4375","-7.02514982223511","82","35.265","22.975","9.170151084","0.977899634980223","0.834493312791123","20.056279932",
"3/3/2004","-63.4375","-7.02514982223511","82","24.711","22.234","30.35143548","0.971213982913107","0.975700675163327","1.92645108",
"3/4/2004","-63.4375","-7.02514982223511","82","29.272","21.53","32.47832538","0.949252397012232","0.932646279216079","12.6744156",
"3/5/2004","-63.4375","-7.02514982223511","82","26.917","22.306","28.360162116","0.842290835815874","0.9597245660784","7.228629",
"3/6/2004","-63.4375","-7.02514982223511","82","25.78","22.194","21.57784344","0.521954152905982","0.970373493891273","8.3451375",
"3/7/2004","-63.4375","-7.02514982223511","82","26.384","22.663","44.2903524264","0.706878021457285","0.970819008872065","10.57179492",
"3/8/2004","-63.4375","-7.02514982223511","82","26.219","20.286","9.3246495264","0.883638650853574","0.962760743326225","13.38131268",
"3/9/2004","-63.4375","-7.02514982223511","82","31.708","22.731","5.202198576","0.956271962149657","0.890786015814887","19.770696",
"3/10/2004","-63.4375","-7.02514982223511","82","30.012","23.008","9.834482268","1.29351457799123","0.919399002103855","24.034056768",
"3/11/2004","-63.4375","-7.02514982223511","82","32.764","21.473","3.1997705544","0.748208892202279","0.857308480554782","22.0503357",
"3/12/2004","-63.4375","-7.02514982223511","82","31.843","22.25","8.07237468","0.726138874557582","0.891357642764244","27.65890926",
"3/13/2004","-63.4375","-7.02514982223511","82","31.301","21.897","4.0460592024","0.639517051637197","0.89020243099243","19.273947912",
"3/14/2004","-63.4375","-7.02514982223511","82","29.191","22.41","13.37757012","0.856340712753563","0.934635146793155","24.860192112",
"3/15/2004","-63.4375","-7.02514982223511","82","30.359","23.014","40.9361186304","0.956930575294928","0.892437818676516","19.902937032",
"3/16/2004","-63.4375","-7.02514982223511","82","25.195","22.467","40.429685016","0.659168626625302","0.978969276257093","3.228299712",
"3/17/2004","-63.4375","-7.02514982223511","82","28.467","22.43","2.91137616","1.02691618003478","0.917792488730555","11.294830728",
"3/18/2004","-63.4375","-7.02514982223511","82","32.433","22.695","10.344311892","0.891633280777743","0.890128939884405","17.32933584",
"3/19/2004","-63.4375","-7.02514982223511","82","24.852","20.392","38.9070846","0.777941345485768","0.973331877625321","3.44182338",
"3/20/2004","-63.4375","-7.02514982223511","82","23.436","22.008","6.7583085552","0.722910807883134","0.971557758323903","2.01105045",
"3/21/2004","-63.4375","-7.02514982223511","82","27.209","21.549","4.26407148","0.616546723635066","0.93866935319598","8.19922581",
"3/22/2004","-63.4375","-7.02514982223511","82","27.977","22.405","5.403904848","0.787913144906066","0.929516831149217","9.70475544",
"3/23/2004","-63.4375","-7.02514982223511","82","28.456","22.568","11.194032132","0.847344464682291","0.93678177978891","22.0692951",
"3/24/2004","-63.4375","-7.02514982223511","82","24.354","22.985","25.86250584","0.610476896173775","0.978563347235716","1.88246304",
"3/25/2004","-63.4375","-7.02514982223511","82","30.131","22.745","9.5409417528","0.784015393310861","0.924822553050427","14.717368548",
"3/26/2004","-63.4375","-7.02514982223511","82","30.052","22.405","15.3928714248","0.671833642771806","0.930906303455925","23.37344856",
"3/27/2004","-63.4375","-7.02514982223511","82","27.873","23.912","27.754212276","1.12689970995904","0.953784208015337","18.095965668",
"3/28/2004","-63.4375","-7.02514982223511","82","27.447","23.37","12.51411228","0.734496197819328","0.96414188840906","12.581212104",
"3/29/2004","-63.4375","-7.02514982223511","82","28.244","22.891","2.9577254328","0.863722879881398","0.928618554825913","8.58144618",
"3/30/2004","-63.4375","-7.02514982223511","82","24.016","21.966","85.48477776","1.02478146904997","0.980796839963276","1.74791232",
"3/31/2004","-63.4375","-7.02514982223511","82","26.171","21.757","8.358188112","0.596936075745938","0.971255395153448","9.503157132",
"4/1/2004","-63.4375","-7.02514982223511","82","33.491","22.287","3.505329864","0.982286012266094","0.862167951640119","19.262083032",
"4/2/2004","-63.4375","-7.02514982223511","82","34.105","23.08","4.9146625728","1.31508808697466","0.814869682652128","23.59198386",
"4/3/2004","-63.4375","-7.02514982223511","82","31.79","21.5","10.4009654664","0.748021892588469","0.918872797024756","17.24922306",
"4/4/2004","-63.4375","-7.02514982223511","82","28.286","24.319","21.41304228","0.858854509044765","0.957941018564887","17.970860232",
"4/5/2004","-63.4375","-7.02514982223511","82","28.64","24.192","11.135669976","0.670024692561639","0.943093434961105","17.127000432",
"4/6/2004","-63.4375","-7.02514982223511","82","33.087","23.863","14.7594489264","0.693881814250421","0.909977134246795","21.173686848",
"4/7/2004","-63.4375","-7.02514982223511","82","28.537","24.637","13.81874076","0.865802730736872","0.94539743070533","13.64844672",
"4/8/2004","-63.4375","-7.02514982223511","82","30.339","23.71","12.6033815592","1.1341055255015","0.91587751226114","24.872847408",
"4/9/2004","-63.4375","-7.02514982223511","82","32.595","23.674","8.4019641552","1.2873969774856","0.83844518793793","21.37478004",
"4/10/2004","-63.4375","-7.02514982223511","82","29.888","23.582","10.8309752064","0.981381436892283","0.917265559761122","23.485672008",
"4/11/2004","-63.4375","-7.02514982223511","82","25.616","23.247","33.7743846","0.713063852163409","0.977917901436853","2.69685054",
"4/12/2004","-63.4375","-7.02514982223511","82","28.85","22.661","5.9669534952","1.20858418758961","0.932637998207095","14.23417608",
"4/13/2004","-63.4375","-7.02514982223511","82","28.532","23.407","0.137329128","1.05414983006039","0.871735780984401","9.45883224",
"4/14/2004","-63.4375","-7.02514982223511","82","28.936","21.888","0.205993728","0.836356431043051","0.844250146487938","13.0227777",
"4/15/2004","-63.4375","-7.02514982223511","82","24.145","22.788","45.2980233504","0.573035293884758","0.979693622641426","1.31377527",
"4/16/2004","-63.4375","-7.02514982223511","82","26.743","22.861","30.67417548","1.0442113747015","0.963544249359649","7.729654428",
"4/17/2004","-63.4375","-7.02514982223511","82","24.654","22.347","22.48248492","0.938362072156904","0.979118959465608","2.30990634",
"4/18/2004","-63.4375","-7.02514982223511","82","29.328","20.736","5.009076612","0.919568498280232","0.926681660431724","11.73060414",
"4/19/2004","-63.4375","-7.02514982223511","82","28.207","19.83","1.028251296","0.58241868994445","0.9352114452544","12.026643552",
"4/20/2004","-63.4375","-7.02514982223511","82","28.47","19.549","14.428138536","0.810251717739044","0.94889463426492","21.78798156",
"4/21/2004","-63.4375","-7.02514982223511","82","29.021","22.995","12.8282576328","0.667034437955806","0.943968795443598","19.119547368",
"4/22/2004","-63.4375","-7.02514982223511","82","29.144","22.331","8.3599056648","0.569831427520489","0.945650849758637","19.01677446",
"4/23/2004","-63.4375","-7.02514982223511","82","33.095","22.829","7.7230405584","0.699372414647856","0.883801699739286","13.7699433",
"4/24/2004","-63.4375","-7.02514982223511","82","32.716","23.23","7.8346290744","1.17544440971377","0.857937785990737","23.15379978",
"4/25/2004","-63.4375","-7.02514982223511","82","30.058","21.23","12.165643548","0.876702245068353","0.931500808199969","24.1560549",
"4/26/2004","-63.4375","-7.02514982223511","82","28.89","21.537","8.6500198584","0.600480438697382","0.947234266480114","16.86527532",
"4/27/2004","-63.4375","-7.02514982223511","82","32.213","21.78","4.397105952","1.14771438860893","0.864307256974512","24.75793008",
"4/28/2004","-63.4375","-7.02514982223511","82","33.435","21.761","4.57992504","1.04335951381922","0.856939950797271","23.2590924",
"4/29/2004","-63.4375","-7.02514982223511","82","29.002","21.955","5.5824264","0.978222351360064","0.921337830899446","21.83388858",
"4/30/2004","-63.4375","-7.02514982223511","82","30.158","20.711","10.0885379112","0.976440415921369","0.922158312517557","24.05019528",
"5/1/2004","-63.4375","-7.02514982223511","82","27.486","22.223","7.848357444","1.12814293186039","0.94654755515697","24.09553296",
"5/2/2004","-63.4375","-7.02514982223511","82","31.9","21.311","4.7052357984","0.991092550116837","0.863190071694059","22.4903844",
"5/3/2004","-63.4375","-7.02514982223511","82","31.502","23.116","6.4578990024","1.07919327608524","0.905226676075812","17.243550468",
"5/4/2004","-63.4375","-7.02514982223511","82","32.632","22.847","1.902007836","1.1460429582809","0.833552879318714","24.32918592",
"5/5/2004","-63.4375","-7.02514982223511","82","27.83","22.244","4.823685252","1.62387725737105","0.926845061925068","15.17540364",
"5/6/2004","-63.4375","-7.02514982223511","82","26.597","20.552","0.1956940704","1.87678523401587","0.836252519275231","11.27554578",
"5/7/2004","-63.4375","-7.02514982223511","82","27.681","19.717","0.0137329056","1.88712040011318","0.800166401247588","20.4567768",
"5/8/2004","-63.4375","-7.02514982223511","82","30.738","20.075","0.0308990664","1.50094531655438","0.807785587186948","13.36629654",
"5/9/2004","-63.4375","-7.02514982223511","82","32.181","21.472","9.8087319","0.733978462450742","0.873727362574739","17.7909201",
"5/10/2004","-63.4375","-7.02514982223511","82","29.932","22.288","12.177652536","0.741226022798712","0.911388041752727","21.40616772",
"5/11/2004","-63.4375","-7.02514982223511","82","32.13","21.76","11.41891794","0.709276668492095","0.92092618797208","16.784766",
"5/12/2004","-63.4375","-7.02514982223511","82","33.901","22.624","7.0072180272","0.8959657291252","0.842334359221989","19.54484388",
"5/13/2004","-63.4375","-7.02514982223511","82","30.39","23.447","6.682780764","0.636362517034548","0.894915621269183","13.96158552",
"5/14/2004","-63.4375","-7.02514982223511","82","31.026","23.272","5.94291762","1.0935893712557","0.880794561157961","21.3473268",
"5/15/2004","-63.4375","-7.02514982223511","82","25.035","22.644","9.33837264","1.41930191776803","0.972459342334005","6.16246866",
"5/16/2004","-63.4375","-7.02514982223511","82","31.245","21.073","2.743153452","1.29547706087999","0.879219676020204","17.2520991",
"5/17/2004","-63.4375","-7.02514982223511","82","32.902","20.843","0.683212176","1.14358685392372","0.827161947217306","13.94888004",
"5/18/2004","-63.4375","-7.02514982223511","82","27.751","21.532","11.41204824","1.13797035136558","0.939785605803266","22.5579384",
"5/19/2004","-63.4375","-7.02514982223511","82","26.461","22.145","17.863083252","1.12568009623689","0.9655423347254","16.50824262",
"5/20/2004","-63.4375","-7.02514982223511","82","30.091","22.356","4.284663588","1.3130398698277","0.908425587375995","15.477856632",
"5/21/2004","-63.4375","-7.02514982223511","82","28.921","22.089","9.81216504","0.656823175666194","0.932340989533979","18.24063912",
"5/22/2004","-63.4375","-7.02514982223511","82","32.552","22.726","4.936984668","0.779554955674673","0.871068492599978","18.495954",
"5/23/2004","-63.4375","-7.02514982223511","82","24.253","20.869","36.16562196","0.799797188424422","0.981002723352706","2.99278134",
"5/24/2004","-63.4375","-7.02514982223511","82","32.92","19","0.28152468","1.01665387399185","0.828633151638721","14.06446722",
"5/25/2004","-63.4375","-7.02514982223511","82","29.814","22.298","9.546089364","1.00015124947557","0.923591879587292","15.34393512",
"5/26/2004","-63.4375","-7.02514982223511","82","27.533","22.203","6.0407586","1.28287837889843","0.945045188281682","13.83884712",
"5/27/2004","-63.4375","-7.02514982223511","82","29.896","21.827","1.908875844","1.53625301329344","0.872452456721644","13.372373232",
"5/28/2004","-63.4375","-7.02514982223511","82","29.984","18.645","0.01373292","1.44052469823233","0.813924379519452","14.23243242",
"5/29/2004","-63.4375","-7.02514982223511","82","30.76","18.227","0.607681476","0.924156427173243","0.795552919228081","17.84131452",
"5/30/2004","-63.4375","-7.02514982223511","82","29.871","22.012","3.920744664","1.29291095746502","0.854669029646754","17.95983858",
"5/31/2004","-63.4375","-7.02514982223511","82","29.828","21.91","7.868957904","1.06843267649347","0.90281857173146","21.93484932",
"6/1/2004","-63.4375","-7.02514982223511","82","28.477","20.318","8.34274548","0.905079062511802","0.921297791055445","19.167975",
"6/2/2004","-63.4375","-7.02514982223511","82","30.656","22.384","3.934480824","1.182346392366","0.903830458134393","16.62766938",
"6/3/2004","-63.4375","-7.02514982223511","82","30.138","21.228","1.388739132","1.34006391063284","0.848022139106619","19.072125",
"6/4/2004","-63.4375","-7.02514982223511","82","31.081","19.533","1.1878970256","1.08726100011005","0.86473224112148","15.3658692",
"6/5/2004","-63.4375","-7.02514982223511","82","31.808","18.423","2.78778186","0.820817250265124","0.848631862933126","22.3483023",
"6/6/2004","-63.4375","-7.02514982223511","82","30.494","21.749","4.590222912","0.915996283618449","0.887071387073548","16.169962212",
"6/7/2004","-63.4375","-7.02514982223511","82","30.747","20.835","4.456329552","1.42751382470295","0.793175003775604","19.05424002",
"6/8/2004","-63.4375","-7.02514982223511","82","32.094","22.113","1.51748676","1.04086724990429","0.784511615374346","15.40783332",
"6/9/2004","-63.4375","-7.02514982223511","82","31.515","22.322","2.3311614384","1.05885965402802","0.843878069173552","17.7114393",
"6/10/2004","-63.4375","-7.02514982223511","82","33.734","21.591","0.310707036","0.909799281468806","0.721057997659311","16.96764312",
"6/11/2004","-63.4375","-7.02514982223511","82","33.591","22.265","0","1.36574249159493","0.609149524190997","16.1722692",
"6/12/2004","-63.4375","-7.02514982223511","82","33.85","21.636","0","1.49814903707907","0.598421488517451","12.99689658",
"6/13/2004","-63.4375","-7.02514982223511","82","28.551","19.978","0","1.77153872401627","0.716898058585769","15.7606236",
"6/14/2004","-63.4375","-7.02514982223511","82","32.19","17.274","0","1.19757034982086","0.669566386487339","22.95258894",
"6/15/2004","-63.4375","-7.02514982223511","82","32.883","19.084","0","1.26969195408614","0.63959210766602","22.6791549",
"6/16/2004","-63.4375","-7.02514982223511","82","33.098","20.007","0","1.00865280688952","0.672111773876997","9.70093152",
"6/17/2004","-63.4375","-7.02514982223511","82","32.939","19.719","0","0.970563047622146","0.646385545592237","18.52194384",
"6/18/2004","-63.4375","-7.02514982223511","82","29.781","21.495","5.84678592","1.07430094080934","0.848923594904716","15.8635665",
"6/19/2004","-63.4375","-7.02514982223511","82","33.638","20.468","0","1.21148402416654","0.745885656875655","17.16041466",
"6/20/2004","-63.4375","-7.02514982223511","82","33.759","19.491","0","0.984478882445841","0.73147511262146","14.79527244",
"6/21/2004","-63.4375","-7.02514982223511","82","29.047","22.198","1.321791552","1.14994694250387","0.790351682510306","10.45789056",
"6/22/2004","-63.4375","-7.02514982223511","82","31.158","20.451","0.87203952","0.757517588010824","0.801416743777045","12.4923366",
"6/23/2004","-63.4375","-7.02514982223511","82","34.046","17.956","0","1.25021007092207","0.652574431090812","21.580703928",
"6/24/2004","-63.4375","-7.02514982223511","82","34.076","22.637","0","1.05458365350394","0.607178555288148","14.7160791",
"6/25/2004","-63.4375","-7.02514982223511","82","34.097","20.662","0","1.14751899165048","0.666425210314566","21.61338768",
"6/26/2004","-63.4375","-7.02514982223511","82","35.057","21.986","0","1.19766742921786","0.552635194517338","16.32487536",
"6/27/2004","-63.4375","-7.02514982223511","82","34.986","22.323","0","0.96121535109471","0.622638446103002","14.43942792",
"6/28/2004","-63.4375","-7.02514982223511","82","35.086","17.362","0","1.06185030931771","0.639470950699003","23.00883894",
"6/29/2004","-63.4375","-7.02514982223511","82","28.839","17.078","0","0.958513089492438","0.721459163437426","7.21597644",
"6/30/2004","-63.4375","-7.02514982223511","82","34.819","17.189","0","0.955194862873535","0.67778857284706","14.1176259",
"7/1/2004","-63.4375","-7.02514982223511","82","32.685","21.886","0.391388076","1.06398620894412","0.747773569801581","10.5407442",
"7/2/2004","-63.4375","-7.02514982223511","82","34.986","17.119","0","0.86396404127154","0.670806077178153","12.76852536",
"7/3/2004","-63.4375","-7.02514982223511","82","35.634","22.648","0","0.844729028501313","0.555363542239314","12.00814092",
"7/4/2004","-63.4375","-7.02514982223511","82","36.374","20.677","0","0.749168390292888","0.645444695992221","13.88930436",
"7/5/2004","-63.4375","-7.02514982223511","82","36.136","23.024","0","1.15947159316556","0.507479224889527","21.3976692",
"7/6/2004","-63.4375","-7.02514982223511","82","33.235","21.359","0","0.903991701774913","0.539291551893828","16.0581366",
"7/7/2004","-63.4375","-7.02514982223511","82","33.814","20.463","0","1.13158650959857","0.668596219737827","15.32964096",
"7/8/2004","-63.4375","-7.02514982223511","82","36.078","22.754","0.0823974624","1.2657001009333","0.572669447080171","16.034342112",
"7/9/2004","-63.4375","-7.02514982223511","82","35.496","23.564","0","0.974392658649658","0.600926577060959","16.3021509",
"7/10/2004","-63.4375","-7.02514982223511","82","35.021","21.811","0","1.19115882230478","0.594851393137903","14.66386956",
"7/11/2004","-63.4375","-7.02514982223511","82","34.348","20.077","0.099563652","0.717882819275929","0.679000392479208","7.341244848",
"7/12/2004","-63.4375","-7.02514982223511","82","31.331","19.922","4.4923806","0.954546137652223","0.868799458203312","22.41224658",
"7/13/2004","-63.4375","-7.02514982223511","82","33.783","21.885","1.920891564","1.00940611638","0.841294579446406","11.33066448",
"7/14/2004","-63.4375","-7.02514982223511","82","35.18","19.878","3.592872","0.78346382384733","0.808729103485352","15.12646686",
"7/15/2004","-63.4375","-7.02514982223511","82","33.658","21.269","0.4411697544","1.11631841989951","0.788662733001243","8.500168188",
"7/16/2004","-63.4375","-7.02514982223511","82","33.494","17.977","0","1.19566588047678","0.677443076860185","9.23748768",
"7/17/2004","-63.4375","-7.02514982223511","82","33.552","20.515","0","1.22074852214603","0.559782283885627","14.14192662",
"7/18/2004","-63.4375","-7.02514982223511","82","34.718","17.247","0","1.1806359090296","0.630932927839436","22.9605192",
"7/19/2004","-63.4375","-7.02514982223511","82","34.341","17.456","0","1.25451089317943","0.626171608376926","14.48707644",
"7/20/2004","-63.4375","-7.02514982223511","82","32.634","21.914","0","1.19502039236387","0.625174915979456","14.27000076",
"7/21/2004","-63.4375","-7.02514982223511","82","35.112","21.846","0","0.705503540395921","0.654744109089466","14.7077406",
"7/22/2004","-63.4375","-7.02514982223511","82","35.253","19.928","0","0.673014791884388","0.654279769654492","17.61046488",
"7/23/2004","-63.4375","-7.02514982223511","82","34.65","21.227","0.6832124568","1.01303577718205","0.654479871485189","15.861816882",
"7/24/2004","-63.4375","-7.02514982223511","82","33.732","22.037","1.6170509088","1.02472959565177","0.744023438444256","10.73025774",
"7/25/2004","-63.4375","-7.02514982223511","82","34.879","19.237","0","1.18624760410676","0.594695668829332","24.10261632",
"7/26/2004","-63.4375","-7.02514982223511","82","35.859","16.962","0","1.30622458071442","0.549021697049088","24.39658188",
"7/27/2004","-63.4375","-7.02514982223511","82","35.837","16.474","0","1.25392587381537","0.52188890199554","24.38032716",
"7/28/2004","-63.4375","-7.02514982223511","82","36.725","15.023","0","0.931092711774881","0.574168594058721","24.51802122",
"7/29/2004","-63.4375","-7.02514982223511","82","36.579","17.903","0","1.16899417058689","0.446079635227687","24.6979656",
"7/30/2004","-63.4375","-7.02514982223511","82","36.227","23.509","0","1.56228053727202","0.401858882143884","22.222746",
"7/31/2004","-63.4375","-7.02514982223511","82","33.931","18.044","0","1.63853654392183","0.498567609613585","24.8093397",
"8/1/2004","-63.4375","-7.02514982223511","82","35.991","19.279","0","0.973017182159435","0.521232642636945","20.26046574",
"8/2/2004","-63.4375","-7.02514982223511","82","35.728","23.291","0","1.35933888520798","0.471529801239866","19.7243523",
"8/3/2004","-63.4375","-7.02514982223511","82","36.629","20.794","0","1.07172927721105","0.507419325228502","13.25098242",
"8/4/2004","-63.4375","-7.02514982223511","82","34.685","21.908","0.18196128","1.1513383620753","0.588863974363977","10.76259186",
"8/5/2004","-63.4375","-7.02514982223511","82","30.065","18.699","0.09698886","1.30342326714552","0.697259989647844","15.6808098",
"8/6/2004","-63.4375","-7.02514982223511","82","35.759","18.025","0","1.24119027643401","0.586668105021462","14.8615893",
"8/7/2004","-63.4375","-7.02514982223511","82","36.365","19.235","0","1.38328078398906","0.489085768925197","25.148139768",
"8/8/2004","-63.4375","-7.02514982223511","82","33.917","19.413","0","2.02909554840477","0.377018402683509","25.4304576",
"8/9/2004","-63.4375","-7.02514982223511","82","35.164","16.825","0","1.23883389779074","0.532923270425244","20.9824344",
"8/10/2004","-63.4375","-7.02514982223511","82","34.751","16.934","0","1.19618166750879","0.554063403416657","18.778051152",
"8/11/2004","-63.4375","-7.02514982223511","82","38.306","16.433","0","0.708080696085846","0.621134400950197","25.419881592",
"8/12/2004","-63.4375","-7.02514982223511","82","36.661","23.165","0.048065184","1.39937602100466","0.4717669686275","16.972826328",
"8/13/2004","-63.4375","-7.02514982223511","82","35.244","22.287","0.1956943584","0.910829716300792","0.619179334656904","12.621208608",
"8/14/2004","-63.4375","-7.02514982223511","82","38.475","23.361","0","1.15885529160144","0.577776447448099","15.46784991",
"8/15/2004","-63.4375","-7.02514982223511","82","38.751","22.033","0","1.2491768585676","0.464968368648811","24.80984946",
"8/16/2004","-63.4375","-7.02514982223511","82","38.657","22.749","0","0.934250057712096","0.483926021193758","15.36187275",
"8/17/2004","-63.4375","-7.02514982223511","82","39.298","23.483","0","1.03049961856363","0.475661027350207","17.460900288",
"8/18/2004","-63.4375","-7.02514982223511","82","39.05","23.736","0","0.976749196180909","0.443881785410471","25.26204006",
"8/19/2004","-63.4375","-7.02514982223511","82","36.18","25.015","0","1.38660392997183","0.422250406479473","19.275076152",
"8/20/2004","-63.4375","-7.02514982223511","82","39.565","23.448","0.211143636","1.1402919592162","0.530808123107111","10.220512482",
"8/21/2004","-63.4375","-7.02514982223511","82","38.852","21.874","0.017166132","1.21521934122868","0.412026440385725","18.47267154",
"8/22/2004","-63.4375","-7.02514982223511","82","36.7","23.032","1.091766348","1.05426195902862","0.571148515793293","13.169249568",
"8/23/2004","-63.4375","-7.02514982223511","82","38.337","21.231","0","1.22410282935376","0.462931056901466","22.31313714",
"8/24/2004","-63.4375","-7.02514982223511","82","36.343","19.704","0.090980676","1.30116954356317","0.505297081914586","13.494714192",
"8/25/2004","-63.4375","-7.02514982223511","82","39.974","21.201","0.05321502","0.992978238740394","0.554819749784023","17.09999838",
"8/26/2004","-63.4375","-7.02514982223511","82","34.836","21.306","0.64201356","0.999963991605625","0.553589293546758","13.25637882",
"8/27/2004","-63.4375","-7.02514982223511","82","37.355","20.481","1.074600288","0.787551327711715","0.674677932373462","14.68395072",
"8/28/2004","-63.4375","-7.02514982223511","82","36.531","21.749","0.432587232","0.962256139169191","0.656092918289973","16.97354478",
"8/29/2004","-63.4375","-7.02514982223511","82","36.786","21.446","0.02059938","0.862316114754033","0.633611989406672","13.485488472",
"8/30/2004","-63.4375","-7.02514982223511","82","37.649","21.539","15.154239132","1.14312694758966","0.697197605638244","17.8716339",
"8/31/2004","-63.4375","-7.02514982223511","82","36.102","22.917","25.592986116","1.06634174683668","0.696519449305544","21.482266752",
"9/1/2004","-63.4375","-7.02514982223511","82","37.36","23.138","1.4385216744","0.806935585700821","0.657660878102571","15.70089456",
"9/2/2004","-63.4375","-7.02514982223511","82","36.654","21.959","2.089118736","1.01002143603322","0.749457536814869","15.05745432",
"9/3/2004","-63.4375","-7.02514982223511","82","35.783","21.489","0.55103292","0.892952197520384","0.675743660670174","19.15182918",
"9/4/2004","-63.4375","-7.02514982223511","82","38.128","23.87","0.053215056","0.977744861320173","0.537488724661066","14.286488472",
"9/5/2004","-63.4375","-7.02514982223511","82","40.318","23.465","0.0137329128","0.973894729351861","0.48554487131889","16.1174259",
"9/6/2004","-63.4375","-7.02514982223511","82","35.76","21.983","1.8350585064","1.03674713359369","0.647260285538968","14.88791466",
"9/7/2004","-63.4375","-7.02514982223511","82","37.173","21.592","0","1.18847388467578","0.648026208368701","19.05783966",
"9/8/2004","-63.4375","-7.02514982223511","82","37.039","22.513","0","1.23916960698393","0.517710030008497","23.356406232",
"9/9/2004","-63.4375","-7.02514982223511","82","38.958","25.492","0","1.20128469345544","0.437789990015612","18.45083637",
"9/10/2004","-63.4375","-7.02514982223511","82","38.283","22.955","0.377655012","1.53292261672682","0.490221844656985","18.86950836",
"9/11/2004","-63.4375","-7.02514982223511","82","40.074","23.079","1.151847792","0.974676209984936","0.6567840077054","14.82367464",
"9/12/2004","-63.4375","-7.02514982223511","82","34.673","22.671","0.83255796","1.46451689938596","0.653143344140456","21.25203534",
"9/13/2004","-63.4375","-7.02514982223511","82","33.598","23.561","0","1.97455836504922","0.360667761635662","21.59071578",
"9/14/2004","-63.4375","-7.02514982223511","82","38.578","21.954","0","1.21787233004196","0.39849452472316","24.869645928",
"9/15/2004","-63.4375","-7.02514982223511","82","36.834","22.801","0.90980568","1.04922914482354","0.566996150555509","16.46471538",
"9/16/2004","-63.4375","-7.02514982223511","82","33.456","20.962","5.735205648","0.958779325414316","0.830189424107237","20.488441752",
"9/17/2004","-63.4375","-7.02514982223511","82","33.636","22.025","0","0.940986575226357","0.703768632819584","15.81080688",
"9/18/2004","-63.4375","-7.02514982223511","82","36.882","21.319","0.0343322712","1.18079943063843","0.563580574180958","17.51050944",
"9/19/2004","-63.4375","-7.02514982223511","82","34.691","22.855","2.7208338264","0.998392019230541","0.769010417024184","11.728405152",
"9/20/2004","-63.4375","-7.02514982223511","82","40.082","20.644","0","1.0833268924499","0.51969534292154","19.272262392",
"9/21/2004","-63.4375","-7.02514982223511","82","38.899","24.938","0","0.933961707245069","0.478920142025944","19.951930368",
"9/22/2004","-63.4375","-7.02514982223511","82","39.042","23.894","0","1.31891403926778","0.426344568993685","18.75448116",
"9/23/2004","-63.4375","-7.02514982223511","82","38.037","23.645","0.3347396784","1.12694174438028","0.457350108360518","16.49986092",
"9/24/2004","-63.4375","-7.02514982223511","82","38.366","22.348","0","1.21154978020504","0.496224956460507","17.81516124",
"9/25/2004","-63.4375","-7.02514982223511","82","39.314","22.484","0","1.32404747250503","0.437136318725485","18.68113476",
"9/26/2004","-63.4375","-7.02514982223511","82","35.359","22.822","0.218009952","1.27533265038877","0.539684138042542","11.962969668",
"9/27/2004","-63.4375","-7.02514982223511","82","35.996","21.735","0.877189644","1.12011866165164","0.693354376726107","14.79599568",
"9/28/2004","-63.4375","-7.02514982223511","82","38.393","20.294","0.041198724","1.37349563883773","0.583434116810206","20.93585904",
"9/29/2004","-63.4375","-7.02514982223511","82","38.581","23.341","0.6076818","1.28479053075323","0.546934813433282","19.260891",
"9/30/2004","-63.4375","-7.02514982223511","82","32.75","23.616","7.348824648","1.22853486936086","0.805128148491871","15.59356695",
"10/1/2004","-63.4375","-7.02514982223511","82","35.887","22.489","0.0034332264","0.840288583362368","0.671944180349243","16.67064852",
"10/2/2004","-63.4375","-7.02514982223511","82","35.611","22.338","3.89241702","1.13026341392377","0.70561834712565","15.8619402",
"10/3/2004","-63.4375","-7.02514982223511","82","36.609","22.443","2.2221564264","1.07514407120297","0.768830406628631","16.43450868",
"10/4/2004","-63.4375","-7.02514982223511","82","35.956","23.395","8.6689002744","1.29345362580539","0.815283192606042","17.08447968",
"10/5/2004","-63.4375","-7.02514982223511","82","35.47","22.336","4.93526448","1.14325329693068","0.781006443158563","21.522712032",
"10/6/2004","-63.4375","-7.02514982223511","82","37.523","22.297","0.94756968","1.05402204757138","0.666041829403605","16.517246328",
"10/7/2004","-63.4375","-7.02514982223511","82","37.773","23.801","5.3970318","1.60706144725061","0.723728637626782","11.20027176",
"10/8/2004","-63.4375","-7.02514982223511","82","30.295","23.906","10.1125703592","0.953088274440936","0.899280104369184","25.91989578",
"10/9/2004","-63.4375","-7.02514982223511","82","30.018","22.503","0.4995347904","0.950451165696057","0.844146133555439","8.39266974",
"10/10/2004","-63.4375","-7.02514982223511","82","31.638","21.708","5.21850924","1.43002290413004","0.871795300108674","14.40781578",
"10/11/2004","-63.4375","-7.02514982223511","82","33.892","21.178","10.2687792984","1.21442007367461","0.83094589201206","20.97264402",
"10/12/2004","-63.4375","-7.02514982223511","82","37.444","21.519","0","1.09282244104814","0.637642882577767","18.17217936",
"10/13/2004","-63.4375","-7.02514982223511","82","37.752","23.031","0","0.990367287294239","0.613591608856103","17.51450724",
"10/14/2004","-63.4375","-7.02514982223511","82","37.656","23.605","0.037765512","1.34129105748192","0.645387352646171","17.03165364",
"10/15/2004","-63.4375","-7.02514982223511","82","38.004","22.941","0.0102996792","0.984557671673663","0.647129164264409","9.21802626",
"10/16/2004","-63.4375","-7.02514982223511","82","41.534","23.015","0","1.05896276441673","0.48943827879792","20.66399604",
"10/17/2004","-63.4375","-7.02514982223511","82","40.326","23.03","0","1.08217929051019","0.403006935691975","23.58326484",
"10/18/2004","-63.4375","-7.02514982223511","82","42.957","22.92","0","1.14068736342556","0.46109438828867","20.57855796",
"10/19/2004","-63.4375","-7.02514982223511","82","33.216","25.223","0.0137329056","1.72467976231213","0.516885435081618","13.355213832",
"10/20/2004","-63.4375","-7.02514982223511","82","36.916","21.918","0","1.31206917447883","0.576003606954074","22.16187612",
"10/21/2004","-63.4375","-7.02514982223511","82","35.384","23.598","0.85659048","1.09304209773486","0.611976272923596","16.4940696",
"10/22/2004","-63.4375","-7.02514982223511","82","36.933","23.305","2.3225784264","1.04925534543445","0.59980391821566","18.56569716",
"10/23/2004","-63.4375","-7.02514982223511","82","35.681","23.029","0.2660755608","1.14340553807934","0.669559517907917","7.497391824",
"10/24/2004","-63.4375","-7.02514982223511","82","37.564","21.099","0.4085540928","1.06613933999101","0.669921239932805","14.42593368",
"10/25/2004","-63.4375","-7.02514982223511","82","39.657","20.104","0","0.896180696400659","0.612133875018985","18.09303372",
"10/26/2004","-63.4375","-7.02514982223511","82","36.893","22.565","0","1.49938478440975","0.591922559894864","23.45073768",
"10/27/2004","-63.4375","-7.02514982223511","82","38.16","20.621","0.0102996792","1.31820030109065","0.615136801603757","19.485342",
"10/28/2004","-63.4375","-7.02514982223511","82","32.323","21.29","6.2021258064","1.27633811570057","0.825254852908727","17.433339408",
"10/29/2004","-63.4375","-7.02514982223511","82","34.379","23.669","11.510754732","0.687722971277603","0.857045684699059","18.99939294",
"10/30/2004","-63.4375","-7.02514982223511","82","35.965","22.422","24.32870136","0.953810516800454","0.784529299935164","16.86352752",
"10/31/2004","-63.4375","-7.02514982223511","82","28.509","23.358","26.53715016","0.897240246308217","0.941321222135266","13.3929549",
"11/1/2004","-63.4375","-7.02514982223511","82","34.438","21.966","5.6622532392","1.03583782228279","0.878531527872029","23.52116664",
"11/2/2004","-63.4375","-7.02514982223511","82","34.402","24.393","0.5270010264","0.973670386056643","0.757150235970242","17.357573952",
"11/3/2004","-63.4375","-7.02514982223511","82","36.394","22.358","3.520778112","1.09198847627193","0.780243691550847","27.27720306",
"11/4/2004","-63.4375","-7.02514982223511","82","37.963","23.625","7.8140241864","0.984289304230002","0.81335307642088","8.75480274",
"11/5/2004","-63.4375","-7.02514982223511","82","36.826","21.487","0.021457656","0.991119326955742","0.719507927892801","18.3297465",
"11/6/2004","-63.4375","-7.02514982223511","82","37.309","22.278","0","1.31135529507024","0.612294400565564","20.72064438",
"11/7/2004","-63.4375","-7.02514982223511","82","37.38","22.738","5.7712515984","1.57780678626777","0.74678365329679","15.07274586",
"11/8/2004","-63.4375","-7.02514982223511","82","36.718","22.747","5.36956812","1.52181296965831","0.813267539559037","17.94645306",
"11/9/2004","-63.4375","-7.02514982223511","82","33.59","21.851","14.90021172","0.665230183834605","0.871868528345438","24.37571142",
"11/10/2004","-63.4375","-7.02514982223511","82","32.468","21.1","0.9527209704","0.890175609372617","0.802796097974214","15.9588018",
"11/11/2004","-63.4375","-7.02514982223511","82","29.756","23.744","0.7209780264","1.84183355417314","0.789434703109396","12.45583332",
"11/12/2004","-63.4375","-7.02514982223511","82","36.856","22.53","1.2599948592","0.8986462074174","0.694578283911348","15.24160674",
"11/13/2004","-63.4375","-7.02514982223511","82","38.471","20.912","0.2901078504","0.979196171720831","0.668466496039386","15.02436888",
"11/14/2004","-63.4375","-7.02514982223511","82","37.54","24.451","0.05321502","1.12460649519199","0.588060457327994","18.9211527",
"11/15/2004","-63.4375","-7.02514982223511","82","32.575","24.263","7.3651299624","0.914455453664072","0.855975193317893","25.15185054",
"11/16/2004","-63.4375","-7.02514982223511","82","30.346","22.728","8.95385736","0.87308780151011","0.93677611032897","8.9658639",
"11/17/2004","-63.4375","-7.02514982223511","82","29.652","22.385","0.1682284464","1.27140780548611","0.833989321185623","14.2609545",
"11/18/2004","-63.4375","-7.02514982223511","82","33.883","20.755","1.766394756","1.08740385518087","0.878210127537379","14.4968031",
"11/19/2004","-63.4375","-7.02514982223511","82","39.316","21.756","2.3946733224","1.12568709368021","0.785775866339118","14.21037972",
"11/20/2004","-63.4375","-7.02514982223511","82","31.644","22.875","10.09368936","1.08137578946585","0.894110705438032","26.13465594",
"11/21/2004","-63.4375","-7.02514982223511","82","35.827","23.213","12.484933056","1.17575485897461","0.874469231113653","11.87488242",
"11/22/2004","-63.4375","-7.02514982223511","82","30.686","24.269","5.1515554104","0.973508979715141","0.885500934638406","19.31512248",
"11/23/2004","-63.4375","-7.02514982223511","82","32.784","23.67","4.6194074424","0.662979202001088","0.851206526809683","21.01899402",
"11/24/2004","-63.4375","-7.02514982223511","82","31.474","23.603","37.564651008","0.828114788833529","0.90704193023219","12.1132737",
"11/25/2004","-63.4375","-7.02514982223511","82","38.83","22.9","0.024032592","0.954680923503275","0.698892331603687","21.91600872",
"11/26/2004","-63.4375","-7.02514982223511","82","39.113","21.081","0.1012802184","1.01875246763536","0.644446702928018","20.4018804",
"11/27/2004","-63.4375","-7.02514982223511","82","36.934","23.195","7.22952","1.05495424080465","0.786344754664304","22.51704168",
"11/28/2004","-63.4375","-7.02514982223511","82","31.9","24.566","15.38772624","1.01554511909608","0.904095738251559","12.833830152",
"11/29/2004","-63.4375","-7.02514982223511","82","34.851","23.723","2.0187379008","1.00763136097706","0.819210526711519","20.0759634",
"11/30/2004","-63.4375","-7.02514982223511","82","27.175","22.415","3.2855977728","0.891708745047658","0.928203332906027","8.13335796",
"12/1/2004","-63.4375","-7.02514982223511","82","36.121","23.06","10.9623007224","0.939474429559996","0.793905563680087","11.26170018",
"12/2/2004","-63.4375","-7.02514982223511","82","31.841","23.488","27.34652052","0.913886506674339","0.904686054257772","13.58229312",
"12/3/2004","-63.4375","-7.02514982223511","82","36.097","21.77","2.983473072","0.924342861730361","0.774210792496065","16.82375598",
"12/4/2004","-63.4375","-7.02514982223511","82","32.203","22.229","8.7324125184","0.754665834161858","0.908434835848813","15.64953516",
"12/5/2004","-63.4375","-7.02514982223511","82","32.837","23.032","9.7915655664","1.21906284057413","0.853955599460864","19.20189294",
"12/6/2004","-63.4375","-7.02514982223511","82","35.973","22.513","17.778970512","0.582661316188173","0.910297334106946","14.67792864",
"12/7/2004","-63.4375","-7.02514982223511","82","39.599","23.727","5.848500888","0.72650064745327","0.785816888461704","15.2878518",
"12/8/2004","-63.4375","-7.02514982223511","82","32.253","23.841","6.21929214","0.902509549408028","0.872643010851281","12.0865518",
"12/9/2004","-63.4375","-7.02514982223511","82","25.881","22.229","5.24768796","0.849801102597857","0.957142562019318","4.61969928",
"12/10/2004","-63.4375","-7.02514982223511","82","35.843","22.202","0","1.05708935382465","0.731399554732653","17.8153299",
"12/11/2004","-63.4375","-7.02514982223511","82","33.484","22.715","8.171082","1.40061894169296","0.771240080603066","16.0290027",
"12/12/2004","-63.4375","-7.02514982223511","82","29.188","21.984","1.18103004","1.12420489979065","0.844303755053086","13.8474",
"12/13/2004","-63.4375","-7.02514982223511","82","37.432","20.121","0","0.749450307483704","0.710363022465525","15.9558147",
"12/14/2004","-63.4375","-7.02514982223511","82","34.436","21.504","2.41956576","1.00650258950457","0.746535589314528","23.16588552",
"12/15/2004","-63.4375","-7.02514982223511","82","33.734","23.251","7.5170502","1.13030964088804","0.855673592372727","27.35971938",
"12/16/2004","-63.4375","-7.02514982223511","82","31.794","23.942","10.571768856","0.98810912813592","0.859657155095807","27.169595568",
"12/17/2004","-63.4375","-7.02514982223511","82","29.978","23.174","6.3137077704","0.798839253257579","0.90837629874409","9.31651938",
"12/18/2004","-63.4375","-7.02514982223511","82","28.638","21.638","13.1132107224","0.618902972156106","0.933655046569154","21.04239636",
"12/19/2004","-63.4375","-7.02514982223511","82","28.227","23.314","3.2169315384","0.986310839677273","0.89070771052398","10.853886312",
"12/20/2004","-63.4375","-7.02514982223511","82","34.9","22.236","7.9101580104","0.8302533758489","0.820904209615264","24.17490036",
"12/21/2004","-63.4375","-7.02514982223511","82","27.272","23.586","5.320647","1.1730391046117","0.945667732429401","6.37605288",
"12/22/2004","-63.4375","-7.02514982223511","82","25.274","22.426","12.587928552","0.71130716486438","0.97441969899841","3.757217472",
"12/23/2004","-63.4375","-7.02514982223511","82","28.873","22.365","0.6935115744","0.469979041722658","0.892794709007691","10.49821218",
"12/24/2004","-63.4375","-7.02514982223511","82","29.751","21.506","0.6351471864","1.20808811031743","0.82752474223874","14.4931536",
"12/25/2004","-63.4375","-7.02514982223511","82","30.739","22.287","6.214140072","0.813525593885626","0.898647336202772","9.06384546",
"12/26/2004","-63.4375","-7.02514982223511","82","28.266","21.732","10.06107228","0.901387466838818","0.935410405787537","9.707507748",
"12/27/2004","-63.4375","-7.02514982223511","82","28.612","21.659","3.6701208","0.702076752975795","0.922866627327128","13.182690384",
"12/28/2004","-63.4375","-7.02514982223511","82","32.082","21.384","3.2718658824","0.955741405556372","0.832609223206151","25.82724402",
"12/29/2004","-63.4375","-7.02514982223511","82","33.528","21.635","9.47056104","0.855153283585317","0.859305820512313","12.41639982",
"12/30/2004","-63.4375","-7.02514982223511","82","36.393","22.93","9.508320252","0.683970018855755","0.862946475065813","10.958735952",
"12/31/2004","-63.4375","-7.02514982223511","82","30.951","22.348","8.0629353864","1.14164813141751","0.874698298160064","14.51649834",
"1/1/2005","-63.4375","-7.02514982223511","82","35.477","22.664","11.3004687384","1.00159994320655","0.845545286771444","21.152243232",
"1/2/2005","-63.4375","-7.02514982223511","82","25.275","22.353","112.4965277064","0.926580411969899","0.974170717502401","4.59264159",
"1/3/2005","-63.4375","-7.02514982223511","82","27.898","20.942","0.2128601592","0.992831825201558","0.871272184434344","11.1608991",
"1/4/2005","-63.4375","-7.02514982223511","82","35.126","20.754","0.7913592","1.19202152730321","0.775782781344329","22.580717688",
"1/5/2005","-63.4375","-7.02514982223511","82","35.839","22.516","0.21972672","1.1715507688477","0.716431934062226","20.208995568",
"1/6/2005","-63.4375","-7.02514982223511","82","31.342","23.342","4.8236825592","1.15468304226985","0.872309670514333","17.26458696",
"1/7/2005","-63.4375","-7.02514982223511","82","28.447","23.559","7.226952372","1.27310818685819","0.945435742047012","17.75109042",
"1/8/2005","-63.4375","-7.02514982223511","82","32.293","20.849","5.496600816","0.916068758032956","0.863130385852115","19.73254968",
"1/9/2005","-63.4375","-7.02514982223511","82","32.309","21.431","4.689791172","0.961088401766102","0.83990294179142","27.2231964",
"1/10/2005","-63.4375","-7.02514982223511","82","35.51","21.973","2.41356312","1.2442912804875","0.748729783397801","28.69014438",
"1/11/2005","-63.4375","-7.02514982223511","82","37.63","22.22","0.25405884","0.970679812970445","0.719531137483758","23.27073714",
"1/12/2005","-63.4375","-7.02514982223511","82","33.909","22.924","4.61082348","1.10600694543105","0.824189373826104","27.88245126",
"1/13/2005","-63.4375","-7.02514982223511","82","36.62","24.106","3.539659104","1.07329853849061","0.820065161409598","22.47024294",
"1/14/2005","-63.4375","-7.02514982223511","82","31.262","23.732","9.42250104","1.22085962656259","0.892627197122286","27.13629618",
"1/15/2005","-63.4375","-7.02514982223511","82","36.626","23.867","2.1526335432","1.11177731373333","0.750009915681909","21.8292759",
"1/16/2005","-63.4375","-7.02514982223511","82","33.046","23.857","7.1102147328","1.0187548568185","0.831002650142311","26.499942",
"1/17/2005","-63.4375","-7.02514982223511","82","34.385","22.741","3.73878594","1.48210537743514","0.778593259115118","27.95541174",
"1/18/2005","-63.4375","-7.02514982223511","82","29.951","23.384","5.424496956","1.19517346805391","0.915138246797933","13.1302179",
"1/19/2005","-63.4375","-7.02514982223511","82","32.964","23.878","0.501251364","1.35625545684802","0.808912226986078","17.54111934",
"1/20/2005","-63.4375","-7.02514982223511","82","34.432","21.284","5.336950392","1.65229518650092","0.836763068280575","28.0262817",
"1/21/2005","-63.4375","-7.02514982223511","82","37.294","23.286","7.4346496056","1.1693638506221","0.839483406851515","15.2655723",
"1/22/2005","-63.4375","-7.02514982223511","82","29.741","24.115","18.055348092","1.0483579639526","0.892520303093835","24.58602738",
"1/23/2005","-63.4375","-7.02514982223511","82","32.21","23.597","4.3636310568","0.923348422941321","0.887607835075601","19.953907992",
"1/24/2005","-63.4375","-7.02514982223511","82","34.456","22.495","8.04233664","1.18613462655576","0.85024036549497","24.85907082",
"1/25/2005","-63.4375","-7.02514982223511","82","32.831","21.929","2.622985632","1.19542576878121","0.813292518639679","27.392680872",
"1/26/2005","-63.4375","-7.02514982223511","82","36.995","22.862","4.7927897424","1.13141042596008","0.795195194120369","20.396533032",
"1/27/2005","-63.4375","-7.02514982223511","82","25.565","23.694","16.86573684","0.85308913966673","0.973585449062666","1.899337068",
"1/28/2005","-63.4375","-7.02514982223511","82","30.508","23.245","1.47628836","0.884955041618723","0.895792024534173","15.0749424",
"1/29/2005","-63.4375","-7.02514982223511","82","30.906","23.147","2.317427568","1.08307403482325","0.853034735798234","22.18347864",
"1/30/2005","-63.4375","-7.02514982223511","82","27.639","23.11","10.8970711704","0.854536677905886","0.949365894243796","13.4979759",
"1/31/2005","-63.4375","-7.02514982223511","82","33.83","23.294","12.35103912","0.745377533976194","0.836782000785539","19.28362626",
"2/1/2005","-63.4375","-7.02514982223511","82","26.005","22.915","98.79460308","1.05492194091358","0.971349551752897","7.0349094",
"2/2/2005","-63.4375","-7.02514982223511","82","24.454","21.02","8.057786976","1.41684977454432","0.934409713622993","7.7325741",
"2/3/2005","-63.4375","-7.02514982223511","82","29.679","20.548","0.975036996","1.16747602530191","0.858252306906203","13.004495928",
"2/4/2005","-63.4375","-7.02514982223511","82","28.677","21.326","1.5810014592","1.20861975880682","0.903473593130598","10.726704072",
"2/5/2005","-63.4375","-7.02514982223511","82","29.974","21.879","3.69072036","1.08729614120818","0.878489238414792","21.9830544",
"2/6/2005","-63.4375","-7.02514982223511","82","32.295","21.923","5.470847856","0.800358899210658","0.883395592744433","16.699556052",
"2/7/2005","-63.4375","-7.02514982223511","82","37.254","21.722","9.98382366","0.794943055908516","0.779130304468471","19.91795814",
"2/8/2005","-63.4375","-7.02514982223511","82","33.329","23.544","23.21548866","0.594239139619859","0.890815119399278","27.072395352",
"2/9/2005","-63.4375","-7.02514982223511","82","28.511","23.867","22.72796622","0.671788303994814","0.947244568975839","21.0679353",
"2/10/2005","-63.4375","-7.02514982223511","82","27.774","23.195","20.01228516","0.942291534337271","0.956833377577128","10.58647968",
"2/11/2005","-63.4375","-7.02514982223511","82","31.409","22.992","7.96852008","0.758635023007264","0.911766635004954","22.9210848",
"2/12/2005","-63.4375","-7.02514982223511","82","30.546","24.267","10.886760324","0.888288807565292","0.931791939545125","16.0329375",
"2/13/2005","-63.4375","-7.02514982223511","82","25.206","22.881","120.073650768","0.907835532933684","0.977299326541215","2.71231776",
"2/14/2005","-63.4375","-7.02514982223511","82","30.797","22.907","9.15985332","1.00192804196106","0.887341073650675","18.361402632",
"2/15/2005","-63.4375","-7.02514982223511","82","28.905","22.077","1.5621177888","0.7084065674801","0.862332305605881","11.613038832",
"2/16/2005","-63.4375","-7.02514982223511","82","32.53","21.874","0.264358512","0.610359638607797","0.773411977825682","15.249543912",
"2/17/2005","-63.4375","-7.02514982223511","82","33.74","22.622","4.24003572","0.811589485491202","0.844805412302826","23.718486312",
"2/18/2005","-63.4375","-7.02514982223511","82","27.673","22.989","7.91187336","1.14621947734776","0.941455101179599","7.20365769",
"2/19/2005","-63.4375","-7.02514982223511","82","32.29","22.994","10.42155756","1.32512672162781","0.865122904516969","28.31320944",
"2/20/2005","-63.4375","-7.02514982223511","82","31.314","24.328","8.789063652","0.891871139476412","0.929714408594197","19.72816488",
"2/21/2005","-63.4375","-7.02514982223511","82","29.031","22.983","15.734488716","0.925406985405098","0.932760371944235","12.43158795",
"2/22/2005","-63.4375","-7.02514982223511","82","29.671","23.747","4.286384604","1.20702671387844","0.904424771281963","16.331684868",
"2/23/2005","-63.4375","-7.02514982223511","82","25.956","22.179","11.079020412","0.970144447292223","0.969245367075004","4.9388076",
"2/24/2005","-63.4375","-7.02514982223511","82","35.603","20.94","9.4945905","1.13604474562803","0.878021422399943","18.877443048",
"2/25/2005","-63.4375","-7.02514982223511","82","28.225","22.418","90.9599534064","1.20262749282325","0.93338966787155","12.59296965",
"2/26/2005","-63.4375","-7.02514982223511","82","30.302","23.648","10.46448108","0.815333904478204","0.936900424578465","14.023575468",
"2/27/2005","-63.4375","-7.02514982223511","82","31.548","23.579","4.107860532","0.74825859167039","0.897955563822344","20.295562392",
"2/28/2005","-63.4375","-7.02514982223511","82","30.62","24.542","8.706672432","0.767505990455569","0.928567659701952","21.413924568",
"3/1/2005","-63.4375","-7.02514982223511","82","26.324","23.078","118.76908716","0.685485143099613","0.9739605160661","4.71256551",
"3/2/2005","-63.4375","-7.02514982223511","82","30.306","22.011","4.377371256","0.830582575446206","0.911556144430596","16.529621292",
"3/3/2005","-63.4375","-7.02514982223511","82","26.497","23.319","2.166367032","0.838143761104088","0.943265544405726","5.301623592",
"3/4/2005","-63.4375","-7.02514982223511","82","28.9","21.938","19.34280162","1.03314466350826","0.908192036432476","11.66118966",
"3/5/2005","-63.4375","-7.02514982223511","82","29.806","23.302","19.6243280784","0.809878874979628","0.917926716362391","24.39416592",
"3/6/2005","-63.4375","-7.02514982223511","82","27.189","24.113","111.325844052","0.816481124536311","0.967842347992208","6.05548044",
"3/7/2005","-63.4375","-7.02514982223511","82","30.519","23.193","14.155193664","0.956543639828094","0.88896171106945","15.55255557",
"3/8/2005","-63.4375","-7.02514982223511","82","28.381","23.664","107.2454843664","0.949329287570024","0.93696730347703","8.648495802",
"3/9/2005","-63.4375","-7.02514982223511","82","30.333","22.566","15.2881634808","0.55606099441824","0.927314207543385","24.246843192",
"3/10/2005","-63.4375","-7.02514982223511","82","27.612","24.048","30.10596768","0.843323762197366","0.95631303567643","9.206264718",
"3/11/2005","-63.4375","-7.02514982223511","82","24.079","22.296","14.22729216","0.988739976255596","0.977175304366117","2.446537662",
"3/12/2005","-63.4375","-7.02514982223511","82","32.873","20.422","4.003147224","1.09205081428147","0.838776876713064","24.17349744",
"3/13/2005","-63.4375","-7.02514982223511","82","24.385","21.606","5.294038824","1.28591416502852","0.959253152071066","6.392474568",
"3/14/2005","-63.4375","-7.02514982223511","82","29.789","21.424","9.7949996568","0.922216390743192","0.922278388391771","17.97986448",
"3/15/2005","-63.4375","-7.02514982223511","82","25.081","21.186","3.33366336","1.08419745671671","0.947618380327403","7.7712741",
"3/16/2005","-63.4375","-7.02514982223511","82","29.424","22.116","1.3046259384","0.735267203141397","0.899264959327787","10.914295212",
"3/17/2005","-63.4375","-7.02514982223511","82","31.894","21.809","9.860231052","0.78326443626657","0.90933635151112","20.66163696",
"3/18/2005","-63.4375","-7.02514982223511","82","30.481","23.091","10.612111896","1.0859383451356","0.897984044760456","20.016511488",
"3/19/2005","-63.4375","-7.02514982223511","82","30.375","22.248","20.286943524","0.874560478549007","0.936838935640183","18.320228568",
"3/20/2005","-63.4375","-7.02514982223511","82","25.272","21.822","31.6097244","0.947915528649337","0.975337619003598","5.440730562",
"3/21/2005","-63.4375","-7.02514982223511","82","32.647","22.359","2.3311617984","0.969305482843502","0.86064017364193","19.5441201",
"3/22/2005","-63.4375","-7.02514982223511","82","27.657","22.259","3.766248612","0.90717502748986","0.9469576991331","12.66244164",
"3/23/2005","-63.4375","-7.02514982223511","82","27.946","21.875","5.942916036","0.845097456445966","0.943177080152628","12.8755152",
"3/24/2005","-63.4375","-7.02514982223511","82","29.139","22.801","7.357413744","0.908333878153231","0.932577544501717","19.05513318",
"3/25/2005","-63.4375","-7.02514982223511","82","27.517","23.606","28.36188882","0.750371435392846","0.96457492837541","19.9673991",
"3/26/2005","-63.4375","-7.02514982223511","82","27.468","21.703","21.5091665064","0.787948725626571","0.95765517871469","12.0135366",
"3/27/2005","-63.4375","-7.02514982223511","82","32.917","22.147","7.9856834544","0.599186795838266","0.896647338568295","22.05512244",
"3/28/2005","-63.4375","-7.02514982223511","82","28.642","23.624","16.783335792","0.753170258755129","0.947249766379401","19.3371741",
"3/29/2005","-63.4375","-7.02514982223511","82","26.441","20.513","68.657681484","0.951146399192214","0.948193556332359","9.03409074",
"3/30/2005","-63.4375","-7.02514982223511","82","31.482","20.228","1.50203808","1.015002168736","0.836711416765424","22.4010558",
"3/31/2005","-63.4375","-7.02514982223511","82","35.444","22.935","1.9844061336","0.978286958551202","0.82402974757155","19.14941862",
"4/1/2005","-63.4375","-7.02514982223511","82","27.267","23.182","14.4796400568","0.937448512583461","0.962566225858945","10.17016848",
"4/2/2005","-63.4375","-7.02514982223511","82","31.376","22.028","1.409340132","1.11491033713974","0.839284276544155","19.38064518",
"4/3/2005","-63.4375","-7.02514982223511","82","29.221","23.127","3.09848832","1.07991620790809","0.888405378482235","20.3972049",
"4/4/2005","-63.4375","-7.02514982223511","82","31.322","22.565","11.9098628208","0.677205446010153","0.903775595888958","19.2114036",
"4/5/2005","-63.4375","-7.02514982223511","82","29.688","23.561","7.4054780064","0.900552655862576","0.936930412698649","21.3798951",
"4/6/2005","-63.4375","-7.02514982223511","82","31.789","22.876","13.61789856","0.710538532803637","0.890732541834978","24.2004348",
"4/7/2005","-63.4375","-7.02514982223511","82","31.589","22.679","5.6785580064","0.891171698426343","0.881469281920191","19.6967268",
"4/8/2005","-63.4375","-7.02514982223511","82","33.267","23.655","6.6638938104","0.715548457152458","0.872756755910822","24.51043728",
"4/9/2005","-63.4375","-7.02514982223511","82","33.082","22.512","1.414490004","0.956536563213653","0.792600332879684","26.59922658",
"4/10/2005","-63.4375","-7.02514982223511","82","32.259","23.62","2.45647404","0.947584120596106","0.801364921637875","25.38039312",
"4/11/2005","-63.4375","-7.02514982223511","82","35.974","22.466","0.614547468","1.08949072421806","0.748300903288621","24.92954892",
"4/12/2005","-63.4375","-7.02514982223511","82","34.146","20.689","3.00922236","1.19202995996077","0.752140365062622","26.10820656",
"4/13/2005","-63.4375","-7.02514982223511","82","34.093","21.039","4.02374304","1.34003295054264","0.802170977515666","26.11434168",
"4/14/2005","-63.4375","-7.02514982223511","82","30.794","23.728","0.3896715096","1.06488422106225","0.827745273003469","12.702880548",
"4/15/2005","-63.4375","-7.02514982223511","82","33.086","20.992","2.3517621144","1.24630039662928","0.83345783054854","21.436198992",
"4/16/2005","-63.4375","-7.02514982223511","82","32.983","20.417","2.2590615528","0.931173558694867","0.813850809592641","23.01384456",
"4/17/2005","-63.4375","-7.02514982223511","82","33.652","23.024","2.343177","1.32138311912686","0.796371459653455","24.764912568",
"4/18/2005","-63.4375","-7.02514982223511","82","30.448","22.082","4.2177206304","0.731206561671767","0.895822443986634","16.894692468",
"4/19/2005","-63.4375","-7.02514982223511","82","30.336","22.047","9.3847303656","0.774686738797773","0.93596630015289","23.56335054",
"4/20/2005","-63.4375","-7.02514982223511","82","29.775","21.978","2.7465800688","0.915847425922369","0.91535991808882","11.68554366",
"4/21/2005","-63.4375","-7.02514982223511","82","29.327","21.403","3.6907172064","0.78473151895889","0.921855151504127","20.87380944",
"4/22/2005","-63.4375","-7.02514982223511","82","31.839","22.227","5.7952890144","0.879367586096413","0.885144762904124","24.77317266",
"4/23/2005","-63.4375","-7.02514982223511","82","28.271","22.564","11.7485052984","0.390196819238357","0.9515988430377","9.316911528",
"4/24/2005","-63.4375","-7.02514982223511","82","27.653","22.681","21.91085208","0.715144609985459","0.947255779407451","8.23938804",
"4/25/2005","-63.4375","-7.02514982223511","82","27.559","23.93","13.5088920144","0.741152938818125","0.962078003360462","7.357612932",
"4/26/2005","-63.4375","-7.02514982223511","82","27.502","22.11","1.992989124","1.3661393818182","0.898876087566288","11.48855292",
"4/27/2005","-63.4375","-7.02514982223511","82","24.975","19.374","3.622053672","1.2611970405135","0.909494066763947","6.496538922",
"4/28/2005","-63.4375","-7.02514982223511","82","29.916","19.517","0","0.925373277008936","0.827466689171179","15.4604241",
"4/29/2005","-63.4375","-7.02514982223511","82","33.032","18.613","3.01094244","1.14221501819381","0.798705610517627","24.89298732",
"4/30/2005","-63.4375","-7.02514982223511","82","31.472","21.37","1.4402385864","1.63066300586675","0.825093817420378","23.8149558",
"5/1/2005","-63.4375","-7.02514982223511","82","30.895","22.301","6.6123953208","1.2232068683156","0.89463726412521","22.73518332",
"5/2/2005","-63.4375","-7.02514982223511","82","28.579","21.73","4.240035396","0.628173051939083","0.933507984986484","10.6007589",
"5/3/2005","-63.4375","-7.02514982223511","82","31.14","22.347","4.5867939768","0.663512947724764","0.893886128502706","14.908108248",
"5/4/2005","-63.4375","-7.02514982223511","82","26.128","21.839","5.695724988","0.912360294531135","0.966430851772808","10.175406012",
"5/5/2005","-63.4375","-7.02514982223511","82","33.985","20.919","7.81059744","0.762891170335662","0.840993692221993","19.91194488",
"5/6/2005","-63.4375","-7.02514982223511","82","26.733","23.367","11.3725674288","0.920958313008899","0.957573269050651","9.41759928",
"5/7/2005","-63.4375","-7.02514982223511","82","27.664","22.443","6.1523463744","0.860613593003209","0.94169031806352","17.524631268",
"5/8/2005","-63.4375","-7.02514982223511","82","27.998","22.169","8.7959206872","0.685705226628124","0.948046593333085","16.4670219",
"5/9/2005","-63.4375","-7.02514982223511","82","29.295","21.61","4.0632259032","0.922125382770106","0.922198010822506","11.552397912",
"5/10/2005","-63.4375","-7.02514982223511","82","29.974","20.751","2.996347104","0.838732008257889","0.923156339361766","16.80997716",
"5/11/2005","-63.4375","-7.02514982223511","82","31.633","22.851","1.5646933656","0.890133234325569","0.85608285508179","15.43060998",
"5/12/2005","-63.4375","-7.02514982223511","82","32.601","21.882","0.94585428","1.0997527866264","0.818253234441935","19.1016531",
"5/13/2005","-63.4375","-7.02514982223511","82","34.806","20.618","0","0.865569749958484","0.740694854943721","20.28088386",
"5/14/2005","-63.4375","-7.02514982223511","82","34.701","22.246","3.00064248","0.936451843743874","0.791430784634476","20.1038616",
"5/15/2005","-63.4375","-7.02514982223511","82","35.049","22.738","0.12874608","1.15076357344141","0.723295839605342","23.88881034",
"5/16/2005","-63.4375","-7.02514982223511","82","35.999","20.111","0","0.990604437581047","0.645579358887708","23.8478643",
"5/17/2005","-63.4375","-7.02514982223511","82","36.569","22.703","0","0.817017647555682","0.705035563002103","16.82083476",
"5/18/2005","-63.4375","-7.02514982223511","82","36.245","23.198","0","0.964310387536199","0.669545940676052","16.17311016",
"5/19/2005","-63.4375","-7.02514982223511","82","36.715","22.319","0","1.05886909306641","0.676675107503197","17.06642856",
"5/20/2005","-63.4375","-7.02514982223511","82","36.612","22.387","0.333023112","0.953252928059026","0.703292420668712","20.7954603",
"5/21/2005","-63.4375","-7.02514982223511","82","28.568","22.556","8.818244748","0.865293263729273","0.93248623711126","19.41969438",
"5/22/2005","-63.4375","-7.02514982223511","82","27.534","19.816","0.236892708","0.650128289284255","0.896832832750748","7.506729",
"5/23/2005","-63.4375","-7.02514982223511","82","34.069","21.879","3.11222268","1.27952578286229","0.833502114207028","20.5412652",
"5/24/2005","-63.4375","-7.02514982223511","82","33.618","23.262","0.39224646","1.42280854495842","0.757345056990702","18.282991032",
"5/25/2005","-63.4375","-7.02514982223511","82","34.684","21.87","4.3996788","1.41876870269995","0.713392300184175","23.148400608",
"5/26/2005","-63.4375","-7.02514982223511","82","33.547","22.699","14.839265628","1.14743288318067","0.82147165306746","22.358082672",
"5/27/2005","-63.4375","-7.02514982223511","82","30.815","20.85","7.157425392","0.733611643281158","0.894340995230035","22.05016236",
"5/28/2005","-63.4375","-7.02514982223511","82","28.38","21.375","9.2422504728","0.592266714297813","0.946218527920862","15.26979384",
"5/29/2005","-63.4375","-7.02514982223511","82","30.074","20.968","9.7864150464","0.652237033361748","0.880913059345884","16.2174924",
"5/30/2005","-63.4375","-7.02514982223511","82","31.382","20.781","2.2075672248","1.05185901394015","0.870088820181481","16.32504978",
"5/31/2005","-63.4375","-7.02514982223511","82","31.658","20.485","0.8583067728","0.950999877575841","0.847077399347326","14.380814412",
"6/1/2005","-63.4375","-7.02514982223511","82","32.393","20.76","2.233316412","0.940407204317193","0.808178639973372","17.3465982",
"6/2/2005","-63.4375","-7.02514982223511","82","34.903","19.516","0","0.486406789440879","0.784531881907192","16.04041902",
"6/3/2005","-63.4375","-7.02514982223511","82","34.005","18.202","0","1.04163932720415","0.684098800095029","15.48821106",
"6/4/2005","-63.4375","-7.02514982223511","82","34.223","21.91","0","1.46438348505764","0.664588637337861","17.85594456",
"6/5/2005","-63.4375","-7.02514982223511","82","33.994","21.882","0","1.43863869765646","0.582646728674294","21.1534866",
"6/6/2005","-63.4375","-7.02514982223511","82","33.725","21.672","0","1.60411772691775","0.585217633002933","19.76096628",
"6/7/2005","-63.4375","-7.02514982223511","82","34.908","20.339","0","1.25439292604457","0.568362664792484","21.3163245",
"6/8/2005","-63.4375","-7.02514982223511","82","29.234","19.864","0.01373292","1.07133826957892","0.748785443790969","10.8762147",
"6/9/2005","-63.4375","-7.02514982223511","82","33.712","20.989","0","1.19248350992948","0.667558893644846","17.296143588",
"6/10/2005","-63.4375","-7.02514982223511","82","35.109","19.487","0","1.27686296763185","0.587052703677995","22.2437763",
"6/11/2005","-63.4375","-7.02514982223511","82","33.021","20.336","0","1.25012254269978","0.656362356123272","21.0828906",
"6/12/2005","-63.4375","-7.02514982223511","82","35.141","20.812","0","0.941556797095659","0.702956499308426","22.61542392",
"6/13/2005","-63.4375","-7.02514982223511","82","35.697","20.678","0.15106194","0.95173587583969","0.662550642467049","17.874671832",
"6/14/2005","-63.4375","-7.02514982223511","82","35.291","20.071","0","1.25417957840065","0.571867742894094","22.9082103",
"6/15/2005","-63.4375","-7.02514982223511","82","34.455","21.596","0","1.07577613456127","0.575826301262531","15.83347572",
"6/16/2005","-63.4375","-7.02514982223511","82","36.376","22.967","0","0.894162227110547","0.573695471841923","15.94743534",
"6/17/2005","-63.4375","-7.02514982223511","82","34.067","21.428","0.0034332264","1.08297957035402","0.666958547216762","17.4350259",
"6/18/2005","-63.4375","-7.02514982223511","82","35.034","20.487","3.4718562864","0.921142870340976","0.774500175253387","14.79217752",
"6/19/2005","-63.4375","-7.02514982223511","82","33.088","19.942","1.04370084","0.895975879611645","0.765066602887568","14.0743719",
"6/20/2005","-63.4375","-7.02514982223511","82","31.364","19.626","2.889060768","1.08078964128715","0.881677216507589","18.9419058",
"6/21/2005","-63.4375","-7.02514982223511","82","31.823","19.767","0.3604889304","0.993360503337197","0.816556920246377","18.1329777",
"6/22/2005","-63.4375","-7.02514982223511","82","34.705","21.6","0","1.30693562624869","0.677480741171002","13.62414006",
"6/23/2005","-63.4375","-7.02514982223511","82","33.669","22.481","0.0617980752","0.881440183800471","0.690888427251658","10.6999857",
"6/24/2005","-63.4375","-7.02514982223511","82","33.031","21.198","5.628775392","1.14055003753694","0.820382975473009","16.18812972",
"6/25/2005","-63.4375","-7.02514982223511","82","31.649","21.266","6.80293584","0.870358085942694","0.893155802102692","21.38658534",
"6/26/2005","-63.4375","-7.02514982223511","82","29.819","19.135","3.65295726","0.906186920800256","0.893527841523069","17.228758032",
"6/27/2005","-63.4375","-7.02514982223511","82","31.531","19.122","6.379797888","1.10365770310769","0.858682750947757","19.1890134",
"6/28/2005","-63.4375","-7.02514982223511","82","33.435","21.799","6.6759110928","1.06037610813239","0.868083030744784","17.0992089",
"6/29/2005","-63.4375","-7.02514982223511","82","30.961","22.106","0.169944876","1.16553719917553","0.848840664457574","11.35378422",
"6/30/2005","-63.4375","-7.02514982223511","82","34.688","22.479","0","1.11251397402475","0.693715594376231","15.3126594",
"7/1/2005","-63.4375","-7.02514982223511","82","35.17","18.457","0","1.19891469144352","0.638078139306665","15.95924784",
"7/2/2005","-63.4375","-7.02514982223511","82","35.599","22.759","0.058364892","0.874857114383437","0.615615317244643","18.4164714",
"7/3/2005","-63.4375","-7.02514982223511","82","30.282","22.187","0.4248621432","1.18820511711367","0.786076596443997","9.45297882",
"7/4/2005","-63.4375","-7.02514982223511","82","35.731","20.364","0","0.650996146318762","0.677854016379475","15.0273009",
"7/5/2005","-63.4375","-7.02514982223511","82","33.121","19.78","0","1.0605602346979","0.697276841018232","13.86927756",
"7/6/2005","-63.4375","-7.02514982223511","82","34.274","19.871","0","1.88326366207353","0.619021515933525","20.50532136",
"7/7/2005","-63.4375","-7.02514982223511","82","31.634","21.321","0","2.29664009893754","0.569280122318931","23.19625746",
"7/8/2005","-63.4375","-7.02514982223511","82","31.951","18.389","0","1.78658173664383","0.579850198027336","22.9974228",
"7/9/2005","-63.4375","-7.02514982223511","82","33.527","20.022","0","1.57130182471674","0.526306263303332","21.06916578",
"7/10/2005","-63.4375","-7.02514982223511","82","34.194","20.434","0","1.65104154407624","0.477417705175182","23.42317788",
"7/11/2005","-63.4375","-7.02514982223511","82","34.515","19.087","0","1.4734214452972","0.460438377188803","23.70094506",
"7/12/2005","-63.4375","-7.02514982223511","82","34.734","17.712","0","1.15925203461404","0.474172879189877","23.43469914",
"7/13/2005","-63.4375","-7.02514982223511","82","35.47","18.831","0","1.19866326101494","0.470688929126778","19.9436067",
"7/14/2005","-63.4375","-7.02514982223511","82","35.675","21.312","0","0.98762120836817","0.615953412471836","15.39641664",
"7/15/2005","-63.4375","-7.02514982223511","82","33.66","23.226","0.0102996792","1.15414658943393","0.58257956252505","13.843571472",
"7/16/2005","-63.4375","-7.02514982223511","82","36.535","18.858","0.0102996792","0.817794683024379","0.66689544915114","21.0336777",
"7/17/2005","-63.4375","-7.02514982223511","82","36.592","18.227","0","1.09206841509086","0.554711673586814","23.7508344",
"7/18/2005","-63.4375","-7.02514982223511","82","35.272","18.478","0","0.990235467050728","0.514705902042701","20.7087822",
"7/19/2005","-63.4375","-7.02514982223511","82","29.707","19.105","0","2.08845314561766","0.545384635133061","17.12457972",
"7/20/2005","-63.4375","-7.02514982223511","82","32.749","17.446","0","1.7180048069657","0.572320605339404","23.89055706",
"7/21/2005","-63.4375","-7.02514982223511","82","36","16.307","0","1.15830184301985","0.497569688849436","19.63153116",
"7/22/2005","-63.4375","-7.02514982223511","82","35.051","22.419","0.0343322784","1.05811496824726","0.543191753741634","12.47984676",
"7/23/2005","-63.4375","-7.02514982223511","82","33.353","20.995","1.3775836104","1.07567212459849","0.687588186227222","12.393113472",
"7/24/2005","-63.4375","-7.02514982223511","82","34.091","19.413","0.1270293984","0.963937124031795","0.682535886186367","11.34011178",
"7/25/2005","-63.4375","-7.02514982223511","82","35.281","20.642","0","1.45739417220149","0.61085728090301","15.26029038",
"7/26/2005","-63.4375","-7.02514982223511","82","35.313","19.502","0","1.38188138315679","0.550859772590682","24.309",
"7/27/2005","-63.4375","-7.02514982223511","82","35.835","23.435","0","1.56629036631274","0.443968792136116","24.1966125",
"7/28/2005","-63.4375","-7.02514982223511","82","38.023","18.905","0","0.919761796374905","0.443651365372383","24.46257456",
"7/29/2005","-63.4375","-7.02514982223511","82","37.216","19.485","0","1.16515930008405","0.398614465390014","23.65531884",
"7/30/2005","-63.4375","-7.02514982223511","82","38.735","16.02","0","0.740088127187199","0.506301360056693","24.61381974",
"7/31/2005","-63.4375","-7.02514982223511","82","36.611","21.133","0","1.09044147456018","0.517674692050176","16.170978528",
"8/1/2005","-63.4375","-7.02514982223511","82","39.445","18.285","0","0.859271798983129","0.50679382934766","19.398883788",
"8/2/2005","-63.4375","-7.02514982223511","82","38.305","16.33","0","1.11245416190605","0.39489942419775","25.178231808",
"8/3/2005","-63.4375","-7.02514982223511","82","38.24","15.108","0","1.00606123549174","0.468135613900659","25.4334996",
"8/4/2005","-63.4375","-7.02514982223511","82","37.286","14.91","0","1.46088819867138","0.407867719690684","25.11354456",
"8/5/2005","-63.4375","-7.02514982223511","82","38.153","17.35","0","1.29345517504931","0.436372511446812","25.376178888",
"8/6/2005","-63.4375","-7.02514982223511","82","38.08","18.95","0","1.28230816407253","0.378352960485445","25.481533968",
"8/7/2005","-63.4375","-7.02514982223511","82","38.165","19.507","0","1.36681455085059","0.378549783156095","25.11444816",
"8/8/2005","-63.4375","-7.02514982223511","82","38.031","21.533","0","1.71937999610521","0.372648430235288","25.284777408",
"8/9/2005","-63.4375","-7.02514982223511","82","34.479","23.119","0","2.43691298049118","0.36903534687284","25.202470608",
"8/10/2005","-63.4375","-7.02514982223511","82","34.474","19.799","0","1.90454320408976","0.392121074236577","25.50622716",
"8/11/2005","-63.4375","-7.02514982223511","82","35.569","19.567","0","1.77583036161597","0.384472222890811","25.4995866",
"8/12/2005","-63.4375","-7.02514982223511","82","39.788","17.188","0","0.788289330879505","0.459755959422165","25.3435608",
"8/13/2005","-63.4375","-7.02514982223511","82","39.759","23.087","0","0.862931502552983","0.437504580089825","18.920188728",
"8/14/2005","-63.4375","-7.02514982223511","82","34.514","19.42","0","1.39408957939331","0.603987153795578","15.43229874",
"8/15/2005","-63.4375","-7.02514982223511","82","38.152","24.061","0","1.31038842058036","0.479878006673436","18.905904",
"8/16/2005","-63.4375","-7.02514982223511","82","39.539","22.681","0.09613044","0.970765830518306","0.556212924382723","15.25005",
"8/17/2005","-63.4375","-7.02514982223511","82","35.693","24.768","0.209426868","1.45005235244984","0.566162718869392","9.440603208",
"8/18/2005","-63.4375","-7.02514982223511","82","35.825","20.988","0.247192632","1.29843666852247","0.583701435901596","19.54580454",
"8/19/2005","-63.4375","-7.02514982223511","82","38.674","24.246","0","1.19539301106769","0.497033088189649","15.85142226",
"8/20/2005","-63.4375","-7.02514982223511","82","39.364","23.934","0.01373292","1.35361273054426","0.523118287199589","17.046286632",
"8/21/2005","-63.4375","-7.02514982223511","82","37.402","23.011","0","1.06563720241688","0.495304184017949","18.56531376",
"8/22/2005","-63.4375","-7.02514982223511","82","34.767","24.513","0.24719256","1.17021077516946","0.596484668761744","13.1852781",
"8/23/2005","-63.4375","-7.02514982223511","82","36.123","23.484","0.075531024","1.03709429581402","0.581411424453832","15.75726174",
"8/24/2005","-63.4375","-7.02514982223511","82","36.868","21.801","0","0.985929729604758","0.594152634636443","12.827810592",
"8/25/2005","-63.4375","-7.02514982223511","82","36.585","20.679","0.398254032","1.64935210748501","0.565239561086001","21.30760908",
"8/26/2005","-63.4375","-7.02514982223511","82","36.934","23.143","0.065231316","1.44169132914822","0.563908806093388","16.697642832",
"8/27/2005","-63.4375","-7.02514982223511","82","38.013","22.945","0.099563652","0.964249030251389","0.587672971682539","16.732517112",
"8/28/2005","-63.4375","-7.02514982223511","82","37.222","23.873","0.298690704","1.33522054126371","0.590354697799353","11.34000522",
"8/29/2005","-63.4375","-7.02514982223511","82","35.843","20.252","0.11329668","1.04780545911135","0.574536654899291","18.658517328",
"8/30/2005","-63.4375","-7.02514982223511","82","33.309","22.439","0","1.87088042350022","0.595433157369948","21.488178528",
"8/31/2005","-63.4375","-7.02514982223511","82","38.064","22.604","0","1.44432618650814","0.508903519207611","17.70952068",
"9/1/2005","-63.4375","-7.02514982223511","82","42.811","20.843","0.0926971128","0.884709973146091","0.464804825958141","16.323581808",
"9/2/2005","-63.4375","-7.02514982223511","82","35.124","22.28","1.38359052","1.24584718814836","0.62023834851131","14.057097048",
"9/3/2005","-63.4375","-7.02514982223511","82","38.547","21.362","0","1.4118027449987","0.410166736875243","26.86303836",
"9/4/2005","-63.4375","-7.02514982223511","82","41.656","24.443","0.0377654904","0.871644275081087","0.430632227562126","24.357257712",
"9/5/2005","-63.4375","-7.02514982223511","82","42.543","26.211","0","0.753640814275747","0.372248397253411","26.394468192",
"9/6/2005","-63.4375","-7.02514982223511","82","37.121","25.106","0","1.31448204740797","0.433365338627016","15.88881942",
"9/7/2005","-63.4375","-7.02514982223511","82","37.76","23.569","1.105498008","1.17107032612179","0.589338573574051","14.0169924",
"9/8/2005","-63.4375","-7.02514982223511","82","35.392","22.432","1.4608391328","1.24832106910019","0.714785081242","7.88546052",
"9/9/2005","-63.4375","-7.02514982223511","82","37.206","22.268","0.89263908","0.953758813643223","0.667166791051851","16.061795712",
"9/10/2005","-63.4375","-7.02514982223511","82","36.918","24.214","0.0317573496","1.3673401884022","0.523893769834439","18.230116968",
"9/11/2005","-63.4375","-7.02514982223511","82","35.409","22.437","0","1.28330783262534","0.546878091270979","15.626082312",
"9/12/2005","-63.4375","-7.02514982223511","82","36.652","22.021","0","1.3513911228985","0.436046234580289","19.197391032",
"9/13/2005","-63.4375","-7.02514982223511","82","31.231","23.535","0.2677916664","1.98094168071429","0.563792217977695","14.784016608",
"9/14/2005","-63.4375","-7.02514982223511","82","38.557","21.85","0","1.44537549191946","0.443488224282639","19.27946556",
"9/15/2005","-63.4375","-7.02514982223511","82","39.531","20.946","0","1.23720223004613","0.398397004805084","22.834235952",
"9/16/2005","-63.4375","-7.02514982223511","82","40.819","18.89","0","1.16900731471891","0.342393604061026","22.853805768",
"9/17/2005","-63.4375","-7.02514982223511","82","42.979","23.006","0","1.15075176183285","0.334295774547256","18.57076812",
"9/18/2005","-63.4375","-7.02514982223511","82","39.196","24.587","0.08325576","0.965660372448659","0.470363059921591","14.186135736",
"9/19/2005","-63.4375","-7.02514982223511","82","39.94","21.235","0","0.944932769947304","0.506929705946182","20.87712936",
"9/20/2005","-63.4375","-7.02514982223511","82","41.876","25.79","0","1.44883970130093","0.382350798427496","23.93960112",
"9/21/2005","-63.4375","-7.02514982223511","82","39.484","23.854","0","1.22304022498394","0.466299899207235","14.12673336",
"9/22/2005","-63.4375","-7.02514982223511","82","41.793","21.424","0","1.43626331020872","0.427802043004942","19.281144312",
"9/23/2005","-63.4375","-7.02514982223511","82","39.175","23.032","0","1.29823060285131","0.483328989019866","22.329782064",
"9/24/2005","-63.4375","-7.02514982223511","82","41.272","23.203","0","1.63638311065751","0.391115227796919","21.12502176",
"9/25/2005","-63.4375","-7.02514982223511","82","43.242","26.595","0","1.72852512221288","0.341735987682067","17.72730252",
"9/26/2005","-63.4375","-7.02514982223511","82","33.208","21.777","0","1.49135275380222","0.489076466118865","7.97242176",
"9/27/2005","-63.4375","-7.02514982223511","82","25.869","21.249","2.9542898304","1.44833843587046","0.830825453324573","5.07898044",
"9/28/2005","-63.4375","-7.02514982223511","82","35.17","20.548","0.813675096","1.01294108033576","0.710294637172112","18.04967316",
"9/29/2005","-63.4375","-7.02514982223511","82","39.23","20.37","0.2197264176","1.03417682840509","0.560796948202262","17.05753152",
"9/30/2005","-63.4375","-7.02514982223511","82","37.831","23.053","0","1.45078586961732","0.469257614713618","20.8888326",
"10/1/2005","-63.4375","-7.02514982223511","82","39.478","23.055","0","1.19292953325506","0.456374833592316","17.6051772",
"10/2/2005","-63.4375","-7.02514982223511","82","39.984","25.168","0","1.57009391305182","0.368790372405731","27.4695066",
"10/3/2005","-63.4375","-7.02514982223511","82","42.169","26.822","0.0240326064","0.996679534684843","0.383414274200475","17.17818624",
"10/4/2005","-63.4375","-7.02514982223511","82","39.225","24.297","0.2197265256","1.08298749194672","0.462733395967397","17.20231488",
"10/5/2005","-63.4375","-7.02514982223511","82","35.637","22.63","0.154495368","0.88018210084698","0.571813351733018","8.0813754",
"10/6/2005","-63.4375","-7.02514982223511","82","39.124","21.349","0","1.10366073125375","0.513499653104774","20.8497978",
"10/7/2005","-63.4375","-7.02514982223511","82","40.89","24.202","0","1.52082184720589","0.43518248617624","18.50703588",
"10/8/2005","-63.4375","-7.02514982223511","82","38.542","23.677","0.872039736","1.21049458487829","0.547347518596066","8.68635828",
"10/9/2005","-63.4375","-7.02514982223511","82","37.947","23.756","0.3089904984","1.21930429258982","0.515811818662595","18.5820795",
"10/10/2005","-63.4375","-7.02514982223511","82","38.44","24.431","0","1.21194816496851","0.457502558172086","22.58206992",
"10/11/2005","-63.4375","-7.02514982223511","82","40.348","24.988","0","1.25612779521155","0.444958317946002","21.670036128",
"10/12/2005","-63.4375","-7.02514982223511","82","36.493","24.107","0.02746584","1.3372801465614","0.489407757928878","16.71480036",
"10/13/2005","-63.4375","-7.02514982223511","82","29.338","22.349","1.63078326","1.51103208474032","0.814899634333386","10.53551196",
"10/14/2005","-63.4375","-7.02514982223511","82","36.787","21.017","0","1.08956710173065","0.670406554016561","16.34714676",
"10/15/2005","-63.4375","-7.02514982223511","82","34.033","22.949","2.25219672","1.68302157196978","0.697164159065125","23.63276826",
"10/16/2005","-63.4375","-7.02514982223511","82","38.771","24.162","2.585220732","0.843879388012101","0.580120101411846","18.65278764",
"10/17/2005","-63.4375","-7.02514982223511","82","32.297","23.082","5.647653864","1.39893104591261","0.778895508396309","21.02721192",
"10/18/2005","-63.4375","-7.02514982223511","82","36.592","22.13","0.0823974624","1.36723856890036","0.673780247078468","17.42917428",
"10/19/2005","-63.4375","-7.02514982223511","82","33.151","22.84","9.4688413992","1.26659732674911","0.856698483882683","26.42450652",
"10/20/2005","-63.4375","-7.02514982223511","82","38.249","22.422","0.7415775","1.24932511862972","0.71189705751614","16.34292828",
"10/21/2005","-63.4375","-7.02514982223511","82","39.502","22.65","1.325225952","0.74507876755171","0.741969939707996","9.69603516",
"10/22/2005","-63.4375","-7.02514982223511","82","37.763","22.386","10.46104182","0.922467417561022","0.783325116458179","12.82826304",
"10/23/2005","-63.4375","-7.02514982223511","82","38.122","21.983","0.5767812","1.09886960109332","0.739300745394794","11.2296951",
"10/24/2005","-63.4375","-7.02514982223511","82","35.824","23.397","6.986621304","1.10843046532815","0.826570830361195","15.63626934",
"10/25/2005","-63.4375","-7.02514982223511","82","33.497","22.869","4.42199556","1.5819047502345","0.752500985718097","17.70041952",
"10/26/2005","-63.4375","-7.02514982223511","82","29.498","19.768","4.28810544","1.0640797173588","0.815987479159015","14.57780382",
"10/27/2005","-63.4375","-7.02514982223511","82","37.128","22.847","0.8308407312","0.653946133618736","0.645115001016866","18.6102018",
"10/28/2005","-63.4375","-7.02514982223511","82","36.712","22.99","1.699444656","1.27168115339773","0.62680378340322","22.32376596",
"10/29/2005","-63.4375","-7.02514982223511","82","32.629","23.848","23.023226376","1.05255873614652","0.890679459790137","26.93322468",
"10/30/2005","-63.4375","-7.02514982223511","82","30.513","23.212","75.848577804","1.42341559346914","0.862295499409118","10.45783044",
"10/31/2005","-63.4375","-7.02514982223511","82","32.936","22.315","6.337743696","1.32661976699101","0.8284848233131","24.9075",
"11/1/2005","-63.4375","-7.02514982223511","82","37.472","24.145","0.3467560536","1.26431886706975","0.740040479435314","13.61947212",
"11/2/2005","-63.4375","-7.02514982223511","82","36.787","23.251","1.282310676","1.60380686426507","0.659232487881334","20.2473099",
"11/3/2005","-63.4375","-7.02514982223511","82","27.895","21.036","10.8421303464","0.864543247947652","0.916559705373314","11.212254",
"11/4/2005","-63.4375","-7.02514982223511","82","37.674","20.862","0","0.959336483067186","0.703830516522738","19.8062433",
"11/5/2005","-63.4375","-7.02514982223511","82","39.731","23.703","0","1.08989975870617","0.551488705447061","25.41802194",
"11/6/2005","-63.4375","-7.02514982223511","82","40.21","23.332","1.9998574992","0.72851416253268","0.606225206601602","16.65460998",
"11/7/2005","-63.4375","-7.02514982223511","82","37.161","23.423","12.769891092","1.07833771176635","0.775221028782476","15.31951794",
"11/8/2005","-63.4375","-7.02514982223511","82","36.186","23.773","14.743998288","0.976707713647158","0.794348418100609","16.03884348",
"11/9/2005","-63.4375","-7.02514982223511","82","35.791","23.295","1.82476044","1.366068018711","0.703367400785929","19.66927068",
"11/10/2005","-63.4375","-7.02514982223511","82","38.471","23.737","16.54815528","1.11871072057506","0.78181730696474","19.63923678",
"11/11/2005","-63.4375","-7.02514982223511","82","34.759","23.141","5.01422652","1.12156384119624","0.779858940277286","27.657954",
"11/12/2005","-63.4375","-7.02514982223511","82","37.641","22.355","2.3208636528","0.859395152917079","0.664418243597066","18.9431433",
"11/13/2005","-63.4375","-7.02514982223511","82","25.625","22.918","78.423525684","1.12147691696434","0.957983244937798","4.354818588",
"11/14/2005","-63.4375","-7.02514982223511","82","32.787","22.478","8.6165413128","1.1254521346033","0.854709800889346","27.0371817",
"11/15/2005","-63.4375","-7.02514982223511","82","34.104","24.105","8.2337362488","0.876654841917071","0.842751819276971","22.78524996",
"11/16/2005","-63.4375","-7.02514982223511","82","33.925","22.989","9.6302079864","1.24176086384884","0.875694635430118","25.71541758",
"11/17/2005","-63.4375","-7.02514982223511","82","29.796","22.815","15.51647376","1.22676439633544","0.903603100394221","22.2827013",
"11/18/2005","-63.4375","-7.02514982223511","82","30.242","24.079","14.783480316","0.828992245543225","0.891024001808346","24.61652154",
"11/19/2005","-63.4375","-7.02514982223511","82","31.318","24.438","1.2273791544","0.844247183226753","0.856355110288279","12.38878314",
"11/20/2005","-63.4375","-7.02514982223511","82","25.341","22.112","40.5000576","0.73332061574041","0.959566074404591","3.2580567",
"11/21/2005","-63.4375","-7.02514982223511","82","35.296","21.702","15.787695672","1.05405825932178","0.855344352312051","18.46226718",
"11/22/2005","-63.4375","-7.02514982223511","82","30.222","24.035","22.048181928","0.985663493567964","0.891500555429499","12.1095549",
"11/23/2005","-63.4375","-7.02514982223511","82","31.646","23.224","8.452606248","1.10997671518079","0.894183694929633","19.1779929",
"11/24/2005","-63.4375","-7.02514982223511","82","30.09","23.881","6.1111453104","1.03438876893336","0.898987811478642","15.35399478",
"11/25/2005","-63.4375","-7.02514982223511","82","29.824","23.303","8.4371580792","0.842419739211705","0.899090317273289","19.23620004",
"11/26/2005","-63.4375","-7.02514982223511","82","24.652","22.278","28.1970675","0.750276991704593","0.976246848184848","2.17068732",
"11/27/2005","-63.4375","-7.02514982223511","82","32.791","21.549","5.119804152","0.780282526853015","0.85417328259655","20.735605872",
"11/28/2005","-63.4375","-7.02514982223511","82","34.583","22.839","0","0.934610029645255","0.740508838795285","19.475441712",
"11/29/2005","-63.4375","-7.02514982223511","82","30.586","22.58","6.0338977992","1.12966497593294","0.855409665452925","23.26297356",
"11/30/2005","-63.4375","-7.02514982223511","82","28.222","24.212","8.9650105848","0.925126867178652","0.942509628508997","15.672213072",
"12/1/2005","-63.4375","-7.02514982223511","82","31.93","24.261","7.590864528","0.890403090842864","0.872782892417751","24.4624536",
"12/2/2005","-63.4375","-7.02514982223511","82","28.072","23.286","8.6482984464","0.928929069227692","0.935465627570818","21.657096",
"12/3/2005","-63.4375","-7.02514982223511","82","27.922","21.141","18.8552862","0.704056866584788","0.928726570596177","11.5146531",
"12/4/2005","-63.4375","-7.02514982223511","82","31.854","20.865","11.288454732","0.880267934822209","0.881397616503978","26.83423152",
"12/5/2005","-63.4375","-7.02514982223511","82","28.88","24.13","20.568465","0.797653161742725","0.941422412913214","22.38288588",
"12/6/2005","-63.4375","-7.02514982223511","82","26.979","22","14.6633176728","1.23432665960746","0.93941596472571","11.27706498",
"12/7/2005","-63.4375","-7.02514982223511","82","31.621","20.204","0.25405884","1.4140298850861","0.809512850159157","18.59612868",
"12/8/2005","-63.4375","-7.02514982223511","82","33.482","21.358","2.142333576","1.47582430446567","0.777694564501717","26.20709748",
"12/9/2005","-63.4375","-7.02514982223511","82","34.274","21.959","1.9020074112","0.707025295876682","0.809612685949962","22.93408368",
"12/10/2005","-63.4375","-7.02514982223511","82","30.754","23.857","2.0908365408","0.712520998742812","0.867257744662937","16.93895238",
"12/11/2005","-63.4375","-7.02514982223511","82","29.571","24.122","11.813742936","1.10303466525282","0.917424537257037","22.588146",
"12/12/2005","-63.4375","-7.02514982223511","82","27.256","24.305","25.0625619","1.25084098205349","0.960041580743554","13.59983844",
"12/13/2005","-63.4375","-7.02514982223511","82","27.477","24.215","12.7441413504","1.22829219569107","0.952958855613747","15.15184524",
"12/14/2005","-63.4375","-7.02514982223511","82","31.013","23.45","6.691357836","1.40159619800108","0.870596725374777","19.6877835",
"12/15/2005","-63.4375","-7.02514982223511","82","30.87","22.481","8.191680588","1.0560431746457","0.909550878992678","27.13359708",
"12/16/2005","-63.4375","-7.02514982223511","82","25.279","23.239","24.231724056","0.987064000906825","0.972119654045105","2.53507482",
"12/17/2005","-63.4375","-7.02514982223511","82","25.525","22.949","4.48379856","0.74735252840463","0.971271677261289","4.56390036",
"12/18/2005","-63.4375","-7.02514982223511","82","26.273","23.166","7.127381232","0.590439099368144","0.968838880636543","5.25696012",
"12/19/2005","-63.4375","-7.02514982223511","82","26.092","22.375","12.711530124","0.82011380109255","0.969558189063664","7.8583527",
"12/20/2005","-63.4375","-7.02514982223511","82","32.033","21.851","8.55903456","0.574363146910544","0.909331804880344","15.58850256",
"12/21/2005","-63.4375","-7.02514982223511","82","27.633","21.931","23.534765064","0.822577793840434","0.964930538851503","16.70652684",
"12/22/2005","-63.4375","-7.02514982223511","82","27.214","23.408","12.99819924","0.855453257728709","0.965046193047714","12.46950198",
"12/23/2005","-63.4375","-7.02514982223511","82","25.104","21.93","28.966137984","0.880564536314864","0.975287645370031","4.41860886",
"12/24/2005","-63.4375","-7.02514982223511","82","27.972","20.703","0.4051207224","0.913536981370253","0.907688352432859","7.68166812",
"12/25/2005","-63.4375","-7.02514982223511","82","31.894","19.951","12.1879546704","0.897407661981337","0.866484606133024","21.26520108",
"12/26/2005","-63.4375","-7.02514982223511","82","27.658","23.284","18.820946916","1.18816208209624","0.957200905487013","17.93739312",
"12/27/2005","-63.4375","-7.02514982223511","82","24.932","22.374","38.125986192","1.13318943794405","0.971743962245826","6.71619492",
"12/28/2005","-63.4375","-7.02514982223511","82","26.617","22.172","6.495662268","1.30990830352608","0.947405714406866","9.68878044",
"12/29/2005","-63.4375","-7.02514982223511","82","33.491","21.78","5.8467856032","1.14826690222049","0.837432214228069","23.9335893",
"12/30/2005","-63.4375","-7.02514982223511","82","27.294","22.353","13.932037692","0.949911419928868","0.958754479517128","19.90771884",
"12/31/2005","-63.4375","-7.02514982223511","82","32.961","21.544","2.3792256432","1.25062659003305","0.817844165328264","26.6558625",
"1/1/2006","-63.4375","-7.02514982223511","82","27.379","22.112","10.7442850248","0.968782551884899","0.943914174238737","20.27160144",
"1/2/2006","-63.4375","-7.02514982223511","82","32.341","22.939","2.1697979184","0.921257121584291","0.867196971613089","22.1344947",
"1/3/2006","-63.4375","-7.02514982223511","82","31.038","22.822","5.02281324","1.06596101337941","0.906592069112205","22.05989784",
"1/4/2006","-63.4375","-7.02514982223511","82","32.631","22.498","2.4753562848","1.1964752178917","0.8441152978143","17.8022835",
"1/5/2006","-63.4375","-7.02514982223511","82","27.719","20.987","9.424205676","0.994394917239756","0.949271430514432","18.2117781",
"1/6/2006","-63.4375","-7.02514982223511","82","24.648","22.512","22.38120648","1.08698626856217","0.966852942845516","4.273818732",
"1/7/2006","-63.4375","-7.02514982223511","82","29.836","22.525","8.67920256","1.26462584474956","0.919812507412987","15.15926952",
"1/8/2006","-63.4375","-7.02514982223511","82","29.77","22.779","15.28129188","1.21940357656367","0.925467150055212","18.512154",
"1/9/2006","-63.4375","-7.02514982223511","82","25.869","23.207","14.601517704","1.01602451334466","0.970465570390277","10.08270072",
"1/10/2006","-63.4375","-7.02514982223511","82","27.677","23.224","15.331073292","0.985326488423179","0.95252282274131","21.74258988",
"1/11/2006","-63.4375","-7.02514982223511","82","27.628","23.259","29.3987088","0.874523606109471","0.961137852922983","22.7249388",
"1/12/2006","-63.4375","-7.02514982223511","82","27.413","22.985","41.720596596","1.07257403136147","0.951846412592039","9.44617626",
"1/13/2006","-63.4375","-7.02514982223511","82","32.321","23.002","5.455397664","1.1403776939919","0.86430688045396","20.58418008",
"1/14/2006","-63.4375","-7.02514982223511","82","30.14","23.242","11.236955328","1.44485496615037","0.880169373842582","22.94702568",
"1/15/2006","-63.4375","-7.02514982223511","82","29.642","22.886","4.52499408","1.08544423283652","0.895363824881527","15.082024068",
"1/16/2006","-63.4375","-7.02514982223511","82","31.437","21.977","2.55432276","1.03836668352592","0.856159381074517","21.64944618",
"1/17/2006","-63.4375","-7.02514982223511","82","32.131","23.564","14.2822307664","0.825334148617887","0.917320045286364","22.47418062",
"1/18/2006","-63.4375","-7.02514982223511","82","32.487","23.068","20.232006048","0.723085526743867","0.878303660481363","20.9831058",
"1/19/2006","-63.4375","-7.02514982223511","82","26.547","23.348","86.5207512","0.986573137181596","0.971172945988241","11.85221268",
"1/20/2006","-63.4375","-7.02514982223511","82","31.006","22.845","2.8667437992","0.573745854587555","0.900546613544553","13.299754752",
"1/21/2006","-63.4375","-7.02514982223511","82","29.067","23.311","16.026316704","0.836400810045516","0.93802121643423","15.931464012",
"1/22/2006","-63.4375","-7.02514982223511","82","26.549","23.718","9.60616548","0.849640138001663","0.967288897292672","12.518109",
"1/23/2006","-63.4375","-7.02514982223511","82","28.149","23.356","23.60000646","0.966156526367612","0.956072492724457","20.4436674",
"1/24/2006","-63.4375","-7.02514982223511","82","26.547","23.776","22.4361384264","0.842313751843586","0.972815575874341","10.3868991",
"1/25/2006","-63.4375","-7.02514982223511","82","31.468","23.167","6.698231748","0.886283517164752","0.909463241905","20.17755324",
"1/26/2006","-63.4375","-7.02514982223511","82","31.233","23.208","0.5184174888","1.15267589214018","0.887218356909253","11.0874951",
"1/27/2006","-63.4375","-7.02514982223511","82","27.881","21.731","13.108065516","0.980986959151921","0.955699857612959","17.002184472",
"1/28/2006","-63.4375","-7.02514982223511","82","36.028","21.544","0.52528392","0.854519406551861","0.78646014346211","21.4856469",
"1/29/2006","-63.4375","-7.02514982223511","82","35.987","23.504","10.577774484","0.755579975846791","0.831824248644825","21.37145058",
"1/30/2006","-63.4375","-7.02514982223511","82","32.685","23.897","19.874946132","0.509911928259165","0.889861638324788","24.41407446",
"1/31/2006","-63.4375","-7.02514982223511","82","25.043","23.351","130.2428592","0.916303568708585","0.977907412024177","1.886006628",
"2/1/2006","-63.4375","-7.02514982223511","82","33.337","22.698","7.6170399984","0.682829376639667","0.90257515834739","23.21662734",
"2/2/2006","-63.4375","-7.02514982223511","82","27.06","23.722","140.30651916","1.11666312593152","0.965802678416441","10.10806731",
"2/3/2006","-63.4375","-7.02514982223511","82","31.467","22.787","15.404893092","0.894616018962965","0.921770588190794","23.078479032",
"2/4/2006","-63.4375","-7.02514982223511","82","27.581","23.514","7.5402236304","0.752320328330527","0.952949790577285","13.070756718",
"2/5/2006","-63.4375","-7.02514982223511","82","28.912","23.148","11.636076744","0.833551624651115","0.941950662890689","19.11689946",
"2/6/2006","-63.4375","-7.02514982223511","82","29.85","23.909","8.51355072","1.00170209271144","0.926495830241803","11.61708624",
"2/7/2006","-63.4375","-7.02514982223511","82","29.049","23.431","4.23231336","0.754784688692203","0.93762952550801","8.541959256",
"2/8/2006","-63.4375","-7.02514982223511","82","25.412","23.16","26.41782924","0.819246668631956","0.97654422057615","2.7207558",
"2/9/2006","-63.4375","-7.02514982223511","82","25.557","22.682","35.8519046328","0.887762497110965","0.975651201682614","5.75960652",
"2/10/2006","-63.4375","-7.02514982223511","82","24.755","22.455","8.234598672","0.534635513141225","0.978356733553526","2.122650252",
"2/11/2006","-63.4375","-7.02514982223511","82","24.68","22.676","16.2537548544","0.618412136401413","0.978209218555378","2.46594384",
"2/12/2006","-63.4375","-7.02514982223511","82","28.855","22.548","7.733349396","0.822044277800944","0.915635336386409","12.490431588",
"2/13/2006","-63.4375","-7.02514982223511","82","30.775","21.035","10.9356883128","0.632956870881448","0.915310808190159","21.02344038",
"2/14/2006","-63.4375","-7.02514982223511","82","31.242","21.835","8.1290206368","0.694432504263911","0.926802144324129","23.345544672",
"2/15/2006","-63.4375","-7.02514982223511","82","30.324","23.837","0.8299828368","1.32293538105867","0.766272065094958","16.754463738",
"2/16/2006","-63.4375","-7.02514982223511","82","27.498","22.355","0.0858307248","1.02037985186398","0.80368317222891","7.428711978",
"2/17/2006","-63.4375","-7.02514982223511","82","31.388","23.095","0.0514984248","0.894893417551047","0.825488020426833","17.65563615",
"2/18/2006","-63.4375","-7.02514982223511","82","33.26","22.397","7.3106288424","0.886478146981485","0.837238399641881","21.41043534",
"2/19/2006","-63.4375","-7.02514982223511","82","29.119","23.355","21.6456451704","0.974160675481219","0.940483422950245","24.783021648",
"2/20/2006","-63.4375","-7.02514982223511","82","25.299","21.914","7.4162048616","1.11583379328733","0.957432530282468","4.605297192",
"2/21/2006","-63.4375","-7.02514982223511","82","33.451","21.152","12.8093716224","0.840540556475368","0.817177126391121","27.74080746",
"2/22/2006","-63.4375","-7.02514982223511","82","25.776","22.525","171.55315548","0.879306366929841","0.969738762059632","5.23074483",
"2/23/2006","-63.4375","-7.02514982223511","82","27.661","22.044","14.0273117064","1.00203595945905","0.954779433133681","16.23464883",
"2/24/2006","-63.4375","-7.02514982223511","82","31.287","21.913","4.697513424","0.899276111928393","0.899347780705629","19.6599357",
"2/25/2006","-63.4375","-7.02514982223511","82","25.016","22.168","4.6116785232","0.880725782428481","0.947942847417656","3.109612104",
"2/26/2006","-63.4375","-7.02514982223511","82","29.859","21.683","0.398254248","0.752570356692144","0.845275644107233","10.081353168",
"2/27/2006","-63.4375","-7.02514982223511","82","29.245","22.128","6.7668931944","1.02841176801955","0.919463820044236","17.516982132",
"2/28/2006","-63.4375","-7.02514982223511","82","27.481","23.348","10.52369874","1.23227203640097","0.953402026155973","15.7921875",
"3/1/2006","-63.4375","-7.02514982223511","82","29.977","23.544","24.89776344","0.880879949881484","0.921061449073945","18.59253678",
"3/2/2006","-63.4375","-7.02514982223511","82","29.077","23.27","15.892411968","0.740041867466844","0.944576591657453","13.093375932",
"3/3/2006","-63.4375","-7.02514982223511","82","29.39","22.356","10.533142116","1.06837199902602","0.932075681974886","21.8911482",
"3/4/2006","-63.4375","-7.02514982223511","82","31.024","23.629","11.559682044","1.12765348737999","0.921415711348885","18.36871848",
"3/5/2006","-63.4375","-7.02514982223511","82","32.875","23.135","1.1913299136","1.33154380830306","0.851566415727544","20.4805665",
"3/6/2006","-63.4375","-7.02514982223511","82","32.601","21.877","0.885772584","1.206308600965","0.855105242281983","13.15918224",
"3/7/2006","-63.4375","-7.02514982223511","82","33.28","20.564","2.2522001112","0.914438591002615","0.865765072584639","18.11312235",
"3/8/2006","-63.4375","-7.02514982223511","82","29.594","23.414","7.166861928","0.807039993485557","0.924645311620742","15.12635607",
"3/9/2006","-63.4375","-7.02514982223511","82","33.383","23.64","11.9098665792","0.714075140936248","0.891466855436201","16.392269232",
"3/10/2006","-63.4375","-7.02514982223511","82","27.05","23.398","15.91129188","0.673557050889273","0.965134099527297","9.78749352",
"3/11/2006","-63.4375","-7.02514982223511","82","24.641","22.732","1.544951556","0.806588767652246","0.967960228121776","3.83715018",
"3/12/2006","-63.4375","-7.02514982223511","82","24.979","22.161","3.251267208","0.612835181340546","0.967487947680708","5.833465488",
"3/13/2006","-63.4375","-7.02514982223511","82","24.985","18.944","4.391096076","0.661677582258161","0.952222385045683","6.9132933",
"3/14/2006","-63.4375","-7.02514982223511","82","28.938","20.718","0","0.899548353971524","0.847773519000104","12.54302406",
"3/15/2006","-63.4375","-7.02514982223511","82","32.748","22.432","3.82118148","1.05167183682908","0.843630765237135","18.662518728",
"3/16/2006","-63.4375","-7.02514982223511","82","32.679","22.25","10.63957194","0.95566155865155","0.844643644086676","23.214543192",
"3/17/2006","-63.4375","-7.02514982223511","82","28.536","21.329","14.4847826784","0.940883738321021","0.946854925980241","23.903614872",
"3/18/2006","-63.4375","-7.02514982223511","82","24.553","21.611","12.79220724","1.0218240896683","0.971592614147077","3.497624262",
"3/19/2006","-63.4375","-7.02514982223511","82","32.225","22.223","10.2069819288","0.774879211866328","0.907229082924931","19.78835616",
"3/20/2006","-63.4375","-7.02514982223511","82","26.871","21.271","14.24103102","0.72724502960454","0.965905855230379","18.952540272",
"3/21/2006","-63.4375","-7.02514982223511","82","27.987","21.651","21.261973932","0.969700790295109","0.960846981100154","21.041150688",
"3/22/2006","-63.4375","-7.02514982223511","82","30.948","23.283","8.99162676","0.618961076525569","0.935103392614186","17.6946732",
"3/23/2006","-63.4375","-7.02514982223511","82","28.525","22.489","17.938607832","0.630712009884151","0.952889160965801","21.66604164",
"3/24/2006","-63.4375","-7.02514982223511","82","25.541","23.09","14.04189936","0.538444454764109","0.977040686974661","2.197179432",
"3/25/2006","-63.4375","-7.02514982223511","82","26.941","22.078","27.5070143664","1.13502419969134","0.964161295133758","11.829430908",
"3/26/2006","-63.4375","-7.02514982223511","82","27.36","23.25","16.088103648","1.07029941925976","0.965747928713552","18.36405306",
"3/27/2006","-63.4375","-7.02514982223511","82","27.662","22.836","16.658020908","1.10501039179034","0.958604203524607","22.695246",
"3/28/2006","-63.4375","-7.02514982223511","82","28.854","23.252","5.802151032","1.02487706152125","0.946687645051122","12.5354826",
"3/29/2006","-63.4375","-7.02514982223511","82","30.753","22.745","8.553888","0.927291025352872","0.888017344456293","20.939565528",
"3/30/2006","-63.4375","-7.02514982223511","82","27.955","23.15","20.30581962","0.681010147640402","0.9597231292416","19.71191394",
"3/31/2006","-63.4375","-7.02514982223511","82","25.902","22.277","30.684456396","0.670330048776305","0.97332307539618","7.193980728",
"4/1/2006","-63.4375","-7.02514982223511","82","28.171","22.705","13.969802484","1.02161792736088","0.954347737746841","14.915984382",
"4/2/2006","-63.4375","-7.02514982223511","82","25.101","21.41","8.930681424","0.772610164504481","0.974420073420719","4.976044668",
"4/3/2006","-63.4375","-7.02514982223511","82","29.465","21.17","0.712394784","1.18177496037759","0.874802307795671","16.538456592",
"4/4/2006","-63.4375","-7.02514982223511","82","30.555","22.676","4.370501124","1.16136653813503","0.902500117255536","19.6793433",
"4/5/2006","-63.4375","-7.02514982223511","82","32.032","21.98","3.7404982224","1.17371791164208","0.875949268136119","23.20672356",
"4/6/2006","-63.4375","-7.02514982223511","82","29.881","22.719","5.505176376","1.08782914125397","0.895502512062068","18.2670183",
"4/7/2006","-63.4375","-7.02514982223511","82","30.951","23.174","6.390952272","0.830831898128743","0.937107744261382","15.575059368",
"4/8/2006","-63.4375","-7.02514982223511","82","26.58","22.983","5.79700584","0.448800038823242","0.963059216897613","5.938820532",
"4/9/2006","-63.4375","-7.02514982223511","82","30.053","22.638","14.485644792","0.900614619112917","0.916189204231681","20.0061567",
"4/10/2006","-63.4375","-7.02514982223511","82","25.956","21.307","3.107072268","0.963835308354586","0.958915191491928","6.2984781",
"4/11/2006","-63.4375","-7.02514982223511","82","29.961","21.805","6.2793726984","0.75748323731129","0.917993900579316","18.0408375",
"4/12/2006","-63.4375","-7.02514982223511","82","29.306","21.263","5.554966032","1.03298627247894","0.907849418681421","13.46658606",
"4/13/2006","-63.4375","-7.02514982223511","82","28.327","21.126","16.4168349624","0.825873377805769","0.934751567604267","16.3058616",
"4/14/2006","-63.4375","-7.02514982223511","82","32.625","21.009","15.3877285584","0.707583293663666","0.913165138335424","20.9620692",
"4/15/2006","-63.4375","-7.02514982223511","82","28.478","23.77","34.299666072","0.590894080535536","0.959283007463345","19.9006353",
"4/16/2006","-63.4375","-7.02514982223511","82","30.429","23.926","21.1006130328","1.16354842242116","0.928176602473482","19.6133607",
"4/17/2006","-63.4375","-7.02514982223511","82","24.697","21.006","35.64721998","1.87553660964666","0.944423161937772","3.98182464",
"4/18/2006","-63.4375","-7.02514982223511","82","25.252","19.848","0.4085542512","1.82094450975025","0.848919208417454","8.718352992",
"4/19/2006","-63.4375","-7.02514982223511","82","30.766","19.965","0.8359911864","0.978140298600129","0.838339371832495","18.171728982",
"4/20/2006","-63.4375","-7.02514982223511","82","33.602","21.351","8.929822644","0.780359308446512","0.872376902151701","20.7379134",
"4/21/2006","-63.4375","-7.02514982223511","82","30.543","22.351","8.23802688","0.822969650244027","0.909067927076113","23.92959294",
"4/22/2006","-63.4375","-7.02514982223511","82","28.271","23.761","17.032244076","0.58505460822982","0.956657049223857","16.899927768",
"4/23/2006","-63.4375","-7.02514982223511","82","30.239","22.793","5.6304936864","0.853615375473941","0.903986473729266","14.400895932",
"4/24/2006","-63.4375","-7.02514982223511","82","28.29","22.057","21.1984602264","0.737117163002397","0.948091592701439","21.79142064",
"4/25/2006","-63.4375","-7.02514982223511","82","30.347","22.37","3.4194977352","0.560951971694032","0.906518289914101","13.94060616",
"4/26/2006","-63.4375","-7.02514982223511","82","28.605","21.555","6.5643311664","0.918380778678658","0.944684534337745","14.86423242",
"4/27/2006","-63.4375","-7.02514982223511","82","27.247","22.341","10.7545805712","1.09358409452945","0.961269832632085","13.77692028",
"4/28/2006","-63.4375","-7.02514982223511","82","29.625","22.41","11.693577996","0.813008831006712","0.94831672937117","15.62597262",
"4/29/2006","-63.4375","-7.02514982223511","82","29.089","23.598","11.975953032","0.908899045180458","0.945556041057818","16.62395778",
"4/30/2006","-63.4375","-7.02514982223511","82","27.117","23.09","1.7526645288","0.830406312387881","0.950998865066692","7.045481448",
"5/1/2006","-63.4375","-7.02514982223511","82","27.698","22.291","9.1169373384","1.24065403351557","0.95330111107309","18.27449298",
"5/2/2006","-63.4375","-7.02514982223511","82","28.271","22.885","9.817311492","1.82790083653748","0.935101798908484","19.50772482",
"5/3/2006","-63.4375","-7.02514982223511","82","29.038","21.348","0.2866745088","1.59264883679152","0.834367948192488","10.585063368",
"5/4/2006","-63.4375","-7.02514982223511","82","30.108","21.728","2.902795308","1.10381439084754","0.885965244002121","14.96548134",
"5/5/2006","-63.4375","-7.02514982223511","82","24.223","21.821","35.307331704","0.560904712112607","0.978806733030025","3.0628674",
"5/6/2006","-63.4375","-7.02514982223511","82","27.558","20.357","3.3027633504","0.591049854323061","0.949321441121135","11.211979788",
"5/7/2006","-63.4375","-7.02514982223511","82","30.491","20.65","2.0874035304","0.997228767939503","0.884039906097572","15.3888129",
"5/8/2006","-63.4375","-7.02514982223511","82","30.066","20.958","0.123596388","1.42458442022253","0.781990477857253","21.09825252",
"5/9/2006","-63.4375","-7.02514982223511","82","28.524","20.504","0","1.37780375133071","0.731579471835267","8.907077952",
"5/10/2006","-63.4375","-7.02514982223511","82","22.563","19.835","0.360488916","1.16464211870767","0.798759164867453","2.65932936",
"5/11/2006","-63.4375","-7.02514982223511","82","26.892","19.578","0.068664528","1.58031568309785","0.744889097327148","19.2243375",
"5/12/2006","-63.4375","-7.02514982223511","82","30.816","19.969","0","1.34983505692954","0.669038185869981","22.89352284",
"5/13/2006","-63.4375","-7.02514982223511","82","30.714","19.176","0","1.40797365570997","0.665504567025725","24.3902286",
"5/14/2006","-63.4375","-7.02514982223511","82","31.823","18.911","0","1.26104892566972","0.640299384927021","24.36311232",
"5/15/2006","-63.4375","-7.02514982223511","82","33.14","19.204","0","0.960637407241122","0.691964220577274","22.25266794",
"5/16/2006","-63.4375","-7.02514982223511","82","31.201","22.402","0.6420132","1.12562215249263","0.804497774851627","15.424763832",
"5/17/2006","-63.4375","-7.02514982223511","82","25.622","22.263","1.598167548","0.703418702637872","0.935785658667535","3.52091016",
"5/18/2006","-63.4375","-7.02514982223511","82","28.058","21.6","6.807227292","0.801422586560212","0.93517383872597","13.50393606",
"5/19/2006","-63.4375","-7.02514982223511","82","28.343","21.77","7.3076266224","0.684347234931668","0.946615906753231","12.59847918",
"5/20/2006","-63.4375","-7.02514982223511","82","28.782","22.86","8.3693542104","0.979788400664068","0.926578083799825","15.7336263",
"5/21/2006","-63.4375","-7.02514982223511","82","25.44","22.1","10.362332916","0.604705130711637","0.973660274701642","5.86845558",
"5/22/2006","-63.4375","-7.02514982223511","82","27.953","20.059","9.6053073984","0.990677298557332","0.941337418271456","14.6985174",
"5/23/2006","-63.4375","-7.02514982223511","82","28.331","21.856","0.7329941784","1.9069711654934","0.860033034698776","17.50916682",
"5/24/2006","-63.4375","-7.02514982223511","82","29.7","20.844","0.3270150432","1.24973966398168","0.824171478940012","16.0793424",
"5/25/2006","-63.4375","-7.02514982223511","82","27.644","18.516","1.3166436384","1.2518103492595","0.874544340183057","18.6077763",
"5/26/2006","-63.4375","-7.02514982223511","82","30.154","18.262","8.547019308","0.636760802819908","0.906284584627777","22.55484492",
"5/27/2006","-63.4375","-7.02514982223511","82","28.879","20.602","8.742714912","0.587462945340248","0.940832098212438","14.778729",
"5/28/2006","-63.4375","-7.02514982223511","82","28.981","20.606","8.3684851992","0.711180121041968","0.942609300690482","18.965076768",
"5/29/2006","-63.4375","-7.02514982223511","82","31.266","22.142","3.668402844","0.858405624539271","0.877171321658436","15.724575",
"5/30/2006","-63.4375","-7.02514982223511","82","30.663","22.722","7.844921676","0.812398323373514","0.90194104466288","16.81913718",
"5/31/2006","-63.4375","-7.02514982223511","82","31.637","22.504","5.884553052","0.80582909574975","0.891453042351074","15.36856686",
"6/1/2006","-63.4375","-7.02514982223511","82","30.56","21.504","3.0881886264","0.780303365289989","0.887417221363398","19.38908844",
"6/2/2006","-63.4375","-7.02514982223511","82","34.687","21.503","0.020599344","0.972829981712135","0.737152487403219","23.0612067",
"6/3/2006","-63.4375","-7.02514982223511","82","33.473","18.5","0","0.959249802124903","0.677188659419389","18.59163732",
"6/4/2006","-63.4375","-7.02514982223511","82","33.768","22.458","0","1.16215305791034","0.618359999565753","16.5417201",
"6/5/2006","-63.4375","-7.02514982223511","82","27.823","20.897","0.0171661464","1.01040898985223","0.747803920127619","6.99558948",
"6/6/2006","-63.4375","-7.02514982223511","82","33.289","20.474","0","1.16334170006275","0.66543568829117","23.05018278",
"6/7/2006","-63.4375","-7.02514982223511","82","33.909","18.177","0","1.00186746947095","0.663280216905708","23.0370741",
"6/8/2006","-63.4375","-7.02514982223511","82","35.299","18.022","0","0.943046864107137","0.62584115470822","15.76226268",
"6/9/2006","-63.4375","-7.02514982223511","82","34.082","23.44","0","0.96015924170361","0.655464733451474","14.679507852",
"6/10/2006","-63.4375","-7.02514982223511","82","33.842","22.105","0.333023436","1.01544048441095","0.679560631348375","15.19633818",
"6/11/2006","-63.4375","-7.02514982223511","82","33.487","22.013","0.67634568","1.18391999216022","0.715853182352372","16.56989172",
"6/12/2006","-63.4375","-7.02514982223511","82","32.209","19.068","0","0.755118719078812","0.814006791718058","12.09926358",
"6/13/2006","-63.4375","-7.02514982223511","82","33.371","18.615","0","1.14240166806453","0.61957413442272","19.294317",
"6/14/2006","-63.4375","-7.02514982223511","82","33.975","16.547","0","1.14420746699732","0.554058754347504","22.7715714",
"6/15/2006","-63.4375","-7.02514982223511","82","33.888","23.099","0","0.79537355495412","0.661155575727163","11.75675148",
"6/16/2006","-63.4375","-7.02514982223511","82","27.976","20.341","7.9032852","0.830418777423994","0.918015340762227","16.8714045",
"6/17/2006","-63.4375","-7.02514982223511","82","32.01","19.172","1.098633024","1.05537397935713","0.768620650830487","22.1572647",
"6/18/2006","-63.4375","-7.02514982223511","82","33.358","16.195","0","1.15893404814447","0.647813104855623","16.2343638",
"6/19/2006","-63.4375","-7.02514982223511","82","35.295","22.747","0.02059938","1.03047930078907","0.630361377922496","14.6648268",
"6/20/2006","-63.4375","-7.02514982223511","82","34.955","22.076","0.0652313232","1.27696627870726","0.732860891716312","12.27144132",
"6/21/2006","-63.4375","-7.02514982223511","82","33.758","20.289","0","1.44398488235155","0.648013218553887","22.42726794",
"6/22/2006","-63.4375","-7.02514982223511","82","33.866","18.414","0","1.30718114675847","0.601021657056558","21.28038336",
"6/23/2006","-63.4375","-7.02514982223511","82","34.009","14.946","0","1.20115483731864","0.624492168579766","23.12562168",
"6/24/2006","-63.4375","-7.02514982223511","82","34.637","17.56","0","1.12156764059873","0.553799834644134","23.0308884",
"6/25/2006","-63.4375","-7.02514982223511","82","34.512","18.064","0","1.18347389566022","0.579593533851571","22.30565814",
"6/26/2006","-63.4375","-7.02514982223511","82","34.494","19.876","0","1.1961496810365","0.606670389791324","21.244329",
"6/27/2006","-63.4375","-7.02514982223511","82","35.409","17.644","0","0.995145656483411","0.594342534075523","22.78119546",
"6/28/2006","-63.4375","-7.02514982223511","82","35.375","20.224","0","1.26281896256663","0.504940155257503","22.51529604",
"6/29/2006","-63.4375","-7.02514982223511","82","25.459","18.313","2.1801002184","0.770284819168995","0.837058909440062","4.184436132",
"6/30/2006","-63.4375","-7.02514982223511","82","35.258","17.84","0","1.18165004971237","0.631670130581314","18.769671",
"7/1/2006","-63.4375","-7.02514982223511","82","35.287","22.803","0","0.970806396317501","0.580533979638843","8.93756052",
"7/2/2006","-63.4375","-7.02514982223511","82","35.481","22.789","0","1.37589829062139","0.530136928420738","22.90600602",
"7/3/2006","-63.4375","-7.02514982223511","82","34.201","18.051","0","1.27197668993224","0.506686525293072","18.177917832",
"7/4/2006","-63.4375","-7.02514982223511","82","34.267","15.706","0","1.25273238762287","0.565141992842799","23.099508",
"7/5/2006","-63.4375","-7.02514982223511","82","25.653","20.763","0","1.08989938707516","0.710848096760633","5.25774438",
"7/6/2006","-63.4375","-7.02514982223511","82","31.835","20.752","0.40512114","0.870958702232853","0.765053763126652","9.98915472",
"7/7/2006","-63.4375","-7.02514982223511","82","34.242","18.439","0.197410392","1.01500816152719","0.750080688969727","18.26206164",
"7/8/2006","-63.4375","-7.02514982223511","82","34.306","20.539","0.0171661392","1.3394674816774","0.674782189708556","18.51074676",
"7/9/2006","-63.4375","-7.02514982223511","82","33.269","16.406","0","1.07801991496868","0.703305646809855","14.8485303",
"7/10/2006","-63.4375","-7.02514982223511","82","33.903","20.02","0","1.27695748457438","0.681641508780349","18.18608346",
"7/11/2006","-63.4375","-7.02514982223511","82","35.476","21.184","0.09956358","1.06227355842925","0.61197819090619","16.77684834",
"7/12/2006","-63.4375","-7.02514982223511","82","38.105","23.454","0.379372248","0.790018667320244","0.626971042608917","10.300724928",
"7/13/2006","-63.4375","-7.02514982223511","82","33.146","24.16","0.0592231824","1.18282174276015","0.594769482646611","15.02802576",
"7/14/2006","-63.4375","-7.02514982223511","82","36.034","20.901","0","1.20699044886208","0.532489681287055","23.66617554",
"7/15/2006","-63.4375","-7.02514982223511","82","34.96","16.45","0","1.48589794289369","0.469694710910008","24.00867684",
"7/16/2006","-63.4375","-7.02514982223511","82","33.816","18.322","0","1.17809123332197","0.57030967491326","14.36833404",
"7/17/2006","-63.4375","-7.02514982223511","82","34.016","18.014","0","1.44534818817202","0.471955125809503","23.92718184",
"7/18/2006","-63.4375","-7.02514982223511","82","35.215","18.767","0","1.22899629390427","0.459406173043395","22.54297896",
"7/19/2006","-63.4375","-7.02514982223511","82","32.969","23.481","0.0068664528","1.1227934052269","0.552530985875613","13.211102232",
"7/20/2006","-63.4375","-7.02514982223511","82","36.428","18.361","0","0.923398914242056","0.623886070397928","14.42390616",
"7/21/2006","-63.4375","-7.02514982223511","82","35.896","21.912","0.6162642","1.29788399845116","0.647819402568381","14.86653822",
"7/22/2006","-63.4375","-7.02514982223511","82","34.13","21.569","0.65231316","0.967989715834496","0.744340649707934","14.65728858",
"7/23/2006","-63.4375","-7.02514982223511","82","35.979","21.338","0","1.11518027958805","0.640779413368804","16.1123022",
"7/24/2006","-63.4375","-7.02514982223511","82","36.053","19.874","0","1.08152479381318","0.597832820210204","13.57171398",
"7/25/2006","-63.4375","-7.02514982223511","82","35.712","21.734","0","1.10551833716019","0.57712509040328","16.914262968",
"7/26/2006","-63.4375","-7.02514982223511","82","36.322","19.6","0","1.16829564644032","0.532138291006293","24.074554608",
"7/27/2006","-63.4375","-7.02514982223511","82","34.614","20.877","0.0669479688","1.22378707343817","0.63070306055066","11.53333494",
"7/28/2006","-63.4375","-7.02514982223511","82","35.866","20.569","0","1.19381434001311","0.633217070874823","17.68219254",
"7/29/2006","-63.4375","-7.02514982223511","82","37.635","22.913","0","1.24000089316551","0.575647057606897","19.5801291",
"7/30/2006","-63.4375","-7.02514982223511","82","34.456","19.333","0","0.845847274309818","0.662749512143474","13.4465076",
"7/31/2006","-63.4375","-7.02514982223511","82","35.111","21.484","0.624847212","1.5938575117487","0.555385930314698","20.40390504",
"8/1/2006","-63.4375","-7.02514982223511","82","34.805","19.162","2.2685047128","0.696322121233911","0.80177842055216","11.643247548",
"8/2/2006","-63.4375","-7.02514982223511","82","34.724","19.242","0","1.1107057007107","0.675364117117004","18.54607554",
"8/3/2006","-63.4375","-7.02514982223511","82","37.158","22.46","0.0583648704","1.06832420156462","0.526326292553096","15.1387848",
"8/4/2006","-63.4375","-7.02514982223511","82","37.651","20.174","0.0738144","1.39343358644608","0.575757671824687","15.2439732",
"8/5/2006","-63.4375","-7.02514982223511","82","31.957","20.26","0.7535932776","1.08173139483815","0.619333424027297","11.92612428",
"8/6/2006","-63.4375","-7.02514982223511","82","36.185","20.367","0.171661464","0.747675227828145","0.68796534058637","9.577404",
"8/7/2006","-63.4375","-7.02514982223511","82","37.622","20.052","0","1.22898518500601","0.540747435608997","24.853277448",
"8/8/2006","-63.4375","-7.02514982223511","82","38.778","24.194","0","1.12478881122306","0.464501286715576","14.058898668",
"8/9/2006","-63.4375","-7.02514982223511","82","34.874","23.777","0.0411987168","1.36933220761669","0.551127974034623","19.4927085",
"8/10/2006","-63.4375","-7.02514982223511","82","38.397","18.415","0","1.20201026588833","0.490859205011809","25.23325338",
"8/11/2006","-63.4375","-7.02514982223511","82","39.632","18.837","0","1.16208207346876","0.381610570218295","25.26373368",
"8/12/2006","-63.4375","-7.02514982223511","82","38.953","22.985","0","1.3598003443388","0.424581447614147","20.888217792",
"8/13/2006","-63.4375","-7.02514982223511","82","36.721","20.736","0","1.24361355336257","0.499427253249449","20.561792832",
"8/14/2006","-63.4375","-7.02514982223511","82","37.106","23.535","0.93898674","1.34608633545901","0.612768834962359","19.80027846",
"8/15/2006","-63.4375","-7.02514982223511","82","38.125","23.841","0","1.69950543601479","0.479016077844359","25.44153282",
"8/16/2006","-63.4375","-7.02514982223511","82","39.439","22.46","0","1.30773693768071","0.440196794568749","24.26039586",
"8/17/2006","-63.4375","-7.02514982223511","82","39.5","17.551","0.49095144","1.01567426420269","0.578997637729718","25.944749568",
"8/18/2006","-63.4375","-7.02514982223511","82","39.331","15.565","0","1.14791835733871","0.420677359205885","26.2106442",
"8/19/2006","-63.4375","-7.02514982223511","82","38.956","16.509","0","0.867777858258393","0.484779160269073","21.50763768",
"8/20/2006","-63.4375","-7.02514982223511","82","36.541","23.438","3.533652072","1.39713807535148","0.705208304500271","12.97597482",
"8/21/2006","-63.4375","-7.02514982223511","82","31.154","23.213","10.40267844","1.26279577996653","0.820301358263221","17.431591032",
"8/22/2006","-63.4375","-7.02514982223511","82","37.4","21.167","0","1.15880183375337","0.597919181449778","19.56487608",
"8/23/2006","-63.4375","-7.02514982223511","82","39.984","23.589","0","1.13199392897391","0.385143377691849","16.4585781",
"8/24/2006","-63.4375","-7.02514982223511","82","38.867","22.982","0","1.43909788449977","0.524795172805505","15.200101152",
"8/25/2006","-63.4375","-7.02514982223511","82","36.442","24.381","1.19819754","1.69269261270281","0.540197725882392","16.750521648",
"8/26/2006","-63.4375","-7.02514982223511","82","35.912","21.286","0","0.978600854558387","0.581042480349883","13.8149424",
"8/27/2006","-63.4375","-7.02514982223511","82","35.827","22.848","0","1.71416132396729","0.566460584962934","21.686284368",
"8/28/2006","-63.4375","-7.02514982223511","82","39.012","19.424","0.61111458","0.961125585598546","0.64693028375182","14.041297512",
"8/29/2006","-63.4375","-7.02514982223511","82","37.416","21.251","0.67806216","1.31560865108635","0.68033269203959","14.468793408",
"8/30/2006","-63.4375","-7.02514982223511","82","37.931","20.808","1.244543544","0.755328968239223","0.740503166894884","12.28280112",
"8/31/2006","-63.4375","-7.02514982223511","82","39.015","20.787","0","0.79595645420239","0.598372488414421","16.41779658",
"9/1/2006","-63.4375","-7.02514982223511","82","38.647","22.175","0","1.65020429303718","0.459708571979482","23.71387464",
"9/2/2006","-63.4375","-7.02514982223511","82","41.58","23.426","0","1.22419884814447","0.37558674267296","18.9394875",
"9/3/2006","-63.4375","-7.02514982223511","82","39.044","22.259","0.0034332264","1.44117094956204","0.398118643130637","23.893369488",
"9/4/2006","-63.4375","-7.02514982223511","82","35.936","23.744","0.1527786432","1.40791610467107","0.493443940569519","13.96255086",
"9/5/2006","-63.4375","-7.02514982223511","82","26.884","20.764","4.351613256","1.56063399162251","0.761261596521827","9.034762968",
"9/6/2006","-63.4375","-7.02514982223511","82","36.914","18.383","0","0.965577229538992","0.534141263384951","17.843743908",
"9/7/2006","-63.4375","-7.02514982223511","82","37.013","24.363","0","1.1831047763733","0.475889520854292","15.331109508",
"9/8/2006","-63.4375","-7.02514982223511","82","37.34","22.528","0","1.74160826763819","0.469905334947655","20.75405904",
"9/9/2006","-63.4375","-7.02514982223511","82","35.316","23.948","0.139045824","1.3295441888998","0.559854814449535","14.2207875",
"9/10/2006","-63.4375","-7.02514982223511","82","35.301","22.562","0.061798068","1.27649956426348","0.547714601009357","19.0115415",
"9/11/2006","-63.4375","-7.02514982223511","82","36.512","20.824","0.024032592","1.33542404331412","0.528710288899301","22.94938206",
"9/12/2006","-63.4375","-7.02514982223511","82","38.534","24.384","0","1.57549393065129","0.438983829588869","25.418368368",
"9/13/2006","-63.4375","-7.02514982223511","82","42.524","24.036","0.0137329128","1.15479639827183","0.454341737919725","27.301950072",
"9/14/2006","-63.4375","-7.02514982223511","82","39.163","23.314","0","1.24118853260875","0.47417654268514","19.39021974",
"9/15/2006","-63.4375","-7.02514982223511","82","40.802","24.669","0.0171661392","1.05659606385444","0.442243047015076","16.95430836",
"9/16/2006","-63.4375","-7.02514982223511","82","36.186","23.399","1.100349792","1.53552181913911","0.616864398400505","11.678062212",
"9/17/2006","-63.4375","-7.02514982223511","82","38.277","22.813","3.343964184","0.954838709853267","0.691458168803601","13.29047172",
"9/18/2006","-63.4375","-7.02514982223511","82","38.493","22.946","2.84786316","0.951534499386525","0.655778819662325","15.2013924",
"9/19/2006","-63.4375","-7.02514982223511","82","38.667","24.631","1.18446264","1.48765626064201","0.537897018088522","19.07274474",
"9/20/2006","-63.4375","-7.02514982223511","82","39.336","22.547","0.82054116","1.57492550058105","0.623548841621698","18.30330072",
"9/21/2006","-63.4375","-7.02514982223511","82","38.462","25.558","0","0.985036371934839","0.563535612057925","11.928257388",
"9/22/2006","-63.4375","-7.02514982223511","82","36.347","24.148","0.105571908","1.65731852759497","0.545200528079102","15.504358032",
"9/23/2006","-63.4375","-7.02514982223511","82","38.333","21.166","0","1.42463173094414","0.563789926807144","19.543944672",
"9/24/2006","-63.4375","-7.02514982223511","82","34.348","22.42","0.29869092","1.77425370989053","0.56975496467339","20.36160792",
"9/25/2006","-63.4375","-7.02514982223511","82","37.71","22.614","0.027465804","1.2429888345301","0.596721795966078","16.01718948",
"9/26/2006","-63.4375","-7.02514982223511","82","37.249","22.218","0.209426688","1.23135617530621","0.588449168211384","21.10545288",
"9/27/2006","-63.4375","-7.02514982223511","82","36.535","23.432","3.88984788","0.938638844874859","0.59277073904015","21.896213328",
"9/28/2006","-63.4375","-7.02514982223511","82","37.001","23.696","0.42915348","1.04567703009441","0.520385510188838","15.32789748",
"9/29/2006","-63.4375","-7.02514982223511","82","37.516","21.902","3.031537752","1.26306704321667","0.635607374385702","14.24103894",
"9/30/2006","-63.4375","-7.02514982223511","82","36.584","22.028","0","0.761949528698406","0.593281091635182","13.06692864",
"10/1/2006","-63.4375","-7.02514982223511","82","37.243","23.453","0","0.944039970897926","0.549190475650157","15.307988112",
"10/2/2006","-63.4375","-7.02514982223511","82","40.711","24.892","0.0308990376","1.01449859860111","0.470371617073535","17.61716484",
"10/3/2006","-63.4375","-7.02514982223511","82","38.095","22.792","0.164794968","0.871813413834457","0.52262010522746","21.68476776",
"10/4/2006","-63.4375","-7.02514982223511","82","37.607","22.543","0","1.43612209868576","0.459773807365941","19.76771736",
"10/5/2006","-63.4375","-7.02514982223511","82","33.951","26.053","0.173378124","0.944974942193643","0.552728471367886","9.49173804",
"10/6/2006","-63.4375","-7.02514982223511","82","33.653","23.681","11.8309068","1.58779344279343","0.744027501254805","22.77484092",
"10/7/2006","-63.4375","-7.02514982223511","82","38.496","24.296","43.584825852","1.13208037796159","0.766878665899132","13.07204622",
"10/8/2006","-63.4375","-7.02514982223511","82","41.643","23.013","0.176811156","1.15007294961442","0.614509776766949","17.38456236",
"10/9/2006","-63.4375","-7.02514982223511","82","36.867","22.226","1.0797497424","0.987315183451249","0.646804042611115","15.543616392",
"10/10/2006","-63.4375","-7.02514982223511","82","28.873","21.857","60.3304056","1.16619526169041","0.893850393254774","8.774495658",
"10/11/2006","-63.4375","-7.02514982223511","82","36.643","20.951","0.717544836","0.966964674758244","0.695458838117007","16.37746704",
"10/12/2006","-63.4375","-7.02514982223511","82","36.007","23.48","7.0381111752","1.21557952061125","0.828332701050485","13.18892796",
"10/13/2006","-63.4375","-7.02514982223511","82","31.9","23.818","14.3131301496","1.1760142853666","0.917197331858704","25.13311308",
"10/14/2006","-63.4375","-7.02514982223511","82","36.101","23.812","5.197906152","1.25132101467308","0.838566887642719","10.2052656",
"10/15/2006","-63.4375","-7.02514982223511","82","30.522","24.002","3.809169684","1.19603057811431","0.886931111186588","13.774443768",
"10/16/2006","-63.4375","-7.02514982223511","82","25.11","22.976","15.2984610504","0.842193412421572","0.968384253612819","2.435286438",
"10/17/2006","-63.4375","-7.02514982223511","82","32.227","21.859","8.1573478776","1.11509666258173","0.879834555441473","24.3762768",
"10/18/2006","-63.4375","-7.02514982223511","82","27.523","23.629","14.335436628","1.14793507795985","0.943353232091596","17.33979456",
"10/19/2006","-63.4375","-7.02514982223511","82","27.985","22.308","14.428135656","1.11157993224195","0.896929278071684","9.66003894",
"10/20/2006","-63.4375","-7.02514982223511","82","34.339","21.286","7.95822624","0.731222112029012","0.837655998371355","25.146787608",
"10/21/2006","-63.4375","-7.02514982223511","82","31.987","22.757","9.85422096","1.00583347630738","0.847982784260165","28.29959784",
"10/22/2006","-63.4375","-7.02514982223511","82","35.202","23.516","5.1446917728","1.07500025996423","0.777947290546287","28.1780424",
"10/23/2006","-63.4375","-7.02514982223511","82","31.89","22.969","8.7564492","0.882302463664434","0.906335244123746","16.25383224",
"10/24/2006","-63.4375","-7.02514982223511","82","32.466","24.404","2.4564736008","0.876195077594001","0.856341961191116","17.16356682",
"10/25/2006","-63.4375","-7.02514982223511","82","35.76","23.336","0.1647948888","1.52504428099588","0.715767636363538","20.51077842",
"10/26/2006","-63.4375","-7.02514982223511","82","36.911","24.203","2.32944642","1.4484800613614","0.76426998214068","15.18446646",
"10/27/2006","-63.4375","-7.02514982223511","82","33.577","22.685","10.2850899048","1.11414747083067","0.887701873447252","16.42100922",
"10/28/2006","-63.4375","-7.02514982223511","82","32.867","24.121","4.5541801224","0.874153766777148","0.871185981307451","17.15017662",
"10/29/2006","-63.4375","-7.02514982223511","82","38.714","24.456","0.09269712","0.703648475026271","0.662139562939548","20.50110234",
"10/30/2006","-63.4375","-7.02514982223511","82","36.757","25.266","0.5390169264","1.54637851346994","0.681646641751629","14.977917828",
"10/31/2006","-63.4375","-7.02514982223511","82","32.224","22.923","16.80392826","0.611936534885249","0.868005217038589","27.63916632",
"11/1/2006","-63.4375","-7.02514982223511","82","29.71","22.903","15.9936940728","1.07593816007566","0.928975810305387","14.43229038",
"11/2/2006","-63.4375","-7.02514982223511","82","29.207","21.981","0.7553101248","1.15112365399705","0.856055606237236","10.0368036",
"11/3/2006","-63.4375","-7.02514982223511","82","34.544","22.066","9.7709632704","0.663409961552659","0.827065228255696","19.3876362",
"11/4/2006","-63.4375","-7.02514982223511","82","28.895","23.751","4.6245574368","1.10673182267096","0.914349074199303","12.6970326",
"11/5/2006","-63.4375","-7.02514982223511","82","27.155","22.702","4.839135696","1.14988823159906","0.932665322899417","9.83492208",
"11/6/2006","-63.4375","-7.02514982223511","82","36.839","22.297","0.4497530328","0.968762198756174","0.73535242569121","17.56940472",
"11/7/2006","-63.4375","-7.02514982223511","82","38.134","23.255","3.06072036","1.15572329571263","0.793428148781301","24.55149582",
"11/8/2006","-63.4375","-7.02514982223511","82","32.946","23.083","10.32714828","1.07003523081239","0.876509460599326","22.01742855",
"11/9/2006","-63.4375","-7.02514982223511","82","28.196","20.807","17.518041036","1.60378437672088","0.916821469518571","16.18981884",
"11/10/2006","-63.4375","-7.02514982223511","82","34.532","21.669","7.7436452952","1.06759579297856","0.825036624915248","17.99128224",
"11/11/2006","-63.4375","-7.02514982223511","82","29.237","23.681","23.974216776","1.08906818140791","0.9343922341772","21.37477392",
"11/12/2006","-63.4375","-7.02514982223511","82","33.837","23.017","4.16793852","1.36479400193166","0.765988090411279","20.3965317",
"11/13/2006","-63.4375","-7.02514982223511","82","29.587","23.034","16.843415508","0.886161006730982","0.919795173888719","20.38387536",
"11/14/2006","-63.4375","-7.02514982223511","82","31.015","23.374","8.025169608","0.727365737062758","0.905131170285854","11.516057028",
"11/15/2006","-63.4375","-7.02514982223511","82","30.289","23.435","2.174949396","1.4730622634144","0.852859073614861","16.83691398",
"11/16/2006","-63.4375","-7.02514982223511","82","32.946","22.147","11.697002532","1.30452489771335","0.848477058491742","20.45503314",
"11/17/2006","-63.4375","-7.02514982223511","82","26.345","22.802","9.846498852","0.914263590082074","0.95208062292778","14.7362598",
"11/18/2006","-63.4375","-7.02514982223511","82","33.013","22.042","2.1732335424","1.06255650194795","0.840561153717116","21.57114168",
"11/19/2006","-63.4375","-7.02514982223511","82","27.507","20.937","6.25362768","1.16089891936874","0.929745144255408","8.05668696",
"11/20/2006","-63.4375","-7.02514982223511","82","33.391","22.17","5.663112552","0.764467994632522","0.872976963696704","14.2134228",
"11/21/2006","-63.4375","-7.02514982223511","82","29.893","21.61","9.76237632","0.800878385206346","0.902930011626871","28.11864258",
"11/22/2006","-63.4375","-7.02514982223511","82","29.949","22.699","17.925740352","0.766645701888274","0.93054178829651","23.09603418",
"11/23/2006","-63.4375","-7.02514982223511","82","34.204","22.305","19.198599372","0.997747614983704","0.905565529385864","18.8949393",
"11/24/2006","-63.4375","-7.02514982223511","82","33.113","22.722","13.65566184","1.02178031647478","0.822201851792943","20.28700962",
"11/25/2006","-63.4375","-7.02514982223511","82","31.873","22.294","9.5426531064","1.04429908744753","0.871907714649294","28.0010808",
"11/26/2006","-63.4375","-7.02514982223511","82","30.504","24.112","12.6093957984","0.934095005353985","0.919994350621208","22.61728116",
"11/27/2006","-63.4375","-7.02514982223511","82","32.29","24.068","5.3875962","0.952125047055046","0.857386344464273","21.11648382",
"11/28/2006","-63.4375","-7.02514982223511","82","31.261","24.099","2.8161033984","0.881384952294969","0.876531488465176","16.3048518",
"11/29/2006","-63.4375","-7.02514982223511","82","32.897","23.407","2.96287632","0.86646713200928","0.892924970117801","12.89699586",
"11/30/2006","-63.4375","-7.02514982223511","82","31.396","23.17","24.87203316","0.74968463953655","0.895649798987387","21.78208008",
"12/1/2006","-63.4375","-7.02514982223511","82","29.443","23.04","28.420274664","1.07503259420484","0.90767028281203","16.9610049",
"12/2/2006","-63.4375","-7.02514982223511","82","31.743","22.801","2.8255487616","0.727230366827568","0.8642167148835","16.7890527",
"12/3/2006","-63.4375","-7.02514982223511","82","32.318","22.394","15.940474884","0.600698073064136","0.912176681690599","21.98716812",
"12/4/2006","-63.4375","-7.02514982223511","82","25.06","22.509","35.080729416","0.897205526861921","0.974812611389257","2.85165072",
"12/5/2006","-63.4375","-7.02514982223511","82","35.772","22.393","3.186032904","0.968180000678564","0.85845951751275","18.3619143",
"12/6/2006","-63.4375","-7.02514982223511","82","36.22","23.621","14.2873758","0.892920430396383","0.828761593958124","13.2193125",
"12/7/2006","-63.4375","-7.02514982223511","82","32.873","23.107","18.278512092","0.526168044325181","0.917690153028466","18.46558188",
"12/8/2006","-63.4375","-7.02514982223511","82","37.544","23.263","1.4900206248","1.14695653763157","0.786577551662619","14.719500072",
"12/9/2006","-63.4375","-7.02514982223511","82","35.989","23.971","11.9098730304","1.02158685190205","0.845130826241182","18.436555008",
"12/10/2006","-63.4375","-7.02514982223511","82","28.534","23.584","1.469421468","1.06732109230354","0.88009905837649","6.6358656",
"12/11/2006","-63.4375","-7.02514982223511","82","33.182","22.658","6.507689724","0.766859351169422","0.862098054176423","12.8115531",
"12/12/2006","-63.4375","-7.02514982223511","82","26.754","24.122","6.14890926","0.663851402846781","0.960946331784824","5.50186524",
"12/13/2006","-63.4375","-7.02514982223511","82","24.7","23.113","8.284376196","0.841073865503136","0.971626995741681","2.64757464",
"12/14/2006","-63.4375","-7.02514982223511","82","25.944","22.426","7.7590815552","0.862251413421258","0.947292361890411","4.50090234",
"12/15/2006","-63.4375","-7.02514982223511","82","30.703","22.923","36.9569864664","1.13754524165083","0.919995007890043","25.34416956",
"12/16/2006","-63.4375","-7.02514982223511","82","29.864","23.655","12.2154274728","0.86115352868785","0.897291122466431","17.04290508",
"12/17/2006","-63.4375","-7.02514982223511","82","24.716","23.011","18.666461304","0.856491375447915","0.97321547880847","4.07812518",
"12/18/2006","-63.4375","-7.02514982223511","82","30.442","22.359","3.374867844","0.839977560454729","0.885285133924125","16.8395625",
"12/19/2006","-63.4375","-7.02514982223511","82","27.611","23.461","13.5887085864","0.575098346450858","0.960186356269607","7.25366664",
"12/20/2006","-63.4375","-7.02514982223511","82","30.766","23.198","1.598167152","1.18073449620657","0.867981593410459","21.62216232",
"12/21/2006","-63.4375","-7.02514982223511","82","31.35","23.324","9.36584712","0.883786795771739","0.919478650685437","12.48935778",
"12/22/2006","-63.4375","-7.02514982223511","82","29.723","22.817","3.4709899752","1.26381828362628","0.918349213952931","12.066075",
"12/23/2006","-63.4375","-7.02514982223511","82","32.888","22.791","6.1420431888","0.808943806424914","0.901509403532477","18.422887932",
"12/24/2006","-63.4375","-7.02514982223511","82","28.747","22.313","5.78155464","0.714882051406397","0.922305685792523","11.8545228",
"12/25/2006","-63.4375","-7.02514982223511","82","33.243","22.266","20.8362559608","0.754667615061802","0.8974223210633","16.601509008",
"12/26/2006","-63.4375","-7.02514982223511","82","29.981","23.269","17.636481936","0.825349602506002","0.937399649220469","14.616957744",
"12/27/2006","-63.4375","-7.02514982223511","82","30.981","23.49","23.9845274928","0.826417081919262","0.90294766158806","25.46347428",
"12/28/2006","-63.4375","-7.02514982223511","82","32.464","21.496","3.0212392464","1.08353024294039","0.865723080232781","23.21735382",
"12/29/2006","-63.4375","-7.02514982223511","82","31.033","23.625","6.3840906","0.814950545318977","0.918914615386784","11.43709128",
"12/30/2006","-63.4375","-7.02514982223511","82","31.808","21.562","11.4566821848","0.827931818555342","0.892317350103669","18.3707991",
"12/31/2006","-63.4375","-7.02514982223511","82","30.564","24.039","4.178238804","0.891556045997588","0.877385892586515","13.5268362",
"1/1/2007","-63.4375","-7.02514982223511","82","29.055","23.203","13.772391084","0.836027671887334","0.94036944260441","16.26552612",
"1/2/2007","-63.4375","-7.02514982223511","82","26.865","22.719","7.371997128","0.583419089362419","0.951682604581899","9.403032168",
"1/3/2007","-63.4375","-7.02514982223511","82","28.397","23.342","8.098984044","0.539316260732285","0.941343410874317","15.722607312",
"1/4/2007","-63.4375","-7.02514982223511","82","26.223","22.914","3.313922472","0.722287232192783","0.959215336371542","7.316156808",
"1/5/2007","-63.4375","-7.02514982223511","82","27.893","22.863","10.3065462","0.893985375030233","0.947787034349941","17.179933032",
"1/6/2007","-63.4375","-7.02514982223511","82","27.724","22.967","5.362702272","1.11486121867855","0.91568505212134","14.864905512",
"1/7/2007","-63.4375","-7.02514982223511","82","27.981","21.281","6.96773772","0.910562766759465","0.934858366690781","12.209852592",
"1/8/2007","-63.4375","-7.02514982223511","82","31.048","21.533","7.0020653256","0.871160091317789","0.905284534858693","8.67830274",
"1/9/2007","-63.4375","-7.02514982223511","82","30.267","22.435","5.149840968","0.746432402967153","0.918568439713488","15.93775881",
"1/10/2007","-63.4375","-7.02514982223511","82","32.55","22.617","4.500965016","1.01277426835464","0.871115537546407","25.5312531",
"1/11/2007","-63.4375","-7.02514982223511","82","32.814","22.724","4.9816134648","1.02993263113996","0.875333267191507","20.06696574",
"1/12/2007","-63.4375","-7.02514982223511","82","32.408","22.659","12.752724456","0.81389141119483","0.901368767125109","21.74158188",
"1/13/2007","-63.4375","-7.02514982223511","82","31.595","23.968","7.434654588","0.844470602641013","0.938360319664614","14.187714768",
"1/14/2007","-63.4375","-7.02514982223511","82","31.621","23.942","9.607887972","0.907314478155743","0.901793742270829","19.295940672",
"1/15/2007","-63.4375","-7.02514982223511","82","30.622","23.306","9.0637209288","0.782969917425476","0.900169035360649","16.97316048",
"1/16/2007","-63.4375","-7.02514982223511","82","28.518","23.148","2.351760732","1.0491841413251","0.928073590073308","10.2660192",
"1/17/2007","-63.4375","-7.02514982223511","82","32.696","23.102","5.654522664","1.06740740896599","0.868748749115092","20.221762752",
"1/18/2007","-63.4375","-7.02514982223511","82","32.885","23.22","16.8425552664","0.581492852848019","0.905500613275735","22.949774928",
"1/19/2007","-63.4375","-7.02514982223511","82","32.901","23.603","14.0762322144","0.908686221352146","0.894480418407717","18.115713792",
"1/20/2007","-63.4375","-7.02514982223511","82","31.126","24.444","33.9666527664","0.682720932373239","0.93808940697915","19.30769964",
"1/21/2007","-63.4375","-7.02514982223511","82","31.537","23.507","38.6306467848","0.974010789246826","0.917887143275913","23.419407528",
"1/22/2007","-63.4375","-7.02514982223511","82","34.512","23.302","8.19683586","0.908318755027932","0.902979433391788","27.84801888",
"1/23/2007","-63.4375","-7.02514982223511","82","35.286","24.013","3.7988652168","0.913569714783292","0.847160946690777","22.083079968",
"1/24/2007","-63.4375","-7.02514982223511","82","30.342","24.295","8.63971848","1.1705153412953","0.903536020868194","13.295137428",
"1/25/2007","-63.4375","-7.02514982223511","82","25.934","23.921","27.563661","0.820519597891035","0.975950062617009","3.26188296",
"1/26/2007","-63.4375","-7.02514982223511","82","31.401","23.617","8.423423712","0.904139804495104","0.906971603931358","15.150038652",
"1/27/2007","-63.4375","-7.02514982223511","82","30.82","22.684","0.638580348","0.835732057623975","0.881522702565971","13.740077268",
"1/28/2007","-63.4375","-7.02514982223511","82","35.496","23.289","5.0983379064","0.974863793958625","0.814782387607132","15.66050688",
"1/29/2007","-63.4375","-7.02514982223511","82","36.164","23.45","0.60253128","1.16338419008871","0.77559100958986","16.33376898",
"1/30/2007","-63.4375","-7.02514982223511","82","34.249","23.305","5.4502488","1.07580704131668","0.79544483077647","18.867940632",
"1/31/2007","-63.4375","-7.02514982223511","82","25.752","23.592","20.197671516","0.697786670447238","0.971750080348785","3.459935178",
"2/1/2007","-63.4375","-7.02514982223511","82","25.783","23.419","0.9372714984","0.674880852484584","0.96848023901169","3.408243318",
"2/2/2007","-63.4375","-7.02514982223511","82","32.9","22.257","8.312703336","1.1076213754737","0.85119313498389","18.605360268",
"2/3/2007","-63.4375","-7.02514982223511","82","31.392","22.901","0.017166132","1.30404649865155","0.801545915901609","16.414145712",
"2/4/2007","-63.4375","-7.02514982223511","82","33.26","23.916","11.621475252","1.16216313262631","0.84676588214449","14.731036668",
"2/5/2007","-63.4375","-7.02514982223511","82","30.713","23.89","5.533506684","0.780843229149865","0.897603060619747","8.638254792",
"2/6/2007","-63.4375","-7.02514982223511","82","30.194","23.723","13.1140700208","0.895922568934859","0.918416149093059","16.848620532",
"2/7/2007","-63.4375","-7.02514982223511","82","25.971","23.019","4.8477171384","1.19924960531849","0.958628136232618","4.24187199",
"2/8/2007","-63.4375","-7.02514982223511","82","25.538","22.055","1.7655373008","1.23438268902417","0.94337585342102","7.12433934",
"2/9/2007","-63.4375","-7.02514982223511","82","27.298","21.656","2.0839695912","0.781322340435976","0.927155717066491","7.55937315",
"2/10/2007","-63.4375","-7.02514982223511","82","34.714","22.013","6.4681972704","0.813455199440048","0.846088388297187","24.510037032",
"2/11/2007","-63.4375","-7.02514982223511","82","32.507","22.957","8.4388691664","1.13309575395386","0.885289671875342","18.089208468",
"2/12/2007","-63.4375","-7.02514982223511","82","28.411","23.52","5.77812024","0.751361176663452","0.937107489034696","7.463866212",
"2/13/2007","-63.4375","-7.02514982223511","82","29.221","23.311","1.7560956024","0.84504070865556","0.948569114864026","8.19483246",
"2/14/2007","-63.4375","-7.02514982223511","82","32.999","22.523","4.01172624","1.06730199228451","0.861805497020308","25.99458696",
"2/15/2007","-63.4375","-7.02514982223511","82","34.836","22.721","0.0102996792","1.67905509366085","0.753169917431583","24.85675926",
"2/16/2007","-63.4375","-7.02514982223511","82","32.025","23.614","3.87611352","1.46096212978847","0.854236865401377","20.2449402",
"2/17/2007","-63.4375","-7.02514982223511","82","35.225","23.432","10.4627625408","1.07197711564817","0.820544651048385","12.87354519",
"2/18/2007","-63.4375","-7.02514982223511","82","31.75","22.883","10.5897888","1.16935472077151","0.867761745422885","26.15068116",
"2/19/2007","-63.4375","-7.02514982223511","82","30.822","22.254","4.59194004","1.00332358337102","0.879468108319479","14.90805108",
"2/20/2007","-63.4375","-7.02514982223511","82","31.988","23.21","4.679486964","1.08676766389736","0.868632296516101","14.75943912",
"2/21/2007","-63.4375","-7.02514982223511","82","29.63","22.858","3.0229582104","1.18380958859718","0.888837526671925","13.25840994",
"2/22/2007","-63.4375","-7.02514982223511","82","26.03","20.705","36.152703756","1.18694464916687","0.961825451007406","6.54879267",
"2/23/2007","-63.4375","-7.02514982223511","82","30.112","20.695","0.054931644","1.06007141618629","0.863072566603986","14.57685108",
"2/24/2007","-63.4375","-7.02514982223511","82","31.807","21.342","1.862525628","1.48711809774759","0.813716588605619","23.77164834",
"2/25/2007","-63.4375","-7.02514982223511","82","30.991","22.06","16.56703872","1.29686468114436","0.895476878386031","26.941162392",
"2/26/2007","-63.4375","-7.02514982223511","82","33.118","23.515","21.9520610784","0.691962792603879","0.876644821521727","23.2363152",
"2/27/2007","-63.4375","-7.02514982223511","82","28.9","20.954","17.622754524","1.15334098444707","0.946440262142444","15.848603982",
"2/28/2007","-63.4375","-7.02514982223511","82","28.096","22.002","21.6894144528","1.16815482281777","0.941479747025488","14.48499096",
"3/1/2007","-63.4375","-7.02514982223511","82","29.613","21.743","4.692365928","0.931076618294949","0.905119416718228","15.9935094",
"3/2/2007","-63.4375","-7.02514982223511","82","31.271","23.268","7.72304886","1.26119975358753","0.875766059369328","22.74091821",
"3/3/2007","-63.4375","-7.02514982223511","82","27.001","23.724","62.9670816","0.979019112854969","0.96898843016885","12.9925683",
"3/4/2007","-63.4375","-7.02514982223511","82","30.538","21.647","5.5086164064","1.09991467528821","0.885707033855687","18.001121868",
"3/5/2007","-63.4375","-7.02514982223511","82","28.329","21.986","14.0092793856","0.865694222794858","0.947876048441907","23.083588368",
"3/6/2007","-63.4375","-7.02514982223511","82","27.286","23.507","12.27206736","1.02146822960835","0.964732098749691","14.93499168",
"3/7/2007","-63.4375","-7.02514982223511","82","29.299","23.132","8.996771556","0.985400031834197","0.939278580064473","20.172605652",
"3/8/2007","-63.4375","-7.02514982223511","82","29.43","20.998","11.17344006","0.916020325141946","0.919835584016887","22.556308392",
"3/9/2007","-63.4375","-7.02514982223511","82","27.137","23.104","6.2004057984","0.765522233156989","0.952679551802002","12.341306232",
"3/10/2007","-63.4375","-7.02514982223511","82","29.401","22.956","31.03981812","0.842609474509369","0.943459907097683","14.171229882",
"3/11/2007","-63.4375","-7.02514982223511","82","26.178","20.427","30.945398328","0.651569758427051","0.971261877484283","3.88507428",
"3/12/2007","-63.4375","-7.02514982223511","82","28.926","20.567","9.310917204","0.839033880584397","0.924739825199116","11.843040132",
"3/13/2007","-63.4375","-7.02514982223511","82","27.891","21.07","11.013794964","0.46237902884619","0.947163523899436","9.86140638",
"3/14/2007","-63.4375","-7.02514982223511","82","27.418","21.42","24.473764116","0.844364358775627","0.957968726775258","8.16716268",
"3/15/2007","-63.4375","-7.02514982223511","82","30.313","22.49","41.88192624","0.963463895482123","0.882597901251917","15.944285628",
"3/16/2007","-63.4375","-7.02514982223511","82","25.71","20.48","36.237710196","1.09988243989972","0.944395762537119","7.52366115",
"3/17/2007","-63.4375","-7.02514982223511","82","30.798","22.071","6.534293256","1.02790971650478","0.887096505791446","20.1643911",
"3/18/2007","-63.4375","-7.02514982223511","82","26.811","21.336","14.7834708048","0.890190474261911","0.958277411753662","13.874394618",
"3/19/2007","-63.4375","-7.02514982223511","82","32.238","21.175","4.4563270392","0.814579439803524","0.912871288423756","16.94547945",
"3/20/2007","-63.4375","-7.02514982223511","82","25.546","22.286","51.45549552","1.03534455573223","0.976350161773313","3.73736115",
"3/21/2007","-63.4375","-7.02514982223511","82","29.148","22.115","3.9550779","0.895743355477225","0.910895341683284","16.172437392",
"3/22/2007","-63.4375","-7.02514982223511","82","31.177","21.112","7.5101856264","1.27327317080064","0.862157804132682","25.184641032",
"3/23/2007","-63.4375","-7.02514982223511","82","30.828","22.794","7.182311436","1.16310312953073","0.876941757670369","20.654946936",
"3/24/2007","-63.4375","-7.02514982223511","82","27.85","23.087","14.72339952","1.07611018595189","0.951360309214216","22.54758894",
"3/25/2007","-63.4375","-7.02514982223511","82","28.512","22.393","13.856507676","0.979112584934684","0.954291590497187","12.35784384",
"3/26/2007","-63.4375","-7.02514982223511","82","35.223","19.679","3.34740024","1.00798448599479","0.81561662357752","21.642072768",
"3/27/2007","-63.4375","-7.02514982223511","82","31.803","22.585","3.1396866048","1.19266296128327","0.850323388747975","20.0458116",
"3/28/2007","-63.4375","-7.02514982223511","82","29.606","22.867","5.8879853064","0.945735691154517","0.928130383755253","14.8115808",
"3/29/2007","-63.4375","-7.02514982223511","82","30.82","21.819","2.3775102576","0.812028728308644","0.912770272444894","15.82683192",
"3/30/2007","-63.4375","-7.02514982223511","82","33.418","22.36","4.4237108664","0.738809193480097","0.864964677807774","22.0297509",
"3/31/2007","-63.4375","-7.02514982223511","82","32.118","23.695","8.3659181904","0.856543100289365","0.910781526830195","18.93267702",
"4/1/2007","-63.4375","-7.02514982223511","82","32.231","24.575","7.4561129784","1.06162788827225","0.879998972359597","20.7634968",
"4/2/2007","-63.4375","-7.02514982223511","82","29.229","22.934","16.9481304","0.701302338207213","0.94949885337575","19.5550326",
"4/3/2007","-63.4375","-7.02514982223511","82","31.814","22.149","5.7935676384","0.885226336083726","0.894709974133111","17.2633446",
"4/4/2007","-63.4375","-7.02514982223511","82","32.521","21.122","6.272504604","1.00664451145124","0.887136300936746","21.99487554",
"4/5/2007","-63.4375","-7.02514982223511","82","31.737","22.413","11.6712594","0.913705515001181","0.901540024494237","25.42303008",
"4/6/2007","-63.4375","-7.02514982223511","82","28.232","22.152","14.1320240928","0.814967436769384","0.953645866617965","19.784189808",
"4/7/2007","-63.4375","-7.02514982223511","82","29.513","23.612","17.51632686","0.926570576079275","0.933218542292503","20.91583332",
"4/8/2007","-63.4375","-7.02514982223511","82","27.788","23.097","21.93231204","0.9077069222068","0.966630835339098","13.3934625",
"4/9/2007","-63.4375","-7.02514982223511","82","26.841","23.49","7.717896144","0.982200948812477","0.962808281578051","14.58140625",
"4/10/2007","-63.4375","-7.02514982223511","82","26.129","23.379","9.94005324","0.800442221473519","0.966063532415666","3.391032852",
"4/11/2007","-63.4375","-7.02514982223511","82","24.893","21.425","15.2941734","0.819997490038889","0.975647394195959","4.52339604",
"4/12/2007","-63.4375","-7.02514982223511","82","33.429","20.044","4.15162908","0.838341394763934","0.861935771604971","25.263733392",
"4/13/2007","-63.4375","-7.02514982223511","82","28.512","23.834","8.8109523","0.721540786447001","0.952753468656613","16.324089912",
"4/14/2007","-63.4375","-7.02514982223511","82","34.425","21.644","13.7955654","1.04721778622948","0.829156798799619","22.831254",
"4/15/2007","-63.4375","-7.02514982223511","82","29.847","21.252","6.5814968664","0.873802228280971","0.91255159616094","19.0310589",
"4/16/2007","-63.4375","-7.02514982223511","82","27.965","23.713","13.960364508","0.983929023938467","0.953688963660403","18.82102608",
"4/17/2007","-63.4375","-7.02514982223511","82","30.734","22.972","11.98796832","0.669793487027866","0.907070982598348","20.8940643",
"4/18/2007","-63.4375","-7.02514982223511","82","29.086","23.001","8.7109619904","0.622881538844493","0.939051826640965","16.60516182",
"4/19/2007","-63.4375","-7.02514982223511","82","32.388","21.231","2.91652596","1.13057225147606","0.830556960404931","25.89507936",
"4/20/2007","-63.4375","-7.02514982223511","82","32.437","20.966","2.855588364","0.710193061652014","0.887106665355232","16.04643786",
"4/21/2007","-63.4375","-7.02514982223511","82","24.123","21.329","45.813450888","0.71354803307451","0.97745747887434","3.35902572",
"4/22/2007","-63.4375","-7.02514982223511","82","26.591","21.247","3.4426711944","0.810060916657305","0.946631022775919","10.19907954",
"4/23/2007","-63.4375","-7.02514982223511","82","30.678","22.506","11.180307096","0.896367883734382","0.923860201067295","18.52402374",
"4/24/2007","-63.4375","-7.02514982223511","82","28.396","20.243","1.2694358664","0.617392910542187","0.925161445224266","10.679513832",
"4/25/2007","-63.4375","-7.02514982223511","82","33.845","19.675","12.724402752","0.781385845059141","0.823370239396504","23.05265634",
"4/26/2007","-63.4375","-7.02514982223511","82","28.792","21.364","12.28065516","0.818752178335972","0.940436414840778","24.265184112",
"4/27/2007","-63.4375","-7.02514982223511","82","28.81","22.511","4.16192724","0.921311652358108","0.928274150778271","11.87858826",
"4/28/2007","-63.4375","-7.02514982223511","82","23.835","20.967","11.6927178264","1.59358305882035","0.950790158831737","6.711811488",
"4/29/2007","-63.4375","-7.02514982223511","82","26.958","20.499","6.747153552","1.09391103430723","0.95092578518367","5.0853969",
"4/30/2007","-63.4375","-7.02514982223511","82","31.5","21.052","7.694720532","1.08529814631155","0.874264720830412","15.47887572",
"5/1/2007","-63.4375","-7.02514982223511","82","29.855","21.362","10.876469904","0.755972462303926","0.929277545137806","19.8106839",
"5/2/2007","-63.4375","-7.02514982223511","82","28.348","22.063","12.4729246224","0.680398972249083","0.955997777293291","19.972404",
"5/3/2007","-63.4375","-7.02514982223511","82","29.102","23.168","6.4064022408","0.778827342991177","0.937698478838936","16.17884748",
"5/4/2007","-63.4375","-7.02514982223511","82","29.714","21.808","4.9678760664","0.545987676267729","0.933301558628744","17.2135116",
"5/5/2007","-63.4375","-7.02514982223511","82","34.017","20.869","5.7712532328","0.805939391296414","0.853052882187288","21.60281142",
"5/6/2007","-63.4375","-7.02514982223511","82","32.81","21.358","7.707602052","0.69349718724621","0.881546898794988","19.7623728",
"5/7/2007","-63.4375","-7.02514982223511","82","30.995","23.264","4.2280176888","0.795116091954254","0.909167707054065","15.7491558",
"5/8/2007","-63.4375","-7.02514982223511","82","31.441","21.551","7.7899927104","0.652186224084852","0.910117488663701","19.881841608",
"5/9/2007","-63.4375","-7.02514982223511","82","23.865","19.116","3.8829798792","2.15906690119388","0.902324396285337","7.268401368",
"5/10/2007","-63.4375","-7.02514982223511","82","27.748","16.829","0","1.80282601673649","0.760955412375384","22.95337698",
"5/11/2007","-63.4375","-7.02514982223511","82","30.642","18.832","0","1.40905943261447","0.760559145460102","24.14345706",
"5/12/2007","-63.4375","-7.02514982223511","82","32.198","20.465","0.933838092","0.895954338079287","0.794330960428022","12.79597644",
"5/13/2007","-63.4375","-7.02514982223511","82","32.629","21.776","0.017166132","1.31641418028939","0.750086260292364","22.9218255",
"5/14/2007","-63.4375","-7.02514982223511","82","30.196","20.403","5.651091072","0.835043271891955","0.878346888841976","23.45265324",
"5/15/2007","-63.4375","-7.02514982223511","82","30.599","20.422","3.68385228","0.75025067408905","0.878712114551687","23.80742118",
"5/16/2007","-63.4375","-7.02514982223511","82","32.696","21.517","2.990340792","1.07591233863598","0.834433143548536","16.338654468",
"5/17/2007","-63.4375","-7.02514982223511","82","28.695","23.168","2.5440217704","0.865320633162604","0.923868428797317","8.56721232",
"5/18/2007","-63.4375","-7.02514982223511","82","28.402","21.263","14.7834698112","0.773982893577956","0.937646651947212","20.33960814",
"5/19/2007","-63.4375","-7.02514982223511","82","27.315","22.848","10.783768752","0.931375347296738","0.967101903960866","13.946517252",
"5/20/2007","-63.4375","-7.02514982223511","82","29.618","22.776","2.121734916","1.02205379757489","0.910508278277119","15.047490132",
"5/21/2007","-63.4375","-7.02514982223511","82","31.008","22.434","3.22380342","0.887053403665995","0.852700449186125","23.1135768",
"5/22/2007","-63.4375","-7.02514982223511","82","29.56","21.129","12.13645518","0.695421742463967","0.933645246304503","22.49460198",
"5/23/2007","-63.4375","-7.02514982223511","82","32.559","22.892","8.2019833992","0.883437643865462","0.873952232435459","20.42184564",
"5/24/2007","-63.4375","-7.02514982223511","82","23.797","17.473","21.2242194","2.27564604445846","0.954986918861621","4.69187208",
"5/25/2007","-63.4375","-7.02514982223511","82","28.69","15.754","0.140762232","1.30930998368072","0.782485387235918","23.04191304",
"5/26/2007","-63.4375","-7.02514982223511","82","33.599","19.447","0","0.979388267007285","0.723805025956517","22.63555764",
"5/27/2007","-63.4375","-7.02514982223511","82","33.628","21.955","0.0480651624","0.90914462734168","0.72283288041303","19.01936286",
"5/28/2007","-63.4375","-7.02514982223511","82","31.397","21.344","0","1.26859573726189","0.723467652283259","20.14177374",
"5/29/2007","-63.4375","-7.02514982223511","82","28.224","21.916","1.0454179824","1.13864235262021","0.83251105321199","10.869295932",
"5/30/2007","-63.4375","-7.02514982223511","82","27.136","22.181","6.70166388","1.6072122780832","0.910628556817178","11.0327634",
"5/31/2007","-63.4375","-7.02514982223511","82","30.133","19.819","0.53901666","1.34284438329655","0.866582583959913","15.938829",
"6/1/2007","-63.4375","-7.02514982223511","82","30.974","20.802","3.4847217","0.940399181899993","0.874229946648229","16.38821016",
"6/2/2007","-63.4375","-7.02514982223511","82","33.206","19.326","2.5508877264","0.979861906080078","0.805415552880183","20.810027592",
"6/3/2007","-63.4375","-7.02514982223511","82","26.443","22.322","3.1002003864","0.608161826603861","0.920630152837414","4.63618188",
"6/4/2007","-63.4375","-7.02514982223511","82","31.758","21.673","1.6204836168","1.39691338888827","0.811872752485037","20.1588147",
"6/5/2007","-63.4375","-7.02514982223511","82","34.337","20.02","0","0.9343276351459","0.7225256906359","22.51401048",
"6/6/2007","-63.4375","-7.02514982223511","82","32.212","22.341","0.624847824","0.819944954205072","0.839873941542172","11.5597125",
"6/7/2007","-63.4375","-7.02514982223511","82","34.272","21.039","0.085830804","1.20421858300252","0.698937855624139","21.48192864",
"6/8/2007","-63.4375","-7.02514982223511","82","33.495","19.489","0.48065184","1.01463524162712","0.750268621418601","21.3658857",
"6/9/2007","-63.4375","-7.02514982223511","82","34.619","21.229","0.096130404","1.16495537798858","0.650746459690971","21.1979808",
"6/10/2007","-63.4375","-7.02514982223511","82","34.118","20.676","0.037765512","0.786763290137575","0.714151294295792","10.992434832",
"6/11/2007","-63.4375","-7.02514982223511","82","32.017","19.455","1.7509459464","1.0960297682607","0.787107072774192","19.8000558",
"6/12/2007","-63.4375","-7.02514982223511","82","33.814","20.966","0","1.03165359262582","0.766061702574753","20.595267",
"6/13/2007","-63.4375","-7.02514982223511","82","32.132","21.557","0.700378416","1.17436826651207","0.802676388597143","14.18231178",
"6/14/2007","-63.4375","-7.02514982223511","82","34.069","22.482","1.208498148","0.743494718161186","0.770892522199021","15.89017338",
"6/15/2007","-63.4375","-7.02514982223511","82","35.563","21.709","0.65917944","1.07658996946211","0.725850795497714","21.31014276",
"6/16/2007","-63.4375","-7.02514982223511","82","34.209","18.052","2.372363604","1.0839967635152","0.795677633237072","15.840957168",
"6/17/2007","-63.4375","-7.02514982223511","82","35.219","18.139","0","0.886727700630225","0.749991877374885","19.8874683",
"6/18/2007","-63.4375","-7.02514982223511","82","35.747","15.739","0","0.74901585596364","0.647026986434236","20.7501201",
"6/19/2007","-63.4375","-7.02514982223511","82","36.678","23.472","0","0.888851928766569","0.524668430264385","21.6233946",
"6/20/2007","-63.4375","-7.02514982223511","82","35.325","23.321","0.01373292","0.933028750176427","0.62198392246198","18.2978991",
"6/21/2007","-63.4375","-7.02514982223511","82","35.543","17.589","0","0.71259761396389","0.712121417858914","12.83715",
"6/22/2007","-63.4375","-7.02514982223511","82","35.102","17.132","0","1.09728680533254","0.611888559420763","23.05068858",
"6/23/2007","-63.4375","-7.02514982223511","82","34.822","15.23","0","1.04080056276159","0.554680248469774","23.30392266",
"6/24/2007","-63.4375","-7.02514982223511","82","34.869","15.76","0","1.0894612690852","0.581768237728756","22.20244056",
"6/25/2007","-63.4375","-7.02514982223511","82","33.844","20.061","0","1.62173184638673","0.49977213165378","20.60054775",
"6/26/2007","-63.4375","-7.02514982223511","82","34.297","16.862","0","1.353925375381","0.521664176709156","23.71708818",
"6/27/2007","-63.4375","-7.02514982223511","82","33.499","16.942","0","1.61170056531595","0.446198727727746","23.64896376",
"6/28/2007","-63.4375","-7.02514982223511","82","34.035","17.006","0","1.36045314551234","0.484168402318082","23.26983498",
"6/29/2007","-63.4375","-7.02514982223511","82","34.624","18.571","0","1.17522407227923","0.538605564434592","22.20243714",
"6/30/2007","-63.4375","-7.02514982223511","82","33.721","18.824","0","1.3468805847409","0.529437787102992","21.02045184",
"7/1/2007","-63.4375","-7.02514982223511","82","35.66","19.86","0","1.27665137552662","0.478227888629206","21.542173272",
"7/2/2007","-63.4375","-7.02514982223511","82","35.947","18.2","0","1.10571177837771","0.495133150915265","19.4534406",
"7/3/2007","-63.4375","-7.02514982223511","82","35.122","20.566","0.061798104","1.10245062198108","0.602932912146938","14.68524366",
"7/4/2007","-63.4375","-7.02514982223511","82","34.9","18.318","0.24204276","1.0033142321557","0.695240027836608","9.22837842",
"7/5/2007","-63.4375","-7.02514982223511","82","34.478","20.297","0.08583066","1.47881617613905","0.652489351604259","18.10040292",
"7/6/2007","-63.4375","-7.02514982223511","82","37.106","22.106","0","1.20151114572221","0.590228326557793","17.82219492",
"7/7/2007","-63.4375","-7.02514982223511","82","36.281","20.098","0","1.25754589016917","0.631905079970415","18.62516286",
"7/8/2007","-63.4375","-7.02514982223511","82","37.8","18.744","0","0.80512464668439","0.535549036242427","23.16797172",
"7/9/2007","-63.4375","-7.02514982223511","82","36.13","21.463","0","1.15885761411224","0.541204033493787","22.91619456",
"7/10/2007","-63.4375","-7.02514982223511","82","37.046","17.895","0","0.794012492577823","0.561610312546828","22.33749006",
"7/11/2007","-63.4375","-7.02514982223511","82","32.352","20.61","0","1.31490305647874","0.619845292561978","14.5211085",
"7/12/2007","-63.4375","-7.02514982223511","82","31.233","18.889","0","0.650108018815036","0.664651845061176","10.901647548",
"7/13/2007","-63.4375","-7.02514982223511","82","34.281","20.828","0.0068664528","0.751214709385209","0.661086796917111","13.24142226",
"7/14/2007","-63.4375","-7.02514982223511","82","28.787","20.805","3.7044524448","0.944183130566634","0.883951799741192","14.87390922",
"7/15/2007","-63.4375","-7.02514982223511","82","34.103","18.911","3.604887756","1.00003864686465","0.777139312558571","18.326814408",
"7/16/2007","-63.4375","-7.02514982223511","82","32.896","20.836","2.18524968","0.732907780633136","0.817603000674548","19.4708844",
"7/17/2007","-63.4375","-7.02514982223511","82","34.801","21.528","0.017166132","1.22281842842049","0.72429991435784","16.21169928",
"7/18/2007","-63.4375","-7.02514982223511","82","37.277","19.741","0.041198724","0.890285941409215","0.701048851133896","15.435394992",
"7/19/2007","-63.4375","-7.02514982223511","82","28.896","21.419","10.7494371648","0.963086686892951","0.912645707076603","18.97025436",
"7/20/2007","-63.4375","-7.02514982223511","82","34.652","23.005","1.105499556","0.742707730439282","0.764746066059621","13.7953152",
"7/21/2007","-63.4375","-7.02514982223511","82","35.336","19.005","0","0.804403596473272","0.687505515915793","13.466813328",
"7/22/2007","-63.4375","-7.02514982223511","82","36.48","22.858","0.115013124","1.0566834864948","0.62065665445149","11.27463552",
"7/23/2007","-63.4375","-7.02514982223511","82","30.499","22.923","4.7850645456","1.14420368488883","0.76816732312721","18.53212806",
"7/24/2007","-63.4375","-7.02514982223511","82","33.384","19.907","5.04512766","1.04062864359623","0.857510180882345","19.37818206",
"7/25/2007","-63.4375","-7.02514982223511","82","38.817","20.741","0","1.14645425816899","0.580587289327991","20.104146432",
"7/26/2007","-63.4375","-7.02514982223511","82","27.591","19.498","1.115799372","2.33495323748699","0.688876552541358","14.065425648",
"7/27/2007","-63.4375","-7.02514982223511","82","33.873","16.541","0","1.26645790962077","0.587143380649566","24.034671792",
"7/28/2007","-63.4375","-7.02514982223511","82","34.102","22.434","0","1.41559154406657","0.484960332698513","16.50224034",
"7/29/2007","-63.4375","-7.02514982223511","82","33.723","21.704","0","1.78476188881774","0.48776839122512","24.36265836",
"7/30/2007","-63.4375","-7.02514982223511","82","34.98","18.288","0.0566482608","0.951479943722156","0.543370874601469","23.204424312",
"7/31/2007","-63.4375","-7.02514982223511","82","34.734","22.252","0","0.698751769569222","0.57221063468238","14.06958147",
"8/1/2007","-63.4375","-7.02514982223511","82","35.201","23.579","0.1132965144","1.35492457863495","0.534222078753892","12.491268012",
"8/2/2007","-63.4375","-7.02514982223511","82","33.772","18.863","0","1.04640141490688","0.687956249343555","14.993664768",
"8/3/2007","-63.4375","-7.02514982223511","82","37.233","19.201","0","1.29780483900737","0.486964078865787","23.75263008",
"8/4/2007","-63.4375","-7.02514982223511","82","37.579","16.136","0","1.18754471875146","0.472539158521635","24.47864712",
"8/5/2007","-63.4375","-7.02514982223511","82","38.328","15.987","0","1.06356524000838","0.456375412714282","25.46785782",
"8/6/2007","-63.4375","-7.02514982223511","82","38.622","15.678","0","0.749698236883157","0.486306180488236","25.135933968",
"8/7/2007","-63.4375","-7.02514982223511","82","38.914","17.997","0","1.11267318267384","0.423510306914324","25.04998476",
"8/8/2007","-63.4375","-7.02514982223511","82","36.318","17.743","0","1.3904295094702","0.48538571607125","19.16336142",
"8/9/2007","-63.4375","-7.02514982223511","82","36.335","18.834","0","1.19571244598862","0.562214230413528","17.16783696",
"8/10/2007","-63.4375","-7.02514982223511","82","34.315","21.39","0","1.2134709632511","0.59852503596422","12.81194694",
"8/11/2007","-63.4375","-7.02514982223511","82","36.192","20.035","3.956796","1.39666458524014","0.612844045106429","17.57148696",
"8/12/2007","-63.4375","-7.02514982223511","82","37.683","17.99","0","1.10425773647515","0.48984667897174","25.837312752",
"8/13/2007","-63.4375","-7.02514982223511","82","38.077","15.956","0","1.28904212342485","0.410861606579393","25.39299096",
"8/14/2007","-63.4375","-7.02514982223511","82","37.816","22.129","0","1.30609834456071","0.492936471643336","24.56043786",
"8/15/2007","-63.4375","-7.02514982223511","82","39.226","19.392","0","1.07343474696518","0.482665277826911","25.36279164",
"8/16/2007","-63.4375","-7.02514982223511","82","38.044","21.212","0","1.44898541087269","0.478175399650401","25.85914308",
"8/17/2007","-63.4375","-7.02514982223511","82","36.186","21.802","0","1.51403042531625","0.35873235606376","14.753025198",
"8/18/2007","-63.4375","-7.02514982223511","82","38.044","18.48","0","1.4680393469035","0.347568314477633","26.33641848",
"8/19/2007","-63.4375","-7.02514982223511","82","38.991","16.388","0","0.817717992671304","0.475153592728824","20.817949968",
"8/20/2007","-63.4375","-7.02514982223511","82","37.862","18.436","0","1.49471490322806","0.406631805428909","22.646758068",
"8/21/2007","-63.4375","-7.02514982223511","82","38.416","15.779","0","1.47578974815649","0.389629487556456","26.513725392",
"8/22/2007","-63.4375","-7.02514982223511","82","41.229","18.912","0","1.24121517619803","0.40740870713784","22.0947165",
"8/23/2007","-63.4375","-7.02514982223511","82","36.373","24.253","0","1.47193268974124","0.569852348656951","14.58922752",
"8/24/2007","-63.4375","-7.02514982223511","82","35.844","24.142","0.0411987384","1.68762574994102","0.64097834754771","16.485531282",
"8/25/2007","-63.4375","-7.02514982223511","82","36.272","22.349","2.386091772","1.27971889648286","0.666276641311228","13.479078528",
"8/26/2007","-63.4375","-7.02514982223511","82","37.341","22.129","0.68664564","1.58722627711666","0.606095393576495","19.374362928",
"8/27/2007","-63.4375","-7.02514982223511","82","39.342","21.221","0.7879258944","0.904228221928268","0.586273272091009","17.76903462",
"8/28/2007","-63.4375","-7.02514982223511","82","35.161","21.614","0.35533908","1.71368503930068","0.660237646095209","12.10960476",
"8/29/2007","-63.4375","-7.02514982223511","82","36.13","20.052","0","1.47205734183559","0.579530692439559","21.730664088",
"8/30/2007","-63.4375","-7.02514982223511","82","36.571","19.767","1.3286575008","1.80757338360898","0.579123662589877","21.55342716",
"8/31/2007","-63.4375","-7.02514982223511","82","35.1","22.244","1.0711675728","1.50774677338022","0.674744052322184","13.398409728",
"9/1/2007","-63.4375","-7.02514982223511","82","36.553","19.494","1.73034558","0.997769160498602","0.739047505458884","12.279657168",
"9/2/2007","-63.4375","-7.02514982223511","82","33.848","21.351","5.884553412","0.957723715679946","0.839146545157837","17.47349703",
"9/3/2007","-63.4375","-7.02514982223511","82","36.701","21.062","4.10957208","1.02796806257126","0.750978189908413","13.746487248",
"9/4/2007","-63.4375","-7.02514982223511","82","37.496","20.288","0.21286044","1.36010390399683","0.630197004766878","17.762402448",
"9/5/2007","-63.4375","-7.02514982223511","82","37.562","21.767","2.986908084","1.13804149002535","0.622621325930122","16.224129648",
"9/6/2007","-63.4375","-7.02514982223511","82","38.879","19.342","0.7724759976","1.17639359895051","0.579466498806429","16.52759964",
"9/7/2007","-63.4375","-7.02514982223511","82","34.67","23.039","6.14891124","1.53141738458672","0.664160896841614","26.09661834",
"9/8/2007","-63.4375","-7.02514982223511","82","39.257","22.141","0.109863288","1.28982785979412","0.576803617330806","17.314701192",
"9/9/2007","-63.4375","-7.02514982223511","82","38.308","22.047","1.169013816","1.36322353334655","0.584786379967253","18.52779078",
"9/10/2007","-63.4375","-7.02514982223511","82","37.412","21.85","4.174802244","0.958589493822554","0.600547390026943","15.83555706",
"9/11/2007","-63.4375","-7.02514982223511","82","41.404","21.153","0.0377655192","1.06570902690527","0.548308882260789","17.4710808",
"9/12/2007","-63.4375","-7.02514982223511","82","37.924","23.851","0.0102996792","1.08147253601351","0.528515686347813","8.283825",
"9/13/2007","-63.4375","-7.02514982223511","82","42.547","22.457","0.1064303064","1.08063010514462","0.425767576957359","24.34522374",
"9/14/2007","-63.4375","-7.02514982223511","82","42.539","24.823","0.1699449624","1.123160417737","0.402658149321493","26.44379946",
"9/15/2007","-63.4375","-7.02514982223511","82","38.048","25.409","0","1.61386174738253","0.397977710704787","23.52048462",
"9/16/2007","-63.4375","-7.02514982223511","82","42.888","25.968","0","1.24876886860046","0.362489686003097","7.886192058",
"9/17/2007","-63.4375","-7.02514982223511","82","39.857","24.744","0.0034332264","1.04407751515658","0.482820076285161","23.943880872",
"9/18/2007","-63.4375","-7.02514982223511","82","36.82","24.848","0.2231600472","1.3766922398224","0.488377654452837","18.56328714",
"9/19/2007","-63.4375","-7.02514982223511","82","40.67","26.691","0.030899052","1.09917721688269","0.517289301032594","14.470648992",
"9/20/2007","-63.4375","-7.02514982223511","82","38.165","24.207","0.6093981","1.23599545056826","0.549323510420527","11.69269344",
"9/21/2007","-63.4375","-7.02514982223511","82","36.845","23.607","0.15449508","1.15604983890617","0.551148558756512","15.10638732",
"9/22/2007","-63.4375","-7.02514982223511","82","35.918","22.586","0.109863252","1.20627777643199","0.516803531951799","16.698322872",
"9/23/2007","-63.4375","-7.02514982223511","82","39.139","23.884","0.0566482464","1.24073780647723","0.53096695106969","13.30571142",
"9/24/2007","-63.4375","-7.02514982223511","82","37.615","23.066","5.5910146104","1.53102444984571","0.655428420304152","15.63800796",
"9/25/2007","-63.4375","-7.02514982223511","82","37.688","21.257","0.22830948","2.04916512493887","0.557979617865232","24.21590076",
"9/26/2007","-63.4375","-7.02514982223511","82","38.29","23.528","0","1.50833394271204","0.378767905980126","24.1459362",
"9/27/2007","-63.4375","-7.02514982223511","82","39.919","22.318","0","1.24206599092367","0.457310635565613","12.3242112",
"9/28/2007","-63.4375","-7.02514982223511","82","35.189","23.156","6.37721928","1.0411743512256","0.721964524761809","16.39822734",
"9/29/2007","-63.4375","-7.02514982223511","82","39.285","21.805","0","1.66992469213499","0.509524749552386","25.09177896",
"9/30/2007","-63.4375","-7.02514982223511","82","39.716","24.035","0","1.66319605658523","0.452141688038807","23.09765904",
"10/1/2007","-63.4375","-7.02514982223511","82","41.568","25.162","0","1.48415762905119","0.406205518810363","24.79736196",
"10/2/2007","-63.4375","-7.02514982223511","82","42.901","25.167","0","1.58524610913255","0.498346304842865","13.743900432",
"10/3/2007","-63.4375","-7.02514982223511","82","39.753","22.792","0.0909805464","1.28043341401015","0.521447141302822","20.99468808",
"10/4/2007","-63.4375","-7.02514982223511","82","39.615","23.439","0.061798104","1.1470305636252","0.54884856050524","18.14811048",
"10/5/2007","-63.4375","-7.02514982223511","82","40.556","25.427","0.422287236","1.70732208366046","0.506838020720312","17.93537244",
"10/6/2007","-63.4375","-7.02514982223511","82","37.391","22.754","0","1.59035890572551","0.57432908744018","19.58151996",
"10/7/2007","-63.4375","-7.02514982223511","82","25.442","22.206","36.309776004","1.02904769789498","0.912947184735009","4.65878988",
"10/8/2007","-63.4375","-7.02514982223511","82","34.856","22.254","19.2947488704","0.88983830868738","0.838993579441622","10.47470616",
"10/9/2007","-63.4375","-7.02514982223511","82","35.766","22.452","13.238521128","1.22174247574402","0.865046070675634","16.6483638",
"10/10/2007","-63.4375","-7.02514982223511","82","33.025","24.466","12.4797794904","0.928722836140389","0.904904184806743","21.43338912",
"10/11/2007","-63.4375","-7.02514982223511","82","30.461","23.109","8.0715192984","1.14144326683645","0.920707657656459","15.93163062",
"10/12/2007","-63.4375","-7.02514982223511","82","34.391","22.93","0.0892639296","1.08757235083493","0.773528860586818","17.220940128",
"10/13/2007","-63.4375","-7.02514982223511","82","37.044","23.306","2.6779176","1.09150257535733","0.706531442163994","18.22241124",
"10/14/2007","-63.4375","-7.02514982223511","82","34.659","23.497","39.499273548","1.5138957143032","0.842265220850742","13.911020172",
"10/15/2007","-63.4375","-7.02514982223511","82","30.547","22.641","21.06285696","0.946717582777582","0.938322865414154","16.488682722",
"10/16/2007","-63.4375","-7.02514982223511","82","32.695","23.81","23.72362524","0.884270350821767","0.898370250327175","14.59912338",
"10/17/2007","-63.4375","-7.02514982223511","82","32.344","23.074","5.2545572784","1.23177800431188","0.909138632423854","16.793883288",
"10/18/2007","-63.4375","-7.02514982223511","82","29.67","22.714","20.7950535864","1.19172967189028","0.935960825731363","17.899480728",
"10/19/2007","-63.4375","-7.02514982223511","82","29.801","23.903","10.3614786","0.842995124623677","0.940012875179546","14.82080328",
"10/20/2007","-63.4375","-7.02514982223511","82","30.745","22.227","4.9026534048","1.08507923589745","0.914197390147346","14.55586956",
"10/21/2007","-63.4375","-7.02514982223511","82","33.811","22.722","6.227873784","1.12538730573968","0.825331965022198","22.80302136",
"10/22/2007","-63.4375","-7.02514982223511","82","36.407","22.031","0.762176484","1.11415104240654","0.683445562108085","21.0187656",
"10/23/2007","-63.4375","-7.02514982223511","82","33.202","22.328","14.6324214","1.13086980602294","0.842321096744901","27.24918768",
"10/24/2007","-63.4375","-7.02514982223511","82","30.147","21.207","5.809025664","1.24100635966851","0.873855585221429","25.36678476",
"10/25/2007","-63.4375","-7.02514982223511","82","34.179","23.819","6.921385776","0.720600643571526","0.87732781222237","11.33274906",
"10/26/2007","-63.4375","-7.02514982223511","82","25.606","21.938","2.85129648","1.29009275826071","0.922091374801113","5.63647023",
"10/27/2007","-63.4375","-7.02514982223511","82","35.592","20.031","1.8505090728","1.63124813601444","0.793431128769103","22.99780962",
"10/28/2007","-63.4375","-7.02514982223511","82","28.377","23.028","46.008675324","1.07011554029621","0.937752472705914","8.2530549",
"10/29/2007","-63.4375","-7.02514982223511","82","36.913","22.562","1.74408048","1.00713837147758","0.775264365171108","11.9827692",
"10/30/2007","-63.4375","-7.02514982223511","82","33.365","21.728","6.16951332","0.880171592888702","0.782590174960022","28.35984384",
"10/31/2007","-63.4375","-7.02514982223511","82","41.024","23.341","8.35647012","1.22333465514038","0.678079911188171","20.93895",
"11/1/2007","-63.4375","-7.02514982223511","82","32.453","23.425","57.736563876","1.44777082955843","0.843144371175281","15.8487246",
"11/2/2007","-63.4375","-7.02514982223511","82","35.4","22.81","8.63971344","1.51264483262212","0.743187399323106","22.12875072",
"11/3/2007","-63.4375","-7.02514982223511","82","37.4","23.296","4.4563322232","0.888192469941497","0.768160147488904","13.39947792",
"11/4/2007","-63.4375","-7.02514982223511","82","37.041","23.201","4.48551252","1.02188961450748","0.737011165566543","23.51019618",
"11/5/2007","-63.4375","-7.02514982223511","82","27.766","23.33","27.6700885128","1.7709377000251","0.925482662061118","22.23832266",
"11/6/2007","-63.4375","-7.02514982223511","82","30.177","22.142","14.483076264","1.20875647114695","0.892835754276545","25.94554074",
"11/7/2007","-63.4375","-7.02514982223511","82","30.952","22.815","10.4661954","1.20406955762617","0.920424458769451","16.26339636",
"11/8/2007","-63.4375","-7.02514982223511","82","33.124","23.266","5.3009049312","0.979899572191345","0.854042173307893","24.5784933",
"11/9/2007","-63.4375","-7.02514982223511","82","33.03","22.097","9.34867188","0.772312097021368","0.86474635448081","28.30083822",
"11/10/2007","-63.4375","-7.02514982223511","82","35.967","22.873","0.394821144","1.67060497775599","0.714490560519468","20.93259168",
"11/11/2007","-63.4375","-7.02514982223511","82","39.273","22.888","0.017166132","1.31713870484899","0.58630510148713","22.36815",
"11/12/2007","-63.4375","-7.02514982223511","82","32.759","22.501","54.84921804","1.29045888110614","0.858404672775382","25.6191786",
"11/13/2007","-63.4375","-7.02514982223511","82","26.001","21.364","104.5932894","0.862569367477299","0.965961928434382","6.09614892",
"11/14/2007","-63.4375","-7.02514982223511","82","32.73","21.224","5.153276664","1.30041651197382","0.803818822871785","28.1231424",
"11/15/2007","-63.4375","-7.02514982223511","82","30.579","22.426","9.43279344","1.2173772844335","0.922999967943911","13.38491376",
"11/16/2007","-63.4375","-7.02514982223511","82","28.253","24.023","22.521969","1.16952927387354","0.937136638853923","18.95157918",
"11/17/2007","-63.4375","-7.02514982223511","82","32.92","23.302","10.47477636","1.07060871745907","0.861439192371776","22.23821268",
"11/18/2007","-63.4375","-7.02514982223511","82","34.96","23.143","8.8972062768","1.06948678983919","0.87349054205082","22.1893884",
"11/19/2007","-63.4375","-7.02514982223511","82","30.402","22.281","11.9544912864","0.80110071490141","0.92519390917953","23.2059897",
"11/20/2007","-63.4375","-7.02514982223511","82","36.883","23.063","0.9166725648","1.11479075317","0.75743314148955","12.905890668",
"11/21/2007","-63.4375","-7.02514982223511","82","37.724","22.685","2.7740499192","1.18525599249523","0.762045752449988","16.36762176",
"11/22/2007","-63.4375","-7.02514982223511","82","27.141","23.88","25.40245104","0.838458433875014","0.956901493101122","8.0554527",
"11/23/2007","-63.4375","-7.02514982223511","82","31.03","23.031","6.346325376","0.970802010047311","0.923581151795422","10.89051354",
"11/24/2007","-63.4375","-7.02514982223511","82","35.225","21.598","0.072097776","0.779415754502663","0.759660660962842","12.3710607",
"11/25/2007","-63.4375","-7.02514982223511","82","31.193","22.349","15.7284711864","0.801176286312817","0.902030306138597","25.3269648",
"11/26/2007","-63.4375","-7.02514982223511","82","33.855","22.438","9.8327611728","0.85628097437009","0.877475421926527","25.65067842",
"11/27/2007","-63.4375","-7.02514982223511","82","29.477","23.929","51.35596704","0.812094669214294","0.93707618880276","12.83630418",
"11/28/2007","-63.4375","-7.02514982223511","82","28.081","22.76","20.127298428","0.740377399312553","0.952212986730014","18.37400508",
"11/29/2007","-63.4375","-7.02514982223511","82","30.846","23.664","13.013646264","1.0894416964412","0.909903576678852","19.49546394",
"11/30/2007","-63.4375","-7.02514982223511","82","26.648","23.274","13.520053908","1.52950862059919","0.957467405157511","15.12562464",
"12/1/2007","-63.4375","-7.02514982223511","82","25.786","23.327","12.946708548","1.49376779547543","0.966506594687689","5.46446718",
"12/2/2007","-63.4375","-7.02514982223511","82","31.489","22.744","4.61597508","1.18594340858656","0.857588669854385","23.91182568",
"12/3/2007","-63.4375","-7.02514982223511","82","26.26","22.151","57.128919156","0.963076820903842","0.965761183040693","4.15456848",
"12/4/2007","-63.4375","-7.02514982223511","82","27.453","22.439","12.1519064448","1.01785960698168","0.958964881302444","16.071921",
"12/5/2007","-63.4375","-7.02514982223511","82","27.74","22.881","2.0050056504","1.50551068205752","0.914189505169931","13.0866804",
"12/6/2007","-63.4375","-7.02514982223511","82","33.828","21.171","5.57899164","0.796226069983338","0.832189115226935","26.0553312",
"12/7/2007","-63.4375","-7.02514982223511","82","29.899","23.482","10.13917608","1.01877690219487","0.918670215263935","23.605146",
"12/8/2007","-63.4375","-7.02514982223511","82","31.143","23.18","10.1503314","0.889770385884753","0.903547319814838","26.80824312",
"12/9/2007","-63.4375","-7.02514982223511","82","33.61","23.868","9.096337548","0.812712178418115","0.875518897488602","19.43049726",
"12/10/2007","-63.4375","-7.02514982223511","82","25.697","24.034","13.393018764","0.877157357123199","0.965978447245757","1.869919668",
"12/11/2007","-63.4375","-7.02514982223511","82","31.627","23.613","6.551456724","1.22169740591884","0.878002605912925","22.963112928",
"12/12/2007","-63.4375","-7.02514982223511","82","33.666","22.849","6.708528324","0.783717041896986","0.889377475597981","15.23193498",
"12/13/2007","-63.4375","-7.02514982223511","82","29.458","23.829","14.41440234","1.04513707140832","0.929073098060389","14.68530558",
"12/14/2007","-63.4375","-7.02514982223511","82","31.565","23.613","4.959296604","0.911969662856078","0.898183513327691","20.8925388",
"12/15/2007","-63.4375","-7.02514982223511","82","33.73","22.352","0.8917810848","1.48831311764079","0.783138228515116","27.39363048",
"12/16/2007","-63.4375","-7.02514982223511","82","33.302","22.27","3.50532504","1.31094219603746","0.806253282446211","26.81898768",
"12/17/2007","-63.4375","-7.02514982223511","82","29.847","23.551","11.5716928464","0.766538504699003","0.907116608199159","25.5836304",
"12/18/2007","-63.4375","-7.02514982223511","82","28.189","22.983","17.348099796","0.97071914350694","0.95241819775368","17.20658898",
"12/19/2007","-63.4375","-7.02514982223511","82","29.128","23.036","46.722777012","0.6908819825167","0.94211569689869","20.40856848",
"12/20/2007","-63.4375","-7.02514982223511","82","25.001","22.943","161.32910112","1.6180619559208","0.975741846941806","4.967883",
"12/21/2007","-63.4375","-7.02514982223511","82","30.546","22.641","5.21678736","1.22781794787424","0.882082457803995","18.93195198",
"12/22/2007","-63.4375","-7.02514982223511","82","27.647","22.644","7.807163112","0.962685771270997","0.938624076668403","13.103275392",
"12/23/2007","-63.4375","-7.02514982223511","82","31.35","22.676","10.775182176","0.63486490673527","0.890608367116779","20.140310232",
"12/24/2007","-63.4375","-7.02514982223511","82","32.717","21.443","4.8734670168","0.821105537573354","0.865941063893936","19.02830688",
"12/25/2007","-63.4375","-7.02514982223511","82","29.053","21.074","22.89361284","0.690789128157515","0.933102229625376","22.74153732",
"12/26/2007","-63.4375","-7.02514982223511","82","27.151","22.827","26.89932024","1.06732430986179","0.950239160750435","12.6272853",
"12/27/2007","-63.4375","-7.02514982223511","82","29.26","22.744","13.1346711504","0.734999217775768","0.934301020366533","16.4975643",
"12/28/2007","-63.4375","-7.02514982223511","82","27.129","22.067","31.282729632","0.85004604084089","0.94500460796476","7.54441812",
"12/29/2007","-63.4375","-7.02514982223511","82","29.473","20.22","1.277161164","0.920128102113477","0.865232726172405","13.529814048",
"12/30/2007","-63.4375","-7.02514982223511","82","26.26","22.74","10.883330244","0.955672806283356","0.966359444538206","11.4008058",
"12/31/2007","-63.4375","-7.02514982223511","82","27.618","22.716","6.717107952","0.695737849364789","0.941236594304275","14.99760234",
"1/1/2008","-63.4375","-7.02514982223511","82","27.164","22.708","4.789350468","0.8995519686768","0.9402151500686","12.301255368",
"1/2/2008","-63.4375","-7.02514982223511","82","23.27","21.573","12.34931868","0.795541385011109","0.979544630091338","1.75027473",
"1/3/2008","-63.4375","-7.02514982223511","82","27.502","21.337","0.765609876","0.938272388808092","0.924101050218376","8.0915067",
"1/4/2008","-63.4375","-7.02514982223511","82","28.529","21.999","15.246965124","0.901537926710999","0.940650648923409","21.339003888",
"1/5/2008","-63.4375","-7.02514982223511","82","31.497","22.168","14.448734532","0.631827957624581","0.889227238815314","15.762547008",
"1/6/2008","-63.4375","-7.02514982223511","82","27.984","21.987","17.24853096","0.579260030767192","0.947317761017575","13.22015004",
"1/7/2008","-63.4375","-7.02514982223511","82","28.009","22.653","19.96765308","0.541443050371605","0.961196985324246","15.38606196",
"1/8/2008","-63.4375","-7.02514982223511","82","28.097","23.264","22.33659078","0.649166429570193","0.956578066418464","18.3198339",
"1/9/2008","-63.4375","-7.02514982223511","82","31.701","22.914","4.5558882504","0.672284827603781","0.880894548868528","15.47370072",
"1/10/2008","-63.4375","-7.02514982223511","82","27.158","22.604","15.538785696","1.01456670386836","0.957846229867784","22.43896776",
"1/11/2008","-63.4375","-7.02514982223511","82","27.647","22.487","39.60224208","0.954846276720222","0.953338635500478","8.36392518",
"1/12/2008","-63.4375","-7.02514982223511","82","29.977","22.304","2.88391248","0.738747869614186","0.921200529412089","13.48661439",
"1/13/2008","-63.4375","-7.02514982223511","82","30.125","23.116","17.9557829424","0.845659657999427","0.934274595185717","19.23513786",
"1/14/2008","-63.4375","-7.02514982223511","82","27.847","22.455","14.048766","1.10127933714066","0.952605798201948","20.6718777",
"1/15/2008","-63.4375","-7.02514982223511","82","30.649","22.444","10.079955","0.991898070603072","0.907266592825342","16.34479254",
"1/16/2008","-63.4375","-7.02514982223511","82","25.077","22.255","78.10934364","1.00297456800278","0.975315342853858","3.85425081",
"1/17/2008","-63.4375","-7.02514982223511","82","26.217","21.068","11.5047409464","0.733940874440587","0.963193215941618","5.047370532",
"1/18/2008","-63.4375","-7.02514982223511","82","30.003","22.784","8.1951138","1.13072914724652","0.939791113421932","15.008739732",
"1/19/2008","-63.4375","-7.02514982223511","82","27.145","23.098","4.0649389128","1.22114969383643","0.942250286241374","12.91066416",
"1/20/2008","-63.4375","-7.02514982223511","82","28.099","23.584","13.181879844","0.697498524688451","0.963145965075361","14.11442235",
"1/21/2008","-63.4375","-7.02514982223511","82","27.193","21.332","8.2534785552","0.545131398231077","0.95025254998423","6.3190152",
"1/22/2008","-63.4375","-7.02514982223511","82","30.409","20.931","12.8643057432","0.699174826590978","0.924326470610467","25.63700544",
"1/23/2008","-63.4375","-7.02514982223511","82","29.032","22.968","5.721470424","1.14629826041352","0.924001215187392","9.885593988",
"1/24/2008","-63.4375","-7.02514982223511","82","29.636","22.359","9.1358182368","0.7915846938812","0.933039916565828","14.39352684",
"1/25/2008","-63.4375","-7.02514982223511","82","25.69","21.421","39.39971616","0.553916738116513","0.97460537712466","5.15199474",
"1/26/2008","-63.4375","-7.02514982223511","82","30.305","22.218","11.31591798","0.810453117145107","0.933517753344492","18.7042977",
"1/27/2008","-63.4375","-7.02514982223511","82","31.026","23.257","10.6121040408","0.684333125385495","0.932153683594244","16.36739802",
"1/28/2008","-63.4375","-7.02514982223511","82","29.024","23.487","1.898575272","1.0322003392959","0.904688832838733","12.06123462",
"1/29/2008","-63.4375","-7.02514982223511","82","32.026","23.214","2.1217344192","0.705251725078368","0.874779338539102","18.540618408",
"1/30/2008","-63.4375","-7.02514982223511","82","28.698","22.527","0.91667142","1.01225841654982","0.911099721976891","12.91208004",
"1/31/2008","-63.4375","-7.02514982223511","82","31.567","22.498","3.31392312","1.09324843465348","0.872012951451016","18.3170826",
"2/1/2008","-63.4375","-7.02514982223511","82","31.887","23.403","5.933473848","0.783450763232175","0.912704020944331","17.174470932",
"2/2/2008","-63.4375","-7.02514982223511","82","32.059","22.575","6.0682269528","1.112269890139","0.897438504636974","23.96137626",
"2/3/2008","-63.4375","-7.02514982223511","82","29.943","22.97","2.5538923728","0.985448981745465","0.914929160559476","13.4831871",
"2/4/2008","-63.4375","-7.02514982223511","82","29.596","23.307","12.9209484528","0.894255295513301","0.930395283728021","11.028880548",
"2/5/2008","-63.4375","-7.02514982223511","82","25.837","22.951","15.124657896","0.732904507115688","0.973397797900387","5.184843678",
"2/6/2008","-63.4375","-7.02514982223511","82","24.567","22.357","15.02723088","0.967049382128364","0.976393595573916","4.95866223",
"2/7/2008","-63.4375","-7.02514982223511","82","27.883","21.194","0.2849580936","1.08278025422844","0.875905388287075","17.595782532",
"2/8/2008","-63.4375","-7.02514982223511","82","29.644","21.266","2.141905608","0.820561860224071","0.887449316208803","16.811265528",
"2/9/2008","-63.4375","-7.02514982223511","82","28.953","22.164","8.6105398392","0.633403570887115","0.937177974630902","19.6601643",
"2/10/2008","-63.4375","-7.02514982223511","82","31.047","22.192","8.598942","0.77630224046972","0.89466414609808","26.69045706",
"2/11/2008","-63.4375","-7.02514982223511","82","28.348","22.332","17.1541217592","0.899705673391113","0.957796444600282","21.418030332",
"2/12/2008","-63.4375","-7.02514982223511","82","27.718","23.112","23.63347908","0.735445269867303","0.967346098337265","11.8530522",
"2/13/2008","-63.4375","-7.02514982223511","82","27.207","22.873","29.53262988","0.862837312716961","0.967122380209577","13.602258",
"2/14/2008","-63.4375","-7.02514982223511","82","28.678","23.464","31.30674768","0.749310173841384","0.953081756730775","20.152179468",
"2/15/2008","-63.4375","-7.02514982223511","82","26.12","21.399","12.704662476","0.716694198273847","0.956929535855437","7.447608",
"2/16/2008","-63.4375","-7.02514982223511","82","31.634","21.716","6.8492916","0.535269874405573","0.925607908469608","15.743138148",
"2/17/2008","-63.4375","-7.02514982223511","82","30.344","22.647","7.9629437088","0.885504725646554","0.912048606491619","20.3827392",
"2/18/2008","-63.4375","-7.02514982223511","82","26.314","22.318","2.051353296","1.11782965252591","0.932705775285196","6.38965917",
"2/19/2008","-63.4375","-7.02514982223511","82","25.892","21.853","41.66906436","0.846277980343784","0.97077555020467","5.9970393",
"2/20/2008","-63.4375","-7.02514982223511","82","29.158","21.687","18.4132502208","1.00251139417458","0.926454373302538","13.8396933",
"2/21/2008","-63.4375","-7.02514982223511","82","27.268","21.612","3.7765479816","1.23794873993195","0.913104364383164","12.64803588",
"2/22/2008","-63.4375","-7.02514982223511","82","28.741","21.274","12.0364646184","0.898019348369079","0.934371533267861","18.761458032",
"2/23/2008","-63.4375","-7.02514982223511","82","30.501","23.248","5.2223679432","1.22431519187926","0.876986490626861","24.301464408",
"2/24/2008","-63.4375","-7.02514982223511","82","27.335","23.76","21.371841792","0.808485294421723","0.961811136810396","21.33640944",
"2/25/2008","-63.4375","-7.02514982223511","82","29.63","22.9","19.4234799672","0.608926208717815","0.939243329164574","20.189754792",
"2/26/2008","-63.4375","-7.02514982223511","82","30.119","22.09","21.551226408","1.0850580201296","0.935709042444779","21.14702172",
"2/27/2008","-63.4375","-7.02514982223511","82","31.486","22.615","6.84242064","0.825082135491913","0.88590115014571","19.637827632",
"2/28/2008","-63.4375","-7.02514982223511","82","31.886","23.133","5.649379848","1.05754136035935","0.899830025221472","20.19723903",
"2/29/2008","-63.4375","-7.02514982223511","82","27.963","21.905","2.7955048464","1.06536776304968","0.934774595361204","13.0060701",
"3/1/2008","-63.4375","-7.02514982223511","82","31.183","20.499","15.9336086904","0.878663363948927","0.914591680519203","22.1015826",
"3/2/2008","-63.4375","-7.02514982223511","82","24.524","22.884","13.55266584","0.966442329687385","0.975358872663348","2.4666192",
"3/3/2008","-63.4375","-7.02514982223511","82","26.263","22.057","19.1265160968","0.743084065359355","0.957856538395051","8.376302952",
"3/4/2008","-63.4375","-7.02514982223511","82","25.901","22.277","5.02452954","0.625370478062984","0.960498695670251","4.84340598",
"3/5/2008","-63.4375","-7.02514982223511","82","26.722","21.017","6.32229228","0.812706997548445","0.948609133494112","11.71394685",
"3/6/2008","-63.4375","-7.02514982223511","82","27.832","20.554","8.897207004","0.870723582198962","0.943158620800878","20.793490488",
"3/7/2008","-63.4375","-7.02514982223511","82","30.884","22.953","22.37605416","1.27156627628814","0.931559153825753","18.90202626",
"3/8/2008","-63.4375","-7.02514982223511","82","29.506","22.697","13.952642544","0.737150789102561","0.941271967247754","21.29400216",
"3/9/2008","-63.4375","-7.02514982223511","82","30.873","21.69","0.611114292","1.11330497056207","0.838947954191066","21.400255368",
"3/10/2008","-63.4375","-7.02514982223511","82","28.159","21.502","1.8874170144","0.676546446279646","0.91979847495947","14.9659299",
"3/11/2008","-63.4375","-7.02514982223511","82","30.872","22.181","14.8160912544","0.975271338967339","0.899522931199463","25.49103192",
"3/12/2008","-63.4375","-7.02514982223511","82","29.025","23.115","18.1840896","1.0523260184722","0.93479115808358","26.2280241",
"3/13/2008","-63.4375","-7.02514982223511","82","29.198","21.979","14.8761786528","0.726211154285977","0.914964550983824","17.78462298",
"3/14/2008","-63.4375","-7.02514982223511","82","28.628","22.65","26.317402632","0.482445567644739","0.950143759668062","22.8607272",
"3/15/2008","-63.4375","-7.02514982223511","82","25.335","22.312","93.52799136","1.09822589532629","0.974276901562087","6.441237",
"3/16/2008","-63.4375","-7.02514982223511","82","26.023","20.991","14.6418542784","0.659064611418053","0.968960020059468","12.1212504",
"3/17/2008","-63.4375","-7.02514982223511","82","25.776","19.269","10.7700371856","0.5764434539475","0.969301709474735","8.9375643",
"3/18/2008","-63.4375","-7.02514982223511","82","26.63","21.257","1.0110851784","0.669625105916242","0.93570260125046","7.60944348",
"3/19/2008","-63.4375","-7.02514982223511","82","29.737","20.544","2.6032423752","0.804174993147924","0.88505480409118","16.269066",
"3/20/2008","-63.4375","-7.02514982223511","82","27.636","22.12","39.08214252","0.928681344024285","0.946946436323513","16.41324258",
"3/21/2008","-63.4375","-7.02514982223511","82","24.418","21.284","65.404683324","1.03580524219409","0.971846060143063","6.56898768",
"3/22/2008","-63.4375","-7.02514982223511","82","29.694","21.642","2.5251398424","1.01018340119434","0.8729939921248","17.2750482",
"3/23/2008","-63.4375","-7.02514982223511","82","28.005","22.011","4.6812084768","0.599940577575111","0.919171975026091","18.52020072",
"3/24/2008","-63.4375","-7.02514982223511","82","30.862","22.011","8.260341912","0.666617047381538","0.931165749818017","21.6816165",
"3/25/2008","-63.4375","-7.02514982223511","82","25.82","22.655","5.946347844","1.1693470861449","0.968330276974222","11.1717558",
"3/26/2008","-63.4375","-7.02514982223511","82","29.644","21.631","12.2797984896","1.09476246344058","0.936928507867181","17.75188296",
"3/27/2008","-63.4375","-7.02514982223511","82","29.493","22.171","0.21457674","1.04705496063626","0.866926266939944","16.36155072",
"3/28/2008","-63.4375","-7.02514982223511","82","28.227","21.793","3.8864144304","0.975847195805097","0.925763342213657","13.9651299",
"3/29/2008","-63.4375","-7.02514982223511","82","26.068","22.737","5.414201172","0.838378654644469","0.959017109825767","8.02135782",
"3/30/2008","-63.4375","-7.02514982223511","82","30.591","22.582","7.096478652","0.935284823326767","0.935066939638516","16.991605368",
"3/31/2008","-63.4375","-7.02514982223511","82","24.091","22.102","15.9404786784","1.19782067191026","0.969143236293989","5.947256592",
"4/1/2008","-63.4375","-7.02514982223511","82","27.019","21.901","6.016731372","0.851256480978245","0.946843961507338","6.350178312",
"4/2/2008","-63.4375","-7.02514982223511","82","26.712","22.244","20.577050856","0.851818286731549","0.947433170846288","7.601119812",
"4/3/2008","-63.4375","-7.02514982223511","82","28.032","19.677","0.1527786288","1.05604069041522","0.896683944604969","14.64535854",
"4/4/2008","-63.4375","-7.02514982223511","82","26.015","21.739","6.641577072","1.07916161893754","0.942491212662276","9.60879258",
"4/5/2008","-63.4375","-7.02514982223511","82","30.912","21.793","3.180886416","1.05015676632649","0.888077181534649","16.93490508",
"4/6/2008","-63.4375","-7.02514982223511","82","31.448","21.887","0.59566518","1.1835489754764","0.825535520762773","26.49128112",
"4/7/2008","-63.4375","-7.02514982223511","82","32.018","21.172","2.853009792","1.0430743300279","0.817934062849554","25.74039672",
"4/8/2008","-63.4375","-7.02514982223511","82","34.01","22.678","3.6529515864","0.984232073392376","0.809042045710688","21.27864798",
"4/9/2008","-63.4375","-7.02514982223511","82","31.602","23.118","17.732616012","0.815877840522976","0.925942545746851","17.07288606",
"4/10/2008","-63.4375","-7.02514982223511","82","30.598","22.944","17.2502514","0.967374044231028","0.936153529054814","16.48248516",
"4/11/2008","-63.4375","-7.02514982223511","82","26.352","22.051","27.5070168","0.97600021310727","0.969481009340549","13.59348786",
"4/12/2008","-63.4375","-7.02514982223511","82","34.172","19.919","5.930905464","0.827622186127964","0.845910957172418","19.8050067",
"4/13/2008","-63.4375","-7.02514982223511","82","29.819","21.709","22.21126344","0.79971594650275","0.940470613424981","23.34830238",
"4/14/2008","-63.4375","-7.02514982223511","82","28.303","23.103","7.300762524","0.744310948551125","0.942995046983107","18.5499063",
"4/15/2008","-63.4375","-7.02514982223511","82","27.436","23.193","12.275506584","0.869722636548721","0.950839568436341","17.0812098",
"4/16/2008","-63.4375","-7.02514982223511","82","32.375","21.394","5.881119156","0.857537460002797","0.906557229579809","17.4438018",
"4/17/2008","-63.4375","-7.02514982223511","82","26.81","23.151","11.789711424","1.27087178001928","0.957130765444003","20.5959969",
"4/18/2008","-63.4375","-7.02514982223511","82","27.401","23.218","20.940979068","1.21935308503254","0.961430080759987","16.7310045",
"4/19/2008","-63.4375","-7.02514982223511","82","30.154","22.664","2.3328785592","0.624352996168228","0.926664727481995","13.8411495",
"4/20/2008","-63.4375","-7.02514982223511","82","27.25","23.681","28.1781964944","0.899775907427915","0.968588101378765","17.1655254",
"4/21/2008","-63.4375","-7.02514982223511","82","28.822","21.705","4.787637192","0.726776050290851","0.919767304790188","12.0699567",
"4/22/2008","-63.4375","-7.02514982223511","82","32.518","20.487","5.678557488","0.700066334153938","0.859918451940477","19.94501376",
"4/23/2008","-63.4375","-7.02514982223511","82","27.057","23.207","21.77868312","0.683481895887145","0.967071708734818","12.944590488",
"4/24/2008","-63.4375","-7.02514982223511","82","28.484","22.127","3.4177788","0.525797346644658","0.944460155610318","11.25287208",
"4/25/2008","-63.4375","-7.02514982223511","82","28.112","22.231","7.118795484","0.840909376654492","0.933654425722577","14.8776237",
"4/26/2008","-63.4375","-7.02514982223511","82","30.021","23.389","12.7716103512","1.05863285585256","0.930346068980888","19.966496832",
"4/27/2008","-63.4375","-7.02514982223511","82","27.343","22.264","23.0300928","0.763135088801872","0.968665936306939","14.647605012",
"4/28/2008","-63.4375","-7.02514982223511","82","30.295","21.828","14.5843542","0.753372711280644","0.931616547248228","16.47089946",
"4/29/2008","-63.4375","-7.02514982223511","82","30.336","22.185","6.5780618904","0.587037027341002","0.931642944533893","16.48563246",
"4/30/2008","-63.4375","-7.02514982223511","82","30.236","24.198","7.93247364","0.725316329646692","0.935513831247341","15.104645712",
"5/1/2008","-63.4375","-7.02514982223511","82","26.306","23.054","17.71888824","0.901523588045951","0.972281405997321","7.28887986",
"5/2/2008","-63.4375","-7.02514982223511","82","25.698","20.868","0.899505504","1.89756536424324","0.888482797834748","8.06506776",
"5/3/2008","-63.4375","-7.02514982223511","82","25.735","18.419","0.0343322784","1.90922449194058","0.798687975620837","17.2556964",
"5/4/2008","-63.4375","-7.02514982223511","82","25.27","18.618","1.0282521168","1.50042072677507","0.857010718851568","12.78005202",
"5/5/2008","-63.4375","-7.02514982223511","82","22.221","17.848","0.7244109864","1.17456916328315","0.909988867026286","5.73029946",
"5/6/2008","-63.4375","-7.02514982223511","82","27.972","19.033","1.936341252","1.06833625613525","0.892781277698356","12.83175126",
"5/7/2008","-63.4375","-7.02514982223511","82","31.343","21.805","12.052343268","0.582862394075936","0.914713236943958","15.282671868",
"5/8/2008","-63.4375","-7.02514982223511","82","23.932","21.949","33.2662608","0.712880034598332","0.97891236342214","1.82390634",
"5/9/2008","-63.4375","-7.02514982223511","82","24.721","22.226","9.17358408","0.762925288665085","0.975701220293633","4.666555152",
"5/10/2008","-63.4375","-7.02514982223511","82","26.787","22.034","12.9106485","0.671048154257639","0.96168496811825","15.0739326",
"5/11/2008","-63.4375","-7.02514982223511","82","29.424","22.737","6.83898714","0.702463038131632","0.938765748730853","14.56014312",
"5/12/2008","-63.4375","-7.02514982223511","82","28.371","23.103","29.17213668","0.680653842470983","0.963381133362014","10.70848278",
"5/13/2008","-63.4375","-7.02514982223511","82","25.307","22.953","13.81702212","1.00055110425267","0.973555469204687","5.605593948",
"5/14/2008","-63.4375","-7.02514982223511","82","27.223","22.737","15.0838829064","1.05710024036573","0.956476102814774","14.6980647",
"5/15/2008","-63.4375","-7.02514982223511","82","29.503","23.013","6.698226744","0.833757827518777","0.924814767839152","14.984833032",
"5/16/2008","-63.4375","-7.02514982223511","82","30.594","21.639","10.4747767848","0.830094774475507","0.914100726911684","16.64330796",
"5/17/2008","-63.4375","-7.02514982223511","82","30.947","21.617","5.5858662","0.764943889147307","0.91088672078659","17.51433534",
"5/18/2008","-63.4375","-7.02514982223511","82","31.694","21.111","8.7135306624","0.569958405551289","0.917388189964653","11.35237878",
"5/19/2008","-63.4375","-7.02514982223511","82","30.178","20.981","8.785628172","0.581614243257284","0.925500370692711","22.40100648",
"5/20/2008","-63.4375","-7.02514982223511","82","31.483","20.237","3.9619458864","0.719459649159496","0.91882840343135","19.4821335",
"5/21/2008","-63.4375","-7.02514982223511","82","31.643","19.185","4.085542764","0.67218385839864","0.897807098926256","16.10257428",
"5/22/2008","-63.4375","-7.02514982223511","82","33.079","21.763","0.24375924","1.0820706912371","0.77528793392153","23.33997846",
"5/23/2008","-63.4375","-7.02514982223511","82","33.262","20.759","0","1.05576324808328","0.699536350410924","23.53167648",
"5/24/2008","-63.4375","-7.02514982223511","82","32.595","20.715","0.96817032","0.892892524227555","0.761976264123319","23.08044132",
"5/25/2008","-63.4375","-7.02514982223511","82","32.517","18.971","0.65574648","1.11668479774507","0.763180992836871","23.17415904",
"5/26/2008","-63.4375","-7.02514982223511","82","28.084","21.18","8.2088478","0.980654230762543","0.932686379985343","18.71026704",
"5/27/2008","-63.4375","-7.02514982223511","82","30.168","19.622","0.3158574264","0.981170797182808","0.878432811493498","16.93727172",
"5/28/2008","-63.4375","-7.02514982223511","82","30.079","20.924","12.222289944","0.904218193274662","0.879896123561673","21.09302424",
"5/29/2008","-63.4375","-7.02514982223511","82","26.694","21.251","10.088540892","0.850319493080047","0.963918911472826","13.70249964",
"5/30/2008","-63.4375","-7.02514982223511","82","27.134","22.711","4.490665884","1.4530282289484","0.93652202966008","14.128087068",
"5/31/2008","-63.4375","-7.02514982223511","82","25.154","18.494","1.246261464","1.98508977862807","0.878438360885794","13.0772313",
"6/1/2008","-63.4375","-7.02514982223511","82","28.9","18.804","0.1853943264","1.36323214917234","0.811522580120483","14.396800068",
"6/2/2008","-63.4375","-7.02514982223511","82","31.176","18.799","0.7244102664","1.08315799018877","0.822042286479395","22.9531455",
"6/3/2008","-63.4375","-7.02514982223511","82","30.894","16.925","0.230026032","0.92080851801043","0.829199378330821","12.47833098",
"6/4/2008","-63.4375","-7.02514982223511","82","32.204","18.789","0","1.16913247820126","0.774787921331433","17.42945742",
"6/5/2008","-63.4375","-7.02514982223511","82","31.799","17.494","0.9750366","1.18926045263741","0.813478147826276","18.6856335",
"6/6/2008","-63.4375","-7.02514982223511","82","31.712","19.368","6.1969788","0.825208584743205","0.879353489221519","17.6415237",
"6/7/2008","-63.4375","-7.02514982223511","82","33.167","21.057","0.14419548","1.19648749412341","0.73545452299512","22.60946268",
"6/8/2008","-63.4375","-7.02514982223511","82","30.104","21.639","2.4444587592","1.04631722761787","0.871635570464397","18.5002839",
"6/9/2008","-63.4375","-7.02514982223511","82","31.813","21.253","1.960372512","1.03547924171542","0.837174455672762","22.06456992",
"6/10/2008","-63.4375","-7.02514982223511","82","33.036","20.467","0","1.2867420573904","0.727362514370632","19.4172228",
"6/11/2008","-63.4375","-7.02514982223511","82","35.456","16.218","0","1.05718621329552","0.662318608529594","21.02957172",
"6/12/2008","-63.4375","-7.02514982223511","82","33.42","16.357","0","1.04756705696172","0.687084745505063","22.19636322",
"6/13/2008","-63.4375","-7.02514982223511","82","29.635","21.093","6.41670642","0.788150224106991","0.872864489758113","13.3660125",
"6/14/2008","-63.4375","-7.02514982223511","82","29.274","19.176","2.6590323024","0.780541129240351","0.926841052035464","11.58142374",
"6/15/2008","-63.4375","-7.02514982223511","82","33.411","19.383","0.058364892","1.0278911187648","0.764078568721024","20.7816183",
"6/16/2008","-63.4375","-7.02514982223511","82","33.404","21.585","0","1.68690101426299","0.657885723193536","23.1594705",
"6/17/2008","-63.4375","-7.02514982223511","82","32.848","22.417","0","1.36824664590792","0.655040066665684","22.27263588",
"6/18/2008","-63.4375","-7.02514982223511","82","34.376","21.696","0","1.03315229332606","0.673612310434614","16.91144766",
"6/19/2008","-63.4375","-7.02514982223511","82","32.678","21.22","1.73378016","1.08930779052062","0.810664078900655","22.1203116",
"6/20/2008","-63.4375","-7.02514982223511","82","31.525","20.098","3.5156251728","0.610240109481481","0.886167696744979","17.01140886",
"6/21/2008","-63.4375","-7.02514982223511","82","27.166","19.442","0.2986907904","0.570040199737511","0.91830300675907","8.37865998",
"6/22/2008","-63.4375","-7.02514982223511","82","31.921","22.503","0","1.43969258281028","0.759076368303186","17.2339362",
"6/23/2008","-63.4375","-7.02514982223511","82","29.92","20.905","0.0343322928","0.944003992115792","0.783728397753259","8.95285332",
"6/24/2008","-63.4375","-7.02514982223511","82","32.35","16.6","0","1.4963563277671","0.705953346227289","22.9213701",
"6/25/2008","-63.4375","-7.02514982223511","82","31.404","18.083","0","1.37189219149133","0.737969234936418","15.023588652",
"6/26/2008","-63.4375","-7.02514982223511","82","33.291","19.541","0.23002632","1.10076556888038","0.694497766870151","17.36072154",
"6/27/2008","-63.4375","-7.02514982223511","82","32.455","20.78","0.082397448","1.47679284057372","0.707755865502416","13.70705544",
"6/28/2008","-63.4375","-7.02514982223511","82","33.229","21.137","0","1.50914091258414","0.6720838835729","22.60546632",
"6/29/2008","-63.4375","-7.02514982223511","82","33.959","19.909","0","1.34566171051479","0.591375568495775","23.03292042",
"6/30/2008","-63.4375","-7.02514982223511","82","34.127","17.795","0","0.933136473070676","0.606272221928702","22.33023948",
"7/1/2008","-63.4375","-7.02514982223511","82","34.103","19.652","0","1.15749417235777","0.566028447652015","23.10794694",
"7/2/2008","-63.4375","-7.02514982223511","82","32.557","17.356","0","0.973302790142944","0.682540983726135","13.781530512",
"7/3/2008","-63.4375","-7.02514982223511","82","34.155","17.268","0","0.979474580272175","0.681178860396281","15.6240486",
"7/4/2008","-63.4375","-7.02514982223511","82","34.688","21.114","0","1.03903752907549","0.527435800838963","22.21357284",
"7/5/2008","-63.4375","-7.02514982223511","82","34.751","19.317","0","0.944289492203705","0.625305583343182","21.73061142",
"7/6/2008","-63.4375","-7.02514982223511","82","32.543","21.563","0.14934546","1.31305428645894","0.756552217398063","13.13307936",
"7/7/2008","-63.4375","-7.02514982223511","82","34.712","19.213","0","1.34391189194749","0.661603343323663","20.7010098",
"7/8/2008","-63.4375","-7.02514982223511","82","34.641","19.82","0","1.2924310333451","0.568731804777875","23.01901992",
"7/9/2008","-63.4375","-7.02514982223511","82","34.595","16.123","0","1.16467446090675","0.597803729305159","17.61525378",
"7/10/2008","-63.4375","-7.02514982223511","82","34.661","19.808","0","1.33086215595927","0.494650331741173","23.36653224",
"7/11/2008","-63.4375","-7.02514982223511","82","34.893","19.729","0","1.09485290968687","0.506148202097089","22.2310053",
"7/12/2008","-63.4375","-7.02514982223511","82","34.327","19.447","0","1.0633901366994","0.550929519501878","17.15917932",
"7/13/2008","-63.4375","-7.02514982223511","82","35.951","21.959","0","0.71199806299338","0.628845025526446","15.2102259",
"7/14/2008","-63.4375","-7.02514982223511","82","33.216","22.016","0","1.26830431262425","0.610519027181378","19.092596868",
"7/15/2008","-63.4375","-7.02514982223511","82","33.916","20.342","0","1.52488321119767","0.540726464694014","24.04901412",
"7/16/2008","-63.4375","-7.02514982223511","82","33.678","18.133","0","1.36745046338749","0.471303641718343","23.91570324",
"7/17/2008","-63.4375","-7.02514982223511","82","33.077","14.518","0","1.03550941486688","0.645301267944452","21.7554705",
"7/18/2008","-63.4375","-7.02514982223511","82","35.778","14.93","0.020599344","0.96139683627202","0.556581438841374","23.236310592",
"7/19/2008","-63.4375","-7.02514982223511","82","35.305","22.339","0.024032592","1.38261121504568","0.583534337988953","16.050204072",
"7/20/2008","-63.4375","-7.02514982223511","82","35.164","18.312","0","0.988257794494951","0.615963209210726","10.55137482",
"7/21/2008","-63.4375","-7.02514982223511","82","34.207","22.31","0","1.50950759097748","0.674665520225453","18.1323648",
"7/22/2008","-63.4375","-7.02514982223511","82","35.967","20.892","0","1.02145707174277","0.69146503357616","14.0707647",
"7/23/2008","-63.4375","-7.02514982223511","82","35.95","19.917","0","1.05325886562672","0.549786193812265","23.20661142",
"7/24/2008","-63.4375","-7.02514982223511","82","36.928","21.29","0","1.29093804744882","0.509767498935427","22.63241214",
"7/25/2008","-63.4375","-7.02514982223511","82","37.017","22.101","0","1.15304860110867","0.433072004235246","22.99336695",
"7/26/2008","-63.4375","-7.02514982223511","82","35.401","18.72","0","1.02283673234191","0.543896710785124","16.302768948",
"7/27/2008","-63.4375","-7.02514982223511","82","36.869","17.417","0","0.98987634406391","0.510172582810613","24.25634874",
"7/28/2008","-63.4375","-7.02514982223511","82","36.6","23.574","0.22830948","1.25652459426057","0.54938553362766","16.48343826",
"7/29/2008","-63.4375","-7.02514982223511","82","37.044","22.038","0.00686646","1.31209844698126","0.638948947862336","12.49790778",
"7/30/2008","-63.4375","-7.02514982223511","82","36.26","22.768","0.542449944","1.48268292173144","0.653272882494137","16.83765054",
"7/31/2008","-63.4375","-7.02514982223511","82","36.305","22.879","0","1.38429584295653","0.592743506865119","24.17067846",
"8/1/2008","-63.4375","-7.02514982223511","82","37.662","20.95","0","1.00116572413057","0.544578634810201","16.606797048",
"8/2/2008","-63.4375","-7.02514982223511","82","35.326","23.215","0","0.94573453644821","0.559050484018295","14.5183554",
"8/3/2008","-63.4375","-7.02514982223511","82","35.606","22.99","0","1.25133859409298","0.490599512126121","17.44503534",
"8/4/2008","-63.4375","-7.02514982223511","82","35.488","20.466","0.05321502","0.94068951165014","0.568665809754074","14.43774411",
"8/5/2008","-63.4375","-7.02514982223511","82","37.368","19.109","0.0171661464","0.881245981562382","0.659687662355354","14.76528786",
"8/6/2008","-63.4375","-7.02514982223511","82","37.904","19.168","0","1.42325744279349","0.535322202951384","21.45627684",
"8/7/2008","-63.4375","-7.02514982223511","82","36.409","22.565","0","1.26481247346993","0.563185292745016","18.4305915",
"8/8/2008","-63.4375","-7.02514982223511","82","36.446","22.506","0","0.891802742437998","0.556073682303142","16.98153408",
"8/9/2008","-63.4375","-7.02514982223511","82","37.103","19.326","0","1.15249982391066","0.502737179162168","19.7435799",
"8/10/2008","-63.4375","-7.02514982223511","82","40.411","22.333","0","1.09333689100186","0.437690537855431","24.346963872",
"8/11/2008","-63.4375","-7.02514982223511","82","37.598","24.295","0","1.30476958744807","0.436837382862878","11.342135232",
"8/12/2008","-63.4375","-7.02514982223511","82","35.255","22.543","1.9483569864","1.06131008032903","0.697090341995177","7.09688934",
"8/13/2008","-63.4375","-7.02514982223511","82","36.292","19.41","0.890922276","1.12472227300889","0.641821196862154","17.9664147",
"8/14/2008","-63.4375","-7.02514982223511","82","37.594","21.128","0.0068664528","1.41523198860761","0.426504145751675","23.47801992",
"8/15/2008","-63.4375","-7.02514982223511","82","38.492","23.116","0","1.13980263632387","0.35172685738015","25.37488386",
"8/16/2008","-63.4375","-7.02514982223511","82","38.769","24.982","0","1.15025546885403","0.3708366188309","17.726179248",
"8/17/2008","-63.4375","-7.02514982223511","82","38.18","23.549","0","1.39395700591319","0.443143529202781","17.750028168",
"8/18/2008","-63.4375","-7.02514982223511","82","36.756","23.652","0.0102996792","1.10548892606831","0.569511657590245","12.567711492",
"8/19/2008","-63.4375","-7.02514982223511","82","37.315","22.054","0","1.11618937503868","0.598264335486747","15.00041178",
"8/20/2008","-63.4375","-7.02514982223511","82","38.829","23.018","0","1.02332663219847","0.536699267048227","20.649828312",
"8/21/2008","-63.4375","-7.02514982223511","82","40.377","22.483","0.096130404","1.03469289544052","0.477620211517338","19.492249464",
"8/22/2008","-63.4375","-7.02514982223511","82","37.986","23.219","0","1.20863857686766","0.438016220429502","24.097440168",
"8/23/2008","-63.4375","-7.02514982223511","82","39.83","20.703","0","1.42951053645281","0.31431306651467","26.771176368",
"8/24/2008","-63.4375","-7.02514982223511","82","38.724","22.987","0","1.39596835141237","0.407867866261142","19.058797008",
"8/25/2008","-63.4375","-7.02514982223511","82","30.59","22.59","14.03504064","1.18485530266526","0.847899458982555","24.75455706",
"8/26/2008","-63.4375","-7.02514982223511","82","34.918","21.504","2.169801396","1.42011351794233","0.715631937605957","24.354846072",
"8/27/2008","-63.4375","-7.02514982223511","82","40.745","22.088","0.40168764","1.33620160373538","0.623422685571962","15.715408248",
"8/28/2008","-63.4375","-7.02514982223511","82","35.605","22.536","1.01967012","1.19729008915632","0.658146591600882","16.5728223",
"8/29/2008","-63.4375","-7.02514982223511","82","38.619","22","0.976753188","1.04204503366363","0.577096787847836","16.52737122",
"8/30/2008","-63.4375","-7.02514982223511","82","35.64","23.331","0.0034332264","1.31148916853904","0.574433169462151","14.97133188",
"8/31/2008","-63.4375","-7.02514982223511","82","38.591","23.7","0.0034332264","1.53219074814897","0.496160108551101","20.496433968",
"9/1/2008","-63.4375","-7.02514982223511","82","35.786","22.259","1.599884352","1.13018989149195","0.659520467859516","16.5755808",
"9/2/2008","-63.4375","-7.02514982223511","82","35.652","23.145","5.5309308984","1.42743696113136","0.721435946545542","23.664491208",
"9/3/2008","-63.4375","-7.02514982223511","82","34.125","22.268","3.230665812","1.53965232675132","0.759260918597175","18.827444232",
"9/4/2008","-63.4375","-7.02514982223511","82","33.622","23.854","4.6691899128","1.310530498536","0.815353946752894","21.71829258",
"9/5/2008","-63.4375","-7.02514982223511","82","35.616","23.375","0.0240326064","1.11526739452147","0.69390390526604","16.16585256",
"9/6/2008","-63.4375","-7.02514982223511","82","36.41","22.76","10.57777164","1.3446350081293","0.782333930095623","17.8476795",
"9/7/2008","-63.4375","-7.02514982223511","82","29.774","23.409","6.560897364","1.3687227574685","0.870373440126734","19.876333968",
"9/8/2008","-63.4375","-7.02514982223511","82","35.559","21.38","0.6282807984","1.40386269278577","0.669830764480837","15.299606232",
"9/9/2008","-63.4375","-7.02514982223511","82","37.027","21.932","1.211929776","1.17225742310327","0.622412011867504","9.47227626",
"9/10/2008","-63.4375","-7.02514982223511","82","34.36","22.294","4.1027058","1.33926419956113","0.702298190155699","20.714402232",
"9/11/2008","-63.4375","-7.02514982223511","82","35.957","22.584","1.095199344","0.962308071499788","0.767458647018234","13.161208176",
"9/12/2008","-63.4375","-7.02514982223511","82","39.428","21.803","0.92010492","1.0655072498389","0.616213129474398","17.52384312",
"9/13/2008","-63.4375","-7.02514982223511","82","37.896","22.208","3.57398784","1.11685522076307","0.665395776640229","18.9267156",
"9/14/2008","-63.4375","-7.02514982223511","82","37.665","22.882","95.1622103592","1.13053413583727","0.834367710313723","12.48018318",
"9/15/2008","-63.4375","-7.02514982223511","82","32.462","23.346","34.6549826664","1.30889723575492","0.857096119002356","24.05030976",
"9/16/2008","-63.4375","-7.02514982223511","82","35.351","22.505","30.75655464","1.13758937517223","0.851006382362823","18.732263832",
"9/17/2008","-63.4375","-7.02514982223511","82","30.562","23.568","36.96559416","1.44377998419183","0.845365835093531","17.27505027",
"9/18/2008","-63.4375","-7.02514982223511","82","37.274","21.862","0.205993512","0.871994904741771","0.647062826782875","22.626675792",
"9/19/2008","-63.4375","-7.02514982223511","82","37.158","24.466","0.034332264","1.10157732197252","0.587891072127436","17.323254432",
"9/20/2008","-63.4375","-7.02514982223511","82","29.083","23.598","25.8436152","1.22105964181323","0.838037833355591","6.47229663",
"9/21/2008","-63.4375","-7.02514982223511","82","29.888","21.503","16.064067924","1.72865487053993","0.894003398670411","18.538650072",
"9/22/2008","-63.4375","-7.02514982223511","82","35.115","20.957","1.18446192","1.42630915372206","0.730759238321617","16.078057992",
"9/23/2008","-63.4375","-7.02514982223511","82","36.528","21.926","0.35705556","1.09892123899049","0.654729745292999","17.0660808",
"9/24/2008","-63.4375","-7.02514982223511","82","36.961","23.26","0","0.967351891725738","0.593754416527033","17.57334348",
"9/25/2008","-63.4375","-7.02514982223511","82","35.634","23.124","3.61175724","1.41635372184115","0.623255308309076","21.03238224",
"9/26/2008","-63.4375","-7.02514982223511","82","36.732","23.311","7.86208752","1.41390365835806","0.713073170606923","19.661517072",
"9/27/2008","-63.4375","-7.02514982223511","82","37.897","23.222","4.682925","0.944151801065083","0.691561051730439","19.8173232",
"9/28/2008","-63.4375","-7.02514982223511","82","37.034","21.663","0.127029456","0.93747028825365","0.565398450704889","16.25422464",
"9/29/2008","-63.4375","-7.02514982223511","82","36.699","23","0","0.916994966675784","0.587055153649956","16.85649744",
"9/30/2008","-63.4375","-7.02514982223511","82","38.065","23.346","0","1.36215165470099","0.570779344484751","18.476885448",
"10/1/2008","-63.4375","-7.02514982223511","82","37.392","24.359","0","1.1188566659384","0.515822315462241","15.805972728",
"10/2/2008","-63.4375","-7.02514982223511","82","37.774","24.135","0","1.30705109943163","0.492836977206981","18.21982248",
"10/3/2008","-63.4375","-7.02514982223511","82","36.569","23.853","0","1.32087800621422","0.515319562418229","14.6303514",
"10/4/2008","-63.4375","-7.02514982223511","82","37.721","21.729","0","1.14180616669661","0.601808212459215","16.79833098",
"10/5/2008","-63.4375","-7.02514982223511","82","39.17","21.88","0","1.37482724287213","0.475489817263133","18.87643584",
"10/6/2008","-63.4375","-7.02514982223511","82","38.661","23.628","5.1773076","1.21031039485743","0.564817556272007","16.49019564",
"10/7/2008","-63.4375","-7.02514982223511","82","29.214","23.129","12.987895896","1.48555223631715","0.911384615845503","19.39399362",
"10/8/2008","-63.4375","-7.02514982223511","82","29.481","22.41","15.507905256","1.45585319318196","0.871626830192331","8.941837968",
"10/9/2008","-63.4375","-7.02514982223511","82","34.378","21.572","1.953506448","1.2266081537407","0.741782245571579","17.0154",
"10/10/2008","-63.4375","-7.02514982223511","82","35.413","22.327","0.68321268","1.31766875279721","0.690208892981018","17.97339312",
"10/11/2008","-63.4375","-7.02514982223511","82","35.471","22.51","1.6831402704","1.21218623860451","0.770709777408876","21.15775566",
"10/12/2008","-63.4375","-7.02514982223511","82","36.108","22.618","0.3021240744","1.02932802099661","0.753697157278725","14.152561992",
"10/13/2008","-63.4375","-7.02514982223511","82","35.345","19.854","0.624847644","1.21785527255381","0.731912919265672","18.79183368",
"10/14/2008","-63.4375","-7.02514982223511","82","36.088","22.931","1.840208832","1.1692643156433","0.684634832953478","15.53388516",
"10/15/2008","-63.4375","-7.02514982223511","82","35.025","23.75","31.1753988","1.22461298427284","0.868792936034994","14.39257014",
"10/16/2008","-63.4375","-7.02514982223511","82","33.339","23.626","8.4869377704","0.904763081185166","0.814401674590959","21.07789506",
"10/17/2008","-63.4375","-7.02514982223511","82","33.85","23.868","10.438735716","1.28100676791187","0.830074302575453","27.6341616",
"10/18/2008","-63.4375","-7.02514982223511","82","30.523","23.631","15.782545764","1.21016459986311","0.927042106359812","13.0217643",
"10/19/2008","-63.4375","-7.02514982223511","82","34.023","23.109","5.1464063448","1.32445651176276","0.799358565544761","21.2964165",
"10/20/2008","-63.4375","-7.02514982223511","82","33.451","23.208","12.47806746","0.775016468883558","0.853501044519197","18.50281776",
"10/21/2008","-63.4375","-7.02514982223511","82","30.344","22.385","24.46776108","0.690964109430769","0.915976511024816","22.7030103",
"10/22/2008","-63.4375","-7.02514982223511","82","33.924","23.359","10.2962453256","0.856946563670417","0.859626719165597","16.04852586",
"10/23/2008","-63.4375","-7.02514982223511","82","36.164","22.434","0.64544652","1.15649099206888","0.750363229425708","18.29615544",
"10/24/2008","-63.4375","-7.02514982223511","82","36.49","22.664","3.20491872","1.16562911540884","0.752538919993897","18.20603916",
"10/25/2008","-63.4375","-7.02514982223511","82","29.708","23.852","77.759139528","0.827597801030798","0.940712782556853","10.120725504",
"10/26/2008","-63.4375","-7.02514982223511","82","28.493","23.603","19.6432146","0.8953574181301","0.936983414369133","20.93146794",
"10/27/2008","-63.4375","-7.02514982223511","82","36.154","23.429","5.1961915944","0.784268614132893","0.744125389578185","21.440531232",
"10/28/2008","-63.4375","-7.02514982223511","82","37.086","23.178","3.3645595608","1.17434266879032","0.728838144096559","17.95224852",
"10/29/2008","-63.4375","-7.02514982223511","82","33.755","23.156","3.8744012448","0.937581831698189","0.805423468468886","18.669999132",
"10/30/2008","-63.4375","-7.02514982223511","82","30.068","22.451","26.72939808","0.887646492621128","0.902206907412161","24.34089672",
"10/31/2008","-63.4375","-7.02514982223511","82","28.487","23.931","34.782021396","0.869589183531579","0.934723523951213","14.7996",
"11/1/2008","-63.4375","-7.02514982223511","82","32.68","22.888","3.172304916","1.12844109523821","0.77730939899303","15.73183206",
"11/2/2008","-63.4375","-7.02514982223511","82","35.133","22.001","0.1956937608","0.893725944936012","0.688095490338211","17.11153278",
"11/3/2008","-63.4375","-7.02514982223511","82","36.191","23.048","0.0137329128","1.09947873100098","0.667314914243972","18.31134258",
"11/4/2008","-63.4375","-7.02514982223511","82","34.965","22.148","5.2451127504","1.19996593883728","0.709565890496579","23.07616578",
"11/5/2008","-63.4375","-7.02514982223511","82","37.996","22.668","6.48880128","1.13334068527033","0.737092504914172","11.1749067",
"11/6/2008","-63.4375","-7.02514982223511","82","28.052","21.701","32.8662864","0.986224952427257","0.938884736359788","26.57536326",
"11/7/2008","-63.4375","-7.02514982223511","82","36.032","21.088","19.346243148","0.989350071029083","0.863407154090598","11.77975782",
"11/8/2008","-63.4375","-7.02514982223511","82","31.781","23.124","19.92645684","1.04168650354614","0.899578254644284","17.73854622",
"11/9/2008","-63.4375","-7.02514982223511","82","35.27","24.523","1.8453595464","1.17267579536154","0.778391368182011","14.97510378",
"11/10/2008","-63.4375","-7.02514982223511","82","31.816","22","0.2025605808","1.11879009951674","0.777928058865791","12.08412954",
"11/11/2008","-63.4375","-7.02514982223511","82","34.047","21.307","9.22164516","0.899492819792556","0.789884033734212","26.77759038",
"11/12/2008","-63.4375","-7.02514982223511","82","29.782","22.927","61.277121972","0.735046372222354","0.917843010115584","10.063972008",
"11/13/2008","-63.4375","-7.02514982223511","82","30.537","22.792","24.6368399328","0.854362469971959","0.920603462979933","20.8783116",
"11/14/2008","-63.4375","-7.02514982223511","82","25.802","23.464","106.411149","0.698742024872141","0.970598158795276","3.97108422",
"11/15/2008","-63.4375","-7.02514982223511","82","28.562","22.273","3.809163924","1.16866610684272","0.910209633474164","13.80015342",
"11/16/2008","-63.4375","-7.02514982223511","82","33.718","22.234","1.5295026024","1.13627450899048","0.806876048207146","19.1196549",
"11/17/2008","-63.4375","-7.02514982223511","82","28.915","23.867","15.99884136","0.724770043154804","0.936932793563676","12.72268728",
"11/18/2008","-63.4375","-7.02514982223511","82","27.971","22.617","6.0562134","0.953972171119753","0.949874184740114","5.57206794",
"11/19/2008","-63.4375","-7.02514982223511","82","31.204","23.559","3.893278932","0.972345808549929","0.893304066043348","14.17854456",
"11/20/2008","-63.4375","-7.02514982223511","82","30.677","22.391","15.144820272","0.826221446752072","0.912061188790361","23.73170166",
"11/21/2008","-63.4375","-7.02514982223511","82","28.15","23.983","61.7775228","0.82503086959251","0.967191306991514","8.83710198",
"11/22/2008","-63.4375","-7.02514982223511","82","30.665","23.501","8.275793544","0.945474876647523","0.934027390541625","9.37383624",
"11/23/2008","-63.4375","-7.02514982223511","82","34.496","23.109","2.1989829672","0.820642040649575","0.822701228926502","16.885293768",
"11/24/2008","-63.4375","-7.02514982223511","82","29.167","23.308","31.3350876","0.693005192653063","0.945435731406153","22.19669982",
"11/25/2008","-63.4375","-7.02514982223511","82","27.59","23.69","11.190605544","0.87587473291704","0.952139085699685","10.26263952",
"11/26/2008","-63.4375","-7.02514982223511","82","26.441","22.941","14.41784628","1.03342680396659","0.96776535656957","11.7683442",
"11/27/2008","-63.4375","-7.02514982223511","82","24.752","22.898","77.21327124","0.849838729047494","0.979431536206975","2.050818408",
"11/28/2008","-63.4375","-7.02514982223511","82","28.804","23.184","6.6879254304","1.05194606113414","0.916551133767536","15.691329432",
"11/29/2008","-63.4375","-7.02514982223511","82","29.556","23.652","13.72776552","0.630889530904985","0.944662269935874","17.79119622",
"11/30/2008","-63.4375","-7.02514982223511","82","28.102","23.756","16.52069052","0.708917809324946","0.959710934422262","8.35656174",
"12/1/2008","-63.4375","-7.02514982223511","82","26.143","21.111","10.95543324","0.745274927848825","0.970724677216598","7.27070652",
"12/2/2008","-63.4375","-7.02514982223511","82","31.888","21.699","2.4513231888","1.18483893066593","0.852422438032843","18.61414218",
"12/3/2008","-63.4375","-7.02514982223511","82","29.513","22.041","0.5905149192","1.21070534722444","0.829622706716855","14.66977428",
"12/4/2008","-63.4375","-7.02514982223511","82","26.01","21.448","6.402969684","0.920707956754055","0.954636915473234","6.1922349",
"12/5/2008","-63.4375","-7.02514982223511","82","28.918","19.563","4.188539232","0.69726795786647","0.886633779429784","18.3319344",
"12/6/2008","-63.4375","-7.02514982223511","82","30.928","23.335","17.10776988","0.589364491004138","0.936274269418126","13.4621415",
"12/7/2008","-63.4375","-7.02514982223511","82","26.814","23.347","23.39058456","1.00040780706494","0.962621270605827","18.22066758",
"12/8/2008","-63.4375","-7.02514982223511","82","32.46","23.215","13.314058848","0.718771680027996","0.882555596823641","20.67530112",
"12/9/2008","-63.4375","-7.02514982223511","82","34.548","22.222","10.485077436","1.0213672775548","0.797395099553052","21.7414098",
"12/10/2008","-63.4375","-7.02514982223511","82","33.11","22.845","20.2526131464","0.794152401556477","0.888904001454503","23.89010544",
"12/11/2008","-63.4375","-7.02514982223511","82","30.864","23.077","13.56983388","0.834346376040676","0.917391945745152","22.6916478",
"12/12/2008","-63.4375","-7.02514982223511","82","29.434","23.74","14.16206916","0.799345678635396","0.944194181069636","18.89139132",
"12/13/2008","-63.4375","-7.02514982223511","82","32.265","22.394","17.097476004","1.33607994098493","0.893640499873889","21.4311924",
"12/14/2008","-63.4375","-7.02514982223511","82","30.136","22.235","12.883185","1.13669448469141","0.93201027624487","14.69284092",
"12/15/2008","-63.4375","-7.02514982223511","82","26.025","23.071","24.58191348","0.896435625657597","0.97448657164094","6.111505872",
"12/16/2008","-63.4375","-7.02514982223511","82","28.405","22.276","3.151703412","1.13180907175745","0.934596541252709","11.516058288",
"12/17/2008","-63.4375","-7.02514982223511","82","28.126","21.628","19.1608442064","0.775186547573801","0.955497622474841","20.0616228",
"12/18/2008","-63.4375","-7.02514982223511","82","26.51","21.124","16.53785856","1.01839627311467","0.96085208982209","11.901202632",
"12/19/2008","-63.4375","-7.02514982223511","82","29.299","22.417","6.4338651","1.23922303762271","0.906139790694308","18.2794491",
"12/20/2008","-63.4375","-7.02514982223511","82","28.27","23.276","6.588361404","1.17389208443562","0.922853563405094","19.9957545",
"12/21/2008","-63.4375","-7.02514982223511","82","29.023","23.426","4.82540148","1.1462046680004","0.920315779348759","17.8710786",
"12/22/2008","-63.4375","-7.02514982223511","82","27.627","22.856","21.50230392","0.999763591627128","0.95957104818313","20.1337839",
"12/23/2008","-63.4375","-7.02514982223511","82","26.132","22.613","88.46046144","0.9083333697048","0.977028104738083","4.53475854",
"12/24/2008","-63.4375","-7.02514982223511","82","25.081","20.756","5.506900848","0.628796922917309","0.973616197887552","4.43374038",
"12/25/2008","-63.4375","-7.02514982223511","82","30.993","20.095","7.58399958","1.21473531000728","0.888246945947319","25.97405778",
"12/26/2008","-63.4375","-7.02514982223511","82","26.562","22.825","12.03003","1.06090291417577","0.961227946486529","7.03147842",
"12/27/2008","-63.4375","-7.02514982223511","82","26.823","23.054","14.04190116","1.07552551199432","0.965045622952828","17.2133982",
"12/28/2008","-63.4375","-7.02514982223511","82","26.978","21.514","5.379869232","0.906062110098621","0.944297010221128","18.5610942",
"12/29/2008","-63.4375","-7.02514982223511","82","27.561","22.445","19.253535876","0.647204271394907","0.962574447174143","16.1582562",
"12/30/2008","-63.4375","-7.02514982223511","82","25.067","23.061","24.832537632","0.657284990768471","0.975771932396001","2.9276442",
"12/31/2008","-63.4375","-7.02514982223511","82","24.56","21.394","23.56224228","0.585774852884477","0.979783789906655","2.22429186",
"1/1/2009","-63.4375","-7.02514982223511","82","29.659","22.919","15.5181879864","0.767399526668905","0.945485812035041","17.1734049",
"1/2/2009","-63.4375","-7.02514982223511","82","29.692","22.321","13.19046876","0.934276209671426","0.908762223920752","16.6607433",
"1/3/2009","-63.4375","-7.02514982223511","82","30.324","22.414","5.20305192","0.648280878981122","0.905030670928358","20.480740992",
"1/4/2009","-63.4375","-7.02514982223511","82","27.547","22.018","33.8258809944","1.29204842887551","0.934878930030302","10.66381614",
"1/5/2009","-63.4375","-7.02514982223511","82","23.43","21.075","11.2970427192","0.895300477999669","0.977159688514225","4.74783714",
"1/6/2009","-63.4375","-7.02514982223511","82","30.854","20.786","7.5711224952","0.843710216097352","0.918516606908511","20.1971259",
"1/7/2009","-63.4375","-7.02514982223511","82","31.136","23.484","10.30483764","1.08021019572536","0.908882380670976","18.31077918",
"1/8/2009","-63.4375","-7.02514982223511","82","33.078","23.576","3.6632531376","0.757017897311425","0.894376374773563","16.785954612",
"1/9/2009","-63.4375","-7.02514982223511","82","27.192","23.413","27.2941632","0.645713175798772","0.967929175785806","11.4837786",
"1/10/2009","-63.4375","-7.02514982223511","82","26.295","21.726","14.51568924","0.833063236163982","0.971089526448451","7.67497284",
"1/11/2009","-63.4375","-7.02514982223511","82","27.184","21.638","12.6231221304","0.779539378371432","0.965037765792762","15.3600741",
"1/12/2009","-63.4375","-7.02514982223511","82","28.088","21.965","8.708383728","0.884837181220587","0.949287600903986","22.28022846",
"1/13/2009","-63.4375","-7.02514982223511","82","28.759","22.647","13.80672792","0.602068276633439","0.943818563535374","23.501700432",
"1/14/2009","-63.4375","-7.02514982223511","82","28.332","21.295","17.064003672","0.513917965567138","0.950836215938895","21.51095256",
"1/15/2009","-63.4375","-7.02514982223511","82","27.82","21.828","9.7143104664","0.829008012237176","0.956060627167315","18.825351732",
"1/16/2009","-63.4375","-7.02514982223511","82","30.486","22.249","4.7807666064","0.983116368240242","0.880049730996517","18.779121288",
"1/17/2009","-63.4375","-7.02514982223511","82","31.316","22.6","7.5736993536","1.05457621569776","0.876646761249106","21.98058606",
"1/18/2009","-63.4375","-7.02514982223511","82","28.381","23.741","49.58610012","0.515178463325422","0.958532625598792","23.602837932",
"1/19/2009","-63.4375","-7.02514982223511","82","28.547","23.301","30.4098048","0.733276845137106","0.959851440959926","11.55993435",
"1/20/2009","-63.4375","-7.02514982223511","82","28.638","22.795","33.60272292","1.02461747078733","0.960024834038429","13.39655202",
"1/21/2009","-63.4375","-7.02514982223511","82","27.445","23.329","16.96357656","0.574284748833978","0.955369386502652","13.490503218",
"1/22/2009","-63.4375","-7.02514982223511","82","30.261","23.248","9.41047416","0.68094664463497","0.949985836201692","14.66297028",
"1/23/2009","-63.4375","-7.02514982223511","82","24.842","22.152","13.523479776","1.48503118363423","0.953609250606057","7.21586628",
"1/24/2009","-63.4375","-7.02514982223511","82","29.535","22.786","3.2289516","1.33824208641309","0.900229804617574","14.200762698",
"1/25/2009","-63.4375","-7.02514982223511","82","30.465","21.622","32.1761888928","1.24290023131822","0.878194553689674","17.03114568",
"1/26/2009","-63.4375","-7.02514982223511","82","26.803","23.139","59.45662908","1.11600659301994","0.969489737039958","12.849862482",
"1/27/2009","-63.4375","-7.02514982223511","82","26.954","22.903","18.44845056","0.640944448326442","0.967517066165868","12.6880974",
"1/28/2009","-63.4375","-7.02514982223511","82","30.433","21.011","0.97846992","1.03693163846109","0.868558363935809","18.7342317",
"1/29/2009","-63.4375","-7.02514982223511","82","32.387","21.362","14.031595476","0.839240017929148","0.901855909227654","22.4888607",
"1/30/2009","-63.4375","-7.02514982223511","82","29.473","23.281","7.44152472","0.750328356467833","0.936000183641072","15.309111528",
"1/31/2009","-63.4375","-7.02514982223511","82","29.673","22.529","11.137389264","0.615209649692673","0.930221325948248","18.0552393",
"2/1/2009","-63.4375","-7.02514982223511","82","29.834","22.215","11.899567764","0.851406979884536","0.936099202566599","21.33235404",
"2/2/2009","-63.4375","-7.02514982223511","82","28.002","23.322","13.2556914","0.733127202419535","0.958211984147387","15.6124638",
"2/3/2009","-63.4375","-7.02514982223511","82","30.186","21.798","6.356620404","0.700605388682861","0.930084550800579","18.21195216",
"2/4/2009","-63.4375","-7.02514982223511","82","25.354","21.036","5.031393192","0.53591189320537","0.976524867240822","3.95229168",
"2/5/2009","-63.4375","-7.02514982223511","82","29.827","21.692","6.69994686","0.745891785727915","0.915786110100804","12.681225792",
"2/6/2009","-63.4375","-7.02514982223511","82","26.811","22.78","24.81708708","0.605488397099039","0.969522766910703","11.974785102",
"2/7/2009","-63.4375","-7.02514982223511","82","28.282","21.931","52.530046632","0.453682806018785","0.959043478003853","9.27146808",
"2/8/2009","-63.4375","-7.02514982223511","82","26.86","22.162","13.3277932584","0.59000695761595","0.964550374308833","16.27936605",
"2/9/2009","-63.4375","-7.02514982223511","82","32.339","23.405","8.366779908","0.978816440766081","0.90495485461997","18.741993768",
"2/10/2009","-63.4375","-7.02514982223511","82","30.892","23.938","2.877043212","0.967892790816691","0.879465456906886","20.274641568",
"2/11/2009","-63.4375","-7.02514982223511","82","28.193","23.628","10.376931924","1.04205282502251","0.921901393368446","20.823409152",
"2/12/2009","-63.4375","-7.02514982223511","82","29.482","23.342","18.8278182","0.634357766952477","0.952278723597771","17.0925759",
"2/13/2009","-63.4375","-7.02514982223511","82","25.484","23.049","7.9788188664","0.867996522112196","0.973431926612686","4.313533338",
"2/14/2009","-63.4375","-7.02514982223511","82","29.505","22.503","9.534071736","0.789712666297514","0.92094325834334","16.96680054",
"2/15/2009","-63.4375","-7.02514982223511","82","33.496","23.218","4.33959696","0.846407118766588","0.856081140346826","22.15737846",
"2/16/2009","-63.4375","-7.02514982223511","82","29.912","23.341","7.250983884","0.954585549768193","0.923962803841305","16.380168768",
"2/17/2009","-63.4375","-7.02514982223511","82","26.447","23.464","28.4271276384","0.851169653028018","0.966584694950905","9.601757172",
"2/18/2009","-63.4375","-7.02514982223511","82","30.888","23.565","2.41355952","1.02133105477751","0.870650008981955","20.869652268",
"2/19/2009","-63.4375","-7.02514982223511","82","26.816","23.334","23.994831816","0.68603634128043","0.969050149429958","7.078330512",
"2/20/2009","-63.4375","-7.02514982223511","82","24.917","22.472","38.680457004","0.807312033519262","0.977091524192299","3.494868138",
"2/21/2009","-63.4375","-7.02514982223511","82","25.462","20.974","9.6405066288","0.725965260648438","0.973542002182546","8.61603633",
"2/22/2009","-63.4375","-7.02514982223511","82","28.541","22.315","7.2423917784","0.791947685903793","0.950178224932817","20.064716568",
"2/23/2009","-63.4375","-7.02514982223511","82","27.913","22.973","9.6920019","0.984441831738565","0.952873213880515","8.68415706",
"2/24/2009","-63.4375","-7.02514982223511","82","26.713","22.016","7.913592432","0.841847520680461","0.95459984806929","10.041473988",
"2/25/2009","-63.4375","-7.02514982223511","82","24.393","20.107","8.07151644","0.903404795061987","0.973955873009279","4.793173758",
"2/26/2009","-63.4375","-7.02514982223511","82","31.831","18.837","6.289668828","0.976657027908275","0.871076508141751","27.775633032",
"2/27/2009","-63.4375","-7.02514982223511","82","30.238","23.41","16.088101668","0.996026212376481","0.916248746507955","21.54341052",
"2/28/2009","-63.4375","-7.02514982223511","82","27.53","21.372","24.317563464","1.06815567601045","0.914116508958076","9.95996106",
"3/1/2009","-63.4375","-7.02514982223511","82","32.315","19.593","0.8857731528","0.91165050171568","0.821726270967997","24.30815436",
"3/2/2009","-63.4375","-7.02514982223511","82","29.305","21.849","10.891917252","1.09779536348552","0.921910871845306","26.73567522",
"3/3/2009","-63.4375","-7.02514982223511","82","28.078","23.254","19.9556359128","0.76530319141993","0.964080890715502","17.243381952",
"3/4/2009","-63.4375","-7.02514982223511","82","28.762","23.924","15.641784684","1.09097107945303","0.941704914033219","23.357357208",
"3/5/2009","-63.4375","-7.02514982223511","82","30.076","23.592","41.50085328","0.948136700926203","0.922040575757198","17.79131133",
"3/6/2009","-63.4375","-7.02514982223511","82","26.175","21.948","38.4624504","1.03676797114944","0.971453722229263","9.09877158",
"3/7/2009","-63.4375","-7.02514982223511","82","29.15","23.142","4.78248498","1.16132889495671","0.929523956513596","17.96996475",
"3/8/2009","-63.4375","-7.02514982223511","82","26.931","23.168","23.8986936","0.734220246332323","0.967537484296726","12.581046162",
"3/9/2009","-63.4375","-7.02514982223511","82","24.171","21.869","58.8215232","1.46971748301974","0.975859859458943","2.28937455",
"3/10/2009","-63.4375","-7.02514982223511","82","29.834","21.251","8.36677368","1.07078920038482","0.910029680892629","15.6797478",
"3/11/2009","-63.4375","-7.02514982223511","82","26.52","21.329","14.3199936","0.872223058474968","0.966564229244082","5.150473128",
"3/12/2009","-63.4375","-7.02514982223511","82","24.347","22.028","55.312763112","0.762894145223115","0.976890100889287","3.22813386",
"3/13/2009","-63.4375","-7.02514982223511","82","26.268","21.232","22.87902978","0.905546239956167","0.970048142809759","10.977299082",
"3/14/2009","-63.4375","-7.02514982223511","82","28.647","21.79","11.2094864064","0.813760752668444","0.94835817914689","13.056974712",
"3/15/2009","-63.4375","-7.02514982223511","82","24.651","21.863","29.57038848","0.547444840468587","0.979723502139621","2.238918732",
"3/16/2009","-63.4375","-7.02514982223511","82","27.505","20.984","14.25819168","0.66831923128025","0.958035773483104","14.43791484",
"3/17/2009","-63.4375","-7.02514982223511","82","30.698","22.308","11.393165844","0.911301990335233","0.899307977104384","17.458086312",
"3/18/2009","-63.4375","-7.02514982223511","82","24.355","22.373","107.91664128","0.84821347497674","0.981021933451013","1.46795643",
"3/19/2009","-63.4375","-7.02514982223511","82","29.864","21.847","10.0662233184","0.58960608239698","0.929791245478065","15.4691496",
"3/20/2009","-63.4375","-7.02514982223511","82","27.877","22.799","48.00339432","0.714850554516516","0.965759771045841","17.550786312",
"3/21/2009","-63.4375","-7.02514982223511","82","29.257","23.504","10.189821888","0.738843812333735","0.935393913921793","18.8998911",
"3/22/2009","-63.4375","-7.02514982223511","82","29.508","22.004","6.983182008","0.677487100492292","0.938851175294266","20.72098008",
"3/23/2009","-63.4375","-7.02514982223511","82","31.25","22.176","13.98353724","1.27980126634748","0.885785199961289","15.5079054",
"3/24/2009","-63.4375","-7.02514982223511","82","30.539","22.905","19.995118236","0.806466158111322","0.922821789217871","18.083257218",
"3/25/2009","-63.4375","-7.02514982223511","82","29.777","22.982","27.15854418","0.756688469795831","0.931691254489529","22.39667406",
"3/26/2009","-63.4375","-7.02514982223511","82","27.617","23.382","25.601586984","0.728170939798043","0.966147680830116","17.0958366",
"3/27/2009","-63.4375","-7.02514982223511","82","31.027","22.715","14.15176308","0.823789539453217","0.923791423355874","14.547150882",
"3/28/2009","-63.4375","-7.02514982223511","82","30.957","21.5","2.3981085","0.917334287260079","0.862073501669286","15.02679276",
"3/29/2009","-63.4375","-7.02514982223511","82","28.597","21.699","26.195522976","0.74365942129344","0.921589613755087","15.4918143",
"3/30/2009","-63.4375","-7.02514982223511","82","33.851","22.067","7.3196390592","0.884271662207247","0.851633704921618","18.9628911",
"3/31/2009","-63.4375","-7.02514982223511","82","31.596","21.632","7.094760408","0.516289377928457","0.904776689364633","17.66463822",
"4/1/2009","-63.4375","-7.02514982223511","82","28.583","23.503","16.61681898","0.803529430440232","0.958064949544923","12.03277365",
"4/2/2009","-63.4375","-7.02514982223511","82","23.534","21.142","85.3946773128","1.09491076785155","0.979383671307853","2.963079792",
"4/3/2009","-63.4375","-7.02514982223511","82","29.743","18.888","1.9088763768","0.847175068443778","0.907306302997386","16.36357608",
"4/4/2009","-63.4375","-7.02514982223511","82","31.998","22.434","3.2238025128","1.23750512164295","0.864149009204761","22.37641146",
"4/5/2009","-63.4375","-7.02514982223511","82","28.346","22.948","12.8505735","0.740060557074668","0.941255842029626","23.694027768",
"4/6/2009","-63.4375","-7.02514982223511","82","28.104","22.821","12.8711633184","0.786113951458743","0.947214416091697","16.62941052",
"4/7/2009","-63.4375","-7.02514982223511","82","26.891","21.537","55.08783","1.06326128993284","0.963920821770945","10.659544002",
"4/8/2009","-63.4375","-7.02514982223511","82","32.716","22.646","7.2063438624","1.05166266907607","0.835542175587619","20.16472572",
"4/9/2009","-63.4375","-7.02514982223511","82","27.596","23.063","22.40867484","0.835853722155401","0.963415251452994","17.02069092",
"4/10/2009","-63.4375","-7.02514982223511","82","27.797","21.043","92.892857976","0.83425280057135","0.968315654634427","7.483834368",
"4/11/2009","-63.4375","-7.02514982223511","82","25.614","22.253","54.3480174","1.19970447136834","0.965220363713327","6.153803658",
"4/12/2009","-63.4375","-7.02514982223511","82","29.941","22.262","5.56526448","1.09551483160307","0.907565363751348","21.567658752",
"4/13/2009","-63.4375","-7.02514982223511","82","26.73","22.388","16.8863327928","0.978163586565695","0.966961005964353","20.18604582",
"4/14/2009","-63.4375","-7.02514982223511","82","30.17","21.177","18.0107080704","0.910591261581103","0.944045128579903","21.1925826",
"4/15/2009","-63.4375","-7.02514982223511","82","26.794","23.179","13.320917892","0.752847888591241","0.967534542196017","12.7867491",
"4/16/2009","-63.4375","-7.02514982223511","82","29.415","22.381","7.8483519504","0.968485175178815","0.93694646373467","11.59150014",
"4/17/2009","-63.4375","-7.02514982223511","82","28.372","22.228","21.60873036","0.878249010148248","0.950872859706041","10.77665328",
"4/18/2009","-63.4375","-7.02514982223511","82","34.176","21.816","16.6889272824","0.625847580277935","0.894219463375156","17.87433966",
"4/19/2009","-63.4375","-7.02514982223511","82","27.843","23.981","15.8615172","1.06673191682021","0.954321864725625","16.40767518",
"4/20/2009","-63.4375","-7.02514982223511","82","27.007","24.077","15.5490878664","1.18566211707588","0.958600414729543","17.5787946",
"4/21/2009","-63.4375","-7.02514982223511","82","27.893","23.679","15.64178616","1.02060299241272","0.960926986240594","23.34633804",
"4/22/2009","-63.4375","-7.02514982223511","82","29.965","23.896","15.641786484","0.8707599162947","0.922363183499621","11.0975067",
"4/23/2009","-63.4375","-7.02514982223511","82","26.86","23.45","17.054561196","0.614671057790814","0.967852118391987","6.2648415",
"4/24/2009","-63.4375","-7.02514982223511","82","30.37","22.888","12.4694837784","0.759751626938979","0.913801504218761","15.6855339",
"4/25/2009","-63.4375","-7.02514982223511","82","27.624","23.212","13.9183071984","0.584735713887535","0.964471568792013","13.4953425",
"4/26/2009","-63.4375","-7.02514982223511","82","28.664","22.687","14.0762320128","0.532868732804779","0.947776528186662","19.4985567",
"4/27/2009","-63.4375","-7.02514982223511","82","31.051","22.572","15.4048860864","0.737459824143314","0.93759945788675","19.841175",
"4/28/2009","-63.4375","-7.02514982223511","82","27.309","23.599","13.03596612","0.45898871849784","0.967120792499233","12.01696542",
"4/29/2009","-63.4375","-7.02514982223511","82","28.107","23.087","3.4572618864","0.689311647624925","0.924059386249262","10.1923254",
"4/30/2009","-63.4375","-7.02514982223511","82","27.586","23.333","14.03503956","0.761605591531453","0.964108492600633","13.3545897",
"5/1/2009","-63.4375","-7.02514982223511","82","31.626","23.452","6.746292","0.810320345793492","0.909125143119393","16.843726332",
"5/2/2009","-63.4375","-7.02514982223511","82","29.315","22.955","4.143906252","1.12884687291205","0.902152467999776","11.7437022",
"5/3/2009","-63.4375","-7.02514982223511","82","33.532","21.6","8.4354450264","0.726848965315499","0.871945377974951","16.2110169",
"5/4/2009","-63.4375","-7.02514982223511","82","28.781","22.081","3.656386944","1.08673769954335","0.905945422666765","21.98530782",
"5/5/2009","-63.4375","-7.02514982223511","82","28.805","23.14","1.0437011208","0.833516734174918","0.925310944834164","10.0667268",
"5/6/2009","-63.4375","-7.02514982223511","82","26.935","21.488","6.2484737904","0.896634645383963","0.946990930847166","6.61555962",
"5/7/2009","-63.4375","-7.02514982223511","82","30.644","19.946","0.3501890568","1.1965896384365","0.823587368964425","19.7028549",
"5/8/2009","-63.4375","-7.02514982223511","82","33.697","20.557","4.44946176","1.04955568730463","0.784143874533051","21.7991241",
"5/9/2009","-63.4375","-7.02514982223511","82","29.222","21.709","9.867096072","0.713601757527365","0.940442679945556","19.25611578",
"5/10/2009","-63.4375","-7.02514982223511","82","29.218","21.924","4.8648817584","0.757481598502795","0.930635758357498","11.430786348",
"5/11/2009","-63.4375","-7.02514982223511","82","32.121","22.081","9.1409713128","0.883316641337055","0.894514966476151","16.68330216",
"5/12/2009","-63.4375","-7.02514982223511","82","30.617","21.614","4.559327928","0.589774572609726","0.920553959746777","16.052849352",
"5/13/2009","-63.4375","-7.02514982223511","82","27.119","23.128","20.9358225","0.758128886390755","0.961731077742612","8.842444128",
"5/14/2009","-63.4375","-7.02514982223511","82","28.177","21.106","0.8205413184","0.722257860842687","0.911020389489865","9.59039946",
"5/15/2009","-63.4375","-7.02514982223511","82","29.543","22.375","13.509753732","0.867740139946237","0.941770753396012","14.61341718",
"5/16/2009","-63.4375","-7.02514982223511","82","25.726","21.909","1.390457484","1.10078686919635","0.946718986077347","6.568485588",
"5/17/2009","-63.4375","-7.02514982223511","82","28.118","21.3","9.3933104256","0.931421092646899","0.926012459205118","21.78726084",
"5/18/2009","-63.4375","-7.02514982223511","82","28.885","20.91","6.16950828","0.900145849399604","0.940301252451293","18.7958799",
"5/19/2009","-63.4375","-7.02514982223511","82","28.52","22.009","5.146408764","1.05048778780383","0.925700681819286","18.14450634",
"5/20/2009","-63.4375","-7.02514982223511","82","27.352","21.658","11.16485712","0.870020958189446","0.960211329416468","13.06350306",
"5/21/2009","-63.4375","-7.02514982223511","82","31.339","21.901","8.325575928","0.911451676551642","0.913284413411424","15.9667308",
"5/22/2009","-63.4375","-7.02514982223511","82","27.112","21.876","15.1851667104","0.732121798266011","0.961808439358333","16.45920288",
"5/23/2009","-63.4375","-7.02514982223511","82","28.542","22.639","25.38871812","0.779028713664222","0.949673508270088","15.9430518",
"5/24/2009","-63.4375","-7.02514982223511","82","30.36","22.141","3.968814312","0.632698157020965","0.914837972424641","12.474054",
"5/25/2009","-63.4375","-7.02514982223511","82","27.802","21.681","5.98068","0.449625055359955","0.936144643632918","5.71033224",
"5/26/2009","-63.4375","-7.02514982223511","82","30.672","22.8","7.868955744","0.634985237480502","0.922443041009941","12.242025288",
"5/27/2009","-63.4375","-7.02514982223511","82","26.497","21.672","6.3549076968","0.604306848926951","0.967610423895462","11.0171763",
"5/28/2009","-63.4375","-7.02514982223511","82","27.836","20.37","5.2013411208","0.554997377875228","0.95114374966415","16.81436286",
"5/29/2009","-63.4375","-7.02514982223511","82","30.684","19.827","5.472568908","0.740846137832469","0.905863017116437","16.5173562",
"5/30/2009","-63.4375","-7.02514982223511","82","31.544","20.906","10.9245336264","0.787551245373737","0.925778705864344","21.56034222",
"5/31/2009","-63.4375","-7.02514982223511","82","30.435","19.774","2.6607519864","0.795136106958998","0.900383246545322","15.6741741",
"6/1/2009","-63.4375","-7.02514982223511","82","28.656","21.353","2.8676022264","1.04090227606874","0.917028256157737","17.54291322",
"6/2/2009","-63.4375","-7.02514982223511","82","29.345","21.946","1.1398321728","1.53157443171135","0.888401670342319","13.277470032",
"6/3/2009","-63.4375","-7.02514982223511","82","28.44","19.598","0.0660895992","1.81121235674774","0.795846908184341","21.03069294",
"6/4/2009","-63.4375","-7.02514982223511","82","30.843","18.928","0","1.1761751657128","0.755089052462994","21.57682626",
"6/5/2009","-63.4375","-7.02514982223511","82","30.302","18.136","0","1.01588897884495","0.79683205221083","16.9201152",
"6/6/2009","-63.4375","-7.02514982223511","82","29.113","20.19","5.661393084","1.36479875725321","0.890194573011185","20.33533296",
"6/7/2009","-63.4375","-7.02514982223511","82","28.691","20.899","0.8394241752","1.33248817307947","0.869753456900153","14.76494658",
"6/8/2009","-63.4375","-7.02514982223511","82","29.873","20.2","8.229448728","0.568727017647435","0.917387749427842","20.62411578",
"6/9/2009","-63.4375","-7.02514982223511","82","28.815","21.359","4.052067228","0.641843850200932","0.925409735020395","14.6535174",
"6/10/2009","-63.4375","-7.02514982223511","82","29.762","21.366","11.2884522984","0.621565073923146","0.930871132844432","11.850136632",
"6/11/2009","-63.4375","-7.02514982223511","82","29.528","20.96","1.74236274","0.766625058618653","0.885728966050127","17.04987288",
"6/12/2009","-63.4375","-7.02514982223511","82","27.073","20.965","0.061798068","1.80996064081826","0.839552203190757","15.00929136",
"6/13/2009","-63.4375","-7.02514982223511","82","28.278","20.525","0.2317427856","1.59686508991374","0.823948135097868","15.15431304",
"6/14/2009","-63.4375","-7.02514982223511","82","26.886","19.561","0.0892639224","0.717250912736353","0.861527872166039","10.22922594",
"6/15/2009","-63.4375","-7.02514982223511","82","31.216","20.649","7.2956033064","0.494953240760691","0.929372630021569","16.963200468",
"6/16/2009","-63.4375","-7.02514982223511","82","29","21.339","10.2001207104","0.73577003811397","0.932906886535851","13.6263375",
"6/17/2009","-63.4375","-7.02514982223511","82","28.18","20.077","3.50017524","1.3716489098361","0.863134152530604","14.32339452",
"6/18/2009","-63.4375","-7.02514982223511","82","30.083","17.232","6.378937992","0.643385110780236","0.901624931596891","22.02237828",
"6/19/2009","-63.4375","-7.02514982223511","82","30.098","20.164","1.100349252","0.786728421520884","0.880458856406685","13.2272487",
"6/20/2009","-63.4375","-7.02514982223511","82","33.3","19.419","0","1.04056598540389","0.743406034358573","21.82521816",
"6/21/2009","-63.4375","-7.02514982223511","82","31.859","23.196","0.6643295856","1.06434682442552","0.750887364590624","13.769380728",
"6/22/2009","-63.4375","-7.02514982223511","82","29.844","19.78","2.873611692","0.755752341123806","0.881923371458317","11.650724532",
"6/23/2009","-63.4375","-7.02514982223511","82","31.991","19.698","1.151847612","1.06771954871325","0.807983779205151","16.99943256",
"6/24/2009","-63.4375","-7.02514982223511","82","30.338","20.877","4.291533396","0.887141134277896","0.877468287721249","22.0578804",
"6/25/2009","-63.4375","-7.02514982223511","82","29.549","21.487","5.862235968","1.22495352865852","0.906594129491045","21.58891704",
"6/26/2009","-63.4375","-7.02514982223511","82","29.636","19.844","3.50790048","0.977108517359221","0.907247068681101","15.2259219",
"6/27/2009","-63.4375","-7.02514982223511","82","27.518","18.87","10.316858688","0.886562951515436","0.955994004075247","12.387435012",
"6/28/2009","-63.4375","-7.02514982223511","82","31.014","21.306","2.6418713184","0.982961818753625","0.860523489863771","20.98794744",
"6/29/2009","-63.4375","-7.02514982223511","82","32.698","17.45","0","0.895649891511529","0.770459934555908","18.33401124",
"6/30/2009","-63.4375","-7.02514982223511","82","30.269","19.008","1.455689808","0.887849725342731","0.823349316985774","15.76603026",
"7/1/2009","-63.4375","-7.02514982223511","82","30.906","17.432","1.2857436","0.904874123073176","0.827573646510206","22.27421646",
"7/2/2009","-63.4375","-7.02514982223511","82","31.128","20.096","3.75251652","0.706828339337139","0.891923723586367","16.60461192",
"7/3/2009","-63.4375","-7.02514982223511","82","30.763","19.405","0.43601976","0.894325551195255","0.865945311526177","13.322196",
"7/4/2009","-63.4375","-7.02514982223511","82","32.008","19.863","1.448821908","0.936525459930229","0.796929850871846","22.4365518",
"7/5/2009","-63.4375","-7.02514982223511","82","33.988","19.852","0","0.942183944133376","0.728128806364344","22.8120714",
"7/6/2009","-63.4375","-7.02514982223511","82","34.159","20.304","0","1.19921033052494","0.63729096528949","12.08486754",
"7/7/2009","-63.4375","-7.02514982223511","82","33.692","20.149","0","1.27948946732419","0.648818672759194","21.168225",
"7/8/2009","-63.4375","-7.02514982223511","82","34.046","19.528","0","1.21902475526133","0.618669936113771","19.77406776",
"7/9/2009","-63.4375","-7.02514982223511","82","34.776","20.406","0","1.34412628805119","0.573801149015836","20.63857428",
"7/10/2009","-63.4375","-7.02514982223511","82","33.348","18.611","0","1.37628692514925","0.682628858090487","17.9542629",
"7/11/2009","-63.4375","-7.02514982223511","82","29.387","20.028","0","0.947692035834714","0.803718681716306","9.4768911",
"7/12/2009","-63.4375","-7.02514982223511","82","33.856","22.358","0","1.15165077139544","0.670316658043514","22.57261938",
"7/13/2009","-63.4375","-7.02514982223511","82","35.628","21.003","0","1.20379394562272","0.675854265298551","19.04011956",
"7/14/2009","-63.4375","-7.02514982223511","82","34.736","19.36","0","1.7684931984233","0.554234574774151","23.73451308",
"7/15/2009","-63.4375","-7.02514982223511","82","34.608","16.811","0","1.09657939942918","0.682646048676372","23.68164744",
"7/16/2009","-63.4375","-7.02514982223511","82","35.375","15.609","0","0.91396467819644","0.638399367670426","15.75821196",
"7/17/2009","-63.4375","-7.02514982223511","82","34.14","20.424","0.05149836","0.927152017490037","0.659090508356446","17.61278094",
"7/18/2009","-63.4375","-7.02514982223511","82","34.269","22.765","1.0660170744","1.01464386184662","0.727197473452965","15.6799683",
"7/19/2009","-63.4375","-7.02514982223511","82","34.276","20.477","0.048065184","0.806662491886326","0.688448419917442","15.9382134",
"7/20/2009","-63.4375","-7.02514982223511","82","35.299","24.436","0","1.12112621092855","0.59679728741752","12.609450648",
"7/21/2009","-63.4375","-7.02514982223511","82","31.285","22.453","0.0257491944","1.22678031736048","0.713942162770164","17.0239536",
"7/22/2009","-63.4375","-7.02514982223511","82","35.346","21.146","0","0.912416698055557","0.72149294288586","23.28198408",
"7/23/2009","-63.4375","-7.02514982223511","82","35.43","22.485","0.3072740976","1.33238568851365","0.658719446504634","12.28314348",
"7/24/2009","-63.4375","-7.02514982223511","82","34.748","20.97","4.78076796","1.08910212300434","0.790496021667538","9.018052992",
"7/25/2009","-63.4375","-7.02514982223511","82","24.544","19.862","1.5406589808","1.77463674328126","0.882825475080319","8.20339002",
"7/26/2009","-63.4375","-7.02514982223511","82","29.391","18.898","2.439308736","1.21068473094965","0.882698322842525","9.18433134",
"7/27/2009","-63.4375","-7.02514982223511","82","33.637","19.867","0.216293328","1.21073069738642","0.808063546749522","14.39218422",
"7/28/2009","-63.4375","-7.02514982223511","82","33.918","20.937","0","1.10768362738209","0.734242161606877","14.1810759",
"7/29/2009","-63.4375","-7.02514982223511","82","35.358","20.111","0","1.32438361984542","0.596011452472","23.9524299",
"7/30/2009","-63.4375","-7.02514982223511","82","36.227","19.177","0","1.19549533440174","0.560073710040588","19.83718674",
"7/31/2009","-63.4375","-7.02514982223511","82","36.446","17.258","0","1.03490001122412","0.602912735981757","15.279410088",
"8/1/2009","-63.4375","-7.02514982223511","82","35.011","21.482","0","1.15709094168527","0.628880035409023","18.79633386",
"8/2/2009","-63.4375","-7.02514982223511","82","35.768","20.38","0","1.17660943762369","0.570027198278417","21.02715306",
"8/3/2009","-63.4375","-7.02514982223511","82","35.774","18.677","0","1.19571824707845","0.59890325508618","24.29442936",
"8/4/2009","-63.4375","-7.02514982223511","82","36.725","21.184","0","1.1546331107494","0.505660921455566","23.80438215",
"8/5/2009","-63.4375","-7.02514982223511","82","35.424","18.636","0","1.06279308536732","0.545338564495672","13.920299748",
"8/6/2009","-63.4375","-7.02514982223511","82","34.307","19.961","0","1.04842357105286","0.628809798713617","15.75145512",
"8/7/2009","-63.4375","-7.02514982223511","82","36.718","23.612","0.0102996864","1.03745863445375","0.544334697931316","15.314457528",
"8/8/2009","-63.4375","-7.02514982223511","82","34.592","18.743","0","0.990283352364826","0.607577247480124","19.49123988",
"8/9/2009","-63.4375","-7.02514982223511","82","37.639","17.097","0","0.998903319671091","0.528201350302945","24.73352244",
"8/10/2009","-63.4375","-7.02514982223511","82","36.109","20.076","0","1.0147758370664","0.587024560878881","10.096592112",
"8/11/2009","-63.4375","-7.02514982223511","82","34.936","21.006","0","1.55841404391788","0.524848825701063","25.152240312",
"8/12/2009","-63.4375","-7.02514982223511","82","36.687","17.627","0","1.06699176032631","0.520529665294815","21.23713278",
"8/13/2009","-63.4375","-7.02514982223511","82","37.129","23.361","0","0.914584156390825","0.510193136965645","17.867256318",
"8/14/2009","-63.4375","-7.02514982223511","82","37.139","17.108","0","0.919236229609464","0.56673592972983","19.726708032",
"8/15/2009","-63.4375","-7.02514982223511","82","34.815","22.693","0.1544952744","1.00744653767599","0.625914180912851","15.27265962",
"8/16/2009","-63.4375","-7.02514982223511","82","34.95","22.098","3.1036401864","0.948314892056373","0.71760079678908","16.922873592",
"8/17/2009","-63.4375","-7.02514982223511","82","33.155","22.029","4.19197644","1.14735187227602","0.75816982031407","25.012015272",
"8/18/2009","-63.4375","-7.02514982223511","82","35.31","22.571","0.230026104","1.14147276932481","0.669887981371141","14.90658588",
"8/19/2009","-63.4375","-7.02514982223511","82","37.866","20.212","0.89950464","1.01812768468641","0.689145817784105","14.69193966",
"8/20/2009","-63.4375","-7.02514982223511","82","35.534","21.418","0.41542056","1.10032734172331","0.667308809402698","15.9180786",
"8/21/2009","-63.4375","-7.02514982223511","82","34.501","23.69","0.2986905384","0.846326318352332","0.648675204384855","12.866742432",
"8/22/2009","-63.4375","-7.02514982223511","82","35.87","22.915","0.96902856","1.43766409734121","0.646274691015617","20.35602684",
"8/23/2009","-63.4375","-7.02514982223511","82","35.468","23.547","1.163863728","0.823994717735996","0.645245745503983","16.486312608",
"8/24/2009","-63.4375","-7.02514982223511","82","35.653","22.715","1.629066492","1.47490854216694","0.607034263287987","20.397713472",
"8/25/2009","-63.4375","-7.02514982223511","82","34.06","23.058","6.8029418664","1.52883904942585","0.715744823633581","15.02268345",
"8/26/2009","-63.4375","-7.02514982223511","82","34.895","22.061","9.6370686288","1.09179989003048","0.838818777718581","10.472792688",
"8/27/2009","-63.4375","-7.02514982223511","82","28.687","22.189","11.855791584","0.932583226399943","0.940712233526871","16.692524982",
"8/28/2009","-63.4375","-7.02514982223511","82","31.403","22.74","4.72755384","0.937224371881523","0.89900356789558","8.940656952",
"8/29/2009","-63.4375","-7.02514982223511","82","35.067","22.772","6.015014964","1.08487730717962","0.79398871037208","13.825063512",
"8/30/2009","-63.4375","-7.02514982223511","82","31.116","22.941","15.667541568","0.490913356521694","0.906422604423273","25.492956408",
"8/31/2009","-63.4375","-7.02514982223511","82","31.899","22.901","9.7297638624","0.7451253096687","0.90258741422824","24.194023632",
"9/1/2009","-63.4375","-7.02514982223511","82","34.615","21.375","15.741352728","0.61520070106733","0.865889746480454","17.9797527",
"9/2/2009","-63.4375","-7.02514982223511","82","35.085","20.378","0.04806522","0.905136289379667","0.7291600380367","18.39369636",
"9/3/2009","-63.4375","-7.02514982223511","82","37.081","21.894","0","1.35721456476779","0.57107947940492","22.94944146",
"9/4/2009","-63.4375","-7.02514982223511","82","37.693","23.056","0","1.22337924221272","0.568680457627903","19.59069294",
"9/5/2009","-63.4375","-7.02514982223511","82","37.222","22.253","0","1.04637791961421","0.546927011466497","22.595237208",
"9/6/2009","-63.4375","-7.02514982223511","82","38.647","24.103","0","0.912335039423072","0.543996455646199","13.740018048",
"9/7/2009","-63.4375","-7.02514982223511","82","37.494","23.149","0","1.16528990150363","0.44706117998637","18.073129752",
"9/8/2009","-63.4375","-7.02514982223511","82","38.083","19.594","0","1.20067572948719","0.489773553174915","19.853709768",
"9/9/2009","-63.4375","-7.02514982223511","82","37.485","22.872","0","1.32656093538043","0.514884955045624","25.604325",
"9/10/2009","-63.4375","-7.02514982223511","82","38.833","23.474","0","1.55790349149317","0.46006065877601","21.56209182",
"9/11/2009","-63.4375","-7.02514982223511","82","30.948","21.049","0.7965087264","2.49057998778955","0.669226778359373","18.7076241",
"9/12/2009","-63.4375","-7.02514982223511","82","34.049","18.654","0.0308990664","1.4518941841862","0.674795013590167","20.448282168",
"9/13/2009","-63.4375","-7.02514982223511","82","33.119","21.351","1.1861800992","1.22938622506963","0.683523424305498","22.83873768",
"9/14/2009","-63.4375","-7.02514982223511","82","35.881","22.562","0.40512096","1.33221591940246","0.700809527364546","16.45273008",
"9/15/2009","-63.4375","-7.02514982223511","82","36.785","21.967","1.9912716","0.992880105349275","0.636739167441648","19.681368768",
"9/16/2009","-63.4375","-7.02514982223511","82","35.655","23.121","8.33243688","1.09851018596632","0.725503520009293","26.395925688",
"9/17/2009","-63.4375","-7.02514982223511","82","32.569","23.221","3.2135030064","1.1738324362441","0.794607749409483","16.9271991",
"9/18/2009","-63.4375","-7.02514982223511","82","34.607","22.07","5.050278432","0.996039602762965","0.788679517734304","22.15102842",
"9/19/2009","-63.4375","-7.02514982223511","82","33.776","23.08","13.08402684","0.695460450157344","0.850586554379426","27.111943728",
"9/20/2009","-63.4375","-7.02514982223511","82","36.358","22.612","4.19540076","0.921314439628133","0.792478606105536","19.3197933",
"9/21/2009","-63.4375","-7.02514982223511","82","35.077","22.214","3.343963464","1.49932013689692","0.791156577794513","25.6365693",
"9/22/2009","-63.4375","-7.02514982223511","82","32.271","21.911","4.202274132","0.925464528341711","0.896919118755001","18.739517292",
"9/23/2009","-63.4375","-7.02514982223511","82","31.105","23.146","6.32572812","0.962482836053877","0.845409129311002","27.212400288",
"9/24/2009","-63.4375","-7.02514982223511","82","27.29","22.727","4.808235672","1.28116789965547","0.895318045031587","8.321060088",
"9/25/2009","-63.4375","-7.02514982223511","82","32.804","22.124","2.6126860464","1.35812565506678","0.834796259078585","24.77761974",
"9/26/2009","-63.4375","-7.02514982223511","82","29.664","22.31","38.54825604","1.00912931075111","0.932481307054416","23.75392545",
"9/27/2009","-63.4375","-7.02514982223511","82","36.642","22.221","0.0102996792","1.14628118464287","0.716765523622649","20.525282928",
"9/28/2009","-63.4375","-7.02514982223511","82","33.2","23.149","3.481296084","1.2919716039898","0.765203822827577","27.23068476",
"9/29/2009","-63.4375","-7.02514982223511","82","36.236","22.539","2.2109976","1.57444820666751","0.776819530437123","18.35976816",
"9/30/2009","-63.4375","-7.02514982223511","82","36.358","22.497","1.6033162104","1.85225811651686","0.756750119240757","18.99309708",
"10/1/2009","-63.4375","-7.02514982223511","82","35.824","21.735","0","1.06615574954143","0.727175641240646","13.18983912",
"10/2/2009","-63.4375","-7.02514982223511","82","34.938","21.508","2.6847864","1.14213875613341","0.761458229172792","18.66797838",
"10/3/2009","-63.4375","-7.02514982223511","82","34.217","22.786","0","0.766023990228193","0.739703264791009","12.28122882",
"10/4/2009","-63.4375","-7.02514982223511","82","38.463","20.888","0","1.0065047265423","0.595696091225555","18.17262756",
"10/5/2009","-63.4375","-7.02514982223511","82","36.436","22.145","0","1.29986460757398","0.587652751492759","18.31399092",
"10/6/2009","-63.4375","-7.02514982223511","82","37.13","23.999","0.755310132","1.03023975680001","0.611740711744636","21.70406124",
"10/7/2009","-63.4375","-7.02514982223511","82","38.617","23.894","0.00686646","1.25079059004844","0.576758507162019","22.26285",
"10/8/2009","-63.4375","-7.02514982223511","82","36.164","23.652","2.05307136","1.03430791948333","0.667391446510058","14.4141786",
"10/9/2009","-63.4375","-7.02514982223511","82","24.962","22.909","6.571197864","0.905388004217751","0.956574657240196","1.75674384",
"10/10/2009","-63.4375","-7.02514982223511","82","39.325","21.227","0.061798104","1.02112623693837","0.68624278873681","19.63501398",
"10/11/2009","-63.4375","-7.02514982223511","82","32.689","23.873","2.96630766","1.57850636102162","0.773943584375078","28.1623464",
"10/12/2009","-63.4375","-7.02514982223511","82","40.468","23.201","3.107070324","1.15997259809033","0.706167547335712","18.70368444",
"10/13/2009","-63.4375","-7.02514982223511","82","27.196","21.885","28.49578542","0.878339947784267","0.957278834281656","5.34127824",
"10/14/2009","-63.4375","-7.02514982223511","82","30.966","22.895","6.622695432","0.841782642334787","0.898335538450902","17.70283944",
"10/15/2009","-63.4375","-7.02514982223511","82","33.408","23.226","14.1363072","1.00543620571188","0.850540708827521","24.901369128",
"10/16/2009","-63.4375","-7.02514982223511","82","31.02","23.433","60.59644344","1.05570985880609","0.910987797831864","16.62485814",
"10/17/2009","-63.4375","-7.02514982223511","82","33.246","23.778","20.9667207744","0.648458190816566","0.889149263420022","23.28098436",
"10/18/2009","-63.4375","-7.02514982223511","82","37.277","23.84","17.5403640528","0.994845499640876","0.852549046770031","19.85861718",
"10/19/2009","-63.4375","-7.02514982223511","82","33.744","23.576","4.95758268","0.90525900240814","0.849110540083966","23.338071",
"10/20/2009","-63.4375","-7.02514982223511","82","32.324","23.098","9.525495852","1.00890310296478","0.900161279148817","23.03572518",
"10/21/2009","-63.4375","-7.02514982223511","82","35.51","23.286","4.8648822264","1.32412945115161","0.842131104897927","17.622787608",
"10/22/2009","-63.4375","-7.02514982223511","82","32.523","24.354","9.3177782064","0.916216604653704","0.905939669849234","20.080016712",
"10/23/2009","-63.4375","-7.02514982223511","82","36.443","22.962","3.7868454","1.13502393958695","0.671649011684736","29.17153224",
"10/24/2009","-63.4375","-7.02514982223511","82","38.511","23.878","0.0480652128","1.01316236588338","0.558226452164891","28.88084196",
"10/25/2009","-63.4375","-7.02514982223511","82","38.7","25.374","1.59988464","1.03490455864804","0.645097875754897","18.55237392",
"10/26/2009","-63.4375","-7.02514982223511","82","36.954","23.554","0","1.21187000031894","0.552714995606332","19.16571924",
"10/27/2009","-63.4375","-7.02514982223511","82","33.004","23.049","3.23066412","1.16671525862782","0.72728097856631","28.50873876",
"10/28/2009","-63.4375","-7.02514982223511","82","31.596","23.477","2.5886538","1.32702132328174","0.816352701281572","24.56476776",
"10/29/2009","-63.4375","-7.02514982223511","82","35.684","22.989","8.68950324","1.3802596170198","0.817196481518918","17.90836488",
"10/30/2009","-63.4375","-7.02514982223511","82","32.215","23.171","12.696072552","0.853967749696109","0.892886303178112","21.45667554",
"10/31/2009","-63.4375","-7.02514982223511","82","35.605","23.154","16.70608008","0.937624126900904","0.8500132823606","18.63134892",
"11/1/2009","-63.4375","-7.02514982223511","82","27.81","24.214","28.31210244","1.3779881684071","0.950038589037968","16.46657208",
"11/2/2009","-63.4375","-7.02514982223511","82","27.482","24.168","29.15153424","1.50276594091483","0.957414120313245","19.73862864",
"11/3/2009","-63.4375","-7.02514982223511","82","30.478","23.44","7.13253168","0.877012939507845","0.874057220652798","11.943957672",
"11/4/2009","-63.4375","-7.02514982223511","82","31.612","22.259","7.572841488","0.989446116685555","0.869852681389977","27.47739402",
"11/5/2009","-63.4375","-7.02514982223511","82","30.821","24.46","13.228228476","1.37119703479761","0.866957561557931","13.2835536",
"11/6/2009","-63.4375","-7.02514982223511","82","30.228","23.18","12.6480139128","1.13535076732176","0.893803815040236","23.81843952",
"11/7/2009","-63.4375","-7.02514982223511","82","33.314","23.194","0.786208896","1.1427954442493","0.785866398438628","15.94839618",
"11/8/2009","-63.4375","-7.02514982223511","82","35.882","21.838","1.320075648","1.48402326975877","0.745424646340999","26.4978549",
"11/9/2009","-63.4375","-7.02514982223511","82","30.571","23.691","9.9031482","1.00335104946846","0.919159469829076","20.91335508",
"11/10/2009","-63.4375","-7.02514982223511","82","33.345","24.295","3.6804194064","1.14920900323865","0.816289410748658","24.24785472",
"11/11/2009","-63.4375","-7.02514982223511","82","36.118","23.806","0.0137329128","1.34946226728683","0.725270999614038","18.2121183",
"11/12/2009","-63.4375","-7.02514982223511","82","36.573","22.768","0","0.954091510684187","0.697159358632414","17.38344204",
"11/13/2009","-63.4375","-7.02514982223511","82","36.537","23.565","1.6204830264","1.22119387300334","0.721173377112401","17.9497656",
"11/14/2009","-63.4375","-7.02514982223511","82","35.15","22.928","54.916192872","0.750918734204079","0.856315580252304","17.1996219",
"11/15/2009","-63.4375","-7.02514982223511","82","28.473","22.759","74.942193348","1.10123829354126","0.927615851466213","10.23682482",
"11/16/2009","-63.4375","-7.02514982223511","82","32.992","22.203","1.9363386384","0.834702361696356","0.842169424472981","19.03162086",
"11/17/2009","-63.4375","-7.02514982223511","82","35.795","24.214","5.4794269872","0.922205037139904","0.859220694994366","24.27282666",
"11/18/2009","-63.4375","-7.02514982223511","82","35.539","22.838","5.321502828","0.644040384096728","0.832756360027573","27.99556938",
"11/19/2009","-63.4375","-7.02514982223511","82","32.332","24.708","15.384297348","0.983196112453004","0.908226199607443","21.52974708",
"11/20/2009","-63.4375","-7.02514982223511","82","32","23.835","9.8619422544","1.03237133619839","0.899304004711991","24.0502509",
"11/21/2009","-63.4375","-7.02514982223511","82","32.746","23.714","7.947921132","0.867347549712502","0.863931657548538","21.475803348",
"11/22/2009","-63.4375","-7.02514982223511","82","35.272","22.949","1.589584896","1.16199540241027","0.725507961648161","27.0310455",
"11/23/2009","-63.4375","-7.02514982223511","82","32.973","21.855","6.28280604","0.897269994234351","0.835512062489739","17.0400888",
"11/24/2009","-63.4375","-7.02514982223511","82","36.514","20.796","0","1.08339178769758","0.711108229243667","17.01799092",
"11/25/2009","-63.4375","-7.02514982223511","82","29.887","22.772","3.26328192","1.32398405627728","0.865502354392271","21.42000126",
"11/26/2009","-63.4375","-7.02514982223511","82","32.523","22.949","8.7821938224","1.02338315409783","0.84953713475148","26.86821228",
"11/27/2009","-63.4375","-7.02514982223511","82","29.078","24.054","19.35653796","0.647564199752435","0.951054628435403","13.31285346",
"11/28/2009","-63.4375","-7.02514982223511","82","30.524","23.351","8.9847526608","0.900814381694089","0.91833932675251","13.62987882",
"11/29/2009","-63.4375","-7.02514982223511","82","29.398","23.727","9.602739216","0.858756045903766","0.929627928373109","19.06790796",
"11/30/2009","-63.4375","-7.02514982223511","82","36.598","22.454","1.55525184","1.02878052022359","0.807184422851188","24.78346884",
"12/1/2009","-63.4375","-7.02514982223511","82","36.617","22.141","5.21850078","1.1420275304054","0.821205469159494","24.94282608",
"12/2/2009","-63.4375","-7.02514982223511","82","32.574","23.043","15.21606744","0.853396646248002","0.89104661266125","24.69291012",
"12/3/2009","-63.4375","-7.02514982223511","82","31.269","23.52","24.1355846664","0.995437167698646","0.922968164675742","18.3895866",
"12/4/2009","-63.4375","-7.02514982223511","82","29.568","23.302","38.07446796","0.673956688143708","0.944863807538298","11.86655922",
"12/5/2009","-63.4375","-7.02514982223511","82","31.683","23.677","15.919878096","0.70353527618375","0.900894710698328","16.88889726",
"12/6/2009","-63.4375","-7.02514982223511","82","28.339","23.412","24.8514197544","0.693770057829635","0.938188135237691","8.76746574",
"12/7/2009","-63.4375","-7.02514982223511","82","28.589","21.799","12.926096676","0.791096669039731","0.937203872903156","9.041793912",
"12/8/2009","-63.4375","-7.02514982223511","82","29.889","21.741","21.56753916","0.843238289346841","0.936409126273736","14.69368368",
"12/9/2009","-63.4375","-7.02514982223511","82","25.756","22.964","102.0939443064","0.784060442122464","0.975606256702041","3.82348206",
"12/10/2009","-63.4375","-7.02514982223511","82","31.629","22.951","12.170789352","0.777850594841334","0.908728368402779","16.07945616",
"12/11/2009","-63.4375","-7.02514982223511","82","32.475","23.64","11.1030567984","1.15373858401693","0.847874688623528","20.94727194",
"12/12/2009","-63.4375","-7.02514982223511","82","33.29","22.826","6.8166735264","1.00678337090511","0.840408646196699","24.1508322",
"12/13/2009","-63.4375","-7.02514982223511","82","24.399","21.446","32.63969448","1.11512137097307","0.975914744964281","2.00390688",
"12/14/2009","-63.4375","-7.02514982223511","82","30.055","21.249","7.8483567744","0.610250265375203","0.906968097211678","13.09235454",
"12/15/2009","-63.4375","-7.02514982223511","82","25.961","23.108","1.733779476","0.616266455936676","0.966005085246949","4.37101992",
"12/16/2009","-63.4375","-7.02514982223511","82","31.363","22.377","6.6226932504","0.771244972193337","0.907268807586202","19.40900292",
"12/17/2009","-63.4375","-7.02514982223511","82","27.445","23.356","12.1004154","0.80068577763079","0.961885271838413","11.6035281",
"12/18/2009","-63.4375","-7.02514982223511","82","30.126","23.315","18.8827530264","1.0301563885074","0.915236911765547","24.005358",
"12/19/2009","-63.4375","-7.02514982223511","82","31.631","23.815","12.2840918928","1.12149513550507","0.895765887171599","18.9207054",
"12/20/2009","-63.4375","-7.02514982223511","82","26.817","22.527","11.35024308","0.869960534906229","0.966585749183135","12.98142882",
"12/21/2009","-63.4375","-7.02514982223511","82","29.958","22.128","12.54158226","0.915555829866347","0.933886000816296","22.657502232",
"12/22/2009","-63.4375","-7.02514982223511","82","29.422","22.916","7.280163756","1.03614375799234","0.943503999178142","14.994169992",
"12/23/2009","-63.4375","-7.02514982223511","82","28.173","21.977","12.067788492","0.520947064317953","0.962662343018329","15.55222608",
"12/24/2009","-63.4375","-7.02514982223511","82","32.112","21.985","8.040618396","0.644803461807537","0.937277412165656","16.9519509",
"12/25/2009","-63.4375","-7.02514982223511","82","29.988","22.521","1.819610964","0.855096008460054","0.909658834993054","14.18298696",
"12/26/2009","-63.4375","-7.02514982223511","82","30.818","21.939","13.89598272","0.691533083329171","0.945318599236872","20.57280822",
"12/27/2009","-63.4375","-7.02514982223511","82","29.687","21.794","11.933897472","0.776009959295501","0.928527280234714","18.9330732",
"12/28/2009","-63.4375","-7.02514982223511","82","26.824","23.169","51.8897808","0.924905997157423","0.971775131362989","5.77225944",
"12/29/2009","-63.4375","-7.02514982223511","82","30.193","22.852","27.1585602","0.957891420199347","0.908064940150333","14.86198422",
"12/30/2009","-63.4375","-7.02514982223511","82","29.655","22.598","2.859878808","1.0797264666671","0.9023657207066","16.17283368",
"12/31/2009","-63.4375","-7.02514982223511","82","24.958","21.542","29.306030184","0.714431615506476","0.960153566632017","6.23019438",
"1/1/2010","-63.4375","-7.02514982223511","82","28.814","21.829","1.8402106248","1.1190881823422","0.854238009301248","13.9809951",
"1/2/2010","-63.4375","-7.02514982223511","82","26.83","22.356","0.305557092","1.04907991206682","0.885928148734939","5.38903692",
"1/3/2010","-63.4375","-7.02514982223511","82","26.46","22.594","0.5870817432","1.1079544383705","0.905673958628215","5.8504446",
"1/4/2010","-63.4375","-7.02514982223511","82","30.603","22.594","0.0858307104","1.49475800528461","0.814924706102311","17.739452448",
"1/5/2010","-63.4375","-7.02514982223511","82","32.552","21.903","5.046842556","0.931513941534516","0.813796215518865","23.20942284",
"1/6/2010","-63.4375","-7.02514982223511","82","30.622","23.117","20.47233456","0.633659354252105","0.920445919645282","24.19762536",
"1/7/2010","-63.4375","-7.02514982223511","82","30.116","23.239","12.421411812","0.875134887786276","0.918466817257854","23.63439834",
"1/8/2010","-63.4375","-7.02514982223511","82","28.077","22.984","18.7385596848","0.833877109623996","0.960879328221664","19.9822527",
"1/9/2010","-63.4375","-7.02514982223511","82","28.57","22.173","5.68542654","0.871731285365974","0.939685955217732","12.49577064",
"1/10/2010","-63.4375","-7.02514982223511","82","28.924","22.101","7.4586888","0.795132851541653","0.933943840993054","17.83288116",
"1/11/2010","-63.4375","-7.02514982223511","82","29.145","23.454","18.53943642","0.718965867874759","0.943152485326277","20.6664147",
"1/12/2010","-63.4375","-7.02514982223511","82","27.478","23.423","5.393605716","0.747507346881824","0.953408717067531","6.87217644",
"1/13/2010","-63.4375","-7.02514982223511","82","29.211","23.761","1.759530204","1.08546155480737","0.898453056995774","12.36194514",
"1/14/2010","-63.4375","-7.02514982223511","82","28.551","22.945","8.066371248","0.903825185419127","0.955058908893885","14.8010643",
"1/15/2010","-63.4375","-7.02514982223511","82","31.38","23.045","3.1070700144","0.9405901036587","0.893170845852116","19.085512608",
"1/16/2010","-63.4375","-7.02514982223511","82","29.739","23.988","14.96544228","0.722522930472359","0.944229326308406","17.36802828",
"1/17/2010","-63.4375","-7.02514982223511","82","29.758","22.385","25.5603852","0.860087108977904","0.950528252377115","11.14644186",
"1/18/2010","-63.4375","-7.02514982223511","82","32.581","23.152","11.3845842","0.692318848725693","0.901367632582779","16.20028188",
"1/19/2010","-63.4375","-7.02514982223511","82","31.194","21.609","12.035184156","0.783270015508364","0.915632326870122","21.593026008",
"1/20/2010","-63.4375","-7.02514982223511","82","31.632","23.726","12.89863368","0.488677375585443","0.938849937473846","21.6084393",
"1/21/2010","-63.4375","-7.02514982223511","82","30.572","22.928","12.1776527304","0.640125620439229","0.937353150701721","13.27123044",
"1/22/2010","-63.4375","-7.02514982223511","82","29.481","23.735","15.6349220544","0.661010816232102","0.960232814607878","7.02067212",
"1/23/2010","-63.4375","-7.02514982223511","82","30.043","23.023","12.778470108","0.608196633833615","0.937358287147156","17.2226826",
"1/24/2010","-63.4375","-7.02514982223511","82","33.442","22.918","6.3549016632","0.762717440675259","0.887774522032471","21.3238692",
"1/25/2010","-63.4375","-7.02514982223511","82","33.528","23.106","10.41984648","0.80945870674052","0.831243239689684","19.16516088",
"1/26/2010","-63.4375","-7.02514982223511","82","28.97","23.24","9.218216196","1.06330506275103","0.921783382673965","16.01971686",
"1/27/2010","-63.4375","-7.02514982223511","82","27.573","22.665","4.727549988","1.06616173754843","0.91604344377723","9.823449132",
"1/28/2010","-63.4375","-7.02514982223511","82","30.467","22.376","2.6178358464","0.788863182415775","0.921105014897865","15.975277488",
"1/29/2010","-63.4375","-7.02514982223511","82","29.943","23.152","10.7734694904","0.711008091155851","0.927613075814504","25.63351596",
"1/30/2010","-63.4375","-7.02514982223511","82","28.889","24.014","29.3266300464","0.944016069015252","0.941240653118548","10.770975738",
"1/31/2010","-63.4375","-7.02514982223511","82","28.545","23.238","5.261416668","0.882420255034287","0.936793709992559","15.95654838",
"2/1/2010","-63.4375","-7.02514982223511","82","30.133","23.995","12.19482324","0.852165512689544","0.936103495632739","14.760340722",
"2/2/2010","-63.4375","-7.02514982223511","82","33.068","23.914","2.883913596","1.29072040645504","0.870427958760487","22.971495888",
"2/3/2010","-63.4375","-7.02514982223511","82","29.225","24.173","8.150482764","0.904773727810344","0.94322181948819","16.898069232",
"2/4/2010","-63.4375","-7.02514982223511","82","30.47","24.365","9.572696244","0.814861322258551","0.935401612679069","18.75712608",
"2/5/2010","-63.4375","-7.02514982223511","82","29.152","23.628","26.40665304","0.858860318030577","0.936219327663898","16.592959548",
"2/6/2010","-63.4375","-7.02514982223511","82","28.566","23.616","7.0183770984","0.68947916911453","0.946186910640899","9.4282812",
"2/7/2010","-63.4375","-7.02514982223511","82","31.174","23.922","8.785629","0.882700973734888","0.897118837787036","13.854996612",
"2/8/2010","-63.4375","-7.02514982223511","82","32.18","23.578","5.311201788","0.979958889963784","0.919168383649034","18.561882384",
"2/9/2010","-63.4375","-7.02514982223511","82","28.707","24.487","14.213561652","0.884528620259701","0.950175244995156","16.35790005",
"2/10/2010","-63.4375","-7.02514982223511","82","27.375","24.122","20.0672154864","0.879700658461182","0.959583310365279","8.90200926",
"2/11/2010","-63.4375","-7.02514982223511","82","30.113","23.788","8.8465690368","0.983305090748425","0.883508009974945","13.4027424",
"2/12/2010","-63.4375","-7.02514982223511","82","33.487","23.874","11.394892044","0.933980532801315","0.895724862453535","20.316937968",
"2/13/2010","-63.4375","-7.02514982223511","82","25.497","23.322","12.1862437992","0.807409317387548","0.967788771797946","3.011962464",
"2/14/2010","-63.4375","-7.02514982223511","82","30.412","22.911","7.048418364","1.00748471328393","0.927889351852827","21.858751872",
"2/15/2010","-63.4375","-7.02514982223511","82","30.68","23.749","0.940704696","1.37976975305657","0.859286130180178","16.697928042",
"2/16/2010","-63.4375","-7.02514982223511","82","32.89","22.693","6.32572344","1.49357502162364","0.836912978115694","28.74053934",
"2/17/2010","-63.4375","-7.02514982223511","82","30.442","24.179","12.2076986328","1.11781163193168","0.946837165875976","15.40895544",
"2/18/2010","-63.4375","-7.02514982223511","82","29.407","23.876","13.0102138728","0.85227684402566","0.946672443391805","21.34012536",
"2/19/2010","-63.4375","-7.02514982223511","82","27.82","23.492","0.454044456","0.839532377773882","0.933789632865078","6.1171308",
"2/20/2010","-63.4375","-7.02514982223511","82","32.812","23.147","9.5993064144","0.965117219554117","0.876383035475508","24.411939552",
"2/21/2010","-63.4375","-7.02514982223511","82","29.753","24.459","21.1057678584","0.845855886187917","0.940215095095379","21.70406484",
"2/22/2010","-63.4375","-7.02514982223511","82","27.897","23.666","20.403672228","0.820518136749782","0.928299883024484","8.198886168",
"2/23/2010","-63.4375","-7.02514982223511","82","32.296","23.928","8.414840592","0.930783553339906","0.884307788735301","22.6964844",
"2/24/2010","-63.4375","-7.02514982223511","82","33.657","22.65","6.4956719448","0.956985775122684","0.918263068079724","19.538492832",
"2/25/2010","-63.4375","-7.02514982223511","82","29.487","23.435","8.2071299592","0.836531806763695","0.915621510058499","21.627171072",
"2/26/2010","-63.4375","-7.02514982223511","82","27.678","24.219","13.20934104","0.857093436038551","0.964530279087314","10.269903528",
"2/27/2010","-63.4375","-7.02514982223511","82","31.379","23.404","4.8357021744","0.654727178981117","0.931419481847491","17.932502232",
"2/28/2010","-63.4375","-7.02514982223511","82","26.282","23.805","20.67661476","0.617810719460835","0.975314782247953","3.100275648",
"3/1/2010","-63.4375","-7.02514982223511","82","31.506","21.801","3.759383772","0.874743408458109","0.904278955667014","14.8636701",
"3/2/2010","-63.4375","-7.02514982223511","82","34.514","23.173","7.714465416","0.590738523801519","0.911874061647642","19.89011142",
"3/3/2010","-63.4375","-7.02514982223511","82","33.928","24.458","5.905152072","0.916220390847204","0.878828795166177","20.575961928",
"3/4/2010","-63.4375","-7.02514982223511","82","31.926","23.363","11.650657284","0.95402292115076","0.911925073479602","26.70040962",
"3/5/2010","-63.4375","-7.02514982223511","82","34.243","24.244","4.38423516","1.00472001454417","0.846254116274459","27.82587024",
"3/6/2010","-63.4375","-7.02514982223511","82","29.714","24.59","10.5382888704","0.885841972594183","0.912545438905259","19.767255768",
"3/7/2010","-63.4375","-7.02514982223511","82","30.51","23.966","10.138319424","0.932092320431824","0.894409401777399","21.614509728",
"3/8/2010","-63.4375","-7.02514982223511","82","33.819","24.57","22.417263","0.739862474417627","0.908209172591186","19.47104622",
"3/9/2010","-63.4375","-7.02514982223511","82","29.637","24.582","10.6636007448","0.85370189329898","0.94535080291221","13.593941064",
"3/10/2010","-63.4375","-7.02514982223511","82","28.501","22.449","11.9201620464","0.846242653382244","0.956566744920532","12.942452988",
"3/11/2010","-63.4375","-7.02514982223511","82","32.388","22.618","5.18074452","0.928903445684108","0.89984477801397","14.5523241",
"3/12/2010","-63.4375","-7.02514982223511","82","32.066","23.898","7.6801275","0.812952103488235","0.869817123399068","14.8004469",
"3/13/2010","-63.4375","-7.02514982223511","82","33.242","23.246","5.02624836","1.08169004382894","0.85769856722893","24.7070799",
"3/14/2010","-63.4375","-7.02514982223511","82","35.944","23.682","0.43945344","1.51899138025254","0.753876740038544","24.428471688",
"3/15/2010","-63.4375","-7.02514982223511","82","31.642","24.208","19.9230208128","1.1145572413811","0.940864767884544","21.8951991",
"3/16/2010","-63.4375","-7.02514982223511","82","31.214","23.823","1.181029968","1.00881927772164","0.887380303641433","11.08333206",
"3/17/2010","-63.4375","-7.02514982223511","82","34.416","21.968","3.14483832","1.14364670682904","0.803365691699767","23.2593723",
"3/18/2010","-63.4375","-7.02514982223511","82","32.53","23.694","11.0069279784","1.05043667860113","0.87621947316319","24.892591968",
"3/19/2010","-63.4375","-7.02514982223511","82","29.932","22.318","19.5110226","0.956641012473159","0.936181189446345","26.22476124",
"3/20/2010","-63.4375","-7.02514982223511","82","28.608","24.523","18.2544732","0.865835522968608","0.960109399912575","19.544335272",
"3/21/2010","-63.4375","-7.02514982223511","82","31.917","24.238","3.062438568","0.826727899800835","0.874208951175802","18.70340265",
"3/22/2010","-63.4375","-7.02514982223511","82","32.046","23.901","2.6950839408","0.934034409759459","0.878152250560576","17.78485194",
"3/23/2010","-63.4375","-7.02514982223511","82","35.768","22.767","0","1.1064640648856","0.755122027171022","15.65358642",
"3/24/2010","-63.4375","-7.02514982223511","82","34.272","24.095","1.2256630704","1.45544136243682","0.781818788222578","13.88126592",
"3/25/2010","-63.4375","-7.02514982223511","82","27.894","23.581","6.0390486","1.0024983788191","0.943435425252736","5.867661618",
"3/26/2010","-63.4375","-7.02514982223511","82","28.292","21.946","6.348039408","0.61870280200546","0.937130994115242","11.194867728",
"3/27/2010","-63.4375","-7.02514982223511","82","32.261","22.627","10.423277532","0.652363365075489","0.882503973216959","17.2134",
"3/28/2010","-63.4375","-7.02514982223511","82","30.892","23.323","9.2456821728","0.782124877336946","0.927173978253984","20.6163594",
"3/29/2010","-63.4375","-7.02514982223511","82","29.34","24.292","23.6532222","0.573077499435543","0.956519681269215","18.4574808",
"3/30/2010","-63.4375","-7.02514982223511","82","32.246","24.555","29.34380484","0.793351230117529","0.917755155605157","15.43376565",
"3/31/2010","-63.4375","-7.02514982223511","82","27.552","24.428","16.627125276","1.0509010617106","0.961810782096845","15.94479456",
"4/1/2010","-63.4375","-7.02514982223511","82","31.63","23.428","3.8074468032","1.07205026420558","0.935678061972784","12.20360778",
"4/2/2010","-63.4375","-7.02514982223511","82","26.991","22.833","15.4375093224","0.780983581148176","0.961979480972723","6.78566718",
"4/3/2010","-63.4375","-7.02514982223511","82","27.718","21.273","0.3107072088","0.80654990619697","0.902377372099474","8.015563728",
"4/4/2010","-63.4375","-7.02514982223511","82","33.047","20.769","12.555307728","0.974505317753978","0.86304083945868","24.78206196",
"4/5/2010","-63.4375","-7.02514982223511","82","28.39","24.196","10.775189484","1.00923040379846","0.951411259786838","18.0296451",
"4/6/2010","-63.4375","-7.02514982223511","82","26.979","22.944","0.5733488016","1.73981806728776","0.892220241784089","13.980995352",
"4/7/2010","-63.4375","-7.02514982223511","82","30.62","22.162","0.4343031576","1.61399278276294","0.805379820735969","25.005715272",
"4/8/2010","-63.4375","-7.02514982223511","82","30.539","22.559","2.992058208","1.36838469828761","0.846972479471879","25.62322374",
"4/9/2010","-63.4375","-7.02514982223511","82","31.165","21.766","2.483940492","1.23590618448266","0.813615370552252","18.28878876",
"4/10/2010","-63.4375","-7.02514982223511","82","32.773","21.294","0","1.09080964421042","0.72389310257567","22.460120064",
"4/11/2010","-63.4375","-7.02514982223511","82","32.061","22.711","1.692581112","0.952360162575479","0.807520964732691","16.297587432",
"4/12/2010","-63.4375","-7.02514982223511","82","35.084","23.494","6.4476008064","0.902382743163658","0.843858906462707","13.584827232",
"4/13/2010","-63.4375","-7.02514982223511","82","32.308","21.518","6.30684108","1.10962036097558","0.878207579120696","25.90492374",
"4/14/2010","-63.4375","-7.02514982223511","82","33.2","23.142","0.16221996","1.44809895601637","0.769685655453391","26.26385256",
"4/15/2010","-63.4375","-7.02514982223511","82","32.706","21.208","4.80480084","1.33482357995525","0.843114072516304","26.04065454",
"4/16/2010","-63.4375","-7.02514982223511","82","29.114","23.985","8.8525805184","0.98286822803754","0.947800817921668","14.849774208",
"4/17/2010","-63.4375","-7.02514982223511","82","28.192","23.347","19.92130056","0.940508100324909","0.958923611564591","22.524633792",
"4/18/2010","-63.4375","-7.02514982223511","82","30.144","23.275","7.70673924","1.06442247144237","0.937208464906638","24.891922152",
"4/19/2010","-63.4375","-7.02514982223511","82","30.754","23.4","6.62269536","1.11919868937351","0.899550331886638","23.9500674",
"4/20/2010","-63.4375","-7.02514982223511","82","31.387","22.097","8.376219","0.721885712100598","0.923131271534644","25.25000886",
"4/21/2010","-63.4375","-7.02514982223511","82","30.649","23.722","13.7947065264","0.759966087586676","0.935451252025986","19.316028168",
"4/22/2010","-63.4375","-7.02514982223511","82","32.603","24.581","2.62126656","0.851822792575898","0.86920457132645","20.105327088",
"4/23/2010","-63.4375","-7.02514982223511","82","36.131","23.447","0.54244926","1.22526290117264","0.698223873668698","25.01888148",
"4/24/2010","-63.4375","-7.02514982223511","82","29.676","23.304","10.668762","0.864970367361867","0.931414890983538","17.087008608",
"4/25/2010","-63.4375","-7.02514982223511","82","33.494","23.625","3.4486760304","0.960781248329418","0.86129484573885","18.87767352",
"4/26/2010","-63.4375","-7.02514982223511","82","31.364","23.507","17.70859188","1.1429946706512","0.921035261556237","24.11375526",
"4/27/2010","-63.4375","-7.02514982223511","82","31.359","23.582","14.223866472","0.806450151096184","0.926124306698949","19.02711942",
"4/28/2010","-63.4375","-7.02514982223511","82","33.108","24.148","15.0547038264","0.871235647849984","0.901782294027241","17.30401596",
"4/29/2010","-63.4375","-7.02514982223511","82","31.511","23.285","12.514117932","1.02630042172975","0.849345277261539","20.41593786",
"4/30/2010","-63.4375","-7.02514982223511","82","32.546","23.049","2.205848916","0.894157027357314","0.86829111234566","17.053537392",
"5/1/2010","-63.4375","-7.02514982223511","82","29.356","22.073","4.059789912","0.628087394349123","0.923304927382122","17.72426052",
"5/2/2010","-63.4375","-7.02514982223511","82","33.29","23.141","11.85493536","0.849144661342893","0.876029152454123","21.291803208",
"5/3/2010","-63.4375","-7.02514982223511","82","30.842","24.242","10.74257028","1.00567262627314","0.935423349742386","14.030547552",
"5/4/2010","-63.4375","-7.02514982223511","82","29.483","21.789","13.26942684","0.686310775053209","0.943797257764476","20.1238956",
"5/5/2010","-63.4375","-7.02514982223511","82","28.899","21.642","9.3692756664","0.765215143217655","0.93630835810634","20.90132244",
"5/6/2010","-63.4375","-7.02514982223511","82","32.448","22.594","2.111436936","0.966136966231333","0.885165033263862","17.12311686",
"5/7/2010","-63.4375","-7.02514982223511","82","29.11","23.395","10.4146953264","1.07725845364736","0.943133370713072","22.63770288",
"5/8/2010","-63.4375","-7.02514982223511","82","30.118","23.92","3.9653780328","0.724066880343368","0.942634666776378","13.09838364",
"5/9/2010","-63.4375","-7.02514982223511","82","26.662","22.209","5.788418688","1.61758391580115","0.939792699831197","6.68908152",
"5/10/2010","-63.4375","-7.02514982223511","82","28.126","20.62","0.0583648776","1.90688721795957","0.770630414208466","16.49840526",
"5/11/2010","-63.4375","-7.02514982223511","82","28.374","18.258","0","2.00227494964036","0.650191752715761","23.78891772",
"5/12/2010","-63.4375","-7.02514982223511","82","28.702","17.889","0","1.69533061077878","0.634363068506918","22.94072208",
"5/13/2010","-63.4375","-7.02514982223511","82","30.674","17.396","0","1.38600426890923","0.670255033278076","24.351970248",
"5/14/2010","-63.4375","-7.02514982223511","82","34.113","20.098","0","0.89240693352011","0.680128187791964","18.574482168",
"5/15/2010","-63.4375","-7.02514982223511","82","32.305","21.173","0","0.960645454808214","0.755095697915712","13.52069676",
"5/16/2010","-63.4375","-7.02514982223511","82","34.23","23.253","6.536862","0.788239995552905","0.810185100602293","16.83078444",
"5/17/2010","-63.4375","-7.02514982223511","82","35.5","22.671","0","1.1257482794547","0.726743129016893","23.10513498",
"5/18/2010","-63.4375","-7.02514982223511","82","33.968","23.68","8.4114054","0.859078109177038","0.830061009883592","17.87472306",
"5/19/2010","-63.4375","-7.02514982223511","82","29.592","22.685","6.523132212","1.11490891943919","0.927229238380579","22.89341286",
"5/20/2010","-63.4375","-7.02514982223511","82","31.332","22.751","8.4594774384","0.96792142317629","0.89835055839283","22.84329078",
"5/21/2010","-63.4375","-7.02514982223511","82","30.289","22.002","12.6308448","1.00323422216803","0.93988237254348","20.13356484",
"5/22/2010","-63.4375","-7.02514982223511","82","30.579","23.841","8.854296768","0.87509302642783","0.920468656507508","19.18277028",
"5/23/2010","-63.4375","-7.02514982223511","82","30.137","23.04","5.520634272","0.88821470332049","0.92383017087302","18.6880518",
"5/24/2010","-63.4375","-7.02514982223511","82","32.323","22.161","3.373148412","0.947069999053834","0.841981184951097","22.58240832",
"5/25/2010","-63.4375","-7.02514982223511","82","33.02","21.02","7.77111048","0.979067551043273","0.863234088341851","22.6684098",
"5/26/2010","-63.4375","-7.02514982223511","82","30.109","24.09","16.33872744","1.04979266116457","0.938764050869749","20.5277049",
"5/27/2010","-63.4375","-7.02514982223511","82","29.432","22.815","1.565550864","1.12777266431137","0.924412949149606","9.22426758",
"5/28/2010","-63.4375","-7.02514982223511","82","32.805","23.188","8.0131567464","1.17313911660026","0.880061501185853","21.0885201",
"5/29/2010","-63.4375","-7.02514982223511","82","31.767","23.707","9.441373284","0.894994222676243","0.936711409241493","17.3396862",
"5/30/2010","-63.4375","-7.02514982223511","82","29.949","23.726","4.3842339288","0.559754634601584","0.934402756299367","16.9944156",
"5/31/2010","-63.4375","-7.02514982223511","82","28.887","21.006","21.56926104","0.96757569718759","0.948059025162856","13.93942734",
"6/1/2010","-63.4375","-7.02514982223511","82","26.875","20.75","6.0476268528","1.72888834815657","0.899662757344182","13.29812208",
"6/2/2010","-63.4375","-7.02514982223511","82","29.172","19.73","3.515625792","0.88771955380046","0.906673393522277","10.866656232",
"6/3/2010","-63.4375","-7.02514982223511","82","31.234","20.979","4.4975324664","1.08968473844653","0.918688506261109","16.305245388",
"6/4/2010","-63.4375","-7.02514982223511","82","28.272","21.052","10.776897792","0.837729550750076","0.955548288748998","20.88562536",
"6/5/2010","-63.4375","-7.02514982223511","82","28.056","23.485","12.187960884","0.965308814785721","0.949472638918559","17.6847732",
"6/6/2010","-63.4375","-7.02514982223511","82","28.874","19.112","3.45382452","1.17565622727745","0.924283932466243","12.68864964",
"6/7/2010","-63.4375","-7.02514982223511","82","32.405","18.733","0.8514407304","0.933052642962719","0.819149236822877","19.17646884",
"6/8/2010","-63.4375","-7.02514982223511","82","32.027","21.033","8.48007144","1.06741877765503","0.853350374825588","22.35605058",
"6/9/2010","-63.4375","-7.02514982223511","82","34.264","19.689","2.76203016","1.0448525582735","0.802061507252341","14.45399838",
"6/10/2010","-63.4375","-7.02514982223511","82","33.486","18.728","5.8279032","0.879750454855445","0.830234455695869","14.21724114",
"6/11/2010","-63.4375","-7.02514982223511","82","30.8","21.968","0.444603132","0.807877855979147","0.864417893336374","12.50088588",
"6/12/2010","-63.4375","-7.02514982223511","82","34.434","20.85","0","0.998712617249189","0.720938106425462","17.097921",
"6/13/2010","-63.4375","-7.02514982223511","82","34.158","21.222","0.0068664528","0.966980770658848","0.774978229419245","11.27530674",
"6/14/2010","-63.4375","-7.02514982223511","82","34.425","19.847","0","0.967045665949397","0.740968159552204","15.79358754",
"6/15/2010","-63.4375","-7.02514982223511","82","34.09","20.892","0.1029968352","0.93863925697898","0.735051489246","14.89314438",
"6/16/2010","-63.4375","-7.02514982223511","82","34.801","20.465","0","1.11456991087328","0.693535222925125","22.78569726",
"6/17/2010","-63.4375","-7.02514982223511","82","34.226","20.952","0","0.890133731619132","0.656576385957057","18.27162774",
"6/18/2010","-63.4375","-7.02514982223511","82","33.68","22.831","5.8776826392","1.06433677657768","0.804474183064731","17.973564768",
"6/19/2010","-63.4375","-7.02514982223511","82","34.827","23.05","1.3818735648","0.938801494683701","0.773875330391448","18.98319924",
"6/20/2010","-63.4375","-7.02514982223511","82","34.718","22.452","0","1.06623408600289","0.716923875211222","17.17351812",
"6/21/2010","-63.4375","-7.02514982223511","82","32.483","21.497","0.1064300544","0.865495258878709","0.788801108553781","16.46971578",
"6/22/2010","-63.4375","-7.02514982223511","82","35.07","22.899","4.8288357","0.816819096186496","0.8240931946608","15.2947179",
"6/23/2010","-63.4375","-7.02514982223511","82","34.34","22.902","1.35784152","1.07069275945032","0.842057356739134","11.2280652",
"6/24/2010","-63.4375","-7.02514982223511","82","34.346","21.048","0","1.33960106694844","0.742022746319192","22.0633299",
"6/25/2010","-63.4375","-7.02514982223511","82","34.842","17.362","0","1.35948159079219","0.672994580710165","21.13931592",
"6/26/2010","-63.4375","-7.02514982223511","82","34.753","19.812","0","1.17337435890052","0.643745636095741","18.90304398",
"6/27/2010","-63.4375","-7.02514982223511","82","34.491","20.069","0","1.15065617941342","0.668232898420856","15.83325162",
"6/28/2010","-63.4375","-7.02514982223511","82","33.721","21.492","0","1.46536551258992","0.571923702186593","22.0946049",
"6/29/2010","-63.4375","-7.02514982223511","82","32.917","20.896","0","1.3798774256422","0.601023321075195","17.44863876",
"6/30/2010","-63.4375","-7.02514982223511","82","33.544","22.595","0","1.72817688671123","0.524868271652311","21.427540668",
"7/1/2010","-63.4375","-7.02514982223511","82","34.31","20.431","0","1.24864223960681","0.577177394175605","22.75459308",
"7/2/2010","-63.4375","-7.02514982223511","82","35.367","16.334","0","0.832363370405894","0.643350989818686","22.0522536",
"7/3/2010","-63.4375","-7.02514982223511","82","33.556","19.52","0","0.829009009258828","0.663096628549834","12.59893008",
"7/4/2010","-63.4375","-7.02514982223511","82","35.331","18.687","0","1.08356260570009","0.668699234498183","21.6282375",
"7/5/2010","-63.4375","-7.02514982223511","82","35.207","19.578","0","0.794923264860783","0.645759788231143","18.19417878",
"7/6/2010","-63.4375","-7.02514982223511","82","34.773","22.069","2.7929317464","1.14380561856497","0.713691215104193","13.95731268",
"7/7/2010","-63.4375","-7.02514982223511","82","36.386","21.698","0","1.00565272402271","0.673859686258276","20.50283718",
"7/8/2010","-63.4375","-7.02514982223511","82","35.352","21.801","0","1.30970329196043","0.609817861310769","22.79035746",
"7/9/2010","-63.4375","-7.02514982223511","82","35.971","19.177","0","0.999539131676119","0.642801742433082","22.9234446",
"7/10/2010","-63.4375","-7.02514982223511","82","34.873","22.609","0.0566482464","1.08697735561927","0.626774218353307","12.85869438",
"7/11/2010","-63.4375","-7.02514982223511","82","36.87","20.324","0.5887989","1.04088692933789","0.701972860877044","14.78368314",
"7/12/2010","-63.4375","-7.02514982223511","82","35.763","22.915","0.1235963592","1.26135753813286","0.695765740220916","15.39557244",
"7/13/2010","-63.4375","-7.02514982223511","82","30.822","22.933","4.29840396","0.986430358047146","0.867468496581088","21.72599964",
"7/14/2010","-63.4375","-7.02514982223511","82","29.267","21.735","6.586648524","1.23387757356893","0.898597851468956","22.312015272",
"7/15/2010","-63.4375","-7.02514982223511","82","31.037","20.665","6.25190256","1.52212057613617","0.891015394804798","21.83597316",
"7/16/2010","-63.4375","-7.02514982223511","82","27.512","19.381","0.130462632","2.0012931609876","0.740808135353578","16.3245897",
"7/17/2010","-63.4375","-7.02514982223511","82","24.773","16.538","0.027465804","2.32105770082961","0.617155774488721","13.65440904",
"7/18/2010","-63.4375","-7.02514982223511","82","28.188","14.741","0","1.64304706145324","0.615394711265657","23.2751826",
"7/19/2010","-63.4375","-7.02514982223511","82","30.892","17.829","0","1.35187104670538","0.654145171604625","23.31866124",
"7/20/2010","-63.4375","-7.02514982223511","82","34.681","22.311","0","0.887965432458234","0.58840161008801","14.28052149",
"7/21/2010","-63.4375","-7.02514982223511","82","36.47","22.719","0.08583084","1.08147876721167","0.62363535136952","23.2593741",
"7/22/2010","-63.4375","-7.02514982223511","82","34.399","20.345","0.40512096","0.87167627878773","0.710659313754205","18.66380364",
"7/23/2010","-63.4375","-7.02514982223511","82","32.946","18.47","0","1.04705350411831","0.722929630333013","17.5622643",
"7/24/2010","-63.4375","-7.02514982223511","82","37.217","20.755","0","1.17632262163286","0.66197515668193","18.51710454",
"7/25/2010","-63.4375","-7.02514982223511","82","36.923","19.535","0","1.00070158027409","0.593061941239507","23.92976232",
"7/26/2010","-63.4375","-7.02514982223511","82","35.941","18.64","0","1.32256850877872","0.555594307100708","24.28593606",
"7/27/2010","-63.4375","-7.02514982223511","82","35.201","18.778","0","1.37197249481165","0.47904234231261","24.41542554",
"7/28/2010","-63.4375","-7.02514982223511","82","35.454","16.287","0","0.984096181556503","0.545751636182931","18.27337356",
"7/29/2010","-63.4375","-7.02514982223511","82","37.554","17.705","0","1.08147364341595","0.548874759495292","23.35781088",
"7/30/2010","-63.4375","-7.02514982223511","82","37.206","19.639","0","1.1684198581183","0.603292221766811","20.3594121",
"7/31/2010","-63.4375","-7.02514982223511","82","35.939","19.623","0","0.866720663388683","0.635384749837521","16.48192482",
"8/1/2010","-63.4375","-7.02514982223511","82","37.637","20.767","0","1.26086519705489","0.535507988372222","21.0241125",
"8/2/2010","-63.4375","-7.02514982223511","82","37.472","21.407","0","1.28063534127455","0.525325541420274","23.09681304",
"8/3/2010","-63.4375","-7.02514982223511","82","36.402","19.846","0","1.52378865731687","0.450879695144092","25.07310504",
"8/4/2010","-63.4375","-7.02514982223511","82","34.781","21.097","0","2.01336356466956","0.450282404741945","24.70657446",
"8/5/2010","-63.4375","-7.02514982223511","82","29.907","20.883","0","2.39511042350571","0.44435627972717","24.2273241",
"8/6/2010","-63.4375","-7.02514982223511","82","34.907","20.839","0","1.62038663900222","0.443119424057503","25.02483552",
"8/7/2010","-63.4375","-7.02514982223511","82","36.779","18.98","0","1.06283477007888","0.570693689000778","24.99327756",
"8/8/2010","-63.4375","-7.02514982223511","82","38.404","19.823","0","1.02605442256547","0.449332287891175","25.08975288",
"8/9/2010","-63.4375","-7.02514982223511","82","38.255","24.704","0.0034332264","1.26176079512182","0.427301043248207","24.70415778",
"8/10/2010","-63.4375","-7.02514982223511","82","38.813","23.478","0","1.1350194397475","0.421725012959158","25.23758238",
"8/11/2010","-63.4375","-7.02514982223511","82","39.317","19.356","0","1.05994479772142","0.480588527485873","25.30811772",
"8/12/2010","-63.4375","-7.02514982223511","82","37.287","20.127","0","1.43973948311686","0.588368772844415","25.346359872",
"8/13/2010","-63.4375","-7.02514982223511","82","36.965","20.745","0","0.913226373129784","0.577031730003827","21.3065442",
"8/14/2010","-63.4375","-7.02514982223511","82","37.66","19.389","0","1.4623479152031","0.456816958995279","25.990256808",
"8/15/2010","-63.4375","-7.02514982223511","82","37.099","21.285","0","1.64518036572114","0.387417919447943","26.2242009",
"8/16/2010","-63.4375","-7.02514982223511","82","37.756","19.744","0","1.43251679650502","0.367457416242419","26.39970126",
"8/17/2010","-63.4375","-7.02514982223511","82","40.572","17.041","0","0.993457785387977","0.364405561506361","26.39829636",
"8/18/2010","-63.4375","-7.02514982223511","82","39.799","15.24","0","0.963326519544979","0.386909616988291","24.896699208",
"8/19/2010","-63.4375","-7.02514982223511","82","39.528","23.65","0","1.16344440066774","0.47648562659825","16.7828022",
"8/20/2010","-63.4375","-7.02514982223511","82","38.003","24.075","0.284958","1.13323791256523","0.46738121606677","15.577314768",
"8/21/2010","-63.4375","-7.02514982223511","82","37.881","21.699","0","1.12812991942227","0.50755096320294","18.8637174",
"8/22/2010","-63.4375","-7.02514982223511","82","39.426","20.262","0","1.45466781820809","0.445574572112002","19.82070126",
"8/23/2010","-63.4375","-7.02514982223511","82","40.864","23.716","0","1.42478764457129","0.491130005115352","21.85897356",
"8/24/2010","-63.4375","-7.02514982223511","82","39.054","22.389","0","1.35279876815189","0.48739286339616","18.7496478",
"8/25/2010","-63.4375","-7.02514982223511","82","38.842","22.514","3.35769534","1.18738027506144","0.582906636512912","16.62474528",
"8/26/2010","-63.4375","-7.02514982223511","82","39.637","22.821","0.0034332264","1.31287738608217","0.498144205007911","23.14085634",
"8/27/2010","-63.4375","-7.02514982223511","82","36.036","24.243","0.082397448","1.54858736160825","0.592436299035254","13.909328352",
"8/28/2010","-63.4375","-7.02514982223511","82","40.46","23.072","0.5218506","1.03348301734453","0.639468900745048","16.671542472",
"8/29/2010","-63.4375","-7.02514982223511","82","37.062","23.007","2.07366984","1.09385853233768","0.665114495541138","14.2043598",
"8/30/2010","-63.4375","-7.02514982223511","82","35.44","22.597","0.621414144","0.721094249024257","0.658012222292269","17.21154294",
"8/31/2010","-63.4375","-7.02514982223511","82","36.124","21.543","0.4806513","0.946470349458886","0.594890742188969","16.500379032",
"9/1/2010","-63.4375","-7.02514982223511","82","36.81","23.004","0.02059938","1.61698041858961","0.556389460217597","24.51015108",
"9/2/2010","-63.4375","-7.02514982223511","82","36.049","21.663","0.5321505024","0.736706337539038","0.616538203318932","16.76148696",
"9/3/2010","-63.4375","-7.02514982223511","82","37.874","23.304","2.03590386","1.62257651580026","0.726484063742704","19.05322572",
"9/4/2010","-63.4375","-7.02514982223511","82","35.448","24.069","5.08804272","1.16417490050972","0.797103298526455","25.8946263",
"9/5/2010","-63.4375","-7.02514982223511","82","37.033","22.766","1.002502764","1.29297202723168","0.748720739233481","14.102831448",
"9/6/2010","-63.4375","-7.02514982223511","82","37.46","22.166","0","1.41928878773544","0.57199491761737","24.945133608",
"9/7/2010","-63.4375","-7.02514982223511","82","39.067","21.323","0","1.53154705428969","0.426602726677132","27.351396432",
"9/8/2010","-63.4375","-7.02514982223511","82","40.442","25.192","0","1.26501523647727","0.354197465919777","27.677016792",
"9/9/2010","-63.4375","-7.02514982223511","82","37.76","27.282","0","1.75979593328691","0.480643967625042","16.1340786",
"9/10/2010","-63.4375","-7.02514982223511","82","39.926","23.466","0.470352276","1.25547024041971","0.568794139052064","16.4389563",
"9/11/2010","-63.4375","-7.02514982223511","82","35.075","23.309","0.089263872","1.35967287385402","0.617628886705928","18.7189875",
"9/12/2010","-63.4375","-7.02514982223511","82","36.49","23.589","0.17509446","1.26323775095299","0.589095595308384","15.386958072",
"9/13/2010","-63.4375","-7.02514982223511","82","34.631","22.781","0.288390996","1.14840533165798","0.710230882661389","13.23786924",
"9/14/2010","-63.4375","-7.02514982223511","82","36.549","21.198","0.3570556824","1.04914610933363","0.657944428041839","15.213147768",
"9/15/2010","-63.4375","-7.02514982223511","82","39.28","23.103","0.7518769128","1.68092644322523","0.6272547916898","22.83019074",
"9/16/2010","-63.4375","-7.02514982223511","82","41.102","23.493","6.65359632","1.26095319703223","0.656811294910859","17.44638048",
"9/17/2010","-63.4375","-7.02514982223511","82","39.209","23.067","4.3395999984","1.31805298719756","0.67696756756189","14.95231596",
"9/18/2010","-63.4375","-7.02514982223511","82","38.31","23.526","0.992202552","1.30004551634444","0.576983740328037","19.0653201",
"9/19/2010","-63.4375","-7.02514982223511","82","40.132","20.229","0.185394384","1.34320250990186","0.475568085072517","19.0791027",
"9/20/2010","-63.4375","-7.02514982223511","82","39.974","23.662","3.711317076","1.38898126398764","0.649163116036278","16.60888512",
"9/21/2010","-63.4375","-7.02514982223511","82","31.304","23.344","11.6935805664","1.42797857582555","0.856728123585375","19.135461312",
"9/22/2010","-63.4375","-7.02514982223511","82","36.184","24.409","0.0102996792","1.10668427793077","0.662292320171836","16.425392328",
"9/23/2010","-63.4375","-7.02514982223511","82","36.261","23.037","0","1.37553684777248","0.594641792065675","22.55608656",
"9/24/2010","-63.4375","-7.02514982223511","82","38.881","22.783","0","0.888630059438503","0.552196050177282","20.7917406",
"9/25/2010","-63.4375","-7.02514982223511","82","39.992","22.219","2.557754172","1.13618705340338","0.585538425145971","19.8174366",
"9/26/2010","-63.4375","-7.02514982223511","82","37.414","23.536","4.24347084","1.29042526741741","0.715539767267283","22.84172064",
"9/27/2010","-63.4375","-7.02514982223511","82","38.645","23.315","0.072097776","1.39654570407394","0.583211193985847","19.42419276",
"9/28/2010","-63.4375","-7.02514982223511","82","38.96","24.29","0","1.43223700485755","0.525893631616745","19.06238952",
"9/29/2010","-63.4375","-7.02514982223511","82","40.192","24.873","0","1.62764743713086","0.47012968291838","25.285608",
"9/30/2010","-63.4375","-7.02514982223511","82","41.206","25.023","0.6900786","0.89132465708914","0.547569485032583","16.41498552",
"10/1/2010","-63.4375","-7.02514982223511","82","39.803","22.987","2.73800124","0.987272921215307","0.602424668091688","19.41817356",
"10/2/2010","-63.4375","-7.02514982223511","82","39.164","22.286","0.075531024","1.46842118649482","0.591539745029907","19.69340472",
"10/3/2010","-63.4375","-7.02514982223511","82","27.693","23.2","23.7390492744","1.43551977725331","0.899509064483015","23.238117",
"10/4/2010","-63.4375","-7.02514982223511","82","36.792","22.231","2.1646495224","1.49028694569107","0.779489282416948","15.672767832",
"10/5/2010","-63.4375","-7.02514982223511","82","35.98","22.524","3.91559652","1.35406966682542","0.791564020728139","18.95653656",
"10/6/2010","-63.4375","-7.02514982223511","82","36.34","22.037","0.089264052","1.44917079800998","0.67619964940035","17.145621",
"10/7/2010","-63.4375","-7.02514982223511","82","37.088","23.261","0.106430148","1.35112086925502","0.587443997403141","27.34442244",
"10/8/2010","-63.4375","-7.02514982223511","82","41.745","23.556","0","1.15347036749473","0.530176907621443","19.6931808",
"10/9/2010","-63.4375","-7.02514982223511","82","37.926","24.791","1.115798904","1.63723567496567","0.548670978133643","18.87614712",
"10/10/2010","-63.4375","-7.02514982223511","82","37.406","22.986","4.080389688","0.953263802187903","0.700309152295552","14.39556192",
"10/11/2010","-63.4375","-7.02514982223511","82","32.826","22.281","14.2135659864","1.25552688758401","0.849801035856278","25.35766884",
"10/12/2010","-63.4375","-7.02514982223511","82","36.724","21.978","1.73721096","1.08419442998729","0.715720588666784","18.339246",
"10/13/2010","-63.4375","-7.02514982223511","82","33.749","22.145","8.1865351728","0.994582618964898","0.861128399295628","21.21732864",
"10/14/2010","-63.4375","-7.02514982223511","82","31.317","23.448","10.739140128","1.11412740935567","0.864868555143229","25.50948912",
"10/15/2010","-63.4375","-7.02514982223511","82","35.321","22.3","8.66889792","1.41888379512454","0.790597842453423","20.0900232",
"10/16/2010","-63.4375","-7.02514982223511","82","37.36","20.818","2.174950872","0.844215785770877","0.69035473489781","17.34249204",
"10/17/2010","-63.4375","-7.02514982223511","82","40.367","23.142","1.50203844","1.07311706930643","0.645566078387644","19.65408804",
"10/18/2010","-63.4375","-7.02514982223511","82","30.141","23.331","21.146967","0.784270091572571","0.911748222332094","26.46888192",
"10/19/2010","-63.4375","-7.02514982223511","82","27.93","22.407","3.8520797976","1.09460293697664","0.914761602501747","12.44300724",
"10/20/2010","-63.4375","-7.02514982223511","82","36.98","21.066","3.34396512","0.877540770732616","0.78220277575509","19.09203408",
"10/21/2010","-63.4375","-7.02514982223511","82","31.548","23.176","9.33838236","1.13476469680448","0.888822748407024","27.5979906",
"10/22/2010","-63.4375","-7.02514982223511","82","32.094","22.266","4.09240836","1.31761703770919","0.82222192254273","24.61753008",
"10/23/2010","-63.4375","-7.02514982223511","82","36.168","24.044","2.5783540704","1.26230858616089","0.795609982141502","13.12250508",
"10/24/2010","-63.4375","-7.02514982223511","82","26.925","21.996","20.513534868","1.16146429592281","0.94573988289262","6.51273642",
"10/25/2010","-63.4375","-7.02514982223511","82","34.815","21.557","5.41763244","0.920841293699817","0.868680024209279","23.68653858",
"10/26/2010","-63.4375","-7.02514982223511","82","31.729","24.008","11.256693336","0.711248168381703","0.915797293967969","19.6065603",
"10/27/2010","-63.4375","-7.02514982223511","82","32.146","23.85","31.838091912","1.0597489370571","0.864536253687946","15.489782748",
"10/28/2010","-63.4375","-7.02514982223511","82","27.28","23.904","8.200257012","0.799993146334011","0.951031403458297","10.4722308",
"10/29/2010","-63.4375","-7.02514982223511","82","33.798","23.533","3.6357880464","1.1128721888173","0.854878422668832","20.28105252",
"10/30/2010","-63.4375","-7.02514982223511","82","32.938","22.438","6.47335152","1.1217173547063","0.840176731107172","16.18616484",
"10/31/2010","-63.4375","-7.02514982223511","82","34.192","23.974","7.94105784","1.33053809227754","0.890722073202107","14.08646736",
"11/1/2010","-63.4375","-7.02514982223511","82","29.751","24.289","4.396247424","1.44305370868462","0.916518379137358","13.97665926",
"11/2/2010","-63.4375","-7.02514982223511","82","29.822","22.821","7.439799744","1.33263834860267","0.882081400356857","24.79292424",
"11/3/2010","-63.4375","-7.02514982223511","82","34.878","23.769","1.864243548","1.27118331446058","0.811145087113307","22.1387625",
"11/4/2010","-63.4375","-7.02514982223511","82","37.496","24.156","10.6224054336","1.22033661861338","0.845460872751271","14.46997374",
"11/5/2010","-63.4375","-7.02514982223511","82","35.454","24.079","10.2138505992","1.373077725022","0.799716039249719","25.361946",
"11/6/2010","-63.4375","-7.02514982223511","82","25.85","22.362","111.96784692","1.22151509195036","0.969493816727604","3.4065027",
"11/7/2010","-63.4375","-7.02514982223511","82","36.613","22.644","6.897354588","0.980206457369034","0.826643551648386","14.22641286",
"11/8/2010","-63.4375","-7.02514982223511","82","26.876","23.782","13.8427712064","1.05417752920721","0.95146524976154","14.07555486",
"11/9/2010","-63.4375","-7.02514982223511","82","28.103","22.312","14.22729576","0.964085516218044","0.910508679712444","8.9735067",
"11/10/2010","-63.4375","-7.02514982223511","82","32.762","22.304","4.59366048","1.29230605595821","0.832872332622764","27.83925198",
"11/11/2010","-63.4375","-7.02514982223511","82","30.8","23.528","14.80407624","1.21603552712148","0.925034218967009","15.61753548",
"11/12/2010","-63.4375","-7.02514982223511","82","28.156","23.094","15.913007856","0.934179678200082","0.9527415802572","17.9767062",
"11/13/2010","-63.4375","-7.02514982223511","82","29.229","22.397","23.54851044","0.724091787696687","0.945582270261489","25.2503991",
"11/14/2010","-63.4375","-7.02514982223511","82","29.148","23.729","20.48606388","0.945012036735312","0.929917033792558","8.81122266",
"11/15/2010","-63.4375","-7.02514982223511","82","33.983","23.385","2.214431928","1.1981203948963","0.840577620058858","20.64645108",
"11/16/2010","-63.4375","-7.02514982223511","82","31.346","23.007","20.080952352","0.99801914725874","0.890269133236647","27.52458588",
"11/17/2010","-63.4375","-7.02514982223511","82","27.81","23.097","20.04661386","0.946449995130375","0.952565069512355","21.19798116",
"11/18/2010","-63.4375","-7.02514982223511","82","32.63","22.594","8.564187204","0.926464486813915","0.88754916455824","19.87013934",
"11/19/2010","-63.4375","-7.02514982223511","82","30.339","23.447","3.38516226","1.23831300472352","0.862043677086334","17.7855732",
"11/20/2010","-63.4375","-7.02514982223511","82","30.772","21.795","9.97695756","1.01523632370699","0.87708322721475","27.8137737",
"11/21/2010","-63.4375","-7.02514982223511","82","26.401","22.21","14.917369932","1.02755091805195","0.965679387263878","9.374854968",
"11/22/2010","-63.4375","-7.02514982223511","82","30.764","21.783","8.0114363568","0.447531250497566","0.928924312614154","20.469487752",
"11/23/2010","-63.4375","-7.02514982223511","82","27.982","22.833","20.23887312","0.89022345637668","0.955799923062927","21.10730742",
"11/24/2010","-63.4375","-7.02514982223511","82","30.336","23.399","1.788714504","1.00526420194775","0.852425129952994","9.853880112",
"11/25/2010","-63.4375","-7.02514982223511","82","30.468","23.46","32.8010539464","0.709560207823478","0.925224218927101","10.95749694",
"11/26/2010","-63.4375","-7.02514982223511","82","27.159","22.711","77.5772064","1.20625446174377","0.96243557833129","14.81540058",
"11/27/2010","-63.4375","-7.02514982223511","82","34.556","20.899","4.1576388264","0.906450277478938","0.857312286409308","24.75866376",
"11/28/2010","-63.4375","-7.02514982223511","82","29.343","22.926","9.72976716","1.14525744894519","0.911715010080166","27.10259784",
"11/29/2010","-63.4375","-7.02514982223511","82","25.832","23.146","10.8936283464","0.848956103533593","0.968938054155126","3.47265306",
"11/30/2010","-63.4375","-7.02514982223511","82","32.875","22.507","6.0630817248","0.815230813753536","0.884261562276541","24.69560022",
"12/1/2010","-63.4375","-7.02514982223511","82","32.411","24.178","19.2329429328","0.940465947546434","0.912501832762933","22.3884648",
"12/2/2010","-63.4375","-7.02514982223511","82","27.303","23.354","30.07850904","0.895814828550826","0.961789407473493","12.6908973",
"12/3/2010","-63.4375","-7.02514982223511","82","27.254","23.22","10.5571741968","0.770685217763358","0.95686251824388","11.9374839",
"12/4/2010","-63.4375","-7.02514982223511","82","29.681","22.575","12.352750416","0.694830350414052","0.940341583801704","19.66393098",
"12/5/2010","-63.4375","-7.02514982223511","82","33.076","20.823","4.87518336","0.793635066668753","0.859842745284112","28.2908772",
"12/6/2010","-63.4375","-7.02514982223511","82","36.105","22.05","6.315425964","0.854614228012739","0.771678286987968","28.1693844",
"12/7/2010","-63.4375","-7.02514982223511","82","27.444","23.19","142.01541108","1.17031054707652","0.950246460403335","10.84758678",
"12/8/2010","-63.4375","-7.02514982223511","82","30.444","22.654","6.8149567368","0.911499723200132","0.907857509498619","25.3881531",
"12/9/2010","-63.4375","-7.02514982223511","82","32.904","22.94","10.34774856","1.00682553865775","0.888300791183733","26.23049928",
"12/10/2010","-63.4375","-7.02514982223511","82","33.426","23.164","8.3702070792","1.09260172187587","0.862191333425301","25.33410036",
"12/11/2010","-63.4375","-7.02514982223511","82","28.004","23.167","7.089618708","0.897651947230725","0.9517421091259","17.71419456",
"12/12/2010","-63.4375","-7.02514982223511","82","30.629","22.264","8.833690404","0.787496701305658","0.930733586848498","22.45253508",
"12/13/2010","-63.4375","-7.02514982223511","82","30.086","23.383","3.367999044","1.25139469774192","0.884367856823461","21.42202122",
"12/14/2010","-63.4375","-7.02514982223511","82","30.065","22.944","23.297906592","1.15910438419985","0.938858786434785","18.35246142",
"12/15/2010","-63.4375","-7.02514982223511","82","32.221","21.535","3.546524556","1.11844376319888","0.859828445538751","15.62326524",
"12/16/2010","-63.4375","-7.02514982223511","82","29.936","22.689","16.13788668","0.937843350198581","0.941640859961835","23.41355688",
"12/17/2010","-63.4375","-7.02514982223511","82","24.802","22.43","26.85470688","0.979778431281297","0.97423639170744","2.38567518",
"12/18/2010","-63.4375","-7.02514982223511","82","31.165","21.583","14.85214488","0.908539400523606","0.90211731703906","27.57447918",
"12/19/2010","-63.4375","-7.02514982223511","82","25.879","22.851","30.1608972","0.49229532085253","0.971809602940203","8.18228952",
"12/20/2010","-63.4375","-7.02514982223511","82","27.577","22.953","17.064858312","0.624829985354815","0.953164827062966","18.9408393",
"12/21/2010","-63.4375","-7.02514982223511","82","27.677","22.832","10.006148628","0.670007905912734","0.957492035992862","14.40505638",
"12/22/2010","-63.4375","-7.02514982223511","82","26.907","22.648","160.73683668","0.80508152222926","0.963518006640542","11.62226592",
"12/23/2010","-63.4375","-7.02514982223511","82","28.155","23.214","11.9390420376","0.541614130860312","0.947414287057284","17.05978008",
"12/24/2010","-63.4375","-7.02514982223511","82","34.155","22.793","5.280296544","0.808763917253839","0.847876207249939","19.9256076",
"12/25/2010","-63.4375","-7.02514982223511","82","30.814","21.709","13.1046339744","0.812770299250811","0.904975772171575","24.0019839",
"12/26/2010","-63.4375","-7.02514982223511","82","29.04","21.392","13.0840315848","0.595293954906695","0.945423132781511","23.90203638",
"12/27/2010","-63.4375","-7.02514982223511","82","29.625","22.754","20.6783300304","0.607099006091298","0.937262367528562","24.69358062",
"12/28/2010","-63.4375","-7.02514982223511","82","26.205","22.207","72.039406032","0.795719702056599","0.974622612545496","10.49754402",
"12/29/2010","-63.4375","-7.02514982223511","82","31.338","23.272","1.7921448","1.01930164526417","0.877479267889284","16.71446718",
"12/30/2010","-63.4375","-7.02514982223511","82","31.727","22.516","14.17580172","0.806870253283485","0.910633356555198","16.8847299",
"12/31/2010","-63.4375","-7.02514982223511","82","29.242","23.637","3.876116256","0.723073875520442","0.893075752712546","12.43389078",
"1/1/2011","-63.4375","-7.02514982223511","82","31.49","23.542","12.4111103184","0.846046578621269","0.889569831490514","21.886504697196",
"1/2/2011","-63.4375","-7.02514982223511","82","27.272","23.255","26.2641876984","1.09838074835706","0.954381161951459","19.9122111904464",
"1/3/2011","-63.4375","-7.02514982223511","82","28.529","22.432","10.57777254","0.975781835856136","0.931285299036145","24.915316934808",
"1/4/2011","-63.4375","-7.02514982223511","82","29.594","23.059","10.5915087","1.16140095790221","0.915410083560112","15.63502210128",
"1/5/2011","-63.4375","-7.02514982223511","82","27.182","22.296","6.7016594232","0.542097396021204","0.95436335069906","6.943967276904",
"1/6/2011","-63.4375","-7.02514982223511","82","27.157","21.752","2.1955471272","0.792329699324302","0.934831386680447","9.583895401092",
"1/7/2011","-63.4375","-7.02514982223511","82","27.491","19.377","6.2965367784","0.975273027074746","0.919689331261125","10.44256816944",
"1/8/2011","-63.4375","-7.02514982223511","82","29.856","21.831","13.2900252264","0.931098141649674","0.936791051596489","16.8707533131",
"1/9/2011","-63.4375","-7.02514982223511","82","31.417","22.198","11.858368644","0.83718317147884","0.922677512423356","22.90908310956",
"1/10/2011","-63.4375","-7.02514982223511","82","28.208","22.381","17.444232936","0.971949418887248","0.958028795528464","20.072431687032",
"1/11/2011","-63.4375","-7.02514982223511","82","27.469","20.739","13.3415208144","0.83687677840871","0.956476931301556","21.6387812324772",
"1/12/2011","-63.4375","-7.02514982223511","82","27.674","23.58","11.33480088","0.8003959901297","0.964496328524728","13.514700941388",
"1/13/2011","-63.4375","-7.02514982223511","82","30.701","22.846","10.680768072","0.785901353003148","0.922596061342071","26.989388274492",
"1/14/2011","-63.4375","-7.02514982223511","82","28.301","23.678","20.467187244","0.776525835071176","0.946154278608442","25.225653248748",
"1/15/2011","-63.4375","-7.02514982223511","82","27.977","22.91","19.35997812","0.607207042592931","0.96055678253346","9.747388871964",
"1/16/2011","-63.4375","-7.02514982223511","82","27.449","23.604","12.4729197984","1.0331354083345","0.962800352527926","17.196556545072",
"1/17/2011","-63.4375","-7.02514982223511","82","27.797","23.166","15.178302","0.897672114618244","0.959379595583885","14.607422680932",
"1/18/2011","-63.4375","-7.02514982223511","82","31.782","23.447","9.7623867024","0.904820800010224","0.909128457289909","18.567886483044",
"1/19/2011","-63.4375","-7.02514982223511","82","27.621","23.571","12.2154198048","1.17439905737076","0.94899973347035","18.47280652578",
"1/20/2011","-63.4375","-7.02514982223511","82","24.345","21.798","3.8589486624","0.995094400110944","0.976187936109202","3.4661691906984",
"1/21/2011","-63.4375","-7.02514982223511","82","27.793","19.608","3.771403056","0.827325773978705","0.921349488421443","15.2086383275472",
"1/22/2011","-63.4375","-7.02514982223511","82","26.702","21.536","10.46448","0.744284964612847","0.963915637132352","6.447266654292",
"1/23/2011","-63.4375","-7.02514982223511","82","31.082","21.124","0.5252837544","0.610078286838724","0.876491451573509","13.843132237332",
"1/24/2011","-63.4375","-7.02514982223511","82","30.739","21.37","6.0270312312","0.815913892050972","0.893017611738408","27.4347516449736",
"1/25/2011","-63.4375","-7.02514982223511","82","24.548","21.877","14.3955208944","0.926659040809701","0.973081239716805","4.027153553064",
"1/26/2011","-63.4375","-7.02514982223511","82","28.822","20.355","25.1209023984","0.794816040064477","0.938673571320223","20.438433906732",
"1/27/2011","-63.4375","-7.02514982223511","82","26.627","23.118","20.34186948","0.99928577236274","0.964066373047393","8.293568444676",
"1/28/2011","-63.4375","-7.02514982223511","82","26.992","21.696","11.602596924","0.740103923561649","0.964877965094679","14.452495315056",
"1/29/2011","-63.4375","-7.02514982223511","82","29.394","22.473","11.370855024","1.01650042249358","0.899023466646448","13.818445267932",
"1/30/2011","-63.4375","-7.02514982223511","82","28.183","21.076","18.47248092","0.606624979860166","0.949572455062859","17.190498842604",
"1/31/2011","-63.4375","-7.02514982223511","82","26.413","21.857","9.31434516","0.837809733729605","0.95962184793943","12.738227406984",
"2/1/2011","-63.4375","-7.02514982223511","82","31.803","21.823","6.586650324","1.06987047445561","0.869837748362085","20.961773455716",
"2/2/2011","-63.4375","-7.02514982223511","82","30.507","21.003","18.7402710384","0.920177990270465","0.926970863553065","23.341318748604",
"2/3/2011","-63.4375","-7.02514982223511","82","32.44","21.875","10.7219665584","0.786919027651009","0.882916636514433","22.10566108104",
"2/4/2011","-63.4375","-7.02514982223511","82","27.917","22.834","32.88517866","0.727491850337415","0.957736717104345","23.65491345534",
"2/5/2011","-63.4375","-7.02514982223511","82","28.432","21.215","37.3054535064","0.712486268844427","0.961053035691403","8.218370149668",
"2/6/2011","-63.4375","-7.02514982223511","82","28.389","22.258","17.99011278","0.706843327589318","0.960300788137117","20.245774736016",
"2/7/2011","-63.4375","-7.02514982223511","82","26.499","22.55","8.25347646","1.04378758302161","0.962726019952774","10.299606598224",
"2/8/2011","-63.4375","-7.02514982223511","82","28.463","20.687","0.9338386464","0.664065116224865","0.922655425609694","11.447219075148",
"2/9/2011","-63.4375","-7.02514982223511","82","25.363","21.359","49.102032564","0.667874329095249","0.977779107992844","4.275812328534",
"2/10/2011","-63.4375","-7.02514982223511","82","30.208","21.722","12.7630236168","0.786931925009075","0.920556528748076","22.245334845804",
"2/11/2011","-63.4375","-7.02514982223511","82","31.036","23.133","15.585140304","1.01884507879588","0.903765129167095","25.8182773038",
"2/12/2011","-63.4375","-7.02514982223511","82","27.505","22.435","9.760665312","0.786005013609834","0.958501338020061","19.173301144128",
"2/13/2011","-63.4375","-7.02514982223511","82","28.146","22.371","15.7516487568","0.779949234163556","0.95750939819248","18.569968948188",
"2/14/2011","-63.4375","-7.02514982223511","82","26.523","23.24","20.01571596","0.690173354994384","0.968093560160168","6.689043502452",
"2/15/2011","-63.4375","-7.02514982223511","82","30.246","22.487","7.666392636","0.826736024508678","0.93390883524621","15.4077886773108",
"2/16/2011","-63.4375","-7.02514982223511","82","29.366","22.825","2.473640532","0.758016717910031","0.908716586121352","18.28140542136",
"2/17/2011","-63.4375","-7.02514982223511","82","24.284","22.596","25.27198524","1.40829089220489","0.976243654424605","2.379638636244",
"2/18/2011","-63.4375","-7.02514982223511","82","30.001","21.687","3.3748651944","1.31421106429553","0.891503167818163","20.003646285576",
"2/19/2011","-63.4375","-7.02514982223511","82","29.781","21.858","11.676406212","0.543852531803423","0.94360699859551","14.7062565728532",
"2/20/2011","-63.4375","-7.02514982223511","82","27.439","23.236","23.90899842","0.994917254695586","0.963100361851923","21.5881198257276",
"2/21/2011","-63.4375","-7.02514982223511","82","30.251","21.86","13.6831321368","0.764027046692851","0.927663145027032","22.1446939200948",
"2/22/2011","-63.4375","-7.02514982223511","82","30.41","22.921","19.7050088088","0.787040133101729","0.937526084313061","23.0181394180896",
"2/23/2011","-63.4375","-7.02514982223511","82","28.431","22.197","25.244523792","0.560210727103833","0.959882645555152","16.935300649674",
"2/24/2011","-63.4375","-7.02514982223511","82","28.872","23.083","19.164271392","0.707933933363908","0.948208195108003","18.895061333988",
"2/25/2011","-63.4375","-7.02514982223511","82","27.817","21.835","7.7384945304","0.879157883259093","0.960554078650294","14.9845897792368",
"2/26/2011","-63.4375","-7.02514982223511","82","30.167","20.423","7.6990123584","0.769578452692865","0.931069726771631","18.831420059472",
"2/27/2011","-63.4375","-7.02514982223511","82","25.286","21.189","34.5674499192","1.01833282546048","0.973826945730082","6.3566312725728",
"2/28/2011","-63.4375","-7.02514982223511","82","26.716","22.822","24.7587230664","0.839490945765174","0.970692000902179","16.0708695478128",
"3/1/2011","-63.4375","-7.02514982223511","82","27.577","23.384","18.2682054","0.997942908568357","0.964046432052223","21.7403262717696",
"3/2/2011","-63.4375","-7.02514982223511","82","26.475","21.83","6.6021001344","1.52160591496151","0.957073397159827","14.73885462528",
"3/3/2011","-63.4375","-7.02514982223511","82","32.725","21.144","3.6684065376","1.03207456108162","0.849064385040752","25.9519870909213",
"3/4/2011","-63.4375","-7.02514982223511","82","27.287","21.064","12.6823437864","1.15358747036727","0.949960537278446","23.3886754524492",
"3/5/2011","-63.4375","-7.02514982223511","82","28.26","20.245","0.794791764","1.24715411283394","0.880239483159057","13.8279681098496",
"3/6/2011","-63.4375","-7.02514982223511","82","29.026","20.183","16.5464235864","1.41650105596654","0.899970302558196","24.9023157945336",
"3/7/2011","-63.4375","-7.02514982223511","82","30.119","22.8","36.6703236","1.2102529843946","0.935332482745229","11.125135502496",
"3/8/2011","-63.4375","-7.02514982223511","82","27.999","22.964","10.1726523144","0.77028548006805","0.942488834953256","17.2203478582536",
"3/9/2011","-63.4375","-7.02514982223511","82","27.534","23.178","33.6919641408","0.720450673111176","0.953105762684449","8.853281727192",
"3/10/2011","-63.4375","-7.02514982223511","82","28.941","22.734","3.421211112","1.27752008011771","0.882521096675827","18.3694744368",
"3/11/2011","-63.4375","-7.02514982223511","82","27.214","22.782","26.12686212","0.860301094262563","0.958688983670907","21.6158224442832",
"3/12/2011","-63.4375","-7.02514982223511","82","26.786","21.818","17.279438796","0.974846288657291","0.950984118362646","9.802086148584",
"3/13/2011","-63.4375","-7.02514982223511","82","30.82","20.712","0.082397484","1.12934910507374","0.828285923734978","20.635159193388",
"3/14/2011","-63.4375","-7.02514982223511","82","28.369","21.548","16.462334664","0.983471158479018","0.940082072256658","26.2678320556524",
"3/15/2011","-63.4375","-7.02514982223511","82","24.184","20.554","22.061920428","0.93211035223319","0.966932984565818","5.4522518843304",
"3/16/2011","-63.4375","-7.02514982223511","82","33.973","19.251","1.3973231952","0.796476453510042","0.784037556845424","26.750033948304",
"3/17/2011","-63.4375","-7.02514982223511","82","28.357","20.477","24.705500472","0.682853368681807","0.954306593699457","25.39036937682",
"3/18/2011","-63.4375","-7.02514982223511","82","27.659","21.726","17.00992224","0.860815840454604","0.960104081046906","11.9850459143429",
"3/19/2011","-63.4375","-7.02514982223511","82","27.9","21.195","23.63262552","0.717624393011531","0.958573471713737","25.7457512678724",
"3/20/2011","-63.4375","-7.02514982223511","82","32.638","22.418","2.4702073452","1.06221972833997","0.819276250979043","26.3117680359174",
"3/21/2011","-63.4375","-7.02514982223511","82","27.961","22.974","12.474634716","0.627291138695863","0.95518825226312","19.5715445714028",
"3/22/2011","-63.4375","-7.02514982223511","82","31.047","22.776","9.7160344704","1.01212724628136","0.917192150575898","20.221908352736",
"3/23/2011","-63.4375","-7.02514982223511","82","27.62","22.925","8.062929288","0.947963057004617","0.95890443603194","20.2664629501337",
"3/24/2011","-63.4375","-7.02514982223511","82","32.682","23.425","10.9983465504","1.2453666148706","0.842750187225881","23.6632400059392",
"3/25/2011","-63.4375","-7.02514982223511","82","29.732","21.999","5.802151626","1.03899920312693","0.900897702991762","27.372222675828",
"3/26/2011","-63.4375","-7.02514982223511","82","28.529","23.1","16.1396051184","0.77360864116001","0.947712900031184","23.5223285041584",
"3/27/2011","-63.4375","-7.02514982223511","82","24.951","22.051","43.912691946","0.86931572159677","0.979125141809804","3.563411526936",
"3/28/2011","-63.4375","-7.02514982223511","82","30.473","22.065","2.3483269224","0.898028468851155","0.897014983844023","21.168314551512",
"3/29/2011","-63.4375","-7.02514982223511","82","27.307","22.876","16.23230568","0.754997682000285","0.968046612482219","13.595226406056",
"3/30/2011","-63.4375","-7.02514982223511","82","27.369","20.985","15.8597983224","0.505259266458895","0.949888524142746","9.4622427324",
"3/31/2011","-63.4375","-7.02514982223511","82","28.076","20.153","18.98918172","0.658445824614726","0.955631155585692","21.662735233788",
"4/1/2011","-63.4375","-7.02514982223511","82","29.914","23.028","6.99519852","1.01530955990081","0.929763801875403","15.330961664676",
"4/2/2011","-63.4375","-7.02514982223511","82","27.027","21.692","12.3973848","0.754588525969429","0.964413656714925","11.6361761223636",
"4/3/2011","-63.4375","-7.02514982223511","82","30.902","22.386","1.4883039216","0.938355741448481","0.880113479697431","17.835590884464",
"4/4/2011","-63.4375","-7.02514982223511","82","29.945","22.858","8.3169927","1.22505497149851","0.913352660279672","24.5761701897924",
"4/5/2011","-63.4375","-7.02514982223511","82","27.476","23.325","17.330932152","0.753508729567809","0.962686274611053","16.9329458413368",
"4/6/2011","-63.4375","-7.02514982223511","82","28.784","23.118","22.69706436","0.576213674832187","0.955110041707975","15.653097445176",
"4/7/2011","-63.4375","-7.02514982223511","82","28.02","20.814","156.06422136","1.28127747428516","0.940547983945219","11.50088606532",
"4/8/2011","-63.4375","-7.02514982223511","82","26.699","20.454","9.142686288","0.779134466138205","0.966305086640057","11.6215191857448",
"4/9/2011","-63.4375","-7.02514982223511","82","26.531","22.506","6.4836466704","1.05594057048289","0.961232873973557","5.488746105312",
"4/10/2011","-63.4375","-7.02514982223511","82","28.143","21.532","16.343875152","0.603504876654222","0.956628902283352","12.2987987811108",
"4/11/2011","-63.4375","-7.02514982223511","82","29.89","22.835","23.589709668","0.968173656197131","0.939785829861164","19.1694051944028",
"4/12/2011","-63.4375","-7.02514982223511","82","26.66","19.572","136.0519416","1.0453214287355","0.941849359869678","11.034721992924",
"4/13/2011","-63.4375","-7.02514982223511","82","31.136","20.32","8.004568752","0.658887563572755","0.898678097307068","22.14803251116",
"4/14/2011","-63.4375","-7.02514982223511","82","28.771","21.75","8.5607487144","0.78206505058545","0.940903265074515","23.6218890153744",
"4/15/2011","-63.4375","-7.02514982223511","82","28.822","23.147","7.5839991048","0.943768035603266","0.920856916984055","12.4006909169412",
"4/16/2011","-63.4375","-7.02514982223511","82","32.319","21.982","6.4613381904","0.730101910115789","0.863198592005532","22.153557886016",
"4/17/2011","-63.4375","-7.02514982223511","82","29.086","22.001","20.85685524","0.745740546885736","0.9324798283807","24.667687935792",
"4/18/2011","-63.4375","-7.02514982223511","82","27.126","22.144","18.40209732","1.10032785097497","0.96426019862712","19.0207247978772",
"4/19/2011","-63.4375","-7.02514982223511","82","31.19","19.719","1.8024446232","0.855540111904476","0.884894561795529","18.768305975364",
"4/20/2011","-63.4375","-7.02514982223511","82","28.496","20.749","15.686413524","0.870938315816893","0.945285136842306","24.652927268496",
"4/21/2011","-63.4375","-7.02514982223511","82","29.751","22.736","0.3398891904","1.16386944764166","0.856262057823868","17.520740228448",
"4/22/2011","-63.4375","-7.02514982223511","82","29.832","20.782","8.1350312796","0.66864934675208","0.90431257048377","22.777980670512",
"4/23/2011","-63.4375","-7.02514982223511","82","31.418","22.524","6.53857974","0.795987858967231","0.913622342058416","16.713579474216",
"4/24/2011","-63.4375","-7.02514982223511","82","28.225","20.503","12.35446524","0.573132010983557","0.950292906629198","15.019058593584",
"4/25/2011","-63.4375","-7.02514982223511","82","27.589","21.077","15.9919764264","0.73882962023502","0.956985505021668","21.184340310936",
"4/26/2011","-63.4375","-7.02514982223511","82","25.728","21.775","44.88774372","1.04392739159718","0.97660467718175","6.8167894004064",
"4/27/2011","-63.4375","-7.02514982223511","82","28.829","21.077","7.953068592","0.929824345328462","0.950822262898832","18.8759786891796",
"4/28/2011","-63.4375","-7.02514982223511","82","28.516","22.019","7.93075716","0.786309182034054","0.939039684668891","22.4729194801356",
"4/29/2011","-63.4375","-7.02514982223511","82","30.928","22","10.50739272","1.05386260878983","0.912239933261175","23.4832073251212",
"4/30/2011","-63.4375","-7.02514982223511","82","28.725","22.332","3.649520808","0.939728236353821","0.930309106749987","16.463073942576",
"5/1/2011","-63.4375","-7.02514982223511","82","32.517","21.981","1.1569977","1.32330272222877","0.796310246000089","24.6817704633516",
"5/2/2011","-63.4375","-7.02514982223511","82","25.007","22.236","7.3350928944","1.82148151136247","0.914287479311244","5.46184575396072",
"5/3/2011","-63.4375","-7.02514982223511","82","29.944","19.485","0.0102996864","1.79306871123692","0.781842830225142","23.419073723652",
"5/4/2011","-63.4375","-7.02514982223511","82","30.002","20.624","0.5081175864","1.49818404671885","0.788939966036449","20.639453741496",
"5/5/2011","-63.4375","-7.02514982223511","82","33.025","20.314","1.55868552","1.15350387822178","0.790408702459988","19.669208914656",
"5/6/2011","-63.4375","-7.02514982223511","82","26.818","22.285","5.86738692","0.936828906441758","0.96002669377429","6.575495898024",
"5/7/2011","-63.4375","-7.02514982223511","82","25.294","22.892","46.09275948","1.13834951080119","0.976326485870857","3.705374415096",
"5/8/2011","-63.4375","-7.02514982223511","82","31.046","21.494","1.7028808344","1.08130115686542","0.866807513653173","21.891786343596",
"5/9/2011","-63.4375","-7.02514982223511","82","28.422","22.704","10.866158064","0.708772845847156","0.941756024346082","20.3474137352472",
"5/10/2011","-63.4375","-7.02514982223511","82","26.301","21.245","1.946640348","0.8169528511857","0.962661840557744","7.0312230759852",
"5/11/2011","-63.4375","-7.02514982223511","82","31.325","19.303","0.240326028","1.18241413952215","0.840629364671766","19.215953183484",
"5/12/2011","-63.4375","-7.02514982223511","82","25.546","23.122","62.94821796","0.847371306373692","0.977067940567316","3.56719514643",
"5/13/2011","-63.4375","-7.02514982223511","82","28.594","22.262","44.171858952","1.0470550508068","0.92960285745556","17.8830284165316",
"5/14/2011","-63.4375","-7.02514982223511","82","30.742","22.172","10.049056272","0.691726871469041","0.946542596295931","14.96810595564",
"5/15/2011","-63.4375","-7.02514982223511","82","30.805","22.49","6.406401132","0.88408925789574","0.930049771376962","13.318913318616",
"5/16/2011","-63.4375","-7.02514982223511","82","29.919","20.709","3.786848424","1.25882189681974","0.881777507683415","23.004168845724",
"5/17/2011","-63.4375","-7.02514982223511","82","28.264","21.469","2.3946770304","1.17255294844116","0.912041729452666","9.7720422723612",
"5/18/2011","-63.4375","-7.02514982223511","82","25.2","21.987","18.7316859528","0.677632940810578","0.976848146140197","6.331441574484",
"5/19/2011","-63.4375","-7.02514982223511","82","24.283","21.199","16.3919470824","0.79500010058962","0.974609581363991","3.7696697106336",
"5/20/2011","-63.4375","-7.02514982223511","82","25.786","20.113","30.461292324","0.454168723494143","0.974677780640513","7.745120606772",
"5/21/2011","-63.4375","-7.02514982223511","82","27.859","22.346","52.506036612","0.723501507100103","0.960616235583107","13.4003619163296",
"5/22/2011","-63.4375","-7.02514982223511","82","27.314","22.237","14.021293644","0.777695945566235","0.964003408359916","15.54306389946",
"5/23/2011","-63.4375","-7.02514982223511","82","27.463","20.065","9.36755964","0.615190289481915","0.963763121382269","15.346359346356",
"5/24/2011","-63.4375","-7.02514982223511","82","34.223","20.938","0","0.80972719096641","0.804166423223869","23.418025147188",
"5/25/2011","-63.4375","-7.02514982223511","82","33.241","19.352","0.0034332264","0.925916107714489","0.746458602891625","20.579957634888",
"5/26/2011","-63.4375","-7.02514982223511","82","34.034","20.367","0","1.27550373258263","0.651282919659176","23.4418540330296",
"5/27/2011","-63.4375","-7.02514982223511","82","31.575","18.959","3.089907684","0.939261846058379","0.810103998770248","20.7178424464788",
"5/28/2011","-63.4375","-7.02514982223511","82","29.583","21.029","4.30183656","1.32398561395471","0.900502196447148","22.31225667342",
"5/29/2011","-63.4375","-7.02514982223511","82","29.156","21.493","3.153418704","1.15859794824062","0.894919730174061","13.144635321912",
"5/30/2011","-63.4375","-7.02514982223511","82","31.996","19.428","0","1.46392219521737","0.756157680249354","22.131185866992",
"5/31/2011","-63.4375","-7.02514982223511","82","33.325","16.02","0.0034332264","1.01521841399935","0.703502141532989","21.1566307255956",
"6/1/2011","-63.4375","-7.02514982223511","82","30.805","20.374","2.176666164","1.27212135605208","0.757928702097289","22.5699941565504",
"6/2/2011","-63.4375","-7.02514982223511","82","33.563","19.079","0","0.911493292763596","0.744695060619761","18.700649444196",
"6/3/2011","-63.4375","-7.02514982223511","82","34.596","20.078","0","0.929530172518003","0.73162105620071","22.528566218592",
"6/4/2011","-63.4375","-7.02514982223511","82","33.65","19.224","0.068664672","1.19909062939265","0.707037934919515","15.603745673052",
"6/5/2011","-63.4375","-7.02514982223511","82","34.353","20.144","0.20599344","1.12679793002967","0.723119188073127","23.1264583239708",
"6/6/2011","-63.4375","-7.02514982223511","82","34.183","18.724","0","1.04191138552223","0.636188309751048","21.434306543244",
"6/7/2011","-63.4375","-7.02514982223511","82","32.772","22.029","3.884698404","1.16442162509971","0.792933118105492","18.7604489338596",
"6/8/2011","-63.4375","-7.02514982223511","82","29.323","21.794","6.1592148","0.71630251213376","0.9070260519041","18.806959042974",
"6/9/2011","-63.4375","-7.02514982223511","82","31.774","20.591","3.70788732","0.9565283802325","0.8769197256193","16.468172401918",
"6/10/2011","-63.4375","-7.02514982223511","82","31.45","22.789","9.561537504","1.00034681607913","0.921075289439238","17.5084394986944",
"6/11/2011","-63.4375","-7.02514982223511","82","32.693","22.462","0.66089646","1.17877477762079","0.8573092554036","13.3176421732392",
"6/12/2011","-63.4375","-7.02514982223511","82","34.674","21.063","0.18196092","1.14447661116477","0.735995787203927","20.295857691306",
"6/13/2011","-63.4375","-7.02514982223511","82","34.62","23.535","0.199127088","1.14563002186261","0.666739063463617","14.3166116810592",
"6/14/2011","-63.4375","-7.02514982223511","82","32.943","19.583","0","0.994802746636397","0.673219774237839","13.675965727752",
"6/15/2011","-63.4375","-7.02514982223511","82","32.007","19.178","0","0.937747296840774","0.740269955724553","13.505001396336",
"6/16/2011","-63.4375","-7.02514982223511","82","33.696","18.576","6.95915118","0.962199017165006","0.793179121125744","16.87491733455",
"6/17/2011","-63.4375","-7.02514982223511","82","29.049","22.49","5.92403508","0.9082929711631","0.925140593543098","12.939380942436",
"6/18/2011","-63.4375","-7.02514982223511","82","34.118","18.64","0.2952576","1.05797686057157","0.740871603418818","22.573784796624",
"6/19/2011","-63.4375","-7.02514982223511","82","32.576","20.683","0.0068664528","1.04512849405934","0.757704907198955","16.597437079284",
"6/20/2011","-63.4375","-7.02514982223511","82","31.049","18.473","1.824760224","1.00967853659252","0.807975261843042","22.2260401178928",
"6/21/2011","-63.4375","-7.02514982223511","82","32.608","22.2","1.3904569908","0.586570128463356","0.805606774885082","17.286726394692",
"6/22/2011","-63.4375","-7.02514982223511","82","30.162","18.031","0.7587431136","1.17943397327654","0.782872518633975","16.337353601988",
"6/23/2011","-63.4375","-7.02514982223511","82","34.346","21.345","0.0034332264","0.887213993255718","0.739165218156777","8.8629707828268",
"6/24/2011","-63.4375","-7.02514982223511","82","34.546","20.382","0.78620904","0.967092625996594","0.704801747745717","20.705470394148",
"6/25/2011","-63.4375","-7.02514982223511","82","26.682","18.982","0.0617981292","1.1379296179813","0.853033958064823","3.830879950452",
"6/26/2011","-63.4375","-7.02514982223511","82","31.024","20.83","1.8522246996","1.24315210701857","0.821219370673103","17.765074833588",
"6/27/2011","-63.4375","-7.02514982223511","82","29.764","19.855","0.168228","1.70117553266662","0.71671807980659","20.070727597674",
"6/28/2011","-63.4375","-7.02514982223511","82","30.53","19.352","0.0102996792","1.19442016960081","0.696787369895078","12.41226185382",
"6/29/2011","-63.4375","-7.02514982223511","82","30.6","18.683","0.2643585768","0.836891647497984","0.804917482906","13.913453214144",
"6/30/2011","-63.4375","-7.02514982223511","82","31.7","18.103","8.368492428","0.765461565034501","0.870054988842301","20.19064092102",
"7/1/2011","-63.4375","-7.02514982223511","82","32.725","19.196","0.3742215264","1.01588827554715","0.821234967396288","20.120549414364",
"7/2/2011","-63.4375","-7.02514982223511","82","32.228","19.335","0.899505288","1.21568464939938","0.78896815503956","22.027059286956",
"7/3/2011","-63.4375","-7.02514982223511","82","33.565","20.41","1.555252812","0.889650381358243","0.758233741279162","14.5019528407152",
"7/4/2011","-63.4375","-7.02514982223511","82","30.676","20.656","2.19726576","1.57338620691273","0.740013494661505","22.2336596597868",
"7/5/2011","-63.4375","-7.02514982223511","82","32.611","18.337","0","1.36578247654034","0.649074372230981","23.046462092592",
"7/6/2011","-63.4375","-7.02514982223511","82","33.278","19.905","0","1.35573086140517","0.619490181532967","19.40885642916",
"7/7/2011","-63.4375","-7.02514982223511","82","34.005","21.702","5.664830076","0.855395040209208","0.761276217743653","17.195085790164",
"7/8/2011","-63.4375","-7.02514982223511","82","34.131","18.932","2.338028604","1.0431405369379","0.80244551992857","19.234437407496",
"7/9/2011","-63.4375","-7.02514982223511","82","34.96","20.572","1.163863656","0.924194272701632","0.74707522573931","16.8169004081208",
"7/10/2011","-63.4375","-7.02514982223511","82","33.309","19.525","0.57678408","0.966173878477031","0.729051405030004","18.50308485498",
"7/11/2011","-63.4375","-7.02514982223511","82","30.053","19.496","3.58429104","0.858107665820986","0.900833002730278","13.0194523112472",
"7/12/2011","-63.4375","-7.02514982223511","82","33.284","19.259","1.1552816664","0.931594571460224","0.80784346768471","19.352132560368",
"7/13/2011","-63.4375","-7.02514982223511","82","32.874","17.384","0.010299672","0.677081298596656","0.747245218697243","16.191168278868",
"7/14/2011","-63.4375","-7.02514982223511","82","33.91","21.058","0.027465804","1.10488209776461","0.632132788799576","17.0684696772",
"7/15/2011","-63.4375","-7.02514982223511","82","35.124","18.409","0","1.09912588651782","0.667172076415706","19.259237199996",
"7/16/2011","-63.4375","-7.02514982223511","82","34.39","20.532","0.0017166132","1.02242893125157","0.659297475330884","14.0469610574916",
"7/17/2011","-63.4375","-7.02514982223511","82","35.447","21.343","0","1.28812619273851","0.668588045438597","16.109423361684",
"7/18/2011","-63.4375","-7.02514982223511","82","34.23","22.421","0","1.12000303238358","0.703455041238083","10.284336362268",
"7/19/2011","-63.4375","-7.02514982223511","82","36.377","23.337","0.027465804","1.01443852644474","0.597289811256357","13.369872701556",
"7/20/2011","-63.4375","-7.02514982223511","82","34.779","19.8","0.8737567632","1.2035578352284","0.802745619915617","12.363467775372",
"7/21/2011","-63.4375","-7.02514982223511","82","34.751","17.325","0","0.836077091105813","0.739094032681884","10.250885504772",
"7/22/2011","-63.4375","-7.02514982223511","82","35.724","20.886","0","1.58475606386159","0.535556257042432","20.929888047996",
"7/23/2011","-63.4375","-7.02514982223511","82","35.585","22.746","0.0102996864","1.61743960092933","0.550624674697159","23.623403627916",
"7/24/2011","-63.4375","-7.02514982223511","82","35.686","21.145","0","1.41083119064368","0.547911683765139","23.8445331804",
"7/25/2011","-63.4375","-7.02514982223511","82","36.912","18.642","0","0.882216158762675","0.547863901169755","22.226076077976",
"7/26/2011","-63.4375","-7.02514982223511","82","34.413","18.779","0","1.14515591674202","0.598586783975064","18.107614049796",
"7/27/2011","-63.4375","-7.02514982223511","82","36.252","19.712","0","0.829601066137102","0.645627303327004","19.3158591994152",
"7/28/2011","-63.4375","-7.02514982223511","82","36.471","21.464","0","1.06987528546197","0.586922096753709","20.2217939903664",
"7/29/2011","-63.4375","-7.02514982223511","82","35.423","23.86","0","1.351598097272","0.532495666431556","18.330567446592",
"7/30/2011","-63.4375","-7.02514982223511","82","36.44","21.43","0","1.12541014626376","0.53367335696287","24.032012036112",
"7/31/2011","-63.4375","-7.02514982223511","82","38.44","22.599","0","1.1293333798132","0.502368003103044","24.482484415368",
"8/1/2011","-63.4375","-7.02514982223511","82","38.617","19.616","0","0.904080319362462","0.528310396899866","24.6566784950208",
"8/2/2011","-63.4375","-7.02514982223511","82","37.77","18.129","0","1.0298801216764","0.518821229733352","24.5390969814912",
"8/3/2011","-63.4375","-7.02514982223511","82","36.147","20.653","0","0.805428074622391","0.612303381042285","14.9542059026772",
"8/4/2011","-63.4375","-7.02514982223511","82","33.334","21.731","0.2437592904","1.85275536865004","0.602395800446777","21.78126581958",
"8/5/2011","-63.4375","-7.02514982223511","82","33.854","18.747","0.27122472","1.13530197049297","0.5866618961121","20.2683028141116",
"8/6/2011","-63.4375","-7.02514982223511","82","36.4","18.356","2.259063072","0.929175907016971","0.678482196721863","15.917152062528",
"8/7/2011","-63.4375","-7.02514982223511","82","36.496","20.133","1.69944768","1.13210839507861","0.652138933953099","16.6464809553816",
"8/8/2011","-63.4375","-7.02514982223511","82","37.723","21.635","0","1.20026158177257","0.518923736821497","25.2834531420096",
"8/9/2011","-63.4375","-7.02514982223511","82","37.79","17.851","0","1.01397843999607","0.514252598378178","18.637175936772",
"8/10/2011","-63.4375","-7.02514982223511","82","38.587","16.224","0","0.926243492155573","0.49390968398935","25.69703045022",
"8/11/2011","-63.4375","-7.02514982223511","82","36.615","23.216","0","1.29766996260704","0.417307790926058","17.3111279036566",
"8/12/2011","-63.4375","-7.02514982223511","82","40.382","19.905","0","0.975256509281842","0.463009065024125","20.8332839159496",
"8/13/2011","-63.4375","-7.02514982223511","82","36.098","19.775","0","1.4058712986093","0.518368478903774","20.86086524436",
"8/14/2011","-63.4375","-7.02514982223511","82","35.934","21.81","0","1.36537828540941","0.680833215051656","19.6608688801945",
"8/15/2011","-63.4375","-7.02514982223511","82","37.176","22.074","3.973957668","1.1759866210495","0.69740650614942","17.5449572757",
"8/16/2011","-63.4375","-7.02514982223511","82","31.619","20.733","2.3277312","1.44983966521321","0.759090958243163","21.0096931131",
"8/17/2011","-63.4375","-7.02514982223511","82","32.986","20.123","7.43293656","0.579288501382131","0.852293570154481","24.962210333496",
"8/18/2011","-63.4375","-7.02514982223511","82","36.838","21.232","2.2212971064","0.891613254504923","0.770769837365729","13.64550575175",
"8/19/2011","-63.4375","-7.02514982223511","82","35.853","23.384","0.47035188","1.20140439162271","0.632616466321254","19.895834285892",
"8/20/2011","-63.4375","-7.02514982223511","82","36.436","20.82","2.930257692","1.10990832505782","0.670878115952069","15.303177292104",
"8/21/2011","-63.4375","-7.02514982223511","82","29.361","19.935","14.8281121512","2.17813691081526","0.720951554827216","23.609507387508",
"8/22/2011","-63.4375","-7.02514982223511","82","32.039","16.981","0","1.7367263679934","0.552079149956518","26.2168302254364",
"8/23/2011","-63.4375","-7.02514982223511","82","32.444","19.457","0","1.80301760700501","0.537868512385598","23.160795767208",
"8/24/2011","-63.4375","-7.02514982223511","82","35.441","19.654","0","1.37403383713755","0.525308242546998","23.3315269935696",
"8/25/2011","-63.4375","-7.02514982223511","82","38.031","20.283","0","0.915601458423199","0.530912179474043","18.5912568774396",
"8/26/2011","-63.4375","-7.02514982223511","82","38.055","20.663","1.696012992","1.07145860094233","0.664212682421852","16.3347355971",
"8/27/2011","-63.4375","-7.02514982223511","82","31.846","22.813","3.2718649464","1.35130494813918","0.77486335946185","25.515255887928",
"8/28/2011","-63.4375","-7.02514982223511","82","34.528","21.526","3.55338936","1.03371429467742","0.750229700184868","13.084369393086",
"8/29/2011","-63.4375","-7.02514982223511","82","33.954","19.75","0.089263764","0.819719606839833","0.667373400294752","16.688592226692",
"8/30/2011","-63.4375","-7.02514982223511","82","36.37","20.734","0.0377654904","0.864260684606019","0.615575301175587","16.7403210070428",
"8/31/2011","-63.4375","-7.02514982223511","82","39.317","22.213","1.9861211952","1.09841147131472","0.668850119951032","8.7711981915816",
"9/1/2011","-63.4375","-7.02514982223511","82","34.353","21.327","2.660755392","1.25305590381784","0.686944752341117","22.065125662044",
"9/2/2011","-63.4375","-7.02514982223511","82","37.589","21.547","0.1819611","1.17775768779853","0.643702692061568","19.3963829958324",
"9/3/2011","-63.4375","-7.02514982223511","82","37.348","20.886","7.604595432","0.94660146091485","0.683827506860351","26.452201646682",
"9/4/2011","-63.4375","-7.02514982223511","82","34.599","22.495","2.68478532","1.41189959391932","0.796436661114605","13.158377000743",
"9/5/2011","-63.4375","-7.02514982223511","82","33.685","20.954","3.3748590528","0.992404459064615","0.736699702817506","26.374365984708",
"9/6/2011","-63.4375","-7.02514982223511","82","37.985","20.148","0.284957748","0.675584313118898","0.632364924092658","15.681394927656",
"9/7/2011","-63.4375","-7.02514982223511","82","31.293","22.49","1.2582779904","1.39575347120858","0.772057575673879","14.054108308704",
"9/8/2011","-63.4375","-7.02514982223511","82","34.882","22.011","5.244255864","1.16670984452916","0.777054976774439","15.6295270475892",
"9/9/2011","-63.4375","-7.02514982223511","82","37.497","21.518","1.39388976","1.09170973532353","0.643383225119742","27.4453068585928",
"9/10/2011","-63.4375","-7.02514982223511","82","39.908","19.962","0.1150129692","1.19568159590251","0.570664717820359","22.920832534104",
"9/11/2011","-63.4375","-7.02514982223511","82","36.108","21.685","1.0059376392","1.06884209768003","0.690311694277165","15.423229829448",
"9/12/2011","-63.4375","-7.02514982223511","82","31.598","22.923","10.57433616","1.15577754317536","0.858637861165372","24.637744190088",
"9/13/2011","-63.4375","-7.02514982223511","82","36.927","22.198","1.877974344","1.0360557796808","0.744320740566383","15.4478487963024",
"9/14/2011","-63.4375","-7.02514982223511","82","28.395","21.155","2.6264200104","1.19867262640656","0.893639724100028","14.4296222820012",
"9/15/2011","-63.4375","-7.02514982223511","82","36.732","22.019","0.0068664528","0.899062058621341","0.663996273865816","25.6975994574108",
"9/16/2011","-63.4375","-7.02514982223511","82","36.512","22.236","0.71411076","0.641255281068067","0.643741770520251","17.6462940123288",
"9/17/2011","-63.4375","-7.02514982223511","82","36.794","21.48","0.1150132716","1.11546983829344","0.610539632364945","18.9668615445",
"9/18/2011","-63.4375","-7.02514982223511","82","36.289","22.061","5.98755096","0.927502295833093","0.781753436703556","9.9114336409896",
"9/19/2011","-63.4375","-7.02514982223511","82","29.937","22.691","10.740849912","1.12076467011905","0.889349894600212","22.3233319320293",
"9/20/2011","-63.4375","-7.02514982223511","82","36.351","22.906","1.330373052","1.33675443104464","0.713479025881865","23.063534960148",
"9/21/2011","-63.4375","-7.02514982223511","82","31.589","22.969","3.4023301704","1.2134097014615","0.815253847009663","16.1331869951064",
"9/22/2011","-63.4375","-7.02514982223511","82","37.088","22.038","0.0274658184","0.853230609818313","0.682808681419429","15.6852367601206",
"9/23/2011","-63.4375","-7.02514982223511","82","37.676","22.895","3.14826822","1.08367415640427","0.68954514337039","18.409526948736",
"9/24/2011","-63.4375","-7.02514982223511","82","36.81","22.801","12.38708412","1.22219402549606","0.742721423797271","17.486715619296",
"9/25/2011","-63.4375","-7.02514982223511","82","34.772","22.022","5.41420002","1.34771693355215","0.729218526519651","18.3479581808136",
"9/26/2011","-63.4375","-7.02514982223511","82","35.959","23.047","7.0999146","1.14763596460755","0.813863496993532","20.671544104452",
"9/27/2011","-63.4375","-7.02514982223511","82","35.133","22.71","15.5799953064","1.07456031067454","0.845049502364332","12.0778674533352",
"9/28/2011","-63.4375","-7.02514982223511","82","27.256","23.326","72.75355128","0.971486396039625","0.959350352912614","19.52395866594",
"9/29/2011","-63.4375","-7.02514982223511","82","36.202","21.007","0.4772185092","1.04154815516618","0.803906696409789","18.8961310813144",
"9/30/2011","-63.4375","-7.02514982223511","82","35.875","21.632","2.197267272","1.21548282144641","0.769254391475648","20.251858977828",
"10/1/2011","-63.4375","-7.02514982223511","82","35.693","22.171","8.6122509732","1.14725590891767","0.790037560599165","19.227303007416",
"10/2/2011","-63.4375","-7.02514982223511","82","29.231","23.736","19.912716","0.961889092387145","0.933543068904591","24.4788713650472",
"10/3/2011","-63.4375","-7.02514982223511","82","28.661","22.867","11.4446668104","0.856705525206974","0.938770696630273","18.202463509356",
"10/4/2011","-63.4375","-7.02514982223511","82","33.759","23.756","0.53901648","1.04777124117647","0.783306264953431","19.117747373004",
"10/5/2011","-63.4375","-7.02514982223511","82","31.935","21.816","13.3518213864","1.00222883487247","0.816611319454572","27.75468466242",
"10/6/2011","-63.4375","-7.02514982223511","82","32.051","22.849","11.017218204","0.797962668403482","0.904809588883194","18.067838415498",
"10/7/2011","-63.4375","-7.02514982223511","82","33.31","23.168","21.413042244","0.84556080123255","0.87005193425728","14.814646070256",
"10/8/2011","-63.4375","-7.02514982223511","82","33.927","23.077","2.132034912","1.12246275762335","0.784990666182345","28.1680911289018",
"10/9/2011","-63.4375","-7.02514982223511","82","33.012","23.285","6.52485168","1.18634637236223","0.82087487844545","27.860901080436",
"10/10/2011","-63.4375","-7.02514982223511","82","31.973","21.726","9.24568524","1.16897989565748","0.873073003468655","27.08048973366",
"10/11/2011","-63.4375","-7.02514982223511","82","29.243","23.375","6.63986412","1.02629848329075","0.929781117960774","16.08778366596",
"10/12/2011","-63.4375","-7.02514982223511","82","33.01","22.637","6.21756972","1.47935536805441","0.818192532752741","27.245848934916",
"10/13/2011","-63.4375","-7.02514982223511","82","33.892","21.14","0.99391896","1.46436461443234","0.770846858055223","24.233645986992",
"10/14/2011","-63.4375","-7.02514982223511","82","31.262","21.489","13.1372458344","1.05060682894586","0.879285140105834","26.2730648762172",
"10/15/2011","-63.4375","-7.02514982223511","82","34.679","21.661","0.933838056","1.16470024207979","0.783242330141441","27.787579127712",
"10/16/2011","-63.4375","-7.02514982223511","82","37.324","21.031","60.3166675932","0.766747373232452","0.765655167652541","19.9059596010792",
"10/17/2011","-63.4375","-7.02514982223511","82","26.485","22.92","82.98110016","1.03261276379394","0.968953825568607","4.243584079872",
"10/18/2011","-63.4375","-7.02514982223511","82","29.793","22.394","5.4210668544","1.15035434470318","0.900853012543495","18.072385521084",
"10/19/2011","-63.4375","-7.02514982223511","82","28.163","22.405","13.1355288144","1.61659016905128","0.905459078483921","14.133589790328",
"10/20/2011","-63.4375","-7.02514982223511","82","30.237","22.086","2.2281641928","1.32764193253976","0.852994019624295","23.85954771246",
"10/21/2011","-63.4375","-7.02514982223511","82","31.031","21.025","3.01437342","1.33550124732373","0.87077072400167","21.68549531838",
"10/22/2011","-63.4375","-7.02514982223511","82","35.408","22.627","2.6573178096","1.09766102165059","0.801197772016838","16.325920832832",
"10/23/2011","-63.4375","-7.02514982223511","82","30.652","20.654","5.259707964","0.801922528277917","0.881076780897647","27.466816213368",
"10/24/2011","-63.4375","-7.02514982223511","82","28.346","21.234","20.3830757064","0.992419644902313","0.946280519944633","25.702441567344",
"10/25/2011","-63.4375","-7.02514982223511","82","34.512","22.015","18.8964864144","0.727334857290243","0.871152225605423","21.884506018956",
"10/26/2011","-63.4375","-7.02514982223511","82","31.046","21.872","13.32264024","1.11572350111502","0.927821294314781","27.918353254788",
"10/27/2011","-63.4375","-7.02514982223511","82","32.875","23.159","4.6794871584","1.09807352206283","0.831213151357096","24.79196513304",
"10/28/2011","-63.4375","-7.02514982223511","82","30.53","22.48","15.76881792","0.735507309525181","0.902127279783058","25.014679471296",
"10/29/2011","-63.4375","-7.02514982223511","82","33.976","21.13","0.0017166132","0.978230309076004","0.762888516038386","17.447581149912",
"10/30/2011","-63.4375","-7.02514982223511","82","35.322","21.617","3.82461768","1.32208169826112","0.767304637302099","19.0262754927",
"10/31/2011","-63.4375","-7.02514982223511","82","28.007","22.899","1.8882747504","0.967787710053874","0.914844045556013","8.815993818156",
"11/1/2011","-63.4375","-7.02514982223511","82","31.511","21.368","2.2796634744","1.14862808046498","0.849216824062495","24.537588490692",
"11/2/2011","-63.4375","-7.02514982223511","82","36.316","21.011","4.7979397332","0.769391831774748","0.792667252624176","23.522512495878",
"11/3/2011","-63.4375","-7.02514982223511","82","30.026","22.71","33.27656184","0.661086873803917","0.937910217695905","24.3636642854748",
"11/4/2011","-63.4375","-7.02514982223511","82","33.039","23.236","12.54501612","1.1741422926865","0.852276262315951","24.236353882296",
"11/5/2011","-63.4375","-7.02514982223511","82","32.288","23.445","2.5320075048","1.30411930844634","0.863913209535359","16.347355085916",
"11/6/2011","-63.4375","-7.02514982223511","82","28.944","22.188","16.191096012","0.900066890442479","0.938059447642627","21.251325760016",
"11/7/2011","-63.4375","-7.02514982223511","82","29.558","22.563","11.1408189624","0.456462520182123","0.945635592459401","16.042356364356",
"11/8/2011","-63.4375","-7.02514982223511","82","29.199","23.171","16.373071152","0.902384599533261","0.945039842338248","24.937732760508",
"11/9/2011","-63.4375","-7.02514982223511","82","29.691","21.182","6.517982196","1.2227734641063","0.933419276352504","21.767350247136",
"11/10/2011","-63.4375","-7.02514982223511","82","32.558","21.974","0.02746584","1.08633713822991","0.848811158476018","15.7944092481",
"11/11/2011","-63.4375","-7.02514982223511","82","30.032","22.033","9.952924392","1.3278768476222","0.878163647927238","16.53332921064",
"11/12/2011","-63.4375","-7.02514982223511","82","27.276","23.478","16.91894628","0.842715578520673","0.952736185579993","14.838094673928",
"11/13/2011","-63.4375","-7.02514982223511","82","27.289","22.239","13.06857996","0.891024477681079","0.956097106125256","20.64792503178",
"11/14/2011","-63.4375","-7.02514982223511","82","30.555","22.215","1.256561424","0.896677372597418","0.87451757334833","14.3792259590448",
"11/15/2011","-63.4375","-7.02514982223511","82","32.936","23.098","10.725404652","1.10579249826517","0.856323393237087","28.009378195344",
"11/16/2011","-63.4375","-7.02514982223511","82","27.832","23.662","19.2329424","0.662595200070586","0.958174838134791","20.221409912904",
"11/17/2011","-63.4375","-7.02514982223511","82","31.09","21.516","17.8373321496","0.672090613107846","0.936679736801464","21.923209149516",
"11/18/2011","-63.4375","-7.02514982223511","82","30.611","23.174","7.2818778312","1.16894335808189","0.892651736152158","24.224908808196",
"11/19/2011","-63.4375","-7.02514982223511","82","29.747","22.529","2.8118121624","0.93059075037389","0.859647525880124","15.999712791048",
"11/20/2011","-63.4375","-7.02514982223511","82","34.541","21.642","3.3731469864","0.869892002144127","0.82033712255979","22.477391329428",
"11/21/2011","-63.4375","-7.02514982223511","82","28.72","21.547","9.558106704","1.13633395278678","0.927988412345983","17.03562019317",
"11/22/2011","-63.4375","-7.02514982223511","82","35.331","19.673","7.84149156","0.89034166167246","0.731903396481157","27.33809302998",
"11/23/2011","-63.4375","-7.02514982223511","82","31.066","22.613","9.819030744","0.807557258411924","0.90447928983956","15.360003785592",
"11/24/2011","-63.4375","-7.02514982223511","82","30.621","23.228","22.932253584","0.701688711398276","0.930369749230402","14.01296370768",
"11/25/2011","-63.4375","-7.02514982223511","82","28.429","21.764","24.485777064","0.780156101929143","0.95328979443093","25.8624246057372",
"11/26/2011","-63.4375","-7.02514982223511","82","33.171","22.197","6.320572434","0.68929337462125","0.903245258247402","21.65562079992",
"11/27/2011","-63.4375","-7.02514982223511","82","30.23","22.821","12.3064032384","0.956766754928573","0.920044288150629","24.427352941326",
"11/28/2011","-63.4375","-7.02514982223511","82","29.899","23.142","11.4601146984","1.02338764541325","0.887054197910447","13.649636114604",
"11/29/2011","-63.4375","-7.02514982223511","82","29.538","20.695","9.31777272","0.74649255084659","0.912067534046935","22.330060734348",
"11/30/2011","-63.4375","-7.02514982223511","82","28.223","23.67","19.351390032","0.750602073797328","0.960367843402679","16.158156346908",
"12/1/2011","-63.4375","-7.02514982223511","82","31.434","22.732","12.42484992","0.847465615045614","0.923048032410773","19.415149585704",
"12/2/2011","-63.4375","-7.02514982223511","82","27.7","22.337","25.45051662","0.916371640306578","0.960760922252487","16.61976860184",
"12/3/2011","-63.4375","-7.02514982223511","82","28.049","23.402","33.697134324","0.923386736715069","0.962710466674515","23.748138122976",
"12/4/2011","-63.4375","-7.02514982223511","82","28.797","23.094","24.96641328","1.16584628347868","0.920613143355443","14.426249997924",
"12/5/2011","-63.4375","-7.02514982223511","82","30.237","20.233","13.3312206528","1.11397745021229","0.923522038826736","27.807507909468",
"12/6/2011","-63.4375","-7.02514982223511","82","31.336","22.874","3.846933396","0.712747499800869","0.881482741564278","19.724522143716",
"12/7/2011","-63.4375","-7.02514982223511","82","32.844","22.401","6.4355835888","0.827680353808221","0.880192860487621","24.2680740354",
"12/8/2011","-63.4375","-7.02514982223511","82","30.42","20.183","8.442310896","0.789055348078416","0.909510054026993","26.913014706564",
"12/9/2011","-63.4375","-7.02514982223511","82","29.834","22.923","14.7645967464","0.868834164449987","0.91277488976049","22.761431159364",
"12/10/2011","-63.4375","-7.02514982223511","82","30.268","22.189","15.11478216","0.778770600335258","0.933186748083773","25.131405457188",
"12/11/2011","-63.4375","-7.02514982223511","82","29.56","21.626","18.4742028","0.618445049362349","0.930807468406255","27.1707252023477",
"12/12/2011","-63.4375","-7.02514982223511","82","28.35","21.862","19.5058808064","0.822197268448","0.9493490547743","26.328503814084",
"12/13/2011","-63.4375","-7.02514982223511","82","25.228","23.333","24.729541668","0.767145796536174","0.975184496276951","2.655546957324",
"12/14/2011","-63.4375","-7.02514982223511","82","27.128","21.002","4.627994328","0.567452795129394","0.939576862585275","8.843781315708",
"12/15/2011","-63.4375","-7.02514982223511","82","28.527","20.679","11.763946584","1.05819451808581","0.921520282906622","11.205211594644",
"12/16/2011","-63.4375","-7.02514982223511","82","28.279","22.811","35.3416387464","0.757270837615339","0.955116256059891","24.188123430504",
"12/17/2011","-63.4375","-7.02514982223511","82","28.217","22.931","148.76175888","0.790492133443366","0.957129670883795","12.5480196214776",
"12/18/2011","-63.4375","-7.02514982223511","82","26.889","20.861","13.38272784","1.1273006989677","0.966690329918357","11.67965842176",
"12/19/2011","-63.4375","-7.02514982223511","82","22.884","20.374","14.7405582","0.92086579503812","0.981654906809474","2.769348116664",
"12/20/2011","-63.4375","-7.02514982223511","82","29.921","21.403","4.435730208","1.02186080392898","0.917787862025615","12.451858107768",
"12/21/2011","-63.4375","-7.02514982223511","82","28.023","22.712","17.9986960944","0.777022243280175","0.958407499916204","18.568060774992",
"12/22/2011","-63.4375","-7.02514982223511","82","32.913","23.666","6.928253244","0.909211967192895","0.902748988931597","18.380394060696",
"12/23/2011","-63.4375","-7.02514982223511","82","29.028","23.959","10.3614828264","0.781799278724047","0.934341477460056","22.206031086528",
"12/24/2011","-63.4375","-7.02514982223511","82","28.736","23.254","22.995750744","0.731003002527948","0.941853614147733","23.6796844366296",
"12/25/2011","-63.4375","-7.02514982223511","82","24.636","22.296","44.6456916864","0.969607081527641","0.977795554972456","3.600007190244",
"12/26/2011","-63.4375","-7.02514982223511","82","27.225","22.334","3.0761721864","0.819099734798715","0.932605044615166","12.209836297284",
"12/27/2011","-63.4375","-7.02514982223511","82","33.015","20.113","17.2227892032","0.569378889326603","0.89043365711329","24.726570215184",
"12/28/2011","-63.4375","-7.02514982223511","82","28.48","23.919","21.121222824","1.08205122665908","0.943865942001276","16.570364562144",
"12/29/2011","-63.4375","-7.02514982223511","82","27.67","21.177","12.6445701384","0.804413479308843","0.951732865377438","9.5489938689228",
"12/30/2011","-63.4375","-7.02514982223511","82","29.941","22.666","4.344751584","0.834031514634638","0.927090690565622","12.622505114808",
"12/31/2011","-63.4375","-7.02514982223511","82","28.225","23.205","15.720750864","0.689430935111561","0.959188071452833","20.57706741204",
"1/1/2012","-63.4375","-7.02514982223511","82","28.522","24.011","37.9783674","0.78902201784811","0.961803177726722","15.068128495392",
"1/2/2012","-63.4375","-7.02514982223511","82","25.106","23.554","33.7486176","0.844509388038253","0.97567776722043","3.568515451524",
"1/3/2012","-63.4375","-7.02514982223511","82","27.737","22.629","18.137740284","0.736261076942528","0.954911928725171","16.592974001964",
"1/4/2012","-63.4375","-7.02514982223511","82","24.335","22.231","34.2344305332","0.947385154803316","0.97866193441286","2.56405839336",
"1/5/2012","-63.4375","-7.02514982223511","82","28.542","21.418","9.1272291624","0.669678920235121","0.931401101694415","19.097992474452",
"1/6/2012","-63.4375","-7.02514982223511","82","26.635","21.464","80.8061506704","1.1142924491973","0.954357570375753","9.454405238568",
"1/7/2012","-63.4375","-7.02514982223511","82","31.898","22.039","5.4862985592","0.778257227309469","0.874398286844646","20.193070919436",
"1/8/2012","-63.4375","-7.02514982223511","82","27.889","21.396","30.723948","0.842763011044947","0.958449703372123","22.631316692688",
"1/9/2012","-63.4375","-7.02514982223511","82","27.983","22.029","107.707203828","1.36701089149929","0.920963772339122","9.9432051840216",
"1/10/2012","-63.4375","-7.02514982223511","82","32.506","20.489","11.60774154","0.991841737467109","0.855062648845968","27.501653628072",
"1/11/2012","-63.4375","-7.02514982223511","82","26.623","22.549","23.208620004","1.16139200775364","0.968893193368571","17.48749668948",
"1/12/2012","-63.4375","-7.02514982223511","82","26.959","22.387","12.5484475824","0.81856260459326","0.966422265161601","15.080018312196",
"1/13/2012","-63.4375","-7.02514982223511","82","29.884","22.728","8.6877811368","1.0489854808605","0.937153005722153","18.481074732684",
"1/14/2012","-63.4375","-7.02514982223511","82","26.59","23.218","19.08702576","0.888717847692004","0.970234999629558","6.816737256408",
"1/15/2012","-63.4375","-7.02514982223511","82","25.693","22.872","25.54148988","1.09353223108607","0.97172351475057","9.9257324913",
"1/16/2012","-63.4375","-7.02514982223511","82","23.57","21.82","30.039033924","0.53840898226293","0.982727067178369","0.8065428757776",
"1/17/2012","-63.4375","-7.02514982223511","82","30.456","21.479","14.687350524","0.72759194945112","0.921464844662748","22.452203374056",
"1/18/2012","-63.4375","-7.02514982223511","82","26.108","22.104","27.251251524","1.10302223765708","0.965699665775544","9.537374424708",
"1/19/2012","-63.4375","-7.02514982223511","82","27.76","20.758","7.836346872","1.11040881054268","0.942715653722805","12.39040698894",
"1/20/2012","-63.4375","-7.02514982223511","82","25.526","21.199","2.3328800784","0.974871132250593","0.962209245009228","7.29818638884",
"1/21/2012","-63.4375","-7.02514982223511","82","28.614","21.566","13.36898844","0.795510176731483","0.955188433082205","12.863991890232",
"1/22/2012","-63.4375","-7.02514982223511","82","27.952","21.389","22.6524266784","0.97911250591613","0.935631387068029","21.463415155476",
"1/23/2012","-63.4375","-7.02514982223511","82","26.369","18.721","14.11742844","0.748105266405518","0.949630225951221","8.145724944132",
"1/24/2012","-63.4375","-7.02514982223511","82","31.664","20.44","6.8664536784","1.06429953916108","0.871073045242199","22.335233583816",
"1/25/2012","-63.4375","-7.02514982223511","82","28.876","22.087","5.812452","0.73421934605182","0.934612396106539","12.9968243674848",
"1/26/2012","-63.4375","-7.02514982223511","82","26.309","22.525","16.29066384","0.804017747676745","0.966216437983841","4.267979550072",
"1/27/2012","-63.4375","-7.02514982223511","82","27.589","21.791","11.394881064","0.974781158082958","0.939362075139042","14.883316458048",
"1/28/2012","-63.4375","-7.02514982223511","82","26.318","22.63","19.243236096","0.701874127734392","0.969793769857213","14.362179967692",
"1/29/2012","-63.4375","-7.02514982223511","82","31.916","22.662","6.574625928","1.0092491084315","0.887606638509578","21.36534998058",
"1/30/2012","-63.4375","-7.02514982223511","82","28.472","22.741","24.20082036","0.821439291368037","0.960258652959529","15.224525703612",
"1/31/2012","-63.4375","-7.02514982223511","82","25.922","21.399","81.223273944","0.772887684948336","0.974222920229156","6.092699646654",
"2/1/2012","-63.4375","-7.02514982223511","82","32.935","22.408","7.7247644184","0.669457954375842","0.899720075084101","18.70970380146",
"2/2/2012","-63.4375","-7.02514982223511","82","31.555","22.674","19.17113724","0.897247669870362","0.919016198833326","18.312571607292",
"2/3/2012","-63.4375","-7.02514982223511","82","24.938","22.996","45.46452744","0.927805053824935","0.977873462565546","2.925549024696",
"2/4/2012","-63.4375","-7.02514982223511","82","29.83","22.581","2.1612161916","1.24864448486618","0.859353646351085","13.7152328922",
"2/5/2012","-63.4375","-7.02514982223511","82","29.759","22.003","3.8057315472","1.16964687389249","0.863145637655777","14.755554563004",
"2/6/2012","-63.4375","-7.02514982223511","82","34.02","19.946","8.0062848","0.903570428301106","0.817431092121137","24.56643504744",
"2/7/2012","-63.4375","-7.02514982223511","82","27.993","20.934","9.6713991","0.660975598314771","0.944242301988113","19.8254854598148",
"2/8/2012","-63.4375","-7.02514982223511","82","29.696","22.652","35.053263","0.621530090282716","0.940684039472933","15.1280242212204",
"2/9/2012","-63.4375","-7.02514982223511","82","26.311","21.567","5.0554265184","0.904446173746377","0.963238141589527","11.970088210548",
"2/10/2012","-63.4375","-7.02514982223511","82","27.641","21.807","20.772743436","0.809941285761003","0.958525647318276","14.743803435084",
"2/11/2012","-63.4375","-7.02514982223511","82","29.085","22.034","9.607886496","0.819666865886924","0.930662441488441","13.73985125892",
"2/12/2012","-63.4375","-7.02514982223511","82","29.406","22.417","11.109922308","0.929778902703126","0.919728942193547","20.654819417124",
"2/13/2012","-63.4375","-7.02514982223511","82","27.057","23.465","21.945188772","1.03016954111161","0.964321042744969","22.1095322603784",
"2/14/2012","-63.4375","-7.02514982223511","82","26.527","22.536","17.4030312024","0.908940478200612","0.96859188623922","18.290104303284",
"2/15/2012","-63.4375","-7.02514982223511","82","25.365","22.493","11.09276604","1.1911959492543","0.971380834343228","10.728666134208",
"2/16/2012","-63.4375","-7.02514982223511","82","29.957","22.113","7.46384076","0.882782276458598","0.9034669260287","19.009695274704",
"2/17/2012","-63.4375","-7.02514982223511","82","27.051","19.166","6.1592088528","0.788882557527988","0.937212885348517","7.278395614164",
"2/18/2012","-63.4375","-7.02514982223511","82","27.399","19.317","15.753367584","0.940851246618081","0.942637491743586","23.419814518872",
"2/19/2012","-63.4375","-7.02514982223511","82","30.852","19.855","7.7110285464","0.750284408694883","0.909040644937649","23.26805525502",
"2/20/2012","-63.4375","-7.02514982223511","82","27.265","20.269","22.298811732","0.702788294093804","0.955482180799483","26.43641142972",
"2/21/2012","-63.4375","-7.02514982223511","82","31.501","20.869","12.4059668328","1.25001839904592","0.904229947383718","21.291257115612",
"2/22/2012","-63.4375","-7.02514982223511","82","30.729","22.399","17.77725252","0.889886775353107","0.923619969694802","18.986725437228",
"2/23/2012","-63.4375","-7.02514982223511","82","25.227","22.175","138.25782972","0.980619792348469","0.976652954434442","9.14510763918",
"2/24/2012","-63.4375","-7.02514982223511","82","30.78","20.58","24.7055114664","1.10682917579504","0.918337760210844","22.17458974968",
"2/25/2012","-63.4375","-7.02514982223511","82","28.117","22.575","12.64800708","1.16607788262271","0.932650130286618","20.961298027044",
"2/26/2012","-63.4375","-7.02514982223511","82","26.86","22.573","5.827903524","1.18662308306567","0.947197601577238","15.752983559868",
"2/27/2012","-63.4375","-7.02514982223511","82","28.678","22.021","39.190297176","0.696447046463462","0.947228154259317","21.050594729262",
"2/28/2012","-63.4375","-7.02514982223511","82","27.042","22.223","41.009883984","1.1259331756326","0.93233403239315","12.2980266510516",
"2/29/2012","-63.4375","-7.02514982223511","82","27.082","21.652","15.10619976","0.72950241547924","0.962022619304153","22.753204217748",
"3/1/2012","-63.4375","-7.02514982223511","82","28.991","22.351","9.740064096","0.839249755951237","0.928571687192199","10.876329368046",
"3/2/2012","-63.4375","-7.02514982223511","82","28.223","21.097","4.67948736","1.01290962581524","0.912728312209561","22.288069467216",
"3/3/2012","-63.4375","-7.02514982223511","82","29.987","20.586","10.85586516","0.864860271931447","0.911526609533704","22.8831205898952",
"3/4/2012","-63.4375","-7.02514982223511","82","29.483","20.254","15.99026148","0.789967439398586","0.930822472785294","26.6854561991928",
"3/5/2012","-63.4375","-7.02514982223511","82","30.744","21.274","8.5538824056","0.892727518710304","0.875449914827045","20.359789569396",
"3/6/2012","-63.4375","-7.02514982223511","82","31.233","20.313","15.0461164584","0.62565652910217","0.894087529148383","24.7684135674744",
"3/7/2012","-63.4375","-7.02514982223511","82","26.171","22.302","17.787554892","0.979333752277258","0.963514653691108","19.20096289269",
"3/8/2012","-63.4375","-7.02514982223511","82","26.269","22.236","18.2493208584","1.11850651773506","0.973004323256764","10.89991894977",
"3/9/2012","-63.4375","-7.02514982223511","82","24.39","21.754","22.509962352","0.840552497481923","0.976917599425615","3.677169300984",
"3/10/2012","-63.4375","-7.02514982223511","82","29.607","20.605","22.891038336","0.591929969832985","0.931394779505067","17.4171150862276",
"3/11/2012","-63.4375","-7.02514982223511","82","26.915","22.01","12.30469056","0.786225170843911","0.969209859128269","14.150765908908",
"3/12/2012","-63.4375","-7.02514982223511","82","28.172","20.987","17.3206368","0.746323586656504","0.948538935643677","27.534965960088",
"3/13/2012","-63.4375","-7.02514982223511","82","28.701","20.58","3.2031995544","0.930849609677716","0.912366466351499","19.169175193146",
"3/14/2012","-63.4375","-7.02514982223511","82","28.96","20.124","13.1938951464","0.589525790780135","0.942348908086172","20.9152767428453",
"3/15/2012","-63.4375","-7.02514982223511","82","28.033","22.758","14.107134132","0.995680066661744","0.909950345376043","10.4989070697012",
"3/16/2012","-63.4375","-7.02514982223511","82","30.512","21.039","10.469631528","0.74454289004857","0.884342251270927","23.307660817308",
"3/17/2012","-63.4375","-7.02514982223511","82","28.042","20.387","22.65586812","0.770234743447215","0.953651238159966","27.431052075108",
"3/18/2012","-63.4375","-7.02514982223511","82","25.468","21.198","36.47460762","1.05895093375814","0.97217221798723","4.9966953858288",
"3/19/2012","-63.4375","-7.02514982223511","82","31.423","22.088","7.1685792","0.885479584460979","0.882734424212886","15.435232643376",
"3/20/2012","-63.4375","-7.02514982223511","82","29.537","22.261","11.2472500968","0.822674860369559","0.930779100649635","21.562061317884",
"3/21/2012","-63.4375","-7.02514982223511","82","29.019","23.005","34.521109704","1.02689602631008","0.914614046980769","14.121843815304",
"3/22/2012","-63.4375","-7.02514982223511","82","29.147","22.962","7.477567452","0.761626924833799","0.912322930998752","20.0298371555124",
"3/23/2012","-63.4375","-7.02514982223511","82","30.334","20.931","6.607244124","1.2127801286153","0.855033389525307","18.984014874396",
"3/24/2012","-63.4375","-7.02514982223511","82","26.659","19.817","1.9123061544","0.899489141225047","0.940046877118456","10.71096326496",
"3/25/2012","-63.4375","-7.02514982223511","82","26.869","21.16","57.374406","0.656592955022356","0.973862063845559","15.1589911491",
"3/26/2012","-63.4375","-7.02514982223511","82","26.367","21.345","11.137393044","0.589982311587385","0.97236263151118","10.9114570104739",
"3/27/2012","-63.4375","-7.02514982223511","82","29.975","22.286","3.3370974504","0.975777362715152","0.868200314520146","20.489236405272",
"3/28/2012","-63.4375","-7.02514982223511","82","28.961","21.351","22.964853168","1.12472304211742","0.947823648472206","15.248881640052",
"3/29/2012","-63.4375","-7.02514982223511","82","29.486","21.324","5.912020692","1.03022413807567","0.93159065486953","16.7917956952248",
"3/30/2012","-63.4375","-7.02514982223511","82","24.153","21.948","43.722138924","0.736909234901748","0.98056493789357","1.2831683160852",
"3/31/2012","-63.4375","-7.02514982223511","82","25.752","21.662","21.014784216","0.853627138999581","0.963703199789212","8.137402957368",
"4/1/2012","-63.4375","-7.02514982223511","82","27.462","20.574","9.2147815584","0.719717076974768","0.963919405060622","14.794603225128",
"4/2/2012","-63.4375","-7.02514982223511","82","28.9","20.348","5.5000323144","0.664333467583277","0.936108417958079","20.716711799292",
"4/3/2012","-63.4375","-7.02514982223511","82","29.688","20.756","7.2990405864","0.850309054289325","0.938079493684081","23.9788437577704",
"4/4/2012","-63.4375","-7.02514982223511","82","28.805","21.522","13.722613128","0.836054417210378","0.943469559442476","20.995683906204",
"4/5/2012","-63.4375","-7.02514982223511","82","31.557","20.471","7.968523032","0.511409008984225","0.914867939292134","22.196121690348",
"4/6/2012","-63.4375","-7.02514982223511","82","30.831","21.247","11.37084984","0.865719176239443","0.915083853586541","26.4862051854538",
"4/7/2012","-63.4375","-7.02514982223511","82","30.036","21.493","25.57754892","0.814008262620003","0.918773747818926","25.2753673315518",
"4/8/2012","-63.4375","-7.02514982223511","82","26.927","20.804","23.90212854","0.853959328797574","0.966454370336508","14.706730879182",
"4/9/2012","-63.4375","-7.02514982223511","82","27.386","20.993","27.22720842","0.700062573863763","0.969915671284044","14.4103641553332",
"4/10/2012","-63.4375","-7.02514982223511","82","30.354","23.455","26.64184608","1.10011809495611","0.918926808858615","14.5853925464556",
"4/11/2012","-63.4375","-7.02514982223511","82","27.849","22.449","15.90785874","0.958200521938048","0.961575830157819","16.703002458072",
"4/12/2012","-63.4375","-7.02514982223511","82","29.221","21.978","11.7691022304","0.963918476560621","0.945176949830591","17.876257687476",
"4/13/2012","-63.4375","-7.02514982223511","82","32.281","21.973","3.6769869504","0.654500513904224","0.867858456465641","18.619344861732",
"4/14/2012","-63.4375","-7.02514982223511","82","31.07","22.943","10.3649146848","1.12360632439288","0.914730665848755","20.810161684836",
"4/15/2012","-63.4375","-7.02514982223511","82","28.854","22.22","11.631773304","0.665332398856504","0.917742370411651","9.892610678124",
"4/16/2012","-63.4375","-7.02514982223511","82","32.577","22.005","7.7796902448","0.679084461706988","0.918950628686051","22.071769721352",
"4/17/2012","-63.4375","-7.02514982223511","82","28.14","21.864","24.4823454","0.745635720703504","0.963448087375572","16.7823426913164",
"4/18/2012","-63.4375","-7.02514982223511","82","27.504","20.57","15.2950294584","0.728633523223621","0.964543935647486","19.6769247913224",
"4/19/2012","-63.4375","-7.02514982223511","82","29.634","20.125","12.246317604","0.763561209594254","0.935617842188152","24.3199926566424",
"4/20/2012","-63.4375","-7.02514982223511","82","31.191","19.996","6.7977893304","0.589082882661812","0.924663378781486","16.925390587296",
"4/21/2012","-63.4375","-7.02514982223511","82","31.448","21.567","9.4104768888","1.04382570564451","0.918291139116754","22.8598150445244",
"4/22/2012","-63.4375","-7.02514982223511","82","30.378","21.971","0.451469232","1.01667762014166","0.875502231702228","15.39508383936",
"4/23/2012","-63.4375","-7.02514982223511","82","30.005","20.733","6.179813064","0.885629204223044","0.914653272326397","25.2255852081",
"4/24/2012","-63.4375","-7.02514982223511","82","29.317","21.626","14.3028292824","0.860413825991816","0.953012282294602","15.091012610568",
"4/25/2012","-63.4375","-7.02514982223511","82","28.532","21.031","67.639731588","1.07336597334127","0.924846378305594","11.339557272576",
"4/26/2012","-63.4375","-7.02514982223511","82","26.539","22.21","29.4210378","0.786562823912072","0.969771918893551","6.434102069028",
"4/27/2012","-63.4375","-7.02514982223511","82","31.15","21.327","0","1.01448478729092","0.834060367424078","21.595131732132",
"4/28/2012","-63.4375","-7.02514982223511","82","28.516","21.134","8.79592932","0.791304638849028","0.932302467185128","21.00332338776",
"4/29/2012","-63.4375","-7.02514982223511","82","29.7","23.507","0.3604887144","0.908168560194334","0.890286579523782","12.906193250052",
"4/30/2012","-63.4375","-7.02514982223511","82","26.003","20.808","4.9232507436","1.69709556085656","0.956779528849069","10.110006698364",
"5/1/2012","-63.4375","-7.02514982223511","82","22.85","18.368","0.727844004","1.55679461552695","0.901490457690589","6.12039420522",
"5/2/2012","-63.4375","-7.02514982223511","82","30.934","18.238","0","1.21885038411893","0.79723925016627","23.983104175992",
"5/3/2012","-63.4375","-7.02514982223511","82","27.926","20.505","7.5153362544","0.831476955570586","0.886576792808913","15.102085788",
"5/4/2012","-63.4375","-7.02514982223511","82","31.373","20.253","5.922314388","0.903944850573539","0.901317640068608","18.798667164288",
"5/5/2012","-63.4375","-7.02514982223511","82","28.821","19.228","5.83992036","0.874755897260354","0.909237484539171","24.198187887756",
"5/6/2012","-63.4375","-7.02514982223511","82","32.516","21.107","1.9191744","1.28253811122201","0.75612441928112","22.591743155316",
"5/7/2012","-63.4375","-7.02514982223511","82","33.754","20.295","0","1.05915266554298","0.689567862245615","24.010950555756",
"5/8/2012","-63.4375","-7.02514982223511","82","28.741","20.678","2.8770448176","0.722198206842412","0.86623738759466","13.635400623516",
"5/9/2012","-63.4375","-7.02514982223511","82","28.062","21.157","1.9140223248","0.561425385568181","0.892180895510088","8.920514169324",
"5/10/2012","-63.4375","-7.02514982223511","82","32.569","22.12","4.864885272","0.939493622721679","0.856323217469578","23.057399178072",
"5/11/2012","-63.4375","-7.02514982223511","82","32.662","21.518","2.708814816","1.10167345989696","0.847158544381876","23.7863756346768",
"5/12/2012","-63.4375","-7.02514982223511","82","33.247","21.115","2.331162072","1.0322412019718","0.808556763591973","23.9626477773072",
"5/13/2012","-63.4375","-7.02514982223511","82","29.714","21.318","10.840416696","0.529287887219984","0.932789473934185","19.91212095942",
"5/14/2012","-63.4375","-7.02514982223511","82","30.186","20.555","8.898929352","0.844583544320984","0.930908834048106","16.901955762444",
"5/15/2012","-63.4375","-7.02514982223511","82","27.352","22.603","6.9797499048","0.866898430000042","0.956027672418678","14.916135636625",
"5/16/2012","-63.4375","-7.02514982223511","82","30.9","23.199","6.794356176","0.859105142873267","0.917016165728551","14.160097969668",
"5/17/2012","-63.4375","-7.02514982223511","82","26.212","21.492","6.289671816","0.549002483891901","0.968363337664759","7.370516586852",
"5/18/2012","-63.4375","-7.02514982223511","82","31.986","22.057","6.603814764","0.753804397744342","0.906776084823529","12.7978985270232",
"5/19/2012","-63.4375","-7.02514982223511","82","29.301","21.873","4.573059912","0.79859592814698","0.935254478567214","14.184013261068",
"5/20/2012","-63.4375","-7.02514982223511","82","27.598","21.596","13.25397384","0.825450007229717","0.960952572607426","15.9768034469352",
"5/21/2012","-63.4375","-7.02514982223511","82","28.112","22.525","7.877539692","0.839217557926821","0.944293663518028","16.7947495954524",
"5/22/2012","-63.4375","-7.02514982223511","82","28.708","22.902","8.6019454584","0.855666943722199","0.943892926032834","16.6275538068744",
"5/23/2012","-63.4375","-7.02514982223511","82","29.785","22.433","11.7862725024","0.914042125209376","0.925883839826312","13.755962123964",
"5/24/2012","-63.4375","-7.02514982223511","82","24.321","21.723","1.2290950116","0.966265291449718","0.970244398215601","3.963127228344",
"5/25/2012","-63.4375","-7.02514982223511","82","27.642","21.208","6.4235673864","0.974707779485611","0.934618846215451","19.02127097178",
"5/26/2012","-63.4375","-7.02514982223511","82","30.416","22.095","1.888274808","0.689499737916647","0.894540307030443","15.74470781523",
"5/27/2012","-63.4375","-7.02514982223511","82","31.521","20.784","4.46319864","0.897311118653744","0.886784181778923","22.86383513958",
"5/28/2012","-63.4375","-7.02514982223511","82","31.026","21.838","1.448820756","1.15576168641699","0.846280705524075","22.974812022024",
"5/29/2012","-63.4375","-7.02514982223511","82","32.096","20.877","1.29432654","1.14254457785736","0.823428484189271","22.836589276032",
"5/30/2012","-63.4375","-7.02514982223511","82","32.177","20.536","1.218795552","0.718958037046531","0.852406845202107","16.878302414316",
"5/31/2012","-63.4375","-7.02514982223511","82","29.47","21.665","5.5961573112","0.816235943389794","0.920611194469235","14.80225595301",
"6/1/2012","-63.4375","-7.02514982223511","82","28.84","19.236","7.7728218264","0.660590503977069","0.930218768744628","22.1553640966464",
"6/2/2012","-63.4375","-7.02514982223511","82","31.124","20.027","2.05307046","0.739047162426065","0.872583767475705","17.256305654928",
"6/3/2012","-63.4375","-7.02514982223511","82","32.932","21.083","0.803375532","0.917147055052457","0.807069307516084","22.8360749472432",
"6/4/2012","-63.4375","-7.02514982223511","82","31.047","20.979","5.79872052","1.05972144073515","0.890577833422063","22.495001611896",
"6/5/2012","-63.4375","-7.02514982223511","82","31.132","20.953","2.08053504","1.01586392315843","0.838032363506133","22.493227543416",
"6/6/2012","-63.4375","-7.02514982223511","82","29.54","20.683","2.39295888","1.07964941776708","0.863629587092094","18.512136555804",
"6/7/2012","-63.4375","-7.02514982223511","82","27.065","21.625","3.522490596","1.95235350714033","0.92084746420893","13.551602445324",
"6/8/2012","-63.4375","-7.02514982223511","82","25.777","18.848","0.2231596944","1.77404522939083","0.808729374550893","13.8339443385972",
"6/9/2012","-63.4375","-7.02514982223511","82","30.903","18.27","0","1.47628306343224","0.764069615911445","22.563548090928",
"6/10/2012","-63.4375","-7.02514982223511","82","33.981","18.915","1.14326496","1.00830983137949","0.775981810646763","17.1459068889852",
"6/11/2012","-63.4375","-7.02514982223511","82","29.271","19.369","6.82182216","0.801833508607428","0.931294322128569","14.2056978193976",
"6/12/2012","-63.4375","-7.02514982223511","82","30.336","19.147","3.496742388","0.937289098258546","0.911439934780044","16.17160573098",
"6/13/2012","-63.4375","-7.02514982223511","82","33.238","19.167","0.1682279712","1.02672385245127","0.817453969943644","16.76341000818",
"6/14/2012","-63.4375","-7.02514982223511","82","31.59","18.761","0.07209774","0.888276892181143","0.805894312767468","14.551367393988",
"6/15/2012","-63.4375","-7.02514982223511","82","33.992","20.283","2.465059032","0.787291338394992","0.802992586113042","14.302180054476",
"6/16/2012","-63.4375","-7.02514982223511","82","32.311","19.489","3.89328048","0.697275128421543","0.865642519291153","22.39397354844",
"6/17/2012","-63.4375","-7.02514982223511","82","31.814","19.5","2.21443074","1.02764320247349","0.838094010626583","22.2877323676548",
"6/18/2012","-63.4375","-7.02514982223511","82","32.779","20.796","2.180099844","1.16611137616755","0.770597466992138","18.842639783184",
"6/19/2012","-63.4375","-7.02514982223511","82","31.176","21.447","7.07588172","1.13009362522214","0.885925513025367","22.1022960374736",
"6/20/2012","-63.4375","-7.02514982223511","82","33.139","21.468","0.854873784","0.939404477475634","0.800941903838743","21.948387759828",
"6/21/2012","-63.4375","-7.02514982223511","82","33.523","18.376","0","0.83828735496451","0.740946890478706","15.834058445592",
"6/22/2012","-63.4375","-7.02514982223511","82","26.767","20.67","2.57148828","1.19721046015082","0.910594375004666","8.7238797318252",
"6/23/2012","-63.4375","-7.02514982223511","82","26.88","20.181","8.703236592","1.02353092653751","0.95557021720681","21.664382020524",
"6/24/2012","-63.4375","-7.02514982223511","82","27.681","19.401","7.3230713064","0.944623890057788","0.950443292426094","15.180741251388",
"6/25/2012","-63.4375","-7.02514982223511","82","29.354","19.378","5.275154772","0.898539962791903","0.913318065336982","18.355997563133",
"6/26/2012","-63.4375","-7.02514982223511","82","29.163","19.807","1.8848421504","0.946122841824466","0.909267806642599","12.565656686808",
"6/27/2012","-63.4375","-7.02514982223511","82","32.499","17.14","0.0034332264","1.03474472719201","0.754683699157867","22.3883501328144",
"6/28/2012","-63.4375","-7.02514982223511","82","30.563","19.521","3.4023296664","0.965130408425804","0.851551999844058","22.3456686182928",
"6/29/2012","-63.4375","-7.02514982223511","82","29.525","20.244","5.5601111592","0.862704016724217","0.899171384716318","22.312738061064",
"6/30/2012","-63.4375","-7.02514982223511","82","30.097","19.116","5.75065944","0.887343222812065","0.90693205125478","22.0740353036424",
"7/1/2012","-63.4375","-7.02514982223511","82","33.667","20.428","0","1.24926657520262","0.72176207499594","19.77546725478",
"7/2/2012","-63.4375","-7.02514982223511","82","34.456","17.517","0","0.927758850823461","0.678109086316781","22.8045715148952",
"7/3/2012","-63.4375","-7.02514982223511","82","34.051","20.021","0.0034332264","1.05888722716122","0.579568517846418","22.9013903853",
"7/4/2012","-63.4375","-7.02514982223511","82","33.334","17.032","0","1.22667434136049","0.55258858404396","22.4510325765084",
"7/5/2012","-63.4375","-7.02514982223511","82","32.677","19.841","3.56883912","0.992115856422176","0.777112308390779","15.183077497128",
"7/6/2012","-63.4375","-7.02514982223511","82","30.55","20.824","3.7645362","1.0604397493789","0.873418341812212","11.066962697208",
"7/7/2012","-63.4375","-7.02514982223511","82","33.79","20.188","1.51748856","1.20077052415773","0.726306475227912","17.403267769416",
"7/8/2012","-63.4375","-7.02514982223511","82","31.434","21.649","0","1.83585476389867","0.672642855798991","19.7581983984972",
"7/9/2012","-63.4375","-7.02514982223511","82","33.042","21.284","0.116729676","1.27051169686496","0.657076021255865","17.373015948636",
"7/10/2012","-63.4375","-7.02514982223511","82","33.845","18.401","0","1.16089729186602","0.656362252478337","23.3436284838936",
"7/11/2012","-63.4375","-7.02514982223511","82","35.371","17.979","0","1.14118362832259","0.618372624961167","23.326335058068",
"7/12/2012","-63.4375","-7.02514982223511","82","35.397","17.85","0","0.906379907033254","0.65933657329044","18.22896473868",
"7/13/2012","-63.4375","-7.02514982223511","82","31.209","22.141","3.474426204","0.868196680988115","0.83471035427408","17.2745551789841",
"7/14/2012","-63.4375","-7.02514982223511","82","34.771","21.777","4.274366652","1.27382902908326","0.791881897849168","14.691225430854",
"7/15/2012","-63.4375","-7.02514982223511","82","34.63","19.97","3.53965896","1.22587521001948","0.791640796399917","14.8864119471252",
"7/16/2012","-63.4375","-7.02514982223511","82","33.053","22.328","4.51469502","1.0056077704895","0.83584621699186","16.8675332493096",
"7/17/2012","-63.4375","-7.02514982223511","82","29.865","19.49","3.55339008","1.90682924055907","0.717157374537967","23.131199960712",
"7/18/2012","-63.4375","-7.02514982223511","82","29.6","17.965","0","2.03823320814717","0.631990852239514","23.3544640661784",
"7/19/2012","-63.4375","-7.02514982223511","82","31.113","17.742","0","1.71180769627172","0.63176271520341","23.6064573343944",
"7/20/2012","-63.4375","-7.02514982223511","82","33.48","19.185","0","0.978080711851685","0.680306824397194","14.7467020290012",
"7/21/2012","-63.4375","-7.02514982223511","82","29.049","18.427","0.583648704","0.839422865600367","0.852408306602941","10.806686284824",
"7/22/2012","-63.4375","-7.02514982223511","82","32.541","19.153","0.985335912","1.03643559792765","0.83027335910473","13.432513729572",
"7/23/2012","-63.4375","-7.02514982223511","82","34.628","19.917","0.17166132","0.865257189965584","0.767608752831876","10.4761521728928",
"7/24/2012","-63.4375","-7.02514982223511","82","33.459","18.247","0.62141472","0.762329302077154","0.779957896119648","13.2178933380384",
"7/25/2012","-63.4375","-7.02514982223511","82","35.508","18.147","0","1.20683197803384","0.664664847089304","19.9983781203012",
"7/26/2012","-63.4375","-7.02514982223511","82","35.632","18.204","0","0.982534818159777","0.613348786475722","23.8635867480948",
"7/27/2012","-63.4375","-7.02514982223511","82","35.466","20.958","1.70974728","1.24134611792944","0.639991079564753","23.383111751028",
"7/28/2012","-63.4375","-7.02514982223511","82","36.228","20.736","0.0789642","0.843577317975845","0.680390106039725","14.839674212502",
"7/29/2012","-63.4375","-7.02514982223511","82","37.677","19.661","0.078964272","0.850848771987151","0.564789928597266","19.279971810936",
"7/30/2012","-63.4375","-7.02514982223511","82","36.126","20.548","0.024032592","1.13955094492086","0.594159450139382","24.2033062221468",
"7/31/2012","-63.4375","-7.02514982223511","82","36.077","20.582","0","1.51414182402777","0.500529438429894","24.6170757885149",
"8/1/2012","-63.4375","-7.02514982223511","82","36.66","15.809","0","1.04245967683199","0.509867498536876","24.9716275210008",
"8/2/2012","-63.4375","-7.02514982223511","82","36.502","18.038","0","1.13472004542397","0.518520247997398","24.984580462704",
"8/3/2012","-63.4375","-7.02514982223511","82","35.884","18.795","0","1.25477407416714","0.527286700677748","24.9600060423576",
"8/4/2012","-63.4375","-7.02514982223511","82","35.896","18.415","0","1.1702265426706","0.493501541880063","25.280793231696",
"8/5/2012","-63.4375","-7.02514982223511","82","36.16","17.264","0","1.22077970068624","0.482473403483087","25.242386390712",
"8/6/2012","-63.4375","-7.02514982223511","82","36.499","16.366","0.0017166132","0.944002408004954","0.570005245628718","25.3216071702504",
"8/7/2012","-63.4375","-7.02514982223511","82","37.636","16.113","0","1.05368860560463","0.469210169908224","25.4707210067328",
"8/8/2012","-63.4375","-7.02514982223511","82","37.505","17.274","0","0.913159365314955","0.523652874721226","25.175141235576",
"8/9/2012","-63.4375","-7.02514982223511","82","38.058","19.186","0.005149836","1.1386744511204","0.564381545060105","15.200114502708",
"8/10/2012","-63.4375","-7.02514982223511","82","39.025","23.199","0.0858307104","1.1130740127149","0.54998718139954","16.507522635552",
"8/11/2012","-63.4375","-7.02514982223511","82","33.524","20.822","0.1167298848","1.35398558837576","0.68799299294151","14.7319797263292",
"8/12/2012","-63.4375","-7.02514982223511","82","30.844","22.911","0.51841728","1.38943915142297","0.752512193752964","10.8268426467792",
"8/13/2012","-63.4375","-7.02514982223511","82","29.228","20.401","9.35383284","0.836240777018886","0.870961513155566","23.9420076631812",
"8/14/2012","-63.4375","-7.02514982223511","82","36.183","20.191","0","0.961585787337068","0.677918562886443","22.864893195636",
"8/15/2012","-63.4375","-7.02514982223511","82","35.546","21.867","0.188827452","1.36378113245855","0.610805728913017","17.911095096852",
"8/16/2012","-63.4375","-7.02514982223511","82","31.342","22.043","5.333519286","0.997668210846783","0.778919810081567","24.94215253827",
"8/17/2012","-63.4375","-7.02514982223511","82","36.685","21.554","0","1.25184011377883","0.639875172430935","22.8895065676116",
"8/18/2012","-63.4375","-7.02514982223511","82","38.703","20.548","0","1.08334263381415","0.611485105881919","15.98181837138",
"8/19/2012","-63.4375","-7.02514982223511","82","37.483","18.517","0","0.933707190590911","0.568892848666469","26.427478119264",
"8/20/2012","-63.4375","-7.02514982223511","82","38.663","19.606","0","0.915760478110126","0.485023207266438","26.18184114162",
"8/21/2012","-63.4375","-7.02514982223511","82","39.032","19.239","0","0.977685392221214","0.484824099801089","22.066802704692",
"8/22/2012","-63.4375","-7.02514982223511","82","38.606","20.421","0.058364892","1.14432242473088","0.451699513442684","25.762813908732",
"8/23/2012","-63.4375","-7.02514982223511","82","38.069","16.704","0","1.42092563625073","0.466464819482678","26.7746589665028",
"8/24/2012","-63.4375","-7.02514982223511","82","38.527","23.515","0.0034332264","1.3131346315621","0.474281453356834","18.2826808961029",
"8/25/2012","-63.4375","-7.02514982223511","82","38.273","21.745","1.72347984","1.0763789011551","0.585684954412768","16.6541009795172",
"8/26/2012","-63.4375","-7.02514982223511","82","37.893","21.546","0.817107696","1.34261235999404","0.498077710863045","25.959034180764",
"8/27/2012","-63.4375","-7.02514982223511","82","37.565","24.256","0.034332264","1.11243212511114","0.452951526767819","22.897778215086",
"8/28/2012","-63.4375","-7.02514982223511","82","36.15","22.502","0","1.76927564623138","0.406933253744398","26.753029637112",
"8/29/2012","-63.4375","-7.02514982223511","82","38.053","20.373","0.0017166132","0.961643073969037","0.44545783030417","26.8114399108596",
"8/30/2012","-63.4375","-7.02514982223511","82","36.498","19.087","0","1.17098238531499","0.468551387604935","15.8414341149",
"8/31/2012","-63.4375","-7.02514982223511","82","40.261","21.484","0.175094604","1.20110297234446","0.525137503251164","17.208619797672",
"9/1/2012","-63.4375","-7.02514982223511","82","36.776","21.722","3.6838518768","1.27243006868232","0.673154513653914","16.518224306232",
"9/2/2012","-63.4375","-7.02514982223511","82","36.247","22.24","5.2459702488","0.944105547568023","0.736113731871651","13.1052953826828",
"9/3/2012","-63.4375","-7.02514982223511","82","39.355","20.284","0.0514984464","0.676883151112003","0.662018605321936","11.209400291772",
"9/4/2012","-63.4375","-7.02514982223511","82","37.807","20.011","0.0617981184","0.974628522714611","0.544660477956131","18.288366050988",
"9/5/2012","-63.4375","-7.02514982223511","82","36.74","22.294","0.192260772","1.40973817667234","0.543171578673361","25.547774771628",
"9/6/2012","-63.4375","-7.02514982223511","82","37.918","21.279","5.252841288","0.869403187029326","0.714421840247797","17.260343396316",
"9/7/2012","-63.4375","-7.02514982223511","82","31.648","23.109","3.254695164","1.8047466574846","0.761953443082342","26.6340576017556",
"9/8/2012","-63.4375","-7.02514982223511","82","37.075","20.732","0.0034332264","1.02852042183762","0.685895297993015","10.7279909987364",
"9/9/2012","-63.4375","-7.02514982223511","82","36.949","20.618","0","0.971439480116068","0.528692330311613","19.3412432651868",
"9/10/2012","-63.4375","-7.02514982223511","82","39.886","22.13","0.195693876","1.02015822775364","0.467767610063407","22.11309865296",
"9/11/2012","-63.4375","-7.02514982223511","82","41.99","22.668","0","1.3403848656629","0.365633289085447","23.596630641684",
"9/12/2012","-63.4375","-7.02514982223511","82","40.243","23.08","0","1.44511907632792","0.505187725379662","19.8764080358306",
"9/13/2012","-63.4375","-7.02514982223511","82","36.762","23.217","0.2300262624","1.31426902623748","0.587024356172088","15.6301481170404",
"9/14/2012","-63.4375","-7.02514982223511","82","39.203","21.845","0","1.00755389570094","0.50839039383769","21.3833837927556",
"9/15/2012","-63.4375","-7.02514982223511","82","40.731","23.561","0.4634856864","0.973601567367442","0.50090022346804","16.293715395264",
"9/16/2012","-63.4375","-7.02514982223511","82","36.998","22.264","0.81539118","1.11181071801208","0.567841933554445","18.957459743735",
"9/17/2012","-63.4375","-7.02514982223511","82","34.91","22.369","8.33588064","1.28223577539471","0.745994339835874","25.6975008792264",
"9/18/2012","-63.4375","-7.02514982223511","82","36.079","21.923","2.0359044","1.05103636008126","0.675506517718907","16.0621211874488",
"9/19/2012","-63.4375","-7.02514982223511","82","38.246","23.343","3.1723018704","1.18754070970551","0.612098942650948","17.29866389652",
"9/20/2012","-63.4375","-7.02514982223511","82","37.064","22.984","4.5026811288","1.56143706785735","0.627523914877077","25.55381226384",
"9/21/2012","-63.4375","-7.02514982223511","82","37.587","24.666","0.0034332264","0.956076135848284","0.526638918589032","10.817401418496",
"9/22/2012","-63.4375","-7.02514982223511","82","37.375","23.16","0","1.34111204838049","0.554921568397165","15.690551989932",
"9/23/2012","-63.4375","-7.02514982223511","82","31.765","23.205","10.605238884","1.57194127012811","0.844047944093875","25.705344214872",
"9/24/2012","-63.4375","-7.02514982223511","82","31.685","23.279","16.544723292","0.944615022316623","0.873573391101877","19.8450451607256",
"9/25/2012","-63.4375","-7.02514982223511","82","30.656","23.07","8.0234528184","1.11257644271244","0.895203422688098","22.229019086616",
"9/26/2012","-63.4375","-7.02514982223511","82","29.119","22.499","12.115860552","1.47864935588239","0.912330228544896","13.095189383472",
"9/27/2012","-63.4375","-7.02514982223511","82","34.133","20.273","1.5277883472","1.51128946604365","0.748926741689147","17.253725333292",
"9/28/2012","-63.4375","-7.02514982223511","82","36.202","20.293","2.6504485344","0.784061479051572","0.72716710120464","18.36444472398",
"9/29/2012","-63.4375","-7.02514982223511","82","28.717","22.542","30.0441798","0.981991483243143","0.905692833990484","18.078514741008",
"9/30/2012","-63.4375","-7.02514982223511","82","30.144","22.009","12.55874742","0.703340305096719","0.917384049421455","19.099890082296",
"10/1/2012","-63.4375","-7.02514982223511","82","32.86","22.284","5.65452396","0.828140347484749","0.841241025672074","27.8060126335776",
"10/2/2012","-63.4375","-7.02514982223511","82","36.993","21.753","0.803374884","0.943602289178914","0.687469113609808","22.655234589102",
"10/3/2012","-63.4375","-7.02514982223511","82","32.971","23.481","7.8723913464","1.2173661038554","0.779001717567131","26.5703052469489",
"10/4/2012","-63.4375","-7.02514982223511","82","36.066","22.445","5.23567188","0.940011766198156","0.752472171151555","12.923384900148",
"10/5/2012","-63.4375","-7.02514982223511","82","31.67","22.71","5.66654004","1.04276564962191","0.851552868783724","16.382216918232",
"10/6/2012","-63.4375","-7.02514982223511","82","31.796","21.949","9.875682","0.961879453970602","0.873342507072501","27.8765849097",
"10/7/2012","-63.4375","-7.02514982223511","82","29.942","21.337","13.8582216","1.17438502587301","0.914123583110937","27.898744404132",
"10/8/2012","-63.4375","-7.02514982223511","82","31.959","22.967","13.425636348","1.12968862864351","0.900277846234925","23.7096679934304",
"10/9/2012","-63.4375","-7.02514982223511","82","29.607","20.499","5.9429218104","0.925822258175511","0.917275615211039","20.165508537372",
"10/10/2012","-63.4375","-7.02514982223511","82","36.189","22.214","5.35240152","1.18104104779952","0.733590924368699","25.6065937211412",
"10/11/2012","-63.4375","-7.02514982223511","82","33.182","22.291","22.89963024","1.12491921884127","0.870571180433383","26.450166349224",
"10/12/2012","-63.4375","-7.02514982223511","82","26.174","22.038","20.743556652","1.42761586867488","0.96411075801739","13.534402245516",
"10/13/2012","-63.4375","-7.02514982223511","82","27.213","21.793","14.105409552","0.950295178174975","0.962656291530397","14.190215210352",
"10/14/2012","-63.4375","-7.02514982223511","82","32.628","21.007","7.7917022928","0.925242441940589","0.896913316403279","24.3995890872024",
"10/15/2012","-63.4375","-7.02514982223511","82","35.57","23.642","10.086824556","1.10847000956447","0.841094353102718","19.625801099688",
"10/16/2012","-63.4375","-7.02514982223511","82","32.828","23.69","91.3067568","1.05750241138938","0.921094681058555","13.235674375872",
"10/17/2012","-63.4375","-7.02514982223511","82","31.605","23.096","7.6972914","1.2986687336487","0.857288446610512","28.0804208804658",
"10/18/2012","-63.4375","-7.02514982223511","82","33.733","23.216","17.049404052","0.73619815358285","0.90729149361592","21.83421762738",
"10/19/2012","-63.4375","-7.02514982223511","82","29.985","23.822","12.977607384","0.728414895100587","0.930778104822473","21.9759198626484",
"10/20/2012","-63.4375","-7.02514982223511","82","34.506","22.11","0.645447024","0.77596615629713","0.76983289496013","22.980378789288",
"10/21/2012","-63.4375","-7.02514982223511","82","35.717","22.062","6.9780381408","0.741277046613362","0.776366447331005","14.67521469522",
"10/22/2012","-63.4375","-7.02514982223511","82","35.562","21.137","2.6744868","0.877180409737226","0.730215444439124","20.9931710484132",
"10/23/2012","-63.4375","-7.02514982223511","82","36.938","22.176","0.0017166132","1.39228482086804","0.611310019983983","23.719911452568",
"10/24/2012","-63.4375","-7.02514982223511","82","35.202","23.556","1.1329652664","1.59157581694326","0.73103013893676","18.461301224364",
"10/25/2012","-63.4375","-7.02514982223511","82","35.247","20.964","5.134392","1.33436085936241","0.796307835326034","19.0329623934077",
"10/26/2012","-63.4375","-7.02514982223511","82","32.584","22.651","10.6018073064","0.823518436059731","0.886688565508711","25.778704471272",
"10/27/2012","-63.4375","-7.02514982223511","82","28.6","21.178","5.4554022","0.839742415125453","0.915011968424771","9.7271168258052",
"10/28/2012","-63.4375","-7.02514982223511","82","35.955","23.126","0.1785277728","0.870973415589634","0.710996772084293","23.479708586904",
"10/29/2012","-63.4375","-7.02514982223511","82","37.722","22.301","1.7801274132","1.03758622581929","0.665694538861346","22.47887992968",
"10/30/2012","-63.4375","-7.02514982223511","82","35.718","23.091","1.6101855864","1.17112777686734","0.791312425254372","16.332412214052",
"10/31/2012","-63.4375","-7.02514982223511","82","29.014","22.127","16.3078424064","0.896511025240092","0.920015824093255","7.694321511456",
"11/1/2012","-63.4375","-7.02514982223511","82","36.121","21.562","0.32958972","0.922445229469568","0.744751928883331","23.219010653004",
"11/2/2012","-63.4375","-7.02514982223511","82","34.744","21.346","8.20712448","0.932271494914849","0.812621306290297","28.319959887048",
"11/3/2012","-63.4375","-7.02514982223511","82","33.96","22.126","5.1584272704","1.10934642985919","0.771451977885025","28.765998532908",
"11/4/2012","-63.4375","-7.02514982223511","82","31.659","22.473","11.87209404","0.942109426238034","0.886591923575844","26.064054076068",
"11/5/2012","-63.4375","-7.02514982223511","82","32.861","22.606","2.3345951904","0.982584789098134","0.877753092127749","14.769285646104",
"11/6/2012","-63.4375","-7.02514982223511","82","33.018","22.525","11.822314896","0.98510717465278","0.880191216138861","18.70499181132",
"11/7/2012","-63.4375","-7.02514982223511","82","34.501","23.229","10.49194188","1.14551534445622","0.825052518485036","25.491064079592",
"11/8/2012","-63.4375","-7.02514982223511","82","32.576","22.979","12.82481928","1.02001118655852","0.905499906704646","28.4963821291584",
"11/9/2012","-63.4375","-7.02514982223511","82","29.579","21.119","0.5802158304","1.29316262858421","0.850686817602258","17.79254559468",
"11/10/2012","-63.4375","-7.02514982223511","82","32.937","20.415","7.01922924","0.841535317951702","0.845533157814491","27.869500306368",
"11/11/2012","-63.4375","-7.02514982223511","82","31.349","22.89","12.90549564","1.49495999817243","0.89755982143803","20.389725119574",
"11/12/2012","-63.4375","-7.02514982223511","82","30.621","22.44","11.092754304","1.09658722595077","0.916013459435969","15.375698195616",
"11/13/2012","-63.4375","-7.02514982223511","82","25.529","22.286","31.795110252","0.618631411039432","0.974577011074229","3.02489474022",
"11/14/2012","-63.4375","-7.02514982223511","82","31.032","20.642","9.661098024","0.689105757902592","0.90189201543477","24.138818535636",
"11/15/2012","-63.4375","-7.02514982223511","82","29.896","23.089","7.032970404","0.880301437045281","0.92822681079831","21.253610131776",
"11/16/2012","-63.4375","-7.02514982223511","82","29.191","23.263","9.377860968","0.845128869767896","0.926039777752346","23.541714162828",
"11/17/2012","-63.4375","-7.02514982223511","82","27.727","23.376","12.764732904","0.79374219520457","0.953415562776532","17.89571415492",
"11/18/2012","-63.4375","-7.02514982223511","82","32.572","23.271","12.740705676","0.585041885001322","0.899611138527271","17.9301711934753",
"11/19/2012","-63.4375","-7.02514982223511","82","30.093","23.283","8.3290083048","0.985674444415958","0.931455424607695","14.137652188944",
"11/20/2012","-63.4375","-7.02514982223511","82","24.121","21.865","9.49459284","0.68453275230811","0.979443603587428","1.171720526868",
"11/21/2012","-63.4375","-7.02514982223511","82","30.031","22.511","15.82031484","0.806799356094659","0.879290025177276","13.1281540040448",
"11/22/2012","-63.4375","-7.02514982223511","82","35.531","22.53","19.4046019848","0.78615374988111","0.847905293182257","16.463130052176",
"11/23/2012","-63.4375","-7.02514982223511","82","31.703","22.872","4.7327031396","0.965863343439976","0.870930915900034","15.013204177212",
"11/24/2012","-63.4375","-7.02514982223511","82","31.648","23.041","1.6393692132","1.61865890311344","0.823535033435828","19.682043606684",
"11/25/2012","-63.4375","-7.02514982223511","82","34.923","22.84","14.3629071624","1.33107971733992","0.842526237187107","21.361003239276",
"11/26/2012","-63.4375","-7.02514982223511","82","28.804","23.505","9.170150796","0.932435539438706","0.929345800052607","10.678322760768",
"11/27/2012","-63.4375","-7.02514982223511","82","32.387","23.636","2.05821981","0.946084938150561","0.872603741829338","15.8283413002944",
"11/28/2012","-63.4375","-7.02514982223511","82","29.805","23.194","21.9160188144","0.985651347014091","0.937786733172009","23.273802274068",
"11/29/2012","-63.4375","-7.02514982223511","82","28.689","23.752","16.170494652","0.776605259184846","0.956517698652329","14.657922933624",
"11/30/2012","-63.4375","-7.02514982223511","82","30.409","23.43","15.1336652112","0.630425663028716","0.92548939933762","22.8708884652876",
"12/1/2012","-63.4375","-7.02514982223511","82","32.473","23.463","8.898921","0.977444228286353","0.896953653846811","13.17326430546",
"12/2/2012","-63.4375","-7.02514982223511","82","31.21","21.841","7.851793716","0.987386297735248","0.87884666717375","26.370542350728",
"12/3/2012","-63.4375","-7.02514982223511","82","28.698","23.009","23.78196108","1.08017739287467","0.946941865052332","25.2683656041168",
"12/4/2012","-63.4375","-7.02514982223511","82","29.551","22.295","20.3332701528","0.930511380821115","0.944354859561865","25.1768022381",
"12/5/2012","-63.4375","-7.02514982223511","82","27.876","23.519","16.791917472","0.843936672039585","0.957516510268192","16.56796584384",
"12/6/2012","-63.4375","-7.02514982223511","82","30.589","23.382","14.047049484","0.805939559359334","0.935206546069241","20.0193163362",
"12/7/2012","-63.4375","-7.02514982223511","82","33.665","22.853","0.528716844","1.04724274199816","0.790969025439999","22.176464768244",
"12/8/2012","-63.4375","-7.02514982223511","82","35.634","21.767","0.9063722664","1.32866724816925","0.771224690673622","22.142156546556",
"12/9/2012","-63.4375","-7.02514982223511","82","29.678","22.335","6.3068380704","0.922216724514219","0.912307477424215","17.9865468242964",
"12/10/2012","-63.4375","-7.02514982223511","82","29.481","22.092","20.06377722","1.13351692032462","0.902081149707331","14.880740082912",
"12/11/2012","-63.4375","-7.02514982223511","82","31.784","21.51","9.3177825624","0.545227529083898","0.922088982403992","23.934020915772",
"12/12/2012","-63.4375","-7.02514982223511","82","28.975","22.929","10.82668086","0.712360922504804","0.947443245545847","20.0677067968752",
"12/13/2012","-63.4375","-7.02514982223511","82","28.421","22.668","16.04690766","0.603026879391596","0.95119460168184","17.617463337132",
"12/14/2012","-63.4375","-7.02514982223511","82","26.492","22.969","24.79819896","0.737004913066673","0.972502132740034","9.267288012684",
"12/15/2012","-63.4375","-7.02514982223511","82","31.892","22.086","14.48479062","0.76674281267395","0.926211414980886","20.410089921468",
"12/16/2012","-63.4375","-7.02514982223511","82","26.425","22.391","11.188892268","1.16938568544477","0.959492922003027","11.122979601168",
"12/17/2012","-63.4375","-7.02514982223511","82","28.291","22.186","18.539425872","1.03637091784969","0.958640557154048","13.920729961464",
"12/18/2012","-63.4375","-7.02514982223511","82","30.466","22.123","5.9600821464","1.18683541032614","0.88516951955235","21.02512452894",
"12/19/2012","-63.4375","-7.02514982223511","82","28.296","19.395","2.1148674264","1.03927621935375","0.902034123821837","14.6779238575692",
"12/20/2012","-63.4375","-7.02514982223511","82","33.922","19.594","3.48815628","1.01340110895936","0.823944741515438","28.119355844796",
"12/21/2012","-63.4375","-7.02514982223511","82","33.519","22.71","5.1704449344","1.08718049501202","0.83319151938615","25.797186161388",
"12/22/2012","-63.4375","-7.02514982223511","82","32.167","22.744","4.991911524","0.988202775618286","0.878869237343589","19.6888595933952",
"12/23/2012","-63.4375","-7.02514982223511","82","29.689","21.098","12.55016196","0.699430766031487","0.93199746835361","17.5602298833",
"12/24/2012","-63.4375","-7.02514982223511","82","29.934","21.051","12.8883342384","0.75477429050854","0.934476642162868","20.4422841108648",
"12/25/2012","-63.4375","-7.02514982223511","82","31.964","23.009","9.623333016","1.16489721217953","0.875315171826994","22.58349142284",
"12/26/2012","-63.4375","-7.02514982223511","82","27.38","22.897","21.402744984","0.893123741293862","0.960800101709221","17.801255802672",
"12/27/2012","-63.4375","-7.02514982223511","82","27.225","22.07","20.41740396","0.757822019303563","0.94627170952734","10.346625454248",
"12/28/2012","-63.4375","-7.02514982223511","82","30.897","21.896","7.020948636","0.991684497014387","0.890674719354229","18.3065412698496",
"12/29/2012","-63.4375","-7.02514982223511","82","30.057","23.489","12.8059370928","0.837388342756903","0.907209196195043","18.9441855216",
"12/30/2012","-63.4375","-7.02514982223511","82","29.01","23.246","11.288451924","0.670953358845861","0.946961630575355","19.292268989916",
"12/31/2012","-63.4375","-7.02514982223511","82","27.712","23.495","24.44114736","0.655265831419998","0.962588817223177","17.603446150368",
"1/1/2013","-63.4375","-7.02514982223511","82","27.993","23.676","6.729124788","0.575026543075883","0.946152423770893","17.152187174532",
"1/2/2013","-63.4375","-7.02514982223511","82","28.5","23.932","19.625185836","0.824962425908169","0.96124390935806","14.70887591616",
"1/3/2013","-63.4375","-7.02514982223511","82","25.901","23.096","9.264562704","0.805085692196388","0.969318315926161","5.319642789864",
"1/4/2013","-63.4375","-7.02514982223511","82","25.402","22.261","43.5745232892","0.760024265034741","0.972890985910639","5.698144342908",
"1/5/2013","-63.4375","-7.02514982223511","82","26.17","21.444","5.328367452","0.60496204698855","0.964785047165878","11.454269515488",
"1/6/2013","-63.4375","-7.02514982223511","82","30.028","22.412","2.36635254","0.793786840610562","0.886093078437215","16.187844576636",
"1/7/2013","-63.4375","-7.02514982223511","82","32.601","22.641","4.2297386292","1.07960778086599","0.846729092701234","20.931289043364",
"1/8/2013","-63.4375","-7.02514982223511","82","30.135","21.254","10.974316428","0.770735028509204","0.930988687756404","17.809192541736",
"1/9/2013","-63.4375","-7.02514982223511","82","27.841","23.252","14.505388308","0.560759309831226","0.964086179442853","13.141436068584",
"1/10/2013","-63.4375","-7.02514982223511","82","28.312","23.437","5.058858996","0.666615509856686","0.948018513703118","11.6466501798",
"1/11/2013","-63.4375","-7.02514982223511","82","28.401","22.558","9.2903129064","1.12689475399796","0.934720486033124","10.574607798288",
"1/12/2013","-63.4375","-7.02514982223511","82","24.694","23.066","17.543791692","1.29801395838488","0.976659525399218","5.0411754455364",
"1/13/2013","-63.4375","-7.02514982223511","82","25.723","22.673","8.224291044","0.951607815803904","0.968971531189304","3.80395269468",
"1/14/2013","-63.4375","-7.02514982223511","82","27.315","21.696","2.7603148932","0.855739002197377","0.934559373613477","7.86387402828",
"1/15/2013","-63.4375","-7.02514982223511","82","31.065","19.565","9.8499319704","0.91448039655166","0.910200699744723","23.947772780592",
"1/16/2013","-63.4375","-7.02514982223511","82","31.928","21.274","7.0578569664","1.12452323153495","0.852857227710462","24.913063172808",
"1/17/2013","-63.4375","-7.02514982223511","82","28.506","21.861","21.1572648","0.830945571160056","0.953297107793259","24.351374340828",
"1/18/2013","-63.4375","-7.02514982223511","82","28.767","23.951","11.773395684","0.847196287147652","0.956271583997065","16.614548052372",
"1/19/2013","-63.4375","-7.02514982223511","82","29.271","23.303","8.7590265264","0.548424307431763","0.928788837957342","20.557173938004",
"1/20/2013","-63.4375","-7.02514982223511","82","29.422","22.681","11.1339631944","0.993198585665036","0.928452217585226","23.889115218852",
"1/21/2013","-63.4375","-7.02514982223511","82","29.162","23.971","5.10692724","1.03913755557089","0.911911601386179","17.38705676562",
"1/22/2013","-63.4375","-7.02514982223511","82","28.181","23.773","35.042958684","0.823595740391185","0.962222193879225","19.07027229078",
"1/23/2013","-63.4375","-7.02514982223511","82","29.833","22.885","15.2503974","1.24001662049427","0.897952966565174","24.9118091060076",
"1/24/2013","-63.4375","-7.02514982223511","82","28.735","22.836","14.70794472","0.947013409356941","0.941603706591284","24.4538579547036",
"1/25/2013","-63.4375","-7.02514982223511","82","31.215","23.79","10.146908484","0.968132331639431","0.92592712361923","21.469455626004",
"1/26/2013","-63.4375","-7.02514982223511","82","33.411","24.123","7.879257612","0.613443225801616","0.898579105394087","18.493801430796",
"1/27/2013","-63.4375","-7.02514982223511","82","32.809","23.625","13.393024164","0.953919823255993","0.903124133149728","20.43438251094",
"1/28/2013","-63.4375","-7.02514982223511","82","29.067","21.903","14.55516414","0.784486523999021","0.932846646515434","24.2072505621504",
"1/29/2013","-63.4375","-7.02514982223511","82","25.499","22.517","21.328917876","0.920292381931387","0.976257090814608","3.128693128416",
"1/30/2013","-63.4375","-7.02514982223511","82","31.379","21.732","6.29482608","1.14581379365537","0.906812403763657","23.261873906952",
"1/31/2013","-63.4375","-7.02514982223511","82","28.675","23.966","16.2709249824","1.18495957524876","0.944469494795586","21.286274077044",
"2/1/2013","-63.4375","-7.02514982223511","82","28.551","24.15","12.380220252","0.961763758605113","0.940868069169744","19.318647843324",
"2/2/2013","-63.4375","-7.02514982223511","82","28.726","23.428","8.5813553664","0.824683810482736","0.93192423300583","15.5522081729772",
"2/3/2013","-63.4375","-7.02514982223511","82","26.598","22.788","12.4282824264","0.795360497493544","0.964396284779674","7.857695359044",
"2/4/2013","-63.4375","-7.02514982223511","82","30.346","23.898","9.853367724","0.953535663167172","0.939768455221075","15.895178923428",
"2/5/2013","-63.4375","-7.02514982223511","82","27.719","22.508","6.80980284","0.803618632570906","0.963700800401344","10.946490631668",
"2/6/2013","-63.4375","-7.02514982223511","82","31.165","22.354","12.6239767848","0.881549944088545","0.935937167223112","19.23061239702",
"2/7/2013","-63.4375","-7.02514982223511","82","28.759","23.901","11.1288042","1.14724077244125","0.925248021445828","11.895643182312",
"2/8/2013","-63.4375","-7.02514982223511","82","24.832","23.708","49.5140112","1.21841677188998","0.978657717834252","1.873896101856",
"2/9/2013","-63.4375","-7.02514982223511","82","27.949","23.189","40.04517294","1.16813293918878","0.953197433887272","16.8498701167284",
"2/10/2013","-63.4375","-7.02514982223511","82","28.03","22.961","7.19261568","0.870122081467149","0.938665690932513","9.8664106069692",
"2/11/2013","-63.4375","-7.02514982223511","82","27.949","23.056","19.396016352","1.13131916860182","0.948717149156023","20.957036423652",
"2/12/2013","-63.4375","-7.02514982223511","82","29.96","23.202","8.529854184","1.24308812493692","0.911759869062851","25.2469860763356",
"2/13/2013","-63.4375","-7.02514982223511","82","27.288","22.038","20.6954966664","0.779265385574037","0.961015890052562","17.786966246532",
"2/14/2013","-63.4375","-7.02514982223511","82","26.616","22.115","14.989473396","0.717617946429775","0.960609399437639","8.103566773332",
"2/15/2013","-63.4375","-7.02514982223511","82","31.513","20.094","10.0799543664","0.934952166767413","0.884843690068062","28.24088076414",
"2/16/2013","-63.4375","-7.02514982223511","82","30.5","21.654","10.05763752","0.878064341483408","0.916132744380322","21.4399056839544",
"2/17/2013","-63.4375","-7.02514982223511","82","28.16","22.609","16.19796816","0.918054361112949","0.954135730022877","24.137133124248",
"2/18/2013","-63.4375","-7.02514982223511","82","32.121","23.429","7.55309898","0.965767269055732","0.888484516093201","20.13289700202",
"2/19/2013","-63.4375","-7.02514982223511","82","31.593","23.103","71.3939579064","0.842576511210937","0.913365623930751","24.96395738664",
"2/20/2013","-63.4375","-7.02514982223511","82","26.892","22.106","218.8631916","0.919930542177055","0.970663022831682","16.4532121658964",
"2/21/2013","-63.4375","-7.02514982223511","82","26.613","22.401","8.17451208","0.61700785684616","0.965392341667685","8.886883907772",
"2/22/2013","-63.4375","-7.02514982223511","82","27.525","21.634","16.573906332","0.663587995808296","0.964494871014045","15.7112642866392",
"2/23/2013","-63.4375","-7.02514982223511","82","28.941","23.318","19.2415161384","0.558305697150067","0.938621949559785","10.076306112504",
"2/24/2013","-63.4375","-7.02514982223511","82","29.755","22.09","16.6442812704","0.899087081838978","0.946477304755312","21.9326311519956",
"2/25/2013","-63.4375","-7.02514982223511","82","28.958","22.604","14.42127096","0.742607459664885","0.92180712209954","13.449729187584",
"2/26/2013","-63.4375","-7.02514982223511","82","29.299","22.57","5.63735862","1.04501179312198","0.930112747306783","20.892576625974",
"2/27/2013","-63.4375","-7.02514982223511","82","28.758","23.516","7.062144192","1.05239365738555","0.955231887447774","14.3324994733272",
"2/28/2013","-63.4375","-7.02514982223511","82","32.531","22.687","24.8394008448","0.990581392076743","0.905451403101024","20.4240564330624",
"3/1/2013","-63.4375","-7.02514982223511","82","27.364","23.732","17.83218096","0.917378687384814","0.967568255318485","12.9647743481815",
"3/2/2013","-63.4375","-7.02514982223511","82","29.005","23.471","25.515745884","0.733167654856851","0.94851097689351","21.064695920046",
"3/3/2013","-63.4375","-7.02514982223511","82","32.717","23.367","18.118864656","0.816879179005074","0.897420953896917","15.6312818425224",
"3/4/2013","-63.4375","-7.02514982223511","82","30.114","23.379","42.783168564","1.05747195660775","0.94817339210927","18.294595049088",
"3/5/2013","-63.4375","-7.02514982223511","82","34.352","22.94","6.3600557328","1.0195956213728","0.86021226067998","23.216201637624",
"3/6/2013","-63.4375","-7.02514982223511","82","30.334","22.744","28.33271028","0.653435208507563","0.944352773955625","17.9762614576268",
"3/7/2013","-63.4375","-7.02514982223511","82","26.591","22.069","93.23101188","0.726800520118806","0.968359126315305","6.081876862236",
"3/8/2013","-63.4375","-7.02514982223511","82","28.914","22.257","15.106200552","0.857979781949448","0.935679497432014","19.355125964904",
"3/9/2013","-63.4375","-7.02514982223511","82","28.54","22.945","22.32970992","0.609184457476584","0.96188066998733","22.583073806964",
"3/10/2013","-63.4375","-7.02514982223511","82","27.608","21.329","3.484731276","0.785292825636759","0.954383535709597","12.8381180720184",
"3/11/2013","-63.4375","-7.02514982223511","82","30.202","22.307","11.9647993392","0.588652009131371","0.936288820577984","24.4825251801048",
"3/12/2013","-63.4375","-7.02514982223511","82","33.097","21.954","4.916382336","0.986943513564454","0.840234196964652","25.797024897552",
"3/13/2013","-63.4375","-7.02514982223511","82","29.091","22.52","11.2077679932","0.822384064490774","0.94581514670909","27.366512081526",
"3/14/2013","-63.4375","-7.02514982223511","82","29.392","23.25","22.2541812","0.569664439104341","0.942708625741829","19.7964325817784",
"3/15/2013","-63.4375","-7.02514982223511","82","27.42","23.578","12.88146636","0.835066638892469","0.962286110826425","11.4520804146684",
"3/16/2013","-63.4375","-7.02514982223511","82","29.722","23.553","19.795988556","1.10636741081992","0.924159027637915","21.331422990972",
"3/17/2013","-63.4375","-7.02514982223511","82","24.436","22.686","83.1665376","1.16813414267776","0.98130836939387","0.8575468891956",
"3/18/2013","-63.4375","-7.02514982223511","82","30.669","22.344","12.2686384248","0.922075878591697","0.921060865972847","22.2307466058036",
"3/19/2013","-63.4375","-7.02514982223511","82","31.45","23.401","7.175445588","0.959418916395664","0.896652199968069","17.741190966084",
"3/20/2013","-63.4375","-7.02514982223511","82","28.715","23.614","14.00929236","1.08885608769312","0.93012119164317","22.867907929992",
"3/21/2013","-63.4375","-7.02514982223511","82","24.275","22.771","26.566335036","0.845418420272858","0.979288338239738","2.2315506735204",
"3/22/2013","-63.4375","-7.02514982223511","82","26.617","22.847","4.8185346744","0.849948139436929","0.965433677889837","9.3859212446028",
"3/23/2013","-63.4375","-7.02514982223511","82","31.48","23.12","9.66454398","1.00503248387654","0.907947861085471","22.7530198733724",
"3/24/2013","-63.4375","-7.02514982223511","82","26.971","22.672","6.5128343976","1.28471938727477","0.921733584565827","14.9992651362838",
"3/25/2013","-63.4375","-7.02514982223511","82","32.024","22.645","3.3954655752","1.19153362554469","0.854515685818796","24.0811558046122",
"3/26/2013","-63.4375","-7.02514982223511","82","31.238","22.111","7.134245244","1.03604999749912","0.892591050008969","27.0308915042148",
"3/27/2013","-63.4375","-7.02514982223511","82","31","21.507","3.206635272","0.913062350948748","0.898817637741347","14.9941960336224",
"3/28/2013","-63.4375","-7.02514982223511","82","29.477","22.198","22.3074063576","0.830880741370423","0.904776773674059","25.0809724653768",
"3/29/2013","-63.4375","-7.02514982223511","82","28.709","22.97","15.183443268","0.945482356069552","0.963364796571898","10.9809882777564",
"3/30/2013","-63.4375","-7.02514982223511","82","25.571","20.031","25.412747868","0.606290100712295","0.970499877835832","4.250188579248",
"3/31/2013","-63.4375","-7.02514982223511","82","28.225","20.913","10.3769325648","0.703037586026491","0.953725799529752","15.8768793241236",
"4/1/2013","-63.4375","-7.02514982223511","82","26.409","21.712","15.511319784","0.740206896277659","0.974239714578992","8.4085843050648",
"4/2/2013","-63.4375","-7.02514982223511","82","27.012","21.461","3.388598136","0.742583124537633","0.961571789076302","12.7927081200996",
"4/3/2013","-63.4375","-7.02514982223511","82","31.13","21.871","12.369918564","0.76054327073578","0.945070050528313","20.3625810704484",
"4/4/2013","-63.4375","-7.02514982223511","82","31.388","23.13","7.94277072","0.783286798332701","0.903223512591141","19.0434027375648",
"4/5/2013","-63.4375","-7.02514982223511","82","31.065","22.013","7.49473776","0.87336438701362","0.894775707103722","21.3009904906956",
"4/6/2013","-63.4375","-7.02514982223511","82","28.582","23.426","17.0185117464","1.01462515826585","0.952894856250697","24.4487483563656",
"4/7/2013","-63.4375","-7.02514982223511","82","30.955","24.078","8.761595688","1.0811086495932","0.921829499314259","20.306616997752",
"4/8/2013","-63.4375","-7.02514982223511","82","28.66","22.134","3.88297836","1.21361702238336","0.913587277588955","17.7748628427792",
"4/9/2013","-63.4375","-7.02514982223511","82","31.421","21.831","9.1169352396","0.901934825750485","0.855484405881399","25.0207605270864",
"4/10/2013","-63.4375","-7.02514982223511","82","26.708","21.986","26.5010825232","0.795169504702019","0.945643814179325","7.834387968036",
"4/11/2013","-63.4375","-7.02514982223511","82","32.522","20.834","2.7551640744","1.06901160765696","0.785399977043905","25.446613212576",
"4/12/2013","-63.4375","-7.02514982223511","82","33.351","22.838","1.4934540024","1.40328395701501","0.827561750497698","26.0093070395172",
"4/13/2013","-63.4375","-7.02514982223511","82","33.828","22.297","1.3217921712","1.14397544395365","0.809495615093892","26.240066313264",
"4/14/2013","-63.4375","-7.02514982223511","82","29.883","22.827","9.496306224","1.48513679318061","0.921186779412312","25.706389398444",
"4/15/2013","-63.4375","-7.02514982223511","82","28.035","23.196","12.39738048","1.16095830555487","0.951152207068687","17.155336204512",
"4/16/2013","-63.4375","-7.02514982223511","82","27.814","22.776","21.48857172","0.769180148099385","0.965952787838219","16.617190244616",
"4/17/2013","-63.4375","-7.02514982223511","82","28.872","23.687","70.12709676","1.12809253394503","0.936174418626477","9.7079096828232",
"4/18/2013","-63.4375","-7.02514982223511","82","26.139","22.394","11.6592444","0.60490025421814","0.971451987447005","8.772194044584",
"4/19/2013","-63.4375","-7.02514982223511","82","27.834","22.804","9.7743980304","0.929608814346112","0.963980484998025","16.8339705610284",
"4/20/2013","-63.4375","-7.02514982223511","82","27.551","23.552","9.276581052","0.968462419556078","0.960477195873819","18.4759311079224",
"4/21/2013","-63.4375","-7.02514982223511","82","30.399","21.188","5.245967412","0.947465988980651","0.92301226315516","16.33660390998",
"4/22/2013","-63.4375","-7.02514982223511","82","31.641","19.872","0.0514984104","1.45971397060269","0.752533224109322","25.3261074944664",
"4/23/2013","-63.4375","-7.02514982223511","82","29.582","20.671","5.088045492","1.35981287414251","0.845614362871343","20.063658924684",
"4/24/2013","-63.4375","-7.02514982223511","82","26.003","22.394","76.83388776","1.48871383868177","0.975474905811616","8.956811453004",
"4/25/2013","-63.4375","-7.02514982223511","82","27.077","22.144","11.6128909368","1.18512113478528","0.958751552296135","16.1858860198884",
"4/26/2013","-63.4375","-7.02514982223511","82","26.667","22.612","18.572050656","1.29814288141391","0.966120027366292","21.3012010887552",
"4/27/2013","-63.4375","-7.02514982223511","82","24.895","22.818","12.9964795704","1.2439694606921","0.972566685311976","5.51413465182",
"4/28/2013","-63.4375","-7.02514982223511","82","33.146","22.193","8.7890629104","0.794513898020934","0.880811109824891","18.104667857568",
"4/29/2013","-63.4375","-7.02514982223511","82","28.013","22.841","7.817460804","0.965972087872617","0.949602937180337","18.50985789372",
"4/30/2013","-63.4375","-7.02514982223511","82","29.036","22.713","5.6201940864","0.768148090100195","0.942145220737982","17.678063987856",
"5/1/2013","-63.4375","-7.02514982223511","82","31.321","20.376","2.4993883512","0.79947407479295","0.908084862751742","15.056255366316",
"5/2/2013","-63.4375","-7.02514982223511","82","31.184","22.513","6.91108686","1.07840965099631","0.908843488013131","24.08274016002",
"5/3/2013","-63.4375","-7.02514982223511","82","28.153","22.475","8.387368704","0.978962485681397","0.948042007604097","17.1798954668388",
"5/4/2013","-63.4375","-7.02514982223511","82","29.756","20.25","9.8979975","0.853083392076196","0.928776389106996","23.692679102484",
"5/5/2013","-63.4375","-7.02514982223511","82","29.953","21.279","1.3990403664","1.04154166173206","0.893827009050827","13.4665756827624",
"5/6/2013","-63.4375","-7.02514982223511","82","30.507","21.17","11.39488668","0.555116355643163","0.916446516468825","22.51346232213",
"5/7/2013","-63.4375","-7.02514982223511","82","27.475","23.086","16.1481952728","1.04657324879819","0.962831485100228","11.057837515272",
"5/8/2013","-63.4375","-7.02514982223511","82","28.906","22.442","2.276231184","1.21814510991407","0.905091943203665","13.4966955357828",
"5/9/2013","-63.4375","-7.02514982223511","82","24.816","20.748","28.162782576","0.530973822138295","0.980297552449266","4.174561183086",
"5/10/2013","-63.4375","-7.02514982223511","82","31.829","19.361","3.069303264","1.05279912744034","0.862617244511191","23.91087401028",
"5/11/2013","-63.4375","-7.02514982223511","82","29.619","22.403","8.938412748","0.817152377928122","0.947696869764287","17.8459718355",
"5/12/2013","-63.4375","-7.02514982223511","82","30.729","21.224","3.5602596","0.812338761898349","0.891976762218867","14.4870159996",
"5/13/2013","-63.4375","-7.02514982223511","82","29.366","22.076","14.086530684","0.938377685451446","0.939252368323612","22.34367314064",
"5/14/2013","-63.4375","-7.02514982223511","82","27.581","21.94","5.86052334","0.622617019851641","0.962701651109243","14.233971433032",
"5/15/2013","-63.4375","-7.02514982223511","82","32.981","21.413","2.3139962784","0.842551356042361","0.861339447297203","20.643079898736",
"5/16/2013","-63.4375","-7.02514982223511","82","30.342","22.353","3.7010199384","0.678500944648408","0.901163336513585","20.1115353020904",
"5/17/2013","-63.4375","-7.02514982223511","82","30.077","23.358","8.59851648","1.16220677056519","0.912509021324587","21.7851048414036",
"5/18/2013","-63.4375","-7.02514982223511","82","30.143","21.444","0.3913879968","1.17228781233259","0.891054298675851","13.626370090152",
"5/19/2013","-63.4375","-7.02514982223511","82","33.666","18.616","2.4633410328","0.971568352450869","0.814499622392267","21.926830394592",
"5/20/2013","-63.4375","-7.02514982223511","82","31.51","19.688","2.4719243328","0.884492742606454","0.866050537284814","23.34019757634",
"5/21/2013","-63.4375","-7.02514982223511","82","33.116","18.899","4.476929184","0.868361638719732","0.852312421741671","21.856379509476",
"5/22/2013","-63.4375","-7.02514982223511","82","24.921","21.745","3.4589778732","0.646789552550142","0.972336617044402","2.1812205737844",
"5/23/2013","-63.4375","-7.02514982223511","82","27.488","21.361","24.06006522","0.785320044145844","0.949308903556507","18.8300100258648",
"5/24/2013","-63.4375","-7.02514982223511","82","25.367","21.754","30.6192307464","0.960070099812057","0.976347482843658","8.716618862748",
"5/25/2013","-63.4375","-7.02514982223511","82","24.648","22.03","6.282811908","0.981799247406498","0.975061957564944","5.11923496122",
"5/26/2013","-63.4375","-7.02514982223511","82","28.199","20.14","14.91050232","0.545877793743088","0.958703907242825","14.174200740636",
"5/27/2013","-63.4375","-7.02514982223511","82","29.517","21.742","18.72139392","0.452956435104986","0.953511509970173","14.741863733844",
"5/28/2013","-63.4375","-7.02514982223511","82","29.702","20.256","9.9838242504","0.673408907424391","0.925585471499093","18.9047765313828",
"5/29/2013","-63.4375","-7.02514982223511","82","29.062","19.933","3.0916215036","0.914055408779336","0.925334175518884","10.6776485568",
"5/30/2013","-63.4375","-7.02514982223511","82","31.825","20.852","1.60331688","1.00074442196894","0.839210395360781","22.707605117592",
"5/31/2013","-63.4375","-7.02514982223511","82","29.508","21.101","6.492233592","0.976392244354818","0.911654668503134","22.59590967414",
"6/1/2013","-63.4375","-7.02514982223511","82","30.24","19.955","1.735496208","0.835928248161029","0.883483879142779","17.879686347618",
"6/2/2013","-63.4375","-7.02514982223511","82","34.497","21.025","0.2128602132","1.09377633841645","0.764377281329655","22.940798174604",
"6/3/2013","-63.4375","-7.02514982223511","82","31.439","20.709","3.8220427332","0.913664262792911","0.865349483959701","22.564609081884",
"6/4/2013","-63.4375","-7.02514982223511","82","31.082","21.502","3.5902996344","1.02364406878772","0.876911453770637","21.8254372217352",
"6/5/2013","-63.4375","-7.02514982223511","82","29.078","20.816","4.4580465864","1.01192614856363","0.909654183441689","14.9949532914516",
"6/6/2013","-63.4375","-7.02514982223511","82","28.721","20.677","4.2383189412","0.98253247026462","0.913749975763888","15.46615321092",
"6/7/2013","-63.4375","-7.02514982223511","82","28.776","20.759","6.2759388024","0.89525617158205","0.906986300851833","17.11832752332",
"6/8/2013","-63.4375","-7.02514982223511","82","29.47","22.421","7.650942876","1.05310605771185","0.927345460859636","14.083315085034",
"6/9/2013","-63.4375","-7.02514982223511","82","30.57","21.99","4.155924888","1.04907198720572","0.878429363395499","18.7021118224044",
"6/10/2013","-63.4375","-7.02514982223511","82","29.469","21.099","4.677774516","0.894244227178964","0.915489369375779","22.0496539048416",
"6/11/2013","-63.4375","-7.02514982223511","82","29.214","20.108","3.62377152","0.822991679934427","0.898608287238156","17.3607068931984",
"6/12/2013","-63.4375","-7.02514982223511","82","33.504","20.588","0.816249672","1.1619310414462","0.754572132617822","22.6626032332152",
"6/13/2013","-63.4375","-7.02514982223511","82","33.383","20.453","0","1.11646611828156","0.729249480965087","15.434277924744",
"6/14/2013","-63.4375","-7.02514982223511","82","33.181","19.856","0.882339768","1.08752301693835","0.735382964128188","20.129610996864",
"6/15/2013","-63.4375","-7.02514982223511","82","32.25","22.522","1.7028800532","0.989551682432703","0.82919503988326","15.30091225026",
"6/16/2013","-63.4375","-7.02514982223511","82","31.423","20.922","5.4176337864","0.912169472814685","0.869306665424324","22.107020626908",
"6/17/2013","-63.4375","-7.02514982223511","82","29.85","18.935","3.599739","0.874441588858298","0.877914510106759","19.5702461849232",
"6/18/2013","-63.4375","-7.02514982223511","82","27.98","20.746","9.1873142532","0.823940290619566","0.949684028619508","20.6614358541684",
"6/19/2013","-63.4375","-7.02514982223511","82","28.58","20.263","8.265496356","0.624012538910988","0.942845978015755","21.2112465247512",
"6/20/2013","-63.4375","-7.02514982223511","82","31.078","21.572","2.7071002332","1.02740590513366","0.878234274391225","22.0324074414624",
"6/21/2013","-63.4375","-7.02514982223511","82","32.416","20.836","1.48744512","0.906435822670784","0.822725177722375","22.2247069042453",
"6/22/2013","-63.4375","-7.02514982223511","82","33.251","20.929","1.0986331104","1.27764271203253","0.79768167156123","21.6809950025124",
"6/23/2013","-63.4375","-7.02514982223511","82","31.885","21.057","0.211143528","0.905068601515896","0.858586043953006","13.2542518634064",
"6/24/2013","-63.4375","-7.02514982223511","82","30.427","19.625","3.1276711656","0.801510460839967","0.862635460993911","22.2588912743928",
"6/25/2013","-63.4375","-7.02514982223511","82","32.892","20.535","0.72269424","0.962971569587424","0.780352071805805","22.317143971716",
"6/26/2013","-63.4375","-7.02514982223511","82","30.536","20.753","0.7295607","1.05115392910102","0.85112015353806","9.270468012168",
"6/27/2013","-63.4375","-7.02514982223511","82","34.054","22.151","1.7045994132","1.03131480418604","0.700176983927264","14.537275251372",
"6/28/2013","-63.4375","-7.02514982223511","82","30.885","19.906","4.56962652","0.896774413079379","0.862834105206081","22.05587100726",
"6/29/2013","-63.4375","-7.02514982223511","82","29.056","19.707","7.6543824132","0.720443227609668","0.945729364664688","15.2443124694511",
"6/30/2013","-63.4375","-7.02514982223511","82","29.99","20.493","3.0461322816","0.787085946425395","0.896909386839842","17.347708934208",
"7/1/2013","-63.4375","-7.02514982223511","82","31.636","21.422","6.4836522504","1.03553244345709","0.87667180745033","22.0972867740864",
"7/2/2013","-63.4375","-7.02514982223511","82","27.183","20.25","15.768807552","0.953714958891474","0.959684318895509","21.52721383308",
"7/3/2013","-63.4375","-7.02514982223511","82","26.967","20.023","10.500534072","0.587077539036995","0.962866582567975","14.4664408247159",
"7/4/2013","-63.4375","-7.02514982223511","82","28.645","19.404","9.38301408","0.50694491555708","0.951765047231833","16.8104237389596",
"7/5/2013","-63.4375","-7.02514982223511","82","28.419","18.673","8.984758248","0.778097917389426","0.933473298859858","21.5867042325432",
"7/6/2013","-63.4375","-7.02514982223511","82","30.811","17.317","0.343322784","0.795187725764559","0.846081628837639","16.4721444248232",
"7/7/2013","-63.4375","-7.02514982223511","82","31.07","19.174","1.311492708","1.02397659207898","0.841030455078386","13.0811816415528",
"7/8/2013","-63.4375","-7.02514982223511","82","32.816","18.586","3.2770156932","1.1783323777719","0.754882115182472","17.5790136877524",
"7/9/2013","-63.4375","-7.02514982223511","82","33.563","19.34","0","1.28572805826246","0.637521602607933","22.800631796568",
"7/10/2013","-63.4375","-7.02514982223511","82","31.426","20.444","3.22036344","0.810330844279242","0.783888819265592","20.128146806664",
"7/11/2013","-63.4375","-7.02514982223511","82","30.158","18.627","0.0034332264","1.17116979394072","0.741506788083586","18.1149338776572",
"7/12/2013","-63.4375","-7.02514982223511","82","32.844","19.072","4.99191228","1.03976233373996","0.781493709327996","16.633279563084",
"7/13/2013","-63.4375","-7.02514982223511","82","33.682","19.387","0.563049","1.06861905926604","0.71651093188639","23.1792081326928",
"7/14/2013","-63.4375","-7.02514982223511","82","34.11","18.522","0","1.16050226601431","0.570944801771232","21.9885787266372",
"7/15/2013","-63.4375","-7.02514982223511","82","32.921","20.316","0","1.00774110177425","0.635673150083566","15.526975794264",
"7/16/2013","-63.4375","-7.02514982223511","82","34.003","21.382","0.293541192","1.05203764348819","0.655491237744978","14.4375931844604",
"7/17/2013","-63.4375","-7.02514982223511","82","27.581","20.879","2.094269076","0.966815543963836","0.908604310017889","11.290468440852",
"7/18/2013","-63.4375","-7.02514982223511","82","33.312","18.76","0","1.16597241432359","0.725914574079001","23.13487537794",
"7/19/2013","-63.4375","-7.02514982223511","82","35.651","18.963","0","1.04576149896678","0.685238147677202","22.986970801911",
"7/20/2013","-63.4375","-7.02514982223511","82","34.631","17.233","0","0.980450688198361","0.668675536393971","22.7356414890192",
"7/21/2013","-63.4375","-7.02514982223511","82","36.042","20.677","0","1.12588872586414","0.600332659091136","20.50980268914",
"7/22/2013","-63.4375","-7.02514982223511","82","30.351","21.657","0.044631936","1.23741010135637","0.721350956233145","12.2807320850412",
"7/23/2013","-63.4375","-7.02514982223511","82","34.437","19.705","0","1.52625773503106","0.69532327467316","19.010832479856",
"7/24/2013","-63.4375","-7.02514982223511","82","28.778","17.807","0.0120162924","2.18085156465381","0.674704144736825","19.289767817376",
"7/25/2013","-63.4375","-7.02514982223511","82","27.522","14.951","0","2.0071488964659","0.653794296385978","23.8073381502804",
"7/26/2013","-63.4375","-7.02514982223511","82","30.526","16.869","0.0017166132","1.51723192299551","0.647736713683769","23.8823339880384",
"7/27/2013","-63.4375","-7.02514982223511","82","33.932","18.174","0","0.973511191000101","0.673775584290411","12.6629858773152",
"7/28/2013","-63.4375","-7.02514982223511","82","34.548","20.628","0.51498396","0.942930977994053","0.708862757211374","13.526115735312",
"7/29/2013","-63.4375","-7.02514982223511","82","33.419","21.064","1.1707308","1.07720456469752","0.722464052008766","23.7522712599864",
"7/30/2013","-63.4375","-7.02514982223511","82","35.669","20.73","0.1167296904","0.880400004936445","0.684189202619334","15.835116644892",
"7/31/2013","-63.4375","-7.02514982223511","82","34.866","22.333","0.072097776","1.24953143797232","0.636538950244876","14.8916285996904",
"8/1/2013","-63.4375","-7.02514982223511","82","35.223","20.819","7.20977706","1.04595138238219","0.803253192075456","16.09584634404",
"8/2/2013","-63.4375","-7.02514982223511","82","33.106","20.528","0","0.956155675311825","0.722892404697184","20.06412518592",
"8/3/2013","-63.4375","-7.02514982223511","82","34.688","20.563","0.2471922","0.786919392883592","0.730314389671343","13.69038672",
"8/4/2013","-63.4375","-7.02514982223511","82","34.674","21.582","0.140762304","1.19229717763648","0.662130093928221","20.8296840132",
"8/5/2013","-63.4375","-7.02514982223511","82","35.732","20.706","0","1.14337808988082","0.609139100053218","24.6975832692",
"8/6/2013","-63.4375","-7.02514982223511","82","37.181","19.539","0","0.835001214984542","0.61258758876808","24.42212894052",
"8/7/2013","-63.4375","-7.02514982223511","82","37.665","20.916","0.0034332264","0.967876316112607","0.542249483012759","24.0990384744",
"8/8/2013","-63.4375","-7.02514982223511","82","37.224","22.448","0","1.32205418868335","0.63997356648371","17.71010713836",
"8/9/2013","-63.4375","-7.02514982223511","82","35.267","23.011","2.06336952","1.27602370502951","0.727953491065798","17.7897516012",
"8/10/2013","-63.4375","-7.02514982223511","82","30.193","21.891","12.50724762","1.25718142031137","0.863849560964672","22.993416702",
"8/11/2013","-63.4375","-7.02514982223511","82","30.604","18.672","0.0034332264","1.79309930752995","0.61202893231008","24.413704914456",
"8/12/2013","-63.4375","-7.02514982223511","82","36.182","18.698","0","0.674368014842856","0.607630356447872","20.5935003108",
"8/13/2013","-63.4375","-7.02514982223511","82","34.859","21.713","0.0789642504","1.06243574492446","0.660283376869296","13.16098129104",
"8/14/2013","-63.4375","-7.02514982223511","82","27.794","20.421","8.747869104","1.24939376126032","0.888148597327035","14.3867133864",
"8/15/2013","-63.4375","-7.02514982223511","82","28.895","19.264","0.065231316","1.99623222632048","0.626100564947269","24.9998795892",
"8/16/2013","-63.4375","-7.02514982223511","82","33.046","17.888","0","1.39120107097321","0.53033884554417","25.46285845644",
"8/17/2013","-63.4375","-7.02514982223511","82","33.413","19.703","0.0583648488","1.14681494928162","0.602677535129509","16.61501790792",
"8/18/2013","-63.4375","-7.02514982223511","82","35.999","21.122","0.0858306744","1.25342671859531","0.558099215630378","22.91948299656",
"8/19/2013","-63.4375","-7.02514982223511","82","35.992","20.401","0.2798080308","1.18922749256565","0.680054247707354","16.5778437978",
"8/20/2013","-63.4375","-7.02514982223511","82","34.669","22.191","0.0051498396","1.37451042534976","0.71234030219697","15.64696083204",
"8/21/2013","-63.4375","-7.02514982223511","82","36.024","20.363","0.6797787912","1.02628572741199","0.754647758595424","14.581642205628",
"8/22/2013","-63.4375","-7.02514982223511","82","29.269","20.813","13.405031028","0.688336278303106","0.906635946924308","24.0175825884",
"8/23/2013","-63.4375","-7.02514982223511","82","33.6","20.125","5.0056479","0.765478305495069","0.843826528492204","24.306856146",
"8/24/2013","-63.4375","-7.02514982223511","82","31.683","21.838","3.1774535784","1.16897344547186","0.828276220916093","20.89804059504",
"8/25/2013","-63.4375","-7.02514982223511","82","30.577","21.892","9.07745832","1.34728877170449","0.856315131657787","25.4482529976",
"8/26/2013","-63.4375","-7.02514982223511","82","34.198","21.884","1.9054418328","1.80326804869299","0.699762786599067","21.86920769184",
"8/27/2013","-63.4375","-7.02514982223511","82","25.131","20.051","0.0068664528","2.24029587867352","0.613471002557933","11.577636345744",
"8/28/2013","-63.4375","-7.02514982223511","82","32.108","16.243","0","1.7402483954129","0.580927141089994","26.6504133132",
"8/29/2013","-63.4375","-7.02514982223511","82","33.554","17.994","0","1.52027226054942","0.531698881406984","26.6459603004",
"8/30/2013","-63.4375","-7.02514982223511","82","37.449","20.19","0","0.924706121160417","0.518064597384231","25.8435730368",
"8/31/2013","-63.4375","-7.02514982223511","82","36.713","21.571","0.23002632","1.23381440822594","0.582026054965739","19.31851858608",
"9/1/2013","-63.4375","-7.02514982223511","82","36.882","22.076","0.2248764516","1.17907014213168","0.667229576311195","15.963057702",
"9/2/2013","-63.4375","-7.02514982223511","82","34.79","22.928","0","1.34728797207555","0.612491795922273","11.5145342388",
"9/3/2013","-63.4375","-7.02514982223511","82","36.797","22.011","0","1.01111641653075","0.564221611592799","16.5392285256",
"9/4/2013","-63.4375","-7.02514982223511","82","34.937","21.697","3.4229258064","1.428336705662","0.714359696393921","16.86200640804",
"9/5/2013","-63.4375","-7.02514982223511","82","31.702","21.266","15.8529258","0.937172092759748","0.824362486435982","25.2412570476",
"9/6/2013","-63.4375","-7.02514982223511","82","30.543","22.942","10.004425092","1.06892233114314","0.902100596802893","18.62341061976",
"9/7/2013","-63.4375","-7.02514982223511","82","31.145","22.086","2.4564730608","1.09424631085043","0.828891820174133","22.22696529036",
"9/8/2013","-63.4375","-7.02514982223511","82","30.685","21.75","5.256266472","1.26609294772378","0.831230522809967","25.52793074712",
"9/9/2013","-63.4375","-7.02514982223511","82","31.7","21.97","4.3172832132","1.2241284210769","0.824320309243927","17.9863769556",
"9/10/2013","-63.4375","-7.02514982223511","82","31.171","21.727","9.2044800792","0.925871316131974","0.858127172216658","26.4357295686",
"9/11/2013","-63.4375","-7.02514982223511","82","31.616","20.695","9.0980556264","0.732688222471657","0.895866918455969","26.811395767656",
"9/12/2013","-63.4375","-7.02514982223511","82","29.021","22.125","11.161423044","0.661170697878022","0.920479924582863","23.4175335192",
"9/13/2013","-63.4375","-7.02514982223511","82","34.185","21.976","3.87954936","1.46686749995096","0.77914391479362","26.45111023668",
"9/14/2013","-63.4375","-7.02514982223511","82","35.554","22.034","3.467562912","1.21781929547601","0.763219695681586","18.89814925224",
"9/15/2013","-63.4375","-7.02514982223511","82","35.795","22.055","0.56304936","1.20385834908231","0.704924603464905","21.0491398836",
"9/16/2013","-63.4375","-7.02514982223511","82","35.519","23.212","4.346463456","0.83030852232732","0.725336085181105","19.9484545608",
"9/17/2013","-63.4375","-7.02514982223511","82","39.546","23.843","3.630637476","1.04217972104821","0.666384839270758","20.3912836812",
"9/18/2013","-63.4375","-7.02514982223511","82","33.583","23.805","7.1994762648","1.18750458012305","0.884091290847411","23.12589670344",
"9/19/2013","-63.4375","-7.02514982223511","82","28.686","21.6","19.3513684392","1.20919430955708","0.928499243890613","12.44009799",
"9/20/2013","-63.4375","-7.02514982223511","82","34.512","21.824","0.6900784848","0.743128040389263","0.809937859521385","13.096452492",
"9/21/2013","-63.4375","-7.02514982223511","82","34.398","20.314","5.726623104","0.93311063089351","0.813255950377994","27.2314926144",
"9/22/2013","-63.4375","-7.02514982223511","82","37.022","22.79","0.2265926832","1.09514471751224","0.697058894019933","17.1555605208",
"9/23/2013","-63.4375","-7.02514982223511","82","37.587","22.423","0","0.792925086539839","0.651396126273162","17.9439157548",
"9/24/2013","-63.4375","-7.02514982223511","82","31.462","22.981","7.40204046","1.54815114099285","0.815809185201293","27.66519126972",
"9/25/2013","-63.4375","-7.02514982223511","82","33.685","22.055","0.28495764","1.47609433391501","0.683578793676779","21.13067448",
"9/26/2013","-63.4375","-7.02514982223511","82","36.731","23.14","0","0.907274979048371","0.601074404091442","21.76059560328",
"9/27/2013","-63.4375","-7.02514982223511","82","37.098","20.782","0.024032592","0.890039534834143","0.581751950456706","22.98137217084",
"9/28/2013","-63.4375","-7.02514982223511","82","30.435","22.183","11.0824566984","0.703278167532669","0.833114787311706","27.4368820392",
"9/29/2013","-63.4375","-7.02514982223511","82","33.702","22.461","6.560897292","0.923004206507983","0.877037391870961","17.85511149012",
"9/30/2013","-63.4375","-7.02514982223511","82","30.824","23.364","8.926392636","0.903713922150918","0.900667843065151","24.514919568",
"10/1/2013","-63.4375","-7.02514982223511","82","34.484","23.164","0.978470172","1.03331465398717","0.712883011937706","20.6615665656",
"10/2/2013","-63.4375","-7.02514982223511","82","37.555","21.256","1.407622572","0.897465970655388","0.714094474536757","23.97295291518",
"10/3/2013","-63.4375","-7.02514982223511","82","36.719","21.63","2.7980802864","1.10430157805492","0.727006414255062","19.9337372172",
"10/4/2013","-63.4375","-7.02514982223511","82","35.375","21.08","0.81024156","1.29799634813041","0.701919382122255","22.4603781084",
"10/5/2013","-63.4375","-7.02514982223511","82","34.528","21.472","0.1115799732","1.40329419728797","0.723362755664529","18.179040834",
"10/6/2013","-63.4375","-7.02514982223511","82","29.804","22.7","11.736486324","0.883809771723895","0.896350273154021","23.99864534136",
"10/7/2013","-63.4375","-7.02514982223511","82","38","22.124","5.369564088","1.25739368459159","0.788488952381345","22.7798844048",
"10/8/2013","-63.4375","-7.02514982223511","82","32.418","22.875","14.7285449064","1.00357985069627","0.870334317061274","15.08376439152",
"10/9/2013","-63.4375","-7.02514982223511","82","32.041","20.185","5.783271552","0.700474594142723","0.878527636404546","28.2303295776",
"10/10/2013","-63.4375","-7.02514982223511","82","31.738","22.542","10.505682324","0.855689433993622","0.892534077380647","16.3123886592",
"10/11/2013","-63.4375","-7.02514982223511","82","32.333","22.307","10.998340236","0.968978974842642","0.873338807912654","22.1322697092",
"10/12/2013","-63.4375","-7.02514982223511","82","33.091","21.39","5.867386704","1.0496024947793","0.847919986042427","21.7450345392",
"10/13/2013","-63.4375","-7.02514982223511","82","31.232","22.615","4.3670673","1.2751917450027","0.854427250150294","27.6450205608",
"10/14/2013","-63.4375","-7.02514982223511","82","30.528","22.219","12.1810879584","1.09943952639809","0.905798312724491","24.9835201614",
"10/15/2013","-63.4375","-7.02514982223511","82","32.585","21.548","13.8170180448","0.697805126591044","0.899818030435206","20.13262850916",
"10/16/2013","-63.4375","-7.02514982223511","82","28.065","23.014","24.1664868","1.12756756148626","0.939306250303232","15.8981161608",
"10/17/2013","-63.4375","-7.02514982223511","82","30.359","21.959","13.64880096","0.994940088028805","0.885527822847013","13.8316982256",
"10/18/2013","-63.4375","-7.02514982223511","82","37.903","21.095","0.5218506","0.744451306308101","0.723411603087828","21.6025203096",
"10/19/2013","-63.4375","-7.02514982223511","82","30.142","22.817","13.262562","1.08862519612393","0.861834112812623","27.0041069664",
"10/20/2013","-63.4375","-7.02514982223511","82","31.288","22.336","7.010654544","1.33265505301368","0.883167241808224","26.0082190111068",
"10/21/2013","-63.4375","-7.02514982223511","82","34.77","22.921","0.1630783368","1.21517109602968","0.759010262978633","17.19485276004",
"10/22/2013","-63.4375","-7.02514982223511","82","35.742","21.501","1.5449537808","1.09756763890061","0.705145561510963","20.7750410136",
"10/23/2013","-63.4375","-7.02514982223511","82","33.664","23.009","7.7693955264","1.06513496490765","0.84647177943354","22.2909207372",
"10/24/2013","-63.4375","-7.02514982223511","82","33.012","22.908","5.94635058","1.09511445233968","0.869038547626036","21.971384568",
"10/25/2013","-63.4375","-7.02514982223511","82","34.743","23.514","1.1741635656","1.2954204532478","0.767754048548432","15.1354065312",
"10/26/2013","-63.4375","-7.02514982223511","82","32.339","21.913","8.842279824","1.13908050742955","0.845966417950362","24.717903174",
"10/27/2013","-63.4375","-7.02514982223511","82","28.866","22.579","5.87425428","1.07431281043238","0.902896814255808","15.3458480952",
"10/28/2013","-63.4375","-7.02514982223511","82","33.033","21.607","5.8347648","1.013938577894","0.869247551450347","19.7081772408",
"10/29/2013","-63.4375","-7.02514982223511","82","31.53","21.598","13.130376732","0.827363027604039","0.900904981403822","26.5466440152",
"10/30/2013","-63.4375","-7.02514982223511","82","36.015","22.482","20.0774857464","1.05664585572628","0.81126761406345","21.9739222152",
"10/31/2013","-63.4375","-7.02514982223511","82","27.686","22.606","31.86894096","0.810462007693983","0.960844500489016","7.7245356456",
"11/1/2013","-63.4375","-7.02514982223511","82","29.878","22.204","1.591300188","1.11932398682252","0.913054536485502","12.8028461148",
"11/2/2013","-63.4375","-7.02514982223511","82","31.425","22.077","0.0755309772","1.37939712997056","0.812741051983614","19.9791760356",
"11/3/2013","-63.4375","-7.02514982223511","82","32.06","21.751","10.39924404","1.1325856669818","0.839051799433687","28.2293078688",
"11/4/2013","-63.4375","-7.02514982223511","82","24.143","21.943","58.0661538624","0.901743915709141","0.978641081469283","1.46233210644",
"11/5/2013","-63.4375","-7.02514982223511","82","26.33","21.052","14.093393508","0.717403868095873","0.968227873064433","13.43555410572",
"11/6/2013","-63.4375","-7.02514982223511","82","29.468","21.619","11.33823744","0.61679346686176","0.946662152954435","18.0097683084",
"11/7/2013","-63.4375","-7.02514982223511","82","29.466","22.372","21.66710886","0.947975845136059","0.944463697256358","24.1964881956",
"11/8/2013","-63.4375","-7.02514982223511","82","28.285","22.816","6.7325634","1.35403532189546","0.924964344820556","16.4210232924",
"11/9/2013","-63.4375","-7.02514982223511","82","30.789","23.56","21.66710328","0.794150229281054","0.923721121640484","15.371358264",
"11/10/2013","-63.4375","-7.02514982223511","82","29.386","21.662","4.2331711824","0.698433996411509","0.917650479703808","20.5991032068",
"11/11/2013","-63.4375","-7.02514982223511","82","32.783","22.546","11.80601568","0.807397136047245","0.898849549332557","28.0538939772",
"11/12/2013","-63.4375","-7.02514982223511","82","31.993","22.759","17.6725413864","1.02408380253221","0.89266511013998","24.8305678848",
"11/13/2013","-63.4375","-7.02514982223511","82","30.668","22.637","9.379576152","0.811095523170047","0.933320238908906","10.98619345656",
"11/14/2013","-63.4375","-7.02514982223511","82","34.678","21.546","13.920028596","0.634579260605846","0.849838453007848","24.1820747496",
"11/15/2013","-63.4375","-7.02514982223511","82","29.384","22.808","20.068933212","0.802956884329204","0.947365546108935","19.19660319612",
"11/16/2013","-63.4375","-7.02514982223511","82","26.795","23.249","8.466339924","0.50162237494032","0.964551514802151","14.30530572708",
"11/17/2013","-63.4375","-7.02514982223511","82","30.928","21.503","150.16020408","0.806988773094228","0.942080484308829","13.67269911",
"11/18/2013","-63.4375","-7.02514982223511","82","24.735","21.15","119.8367535852","1.4065131920751","0.971987121864918","5.35000260096",
"11/19/2013","-63.4375","-7.02514982223511","82","29.902","22.005","1.3526915688","1.42473906324934","0.86886964222059","19.1863827504",
"11/20/2013","-63.4375","-7.02514982223511","82","29.245","22.022","7.2398198196","1.20275145000486","0.894655205636329","20.46634425",
"11/21/2013","-63.4375","-7.02514982223511","82","30.806","23.004","14.024733696","0.874300529184318","0.902030815958085","20.9107129428",
"11/22/2013","-63.4375","-7.02514982223511","82","26.886","21.696","10.0954070964","1.05972414644335","0.94308112202198","10.6755454008",
"11/23/2013","-63.4375","-7.02514982223511","82","30.534","21.481","6.6596071464","0.788240512010153","0.933786126710549","17.797702806",
"11/24/2013","-63.4375","-7.02514982223511","82","29.892","22.095","23.260993236","0.876469701857545","0.938333293622622","24.539247716292",
"11/25/2013","-63.4375","-7.02514982223511","82","28.802","22.098","16.66145556","1.04755062858771","0.937995121363172","23.71851515736",
"11/26/2013","-63.4375","-7.02514982223511","82","27.99","23.309","124.665638328","1.12352847587359","0.959946493437137","11.288886534",
"11/27/2013","-63.4375","-7.02514982223511","82","28.796","21.583","30.143725956","0.801216396094713","0.942036396132867","18.5525768304",
"11/28/2013","-63.4375","-7.02514982223511","82","31.378","22.7","3.957655536","1.05003349118977","0.895349930172957","16.0117493508",
"11/29/2013","-63.4375","-7.02514982223511","82","33.263","23.163","16.1567724168","0.802688626295329","0.882398313858929","23.01872062572",
"11/30/2013","-63.4375","-7.02514982223511","82","26.895","23.314","17.21334132","1.23128602135071","0.959284189482027","11.8321516404",
"12/1/2013","-63.4375","-7.02514982223511","82","25.799","22.767","6.330874392","0.908017758044619","0.968983096739183","5.298767568",
"12/2/2013","-63.4375","-7.02514982223511","82","30.125","22.689","20.238877332","0.773945049616582","0.933078512018941","12.1925546172",
"12/3/2013","-63.4375","-7.02514982223511","82","30.003","22.649","4.7103906888","0.960540719456456","0.926731769868676","12.6795456252",
"12/4/2013","-63.4375","-7.02514982223511","82","28.848","22.32","9.0671620464","1.1011344956862","0.924436105529316","27.9470994876",
"12/5/2013","-63.4375","-7.02514982223511","82","28.219","22.039","17.114629716","0.864800557826019","0.950263055790784","27.102069054",
"12/6/2013","-63.4375","-7.02514982223511","82","31.407","22.483","4.28638212","0.889978443462252","0.906233014200328","15.78158367192",
"12/7/2013","-63.4375","-7.02514982223511","82","28.517","21.921","9.369273924","0.802765766699835","0.93181103829434","28.11513580164",
"12/8/2013","-63.4375","-7.02514982223511","82","29.051","21.67","4.621126716","1.05931596463016","0.905784394612965","23.90242732092",
"12/9/2013","-63.4375","-7.02514982223511","82","33.558","22.2","0.961303392","1.3013660929092","0.787462038911538","26.269195796856",
"12/10/2013","-63.4375","-7.02514982223511","82","36.118","23.969","0.25405884","0.771387405423566","0.75768279916177","14.770496322",
"12/11/2013","-63.4375","-7.02514982223511","82","29.218","22.055","9.13925124","0.830162024023644","0.853187783887947","21.87341579988",
"12/12/2013","-63.4375","-7.02514982223511","82","28.791","22.726","19.262125926","0.889870308391765","0.947092736013091","26.261463995208",
"12/13/2013","-63.4375","-7.02514982223511","82","31.272","22.326","8.35647822","1.03128800240802","0.85999903317198","20.77534674",
"12/14/2013","-63.4375","-7.02514982223511","82","29.144","21.944","19.44237204","0.902518328068074","0.92774826436703","23.726985552",
"12/15/2013","-63.4375","-7.02514982223511","82","28.718","23.548","10.77002676","0.682721794336151","0.95352992750294","15.0453374976",
"12/16/2013","-63.4375","-7.02514982223511","82","32.613","23.75","10.2310128","0.911892209578933","0.901978841799588","18.95650062696",
"12/17/2013","-63.4375","-7.02514982223511","82","26.777","22.46","6.118012332","1.3205814816167","0.94991606420445","9.88853814252",
"12/18/2013","-63.4375","-7.02514982223511","82","27.481","22.716","3.005791812","1.18915762651656","0.915051119349602","11.5498911672",
"12/19/2013","-63.4375","-7.02514982223511","82","31.508","22.426","9.9048634128","1.24586466872862","0.857970972949067","26.22346001316",
"12/20/2013","-63.4375","-7.02514982223511","82","28.402","23.869","11.619758952","1.13660705213426","0.946317935670051","21.44280078468",
"12/21/2013","-63.4375","-7.02514982223511","82","27.498","23.055","4.985043264","1.02414420453299","0.93219723508528","10.797339636",
"12/22/2013","-63.4375","-7.02514982223511","82","29.559","23.18","7.673263812","1.32115745083928","0.891314173141822","18.9267198858",
"12/23/2013","-63.4375","-7.02514982223511","82","26.008","23.192","19.526483304","1.22458418420234","0.969134280182904","5.7893049936",
"12/24/2013","-63.4375","-7.02514982223511","82","26.678","21.994","3.697586784","1.02483785147309","0.952843529091845","7.880219082",
"12/25/2013","-63.4375","-7.02514982223511","82","32.129","22.071","2.774049912","0.799373820959863","0.884497424224858","14.877107496",
"12/26/2013","-63.4375","-7.02514982223511","82","32.362","21.081","6.5660437944","0.742985949437223","0.875257325381064","26.3318190588",
"12/27/2013","-63.4375","-7.02514982223511","82","31.325","22.925","8.802791064","0.859068323999504","0.92165696093408","14.7736123056",
"12/28/2013","-63.4375","-7.02514982223511","82","24.477","22.298","28.3447379664","0.70452065716503","0.977513317946923","1.2869504208",
"12/29/2013","-63.4375","-7.02514982223511","82","26.939","22.812","4.137038028","0.741956592556354","0.954884144425089","6.5641485708",
"12/30/2013","-63.4375","-7.02514982223511","82","27.916","23.254","16.90864668","1.13548791762059","0.95193418137306","20.8612178172",
"12/31/2013","-63.4375","-7.02514982223511","82","24.752","23.4","171.8124192","0.589225034576235","0.980549128333339","1.4006279844",
"1/1/2014","-63.4375","-7.02514982223511","82","32.531","22.645","1.8230429952","1.30024186121767","0.800883387867236","25.4462381172",
"1/2/2014","-63.4375","-7.02514982223511","82","30.083","22.908","1.1466983664","0.77028365368318","0.90428536434382","16.391291422788",
"1/3/2014","-63.4375","-7.02514982223511","82","31.466","21.307","4.470061752","0.595599948232397","0.899813048316819","15.9701232996",
"1/4/2014","-63.4375","-7.02514982223511","82","28.595","23.227","22.19924664","0.947856493772198","0.955140416080745","17.8461591732",
"1/5/2014","-63.4375","-7.02514982223511","82","26.439","22.648","3.302762616","1.20415681668326","0.95266552911941","14.0039727408",
"1/6/2014","-63.4375","-7.02514982223511","82","26.497","22.21","9.4499530812","0.948449841622533","0.96414252653558","11.3492630268",
"1/7/2014","-63.4375","-7.02514982223511","82","29.654","21.328","5.2768726812","0.758925185816027","0.916918295021868","14.5579014",
"1/8/2014","-63.4375","-7.02514982223511","82","26.95","21.224","13.51490256","0.96731597089559","0.960345736811969","19.5253748856",
"1/9/2014","-63.4375","-7.02514982223511","82","29.3","21.565","11.2815876024","0.526456712089865","0.935996383522258","20.7624123756",
"1/10/2014","-63.4375","-7.02514982223511","82","25.294","22.391","42.12398088","0.744714074626828","0.973715219872634","9.2883254184",
"1/11/2014","-63.4375","-7.02514982223511","82","29.651","22.258","8.208846504","0.83652632975664","0.925714888033126","17.64984729888",
"1/12/2014","-63.4375","-7.02514982223511","82","26.736","22.347","19.251824292","0.811021150209016","0.963507537829172","16.25596268688",
"1/13/2014","-63.4375","-7.02514982223511","82","26.057","22.563","13.791273984","0.859204620591672","0.969456995212064","13.55007875112",
"1/14/2014","-63.4375","-7.02514982223511","82","27.601","21.558","35.23865508","0.792928015768611","0.953998076260308","15.7999339404",
"1/15/2014","-63.4375","-7.02514982223511","82","27.299","22.669","15.08732028","0.908418050938413","0.962693276211554","24.0223104612",
"1/16/2014","-63.4375","-7.02514982223511","82","30.982","23.042","6.79435704","0.955888660255008","0.92754111634238","15.81478520004",
"1/17/2014","-63.4375","-7.02514982223511","82","28.41","21.25","16.00056054","0.590953415561477","0.953246976994565","21.276463392",
"1/18/2014","-63.4375","-7.02514982223511","82","30.224","20.99","11.350253304","0.699645717034556","0.938823118903774","25.308902826",
"1/19/2014","-63.4375","-7.02514982223511","82","28.707","22.817","16.07265576","0.758241199161566","0.955671359415573","14.30538606828",
"1/20/2014","-63.4375","-7.02514982223511","82","25.108","21.289","35.1013454784","0.767478423316844","0.978182721844184","5.078472156",
"1/21/2014","-63.4375","-7.02514982223511","82","23.941","21.412","11.724477048","0.466922495167643","0.982362461617222","1.1486199996",
"1/22/2014","-63.4375","-7.02514982223511","82","31.989","21.874","6.56260992","1.14374808433637","0.883140696999371","20.191379112",
"1/23/2014","-63.4375","-7.02514982223511","82","26.798","23.562","12.788775792","1.0837344172105","0.958855080665834","13.16938330476",
"1/24/2014","-63.4375","-7.02514982223511","82","29.922","23.52","2.657315844","0.854054352265827","0.903249958047353","12.6029963376",
"1/25/2014","-63.4375","-7.02514982223511","82","31.986","21.352","1.544952132","1.07316384843482","0.781809612178234","23.9181472908",
"1/26/2014","-63.4375","-7.02514982223511","82","31.411","22.412","3.94477884","1.45174274710318","0.863655422034369","24.646975038",
"1/27/2014","-63.4375","-7.02514982223511","82","29.749","23.3","14.256481536","1.10582903467872","0.929874011835748","24.57722864484",
"1/28/2014","-63.4375","-7.02514982223511","82","27.982","22.39","15.192034812","0.872984338360078","0.951823641182176","19.42080831",
"1/29/2014","-63.4375","-7.02514982223511","82","25.491","23.116","13.17329784","0.669961581133164","0.971953823170341","3.3972229224",
"1/30/2014","-63.4375","-7.02514982223511","82","27.013","22.679","12.6274104","0.933133373687385","0.961322812749598","13.3650859572",
"1/31/2014","-63.4375","-7.02514982223511","82","30.401","22.144","3.3456811968","1.06721533894677","0.896809536454447","17.8827091776",
"2/1/2014","-63.4375","-7.02514982223511","82","30.309","21.308","5.85365796","0.942692214543932","0.892996623752484","21.4059641508",
"2/2/2014","-63.4375","-7.02514982223511","82","27.272","22.027","14.18266656","0.91711672788692","0.958222538241567","13.1860076976",
"2/3/2014","-63.4375","-7.02514982223511","82","30.932","22.284","18.467328132","1.04408278777676","0.86520822866219","19.68699212748",
"2/4/2014","-63.4375","-7.02514982223511","82","24.368","22.154","30.7788852528","0.861378314740906","0.973041664073053","4.8994230816",
"2/5/2014","-63.4375","-7.02514982223511","82","30.485","21.924","2.2178631384","1.04032182999476","0.879701930362969","19.7240830308",
"2/6/2014","-63.4375","-7.02514982223511","82","27.929","21.462","16.66145484","0.710890016618847","0.953711561990226","19.8100355364",
"2/7/2014","-63.4375","-7.02514982223511","82","27.976","22.605","27.2512269","0.695449438862828","0.9610547952953","23.5979322228",
"2/8/2014","-63.4375","-7.02514982223511","82","26.267","22.085","34.50051846","0.911290644075376","0.972342504853254","13.48569015912",
"2/9/2014","-63.4375","-7.02514982223511","82","29.649","21.5","10.8764712864","0.899843475358771","0.926689873598367","18.48523027572",
"2/10/2014","-63.4375","-7.02514982223511","82","27.479","23.075","5.7060195408","0.731448782864747","0.948547828760687","14.3806012848",
"2/11/2014","-63.4375","-7.02514982223511","82","28.563","20.808","11.775967668","1.06057822242574","0.941499710881564","21.1333456584",
"2/12/2014","-63.4375","-7.02514982223511","82","26.227","21.375","23.598293292","1.05904555082513","0.970180310900192","12.161528154",
"2/13/2014","-63.4375","-7.02514982223511","82","27.506","21.797","11.1991902624","0.744501375532127","0.956779626002153","19.7968626144",
"2/14/2014","-63.4375","-7.02514982223511","82","26.305","22.622","10.15892118","0.861680004475905","0.967788846302164","11.3542741404",
"2/15/2014","-63.4375","-7.02514982223511","82","25.046","22.001","6.33773736","0.663666745474238","0.974953983968711","3.3956969364",
"2/16/2014","-63.4375","-7.02514982223511","82","29.503","21.484","1.781845128","1.2329330441906","0.8606962738576","15.4814072364",
"2/17/2014","-63.4375","-7.02514982223511","82","24.928","21.592","4.209137604","0.989585095262819","0.951096058448202","4.1585198076",
"2/18/2014","-63.4375","-7.02514982223511","82","28.491","21.709","16.788484296","1.21162159216094","0.932797858606084","14.12456003496",
"2/19/2014","-63.4375","-7.02514982223511","82","29.918","21.488","3.824616168","1.20946716132373","0.874944931447073","23.44095822762",
"2/20/2014","-63.4375","-7.02514982223511","82","31.703","22.896","10.6292727144","0.91371980293626","0.914251495620391","17.0497579212",
"2/21/2014","-63.4375","-7.02514982223511","82","27.315","23.004","12.82825224","1.32149038408627","0.964448140510195","20.7602259012",
"2/22/2014","-63.4375","-7.02514982223511","82","29.158","22.667","5.0451265944","0.814084343863657","0.90347224625594","13.185569286",
"2/23/2014","-63.4375","-7.02514982223511","82","27.053","21.876","7.7779740528","0.980944768637675","0.950086127056087","13.09389615",
"2/24/2014","-63.4375","-7.02514982223511","82","31.084","20.809","1.1690144568","1.28074440389081","0.847236722259045","24.5473853652",
"2/25/2014","-63.4375","-7.02514982223511","82","28.831","22.738","14.49852048","0.64407247293688","0.947436002024014","20.76510889116",
"2/26/2014","-63.4375","-7.02514982223511","82","28.458","23.631","36.7424046","0.745843014612546","0.961411410492651","19.38508275024",
"2/27/2014","-63.4375","-7.02514982223511","82","27.789","23.062","13.4599699584","0.54185917220148","0.964934497996885","18.127815833376",
"2/28/2014","-63.4375","-7.02514982223511","82","28.254","23.034","7.43466096","0.786163291667582","0.946767672682687","19.6677323928",
"3/1/2014","-63.4375","-7.02514982223511","82","27.148","23.003","14.9156587584","0.772987990257486","0.967155790323965","14.9880234996",
"3/2/2014","-63.4375","-7.02514982223511","82","27.296","23.767","22.408674012","0.913727222402382","0.967556219929781","14.8219938468",
"3/3/2014","-63.4375","-7.02514982223511","82","25.34","22.995","9.40532652","0.721861809463233","0.975111761896122","4.9199801256",
"3/4/2014","-63.4375","-7.02514982223511","82","27.69","23.125","64.9258254","0.962560664627665","0.962333007013052","23.862038346",
"3/5/2014","-63.4375","-7.02514982223511","82","28.839","22.949","4.809952944","1.10384564562609","0.912742798938254","16.32565323",
"3/6/2014","-63.4375","-7.02514982223511","82","30.912","22.69","13.993838424","1.13606750007294","0.900605879273294","24.3418440636",
"3/7/2014","-63.4375","-7.02514982223511","82","28.67","23.355","16.553301768","0.810579177094248","0.951776620247288","17.5504393224",
"3/8/2014","-63.4375","-7.02514982223511","82","31.103","22.228","6.7806257112","0.991965147812932","0.932958952660023","16.0931596428",
"3/9/2014","-63.4375","-7.02514982223511","82","29.672","22.906","2.3517602208","0.904891198982645","0.892507474443406","18.941825862",
"3/10/2014","-63.4375","-7.02514982223511","82","31.564","21.986","5.463981","0.724690670146562","0.868560608083059","17.8267890276",
"3/11/2014","-63.4375","-7.02514982223511","82","30.778","23.357","7.079316084","1.08484561075896","0.900343306506457","18.6361473096",
"3/12/2014","-63.4375","-7.02514982223511","82","28.879","22.845","4.409982252","0.941526237621549","0.932542115777944","14.1689081988",
"3/13/2014","-63.4375","-7.02514982223511","82","29.562","22.142","2.768897772","1.01694221372397","0.891482117514511","12.2622056748",
"3/14/2014","-63.4375","-7.02514982223511","82","27.532","19.229","1.5792842664","1.21699210327774","0.879292472278647","15.6072090348",
"3/15/2014","-63.4375","-7.02514982223511","82","29.126","21.666","3.366279288","0.952213950140626","0.916481501187668","14.97328610616",
"3/16/2014","-63.4375","-7.02514982223511","82","30.105","21.843","7.4398041864","1.03775238573033","0.919079858491669","19.4628151692",
"3/17/2014","-63.4375","-7.02514982223511","82","29.244","22.159","6.2107110504","1.32646696838639","0.9124526536579","21.80370234636",
"3/18/2014","-63.4375","-7.02514982223511","82","31.008","21.407","5.881118472","0.806190362697873","0.918618266967512","15.9047094492",
"3/19/2014","-63.4375","-7.02514982223511","82","28.417","22.173","13.58871516","0.90242525964251","0.945152383639848","21.61062710172",
"3/20/2014","-63.4375","-7.02514982223511","82","32.004","21.983","4.78592334","1.19281841747172","0.891184016723461","23.5082147724",
"3/21/2014","-63.4375","-7.02514982223511","82","31.38","23.633","10.89706662","1.03581256223159","0.910200287446418","21.7319920416",
"3/22/2014","-63.4375","-7.02514982223511","82","30.277","21.988","14.869306944","0.587076620908049","0.942220298048371","20.457537858",
"3/23/2014","-63.4375","-7.02514982223511","82","27.933","23.264","24.00512436","0.71959791257272","0.971020940154303","11.7089791236",
"3/24/2014","-63.4375","-7.02514982223511","82","29.186","22.637","10.749428568","0.897282068931169","0.914807219620134","21.4097022864",
"3/25/2014","-63.4375","-7.02514982223511","82","28.736","22.195","11.7107402328","0.669892917356904","0.953449459793698","22.84228789524",
"3/26/2014","-63.4375","-7.02514982223511","82","26.898","22.873","11.5837109064","0.729659606235868","0.953484642710931","7.0114589784",
"3/27/2014","-63.4375","-7.02514982223511","82","32.382","20.243","2.5234229448","0.597477719990699","0.903211304639659","16.0217391006",
"3/28/2014","-63.4375","-7.02514982223511","82","26.74","22.611","11.4944469264","0.918112511508936","0.969579809374489","16.29715300992",
"3/29/2014","-63.4375","-7.02514982223511","82","32.179","22.286","2.2230148248","0.991995821987366","0.836797843469849","19.66374393012",
"3/30/2014","-63.4375","-7.02514982223511","82","30.452","22.118","8.909229564","0.978333952679858","0.863795316138157","25.9098397056",
"3/31/2014","-63.4375","-7.02514982223511","82","26.904","22.851","28.80306648","0.714343079933923","0.971465322527265","11.9579049",
"4/1/2014","-63.4375","-7.02514982223511","82","27.487","20.542","20.53757052","0.790068217322011","0.953664605319664","8.98708486212",
"4/2/2014","-63.4375","-7.02514982223511","82","30.815","20.551","0.0686645352","0.909356446437085","0.834440095115045","23.1227671392",
"4/3/2014","-63.4375","-7.02514982223511","82","28.086","21.52","14.2959647412","0.819788978924509","0.947511014631679","21.802336102404",
"4/4/2014","-63.4375","-7.02514982223511","82","32.815","21.904","9.1770146172","1.02803341145864","0.850036941027121","26.46063949356",
"4/5/2014","-63.4375","-7.02514982223511","82","27.886","21.4","16.4846518344","0.767485546064709","0.963852758770812","20.95014494916",
"4/6/2014","-63.4375","-7.02514982223511","82","30.174","20.837","5.990984244","0.827099131505347","0.921112202604681","22.2931702872",
"4/7/2014","-63.4375","-7.02514982223511","82","29.125","20.583","12.744141984","0.656195250132285","0.948217312760125","24.8504985648",
"4/8/2014","-63.4375","-7.02514982223511","82","30.596","22.391","8.39081484","1.05768922785562","0.895584326179544","25.150726595628",
"4/9/2014","-63.4375","-7.02514982223511","82","31.129","22.512","11.11335822","0.870004303172611","0.892725074564832","20.1177536724",
"4/10/2014","-63.4375","-7.02514982223511","82","27.588","22.184","9.7366284","0.884779227562389","0.961501285352811","16.8892750476",
"4/11/2014","-63.4375","-7.02514982223511","82","32.243","22.168","2.6143991568","0.895924090134611","0.877895025825302","17.6686771176",
"4/12/2014","-63.4375","-7.02514982223511","82","29.091","22.85","3.002359392","0.752608814823041","0.947787549149825","8.4560703912",
"4/13/2014","-63.4375","-7.02514982223511","82","24.492","23.316","41.37041052","0.712091073603016","0.980137386014066","1.7321981112",
"4/14/2014","-63.4375","-7.02514982223511","82","26.929","22.06","14.409249912","1.04932483909225","0.95441875779162","18.6783445584",
"4/15/2014","-63.4375","-7.02514982223511","82","25.158","21.697","74.10963456","1.39399361595619","0.967054770261033","7.1507957688",
"4/16/2014","-63.4375","-7.02514982223511","82","31.708","20.814","4.3052663304","0.830759142135111","0.870406460540604","19.80216864",
"4/17/2014","-63.4375","-7.02514982223511","82","27.913","19.772","13.24882368","0.673450504919582","0.958884367020369","23.959320624",
"4/18/2014","-63.4375","-7.02514982223511","82","30.613","21.495","2.032470576","0.948573009035344","0.891223584244322","16.07846528556",
"4/19/2014","-63.4375","-7.02514982223511","82","32.865","22.201","13.1406790104","0.794784485775643","0.911590279560544","16.9417511676",
"4/20/2014","-63.4375","-7.02514982223511","82","27.684","22.694","8.9916192","0.843450072150054","0.950520046119998","12.4816146516",
"4/21/2014","-63.4375","-7.02514982223511","82","31.863","21.901","5.549811012","1.05676918823027","0.861225340340995","18.95836741884",
"4/22/2014","-63.4375","-7.02514982223511","82","27.565","23.313","24.47032968","0.886394117363323","0.96544677771725","19.1594654496",
"4/23/2014","-63.4375","-7.02514982223511","82","28.565","22.233","14.7319827768","1.1556039707288","0.945856089473539","13.2696693468",
"4/24/2014","-63.4375","-7.02514982223511","82","32.907","20.83","2.3689302048","0.934644144524496","0.86162885059443","19.976822881272",
"4/25/2014","-63.4375","-7.02514982223511","82","26.92","21.795","16.5945070728","1.01191268344225","0.960146393250066","16.90798168044",
"4/26/2014","-63.4375","-7.02514982223511","82","27.613","21.895","27.87437664","0.510885903408481","0.969228177771751","15.32617459848",
"4/27/2014","-63.4375","-7.02514982223511","82","28.264","21.832","8.536718232","0.668763865834421","0.957943261658473","19.049398884",
"4/28/2014","-63.4375","-7.02514982223511","82","31.032","22.934","3.740505516","0.768478857035099","0.923815343221453","15.07927903812",
"4/29/2014","-63.4375","-7.02514982223511","82","28.73","22.721","10.996626132","0.942602642177008","0.944874850111447","20.185733232",
"4/30/2014","-63.4375","-7.02514982223511","82","27.661","20.665","20.6096625","0.665580080205017","0.961618613542977","18.852614028",
"5/1/2014","-63.4375","-7.02514982223511","82","28.425","21.764","31.0123486584","0.821025882202587","0.949751688687634","10.76423276232",
"5/2/2014","-63.4375","-7.02514982223511","82","26.161","21.671","128.05599924","0.674803307627413","0.974231123925373","8.75463275844",
"5/3/2014","-63.4375","-7.02514982223511","82","28.358","20.723","6.0562179","0.855236076954534","0.950891845409592","17.70715400148",
"5/4/2014","-63.4375","-7.02514982223511","82","30.374","21.004","6.6501657864","0.971433875505347","0.904593020735613","24.0764291964",
"5/5/2014","-63.4375","-7.02514982223511","82","28.461","22.694","9.132383268","1.12801269742189","0.944019007467131","16.56988623",
"5/6/2014","-63.4375","-7.02514982223511","82","33.267","21.653","14.27879124","0.948359136261953","0.879256759227084","24.08161415796",
"5/7/2014","-63.4375","-7.02514982223511","82","28.102","22.791","7.6766960304","1.08887960758916","0.953906649149741","19.6594018128",
"5/8/2014","-63.4375","-7.02514982223511","82","27.63","23.536","11.362269528","0.914796586694252","0.967187411393726","12.78344231352",
"5/9/2014","-63.4375","-7.02514982223511","82","29.957","22.773","14.0178636","0.920267691402943","0.937111969547192","12.7026434916",
"5/10/2014","-63.4375","-7.02514982223511","82","27.964","23.005","9.9426338784","0.501529727709247","0.964283390743138","15.5716929162",
"5/11/2014","-63.4375","-7.02514982223511","82","25.947","23.39","19.68269292","0.764460280453063","0.969778304638957","4.38631440768",
"5/12/2014","-63.4375","-7.02514982223511","82","25.912","22.333","4.622842296","0.559731380855832","0.972044987621137","7.80033227832",
"5/13/2014","-63.4375","-7.02514982223511","82","30.08","20.716","11.3708484","0.702601852667771","0.930293296956772","23.4201057876",
"5/14/2014","-63.4375","-7.02514982223511","82","31.431","22.546","9.592439112","0.966919997200161","0.915949361506862","16.72004370564",
"5/15/2014","-63.4375","-7.02514982223511","82","27.795","20.952","7.9410555504","0.580945118069125","0.953062824642192","12.4604276598",
"5/16/2014","-63.4375","-7.02514982223511","82","27.975","21.408","10.4885071704","0.636299753638146","0.966786500718335","15.58263782844",
"5/17/2014","-63.4375","-7.02514982223511","82","27.296","20.608","8.474923332","0.673021715278417","0.963928911483175","13.67483276376",
"5/18/2014","-63.4375","-7.02514982223511","82","31.339","22.944","12.43515096","1.07571165942123","0.895020169527644","16.85497975272",
"5/19/2014","-63.4375","-7.02514982223511","82","29.668","21.311","4.95586296","0.685526959525923","0.93787909689646","22.7509398288",
"5/20/2014","-63.4375","-7.02514982223511","82","28.23","20.572","11.182022748","0.481746307935402","0.953593680051059","21.6290158722",
"5/21/2014","-63.4375","-7.02514982223511","82","27.383","21.38","20.06206668","0.81660557769829","0.967233099112338","12.81977928036",
"5/22/2014","-63.4375","-7.02514982223511","82","29.982","20.823","0.02059938","1.02970652251238","0.846241277355115","12.58475770188",
"5/23/2014","-63.4375","-7.02514982223511","82","28.619","22.381","3.2890317408","1.0326818470635","0.91160442039038","19.5346307556",
"5/24/2014","-63.4375","-7.02514982223511","82","26.094","20.546","7.077596364","1.31942637162261","0.966866877362725","10.339540902",
"5/25/2014","-63.4375","-7.02514982223511","82","26.774","19.209","0.1493454168","1.1582398775826","0.882100607252854","11.4223860468",
"5/26/2014","-63.4375","-7.02514982223511","82","26.825","20.376","2.379226896","0.965596077383126","0.937844599538536","8.9196172632",
"5/27/2014","-63.4375","-7.02514982223511","82","28.151","21.781","9.4139132688","1.10660892876654","0.943971812758113","16.95156087492",
"5/28/2014","-63.4375","-7.02514982223511","82","29.15","22.18","4.4700634944","1.10842924618249","0.926887234416156","12.20946436908",
"5/29/2014","-63.4375","-7.02514982223511","82","29.246","20.779","4.48379478","0.679351674695107","0.914517882391168","17.2866909456",
"5/30/2014","-63.4375","-7.02514982223511","82","29.778","19.835","2.82554496","0.77856775711986","0.908133331943883","15.8940820944",
"5/31/2014","-63.4375","-7.02514982223511","82","30.25","20.717","0.133895952","0.704637651680278","0.91435367750723","12.0752592444",
"6/1/2014","-63.4375","-7.02514982223511","82","31.597","19.314","2.784345696","0.809929176697797","0.874079621473517","22.6501495056",
"6/2/2014","-63.4375","-7.02514982223511","82","31.071","19.834","0.9922024008","0.725823564108009","0.908064711106702","13.25691850536",
"6/3/2014","-63.4375","-7.02514982223511","82","30.312","19.135","4.81681908","0.845745674473571","0.891086514898125","22.60274641416",
"6/4/2014","-63.4375","-7.02514982223511","82","30.908","21.574","3.251266632","0.889137346455552","0.888148807846139","22.4142986619",
"6/5/2014","-63.4375","-7.02514982223511","82","31.337","21.958","0.66604608","1.1441508645805","0.834739464925914","22.5515504556",
"6/6/2014","-63.4375","-7.02514982223511","82","35.515","21.48","6.08024808","0.923661506348154","0.768889392991016","22.559437948824",
"6/7/2014","-63.4375","-7.02514982223511","82","29.338","21.273","13.02222888","0.947068899805249","0.93542756251001","21.6482427576",
"6/8/2014","-63.4375","-7.02514982223511","82","29.209","22.026","5.191041132","0.905195477085946","0.919581631945201","22.27034027556",
"6/9/2014","-63.4375","-7.02514982223511","82","27.711","22.739","6.69479724","0.83371277952918","0.946606511070433","17.9602408476",
"6/10/2014","-63.4375","-7.02514982223511","82","31.421","21.863","0.2883909168","1.22143197687043","0.867822899334515","12.48824246328",
"6/11/2014","-63.4375","-7.02514982223511","82","34.237","20.778","0","1.17589922123729","0.742106814120793","15.42998856114",
"6/12/2014","-63.4375","-7.02514982223511","82","33.269","20.837","1.2565597824","0.793517896780785","0.794935521292709","13.14736145928",
"6/13/2014","-63.4375","-7.02514982223511","82","32.921","19.635","4.5421576704","0.924824813721765","0.810385975864182","19.62386522352",
"6/14/2014","-63.4375","-7.02514982223511","82","33.675","19.881","0","1.29333537080411","0.704758013053031","18.58732587432",
"6/15/2014","-63.4375","-7.02514982223511","82","33.129","20.408","0","1.32638720464514","0.642769571373877","20.25254215548",
"6/16/2014","-63.4375","-7.02514982223511","82","32.906","19.59","0","1.32450174161797","0.653852652366706","18.37477727316",
"6/17/2014","-63.4375","-7.02514982223511","82","32.946","20.357","0","1.52281303549889","0.690034030256131","22.724989703676",
"6/18/2014","-63.4375","-7.02514982223511","82","33.554","20.319","0","1.41300428389969","0.647899191867081","22.84497722196",
"6/19/2014","-63.4375","-7.02514982223511","82","32.203","21.615","0","1.73933974046522","0.666052162061696","21.716000802",
"6/20/2014","-63.4375","-7.02514982223511","82","28.594","20.843","0.478935468","1.30733877991452","0.84980522104697","12.60956768112",
"6/21/2014","-63.4375","-7.02514982223511","82","30.603","18.436","2.691651672","0.683085576650856","0.86598124096766","21.600426120228",
"6/22/2014","-63.4375","-7.02514982223511","82","31.989","19.208","0.76560912","1.0332148832308","0.840246107596783","14.52529406736",
"6/23/2014","-63.4375","-7.02514982223511","82","30.697","21.302","3.834918","0.876314648013273","0.864691742543733","22.07320651512",
"6/24/2014","-63.4375","-7.02514982223511","82","33.916","21.571","4.00657932","1.26166880819052","0.819867378035032","20.79708494688",
"6/25/2014","-63.4375","-7.02514982223511","82","33.719","22.976","0.6420131424","0.789396262635062","0.812757313920111","14.08471310628",
"6/26/2014","-63.4375","-7.02514982223511","82","35.267","22.517","1.8436419","1.08724694863285","0.745932213684658","15.7948612524",
"6/27/2014","-63.4375","-7.02514982223511","82","32.435","22.078","3.488160384","0.933006622513409","0.894022758424337","14.0176377324",
"6/28/2014","-63.4375","-7.02514982223511","82","34.202","20.996","1.07460036","1.52315309510892","0.808400953987576","18.53202257784",
"6/29/2014","-63.4375","-7.02514982223511","82","25.774","19.133","0.073814382","1.89138516991587","0.798524593095548","15.6552821856",
"6/30/2014","-63.4375","-7.02514982223511","82","30.46","17.94","0","1.28122574781619","0.770485535034134","22.42219491504",
"7/1/2014","-63.4375","-7.02514982223511","82","32.216","17.515","0.1338960024","0.882025587195602","0.776842549655119","13.1500528992",
"7/2/2014","-63.4375","-7.02514982223511","82","30.725","21.761","0","0.963502564159756","0.733394985233012","14.210998938",
"7/3/2014","-63.4375","-7.02514982223511","82","33.062","18.184","1.304625312","1.12985362607426","0.75544919229088","18.6886911096",
"7/4/2014","-63.4375","-7.02514982223511","82","31.735","20.881","3.982544946","0.976340710316491","0.854011808932925","22.4342862768",
"7/5/2014","-63.4375","-7.02514982223511","82","34.347","21.346","6.41327076","1.01062845815777","0.84378339329483","20.405413656",
"7/6/2014","-63.4375","-7.02514982223511","82","30.719","21.176","3.120805584","0.993320239404783","0.854749869876704","22.43268831456",
"7/7/2014","-63.4375","-7.02514982223511","82","33.793","20.888","0.5699157192","0.940274532358473","0.766228262679042","12.32258818356",
"7/8/2014","-63.4375","-7.02514982223511","82","32.991","22.195","0.569915352","1.45186081700902","0.710433489705838","17.568592326",
"7/9/2014","-63.4375","-7.02514982223511","82","33.466","20.885","0","1.38881813839846","0.646590452450905","22.8761006796",
"7/10/2014","-63.4375","-7.02514982223511","82","28.239","20.778","0.0034332264","1.1875679599134","0.700568963610748","9.88386785604",
"7/11/2014","-63.4375","-7.02514982223511","82","33.128","21.096","0","1.31025509262099","0.679395331187076","22.9911656661",
"7/12/2014","-63.4375","-7.02514982223511","82","32.71","19.465","0","1.46063076409315","0.645038027253559","23.05727212176",
"7/13/2014","-63.4375","-7.02514982223511","82","34.264","17.94","0.010299672","1.06095802677343","0.681878197484533","14.54437733616",
"7/14/2014","-63.4375","-7.02514982223511","82","35.259","20.26","0.0240325848","0.951376626387366","0.703791686155458","17.5636033452",
"7/15/2014","-63.4375","-7.02514982223511","82","36.085","22.248","0.511551252","1.30147001617035","0.752971738188839","14.77923852708",
"7/16/2014","-63.4375","-7.02514982223511","82","34.223","21.418","0.70381188","1.35131295692363","0.78531991484338","15.67202335452",
"7/17/2014","-63.4375","-7.02514982223511","82","34.299","20.613","5.019380244","0.90024611327948","0.804637322316178","18.973316844",
"7/18/2014","-63.4375","-7.02514982223511","82","29.085","20.034","7.206344352","0.782679994327292","0.89716491003117","22.7909317248",
"7/19/2014","-63.4375","-7.02514982223511","82","29.394","20.419","6.4098360864","1.22634712681583","0.872187887144725","20.1383450532",
"7/20/2014","-63.4375","-7.02514982223511","82","29.575","19.726","4.3636355208","0.970720653899154","0.880011111251504","22.2048552924",
"7/21/2014","-63.4375","-7.02514982223511","82","29.826","19.061","3.721618332","0.832827974454472","0.875916551912477","23.0141529486",
"7/22/2014","-63.4375","-7.02514982223511","82","29.529","20.865","3.49159104","0.963137978925456","0.884646847114706","15.749685918",
"7/23/2014","-63.4375","-7.02514982223511","82","33.319","20.65","0.690078888","1.05825240940575","0.781529200017374","18.2092378104",
"7/24/2014","-63.4375","-7.02514982223511","82","33.897","20.537","0.4154206104","1.01514433592235","0.769531782862419","15.3588746556",
"7/25/2014","-63.4375","-7.02514982223511","82","27.606","18.482","6.0390496368","1.48312859554005","0.883837681954719","12.88629311688",
"7/26/2014","-63.4375","-7.02514982223511","82","30.699","19.394","9.144406476","1.22451475230148","0.83790556821389","15.9861197736",
"7/27/2014","-63.4375","-7.02514982223511","82","34.278","18.814","0.130462452","1.3231609704417","0.728534215670613","15.7661451144",
"7/28/2014","-63.4375","-7.02514982223511","82","29.621","20.067","5.336953992","1.31231402828847","0.859236377310967","23.494810842",
"7/29/2014","-63.4375","-7.02514982223511","82","31.902","20.614","4.62456144","1.10667404678102","0.856450552660712","23.5815294492",
"7/30/2014","-63.4375","-7.02514982223511","82","34.46","20.892","7.1308151064","0.971601769472385","0.80330755001701","16.4385309456",
"7/31/2014","-63.4375","-7.02514982223511","82","36.58","21.056","0","0.750164341067507","0.689785624125874","23.8352295528",
