"Date","Longitude","Latitude","Elevation","Max Temperature","Min Temperature","Precipitation","Wind","Relative Humidity","Solar"
"1/1/1979","-51.875","-4.83955001831055","219","31.88","20.466","1.8625264992","1.23772197784016","0.789253179852499","26.78129892",
"1/2/1979","-51.875","-4.83955001831055","219","30.51","18.631","7.198626168","1.19361426024035","0.854779185775358","27.03082788",
"1/3/1979","-51.875","-4.83955001831055","219","30.737","21.109","11.9596464","1.10383245640973","0.895037448864552","27.57588318",
"1/4/1979","-51.875","-4.83955001831055","219","29.546","19.224","6.51283524","1.15065521883597","0.863797548626626","27.69333552",
"1/5/1979","-51.875","-4.83955001831055","219","30.6","20.171","7.849212984","0.918381888955392","0.88566171538926","26.5119183",
"1/6/1979","-51.875","-4.83955001831055","219","26.479","19.29","11.346821172","0.977368405286494","0.960978238192171","26.09392302",
"1/7/1979","-51.875","-4.83955001831055","219","25.839","19.578","11.824035156","1.03634932820678","0.968722529110647","16.0772697",
"1/8/1979","-51.875","-4.83955001831055","219","27.503","21.56","8.99505576","1.44715219898028","0.946620381232101","19.45501578",
"1/9/1979","-51.875","-4.83955001831055","219","29.269","21.025","3.1980528792","1.50202980197262","0.821062513034099","12.2496129",
"1/10/1979","-51.875","-4.83955001831055","219","27.708","21.403","7.470708408","1.38463666077133","0.919038281340313","18.86186088",
"1/11/1979","-51.875","-4.83955001831055","219","25.249","21.922","4.8837639456","0.894725543856252","0.968184429556092","13.05230652",
"1/12/1979","-51.875","-4.83955001831055","219","24.333","21.104","6.15663342","1.1260697043446","0.962221655123057","4.12785396",
"1/13/1979","-51.875","-4.83955001831055","219","26.309","20.883","3.7834175664","1.09102133755834","0.937202401367456","13.9588353",
"1/14/1979","-51.875","-4.83955001831055","219","28.589","19.472","4.04605656","1.05011023758466","0.881369159020049","22.7700567",
"1/15/1979","-51.875","-4.83955001831055","219","31.034","21.149","21.0731626584","1.2008847096714","0.889493285531355","18.9240813",
"1/16/1979","-51.875","-4.83955001831055","219","23.8","21.774","32.219934192","1.09786118015713","0.980489205639382","5.85145962",
"1/17/1979","-51.875","-4.83955001831055","219","26.943","21.387","10.05935508","0.912197826578523","0.958056720504682","11.43241974",
"1/18/1979","-51.875","-4.83955001831055","219","25.982","21.136","5.3695689984","1.23967037135702","0.896657480825954","9.89336178",
"1/19/1979","-51.875","-4.83955001831055","219","28.296","20.475","4.7850609024","1.21432107759626","0.898475612618279","18.814167",
"1/20/1979","-51.875","-4.83955001831055","219","30.214","21.576","82.237802076","1.11664220402032","0.902095069212431","14.70408525",
"1/21/1979","-51.875","-4.83955001831055","219","27.465","20.393","17.74463508","0.97897735544021","0.950213502380464","10.65526848",
"1/22/1979","-51.875","-4.83955001831055","219","28.369","20.128","6.071661432","1.00208196400706","0.943015162599447","16.24831362",
"1/23/1979","-51.875","-4.83955001831055","219","26.014","21.082","15.15941964","0.855108996787215","0.972042429467018","17.54156349",
"1/24/1979","-51.875","-4.83955001831055","219","26.566","22.221","10.08424908","1.02821613174744","0.953760493525365","15.49496772",
"1/25/1979","-51.875","-4.83955001831055","219","26.87","21.573","15.5868549264","0.815740778049893","0.96638253340265","22.30244919",
"1/26/1979","-51.875","-4.83955001831055","219","30.86","20.789","5.425361532","1.17053057722618","0.910780449357781","19.127644092",
"1/27/1979","-51.875","-4.83955001831055","219","31.828","21","5.3369514144","1.30218008478143","0.861696852952189","19.92392055",
"1/28/1979","-51.875","-4.83955001831055","219","25.814","21.809","11.41376904","1.07973470129799","0.969983216707162","18.1893366",
"1/29/1979","-51.875","-4.83955001831055","219","25.524","22.02","13.6333482048","0.493555242250351","0.976905173103422","9.80555697",
"1/30/1979","-51.875","-4.83955001831055","219","31.307","21.915","9.097193088","0.637288806334429","0.925485408940725","21.891144708",
"1/31/1979","-51.875","-4.83955001831055","219","29.796","21.931","10.035329868","1.30290078264403","0.93477453155388","11.09739204",
"2/1/1979","-51.875","-4.83955001831055","219","27.678","20.422","2.2899637944","1.36976829471772","0.905350914922778","15.89490018",
"2/2/1979","-51.875","-4.83955001831055","219","26.985","22.17","18.2321532","0.980011074994287","0.963780096408014","17.03998026",
"2/3/1979","-51.875","-4.83955001831055","219","24.809","22.111","14.29596072","1.08896257117191","0.977378153597047","7.50741066",
"2/4/1979","-51.875","-4.83955001831055","219","23.934","20.87","36.21282408","0.823119919812804","0.980715248794535","4.951405782",
"2/5/1979","-51.875","-4.83955001831055","219","25.112","20.562","16.3576044","0.440323293725064","0.9762784399524","10.578546108",
"2/6/1979","-51.875","-4.83955001831055","219","24.471","22.082","12.71838204","0.742089839903845","0.978741620145062","7.35120243",
"2/7/1979","-51.875","-4.83955001831055","219","23.32","20.579","11.32621956","0.600805278225505","0.981703065798953","3.17154474",
"2/8/1979","-51.875","-4.83955001831055","219","25.522","21.42","5.4236457864","1.00514288012863","0.951727720286008","12.07906101",
"2/9/1979","-51.875","-4.83955001831055","219","26.45","20.552","5.78799306","1.15621751946116","0.926397477947297","14.04984717",
"2/10/1979","-51.875","-4.83955001831055","219","25.272","19.077","4.0898293272","0.638510693639094","0.945088020566194","8.6625",
"2/11/1979","-51.875","-4.83955001831055","219","22.735","18.767","40.6065057624","0.662789667459688","0.978770287600943","1.790436888",
"2/12/1979","-51.875","-4.83955001831055","219","26.553","17.879","4.210848144","0.934238069071989","0.942276417583675","18.20959884",
"2/13/1979","-51.875","-4.83955001831055","219","30.791","17.764","0","1.28452448532067","0.781986901963889","27.151139592",
"2/14/1979","-51.875","-4.83955001831055","219","28.294","21.369","19.60030188","0.978216510435504","0.94091844238909","25.533052578",
"2/15/1979","-51.875","-4.83955001831055","219","29.893","20.334","9.9100113984","1.10144300960904","0.92780063448828","19.8182826",
"2/16/1979","-51.875","-4.83955001831055","219","28.562","21.374","6.0845378184","1.12892680410136","0.934551592473844","17.409543372",
"2/17/1979","-51.875","-4.83955001831055","219","24.284","22.31","7.0724511864","1.08376607626394","0.975748811656623","9.25592877",
"2/18/1979","-51.875","-4.83955001831055","219","28.617","21.196","11.400033024","0.925169593600733","0.941072299214067","16.22289852",
"2/19/1979","-51.875","-4.83955001831055","219","29.08","20.878","11.022383196","1.04568534071271","0.934932240778725","17.31864186",
"2/20/1979","-51.875","-4.83955001831055","219","29.338","21.457","3.610040508","1.06848506810571","0.912100521414189","22.11659784",
"2/21/1979","-51.875","-4.83955001831055","219","24.352","22.24","20.91865428","0.917855181778956","0.980790560775626","5.29903224",
"2/22/1979","-51.875","-4.83955001831055","219","26.342","21.049","1.13725656","1.12100334578607","0.922910457096789","7.5861531",
"2/23/1979","-51.875","-4.83955001831055","219","24.091","21.329","9.825039252","0.717345697584156","0.975058456559041","6.6590397",
"2/24/1979","-51.875","-4.83955001831055","219","23.74","21.365","73.8710172","0.637845651934776","0.982656784767459","3.115683828",
"2/25/1979","-51.875","-4.83955001831055","219","28.667","21.033","13.042831176","0.931275113106145","0.937088734414005","21.57929766",
"2/26/1979","-51.875","-4.83955001831055","219","29.112","21.022","10.3546146816","0.955312837401995","0.919220885406345","25.3912545",
"2/27/1979","-51.875","-4.83955001831055","219","26.391","21.385","12.407683932","0.71877827618014","0.966665884170307","21.678246",
"2/28/1979","-51.875","-4.83955001831055","219","26.758","22.246","13.210203888","0.694022503276995","0.964483561445566","20.442431052",
"3/1/1979","-51.875","-4.83955001831055","219","24.834","20.569","35.6025564","0.656737500311165","0.979382504664478","7.51680333",
"3/2/1979","-51.875","-4.83955001831055","219","29.94","19.761","55.0312617384","0.864235029970063","0.897142044584859","19.806249312",
"3/3/1979","-51.875","-4.83955001831055","219","26.256","19.922","13.719184344","0.869479175549335","0.969326421012443","17.403022962",
"3/4/1979","-51.875","-4.83955001831055","219","30.65","21.039","15.96794112","0.887148183235995","0.92060802522628","25.11128925",
"3/5/1979","-51.875","-4.83955001831055","219","27.141","20.6","16.51039416","0.99656852973737","0.943591743910623","20.59537266",
"3/6/1979","-51.875","-4.83955001831055","219","28.46","22.018","10.39581558","1.13879417777065","0.936947930557803","12.40503372",
"3/7/1979","-51.875","-4.83955001831055","219","31.792","22.134","0.532150308","1.39585091572615","0.795224123325653","23.78941983",
"3/8/1979","-51.875","-4.83955001831055","219","28.511","19.942","9.2388118392","1.13123061343904","0.911153391448912","27.13882482",
"3/9/1979","-51.875","-4.83955001831055","219","29.882","21.752","10.16407044","1.1790577595115","0.906412742260854","25.44040881",
"3/10/1979","-51.875","-4.83955001831055","219","28.864","22.222","7.01580456","1.07949156699554","0.920905881290201","21.32397693",
"3/11/1979","-51.875","-4.83955001831055","219","26.807","22.368","30.41151876","0.876478180993816","0.968403565325056","12.429337932",
"3/12/1979","-51.875","-4.83955001831055","219","25.456","21.38","34.16403492","0.985644663720322","0.97471994203714","10.544848992",
"3/13/1979","-51.875","-4.83955001831055","219","25.492","20.64","11.6489369304","0.575802364305648","0.970884067110069","7.310363472",
"3/14/1979","-51.875","-4.83955001831055","219","25.235","20.748","16.76787876","0.530874423344674","0.975177143433965","13.34970414",
"3/15/1979","-51.875","-4.83955001831055","219","27.404","22.305","26.5937808384","0.987219303147849","0.971366985355688","20.61573345",
"3/16/1979","-51.875","-4.83955001831055","219","25.398","21.797","185.729001768","0.66717518963103","0.969080224202873","6.623774982",
"3/17/1979","-51.875","-4.83955001831055","219","25.379","21.248","9.794995524","0.801951425331998","0.966984080734953","8.709521418",
"3/18/1979","-51.875","-4.83955001831055","219","30.586","19.947","4.1095728","1.06202587483197","0.87118886592024","21.05285886",
"3/19/1979","-51.875","-4.83955001831055","219","32.883","21.332","4.9936312584","1.53776817604456","0.810745451801493","22.875464808",
"3/20/1979","-51.875","-4.83955001831055","219","30.073","21.324","9.623338704","1.15305896363903","0.902254300581714","22.58543871",
"3/21/1979","-51.875","-4.83955001831055","219","28.261","22.093","16.8554286","0.99725514689008","0.956699999755622","22.1225616",
"3/22/1979","-51.875","-4.83955001831055","219","26.478","22.414","16.20826308","0.87250769736418","0.963297282955073","20.35197972",
"3/23/1979","-51.875","-4.83955001831055","219","26.447","22.463","24.9183684","1.08728848634764","0.968307249371154","18.70374141",
"3/24/1979","-51.875","-4.83955001831055","219","29.805","21.797","12.56733504","1.17361625301771","0.89794484468827","24.67141308",
"3/25/1979","-51.875","-4.83955001831055","219","26.469","20.372","15.32936304","0.83363566196988","0.969428333965823","16.30468062",
"3/26/1979","-51.875","-4.83955001831055","219","25.268","19.88","10.69450992","0.552476633415061","0.97836917401772","7.97225283",
"3/27/1979","-51.875","-4.83955001831055","219","26.01","21.352","17.2107684","1.03204394129252","0.971466134931033","18.80336268",
"3/28/1979","-51.875","-4.83955001831055","219","24.39","21.792","20.03289264","0.778782185035879","0.978403888073366","6.38561241",
"3/29/1979","-51.875","-4.83955001831055","219","25.184","21.637","8.75301642","0.891880406353063","0.969147468437158","10.81940778",
"3/30/1979","-51.875","-4.83955001831055","219","26.539","22.114","19.00635696","1.05200365415227","0.965796744110727","20.88303786",
"3/31/1979","-51.875","-4.83955001831055","219","24.511","21.564","70.5940048584","0.945939456656193","0.978653713116657","8.42348727",
"4/1/1979","-51.875","-4.83955001831055","219","29.462","20.777","4.696653888","0.954789133035566","0.897616322361258","18.52115859",
"4/2/1979","-51.875","-4.83955001831055","219","29.857","21.103","9.60616908","1.17888293508289","0.891479560656244","23.14311192",
"4/3/1979","-51.875","-4.83955001831055","219","30.158","21.184","15.17143644","1.09542157222697","0.883992533103875","23.48797122",
"4/4/1979","-51.875","-4.83955001831055","219","30.641","20.169","3.7422213048","1.14677637065771","0.853602223655548","24.73284474",
"4/5/1979","-51.875","-4.83955001831055","219","31.602","20.427","2.4410276496","1.33221361211869","0.844905445663195","23.19907104",
"4/6/1979","-51.875","-4.83955001831055","219","29.19","20.803","8.071521768","0.797337700110411","0.921198923700971","20.73436812",
"4/7/1979","-51.875","-4.83955001831055","219","31.287","19.973","10.4061072744","0.870814729593324","0.847682945901149","24.34966578",
"4/8/1979","-51.875","-4.83955001831055","219","26.749","19.277","22.2507522","0.489278392744251","0.966035061423605","20.20027662",
"4/9/1979","-51.875","-4.83955001831055","219","29.94","19.372","11.0532744","0.91336247091043","0.89366624944754","20.4397866",
"4/10/1979","-51.875","-4.83955001831055","219","26.216","22.37","21.11606334","0.983767357686724","0.968969494340117","21.55235778",
"4/11/1979","-51.875","-4.83955001831055","219","27.275","22.337","15.07530456","0.904012796428653","0.963999850436041","19.4371362",
"4/12/1979","-51.875","-4.83955001831055","219","29.183","21.664","4.5284270904","0.98690366554799","0.925643378606809","15.874317",
"4/13/1979","-51.875","-4.83955001831055","219","31.059","20.076","2.657317464","1.37299699749616","0.854548883217982","24.08512248",
"4/14/1979","-51.875","-4.83955001831055","219","28.218","20.308","4.0546470384","1.25125248599008","0.923158312288004","19.56386412",
"4/15/1979","-51.875","-4.83955001831055","219","29.435","21.727","3.501890964","1.32477051574795","0.882811956875948","24.44658318",
"4/16/1979","-51.875","-4.83955001831055","219","29.06","21.114","1.905440976","1.10868002748656","0.912337091747192","12.57817572",
"4/17/1979","-51.875","-4.83955001831055","219","31.401","21.825","2.073669588","1.1150758905092","0.8780551695791","16.97045562",
"4/18/1979","-51.875","-4.83955001831055","219","29.786","22.287","2.7397159992","0.853889348878731","0.87566583445412","12.31019604",
"4/19/1979","-51.875","-4.83955001831055","219","26.098","20.096","10.3202838","0.583003102916991","0.971456647236419","10.1552076",
"4/20/1979","-51.875","-4.83955001831055","219","28.175","20.178","16.819386948","0.875819850033211","0.961690538092525","14.74453458",
"4/21/1979","-51.875","-4.83955001831055","219","25.745","22.039","2.2933954584","0.563181317793434","0.954887774411146","8.1085518",
"4/22/1979","-51.875","-4.83955001831055","219","27.493","20.717","15.62118768","0.749401377965576","0.95308448371285","19.2670317",
"4/23/1979","-51.875","-4.83955001831055","219","26.626","22.621","11.5459442784","0.739331573492369","0.964861914060351","16.77515994",
"4/24/1979","-51.875","-4.83955001831055","219","25.012","22.079","13.7397683232","0.657174897768023","0.975265634396033","4.02013278",
"4/25/1979","-51.875","-4.83955001831055","219","25.666","21.583","11.0343942","0.55991431451317","0.977267894670147","8.64512262",
"4/26/1979","-51.875","-4.83955001831055","219","25.661","21.929","22.59063576","0.881982933633652","0.973914631567591","12.5291268",
"4/27/1979","-51.875","-4.83955001831055","219","26.208","20.047","4.878619632","0.838404496801331","0.914094059996449","10.02628692",
"4/28/1979","-51.875","-4.83955001831055","219","24.038","20.424","12.75444972","0.991322269323832","0.978869757133029","6.51887082",
"4/29/1979","-51.875","-4.83955001831055","219","28.997","20.672","10.667030616","1.11071741440688","0.906215513542194","18.29064474",
"4/30/1979","-51.875","-4.83955001831055","219","26.719","20.776","14.71481892","0.712494817107026","0.962674402949125","17.46489978",
"5/1/1979","-51.875","-4.83955001831055","219","26.305","22.551","19.39772952","1.23648682169936","0.96286817340857","19.54749492",
"5/2/1979","-51.875","-4.83955001831055","219","29.773","22.159","5.369566284","1.22375968164131","0.9076735091898","18.68743782",
"5/3/1979","-51.875","-4.83955001831055","219","25.19","21.736","12.65143968","0.959447936156075","0.972756228465905","16.22418534",
"5/4/1979","-51.875","-4.83955001831055","219","28.895","21.803","10.25161488","1.01265304545326","0.912956962478449","22.11221412",
"5/5/1979","-51.875","-4.83955001831055","219","27.235","20.121","6.65874288","1.12272072024141","0.944716687134194","21.9264165",
"5/6/1979","-51.875","-4.83955001831055","219","26.354","18.277","3.951647532","0.89346872430011","0.950552051989544","12.34934874",
"5/7/1979","-51.875","-4.83955001831055","219","26.077","21.27","8.6757666984","0.756592012792554","0.965233140726455","18.78255756",
"5/8/1979","-51.875","-4.83955001831055","219","30.833","21.179","2.72769894","1.03353656085037","0.828823152518818","21.58706322",
"5/9/1979","-51.875","-4.83955001831055","219","32.086","19.374","0.157928328","1.13378099399646","0.791377757144722","19.05356358",
"5/10/1979","-51.875","-4.83955001831055","219","30.416","19.737","5.95321416","1.22045162457574","0.868892473379672","18.11002194",
"5/11/1979","-51.875","-4.83955001831055","219","32.299","22.255","15.827183892","1.18873316747959","0.869366953299834","22.7027259",
"5/12/1979","-51.875","-4.83955001831055","219","31.07","20.89","9.80187048","1.07087997632631","0.907317279415978","14.059408932",
"5/13/1979","-51.875","-4.83955001831055","219","28.222","22.125","6.2725052664","0.922915500014188","0.902193157838704","11.64352464",
"5/14/1979","-51.875","-4.83955001831055","219","30.556","20.97","5.2047705528","0.751419240361085","0.899883611948471","21.51005688",
"5/15/1979","-51.875","-4.83955001831055","219","27.925","21.845","8.184817944","0.81367332730195","0.945058196087071","20.04648048",
"5/16/1979","-51.875","-4.83955001831055","219","26.564","21.205","9.815598324","1.06704427154754","0.956342922253298","22.46169798",
"5/17/1979","-51.875","-4.83955001831055","219","31.311","22.314","1.277158104","1.33227479385398","0.841870062078452","16.22052972",
"5/18/1979","-51.875","-4.83955001831055","219","26.806","21.899","5.2047739872","0.951879972591566","0.95012515003331","12.89080872",
"5/19/1979","-51.875","-4.83955001831055","219","30.347","20.314","12.229153992","1.19215447752119","0.890973138805241","22.4066232",
"5/20/1979","-51.875","-4.83955001831055","219","31.999","20.673","1.5277887792","1.34830166601766","0.780769432380681","21.77161632",
"5/21/1979","-51.875","-4.83955001831055","219","32.883","19.649","0","1.3523028845603","0.73223322751068","24.12061776",
"5/22/1979","-51.875","-4.83955001831055","219","30.156","20.761","0.854873712","1.17910398471877","0.902091143928353","14.19316542",
"5/23/1979","-51.875","-4.83955001831055","219","30.92","19.153","9.695433384","0.858789155465324","0.9094363003461","15.14210688",
"5/24/1979","-51.875","-4.83955001831055","219","31.429","21.557","6.955721136","0.794996308432196","0.917967467565663","14.4426375",
"5/25/1979","-51.875","-4.83955001831055","219","26.289","19.398","6.440732748","0.862121334830552","0.967602044398623","16.378710192",
"5/26/1979","-51.875","-4.83955001831055","219","27.165","19.048","5.05027944","0.75530468692112","0.954163937710866","17.1402687",
"5/27/1979","-51.875","-4.83955001831055","219","32.654","21.023","2.8083804984","1.26110326717267","0.797566775705082","22.48577334",
"5/28/1979","-51.875","-4.83955001831055","219","32.242","20.545","2.69508348","1.30650670069044","0.806452450015996","23.44472586",
"5/29/1979","-51.875","-4.83955001831055","219","30.073","20.643","4.7859174","0.929234718982351","0.890186909732469","20.41267482",
"5/30/1979","-51.875","-4.83955001831055","219","33.412","18.082","0.446319612","0.79868936413522","0.784036999621528","17.99099496",
"5/31/1979","-51.875","-4.83955001831055","219","33.377","18.926","1.3492583784","0.872142380530997","0.757311365347708","23.259879",
"6/1/1979","-51.875","-4.83955001831055","219","31.796","20.633","2.1955501296","1.03847909859078","0.831645986036003","15.83988876",
"6/2/1979","-51.875","-4.83955001831055","219","30.326","20.966","1.9123076664","1.1985583097482","0.873442562020145","13.095286272",
"6/3/1979","-51.875","-4.83955001831055","219","31.801","20.133","0.600814764","1.57015697663018","0.754975191428712","21.72818628",
"6/4/1979","-51.875","-4.83955001831055","219","31.847","20.123","0","1.67246953121564","0.66220653662903","23.35140324",
"6/5/1979","-51.875","-4.83955001831055","219","32.945","20.184","0.0720978984","1.43514292360225","0.648200808093072","21.4121862",
"6/6/1979","-51.875","-4.83955001831055","219","32.935","20.14","0.048065184","1.50594439895567","0.612076818241595","23.47959474",
"6/7/1979","-51.875","-4.83955001831055","219","33.151","20.192","0","1.49242146840633","0.574413409422243","23.06908584",
"6/8/1979","-51.875","-4.83955001831055","219","32.215","21.038","0","1.4528303735995","0.598584006886775","18.6934527",
"6/9/1979","-51.875","-4.83955001831055","219","32.825","18.125","0","0.994940335889705","0.683730027451967","20.21478228",
"6/10/1979","-51.875","-4.83955001831055","219","32.005","17.515","0.2094267384","0.726918620718619","0.787237684371063","8.25339906",
"6/11/1979","-51.875","-4.83955001831055","219","33.085","20.56","0.0549316584","1.53764428871055","0.723595137646384","16.3318509",
"6/12/1979","-51.875","-4.83955001831055","219","28.964","19.638","5.7146083992","1.20205843718685","0.902754286053678","22.31038332",
"6/13/1979","-51.875","-4.83955001831055","219","33.762","21.432","0.1407623328","1.15939375334253","0.69248468930692","21.11151744",
"6/14/1979","-51.875","-4.83955001831055","219","33.13","21.279","0","1.84259839312377","0.516515479357515","23.78700162",
"6/15/1979","-51.875","-4.83955001831055","219","32.639","23.176","0","1.62573726445363","0.496995479133518","16.4374308",
"6/16/1979","-51.875","-4.83955001831055","219","32.505","21.565","0","1.22499414140476","0.55993179346233","17.8134183",
"6/17/1979","-51.875","-4.83955001831055","219","31.839","19.373","0","1.73613419395296","0.532297633975622","23.8911723",
"6/18/1979","-51.875","-4.83955001831055","219","31.542","19.246","0","1.64916208613481","0.587480616620537","18.86473332",
"6/19/1979","-51.875","-4.83955001831055","219","32.051","19.056","0","1.60432688282233","0.57704295681385","23.20632882",
"6/20/1979","-51.875","-4.83955001831055","219","32.653","19.471","0.054931644","1.42311886439134","0.62031205411907","21.32375382",
"6/21/1979","-51.875","-4.83955001831055","219","32.181","19.289","0.2746584","1.65330708751774","0.64785403077164","19.7962263",
"6/22/1979","-51.875","-4.83955001831055","219","31.406","21.205","0","1.98763605669244","0.596290959871394","20.2267107",
"6/23/1979","-51.875","-4.83955001831055","219","31.619","21.172","0.26950824","1.40134339133934","0.654251488985706","17.47322064",
"6/24/1979","-51.875","-4.83955001831055","219","33.249","19.894","0","1.50949030600168","0.603317480205333","23.36258736",
"6/25/1979","-51.875","-4.83955001831055","219","32.23","21.352","0","1.75460822539251","0.582618337109698","21.49553718",
"6/26/1979","-51.875","-4.83955001831055","219","33.356","18.871","0","1.67185182601447","0.544500855844879","22.81286016",
"6/27/1979","-51.875","-4.83955001831055","219","31.931","22.262","0","1.37578603664098","0.554643812894968","17.2778067",
"6/28/1979","-51.875","-4.83955001831055","219","32.773","19.222","0","1.13760696950874","0.648487752626243","12.63678714",
"6/29/1979","-51.875","-4.83955001831055","219","33.082","19.744","0.0034332264","1.33808806994131","0.566004701802247","17.7426549",
"6/30/1979","-51.875","-4.83955001831055","219","33.023","19.951","0.0240326064","1.55963570682447","0.519881066346611","23.45984928",
"7/1/1979","-51.875","-4.83955001831055","219","32.875","19.303","0","1.32715238612874","0.581864855397508","15.25741506",
"7/2/1979","-51.875","-4.83955001831055","219","33.045","18.175","0.52528356","1.25361986967411","0.684355715565084","16.73819532",
"7/3/1979","-51.875","-4.83955001831055","219","32.919","19.936","0.73814436","1.27889190093486","0.745629242405272","12.63144096",
"7/4/1979","-51.875","-4.83955001831055","219","31.515","21.232","0.12016296","1.70710948478386","0.637413736515054","16.84693026",
"7/5/1979","-51.875","-4.83955001831055","219","32.713","20.265","0","1.95196682104075","0.563844891744759","19.91998116",
"7/6/1979","-51.875","-4.83955001831055","219","33.133","18.628","0","1.72082698515072","0.558959506410761","18.87524388",
"7/7/1979","-51.875","-4.83955001831055","219","32.882","19.331","0","1.63139626309362","0.526663905747","22.5814509",
"7/8/1979","-51.875","-4.83955001831055","219","32.689","18.25","0","1.8603029500505","0.499601153161397","24.27974604",
"7/9/1979","-51.875","-4.83955001831055","219","32.429","18.656","0","1.91197693269894","0.51481966881643","22.87333188",
"7/10/1979","-51.875","-4.83955001831055","219","31.896","19.786","0","1.70094202738763","0.522742422258209","21.52890252",
"7/11/1979","-51.875","-4.83955001831055","219","32.216","21.309","0","1.59035921264953","0.475275282641212","21.65404806",
"7/12/1979","-51.875","-4.83955001831055","219","32.545","19.569","0","1.09055303320828","0.622462583236495","18.7521156",
"7/13/1979","-51.875","-4.83955001831055","219","28.408","19.967","6.20899056","1.00014853469795","0.85145543801984","18.6509907",
"7/14/1979","-51.875","-4.83955001831055","219","32.698","17.979","0","1.36051568941194","0.637550099944174","16.003854",
"7/15/1979","-51.875","-4.83955001831055","219","33.938","18.258","0","1.70472987360929","0.559863286127437","23.77175634",
"7/16/1979","-51.875","-4.83955001831055","219","33.803","19.806","0","1.54567607059888","0.522535863546761","22.23894384",
"7/17/1979","-51.875","-4.83955001831055","219","32.034","20.992","0.281524788","1.07359766589007","0.645071641772858","10.460927988",
"7/18/1979","-51.875","-4.83955001831055","219","32.549","18.173","0.0034332264","1.14419410884914","0.657003381062061","11.06476884",
"7/19/1979","-51.875","-4.83955001831055","219","31.376","20.391","0.300407148","1.41983104740421","0.715866330999534","13.343682708",
"7/20/1979","-51.875","-4.83955001831055","219","33.951","21.057","0.0841140864","1.44806438734409","0.562206288416849","17.77314348",
"7/21/1979","-51.875","-4.83955001831055","219","33.19","15.594","0","0.784502059670896","0.684486611575241","12.99988026",
"7/22/1979","-51.875","-4.83955001831055","219","32.304","18.275","0.034332264","0.934936681316182","0.705951206509557","10.0798281",
"7/23/1979","-51.875","-4.83955001831055","219","34.258","18.218","0","1.44962943689803","0.604498253170989","18.20564964",
"7/24/1979","-51.875","-4.83955001831055","219","34.299","17.422","0","1.57613022344477","0.55653302084051","19.28250108",
"7/25/1979","-51.875","-4.83955001831055","219","34.328","20.543","0","1.81007319904994","0.480256061887959","24.60617424",
"7/26/1979","-51.875","-4.83955001831055","219","31.956","20.051","0","1.51087634014463","0.48963843801265","14.42013678",
"7/27/1979","-51.875","-4.83955001831055","219","34.166","16.351","0","1.55701962187991","0.439497757090122","25.1879058",
"7/28/1979","-51.875","-4.83955001831055","219","34.291","14.457","0","1.13125498801529","0.582366423438332","21.57850836",
"7/29/1979","-51.875","-4.83955001831055","219","34.369","15.106","0","1.28367622428962","0.560096813831281","18.41247954",
"7/30/1979","-51.875","-4.83955001831055","219","34.35","18.301","0","1.79902981175364","0.408259440158814","24.37452648",
"7/31/1979","-51.875","-4.83955001831055","219","34.881","19.913","0","1.84189031046998","0.438023850330106","18.14715072",
"8/1/1979","-51.875","-4.83955001831055","219","32.938","19.436","0","1.39540753537008","0.587531061983482","16.30625472",
"8/2/1979","-51.875","-4.83955001831055","219","33.909","20.604","0","1.53172728523999","0.508253426518201","23.73164874",
"8/3/1979","-51.875","-4.83955001831055","219","34.837","18.863","0","1.54760158699728","0.426230741710983","25.37910396",
"8/4/1979","-51.875","-4.83955001831055","219","35.116","20.392","0","1.39591761935709","0.52122558985818","18.65475414",
"8/5/1979","-51.875","-4.83955001831055","219","33.879","21.819","0","1.49005901902429","0.552517698784661","16.03058076",
"8/6/1979","-51.875","-4.83955001831055","219","34.707","21.234","0","1.83280939067352","0.555653397504886","25.32031686",
"8/7/1979","-51.875","-4.83955001831055","219","35.251","19.205","0","1.7086027464989","0.416703245723695","26.05736394",
"8/8/1979","-51.875","-4.83955001831055","219","35.292","19.673","0","1.47626595130261","0.457658669950869","18.07948368",
"8/9/1979","-51.875","-4.83955001831055","219","34.418","18.887","0","1.15169614352617","0.524541277042096","15.88916268",
"8/10/1979","-51.875","-4.83955001831055","219","36.472","19.953","0","1.3029257602972","0.499971333314933","25.42623912",
"8/11/1979","-51.875","-4.83955001831055","219","36.998","21.578","0","1.18322518843023","0.427896781117106","19.90209546",
"8/12/1979","-51.875","-4.83955001831055","219","36.227","18.883","0.4737852","0.972048572577991","0.607911901279407","22.72763826",
"8/13/1979","-51.875","-4.83955001831055","219","35.526","23.371","0","1.44634765451912","0.521817930462021","18.21628584",
"8/14/1979","-51.875","-4.83955001831055","219","34.313","19.829","0.0068664528","1.52808009962778","0.528990956892301","15.72586668",
"8/15/1979","-51.875","-4.83955001831055","219","33.366","21.58","0.1287460512","1.08105335406294","0.685886226627295","15.273280512",
"8/16/1979","-51.875","-4.83955001831055","219","33.421","21.379","2.62127088","1.28125080501679","0.761124770859604","7.091890128",
"8/17/1979","-51.875","-4.83955001831055","219","34.315","21.019","1.22394456","1.20586080616896","0.671649397817714","18.416705832",
"8/18/1979","-51.875","-4.83955001831055","219","32.521","20.762","0.017166132","1.8019985178736","0.583123809006535","19.208358",
"8/19/1979","-51.875","-4.83955001831055","219","36.665","17.503","0.096130512","0.796250921376909","0.66568940254762","12.763242972",
"8/20/1979","-51.875","-4.83955001831055","219","24.686","18.95","7.12395288","0.734860321338668","0.912139025799749","4.24074168",
"8/21/1979","-51.875","-4.83955001831055","219","34.547","17.61","0.599098392","1.08099063865858","0.715258183657303","16.12119186",
"8/22/1979","-51.875","-4.83955001831055","219","29.41","20.93","23.703005664","1.06830540394634","0.935940827249246","10.02239928",
"8/23/1979","-51.875","-4.83955001831055","219","23.735","19.741","24.95782836","0.853320919847635","0.977527394048644","6.60948858",
"8/24/1979","-51.875","-4.83955001831055","219","30.965","19.884","1.5071867928","0.689442878920643","0.873276981554664","18.1319607",
"8/25/1979","-51.875","-4.83955001831055","219","24.857","20.527","4.1670808704","1.1582928083037","0.914602970359299","2.759176548",
"8/26/1979","-51.875","-4.83955001831055","219","29.709","21.257","4.30354728","1.41300367032172","0.785947617687882","25.04537064",
"8/27/1979","-51.875","-4.83955001831055","219","35.031","21.468","0.29869056","1.34045784550092","0.634887920508075","19.9178406",
"8/28/1979","-51.875","-4.83955001831055","219","33.183","21.156","7.09991532","1.38684186059481","0.813519595528591","18.541236672",
"8/29/1979","-51.875","-4.83955001831055","219","31.221","21.394","4.8992129784","1.53409312009036","0.833733185516482","20.77807428",
"8/30/1979","-51.875","-4.83955001831055","219","34.532","21.026","0","1.54320302324255","0.686816606627643","14.10699816",
"8/31/1979","-51.875","-4.83955001831055","219","34.153","21.512","0.384521652","1.36380790582666","0.6631892497311","18.802409832",
"9/1/1979","-51.875","-4.83955001831055","219","35.126","20.673","0.8668903392","1.16514975107398","0.73169933328717","9.174041208",
"9/2/1979","-51.875","-4.83955001831055","219","34.134","21.492","0.717544692","1.46359276017145","0.782754357930285","18.25982136",
"9/3/1979","-51.875","-4.83955001831055","219","31.768","21.633","10.933119036","1.42407174261034","0.810179429665489","19.27654038",
"9/4/1979","-51.875","-4.83955001831055","219","31.859","20.366","2.69336952","1.63858398808717","0.801484867886688","24.64295976",
"9/5/1979","-51.875","-4.83955001831055","219","31.243","20.947","7.472417688","1.21090363486894","0.842873950780463","25.53699402",
"9/6/1979","-51.875","-4.83955001831055","219","32.792","19.057","3.26843352","1.27792295486783","0.780664174302064","13.52114802",
"9/7/1979","-51.875","-4.83955001831055","219","33.003","19.841","4.92152724","1.70897044487348","0.779596228605282","18.31387716",
"9/8/1979","-51.875","-4.83955001831055","219","27.595","21.085","2.40325812","1.38726346140772","0.838938022747212","15.368740272",
"9/9/1979","-51.875","-4.83955001831055","219","32.746","20.695","0","1.54301622118528","0.668963175466013","13.470245568",
"9/10/1979","-51.875","-4.83955001831055","219","34.053","18.455","0","1.18914979291929","0.616355773492181","12.4742277",
"9/11/1979","-51.875","-4.83955001831055","219","34.017","20.283","0","1.02297344964228","0.62880753199842","21.96792774",
"9/12/1979","-51.875","-4.83955001831055","219","35.233","22.426","0","1.92704968451927","0.532127495854975","19.5177411",
"9/13/1979","-51.875","-4.83955001831055","219","35.886","21.654","0","1.93507682952039","0.539938564800318","24.198806592",
"9/14/1979","-51.875","-4.83955001831055","219","37.19","18.194","0","1.2007455360556","0.545224475381945","23.677313832",
"9/15/1979","-51.875","-4.83955001831055","219","36.222","22.306","0","1.48836243277162","0.520413937681079","21.881870568",
"9/16/1979","-51.875","-4.83955001831055","219","37.01","22.496","1.205064","1.50763342553825","0.580365193890272","17.812346328",
"9/17/1979","-51.875","-4.83955001831055","219","35.432","21.77","2.0719558872","1.6529262991194","0.691415931515588","22.869567648",
"9/18/1979","-51.875","-4.83955001831055","219","35.256","19.898","0.88233804","1.24392989140232","0.688775566708925","18.04432284",
"9/19/1979","-51.875","-4.83955001831055","219","36.179","20.907","0","0.964176242980922","0.645710749387685","20.221646832",
"9/20/1979","-51.875","-4.83955001831055","219","35.259","22.397","0.017166132","1.53683545552479","0.539036874880568","20.1835134",
"9/21/1979","-51.875","-4.83955001831055","219","30.579","21.521","17.655371388","1.32913024877883","0.821673165824693","17.859600882",
"9/22/1979","-51.875","-4.83955001831055","219","32.089","21.367","2.652169536","1.61689058457772","0.759758828463592","22.076043408",
"9/23/1979","-51.875","-4.83955001831055","219","34.634","20.529","0.42743664","1.75256536253393","0.64434981443898","21.106124568",
"9/24/1979","-51.875","-4.83955001831055","219","34.537","21.854","2.77061508","1.75234872507159","0.640346028970875","23.25734388",
"9/25/1979","-51.875","-4.83955001831055","219","34.895","21.572","0","1.82364725015996","0.552353252198063","21.91573692",
"9/26/1979","-51.875","-4.83955001831055","219","34.576","23.064","0","1.87951162949926","0.513969466729765","21.917306232",
"9/27/1979","-51.875","-4.83955001831055","219","36.823","19.62","0","1.50585351595554","0.509552903947837","22.087452672",
"9/28/1979","-51.875","-4.83955001831055","219","38.514","21.517","0","1.95124275409825","0.410467997951088","21.53845854",
"9/29/1979","-51.875","-4.83955001831055","219","37.023","22.369","0","2.28415176450776","0.50546950592868","21.74529402",
"9/30/1979","-51.875","-4.83955001831055","219","34.315","23.628","0.37078866","1.69892436499632","0.612204616787103","18.367368552",
"10/1/1979","-51.875","-4.83955001831055","219","35.731","20.952","0","1.76861136022453","0.568572838550223","20.55662082",
"10/2/1979","-51.875","-4.83955001831055","219","35.555","21.286","0.024032592","1.72156344320288","0.576070637737494","18.62927136",
"10/3/1979","-51.875","-4.83955001831055","219","37.167","20.49","0.051498432","1.30206533384681","0.569629417705352","19.86997842",
"10/4/1979","-51.875","-4.83955001831055","219","38.324","22.149","0.082397448","1.85515185789034","0.487193241532279","21.91527594",
"10/5/1979","-51.875","-4.83955001831055","219","37.249","22.476","0","2.18260191893983","0.478687926268127","22.24575108",
"10/6/1979","-51.875","-4.83955001831055","219","35.918","19.676","0","2.06551773399797","0.541091439646867","24.71675598",
"10/7/1979","-51.875","-4.83955001831055","219","37.896","23.397","0","2.19439429630127","0.473528716692693","22.14978858",
"10/8/1979","-51.875","-4.83955001831055","219","37.194","21.506","0","1.67124007971754","0.510226105821779","19.421604072",
"10/9/1979","-51.875","-4.83955001831055","219","37.084","23.54","0.0308990448","1.84406135351398","0.50236331352046","19.18889838",
"10/10/1979","-51.875","-4.83955001831055","219","36.385","21.574","0.08239752","1.82694791444558","0.508277812538087","23.9530482",
"10/11/1979","-51.875","-4.83955001831055","219","34.614","20.949","0.823973364","0.991380746163908","0.613214611312434","16.82864838",
"10/12/1979","-51.875","-4.83955001831055","219","35.491","21.184","0.624847464","1.26742343631961","0.629040787924897","11.6762067",
"10/13/1979","-51.875","-4.83955001831055","219","35.88","23.661","0.33645636","1.541012542162","0.548370068814854","20.95009092",
"10/14/1979","-51.875","-4.83955001831055","219","35.96","23.088","1.1123656128","1.33411723857991","0.656612035754662","18.27438858",
"10/15/1979","-51.875","-4.83955001831055","219","39.544","20.682","0.8754720984","1.10349903472593","0.62249982130069","20.27047284",
"10/16/1979","-51.875","-4.83955001831055","219","24.069","21.531","23.90554512","1.04850693749869","0.94088962470895","3.69714384",
"10/17/1979","-51.875","-4.83955001831055","219","34.438","21.151","0.02059938","1.78810989330806","0.612348771025047","18.15963516",
"10/18/1979","-51.875","-4.83955001831055","219","29.08","20.977","2.5955199","1.59202237921726","0.786138368176973","20.577936888",
"10/19/1979","-51.875","-4.83955001831055","219","26.755","20.062","8.953855236","1.13656731138258","0.92908352060716","12.71795661",
"10/20/1979","-51.875","-4.83955001831055","219","26.721","21.423","0.5613324768","0.994972290869305","0.888122634426734","8.171667",
"10/21/1979","-51.875","-4.83955001831055","219","27.633","22.575","10.299690828","1.40373298201206","0.912206612769651","19.5770232",
"10/22/1979","-51.875","-4.83955001831055","219","26.388","22.264","9.6576678144","1.38869651451587","0.932217585584871","15.25720374",
"10/23/1979","-51.875","-4.83955001831055","219","29.005","21.849","11.563111224","1.21345700458687","0.92081911594427","15.40874034",
"10/24/1979","-51.875","-4.83955001831055","219","29.45","22.122","13.1561279064","1.17174070353612","0.896345561143158","16.18593966",
"10/25/1979","-51.875","-4.83955001831055","219","30.441","21.482","13.24195128","1.32404305660003","0.865939248279155","27.22387572",
"10/26/1979","-51.875","-4.83955001831055","219","34.278","21.587","0.930404844","1.56260572340904","0.74774827827449","20.1552192",
"10/27/1979","-51.875","-4.83955001831055","219","32.69","21.631","2.72941578","1.51316869350505","0.762385685482643","27.4773366",
"10/28/1979","-51.875","-4.83955001831055","219","35.629","22.447","1.963805544","1.7035770394919","0.650994175358526","20.71614852",
"10/29/1979","-51.875","-4.83955001831055","219","34.994","23.437","0","1.81584155808534","0.53995694170274","21.91506048",
"10/30/1979","-51.875","-4.83955001831055","219","32.397","22.174","4.93354692","1.66413291282189","0.653447706898135","23.67381528",
"10/31/1979","-51.875","-4.83955001831055","219","31.043","22.548","9.92717928","1.55497177958531","0.760250121124833","27.58820688",
"11/1/1979","-51.875","-4.83955001831055","219","28.794","21.263","8.2757907144","1.26898770823539","0.861378909669553","26.8248996",
"11/2/1979","-51.875","-4.83955001831055","219","23.224","21.052","23.379441516","1.17474230522135","0.961847483465715","1.85861232",
"11/3/1979","-51.875","-4.83955001831055","219","33.994","20.848","0.80509176","1.81544831542122","0.669464276215324","21.42376956",
"11/4/1979","-51.875","-4.83955001831055","219","34.679","22.507","0.0205993656","1.79735825260372","0.57676044972251","20.2011192",
"11/5/1979","-51.875","-4.83955001831055","219","33.421","21.784","0.0137329056","1.48453001408183","0.63281618189623","11.6980911",
"11/6/1979","-51.875","-4.83955001831055","219","30.782","22.481","12.972449952","1.21839663069612","0.824369015200292","14.636085768",
"11/7/1979","-51.875","-4.83955001831055","219","34.945","22.269","3.472708896","1.11875698367092","0.825125998903853","10.3595076",
"11/8/1979","-51.875","-4.83955001831055","219","34.678","21.144","0.1012803624","1.38442955877498","0.702315132031184","19.683054",
"11/9/1979","-51.875","-4.83955001831055","219","32.956","22.427","23.5193106672","1.574582100071","0.765408828383907","19.69913898",
"11/10/1979","-51.875","-4.83955001831055","219","33.515","22.462","9.2216449728","1.06544990859651","0.771603409788278","23.04179946",
"11/11/1979","-51.875","-4.83955001831055","219","35.014","21.673","2.6255628144","1.20508079343895","0.695193535627086","16.35620544",
"11/12/1979","-51.875","-4.83955001831055","219","34.118","22.362","2.647019484","1.29938222819177","0.620211563661316","19.70550036",
"11/13/1979","-51.875","-4.83955001831055","219","37.083","23.275","1.500319188","1.71565669752399","0.600949149903896","23.37946218",
"11/14/1979","-51.875","-4.83955001831055","219","32.87","21.013","1.12266684","1.46519319004007","0.637700539928678","11.89248552",
"11/15/1979","-51.875","-4.83955001831055","219","34.269","22.761","1.3913153784","1.27229089930978","0.676446278528302","10.06323336",
"11/16/1979","-51.875","-4.83955001831055","219","31.583","21.453","3.616903512","1.38822288642646","0.824833588375443","11.42116578",
"11/17/1979","-51.875","-4.83955001831055","219","30.718","21.778","9.91859472","1.27402004503025","0.878193751955134","15.854630292",
"11/18/1979","-51.875","-4.83955001831055","219","30.706","22.513","4.9807553328","1.26637788590418","0.860689969655831","17.103151368",
"11/19/1979","-51.875","-4.83955001831055","219","31.817","21.343","6.13861272","1.3705787252415","0.807926649357705","26.48002032",
"11/20/1979","-51.875","-4.83955001831055","219","31.861","21.5","8.1659317464","1.40649225246657","0.847236167268804","21.69135108",
"11/21/1979","-51.875","-4.83955001831055","219","27.626","21.706","21.31004304","1.07164013496165","0.921663349465904","10.95114204",
"11/22/1979","-51.875","-4.83955001831055","219","31.973","21.793","2.523420108","1.66632766120507","0.759828298500078","25.9130268",
"11/23/1979","-51.875","-4.83955001831055","219","31.813","21.595","3.896711532","1.56016958377014","0.757718490219598","22.31893566",
"11/24/1979","-51.875","-4.83955001831055","219","32.464","19.397","1.51920468","1.26755335335174","0.719902575612147","24.96465792",
"11/25/1979","-51.875","-4.83955001831055","219","34.606","18.683","0","1.64414355491887","0.614200307826241","22.4234478",
"11/26/1979","-51.875","-4.83955001831055","219","35.201","23.917","0","1.66274799032334","0.554553100843104","19.83351996",
"11/27/1979","-51.875","-4.83955001831055","219","34.086","24.027","0","1.39996289344914","0.569046891993191","21.3415272",
"11/28/1979","-51.875","-4.83955001831055","219","33.442","21.91","1.84021092","1.55143225989462","0.696408220075913","18.37164006",
"11/29/1979","-51.875","-4.83955001831055","219","30.028","21.875","11.82231936","1.250377796104","0.861945641984208","24.04158678",
"11/30/1979","-51.875","-4.83955001831055","219","31.341","21.91","8.3684976264","1.23975782754562","0.904983821152143","12.24388422",
"12/1/1979","-51.875","-4.83955001831055","219","32.644","21.47","0.48923514","0.951401043039862","0.799227617003991","15.8393808",
"12/2/1979","-51.875","-4.83955001831055","219","34.93","20.623","0.599957064","1.45112100367732","0.647956765287246","19.17612306",
"12/3/1979","-51.875","-4.83955001831055","219","36.294","21.102","0.43601976","1.16850489369926","0.715096221903346","19.04974092",
"12/4/1979","-51.875","-4.83955001831055","219","32.33","21.039","0.973320156","1.66703151607912","0.745579448494713","27.32715648",
"12/5/1979","-51.875","-4.83955001831055","219","32.798","22.778","3.601453356","1.61393851342915","0.778054317076235","27.26746722",
"12/6/1979","-51.875","-4.83955001831055","219","32.714","20.437","1.6702659","1.5331813678849","0.685127914204076","22.24237518",
"12/7/1979","-51.875","-4.83955001831055","219","35.364","21.617","3.89156346","1.51986329816576","0.657349285318117","18.79385418",
"12/8/1979","-51.875","-4.83955001831055","219","35.046","22.413","0.1235961","1.36837212074806","0.66777673980832","19.46891736",
"12/9/1979","-51.875","-4.83955001831055","219","32.934","22.727","4.5661937472","1.78359839220766","0.739370536364855","21.6172107",
"12/10/1979","-51.875","-4.83955001831055","219","35.162","21.221","14.03932392","1.32495399897957","0.833302692152757","20.29652154",
"12/11/1979","-51.875","-4.83955001831055","219","30.279","21.718","8.272365624","1.05200866935926","0.867299951523354","26.22870108",
"12/12/1979","-51.875","-4.83955001831055","219","29.831","22.518","12.54329604","1.11508025527207","0.852462563749321","9.754253568",
"12/13/1979","-51.875","-4.83955001831055","219","29.907","22.16","5.4957398616","1.43429359091126","0.790305756614388","14.11250706",
"12/14/1979","-51.875","-4.83955001831055","219","28.192","21.257","12.9063654792","0.974357008001748","0.910124346869081","24.96735558",
"12/15/1979","-51.875","-4.83955001831055","219","26.899","22.227","19.3393774728","0.968572339938404","0.954524212922721","15.32069892",
"12/16/1979","-51.875","-4.83955001831055","219","28.915","21.961","6.581494944","0.885091303077315","0.861929835020149","7.3495107",
"12/17/1979","-51.875","-4.83955001831055","219","25.399","20.662","7.49216538","0.708342657666781","0.933443228109094","11.11016412",
"12/18/1979","-51.875","-4.83955001831055","219","29.68","21.378","11.8841154768","0.760602959523002","0.937580861132288","17.28640926",
"12/19/1979","-51.875","-4.83955001831055","219","27.576","22.417","5.457974112","0.72507144800679","0.931358773672875","10.3978665",
"12/20/1979","-51.875","-4.83955001831055","219","23.633","21.873","118.4824557","0.677398777327637","0.979172829624886","3.99054366",
"12/21/1979","-51.875","-4.83955001831055","219","27.472","21.385","2.228160924","0.983625259838271","0.929373172274283","11.6611893",
"12/22/1979","-51.875","-4.83955001831055","219","23.544","20.839","9.9108701064","1.29686669583212","0.967958540689199","7.03423026",
"12/23/1979","-51.875","-4.83955001831055","219","28.859","19.917","1.62220014","0.840584332568894","0.877971581978482","12.1370589",
"12/24/1979","-51.875","-4.83955001831055","219","25.818","21.431","0.9784699848","1.44669818140181","0.863286080875295","9.32455512",
"12/25/1979","-51.875","-4.83955001831055","219","26.142","19.845","1.262569428","1.48932851831211","0.889414532936517","8.24844258",
"12/26/1979","-51.875","-4.83955001831055","219","29.03","19.437","9.870533856","1.12517442364955","0.904766942435682","22.28360616",
"12/27/1979","-51.875","-4.83955001831055","219","30.25","19.479","4.627990008","0.978108229575288","0.900290913048849","17.23528098",
"12/28/1979","-51.875","-4.83955001831055","219","26.929","20.058","12.078094968","0.810148512291132","0.952815730380978","25.1069661",
"12/29/1979","-51.875","-4.83955001831055","219","30.762","21.841","6.183241704","1.53823291148745","0.881379255377194","16.4603781",
"12/30/1979","-51.875","-4.83955001831055","219","31.31","20.614","2.880479196","1.57705331317339","0.797652467606406","20.95295112",
"12/31/1979","-51.875","-4.83955001831055","219","28.2","18.873","8.09211978","1.0422090848786","0.883538103922492","24.1645446",
"1/1/1980","-51.875","-4.83955001831055","219","26.214","21.027","9.3795732","0.919559721998779","0.949520424410449","18.48110958",
"1/2/1980","-51.875","-4.83955001831055","219","28.871","21.57","6.574636224","1.22563035743082","0.921411825289718","8.72859366",
"1/3/1980","-51.875","-4.83955001831055","219","27.652","20.464","3.12767046","1.15119942997026","0.904463988506662","11.80451304",
"1/4/1980","-51.875","-4.83955001831055","219","28.459","21.312","8.696365668","1.12304649622467","0.927723763267672","16.9427862",
"1/5/1980","-51.875","-4.83955001831055","219","30.308","21.598","7.3059083784","1.31067697924556","0.880114260700156","17.421525",
"1/6/1980","-51.875","-4.83955001831055","219","26.931","21.475","62.4813192","1.15698386473635","0.95902679719954","14.917615812",
"1/7/1980","-51.875","-4.83955001831055","219","25.635","21.867","15.08216994","1.26490791932826","0.970092656198624","18.55378044",
"1/8/1980","-51.875","-4.83955001831055","219","30.905","22.217","19.4887224","1.07659705549624","0.947483656794925","12.30654942",
"1/9/1980","-51.875","-4.83955001831055","219","23.443","21.241","49.7611899864","0.960285057087475","0.981406043562734","2.81914092",
"1/10/1980","-51.875","-4.83955001831055","219","24.454","21.457","7.906719636","0.952318728620525","0.971531741994998","6.247915632",
"1/11/1980","-51.875","-4.83955001831055","219","23.631","21.318","12.6205434","0.489174067776866","0.979408903876648","3.14223696",
"1/12/1980","-51.875","-4.83955001831055","219","22.198","20.774","28.7104033584","0.684002154124836","0.984409992407924","1.05215616",
"1/13/1980","-51.875","-4.83955001831055","219","23.955","20.895","5.956647264","0.720005246306623","0.97686786485408","7.094084688",
"1/14/1980","-51.875","-4.83955001831055","219","27.083","21.235","45.50745816","1.0741618828479","0.961329727028941","11.760412248",
"1/15/1980","-51.875","-4.83955001831055","219","26.644","21.03","43.165974204","1.10229177905072","0.944015845077513","8.94993876",
"1/16/1980","-51.875","-4.83955001831055","219","26.752","21.482","13.602451788","1.10069410567723","0.945098332565249","25.97405922",
"1/17/1980","-51.875","-4.83955001831055","219","27.078","20.418","15.3499614264","0.850999450445873","0.945155629788032","9.35302734",
"1/18/1980","-51.875","-4.83955001831055","219","27.835","21.153","10.522843164","0.821220057286253","0.94828378324454","15.92691264",
"1/19/1980","-51.875","-4.83955001831055","219","27.472","21.723","28.73268756","0.900245637796887","0.959740727293928","13.042405872",
"1/20/1980","-51.875","-4.83955001831055","219","25.801","21.981","17.681117292","1.04594714947793","0.972474032346322","18.2144898",
"1/21/1980","-51.875","-4.83955001831055","219","27.707","22.116","10.232734032","0.932081740024394","0.960544589805771","15.23340522",
"1/22/1980","-51.875","-4.83955001831055","219","26.808","21.824","27.4709664","1.25808217120588","0.950682430025021","21.718518552",
"1/23/1980","-51.875","-4.83955001831055","219","27.95","21.819","10.81123992","1.07470665157014","0.935246504898346","15.647965578",
"1/24/1980","-51.875","-4.83955001831055","219","26.308","22.157","21.73919868","1.07257937223697","0.968288849877669","22.469119992",
"1/25/1980","-51.875","-4.83955001831055","219","29.611","18.88","4.51641096","0.997180200472779","0.903645857597514","20.904411672",
"1/26/1980","-51.875","-4.83955001831055","219","29.72","18.301","5.1206607","1.10189643376513","0.860549187629931","27.643557312",
"1/27/1980","-51.875","-4.83955001831055","219","32.85","20.412","6.44416776","1.20834928649479","0.799216247118807","28.234399248",
"1/28/1980","-51.875","-4.83955001831055","219","31.048","20.953","6.07252014","1.41837381676469","0.840530427745969","26.90173368",
"1/29/1980","-51.875","-4.83955001831055","219","29.77","20.928","1.6342166304","1.4486861262928","0.859160439725148","17.76104478",
"1/30/1980","-51.875","-4.83955001831055","219","28.491","20.878","3.01609008","1.08310348119383","0.91301091099571","17.22178314",
"1/31/1980","-51.875","-4.83955001831055","219","25.12","20.894","13.176724824","1.05977852715424","0.975789808436163","12.88389132",
"2/1/1980","-51.875","-4.83955001831055","219","26.939","21.525","16.026312564","0.591988904032144","0.962040179292548","17.22814362",
"2/2/1980","-51.875","-4.83955001831055","219","26.612","22.424","18.70937604","1.0240148063228","0.964688956466059","19.12376826",
"2/3/1980","-51.875","-4.83955001831055","219","26.203","21.992","11.997411516","0.851363078611667","0.963679273491097","17.4676455",
"2/4/1980","-51.875","-4.83955001831055","219","27.037","22.438","14.62726872","1.14953561731283","0.947271018872542","20.7224982",
"2/5/1980","-51.875","-4.83955001831055","219","27.798","21.696","12.4660478664","1.38207766496846","0.911002365771242","16.46218503",
"2/6/1980","-51.875","-4.83955001831055","219","25.27","22.31","17.684559","0.83729224774283","0.97558043803215","13.27320846",
"2/7/1980","-51.875","-4.83955001831055","219","24.817","21.723","10.884189168","1.27400303232023","0.97385231453297","11.69106102",
"2/8/1980","-51.875","-4.83955001831055","219","26.586","21.531","3.6323523","1.319594772228","0.930091327497996","16.31328768",
"2/9/1980","-51.875","-4.83955001831055","219","25.878","22.157","28.8391194","1.3606942283304","0.974429207302828","20.58997284",
"2/10/1980","-51.875","-4.83955001831055","219","27.853","20.632","7.56426348","1.1699432236489","0.928353369706689","14.43892464",
"2/11/1980","-51.875","-4.83955001831055","219","26.947","20.574","2.418709932","1.0609409828871","0.918593504815948","13.70199096",
"2/12/1980","-51.875","-4.83955001831055","219","24.96","21.734","11.140824528","1.04698151312765","0.974517818465769","8.92963422",
"2/13/1980","-51.875","-4.83955001831055","219","28.181","22.096","14.46847812","1.04026692925971","0.947535092682562","15.00744564",
"2/14/1980","-51.875","-4.83955001831055","219","24.264","22.346","12.058352352","1.04142354698771","0.975958944393699","7.7708295",
"2/15/1980","-51.875","-4.83955001831055","219","23.937","21.599","7.693869312","1.1247229190577","0.974563611416574","5.23057734",
"2/16/1980","-51.875","-4.83955001831055","219","23.811","21.092","30.61580904","1.06091876426768","0.981676313312392","4.00331322",
"2/17/1980","-51.875","-4.83955001831055","219","25.747","21.067","16.31812896","1.21404434028071","0.966729121310488","14.48836596",
"2/18/1980","-51.875","-4.83955001831055","219","24.729","21.888","9.02596068","1.25091639054229","0.974335107622157","8.86888656",
"2/19/1980","-51.875","-4.83955001831055","219","25.522","21.529","8.3367390024","1.22510544176404","0.949748508505685","15.537710898",
"2/20/1980","-51.875","-4.83955001831055","219","26.217","21.506","1.8487922184","0.858563665307715","0.948104863316876","9.312695928",
"2/21/1980","-51.875","-4.83955001831055","219","28.264","20.741","3.1362531984","1.20425129111521","0.892705395383526","26.31937878",
"2/22/1980","-51.875","-4.83955001831055","219","28.234","20.567","2.77576524","1.44835694300777","0.899902836745159","20.9025639",
"2/23/1980","-51.875","-4.83955001831055","219","25.588","21.086","4.997921184","1.43471529868801","0.937425434797146","9.684560988",
"2/24/1980","-51.875","-4.83955001831055","219","23.661","21.37","10.56061008","1.24148952784472","0.965316845276091","5.30032068",
"2/25/1980","-51.875","-4.83955001831055","219","28.654","20.87","6.711963084","0.864573929121645","0.910642630024406","15.173152992",
"2/26/1980","-51.875","-4.83955001831055","219","27.358","22.1","17.002204524","0.888345916316806","0.957605417622716","26.15496075",
"2/27/1980","-51.875","-4.83955001831055","219","23.975","21.904","97.3818128664","1.13369642148733","0.977306175389519","5.39380872",
"2/28/1980","-51.875","-4.83955001831055","219","26.779","21.587","10.161495216","1.15097034624483","0.957066598492219","14.20132275",
"2/29/1980","-51.875","-4.83955001831055","219","27.397","21.526","1.047134484","1.35616431015589","0.873717226561466","15.6978603",
"3/1/1980","-51.875","-4.83955001831055","219","24.626","20.298","8.17966224","0.916953437696116","0.97338970812515","11.34461178",
"3/2/1980","-51.875","-4.83955001831055","219","22.606","20.006","6.8355548352","0.665987352463008","0.982559680510771","3.14763714",
"3/3/1980","-51.875","-4.83955001831055","219","24.356","20.252","7.6080303792","0.694048397472919","0.978839825191295","7.35547005",
"3/4/1980","-51.875","-4.83955001831055","219","26.702","21.676","19.88525016","0.54598369453186","0.967034328098627","22.471539768",
"3/5/1980","-51.875","-4.83955001831055","219","25.874","21.811","28.98587808","0.861639770085641","0.96914590329849","11.49761331",
"3/6/1980","-51.875","-4.83955001831055","219","25.021","21.116","20.04662304","1.44692160570456","0.95384409362534","11.52438705",
"3/7/1980","-51.875","-4.83955001831055","219","31.477","20.961","11.7261884664","1.30531516639614","0.863070582015741","26.51456349",
"3/8/1980","-51.875","-4.83955001831055","219","23.612","21.337","48.57497964","0.713213812276281","0.982398907915072","1.97836857",
"3/9/1980","-51.875","-4.83955001831055","219","29.139","20.843","5.3901672408","0.964325266595869","0.908545434460381","16.45334955",
"3/10/1980","-51.875","-4.83955001831055","219","30.29","21.529","10.278224604","0.996643665094295","0.914422672837353","18.709816968",
"3/11/1980","-51.875","-4.83955001831055","219","27.047","22.486","18.66130164","1.05521792133078","0.960700590499669","26.196078708",
"3/12/1980","-51.875","-4.83955001831055","219","30.531","21.838","9.5512428","1.21182394474135","0.892491547126835","27.024525",
"3/13/1980","-51.875","-4.83955001831055","219","29.061","20.926","8.4165545664","1.19342149417119","0.933371709160888","23.93229267",
"3/14/1980","-51.875","-4.83955001831055","219","30.035","21.645","12.7707434784","1.1057904050337","0.920367472979322","24.98579559",
"3/15/1980","-51.875","-4.83955001831055","219","26.51","21.658","11.5699824648","1.10454811289901","0.965112258093277","21.10685463",
"3/16/1980","-51.875","-4.83955001831055","219","30.273","21.906","9.27314496","1.4902331732475","0.856631081458289","27.46327572",
"3/17/1980","-51.875","-4.83955001831055","219","30.096","22.079","10.921099068","1.10247876662164","0.887845977886236","20.84439186",
"3/18/1980","-51.875","-4.83955001831055","219","24.658","21.696","8.93668788","0.768664573891535","0.973702666657341","6.71945049",
"3/19/1980","-51.875","-4.83955001831055","219","24.616","20.567","12.8540025648","0.867584313690802","0.966429732400065","6.573998052",
"3/20/1980","-51.875","-4.83955001831055","219","22.926","20.349","8.533296036","0.948669169502859","0.980000072184523","2.032874532",
"3/21/1980","-51.875","-4.83955001831055","219","25.633","20.991","26.693337924","0.819824912867643","0.959751956159386","7.303951872",
"3/22/1980","-51.875","-4.83955001831055","219","26.971","20.676","13.442807952","0.698430566989318","0.960446987547255","16.95285324",
"3/23/1980","-51.875","-4.83955001831055","219","26.008","22.042","8.934974352","1.29862666555736","0.964104469227355","15.34989474",
"3/24/1980","-51.875","-4.83955001831055","219","26.599","22.028","17.48715336","1.23889685462264","0.959994820286408","25.05982311",
"3/25/1980","-51.875","-4.83955001831055","219","30.031","18.888","5.549810796","0.93201989130546","0.917060222318801","18.490728672",
"3/26/1980","-51.875","-4.83955001831055","219","26.279","22.718","13.77066852","0.706227400103344","0.968735502143252","15.2485857",
"3/27/1980","-51.875","-4.83955001831055","219","26.56","23.012","16.8966329328","0.9903199736262","0.966236783129626","22.15789245",
"3/28/1980","-51.875","-4.83955001831055","219","29.91","22.453","4.2949659312","1.31251984134489","0.886782614458841","22.24186884",
"3/29/1980","-51.875","-4.83955001831055","219","30.088","20.569","6.81925068","1.35224592143397","0.890692261883939","26.87371272",
"3/30/1980","-51.875","-4.83955001831055","219","28.348","22.453","12.9140886024","1.03374006201791","0.944321597512524","20.80118934",
"3/31/1980","-51.875","-4.83955001831055","219","26.235","21.925","13.739775192","0.82833318967776","0.969402493813151","12.680496",
"4/1/1980","-51.875","-4.83955001831055","219","26.205","21.887","13.49258724","0.838169302534662","0.965059763358518","17.19478062",
"4/2/1980","-51.875","-4.83955001831055","219","29.647","21.953","11.14425648","1.28564076221852","0.912895074583959","15.04326798",
"4/3/1980","-51.875","-4.83955001831055","219","29.557","21.955","7.52906916","1.46318963351289","0.841542335137885","22.61227734",
"4/4/1980","-51.875","-4.83955001831055","219","27.35","20.97","9.21478842","0.830302866107678","0.939671048355349","20.45227806",
"4/5/1980","-51.875","-4.83955001831055","219","22.929","20.013","24.8634288","0.756881473428448","0.979767770080922","2.56325607",
"4/6/1980","-51.875","-4.83955001831055","219","27.554","19.621","9.266287572","0.898259412416094","0.942676341202256","14.52791106",
"4/7/1980","-51.875","-4.83955001831055","219","23.659","21.912","19.0715771664","0.758940834364486","0.981750362033195","2.9978433",
"4/8/1980","-51.875","-4.83955001831055","219","25.196","21.97","9.688569552","0.702130877981675","0.973717488676374","9.91063116",
"4/9/1980","-51.875","-4.83955001831055","219","27.194","21.721","10.746000864","0.701409644443579","0.959819847996336","18.36083844",
"4/10/1980","-51.875","-4.83955001831055","219","29.495","22.376","9.692003808","1.30530791498073","0.921567358923383","22.35656286",
"4/11/1980","-51.875","-4.83955001831055","219","29.003","21.761","12.25318878","1.31241795275605","0.917380378909403","24.1397433",
"4/12/1980","-51.875","-4.83955001831055","219","26.554","22.04","13.676257044","0.952143136400964","0.957247453038084","20.08980216",
"4/13/1980","-51.875","-4.83955001831055","219","25.88","21.791","6.457898484","0.664520534250488","0.970746618108032","11.9279853",
"4/14/1980","-51.875","-4.83955001831055","219","27.759","20.421","3.8932812","0.742357283251053","0.929200201195049","18.21965166",
"4/15/1980","-51.875","-4.83955001831055","219","30.224","20.306","14.83841988","1.05715720846622","0.900393521976465","22.9149522",
"4/16/1980","-51.875","-4.83955001831055","219","27.004","19.767","16.39709424","0.775691480008932","0.954941088273966","22.69867698",
"4/17/1980","-51.875","-4.83955001831055","219","30.17","21.691","7.8105933864","1.24722575348412","0.889942471749758","23.16077244",
"4/18/1980","-51.875","-4.83955001831055","219","31.112","22.409","3.898429524","1.63170154564941","0.854895469321807","25.25085342",
"4/19/1980","-51.875","-4.83955001831055","219","30.929","19.017","2.86674516","1.14828042569743","0.867275409313488","23.4007272",
"4/20/1980","-51.875","-4.83955001831055","219","29.573","20.71","4.02374448","1.1392901824447","0.854375613696137","15.45328728",
"4/21/1980","-51.875","-4.83955001831055","219","31.25","21.474","4.051207008","1.13655189932068","0.875948812553748","14.89459752",
"4/22/1980","-51.875","-4.83955001831055","219","30.656","21.523","3.8314811664","1.20503166206106","0.889384283603893","17.5948236",
"4/23/1980","-51.875","-4.83955001831055","219","29.512","22.673","6.176375964","1.10954465324051","0.931084998924186","14.66381232",
"4/24/1980","-51.875","-4.83955001831055","219","31.01","23.11","0.851440392","1.12934974482178","0.852224748256665","15.42228354",
"4/25/1980","-51.875","-4.83955001831055","219","32.164","21.745","9.259419636","1.22212656989424","0.890529891836616","20.4482241",
"4/26/1980","-51.875","-4.83955001831055","219","25.786","21.596","13.62304584","1.13361492673005","0.970227124077894","6.86452824",
"4/27/1980","-51.875","-4.83955001831055","219","28.742","21.914","7.518773412","1.24195496886325","0.915112178949643","17.5123638",
"4/28/1980","-51.875","-4.83955001831055","219","31.991","22.398","1.7784116928","1.26014624227024","0.843326506539203","15.65713206",
"4/29/1980","-51.875","-4.83955001831055","219","28.335","21.607","3.4847288784","1.1508041565329","0.920960918275962","19.18974582",
"4/30/1980","-51.875","-4.83955001831055","219","29.303","22.491","7.23209508","1.06155534052216","0.896526273008796","24.32019366",
"5/1/1980","-51.875","-4.83955001831055","219","28.079","21.887","6.4390185288","1.08823412629053","0.931726162536296","17.03688696",
"5/2/1980","-51.875","-4.83955001831055","219","31.027","21.838","2.7208326528","1.60909060834622","0.841367716480815","22.53021012",
"5/3/1980","-51.875","-4.83955001831055","219","30.236","20.537","6.574633164","1.19843381058047","0.862880309582709","22.86984222",
"5/4/1980","-51.875","-4.83955001831055","219","26.621","22.126","13.13209368","0.747501219098591","0.968926489242202","11.85727572",
"5/5/1980","-51.875","-4.83955001831055","219","30.001","20.649","3.786850116","0.873949205424261","0.910076054289585","15.2735121",
"5/6/1980","-51.875","-4.83955001831055","219","27.138","21.384","14.2873764984","0.611374517753419","0.966247876179039","17.6477103",
"5/7/1980","-51.875","-4.83955001831055","219","30.845","22.291","2.82897936","0.876869908883196","0.880235726944017","16.80558606",
"5/8/1980","-51.875","-4.83955001831055","219","29.988","19.939","4.808239812","1.04002310687185","0.869606526554958","23.78514672",
"5/9/1980","-51.875","-4.83955001831055","219","30.062","21.338","1.071166068","1.37045178654828","0.852019359559586","21.13802226",
"5/10/1980","-51.875","-4.83955001831055","219","31.443","20.743","5.36784912","1.22450351789707","0.846311644690532","24.4963701",
"5/11/1980","-51.875","-4.83955001831055","219","33.906","20.804","2.5405884","1.24612022537636","0.728354464102316","24.328683",
"5/12/1980","-51.875","-4.83955001831055","219","32.796","18.546","0.9201051","1.11197684189977","0.779688384979792","18.3769371",
"5/13/1980","-51.875","-4.83955001831055","219","33.036","21.197","2.3929581888","1.34253081602664","0.776389959662468","20.66287554",
"5/14/1980","-51.875","-4.83955001831055","219","33.066","21.794","5.1549919704","1.20796787309137","0.779165115874469","20.50802118",
"5/15/1980","-51.875","-4.83955001831055","219","32.383","22.466","4.150775088","1.20850438985532","0.789064086399602","14.90630508",
"5/16/1980","-51.875","-4.83955001831055","219","28.17","19.803","4.190260068","0.989149200904858","0.911028780053729","17.90955216",
"5/17/1980","-51.875","-4.83955001831055","219","28.689","22.98","8.2586261304","0.893057594586439","0.912130121913112","19.27772082",
"5/18/1980","-51.875","-4.83955001831055","219","30.168","22.54","3.0178092024","1.16330892558494","0.870794183903133","19.14215544",
"5/19/1980","-51.875","-4.83955001831055","219","30.558","21.165","3.3576985728","1.3296184536819","0.863162408296467","23.49017064",
"5/20/1980","-51.875","-4.83955001831055","219","32.695","21.46","0.0205993584","1.52784885091229","0.775897457539439","23.27602554",
"5/21/1980","-51.875","-4.83955001831055","219","30.741","20.914","0.260925264","1.31994374833574","0.855859668220146","8.22926466",
"5/22/1980","-51.875","-4.83955001831055","219","34.307","20.92","0.21285972","1.44965866283558","0.71514650050832","21.3962544",
"5/23/1980","-51.875","-4.83955001831055","219","34.007","22.895","0.1527786","1.39206645750332","0.689189619745738","18.51704424",
"5/24/1980","-51.875","-4.83955001831055","219","31.682","21.28","8.8628815728","1.01499762850125","0.871924887452753","22.4712585",
"5/25/1980","-51.875","-4.83955001831055","219","31.976","20.897","2.276228376","1.27836268572566","0.797034019233154","17.84390868",
"5/26/1980","-51.875","-4.83955001831055","219","30.188","21.924","6.706812672","1.36403734017689","0.868177894756552","21.04722864",
"5/27/1980","-51.875","-4.83955001831055","219","32.227","20.808","1.93634028","1.19503618154715","0.834190852770076","17.30340414",
"5/28/1980","-51.875","-4.83955001831055","219","30.086","21.296","8.46118962","1.00810791946997","0.904382147728528","14.91102702",
"5/29/1980","-51.875","-4.83955001831055","219","32.504","21.623","0.4566194208","0.670904969093578","0.815873567264567","13.58229816",
"5/30/1980","-51.875","-4.83955001831055","219","32.963","20.737","5.0331096","0.92376750336578","0.829039952019037","21.8926107",
"5/31/1980","-51.875","-4.83955001831055","219","33.485","21.005","1.19819628","1.12031759706815","0.732219245824736","23.47667262",
"6/1/1980","-51.875","-4.83955001831055","219","32.947","20.698","0.6042477528","1.32322848817166","0.757710772980383","16.97753988",
"6/2/1980","-51.875","-4.83955001831055","219","31.586","21.813","3.01437504","1.47192317866985","0.822020907933138","16.03361412",
"6/3/1980","-51.875","-4.83955001831055","219","32.237","22.016","0.252342432","1.0897677724069","0.747925463518441","12.20866704",
"6/4/1980","-51.875","-4.83955001831055","219","31.323","19.855","2.17065816","1.32873600205965","0.733992128630053","22.5393723",
"6/5/1980","-51.875","-4.83955001831055","219","33.072","19.195","5.161858992","1.29927760859662","0.805333937171687","11.16944478",
"6/6/1980","-51.875","-4.83955001831055","219","32.978","21.187","7.9393357656","1.4104084137332","0.732871093210775","19.14862392",
"6/7/1980","-51.875","-4.83955001831055","219","32.433","18.988","1.08833436","1.41092884318426","0.678922838486677","22.31645814",
"6/8/1980","-51.875","-4.83955001831055","219","30.434","19.385","1.179313704","1.05495718574925","0.847343665415247","14.74571196",
"6/9/1980","-51.875","-4.83955001831055","219","31.816","21.23","0.051498396","1.21239074311455","0.724815052020756","13.567275",
"6/10/1980","-51.875","-4.83955001831055","219","31.599","18.109","0.83599092","1.67958665897941","0.724049852943287","21.90982842",
"6/11/1980","-51.875","-4.83955001831055","219","28.536","21.331","2.6041048344","1.0911468304146","0.863612690926555","13.42091358",
"6/12/1980","-51.875","-4.83955001831055","219","30.396","21.225","0.798225588","1.57937089240344","0.789243641843201","19.71174492",
"6/13/1980","-51.875","-4.83955001831055","219","32.217","18.531","0","1.36950738063468","0.731276230656511","15.52561848",
"6/14/1980","-51.875","-4.83955001831055","219","32.666","22.061","0.0137329056","1.43184156562956","0.684278724526105","16.57193328",
"6/15/1980","-51.875","-4.83955001831055","219","32.503","20.349","0","0.982242600682662","0.728393499989105","11.11072356",
"6/16/1980","-51.875","-4.83955001831055","219","32.965","22.603","0","0.854714932973132","0.657756488401425","17.46443916",
"6/17/1980","-51.875","-4.83955001831055","219","32.065","18.399","0","1.08094359136472","0.656063287371736","13.27044222",
"6/18/1980","-51.875","-4.83955001831055","219","30.428","19.894","0.37765512","1.19960155291484","0.668358095244295","17.92833642",
"6/19/1980","-51.875","-4.83955001831055","219","30.837","21.535","0","1.56019277572581","0.604852721605862","17.71964748",
"6/20/1980","-51.875","-4.83955001831055","219","31.944","21.926","0","1.19138872332869","0.635659509886725","8.01174492",
"6/21/1980","-51.875","-4.83955001831055","219","32.449","18.379","1.002502152","0.9639660531447","0.70240750873242","19.07325252",
"6/22/1980","-51.875","-4.83955001831055","219","29.509","20.249","3.87782964","0.966257335363596","0.891421859036987","11.78729928",
"6/23/1980","-51.875","-4.83955001831055","219","30.667","19.611","6.701660568","1.1594176925057","0.903411248834673","15.10650324",
"6/24/1980","-51.875","-4.83955001831055","219","27.715","20.555","5.5807128864","1.32245791913707","0.925847060207113","15.404342508",
"6/25/1980","-51.875","-4.83955001831055","219","29.789","17.703","1.5724183104","1.16241911319335","0.877780634523535","10.52297028",
"6/26/1980","-51.875","-4.83955001831055","219","32.796","19.893","0","1.32514076711425","0.740709197542838","18.79767936",
"6/27/1980","-51.875","-4.83955001831055","219","31.416","20.023","0.617980932","1.25973597296629","0.67825789558139","22.79644614",
"6/28/1980","-51.875","-4.83955001831055","219","33.405","18.99","0","1.34088317879078","0.655783594788573","17.31009636",
"6/29/1980","-51.875","-4.83955001831055","219","32.232","18.932","0.030899052","1.11607920283722","0.709493010125873","16.51662756",
"6/30/1980","-51.875","-4.83955001831055","219","33.272","20.292","0.7261281","1.27654741060031","0.653178482730938","22.6186308",
"7/1/1980","-51.875","-4.83955001831055","219","29.876","18.471","0","0.839739771344512","0.759938355565628","9.86281974",
"7/2/1980","-51.875","-4.83955001831055","219","31.981","19.257","0","1.00401458212788","0.717383952622607","18.2529558",
"7/3/1980","-51.875","-4.83955001831055","219","30.605","16.534","2.647877112","1.26140797672381","0.7979385728649","22.1216652",
"7/4/1980","-51.875","-4.83955001831055","219","30.588","21.131","0.5012511768","1.62328452246253","0.767400539310606","21.11399838",
"7/5/1980","-51.875","-4.83955001831055","219","30.528","19.008","0.041198724","1.08594184705716","0.802323745900342","11.74821372",
"7/6/1980","-51.875","-4.83955001831055","219","30.449","18.712","0.8213997024","0.83743163764528","0.857710325158928","10.86441318",
"7/7/1980","-51.875","-4.83955001831055","219","33.227","18.811","2.489949","0.910362969523319","0.763824142653252","21.34699218",
"7/8/1980","-51.875","-4.83955001831055","219","31.272","20.641","5.374716444","1.13122082147724","0.814954211296907","13.10051214",
"7/9/1980","-51.875","-4.83955001831055","219","32.34","19.172","0","1.28293092227793","0.6692172994945","22.10068332",
"7/10/1980","-51.875","-4.83955001831055","219","33.141","19.376","0","1.41935237652723","0.577977416327776","23.74363332",
"7/11/1980","-51.875","-4.83955001831055","219","32.896","17.483","0","1.14448471484091","0.669312810053506","21.03569442",
"7/12/1980","-51.875","-4.83955001831055","219","29.131","15.272","0.9922028184","1.13827177919021","0.847532817734806","13.77652248",
"7/13/1980","-51.875","-4.83955001831055","219","29.84","15.295","2.30455476","1.35569554483206","0.798153671131052","23.43212154",
"7/14/1980","-51.875","-4.83955001831055","219","34.105","16.99","0","0.865679728612098","0.788476418970181","14.00534748",
"7/15/1980","-51.875","-4.83955001831055","219","31.504","17.009","0.57506562","1.00585748844999","0.750699432839618","21.73308804",
"7/16/1980","-51.875","-4.83955001831055","219","30.732","20.808","3.2615670384","1.12397659595783","0.758578945275127","21.96630288",
"7/17/1980","-51.875","-4.83955001831055","219","30.755","20.173","3.0778886016","0.853712276556268","0.842903192103975","12.56956776",
"7/18/1980","-51.875","-4.83955001831055","219","34.227","19.999","0.032615676","1.1874843811644","0.669749490560386","20.20809276",
"7/19/1980","-51.875","-4.83955001831055","219","33.472","18.626","0","1.409352496121","0.641852567091601","20.51330724",
"7/20/1980","-51.875","-4.83955001831055","219","33.966","14.638","0","1.00619821561272","0.674088099208895","19.58316084",
"7/21/1980","-51.875","-4.83955001831055","219","33.911","18.372","0","1.02429804821094","0.610246295722076","22.83063624",
"7/22/1980","-51.875","-4.83955001831055","219","32.792","22.086","0","1.09911723733743","0.647507962970892","15.03253548",
"7/23/1980","-51.875","-4.83955001831055","219","34.861","19.203","0","1.13682749090051","0.615230850547298","19.4272848",
"7/24/1980","-51.875","-4.83955001831055","219","34.327","21.506","0.20084364","1.79464940145805","0.609388872582498","17.43867828",
"7/25/1980","-51.875","-4.83955001831055","219","28.638","20.597","0.74501028","1.97748255539539","0.738637224643125","14.62741956",
"7/26/1980","-51.875","-4.83955001831055","219","29.127","20.677","4.2537708","1.21948264392278","0.828767033561372","22.82664204",
"7/27/1980","-51.875","-4.83955001831055","219","32.497","18.009","0.0566483328","1.11757243630638","0.722581699430468","20.34826344",
"7/28/1980","-51.875","-4.83955001831055","219","34.175","16.693","0","1.43439294232898","0.604077630216543","24.23974878",
"7/29/1980","-51.875","-4.83955001831055","219","33.168","19.965","0","1.31349064597181","0.693588756775704","16.83005634",
"7/30/1980","-51.875","-4.83955001831055","219","30.791","18.338","0.4188538296","1.37128770605706","0.832225861502252","14.94967662",
"7/31/1980","-51.875","-4.83955001831055","219","33.891","18.783","0","1.05131971055914","0.689558529352809","17.63673336",
"8/1/1980","-51.875","-4.83955001831055","219","35.4","16.297","0","1.29698611219269","0.601758245793088","21.10005018",
"8/2/1980","-51.875","-4.83955001831055","219","34.141","21.653","0.398255004","1.3738785427882","0.542243422508854","24.75377064",
"8/3/1980","-51.875","-4.83955001831055","219","32.94","18.016","0","1.25507006305305","0.591532484039712","25.1525286",
"8/4/1980","-51.875","-4.83955001831055","219","34.389","14.717","0","1.24618534931404","0.599053916333952","25.11573804",
"8/5/1980","-51.875","-4.83955001831055","219","35.084","19.344","0","1.57938889478369","0.479550364632491","22.5137763",
"8/6/1980","-51.875","-4.83955001831055","219","33.724","20.884","0","1.22053684858376","0.572419558833093","15.75461556",
"8/7/1980","-51.875","-4.83955001831055","219","35.165","21.649","0","1.37432326837976","0.503319761471118","25.49334366",
"8/8/1980","-51.875","-4.83955001831055","219","35.661","20.353","0","1.36141029219055","0.458498940699994","22.15242216",
"8/9/1980","-51.875","-4.83955001831055","219","34.265","19.371","0.02059938","1.48888351142991","0.598865799693206","19.22090562",
"8/10/1980","-51.875","-4.83955001831055","219","32.962","20.819","0","1.51719588807084","0.661391843215719","15.35833224",
"8/11/1980","-51.875","-4.83955001831055","219","35.369","20.263","0","1.31172722665829","0.579034134495975","17.74456398",
"8/12/1980","-51.875","-4.83955001831055","219","35.851","21.31","0","1.37138217281787","0.406327630247575","20.77216506",
"8/13/1980","-51.875","-4.83955001831055","219","33.563","14.828","0","1.17418300788877","0.584376340843694","19.65700854",
"8/14/1980","-51.875","-4.83955001831055","219","36.091","18.631","0","1.26181101128324","0.521617128995162","19.80112212",
"8/15/1980","-51.875","-4.83955001831055","219","35.61","20.928","0.460052532","1.44279586618915","0.567236189793214","18.03166632",
"8/16/1980","-51.875","-4.83955001831055","219","35.555","22.048","0","1.99812247109131","0.485206552404745","26.24084802",
"8/17/1980","-51.875","-4.83955001831055","219","35.228","20.076","0","1.49548998598474","0.560844347982858","19.31136138",
"8/18/1980","-51.875","-4.83955001831055","219","37.242","18.359","0.1716612624","1.072618754783","0.532935005656416","21.4224759",
"8/19/1980","-51.875","-4.83955001831055","219","35.469","21.596","0.97846992","1.70808724970145","0.602583273700658","17.78051304",
"8/20/1980","-51.875","-4.83955001831055","219","34.306","20.363","0.741577176","1.51861642695107","0.664766316219366","16.30152657",
"8/21/1980","-51.875","-4.83955001831055","219","32.659","20.61","2.495958624","2.01801765893239","0.721222755180209","20.6559558",
"8/22/1980","-51.875","-4.83955001831055","219","33.183","18.61","0","1.59951803797408","0.630172824806426","18.35088552",
"8/23/1980","-51.875","-4.83955001831055","219","35.124","17.319","0","1.46021039306209","0.554313472083863","26.7281424",
"8/24/1980","-51.875","-4.83955001831055","219","34.107","20.403","0","1.43198425487302","0.528575681767397","19.78290468",
"8/25/1980","-51.875","-4.83955001831055","219","35.289","21.107","0","2.00752374083906","0.591337587175669","19.9238598",
"8/26/1980","-51.875","-4.83955001831055","219","35.116","20.146","3.54309192","1.14081665100264","0.666992084100051","20.92584708",
"8/27/1980","-51.875","-4.83955001831055","219","35.653","18.079","0","1.30410553660155","0.585351721799524","18.2674098",
"8/28/1980","-51.875","-4.83955001831055","219","35.93","22.057","0","2.16661182133858","0.579410781660964","19.50626016",
"8/29/1980","-51.875","-4.83955001831055","219","34.117","20.746","8.49380832","1.48389878187005","0.699222282860433","16.63221672",
"8/30/1980","-51.875","-4.83955001831055","219","33.461","20.276","0","1.3555295291159","0.607908025696904","18.265217328",
"8/31/1980","-51.875","-4.83955001831055","219","33.579","18.711","0","1.15567156449897","0.645697174362781","17.33270544",
"9/1/1980","-51.875","-4.83955001831055","219","35.535","21.171","0","1.36799954416926","0.547803956800189","17.80576848",
"9/2/1980","-51.875","-4.83955001831055","219","36.876","21.342","0","1.49670707541703","0.51684877368936","25.525747512",
"9/3/1980","-51.875","-4.83955001831055","219","37.359","22.561","0","1.38672337468985","0.494492880597929","19.0542375",
"9/4/1980","-51.875","-4.83955001831055","219","36.41","22.968","0","1.74685300218991","0.544833027952647","18.4601277",
"9/5/1980","-51.875","-4.83955001831055","219","35.588","23.673","0","1.98635270806387","0.618651338443583","15.31411542",
"9/6/1980","-51.875","-4.83955001831055","219","34.19","21.905","0.52871868","1.63130345393933","0.596992199757475","12.67447392",
"9/7/1980","-51.875","-4.83955001831055","219","36.337","20.934","1.1295324","2.14508568479566","0.564894683268357","26.09381034",
"9/8/1980","-51.875","-4.83955001831055","219","33.878","22.044","0","2.28381234601325","0.505264877582857","19.5451875",
"9/9/1980","-51.875","-4.83955001831055","219","34.764","22.873","0","1.75890888570988","0.540819727388316","21.27048876",
"9/10/1980","-51.875","-4.83955001831055","219","35.364","20.12","0.23002632","1.44885357976749","0.590514694743106","18.315673128",
"9/11/1980","-51.875","-4.83955001831055","219","36.917","20.064","0","1.52332109038385","0.555740431369681","21.85779312",
"9/12/1980","-51.875","-4.83955001831055","219","37.011","17.903","0","1.73184664618976","0.48656321344896","21.518606952",
"9/13/1980","-51.875","-4.83955001831055","219","34.983","21.917","0","1.54962615618059","0.493204599886205","18.711895752",
"9/14/1980","-51.875","-4.83955001831055","219","35.842","21.611","0","1.65724053299102","0.492624754976681","21.35547936",
"9/15/1980","-51.875","-4.83955001831055","219","38.088","23.657","0","1.86788786601089","0.392761111354238","28.05963606",
"9/16/1980","-51.875","-4.83955001831055","219","38.909","24.454","0.0068664528","1.4155531675147","0.392514392880472","25.52034114",
"9/17/1980","-51.875","-4.83955001831055","219","35.434","23.285","0","1.690837623059","0.487899333742727","19.074996072",
"9/18/1980","-51.875","-4.83955001831055","219","36.843","19.487","0","1.72941307248485","0.503699845465093","27.25323912",
"9/19/1980","-51.875","-4.83955001831055","219","34.333","22.628","0.0102996792","1.56706329402002","0.513587344413276","14.970149352",
"9/20/1980","-51.875","-4.83955001831055","219","36.963","21.311","0","2.0521400010128","0.534807210498222","21.16271196",
"9/21/1980","-51.875","-4.83955001831055","219","36.463","20.034","0","1.74917941991883","0.482524259558806","23.68895364",
"9/22/1980","-51.875","-4.83955001831055","219","35.81","24.451","0","2.07751566029427","0.470096763732503","22.371013008",
"9/23/1980","-51.875","-4.83955001831055","219","37.374","24.872","0","1.62066429606523","0.483659301678674","20.51702496",
"9/24/1980","-51.875","-4.83955001831055","219","34.522","22.353","0.872039844","1.58526377143542","0.561506395614087","20.034501768",
"9/25/1980","-51.875","-4.83955001831055","219","34.48","22.822","0.2643589944","1.6676772504498","0.577994132824643","18.882675468",
"9/26/1980","-51.875","-4.83955001831055","219","33.139","22.988","2.595519","1.34370668192158","0.620313114353262","16.49885454",
"9/27/1980","-51.875","-4.83955001831055","219","23.033","19.953","29.89481184","1.16825969256291","0.966469845811901","1.704712086",
"9/28/1980","-51.875","-4.83955001831055","219","33.954","19.681","12.479779332","1.47832747965402","0.746428338621347","24.73925616",
"9/29/1980","-51.875","-4.83955001831055","219","30.171","22.29","75.9121002","0.980519156727201","0.857960605678412","26.89830666",
"9/30/1980","-51.875","-4.83955001831055","219","34.027","21.5","1.2565610784","1.54949377617552","0.739381277994966","15.848217288",
"10/1/1980","-51.875","-4.83955001831055","219","34.452","20.662","0.0034332264","1.46811798698777","0.716822893166856","18.22263786",
"10/2/1980","-51.875","-4.83955001831055","219","29.461","22.384","10.176084972","1.35137730738059","0.865095066382156","24.46830126",
"10/3/1980","-51.875","-4.83955001831055","219","33.194","21.551","0.9510040584","1.23876394322486","0.759424714570471","6.58012086",
"10/4/1980","-51.875","-4.83955001831055","219","34.24","20.971","3.400613964","1.26218861928943","0.729749093207175","14.37451848",
"10/5/1980","-51.875","-4.83955001831055","219","33.114","21.743","1.308059604","1.35946124269739","0.707903242606645","18.84628674",
"10/6/1980","-51.875","-4.83955001831055","219","33.523","19.334","2.169805212","1.75446508346048","0.777801031997739","21.54228948",
"10/7/1980","-51.875","-4.83955001831055","219","32.964","19.934","0","1.80947791681549","0.647409683095859","20.42144964",
"10/8/1980","-51.875","-4.83955001831055","219","34.788","21.652","0","1.72693521430088","0.570309257793306","21.21175872",
"10/9/1980","-51.875","-4.83955001831055","219","32.103","20.681","2.207565144","1.73989024761346","0.71938140036545","25.114221",
"10/10/1980","-51.875","-4.83955001831055","219","34.724","22.228","0.2231595792","1.91181577474875","0.67403270168609","17.48700108",
"10/11/1980","-51.875","-4.83955001831055","219","35.443","20.493","0.078964236","1.84081007592412","0.625298633534144","24.75546336",
"10/12/1980","-51.875","-4.83955001831055","219","35.386","24.096","0","1.81744286992617","0.562489667887747","19.31450508",
"10/13/1980","-51.875","-4.83955001831055","219","35.75","20.398","0","1.32562605231546","0.556931019945879","22.73854824",
"10/14/1980","-51.875","-4.83955001831055","219","37.816","21.514","1.349258292","1.13901450032936","0.594331549057786","21.45318678",
"10/15/1980","-51.875","-4.83955001831055","219","34.568","21.219","0.0377655048","1.30428384292173","0.618670747745222","19.380714768",
"10/16/1980","-51.875","-4.83955001831055","219","34.676","19.113","0","1.19289238297804","0.643071639344431","15.66106488",
"10/17/1980","-51.875","-4.83955001831055","219","30.94","22.295","11.0052150264","1.57436313913072","0.841108364367778","16.5714237",
"10/18/1980","-51.875","-4.83955001831055","219","30.41","21.898","2.2624973424","1.34904120854636","0.799024101156426","18.208516968",
"10/19/1980","-51.875","-4.83955001831055","219","33.475","19.435","0.5218505352","1.43585468444488","0.704456536806071","17.546401368",
"10/20/1980","-51.875","-4.83955001831055","219","35.629","17.251","0","1.65925938942225","0.572310798573224","26.91286812",
"10/21/1980","-51.875","-4.83955001831055","219","36.75","20.91","0.15449544","1.52087796295293","0.555226188067562","22.00426992",
"10/22/1980","-51.875","-4.83955001831055","219","37.294","22.059","6.76346184","1.07741049039422","0.617709294249052","19.48184982",
"10/23/1980","-51.875","-4.83955001831055","219","37.134","23.134","0.082397484","1.65009815070827","0.474513234582494","27.98432028",
"10/24/1980","-51.875","-4.83955001831055","219","36.817","20.831","0.920104956","1.15237471336451","0.609730268252419","19.6212924",
"10/25/1980","-51.875","-4.83955001831055","219","35.976","20.799","0.0343322928","1.86482722222665","0.541216917745459","18.9928692",
"10/26/1980","-51.875","-4.83955001831055","219","34.396","22.027","0.044631972","1.94166328640646","0.62358313464906","17.7010362",
"10/27/1980","-51.875","-4.83955001831055","219","32.145","20.148","0","1.02702977190619","0.609625829848278","8.08683228",
"10/28/1980","-51.875","-4.83955001831055","219","35.607","25.36","0","1.93514279725726","0.462621443729843","21.93265548",
"10/29/1980","-51.875","-4.83955001831055","219","37.917","22.083","0.00686646","1.5586234339087","0.461455132471793","23.12201268",
"10/30/1980","-51.875","-4.83955001831055","219","37.528","24.426","0","1.54555029934778","0.419215391229333","22.28394744",
"10/31/1980","-51.875","-4.83955001831055","219","38.721","23.397","0.8600247648","1.71090625405228","0.546326367514867","19.9554165",
"11/1/1980","-51.875","-4.83955001831055","219","34.32","22.346","14.77832508","1.48203859286188","0.704312914825834","21.42714096",
"11/2/1980","-51.875","-4.83955001831055","219","36.687","23.938","0","1.46907082753871","0.526141497964085","19.971396432",
"11/3/1980","-51.875","-4.83955001831055","219","35.218","20.19","0","1.33017591566756","0.520380328512101","18.66251628",
"11/4/1980","-51.875","-4.83955001831055","219","34.117","23.291","0","1.65509230727142","0.532367070139038","13.11963192",
"11/5/1980","-51.875","-4.83955001831055","219","37.452","20.376","0","1.61059758718849","0.576709050949045","19.98663912",
"11/6/1980","-51.875","-4.83955001831055","219","38.13","25.216","0","2.01933786059581","0.420060615088377","20.90485872",
"11/7/1980","-51.875","-4.83955001831055","219","36.957","23.098","0.2334595464","1.80931954647763","0.444376869109241","24.74437896",
"11/8/1980","-51.875","-4.83955001831055","219","34.423","22.036","1.759531032","1.72845942656349","0.609915141622003","17.39261628",
"11/9/1980","-51.875","-4.83955001831055","219","34.41","23.498","0.9046553472","1.77183083455841","0.580318961011993","6.52156578",
"11/10/1980","-51.875","-4.83955001831055","219","34.427","21.271","2.36721132","1.32259991254352","0.684873511648525","18.39335112",
"11/11/1980","-51.875","-4.83955001831055","219","27.696","21.349","20.71179972","1.43919589561792","0.926966187667068","17.56338858",
"11/12/1980","-51.875","-4.83955001831055","219","30.483","20.644","2.604104748","1.06397798717707","0.831303356593361","17.8588656",
"11/13/1980","-51.875","-4.83955001831055","219","32.928","22.389","8.2594872","1.39730768786414","0.776834735524333","26.31537792",
"11/14/1980","-51.875","-4.83955001831055","219","30.05","22.759","13.79385","1.23878541147541","0.860824011303543","26.49459492",
"11/15/1980","-51.875","-4.83955001831055","219","25.295","22.162","24.40167264","1.17091824130579","0.959768496611675","10.79370612",
"11/16/1980","-51.875","-4.83955001831055","219","24.691","22.124","17.006492232","0.627812819187385","0.968627915241757","6.9909705",
"11/17/1980","-51.875","-4.83955001831055","219","29.834","21.923","6.10771356","0.783842297547323","0.903015218270523","16.39884168",
"11/18/1980","-51.875","-4.83955001831055","219","27.53","21.926","15.22808028","1.03315002520913","0.94062584082657","15.281776188",
"11/19/1980","-51.875","-4.83955001831055","219","31.044","22.36","3.774833244","1.514977272005","0.851854575093107","22.91068278",
"11/20/1980","-51.875","-4.83955001831055","219","30.885","22.444","16.2537611544","1.51371742840038","0.870977279019117","19.3221",
"11/21/1980","-51.875","-4.83955001831055","219","34.374","20.47","0","1.20548441447468","0.654627567351068","22.81825656",
"11/22/1980","-51.875","-4.83955001831055","219","36.98","21.898","0","1.33103526089909","0.497084461966673","26.05325616",
"11/23/1980","-51.875","-4.83955001831055","219","35.472","22.262","1.1484132264","1.59479109576768","0.603369185199466","20.09806596",
"11/24/1980","-51.875","-4.83955001831055","219","30.581","22.241","85.806659412","1.12182283873722","0.859935116474986","18.37799964",
"11/25/1980","-51.875","-4.83955001831055","219","26.692","21.733","11.0103603768","1.16569810421854","0.936058761007251","15.38983782",
"11/26/1980","-51.875","-4.83955001831055","219","34.037","22.22","0.7673263992","1.34132822772071","0.730218800501364","18.3938616",
"11/27/1980","-51.875","-4.83955001831055","219","33.704","22.795","0.0446319432","1.71297940420003","0.601084206643677","20.66647374",
"11/28/1980","-51.875","-4.83955001831055","219","29.102","23.029","0.130462632","1.61936540763795","0.666167031639998","6.18372882",
"11/29/1980","-51.875","-4.83955001831055","219","33.628","22.316","7.90500366","1.50439467396061","0.823110717750337","23.43752712",
"11/30/1980","-51.875","-4.83955001831055","219","30.745","21.93","6.8956371","1.55292648600462","0.844645324074595","25.15904496",
"12/1/1980","-51.875","-4.83955001831055","219","34.033","22.327","2.6092512","1.58803480982223","0.712351774464796","24.3635067",
"12/2/1980","-51.875","-4.83955001831055","219","35.987","22.02","0","1.46708459003957","0.539590359308452","28.217464632",
"12/3/1980","-51.875","-4.83955001831055","219","35.047","23.346","0","1.18338102415109","0.54160179458566","24.9195321",
"12/4/1980","-51.875","-4.83955001831055","219","29.27","22.208","7.4947396032","1.15009895505908","0.82848239227002","22.5903924",
"12/5/1980","-51.875","-4.83955001831055","219","31.673","19.739","0.09956358","1.19973592810246","0.745962208992734","13.7667888",
"12/6/1980","-51.875","-4.83955001831055","219","35.366","20.889","0.61798104","1.77532863411917","0.593806776649107","28.00934532",
"12/7/1980","-51.875","-4.83955001831055","219","34.016","20.902","0","1.55630517949146","0.565206225820159","22.07070072",
"12/8/1980","-51.875","-4.83955001831055","219","35.018","23.238","0.981901188","1.40291707030617","0.548085317351948","18.55406556",
"12/9/1980","-51.875","-4.83955001831055","219","34.203","21.127","2.2624974","1.51047951279213","0.739552714396841","18.92666178",
"12/10/1980","-51.875","-4.83955001831055","219","32.85","21.32","3.36456324","1.44187386110187","0.726770297951309","20.01735",
"12/11/1980","-51.875","-4.83955001831055","219","31.429","22.058","1.230812352","1.64346530063632","0.654715198779319","19.7502687",
"12/12/1980","-51.875","-4.83955001831055","219","30.413","21.617","3.52764162","1.43965614491197","0.743480245439381","21.66221178",
"12/13/1980","-51.875","-4.83955001831055","219","30.797","21.748","8.179669512","1.30866585161184","0.82777382054544","22.4435223",
"12/14/1980","-51.875","-4.83955001831055","219","34.545","21.675","3.90015072","1.15541047659477","0.700392122683712","12.84924744",
"12/15/1980","-51.875","-4.83955001831055","219","32.504","21.846","0.130462632","1.64337041844772","0.604268366303377","26.78524092",
"12/16/1980","-51.875","-4.83955001831055","219","32.994","21.129","0","1.69393865430958","0.605729159169989","18.41175414",
"12/17/1980","-51.875","-4.83955001831055","219","30.592","21.227","4.936981212","1.23060888078573","0.728996685859125","20.8763919",
"12/18/1980","-51.875","-4.83955001831055","219","30.928","21.422","4.143903264","1.76793625791242","0.790686716174645","22.58172972",
"12/19/1980","-51.875","-4.83955001831055","219","23.347","20.841","12.795639588","1.43505002866719","0.950177689731547","2.82279366",
"12/20/1980","-51.875","-4.83955001831055","219","27.154","19.737","0.62484714","0.889820415379536","0.847154005125383","11.18305872",
"12/21/1980","-51.875","-4.83955001831055","219","24.728","20.579","4.91638158","0.789002539101236","0.95356689441441","8.55033858",
"12/22/1980","-51.875","-4.83955001831055","219","29.434","21.092","2.465057808","1.04972462967317","0.872589869148838","17.59246848",
"12/23/1980","-51.875","-4.83955001831055","219","28.874","21.235","5.209921512","0.661626474177611","0.921211790773992","9.83323152",
"12/24/1980","-51.875","-4.83955001831055","219","25.055","20.624","9.987261444","0.955581865533811","0.966087780443898","10.07454726",
"12/25/1980","-51.875","-4.83955001831055","219","23.89","20.513","25.86936672","0.91609469521654","0.973921437467132","6.379651188",
"12/26/1980","-51.875","-4.83955001831055","219","30.186","20.293","6.052777596","0.933555430713799","0.893500058578371","17.665029",
"12/27/1980","-51.875","-4.83955001831055","219","27.46","21.667","15.10963146","0.953926639584933","0.948507975975206","19.3478661",
"12/28/1980","-51.875","-4.83955001831055","219","30.357","22.287","5.664823956","1.38825282883636","0.892943743018584","18.07790094",
"12/29/1980","-51.875","-4.83955001831055","219","30.094","19.23","6.90422454","1.06577816091785","0.896752049534949","26.02181322",
"12/30/1980","-51.875","-4.83955001831055","219","25.727","22.042","18.632130732","1.03586461633662","0.962261173639534","10.16083008",
"12/31/1980","-51.875","-4.83955001831055","219","23.377","21.259","11.006929296","0.833213930706641","0.975068946088879","2.93793786",
"1/1/1981","-51.875","-4.83955001831055","219","25.262","20.098","0.0137329128","1.41281694006578","0.890654762244125","6.79342662",
"1/2/1981","-51.875","-4.83955001831055","219","32.579","19.491","0.4978177704","1.25478973432505","0.752726363213338","19.64773044",
"1/3/1981","-51.875","-4.83955001831055","219","28.923","22.013","8.74272456","0.999409843252498","0.884155930394005","14.01407478",
"1/4/1981","-51.875","-4.83955001831055","219","25.2","22.278","37.1440908","1.12396669004709","0.97646355967803","7.74449568",
"1/5/1981","-51.875","-4.83955001831055","219","27.969","21.659","18.54286848","1.40852319124385","0.923570941644032","17.99076978",
"1/6/1981","-51.875","-4.83955001831055","219","30.581","20.76","4.6932238656","1.24886007296909","0.865620723666875","24.42555306",
"1/7/1981","-51.875","-4.83955001831055","219","28.892","20.761","8.4903696792","1.51740959014759","0.90881237875482","25.78409892",
"1/8/1981","-51.875","-4.83955001831055","219","26.255","21.528","16.1739426528","0.865925044109886","0.967781118879918","18.3902643",
"1/9/1981","-51.875","-4.83955001831055","219","26.162","21.572","20.66974668","0.875447153508101","0.968490730940008","20.5119009",
"1/10/1981","-51.875","-4.83955001831055","219","31.509","21.962","3.4984593","1.21879027954769","0.81567861472791","17.3053719",
"1/11/1981","-51.875","-4.83955001831055","219","30.518","21.357","3.4606912824","1.73899080673939","0.813749913368732","20.82357162",
"1/12/1981","-51.875","-4.83955001831055","219","31.133","22.116","100.91110212","1.11965228860024","0.906234311307289","13.30953705",
"1/13/1981","-51.875","-4.83955001831055","219","29.008","21.802","7.680128472","1.26924145795053","0.915137486714638","18.610487262",
"1/14/1981","-51.875","-4.83955001831055","219","28.086","21.884","13.702012452","1.07810510329186","0.950586070571959","19.33475364",
"1/15/1981","-51.875","-4.83955001831055","219","28.899","22.552","11.95450056","1.02657146875973","0.928548156824036","16.37178318",
"1/16/1981","-51.875","-4.83955001831055","219","23.451","21.719","108.10888452","0.762277587584746","0.981630468876712","2.6833491",
"1/17/1981","-51.875","-4.83955001831055","219","25.806","21.365","12.15362772","0.662358695348141","0.970429631426875","7.83545472",
"1/18/1981","-51.875","-4.83955001831055","219","26.272","21.664","20.2182786","1.05285073940104","0.94930797467897","11.4071661",
"1/19/1981","-51.875","-4.83955001831055","219","24.701","21.81","19.89212724","0.84922551433587","0.976901181193435","13.43756142",
"1/20/1981","-51.875","-4.83955001831055","219","26.656","21.326","135.0322956","0.861242928141975","0.940694659913584","8.5148451",
"1/21/1981","-51.875","-4.83955001831055","219","25.005","20.48","11.64035664","0.84104969597944","0.967583601118359","15.6392505",
"1/22/1981","-51.875","-4.83955001831055","219","24.686","21.663","20.798489232","1.07066032359126","0.975618188583731","11.66394312",
"1/23/1981","-51.875","-4.83955001831055","219","24.388","21.316","34.52109696","0.738867712157226","0.978361958042933","8.8820397",
"1/24/1981","-51.875","-4.83955001831055","219","23.724","20.552","72.2934765","1.02317386256886","0.978050721838124","4.90111326",
"1/25/1981","-51.875","-4.83955001831055","219","26.737","20.033","7.4878641","0.822154727108762","0.957461086309694","17.83361214",
"1/26/1981","-51.875","-4.83955001831055","219","28.705","21.02","7.7041666584","0.763639324662694","0.956031762805914","18.78749586",
"1/27/1981","-51.875","-4.83955001831055","219","26.97","21.209","3.148267932","0.912392320333533","0.943168073755127","14.0247018",
"1/28/1981","-51.875","-4.83955001831055","219","25.789","20.81","6.0596461512","0.84627220419454","0.952975179343395","14.23997226",
"1/29/1981","-51.875","-4.83955001831055","219","28.034","21.641","24.4445832","1.05612858602656","0.948998030965532","18.17697006",
"1/30/1981","-51.875","-4.83955001831055","219","29.769","21.532","8.5212686304","1.07090116172139","0.887214681698731","22.6429317",
"1/31/1981","-51.875","-4.83955001831055","219","23.501","20.269","23.54507388","1.10184867854667","0.981568611443517","4.23269766",
"2/1/1981","-51.875","-4.83955001831055","219","28.867","20.481","4.452896664","1.03314297459236","0.917195149352646","13.62847626",
"2/2/1981","-51.875","-4.83955001831055","219","26.42","21.505","17.8510644","0.84656629294623","0.968328702380413","17.26661268",
"2/3/1981","-51.875","-4.83955001831055","219","28.864","21.397","7.438087152","1.25655712082262","0.859555036599464","13.56193404",
"2/4/1981","-51.875","-4.83955001831055","219","26.965","20.715","8.8336977984","1.06349525900835","0.901050585432556","10.714948812",
"2/5/1981","-51.875","-4.83955001831055","219","22.045","18.593","18.7900578","0.760527502473434","0.982963650531032","2.275931628",
"2/6/1981","-51.875","-4.83955001831055","219","30.495","18.128","4.1061433464","0.976414464813317","0.878284741302748","22.9414527",
"2/7/1981","-51.875","-4.83955001831055","219","29.037","20.926","7.7505093864","1.02965944214225","0.937176381689771","18.626176368",
"2/8/1981","-51.875","-4.83955001831055","219","25.435","19.041","12.826539144","0.765710493299082","0.967299100861702","16.90976376",
"2/9/1981","-51.875","-4.83955001831055","219","25.993","21.935","15.8546484","0.874028922157555","0.970512844433073","16.98193179",
"2/10/1981","-51.875","-4.83955001831055","219","29.327","18.874","2.5423051104","0.917048181860154","0.88165351951184","18.85365189",
"2/11/1981","-51.875","-4.83955001831055","219","26.883","21.769","4.71725136","0.648863228286317","0.958992087539592","11.90277918",
"2/12/1981","-51.875","-4.83955001831055","219","28.678","21.81","37.5595048224","1.53078796841935","0.879506974907763","16.695670968",
"2/13/1981","-51.875","-4.83955001831055","219","26.46","21.948","5.469129504","0.880685393026095","0.938928877494291","8.257897782",
"2/14/1981","-51.875","-4.83955001831055","219","30.694","21.126","22.312544076","1.04157224687365","0.893282853425398","23.73051564",
"2/15/1981","-51.875","-4.83955001831055","219","30.337","21.963","12.3613375824","1.39889788460556","0.856547493922169","19.638731682",
"2/16/1981","-51.875","-4.83955001831055","219","26.283","21.871","19.38914568","0.931599686685444","0.965555088362347","16.35260616",
"2/17/1981","-51.875","-4.83955001831055","219","26.466","22.208","14.39895996","1.21483824970021","0.968729643523733","16.846542522",
"2/18/1981","-51.875","-4.83955001831055","219","29.581","21.673","6.921388584","1.0135455773668","0.90844281054543","18.70650414",
"2/19/1981","-51.875","-4.83955001831055","219","25.949","20.466","9.1855968624","0.813926321209191","0.971183157444934","13.550854392",
"2/20/1981","-51.875","-4.83955001831055","219","26.23","22.09","8.674051572","1.15116599470874","0.957329666242054","17.8948116",
"2/21/1981","-51.875","-4.83955001831055","219","26.546","22.037","13.1372442","1.24118916174347","0.960294194100161","16.42370481",
"2/22/1981","-51.875","-4.83955001831055","219","29.402","21.721","2.223014724","1.23908444110532","0.892913600834084","17.116149708",
"2/23/1981","-51.875","-4.83955001831055","219","27.18","19.255","5.1824577024","0.961357301708633","0.950270349761792","19.097211618",
"2/24/1981","-51.875","-4.83955001831055","219","32.046","17.766","2.525139972","1.20247283923625","0.840316637259038","20.07455832",
"2/25/1981","-51.875","-4.83955001831055","219","27.689","21.423","9.719467416","1.33931004783591","0.948337289266597","22.856459328",
"2/26/1981","-51.875","-4.83955001831055","219","30.378","20.324","7.312774896","1.07972976337126","0.902759893945182","26.90904582",
"2/27/1981","-51.875","-4.83955001831055","219","27.489","22.528","13.276282464","0.958715171501775","0.964494354312036","17.91433566",
"2/28/1981","-51.875","-4.83955001831055","219","27.779","19.625","9.063721152","0.867932551411418","0.95149956609784","21.98773431",
"3/1/1981","-51.875","-4.83955001831055","219","30.326","20.54","4.5850740264","0.994270498815181","0.916766508563156","18.639159858",
"3/2/1981","-51.875","-4.83955001831055","219","30.629","21.442","2.4753570624","1.3127621946938","0.865729663563274","24.41043108",
"3/3/1981","-51.875","-4.83955001831055","219","28.209","21.706","11.968234092","1.10077204628272","0.937337268099418","16.224077592",
"3/4/1981","-51.875","-4.83955001831055","219","28.38","21.261","6.7497274224","1.11785998813362","0.941569284575828","19.89607203",
"3/5/1981","-51.875","-4.83955001831055","219","27.866","22.14","15.49415484","0.937046741909691","0.931944642401719","26.19601083",
"3/6/1981","-51.875","-4.83955001831055","219","30.993","21.228","5.709461868","1.37824579055028","0.84358808132321","24.99317424",
"3/7/1981","-51.875","-4.83955001831055","219","32.064","22.412","7.177163904","1.56534673026748","0.858545242862083","20.95553934",
"3/8/1981","-51.875","-4.83955001831055","219","28.426","22.126","14.51568276","1.1000094060587","0.951569154752308","22.32613485",
"3/9/1981","-51.875","-4.83955001831055","219","30.652","20.705","5.65109316","0.965061367839306","0.900978553725491","21.246247638",
"3/10/1981","-51.875","-4.83955001831055","219","27.809","21.351","7.216640244","1.24981954235183","0.926860245434501","25.400933568",
"3/11/1981","-51.875","-4.83955001831055","219","32.873","21.109","2.101133052","1.54045624220379","0.800484519330171","25.29686178",
"3/12/1981","-51.875","-4.83955001831055","219","28.573","20.967","8.30841444","1.42731864620814","0.899457781807298","19.839032352",
"3/13/1981","-51.875","-4.83955001831055","219","28.225","22.104","5.1172236","1.25944956002501","0.926582760645727","9.91113858",
"3/14/1981","-51.875","-4.83955001831055","219","28.43","21.397","0.8471487744","1.33798838287995","0.848385547728415","12.383829162",
"3/15/1981","-51.875","-4.83955001831055","219","27.936","21.135","1.1595725784","1.25726239931069","0.808978821293061","13.1211513",
"3/16/1981","-51.875","-4.83955001831055","219","28.009","21.567","0.0411987024","1.25499386992176","0.754391824603082","13.97530998",
"3/17/1981","-51.875","-4.83955001831055","219","28.503","21.929","0.157928508","1.70216772355869","0.806015321236975","13.615875432",
"3/18/1981","-51.875","-4.83955001831055","219","31.854","21.693","0.8411406696","2.06419783449739","0.796116914472808","24.42476106",
"3/19/1981","-51.875","-4.83955001831055","219","30.155","21.448","0.1132965144","1.74239813410086","0.776927251554928","22.236469578",
"3/20/1981","-51.875","-4.83955001831055","219","23.781","20.493","0.2540592864","0.816956981256769","0.872253077468511","3.486768552",
"3/21/1981","-51.875","-4.83955001831055","219","31.133","19.363","0.3261565296","1.55894726236213","0.761869231029102","21.97226376",
"3/22/1981","-51.875","-4.83955001831055","219","30.959","21.182","2.0968429392","1.5071969941365","0.80279063542169","25.30299168",
"3/23/1981","-51.875","-4.83955001831055","219","23.864","21.36","0.9733204008","0.977068709622798","0.94381969581262","2.944067148",
"3/24/1981","-51.875","-4.83955001831055","219","29.402","21.193","4.6245561984","1.21729045140664","0.884390647259501","12.74923431",
"3/25/1981","-51.875","-4.83955001831055","219","23.352","20.931","72.57499992","0.890086113287204","0.980750456553389","3.70501929",
"3/26/1981","-51.875","-4.83955001831055","219","25.326","20.779","10.52370072","1.38407904629291","0.93200842072791","8.635109652",
"3/27/1981","-51.875","-4.83955001831055","219","30.61","18.46","1.4299399584","1.29615182726123","0.824403030992059","22.37473062",
"3/28/1981","-51.875","-4.83955001831055","219","29.055","20.638","2.744866512","0.936017661602388","0.92375331904134","12.70322118",
"3/29/1981","-51.875","-4.83955001831055","219","27.839","20.793","2.914811316","1.20528064158416","0.891731189025394","17.14061646",
"3/30/1981","-51.875","-4.83955001831055","219","28.541","21.512","4.040914608","1.34195680445429","0.89569817553426","18.84323898",
"3/31/1981","-51.875","-4.83955001831055","219","25.143","21.813","8.2912499424","1.15827854746484","0.969523141767192","15.7960107",
"4/1/1981","-51.875","-4.83955001831055","219","27.714","22","8.5590395208","1.22294706479636","0.948587399081386","19.568476062",
"4/2/1981","-51.875","-4.83955001831055","219","29.14","21.618","8.807951088","1.47986013444678","0.902525135942481","13.36359168",
"4/3/1981","-51.875","-4.83955001831055","219","28.524","22.054","16.66488924","1.49808335912555","0.940996565070882","21.19561614",
"4/4/1981","-51.875","-4.83955001831055","219","25.96","21.729","15.617752308","1.27361816933274","0.960809615166942","22.44470418",
"4/5/1981","-51.875","-4.83955001831055","219","26.11","22.17","8.251762464","1.08289815052326","0.967138445009621","17.49324834",
"4/6/1981","-51.875","-4.83955001831055","219","29.199","21.869","4.741285032","1.33091566707968","0.920468433649384","14.93505342",
"4/7/1981","-51.875","-4.83955001831055","219","26.208","22.147","8.040612636","1.20169136947568","0.957529977108485","21.27881034",
"4/8/1981","-51.875","-4.83955001831055","219","28.834","22.192","4.137039252","1.24039573904855","0.930660324859566","11.4436125",
"4/9/1981","-51.875","-4.83955001831055","219","30.965","22.322","4.8614444856","1.29033497739822","0.881506176909319","23.00985",
"4/10/1981","-51.875","-4.83955001831055","219","30.911","21.069","0.6317140824","1.17288652885574","0.831006201909013","21.51163152",
"4/11/1981","-51.875","-4.83955001831055","219","32.083","21.213","4.44259692","1.12036127341698","0.837129600608853","26.6920911",
"4/12/1981","-51.875","-4.83955001831055","219","32.545","20.74","2.48909022","1.28105699164283","0.817157739583915","26.687025",
"4/13/1981","-51.875","-4.83955001831055","219","31.235","21.414","1.45568826","1.36950782103351","0.807241129783242","26.43266538",
"4/14/1981","-51.875","-4.83955001831055","219","32.029","22.777","4.2503373288","1.43128974657984","0.864598675371333","14.5237446",
"4/15/1981","-51.875","-4.83955001831055","219","29.496","22.611","10.03188816","1.35508840042093","0.910768093960627","20.46616218",
"4/16/1981","-51.875","-4.83955001831055","219","28.64","21.487","12.730409784","1.05310369215343","0.94504309422475","24.77283462",
"4/17/1981","-51.875","-4.83955001831055","219","28.243","21.41","11.76567156","0.874168587784646","0.932340551482624","25.67508408",
"4/18/1981","-51.875","-4.83955001831055","219","33.276","21.634","10.60180704","0.93066791196546","0.889168823727676","19.94315832",
"4/19/1981","-51.875","-4.83955001831055","219","26.009","20.767","10.6395678","0.537261245547212","0.971547277863411","9.1161585",
"4/20/1981","-51.875","-4.83955001831055","219","26.519","22.32","21.58126812","1.20542717559622","0.966912970569015","19.09164474",
"4/21/1981","-51.875","-4.83955001831055","219","29.463","20.618","1.4797223064","1.63260486540945","0.826164423874611","17.74253952",
"4/22/1981","-51.875","-4.83955001831055","219","31.521","21.567","1.96037352","1.26756481795915","0.838116653484402","16.68639582",
"4/23/1981","-51.875","-4.83955001831055","219","33.127","20.235","0","1.34003753222162","0.731656956564482","20.78853894",
"4/24/1981","-51.875","-4.83955001831055","219","32.919","20.916","0","1.55595693075643","0.663350384075919","21.3576165",
"4/25/1981","-51.875","-4.83955001831055","219","34.023","20.829","0.0068664528","1.40286099332912","0.668717945215446","25.03726938",
"4/26/1981","-51.875","-4.83955001831055","219","32.524","21.707","2.4307260264","1.21883672877754","0.776124827424829","13.7557152",
"4/27/1981","-51.875","-4.83955001831055","219","30.931","21.357","3.17916684","1.09683257633603","0.86317783203661","20.93855562",
"4/28/1981","-51.875","-4.83955001831055","219","30.645","22.249","5.754086748","1.08091135498048","0.897212247060472","21.2484429",
"4/29/1981","-51.875","-4.83955001831055","219","28.26","22.694","12.081528252","0.970430994871015","0.943401099959288","21.21001668",
"4/30/1981","-51.875","-4.83955001831055","219","33.031","21.936","3.4349443704","0.768923347033815","0.854642949136857","17.45824932",
"5/1/1981","-51.875","-4.83955001831055","219","28.354","20.592","26.43928812","0.748049833101066","0.947111841884425","21.38314914",
"5/2/1981","-51.875","-4.83955001831055","219","27.259","20.639","18.41583744","0.597916204164326","0.966597199065462","12.89211156",
"5/3/1981","-51.875","-4.83955001831055","219","28.05","22.526","15.406600572","1.10859693266139","0.953079869829337","20.73566232",
"5/4/1981","-51.875","-4.83955001831055","219","30.175","22.46","4.961013048","1.29039382084355","0.820048833780475","21.79170198",
"5/5/1981","-51.875","-4.83955001831055","219","32.382","22.239","2.5423070688","1.36059147468777","0.800458126170288","16.556902452",
"5/6/1981","-51.875","-4.83955001831055","219","33.248","21.036","3.3628464","1.2733753130821","0.762551175367325","23.1378183",
"5/7/1981","-51.875","-4.83955001831055","219","33.357","20.462","3.6066019464","1.26071995661824","0.747803066791304","20.7331884",
"5/8/1981","-51.875","-4.83955001831055","219","32.148","20.318","3.0864741192","1.24298368252949","0.823774060474457","20.2633848",
"5/9/1981","-51.875","-4.83955001831055","219","32.584","21.826","5.9154546312","1.19302492747103","0.837719008981948","18.33300108",
"5/10/1981","-51.875","-4.83955001831055","219","32.898","22.083","1.860808464","1.18890982324258","0.73276337433864","23.84454276",
"5/11/1981","-51.875","-4.83955001831055","219","33.458","20.653","0","1.41261550652073","0.642408112357863","24.94090926",
"5/12/1981","-51.875","-4.83955001831055","219","33.467","19.645","0.034332264","1.37698723872538","0.664581025073536","17.88958008",
"5/13/1981","-51.875","-4.83955001831055","219","32.781","20.15","0","1.32811079400382","0.663223239297339","22.40572806",
"5/14/1981","-51.875","-4.83955001831055","219","34.316","20.242","3.08818836","1.14224230649551","0.681504733313826","22.4942589",
"5/15/1981","-51.875","-4.83955001831055","219","33.967","21.897","5.38501608","0.893369090614368","0.759832426415321","20.45238552",
"5/16/1981","-51.875","-4.83955001831055","219","33.113","19.873","0.2557753056","1.2631527505586","0.654075913736591","23.2365375",
"5/17/1981","-51.875","-4.83955001831055","219","31.838","20.606","1.977539292","1.07618351878899","0.797757365604932","19.0643679",
"5/18/1981","-51.875","-4.83955001831055","219","33.081","21.817","0.593948736","1.20629401347264","0.770592666113102","13.7287647",
"5/19/1981","-51.875","-4.83955001831055","219","32.967","19.834","3.582570996","1.32945646806721","0.771632278047167","19.526346",
"5/20/1981","-51.875","-4.83955001831055","219","33.739","21.586","1.82132748","1.50119566082473","0.72310555684321","22.42884672",
"5/21/1981","-51.875","-4.83955001831055","219","33.625","19.997","0.20427732","1.34440342599637","0.675703377076318","18.18641394",
"5/22/1981","-51.875","-4.83955001831055","219","33.008","20.057","2.590373412","1.18922246243194","0.70242211738062","23.414796",
"5/23/1981","-51.875","-4.83955001831055","219","33.288","20.034","0","1.57971522444917","0.647991700117552","23.77029762",
"5/24/1981","-51.875","-4.83955001831055","219","33.78","18.151","0","1.37908500393401","0.624659367922134","23.7659517",
"5/25/1981","-51.875","-4.83955001831055","219","33.376","19.262","0.0137329056","1.1139310482939","0.723512581407178","16.7104134",
"5/26/1981","-51.875","-4.83955001831055","219","33.755","20.642","6.26220756","0.872592075525215","0.783201389046678","20.93248116",
"5/27/1981","-51.875","-4.83955001831055","219","30.946","22.53","4.8288348","0.74598310649431","0.853456553756463","18.6481179",
"5/28/1981","-51.875","-4.83955001831055","219","30.922","22.204","10.740847752","1.03895041624877","0.891247253773116","16.2908442",
"5/29/1981","-51.875","-4.83955001831055","219","31.463","21.356","5.6236245264","0.891436816022","0.888796574615068","12.61338102",
"5/30/1981","-51.875","-4.83955001831055","219","29.835","22.318","8.548740936","1.22974971998993","0.879714865107739","11.87465958",
"5/31/1981","-51.875","-4.83955001831055","219","28.341","22.467","4.7258376984","0.941731299314939","0.915720058845144","12.3081237",
"6/1/1981","-51.875","-4.83955001831055","219","28.721","22.237","7.884403632","1.13867013116593","0.937215801651389","11.7689121",
"6/2/1981","-51.875","-4.83955001831055","219","30.714","21.744","0.624847644","1.09282493286527","0.852549347341189","7.37308134",
"6/3/1981","-51.875","-4.83955001831055","219","34.641","20.505","0.5012510328","1.28033714810697","0.689515214919882","21.46786812",
"6/4/1981","-51.875","-4.83955001831055","219","34.382","20.41","0","1.47423597595126","0.646940099767816","20.37172896",
"6/5/1981","-51.875","-4.83955001831055","219","32.87","22.203","1.0746003312","1.24231788951019","0.77460859990211","7.94447442",
"6/6/1981","-51.875","-4.83955001831055","219","33.098","19.892","0.07553106","1.37246098653769","0.744583282642249","19.0110978",
"6/7/1981","-51.875","-4.83955001831055","219","33.955","20.957","4.961013804","1.36834795502264","0.755481731289667","16.170183",
"6/8/1981","-51.875","-4.83955001831055","219","33.027","20.634","5.7815529768","1.20941936275721","0.822812169452","13.33423224",
"6/9/1981","-51.875","-4.83955001831055","219","34.303","20.655","0.60081444","1.25932983225416","0.689320826995808","16.13840688",
"6/10/1981","-51.875","-4.83955001831055","219","26.55","19.064","2.35347732","1.05259207107563","0.846905646668575","8.67745854",
"6/11/1981","-51.875","-4.83955001831055","219","32.476","20.574","2.6676182664","1.21241634478424","0.74189519798797","17.51326974",
"6/12/1981","-51.875","-4.83955001831055","219","33.689","16.703","0","1.21783258251782","0.656656804988725","21.6288486",
"6/13/1981","-51.875","-4.83955001831055","219","34.125","18.787","0","1.41697595623386","0.544979215500098","23.68388862",
"6/14/1981","-51.875","-4.83955001831055","219","33.377","18.137","0","1.53249187513124","0.548326190087034","23.35916538",
"6/15/1981","-51.875","-4.83955001831055","219","32.636","20.714","4.7481518088","1.37684325693575","0.853487999264203","10.69402464",
"6/16/1981","-51.875","-4.83955001831055","219","28.24","21.491","9.06715674","1.0791972724084","0.928665299893267","19.87374132",
"6/17/1981","-51.875","-4.83955001831055","219","33.964","17.467","0.63171432","1.2793589483437","0.660391939067269","22.1880978",
"6/18/1981","-51.875","-4.83955001831055","219","33.225","22.589","0.061798104","1.22429661106101","0.569011299698933","15.05368386",
"6/19/1981","-51.875","-4.83955001831055","219","34.454","19.765","0","1.29332259483621","0.513058188970912","23.4527616",
"6/20/1981","-51.875","-4.83955001831055","219","34.353","14.835","0","1.06555593067583","0.577818364284288","22.24276812",
"6/21/1981","-51.875","-4.83955001831055","219","33.326","20.258","0.0274658184","1.56769035274796","0.50406410176314","23.54158296",
"6/22/1981","-51.875","-4.83955001831055","219","33.233","21.395","0","1.68205858236178","0.450010498993093","22.95320832",
"6/23/1981","-51.875","-4.83955001831055","219","33.749","17.147","0","1.46375413623084","0.499089058628834","23.70054636",
"6/24/1981","-51.875","-4.83955001831055","219","33.206","19.433","0","1.71249232591181","0.502857217410914","22.99292928",
"6/25/1981","-51.875","-4.83955001831055","219","32.418","17.303","0","1.43023286319796","0.590422439455446","20.9684808",
"6/26/1981","-51.875","-4.83955001831055","219","32.653","19.807","0","1.7975273892082","0.536831410639467","21.0904254",
"6/27/1981","-51.875","-4.83955001831055","219","33.361","20.678","0","1.6009971576643","0.489599005979248","22.2970437",
"6/28/1981","-51.875","-4.83955001831055","219","33.003","19.605","0","1.65844301691243","0.525429199412884","23.58331974",
"6/29/1981","-51.875","-4.83955001831055","219","33.69","14.459","0","0.990867318305302","0.586753589897275","21.76020216",
"6/30/1981","-51.875","-4.83955001831055","219","31.073","20.191","0.284958","1.46871109988779","0.644463421905167","18.5064723",
"7/1/1981","-51.875","-4.83955001831055","219","30.092","20.376","5.29747056","1.15249311191204","0.874777213760225","14.95079802",
"7/2/1981","-51.875","-4.83955001831055","219","34.113","18.122","1.8917073","1.19041398758136","0.731382982720577","18.66425598",
"7/3/1981","-51.875","-4.83955001831055","219","30.648","19.232","2.3757943248","0.913560058562535","0.851604505347559","12.03136308",
"7/4/1981","-51.875","-4.83955001831055","219","32.343","19.843","0.85144086","1.36922269870513","0.672482122580515","17.86775436",
"7/5/1981","-51.875","-4.83955001831055","219","32.311","19.857","1.476287424","1.35741205005061","0.770714922241234","10.9722951",
"7/6/1981","-51.875","-4.83955001831055","219","31.941","19.996","2.269363284","1.30223233894019","0.7417859020668","12.73066668",
"7/7/1981","-51.875","-4.83955001831055","219","30.889","20.109","0","1.59331796673738","0.543596601441922","13.30610652",
"7/8/1981","-51.875","-4.83955001831055","219","32.61","23.109","0","1.90743813514047","0.476367229725025","20.410762572",
"7/9/1981","-51.875","-4.83955001831055","219","31.966","20.601","0","2.21072836914332","0.536579031507324","18.16885944",
"7/10/1981","-51.875","-4.83955001831055","219","30.096","20.003","0","1.7014334775273","0.566964475496076","16.99964568",
"7/11/1981","-51.875","-4.83955001831055","219","33.684","19.755","0","1.77527420714221","0.450579002117439","24.22203624",
"7/12/1981","-51.875","-4.83955001831055","219","34.447","18.583","0","1.54516605049221","0.440085195283987","23.63545728",
"7/13/1981","-51.875","-4.83955001831055","219","33.67","21.887","0","1.21774080224001","0.488146944776755","17.56018494",
"7/14/1981","-51.875","-4.83955001831055","219","33.167","20.863","0","1.43835988391461","0.505993291012867","17.64692064",
"7/15/1981","-51.875","-4.83955001831055","219","32.142","18.272","0","1.45972197978291","0.657074953667412","18.56598534",
"7/16/1981","-51.875","-4.83955001831055","219","32.642","19.165","0","0.901356545286263","0.629291837597254","18.0541683",
"7/17/1981","-51.875","-4.83955001831055","219","34.147","18.024","0","1.38791069796236","0.52008187868647","24.08732118",
"7/18/1981","-51.875","-4.83955001831055","219","33.861","20.483","0","0.903679274010289","0.510817283013961","18.98538858",
"7/19/1981","-51.875","-4.83955001831055","219","34.329","16.703","0.10299672","1.32313137298445","0.50759696070304","20.81789874",
"7/20/1981","-51.875","-4.83955001831055","219","31.731","19.29","3.4006112568","1.08879083834106","0.769021792284584","16.78038912",
"7/21/1981","-51.875","-4.83955001831055","219","32.716","20.665","0","0.989895381835854","0.668753805724302","17.64759618",
"7/22/1981","-51.875","-4.83955001831055","219","32.973","20.605","5.683706136","1.10013506564005","0.777148815154363","22.973682888",
"7/23/1981","-51.875","-4.83955001831055","219","34.661","20.229","1.68571692","0.929863045858972","0.702826758187873","17.72257626",
"7/24/1981","-51.875","-4.83955001831055","219","35.326","20.061","0.089263944","1.25760966778772","0.558692981096805","24.0033375",
"7/25/1981","-51.875","-4.83955001831055","219","29.873","21.491","1.689148008","1.2152281160094","0.815511107162277","16.23790818",
"7/26/1981","-51.875","-4.83955001831055","219","32.478","19.733","2.174948532","0.924303287234865","0.759057501925889","18.607891068",
"7/27/1981","-51.875","-4.83955001831055","219","35.328","19.055","2.1560661","0.78980469905395","0.686658889814025","16.2735192",
"7/28/1981","-51.875","-4.83955001831055","219","35.103","16.744","0","1.0658869454007","0.578894481936099","25.05908466",
"7/29/1981","-51.875","-4.83955001831055","219","34.602","18.247","0","1.36179104085642","0.451341141477503","24.54485796",
"7/30/1981","-51.875","-4.83955001831055","219","32.707","18.876","0","1.3624104640911","0.469235555805678","18.36022752",
"7/31/1981","-51.875","-4.83955001831055","219","32.76","17.429","0.027465804","1.28250066471927","0.650421399072472","16.3072143",
"8/1/1981","-51.875","-4.83955001831055","219","33.863","19.613","0.73127772","1.03675935224288","0.713932915209491","11.145039228",
"8/2/1981","-51.875","-4.83955001831055","219","35.755","16.399","0","1.38820656550221","0.547754187380104","24.41722608",
"8/3/1981","-51.875","-4.83955001831055","219","35.476","20.576","0","1.80315747937396","0.414081772400441","25.25782554",
"8/4/1981","-51.875","-4.83955001831055","219","33.562","22.998","0","1.57914566885999","0.513602106769417","20.61922446",
"8/5/1981","-51.875","-4.83955001831055","219","35.097","20.255","0","1.76086517275558","0.427388336176211","23.65132248",
"8/6/1981","-51.875","-4.83955001831055","219","33.445","20.212","0.163078128","1.19185723147254","0.541631239263726","13.23281808",
"8/7/1981","-51.875","-4.83955001831055","219","35.594","17.003","0","1.85480498518162","0.41596898496882","25.44525756",
"8/8/1981","-51.875","-4.83955001831055","219","35.324","20.368","0","1.58616357042706","0.465886123911287","17.60338296",
"8/9/1981","-51.875","-4.83955001831055","219","36.491","19.05","0","1.28156994207908","0.517567717175104","17.98402086",
"8/10/1981","-51.875","-4.83955001831055","219","36.556","17.061","0","1.35167819855147","0.427657834306057","20.21141322",
"8/11/1981","-51.875","-4.83955001831055","219","36.288","13.855","0","1.70712910747557","0.440450663409063","25.81154802",
"8/12/1981","-51.875","-4.83955001831055","219","36.306","20.777","0","1.75471069561506","0.481382608944093","19.35129402",
"8/13/1981","-51.875","-4.83955001831055","219","35.647","18.113","0","1.36517646274583","0.525769652416737","23.04433224",
"8/14/1981","-51.875","-4.83955001831055","219","38.062","20.639","0","1.21978498324287","0.464266104222306","25.13508264",
"8/15/1981","-51.875","-4.83955001831055","219","37.26","23.598","0","1.54345488153365","0.452915404165649","17.38839474",
"8/16/1981","-51.875","-4.83955001831055","219","34.496","22.947","0","1.19877970604819","0.493214759513851","14.64699402",
"8/17/1981","-51.875","-4.83955001831055","219","36.356","21.277","2.8667448","1.15748307126549","0.617320785969814","16.82690274",
"8/18/1981","-51.875","-4.83955001831055","219","34.722","21.06","2.7500148","1.35044536830868","0.657672691111162","16.85362554",
"8/19/1981","-51.875","-4.83955001831055","219","35.924","21.428","0","1.45077865446394","0.532741366271153","18.88712046",
"8/20/1981","-51.875","-4.83955001831055","219","35.184","23.837","0","1.60006678291039","0.483624141206352","19.08534366",
"8/21/1981","-51.875","-4.83955001831055","219","28.864","20.24","4.7979348264","1.63889446498984","0.756883190363405","25.30884276",
"8/22/1981","-51.875","-4.83955001831055","219","34.392","16.931","0","1.41018464492578","0.645025548194721","17.49695508",
"8/23/1981","-51.875","-4.83955001831055","219","33.596","20.356","0.333023112","1.33111160487496","0.636939694344794","18.1772487",
"8/24/1981","-51.875","-4.83955001831055","219","34.357","19.679","0","1.20712085718209","0.606311578636438","18.53269344",
"8/25/1981","-51.875","-4.83955001831055","219","34.791","19.629","0","1.45236397067591","0.486546223418405","19.19159496",
"8/26/1981","-51.875","-4.83955001831055","219","33.166","22.014","0.343322532","1.27327735405762","0.561495071144757","10.310734494",
"8/27/1981","-51.875","-4.83955001831055","219","35.691","21.487","0.2574924264","1.34934904036723","0.578950685606152","11.457170442",
"8/28/1981","-51.875","-4.83955001831055","219","35.39","19.366","0.226592964","1.2122722012629","0.595038558414797","21.914944128",
"8/29/1981","-51.875","-4.83955001831055","219","34.434","21.525","1.5037537968","1.22619341906495","0.744077411012433","10.417159872",
"8/30/1981","-51.875","-4.83955001831055","219","36.217","20.269","0","1.54321699887799","0.570422157593009","26.861517",
"8/31/1981","-51.875","-4.83955001831055","219","35.848","17.635","0","2.02784823366676","0.448865326994818","23.5249911",
"9/1/1981","-51.875","-4.83955001831055","219","35.525","19.866","0","1.69680794770924","0.553412086685569","15.12804078",
"9/2/1981","-51.875","-4.83955001831055","219","34.192","18.755","0","1.51909103085767","0.53950679777204","22.46288238",
"9/3/1981","-51.875","-4.83955001831055","219","34.649","21.237","0","1.53563864626977","0.46422620969232","21.10123998",
"9/4/1981","-51.875","-4.83955001831055","219","38.709","19.876","0","1.20016026420425","0.413692989161417","20.689027668",
"9/5/1981","-51.875","-4.83955001831055","219","37.185","23.053","0","1.77335226570865","0.451215329810319","19.58495976",
"9/6/1981","-51.875","-4.83955001831055","219","37.501","24.631","0","1.85669812142698","0.423803611516613","23.50360548",
"9/7/1981","-51.875","-4.83955001831055","219","35.394","23.225","0","1.72696456185825","0.480509712868708","17.38186758",
"9/8/1981","-51.875","-4.83955001831055","219","37.706","21.817","0","2.06598180218558","0.433035158275091","27.04770198",
"9/9/1981","-51.875","-4.83955001831055","219","37.209","20.6","0","1.67253357197294","0.44299213498914","27.75160656",
"9/10/1981","-51.875","-4.83955001831055","219","37.455","19.546","0","1.48217625735775","0.383482275813185","27.53612244",
"9/11/1981","-51.875","-4.83955001831055","219","38.109","20.264","0","1.4631619400069","0.360371519085833","20.65702374",
"9/12/1981","-51.875","-4.83955001831055","219","35.61","25.977","0","2.02980416058007","0.374735109094553","25.89423903",
"9/13/1981","-51.875","-4.83955001831055","219","34.344","25.032","0","1.90636942716085","0.426392819496136","21.026755512",
"9/14/1981","-51.875","-4.83955001831055","219","35.96","22.914","0","1.62869820396449","0.453937161167004","20.88388242",
"9/15/1981","-51.875","-4.83955001831055","219","39.051","23.385","0","1.26830383209926","0.380278255490597","25.1075214",
"9/16/1981","-51.875","-4.83955001831055","219","38.259","24.8","0","1.85283770017393","0.365938546589327","27.399207168",
"9/17/1981","-51.875","-4.83955001831055","219","37.501","18.967","0.02059938","1.57600901919416","0.474074379797834","19.999179792",
"9/18/1981","-51.875","-4.83955001831055","219","37.044","22.763","0.10299672","1.85932481280111","0.412468385231388","24.210113832",
"9/19/1981","-51.875","-4.83955001831055","219","37.198","23.771","0.109863288","1.98370222856255","0.428649728384709","20.63430306",
"9/20/1981","-51.875","-4.83955001831055","219","37.779","23.968","0.1064300904","1.77957949719579","0.353476886677895","28.36046898",
"9/21/1981","-51.875","-4.83955001831055","219","36.428","24.752","0","1.78163092139708","0.455990744781884","12.695345712",
"9/22/1981","-51.875","-4.83955001831055","219","38.779","21.582","0","1.54478522208091","0.415924670746215","24.76035594",
"9/23/1981","-51.875","-4.83955001831055","219","38.134","22.568","0","2.14037012798765","0.408642423625812","23.05490544",
"9/24/1981","-51.875","-4.83955001831055","219","36.822","22.8","0","1.80858589417352","0.422746230364573","24.575792688",
"9/25/1981","-51.875","-4.83955001831055","219","39.57","24.688","0","1.9492027735912","0.348523473942516","21.81285126",
"9/26/1981","-51.875","-4.83955001831055","219","36.321","25.35","0","1.83182426277387","0.3957985746095","19.030671072",
"9/27/1981","-51.875","-4.83955001831055","219","38.524","22.137","1.78699554","1.65569987919537","0.567912626896422","10.682381052",
"9/28/1981","-51.875","-4.83955001831055","219","38.934","23.001","0","2.00445542695146","0.417686065194833","21.6564183",
"9/29/1981","-51.875","-4.83955001831055","219","37.708","25.912","0","2.28088273676364","0.430375723677253","27.48285234",
"9/30/1981","-51.875","-4.83955001831055","219","36.84","24.411","0.611114472","1.5642649611181","0.494683983888989","20.0603232",
"10/1/1981","-51.875","-4.83955001831055","219","35.801","20.293","0.39138804","0.994696913113013","0.611496129626754","18.5485455",
"10/2/1981","-51.875","-4.83955001831055","219","35.936","21.542","0","1.55975131306092","0.443117041423386","21.050722872",
"10/3/1981","-51.875","-4.83955001831055","219","36.696","20.497","0.3330232632","1.38062495640394","0.545052407225761","18.994331052",
"10/4/1981","-51.875","-4.83955001831055","219","36.208","20.871","0.054931644","1.15217517005629","0.538201660804925","18.054107784",
"10/5/1981","-51.875","-4.83955001831055","219","36.256","24.223","0.0240326064","1.44275075616334","0.503503825787716","18.03369402",
"10/6/1981","-51.875","-4.83955001831055","219","34.393","22.369","3.41263278","1.65237371819591","0.598903539445806","19.047033252",
"10/7/1981","-51.875","-4.83955001831055","219","33.527","24.088","0","1.75955609902199","0.493128082598911","17.35689312",
"10/8/1981","-51.875","-4.83955001831055","219","38.612","21.789","0","1.51210379705653","0.406852729402361","22.08273696",
"10/9/1981","-51.875","-4.83955001831055","219","36.985","25.901","0","1.38074663269992","0.395530935325041","20.926296792",
"10/10/1981","-51.875","-4.83955001831055","219","32.668","21.668","0.535583592","1.76176659522762","0.687198102100658","13.560297192",
"10/11/1981","-51.875","-4.83955001831055","219","31.374","19.708","1.2617108784","1.72697724234542","0.744243121121274","19.340046288",
"10/12/1981","-51.875","-4.83955001831055","219","33.988","20.283","4.579928244","1.53989427574701","0.707429156863988","23.651442648",
"10/13/1981","-51.875","-4.83955001831055","219","35.008","21.244","2.76031764","1.45360086733581","0.733728101193758","18.479865888",
"10/14/1981","-51.875","-4.83955001831055","219","34.878","20.946","9.8361936792","1.20887063280175","0.759481757164526","25.615400832",
"10/15/1981","-51.875","-4.83955001831055","219","36.35","18.519","0.99563562","1.85734980457377","0.563813301770324","28.647565632",
"10/16/1981","-51.875","-4.83955001831055","219","37.436","17.97","0","1.63684469841784","0.413213499278265","26.515117152",
"10/17/1981","-51.875","-4.83955001831055","219","37.436","20.659","0","2.02503380056112","0.440030781958541","25.24151592",
"10/18/1981","-51.875","-4.83955001831055","219","35.242","23.15","0","2.07409823558721","0.548720902648838","19.15076016",
"10/19/1981","-51.875","-4.83955001831055","219","34.962","20.074","0","1.84891312548736","0.530776818116689","19.18288296",
"10/20/1981","-51.875","-4.83955001831055","219","33.727","21.79","0","1.94953963884013","0.531552268544172","23.20188624",
"10/21/1981","-51.875","-4.83955001831055","219","38.372","22.489","0.0034332264","1.82473119331141","0.506569383935135","22.40296668",
"10/22/1981","-51.875","-4.83955001831055","219","38.19","22.021","1.332091764","1.29096480679393","0.646927964170815","15.4215009",
"10/23/1981","-51.875","-4.83955001831055","219","33.599","21.007","0.717544944","1.06151069010722","0.658635570428278","9.15142536",
"10/24/1981","-51.875","-4.83955001831055","219","31.938","21.423","13.72947408","1.31360733862598","0.719758458089322","18.88598826",
"10/25/1981","-51.875","-4.83955001831055","219","32.054","18.747","0.1029968784","1.3188149285049","0.670731778263061","9.31027392",
"10/26/1981","-51.875","-4.83955001831055","219","34.305","20.333","0","1.57433747544528","0.591186784140544","23.69801736",
"10/27/1981","-51.875","-4.83955001831055","219","38.172","21.223","1.165581432","1.70365141804439","0.55964480801891","24.82616664",
"10/28/1981","-51.875","-4.83955001831055","219","34.895","20.815","2.945713392","1.18927363994981","0.708976164365193","19.81777032",
"10/29/1981","-51.875","-4.83955001831055","219","29.268","20.663","10.2447495864","1.0916115313734","0.868031985762188","25.62942024",
"10/30/1981","-51.875","-4.83955001831055","219","31.899","21.696","14.31312282","1.16605812772623","0.850164371100691","25.3063692",
"10/31/1981","-51.875","-4.83955001831055","219","36.314","21.956","3.21350112","1.49792699965444","0.693804184354768","19.46840634",
"11/1/1981","-51.875","-4.83955001831055","219","29.405","21.946","15.16113252","1.6255658439304","0.868925146298905","26.8173558",
"11/2/1981","-51.875","-4.83955001831055","219","31.231","22.565","0.1613618064","1.62918575788676","0.731530602440993","15.30882792",
"11/3/1981","-51.875","-4.83955001831055","219","34.545","21.554","1.1192322384","1.500900310403","0.709667493982381","14.05574712",
"11/4/1981","-51.875","-4.83955001831055","219","35.127","21.045","0","1.21973098537676","0.553991049628707","17.54330112",
"11/5/1981","-51.875","-4.83955001831055","219","37.231","22.606","0.230026536","1.47622513906389","0.535567279573779","21.36611592",
"11/6/1981","-51.875","-4.83955001831055","219","36.343","21.642","0.0789642504","1.14959110399291","0.56441235533532","20.29949388",
"11/7/1981","-51.875","-4.83955001831055","219","36.134","25.791","0.2231599968","1.73762435609178","0.498044281698161","19.15295598",
"11/8/1981","-51.875","-4.83955001831055","219","34.613","24.418","0.0377654904","1.97484734054671","0.581347543664717","18.085608",
"11/9/1981","-51.875","-4.83955001831055","219","27.172","21.815","13.70888172","0.883190373263064","0.929615123856741","10.13445108",
"11/10/1981","-51.875","-4.83955001831055","219","24.175","21.184","12.2634915624","0.981618398919718","0.964659270446919","4.50962118",
"11/11/1981","-51.875","-4.83955001831055","219","24.456","20.751","4.01859288","1.37589461221299","0.947296181343752","5.55693588",
"11/12/1981","-51.875","-4.83955001831055","219","30.279","19.792","2.08396908","1.64851936477957","0.778753166161302","24.467625",
"11/13/1981","-51.875","-4.83955001831055","219","32.53","21.184","0","1.65093785922135","0.633360145918295","21.4470027",
"11/14/1981","-51.875","-4.83955001831055","219","32.017","21.694","0","1.69794496455312","0.648935329929862","24.89765652",
"11/15/1981","-51.875","-4.83955001831055","219","29.383","21.444","5.73692616","1.54902066254911","0.792639022354746","17.38321164",
"11/16/1981","-51.875","-4.83955001831055","219","29.444","21.206","7.604600004","1.11892564915219","0.836652934082424","22.66143624",
"11/17/1981","-51.875","-4.83955001831055","219","28.409","22.558","12.0626433072","1.02254034184797","0.916778038920438","21.74518278",
"11/18/1981","-51.875","-4.83955001831055","219","26.188","20.761","9.72290124","1.52073090183359","0.954367713406347","9.46799262",
"11/19/1981","-51.875","-4.83955001831055","219","27.501","19.964","2.11830138","1.09768463206441","0.900083035625551","8.77094712",
"11/20/1981","-51.875","-4.83955001831055","219","28.651","21.012","6.3789330744","1.33301700276717","0.875877165550884","24.84754092",
"11/21/1981","-51.875","-4.83955001831055","219","32.895","21.267","1.266860844","1.34230505983624","0.726315045217962","26.77105728",
"11/22/1981","-51.875","-4.83955001831055","219","32.369","22.036","8.1951145704","1.16060504231034","0.794055310147645","11.37133296",
"11/23/1981","-51.875","-4.83955001831055","219","31.808","22.242","11.17859112","1.48190733072069","0.829631494239105","24.81429942",
"11/24/1981","-51.875","-4.83955001831055","219","29.841","21.658","5.4313658568","1.15239584575974","0.873592933190539","24.81170742",
"11/25/1981","-51.875","-4.83955001831055","219","32.176","21.548","10.9348398","1.3174635129475","0.848821607068321","23.5114866",
"11/26/1981","-51.875","-4.83955001831055","219","31.422","22.002","13.30547238","1.17263511790361","0.791159783279547","25.5358152",
"11/27/1981","-51.875","-4.83955001831055","219","24.248","21.068","50.7225011328","1.16902344060668","0.955796826867745","3.69298134",
"11/28/1981","-51.875","-4.83955001831055","219","33.126","21.154","0.377655012","1.30905213831432","0.74069573116429","20.93214258",
"11/29/1981","-51.875","-4.83955001831055","219","28.731","22.024","3.2718669984","1.21026150081802","0.874104044046318","6.19166394",
"11/30/1981","-51.875","-4.83955001831055","219","33.381","21.333","6.3583334712","1.18120456068852","0.763826943945486","18.04679712",
"12/1/1981","-51.875","-4.83955001831055","219","33.76","20.863","1.6822818","1.4300586046154","0.686314758524341","23.0474844",
"12/2/1981","-51.875","-4.83955001831055","219","36.512","19.934","1.3046260824","0.899902394932102","0.682261781330974","14.36951196",
"12/3/1981","-51.875","-4.83955001831055","219","32.937","22.639","4.01000868","0.942176916253462","0.735115367817818","16.39045908",
"12/4/1981","-51.875","-4.83955001831055","219","29.547","21.257","14.22386244","1.53813750426084","0.832734494263578","12.76959042",
"12/5/1981","-51.875","-4.83955001831055","219","32.082","20.25","0.133895952","1.6705076928224","0.738046985468012","14.3123706",
"12/6/1981","-51.875","-4.83955001831055","219","27.687","22.015","14.33029284","1.58039108056678","0.905984247062237","23.4217107",
"12/7/1981","-51.875","-4.83955001831055","219","32.174","21.184","1.277161236","1.48556146022773","0.747496362246241","17.49706812",
"12/8/1981","-51.875","-4.83955001831055","219","31.662","20.884","5.15671056","1.37163303103253","0.761798825297963","24.44708808",
"12/9/1981","-51.875","-4.83955001831055","219","33.522","21.584","0.12187962","1.67733628020349","0.611943560870373","19.38329388",
"12/10/1981","-51.875","-4.83955001831055","219","33.305","20.755","0.0308990664","1.54626575381328","0.64855728094689","16.60117104",
"12/11/1981","-51.875","-4.83955001831055","219","31.267","19.868","6.80465484","1.11747115513278","0.797839182260665","23.2201134",
"12/12/1981","-51.875","-4.83955001831055","219","27.605","21.045","14.16206502","1.11619198630281","0.932480108993903","22.913379",
"12/13/1981","-51.875","-4.83955001831055","219","33.704","22.467","1.2840276528","1.22141587827375","0.708682312545848","20.42060094",
"12/14/1981","-51.875","-4.83955001831055","219","30.068","21.659","5.74035876","1.4094129043564","0.772579609183907","25.0639317",
"12/15/1981","-51.875","-4.83955001831055","219","28.723","21.097","12.7029426264","1.66294348498248","0.863608451883675","20.9733129",
"12/16/1981","-51.875","-4.83955001831055","219","31.873","21.535","4.1061392424","1.08597876621853","0.828038832395231","14.0061834",
"12/17/1981","-51.875","-4.83955001831055","219","31.164","21.843","10.08682308","1.15194808457523","0.840534284009617","26.78917464",
"12/18/1981","-51.875","-4.83955001831055","219","30.551","22","32.89375296","1.38707739999778","0.897643254035477","19.89546048",
"12/19/1981","-51.875","-4.83955001831055","219","27.911","21.774","7.515335952","1.19455476366646","0.913187736802327","12.153654",
"12/20/1981","-51.875","-4.83955001831055","219","24.763","21.428","59.08755132","0.641443722902357","0.977581657148316","6.17321142",
"12/21/1981","-51.875","-4.83955001831055","219","27.094","21.63","12.438582372","0.900592843278696","0.948589333025458","13.08548862",
"12/22/1981","-51.875","-4.83955001831055","219","30.417","22.023","13.736344032","0.845372358162173","0.93083936399227","13.447071",
"12/23/1981","-51.875","-4.83955001831055","219","27.397","20.726","9.4928725728","1.11944374987719","0.936789695731991","20.4635295",
"12/24/1981","-51.875","-4.83955001831055","219","27.502","21.524","16.21169856","1.22328203609665","0.941902390105638","20.58896772",
"12/25/1981","-51.875","-4.83955001831055","219","29.881","20.681","4.2348908304","1.14210203026602","0.910304798591952","16.58520072",
"12/26/1981","-51.875","-4.83955001831055","219","27.615","22.699","15.373992204","1.13624059253715","0.937973365030972","18.1406313",
"12/27/1981","-51.875","-4.83955001831055","219","25.833","20.251","15.27958584","0.91963910574824","0.962913843223585","17.5674429",
"12/28/1981","-51.875","-4.83955001831055","219","31.848","19.891","3.299332464","1.16749173892272","0.835477312994838","18.95652882",
"12/29/1981","-51.875","-4.83955001831055","219","31.683","20.912","4.9455684","1.31562599323812","0.853991731525214","26.316171",
"12/30/1981","-51.875","-4.83955001831055","219","27.237","21.697","11.3485384728","1.07368430265755","0.936648638676317","8.51400036",
"12/31/1981","-51.875","-4.83955001831055","219","30.012","22.029","3.584290392","1.23496352704477","0.887715976456368","14.81023278",
"1/1/1982","-51.875","-4.83955001831055","219","27.472","21.81","4.4855133984","1.21820181080659","0.919753591046509","20.13485184",
"1/2/1982","-51.875","-4.83955001831055","219","30.295","20.857","7.87067856","1.00500643845093","0.886358251747872","17.33354442",
"1/3/1982","-51.875","-4.83955001831055","219","32.03","21.584","3.90014892","1.07844083906929","0.829525925048948","25.17502464",
"1/4/1982","-51.875","-4.83955001831055","219","24.993","22.103","23.43863736","1.1309096990189","0.971388314015778","9.50090616",
"1/5/1982","-51.875","-4.83955001831055","219","26.36","21.121","14.388658452","0.913167939221032","0.952095027469232","12.70063206",
"1/6/1982","-51.875","-4.83955001831055","219","27.275","21.854","29.796980832","1.21119284162884","0.954581687986186","13.601815056",
"1/7/1982","-51.875","-4.83955001831055","219","25.492","21.195","19.21233564","0.622664996769455","0.969111263338744","12.23240706",
"1/8/1982","-51.875","-4.83955001831055","219","22.569","19.406","60.27031764","1.36501596813039","0.981027932874033","3.51731322",
"1/9/1982","-51.875","-4.83955001831055","219","25.429","19.973","6.3137028456","0.80229209279874","0.939431272040292","9.1631259",
"1/10/1982","-51.875","-4.83955001831055","219","31.176","18.852","4.744717344","0.971570983680306","0.856377109512689","19.46891376",
"1/11/1982","-51.875","-4.83955001831055","219","31.334","21.08","3.09677598","1.11100257691676","0.876259643718243","17.35498242",
"1/12/1982","-51.875","-4.83955001831055","219","30.557","22.07","14.80064544","0.904639743265849","0.901158012229556","23.2162902",
"1/13/1982","-51.875","-4.83955001831055","219","25.371","22.267","18.39007692","0.750532110456757","0.971214329042894","12.893229648",
"1/14/1982","-51.875","-4.83955001831055","219","25.028","21.618","14.58778572","1.05617257436091","0.977526282992681","9.46530018",
"1/15/1982","-51.875","-4.83955001831055","219","24.473","21.592","21.47827464","1.12192350831338","0.978333204822325","5.869464822",
"1/16/1982","-51.875","-4.83955001831055","219","23.516","20.997","42.24588588","0.728185138051346","0.982108066369665","3.72960018",
"1/17/1982","-51.875","-4.83955001831055","219","28.112","19.896","5.4038985264","0.49324370231514","0.940870538235982","11.40013476",
"1/18/1982","-51.875","-4.83955001831055","219","23.166","20.154","53.26996536","0.494599598027925","0.983403930144847","2.80434276",
"1/19/1982","-51.875","-4.83955001831055","219","26.372","20.107","11.97853452","0.787081461258658","0.939899732894406","13.79177154",
"1/20/1982","-51.875","-4.83955001831055","219","26.045","21.111","2.4204252888","0.959998923730154","0.919533780828146","13.47705054",
"1/21/1982","-51.875","-4.83955001831055","219","29.307","21.545","4.367067012","1.47551597900832","0.857995570405674","25.57760616",
"1/22/1982","-51.875","-4.83955001831055","219","29.985","21.174","2.392959456","1.42590404914459","0.829958742941747","19.131523758",
"1/23/1982","-51.875","-4.83955001831055","219","23.091","20.15","26.8890534","0.715943628030397","0.982236317882619","2.459923182",
"1/24/1982","-51.875","-4.83955001831055","219","24.442","20.154","16.43485392","0.761273215859508","0.977717124022915","9.7643745",
"1/25/1982","-51.875","-4.83955001831055","219","23.307","21.472","57.2284638","1.02578766375116","0.980542665121532","4.18786776",
"1/26/1982","-51.875","-4.83955001831055","219","24.878","19.517","41.79268332","1.28784703055382","0.961942266214815","7.696404432",
"1/27/1982","-51.875","-4.83955001831055","219","23.43","20.268","4.4837977104","0.988732581853436","0.977370248669525","5.623198722",
"1/28/1982","-51.875","-4.83955001831055","219","27.286","19.886","6.814958508","0.89237782732227","0.940809726399055","18.98245755",
"1/29/1982","-51.875","-4.83955001831055","219","28.551","20.507","5.67168696","1.11274441406498","0.930384471325354","14.036902092",
"1/30/1982","-51.875","-4.83955001831055","219","27.835","21.294","29.9858076","0.818275202926974","0.916726393517206","9.43469802",
"1/31/1982","-51.875","-4.83955001831055","219","27.703","20.486","6.802934724","1.04145929880078","0.918866071604618","20.572533",
"2/1/1982","-51.875","-4.83955001831055","219","25.836","21.948","22.83095808","1.32767953091071","0.967776194051194","14.7364353",
"2/2/1982","-51.875","-4.83955001831055","219","25.109","21.464","14.78261412","0.978790978112209","0.974433528877342","12.52823103",
"2/3/1982","-51.875","-4.83955001831055","219","24.544","20.39","33.470538444","1.07434191117312","0.978503346534387","7.41380301",
"2/4/1982","-51.875","-4.83955001831055","219","24.987","20.519","62.512224948","0.680713831058496","0.977916947076253","10.969317288",
"2/5/1982","-51.875","-4.83955001831055","219","27.406","20.293","17.42191812","0.829353511277324","0.963211607291892","19.8924201",
"2/6/1982","-51.875","-4.83955001831055","219","28.791","21.734","12.96558432","0.895637880611407","0.941164929438045","19.95002766",
"2/7/1982","-51.875","-4.83955001831055","219","25.172","22.365","15.79799412","0.815643711932308","0.973021874459736","11.33105724",
"2/8/1982","-51.875","-4.83955001831055","219","24.898","19.914","43.864644852","0.495114424077178","0.978888073057122","7.74286641",
"2/9/1982","-51.875","-4.83955001831055","219","30.653","20.516","11.7073104048","0.845827467836714","0.895440773554148","14.4833094",
"2/10/1982","-51.875","-4.83955001831055","219","30.333","22.483","14.496804","1.47100606051601","0.830926457578768","22.965069618",
"2/11/1982","-51.875","-4.83955001831055","219","27.143","21.382","11.6781192","0.922967731789642","0.946608548156603","18.31381587",
"2/12/1982","-51.875","-4.83955001831055","219","26.048","21.845","20.6182368864","0.893444942522604","0.973914040374798","12.747659778",
"2/13/1982","-51.875","-4.83955001831055","219","25.672","22.311","14.96630124","0.810560436503085","0.974587452644119","12.72426138",
"2/14/1982","-51.875","-4.83955001831055","219","26.601","22.414","23.50044612","1.09510690580387","0.96463285605719","17.59815342",
"2/15/1982","-51.875","-4.83955001831055","219","31.405","22.336","14.156916804","1.42373945805763","0.890647482462819","20.24758413",
"2/16/1982","-51.875","-4.83955001831055","219","24.041","22.267","29.48456304","0.916929124292047","0.979707019960443","3.82511232",
"2/17/1982","-51.875","-4.83955001831055","219","23.595","20.745","81.611257572","0.594779785111966","0.982513523685436","2.73751929",
"2/18/1982","-51.875","-4.83955001831055","219","25.601","20.763","23.6841138","1.02521939136648","0.974353522615342","14.84701911",
"2/19/1982","-51.875","-4.83955001831055","219","30.539","21.413","4.8271184424","1.28836580083422","0.863125196509709","22.21700184",
"2/20/1982","-51.875","-4.83955001831055","219","26.628","21.018","7.80029388","1.05669871000636","0.945101993247885","22.14928494",
"2/21/1982","-51.875","-4.83955001831055","219","27.943","20.706","6.013305","0.987661049066365","0.935757359065799","13.092018138",
"2/22/1982","-51.875","-4.83955001831055","219","27.767","20.333","8.94012462","1.0340315080466","0.949304858129258","23.05405791",
"2/23/1982","-51.875","-4.83955001831055","219","31.489","21.5","4.2640678224","1.37766668675996","0.857396073796201","23.7996567",
"2/24/1982","-51.875","-4.83955001831055","219","30.303","21.928","10.33573284","1.07175199380445","0.909256447751527","20.46341817",
"2/25/1982","-51.875","-4.83955001831055","219","25.363","21.999","14.726826","1.1230941537384","0.969913746972474","13.74643017",
"2/26/1982","-51.875","-4.83955001831055","219","23.573","21.748","54.84923208","0.875372126109934","0.981453343929727","3.57221691",
"2/27/1982","-51.875","-4.83955001831055","219","28.895","21.367","7.0037837424","1.10725311044528","0.929239850178727","15.99181425",
"2/28/1982","-51.875","-4.83955001831055","219","26.091","21.951","40.0726521864","1.1444487522032","0.9536619272532","9.41557959",
"3/1/1982","-51.875","-4.83955001831055","219","26.842","21.875","23.1828753384","0.767771717478218","0.968260940265754","24.09800733",
"3/2/1982","-51.875","-4.83955001831055","219","25.203","22.168","10.507396968","1.04287084165778","0.974521462634443","14.40101421",
"3/3/1982","-51.875","-4.83955001831055","219","25.053","21.484","16.28552088","1.18720157678263","0.976497427692253","10.30106394",
"3/4/1982","-51.875","-4.83955001831055","219","28.673","20.818","3.8297614464","0.829751452064853","0.912875186607523","15.97634361",
"3/5/1982","-51.875","-4.83955001831055","219","29.959","21.233","1.496887452","0.955257917412438","0.909458627018903","14.95681362",
"3/6/1982","-51.875","-4.83955001831055","219","26.911","21.873","36.72009072","0.727475551958354","0.961683159116591","9.73501434",
"3/7/1982","-51.875","-4.83955001831055","219","24.929","22.045","15.28988724","0.987954025215983","0.973440508698625","11.52680598",
"3/8/1982","-51.875","-4.83955001831055","219","26.849","21.785","6.36691896","1.31789809758371","0.931867433207306","11.751297498",
"3/9/1982","-51.875","-4.83955001831055","219","25.516","20.95","11.17859184","0.833980734165382","0.96013138197979","10.720520082",
"3/10/1982","-51.875","-4.83955001831055","219","24.775","21.519","18.07680096","0.930872803254678","0.972840737995642","13.81517208",
"3/11/1982","-51.875","-4.83955001831055","219","30.802","20.781","12.708088812","1.06744505427078","0.932167362702833","20.33797806",
"3/12/1982","-51.875","-4.83955001831055","219","30.429","20.78","14.24531736","1.05463440251823","0.856807899779492","21.90802734",
"3/13/1982","-51.875","-4.83955001831055","219","29.236","21.757","14.34230064","1.12960223939408","0.911925510887418","27.99816084",
"3/14/1982","-51.875","-4.83955001831055","219","27.972","21.872","11.80343178","1.31118174027529","0.935778293092431","25.98474744",
"3/15/1982","-51.875","-4.83955001831055","219","29.502","22.238","13.331228148","0.921505185887741","0.931673516952037","26.97806097",
"3/16/1982","-51.875","-4.83955001831055","219","28.318","22.208","49.55346324","1.06424727416604","0.90271428113334","9.59197743",
"3/17/1982","-51.875","-4.83955001831055","219","27.122","21.813","19.05098076","0.870157642579408","0.958434820809041","21.90976362",
"3/18/1982","-51.875","-4.83955001831055","219","26.719","22.145","13.27285764","0.893356274922553","0.965312490497768","17.85791268",
"3/19/1982","-51.875","-4.83955001831055","219","25.874","22.636","17.1112017384","0.826218050145407","0.972106922441924","18.3565674",
"3/20/1982","-51.875","-4.83955001831055","219","28.65","21.645","3.10020408","0.772533911515186","0.919427740579003","16.12585944",
"3/21/1982","-51.875","-4.83955001831055","219","26.409","19.559","10.2945384","0.999983723213211","0.955931947774423","18.27123624",
"3/22/1982","-51.875","-4.83955001831055","219","26.638","22.337","12.309833052","0.947878798806593","0.951936610963432","19.67613588",
"3/23/1982","-51.875","-4.83955001831055","219","30.858","22.42","18.4759136928","1.21785823272343","0.885357703310406","23.227987968",
"3/24/1982","-51.875","-4.83955001831055","219","27.611","21.778","3.812600304","1.12526582274393","0.930291504286719","16.0017192",
"3/25/1982","-51.875","-4.83955001831055","219","25.573","21.542","13.97580732","1.01526922385842","0.969541181678384","18.901917",
"3/26/1982","-51.875","-4.83955001831055","219","24.833","22.019","18.7454214","1.06092870148219","0.978269502876172","6.32655207",
"3/27/1982","-51.875","-4.83955001831055","219","24.233","21.376","61.597207008","1.14542074458944","0.981058967739362","4.520083518",
"3/28/1982","-51.875","-4.83955001831055","219","30.778","19.556","5.3215036704","0.85353029600189","0.897864563745291","17.909497422",
"3/29/1982","-51.875","-4.83955001831055","219","26.725","22.511","15.3825714","0.661157899002505","0.96604359607767","15.79303107",
"3/30/1982","-51.875","-4.83955001831055","219","29.455","23.235","9.906578748","1.08004382208167","0.918585273926669","23.33030886",
"3/31/1982","-51.875","-4.83955001831055","219","26.244","22.18","14.2959577464","0.672717363104894","0.970996874507109","12.38067936",
"4/1/1982","-51.875","-4.83955001831055","219","31.177","21.504","2.7276998544","0.947023770348017","0.894217651635396","16.01319087",
"4/2/1982","-51.875","-4.83955001831055","219","27.687","20.29","5.97725244","0.915322782447434","0.94678621560378","14.19412374",
"4/3/1982","-51.875","-4.83955001831055","219","31.202","21.346","9.9546448608","1.15115170083835","0.871816758173947","22.680678348",
"4/4/1982","-51.875","-4.83955001831055","219","26.497","22.462","14.09511456","0.819259887514899","0.969707676249319","16.27864164",
"4/5/1982","-51.875","-4.83955001831055","219","27.596","21.937","4.328442216","0.898194846131879","0.950118157468659","11.97348588",
"4/6/1982","-51.875","-4.83955001831055","219","27.875","20.245","11.09447568","0.811428868081901","0.955002785974687","16.9539228",
"4/7/1982","-51.875","-4.83955001831055","219","27.461","20.786","17.3103273864","0.894416570382","0.952786526427979","26.0488656",
"4/8/1982","-51.875","-4.83955001831055","219","28.899","21.72","1.3406755104","1.22950175816527","0.877425407855938","18.55479222",
"4/9/1982","-51.875","-4.83955001831055","219","31.185","20.957","4.954142988","1.3331090115806","0.886668815885001","20.52551178",
"4/10/1982","-51.875","-4.83955001831055","219","26.517","22.15","8.18653194","0.775302529390338","0.956748288237583","13.99016592",
"4/11/1982","-51.875","-4.83955001831055","219","30.744","21.924","14.61009744","0.94270093555684","0.88453865623659","21.32920836",
"4/12/1982","-51.875","-4.83955001831055","219","25.546","22.484","16.132733172","0.861876449084999","0.970298456756795","11.670751872",
"4/13/1982","-51.875","-4.83955001831055","219","22.542","20.25","71.79735852","1.32249734704323","0.982215537983107","1.89472536",
"4/14/1982","-51.875","-4.83955001831055","219","25.251","19.73","3.735351828","1.01627299278802","0.935518042738291","11.74589982",
"4/15/1982","-51.875","-4.83955001831055","219","28.16","21.102","4.413408084","0.974925479163491","0.928936414563617","16.08592878",
"4/16/1982","-51.875","-4.83955001831055","219","25.664","21.21","12.632564448","0.885481272954709","0.963577458016266","13.9039326",
"4/17/1982","-51.875","-4.83955001831055","219","22.813","19.517","32.6963467728","1.09260665867857","0.981553964448299","2.699660916",
"4/18/1982","-51.875","-4.83955001831055","219","29.383","19.376","1.9844057376","0.926032764999911","0.909823001743611","14.2987554",
"4/19/1982","-51.875","-4.83955001831055","219","27.236","21.756","6.24676392","0.850529086752348","0.953315105491476","10.00428534",
"4/20/1982","-51.875","-4.83955001831055","219","30.05","20.526","1.8110262024","1.00596880741746","0.866415416688465","16.467186528",
"4/21/1982","-51.875","-4.83955001831055","219","27.437","21.109","9.6164709624","1.08638481664758","0.95197808756404","21.90060036",
"4/22/1982","-51.875","-4.83955001831055","219","29.402","22.289","3.0607249608","1.0574252538871","0.896614362207004","19.63051884",
"4/23/1982","-51.875","-4.83955001831055","219","27.811","22.768","8.874892872","0.882657361696939","0.944605035403985","22.4749656",
"4/24/1982","-51.875","-4.83955001831055","219","27.794","22.704","25.4436588","0.926623823853448","0.957694257342375","19.68856362",
"4/25/1982","-51.875","-4.83955001831055","219","29.074","22.228","9.17701488","1.32205951888412","0.896966059172703","23.63590674",
"4/26/1982","-51.875","-4.83955001831055","219","28.246","21.14","16.5086721864","1.03186424375515","0.925680240892385","19.5013152",
"4/27/1982","-51.875","-4.83955001831055","219","27.964","21.481","12.37507164","0.950773151091084","0.947972814557463","14.3193384",
"4/28/1982","-51.875","-4.83955001831055","219","26.561","19.931","12.5055258264","0.787722952046496","0.969627694593299","14.419919088",
"4/29/1982","-51.875","-4.83955001831055","219","30.534","21.08","5.996133288","1.21261176019822","0.884371212827086","19.1485179",
"4/30/1982","-51.875","-4.83955001831055","219","28.586","20.456","7.896423456","0.900999701139499","0.916186270338935","15.4519884",
"5/1/1982","-51.875","-4.83955001831055","219","29.466","20.887","4.233167748","0.75589472445847","0.925157880028179","13.607271288",
"5/2/1982","-51.875","-4.83955001831055","219","27.873","19.837","3.93104646","0.830163147378061","0.919491351232996","13.9099536",
"5/3/1982","-51.875","-4.83955001831055","219","26.317","21.654","13.5131854464","0.515807306863748","0.97172099625806","10.38228768",
"5/4/1982","-51.875","-4.83955001831055","219","28.982","19.515","5.245972956","0.630683029794057","0.931207932981834","16.6583178",
"5/5/1982","-51.875","-4.83955001831055","219","29.151","22.422","18.94112496","1.07170091611493","0.934663569368505","9.96721812",
"5/6/1982","-51.875","-4.83955001831055","219","27.683","21.896","8.510977332","1.17515898713119","0.931080983761328","17.31318642",
"5/7/1982","-51.875","-4.83955001831055","219","31.073","20.819","2.372361084","1.37168958284354","0.818761430259686","17.12323062",
"5/8/1982","-51.875","-4.83955001831055","219","30.866","20.485","2.14576794","1.51476021816377","0.819861817292229","19.82474748",
"5/9/1982","-51.875","-4.83955001831055","219","31.064","19.526","0.470352168","1.26816339801829","0.824971792387894","17.3406321",
"5/10/1982","-51.875","-4.83955001831055","219","30.017","19.859","0.56648268","1.19349841975381","0.801300693364085","17.38602756",
"5/11/1982","-51.875","-4.83955001831055","219","29.316","20.588","4.22630172","1.14897536403513","0.881402352310237","21.28786866",
"5/12/1982","-51.875","-4.83955001831055","219","28.917","20.923","3.905294436","1.20112686057266","0.912622038299183","16.4407509",
"5/13/1982","-51.875","-4.83955001831055","219","27.615","22.236","8.3427442344","1.19925686730783","0.944632885986677","21.13386048",
"5/14/1982","-51.875","-4.83955001831055","219","28.724","21.644","6.7617376776","1.04376568352962","0.907503307956722","20.8226835",
"5/15/1982","-51.875","-4.83955001831055","219","33.131","18.621","0","1.31575009425692","0.72132920314509","22.37455566",
"5/16/1982","-51.875","-4.83955001831055","219","32.96","20.01","0","1.46093376330173","0.733332140117802","21.02968152",
"5/17/1982","-51.875","-4.83955001831055","219","30.102","19.845","3.216933","1.22990437554656","0.84509579891243","23.55018822",
"5/18/1982","-51.875","-4.83955001831055","219","30.387","21.269","1.05400098","1.04954728667682","0.875427094285579","15.627315708",
"5/19/1982","-51.875","-4.83955001831055","219","30.636","18.215","4.71382452","0.986053289907966","0.881249696977669","23.77164294",
"5/20/1982","-51.875","-4.83955001831055","219","31.096","22.319","0.8205423624","1.25552776624779","0.839458551497478","13.52131614",
"5/21/1982","-51.875","-4.83955001831055","219","31.371","20.132","2.79979884","1.3329734152484","0.817692915245899","21.38044986",
"5/22/1982","-51.875","-4.83955001831055","219","28.248","18.952","7.21664316","0.968708604648315","0.934226358264274","21.78207846",
"5/23/1982","-51.875","-4.83955001831055","219","29.097","21.123","1.108932372","1.11974935116562","0.894235984834476","13.55265378",
"5/24/1982","-51.875","-4.83955001831055","219","32.374","17.817","0.0823974192","1.09863568555893","0.793900948586016","20.69291286",
"5/25/1982","-51.875","-4.83955001831055","219","32.813","19.652","2.0221711776","1.02156359611937","0.805647083126148","17.8781067",
"5/26/1982","-51.875","-4.83955001831055","219","32.915","19.1","3.18946626","1.04487525844413","0.798140041661367","21.85436178",
"5/27/1982","-51.875","-4.83955001831055","219","31.052","19.561","9.482575248","0.818634840736998","0.900916469319558","14.8701915",
"5/28/1982","-51.875","-4.83955001831055","219","33.13","18.517","12.6171132264","1.05063216261348","0.758488850209677","17.21874078",
"5/29/1982","-51.875","-4.83955001831055","219","32.505","18.619","1.37672424","0.92054611346183","0.779004881351297","19.38599946",
"5/30/1982","-51.875","-4.83955001831055","219","29.597","17.408","3.21350076","0.871401281689913","0.878094643820502","22.75610202",
"5/31/1982","-51.875","-4.83955001831055","219","31.461","20.51","1.807594344","1.60615647500109","0.781296390006571","21.1349862",
"6/1/1982","-51.875","-4.83955001831055","219","31.626","19.05","0.271225332","1.69004229552526","0.692560241222353","22.64827716",
"6/2/1982","-51.875","-4.83955001831055","219","32.775","19.097","0","1.66024299142592","0.649844013283784","23.49055998",
"6/3/1982","-51.875","-4.83955001831055","219","32.83","18.031","0","1.50340211028016","0.650550307258746","21.07654164",
"6/4/1982","-51.875","-4.83955001831055","219","33.126","19.555","0","1.48922112589838","0.658782540605805","21.1972572",
"6/5/1982","-51.875","-4.83955001831055","219","32.206","19.508","0.0926973","1.15106451203796","0.731844705343904","16.2883206",
"6/6/1982","-51.875","-4.83955001831055","219","32.712","20.878","0","1.18706517391785","0.656376825820146","18.93380976",
"6/7/1982","-51.875","-4.83955001831055","219","29.812","20.732","0.7407188136","1.08108358571944","0.822210613078403","11.16973332",
"6/8/1982","-51.875","-4.83955001831055","219","28.367","20.56","2.5938036","1.14629669874265","0.887509724511654","15.9241509",
"6/9/1982","-51.875","-4.83955001831055","219","33.389","18.187","0","1.39175892498855","0.698779470814335","23.30628372",
"6/10/1982","-51.875","-4.83955001831055","219","33.323","19.132","0","1.65564708240683","0.611672772658254","23.51598606",
"6/11/1982","-51.875","-4.83955001831055","219","32.197","18.35","0","1.6440044675782","0.620620913820184","22.45150638",
"6/12/1982","-51.875","-4.83955001831055","219","32.103","18.273","0.113296392","1.34135928299363","0.740670077026013","17.8138071",
"6/13/1982","-51.875","-4.83955001831055","219","33.11","20.257","0","1.25048171670764","0.727389618004453","16.29472266",
"6/14/1982","-51.875","-4.83955001831055","219","33.602","18.915","0","1.51460938118321","0.627322046889572","23.33468844",
"6/15/1982","-51.875","-4.83955001831055","219","33.297","18.537","0","1.67165347102182","0.565541270643547","21.48940872",
"6/16/1982","-51.875","-4.83955001831055","219","33.992","21.36","0.0137329128","1.69940170091379","0.539010830168483","23.12111304",
"6/17/1982","-51.875","-4.83955001831055","219","33.561","19.974","0","1.67207254052189","0.543348537580353","20.93613768",
"6/18/1982","-51.875","-4.83955001831055","219","32.737","21.666","0","1.19069997702983","0.610675890314977","10.92065058",
"6/19/1982","-51.875","-4.83955001831055","219","32.666","16.6","0.41713704","0.905552929635916","0.732778175285469","15.8988294",
"6/20/1982","-51.875","-4.83955001831055","219","32.717","20.417","0.6111144","1.01870075326876","0.768456674640434","15.67090674",
"6/21/1982","-51.875","-4.83955001831055","219","33.521","19.51","1.06945182","1.09104353572318","0.723070705692209","16.5852531",
"6/22/1982","-51.875","-4.83955001831055","219","33.457","16.674","0","1.20465882849359","0.65499696493785","21.05359002",
"6/23/1982","-51.875","-4.83955001831055","219","31.651","18.218","0.10986336","0.941019045737574","0.741560984206166","9.6188076",
"6/24/1982","-51.875","-4.83955001831055","219","32.04","21.243","0","1.3947252454997","0.637840674413486","23.27664132",
"6/25/1982","-51.875","-4.83955001831055","219","30.416","17.091","1.438522272","1.11045881350023","0.809716804851891","17.39345868",
"6/26/1982","-51.875","-4.83955001831055","219","26.542","20.181","15.924169116","1.00176824156905","0.940895708939876","16.2751536",
"6/27/1982","-51.875","-4.83955001831055","219","31.521","20.113","0.4531862592","1.36497878261754","0.759155858558994","18.60423552",
"6/28/1982","-51.875","-4.83955001831055","219","33.25","19.453","0.10986336","1.24632151066226","0.653390737981386","23.27344002",
"6/29/1982","-51.875","-4.83955001831055","219","33.852","19.044","0","1.42819400550531","0.568997621044551","23.57916246",
"6/30/1982","-51.875","-4.83955001831055","219","33.746","19.012","0","1.54502917332261","0.553155651140217","23.55462972",
"7/1/1982","-51.875","-4.83955001831055","219","34.047","19.021","0","1.55231315262381","0.511624281496401","23.76597276",
"7/2/1982","-51.875","-4.83955001831055","219","33.414","18.565","0","1.65824386848089","0.53004569966842","23.6729907",
"7/3/1982","-51.875","-4.83955001831055","219","31.169","18.435","0.525283812","1.18361879786191","0.723511056248409","14.98815108",
"7/4/1982","-51.875","-4.83955001831055","219","31.935","16.135","0","0.846470867155765","0.758320580845732","15.17186556",
"7/5/1982","-51.875","-4.83955001831055","219","33.331","15.654","0","1.12142075358297","0.647737811799813","17.92051848",
"7/6/1982","-51.875","-4.83955001831055","219","32.593","16.4","0","1.28975670197942","0.622657641170518","23.33683044",
"7/7/1982","-51.875","-4.83955001831055","219","33.464","15.377","0","1.21001715988023","0.550687051226511","23.55552504",
"7/8/1982","-51.875","-4.83955001831055","219","34.198","18.293","0","1.36144876731579","0.50534757523903","23.7965598",
"7/9/1982","-51.875","-4.83955001831055","219","34.62","18.086","0","1.2824065076764","0.517396815187286","23.53893426",
"7/10/1982","-51.875","-4.83955001831055","219","34.5","20.638","0.197410572","1.02399245678682","0.604853772140301","16.8800085",
"7/11/1982","-51.875","-4.83955001831055","219","31.324","18.448","0","1.59763161859962","0.697839125952894","21.4049214",
"7/12/1982","-51.875","-4.83955001831055","219","33.221","19.136","0","1.68478181377599","0.668415386220365","18.02852352",
"7/13/1982","-51.875","-4.83955001831055","219","32.601","20.697","0.312424092","1.22512297646202","0.728615382934216","8.18656632",
"7/14/1982","-51.875","-4.83955001831055","219","32.808","19.125","0","1.45961508552838","0.655979814776965","21.22830612",
"7/15/1982","-51.875","-4.83955001831055","219","34.649","16.6","0","1.29089656513771","0.604398379076455","23.26933242",
"7/16/1982","-51.875","-4.83955001831055","219","33.688","19.819","0.010299672","1.52145164020573","0.5382800397567","23.50895058",
"7/17/1982","-51.875","-4.83955001831055","219","33.04","18.687","0","1.62062556859758","0.600373056581327","21.03631776",
"7/18/1982","-51.875","-4.83955001831055","219","33.776","18.438","0","1.54424826845021","0.603736082326991","22.79559186",
"7/19/1982","-51.875","-4.83955001831055","219","34.396","19.995","0","1.17701298139736","0.56917862839731","17.06417352",
"7/20/1982","-51.875","-4.83955001831055","219","34.461","22.196","0","1.15425133063119","0.485753708925589","18.39914874",
"7/21/1982","-51.875","-4.83955001831055","219","30.062","15.916","0","1.10870688632067","0.690983371121494","15.06740364",
"7/22/1982","-51.875","-4.83955001831055","219","32.208","19.078","0.093555468","1.10409502777486","0.698676964710379","14.20177248",
"7/23/1982","-51.875","-4.83955001831055","219","33.462","19.023","0.0068664528","1.13152385458412","0.587625177344965","24.35140836",
"7/24/1982","-51.875","-4.83955001831055","219","33.385","13.989","0","1.42963259531646","0.569412567271397","23.7768192",
"7/25/1982","-51.875","-4.83955001831055","219","32.846","21.97","0","1.3774405361324","0.642983998424975","13.6474866",
"7/26/1982","-51.875","-4.83955001831055","219","33.585","19.247","0","1.78578344971712","0.53286511279421","24.44872518",
"7/27/1982","-51.875","-4.83955001831055","219","33.746","18.197","0","1.36278836905013","0.526854403384781","18.59810742",
"7/28/1982","-51.875","-4.83955001831055","219","31.307","22.187","0.1235961864","1.91098889064411","0.637843629179345","16.046720208",
"7/29/1982","-51.875","-4.83955001831055","219","29.902","19.234","0.010299672","0.886871577622167","0.759029763416715","5.168303928",
"7/30/1982","-51.875","-4.83955001831055","219","32.229","17.01","0.3570552","0.992829602517177","0.686017213171778","16.12704294",
"7/31/1982","-51.875","-4.83955001831055","219","32.169","19.847","0.0274658112","1.54703100218074","0.690879328709518","17.25980652",
"8/1/1982","-51.875","-4.83955001831055","219","32.052","21.265","0.3707892","1.34467861626239","0.684756011143097","15.62197716",
"8/2/1982","-51.875","-4.83955001831055","219","32.067","19.349","0.94928724","1.67821990602312","0.718516934200214","22.78440126",
"8/3/1982","-51.875","-4.83955001831055","219","32.94","19.741","0","1.40158497728762","0.678638511186754","18.8308161",
"8/4/1982","-51.875","-4.83955001831055","219","35.287","19.038","0","1.23031655952744","0.608299506114804","20.2290768",
"8/5/1982","-51.875","-4.83955001831055","219","33.204","19.708","0.75702636","1.18304342778831","0.684767453207161","16.369483752",
"8/6/1982","-51.875","-4.83955001831055","219","34.536","19.201","0","1.72316619113946","0.569798149091028","22.93054236",
"8/7/1982","-51.875","-4.83955001831055","219","34.259","19.071","0","1.64945477074099","0.533120269998449","23.27113539",
"8/8/1982","-51.875","-4.83955001831055","219","32.394","19.872","0","1.27663319685418","0.629176699925129","8.58127329",
"8/9/1982","-51.875","-4.83955001831055","219","34.266","17.297","0","1.07075939201078","0.632298304577142","22.42805355",
"8/10/1982","-51.875","-4.83955001831055","219","34.831","19.584","0","1.34995133035147","0.442713134242245","24.65679276",
"8/11/1982","-51.875","-4.83955001831055","219","35.837","23.199","0","1.41944715992223","0.38620683520725","20.66338332",
"8/12/1982","-51.875","-4.83955001831055","219","35.141","19.234","0","1.21195203466744","0.517589731400548","16.84013004",
"8/13/1982","-51.875","-4.83955001831055","219","34.043","19.049","0","1.85907135557634","0.521778626689107","25.53277518",
"8/14/1982","-51.875","-4.83955001831055","219","34.876","19.934","0","1.75566678569622","0.505450006138364","19.92509154",
"8/15/1982","-51.875","-4.83955001831055","219","34.713","21.538","0","1.42428361654835","0.480844055443593","15.35422068",
"8/16/1982","-51.875","-4.83955001831055","219","35.1","19.602","0","1.67708392946309","0.391022586853057","26.478674352",
"8/17/1982","-51.875","-4.83955001831055","219","34.563","20.042","0.0394821144","1.26487656146047","0.499277456639909","18.271569528",
"8/18/1982","-51.875","-4.83955001831055","219","33.972","22.561","0.0274658184","1.41527535373657","0.528515011605849","20.39715495",
"8/19/1982","-51.875","-4.83955001831055","219","35.595","21.636","0.039482136","1.21968821399911","0.534743807033454","18.99573633",
"8/20/1982","-51.875","-4.83955001831055","219","34.496","21.347","0","1.68206480523553","0.484286850043371","19.45327302",
"8/21/1982","-51.875","-4.83955001831055","219","36.417","20.849","0","1.65359187050705","0.488866781165374","18.74643498",
"8/22/1982","-51.875","-4.83955001831055","219","35.913","21.972","0.2574923976","1.6779959229944","0.576161252305574","11.59857882",
"8/23/1982","-51.875","-4.83955001831055","219","35.305","20.136","0","1.36219976741309","0.572212803964835","17.68556754",
"8/24/1982","-51.875","-4.83955001831055","219","35.355","17.153","0","1.59914758142341","0.563725842877002","26.151913512",
"8/25/1982","-51.875","-4.83955001831055","219","35.952","18.468","0","1.69105259430514","0.443830679826274","26.17301232",
"8/26/1982","-51.875","-4.83955001831055","219","36.373","20.663","0","2.23924611335368","0.376574409404733","26.348180688",
"8/27/1982","-51.875","-4.83955001831055","219","33.418","20.258","0.0600815088","1.49223408274516","0.500031808862842","13.469285088",
"8/28/1982","-51.875","-4.83955001831055","219","33.159","17.776","0","0.803362973231625","0.641420966581083","8.310493692",
"8/29/1982","-51.875","-4.83955001831055","219","35.738","17.598","0","1.24478229255548","0.510058789176633","20.5953165",
"8/30/1982","-51.875","-4.83955001831055","219","36.22","18.528","0","1.26554276700789","0.468491346558164","20.41464258",
"8/31/1982","-51.875","-4.83955001831055","219","35.612","24.653","0","1.19373495709336","0.419948675405403","18.014622408",
"9/1/1982","-51.875","-4.83955001831055","219","37.524","18.014","0","1.35292064056013","0.446727355964911","19.60166214",
"9/2/1982","-51.875","-4.83955001831055","219","36.228","21.833","0.041198724","1.77933215502173","0.459655696273682","21.79311282",
"9/3/1982","-51.875","-4.83955001831055","219","34.897","21.649","0.0137329056","1.95566760879403","0.550138108357799","17.252042688",
"9/4/1982","-51.875","-4.83955001831055","219","37.161","20.808","0","1.96432377161394","0.528311668370629","25.249331592",
"9/5/1982","-51.875","-4.83955001831055","219","37.504","20.205","0","1.16001536603328","0.477117697782488","24.926454792",
"9/6/1982","-51.875","-4.83955001831055","219","38.441","19.829","0.0034332264","1.46243430837981","0.507232981361466","19.61735724",
"9/7/1982","-51.875","-4.83955001831055","219","37.639","22.627","0","1.89683565069888","0.455006400538884","25.657539192",
"9/8/1982","-51.875","-4.83955001831055","219","37.363","21.69","0","1.60229600002765","0.511134260143491","19.333969488",
"9/9/1982","-51.875","-4.83955001831055","219","30.755","19.068","10.236170448","1.33497038228356","0.764314928924095","24.788982312",
"9/10/1982","-51.875","-4.83955001831055","219","35.864","20.382","1.329517296","1.53805304264706","0.731357472635079","19.361421",
"9/11/1982","-51.875","-4.83955001831055","219","33.91","18.486","0","1.38652042277128","0.61427017251728","17.591740488",
"9/12/1982","-51.875","-4.83955001831055","219","34.545","22.943","0","1.49053888404004","0.509679080630707","16.9809183",
"9/13/1982","-51.875","-4.83955001831055","219","35.171","23.39","0","1.92943266380037","0.488291794598992","20.44248984",
"9/14/1982","-51.875","-4.83955001831055","219","35.369","23.175","0","1.25813559964307","0.550741980811726","7.50431322",
"9/15/1982","-51.875","-4.83955001831055","219","32.762","18.323","0.808525152","1.22418046775301","0.697109208033096","20.165681592",
"9/16/1982","-51.875","-4.83955001831055","219","34.437","19.892","1.2136459464","1.6762039643644","0.663460027218883","20.723965128",
"9/17/1982","-51.875","-4.83955001831055","219","33.068","21.141","0.50983488","1.62196735626907","0.601387565984995","18.2269062",
"9/18/1982","-51.875","-4.83955001831055","219","34.033","22.866","0.114154848","1.49617463073672","0.578771552075682","17.54229024",
"9/19/1982","-51.875","-4.83955001831055","219","36.962","23.348","0","1.45077571585988","0.465161845032378","19.6676478",
"9/20/1982","-51.875","-4.83955001831055","219","30.534","23.263","0","1.34695687688081","0.563392513067947","13.660484112",
"9/21/1982","-51.875","-4.83955001831055","219","35.53","21.323","1.1269565784","1.11752094958624","0.648987880766036","16.183632312",
"9/22/1982","-51.875","-4.83955001831055","219","32.872","21.16","0.627422652","1.12639386071869","0.716156421304211","17.347948488",
"9/23/1982","-51.875","-4.83955001831055","219","32.757","21.622","23.213790756","1.71751194892235","0.731904968904606","24.3920214",
"9/24/1982","-51.875","-4.83955001831055","219","33.499","21.557","0.0978469704","1.65179324515777","0.634619407012902","19.24998867",
"9/25/1982","-51.875","-4.83955001831055","219","33.366","21.229","0","1.46490550048115","0.568136437253194","19.876671072",
"9/26/1982","-51.875","-4.83955001831055","219","37.156","21.56","0","1.07782615306178","0.521774330439007","19.034214192",
"9/27/1982","-51.875","-4.83955001831055","219","37.015","20.75","0","1.53527253077043","0.51277863142364","20.4905772",
"9/28/1982","-51.875","-4.83955001831055","219","36.756","22.324","0.583648632","1.52112670922224","0.504176112851288","21.636003672",
"9/29/1982","-51.875","-4.83955001831055","219","34.645","20.233","1.1329651728","1.0940683949712","0.682560253766657","14.44876686",
"9/30/1982","-51.875","-4.83955001831055","219","34.029","22.036","0.0034332264","1.60270765490684","0.541868213346756","20.51364456",
"10/1/1982","-51.875","-4.83955001831055","219","34.704","20.764","0.2506257936","1.83748212200067","0.555827639159536","17.9830125",
"10/2/1982","-51.875","-4.83955001831055","219","34.82","20.271","0.190544436","1.52866440576365","0.600992187878858","19.157006808",
"10/3/1982","-51.875","-4.83955001831055","219","33.969","21.279","0","1.51333019972032","0.57168431771161","14.70019788",
"10/4/1982","-51.875","-4.83955001831055","219","33.736","20.234","0","2.00164344901016","0.558477403031255","25.14492774",
"10/5/1982","-51.875","-4.83955001831055","219","36.075","18.269","0","1.32965584546531","0.571182663415901","18.90433206",
"10/6/1982","-51.875","-4.83955001831055","219","35.382","18.309","0.077247612","1.36693299930565","0.5673092614826","19.0832121",
"10/7/1982","-51.875","-4.83955001831055","219","35.214","21.71","0","1.56766828077353","0.528258604342918","19.73564712",
"10/8/1982","-51.875","-4.83955001831055","219","36.906","23.574","0.0926969328","1.48024708496936","0.480738516595422","16.33927536",
"10/9/1982","-51.875","-4.83955001831055","219","36.845","20.302","0","2.0259346881077","0.420697932498177","26.69507334",
"10/10/1982","-51.875","-4.83955001831055","219","37.003","20.341","0","1.82400372169299","0.509601198173172","20.97815832",
"10/11/1982","-51.875","-4.83955001831055","219","36.963","23.264","0","1.99531382848777","0.53897607898996","20.10588336",
"10/12/1982","-51.875","-4.83955001831055","219","37.333","21.582","0","1.77742868256128","0.465052418729029","27.72303426",
"10/13/1982","-51.875","-4.83955001831055","219","39.64","16.174","0","1.66013476964514","0.402979713198586","20.7287451",
"10/14/1982","-51.875","-4.83955001831055","219","38.456","20.685","0.226593072","1.58350560032335","0.453737881126505","23.31972936",
"10/15/1982","-51.875","-4.83955001831055","219","35.289","20.422","0.25749216","1.82964467904409","0.543015030648996","21.15383076",
"10/16/1982","-51.875","-4.83955001831055","219","33.428","21.371","0.410270652","1.57529458731139","0.628908133838785","18.09269712",
"10/17/1982","-51.875","-4.83955001831055","219","35.234","21.004","0.27122508","1.79046428439671","0.549534633001219","21.49987626",
"10/18/1982","-51.875","-4.83955001831055","219","33.628","22.89","0.0068664528","2.01562174048441","0.500851673845463","22.26909492",
"10/19/1982","-51.875","-4.83955001831055","219","36.379","21.643","0","1.67688107437167","0.503100208230077","21.87152856",
"10/20/1982","-51.875","-4.83955001831055","219","36.938","22.92","0.23345964","2.19868834875012","0.454275775230018","24.9661098",
"10/21/1982","-51.875","-4.83955001831055","219","36.596","21.028","1.275444684","2.15087922401704","0.596846312193154","17.6964768",
"10/22/1982","-51.875","-4.83955001831055","219","36.995","22.159","0","2.14347526979608","0.468342991051378","22.25103768",
"10/23/1982","-51.875","-4.83955001831055","219","36.163","21.442","0","1.57363105213631","0.450940978028664","20.18716668",
"10/24/1982","-51.875","-4.83955001831055","219","37.722","21.533","0","2.08204308896233","0.407445369199418","22.5674478",
"10/25/1982","-51.875","-4.83955001831055","219","37.987","24.815","0.0892641024","2.2049133117119","0.40886563137627","20.30163768",
"10/26/1982","-51.875","-4.83955001831055","219","38.036","23.208","0","2.00663564755156","0.443489480910351","27.5573772",
"10/27/1982","-51.875","-4.83955001831055","219","36.665","23.715","0","1.52977032836101","0.399770673259116","22.159458",
"10/28/1982","-51.875","-4.83955001831055","219","36.025","25.061","0","2.13702694642547","0.420503159067144","23.41524456",
"10/29/1982","-51.875","-4.83955001831055","219","34.913","23.585","0","1.7622157875928","0.488476269821114","21.26160072",
"10/30/1982","-51.875","-4.83955001831055","219","34.888","21.794","1.6857148464","1.25257334691127","0.623110819508467","14.89212828",
"10/31/1982","-51.875","-4.83955001831055","219","33.732","21.136","0.0205993728","1.82628171929733","0.542532034440432","18.9789777",
"11/1/1982","-51.875","-4.83955001831055","219","33.059","23.076","0.604248048","1.72582475107972","0.560417824896567","18.58471812",
"11/2/1982","-51.875","-4.83955001831055","219","33.238","22.189","1.270294128","1.03517888663319","0.714737693054492","20.8797768",
"11/3/1982","-51.875","-4.83955001831055","219","32.945","20.691","0.07209792","1.12883387041771","0.632502748133326","15.46751304",
"11/4/1982","-51.875","-4.83955001831055","219","29.478","21.663","20.187379764","1.00649954678953","0.898652447654889","10.36540908",
"11/5/1982","-51.875","-4.83955001831055","219","28.908","22.265","21.811297932","0.965751091785801","0.861881408437071","13.75824762",
"11/6/1982","-51.875","-4.83955001831055","219","34.381","18.797","0.154495296","1.5858324922983","0.670280484662973","21.22127388",
"11/7/1982","-51.875","-4.83955001831055","219","34.18","21.242","5.3850194064","1.54622239007416","0.675308411520121","24.4327536",
"11/8/1982","-51.875","-4.83955001831055","219","34.638","21.104","1.27372896","1.39886021671007","0.699824449173156","15.63934932",
"11/9/1982","-51.875","-4.83955001831055","219","32.875","21.532","2.544021144","1.44207180758465","0.734569088043744","17.03784348",
"11/10/1982","-51.875","-4.83955001831055","219","35.14","21.533","4.233168","1.432797126136","0.71186257111818","20.0626272",
"11/11/1982","-51.875","-4.83955001831055","219","33.597","22.268","1.129531572","1.6264602303231","0.653703673505015","20.07911034",
"11/12/1982","-51.875","-4.83955001831055","219","33.559","20.978","0","1.58381425873043","0.585809633415144","18.24255036",
"11/13/1982","-51.875","-4.83955001831055","219","32.946","22.669","0.0240325992","1.94342976333526","0.536916700633214","17.521929",
"11/14/1982","-51.875","-4.83955001831055","219","34.373","21.611","0","1.61120505247995","0.549482285302535","26.37799308",
"11/15/1982","-51.875","-4.83955001831055","219","34.796","23.062","0.252342108","1.47806940780791","0.522866716973972","19.16099406",
"11/16/1982","-51.875","-4.83955001831055","219","34.982","22.325","0.46005282","1.78411597784338","0.528525941653813","20.45255472",
"11/17/1982","-51.875","-4.83955001831055","219","35.076","20.275","0.0137328984","1.73067706393832","0.548473846813161","21.99926052",
"11/18/1982","-51.875","-4.83955001831055","219","34.608","20.488","0.0171661392","1.61054731192727","0.541478149883204","23.81935068",
"11/19/1982","-51.875","-4.83955001831055","219","36.455","22.686","0.06179814","1.87016365466188","0.438993988669557","24.4186848",
"11/20/1982","-51.875","-4.83955001831055","219","36.393","22.28","0","2.07099655893283","0.454672020298609","21.09043404",
"11/21/1982","-51.875","-4.83955001831055","219","36.05","21.998","0","2.15872840317555","0.495254275661606","21.99521556",
"11/22/1982","-51.875","-4.83955001831055","219","37.045","22.377","0.0566482608","1.30404108446545","0.53432671601751","10.63496502",
"11/23/1982","-51.875","-4.83955001831055","219","36.363","22.499","0.0205993728","1.89338723785627","0.478393328269122","27.72506412",
"11/24/1982","-51.875","-4.83955001831055","219","38.63","22.726","0","1.57129475602254","0.405425198776281","24.0989598",
"11/25/1982","-51.875","-4.83955001831055","219","37.618","23.003","0.4325867424","1.46104887527183","0.496607596691928","20.66912172",
"11/26/1982","-51.875","-4.83955001831055","219","38.907","21.615","1.671981372","1.18433073640056","0.663950534756758","18.86821956",
"11/27/1982","-51.875","-4.83955001831055","219","30.687","21.242","14.319992124","1.36082929352699","0.822050170907632","27.1962027",
"11/28/1982","-51.875","-4.83955001831055","219","32.981","20.493","0.137329236","1.28049297708611","0.669235997503046","19.91368476",
"11/29/1982","-51.875","-4.83955001831055","219","33.227","21.583","1.3853069784","1.1836168394268","0.690338704120906","16.60336344",
"11/30/1982","-51.875","-4.83955001831055","219","33.033","22.326","0.9029390688","1.35741225517036","0.663950138681228","20.51370234",
"12/1/1982","-51.875","-4.83955001831055","219","35.256","18.959","0.27551664","0.967831098223627","0.670859259531114","13.36528062",
"12/2/1982","-51.875","-4.83955001831055","219","33.511","21.343","0.3175733016","1.34256723592548","0.619043290848672","12.44761938",
"12/3/1982","-51.875","-4.83955001831055","219","30.643","20.094","0","1.38278145924742","0.629839931369186","18.2958147",
"12/4/1982","-51.875","-4.83955001831055","219","33.003","21.609","2.93884236","1.39738057411173","0.647460523496332","19.17641412",
"12/5/1982","-51.875","-4.83955001831055","219","32.404","22.023","1.08404136","1.66607262639534","0.651495481237916","12.03648732",
"12/6/1982","-51.875","-4.83955001831055","219","34.497","19.035","0","0.940243611416493","0.552891110145688","16.38585144",
"12/7/1982","-51.875","-4.83955001831055","219","38.203","22.152","0.0446319432","1.04591785883115","0.511751124693273","18.01615032",
"12/8/1982","-51.875","-4.83955001831055","219","31.193","21.15","2.21099544","1.96309617085256","0.611932392620049","22.1063121",
"12/9/1982","-51.875","-4.83955001831055","219","33.602","20.297","0.21801006","1.34597483108739","0.578825167471126","17.94616398",
"12/10/1982","-51.875","-4.83955001831055","219","34.779","22.226","0.74157696","1.65594458148859","0.594473878351248","19.94782644",
"12/11/1982","-51.875","-4.83955001831055","219","34.709","21.288","1.5655482","1.25350619501916","0.626616607980166","18.63984168",
"12/12/1982","-51.875","-4.83955001831055","219","33.776","22.786","2.217867948","1.51147909022356","0.632378247387076","12.21789654",
"12/13/1982","-51.875","-4.83955001831055","219","33.579","20.753","8.2208637","1.33705193181945","0.740849201101203","19.37497698",
"12/14/1982","-51.875","-4.83955001831055","219","30.244","21.645","20.18051136","1.29637630436862","0.8435826340169","25.96213332",
"12/15/1982","-51.875","-4.83955001831055","219","35.263","22.567","0.147629052","1.71319288268323","0.630406401182611","17.966529",
"12/16/1982","-51.875","-4.83955001831055","219","34.753","23.954","0","1.78574677889036","0.515805512895315","19.72226754",
"12/17/1982","-51.875","-4.83955001831055","219","34.588","21.997","0","1.80215170573965","0.574292832959338","20.8720719",
"12/18/1982","-51.875","-4.83955001831055","219","34.294","22.594","0","1.73650720062051","0.537597964126808","20.08192122",
"12/19/1982","-51.875","-4.83955001831055","219","32.694","23.233","3.098490588","1.49684283971213","0.617661152066564","20.24932788",
"12/20/1982","-51.875","-4.83955001831055","219","31.984","22.479","6.98662026","1.28529364473735","0.815276833355533","23.20408026",
"12/21/1982","-51.875","-4.83955001831055","219","36.111","21.648","3.2057758872","1.44298146766478","0.674090811544011","18.64867194",
"12/22/1982","-51.875","-4.83955001831055","219","36.274","20.829","0.26264196","1.60005879131727","0.554091143383075","19.05418566",
"12/23/1982","-51.875","-4.83955001831055","219","35.761","23.95","0","1.95822778432393","0.47984753899814","23.964525",
"12/24/1982","-51.875","-4.83955001831055","219","34.724","22.223","2.85472692","1.85208688141709","0.544957071750552","20.5858674",
"12/25/1982","-51.875","-4.83955001831055","219","23.758","20.27","92.72980656","1.02084859490958","0.967346028710406","5.32856088",
"12/26/1982","-51.875","-4.83955001831055","219","24.541","19.368","16.323278508","0.838328757885549","0.970029125421286","6.68103948",
"12/27/1982","-51.875","-4.83955001831055","219","26.166","20.603","2.5826448384","1.11435974547846","0.906700940120879","15.67822068",
"12/28/1982","-51.875","-4.83955001831055","219","30.489","21.311","4.71124674","0.975207142681489","0.864189316641297","17.39109042",
"12/29/1982","-51.875","-4.83955001831055","219","27.378","20.565","18.83554866","0.73567016897957","0.953462246517886","19.40000634",
"12/30/1982","-51.875","-4.83955001831055","219","33.107","21.467","3.0899051064","1.20888062868309","0.781915093059883","21.2173254",
"12/31/1982","-51.875","-4.83955001831055","219","27.384","20.809","9.142680276","1.22966281370592","0.912817180482066","22.48739802",
"1/1/1983","-51.875","-4.83955001831055","219","30.871","20.711","3.680420364","0.910733613436734","0.865981360797873","15.4228491",
"1/2/1983","-51.875","-4.83955001831055","219","31.055","20.769","3.175733052","1.64116728081152","0.825747208470663","25.26929982",
"1/3/1983","-51.875","-4.83955001831055","219","34.044","21.93","3.6392233248","1.50687315411706","0.702860443514633","22.1228991",
"1/4/1983","-51.875","-4.83955001831055","219","35.051","23.453","0","1.62049327966571","0.532615215464796","21.55606524",
"1/5/1983","-51.875","-4.83955001831055","219","35.471","23.468","0","1.60385075233206","0.506210908940024","19.59080454",
"1/6/1983","-51.875","-4.83955001831055","219","36.634","20.808","0","1.74124582115492","0.491314429383699","23.43959298",
"1/7/1983","-51.875","-4.83955001831055","219","36.515","24.495","0","1.33380161940088","0.590193291017919","13.87068426",
"1/8/1983","-51.875","-4.83955001831055","219","35.234","22.007","7.365988512","1.14616570919512","0.730758367345362","13.654518948",
"1/9/1983","-51.875","-4.83955001831055","219","34.7","20.519","2.276228268","1.12025172768069","0.70209683840237","16.5733875",
"1/10/1983","-51.875","-4.83955001831055","219","36.035","19.518","0.741577284","1.72821752428362","0.606746982520402","26.96090832",
"1/11/1983","-51.875","-4.83955001831055","219","33.884","21.53","2.5199915544","1.44909484743435","0.761503915899785","7.50515274",
"1/12/1983","-51.875","-4.83955001831055","219","27.39","21.919","8.740998288","1.67202615171369","0.823374607679323","10.70938098",
"1/13/1983","-51.875","-4.83955001831055","219","35.393","20.983","0","1.80250032089312","0.551898740319799","23.8807161",
"1/14/1983","-51.875","-4.83955001831055","219","36.08","22.785","0","1.56315298362033","0.446519793452942","18.07504074",
"1/15/1983","-51.875","-4.83955001831055","219","36.501","23.891","0","2.49644075588726","0.466873476186753","25.93406538",
"1/16/1983","-51.875","-4.83955001831055","219","36.326","24.905","0.0068664528","2.2069557983136","0.507854061587021","20.6174232",
"1/17/1983","-51.875","-4.83955001831055","219","27.993","22.464","37.3191624","1.43268709308182","0.92652736205082","12.635101332",
"1/18/1983","-51.875","-4.83955001831055","219","34.686","22.285","3.02123736","1.58798494841924","0.679264677829495","14.659757892",
"1/19/1983","-51.875","-4.83955001831055","219","26.946","21.485","3.91387896","1.25824087601352","0.833995841592873","2.34978552",
"1/20/1983","-51.875","-4.83955001831055","219","31.815","21.017","1.411057476","0.996318091496408","0.842313687209422","14.46502284",
"1/21/1983","-51.875","-4.83955001831055","219","28.076","21.933","2.5955200224","1.37505700013385","0.880878843112211","12.99825225",
"1/22/1983","-51.875","-4.83955001831055","219","27.006","22.59","2.7431480448","1.22275954214378","0.886571611055822","5.38987374",
"1/23/1983","-51.875","-4.83955001831055","219","29.306","22.594","0.185394528","1.48114168760432","0.764709558130532","9.764948178",
"1/24/1983","-51.875","-4.83955001831055","219","31.518","22.506","5.3420999184","1.39722674823195","0.875111213077663","16.7167143",
"1/25/1983","-51.875","-4.83955001831055","219","31.493","21.451","2.8564453584","1.82592215700896","0.827517943740801","12.90825234",
"1/26/1983","-51.875","-4.83955001831055","219","24.237","21.38","3.4057605096","0.904366145254395","0.967877552538821","3.06416232",
"1/27/1983","-51.875","-4.83955001831055","219","28.263","21.809","5.623626744","1.02746553936385","0.926620030563945","10.65144879",
"1/28/1983","-51.875","-4.83955001831055","219","29.264","21.394","3.0126624624","1.09854429922075","0.909384940411549","15.41575467",
"1/29/1983","-51.875","-4.83955001831055","219","27.833","21.836","13.9371865128","1.40434982552037","0.939776307356697","10.7138241",
"1/30/1983","-51.875","-4.83955001831055","219","30.877","21.33","9.6096000384","1.39338183731176","0.907438486151059","14.564307492",
"1/31/1983","-51.875","-4.83955001831055","219","28.651","21.61","7.450106148","0.810485939762124","0.939763487709243","15.4177839",
"2/1/1983","-51.875","-4.83955001831055","219","23.736","21.997","130.06779588","0.771736033331066","0.982020258842461","2.59334892",
"2/2/1983","-51.875","-4.83955001831055","219","26.775","22.176","15.592861728","1.22990592042388","0.961658788642284","20.0862495",
"2/3/1983","-51.875","-4.83955001831055","219","30.634","22.405","10.0765227744","1.43086762543308","0.885860599714809","27.614481048",
"2/4/1983","-51.875","-4.83955001831055","219","33.494","22.282","5.9051532816","1.819319126493","0.852764483348617","23.684741172",
"2/5/1983","-51.875","-4.83955001831055","219","24.016","22.426","9.614749248","1.23829088556829","0.965096047203763","2.320649028",
"2/6/1983","-51.875","-4.83955001831055","219","26.595","22.302","3.69072108","0.982145640896288","0.949167235933952","7.86678534",
"2/7/1983","-51.875","-4.83955001831055","219","29.713","22.253","11.079879264","1.46284164800475","0.905606573538361","18.894655998",
"2/8/1983","-51.875","-4.83955001831055","219","29.904","21.776","1.54666782","1.82317807007819","0.806170184708405","18.81450594",
"2/9/1983","-51.875","-4.83955001831055","219","29.58","21.35","2.4933829392","1.88823841183885","0.859528338232756","18.10557738",
"2/10/1983","-51.875","-4.83955001831055","219","30.076","21.561","1.3758661224","1.84171429663713","0.855985126202401","13.52564208",
"2/11/1983","-51.875","-4.83955001831055","219","29.504","21.832","4.3713571248","1.49545514003377","0.867163901136563","19.43105004",
"2/12/1983","-51.875","-4.83955001831055","219","29.821","21.513","7.951354236","1.56010976922213","0.929734462614246","20.097734472",
"2/13/1983","-51.875","-4.83955001831055","219","29.673","21.095","0.6162639552","1.47505527943485","0.825527219483194","14.287611348",
"2/14/1983","-51.875","-4.83955001831055","219","27.152","21.273","0.0411986952","1.47479195285797","0.829071745138736","10.28958417",
"2/15/1983","-51.875","-4.83955001831055","219","25.158","21.094","14.2307268264","1.13836173045997","0.973716636912963","9.30813579",
"2/16/1983","-51.875","-4.83955001831055","219","26.839","20.667","16.3962368064","0.950996935460146","0.940183723591297","21.967366158",
"2/17/1983","-51.875","-4.83955001831055","219","29.2","20.354","4.9524318","1.43604805993613","0.895719746206003","27.82473624",
"2/18/1983","-51.875","-4.83955001831055","219","29.752","22.251","9.9100084824","1.16509772682997","0.912882770151285","25.39625841",
"2/19/1983","-51.875","-4.83955001831055","219","31.365","22.05","4.586785668","1.40551580243059","0.868937823422938","19.75326102",
"2/20/1983","-51.875","-4.83955001831055","219","27.67","20.938","3.1208027544","1.09923103988522","0.899271738820153","18.32528916",
"2/21/1983","-51.875","-4.83955001831055","219","28.634","21.223","14.222146176","1.07935224567653","0.922991102275087","18.43255953",
"2/22/1983","-51.875","-4.83955001831055","219","30.551","20.917","9.17015472","1.45127489455533","0.865143302240675","24.94445571",
"2/23/1983","-51.875","-4.83955001831055","219","31.067","20.497","6.1077204","1.34802197745118","0.828672744517236","27.30661416",
"2/24/1983","-51.875","-4.83955001831055","219","31.723","21.228","4.53100068","1.47176214388715","0.811393411387951","20.47499316",
"2/25/1983","-51.875","-4.83955001831055","219","33.332","20.968","1.156997772","1.28445749091633","0.754855933768525","19.56645162",
"2/26/1983","-51.875","-4.83955001831055","219","33.403","20.863","0","2.2025250197512","0.655032742514014","28.52769348",
"2/27/1983","-51.875","-4.83955001831055","219","32.316","21.98","0.8943561","1.81238805894963","0.685597025288883","27.891842832",
"2/28/1983","-51.875","-4.83955001831055","219","29.104","22.16","7.7033052","1.12361462323462","0.908348122439282","17.97794649",
"3/1/1983","-51.875","-4.83955001831055","219","33.408","21.15","5.12924202","1.69306938685395","0.799339338910487","23.515930872",
"3/2/1983","-51.875","-4.83955001831055","219","28.978","22.132","5.592726252","1.43110631081141","0.870953304100648","5.0663808",
"3/3/1983","-51.875","-4.83955001831055","219","32.573","22.168","0.535583448","1.90766993511261","0.759934164437911","21.753115128",
"3/4/1983","-51.875","-4.83955001831055","219","31.021","23.042","1.5827184144","2.2281230423944","0.76283941605878","15.46717626",
"3/5/1983","-51.875","-4.83955001831055","219","27.239","21.072","5.170442724","1.2661888184152","0.938436983265021","10.171577862",
"3/6/1983","-51.875","-4.83955001831055","219","27.423","21.615","7.357407552","1.51950631159072","0.907809081594205","11.46842415",
"3/7/1983","-51.875","-4.83955001831055","219","25.984","21.191","34.57603728","1.27336465494286","0.969624557979234","9.73968489",
"3/8/1983","-51.875","-4.83955001831055","219","23.974","21.402","28.80478224","1.1741988316162","0.978678947150923","4.419901296",
"3/9/1983","-51.875","-4.83955001831055","219","27.357","21.351","10.34774604","0.882828824186227","0.932146351693915","18.83514879",
"3/10/1983","-51.875","-4.83955001831055","219","29.243","22.582","8.138464596","1.14420643794481","0.929108825305625","15.761985228",
"3/11/1983","-51.875","-4.83955001831055","219","29.166","22.571","8.02688616","0.954646510913152","0.922507389873755","13.141123308",
"3/12/1983","-51.875","-4.83955001831055","219","27.197","22.711","8.63456454","1.26438612382155","0.949241726050618","14.45416488",
"3/13/1983","-51.875","-4.83955001831055","219","30.768","22.728","5.35927356","1.37156352258176","0.872016448238602","23.0437701",
"3/14/1983","-51.875","-4.83955001831055","219","30.39","22.142","12.854000556","1.05615438021594","0.922250314206107","20.75776632",
"3/15/1983","-51.875","-4.83955001831055","219","31.298","22.844","14.11742988","1.32257969561671","0.874955874053849","22.055850018",
"3/16/1983","-51.875","-4.83955001831055","219","29.58","22.592","19.54536552","1.2027159075005","0.944798718820612","19.926792342",
"3/17/1983","-51.875","-4.83955001831055","219","30.321","22.786","6.9763189248","1.20472380966544","0.914039576656759","15.714953172",
"3/18/1983","-51.875","-4.83955001831055","219","29.079","22.526","5.209923996","1.38272704321972","0.900532096447863","15.533613738",
"3/19/1983","-51.875","-4.83955001831055","219","28.897","22.972","7.40031984","1.14595135042192","0.933296109656305","10.408672638",
"3/20/1983","-51.875","-4.83955001831055","219","25.23","22.486","71.400863232","1.29941764940505","0.970153185176645","7.5578094",
"3/21/1983","-51.875","-4.83955001831055","219","27.024","21.819","11.674686744","1.30944686475797","0.920432150409842","13.2580683",
"3/22/1983","-51.875","-4.83955001831055","219","25.827","22.265","35.82573012","0.82915440429146","0.975127887529864","11.08372608",
"3/23/1983","-51.875","-4.83955001831055","219","28.385","22.217","16.898342688","1.36039384729708","0.917835814879945","10.802130912",
"3/24/1983","-51.875","-4.83955001831055","219","26.576","21.224","17.72231148","0.968702257899519","0.955771388344279","8.928387648",
"3/25/1983","-51.875","-4.83955001831055","219","25.62","21.371","19.40803416","0.570805028271816","0.96886533497219","10.6006491",
"3/26/1983","-51.875","-4.83955001831055","219","28.135","21.993","6.9282517608","1.21171385208496","0.905728287392295","13.403024622",
"3/27/1983","-51.875","-4.83955001831055","219","24.645","22.009","10.04047452","0.60824408416452","0.977671422186292","4.201536492",
"3/28/1983","-51.875","-4.83955001831055","219","26.072","21.577","7.1754435","0.969082410866052","0.964542177529446","12.874899168",
"3/29/1983","-51.875","-4.83955001831055","219","29.577","21.54","8.979603408","0.885011126278508","0.931454513250207","14.3643267",
"3/30/1983","-51.875","-4.83955001831055","219","24.818","21.942","6.66389412","1.06524493819212","0.966337332007157","10.22552082",
"3/31/1983","-51.875","-4.83955001831055","219","29.756","21.94","6.1351714728","0.992304080810873","0.919815270758197","18.39903498",
"4/1/1983","-51.875","-4.83955001831055","219","25.812","22.613","13.05484776","1.21171315262601","0.971645989232015","15.776890488",
"4/2/1983","-51.875","-4.83955001831055","219","31.084","22.209","8.407977156","1.38774133111261","0.852056570097201","22.126503618",
"4/3/1983","-51.875","-4.83955001831055","219","31.26","22.003","18.048474","1.2006482051354","0.900969801310133","17.61559434",
"4/4/1983","-51.875","-4.83955001831055","219","26.716","21.416","13.83247188","1.11125929178337","0.958347624612354","18.57651525",
"4/5/1983","-51.875","-4.83955001831055","219","29.648","20.995","10.862729532","1.22421478440549","0.92318455287797","21.45262806",
"4/6/1983","-51.875","-4.83955001831055","219","27.866","21.892","9.32121288","1.26460844431253","0.948872030640625","18.92452581",
"4/7/1983","-51.875","-4.83955001831055","219","30.494","20.886","5.80558968","1.12706335624654","0.853190652561352","25.64600418",
"4/8/1983","-51.875","-4.83955001831055","219","31.378","21.182","11.86008264","1.20734489757629","0.891418623744554","26.380398168",
"4/9/1983","-51.875","-4.83955001831055","219","30.037","22.514","12.151908756","1.16793961384325","0.927412791318653","19.4227281",
"4/10/1983","-51.875","-4.83955001831055","219","25.147","22.671","31.0775328","1.03181526996435","0.974370897479","9.660601368",
"4/11/1983","-51.875","-4.83955001831055","219","30.677","21.98","5.72319576","1.27249341924139","0.894744168528046","20.447601552",
"4/12/1983","-51.875","-4.83955001831055","219","26.546","22.256","19.67411736","1.14125446023684","0.961416562626166","11.247920532",
"4/13/1983","-51.875","-4.83955001831055","219","30.937","21.852","10.337444532","1.28725595824763","0.872066707662954","18.95366079",
"4/14/1983","-51.875","-4.83955001831055","219","27.785","22.527","18.05534316","0.761491772042815","0.961313166743566","19.14805908",
"4/15/1983","-51.875","-4.83955001831055","219","32.681","23.356","0.2403260352","1.52241941914652","0.778178113136148","23.90337954",
"4/16/1983","-51.875","-4.83955001831055","219","31.096","22.985","2.8890603","1.46456312086965","0.846194968785844","21.2541156",
"4/17/1983","-51.875","-4.83955001831055","219","31.804","22.4","1.4728551768","1.28776287575074","0.847634660312511","14.80865148",
"4/18/1983","-51.875","-4.83955001831055","219","30.615","21.444","6.17637672","1.53570757202824","0.89726218061264","25.1424045",
"4/19/1983","-51.875","-4.83955001831055","219","31.691","22.158","2.2796621424","1.19064688523024","0.876572806302083","18.794253168",
"4/20/1983","-51.875","-4.83955001831055","219","27.923","23.214","4.243468536","0.97313369556958","0.945244610339627","13.83839712",
"4/21/1983","-51.875","-4.83955001831055","219","30.206","22.806","3.240967968","1.02193363736769","0.900233944890745","17.57087604",
"4/22/1983","-51.875","-4.83955001831055","219","29.892","21.686","6.042482064","1.30042408554431","0.912563138372431","21.6902808",
"4/23/1983","-51.875","-4.83955001831055","219","28.68","22.498","6.203844576","1.10784766713084","0.927322555778261","20.44557756",
"4/24/1983","-51.875","-4.83955001831055","219","27.834","22.368","7.899857928","1.15153194198318","0.94252306565814","19.1102058",
"4/25/1983","-51.875","-4.83955001831055","219","30.671","21.412","9.35383536","1.1934831610232","0.873175792708936","23.22151884",
"4/26/1983","-51.875","-4.83955001831055","219","30.081","20.052","6.990053508","0.972263491973781","0.898496842785842","12.53148822",
"4/27/1983","-51.875","-4.83955001831055","219","33.342","19.713","1.31835978","1.29472602346374","0.792408688356167","23.56295742",
"4/28/1983","-51.875","-4.83955001831055","219","32.972","21.343","3.0281052312","1.35326832188314","0.780105430841752","22.64619744",
"4/29/1983","-51.875","-4.83955001831055","219","33.594","21.736","0.47035188","1.57772158611873","0.71354691294777","25.2647955",
"4/30/1983","-51.875","-4.83955001831055","219","34.136","22.384","0","1.82692090144653","0.613790978297612","24.63198336",
"5/1/1983","-51.875","-4.83955001831055","219","33.227","20.805","0","1.2892538626521","0.665284067177137","15.88691754",
"5/2/1983","-51.875","-4.83955001831055","219","33.878","20.018","0.41542056","1.21587980372027","0.698563089040791","19.0552023",
"5/3/1983","-51.875","-4.83955001831055","219","33.097","22.64","1.5140538","1.20668386150597","0.788608903087454","16.45227756",
"5/4/1983","-51.875","-4.83955001831055","219","33.091","22.589","2.286528552","1.52192055341809","0.799248711460079","12.9916701",
"5/5/1983","-51.875","-4.83955001831055","219","33.589","22.254","0.98876916","1.31774637399994","0.763756641886886","19.43566488",
"5/6/1983","-51.875","-4.83955001831055","219","34.227","21.467","0.63171396","1.14979073611109","0.697703587122648","21.5622522",
"5/7/1983","-51.875","-4.83955001831055","219","32.978","21.369","1.0505680128","1.31527238539212","0.748476894917943","15.86575764",
"5/8/1983","-51.875","-4.83955001831055","219","33.736","20.944","0.463486104","1.71241155852662","0.778519779227563","18.80650674",
"5/9/1983","-51.875","-4.83955001831055","219","33.701","20.89","0.195693984","1.77782436921114","0.755817899994196","19.24059546",
"5/10/1983","-51.875","-4.83955001831055","219","31.311","21.009","2.525139432","1.30158214754198","0.819602731020537","17.17273008",
"5/11/1983","-51.875","-4.83955001831055","219","32.215","22.507","6.84928908","1.22847893893371","0.856744021316717","24.21141336",
"5/12/1983","-51.875","-4.83955001831055","219","32.77","22.416","4.4511786144","1.47072380426893","0.873165694026137","16.2797607",
"5/13/1983","-51.875","-4.83955001831055","219","31.371","21.717","2.3586244344","1.2876365601686","0.828629938093054","19.051204428",
"5/14/1983","-51.875","-4.83955001831055","219","33.739","21.997","0.490951476","1.29253114299195","0.776177815637197","17.911686708",
"5/15/1983","-51.875","-4.83955001831055","219","32.204","21.339","1.9500733728","1.52792684647408","0.8179019843926","22.57492392",
"5/16/1983","-51.875","-4.83955001831055","219","33.433","21.904","4.198839696","1.16577660013804","0.834322130771333","10.100870388",
"5/17/1983","-51.875","-4.83955001831055","219","31.374","22.027","4.8648845664","1.16900598886479","0.881362330592371","18.322649028",
"5/18/1983","-51.875","-4.83955001831055","219","32.398","22.398","1.328659452","1.26953704948367","0.837596864674391","13.64860746",
"5/19/1983","-51.875","-4.83955001831055","219","31.607","22.272","1.514053584","1.36339750125667","0.808604040385594","17.573064588",
"5/20/1983","-51.875","-4.83955001831055","219","33.124","21.925","1.0231015824","1.37845165276967","0.742540621413135","23.64137136",
"5/21/1983","-51.875","-4.83955001831055","219","31.99","21.081","1.737213264","1.46030257138645","0.809975790892217","23.5200366",
"5/22/1983","-51.875","-4.83955001831055","219","34.553","20.784","1.2599964","1.28916235683712","0.789974276646865","18.04803372",
"5/23/1983","-51.875","-4.83955001831055","219","30.864","22.466","4.8168145584","1.48122423569266","0.882001468631829","18.9104049",
"5/24/1983","-51.875","-4.83955001831055","219","30.862","21.886","3.810881736","1.26130621558201","0.870896743550102","18.13787064",
"5/25/1983","-51.875","-4.83955001831055","219","32.001","21.761","0.8033752368","1.06809171485041","0.820741283353618","17.09117118",
"5/26/1983","-51.875","-4.83955001831055","219","35.209","20.424","0.12359628","1.2000894197257","0.671192209980635","22.55579766",
"5/27/1983","-51.875","-4.83955001831055","219","35.212","20.859","0.082397484","1.52301185869521","0.645421060332313","23.77586304",
"5/28/1983","-51.875","-4.83955001831055","219","33.917","21.832","2.0942681904","1.59880553599573","0.749634601203764","16.40576286",
"5/29/1983","-51.875","-4.83955001831055","219","34.314","20.876","0","1.86038492420477","0.691071928235835","21.08508642",
"5/30/1983","-51.875","-4.83955001831055","219","33.848","21.492","0.106430076","1.77654683873252","0.693608270816435","19.37975976",
"5/31/1983","-51.875","-4.83955001831055","219","34.63","19.807","0","1.60452736551525","0.656565351786311","23.60441412",
"6/1/1983","-51.875","-4.83955001831055","219","23.526","20.398","3.6787041","0.830784026192488","0.918658909153482","1.77603732",
"6/2/1983","-51.875","-4.83955001831055","219","33.689","19.065","3.27529692","0.867997115484364","0.819451100103117","11.92635",
"6/3/1983","-51.875","-4.83955001831055","219","33.512","18.88","2.090834856","1.3876197199252","0.725572065092765","20.71715652",
"6/4/1983","-51.875","-4.83955001831055","219","34.098","21.747","0.5046844464","1.33497287509341","0.686231417601459","17.74485198",
"6/5/1983","-51.875","-4.83955001831055","219","33.718","21.423","4.7996552808","1.14449329064706","0.759137425091007","20.52253242",
"6/6/1983","-51.875","-4.83955001831055","219","34.397","21.113","2.255634","1.17361933642088","0.716302047280485","15.6435192",
"6/7/1983","-51.875","-4.83955001831055","219","33.823","21.536","0.882339264","1.27861494482031","0.695529449450912","16.079508936",
"6/8/1983","-51.875","-4.83955001831055","219","35.435","18.722","0","1.20308971392836","0.607107288451761","19.5284817",
"6/9/1983","-51.875","-4.83955001831055","219","35.33","20.993","0.1647949464","1.40367690576885","0.559092703147825","15.06206034",
"6/10/1983","-51.875","-4.83955001831055","219","34.232","20.861","1.0231019064","1.02498813359128","0.727335750091805","17.34996978",
"6/11/1983","-51.875","-4.83955001831055","219","31.733","21.072","3.907013868","0.915470576319737","0.841334024185561","13.99066812",
"6/12/1983","-51.875","-4.83955001831055","219","33.437","21.309","0.02059938","1.42372134880444","0.732011279070364","16.07388714",
"6/13/1983","-51.875","-4.83955001831055","219","33.058","20.784","0.0926971488","1.13836190897944","0.71948905260792","16.08569928",
"6/14/1983","-51.875","-4.83955001831055","219","34.025","21.953","0.06179814","1.44741029115382","0.552608435708231","23.49720738",
"6/15/1983","-51.875","-4.83955001831055","219","32.437","20.593","0.8892060264","1.14010987427765","0.638750147727468","5.50659042",
"6/16/1983","-51.875","-4.83955001831055","219","31.271","21.583","7.3951696584","1.10700390815043","0.790830015711096","14.8072473",
"6/17/1983","-51.875","-4.83955001831055","219","33.839","20.545","9.6885637848","0.9800740563409","0.864402623118075","13.60316826",
"6/18/1983","-51.875","-4.83955001831055","219","30.936","21.96","1.790428356","1.18701546850666","0.855345542059457","13.13504964",
"6/19/1983","-51.875","-4.83955001831055","219","31.194","19.29","0.168228216","1.55653511767849","0.77952074192726","15.80281974",
"6/20/1983","-51.875","-4.83955001831055","219","32.192","19.417","0","1.40251662659054","0.653623068038178","16.90475256",
"6/21/1983","-51.875","-4.83955001831055","219","33.716","19.362","0","1.70359219458198","0.535877629342787","20.16466254",
"6/22/1983","-51.875","-4.83955001831055","219","33.577","21.435","0","1.52646825835307","0.542078211413675","20.97405216",
"6/23/1983","-51.875","-4.83955001831055","219","33.629","21.986","0","1.19283866331276","0.531882483841024","18.81495738",
"6/24/1983","-51.875","-4.83955001831055","219","34.995","21.286","0","1.75113016416154","0.443665119516639","17.50061502",
"6/25/1983","-51.875","-4.83955001831055","219","35.644","15.667","0","1.37906220097878","0.519755325283768","20.6901",
"6/26/1983","-51.875","-4.83955001831055","219","33.946","15.634","0","1.21708330639654","0.57195378212569","22.10158368",
"6/27/1983","-51.875","-4.83955001831055","219","33.599","14.131","0","1.17669084226266","0.617608956411967","18.492525",
"6/28/1983","-51.875","-4.83955001831055","219","34.312","18.639","0.09956358","1.1314360550769","0.626015764728977","19.56284568",
"6/29/1983","-51.875","-4.83955001831055","219","35.414","16.984","0","1.09990161436593","0.633580839836072","23.53353948",
"6/30/1983","-51.875","-4.83955001831055","219","33.469","20.43","0.030899052","1.33577597884508","0.67550726674558","15.60521448",
"7/1/1983","-51.875","-4.83955001831055","219","33.648","21.389","0.1785279024","1.29586366672612","0.669777636429683","11.81109186",
"7/2/1983","-51.875","-4.83955001831055","219","34.202","21.178","0","1.50320912878674","0.571433473418409","16.39765836",
"7/3/1983","-51.875","-4.83955001831055","219","35.06","19.685","0","1.22079989672749","0.530699634954283","22.92772428",
"7/4/1983","-51.875","-4.83955001831055","219","35.972","24.658","0","1.52038939930427","0.407080853840583","22.46855976",
"7/5/1983","-51.875","-4.83955001831055","219","33.266","20.289","0","1.44856059647952","0.620496855043886","19.65375576",
"7/6/1983","-51.875","-4.83955001831055","219","34.164","19.018","0","1.46049683123896","0.603558900717757","16.50909816",
"7/7/1983","-51.875","-4.83955001831055","219","33.966","21.207","0.137329164","1.64207551159524","0.628154698296398","16.25326308",
"7/8/1983","-51.875","-4.83955001831055","219","31.311","19.331","0.181960884","1.60298806682743","0.769566753382591","15.61538358",
"7/9/1983","-51.875","-4.83955001831055","219","34.693","17.871","0","1.26177680923513","0.653672417612947","16.99352046",
"7/10/1983","-51.875","-4.83955001831055","219","30.166","20.757","0.576783072","1.58406853684052","0.626228466261287","14.93250912",
"7/11/1983","-51.875","-4.83955001831055","219","33.758","19.508","2.2350303","1.42964668352444","0.726002011114928","17.24939874",
"7/12/1983","-51.875","-4.83955001831055","219","35.196","19.722","0.45661932","1.38367631279707","0.591865344314696","22.095054",
"7/13/1983","-51.875","-4.83955001831055","219","33.381","18.992","0","1.45525499271791","0.556842069512403","19.35939024",
"7/14/1983","-51.875","-4.83955001831055","219","34.942","20.238","0","1.55831799630531","0.535517434891967","20.61860904",
"7/15/1983","-51.875","-4.83955001831055","219","35.285","19.877","0","1.52123408531056","0.544150708979252","17.29727334",
"7/16/1983","-51.875","-4.83955001831055","219","32.114","19.142","1.82304432","1.23009633915975","0.669722555811481","17.01619614",
"7/17/1983","-51.875","-4.83955001831055","219","33.961","20.316","0","1.40692020667908","0.633165851908756","21.61281924",
"7/18/1983","-51.875","-4.83955001831055","219","33.444","19.611","0","1.47629733492936","0.670377733220202","18.45877626",
"7/19/1983","-51.875","-4.83955001831055","219","34.575","17.709","0","1.684974312987","0.614376431174776","23.93246268",
"7/20/1983","-51.875","-4.83955001831055","219","35.959","18.723","0","1.61470946497017","0.547461766660241","21.70608336",
"7/21/1983","-51.875","-4.83955001831055","219","34.932","17.951","0","1.22447513319127","0.603712986415335","14.83115598",
"7/22/1983","-51.875","-4.83955001831055","219","32.929","20.652","2.11486428","1.43929451020633","0.67064417610831","14.4271692",
"7/23/1983","-51.875","-4.83955001831055","219","28.34","20.2","6.8115206592","1.24897005733513","0.867621296708554","23.53488804",
"7/24/1983","-51.875","-4.83955001831055","219","32.186","19.414","0","1.43419390689524","0.721708965653276","19.96368696",
"7/25/1983","-51.875","-4.83955001831055","219","33.941","18.998","0","1.27044415696787","0.631192860929325","18.28805652",
"7/26/1983","-51.875","-4.83955001831055","219","34.771","15.642","0","1.27300890633852","0.590367269234044","23.43942756",
"7/27/1983","-51.875","-4.83955001831055","219","35.329","18.036","0","1.4819226486753","0.516218460810004","24.76794654",
"7/28/1983","-51.875","-4.83955001831055","219","35.305","17.31","0","1.64910350375295","0.413580320655647","25.2993402",
"7/29/1983","-51.875","-4.83955001831055","219","34.618","16.875","0","1.66050923250083","0.371131805356835","25.13868192",
"7/30/1983","-51.875","-4.83955001831055","219","34.192","18.691","0","1.9486812544074","0.373234112730024","25.04435328",
"7/31/1983","-51.875","-4.83955001831055","219","35.031","15.686","0","1.49303313084569","0.444473556437963","24.57522522",
"8/1/1983","-51.875","-4.83955001831055","219","34.988","15.94","0","1.41791310506333","0.475961078863035","22.90252464",
"8/2/1983","-51.875","-4.83955001831055","219","34.409","21.783","0","1.06895827236755","0.584028694937864","14.252787072",
"8/3/1983","-51.875","-4.83955001831055","219","35.411","18.703","0","1.14642033351206","0.549286993863355","24.8430411",
"8/4/1983","-51.875","-4.83955001831055","219","34.201","18.931","0","1.24376631702447","0.630265273616078","17.25935904",
"8/5/1983","-51.875","-4.83955001831055","219","33.833","18.547","0","1.71418008586472","0.623276802060761","17.90336448",
"8/6/1983","-51.875","-4.83955001831055","219","28.636","19.912","1.956939984","1.10265594551591","0.822645887956719","11.45981448",
"8/7/1983","-51.875","-4.83955001831055","219","28.211","18.289","11.8652328","0.953561411101701","0.906783943545611","17.2814022",
"8/8/1983","-51.875","-4.83955001831055","219","34.43","21.734","7.7024449224","0.751392237923392","0.826702603681908","13.760211528",
"8/9/1983","-51.875","-4.83955001831055","219","36.487","21.137","5.4227821464","1.09362846357951","0.698836052387598","16.378258788",
"8/10/1983","-51.875","-4.83955001831055","219","36.317","20.792","0","1.31714482688645","0.533153769898312","24.65780382",
"8/11/1983","-51.875","-4.83955001831055","219","32.821","20.963","0.199127016","1.50597972304497","0.701916379614681","13.7845701",
"8/12/1983","-51.875","-4.83955001831055","219","34.754","17.127","0","1.37403925988615","0.625122290349652","19.99868148",
"8/13/1983","-51.875","-4.83955001831055","219","33.31","19.422","0","1.5738524072443","0.571979066278953","22.05629334",
"8/14/1983","-51.875","-4.83955001831055","219","35.825","20.983","0","1.68861950542136","0.459922668306443","23.44573386",
"8/15/1983","-51.875","-4.83955001831055","219","36.377","22.11","0","1.65287159825736","0.413648264145466","19.11881286",
"8/16/1983","-51.875","-4.83955001831055","219","34.816","22.318","0","1.65105267455531","0.481549434282552","19.72771956",
"8/17/1983","-51.875","-4.83955001831055","219","37.005","18.369","0","1.60626875855806","0.512895785207543","26.3023875",
"8/18/1983","-51.875","-4.83955001831055","219","36.689","20.199","0","1.57362682247369","0.516550236560429","26.11805382",
"8/19/1983","-51.875","-4.83955001831055","219","37.015","22.06","0.727845624","1.54703061173416","0.55102131020467","17.243610048",
"8/20/1983","-51.875","-4.83955001831055","219","36.343","21.272","6.2519085144","1.1817753392042","0.769380042985627","12.314981772",
"8/21/1983","-51.875","-4.83955001831055","219","31.796","20.68","2.262493584","1.67204711879413","0.782913688131728","17.61553206",
"8/22/1983","-51.875","-4.83955001831055","219","33.471","20.934","0.16136172","1.50820046914113","0.666636209139964","16.83787932",
"8/23/1983","-51.875","-4.83955001831055","219","34.607","21.182","0.7621760592","1.36913066202514","0.749171381493269","14.28851475",
"8/24/1983","-51.875","-4.83955001831055","219","35.169","20.824","0.398254428","1.31547608792387","0.692515453761651","12.33905454",
"8/25/1983","-51.875","-4.83955001831055","219","34.938","23.068","0.1750947336","1.66489017455688","0.575118980407335","13.95438822",
"8/26/1983","-51.875","-4.83955001831055","219","34.126","19.961","0.0549316584","1.66772578669643","0.625034346553075","12.092904072",
"8/27/1983","-51.875","-4.83955001831055","219","34.462","20.147","0","1.82873186132956","0.630434047718039","19.90164006",
"8/28/1983","-51.875","-4.83955001831055","219","33.487","20.409","0.10643004","1.39242243451313","0.636695351237134","15.78442302",
"8/29/1983","-51.875","-4.83955001831055","219","36.497","18.962","0","1.67517214018571","0.509746201444122","26.75081034",
"8/30/1983","-51.875","-4.83955001831055","219","38.03","22.403","0","1.74389927966356","0.450070480156212","19.724172192",
"8/31/1983","-51.875","-4.83955001831055","219","35.307","20.092","0","1.39985812166325","0.518979645913577","20.177890272",
"9/1/1983","-51.875","-4.83955001831055","219","37.545","18.52","0","1.50714287033116","0.478548850381038","25.464993912",
"9/2/1983","-51.875","-4.83955001831055","219","35.586","20.536","0","1.59387644534757","0.433694707929162","20.66563584",
"9/3/1983","-51.875","-4.83955001831055","219","37.267","19.434","0.022315968","1.55891610384655","0.469475548282285","21.870279288",
"9/4/1983","-51.875","-4.83955001831055","219","36.727","22.416","0.101280276","1.83528105444359","0.462115070306543","25.40328264",
"9/5/1983","-51.875","-4.83955001831055","219","37.461","22.451","0.511551","1.89322561789714","0.529268349509074","20.4575634",
"9/6/1983","-51.875","-4.83955001831055","219","35.036","21.779","0.166511628","2.17355320357562","0.590557192372071","19.630525032",
"9/7/1983","-51.875","-4.83955001831055","219","33.6","21.864","0","1.6340479276707","0.602494993064965","17.828607168",
"9/8/1983","-51.875","-4.83955001831055","219","34.164","20.267","0","2.11832604651459","0.512314315963709","24.4916388",
"9/9/1983","-51.875","-4.83955001831055","219","36.734","18.369","0","1.7432143243101","0.423693929917049","24.041808072",
"9/10/1983","-51.875","-4.83955001831055","219","36.89","21.197","0","2.01111007294954","0.431125775539251","22.260937968",
"9/11/1983","-51.875","-4.83955001831055","219","34.969","21.882","0","1.5493078756674","0.522264515195772","18.126111168",
"9/12/1983","-51.875","-4.83955001831055","219","36.536","22.263","0.226593108","1.41414103365489","0.523658625955193","20.59289604",
"9/13/1983","-51.875","-4.83955001831055","219","37.615","21.262","0.197410536","1.33175427008413","0.496976038186898","26.54144748",
"9/14/1983","-51.875","-4.83955001831055","219","36.252","21.76","0.2746584","1.57778624572145","0.470841137088609","20.595997368",
"9/15/1983","-51.875","-4.83955001831055","219","36.962","23.927","0.12016296","2.01799674366327","0.466653760338796","18.5882661",
"9/16/1983","-51.875","-4.83955001831055","219","36.53","22.473","0.827408052","1.64601131586372","0.55616250215437","10.33441686",
"9/17/1983","-51.875","-4.83955001831055","219","37.642","20.178","0.3570552","1.628537965194","0.499592688884176","23.018513832",
"9/18/1983","-51.875","-4.83955001831055","219","32.547","20.427","0.0034332264","2.28008259663162","0.515021611664421","23.223431448",
"9/19/1983","-51.875","-4.83955001831055","219","34.441","21.402","0.010299672","1.97683028599652","0.511369256834658","23.10705234",
"9/20/1983","-51.875","-4.83955001831055","219","38.841","21.154","0","1.74796926211185","0.417720259203797","27.593671248",
"9/21/1983","-51.875","-4.83955001831055","219","35.19","23.635","0.1476288","1.69500668318454","0.512516862368761","20.36385396",
"9/22/1983","-51.875","-4.83955001831055","219","34.346","21.511","0.885772692","1.71495116013693","0.620134029121364","17.0655174",
"9/23/1983","-51.875","-4.83955001831055","219","35.294","18.842","0.1235961864","1.64245475373223","0.597590438064857","14.32755288",
"9/24/1983","-51.875","-4.83955001831055","219","36.616","22.431","0.0205993728","1.79530478998026","0.461931622103335","22.744065528",
"9/25/1983","-51.875","-4.83955001831055","219","37.508","21.405","0","2.06001116040765","0.460765641857692","22.79587536",
"9/26/1983","-51.875","-4.83955001831055","219","38.349","25.948","0","2.33066679969832","0.40725463087988","22.90724766",
"9/27/1983","-51.875","-4.83955001831055","219","38.309","22.313","0.02059938","1.90543310103465","0.434834520809491","22.2647652",
"9/28/1983","-51.875","-4.83955001831055","219","38.322","25.512","0.078105924","2.3504824397245","0.392997675612264","22.780466352",
"9/29/1983","-51.875","-4.83955001831055","219","34.495","20.853","0.0034332264","1.34784329582076","0.505758962234386","17.37461484",
"9/30/1983","-51.875","-4.83955001831055","219","33.368","21.587","1.6736976","1.42108551225105","0.553411309166513","20.06768466",
"10/1/1983","-51.875","-4.83955001831055","219","32.465","21.578","7.08703884","1.59592329143256","0.771455969061407","15.59689578",
"10/2/1983","-51.875","-4.83955001831055","219","28.735","22.292","6.23646252","1.26592215107164","0.880788367985309","8.4206268",
"10/3/1983","-51.875","-4.83955001831055","219","35.115","21.288","0","1.78207587794059","0.600227236196461","21.13278768",
"10/4/1983","-51.875","-4.83955001831055","219","34.887","19.291","0.017166132","1.4850698824916","0.571787335156633","15.91256466",
"10/5/1983","-51.875","-4.83955001831055","219","32.749","20.723","1.795575492","1.03358910897535","0.799334291488385","15.74038242",
"10/6/1983","-51.875","-4.83955001831055","219","33.796","21.577","8.485218","1.42245649621083","0.742656214320867","20.22918372",
"10/7/1983","-51.875","-4.83955001831055","219","35.568","21.504","8.2431788832","1.36339722207807","0.699045315074081","14.456078748",
"10/8/1983","-51.875","-4.83955001831055","219","35.87","21.223","2.7929308824","1.55991909852319","0.683201050623953","17.58285414",
"10/9/1983","-51.875","-4.83955001831055","219","35.122","22.549","3.00064032","1.56689072176959","0.650472922424487","22.66279056",
"10/10/1983","-51.875","-4.83955001831055","219","34.512","20.411","3.2255185464","1.41088133802327","0.686695512222579","20.56921596",
"10/11/1983","-51.875","-4.83955001831055","219","32.269","21.957","0.0068664528","2.06595201998988","0.697352216472238","25.50346722",
"10/12/1983","-51.875","-4.83955001831055","219","35.154","21.136","0","1.96317679268751","0.605539949871598","28.310064912",
"10/13/1983","-51.875","-4.83955001831055","219","34.009","22.078","0","1.91943454193216","0.49885677614397","21.61355706",
"10/14/1983","-51.875","-4.83955001831055","219","35.335","24.633","0","2.05876949981296","0.467293678420744","21.80312064",
"10/15/1983","-51.875","-4.83955001831055","219","35.058","22.902","0","1.73626423917569","0.520052302209147","18.1843902",
"10/16/1983","-51.875","-4.83955001831055","219","36.888","23.202","0","2.09305391645017","0.450106122870033","28.5702174",
"10/17/1983","-51.875","-4.83955001831055","219","36.605","22.027","0","2.08315895337506","0.479340173286468","23.41226232",
"10/18/1983","-51.875","-4.83955001831055","219","38.765","21.599","0.06179796","1.21675059886092","0.488387031584683","19.39584456",
"10/19/1983","-51.875","-4.83955001831055","219","31.998","21.949","1.780128576","1.7799820237601","0.691434986038416","15.17309586",
"10/20/1983","-51.875","-4.83955001831055","219","34.29","20.627","0.3845214","1.73548848540157","0.649315096413365","23.06159622",
"10/21/1983","-51.875","-4.83955001831055","219","35.932","20.369","0","1.55782369505315","0.516647234428533","20.7497817",
"10/22/1983","-51.875","-4.83955001831055","219","34.159","19.66","0","1.54718076975903","0.576213797769328","25.982946",
"10/23/1983","-51.875","-4.83955001831055","219","36.468","22.989","0","1.65044351495596","0.478574631298051","21.230376768",
"10/24/1983","-51.875","-4.83955001831055","219","36.954","22.748","1.2694358664","1.67274277734691","0.502847566463794","21.94171578",
"10/25/1983","-51.875","-4.83955001831055","219","38.146","25.373","0","1.31156546299738","0.394119918171735","25.94435454",
"10/26/1983","-51.875","-4.83955001831055","219","33.608","22.71","0.4961015064","1.69882373162018","0.59505183900401","12.077217",
"10/27/1983","-51.875","-4.83955001831055","219","25.783","22.084","6.848426592","1.38933764231644","0.924867313583957","13.03396902",
"10/28/1983","-51.875","-4.83955001831055","219","34.931","20.76","0.499534668","1.11830012586404","0.690694756739245","16.49947428",
"10/29/1983","-51.875","-4.83955001831055","219","36.785","22.02","0.017166132","1.58630402748163","0.46395978935872","25.71204708",
"10/30/1983","-51.875","-4.83955001831055","219","34.442","22.047","5.403902832","1.19476421054563","0.708633888425242","12.05577828",
"10/31/1983","-51.875","-4.83955001831055","219","33.788","21.327","6.670760364","2.08194284066586","0.69602247364706","27.24559308",
"11/1/1983","-51.875","-4.83955001831055","219","30.57","22.719","6.4081157328","1.52045241023364","0.788749056468494","16.81790544",
"11/2/1983","-51.875","-4.83955001831055","219","34.24","20.406","0","1.32405251924575","0.612566440540588","17.38495602",
"11/3/1983","-51.875","-4.83955001831055","219","36.622","19.994","0.15106176","1.01386608292139","0.581039089600256","19.21488696",
"11/4/1983","-51.875","-4.83955001831055","219","34.99","21.345","0.527000364","1.49260721547975","0.611425119612876","16.55027208",
"11/5/1983","-51.875","-4.83955001831055","219","30.228","21.841","2.4238637064","1.42666667905602","0.79086858143266","23.12943894",
"11/6/1983","-51.875","-4.83955001831055","219","34.975","21.612","2.28481362","1.59372324042166","0.707610146737268","16.006216608",
"11/7/1983","-51.875","-4.83955001831055","219","33.442","22.404","4.0992748056","1.40835250155516","0.754987657736088","9.2924406",
"11/8/1983","-51.875","-4.83955001831055","219","36.548","21.894","1.691723628","1.15061802644694","0.703704288887238","11.57715108",
"11/9/1983","-51.875","-4.83955001831055","219","35.804","21.74","2.035044","1.44778389279682","0.602481665962317","19.8576558",
"11/10/1983","-51.875","-4.83955001831055","219","36.339","22.526","0","1.53131281082667","0.4686267113459","19.255104",
"11/11/1983","-51.875","-4.83955001831055","219","35.816","25.419","0","1.9071476171153","0.417104272750089","23.8386906",
"11/12/1983","-51.875","-4.83955001831055","219","38.007","22.639","0","1.67197181210144","0.429210655234304","20.20983336",
"11/13/1983","-51.875","-4.83955001831055","219","39.18","21.427","0","1.47673002894965","0.463441604689878","23.06666016",
"11/14/1983","-51.875","-4.83955001831055","219","36.141","23.054","0.097846956","1.73552801759992","0.562584383823304","18.69587046",
"11/15/1983","-51.875","-4.83955001831055","219","35.777","22.708","0.597383136","1.51398840243111","0.548640367354937","17.9732214",
"11/16/1983","-51.875","-4.83955001831055","219","34.721","21.487","1.2411111024","1.35796892026775","0.615050853923027","16.5534183",
"11/17/1983","-51.875","-4.83955001831055","219","36.521","23.422","0","1.67764361033947","0.417240602699257","25.93664892",
"11/18/1983","-51.875","-4.83955001831055","219","35.552","22.318","4.3318764","1.52809715752112","0.526754386207758","12.06022824",
"11/19/1983","-51.875","-4.83955001831055","219","35.112","22.06","21.88512576","1.48551510667521","0.680651425075319","20.51127558",
"11/20/1983","-51.875","-4.83955001831055","219","34.617","18.929","12.5930795328","1.05208541588453","0.764484441491649","11.8339875",
"11/21/1983","-51.875","-4.83955001831055","219","32.743","19.863","0","1.44811486467281","0.57328085716751","10.1597067",
"11/22/1983","-51.875","-4.83955001831055","219","26.484","21.265","18.76087494","1.48375309627428","0.888213869242153","3.88068912",
"11/23/1983","-51.875","-4.83955001831055","219","30.395","20.532","0.0274658328","1.85480846873603","0.6596379273503","19.61347248",
"11/24/1983","-51.875","-4.83955001831055","219","35.945","19.541","0","1.81671546990908","0.523509300512995","24.00424038",
"11/25/1983","-51.875","-4.83955001831055","219","37.64","21.307","0.40683744","1.53026715881055","0.511951361649821","20.40474564",
"11/26/1983","-51.875","-4.83955001831055","219","32.769","20.877","2.214430308","1.90913047801208","0.692864047825386","17.96906448",
"11/27/1983","-51.875","-4.83955001831055","219","33.5","20.289","0","1.67998428440082","0.55670813707103","20.1176964",
"11/28/1983","-51.875","-4.83955001831055","219","36.216","22.303","0","1.83596471982488","0.41395787111484","25.61918238",
"11/29/1983","-51.875","-4.83955001831055","219","35.689","23.572","0","2.13316999800578","0.396622984120075","20.71833732",
"11/30/1983","-51.875","-4.83955001831055","219","34.494","25.076","0","1.98895506831244","0.452546389433763","17.95432662",
"12/1/1983","-51.875","-4.83955001831055","219","37.365","24.412","0.130462704","1.87537231476829","0.44831039606952","20.5489062",
"12/2/1983","-51.875","-4.83955001831055","219","36.397","22.819","0.6763458024","1.49212689183958","0.558652998137811","18.37586844",
"12/3/1983","-51.875","-4.83955001831055","219","23.627","20.49","4.301834436","1.30428452858564","0.86451093738272","1.871887932",
"12/4/1983","-51.875","-4.83955001831055","219","32.844","19.229","0.120163104","1.77087878682927","0.610202604250071","20.7484866",
"12/5/1983","-51.875","-4.83955001831055","219","33.566","22.097","0","1.66114589596216","0.552918620906942","17.06056326",
"12/6/1983","-51.875","-4.83955001831055","219","31.243","22.193","2.530291104","0.86474440165778","0.707672271218979","14.31022356",
"12/7/1983","-51.875","-4.83955001831055","219","28.573","21.198","4.74128856","1.47230187739515","0.784927804527368","15.83009928",
"12/8/1983","-51.875","-4.83955001831055","219","31.257","20.209","4.5988092","1.05298614579726","0.877800076781147","23.3381745",
"12/9/1983","-51.875","-4.83955001831055","219","32.847","21.663","8.70666336","1.38433996162262","0.791417009363908","24.2123058",
"12/10/1983","-51.875","-4.83955001831055","219","32.249","22.061","13.7878416","1.16342092696626","0.837496010593293","15.3314451",
"12/11/1983","-51.875","-4.83955001831055","219","27.732","21.376","14.6152566","1.00399082749089","0.912871074840213","24.80354748",
"12/12/1983","-51.875","-4.83955001831055","219","22.975","18.172","53.151547824","1.18916624573627","0.975862373420756","2.36148768",
"12/13/1983","-51.875","-4.83955001831055","219","32.43","18.145","0.0102996792","1.19938343139454","0.775068266252138","15.31878948",
"12/14/1983","-51.875","-4.83955001831055","219","33.567","21.271","6.2828033472","1.60704142869807","0.766338883751481","13.80729384",
"12/15/1983","-51.875","-4.83955001831055","219","31.919","20.828","9.8842644","0.696481025704793","0.85936090564774","22.44251376",
"12/16/1983","-51.875","-4.83955001831055","219","29.231","22.369","53.7162696","1.02219296905411","0.934900420428761","9.529875828",
"12/17/1983","-51.875","-4.83955001831055","219","23.527","20.334","26.865016092","1.09513017027698","0.975909354511584","3.45104928",
"12/18/1983","-51.875","-4.83955001831055","219","29.628","18.864","1.0025023464","1.36567312122533","0.846970089296486","13.25093148",
"12/19/1983","-51.875","-4.83955001831055","219","29.071","21.387","3.39374754","1.3521133700575","0.873109223030226","18.54950886",
"12/20/1983","-51.875","-4.83955001831055","219","28.884","21.209","9.5443722648","1.1203104132812","0.881889949440637","26.43030072",
"12/21/1983","-51.875","-4.83955001831055","219","34.943","20.619","3.398892516","0.953272487093612","0.717480925948144","18.78334128",
"12/22/1983","-51.875","-4.83955001831055","219","28.622","20.524","4.768750224","1.20806639942438","0.816636303045996","10.85991246",
"12/23/1983","-51.875","-4.83955001831055","219","31.044","20.678","9.1341017064","1.57717345816584","0.767653155624693","24.89917158",
"12/24/1983","-51.875","-4.83955001831055","219","32.19","21.034","7.542798264","1.89982811190209","0.821950098528875","24.61780836",
"12/25/1983","-51.875","-4.83955001831055","219","31.344","21.785","11.49100632","1.61617740011801","0.868585464094573","18.84178422",
"12/26/1983","-51.875","-4.83955001831055","219","29.922","21.536","16.670042712","1.27414327448139","0.882520636359984","25.70839056",
"12/27/1983","-51.875","-4.83955001831055","219","26.862","19.637","7.5822820992","1.20794290759082","0.91102428181747","25.70427918",
"12/28/1983","-51.875","-4.83955001831055","219","28.764","21.757","14.0110044264","1.19200289410752","0.912450308328475","22.28788584",
"12/29/1983","-51.875","-4.83955001831055","219","25.921","20.927","7.165149264","1.1213544894769","0.942018941532778","8.059159908",
"12/30/1983","-51.875","-4.83955001831055","219","31.724","20.706","5.273434584","1.16927884312516","0.805959452336893","17.6633478",
"12/31/1983","-51.875","-4.83955001831055","219","33.724","19.483","5.6716928784","0.947678491858241","0.736574152623828","22.61013606",
"1/1/1984","-51.875","-4.83955001831055","219","31.7","21.239","25.091740332","1.2209616998146","0.837713039001542","17.9911674",
"1/2/1984","-51.875","-4.83955001831055","219","26.055","21.276","14.54830488","0.639195986213909","0.962073249259625","11.8481589",
"1/3/1984","-51.875","-4.83955001831055","219","24.232","20.991","8.958997548","0.787768045659616","0.976657795915656","6.5106594",
"1/4/1984","-51.875","-4.83955001831055","219","23.866","21.559","20.5444361664","0.949934331728277","0.974937201929077","7.41651228",
"1/5/1984","-51.875","-4.83955001831055","219","28.813","21.208","3.2890320504","1.23584111221962","0.866302878031982","17.53976358",
"1/6/1984","-51.875","-4.83955001831055","219","29.249","21.5","6.765178968","1.17250565259546","0.880940887999009","20.19459528",
"1/7/1984","-51.875","-4.83955001831055","219","27.545","20.343","5.8416391368","1.27345799524466","0.881635126838727","22.34496834",
"1/8/1984","-51.875","-4.83955001831055","219","26.226","19.494","10.0713736584","0.795367522829893","0.952312132001094","18.87851196",
"1/9/1984","-51.875","-4.83955001831055","219","25.023","21.504","24.1802208","1.20563044714915","0.97060198551581","11.07731232",
"1/10/1984","-51.875","-4.83955001831055","219","23.296","20.07","43.4286252","0.867546432910611","0.97624987501912","4.9899375",
"1/11/1984","-51.875","-4.83955001831055","219","25.249","19.661","2.212713648","0.937812226066468","0.919525821379194","8.05798296",
"1/12/1984","-51.875","-4.83955001831055","219","29.957","17.902","2.42643276","1.01109493365022","0.857147677127277","17.73517428",
"1/13/1984","-51.875","-4.83955001831055","219","29.479","20.177","2.1028525848","1.03162052983555","0.84547310747007","21.75249456",
"1/14/1984","-51.875","-4.83955001831055","219","33.129","19.861","1.641083364","1.57823314363646","0.707098591921383","28.2314304",
"1/15/1984","-51.875","-4.83955001831055","219","29.31","18.388","1.4582633832","1.0978122875457","0.789636454051064","12.99048714",
"1/16/1984","-51.875","-4.83955001831055","219","27.361","20.871","14.381788284","1.40563801427689","0.916192771922803","24.5725911",
"1/17/1984","-51.875","-4.83955001831055","219","25.917","20.537","16.4863601064","1.01210264523328","0.950909439997301","18.43475958",
"1/18/1984","-51.875","-4.83955001831055","219","28.573","21.734","5.108645952","0.963012376846577","0.909904437080869","11.4802875",
"1/19/1984","-51.875","-4.83955001831055","219","24.451","21.451","154.822239756","0.779217364478959","0.977282758621166","9.82434222",
"1/20/1984","-51.875","-4.83955001831055","219","27.948","20.566","14.86073088","0.86611743799148","0.948312318788896","20.34275976",
"1/21/1984","-51.875","-4.83955001831055","219","25.179","21.967","13.600737396","0.814604174733606","0.971465462912084","12.08294667",
"1/22/1984","-51.875","-4.83955001831055","219","26.196","21.596","22.1735016","0.802219643516592","0.971955114788744","13.930985772",
"1/23/1984","-51.875","-4.83955001831055","219","32.418","20.674","4.694937264","1.16848700383637","0.773321951501473","20.564498322",
"1/24/1984","-51.875","-4.83955001831055","219","34.479","19.468","4.8271140864","1.16683952935221","0.759881168959221","20.581199712",
"1/25/1984","-51.875","-4.83955001831055","219","31.348","20.839","19.929886056","1.3750260358245","0.878866095550476","17.14831227",
"1/26/1984","-51.875","-4.83955001831055","219","26.907","22.065","39.5525006064","1.2453417308867","0.949639214018579","18.56609928",
"1/27/1984","-51.875","-4.83955001831055","219","30.231","21.616","4.4305780248","1.47333196973026","0.855201749408689","20.27508588",
"1/28/1984","-51.875","-4.83955001831055","219","31.083","20.346","11.0996224848","1.12756376812899","0.919815524040577","24.33341466",
"1/29/1984","-51.875","-4.83955001831055","219","28.67","21.458","22.60437264","1.16223509283693","0.934979545512285","23.76590814",
"1/30/1984","-51.875","-4.83955001831055","219","24.622","21.546","10.5194034","0.911094176867933","0.97042994064384","12.77836434",
"1/31/1984","-51.875","-4.83955001831055","219","26.272","21.215","11.00521224","0.909602194821307","0.950422667568186","19.83065292",
"2/1/1984","-51.875","-4.83955001831055","219","30.688","21.446","3.3628461768","1.4344332907275","0.842617466294013","20.20038435",
"2/2/1984","-51.875","-4.83955001831055","219","30.479","21.397","8.9881937064","1.16553517376522","0.870148751597738","22.96051389",
"2/3/1984","-51.875","-4.83955001831055","219","23.774","21.264","39.753368604","0.901632559022745","0.969553587584099","6.0207219",
"2/4/1984","-51.875","-4.83955001831055","219","27.316","19.935","2.1114342","1.06882407761777","0.896827256858867","11.894233572",
"2/5/1984","-51.875","-4.83955001831055","219","27.112","20.274","7.78312458","0.637155743355972","0.942701978608842","13.708800882",
"2/6/1984","-51.875","-4.83955001831055","219","28.245","21.299","4.126739904","1.23374100075131","0.926095147655423","16.557853788",
"2/7/1984","-51.875","-4.83955001831055","219","24.443","21.046","9.520342668","0.814921052525268","0.970979622336583","11.35119645",
"2/8/1984","-51.875","-4.83955001831055","219","24.817","20.848","11.2781538","0.841763050086465","0.973915301236387","10.35928548",
"2/9/1984","-51.875","-4.83955001831055","219","28.81","20.45","14.41097316","0.895230843601411","0.927858546794061","14.8914",
"2/10/1984","-51.875","-4.83955001831055","219","24.707","20.606","16.25289768","1.15859158176902","0.964919160490755","10.4441616",
"2/11/1984","-51.875","-4.83955001831055","219","30.166","20.069","4.257203508","0.919822752451662","0.885323126624472","16.288141212",
"2/12/1984","-51.875","-4.83955001831055","219","30.311","20.233","6.698225808","1.33119173776349","0.881524777797162","21.35205162",
"2/13/1984","-51.875","-4.83955001831055","219","28.55","21.571","9.304046604","1.49079435249443","0.934470233417208","18.779676768",
"2/14/1984","-51.875","-4.83955001831055","219","28.785","21.111","24.7741739064","1.37548344167369","0.921787610906289","23.667811092",
"2/15/1984","-51.875","-4.83955001831055","219","22.577","20.042","48.30895224","1.00460333051425","0.981063907394889","3.3984027",
"2/16/1984","-51.875","-4.83955001831055","219","23.936","19.674","11.604309984","0.679909229384986","0.979983418292795","3.706536492",
"2/17/1984","-51.875","-4.83955001831055","219","24.559","20.916","5.846789052","0.858863756519886","0.975836192623428","10.52702244",
"2/18/1984","-51.875","-4.83955001831055","219","26.191","19.734","6.598664244","0.629791987289187","0.96378960633345","15.11313714",
"2/19/1984","-51.875","-4.83955001831055","219","28.686","19.654","9.49631436","1.06293761848479","0.925459077897854","16.068655908",
"2/20/1984","-51.875","-4.83955001831055","219","28.351","21.788","17.81157564","1.06222865753862","0.939969262265069","18.008215218",
"2/21/1984","-51.875","-4.83955001831055","219","27.57","21.339","19.418331816","1.08084501533735","0.936796057741368","25.58385414",
"2/22/1984","-51.875","-4.83955001831055","219","26.52","21.819","30.1883724","1.14495579226787","0.959568223347305","21.30761502",
"2/23/1984","-51.875","-4.83955001831055","219","29.485","21.876","8.00285544","1.29803419568213","0.883977391819114","17.69450985",
"2/24/1984","-51.875","-4.83955001831055","219","28.123","20.963","10.344309984","1.18123244920477","0.924097326079095","17.56142091",
"2/25/1984","-51.875","-4.83955001831055","219","24.87","21.387","12.5724816","0.979111749801902","0.972195339711333","11.737971972",
"2/26/1984","-51.875","-4.83955001831055","219","25.804","21.794","62.663274","0.949537920891808","0.967781529121906","12.249454788",
"2/27/1984","-51.875","-4.83955001831055","219","26.39","21.613","16.14646764","1.00549766718215","0.962310904566962","12.82854348",
"2/28/1984","-51.875","-4.83955001831055","219","25.763","21.239","5.2494012","0.765261235995357","0.957318365447636","11.83139802",
"2/29/1984","-51.875","-4.83955001831055","219","27.668","21.196","5.5927317744","1.00867921447469","0.930133460758146","19.47768993",
"3/1/1984","-51.875","-4.83955001831055","219","25.623","21.68","12.55531068","0.950900590813363","0.964212814959163","12.555112518",
"3/2/1984","-51.875","-4.83955001831055","219","24.975","21.578","10.42499664","1.03813294979695","0.969158886838643","14.08140558",
"3/3/1984","-51.875","-4.83955001831055","219","25.326","21.996","25.94833632","1.13595851088437","0.97424926776349","13.520365812",
"3/4/1984","-51.875","-4.83955001831055","219","27.06","21.525","15.341373648","0.888255301377756","0.938124135584329","16.22025594",
"3/5/1984","-51.875","-4.83955001831055","219","24.918","20.886","13.265997156","0.723661758733653","0.975744323674002","9.1983303",
"3/6/1984","-51.875","-4.83955001831055","219","24.945","20.746","5.49659772","0.993433593355585","0.97067215933602","10.26477936",
"3/7/1984","-51.875","-4.83955001831055","219","25.337","20.766","5.42793474","0.940066392649504","0.965623949001423","10.76597262",
"3/8/1984","-51.875","-4.83955001831055","219","28.885","20.86","5.06057742","1.50834976151316","0.875106025495087","23.56892208",
"3/9/1984","-51.875","-4.83955001831055","219","24.3","20.833","8.909219628","1.03637258008101","0.973989456175804","10.71275202",
"3/10/1984","-51.875","-4.83955001831055","219","28.635","20.502","1.998138924","1.26410444631975","0.853292950090733","20.73960018",
"3/11/1984","-51.875","-4.83955001831055","219","27.648","21.138","10.24475256","0.93454039200678","0.956242300042853","10.84764096",
"3/12/1984","-51.875","-4.83955001831055","219","26.564","20.658","10.33401438","0.960094900823715","0.943400608869158","11.11534092",
"3/13/1984","-51.875","-4.83955001831055","219","24.517","21.525","8.857724868","1.20733097396207","0.972495384619232","10.3853277",
"3/14/1984","-51.875","-4.83955001831055","219","26.241","21.233","11.7244717488","0.996091218093765","0.956716053544238","12.33961902",
"3/15/1984","-51.875","-4.83955001831055","219","23.782","20.633","6.62956344","0.879554096566288","0.97010471282968","6.257587032",
"3/16/1984","-51.875","-4.83955001831055","219","25.542","20.245","14.052197736","0.726824787158593","0.963618689972526","11.150720982",
"3/17/1984","-51.875","-4.83955001831055","219","28.259","20.89","10.615536792","0.96442991277051","0.944076316498108","15.560723538",
"3/18/1984","-51.875","-4.83955001831055","219","25.131","20.586","16.78848048","1.08816142564807","0.959026612537769","10.03483395",
"3/19/1984","-51.875","-4.83955001831055","219","29.283","20.924","5.43823056","0.983273152290685","0.90581468457297","21.49531947",
"3/20/1984","-51.875","-4.83955001831055","219","25.512","20.514","17.4785616","0.861004678700737","0.973876715764705","14.68917945",
"3/21/1984","-51.875","-4.83955001831055","219","25.109","21.364","4.1713704864","0.811617336518211","0.969657993814531","6.29307918",
"3/22/1984","-51.875","-4.83955001831055","219","25.113","20.919","11.3674186656","0.685587496849994","0.97582728030961","8.85628764",
"3/23/1984","-51.875","-4.83955001831055","219","32.181","21.32","4.2228714168","0.754872511276912","0.882906130914853","17.5388634",
"3/24/1984","-51.875","-4.83955001831055","219","26.502","21.854","14.151765492","0.731085731655937","0.968089817204131","15.89146983",
"3/25/1984","-51.875","-4.83955001831055","219","29.833","22.571","9.122084388","0.965191188041529","0.91752039067059","17.13470148",
"3/26/1984","-51.875","-4.83955001831055","219","26.304","21.941","25.58441556","0.837069506351272","0.973669496788234","11.112921612",
"3/27/1984","-51.875","-4.83955001831055","219","25.467","22.248","16.836548508","0.993103855862781","0.972808797236844","14.32197819",
"3/28/1984","-51.875","-4.83955001831055","219","23.692","18.809","33.29200296","1.11802860967191","0.975533844182875","5.674050072",
"3/29/1984","-51.875","-4.83955001831055","219","32.457","18.659","1.359558576","0.974837722899808","0.878548742772428","20.50222788",
"3/30/1984","-51.875","-4.83955001831055","219","28.001","21.435","2.468491272","1.07206015452707","0.90715257180541","12.5667549",
"3/31/1984","-51.875","-4.83955001831055","219","28.698","21.661","10.61039376","1.26514548761281","0.928819863149044","18.82743912",
"4/1/1984","-51.875","-4.83955001831055","219","25.371","21.055","10.1314623024","1.06645988977589","0.965243359392358","13.51496538",
"4/2/1984","-51.875","-4.83955001831055","219","26.779","21.848","11.861796924","1.17722279176828","0.958513803206309","17.35087374",
"4/3/1984","-51.875","-4.83955001831055","219","25.029","21.923","12.50381556","1.21044580807282","0.963542606757596","10.8619344",
"4/4/1984","-51.875","-4.83955001831055","219","28.336","21.689","12.579346224","1.1083436683132","0.92276607423991","16.09818588",
"4/5/1984","-51.875","-4.83955001831055","219","22.932","20.807","86.01264216","1.11507418823475","0.982190042469056","2.3479317",
"4/6/1984","-51.875","-4.83955001831055","219","28.65","20.965","6.591796632","1.29084625810201","0.915107649332945","18.26792802",
"4/7/1984","-51.875","-4.83955001831055","219","23.312","20.663","33.765809868","0.765651815899467","0.978656547136251","5.13270126",
"4/8/1984","-51.875","-4.83955001831055","219","28.108","20.738","6.124876596","0.92083607358231","0.931352909272465","11.91954078",
"4/9/1984","-51.875","-4.83955001831055","219","25.872","21.332","10.2653529264","0.985424455585311","0.963150656682497","15.0635232",
"4/10/1984","-51.875","-4.83955001831055","219","27.517","20.805","5.245971192","0.909902642248418","0.937408027002021","17.77477428",
"4/11/1984","-51.875","-4.83955001831055","219","31.295","20.719","4.3155738504","1.21964040189434","0.87866415378669","22.4714277",
"4/12/1984","-51.875","-4.83955001831055","219","24.988","20.831","9.0482685984","1.05197305638282","0.96503822411844","10.4138964",
"4/13/1984","-51.875","-4.83955001831055","219","30.033","20.444","6.7600223064","0.88429074832983","0.905341636993286","23.64187428",
"4/14/1984","-51.875","-4.83955001831055","219","30.568","22.212","24.40681164","1.02666592491989","0.911707348776885","19.35613062",
"4/15/1984","-51.875","-4.83955001831055","219","25.49","21.898","45.39072168","1.25790820731947","0.967974860700763","8.299468332",
"4/16/1984","-51.875","-4.83955001831055","219","27.733","21.053","7.5462360264","0.745930481711415","0.916946958908875","14.8851009",
"4/17/1984","-51.875","-4.83955001831055","219","25.091","21.762","9.8911269864","0.814793916174046","0.973223011338429","8.865342",
"4/18/1984","-51.875","-4.83955001831055","219","24.363","21.51","3.2203676448","0.762020982979129","0.97480529134164","5.09073516",
"4/19/1984","-51.875","-4.83955001831055","219","22.727","21.042","50.8323500064","0.804183479071503","0.983270193165062","0.92148786",
"4/20/1984","-51.875","-4.83955001831055","219","24.826","20.7","5.71288968","0.700657368337858","0.96230262427237","8.1595161",
"4/21/1984","-51.875","-4.83955001831055","219","26.114","20.639","3.642654744","0.717729554366875","0.952268656460248","10.32188112",
"4/22/1984","-51.875","-4.83955001831055","219","25.774","20.556","16.874311644","0.608871794956218","0.966417524259894","9.7871571",
"4/23/1984","-51.875","-4.83955001831055","219","22.334","21.08","66.54976092","1.09743805326314","0.980469261644073","3.03187428",
"4/24/1984","-51.875","-4.83955001831055","219","31.329","20.498","6.1832397528","0.81763327797332","0.87380781027768","19.34780868",
"4/25/1984","-51.875","-4.83955001831055","219","26.427","21.019","6.89048802","0.892065140947886","0.963103517062868","16.0397451",
"4/26/1984","-51.875","-4.83955001831055","219","28.722","22.154","3.508758288","0.746504930283847","0.908350091102932","12.40672824",
"4/27/1984","-51.875","-4.83955001831055","219","24.433","21.888","45.009593352","0.924802413590931","0.976922403676833","4.17993444",
"4/28/1984","-51.875","-4.83955001831055","219","25.694","18.615","5.6785613328","0.709583494075239","0.963723039163821","7.27531362",
"4/29/1984","-51.875","-4.83955001831055","219","24.897","19.293","18.381497472","0.79560745162254","0.97122950980598","8.90308098",
"4/30/1984","-51.875","-4.83955001831055","219","27.243","21.118","4.514696064","0.947236935811332","0.936268873180164","10.80444438",
"5/1/1984","-51.875","-4.83955001831055","219","23.346","21.091","3.675269988","1.02434102921188","0.97690706436483","5.61431196",
"5/2/1984","-51.875","-4.83955001831055","219","24.395","20.321","0.365638752","1.04183071877786","0.914060929650147","7.86938166",
"5/3/1984","-51.875","-4.83955001831055","219","27.396","19.977","0.2695083696","0.571566186034519","0.893179760573706","10.29622896",
"5/4/1984","-51.875","-4.83955001831055","219","30.502","19.194","2.8186812","0.820504418133678","0.884289779475535","18.07880958",
"5/5/1984","-51.875","-4.83955001831055","219","25.927","20.74","0.451469304","0.899685731836025","0.892548794917283","8.33079762",
"5/6/1984","-51.875","-4.83955001831055","219","32.852","17.095","2.62813392","1.07471310712437","0.789046376822463","21.24961974",
"5/7/1984","-51.875","-4.83955001831055","219","31.906","19.477","10.89706212","0.966650635049104","0.847298274250145","24.00857388",
"5/8/1984","-51.875","-4.83955001831055","219","29.694","21.766","8.8268275584","0.786277688230418","0.902735200778333","14.82378804",
"5/9/1984","-51.875","-4.83955001831055","219","25.853","21.651","15.907859316","0.843229738021627","0.972208179393253","16.6336335",
"5/10/1984","-51.875","-4.83955001831055","219","31.977","20.482","3.352548024","0.57807583800902","0.89051445919647","15.15368862",
"5/11/1984","-51.875","-4.83955001831055","219","30.701","18.525","3.4297953264","0.835128305261917","0.876557033760425","19.6206786",
"5/12/1984","-51.875","-4.83955001831055","219","31.412","20.389","2.374077456","0.843013889983909","0.859768481353507","21.89210814",
"5/13/1984","-51.875","-4.83955001831055","219","29.691","21.095","3.1448364768","1.05573595012457","0.886472870208765","20.43613008",
"5/14/1984","-51.875","-4.83955001831055","219","31.919","21.542","4.018593708","1.0966805985882","0.869783319422439","21.00251682",
"5/15/1984","-51.875","-4.83955001831055","219","24.67","20.725","8.57620206","0.959059794552264","0.965256883472538","7.62321852",
"5/16/1984","-51.875","-4.83955001831055","219","29.696","21.171","2.7740483928","0.784906903628948","0.878689559114016","17.96810778",
"5/17/1984","-51.875","-4.83955001831055","219","30.369","22.165","9.08947548","1.13811311556955","0.9049059334879","20.74764258",
"5/18/1984","-51.875","-4.83955001831055","219","31.045","20.022","5.862238164","0.778812399771144","0.911509540683383","17.5750848",
"5/19/1984","-51.875","-4.83955001831055","219","31.979","18.79","9.056854728","0.668381858633558","0.881056245878253","16.6940397",
"5/20/1984","-51.875","-4.83955001831055","219","32.704","17.044","4.7447226","0.968081738420457","0.797053390995287","23.09771376",
"5/21/1984","-51.875","-4.83955001831055","219","29.853","20.18","10.572626664","0.881156454415724","0.92327451860401","17.32585104",
"5/22/1984","-51.875","-4.83955001831055","219","30.154","22.095","3.7851326208","1.14853310739272","0.883001063717716","12.49993692",
"5/23/1984","-51.875","-4.83955001831055","219","26.489","19.544","4.93698078","0.624902617148519","0.962942909142008","9.03628224",
"5/24/1984","-51.875","-4.83955001831055","219","26.634","20.776","9.7366327848","0.671814668603609","0.970573077255852","12.7932714",
"5/25/1984","-51.875","-4.83955001831055","219","23.812","21.831","34.682450796","0.784970912723368","0.980736410325921","2.3911335",
"5/26/1984","-51.875","-4.83955001831055","219","29.401","21.133","0.740718864","0.841602088073467","0.911623075568167","10.587096648",
"5/27/1984","-51.875","-4.83955001831055","219","31.902","20.553","0.7965095544","1.25199759114937","0.794335014594847","19.61566956",
"5/28/1984","-51.875","-4.83955001831055","219","33.149","19.638","2.059938504","1.29462536354416","0.781002738904256","23.68170414",
"5/29/1984","-51.875","-4.83955001831055","219","29.853","20.516","9.5460894","0.856658011063188","0.890058155623064","22.27369716",
"5/30/1984","-51.875","-4.83955001831055","219","33.084","19.366","7.6063176","1.09412780461828","0.712746508401589","23.3940456",
"5/31/1984","-51.875","-4.83955001831055","219","33.119","19.667","0","1.57636936708103","0.633321148368434","23.42199024",
"6/1/1984","-51.875","-4.83955001831055","219","32.799","19.635","0","1.68300810672241","0.685941949330129","23.07774348",
"6/2/1984","-51.875","-4.83955001831055","219","32.755","19.813","0","1.52420834655225","0.685322132716064","18.36804276",
"6/3/1984","-51.875","-4.83955001831055","219","32.541","19.292","0","1.58956326207277","0.669265748759898","18.34931448",
"6/4/1984","-51.875","-4.83955001831055","219","32.105","19.43","0","1.70744528433235","0.619268030748575","23.67145656",
"6/5/1984","-51.875","-4.83955001831055","219","30.591","16.825","1.3114942128","1.54068535640497","0.748721151469617","21.6176022",
"6/6/1984","-51.875","-4.83955001831055","219","32.237","20.093","6.6844940976","1.42176023628039","0.872943079471316","12.71278368",
"6/7/1984","-51.875","-4.83955001831055","219","31.863","18.595","2.4444576","1.10833686016385","0.832669156946618","15.1444728",
"6/8/1984","-51.875","-4.83955001831055","219","29.033","18.012","6.866453376","1.13136363840803","0.910834346660628","16.76975544",
"6/9/1984","-51.875","-4.83955001831055","219","27.719","21.536","6.4579029048","0.788042841720637","0.936053848668782","19.77676776",
"6/10/1984","-51.875","-4.83955001831055","219","30.764","21.476","12.170796444","1.0821545937921","0.918907870937325","19.6975125",
"6/11/1984","-51.875","-4.83955001831055","219","30.815","21.458","1.256561604","1.62310727480088","0.814089493962442","19.05800526",
"6/12/1984","-51.875","-4.83955001831055","219","29.435","19.926","3.340529532","1.5310510484842","0.860102465620376","20.85097338",
"6/13/1984","-51.875","-4.83955001831055","219","32.004","19.01","0.951003864","1.3844835220823","0.797669243984367","17.08588584",
"6/14/1984","-51.875","-4.83955001831055","219","32.599","19.35","2.015302032","1.03485485841091","0.763548782957451","12.72542976",
"6/15/1984","-51.875","-4.83955001831055","219","30.614","20.978","1.682281152","1.33811623437997","0.78389887924726","13.64187168",
"6/16/1984","-51.875","-4.83955001831055","219","32.962","19.545","0","1.44212015388014","0.661047742488757","23.36388678",
"6/17/1984","-51.875","-4.83955001831055","219","33.424","19.953","1.1226636","1.03515244314341","0.667713483306194","23.086467",
"6/18/1984","-51.875","-4.83955001831055","219","30.249","20.702","5.5841460264","1.06432627864142","0.863591875326294","12.1780143",
"6/19/1984","-51.875","-4.83955001831055","219","31.781","20.534","2.598951456","1.41486125475098","0.748354299208575","19.76895108",
"6/20/1984","-51.875","-4.83955001831055","219","28.634","19.804","1.9861214184","1.19656764701864","0.816191552862016","17.24534856",
"6/21/1984","-51.875","-4.83955001831055","219","30.697","20.47","1.872826668","1.15433230469402","0.811251626575495","13.06299114",
"6/22/1984","-51.875","-4.83955001831055","219","32.256","18.235","0","1.37645840063241","0.668232997581832","22.96361772",
"6/23/1984","-51.875","-4.83955001831055","219","31.142","18.066","0","1.23636060296398","0.684179111173148","16.89907752",
"6/24/1984","-51.875","-4.83955001831055","219","28.558","19.409","4.96787778","1.06527264170464","0.865299112678419","11.15511534",
"6/25/1984","-51.875","-4.83955001831055","219","32.36","17.062","0","1.48021612076903","0.691055137748332","23.5528848",
"6/26/1984","-51.875","-4.83955001831055","219","32.23","18.935","0","1.51004305854071","0.632982287776789","23.52201138",
"6/27/1984","-51.875","-4.83955001831055","219","32.349","18.952","0","1.42151591178464","0.638568832871698","18.13854528",
"6/28/1984","-51.875","-4.83955001831055","219","32.675","19.5","0.0137329056","0.996982178612949","0.677381168606285","22.55877864",
"6/29/1984","-51.875","-4.83955001831055","219","32.747","19.56","0.4720687056","1.04215861291692","0.715437916295179","19.06526394",
"6/30/1984","-51.875","-4.83955001831055","219","32.068","18.458","0","1.36733284170023","0.650911063270058","20.11185216",
"7/1/1984","-51.875","-4.83955001831055","219","32.199","19.669","0","1.18417695420546","0.719930224944485","12.684204288",
"7/2/1984","-51.875","-4.83955001831055","219","32.592","18.89","0","1.77644234020974","0.653701504611371","22.17149784",
"7/3/1984","-51.875","-4.83955001831055","219","31.14","19.4","0.8583069096","1.57167693826343","0.699315911748302","17.460738",
"7/4/1984","-51.875","-4.83955001831055","219","29.624","20.847","1.596450996","1.23751100685199","0.805757174880487","16.63858458",
"7/5/1984","-51.875","-4.83955001831055","219","32.286","20.952","1.356125076","1.16816727624522","0.783266985865438","11.25174384",
"7/6/1984","-51.875","-4.83955001831055","219","32.219","20.229","1.3629912192","1.42301450115704","0.733752804107555","17.5757049",
"7/7/1984","-51.875","-4.83955001831055","219","31.656","19.047","0","1.38264938575297","0.691081734700898","10.96250436",
"7/8/1984","-51.875","-4.83955001831055","219","33.774","18.612","0","1.12157590646889","0.713138978465689","18.23107806",
"7/9/1984","-51.875","-4.83955001831055","219","32.562","19.448","0","1.22095983635326","0.645709637155347","15.22001484",
"7/10/1984","-51.875","-4.83955001831055","219","31.212","18.956","0","1.31917102192092","0.65952755239523","17.12424132",
"7/11/1984","-51.875","-4.83955001831055","219","32.352","18.791","0.089264052","1.3550715561155","0.590629972422737","20.55059784",
"7/12/1984","-51.875","-4.83955001831055","219","32.497","19.223","0.226593","1.26341113839799","0.598182278885134","23.80190112",
"7/13/1984","-51.875","-4.83955001831055","219","31.823","18.342","0","0.94308066167882","0.661888318674803","14.80820364",
"7/14/1984","-51.875","-4.83955001831055","219","33.23","19.774","0.0137329056","1.29626899315795","0.581386708666351","17.01371232",
"7/15/1984","-51.875","-4.83955001831055","219","30.574","19.954","0.642011832","1.344450321138","0.673834787671905","13.08965076",
"7/16/1984","-51.875","-4.83955001831055","219","32.176","19.983","1.4282226","1.25396615687325","0.723701796565312","14.15942172",
"7/17/1984","-51.875","-4.83955001831055","219","32.803","19.388","1.07803404","1.72955152863816","0.715062677546612","16.97489964",
"7/18/1984","-51.875","-4.83955001831055","219","32.515","20.998","4.16450592","1.67815976410848","0.833449879948663","16.65590022",
"7/19/1984","-51.875","-4.83955001831055","219","30.462","21.044","0.566482896","1.25003981847661","0.82505309241956","12.56861268",
"7/20/1984","-51.875","-4.83955001831055","219","31.405","20.271","0.9853361424","1.18745597907021","0.7568299973075","21.24905652",
"7/21/1984","-51.875","-4.83955001831055","219","32.877","18.971","0.789642","1.01129639566396","0.748484552578199","18.23456214",
"7/22/1984","-51.875","-4.83955001831055","219","33.183","21.697","0","1.04780082280142","0.678377471946143","18.74609676",
"7/23/1984","-51.875","-4.83955001831055","219","32.772","19.063","0","0.952804396397","0.736262071680117","15.95110104",
"7/24/1984","-51.875","-4.83955001831055","219","31.377","17.919","0","1.76110465187647","0.682237533578009","18.17656272",
"7/25/1984","-51.875","-4.83955001831055","219","29.432","21.128","1.45397214","1.50246047097818","0.748551164016011","19.9481103",
"7/26/1984","-51.875","-4.83955001831055","219","31.137","18.173","0.46691874","1.20997764467444","0.757308804213179","18.2266884",
"7/27/1984","-51.875","-4.83955001831055","219","33.397","16.914","0","1.65960129659895","0.520252976200224","24.4882152",
"7/28/1984","-51.875","-4.83955001831055","219","33.151","18.263","0","1.55849027592318","0.460380953633145","25.13356812",
"7/29/1984","-51.875","-4.83955001831055","219","34.139","17.651","0","1.45048978104606","0.446848250989052","25.56073206",
"7/30/1984","-51.875","-4.83955001831055","219","31.815","13.357","0","1.06459831103569","0.566631903443902","21.29118534",
"7/31/1984","-51.875","-4.83955001831055","219","34.793","19.987","0","1.25489202229583","0.526689974473682","19.72788696",
"8/1/1984","-51.875","-4.83955001831055","219","31.612","18.894","0","1.24905393412632","0.661354139364548","16.46038044",
"8/2/1984","-51.875","-4.83955001831055","219","32.304","18.448","0","1.24968466743832","0.67576064421059","17.48936574",
"8/3/1984","-51.875","-4.83955001831055","219","33.773","21.16","0.51412608","1.7180399905339","0.59268938662928","24.64402392",
"8/4/1984","-51.875","-4.83955001831055","219","33.601","20.628","0","1.18532444808703","0.618911824349868","11.3033808",
"8/5/1984","-51.875","-4.83955001831055","219","34.937","22.02","0","1.51704140112051","0.475360097830814","25.21692378",
"8/6/1984","-51.875","-4.83955001831055","219","35.028","20.323","0","1.75716179127074","0.525006319113422","25.51612536",
"8/7/1984","-51.875","-4.83955001831055","219","33.049","17.62","0","1.35466929134748","0.553976558094838","19.28508966",
"8/8/1984","-51.875","-4.83955001831055","219","32.27","15.461","0.017166132","1.55589296401158","0.593072085582876","21.74872392",
"8/9/1984","-51.875","-4.83955001831055","219","33.905","19.985","0.279808128","1.16008917381824","0.654864770773226","18.0005022",
"8/10/1984","-51.875","-4.83955001831055","219","35.291","20.779","0","1.20410485984871","0.527105244894301","20.69870688",
"8/11/1984","-51.875","-4.83955001831055","219","34.624","18.375","0","1.35575449001053","0.572303393731587","22.5467379",
"8/12/1984","-51.875","-4.83955001831055","219","33.266","21.065","1.5174864","1.08483369051489","0.626681317428478","22.38400683",
"8/13/1984","-51.875","-4.83955001831055","219","33.9","22.009","0","1.44448005652054","0.55444697143861","24.46554168",
"8/14/1984","-51.875","-4.83955001831055","219","30.041","20.085","4.25033316","1.15076844173488","0.814903297429435","24.51735612",
"8/15/1984","-51.875","-4.83955001831055","219","30.435","20.666","1.8247607064","1.40402878926682","0.815308387486887","11.54552931",
"8/16/1984","-51.875","-4.83955001831055","219","34.335","20.726","1.9535061528","1.54285141601253","0.705778715326901","18.148275288",
"8/17/1984","-51.875","-4.83955001831055","219","32.787","20.809","2.3345944704","1.38722916364072","0.775242935114716","15.40339362",
"8/18/1984","-51.875","-4.83955001831055","219","33.894","19.689","1.229095224","1.26065710286814","0.669790476848277","20.13407766",
"8/19/1984","-51.875","-4.83955001831055","219","32.717","18.388","0.0583648488","1.54181447001181","0.614189352698721","20.104596",
"8/20/1984","-51.875","-4.83955001831055","219","34.461","19.481","0.0102996792","1.63125912958512","0.592813819011048","23.5077732",
"8/21/1984","-51.875","-4.83955001831055","219","34.638","20.845","0","1.93626052670304","0.535738095908743","26.468320392",
"8/22/1984","-51.875","-4.83955001831055","219","35.583","17.92","0","1.66488332800216","0.51014389260636","26.662219848",
"8/23/1984","-51.875","-4.83955001831055","219","35.783","19.659","0","1.31998014609003","0.502338118168291","25.223513472",
"8/24/1984","-51.875","-4.83955001831055","219","32.686","18.526","0","1.18738911982241","0.610901371478889","13.34868858",
"8/25/1984","-51.875","-4.83955001831055","219","34.489","19.195","0.036048888","1.3251435377751","0.619865962222339","17.071651152",
"8/26/1984","-51.875","-4.83955001831055","219","34.923","19.352","0.52700022","0.893259558407995","0.654276227816056","17.70463188",
"8/27/1984","-51.875","-4.83955001831055","219","34.939","19.172","2.161216512","1.07303314691612","0.651006813916861","18.42350535",
"8/28/1984","-51.875","-4.83955001831055","219","30.224","21.126","3.692432304","1.28728105314722","0.751549315360464","13.86860643",
"8/29/1984","-51.875","-4.83955001831055","219","26.555","18.381","10.6618897728","0.77383973376117","0.954684379311892","12.666541032",
"8/30/1984","-51.875","-4.83955001831055","219","27.155","19.554","17.2579761","0.836722339836684","0.929356965345216","7.86172959",
"8/31/1984","-51.875","-4.83955001831055","219","29.504","17.541","5.4142002504","1.06943014604676","0.897054118972501","19.81467504",
"9/1/1984","-51.875","-4.83955001831055","219","30.556","20.112","1.3732912584","1.38471085979088","0.795312506556892","22.637131488",
"9/2/1984","-51.875","-4.83955001831055","219","25.623","20.88","8.80107552","1.29756718140028","0.920969354779235","17.786077128",
"9/3/1984","-51.875","-4.83955001831055","219","30.49","20.88","6.5523143592","1.15518128282005","0.871484554507688","20.82004119",
"9/4/1984","-51.875","-4.83955001831055","219","27.908","20.531","9.5769875232","1.14646018287555","0.927907860652877","19.84657662",
"9/5/1984","-51.875","-4.83955001831055","219","27.88","20.34","7.172012664","1.30593656691904","0.895519390197387","24.16325148",
"9/6/1984","-51.875","-4.83955001831055","219","33.143","18.959","0.061798104","1.3528382745782","0.697921715155602","20.046265488",
"9/7/1984","-51.875","-4.83955001831055","219","33.789","19.608","0","1.84247452236847","0.642549197611869","20.076069672",
"9/8/1984","-51.875","-4.83955001831055","219","34.894","20.19","0","1.6143552195192","0.645164726591509","22.359768768",
"9/9/1984","-51.875","-4.83955001831055","219","35.215","19.431","0","1.5082739998194","0.621772257961911","20.873136888",
"9/10/1984","-51.875","-4.83955001831055","219","31.312","20.21","11.18889468","1.00519022792971","0.784706547088586","26.54809074",
"9/11/1984","-51.875","-4.83955001831055","219","33.03","20.146","8.10070524","1.51582886176335","0.746591955830434","20.05401906",
"9/12/1984","-51.875","-4.83955001831055","219","33.537","20.635","14.857300044","1.41682155893324","0.825978179507173","17.652260232",
"9/13/1984","-51.875","-4.83955001831055","219","28.217","20.971","17.0734406112","1.02705096783521","0.885733931972867","12.488342832",
"9/14/1984","-51.875","-4.83955001831055","219","26.919","21.372","8.754729444","0.90298489539406","0.947711327237167","15.426903852",
"9/15/1984","-51.875","-4.83955001831055","219","32.763","20.118","1.8299109384","1.18173895561918","0.793000321254054","20.07568386",
"9/16/1984","-51.875","-4.83955001831055","219","34.78","19.353","0.39138804","1.35049115807668","0.649320984417012","21.052740528",
"9/17/1984","-51.875","-4.83955001831055","219","34.798","20.26","0","1.33314227747074","0.619028658080562","20.968316208",
"9/18/1984","-51.875","-4.83955001831055","219","33.844","23.225","0","1.66763462961846","0.558603924308473","19.033199352",
"9/19/1984","-51.875","-4.83955001831055","219","34.21","21.5","0","1.80378131437383","0.558151380496535","21.72645522",
"9/20/1984","-51.875","-4.83955001831055","219","33.704","22.232","0","1.43416194801076","0.564225872020404","22.127001192",
"9/21/1984","-51.875","-4.83955001831055","219","34.628","21.46","0.93212118","1.41452790629466","0.627736785692788","10.718157888",
"9/22/1984","-51.875","-4.83955001831055","219","33.617","21.016","2.830696668","1.23718480289918","0.762984827710945","13.098994848",
"9/23/1984","-51.875","-4.83955001831055","219","29.826","20.222","13.4307886392","1.16839912418869","0.869220781774413","25.378761168",
"9/24/1984","-51.875","-4.83955001831055","219","33.686","20.311","1.57928184","1.68989203359198","0.695341238424145","19.848262752",
"9/25/1984","-51.875","-4.83955001831055","219","35.667","18.688","0","1.49581830757836","0.56935961089534","20.1476205",
"9/26/1984","-51.875","-4.83955001831055","219","34.967","19.54","0","1.48104116368842","0.572523555019188","25.2564138",
"9/27/1984","-51.875","-4.83955001831055","219","37.22","21.398","0","1.42617415618595","0.57728436778793","20.031642072",
"9/28/1984","-51.875","-4.83955001831055","219","37.935","21.694","2.6985177","0.827951517428513","0.64467356222196","20.2929174",
"9/29/1984","-51.875","-4.83955001831055","219","34.107","21.008","0.7896423744","1.32985100337702","0.62820073404452","21.2259384",
"9/30/1984","-51.875","-4.83955001831055","219","34.662","22.992","0.1647949464","1.73043871710984","0.558293920108968","22.9368888",
"10/1/1984","-51.875","-4.83955001831055","219","36.352","21.846","0.875473164","1.20265434877486","0.625005883898749","19.65825216",
"10/2/1984","-51.875","-4.83955001831055","219","35.605","20.155","0.078964236","1.28077751423101","0.633523179958677","18.19705086",
"10/3/1984","-51.875","-4.83955001831055","219","35.027","21.908","0.14419548","1.47993173028019","0.549865934425086","19.382176152",
"10/4/1984","-51.875","-4.83955001831055","219","37.472","20.657","0.12359628","1.76547455490282","0.482584286700803","27.46113624",
"10/5/1984","-51.875","-4.83955001831055","219","36.08","19.558","0.2901075624","1.58244607551561","0.543086844335018","19.255611312",
"10/6/1984","-51.875","-4.83955001831055","219","35.376","20.591","0.52185042","1.38496449181526","0.613028225086483","18.8362134",
"10/7/1984","-51.875","-4.83955001831055","219","34.12","21.113","9.946060344","1.73907894045252","0.709561951020022","11.28324033",
"10/8/1984","-51.875","-4.83955001831055","219","36.032","21.694","0.79479252","1.72606833964185","0.645728030773328","20.404242",
"10/9/1984","-51.875","-4.83955001831055","219","36.342","20.396","0.01373292","1.86778953747721","0.512204768732651","28.49293278",
"10/10/1984","-51.875","-4.83955001831055","219","34.615","21.868","0.40340448","1.73086651633873","0.605101602354408","20.60151246",
"10/11/1984","-51.875","-4.83955001831055","219","35.205","24.556","0","2.00175199237549","0.558431024641035","14.72129784",
"10/12/1984","-51.875","-4.83955001831055","219","28.275","21.557","11.004353352","1.74492242596864","0.893733763573252","12.38366106",
"10/13/1984","-51.875","-4.83955001831055","219","30.551","21.071","12.42484812","1.26939085922086","0.882886250279197","24.7089942",
"10/14/1984","-51.875","-4.83955001831055","219","33.607","20.965","0.6214138992","1.07219456880368","0.725600655844592","18.7230402",
"10/15/1984","-51.875","-4.83955001831055","219","32.786","22.775","3.37486068","1.50360230939857","0.656301126458341","21.1881384",
"10/16/1984","-51.875","-4.83955001831055","219","34.85","21.317","0.226593","1.71317605194654","0.609081102553133","19.9444428",
"10/17/1984","-51.875","-4.83955001831055","219","35.87","22.572","5.790140496","1.88417648280605","0.555080902409768","26.0012241",
"10/18/1984","-51.875","-4.83955001831055","219","33.571","21.431","2.94571008","1.6521648796574","0.642500163841202","21.9703491",
"10/19/1984","-51.875","-4.83955001831055","219","35.85","23.026","0.111580056","2.05481257954272","0.5407459777892","22.30728408",
"10/20/1984","-51.875","-4.83955001831055","219","35.66","24.682","0","1.91471024022134","0.555001693575705","9.14304582",
"10/21/1984","-51.875","-4.83955001831055","219","34.299","23.063","2.0067246","1.99150912720937","0.636571654563311","22.37023026",
"10/22/1984","-51.875","-4.83955001831055","219","33.719","21.353","0.853156836","1.32527510646613","0.657668196689316","23.29537464",
"10/23/1984","-51.875","-4.83955001831055","219","37.528","21.699","0.0034332264","1.42185768145563","0.5301046700213","21.04784676",
"10/24/1984","-51.875","-4.83955001831055","219","34.518","22.001","0.151062336","1.37274939334616","0.621408778828236","18.61144074",
"10/25/1984","-51.875","-4.83955001831055","219","33.337","21.391","8.14705164","1.38771325400132","0.740106711912091","26.467767",
"10/26/1984","-51.875","-4.83955001831055","219","33.979","21.54","1.70974782","1.47692555167996","0.623939658450167","21.28296888",
"10/27/1984","-51.875","-4.83955001831055","219","32.477","22.341","19.033814196","1.8715620204878","0.787516592458558","21.08306754",
"10/28/1984","-51.875","-4.83955001831055","219","35.094","21.488","0.147629088","1.33306820371999","0.654102292292194","19.88780472",
"10/29/1984","-51.875","-4.83955001831055","219","35.83","21.175","3.4486733952","1.71158689486688","0.714352246295164","18.16233552",
"10/30/1984","-51.875","-4.83955001831055","219","34.11","21.903","6.88361796","1.82032907697826","0.716261414334385","20.60392716",
"10/31/1984","-51.875","-4.83955001831055","219","34.159","22.638","0.0102996792","1.93597790727517","0.649303884837714","21.01314132",
"11/1/1984","-51.875","-4.83955001831055","219","34.101","23.574","0.96817032","1.45668934843251","0.682068348476433","17.7905304",
"11/2/1984","-51.875","-4.83955001831055","219","34.541","21.486","1.1106488664","1.56234972575672","0.735689459084078","15.92325108",
"11/3/1984","-51.875","-4.83955001831055","219","32.515","20.127","10.0164447","1.38246815289366","0.769556530323531","23.73373476",
"11/4/1984","-51.875","-4.83955001831055","219","27.49","21.481","13.4548218","0.996953923933065","0.926634212455387","22.66160778",
"11/5/1984","-51.875","-4.83955001831055","219","35.323","20.94","1.55525472","1.45328861209063","0.719697277374315","13.0941558",
"11/6/1984","-51.875","-4.83955001831055","219","33.826","22.138","3.62377242","1.21277129770187","0.809833681501071","12.55719456",
"11/7/1984","-51.875","-4.83955001831055","219","31.912","20.985","5.7952872792","1.58388245284659","0.821422178355565","27.00950598",
"11/8/1984","-51.875","-4.83955001831055","219","25.705","22.162","9.1598469912","0.936992595436825","0.939215279731401","14.95125162",
"11/9/1984","-51.875","-4.83955001831055","219","30.882","22.054","2.0256040584","1.33498277161509","0.801235586991184","22.50725274",
"11/10/1984","-51.875","-4.83955001831055","219","33.887","20.672","0","1.6697841507776","0.673594470156691","22.7316978",
"11/11/1984","-51.875","-4.83955001831055","219","34.091","21.014","0.075531024","1.75278308639345","0.631096386508607","20.72615436",
"11/12/1984","-51.875","-4.83955001831055","219","29.254","22.265","1.7475156","1.75367075043175","0.71993397780926","18.266679",
"11/13/1984","-51.875","-4.83955001831055","219","33.075","19.767","0.068664564","1.14506241290014","0.667357274786724","17.27094078",
"11/14/1984","-51.875","-4.83955001831055","219","34.371","20.649","1.16386686","1.42031997649521","0.638566063244742","22.66442208",
"11/15/1984","-51.875","-4.83955001831055","219","32.81","21.471","3.9516445944","1.59749611692768","0.73000387785618","26.38079136",
"11/16/1984","-51.875","-4.83955001831055","219","29.404","21.1","13.71916764","0.893161771455316","0.898131844461863","23.22826884",
"11/17/1984","-51.875","-4.83955001831055","219","32.228","21.635","5.391887976","1.66052131752144","0.788168098674617","23.77726488",
"11/18/1984","-51.875","-4.83955001831055","219","31.83","21.108","4.27093452","1.61681833112359","0.739501321205965","19.82446488",
"11/19/1984","-51.875","-4.83955001831055","219","34.789","21.127","3.63063996","1.43243639978809","0.665098884988598","21.35908224",
"11/20/1984","-51.875","-4.83955001831055","219","35.212","22.2","0","1.34876078505961","0.542053872396581","19.08253548",
"11/21/1984","-51.875","-4.83955001831055","219","33.381","21.787","0","1.67992679169809","0.533289545090332","22.0982652",
"11/22/1984","-51.875","-4.83955001831055","219","34.282","23.186","0","2.05903635364139","0.564803645431713","23.8287456",
"11/23/1984","-51.875","-4.83955001831055","219","35.144","21.075","0.346756032","1.41082953846533","0.615251296381567","18.85573152",
"11/24/1984","-51.875","-4.83955001831055","219","33.97","21.637","8.81137656","1.40117710644203","0.688148397101982","21.53379114",
"11/25/1984","-51.875","-4.83955001831055","219","36.55","20.88","0.025749216","1.56836614655315","0.550054873465362","23.9008464",
"11/26/1984","-51.875","-4.83955001831055","219","36.884","19.363","0.0514984104","0.946064391890738","0.614513896315486","21.26930616",
"11/27/1984","-51.875","-4.83955001831055","219","35.679","20.113","0.216293436","1.63426738618652","0.555385070021904","20.93073552",
"11/28/1984","-51.875","-4.83955001831055","219","34.22","21.24","3.75422832","1.67011382896293","0.622124995952537","21.33360396",
"11/29/1984","-51.875","-4.83955001831055","219","34.931","24.412","0.017166132","1.71867071351575","0.542679465939828","24.3523098",
"11/30/1984","-51.875","-4.83955001831055","219","35.336","20.937","0","1.71662861329622","0.547895558436645","20.10634056",
"12/1/1984","-51.875","-4.83955001831055","219","34.173","21.981","3.6581032512","1.65074357308255","0.646084775256736","14.9022531",
"12/2/1984","-51.875","-4.83955001831055","219","31.634","21.256","9.0723059928","1.16155220495431","0.773514334676693","15.79049802",
"12/3/1984","-51.875","-4.83955001831055","219","30.891","22.172","8.304979536","1.58621450211831","0.826543175012792","13.32652518",
"12/4/1984","-51.875","-4.83955001831055","219","33.504","21.088","7.3453901328","1.14247777356381","0.753103996567845","20.5088625",
"12/5/1984","-51.875","-4.83955001831055","219","34.614","20.82","1.60589232","1.37558429764935","0.668545149348439","23.9626188",
"12/6/1984","-51.875","-4.83955001831055","219","35.623","21.29","0.62313048","1.60909076167928","0.622299138243572","21.00734658",
"12/7/1984","-51.875","-4.83955001831055","219","31.187","22.252","15.5387892024","1.56269046182265","0.897950653948397","24.89731632",
"12/8/1984","-51.875","-4.83955001831055","219","31.655","21.334","6.270791148","1.27802278215404","0.816280320611424","23.53246758",
"12/9/1984","-51.875","-4.83955001831055","219","33.882","19.576","0.03604896","1.26751196038171","0.692693580685848","18.1616076",
"12/10/1984","-51.875","-4.83955001831055","219","33.762","20.953","2.73627972","1.8055667471423","0.733912879646874","27.3595005",
"12/11/1984","-51.875","-4.83955001831055","219","34.184","20.284","0.09269712","1.59909571275883","0.68397201682388","15.28959276",
"12/12/1984","-51.875","-4.83955001831055","219","33.979","20.008","0.42400368","1.69880764162149","0.639355879717017","26.2990134",
"12/13/1984","-51.875","-4.83955001831055","219","33.216","21.949","0","1.61559505756044","0.580640322721185","20.97882198",
"12/14/1984","-51.875","-4.83955001831055","219","34.669","21.892","0","1.70805555763631","0.617646178111525","23.13995256",
"12/15/1984","-51.875","-4.83955001831055","219","34.436","22.106","7.431230016","1.35054178512298","0.626271542823992","17.2139085",
"12/16/1984","-51.875","-4.83955001831055","219","30.253","22.035","75.88120464","1.07827549427804","0.922162498308194","11.988507312",
"12/17/1984","-51.875","-4.83955001831055","219","34.115","20.88","2.950859736","1.04720831157876","0.760417480289242","23.1266232",
"12/18/1984","-51.875","-4.83955001831055","219","31.067","20.138","4.6812048264","0.901676366301796","0.821760352281839","11.9260764",
"12/19/1984","-51.875","-4.83955001831055","219","34.864","19.892","4.782489624","1.16713481039258","0.688166605453918","18.64501326",
"12/20/1984","-51.875","-4.83955001831055","219","34.288","22.464","6.2604916128","1.25436819453153","0.846068410394608","26.5529304",
"12/21/1984","-51.875","-4.83955001831055","219","30.97","21.784","23.53304628","1.55237790819534","0.814297928665168","26.358021",
"12/22/1984","-51.875","-4.83955001831055","219","31.129","19.296","7.331658624","0.859156545347032","0.855537790877403","11.12968332",
"12/23/1984","-51.875","-4.83955001831055","219","33.111","19.158","0.0034332264","1.17628162649398","0.66783153131575","13.83569766",
"12/24/1984","-51.875","-4.83955001831055","219","31.302","18.22","3.430647504","1.42941051555026","0.763599238325206","23.49848448",
"12/25/1984","-51.875","-4.83955001831055","219","29.418","20.327","6.8561516664","1.51597015394759","0.86396510518065","26.3843982",
"12/26/1984","-51.875","-4.83955001831055","219","31.364","22.28","6.619264452","1.53265446575301","0.863986318471983","18.0032688",
"12/27/1984","-51.875","-4.83955001831055","219","32.105","22.102","1.359558468","1.57289433648698","0.784156214215782","21.1210272",
"12/28/1984","-51.875","-4.83955001831055","219","30.617","20.557","5.8588027992","1.22140720465571","0.887302162819627","27.5174955",
"12/29/1984","-51.875","-4.83955001831055","219","31.391","20.686","5.050276704","1.59126832540693","0.840612599704936","26.70209802",
"12/30/1984","-51.875","-4.83955001831055","219","34.576","21.073","2.0719549728","1.34174845992988","0.771039735509874","17.4565701",
"12/31/1984","-51.875","-4.83955001831055","219","35.45","21.687","1.37500776","1.07756259087569","0.743674024609878","16.11246888",
"1/1/1985","-51.875","-4.83955001831055","219","31.516","21.784","3.549958452","1.42683998602475","0.806816506624155","14.96851938",
"1/2/1985","-51.875","-4.83955001831055","219","31.167","21.591","4.8030849288","1.59090069480253","0.848019195700629","23.09816358",
"1/3/1985","-51.875","-4.83955001831055","219","30.694","21.072","1.3938903288","1.67810870124848","0.811985898534105","21.48451812",
"1/4/1985","-51.875","-4.83955001831055","219","29.121","21.105","17.530062444","1.29578644463256","0.895487665197823","22.70592738",
"1/5/1985","-51.875","-4.83955001831055","219","26.685","21.325","30.260470248","0.884098461791738","0.950464990800123","6.4130679",
"1/6/1985","-51.875","-4.83955001831055","219","28.352","21.382","7.48443924","0.858997518514743","0.939676095577647","20.16623898",
"1/7/1985","-51.875","-4.83955001831055","219","27.035","20.425","13.612737024","0.957232348123722","0.958141088322412","20.94350598",
"1/8/1985","-51.875","-4.83955001831055","219","28.323","21.303","2.73628242","0.862998939149691","0.928104205181797","13.156929",
"1/9/1985","-51.875","-4.83955001831055","219","29.601","21.782","5.79014226","1.18919439087366","0.893730287382279","21.5366589",
"1/10/1985","-51.875","-4.83955001831055","219","29.46","22.16","29.6716644","0.855847909221753","0.945287529223664","21.2001723",
"1/11/1985","-51.875","-4.83955001831055","219","23.424","20.892","90.70585308","0.880880765735258","0.981949604214378","2.14835616",
"1/12/1985","-51.875","-4.83955001831055","219","26.543","19.654","7.53250266","0.515394165361078","0.964400400673185","15.4929393",
"1/13/1985","-51.875","-4.83955001831055","219","24.021","21.597","60.81445548","1.18357961294688","0.980337410682445","3.80205",
"1/14/1985","-51.875","-4.83955001831055","219","31.289","21.542","14.17923072","1.29915616623124","0.901798647544361","18.18742446",
"1/15/1985","-51.875","-4.83955001831055","219","24.018","21.981","38.65813794","1.00071072844044","0.980412395223365","3.662718768",
"1/16/1985","-51.875","-4.83955001831055","219","22.676","21.519","46.012086936","0.735225694946435","0.983314166180027","1.526400972",
"1/17/1985","-51.875","-4.83955001831055","219","22.991","20.978","51.02636868","0.769622744926381","0.983390839270701","2.06910072",
"1/18/1985","-51.875","-4.83955001831055","219","25.753","19.482","14.48822556","0.929066092707271","0.944231763939143","8.85763134",
"1/19/1985","-51.875","-4.83955001831055","219","29.29","20.785","2.1800998944","1.03331276065703","0.874768868856864","17.568560142",
"1/20/1985","-51.875","-4.83955001831055","219","28.644","20.804","4.226303556","0.814858015228519","0.918110098931628","15.04259964",
"1/21/1985","-51.875","-4.83955001831055","219","30.142","22.006","18.333423972","1.00328353247867","0.916540857263761","18.26251236",
"1/22/1985","-51.875","-4.83955001831055","219","23.322","21.365","53.1188784","0.929758669443794","0.982416492950746","1.67591286",
"1/23/1985","-51.875","-4.83955001831055","219","23.67","20.905","12.641144832","0.783778856903268","0.981267847634305","3.467305332",
"1/24/1985","-51.875","-4.83955001831055","219","21.697","20.217","36.895156524","0.937741778161359","0.983865269504716","1.558462752",
"1/25/1985","-51.875","-4.83955001831055","219","25.462","20.419","3.91388022","1.18350414722733","0.952904463984981","10.360011528",
"1/26/1985","-51.875","-4.83955001831055","219","24.163","20.091","2.5440221592","1.04999883599324","0.958344449391612","7.77094092",
"1/27/1985","-51.875","-4.83955001831055","219","26.599","20.674","2.427291432","1.18374577082164","0.919162312847149","13.311904482",
"1/28/1985","-51.875","-4.83955001831055","219","26.678","19.691","1.500320664","1.31420135226002","0.890932488166694","15.31322136",
"1/29/1985","-51.875","-4.83955001831055","219","24.967","20.575","1.1466980208","1.22732651271344","0.925415560589197","6.911835048",
"1/30/1985","-51.875","-4.83955001831055","219","25.313","20.462","2.46162402","1.20443388104113","0.932417266309304","11.7562581",
"1/31/1985","-51.875","-4.83955001831055","219","25.642","20.154","10.121152284","0.573392658892406","0.96255992346706","15.30061974",
"2/1/1985","-51.875","-4.83955001831055","219","22.402","20.33","17.62275672","1.03003381107989","0.982273073779297","1.912387032",
"2/2/1985","-51.875","-4.83955001831055","219","25.112","17.483","2.3826613176","1.0834132027123","0.898354168572165","15.23970567",
"2/3/1985","-51.875","-4.83955001831055","219","22.358","19.148","18.287083404","0.684888109404805","0.976442605391183","2.93878188",
"2/4/1985","-51.875","-4.83955001831055","219","25.883","19.009","6.5162701944","0.859471992074986","0.938779097543379","12.11602032",
"2/5/1985","-51.875","-4.83955001831055","219","27.525","20.118","4.947280308","0.896875937830598","0.941543809372495","11.881287",
"2/6/1985","-51.875","-4.83955001831055","219","27.64","20.172","2.671052184","0.986932725330468","0.897973839678107","13.4049906",
"2/7/1985","-51.875","-4.83955001831055","219","24.993","20.588","16.027167384","0.832875899850997","0.974824164733605","15.64779816",
"2/8/1985","-51.875","-4.83955001831055","219","23.105","20.067","7.7402124","0.80859873994308","0.975469925440611","6.57590598",
"2/9/1985","-51.875","-4.83955001831055","219","24.443","19.141","21.03967368","0.670719223496347","0.96968985699004","15.72035985",
"2/10/1985","-51.875","-4.83955001831055","219","23.716","18.939","7.692142644","0.916070181800281","0.955961703265822","8.07311232",
"2/11/1985","-51.875","-4.83955001831055","219","28.584","19.872","3.0109388904","1.05133804756515","0.895049911796988","20.3371803",
"2/12/1985","-51.875","-4.83955001831055","219","27.78","20.875","10.8206684064","1.28833631312347","0.940844343780848","25.07681781",
"2/13/1985","-51.875","-4.83955001831055","219","25.874","20.835","5.26485384","1.18272035480102","0.94331189223967","13.92700428",
"2/14/1985","-51.875","-4.83955001831055","219","25.532","21.184","14.50195164","1.04067191208057","0.965150416994806","18.33687801",
"2/15/1985","-51.875","-4.83955001831055","219","23.954","20.084","5.8639527576","1.1518062307886","0.945361737848943","6.96949218",
"2/16/1985","-51.875","-4.83955001831055","219","26.96","19.062","2.41699176","1.21661989229564","0.893841954070385","15.4880973",
"2/17/1985","-51.875","-4.83955001831055","219","25.936","21.381","14.97745656","0.927542491269294","0.960605123324553","22.57497612",
"2/18/1985","-51.875","-4.83955001831055","219","23.095","21.357","61.05134628","0.553051048910914","0.982442368177837","2.386744902",
"2/19/1985","-51.875","-4.83955001831055","219","25.101","20.386","13.207628844","0.724294929341915","0.973851132803227","9.700317108",
"2/20/1985","-51.875","-4.83955001831055","219","25.866","20.371","9.982110888","1.01596129837406","0.949675351530333","15.07348125",
"2/21/1985","-51.875","-4.83955001831055","219","24.549","20.428","8.45947332","0.823523211820203","0.975825229061598","10.673217918",
"2/22/1985","-51.875","-4.83955001831055","219","24.531","21.246","7.9650892944","0.91254726521722","0.974558126251281","11.41936452",
"2/23/1985","-51.875","-4.83955001831055","219","24.501","21.349","13.61274336","1.27069303360997","0.973502493187641","10.06925418",
"2/24/1985","-51.875","-4.83955001831055","219","22.521","20.591","13.73204844","0.854326564666755","0.981021198175117","4.30172559",
"2/25/1985","-51.875","-4.83955001831055","219","29.928","20.582","4.0400508384","0.892265127393613","0.911707568024982","15.85620378",
"2/26/1985","-51.875","-4.83955001831055","219","29.948","21.806","5.144692428","1.20398460321504","0.889601180786632","26.23685337",
"2/27/1985","-51.875","-4.83955001831055","219","26.142","20.882","15.40832184","0.841859117898359","0.973719346228755","16.572774312",
"2/28/1985","-51.875","-4.83955001831055","219","29.249","19.547","14.58091584","1.23642734923126","0.921469328683307","18.96823845",
"3/1/1985","-51.875","-4.83955001831055","219","28.466","19.602","13.24539252","0.812038855980785","0.933233587535462","18.739011348",
"3/2/1985","-51.875","-4.83955001831055","219","25.776","21.881","9.66453948","0.900345564514732","0.968014494156959","13.760095122",
"3/3/1985","-51.875","-4.83955001831055","219","25.098","21.611","16.4348640864","1.10372403463355","0.973445282175376","14.507660268",
"3/4/1985","-51.875","-4.83955001831055","219","24.043","20.124","53.372907036","0.736714746619965","0.975560631627644","7.25557302",
"3/5/1985","-51.875","-4.83955001831055","219","24.292","20.347","3.848647464","0.783362526527454","0.962867451225624","11.5307973",
"3/6/1985","-51.875","-4.83955001831055","219","25.208","20.834","9.8567974728","0.854686637969849","0.971674854113385","15.32649276",
"3/7/1985","-51.875","-4.83955001831055","219","24.951","21.028","16.3558998","0.892531197041662","0.975686233193905","11.573440092",
"3/8/1985","-51.875","-4.83955001831055","219","25.162","22.035","15.45295446","1.08868491240919","0.971570613488778","14.068971738",
"3/9/1985","-51.875","-4.83955001831055","219","30.632","21.542","11.412040284","1.05461664820167","0.901635457978581","18.37619442",
"3/10/1985","-51.875","-4.83955001831055","219","25.816","20.524","10.95542928","0.982142010088402","0.969891418373268","16.34855094",
"3/11/1985","-51.875","-4.83955001831055","219","31.706","19.272","10.40611356","0.84851227948134","0.883572402192963","19.20504222",
"3/12/1985","-51.875","-4.83955001831055","219","27.716","21.691","20.76073092","1.07710558093919","0.937646521611327","27.1281366",
"3/13/1985","-51.875","-4.83955001831055","219","24.799","22.248","16.29408924","0.876515026261061","0.974198454858648","12.29703831",
"3/14/1985","-51.875","-4.83955001831055","219","27.175","21.962","12.8334066264","1.11243781391944","0.944391818665054","13.585273668",
"3/15/1985","-51.875","-4.83955001831055","219","26.566","21.813","11.26099116","0.879038335854903","0.963827707573671","21.99605706",
"3/16/1985","-51.875","-4.83955001831055","219","28.106","21.954","6.852723444","1.21302952592386","0.922514593732322","15.86841102",
"3/17/1985","-51.875","-4.83955001831055","219","26.426","21.605","11.72104488","0.867154330677913","0.956795211448034","18.14748291",
"3/18/1985","-51.875","-4.83955001831055","219","29.207","22.19","20.238876","0.728529392311576","0.928857984756401","19.196387568",
"3/19/1985","-51.875","-4.83955001831055","219","28.181","22.639","12.90550914","1.30890380667272","0.936437666707037","21.5225406",
"3/20/1985","-51.875","-4.83955001831055","219","28.926","21.979","9.75723228","1.10181662503275","0.911323584423869","15.065213832",
"3/21/1985","-51.875","-4.83955001831055","219","26.965","21.186","5.52406104","0.822431311817424","0.943596692301979","9.28873404",
"3/22/1985","-51.875","-4.83955001831055","219","23.244","19.738","17.682836364","0.823256154816547","0.980108600564629","5.12482518",
"3/23/1985","-51.875","-4.83955001831055","219","23.405","20.16","25.81098084","0.790577813342693","0.981257314131602","6.51639447",
"3/24/1985","-51.875","-4.83955001831055","219","27.678","19.896","4.4906620824","0.599926943496876","0.919678548094612","12.46258575",
"3/25/1985","-51.875","-4.83955001831055","219","28.386","19.557","8.62427142","0.720971712593613","0.94180642112635","17.438903028",
"3/26/1985","-51.875","-4.83955001831055","219","29.526","21.599","5.8364864568","1.07419449016915","0.902705364269711","20.17614168",
"3/27/1985","-51.875","-4.83955001831055","219","29.881","21.619","2.22130098","1.15039286395739","0.890277608616705","17.54572572",
"3/28/1985","-51.875","-4.83955001831055","219","29.338","21.434","5.7060196992","1.20811203721044","0.898178182052717","21.97225755",
"3/29/1985","-51.875","-4.83955001831055","219","24.212","21.453","10.694505708","0.945122208952278","0.97755798300746","5.132696238",
"3/30/1985","-51.875","-4.83955001831055","219","24.833","21.104","19.76165964","0.787692748348787","0.971463725344224","12.372185952",
"3/31/1985","-51.875","-4.83955001831055","219","27.154","21.117","20.47233168","1.04976429755033","0.951528611892893","8.96388678",
"4/1/1985","-51.875","-4.83955001831055","219","24.782","20.921","14.07966552","0.608727548709853","0.975871776573834","8.309927592",
"4/2/1985","-51.875","-4.83955001831055","219","26.061","21.236","12.55531086","0.579783853231743","0.964313593479191","15.43286844",
"4/3/1985","-51.875","-4.83955001831055","219","25.031","21.092","24.28320492","1.00217684197134","0.972173845648794","14.0918616",
"4/4/1985","-51.875","-4.83955001831055","219","25.324","21.216","17.790980796","0.983678817975769","0.955082119819265","10.98151533",
"4/5/1985","-51.875","-4.83955001831055","219","28.008","19.012","5.91888816","0.846660827570189","0.905006791180786","23.29649208",
"4/6/1985","-51.875","-4.83955001831055","219","30.339","19.878","2.9130957","1.18972895670469","0.865475328113011","23.26499838",
"4/7/1985","-51.875","-4.83955001831055","219","29.494","20.469","4.5387310104","1.46619694581144","0.889951791327948","20.85609132",
"4/8/1985","-51.875","-4.83955001831055","219","27.4","20.683","4.6623195","1.39397803042546","0.907593688291525","24.01835508",
"4/9/1985","-51.875","-4.83955001831055","219","29.599","20.582","6.8149634904","1.14660006780059","0.897123654375421","19.67349042",
"4/10/1985","-51.875","-4.83955001831055","219","25.871","20.45","5.819320692","1.00440886749346","0.950716382510289","12.73596255",
"4/11/1985","-51.875","-4.83955001831055","219","26.597","20.976","4.912951752","1.12185461067155","0.948628135400039","14.21578692",
"4/12/1985","-51.875","-4.83955001831055","219","25.106","21.202","5.891418396","0.925279543364391","0.967513143471559","9.17859564",
"4/13/1985","-51.875","-4.83955001831055","219","24.634","21.439","17.869957452","0.83983153086826","0.974724441163985","11.26580688",
"4/14/1985","-51.875","-4.83955001831055","219","28.766","21.148","4.885489044","0.622346472834149","0.923259791871886","12.79265184",
"4/15/1985","-51.875","-4.83955001831055","219","23.69","21.337","14.8658742","0.709517516758456","0.978605264941849","7.7582268",
"4/16/1985","-51.875","-4.83955001831055","219","25.813","20.943","7.73506224","0.960041868003886","0.964102967159604","10.73694564",
"4/17/1985","-51.875","-4.83955001831055","219","24.268","21.264","4.003140816","1.20647288271317","0.933217633155214","9.27337428",
"4/18/1985","-51.875","-4.83955001831055","219","29.26","21.079","8.397673812","0.912474895688894","0.916538265770004","15.95221794",
"4/19/1985","-51.875","-4.83955001831055","219","26.698","20.046","14.13803304","0.930069073267824","0.957196788923369","18.4682817",
"4/20/1985","-51.875","-4.83955001831055","219","24.94","21.713","9.784701828","0.699960959250679","0.973058178641986","12.4709643",
"4/21/1985","-51.875","-4.83955001831055","219","24.605","21.209","22.18551048","0.864441035403099","0.975999781150255","8.760826116",
"4/22/1985","-51.875","-4.83955001831055","219","26.529","20.774","9.098053056","0.913142238365957","0.95651995737384","15.134457492",
"4/23/1985","-51.875","-4.83955001831055","219","31.818","21.255","10.591504956","0.899037608629093","0.892462683619486","14.764952592",
"4/24/1985","-51.875","-4.83955001831055","219","30.143","20.25","13.207627008","0.998945247454005","0.906667409487503","15.76873314",
"4/25/1985","-51.875","-4.83955001831055","219","25.854","20.142","11.32964964","0.48723052561956","0.975031930469453","9.96660054",
"4/26/1985","-51.875","-4.83955001831055","219","24.508","20.247","14.814374004","0.703043221444495","0.977974340363341","7.93772046",
"4/27/1985","-51.875","-4.83955001831055","219","26.127","20.888","16.60309488","0.943300757961492","0.96845338937794","17.58847608",
"4/28/1985","-51.875","-4.83955001831055","219","28.655","21.492","4.521561804","0.727169272571845","0.945944598858486","12.76998336",
"4/29/1985","-51.875","-4.83955001831055","219","24.914","21.195","5.809024296","0.864429233823333","0.956843287762013","9.32754366",
"4/30/1985","-51.875","-4.83955001831055","219","28.506","20.808","2.6607511944","0.971643498522004","0.907118570247006","16.32397572",
"5/1/1985","-51.875","-4.83955001831055","219","26.125","20.119","10.28681136","0.918893579693184","0.951996920174731","20.17108188",
"5/2/1985","-51.875","-4.83955001831055","219","26.161","21.261","7.95993984","0.528341386469291","0.966853483008956","14.27433876",
"5/3/1985","-51.875","-4.83955001831055","219","26.45","21.531","10.205273088","0.973181109151767","0.953855951364174","14.73699834",
"5/4/1985","-51.875","-4.83955001831055","219","23.649","21.81","24.269490432","0.920211498587653","0.981367273869414","3.65163696",
"5/5/1985","-51.875","-4.83955001831055","219","30.396","20.966","5.3060508144","0.893183524051606","0.924021036183235","14.53455162",
"5/6/1985","-51.875","-4.83955001831055","219","28.552","21.539","5.50174968","0.954246730470673","0.938507323786823","16.14132594",
"5/7/1985","-51.875","-4.83955001831055","219","25.905","21.155","10.553746572","0.998097858438372","0.960622116652323","19.46728026",
"5/8/1985","-51.875","-4.83955001831055","219","29.85","21.564","5.56869672","1.15442876665963","0.905125437718345","15.37547904",
"5/9/1985","-51.875","-4.83955001831055","219","29.813","22.071","14.95857384","1.08067154630719","0.917604578170528","17.5016835",
"5/10/1985","-51.875","-4.83955001831055","219","25.425","22.014","19.64836152","0.818631786213249","0.975073804726418","11.92106034",
"5/11/1985","-51.875","-4.83955001831055","219","26.628","22.156","11.521915848","0.67380888435391","0.963345349807869","20.68891992",
"5/12/1985","-51.875","-4.83955001831055","219","30.463","21.531","2.926828476","0.692567260033207","0.914277189829737","14.269553568",
"5/13/1985","-51.875","-4.83955001831055","219","30.045","20.67","8.165929608","1.34102741366601","0.870726365037461","23.98398822",
"5/14/1985","-51.875","-4.83955001831055","219","26.727","21.622","34.12628676","1.20454280238986","0.952903549988531","20.06398296",
"5/15/1985","-51.875","-4.83955001831055","219","29.127","21.499","11.101339476","0.877769858920636","0.933233517976693","14.21898714",
"5/16/1985","-51.875","-4.83955001831055","219","28.333","20.036","7.8457778064","0.820622551664376","0.931722140363559","13.84959384",
"5/17/1985","-51.875","-4.83955001831055","219","29.72","22.169","1.543235976","1.49532964957518","0.864571298808129","12.94750764",
"5/18/1985","-51.875","-4.83955001831055","219","28.963","20.898","1.685714292","1.1760814342591","0.890062892012467","10.95137262",
"5/19/1985","-51.875","-4.83955001831055","219","32.752","19.694","2.818677276","1.07543073942979","0.782158861612047","23.97116124",
"5/20/1985","-51.875","-4.83955001831055","219","31.103","19.876","17.3575472544","1.06377520650841","0.932764426979259","19.90529568",
"5/21/1985","-51.875","-4.83955001831055","219","28.711","21.419","15.2847274824","0.694593909226982","0.941240077781351","20.11888062",
"5/22/1985","-51.875","-4.83955001831055","219","23.375","18.704","45.239614956","0.653639246870531","0.982387861300829","3.48480072",
"5/23/1985","-51.875","-4.83955001831055","219","27.964","17.137","0.518417316","0.692186175723887","0.89033474741234","10.0057482",
"5/24/1985","-51.875","-4.83955001831055","219","30.624","19.972","7.920458136","1.03648751018615","0.893524970398326","22.36601214",
"5/25/1985","-51.875","-4.83955001831055","219","29.206","21.504","1.9337656824","1.26098177021848","0.897418393632769","12.74152644",
"5/26/1985","-51.875","-4.83955001831055","219","27.816","21.385","3.2795927424","1.0547491438689","0.871907761915237","20.24972136",
"5/27/1985","-51.875","-4.83955001831055","219","30.938","20.713","7.094762424","1.1728220280452","0.843342307576581","15.4442808",
"5/28/1985","-51.875","-4.83955001831055","219","32.726","19.939","4.1370411312","1.30206730994678","0.759771714981609","23.5892178",
"5/29/1985","-51.875","-4.83955001831055","219","32.438","20.202","2.416992948","1.41550346072562","0.781509348149706","22.75244604",
"5/30/1985","-51.875","-4.83955001831055","219","32.154","20.778","3.408334992","1.17930955878413","0.83396174992831","14.89359204",
"5/31/1985","-51.875","-4.83955001831055","219","31.044","20.61","10.2095591544","1.2883259835971","0.863157511896728","15.8698728",
"6/1/1985","-51.875","-4.83955001831055","219","31.131","18.521","0.9527209992","1.27282299771461","0.781815828264496","15.90114402",
"6/2/1985","-51.875","-4.83955001831055","219","32.263","19.355","3.04870392","1.02298518498897","0.775045397357665","16.94666502",
"6/3/1985","-51.875","-4.83955001831055","219","32.881","19.972","4.480362","1.2548071429174","0.716402608599748","21.7539531",
"6/4/1985","-51.875","-4.83955001831055","219","33.326","21.328","0","1.14275156817682","0.63912186066057","21.51895104",
"6/5/1985","-51.875","-4.83955001831055","219","31.513","19.788","9.640503396","0.739779352842571","0.901154240482387","12.17733714",
"6/6/1985","-51.875","-4.83955001831055","219","23.165","20.773","26.9113728528","0.736960383551944","0.982995191115571","2.65432554",
"6/7/1985","-51.875","-4.83955001831055","219","29.245","19.979","4.9738941144","0.885795362884843","0.915763532638005","15.62968728",
"6/8/1985","-51.875","-4.83955001831055","219","27.62","21.15","5.609893176","0.907526964681334","0.901794732205766","11.51184762",
"6/9/1985","-51.875","-4.83955001831055","219","25.484","19.492","11.99570148","0.984273373944396","0.949899456927819","20.90025198",
"6/10/1985","-51.875","-4.83955001831055","219","30.028","19.333","6.7617367848","1.16135102273719","0.821026384485937","15.708942",
"6/11/1985","-51.875","-4.83955001831055","219","25.297","16.678","8.2414674","0.776398932486921","0.963031142057169","20.95610382",
"6/12/1985","-51.875","-4.83955001831055","219","25.775","16.02","4.42886256","0.551938276870845","0.955918517620097","7.62305454",
"6/13/1985","-51.875","-4.83955001831055","219","23.134","19.937","14.71308984","0.759552308686157","0.982450332523479","6.9316407",
"6/14/1985","-51.875","-4.83955001831055","219","24.299","19.602","6.278517036","0.547267519912847","0.97039900503446","11.46448242",
"6/15/1985","-51.875","-4.83955001831055","219","26.848","19.033","3.7199047464","0.831503765093908","0.953136102565879","10.08990036",
"6/16/1985","-51.875","-4.83955001831055","219","29.074","19.784","0.660897072","0.970831643010407","0.872665263259395","12.71316852",
"6/17/1985","-51.875","-4.83955001831055","219","28.785","18.364","2.125172088","1.23556218900182","0.859513121421561","22.91996268",
"6/18/1985","-51.875","-4.83955001831055","219","27.718","17.86","8.71009452","1.0576021212416","0.917299844136865","22.46141016",
"6/19/1985","-51.875","-4.83955001831055","219","25.292","21.109","23.169139632","1.04807011830755","0.967645083356142","19.1381661",
"6/20/1985","-51.875","-4.83955001831055","219","26.711","20.624","20.72468016","1.49447619340261","0.906465555343466","11.90947626",
"6/21/1985","-51.875","-4.83955001831055","219","31.101","19.241","0.7372854","1.62885498119907","0.71773414630356","21.60056358",
"6/22/1985","-51.875","-4.83955001831055","219","31.414","19.342","0","1.8446569273023","0.651403622638977","23.36462262",
"6/23/1985","-51.875","-4.83955001831055","219","26.787","20.112","3.781697076","1.21577243881581","0.867318957626484","14.01969654",
"6/24/1985","-51.875","-4.83955001831055","219","31.55","18.473","0.9218214","1.41197315707873","0.724871535485428","20.1845214",
"6/25/1985","-51.875","-4.83955001831055","219","32.208","21.781","0","1.38477441730836","0.581206505382894","19.6266438",
"6/26/1985","-51.875","-4.83955001831055","219","32.305","18.912","0","1.48443618446934","0.599512030593919","23.64530526",
"6/27/1985","-51.875","-4.83955001831055","219","31.283","18.353","0","1.2517611195506","0.663164885702576","17.9162442",
"6/28/1985","-51.875","-4.83955001831055","219","32.409","17.643","0.264358512","1.11255780872617","0.73535357335611","18.13646772",
"6/29/1985","-51.875","-4.83955001831055","219","28.082","20.353","3.687285312","0.882455271474583","0.893364332712153","8.31678498",
"6/30/1985","-51.875","-4.83955001831055","219","29.073","15.93","0.6282807984","1.15449549779335","0.822630946014938","18.2214549",
"7/1/1985","-51.875","-4.83955001831055","219","29.752","18.477","1.840210452","1.19646949258254","0.845393633597845","12.43068336",
"7/2/1985","-51.875","-4.83955001831055","219","32.436","20.63","0.1579285368","1.4857090148686","0.700960210239183","23.1185763",
"7/3/1985","-51.875","-4.83955001831055","219","31.026","17.726","0.00686646","1.54436590817739","0.714692486031546","16.92832518",
"7/4/1985","-51.875","-4.83955001831055","219","32.038","19.553","0.3055570128","1.56280244140677","0.720021727844028","20.61467082",
"7/5/1985","-51.875","-4.83955001831055","219","31.266","19.235","2.56118886","1.07547529510428","0.768425785400998","16.44857028",
"7/6/1985","-51.875","-4.83955001831055","219","31.004","17.504","4.3636302","0.720499670192628","0.834981063671218","18.2139804",
"7/7/1985","-51.875","-4.83955001831055","219","28.175","18.3","5.235671772","0.761532659447966","0.854832201527467","22.86258804",
"7/8/1985","-51.875","-4.83955001831055","219","29.314","19.321","6.39953838","1.16489906936488","0.854340757154512","18.55001034",
"7/9/1985","-51.875","-4.83955001831055","219","26.532","19.43","12.0626478","1.26138272391975","0.925417238481073","22.9849308",
"7/10/1985","-51.875","-4.83955001831055","219","27.027","16.78","8.457759252","0.873370441503983","0.930678342974074","23.05682046",
"7/11/1985","-51.875","-4.83955001831055","219","29.201","19.497","3.786850296","1.15813166007428","0.893702770616145","11.88753786",
"7/12/1985","-51.875","-4.83955001831055","219","31.161","18.47","3.40919676","1.36715026835034","0.830098866756587","15.52572648",
"7/13/1985","-51.875","-4.83955001831055","219","27.472","18.74","10.21900212","1.47225282862631","0.909402512767551","19.4662683",
"7/14/1985","-51.875","-4.83955001831055","219","30.237","18.832","0.559616112","1.53064852295851","0.711578622273443","22.84981614",
"7/15/1985","-51.875","-4.83955001831055","219","30.619","20.971","0","2.12541489069885","0.555388399942333","21.66080976",
"7/16/1985","-51.875","-4.83955001831055","219","27.995","20.153","0.267791904","1.0714954378977","0.700670064541149","5.72529492",
"7/17/1985","-51.875","-4.83955001831055","219","30.775","18.907","0.01373292","1.34792342382348","0.714606461587064","9.29789928",
"7/18/1985","-51.875","-4.83955001831055","219","31.474","18.613","0.0205993728","1.78826181759537","0.613934927785505","23.9223897",
"7/19/1985","-51.875","-4.83955001831055","219","30.716","18.786","0.1991273184","2.00079011127322","0.609527064650737","18.59175108",
"7/20/1985","-51.875","-4.83955001831055","219","30.962","17.654","0.188827452","1.76620895537954","0.618056417294219","24.1669692",
"7/21/1985","-51.875","-4.83955001831055","219","31.238","17.947","0","1.70131088031103","0.588711174512474","24.23362284",
"7/22/1985","-51.875","-4.83955001831055","219","32.172","20.497","0","1.65531629046257","0.549137379359357","24.214384188",
"7/23/1985","-51.875","-4.83955001831055","219","32.312","19.475","0","1.61112819107849","0.563931792130103","22.82708934",
"7/24/1985","-51.875","-4.83955001831055","219","33.279","21.352","0","1.54354790980372","0.548251752599601","21.66964074",
"7/25/1985","-51.875","-4.83955001831055","219","27.122","20.331","2.542307076","1.3742710773845","0.819305704239983","11.14441758",
"7/26/1985","-51.875","-4.83955001831055","219","32.338","18.894","0.223160004","1.49474009234002","0.663761481639824","24.39844056",
"7/27/1985","-51.875","-4.83955001831055","219","32.372","19.412","0","1.7818270892501","0.539373798544299","24.59874708",
"7/28/1985","-51.875","-4.83955001831055","219","32.352","19.181","0","1.92765268450583","0.562364938434317","24.49344618",
"7/29/1985","-51.875","-4.83955001831055","219","32.148","19.51","0","1.94475082001318","0.58413320578334","24.52078242",
"7/30/1985","-51.875","-4.83955001831055","219","30.146","20.093","0","1.98113969442015","0.619746624449211","19.76237352",
"7/31/1985","-51.875","-4.83955001831055","219","32.09","17.754","0","1.93278144641621","0.622787478639019","22.94803422",
"8/1/1985","-51.875","-4.83955001831055","219","32.251","19.802","0","1.25850063684035","0.669727409777326","10.024146",
"8/2/1985","-51.875","-4.83955001831055","219","32.25","20.933","0.0102996864","2.02233175861954","0.469960195130926","25.39592028",
"8/3/1985","-51.875","-4.83955001831055","219","32.764","19.115","0","1.81000243461456","0.466041504424683","25.5546549",
"8/4/1985","-51.875","-4.83955001831055","219","32.84","17.674","0","1.77709714372404","0.468950605455634","25.48372824",
"8/5/1985","-51.875","-4.83955001831055","219","33.89","19.007","0","1.70016608604474","0.464748867739518","25.39372626",
"8/6/1985","-51.875","-4.83955001831055","219","33.548","19.869","0","1.51690972894606","0.527234475477909","18.19799568",
"8/7/1985","-51.875","-4.83955001831055","219","33.919","18.608","0","1.58144044102886","0.495170273132176","24.7365081",
"8/8/1985","-51.875","-4.83955001831055","219","31.345","20.432","0","1.71734127997513","0.549810698181191","20.04226938",
"8/9/1985","-51.875","-4.83955001831055","219","34.42","20.422","0","1.42832180980349","0.526045613904416","24.74229402",
"8/10/1985","-51.875","-4.83955001831055","219","31.857","20.19","0.104713416","1.1643290052851","0.555683823458212","19.58405994",
"8/11/1985","-51.875","-4.83955001831055","219","32.71","21.285","2.6865036","1.32180176061304","0.600355065265771","24.43415202",
"8/12/1985","-51.875","-4.83955001831055","219","35.5","20.629","0","1.20542267442541","0.475750682787651","19.19716578",
"8/13/1985","-51.875","-4.83955001831055","219","30.95","17.594","2.799798516","0.919621741828969","0.795175977598756","23.10502356",
"8/14/1985","-51.875","-4.83955001831055","219","32.96","20.343","0.5304336264","1.38194100348529","0.733036243654853","18.09601902",
"8/15/1985","-51.875","-4.83955001831055","219","33.198","20.126","0.8359910928","1.34527521005396","0.703402421267906","18.82715238",
"8/16/1985","-51.875","-4.83955001831055","219","34.132","20.499","1.7080289856","1.18147373593106","0.643567545727777","15.28644204",
"8/17/1985","-51.875","-4.83955001831055","219","36.284","21.709","0","0.890438345761394","0.569258316777694","20.8684719",
"8/18/1985","-51.875","-4.83955001831055","219","35.58","18.435","0","1.69612183516645","0.439259521163329","26.27516106",
"8/19/1985","-51.875","-4.83955001831055","219","35.277","21.971","0","1.79408847084781","0.445861975207306","23.93189784",
"8/20/1985","-51.875","-4.83955001831055","219","35.354","20.139","0","2.14559837205117","0.469437545590519","24.11122716",
"8/21/1985","-51.875","-4.83955001831055","219","34.781","20.504","0","1.94028787660594","0.48960915453009","22.60721322",
"8/22/1985","-51.875","-4.83955001831055","219","34.45","19.516","0","1.32196749688654","0.577555426616182","21.0534192",
"8/23/1985","-51.875","-4.83955001831055","219","33.819","19.167","0.472068756","1.11805687505633","0.688596044313423","16.91471142",
"8/24/1985","-51.875","-4.83955001831055","219","35.83","18.279","3.6804201192","1.20105778875766","0.669391571524517","22.23090486",
"8/25/1985","-51.875","-4.83955001831055","219","33.818","19.53","0.13904586","1.58570928944526","0.652589632783248","17.90144838",
"8/26/1985","-51.875","-4.83955001831055","219","29.663","20.983","4.768750944","1.1986166568913","0.806683552141033","19.40062392",
"8/27/1985","-51.875","-4.83955001831055","219","34.269","20.673","0.5167007208","1.35679916026506","0.727164622849611","13.713019398",
"8/28/1985","-51.875","-4.83955001831055","219","36.507","19.323","0.569916","1.51137745621549","0.590470728303921","26.6114232",
"8/29/1985","-51.875","-4.83955001831055","219","35.582","22.483","0","2.13764727219402","0.504671636243768","25.24123062",
"8/30/1985","-51.875","-4.83955001831055","219","33.585","21.98","0.0858307968","1.99149155295222","0.534501742199642","22.084652952",
"8/31/1985","-51.875","-4.83955001831055","219","34.759","19.9","0.120162924","1.96928266258986","0.588777801171011","21.0323808",
"9/1/1985","-51.875","-4.83955001831055","219","33.503","21.445","6.0545007792","1.47685693723274","0.664640473268631","10.36214388",
"9/2/1985","-51.875","-4.83955001831055","219","34.606","21.05","3.9670984152","1.04828180172182","0.7481674817602","15.7075317",
"9/3/1985","-51.875","-4.83955001831055","219","34.874","20.046","2.3002632","1.41265124575666","0.682076105035065","17.5811652",
"9/4/1985","-51.875","-4.83955001831055","219","34.133","17.257","0.942420672","1.16699730803198","0.621995426039511","25.03839294",
"9/5/1985","-51.875","-4.83955001831055","219","36.298","15.381","0","1.18915428891513","0.462029180978442","27.78592536",
"9/6/1985","-51.875","-4.83955001831055","219","35.29","22.561","0","1.31094277474434","0.426584655710098","24.7906701",
"9/7/1985","-51.875","-4.83955001831055","219","34.709","18.794","0.0171661464","1.61365470157627","0.558248928189444","21.781406952",
"9/8/1985","-51.875","-4.83955001831055","219","36.173","21.61","0","1.5657407598835","0.520953037199785","21.433947048",
"9/9/1985","-51.875","-4.83955001831055","219","36.299","22.799","0","1.306788535838","0.498726891403301","20.38207374",
"9/10/1985","-51.875","-4.83955001831055","219","35.781","20.47","0.17938602","1.13226911133517","0.50878396989289","24.0788268",
"9/11/1985","-51.875","-4.83955001831055","219","35.185","21.581","0.5149836","1.70154438716644","0.528496281739571","19.873520208",
"9/12/1985","-51.875","-4.83955001831055","219","34.98","20.958","1.622200572","1.54551662325468","0.671635926709423","13.509567072",
"9/13/1985","-51.875","-4.83955001831055","219","33.929","21.787","0.542449872","1.6931951121049","0.606685101339248","18.6059268",
"9/14/1985","-51.875","-4.83955001831055","219","30.154","19.715","3.7267686","1.57119152712713","0.806052913318007","23.98720032",
"9/15/1985","-51.875","-4.83955001831055","219","32.578","21.441","0.2729414664","1.57585800864084","0.601878310211123","16.54649712",
"9/16/1985","-51.875","-4.83955001831055","219","36.597","20.18","1.270294236","1.41019495681631","0.67469059210282","19.15661268",
"9/17/1985","-51.875","-4.83955001831055","219","37.82","19.712","0.0411987384","1.52406766948271","0.506827340084807","20.616415488",
"9/18/1985","-51.875","-4.83955001831055","219","37.357","20.857","0.231743232","0.973479188985787","0.568977240985834","20.014651008",
"9/19/1985","-51.875","-4.83955001831055","219","36.069","20.436","0.2952576","1.1706574252895","0.57126187973237","18.86034438",
"9/20/1985","-51.875","-4.83955001831055","219","37.75","18.767","0","1.39867114340993","0.491888450963137","19.37880027",
"9/21/1985","-51.875","-4.83955001831055","219","34.488","21.184","0","1.99081946604799","0.558592555089644","23.273551368",
"9/22/1985","-51.875","-4.83955001831055","219","36.574","21.368","0.4274370504","1.68351946647373","0.551375873069588","15.71400576",
"9/23/1985","-51.875","-4.83955001831055","219","35.273","21.855","2.94742512","1.63068298234965","0.605820806148744","21.565517832",
"9/24/1985","-51.875","-4.83955001831055","219","34.671","19.081","3.34224936","1.41406981564891","0.680990786861502","18.822541608",
"9/25/1985","-51.875","-4.83955001831055","219","33.601","20.37","0.37078848","1.79128540472124","0.58686838282496","23.98916214",
"9/26/1985","-51.875","-4.83955001831055","219","33.6","19.402","0","1.7820671547877","0.494679251189646","19.39629924",
"9/27/1985","-51.875","-4.83955001831055","219","29.125","17.715","2.72941632","1.79648506905887","0.646749105399405","24.754107888",
"9/28/1985","-51.875","-4.83955001831055","219","30.633","18.03","2.958585948","1.19520247834794","0.710406090189757","25.439282028",
"9/29/1985","-51.875","-4.83955001831055","219","32.342","18.148","4.466626524","0.908274627753329","0.764633760434325","22.348974168",
"9/30/1985","-51.875","-4.83955001831055","219","29.005","18.739","1.771545996","0.979075653555862","0.846141680401235","14.3619147",
"10/1/1985","-51.875","-4.83955001831055","219","35.206","19.035","0.9029388528","1.35650443681771","0.648736553237605","20.895238008",
"10/2/1985","-51.875","-4.83955001831055","219","35.068","19.722","0.0205993728","1.57489965418736","0.592219805907417","22.207789728",
"10/3/1985","-51.875","-4.83955001831055","219","36.765","21.711","0.0394821","1.61776284928743","0.420964436479486","26.7719598",
"10/4/1985","-51.875","-4.83955001831055","219","36.462","24","0.063514692","1.40379283474944","0.459619316682849","25.14319128",
"10/5/1985","-51.875","-4.83955001831055","219","34.459","22.854","0.604248624","1.3667307587531","0.575469609324612","9.6401241",
"10/6/1985","-51.875","-4.83955001831055","219","33.737","19.92","0","1.41950893040897","0.594215435764572","17.28973278",
"10/7/1985","-51.875","-4.83955001831055","219","33.376","20.829","0.081539136","2.09679028603565","0.571929698170861","25.2515277",
"10/8/1985","-51.875","-4.83955001831055","219","34.224","22.227","0","1.30642765898876","0.578024930286393","17.80908372",
"10/9/1985","-51.875","-4.83955001831055","219","36.009","21.741","0","1.62202635935089","0.499400114597797","28.76231718",
"10/10/1985","-51.875","-4.83955001831055","219","36.987","22.825","0","1.5270470606268","0.414875160334786","19.59486264",
"10/11/1985","-51.875","-4.83955001831055","219","33.574","23.273","0.85315644","1.79566022943496","0.615707964710267","17.673408",
"10/12/1985","-51.875","-4.83955001831055","219","34.923","21.534","0.981902772","1.68015995472865","0.702577028265062","19.4232429",
"10/13/1985","-51.875","-4.83955001831055","219","36.745","19.562","0","1.49778402205849","0.552548498934823","21.09678012",
"10/14/1985","-51.875","-4.83955001831055","219","34.476","21.728","0.06008148","1.38684773147454","0.567353591911832","18.5829714",
"10/15/1985","-51.875","-4.83955001831055","219","31.861","20.241","4.573056312","1.12312912395961","0.781163595755084","21.75119964",
"10/16/1985","-51.875","-4.83955001831055","219","31.688","20.173","2.9405574","1.49489481773856","0.752379228725863","25.48316718",
"10/17/1985","-51.875","-4.83955001831055","219","32.37","21.234","4.3773685992","1.5834170999475","0.755679257613021","25.5018942",
"10/18/1985","-51.875","-4.83955001831055","219","33.921","21.368","3.798866844","1.67039382892783","0.695835356257006","9.17161794",
"10/19/1985","-51.875","-4.83955001831055","219","33.269","22.635","0","1.81924268141393","0.575507027358354","12.27915252",
"10/20/1985","-51.875","-4.83955001831055","219","33.339","21.898","9.151265952","1.21528335857981","0.707901700101915","20.13238188",
"10/21/1985","-51.875","-4.83955001831055","219","36.647","21.78","5.45368032","1.228039980318","0.664458846037831","18.2823174",
"10/22/1985","-51.875","-4.83955001831055","219","35.534","22.637","0.36134712","1.79175364611496","0.513574720894512","21.15951048",
"10/23/1985","-51.875","-4.83955001831055","219","32.48","19.89","0","1.35746676855628","0.547244848390139","15.92701884",
"10/24/1985","-51.875","-4.83955001831055","219","36.424","19.276","0","1.00331296271918","0.559327699764887","8.94459564",
"10/25/1985","-51.875","-4.83955001831055","219","31.011","21.227","0.70209558","1.69541269280581","0.592177420134281","14.82108876",
"10/26/1985","-51.875","-4.83955001831055","219","36.038","21.864","1.558685412","1.27801599342459","0.618156216919382","18.38216196",
"10/27/1985","-51.875","-4.83955001831055","219","34.256","21.258","0.06265638","1.14520511905314","0.625527740143074","17.04656268",
"10/28/1985","-51.875","-4.83955001831055","219","33.463","21.12","1.189613232","1.1229967022444","0.660645160085001","15.44490162",
"10/29/1985","-51.875","-4.83955001831055","219","33.752","22.561","4.676057784","1.48476968891984","0.724512207655728","20.39056614",
"10/30/1985","-51.875","-4.83955001831055","219","31.549","20.709","1.7011647864","1.94890526026859","0.724770407743791","23.06520018",
"10/31/1985","-51.875","-4.83955001831055","219","26.598","19.815","10.3305780792","1.23446929881735","0.882583988459118","6.83133192",
"11/1/1985","-51.875","-4.83955001831055","219","34.22","21.096","1.963808676","1.3552867780378","0.713936173993167","22.46157936",
"11/2/1985","-51.875","-4.83955001831055","219","28.295","20.418","6.15234348","1.25580579863589","0.824460035796708","8.30407158",
"11/3/1985","-51.875","-4.83955001831055","219","34.218","20.693","0.319290516","1.54603708190294","0.691676845735458","23.06425212",
"11/4/1985","-51.875","-4.83955001831055","219","35.955","20.289","0","1.28556136301886","0.652616604812985","19.2570246",
"11/5/1985","-51.875","-4.83955001831055","219","35.547","19.641","3.9070133064","1.46296107952333","0.719356488554047","18.65244006",
"11/6/1985","-51.875","-4.83955001831055","219","36.427","21.542","1.15013268","1.54133602929024","0.625845499012321","20.28667536",
"11/7/1985","-51.875","-4.83955001831055","219","33.568","20.97","1.287460404","1.51795906933866","0.634358984615011","19.93280616",
"11/8/1985","-51.875","-4.83955001831055","219","33.595","22.056","1.3458250512","1.02874135894245","0.661923421638593","11.273851332",
"11/9/1985","-51.875","-4.83955001831055","219","30.622","22.197","10.40610888","1.52790240799572","0.781084747581342","21.3351246",
"11/10/1985","-51.875","-4.83955001831055","219","30.824","22.151","2.2315984848","1.82355863053862","0.74384815450145","19.4553036",
"11/11/1985","-51.875","-4.83955001831055","219","30.607","21.952","5.0554269144","1.27647394292634","0.885283774099648","15.11431344",
"11/12/1985","-51.875","-4.83955001831055","219","32.474","20.912","1.92260736","1.57921174529986","0.68607594168175","19.2481866",
"11/13/1985","-51.875","-4.83955001831055","219","34.008","17.84","0","1.62825582653138","0.523343195452905","20.15802576",
"11/14/1985","-51.875","-4.83955001831055","219","32.745","22.922","0","1.31394837941705","0.58326841522713","16.02084258",
"11/15/1985","-51.875","-4.83955001831055","219","33.262","20.441","0.0720977904","1.54414875885214","0.61687751901577","10.77282972",
"11/16/1985","-51.875","-4.83955001831055","219","33.82","21.029","0.5767821288","1.60443657512783","0.634455146857388","17.80452468",
"11/17/1985","-51.875","-4.83955001831055","219","34.993","21.48","0","1.73579358614739","0.622621039571976","20.24741052",
"11/18/1985","-51.875","-4.83955001831055","219","34.238","22.393","0","1.73023894564248","0.603589914901621","19.84724604",
"11/19/1985","-51.875","-4.83955001831055","219","34.033","19.771","4.590223884","1.04223481690418","0.712838198718245","16.83224658",
"11/20/1985","-51.875","-4.83955001831055","219","32.45","20.614","7.22693988","1.39224895660248","0.746359744455579","26.045442",
"11/21/1985","-51.875","-4.83955001831055","219","28.968","21.122","25.2342234","1.06251921406135","0.91403454132666","7.15527936",
"11/22/1985","-51.875","-4.83955001831055","219","28.498","21.621","19.49558328","1.21693079885175","0.930102984251876","17.74259838",
"11/23/1985","-51.875","-4.83955001831055","219","25.972","21.218","13.959505044","1.05645770098892","0.929070907772342","8.18718768",
"11/24/1985","-51.875","-4.83955001831055","219","29.207","20.375","3.234102948","0.930023305810023","0.894038502595807","11.59869402",
"11/25/1985","-51.875","-4.83955001831055","219","32.381","18.253","5.4897336","0.973063842549627","0.815434189414641","22.46737752",
"11/26/1985","-51.875","-4.83955001831055","219","29.136","20.248","15.2349498","0.617639174888964","0.923825605928289","24.9204339",
"11/27/1985","-51.875","-4.83955001831055","219","28.3","20.747","20.6233992","0.815922419768005","0.930145704357603","24.84107568",
"11/28/1985","-51.875","-4.83955001831055","219","26.049","21.824","23.878093356","1.18193640179265","0.954026051366065","18.96125544",
"11/29/1985","-51.875","-4.83955001831055","219","24.057","19.997","57.810387636","0.631307036293017","0.97623623867713","4.1211567",
"11/30/1985","-51.875","-4.83955001831055","219","30.849","18.062","2.2384638","1.3507014438682","0.797845267955228","21.9044817",
"12/1/1985","-51.875","-4.83955001831055","219","29.136","20.232","16.8108009264","0.991479689111868","0.911001383030346","22.9195737",
"12/2/1985","-51.875","-4.83955001831055","219","24.274","21.804","26.40839688","0.933266686985545","0.974194746303935","3.0643326",
"12/3/1985","-51.875","-4.83955001831055","219","32.072","20.947","4.459765356","1.06928452348721","0.864858095374184","19.80467334",
"12/4/1985","-51.875","-4.83955001831055","219","31.917","22.192","14.433291","1.23412592905458","0.862952850100241","24.0224607",
"12/5/1985","-51.875","-4.83955001831055","219","24.131","21.569","26.0856636048","0.998063243060199","0.971703854593729","3.75435036",
"12/6/1985","-51.875","-4.83955001831055","219","27.984","21.17","17.861367024","0.677964480272557","0.944792146807846","22.16210796",
"12/7/1985","-51.875","-4.83955001831055","219","28.157","21.164","8.6585979024","0.953282760933777","0.933728700922216","15.21146718",
"12/8/1985","-51.875","-4.83955001831055","219","28.545","19.865","4.0700870784","0.78895826627063","0.917766424095884","20.14599042",
"12/9/1985","-51.875","-4.83955001831055","219","30.322","20.491","4.84771536","1.04283849620237","0.849052705274456","26.19781938",
"12/10/1985","-51.875","-4.83955001831055","219","30.358","21.093","13.647078","1.14251813353423","0.866516810569598","26.6566464",
"12/11/1985","-51.875","-4.83955001831055","219","32.112","21.617","13.96636848","1.24520996600968","0.852921097176332","25.4119455",
"12/12/1985","-51.875","-4.83955001831055","219","29.44","21.591","5.465699244","1.31546989648863","0.8436172509367","22.75154838",
"12/13/1985","-51.875","-4.83955001831055","219","30.267","21.049","9.3383838","1.43214995692244","0.843309347763685","25.02500292",
"12/14/1985","-51.875","-4.83955001831055","219","28.406","20.907","15.950772576","1.07643510551609","0.926713125823967","23.01739272",
"12/15/1985","-51.875","-4.83955001831055","219","27.711","21.631","4.2469026984","0.859431449794103","0.910771200972964","18.11216052",
"12/16/1985","-51.875","-4.83955001831055","219","26.515","21.256","9.2594157264","0.648852199830368","0.938086950962413","19.5428844",
"12/17/1985","-51.875","-4.83955001831055","219","30.658","21.34","9.45167148","0.880988477364188","0.904946411662418","22.278375",
"12/18/1985","-51.875","-4.83955001831055","219","23.279","20.431","32.3221266","0.967108551382669","0.977798870675194","3.4757991",
"12/19/1985","-51.875","-4.83955001831055","219","24.821","20.301","14.10713604","0.801161608582313","0.971725685520624","7.85852478",
"12/20/1985","-51.875","-4.83955001831055","219","24.789","20.999","19.39773456","1.1405079686789","0.965927086064752","9.060974532",
"12/21/1985","-51.875","-4.83955001831055","219","23.391","19","8.481788532","0.706652860078026","0.973989687928066","5.81416866",
"12/22/1985","-51.875","-4.83955001831055","219","23.875","19.616","3.4194943584","0.539718317932984","0.971259331582898","3.20906214",
"12/23/1985","-51.875","-4.83955001831055","219","24.236","21.621","5.56869654","0.751800731947209","0.970285398481685","3.98733561",
"12/24/1985","-51.875","-4.83955001831055","219","26.368","21.568","4.852867968","0.921893593276914","0.949962387762235","13.553662932",
"12/25/1985","-51.875","-4.83955001831055","219","29.483","22.061","13.7947082544","1.38409302408444","0.933889059215811","14.10694164",
"12/26/1985","-51.875","-4.83955001831055","219","24.592","21.212","40.31641944","1.12358910466747","0.976111479012586","8.333604",
"12/27/1985","-51.875","-4.83955001831055","219","24.749","20.478","37.86850512","1.42198593409518","0.962616498348912","8.48660958",
"12/28/1985","-51.875","-4.83955001831055","219","26.23","19.647","6.7531566456","1.26306733589382","0.93618868445029","10.08838368",
"12/29/1985","-51.875","-4.83955001831055","219","24.926","20.173","0.4325866848","1.04115931849827","0.910829794973069","8.52946902",
"12/30/1985","-51.875","-4.83955001831055","219","28.649","20.914","7.407189468","1.02867905444428","0.875964278485932","14.9448393",
"12/31/1985","-51.875","-4.83955001831055","219","28.013","19.371","2.286528912","1.21997094500255","0.888183658953564","19.65757302",
"1/1/1986","-51.875","-4.83955001831055","219","29.542","20.586","13.4754180264","1.01310919584687","0.88172920133241","24.70882284",
"1/2/1986","-51.875","-4.83955001831055","219","30.079","19.355","9.582142392","1.17550192582606","0.872829344133599","26.27088894",
"1/3/1986","-51.875","-4.83955001831055","219","28.938","18.552","8.9967752928","0.839189878058265","0.916195767540919","19.6082451",
"1/4/1986","-51.875","-4.83955001831055","219","26.057","22.021","15.83404956","0.84618914691708","0.969125648375288","14.32608534",
"1/5/1986","-51.875","-4.83955001831055","219","30.07","21.174","13.231659492","0.966635711664439","0.896208921135626","18.88604442",
"1/6/1986","-51.875","-4.83955001831055","219","25.91","21.541","17.5094604","0.705082470156743","0.972311500924291","12.33231012",
"1/7/1986","-51.875","-4.83955001831055","219","28.039","21.66","14.54315184","1.1035324174756","0.940653147694165","16.55212068",
"1/8/1986","-51.875","-4.83955001831055","219","27.812","21.751","8.43715638","0.984518701225457","0.924973721650248","19.81124784",
"1/9/1986","-51.875","-4.83955001831055","219","25.439","20.15","19.3960188","1.01684331962957","0.971039556482234","20.77565598",
"1/10/1986","-51.875","-4.83955001831055","219","25.258","20.031","13.38615684","0.949892979615609","0.974906413683091","18.31032918",
"1/11/1986","-51.875","-4.83955001831055","219","26.4","19.865","13.24538316","0.901787072914034","0.944708238040852","21.6082665",
"1/12/1986","-51.875","-4.83955001831055","219","30.286","21.049","9.45854604","0.995111095151504","0.930905294560265","20.42718552",
"1/13/1986","-51.875","-4.83955001831055","219","25.537","18.807","7.017519348","0.77792445922332","0.966990791600329","19.23024474",
"1/14/1986","-51.875","-4.83955001831055","219","25.69","17.987","12.4969452264","1.02855881646781","0.963105584716277","23.82717222",
"1/15/1986","-51.875","-4.83955001831055","219","27.407","19.456","6.88705542","1.20402929010278","0.903563379753034","23.09411358",
"1/16/1986","-51.875","-4.83955001831055","219","30.345","21.752","4.995345456","1.398631224258","0.883309036682363","16.3006893",
"1/17/1986","-51.875","-4.83955001831055","219","25.786","21.325","9.36928368","1.0697754810759","0.964093794035923","9.9120969",
"1/18/1986","-51.875","-4.83955001831055","219","27.241","21.23","8.25862932","1.39928725525552","0.878705121536177","9.97813134",
"1/19/1986","-51.875","-4.83955001831055","219","30.788","19.994","0.0308990592","1.13273577704575","0.788063637880529","16.87921794",
"1/20/1986","-51.875","-4.83955001831055","219","30.133","19.714","4.147339428","1.06431297401252","0.849880171960894","26.63263296",
"1/21/1986","-51.875","-4.83955001831055","219","26.854","21.714","12.35618784","0.781719745747075","0.95617066184923","26.65197918",
"1/22/1986","-51.875","-4.83955001831055","219","28.673","21.217","9.9786765384","1.10253683994711","0.945775473822967","21.418428168",
"1/23/1986","-51.875","-4.83955001831055","219","28.058","21.553","15.70873248","1.51576990233732","0.933542288634422","18.64727208",
"1/24/1986","-51.875","-4.83955001831055","219","25.936","20.547","17.55066312","0.998892859517976","0.967234829594406","22.510075068",
"1/25/1986","-51.875","-4.83955001831055","219","24.807","21.621","156.31826148","0.76492129737485","0.973465350176003","5.696603928",
"1/26/1986","-51.875","-4.83955001831055","219","25.746","21.653","9.640504584","0.714950631949778","0.971732516861047","12.6557406",
"1/27/1986","-51.875","-4.83955001831055","219","26.039","21.758","12.86430804","1.01353335497437","0.967144632522836","22.108785732",
"1/28/1986","-51.875","-4.83955001831055","219","27.528","21.613","4.57306488","1.21577334975223","0.910900367311936","15.159100752",
"1/29/1986","-51.875","-4.83955001831055","219","27.162","21.708","9.59415444","0.825681896246261","0.951029064917342","18.0834687",
"1/30/1986","-51.875","-4.83955001831055","219","25.35","21.919","12.047191488","0.823761736386952","0.970420790968152","13.82641758",
"1/31/1986","-51.875","-4.83955001831055","219","24.998","21.323","41.1232164264","0.6945052625701","0.972920825035687","4.7778804",
"2/1/1986","-51.875","-4.83955001831055","219","23.137","19.229","36.6617124","1.10241288690515","0.982535429961026","3.29321295",
"2/2/1986","-51.875","-4.83955001831055","219","25.324","18.691","4.3121362464","0.84428387506506","0.951221116533094","13.25256048",
"2/3/1986","-51.875","-4.83955001831055","219","23.954","19.662","1.6788465648","0.734457116247187","0.953038984931572","8.26042716",
"2/4/1986","-51.875","-4.83955001831055","219","24.961","20.645","7.038121572","0.787640963134725","0.971469213141708","10.5797169",
"2/5/1986","-51.875","-4.83955001831055","219","27.929","20.963","2.69508726","1.03610241738621","0.924592378596787","17.10568656",
"2/6/1986","-51.875","-4.83955001831055","219","26.26","20.232","10.289385684","1.11964240803821","0.955025645819557","23.177304288",
"2/7/1986","-51.875","-4.83955001831055","219","26.358","21.217","12.780192564","0.945011317304948","0.968415734312953","18.5059755",
"2/8/1986","-51.875","-4.83955001831055","219","26.128","21.703","7.020955584","0.976407764835095","0.95548790094878","10.18428174",
"2/9/1986","-51.875","-4.83955001831055","219","27.369","21.299","11.82746772","1.11971304565117","0.944730011828079","24.92707815",
"2/10/1986","-51.875","-4.83955001831055","219","31.051","21.111","2.451325068","1.18550777337627","0.86372729820986","22.05326178",
"2/11/1986","-51.875","-4.83955001831055","219","31.135","20.83","6.2210092104","1.17441566344509","0.888871274434332","23.17292262",
"2/12/1986","-51.875","-4.83955001831055","219","28.169","21.634","11.93046408","1.23287291423149","0.942192852395108","27.30425607",
"2/13/1986","-51.875","-4.83955001831055","219","25.314","21.048","24.664299084","1.12087309917948","0.972091395860596","18.087246792",
"2/14/1986","-51.875","-4.83955001831055","219","27.482","21.88","8.171079984","1.06469127624598","0.939352636672342","19.53230679",
"2/15/1986","-51.875","-4.83955001831055","219","31.151","19.996","0.16822818","1.4453527223242","0.805368800310835","22.98993543",
"2/16/1986","-51.875","-4.83955001831055","219","29.553","21.414","10.1966895","1.14136947404158","0.915086606583105","26.11462734",
"2/17/1986","-51.875","-4.83955001831055","219","24.554","21.9","15.77912004","1.00473341505628","0.97638619177019","8.57052945",
"2/18/1986","-51.875","-4.83955001831055","219","24.69","21.305","14.99977404","1.06990550819736","0.972195920918643","12.67582149",
"2/19/1986","-51.875","-4.83955001831055","219","25.777","21.728","22.4361522","0.865869557954098","0.962043313722344","17.20907136",
"2/20/1986","-51.875","-4.83955001831055","219","24.736","21.512","67.94698644","1.06515531160639","0.97507096550288","9.85376556",
"2/21/1986","-51.875","-4.83955001831055","219","28.394","21.661","14.007570948","0.710940635408773","0.944283495763701","20.133739152",
"2/22/1986","-51.875","-4.83955001831055","219","30.017","18.444","8.25691104","1.05082617982013","0.897053725313989","21.508476192",
"2/23/1986","-51.875","-4.83955001831055","219","25.812","21.77","22.1649210864","0.983760795850226","0.966921506637502","11.823972732",
"2/24/1986","-51.875","-4.83955001831055","219","24.852","21.822","12.507239592","1.21045089061982","0.973263842262681","15.8781429",
"2/25/1986","-51.875","-4.83955001831055","219","26.951","21.312","13.65738048","0.896033974312346","0.963336845759499","16.414253352",
"2/26/1986","-51.875","-4.83955001831055","219","28.149","21.668","5.300901","1.22300474049612","0.902231079762593","17.60686677",
"2/27/1986","-51.875","-4.83955001831055","219","26.385","21.588","12.27378384","1.27868711649405","0.947451269998345","25.081768332",
"2/28/1986","-51.875","-4.83955001831055","219","26.89","21.497","26.6040828","1.07199097833949","0.96132933376828","20.05390728",
"3/1/1986","-51.875","-4.83955001831055","219","27.277","21.618","15.10962984","1.17973245770632","0.928031591460816","24.44332077",
"3/2/1986","-51.875","-4.83955001831055","219","26.248","21.316","19.77625512","0.953756931870593","0.957209868441703","18.7193889",
"3/3/1986","-51.875","-4.83955001831055","219","24.398","21.187","18.51711444","0.952454715483967","0.973717003297075","12.70198116",
"3/4/1986","-51.875","-4.83955001831055","219","24.94","19.827","21.54522132","0.629986540469888","0.976245046771515","11.403898038",
"3/5/1986","-51.875","-4.83955001831055","219","24.292","19.854","14.256475632","0.65999977200511","0.976179840062849","5.49022806",
"3/6/1986","-51.875","-4.83955001831055","219","24.451","18.969","16.609954104","0.85600957822846","0.97121275791105","7.85171079",
"3/7/1986","-51.875","-4.83955001831055","219","26.247","19.993","10.078240212","0.862139180116136","0.963005306812724","20.02736223",
"3/8/1986","-51.875","-4.83955001831055","219","26.316","21.972","13.746647412","0.786526048642929","0.958989235252411","20.687797602",
"3/9/1986","-51.875","-4.83955001831055","219","24.247","21.177","107.8462728","1.12414075485715","0.975661732201697","8.28118107",
"3/10/1986","-51.875","-4.83955001831055","219","27.437","20.892","12.71667348","0.507055633385159","0.954281821349318","10.39448961",
"3/11/1986","-51.875","-4.83955001831055","219","23.478","20.894","20.0775059064","0.561417304833807","0.980524023748791","5.217303672",
"3/12/1986","-51.875","-4.83955001831055","219","29.714","20.793","6.332585328","0.885322681808191","0.905184040818468","20.38972806",
"3/13/1986","-51.875","-4.83955001831055","219","23.557","21.202","8.77361832","1.40994355408167","0.977325653357701","9.87575976",
"3/14/1986","-51.875","-4.83955001831055","219","25.715","20.76","4.2657860664","0.892429036438679","0.936372216126894","7.40581452",
"3/15/1986","-51.875","-4.83955001831055","219","26.366","21.324","5.7781233","1.12831815119203","0.937830281412535","10.51762338",
"3/16/1986","-51.875","-4.83955001831055","219","22.306","19.424","1.709747316","1.03614024903233","0.9711519212413","3.40599366",
"3/17/1986","-51.875","-4.83955001831055","219","31.557","17.688","4.471780356","1.17332052137296","0.844884649002547","27.034532568",
"3/18/1986","-51.875","-4.83955001831055","219","30.558","21.036","11.21978592","1.05801439377624","0.916025595167794","23.26241151",
"3/19/1986","-51.875","-4.83955001831055","219","29.581","21.145","11.83948632","1.09786396913544","0.908517301782917","27.40134708",
"3/20/1986","-51.875","-4.83955001831055","219","29.626","21.246","13.901139468","1.11184081847275","0.935115012908437","24.04670076",
"3/21/1986","-51.875","-4.83955001831055","219","29.251","21.808","5.021096724","1.11020899117336","0.904656363963729","18.15654573",
"3/22/1986","-51.875","-4.83955001831055","219","26.136","21.172","10.2988251864","1.06021469163731","0.961476231083967","18.69226443",
"3/23/1986","-51.875","-4.83955001831055","219","27.479","21.396","9.043979544","0.954314105819779","0.943967565753794","25.25867172",
"3/24/1986","-51.875","-4.83955001831055","219","25.505","20.906","3.7010205792","0.890915986981067","0.950605936762186","12.1426893",
"3/25/1986","-51.875","-4.83955001831055","219","26.903","21.471","5.29575156","0.685772562288034","0.953019925563216","13.71712266",
"3/26/1986","-51.875","-4.83955001831055","219","24.516","21.046","8.9323996464","0.564147789900883","0.976280025619123","8.92597572",
"3/27/1986","-51.875","-4.83955001831055","219","24.203","21.271","6.2948246328","0.821547868149145","0.969115336407306","10.10762154",
"3/28/1986","-51.875","-4.83955001831055","219","27.086","20.569","31.5565255944","0.745052704755975","0.95889537285934","9.71099892",
"3/29/1986","-51.875","-4.83955001831055","219","25.302","21.788","32.076648","0.926970681380949","0.976017742776434","15.20178804",
"3/30/1986","-51.875","-4.83955001831055","219","28.515","21.04","9.01995192","1.011833796978","0.919957763172281","20.37869406",
"3/31/1986","-51.875","-4.83955001831055","219","25.297","20.071","10.9399801824","0.759731608548915","0.96796527822665","7.06696344",
"4/1/1986","-51.875","-4.83955001831055","219","22.221","20.223","111.010020732","0.564589403496597","0.98411343950506","0.708806412",
"4/2/1986","-51.875","-4.83955001831055","219","24.269","20.51","33.934014","0.866783754259011","0.980192298802156","4.8749679",
"4/3/1986","-51.875","-4.83955001831055","219","25.381","21.075","3.532790772","0.746887441196336","0.957982170239609","7.941824658",
"4/4/1986","-51.875","-4.83955001831055","219","24.01","19.186","1.036834488","0.795801199774725","0.962883945002922","6.922691622",
"4/5/1986","-51.875","-4.83955001831055","219","27.076","19.857","0.082397484","0.957167390540883","0.874713664860996","13.662791208",
"4/6/1986","-51.875","-4.83955001831055","219","30.983","20.476","2.4272908704","1.1641059139454","0.840617070489182","24.20628534",
"4/7/1986","-51.875","-4.83955001831055","219","24.71","21.522","6.760026324","0.991447129015922","0.962786142647023","9.632804418",
"4/8/1986","-51.875","-4.83955001831055","219","25.566","20.694","5.863950648","0.824068540736958","0.964124758029685","9.292725792",
"4/9/1986","-51.875","-4.83955001831055","219","24.616","21.21","65.29999104","0.572808103506822","0.977941507597598","4.95871281",
"4/10/1986","-51.875","-4.83955001831055","219","28.768","20.459","7.491301992","0.916690197623693","0.929978612357901","15.415197588",
"4/11/1986","-51.875","-4.83955001831055","219","25.068","21.938","19.45609272","1.00473065496342","0.975247933593424","8.95708512",
"4/12/1986","-51.875","-4.83955001831055","219","26.819","21.643","9.458541","1.02209568270344","0.946759770433612","14.03347176",
"4/13/1986","-51.875","-4.83955001831055","219","28.553","21.858","10.84557006","0.821694649419207","0.947063898676189","11.95661304",
"4/14/1986","-51.875","-4.83955001831055","219","25.883","22.105","27.98424648","1.05664801576695","0.969471384666789","18.82777572",
"4/15/1986","-51.875","-4.83955001831055","219","25.853","21.545","14.58092052","0.921165554694518","0.961750083524196","19.30342662",
"4/16/1986","-51.875","-4.83955001831055","219","26.136","22.156","22.2370128","0.734688263260926","0.971741715652006","10.92791466",
"4/17/1986","-51.875","-4.83955001831055","219","27.338","22.242","14.690786832","1.05742406558449","0.954535953553197","21.80210904",
"4/18/1986","-51.875","-4.83955001831055","219","28.141","22.646","14.857292088","1.07190730061264","0.941027020196569","17.27234406",
"4/19/1986","-51.875","-4.83955001831055","219","27.691","22.237","23.82660468","1.07522271716974","0.957884395302986","19.52454348",
"4/20/1986","-51.875","-4.83955001831055","219","27.02","21.782","10.9382697","0.520294657085437","0.96006744298314","16.34754384",
"4/21/1986","-51.875","-4.83955001831055","219","28.616","21.743","11.041256952","0.865755876655577","0.943577705027993","13.947301512",
"4/22/1986","-51.875","-4.83955001831055","219","24.098","19.881","12.88833948","0.912614986544556","0.975779393566932","9.071543772",
"4/23/1986","-51.875","-4.83955001831055","219","30.04","20.886","4.916379564","1.00671069410898","0.898571460981218","16.15960512",
"4/24/1986","-51.875","-4.83955001831055","219","28.194","19.369","3.5842915584","0.980553443633023","0.923778749847469","14.07295944",
"4/25/1986","-51.875","-4.83955001831055","219","27.016","21.29","9.8155953","1.12778538955707","0.948088423393549","21.79198422",
"4/26/1986","-51.875","-4.83955001831055","219","31.314","20.903","4.7412868104","1.30391721769669","0.880258462799414","21.76897266",
"4/27/1986","-51.875","-4.83955001831055","219","27.249","21.871","11.1579911064","1.23138674002582","0.951692929501168","21.08542572",
"4/28/1986","-51.875","-4.83955001831055","219","25.163","21.958","10.4541759","0.836433905474069","0.972437933871696","12.870111528",
"4/29/1986","-51.875","-4.83955001831055","219","27.295","21.408","7.33680828","0.973335953974833","0.94589681508582","13.1356701",
"4/30/1986","-51.875","-4.83955001831055","219","25.565","20.855","13.396467564","0.733016198095708","0.972507521157879","16.1325612",
"5/1/1986","-51.875","-4.83955001831055","219","26.08","19.962","17.76351924","0.711190954469635","0.970740338265294","10.53140832",
"5/2/1986","-51.875","-4.83955001831055","219","27.332","21.281","16.846838244","1.26425068847992","0.951985122176929","17.72173134",
"5/3/1986","-51.875","-4.83955001831055","219","25.952","22.021","10.4026806","0.554320450992247","0.972317853641417","8.663062212",
"5/4/1986","-51.875","-4.83955001831055","219","25.43","22.056","14.50195452","0.991899965020274","0.974291773345512","11.29887666",
"5/5/1986","-51.875","-4.83955001831055","219","28.54","21.892","3.0418377984","0.991465398168135","0.913779311260189","13.77500454",
"5/6/1986","-51.875","-4.83955001831055","219","28.256","22.139","7.463835576","0.611570846178906","0.940130911185957","15.68694258",
"5/7/1986","-51.875","-4.83955001831055","219","31.418","21.463","7.28530704","0.799433460858298","0.886741523713924","14.2873335",
"5/8/1986","-51.875","-4.83955001831055","219","31.527","20.542","1.644517332","1.46195548840659","0.790152372949919","23.81591142",
"5/9/1986","-51.875","-4.83955001831055","219","30.647","20.827","1.496887236","1.48450488068287","0.828584827029492","23.5647027",
"5/10/1986","-51.875","-4.83955001831055","219","29.112","21.608","1.49002038","1.15857509832955","0.886938308186274","14.12228934",
"5/11/1986","-51.875","-4.83955001831055","219","32.605","22.212","0.851440392","1.08779330221412","0.790115109334038","14.64136992",
"5/12/1986","-51.875","-4.83955001831055","219","30.093","19.217","1.15528086","0.512908920977343","0.893725309951093","8.6588487",
"5/13/1986","-51.875","-4.83955001831055","219","28.44","18.702","5.328369612","0.866632628475753","0.940264485964677","13.414611852",
"5/14/1986","-51.875","-4.83955001831055","219","29.138","20.887","5.5686955968","1.09464418297473","0.916728588613943","22.10434308",
"5/15/1986","-51.875","-4.83955001831055","219","29.12","20.634","4.631427576","1.29387136967621","0.916707271607601","17.0715897",
"5/16/1986","-51.875","-4.83955001831055","219","31.33","17.538","1.1123658504","1.16908264265999","0.812512351158558","20.51747658",
"5/17/1986","-51.875","-4.83955001831055","219","32.355","18.594","0","1.27173630839392","0.724276033908372","24.24982482",
"5/18/1986","-51.875","-4.83955001831055","219","32.076","20.254","0.3673552104","1.25476940819035","0.765356355532824","13.380750648",
"5/19/1986","-51.875","-4.83955001831055","219","31.296","19.936","1.0883330928","1.21622071418245","0.86881162868245","10.78582374",
"5/20/1986","-51.875","-4.83955001831055","219","31.715","20.728","0.67291236","1.63201772794971","0.773830820350687","23.09595948",
"5/21/1986","-51.875","-4.83955001831055","219","29.819","20.938","2.47535694","1.31441514002018","0.840328367746979","17.97069744",
"5/22/1986","-51.875","-4.83955001831055","219","31.218","19.557","2.734566948","1.52801610862616","0.832571910657698","23.75358282",
"5/23/1986","-51.875","-4.83955001831055","219","28.633","21.332","6.36177492","1.43058879337198","0.937477334465186","21.7956366",
"5/24/1986","-51.875","-4.83955001831055","219","29.853","20.845","5.85365364","1.28230420362687","0.891392071733294","20.7324027",
"5/25/1986","-51.875","-4.83955001831055","219","27.887","20.199","5.80043808","1.14453050958711","0.929197019688868","16.5970692",
"5/26/1986","-51.875","-4.83955001831055","219","31.572","19.582","0","1.24831658494718","0.76143890872735","16.41335634",
"5/27/1986","-51.875","-4.83955001831055","219","32.524","20.541","5.812455996","1.43778265412651","0.754519913987434","17.66930328",
"5/28/1986","-51.875","-4.83955001831055","219","28.415","21.581","15.2057682","1.48649159480729","0.910731914046388","18.78868062",
"5/29/1986","-51.875","-4.83955001831055","219","30.136","19.49","0.9046559736","1.08431566184803","0.887413474805929","12.17362986",
"5/31/1986","-51.875","-4.83955001831055","219","22.261","21.925","0","1.23204509613806","0.981473760817778","0",
"6/1/1986","-51.875","-4.83955001831055","219","28.821","21.305","5.7163199112","1.05555403573929","0.908266125135514","14.81208102",
"6/2/1986","-51.875","-4.83955001831055","219","29.582","22.031","3.563690328","1.17085964455919","0.891936577444413","11.3524326",
"6/3/1986","-51.875","-4.83955001831055","219","27.676","21.432","6.481933776","1.19879156484745","0.934224501473229","15.80922936",
"6/4/1986","-51.875","-4.83955001831055","219","27.805","21.096","4.6279964304","1.25472527957167","0.939931979507868","13.38547122",
"6/5/1986","-51.875","-4.83955001831055","219","28.707","20.85","1.994704848","1.27953733386824","0.865015845025033","17.37652266",
"6/6/1986","-51.875","-4.83955001831055","219","30.803","18.148","1.067733972","1.18466657563674","0.779162267776767","22.73788152",
"6/7/1986","-51.875","-4.83955001831055","219","32.012","18.597","0","1.43630633473067","0.694043485256083","23.35326462",
"6/8/1986","-51.875","-4.83955001831055","219","32.219","19.075","0","1.34757184534265","0.661283537723672","22.99144878",
"6/9/1986","-51.875","-4.83955001831055","219","31.223","17.644","0","1.31453975706308","0.708998032544609","14.52830706",
"6/10/1986","-51.875","-4.83955001831055","219","32.108","17.983","0","1.39966943668065","0.636577608258109","22.99117374",
"6/11/1986","-51.875","-4.83955001831055","219","32.172","18.352","0","1.4611008864933","0.646392941048148","22.31087814",
"6/12/1986","-51.875","-4.83955001831055","219","32.437","16.515","0","1.01752482821038","0.659993348005675","21.75603984",
"6/13/1986","-51.875","-4.83955001831055","219","31.565","17.888","0","1.33448004395511","0.689723279351004","20.65747176",
"6/14/1986","-51.875","-4.83955001831055","219","30.178","20.728","4.03060968","1.39868662286604","0.820071616975938","21.4321005",
"6/15/1986","-51.875","-4.83955001831055","219","31.969","18.862","0","1.64669601237692","0.69905274267391","22.95669438",
"6/16/1986","-51.875","-4.83955001831055","219","32.106","19.043","0","1.69904086268533","0.60810312960293","23.6332719",
"6/17/1986","-51.875","-4.83955001831055","219","32.258","18.507","0","1.53824626616119","0.588142723275964","23.5328652",
"6/18/1986","-51.875","-4.83955001831055","219","32.321","20.473","0","1.76035132385923","0.560014710887104","19.43960958",
"6/19/1986","-51.875","-4.83955001831055","219","31.964","21.4","0","1.74633646925985","0.591979674212574","13.9128741",
"6/20/1986","-51.875","-4.83955001831055","219","30.985","21.105","0","1.37996891482153","0.633463122032867","17.6102451",
"6/21/1986","-51.875","-4.83955001831055","219","32.664","21.436","0.106430112","1.39684679655539","0.613257734857727","19.60841376",
"6/22/1986","-51.875","-4.83955001831055","219","32.635","19.567","0","1.84547257694701","0.553245639185721","23.40382158",
"6/23/1986","-51.875","-4.83955001831055","219","32.362","19.862","0","1.82287295848755","0.569160214127061","13.84970418",
"6/24/1986","-51.875","-4.83955001831055","219","31.679","19.254","0","1.87034785510697","0.587076731990072","23.7017754",
"6/25/1986","-51.875","-4.83955001831055","219","32.735","19.453","0","1.72534101895235","0.579010182272428","20.49350724",
"6/26/1986","-51.875","-4.83955001831055","219","30.174","20.407","0","1.12040396048267","0.640633470668096","9.2455299",
"6/27/1986","-51.875","-4.83955001831055","219","32.975","21.336","0","1.18340977766897","0.594453009857674","17.17661682",
"6/28/1986","-51.875","-4.83955001831055","219","32.756","20.239","0.219726324","1.10321281080414","0.682811916724508","18.4556277",
"6/29/1986","-51.875","-4.83955001831055","219","34.028","21.812","0.314140608","1.24478117638539","0.603776461296709","19.89573768",
"6/30/1986","-51.875","-4.83955001831055","219","31.638","21.336","1.447106688","1.23689434320121","0.756215937467568","14.3266545",
"7/1/1986","-51.875","-4.83955001831055","219","28.703","20.273","3.848648076","0.992202408577002","0.894359775094879","11.36801124",
"7/2/1986","-51.875","-4.83955001831055","219","32.622","19.867","2.228166","1.53623827546917","0.689832081459294","21.4672464",
"7/3/1986","-51.875","-4.83955001831055","219","31.565","18.94","1.16043192","1.22005450114994","0.729488154694855","15.44782086",
"7/4/1986","-51.875","-4.83955001831055","219","30.951","19.365","0.65917944","1.38778041137023","0.728786073643678","16.81020108",
"7/5/1986","-51.875","-4.83955001831055","219","29.479","17.04","2.48222502","0.984658053136275","0.846082630461992","14.41344384",
"7/6/1986","-51.875","-4.83955001831055","219","31.939","18.187","0.00686646","1.00391265349224","0.771293277923005","13.89953772",
"7/7/1986","-51.875","-4.83955001831055","219","30.713","18.873","6.772040784","1.04468613191712","0.854765786854744","16.29674946",
"7/8/1986","-51.875","-4.83955001831055","219","32.679","15.911","0.0068664528","1.0602634259888","0.710785406849333","17.54380764",
"7/9/1986","-51.875","-4.83955001831055","219","28.869","18.612","0.614547792","1.76026944058642","0.736181237115202","19.44494892",
"7/10/1986","-51.875","-4.83955001831055","219","29.793","20.732","0.085830696","1.27953126710047","0.718974960784286","12.8766915",
"7/11/1986","-51.875","-4.83955001831055","219","32.025","17.295","0","1.09281574782464","0.618237935238861","17.26818156",
"7/12/1986","-51.875","-4.83955001831055","219","32.593","16.365","0","1.44226564292197","0.587143864139914","22.10124276",
"7/13/1986","-51.875","-4.83955001831055","219","31.586","19.388","0.024032592","1.52817227335902","0.576938262011173","17.34086322",
"7/14/1986","-51.875","-4.83955001831055","219","30.43","22.422","0.065231316","2.25870902369194","0.583200238216324","18.72630576",
"7/15/1986","-51.875","-4.83955001831055","219","30.182","19.919","0","1.67363425592914","0.614833756520846","18.20109456",
"7/16/1986","-51.875","-4.83955001831055","219","32.634","20.034","0","1.32943883832421","0.567050281761745","17.01888678",
"7/17/1986","-51.875","-4.83955001831055","219","31.194","19.539","0.0102996792","1.38297835079674","0.589798811045295","12.8927844",
"7/18/1986","-51.875","-4.83955001831055","219","27.522","18.18","1.5243534","1.38370311502596","0.80774806290796","17.27348004",
"7/19/1986","-51.875","-4.83955001831055","219","32.706","18.582","0.0171661464","1.10073951082048","0.670516768799508","16.28910666",
"7/20/1986","-51.875","-4.83955001831055","219","31.61","19.345","3.199766472","0.895569152390178","0.772112487794183","11.550200184",
"7/21/1986","-51.875","-4.83955001831055","219","33.421","17.01","0","1.32805391111819","0.65488735623352","17.17875144",
"7/22/1986","-51.875","-4.83955001831055","219","33.515","15.339","0","1.12026130827777","0.642165382956161","16.61304492",
"7/23/1986","-51.875","-4.83955001831055","219","33.485","15.694","0","1.16946383986082","0.583447055722717","19.0884933",
"7/24/1986","-51.875","-4.83955001831055","219","32.394","19.766","0","1.12891323652372","0.621813262896325","17.32106592",
"7/25/1986","-51.875","-4.83955001831055","219","32.44","17.411","0.0411987312","1.00843780480905","0.66924770916302","20.73976704",
"7/26/1986","-51.875","-4.83955001831055","219","31.682","18.937","0.89950536","1.05341739542812","0.702101487743062","16.82910144",
"7/27/1986","-51.875","-4.83955001831055","219","32.732","19.239","0.226593144","1.06791889159042","0.66383131628793","22.13093646",
"7/28/1986","-51.875","-4.83955001831055","219","28.642","20.597","1.304626644","1.13994954696627","0.735950913997383","11.460826656",
"7/29/1986","-51.875","-4.83955001831055","219","28.565","16.602","1.057434012","1.27736516778248","0.824603910476435","18.9215955",
"7/30/1986","-51.875","-4.83955001831055","219","31.595","15.243","0","1.43171621062618","0.698426573629599","19.3876344",
"7/31/1986","-51.875","-4.83955001831055","219","33.333","17.349","0","1.34401333840989","0.665861919091209","22.8471732",
"8/1/1986","-51.875","-4.83955001831055","219","32.502","18.833","0","1.43703594485461","0.576290111267392","23.77547406",
"8/2/1986","-51.875","-4.83955001831055","219","33.674","16.551","0","1.14248147159485","0.620094606412073","17.4129156",
"8/3/1986","-51.875","-4.83955001831055","219","34.276","16.935","0","1.26832813209363","0.559970822610148","24.7322295",
"8/4/1986","-51.875","-4.83955001831055","219","34.585","15.279","0","1.18378902441917","0.477523848951951","25.09368768",
"8/5/1986","-51.875","-4.83955001831055","219","35.045","21.412","0","1.36025847348095","0.410924977898586","20.69988903",
"8/6/1986","-51.875","-4.83955001831055","219","34.894","17.753","0","1.4256906607497","0.475307497728811","21.41009847",
"8/7/1986","-51.875","-4.83955001831055","219","34.363","18.331","0","1.71672833808113","0.399871065819328","25.87511043",
"8/8/1986","-51.875","-4.83955001831055","219","34.25","20.31","0","1.5658626361825","0.449700120851382","17.394977052",
"8/9/1986","-51.875","-4.83955001831055","219","33.926","18.945","0","1.46101220122663","0.527052697407411","17.92046592",
"8/10/1986","-51.875","-4.83955001831055","219","31.83","20.75","0","1.73237835648128","0.522674618800077","22.04971416",
"8/11/1986","-51.875","-4.83955001831055","219","33.245","18.016","0","1.38492725757819","0.63001893713356","19.06925598",
"8/12/1986","-51.875","-4.83955001831055","219","35.255","22.288","0","2.16643519180989","0.473528920523601","19.33751178",
"8/13/1986","-51.875","-4.83955001831055","219","35.329","20.384","0","1.86281570621091","0.529463038014795","17.8727049",
"8/14/1986","-51.875","-4.83955001831055","219","36.505","18.564","0.02059938","1.60797204214789","0.48159822049089","25.28725374",
"8/15/1986","-51.875","-4.83955001831055","219","34.188","17.518","0.0171661392","1.15481701973544","0.58764750256156","11.11077828",
"8/16/1986","-51.875","-4.83955001831055","219","32.762","18.946","0","1.54835976849512","0.603771029787114","16.8518286",
"8/17/1986","-51.875","-4.83955001831055","219","34.956","18.957","0.078964272","1.29023726513491","0.657052463996008","15.337123128",
"8/18/1986","-51.875","-4.83955001831055","219","34.144","17.022","0.1235961","1.04065716321884","0.633399004868817","16.61568984",
"8/19/1986","-51.875","-4.83955001831055","219","34.569","16.621","0.082397484","1.38066001363543","0.568604433738244","19.0254951",
"8/20/1986","-51.875","-4.83955001831055","219","34.679","17.688","0.087547284","1.59192647785461","0.624456432406357","17.93886066",
"8/21/1986","-51.875","-4.83955001831055","219","34.866","19.633","0","1.64228858813901","0.56161396701897","26.2298799",
"8/22/1986","-51.875","-4.83955001831055","219","33.311","21.242","0","2.25152301410633","0.51851650625019","26.3414286",
"8/23/1986","-51.875","-4.83955001831055","219","34.667","17.578","0","1.51250845308116","0.552074018796414","26.345704968",
"8/24/1986","-51.875","-4.83955001831055","219","34.727","20.518","1.5930144","1.36783850201169","0.586291566842238","17.53509654",
"8/25/1986","-51.875","-4.83955001831055","219","32.416","21.391","7.0209528264","1.62324103291726","0.716448943466294","21.21963939",
"8/26/1986","-51.875","-4.83955001831055","219","32.007","21.363","4.143908412","1.51958013883387","0.704328617535164","18.90303516",
"8/27/1986","-51.875","-4.83955001831055","219","34.279","20.413","4.923244872","0.904822519834317","0.742758201100742","21.75001425",
"8/28/1986","-51.875","-4.83955001831055","219","33.041","20.648","1.081466964","1.41380094081082","0.640891073601061","20.21467446",
"8/29/1986","-51.875","-4.83955001831055","219","36.963","22.341","0.02059938","1.27074215913738","0.532767171829757","17.74400256",
"8/30/1986","-51.875","-4.83955001831055","219","32.326","19.479","0.037765512","1.05154878635993","0.605176060848992","10.732500648",
"8/31/1986","-51.875","-4.83955001831055","219","34.023","22.16","0","1.44559712595398","0.548274875170816","17.9510058",
"9/1/1986","-51.875","-4.83955001831055","219","35.707","18.699","1.14154848","1.13805453261587","0.609788425670518","18.30087918",
"9/2/1986","-51.875","-4.83955001831055","219","34.174","19.447","0.180244656","2.15867504766401","0.594028541609724","20.71585908",
"9/3/1986","-51.875","-4.83955001831055","219","30.683","22.079","0.202560516","2.01872135186164","0.659537689319899","20.668614408",
"9/4/1986","-51.875","-4.83955001831055","219","33.589","20.363","0","1.39973886835357","0.659847916003316","18.858602952",
"9/5/1986","-51.875","-4.83955001831055","219","33.955","18.765","0","1.01469125365783","0.649825065468069","14.36434659",
"9/6/1986","-51.875","-4.83955001831055","219","33.57","20.931","0","1.21200026428456","0.544968343059304","18.952256592",
"9/7/1986","-51.875","-4.83955001831055","219","34.042","20.028","0.64373004","1.31190071433758","0.598300670617991","22.145180328",
"9/8/1986","-51.875","-4.83955001831055","219","30.798","20.068","5.99956596","1.68816542753645","0.722660227546618","26.07907212",
"9/9/1986","-51.875","-4.83955001831055","219","34.607","19.467","0.6505970112","1.71266081965911","0.689573539887501","19.85147082",
"9/10/1986","-51.875","-4.83955001831055","219","35.564","19.794","0.6969451464","1.67822685659927","0.615498974698778","19.375706232",
"9/11/1986","-51.875","-4.83955001831055","219","32.908","20.914","1.85050944","1.44592464602788","0.691055233084414","15.9668415",
"9/12/1986","-51.875","-4.83955001831055","219","32.9","19.497","0","1.58599877206918","0.616745787425738","18.24440472",
"9/13/1986","-51.875","-4.83955001831055","219","34.505","22.583","0","1.96442786502098","0.544487629137375","16.1580366",
"9/14/1986","-51.875","-4.83955001831055","219","32.221","19.757","0.390529908","1.6121723539832","0.67303095865699","12.042057168",
"9/15/1986","-51.875","-4.83955001831055","219","33.728","20.256","0","1.66687565329501","0.566148901014092","18.62724726",
"9/16/1986","-51.875","-4.83955001831055","219","33.98","18.976","0","1.53959568320599","0.56793859711684","21.5404866",
"9/17/1986","-51.875","-4.83955001831055","219","35.57","20.945","0","1.75208325944087","0.544374086031053","21.541554288",
"9/18/1986","-51.875","-4.83955001831055","219","34.352","22.303","0.0617981184","1.71948372483877","0.5449617196956","19.661121072",
"9/19/1986","-51.875","-4.83955001831055","219","34.634","20.928","0","1.59923035085005","0.568718842897994","18.861468552",
"9/20/1986","-51.875","-4.83955001831055","219","35.355","21.581","0.0137328984","1.41309834081184","0.580885218634006","17.157037248",
"9/21/1986","-51.875","-4.83955001831055","219","34.499","19.752","0","1.16394963196091","0.621762868373865","19.369746648",
"9/22/1986","-51.875","-4.83955001831055","219","37.272","20.987","0","1.57972144567642","0.478285596202033","20.97129744",
"9/23/1986","-51.875","-4.83955001831055","219","34.853","21.721","0","1.73955148878409","0.474486686510845","19.51407468",
"9/24/1986","-51.875","-4.83955001831055","219","33.215","23.576","0","1.83870635904228","0.510706319167469","18.24575832",
"9/25/1986","-51.875","-4.83955001831055","219","37.427","21.363","2.53372266","1.60022533227016","0.62308852556635","22.12869636",
"9/26/1986","-51.875","-4.83955001831055","219","34.703","20.08","0.705528","1.18358045399493","0.641466689462994","19.9427679",
"9/27/1986","-51.875","-4.83955001831055","219","34.867","20.005","0.9424206","1.41998978592363","0.669660970513913","19.95002064",
"9/28/1986","-51.875","-4.83955001831055","219","36.934","21.579","0.161361648","2.20364685244707","0.519661857069985","20.677333752",
"9/29/1986","-51.875","-4.83955001831055","219","33.946","22.771","0","2.13950299631497","0.525594729856867","18.257629248",
"9/30/1986","-51.875","-4.83955001831055","219","34.944","20.552","0","1.79689507579655","0.534955404049811","20.61214506",
"10/1/1986","-51.875","-4.83955001831055","219","34.895","22.613","0.0926971128","1.33371897142473","0.52422782017373","16.335051552",
"10/2/1986","-51.875","-4.83955001831055","219","34.492","22.787","0","1.52618281326439","0.515736419362759","15.04113984",
"10/3/1986","-51.875","-4.83955001831055","219","33.887","21.83","0","1.62640901045168","0.530044850353784","11.894960304",
"10/4/1986","-51.875","-4.83955001831055","219","34.516","23.215","0.010299672","1.74178960352316","0.492729354062948","20.29449528",
"10/5/1986","-51.875","-4.83955001831055","219","33.925","20.325","3.3885945792","1.27053910904355","0.598930834086505","21.246240672",
"10/6/1986","-51.875","-4.83955001831055","219","27.693","18.453","3.824614512","1.50771756975746","0.862774533063417","11.4218433",
"10/7/1986","-51.875","-4.83955001831055","219","32.043","17.213","8.10241632","1.49809812170734","0.833000251328837","27.524247768",
"10/8/1986","-51.875","-4.83955001831055","219","35.687","20.407","0","1.47871721945684","0.628601532501699","18.802017",
"10/9/1986","-51.875","-4.83955001831055","219","30.594","21.581","17.39959956","1.72605047721538","0.809963203628729","10.459348632",
"10/10/1986","-51.875","-4.83955001831055","219","34.4","20.293","1.0848977208","1.58980840187531","0.705965908225693","17.78630508",
"10/11/1986","-51.875","-4.83955001831055","219","37.315","20.463","0.6111147384","1.47502932502742","0.633174135032436","20.5121259",
"10/12/1986","-51.875","-4.83955001831055","219","34.255","19.668","0.0102996792","1.32059660683881","0.55436674231608","11.619504288",
"10/13/1986","-51.875","-4.83955001831055","219","37.699","22.451","0","1.60857934187451","0.482650032072668","20.7413991",
"10/14/1986","-51.875","-4.83955001831055","219","35.564","21.48","0","1.70834505527311","0.508431922156172","20.34129096",
"10/15/1986","-51.875","-4.83955001831055","219","36.753","20.839","0","1.67917860260187","0.489374103043597","21.38006952",
"10/16/1986","-51.875","-4.83955001831055","219","34.349","21.57","0","1.93120590989589","0.47121632482762","27.68293296",
"10/17/1986","-51.875","-4.83955001831055","219","30.816","21.739","0.0583648848","2.06355420174588","0.573691275204196","13.32393624",
"10/18/1986","-51.875","-4.83955001831055","219","29.736","21.163","11.0687264928","1.23529998765645","0.799573763205865","15.9933375",
"10/19/1986","-51.875","-4.83955001831055","219","31.842","20.403","7.2853092864","1.11120450092447","0.881935471508702","18.565366104",
"10/20/1986","-51.875","-4.83955001831055","219","35.636","20.25","0.044631972","1.35565039939858","0.634167069616738","17.800927488",
"10/21/1986","-51.875","-4.83955001831055","219","37.573","20.073","0","1.59775696696925","0.467671469396923","20.360590488",
"10/22/1986","-51.875","-4.83955001831055","219","37.738","20.739","0.08926398","1.76262807482819","0.47137325930458","22.16137716",
"10/23/1986","-51.875","-4.83955001831055","219","32.905","19.645","9.1941857064","1.13126749829595","0.703238236058399","21.13240032",
"10/24/1986","-51.875","-4.83955001831055","219","36.972","20.511","0.6111144","1.67181373370016","0.504803730293781","28.46705544",
"10/25/1986","-51.875","-4.83955001831055","219","36.089","19.12","0","1.82680144521201","0.395950843188909","24.6882924",
"10/26/1986","-51.875","-4.83955001831055","219","35.928","21.194","0","2.1593611176092","0.412814085520663","23.6666232",
"10/27/1986","-51.875","-4.83955001831055","219","33.449","22.186","0.34675614","1.23658601985834","0.582592044437255","13.70312496",
"10/28/1986","-51.875","-4.83955001831055","219","34.636","20.883","3.628921212","1.39363198967875","0.669632259375261","19.24396668",
"10/29/1986","-51.875","-4.83955001831055","219","36.844","20.013","2.111433264","1.32072015932743","0.590423759687083","18.0565884",
"10/30/1986","-51.875","-4.83955001831055","219","32.177","21.292","3.8331979992","1.92887463744033","0.753702140685614","13.0156245",
"10/31/1986","-51.875","-4.83955001831055","219","33.184","21.685","1.0162354608","1.51225804772585","0.704093784698658","16.76851578",
"11/1/1986","-51.875","-4.83955001831055","219","35.394","21.739","6.1643583864","1.49926723397185","0.716486340413542","19.88533368",
"11/2/1986","-51.875","-4.83955001831055","219","36.355","21.127","0","1.64936128753269","0.556056652369482","22.48689132",
"11/3/1986","-51.875","-4.83955001831055","219","33.644","22.693","0","1.23689859473143","0.497250354765675","17.42349636",
"11/4/1986","-51.875","-4.83955001831055","219","36.719","23.069","0","1.67973367269115","0.45137164746539","20.5103214",
"11/5/1986","-51.875","-4.83955001831055","219","35.268","21.369","1.2599946","1.44951633192861","0.562758544458404","18.17870616",
"11/6/1986","-51.875","-4.83955001831055","219","29.627","20.165","18.98402544","1.35891291417942","0.84442475615096","17.27740692",
"11/7/1986","-51.875","-4.83955001831055","219","32.443","20.15","0","1.20585613471306","0.74445174605729","11.24330454",
"11/8/1986","-51.875","-4.83955001831055","219","35.046","21.202","0","1.68828445465843","0.537468298971122","20.40952212",
"11/9/1986","-51.875","-4.83955001831055","219","29.212","24.295","0","2.26968730873561","0.588560490000389","11.49969474",
"11/10/1986","-51.875","-4.83955001831055","219","32.395","21.566","0.47206872","2.33635828797492","0.631336126019231","25.53715926",
"11/11/1986","-51.875","-4.83955001831055","219","32.639","19.9","1.83505896","1.49073411405691","0.740486648303837","13.311054",
"11/12/1986","-51.875","-4.83955001831055","219","35.36","20.868","0.12702924","1.38080798255868","0.645090074917514","21.16344312",
"11/13/1986","-51.875","-4.83955001831055","219","35.452","21.478","0","1.43681489056064","0.539576940188612","22.18173552",
"11/14/1986","-51.875","-4.83955001831055","219","31.459","21.508","9.4173444","1.32834194653739","0.738418486990605","25.47872064",
"11/15/1986","-51.875","-4.83955001831055","219","30.391","21.994","18.353177316","1.41828587230192","0.867842680909321","23.57426772",
"11/16/1986","-51.875","-4.83955001831055","219","34.36","22.41","0.314140248","1.71276698468601","0.693341000942461","18.9049518",
"11/17/1986","-51.875","-4.83955001831055","219","33.414","21.8","2.3766516","1.34312382429901","0.650815509003918","16.45436088",
"11/18/1986","-51.875","-4.83955001831055","219","36.678","22.487","5.0022142128","0.991663638520939","0.747866942811905","13.77928458",
"11/19/1986","-51.875","-4.83955001831055","219","29.904","20.974","14.51310552","1.14529460265849","0.904141946455743","26.86714092",
"11/20/1986","-51.875","-4.83955001831055","219","26.945","22.223","2.928542004","1.77884086683004","0.889359030419339","7.52292972",
"11/21/1986","-51.875","-4.83955001831055","219","32.56","20.481","2.7208326024","1.408679438151","0.752299259980692","17.72409294",
"11/22/1986","-51.875","-4.83955001831055","219","26.002","21.648","24.77074392","1.1273547629935","0.942561871998502","17.3688723",
"11/23/1986","-51.875","-4.83955001831055","219","30.326","22.104","10.32543324","1.41977282684196","0.885812471857587","17.96596524",
"11/24/1986","-51.875","-4.83955001831055","219","27.803","21.823","8.129020932","1.26094638532013","0.929920645574626","19.64536524",
"11/25/1986","-51.875","-4.83955001831055","219","26.38","21.537","13.44108888","0.947903668940237","0.945612618567929","20.89822428",
"11/26/1986","-51.875","-4.83955001831055","219","32.755","20.885","0.7836340968","1.65177192489913","0.777503818784693","22.13471484",
"11/27/1986","-51.875","-4.83955001831055","219","31.463","21.719","15.48471906","1.31215412833237","0.85455570871596","19.23901776",
"11/28/1986","-51.875","-4.83955001831055","219","29.204","21.775","33.59925468","1.27509966169648","0.915588056677694","10.89067572",
"11/29/1986","-51.875","-4.83955001831055","219","33.372","21.265","10.5331417704","1.17115756561147","0.803309710420506","19.96846686",
"11/30/1986","-51.875","-4.83955001831055","219","32.076","20.802","3.1036338288","1.22298571401869","0.727283993865161","15.16348188",
"12/1/1986","-51.875","-4.83955001831055","219","33.955","21.634","0.71411148","1.71708806951763","0.646624617067633","19.54491102",
"12/2/1986","-51.875","-4.83955001831055","219","32.066","21.883","15.1954623864","1.73263326715071","0.807830259613725","16.62575634",
"12/3/1986","-51.875","-4.83955001831055","219","27.205","20.619","25.40073528","1.27672775738716","0.924893892840519","23.40838422",
"12/4/1986","-51.875","-4.83955001831055","219","29.042","20.289","13.411906848","1.48630071802246","0.870259998411451","14.39150562",
"12/5/1986","-51.875","-4.83955001831055","219","28.949","21.519","64.77638004","1.24421595901642","0.866183678081829","12.8817513",
"12/6/1986","-51.875","-4.83955001831055","219","29.255","19.646","6.65874252","1.38048738959427","0.84664649580774","26.4956625",
"12/7/1986","-51.875","-4.83955001831055","219","27.747","19.116","2.3054089464","1.33383861268076","0.813382866592569","16.5588741",
"12/8/1986","-51.875","-4.83955001831055","219","32.661","19.432","0.0274658184","1.42559941354284","0.671028190994144","23.3395956",
"12/9/1986","-51.875","-4.83955001831055","219","35.292","21.911","0","1.63782830922993","0.507511351737253","27.87525576",
"12/10/1986","-51.875","-4.83955001831055","219","35.399","22.706","0.010299672","2.08760952913173","0.493611961057337","20.67069474",
"12/11/1986","-51.875","-4.83955001831055","219","33.849","23.343","0","1.99379053404388","0.584797617214707","18.65424204",
"12/12/1986","-51.875","-4.83955001831055","219","33.755","21.195","2.6066787768","1.02655813769837","0.736926852977171","17.766841248",
"12/13/1986","-51.875","-4.83955001831055","219","30.591","21.486","4.660604568","1.51247870560005","0.797767441541684","19.79740926",
"12/14/1986","-51.875","-4.83955001831055","219","34.385","20.23","0.55961604","1.49924611045314","0.62771387341534","21.17711628",
"12/15/1986","-51.875","-4.83955001831055","219","31.346","21.665","1.3166424","1.89742526696857","0.656543139943559","26.8142571",
"12/16/1986","-51.875","-4.83955001831055","219","34.279","20.224","0.093555432","1.81387673441803","0.635059402286279","20.56691178",
"12/17/1986","-51.875","-4.83955001831055","219","34.006","23.165","0.058364856","1.86239582281","0.584802320240172","17.20586448",
"12/18/1986","-51.875","-4.83955001831055","219","34.574","20.121","0.14247918","1.58667515165498","0.591764908148436","14.40253314",
"12/19/1986","-51.875","-4.83955001831055","219","34.375","23.441","0.0806808384","1.60619740570743","0.529957138264152","18.86006376",
"12/20/1986","-51.875","-4.83955001831055","219","36.698","21.512","0.0738144","1.68399560974765","0.51608582645086","20.25551754",
"12/21/1986","-51.875","-4.83955001831055","219","36.268","20.81","0","1.80896519362439","0.558186374028242","19.17978696",
"12/22/1986","-51.875","-4.83955001831055","219","33.555","20.501","2.247046632","1.71588644728272","0.675978913636268","21.91589622",
"12/23/1986","-51.875","-4.83955001831055","219","34.661","22.355","0","2.57563151446183","0.638320102056163","19.0721304",
"1/1/1987","-51.875","-4.83955001831055","219","29.439","21.734","12.919233276","1.26864940633629","0.89215855861483","17.32731426",
"1/2/1987","-51.875","-4.83955001831055","219","27.616","21.464","6.60553416","1.16100770310806","0.910656378292462","21.049543872",
"1/3/1987","-51.875","-4.83955001831055","219","27.752","19.689","7.391737584","1.05427697794955","0.925079618247214","22.756835592",
"1/4/1987","-51.875","-4.83955001831055","219","30.455","21.846","11.8703933064","1.04490014019036","0.892190493113445","22.061809008",
"1/5/1987","-51.875","-4.83955001831055","219","30.086","21.724","60.3097857864","0.980653466291613","0.887227706524879","12.279883482",
"1/6/1987","-51.875","-4.83955001831055","219","30.487","21.916","8.284380084","1.31942403474231","0.90991228531929","22.53391938",
"1/7/1987","-51.875","-4.83955001831055","219","27.035","22.353","24.971575572","1.10773417192806","0.963084937430847","25.00352028",
"1/8/1987","-51.875","-4.83955001831055","219","33.283","22.285","5.913734292","1.47888768835564","0.7379389033536","26.7866469",
"1/9/1987","-51.875","-4.83955001831055","219","27.792","21.7","4.43229282","0.955069362154259","0.885629484733285","6.71894586",
"1/10/1987","-51.875","-4.83955001831055","219","32.183","21.304","0.4737853368","1.38955207028897","0.76825832426475","22.72488876",
"1/11/1987","-51.875","-4.83955001831055","219","30.306","19.365","5.14297008","1.17410365367833","0.834135036506656","27.5376438",
"1/12/1987","-51.875","-4.83955001831055","219","30.134","21.829","18.09997668","1.34414422554759","0.864088613555585","26.823878568",
"1/13/1987","-51.875","-4.83955001831055","219","31.404","19.415","11.86523766","1.36015060942557","0.870493492918183","27.07982226",
"1/14/1987","-51.875","-4.83955001831055","219","28.677","21.651","12.651445044","1.16965257582099","0.896123203865878","13.75255782",
"1/15/1987","-51.875","-4.83955001831055","219","31.394","20.904","2.379227292","1.58088732724449","0.813614997647873","21.26829744",
"1/16/1987","-51.875","-4.83955001831055","219","31.164","20.443","1.9123102512","1.47400775109669","0.804586931693675","19.61662536",
"1/17/1987","-51.875","-4.83955001831055","219","25.99","20.042","13.96121292","0.998312377327488","0.963762438377476","22.4834598",
"1/18/1987","-51.875","-4.83955001831055","219","25.191","21.398","13.533778368","1.11950268069456","0.963462826428041","14.76005472",
"1/19/1987","-51.875","-4.83955001831055","219","29.22","21.619","9.3040487424","1.34759125645296","0.907678862485534","21.87568134",
"1/20/1987","-51.875","-4.83955001831055","219","24.369","21.884","18.49823784","1.12556576270284","0.977017381870057","7.286573448",
"1/21/1987","-51.875","-4.83955001831055","219","28.229","21.13","45.4422204","0.866617540926104","0.919561003460307","9.24407226",
"1/22/1987","-51.875","-4.83955001831055","219","33.444","19.64","14.5912137192","1.00726264814566","0.824685849856476","18.11395584",
"1/23/1987","-51.875","-4.83955001831055","219","29.47","21.777","41.08199004","1.18096331346541","0.906343636333759","14.90793696",
"1/24/1987","-51.875","-4.83955001831055","219","29.548","21.835","10.40610564","1.06627759829633","0.906846346273903","18.058555332",
"1/25/1987","-51.875","-4.83955001831055","219","28.86","22.054","12.685780152","1.23725643119508","0.896285856423672","13.87828188",
"1/26/1987","-51.875","-4.83955001831055","219","28.296","19.281","8.7444288","0.911406893755051","0.920434427354843","15.593906268",
"1/27/1987","-51.875","-4.83955001831055","219","30.64","18.45","7.19947962","0.989566307560919","0.882700473334368","27.420420708",
"1/28/1987","-51.875","-4.83955001831055","219","35.46","19.659","0.7038114264","1.41496064488542","0.744553629454639","20.48045724",
"1/29/1987","-51.875","-4.83955001831055","219","30.765","21.803","2.121735924","1.32869684931386","0.808432898686265","18.8948268",
"1/30/1987","-51.875","-4.83955001831055","219","33.708","20.501","1.11579876","1.48596923969321","0.71482408418435","23.026388832",
"1/31/1987","-51.875","-4.83955001831055","219","27.751","20.902","0.3261565584","1.42174225888147","0.799963266624388","7.3771299",
"2/1/1987","-51.875","-4.83955001831055","219","33.657","20.471","5.4828585","1.62946459358173","0.809839216742138","26.831875032",
"2/2/1987","-51.875","-4.83955001831055","219","31.377","22.391","4.003142976","1.32435563872429","0.85633751675662","19.67765499",
"2/3/1987","-51.875","-4.83955001831055","219","34.975","20.049","0.38795436","1.53470162335765","0.665032278491376","27.8952228",
"2/4/1987","-51.875","-4.83955001831055","219","35.573","21.705","2.029037508","1.32019799731215","0.70683715045541","19.80663966",
"2/5/1987","-51.875","-4.83955001831055","219","33.928","21.954","13.223075076","1.41671638921082","0.788982701794892","25.43467788",
"2/6/1987","-51.875","-4.83955001831055","219","31.116","21.733","10.0662203664","1.46200862809354","0.873385456987272","26.42608044",
"2/7/1987","-51.875","-4.83955001831055","219","33.768","20.614","5.4210695328","1.79523659391585","0.761274828438905","26.5475799",
"2/8/1987","-51.875","-4.83955001831055","219","29.372","21.859","8.37707472","1.51927454906828","0.881917482668661","18.1248183",
"2/9/1987","-51.875","-4.83955001831055","219","31.236","21.752","14.009284188","1.19281994764584","0.907483603444482","23.583204252",
"2/10/1987","-51.875","-4.83955001831055","219","31.105","22.103","25.320057192","1.3940097175273","0.877782465855923","17.735234472",
"2/11/1987","-51.875","-4.83955001831055","219","27.949","21.898","52.9403616","1.26445024110592","0.920554287229953","12.956124528",
"2/12/1987","-51.875","-4.83955001831055","219","27.399","21.992","18.038175084","0.944576697385691","0.957515511242681","10.093782672",
"2/13/1987","-51.875","-4.83955001831055","219","29.921","21.286","3.5576870688","1.88356645392323","0.866578484318899","19.95833808",
"2/14/1987","-51.875","-4.83955001831055","219","25.182","21.568","5.4691350984","0.801698838321164","0.96665350532585","8.29080153",
"2/15/1987","-51.875","-4.83955001831055","219","24.568","22.112","20.12901624","0.673374168550309","0.97662165308039","9.54253026",
"2/16/1987","-51.875","-4.83955001831055","219","26.958","21.706","5.1618579048","1.0278881181109","0.913110829601778","10.62882711",
"2/17/1987","-51.875","-4.83955001831055","219","26.786","21.899","3.96023076","1.17008872442891","0.923517266653602","15.29724321",
"2/18/1987","-51.875","-4.83955001831055","219","27.142","21.488","5.7892823856","1.30871893684957","0.922896238328427","18.31595328",
"2/19/1987","-51.875","-4.83955001831055","219","29.238","21.848","6.77546964","1.52259420613876","0.881391342313954","15.93664002",
"2/20/1987","-51.875","-4.83955001831055","219","28.048","21.689","3.9190300128","1.30476854277276","0.877210306712675","20.85772554",
"2/21/1987","-51.875","-4.83955001831055","219","25.938","21.076","12.13732548","1.0686995919206","0.966730090309659","19.27968012",
"2/22/1987","-51.875","-4.83955001831055","219","29.497","22.331","19.3376538","1.30905194659094","0.882402275650458","22.03306623",
"2/23/1987","-51.875","-4.83955001831055","219","27.701","20.619","2.5860784392","1.03676400056664","0.886402324987659","17.88513309",
"2/24/1987","-51.875","-4.83955001831055","219","25.653","22.306","14.933681712","0.799053297162595","0.97319290801572","10.902317832",
"2/25/1987","-51.875","-4.83955001831055","219","25.471","22.379","35.9012754","1.23472589896038","0.975707870067498","13.15029285",
"2/26/1987","-51.875","-4.83955001831055","219","32.633","22.169","9.218214972","1.30793523799077","0.817828769115978","23.98083534",
"2/27/1987","-51.875","-4.83955001831055","219","28.091","21.796","14.865864444","1.08393523398531","0.909075783688312","21.26356281",
"2/28/1987","-51.875","-4.83955001831055","219","28.533","22.892","7.6354983864","0.897857854273908","0.930617446520558","14.760560664",
"3/1/1987","-51.875","-4.83955001831055","219","29.461","22.964","15.56024544","1.10063680983863","0.916807514610079","16.349231322",
"3/2/1987","-51.875","-4.83955001831055","219","27.846","21.406","13.6487994264","0.995254390634917","0.940064928130071","19.59603939",
"3/3/1987","-51.875","-4.83955001831055","219","27.007","22.413","18.632124","1.12152791987862","0.956048793679902","17.97227091",
"3/4/1987","-51.875","-4.83955001831055","219","23.81","20.886","32.5967955408","0.666828255948405","0.981080069834831","3.60675297",
"3/5/1987","-51.875","-4.83955001831055","219","26.398","20.035","1.2805940088","1.10502567310101","0.919262354723756","15.24290661",
"3/6/1987","-51.875","-4.83955001831055","219","28.239","21.184","6.3222905664","0.88329735604608","0.937923693152613","20.59267959",
"3/7/1987","-51.875","-4.83955001831055","219","26.669","22.245","32.11438464","1.09881867560156","0.966971680854025","10.268043138",
"3/8/1987","-51.875","-4.83955001831055","219","29.729","22.182","3.2117856624","1.48714883626227","0.895305673467164","16.18756974",
"3/9/1987","-51.875","-4.83955001831055","219","31.091","21.888","7.374571236","1.5923884835931","0.863081972272124","26.54910054",
"3/10/1987","-51.875","-4.83955001831055","219","30.542","21.524","7.26556464","1.65392928599093","0.877137154376738","22.7441277",
"3/11/1987","-51.875","-4.83955001831055","219","29.949","22.139","19.3728456","1.28789154342927","0.907892341260767","20.78881695",
"3/12/1987","-51.875","-4.83955001831055","219","25.821","20.042","12.2531883984","1.03128131516005","0.956276517935917","7.55049213",
"3/13/1987","-51.875","-4.83955001831055","219","24.134","19.663","17.09060796","0.813017550977258","0.974105150906543","11.33229519",
"3/14/1987","-51.875","-4.83955001831055","219","27.23","18.673","4.7309872824","0.939600875879821","0.937256311266824","21.05443107",
"3/15/1987","-51.875","-4.83955001831055","219","30.33","19.205","12.42398646","0.91516757919206","0.936044446972506","13.52587599",
"3/16/1987","-51.875","-4.83955001831055","219","27.3","21.659","30.3437196","1.14522409062715","0.961115473684127","22.91827059",
"3/17/1987","-51.875","-4.83955001831055","219","30.493","20.371","17.2021855464","1.42472232167629","0.867019086966943","23.717925108",
"3/18/1987","-51.875","-4.83955001831055","219","27.183","20.652","12.01286052","0.941676569668586","0.950342219394019","22.266615672",
"3/19/1987","-51.875","-4.83955001831055","219","29.836","21.914","1.9612314504","1.47478994001034","0.861347809741919","19.83313359",
"3/20/1987","-51.875","-4.83955001831055","219","28.726","21.741","12.92609736","1.10042598284754","0.927507630892829","20.566800072",
"3/21/1987","-51.875","-4.83955001831055","219","25.27","19.547","53.75577816","0.670568279983587","0.978325084842134","7.490367432",
"3/22/1987","-51.875","-4.83955001831055","219","26.764","20.015","12.90292452","0.789995114749672","0.954954902061747","23.065479108",
"3/23/1987","-51.875","-4.83955001831055","219","25.584","22.514","80.536651524","0.984422933483574","0.975723457416816","6.4769616",
"3/24/1987","-51.875","-4.83955001831055","219","26.039","22.464","18.273357972","0.726837864130321","0.972924671204774","13.548541392",
"3/25/1987","-51.875","-4.83955001831055","219","26.987","22.862","16.0812452664","0.894774255391715","0.966483062976094","16.47112428",
"3/26/1987","-51.875","-4.83955001831055","219","25.273","22.402","7.570261512","0.817182572466871","0.9722385986888","11.440406448",
"3/27/1987","-51.875","-4.83955001831055","219","24.943","22.065","17.336086668","0.762988127199045","0.976503924983789","6.41362671",
"3/28/1987","-51.875","-4.83955001831055","219","23.903","22.05","23.5965697128","0.921078887183394","0.977237175634243","3.796315128",
"3/29/1987","-51.875","-4.83955001831055","219","29.769","21.284","10.6721930664","1.15144008874977","0.8983763116569","24.41075454",
"3/30/1987","-51.875","-4.83955001831055","219","28.087","22.685","11.01809088","1.34901153586078","0.925991249357245","18.3265344",
"3/31/1987","-51.875","-4.83955001831055","219","28.696","21.495","1.13639796","1.82886250980054","0.85166918924388","21.41313876",
"4/1/1987","-51.875","-4.83955001831055","219","28.842","21.92","3.4658452728","1.33130528658282","0.891891694329379","19.018404108",
"4/2/1987","-51.875","-4.83955001831055","219","28.284","20.7","4.5833656464","1.51351281593122","0.914065166641591","20.56201956",
"4/3/1987","-51.875","-4.83955001831055","219","30.708","21.579","5.9411944008","1.3848974046391","0.883153870883216","21.15342792",
"4/4/1987","-51.875","-4.83955001831055","219","31.142","20.252","10.6533078264","0.985596955212043","0.873261312355038","23.279177448",
"4/5/1987","-51.875","-4.83955001831055","219","29.912","22.032","9.477424728","1.53985186642045","0.888569765396883","18.4038768",
"4/6/1987","-51.875","-4.83955001831055","219","29.053","21.874","6.7068054","1.43491883237865","0.891162591914508","24.672595032",
"4/7/1987","-51.875","-4.83955001831055","219","28.926","21.788","5.457975264","1.2161480630474","0.903446415713239","19.7735022",
"4/8/1987","-51.875","-4.83955001831055","219","29.942","19.445","3.4469610264","1.31629977301552","0.875510855910898","25.84097172",
"4/9/1987","-51.875","-4.83955001831055","219","28.349","21.803","5.2270871544","1.1006994034441","0.908362490318727","21.4869339",
"4/10/1987","-51.875","-4.83955001831055","219","26.291","22.249","15.345668844","1.10367151366988","0.968192778584656","20.08490634",
"4/11/1987","-51.875","-4.83955001831055","219","26.593","22.102","9.6490856664","1.14226911065199","0.959791113936164","15.83909694",
"4/12/1987","-51.875","-4.83955001831055","219","27.369","21.485","15.7628110104","0.761554098116933","0.967267629008783","18.3599433",
"4/13/1987","-51.875","-4.83955001831055","219","31.444","22.544","3.799726488","1.12632609791721","0.871222768403438","21.46072464",
"4/14/1987","-51.875","-4.83955001831055","219","31.132","22.514","4.3155643464","1.10382260641717","0.888795560283274","24.29105364",
"4/15/1987","-51.875","-4.83955001831055","219","31.495","21.7","0.343322928","1.33248144544102","0.821143815960612","18.6957549",
"4/16/1987","-51.875","-4.83955001831055","219","32.316","19.932","1.568983284","1.70568517164588","0.796998431561345","25.9153389",
"4/17/1987","-51.875","-4.83955001831055","219","30.236","20.034","3.9756776112","1.36214967525863","0.87711582657804","23.85275472",
"4/18/1987","-51.875","-4.83955001831055","219","30.114","22.18","1.7234801784","1.4139815778921","0.867149183426804","20.1869415",
"4/19/1987","-51.875","-4.83955001831055","219","32.044","22.627","0.1922607144","1.36700108162811","0.780463617130951","22.48424748",
"4/20/1987","-51.875","-4.83955001831055","219","30.769","21.937","2.74314888","1.41510159726624","0.855325377228487","21.07417554",
"4/21/1987","-51.875","-4.83955001831055","219","30.011","21.346","0.7432941456","1.34356901838883","0.829428818486283","19.58805288",
"4/22/1987","-51.875","-4.83955001831055","219","29.921","20.232","2.2384665864","1.45455359597528","0.845906228653068","24.70336362",
"4/23/1987","-51.875","-4.83955001831055","219","29.661","23.094","6.6020956848","1.03021984019656","0.904836145481485","16.38776862",
"4/24/1987","-51.875","-4.83955001831055","219","30.246","22.596","2.341461708","0.883409806735516","0.9002163556333","14.4796428",
"4/25/1987","-51.875","-4.83955001831055","219","32.013","21.493","9.8791130664","1.14031367917957","0.878635621354591","22.7488536",
"4/26/1987","-51.875","-4.83955001831055","219","28.513","22.612","17.02194444","1.03948217464262","0.938964083090926","21.9104496",
"4/27/1987","-51.875","-4.83955001831055","219","25.926","22.29","17.62447554","1.05532514647969","0.971843158561228","17.9026281",
"4/28/1987","-51.875","-4.83955001831055","219","30.364","21.604","6.17465952","1.42117524077309","0.859913069217225","23.54647644",
"4/29/1987","-51.875","-4.83955001831055","219","28.987","19.659","4.17823668","0.856013969546388","0.890291274258778","19.8836919",
"4/30/1987","-51.875","-4.83955001831055","219","29.958","19.724","8.3169935064","0.905339446832276","0.909489785973557","24.94495728",
"5/1/1987","-51.875","-4.83955001831055","219","27.421","22.997","11.40175242","0.570261961682665","0.96658246486411","12.3235893",
"5/2/1987","-51.875","-4.83955001831055","219","26.839","21.706","14.447011284","0.818299209658446","0.96552451033672","18.85196142",
"5/3/1987","-51.875","-4.83955001831055","219","29.339","20.392","11.065288644","0.609996735371628","0.939396894021843","14.39420886",
"5/4/1987","-51.875","-4.83955001831055","219","28.39","21.68","16.9223778","1.21965655952243","0.909273272677248","21.4414812",
"5/5/1987","-51.875","-4.83955001831055","219","28.03","21.544","11.67984324","1.10750815142541","0.932766423095519","13.821693948",
"5/6/1987","-51.875","-4.83955001831055","219","28.107","21.677","3.9705282504","1.2252273267583","0.928546584961524","18.65407032",
"5/7/1987","-51.875","-4.83955001831055","219","31.607","21.221","2.3277307536","1.18384703979483","0.842002506104993","21.2562036",
"5/8/1987","-51.875","-4.83955001831055","219","30.93","19.326","2.186966124","0.878441464340761","0.854330868300059","16.81610544",
"5/9/1987","-51.875","-4.83955001831055","219","33.353","19.089","0.0274658328","1.25431435818253","0.748276954833937","19.80376902",
"5/10/1987","-51.875","-4.83955001831055","219","33.244","20.429","2.21443236","1.66433175958672","0.792390108901657","20.89580958",
"5/11/1987","-51.875","-4.83955001831055","219","28.983","21.973","9.470554812","1.34224925569728","0.913594613375897","19.7914014",
"5/12/1987","-51.875","-4.83955001831055","219","32.223","19.969","2.75345208","1.64329462876272","0.78308254741477","24.30690984",
"5/13/1987","-51.875","-4.83955001831055","219","33.123","20.65","0","1.75128485362357","0.68800890656322","24.59733966",
"5/14/1987","-51.875","-4.83955001831055","219","33.805","21.106","0.024032592","1.27053021116012","0.63521409411568","22.8863205",
"5/15/1987","-51.875","-4.83955001831055","219","31.558","19.648","0.9338380992","1.01075487080375","0.774584040567084","21.1847076",
"5/16/1987","-51.875","-4.83955001831055","219","33.269","19.092","3.573990432","1.42786838368513","0.750311966962561","19.3863402",
"5/17/1987","-51.875","-4.83955001831055","219","34.105","19.609","0","1.58980249257459","0.682917435229156","20.56741704",
"5/18/1987","-51.875","-4.83955001831055","219","33.237","20.887","0.0995636304","1.35283115324699","0.712884735641489","17.44757406",
"5/19/1987","-51.875","-4.83955001831055","219","30.103","19.244","10.273936824","0.758446303737628","0.871553869434848","23.71055022",
"5/20/1987","-51.875","-4.83955001831055","219","32.759","19.999","1.277161164","1.1586953294656","0.799587420120322","19.21634694",
"5/21/1987","-51.875","-4.83955001831055","219","30.204","20.671","7.43293944","1.2824058255369","0.84735083689389","23.58883602",
"5/22/1987","-51.875","-4.83955001831055","219","30.945","20.778","6.571199196","1.12169783941508","0.913209540102451","23.65728642",
"5/23/1987","-51.875","-4.83955001831055","219","31.843","19.846","3.069305532","0.899066359527667","0.880350249066059","16.03270584",
"5/24/1987","-51.875","-4.83955001831055","219","32.355","19.478","0.26779176","1.27354376052787","0.73491923862555","21.8453643",
"5/25/1987","-51.875","-4.83955001831055","219","30.564","22.097","3.7971531","0.942771617224242","0.798429209467452","23.61537486",
"5/26/1987","-51.875","-4.83955001831055","219","34.092","19.7","3.11050296","1.15397521454411","0.766459109001626","17.97761556",
"5/27/1987","-51.875","-4.83955001831055","219","29.443","20.807","10.35804654","0.818160172364842","0.906654284808558","19.48404834",
"5/28/1987","-51.875","-4.83955001831055","219","33.465","19.923","2.07367056","1.22258386192528","0.760338322547347","19.66049856",
"5/29/1987","-51.875","-4.83955001831055","219","32.149","22.084","2.859879312","1.44254039750109","0.770161952555191","20.40080886",
"5/30/1987","-51.875","-4.83955001831055","219","27.059","20.813","6.3686357424","0.94150185544685","0.939811062582209","14.8034862",
"5/31/1987","-51.875","-4.83955001831055","219","31.378","18.975","1.6994459664","0.775962927442667","0.845035658479354","12.567198888",
"6/1/1987","-51.875","-4.83955001831055","219","31.121","20.252","1.71317916","1.0631355574599","0.838624473509647","11.775769128",
"6/2/1987","-51.875","-4.83955001831055","219","30.69","19.307","6.265641852","1.12118026779673","0.865768144165951","20.72705706",
"6/3/1987","-51.875","-4.83955001831055","219","30.905","19.403","3.924177984","0.997370028663645","0.847901464528577","22.26639204",
"6/4/1987","-51.875","-4.83955001831055","219","33.897","19.291","0.072097812","1.31356431194459","0.689011644627096","20.22440382",
"6/5/1987","-51.875","-4.83955001831055","219","32.785","19.395","0","1.28543533641397","0.732491208204456","15.74786232",
"6/6/1987","-51.875","-4.83955001831055","219","30.022","20.857","5.02967952","0.87292035935287","0.884093215413071","13.83338736",
"6/7/1987","-51.875","-4.83955001831055","219","33.786","20.84","1.0951990992","1.43832528441127","0.70259225592388","17.4350817",
"6/8/1987","-51.875","-4.83955001831055","219","27.173","22.317","8.4526032384","1.19296503699356","0.859265212798052","22.1770602",
"6/9/1987","-51.875","-4.83955001831055","219","31.81","21.77","3.701021976","0.940609289608885","0.871717708058738","13.8129759",
"6/10/1987","-51.875","-4.83955001831055","219","32.003","21.555","5.1017778792","0.640099696138238","0.881974756909589","17.4052197",
"6/11/1987","-51.875","-4.83955001831055","219","27.247","21.928","7.836340572","1.15721878043114","0.939288091911152","12.16540908",
"6/12/1987","-51.875","-4.83955001831055","219","30.385","21.183","1.7887121784","1.46167397162489","0.879807116891591","15.2983116",
"6/13/1987","-51.875","-4.83955001831055","219","31.354","21.559","1.261710972","1.49850598038087","0.847157647796394","15.65038278",
"6/14/1987","-51.875","-4.83955001831055","219","31.738","20.742","0.453185964","1.66490107611308","0.752048885115873","21.153933",
"6/15/1987","-51.875","-4.83955001831055","219","33.783","20.072","0","1.25792312974985","0.697899952623704","18.38222334",
"6/16/1987","-51.875","-4.83955001831055","219","32.056","18.38","0","1.50825201591992","0.711606012994656","21.6306531",
"6/17/1987","-51.875","-4.83955001831055","219","32.887","20.073","0.02059938","1.3518920102367","0.717599588122746","11.10661722",
"6/18/1987","-51.875","-4.83955001831055","219","33.981","18.561","1.3698600264","1.01980550691136","0.665126019607542","18.56092374",
"6/19/1987","-51.875","-4.83955001831055","219","31.424","21.615","14.402393064","0.878802739663738","0.846422109870044","16.88676624",
"6/20/1987","-51.875","-4.83955001831055","219","29.916","21.617","13.018798152","1.29283687192424","0.911051866682491","9.6396714",
"6/21/1987","-51.875","-4.83955001831055","219","30.477","20.694","1.2943271448","1.16625879395188","0.828336540160701","8.39418624",
"6/22/1987","-51.875","-4.83955001831055","219","33.559","21.222","0.192260772","1.8077516400621","0.613067918280245","23.574888",
"6/23/1987","-51.875","-4.83955001831055","219","33.429","20.073","0","1.62889533968564","0.555824653066432","21.3509853",
"6/24/1987","-51.875","-4.83955001831055","219","33.784","20.156","0","1.71524297599115","0.519954069247989","23.96446632",
"6/25/1987","-51.875","-4.83955001831055","219","33.012","19.911","0.5767821","1.43965317603973","0.62372601573493","14.8879134",
"6/26/1987","-51.875","-4.83955001831055","219","32.6","20.731","0.4549029192","1.08858769547149","0.73183811588909","14.92733736",
"6/27/1987","-51.875","-4.83955001831055","219","32.197","19.22","0.0274658184","1.44731216019253","0.654015404789649","20.06673534",
"6/28/1987","-51.875","-4.83955001831055","219","33.162","18.083","0","1.56067065276196","0.639324172304546","18.99674694",
"6/29/1987","-51.875","-4.83955001831055","219","33.343","19.706","0","1.69139710042878","0.586748147022533","21.91218084",
"6/30/1987","-51.875","-4.83955001831055","219","32.048","20.217","0","1.71578502447937","0.627115358287375","18.7404174",
"7/1/1987","-51.875","-4.83955001831055","219","33.056","21.456","0.151062084","1.47935798136107","0.585009441761685","19.90474092",
"7/2/1987","-51.875","-4.83955001831055","219","34.095","20.217","0","1.77490184050636","0.532087249554805","23.37778188",
"7/3/1987","-51.875","-4.83955001831055","219","34.561","19.676","0","1.63292956544776","0.508647085941288","23.49782208",
"7/4/1987","-51.875","-4.83955001831055","219","34.386","22.609","0","1.89711332633454","0.532799694497185","17.6910777",
"7/5/1987","-51.875","-4.83955001831055","219","34.403","21.014","0.132179328","1.77390302093669","0.553068601082081","19.70076924",
"7/6/1987","-51.875","-4.83955001831055","219","32.089","21.169","0.2798081064","1.51023048682893","0.625925255998674","15.89552262",
"7/7/1987","-51.875","-4.83955001831055","219","33.906","22.795","0","1.52374735464205","0.62895189816871","14.06897118",
"7/8/1987","-51.875","-4.83955001831055","219","33.114","21.479","0.24204294","1.64067652709091","0.603983438840201","13.06739052",
"7/9/1987","-51.875","-4.83955001831055","219","33.513","20.583","0","1.4587937662093","0.570354098336375","18.10417248",
"7/10/1987","-51.875","-4.83955001831055","219","33.799","22.461","0","1.26250070955557","0.634221628951131","9.01372752",
"7/11/1987","-51.875","-4.83955001831055","219","33.373","20.667","0","1.41382654656383","0.563360276433471","14.39983512",
"7/12/1987","-51.875","-4.83955001831055","219","34.254","21.036","0.245475468","1.47534206212343","0.591975658838687","18.151362432",
"7/13/1987","-51.875","-4.83955001831055","219","34.928","20.66","0.2471922792","0.846043584236333","0.669221350508736","15.471049968",
"7/14/1987","-51.875","-4.83955001831055","219","32.988","21.168","0.23345982","0.964523247531362","0.646491125978038","11.913410592",
"7/15/1987","-51.875","-4.83955001831055","219","35.114","16.811","0","0.644764773460892","0.708561311819998","9.045842832",
"7/16/1987","-51.875","-4.83955001831055","219","34","22.218","0","1.42631571746471","0.514912007177213","21.589308",
"7/17/1987","-51.875","-4.83955001831055","219","34.721","19.736","0","1.36870299295769","0.520630595645312","16.95296196",
"7/18/1987","-51.875","-4.83955001831055","219","34.076","22.856","0","1.38542183145319","0.518571189764638","14.52521322",
"7/19/1987","-51.875","-4.83955001831055","219","34.075","20.128","0","1.64256259326485","0.464084256617824","17.9603442",
"7/20/1987","-51.875","-4.83955001831055","219","34.699","19.365","0","1.6413779107575","0.43343684750729","19.42881048",
"7/21/1987","-51.875","-4.83955001831055","219","34.541","20.444","0","1.65690677545216","0.411599634666636","24.71748372",
"7/22/1987","-51.875","-4.83955001831055","219","35.543","17.693","0","1.06480807918646","0.517694271108463","24.60110508",
"7/23/1987","-51.875","-4.83955001831055","219","33.276","20.057","0","1.10776505676481","0.510757004176654","20.81665638",
"7/24/1987","-51.875","-4.83955001831055","219","35.68","20.438","0","1.88280191484309","0.477039988485982","24.62259816",
"7/25/1987","-51.875","-4.83955001831055","219","33.709","18.256","0","1.44913452233432","0.621932027700139","18.33800292",
"7/26/1987","-51.875","-4.83955001831055","219","35.149","22.499","0","1.39224788639951","0.459598853582124","24.70291308",
"7/27/1987","-51.875","-4.83955001831055","219","35.342","18.53","0","1.52727433339404","0.4428358850344","24.74353458",
"7/28/1987","-51.875","-4.83955001831055","219","33.877","19.409","0","1.41609567012102","0.491979737122877","20.08946106",
"7/29/1987","-51.875","-4.83955001831055","219","35.381","20.815","0","1.31915829121247","0.565977054365401","19.8595179",
"7/30/1987","-51.875","-4.83955001831055","219","35.172","18.368","0","0.91422369166756","0.667776227854109","16.27244766",
"7/31/1987","-51.875","-4.83955001831055","219","30.699","22.99","5.9446362528","1.50853210026788","0.688860610048325","24.11926542",
"8/1/1987","-51.875","-4.83955001831055","219","33.569","20.604","0.0102996792","1.22539274606017","0.698161534246424","15.0559317",
"8/2/1987","-51.875","-4.83955001831055","219","35.627","20.186","0.00686646","1.54065505943562","0.553408402375796","19.79206794",
"8/3/1987","-51.875","-4.83955001831055","219","35.908","21.064","0.0171661392","1.34576704135348","0.54624718071242","22.13381754",
"8/4/1987","-51.875","-4.83955001831055","219","34.174","21.669","0","1.07509373722612","0.563287260862148","19.033984512",
"8/5/1987","-51.875","-4.83955001831055","219","33.37","21.066","0.430870572","1.61123927246481","0.696829208800949","13.05775638",
"8/6/1987","-51.875","-4.83955001831055","219","34.783","19.787","0","1.36652411318016","0.634334880823357","18.63506196",
"8/7/1987","-51.875","-4.83955001831055","219","34.273","20.771","0.70552836","1.32174816811546","0.629981985086495","16.935358068",
"8/8/1987","-51.875","-4.83955001831055","219","33.506","20.929","0","1.15853237704903","0.600966612371926","17.30121012",
"8/9/1987","-51.875","-4.83955001831055","219","34.248","21.926","0.0823974624","1.38169039613889","0.607713354215144","13.54330998",
"8/10/1987","-51.875","-4.83955001831055","219","37.052","21.014","0.1321794144","1.00815386944138","0.612931682322356","12.525689952",
"8/11/1987","-51.875","-4.83955001831055","219","36.305","20.889","0.02059938","1.21336978248255","0.490229115664458","18.74215764",
"8/12/1987","-51.875","-4.83955001831055","219","33.724","21.441","0.2162934","1.39310165623466","0.571178928435825","15.62483862",
"8/13/1987","-51.875","-4.83955001831055","219","35.141","20.075","0","1.75470008592885","0.512756472781142","24.14958444",
"8/14/1987","-51.875","-4.83955001831055","219","36.277","22.286","0","1.70920455793616","0.448424274682857","25.87590198",
"8/15/1987","-51.875","-4.83955001831055","219","35.529","18.546","0","1.26906525320685","0.554068953401589","17.133639408",
"8/16/1987","-51.875","-4.83955001831055","219","36.611","18.937","0","1.37756362699639","0.498368807318309","23.112619992",
"8/17/1987","-51.875","-4.83955001831055","219","36.045","20.504","0","1.35310035659463","0.513763295653113","20.974788",
"8/18/1987","-51.875","-4.83955001831055","219","33.752","22.432","0.0171661392","1.44919122042643","0.482738313528601","18.569868768",
"8/19/1987","-51.875","-4.83955001831055","219","32.993","18.32","0.0995635944","0.889645725731099","0.636083865508614","16.3947393",
"8/20/1987","-51.875","-4.83955001831055","219","36.146","17.319","0","1.24201312430491","0.567250746394273","20.58125112",
"8/21/1987","-51.875","-4.83955001831055","219","34.288","20.222","0.211143528","1.51292372296338","0.565050343156047","18.52593399",
"8/22/1987","-51.875","-4.83955001831055","219","34.125","21.995","1.1278152","1.47618401882825","0.636508091639397","16.819703208",
"8/23/1987","-51.875","-4.83955001831055","219","37.153","21.022","0","1.69407460826159","0.4881727136095","26.43254874",
"8/24/1987","-51.875","-4.83955001831055","219","36.866","18.257","0.02059938","1.22580407091708","0.506852330078911","22.085324712",
"8/25/1987","-51.875","-4.83955001831055","219","36.367","23.885","0.0137329056","1.70699037133207","0.461990431160419","18.64316205",
"8/26/1987","-51.875","-4.83955001831055","219","35.958","17.946","0","1.38109661022253","0.516727127386683","23.306229",
"8/27/1987","-51.875","-4.83955001831055","219","33.857","21.453","0","1.2253744530879","0.517818820666777","21.682404288",
"8/28/1987","-51.875","-4.83955001831055","219","36.267","21.321","0","1.24394695384421","0.580898911385187","19.1188692",
"8/29/1987","-51.875","-4.83955001831055","219","34.864","24.286","0.0463485888","1.29659500976576","0.528982750601236","11.852946432",
"8/30/1987","-51.875","-4.83955001831055","219","35.656","22.121","0","1.65622443437656","0.456764777587405","20.9308509",
"8/31/1987","-51.875","-4.83955001831055","219","37.818","19.974","0","1.65706792734346","0.441111337534008","27.155759328",
"9/1/1987","-51.875","-4.83955001831055","219","36.86","24.246","0","1.47639057196105","0.398533940506424","18.68877774",
"9/2/1987","-51.875","-4.83955001831055","219","36.175","22.45","0","1.57091487187426","0.449726354696778","18.448873632",
"9/3/1987","-51.875","-4.83955001831055","219","38.367","20.771","0","1.53108524133624","0.40378269665436","26.388110592",
"9/4/1987","-51.875","-4.83955001831055","219","37.761","18.93","0","1.64497239708601","0.445819262219366","21.5987616",
"9/5/1987","-51.875","-4.83955001831055","219","36.461","21.793","0","1.95118698513307","0.419054644569052","21.94740072",
"9/6/1987","-51.875","-4.83955001831055","219","37.71","22.932","0.128746008","2.04242789553098","0.395762283984537","26.508211128",
"9/7/1987","-51.875","-4.83955001831055","219","38.331","21.764","0","1.72959307211652","0.399388980006541","21.308902992",
"9/8/1987","-51.875","-4.83955001831055","219","39.362","24.671","0","1.63413237249038","0.362264346572642","22.554955008",
"9/9/1987","-51.875","-4.83955001831055","219","38.572","20.979","1.93462326","1.48068130587704","0.488271466412106","18.86760072",
"9/10/1987","-51.875","-4.83955001831055","219","36.649","21.069","0","1.48309586186819","0.542596841545006","18.80471322",
"9/11/1987","-51.875","-4.83955001831055","219","35.021","18.805","0","1.48143449487703","0.499952235948279","24.0683616",
"9/12/1987","-51.875","-4.83955001831055","219","38.509","22.452","0","1.54922493892354","0.43477967128734","24.1300089",
"9/13/1987","-51.875","-4.83955001831055","219","35.16","22.463","0","1.71757192120947","0.45130302094922","20.83298022",
"9/14/1987","-51.875","-4.83955001831055","219","35.956","23.753","0","2.05452993080842","0.469563803829958","25.5750219",
"9/15/1987","-51.875","-4.83955001831055","219","36.405","25.131","0","1.67548745546461","0.444516641095632","18.738618768",
"9/16/1987","-51.875","-4.83955001831055","219","35.558","19.125","0","1.54972019012904","0.514061672953925","20.81334492",
"9/17/1987","-51.875","-4.83955001831055","219","39.428","24.598","0","1.98089656397083","0.415469060202712","27.757797768",
"9/18/1987","-51.875","-4.83955001831055","219","38.554","21.957","0","1.70118502439281","0.448686091020145","23.4404478",
"9/19/1987","-51.875","-4.83955001831055","219","38.369","25.745","0.085830876","1.84841318042823","0.424771580135797","20.55257478",
"9/20/1987","-51.875","-4.83955001831055","219","37.558","24.58","0.3055572","2.15275643646144","0.491465830897282","20.04783804",
"9/21/1987","-51.875","-4.83955001831055","219","35.628","23.877","0","1.97027306029822","0.488884635225865","19.832795208",
"9/22/1987","-51.875","-4.83955001831055","219","36.519","24.039","0","1.68284907921154","0.436454614861488","20.88095346",
"9/23/1987","-51.875","-4.83955001831055","219","35.522","19.69","0","1.61262888131194","0.560775339043772","20.83696056",
"9/24/1987","-51.875","-4.83955001831055","219","35.193","25.57","0.1373290704","1.60812630375978","0.489460158707305","22.0007304",
"9/25/1987","-51.875","-4.83955001831055","219","35.328","22.413","0.1338959304","1.39020752492699","0.552395380196126","17.04819618",
"9/26/1987","-51.875","-4.83955001831055","219","34.908","20.488","2.31742908","1.35173682141012","0.680934974917769","18.7234893",
"9/27/1987","-51.875","-4.83955001831055","219","35.552","21.741","3.6057471696","1.52040236471717","0.714145464107874","23.13697212",
"9/28/1987","-51.875","-4.83955001831055","219","32.392","21.815","5.386735656","1.50879527569843","0.823370185833085","26.38035468",
"9/29/1987","-51.875","-4.83955001831055","219","34.271","21.29","0.5450254704","1.27615612752549","0.695493288938371","18.85849092",
"9/30/1987","-51.875","-4.83955001831055","219","36.478","22.007","0","1.69718712407114","0.495305950708692","20.013465888",
"10/1/1987","-51.875","-4.83955001831055","219","36.516","24.012","0.0480651768","1.96464091318137","0.49781902639308","21.14920836",
"10/2/1987","-51.875","-4.83955001831055","219","34.999","23.962","0","1.32719763059462","0.563941315993675","19.12083822",
"10/3/1987","-51.875","-4.83955001831055","219","35.207","23.807","0.1029968424","1.59574050127239","0.533183322653586","15.66078228",
"10/4/1987","-51.875","-4.83955001831055","219","35.078","23.799","0.1167297048","1.59882493024505","0.546198799852154","19.74043197",
"10/5/1987","-51.875","-4.83955001831055","219","31.723","21.804","5.110363584","1.37705465195125","0.76693099774633","22.3469442",
"10/6/1987","-51.875","-4.83955001831055","219","27.775","21.185","3.71131326","1.34344499232599","0.839064207008837","6.460030368",
"10/7/1987","-51.875","-4.83955001831055","219","34.153","22.053","0","1.77350668778138","0.627510947448411","24.31918242",
"10/8/1987","-51.875","-4.83955001831055","219","34.399","23.134","0.696945636","1.46554430444013","0.643308627915497","15.09541542",
"10/9/1987","-51.875","-4.83955001831055","219","27.178","21.4","7.441523172","1.10463713142409","0.872152752992833","3.533848272",
"10/10/1987","-51.875","-4.83955001831055","219","35.38","20.191","0","1.16211041241714","0.667065814579114","19.046025792",
"10/11/1987","-51.875","-4.83955001831055","219","34.402","20.598","0.6437302344","1.44858595657757","0.62434963433789","20.0131317",
"10/12/1987","-51.875","-4.83955001831055","219","25.961","21.682","11.349395748","1.64094675620806","0.888104412064599","3.66277446",
"10/13/1987","-51.875","-4.83955001831055","219","34.451","21.704","5.4674144424","1.26690776450008","0.808639827101955","15.273335412",
"10/14/1987","-51.875","-4.83955001831055","219","35.06","21.173","0","1.54881749389123","0.662703096859475","19.20132864",
"10/15/1987","-51.875","-4.83955001831055","219","35.627","22.568","0","1.94332548716428","0.561465357949032","21.5553906",
"10/16/1987","-51.875","-4.83955001831055","219","34.638","23.588","0","1.54791594478505","0.519624849480364","19.30579128",
"10/17/1987","-51.875","-4.83955001831055","219","37.099","22.913","0","1.97327638524411","0.44465708741242","28.16763822",
"10/18/1987","-51.875","-4.83955001831055","219","37.316","24.78","0","1.91622332200392","0.366306648582397","28.76748984",
"10/19/1987","-51.875","-4.83955001831055","219","38.999","23.594","0","1.74146221222776","0.353979999401632","29.0417112",
"10/20/1987","-51.875","-4.83955001831055","219","35.794","25.251","0.0171661392","1.99085572234459","0.443172819020555","20.20225086",
"10/21/1987","-51.875","-4.83955001831055","219","37.533","21.745","3.337960896","1.44874924276498","0.561401903594499","23.89252374",
"10/22/1987","-51.875","-4.83955001831055","219","37.829","24.176","0.4995344664","1.72464868408781","0.471776559853256","26.743671",
"10/23/1987","-51.875","-4.83955001831055","219","33.235","23.397","0.21972672","1.54806956735695","0.542568781055262","11.30973912",
"10/24/1987","-51.875","-4.83955001831055","219","35.233","23.777","0","1.38778805054968","0.494925324532682","19.60098768",
"10/25/1987","-51.875","-4.83955001831055","219","34.791","21.761","0","1.64812392367719","0.451698838768039","18.62881416",
"10/26/1987","-51.875","-4.83955001831055","219","38.032","24.773","0","1.73978861638435","0.397272700437346","21.74163786",
"10/27/1987","-51.875","-4.83955001831055","219","39.173","19.858","0","1.60771719718836","0.337020607655093","28.54557828",
"10/28/1987","-51.875","-4.83955001831055","219","38.882","22.023","0","1.55129543972297","0.368757004825493","21.14465292",
"10/29/1987","-51.875","-4.83955001831055","219","38.446","25.437","0.044631936","1.52352298362989","0.485230738141064","11.10352644",
"10/30/1987","-51.875","-4.83955001831055","219","34.408","23.454","0.27637524","1.7161030951306","0.57307795032405","18.83525778",
"10/31/1987","-51.875","-4.83955001831055","219","37.362","22.599","0","1.82572656908805","0.488769438707943","21.51090288",
"11/1/1987","-51.875","-4.83955001831055","219","37.048","19.675","0","1.2279225009329","0.510626183663066","19.16589564",
"11/2/1987","-51.875","-4.83955001831055","219","37.775","23.247","0","1.37657422179323","0.453334632809926","20.35602576",
"11/3/1987","-51.875","-4.83955001831055","219","36.163","27.063","0","2.2708482392392","0.405872645336435","19.2783906",
"11/4/1987","-51.875","-4.83955001831055","219","34.768","22.394","5.5995956712","1.59191033129417","0.626630837428814","18.9737991",
"11/5/1987","-51.875","-4.83955001831055","219","34.524","23.821","0.0068664528","1.69306538058762","0.487120095615201","17.54387208",
"11/6/1987","-51.875","-4.83955001831055","219","36.753","24.548","0.7072452504","1.29510583475111","0.617416592217392","19.49304204",
"11/7/1987","-51.875","-4.83955001831055","219","32.321","20.72","0.0034332264","1.13477715669677","0.670994920787069","7.58548152",
"11/8/1987","-51.875","-4.83955001831055","219","32.757","22.494","0.190544256","1.69157312862908","0.597659581705653","21.32634384",
"11/9/1987","-51.875","-4.83955001831055","219","36.549","22.838","4.9060827","1.29359015117961","0.682651132711138","18.99945",
"11/10/1987","-51.875","-4.83955001831055","219","33.512","22.963","2.8083815064","1.04490283031876","0.662682377349789","20.29893912",
"11/11/1987","-51.875","-4.83955001831055","219","35.6","22.977","0.875472732","1.15657375932569","0.54499126071498","13.4019018",
"11/12/1987","-51.875","-4.83955001831055","219","35.047","25.75","0.0068664528","1.65643271635125","0.503752915360241","17.9376192",
"11/13/1987","-51.875","-4.83955001831055","219","32.576","22.882","2.207565396","1.81229875483788","0.617678476686545","26.29682136",
"11/14/1987","-51.875","-4.83955001831055","219","32.64","22.168","3.51734292","1.67400715702654","0.715386738282341","20.2013451",
"11/15/1987","-51.875","-4.83955001831055","219","32.454","22.056","2.430725472","1.29374525123405","0.731795909141561","7.150274352",
"11/16/1987","-51.875","-4.83955001831055","219","36.412","25.177","0","1.61615915841885","0.519729261274272","19.02589254",
"11/17/1987","-51.875","-4.83955001831055","219","34.935","24.031","0","1.87247859191395","0.463462387699673","22.38193368",
"11/18/1987","-51.875","-4.83955001831055","219","34.76","24.337","0","1.41174702730407","0.492437959681581","18.69564582",
"11/19/1987","-51.875","-4.83955001831055","219","34.856","22.468","2.475356832","1.64743626784702","0.637700524655067","22.2712335",
"11/20/1987","-51.875","-4.83955001831055","219","33.758","21.989","0.868606164","1.33639850805782","0.65937025321705","12.77471772",
"11/21/1987","-51.875","-4.83955001831055","219","31.141","21.265","2.6195538168","1.03223436389335","0.710220926371897","9.20851308",
"11/22/1987","-51.875","-4.83955001831055","219","34.347","22.551","0.0068664528","1.34384080086805","0.554522733662831","22.50275616",
"11/23/1987","-51.875","-4.83955001831055","219","35.578","22.356","0.024032592","1.47944448749762","0.552995829981141","23.0966442",
"11/24/1987","-51.875","-4.83955001831055","219","32.854","22.155","0","1.58932795237677","0.553632069419283","21.02230062",
"11/25/1987","-51.875","-4.83955001831055","219","33.903","23.174","0","1.63831383510532","0.548904524349007","17.3846817",
"11/26/1987","-51.875","-4.83955001831055","219","33.498","21.527","0","1.75057553139195","0.546122603799658","16.83781488",
"11/27/1987","-51.875","-4.83955001831055","219","35.143","20.454","0","1.85646907292643","0.557964902297861","24.05993022",
"11/28/1987","-51.875","-4.83955001831055","219","33.859","22.445","0.2780916624","1.83928188626072","0.60061857014094","17.7653196",
"11/29/1987","-51.875","-4.83955001831055","219","36.447","21.5","0","1.94037505331043","0.490320415322395","27.76005108",
"11/30/1987","-51.875","-4.83955001831055","219","35.199","23.975","0","2.44225727678896","0.451474941092779","22.5631656",
"12/1/1987","-51.875","-4.83955001831055","219","35.646","23.038","0","2.00989486950239","0.496228937794115","21.4273728",
"12/2/1987","-51.875","-4.83955001831055","219","36.629","21.579","1.28746116","1.64477699366233","0.515488242024488","21.17964942",
"12/3/1987","-51.875","-4.83955001831055","219","33.763","21.092","1.778412924","1.0658956734457","0.661653762009062","14.8115745",
"12/4/1987","-51.875","-4.83955001831055","219","34.782","24.314","0.44288604","1.42790461631457","0.512144775888409","20.06420058",
"12/5/1987","-51.875","-4.83955001831055","219","35.12","23.117","0.0755308656","1.57830875319178","0.479577078220361","20.0252232",
"12/6/1987","-51.875","-4.83955001831055","219","37.683","24.009","0.46691892","1.7817933077613","0.468894162659019","25.4629638",
"12/7/1987","-51.875","-4.83955001831055","219","37.594","23.782","0","1.1096567533433","0.445826800904228","19.63659654",
"12/8/1987","-51.875","-4.83955001831055","219","35.68","21.544","0","2.03153079902537","0.519098643484692","19.11554892",
"12/9/1987","-51.875","-4.83955001831055","219","34.661","23.244","0","1.62294003451508","0.528395143525127","17.68550544",
"12/10/1987","-51.875","-4.83955001831055","219","35.238","23.29","0","2.01024123870589","0.517200663461967","17.64112788",
"12/11/1987","-51.875","-4.83955001831055","219","36.471","25.42","0","2.26962694206371","0.436225207799833","25.7813982",
"12/12/1987","-51.875","-4.83955001831055","219","38.164","24.859","0.29869092","1.72069655197471","0.45581307458721","22.81534506",
"12/13/1987","-51.875","-4.83955001831055","219","36.994","22.088","1.4316557112","1.55500894322479","0.599432497090956","18.80758134",
"12/14/1987","-51.875","-4.83955001831055","219","37.451","22.975","7.5496711464","1.55130376121145","0.603888058527403","18.23760252",
"12/15/1987","-51.875","-4.83955001831055","219","37.715","22.528","31.33851408","1.18213703598412","0.764697604011613","18.46479186",
"12/16/1987","-51.875","-4.83955001831055","219","35.056","22.194","1.332093456","1.76373761300689","0.722080400690266","15.99192792",
"12/17/1987","-51.875","-4.83955001831055","219","30.064","21.034","3.18088764","1.36510678454007","0.83598413772325","17.19118026",
"12/18/1987","-51.875","-4.83955001831055","219","30.696","22.511","7.96165488","1.44645311205761","0.829953230998347","21.59291682",
"12/19/1987","-51.875","-4.83955001831055","219","34.31","21.76","2.22987924","1.60086617829108","0.655543166731703","22.13190252",
"12/20/1987","-51.875","-4.83955001831055","219","37.196","20.212","0.14419584","1.40686625464798","0.531066778473942","21.1559652",
"12/21/1987","-51.875","-4.83955001831055","219","27.494","21.962","14.4950876064","1.33208200117448","0.888479826640967","3.1597866",
"12/22/1987","-51.875","-4.83955001831055","219","31.869","21.323","7.275009312","1.19305423909914","0.783163504860057","19.0772973",
"12/23/1987","-51.875","-4.83955001831055","219","31.685","22.111","5.0674404528","1.06852351936153","0.876005147628709","10.6954875",
"12/24/1987","-51.875","-4.83955001831055","219","32.955","22.596","1.150131024","1.10106927396263","0.781666465361756","11.10431628",
"12/25/1987","-51.875","-4.83955001831055","219","34.788","22.426","0.041198724","1.24980170724857","0.650849257565152","17.69563476",
"12/26/1987","-51.875","-4.83955001831055","219","33.419","22.767","3.86581212","1.61007353291859","0.792311038491545","19.58641866",
"12/27/1987","-51.875","-4.83955001831055","219","25.61","21.711","21.124658664","1.32180524033565","0.96551088066145","16.77796722",
"12/28/1987","-51.875","-4.83955001831055","219","32.404","22.39","2.544021756","1.00113803800047","0.806787737514186","17.92541358",
"12/29/1987","-51.875","-4.83955001831055","219","33.807","21.614","8.768466972","1.33208057273244","0.82799773777298","21.5970237",
"12/30/1987","-51.875","-4.83955001831055","219","26.997","22.48","9.700590744","1.07255346604697","0.954108095771659","21.67245",
"12/31/1987","-51.875","-4.83955001831055","219","29.766","22.276","17.47341288","1.28124020784709","0.884813392936633","24.7904388",
"1/1/1988","-51.875","-4.83955001831055","219","32.945","21.966","1.50032268","1.41129657871894","0.759927598254456","20.42650782",
"1/2/1988","-51.875","-4.83955001831055","219","31.594","21.35","7.22264976","0.980582113261871","0.847867716561755","24.08006052",
"1/3/1988","-51.875","-4.83955001831055","219","30.74","21.478","6.0373309176","1.32173724264312","0.859710239701527","16.0690518",
"1/4/1988","-51.875","-4.83955001831055","219","29.89","21.941","8.75387232","1.35191362695989","0.84873503619065","15.0008058",
"1/5/1988","-51.875","-4.83955001831055","219","31.812","20.726","4.609966464","1.32143267058369","0.833272388598245","27.70115382",
"1/6/1988","-51.875","-4.83955001831055","219","26.92","20.8","9.53750736","1.41790426226328","0.930135785024868","27.32755068",
"1/7/1988","-51.875","-4.83955001831055","219","32.19","19.891","3.73363524","1.46357450505744","0.841265712442565","24.22901196",
"1/8/1988","-51.875","-4.83955001831055","219","29.055","20.54","6.786634752","1.20934551571316","0.897954865956072","22.51845",
"1/9/1988","-51.875","-4.83955001831055","219","31.732","20.961","24.5166732","1.39963648260804","0.873405444669031","19.0716714",
"1/10/1988","-51.875","-4.83955001831055","219","26.666","21.73","16.88805108","1.23441558200187","0.945475882459283","10.56318462",
"1/11/1988","-51.875","-4.83955001831055","219","30.339","21.579","7.556536476","1.89535077277472","0.843289260712655","19.57545234",
"1/12/1988","-51.875","-4.83955001831055","219","27.599","21.37","0.7638936408","1.6503866493252","0.812815925116527","9.00134802",
"1/13/1988","-51.875","-4.83955001831055","219","26.332","20.978","7.1986194144","0.933259464643103","0.939220081808592","9.4734522",
"1/14/1988","-51.875","-4.83955001831055","219","29.292","19.967","4.9816115568","0.972295385371271","0.915264666723768","15.15099402",
"1/15/1988","-51.875","-4.83955001831055","219","31.684","22.104","2.4049764","1.18504815815696","0.879255480829776","18.310441878",
"1/16/1988","-51.875","-4.83955001831055","219","33.635","21.835","1.9294751304","1.16263165146863","0.813631599117658","14.23468062",
"1/17/1988","-51.875","-4.83955001831055","219","31.69","20.941","3.1036370184","1.07831696113107","0.868700258978233","19.24070292",
"1/18/1988","-51.875","-4.83955001831055","219","33.583","21.651","5.813316216","1.21173399331056","0.834313363578102","17.986958928",
"1/19/1988","-51.875","-4.83955001831055","219","26.694","22.375","25.14409884","1.37348842454966","0.961863077866696","14.496473088",
"1/20/1988","-51.875","-4.83955001831055","219","27.455","22.254","20.3041079064","0.986356967076332","0.956598592733754","17.9329446",
"1/21/1988","-51.875","-4.83955001831055","219","30.799","21.933","22.47219216","1.25050635708048","0.915075510480829","21.49447482",
"1/22/1988","-51.875","-4.83955001831055","219","25.496","21.22","15.7310537184","0.72421242305564","0.969865302625437","15.94552842",
"1/23/1988","-51.875","-4.83955001831055","219","27.189","22.366","9.25427016","0.834284499094103","0.956829757298479","17.60078934",
"1/24/1988","-51.875","-4.83955001831055","219","23.319","21.436","17.99354448","1.07752384020518","0.979629081053659","3.682906272",
"1/25/1988","-51.875","-4.83955001831055","219","30.031","21.573","4.556748168","0.893725526062339","0.915155264038196","18.53145036",
"1/26/1988","-51.875","-4.83955001831055","219","29.925","21.668","2.0650865184","1.25079880171134","0.838254616359771","17.98031322",
"1/27/1988","-51.875","-4.83955001831055","219","31.215","19.379","0.157928436","1.52782107635594","0.731636962210425","27.83694798",
"1/28/1988","-51.875","-4.83955001831055","219","32.883","19.52","0.502967628","1.62955348337703","0.762995358180821","19.20471138",
"1/29/1988","-51.875","-4.83955001831055","219","33.672","22.014","5.6940042168","1.44790142230981","0.860093757040141","16.33258584",
"1/30/1988","-51.875","-4.83955001831055","219","29.979","21.709","4.2383210472","1.19344938454905","0.859236505940818","27.48453228",
"1/31/1988","-51.875","-4.83955001831055","219","30.696","22.265","8.969308092","0.907625090095187","0.915860406051244","15.4197",
"2/1/1988","-51.875","-4.83955001831055","219","26.978","22.14","20.589063516","0.973142967153857","0.967210444403786","23.67432666",
"2/2/1988","-51.875","-4.83955001831055","219","31.016","22.126","11.269566612","1.19472130921456","0.900696510439654","24.42442392",
"2/3/1988","-51.875","-4.83955001831055","219","27.592","21.776","12.93811596","1.19782869923559","0.948171416856749","22.5424719",
"2/4/1988","-51.875","-4.83955001831055","219","30.71","22.68","8.1590659704","0.859443124590356","0.918780296758923","19.35556866",
"2/5/1988","-51.875","-4.83955001831055","219","29.203","22.099","4.33874394","1.41291034182375","0.909003931109217","18.935555508",
"2/6/1988","-51.875","-4.83955001831055","219","30.884","21.246","3.120801084","1.31162995397682","0.853232423761753","22.808529",
"2/7/1988","-51.875","-4.83955001831055","219","26.35","21.85","12.04204932","0.951980460594575","0.970049055572736","13.835979972",
"2/8/1988","-51.875","-4.83955001831055","219","30.802","22.205","7.07073048","1.62513606935639","0.84719554747149","25.132785552",
"2/9/1988","-51.875","-4.83955001831055","219","28.691","21.153","3.0710214792","1.44860055235285","0.890627018163253","16.77352383",
"2/10/1988","-51.875","-4.83955001831055","219","28.287","21.2","6.5986634592","1.1332322825367","0.913905777249811","16.95600702",
"2/11/1988","-51.875","-4.83955001831055","219","31.136","21.21","6.50939724","1.22289654770269","0.853141421958054","25.07119011",
"2/12/1988","-51.875","-4.83955001831055","219","31.481","21.313","16.77560976","1.0407461855328","0.901206030881437","21.04671915",
"2/13/1988","-51.875","-4.83955001831055","219","30.135","22.171","8.981326512","1.40854509734823","0.879936068826394","15.24892914",
"2/14/1988","-51.875","-4.83955001831055","219","28.767","21.94","10.340876304","1.26777878852508","0.940344946356039","15.92948628",
"2/15/1988","-51.875","-4.83955001831055","219","25.711","22.223","22.18380156","1.29238371460432","0.95781668043128","17.63769843",
"2/16/1988","-51.875","-4.83955001831055","219","24.162","22.017","19.48442364","0.831408312619704","0.979077167130503","4.637698218",
"2/17/1988","-51.875","-4.83955001831055","219","26.812","20.992","2.2247320464","0.690762454420935","0.939750691091775","6.565842828",
"2/18/1988","-51.875","-4.83955001831055","219","28.024","22.155","5.975531028","1.44384806020799","0.904204122900323","21.938462568",
"2/19/1988","-51.875","-4.83955001831055","219","26.495","22.187","0.7535936952","1.48520862264156","0.919709444601933","7.528949748",
"2/20/1988","-51.875","-4.83955001831055","219","29.182","21.747","5.8879850688","1.39172859066557","0.899020011132791","10.45698687",
"2/21/1988","-51.875","-4.83955001831055","219","30.3","22.558","15.7997124","1.11550150963544","0.878290645362217","17.4431259",
"2/22/1988","-51.875","-4.83955001831055","219","32.024","21.911","7.8500740464","1.07180576483834","0.807009974025016","24.19807293",
"2/23/1988","-51.875","-4.83955001831055","219","27.972","21.19","4.200551424","1.2351856891292","0.886696534197729","11.13806313",
"2/24/1988","-51.875","-4.83955001831055","219","29.416","21.888","5.6562418224","1.36111142024133","0.8884016311319","26.454767832",
"2/25/1988","-51.875","-4.83955001831055","219","27.55","22.474","7.565114232","1.09091280778736","0.932310836541636","12.5127567",
"2/26/1988","-51.875","-4.83955001831055","219","25.628","22.28","14.43071124","1.20969704257016","0.969733191669296","12.70074447",
"2/27/1988","-51.875","-4.83955001831055","219","26.966","22.163","18.530848116","1.1445843643347","0.967795987240847","10.054236438",
"2/28/1988","-51.875","-4.83955001831055","219","29.749","22.098","8.567618544","1.20507423561651","0.90698268089169","21.839456772",
"2/29/1988","-51.875","-4.83955001831055","219","29.334","22.891","10.81123596","1.05709943204262","0.939174607332441","19.289696922",
"3/1/1988","-51.875","-4.83955001831055","219","25.05","22.537","10.97602704","0.990126892026197","0.970649524417228","3.877710678",
"3/2/1988","-51.875","-4.83955001831055","219","26.707","20.935","11.563112232","0.843381521498928","0.958963819151257","12.3921567",
"3/3/1988","-51.875","-4.83955001831055","219","27.17","21.129","9.45168048","0.899367881814486","0.952195217837377","13.1476455",
"3/4/1988","-51.875","-4.83955001831055","219","25.286","21.809","21.29974596","1.18042147693605","0.977228082735724","8.79676416",
"3/5/1988","-51.875","-4.83955001831055","219","26.209","22.249","14.73541524","0.991244717137995","0.970510221322509","16.77937257",
"3/6/1988","-51.875","-4.83955001831055","219","26.136","22.654","16.0297272","0.998819699018635","0.971544121335298","16.62170787",
"3/7/1988","-51.875","-4.83955001831055","219","25.61","22.084","13.11837048","1.13834571343484","0.967813776242093","12.23943174",
"3/8/1988","-51.875","-4.83955001831055","219","27.338","20.649","8.280948384","0.945404050097005","0.960766349553461","15.600659652",
"3/9/1988","-51.875","-4.83955001831055","219","31.358","19.53","4.336167492","0.969571795396879","0.879628299269315","21.40565742",
"3/10/1988","-51.875","-4.83955001831055","219","30.768","20.482","5.8845483504","1.20954743805725","0.895223615233344","24.39534591",
"3/11/1988","-51.875","-4.83955001831055","219","25.322","22.147","10.8215318664","0.983378805662086","0.972420935924324","8.590393332",
"3/12/1988","-51.875","-4.83955001831055","219","25.492","22.387","18.20983572","1.13135866802629","0.969296086397845","12.80959389",
"3/13/1988","-51.875","-4.83955001831055","219","30.921","22.061","7.154844696","0.830184950646589","0.8879148517002","23.24969757",
"3/14/1988","-51.875","-4.83955001831055","219","28.863","21.671","11.470420116","0.947807741621275","0.949825238999734","19.613025",
"3/15/1988","-51.875","-4.83955001831055","219","27.701","21.285","8.226012888","1.2808368209564","0.924434208128975","17.36842554",
"3/16/1988","-51.875","-4.83955001831055","219","28.36","21.857","15.576556752","0.917944793628485","0.933670284447126","20.82340494",
"3/17/1988","-51.875","-4.83955001831055","219","28.929","21.852","14.350896864","1.39392173474104","0.915546923958924","22.74795216",
"3/18/1988","-51.875","-4.83955001831055","219","27.888","21.536","13.19732352","1.19438408663165","0.948405524683847","23.23327878",
"3/19/1988","-51.875","-4.83955001831055","219","31.256","21.683","6.087108348","1.46800483211311","0.854828389867925","26.9691732",
"3/20/1988","-51.875","-4.83955001831055","219","26.091","21.477","13.980101184","0.836492518320004","0.955508070098143","8.76335598",
"3/21/1988","-51.875","-4.83955001831055","219","24.963","20.76","5.3386655832","0.994438320395115","0.960245986288047","11.66473188",
"3/22/1988","-51.875","-4.83955001831055","219","28.085","21.536","8.0509183344","0.956370236160302","0.92580507229963","23.63130198",
"3/23/1988","-51.875","-4.83955001831055","219","29.007","21.907","6.126597108","1.1296427620703","0.941841795234146","12.69095472",
"3/24/1988","-51.875","-4.83955001831055","219","24.994","22.259","12.15018828","0.81918886511162","0.973153526496724","7.44598233",
"3/25/1988","-51.875","-4.83955001831055","219","28.081","19.928","22.16834838","0.761293717775095","0.940689498309097","11.89451826",
"3/26/1988","-51.875","-4.83955001831055","219","27.631","21.209","5.63220468","0.711773552041844","0.958496236372999","17.9554455",
"3/27/1988","-51.875","-4.83955001831055","219","27.585","22.156","9.5478012864","0.825158212331985","0.930995054658","16.01763318",
"3/28/1988","-51.875","-4.83955001831055","219","27.765","22.33","8.478356724","0.619194096493025","0.955088632951212","8.211942",
"3/29/1988","-51.875","-4.83955001831055","219","25.189","22.307","35.45838756","0.837930325233931","0.973146668447775","8.8706205",
"3/30/1988","-51.875","-4.83955001831055","219","25.567","22.291","32.89033368","0.570181981448555","0.975002020841676","9.28856538",
"3/31/1988","-51.875","-4.83955001831055","219","29.896","22.247","8.843997096","0.842214191552498","0.922114026737268","20.7489348",
"4/1/1988","-51.875","-4.83955001831055","219","25.766","22.792","29.72832084","1.08691816977358","0.969973063349594","11.8267767",
"4/2/1988","-51.875","-4.83955001831055","219","23.586","22.067","91.7220744","1.01500430545357","0.982140383500904","2.63986884",
"4/3/1988","-51.875","-4.83955001831055","219","22.386","20.783","21.9537774","0.984476383597822","0.982447087354349","1.97651286",
"4/4/1988","-51.875","-4.83955001831055","219","27.337","20.14","8.916086592","0.658682296125649","0.954440335228203","9.47025018",
"4/5/1988","-51.875","-4.83955001831055","219","28.529","21.562","2.04963696","1.08257647873779","0.857879080437406","14.7144897",
"4/6/1988","-51.875","-4.83955001831055","219","31.699","20.97","3.6752714784","1.21124584106656","0.850474001640432","24.65921898",
"4/7/1988","-51.875","-4.83955001831055","219","31.306","22.571","11.82060162","1.0372450877813","0.889675048580325","18.25374204",
"4/8/1988","-51.875","-4.83955001831055","219","27.352","21.78","18.35403372","0.950984592266865","0.958246271260281","21.443913",
"4/9/1988","-51.875","-4.83955001831055","219","28.754","22.962","11.5562436264","1.10163409659719","0.934465584338557","18.88261479",
"4/10/1988","-51.875","-4.83955001831055","219","26.8","22.733","29.352378708","0.832287037869056","0.949671075763572","7.77256596",
"4/11/1988","-51.875","-4.83955001831055","219","25.54","22.374","13.78097964","0.668647266750973","0.975400234748244","6.82812072",
"4/12/1988","-51.875","-4.83955001831055","219","28.526","22.148","10.79492724","0.670382873057137","0.935134213741088","13.242096792",
"4/13/1988","-51.875","-4.83955001831055","219","26.235","22.575","13.6273396536","0.750343020091841","0.971405497492535","13.741535952",
"4/14/1988","-51.875","-4.83955001831055","219","24.464","21.872","89.097387732","0.868898477345696","0.978815946349092","3.71981358",
"4/15/1988","-51.875","-4.83955001831055","219","25.485","21.789","15.822039852","0.903251567649475","0.973201787197289","10.75758858",
"4/16/1988","-51.875","-4.83955001831055","219","24.095","22.061","91.38053376","0.893689717053579","0.981232394821876","1.843931088",
"4/17/1988","-51.875","-4.83955001831055","219","26.434","21.546","8.1573493464","1.16475566931489","0.95286553584267","13.20879042",
"4/18/1988","-51.875","-4.83955001831055","219","26.537","21.354","2.094268428","0.834232339338124","0.921215223441972","11.29494888",
"4/19/1988","-51.875","-4.83955001831055","219","25.057","21.365","1.399040352","0.883489066364945","0.951934590735521","6.330879",
"4/20/1988","-51.875","-4.83955001831055","219","27.689","20.652","10.3906606464","1.08907525717229","0.926793101486725","18.89696844",
"4/21/1988","-51.875","-4.83955001831055","219","27.264","20.97","7.7762626704","0.989794843958022","0.952308159214099","17.38237374",
"4/22/1988","-51.875","-4.83955001831055","219","28.573","21.728","3.7542342024","1.40854684121057","0.898925842365954","23.11582428",
"4/23/1988","-51.875","-4.83955001831055","219","26.845","21.665","2.568055248","1.08969721373851","0.936371027646252","10.08708624",
"4/24/1988","-51.875","-4.83955001831055","219","25.282","21.096","6.25534488","0.791757159670213","0.964627774428989","8.492793552",
"4/25/1988","-51.875","-4.83955001831055","219","30.296","20.268","1.870251588","0.879997408302761","0.884695927334392","16.104597048",
"4/26/1988","-51.875","-4.83955001831055","219","26.07","21.878","13.125234924","0.792948640120636","0.964692462443301","20.8459161",
"4/27/1988","-51.875","-4.83955001831055","219","27.182","21.677","12.21370524","0.942500806643499","0.956938396201831","21.81290742",
"4/28/1988","-51.875","-4.83955001831055","219","27.886","22.192","11.74850352","1.13287495699163","0.946989473229951","14.57544852",
"4/29/1988","-51.875","-4.83955001831055","219","28.21","21.937","7.5531042","1.08624626069785","0.94291016875325","19.19845998",
"4/30/1988","-51.875","-4.83955001831055","219","25.635","21.401","17.0854614","1.14862499763094","0.97707721487989","10.15008426",
"5/1/1988","-51.875","-4.83955001831055","219","26.57","20.625","5.283739476","1.10559342184767","0.95314605042791","12.9171897",
"5/2/1988","-51.875","-4.83955001831055","219","25.506","21.516","5.067445032","1.25474986319327","0.946224312384545","10.91080782",
"5/3/1988","-51.875","-4.83955001831055","219","27.1","21.89","9.77782824","1.00911150618715","0.960115046247412","8.4287844",
"5/4/1988","-51.875","-4.83955001831055","219","26.824","22.048","10.73569968","0.920952695480203","0.960432206249121","19.0378107",
"5/5/1988","-51.875","-4.83955001831055","219","27.932","22.271","7.944486624","0.772670128368862","0.939961166867456","14.90529546",
"5/6/1988","-51.875","-4.83955001831055","219","29.969","21.822","5.1876069984","0.774967159318444","0.881382588321391","19.2539826",
"5/7/1988","-51.875","-4.83955001831055","219","26.085","20.841","8.5212699624","0.912678204286926","0.971148170824443","15.3879777",
"5/8/1988","-51.875","-4.83955001831055","219","29.022","22.241","4.7567413008","0.940862883305047","0.937445258799902","19.39955508",
"5/9/1988","-51.875","-4.83955001831055","219","27.919","20.312","2.700232956","0.530269726954681","0.910584262456737","13.64158098",
"5/10/1988","-51.875","-4.83955001831055","219","29.945","17.989","2.2762291104","0.717839065140244","0.894797381503455","21.3329763",
"5/11/1988","-51.875","-4.83955001831055","219","34.304","16.82","0","0.884649152394113","0.743723426104388","24.3951111",
"5/12/1988","-51.875","-4.83955001831055","219","30.564","19.909","3.64265514","0.902104315076989","0.851056784934284","21.71041866",
"5/13/1988","-51.875","-4.83955001831055","219","28.656","21.016","4.2984012024","0.919010959754663","0.893334231998175","21.2507478",
"5/14/1988","-51.875","-4.83955001831055","219","28.677","22.364","7.110213444","0.83802265752797","0.929573126524197","21.52715742",
"5/15/1988","-51.875","-4.83955001831055","219","29.52","21.841","6.265640376","1.14364329144819","0.901216347177998","17.55141174",
"5/16/1988","-51.875","-4.83955001831055","219","27.838","22.177","17.6776848","1.0412991421398","0.941150952727635","23.17994856",
"5/17/1988","-51.875","-4.83955001831055","219","30.519","22.237","9.146117304","1.13879629760689","0.886074025175718","18.79469856",
"5/18/1988","-51.875","-4.83955001831055","219","31.919","20.996","3.570555312","1.29318797635132","0.821800814355128","23.22871866",
"5/19/1988","-51.875","-4.83955001831055","219","28.461","21.604","0.830841444","1.23063009822045","0.860511787279097","13.7873844",
"5/20/1988","-51.875","-4.83955001831055","219","32.489","21.083","0.3742218","1.1868738691726","0.786609711142506","19.37587392",
"5/21/1988","-51.875","-4.83955001831055","219","32.816","20.287","0.0068664528","1.31462669738467","0.761239220265202","17.8795125",
"5/22/1988","-51.875","-4.83955001831055","219","33.837","22.461","6.5334282264","1.25385989258283","0.84565801859537","17.2090719",
"5/23/1988","-51.875","-4.83955001831055","219","29.935","22.526","2.787781608","0.860390387784853","0.919627977697691","14.8728366",
"5/24/1988","-51.875","-4.83955001831055","219","30.801","22.852","4.8065198184","0.807693600990132","0.923950679242768","18.9619326",
"5/25/1988","-51.875","-4.83955001831055","219","29.713","22.642","6.972889932","0.914966130217176","0.920017300162983","16.8158736",
"5/26/1988","-51.875","-4.83955001831055","219","28.616","22.973","4.336167492","0.888147860249365","0.946754683017533","9.7382844",
"5/27/1988","-51.875","-4.83955001831055","219","32.283","22.593","1.0780326504","1.20946700171661","0.788388910777388","17.590221",
"5/28/1988","-51.875","-4.83955001831055","219","33.533","22.368","4.377365964","0.850951761634261","0.801956421327414","17.28545706",
"5/29/1988","-51.875","-4.83955001831055","219","31.747","18.945","7.2441133704","0.927990523869093","0.833390808889945","21.3025518",
"5/30/1988","-51.875","-4.83955001831055","219","31.25","21.589","1.5998838984","1.13697803961154","0.874872835264236","8.24372118",
"5/31/1988","-51.875","-4.83955001831055","219","32.039","21.201","5.4210641904","1.02841382513781","0.856060370782159","14.24890872",
"6/1/1988","-51.875","-4.83955001831055","219","28.531","18.702","5.882841612","0.742509033986677","0.918846203428645","18.78148116",
"6/2/1988","-51.875","-4.83955001831055","219","27.802","21.833","8.612254008","0.846180687492664","0.92096671870944","13.27309236",
"6/3/1988","-51.875","-4.83955001831055","219","29.13","20.896","5.1395427","1.17819533881428","0.857175299744718","19.6127982",
"6/4/1988","-51.875","-4.83955001831055","219","29.803","17.152","2.49424056","1.18109475515406","0.816342611148563","22.66205814",
"6/5/1988","-51.875","-4.83955001831055","219","28.391","17.344","7.25441148","0.752524422006403","0.916762635789087","22.6274589",
"6/6/1988","-51.875","-4.83955001831055","219","31.381","19.826","5.5927281024","0.685353697359325","0.839073902055421","16.6936446",
"6/7/1988","-51.875","-4.83955001831055","219","31.827","19.984","0.94070448","1.74342342458405","0.661446265159732","23.46210396",
"6/8/1988","-51.875","-4.83955001831055","219","32.827","18.583","0","1.50461925575394","0.600579784168169","20.6213625",
"6/9/1988","-51.875","-4.83955001831055","219","33.017","21.591","0","1.57543819289799","0.591553668692234","21.96815472",
"6/10/1988","-51.875","-4.83955001831055","219","30.284","19.234","10.289383812","1.2291926905009","0.797658537108305","18.2466018",
"6/11/1988","-51.875","-4.83955001831055","219","31.474","19.442","3.2134992264","1.19086839406655","0.75010030340799","16.25748858",
"6/12/1988","-51.875","-4.83955001831055","219","32.661","21.272","0","1.48886265564048","0.631140014381286","18.49028148",
"6/13/1988","-51.875","-4.83955001831055","219","32.657","18.866","0","1.60738550564605","0.596939575102831","22.1450085",
"6/14/1988","-51.875","-4.83955001831055","219","32.985","19.725","0.12874608","1.3461619636865","0.641017514069538","20.15415666",
"6/15/1988","-51.875","-4.83955001831055","219","33.122","18.969","0.8291249064","0.837451674952744","0.740295106220565","16.66045962",
"6/16/1988","-51.875","-4.83955001831055","219","27.601","22.609","12.2840862768","1.07201859312344","0.882943961925669","21.56383188",
"6/17/1988","-51.875","-4.83955001831055","219","28.945","22.328","1.5037531848","1.40844505162726","0.823448829752708","12.79642536",
"6/18/1988","-51.875","-4.83955001831055","219","32.93","20.709","0.1716615","1.17295818559987","0.728995668969104","16.65590544",
"6/19/1988","-51.875","-4.83955001831055","219","32.794","21.589","2.659034196","1.1173476712725","0.778888658103091","14.2796223",
"6/20/1988","-51.875","-4.83955001831055","219","32.632","18.027","1.3595575392","0.953896854062581","0.782910354316141","20.6540991",
"6/21/1988","-51.875","-4.83955001831055","219","29.375","17.788","0.8428574232","1.03781540934535","0.821461021601197","20.21163588",
"6/22/1988","-51.875","-4.83955001831055","219","33.079","15.823","0","1.16545960550828","0.713114001493926","18.47244168",
"6/23/1988","-51.875","-4.83955001831055","219","32.619","21.682","2.0908356264","1.15472666438306","0.715692168914302","15.39736272",
"6/24/1988","-51.875","-4.83955001831055","219","29.618","21.351","13.128662844","1.15529407507897","0.892255133669829","18.8282754",
"6/25/1988","-51.875","-4.83955001831055","219","30.064","21.055","0.556183188","1.15639063320534","0.800493719173708","10.960371",
"6/26/1988","-51.875","-4.83955001831055","219","32.119","16.782","3.1036377024","1.21145138628969","0.789255282624789","16.89547464",
"6/27/1988","-51.875","-4.83955001831055","219","30.429","20.176","1.69086456","1.71717172246476","0.819738092304544","18.90219672",
"6/28/1988","-51.875","-4.83955001831055","219","31.63","20.564","0.221443452","1.48860438921058","0.719619746676729","22.5408969",
"6/29/1988","-51.875","-4.83955001831055","219","30.958","18.162","0","1.44492782505836","0.640347726888435","15.84607176",
"6/30/1988","-51.875","-4.83955001831055","219","30.91","19.596","0.0102996864","1.50816202495872","0.677365677610836","17.8246161",
"7/1/1988","-51.875","-4.83955001831055","219","31.467","18.307","0","1.42776829416659","0.692730745402044","15.0729804",
"7/2/1988","-51.875","-4.83955001831055","219","31.893","18.819","0","1.35146206753705","0.615344720331776","16.6175505",
"7/3/1988","-51.875","-4.83955001831055","219","31.896","19.339","0","1.49041071434885","0.594091492787148","16.72239366",
"7/4/1988","-51.875","-4.83955001831055","219","32.641","19.243","0","1.7817210492404","0.593785579905902","20.91543768",
"7/5/1988","-51.875","-4.83955001831055","219","32.919","19.573","0","1.59200667783124","0.559089826950216","23.65194744",
"7/6/1988","-51.875","-4.83955001831055","219","33.173","19.94","0","1.64869112596862","0.541687833618704","18.88565274",
"7/7/1988","-51.875","-4.83955001831055","219","32.876","21.981","0","1.49241276287281","0.539235635088023","22.0466862",
"7/8/1988","-51.875","-4.83955001831055","219","33.075","22.094","0","1.49522368861486","0.549048058902884","15.80333112",
"7/9/1988","-51.875","-4.83955001831055","219","32.703","20.368","4.1061405168","0.826590486379341","0.781950268675474","14.7418875",
"7/10/1988","-51.875","-4.83955001831055","219","31.98","18.776","0","1.25261783057919","0.729397485221136","18.07892244",
"7/11/1988","-51.875","-4.83955001831055","219","33.566","18.06","0.01373292","1.38328237084573","0.619855619788704","20.31497676",
"7/12/1988","-51.875","-4.83955001831055","219","31.775","21.875","1.27372662","1.33375097659929","0.742501190477193","12.352609836",
"7/13/1988","-51.875","-4.83955001831055","219","27.787","18.864","0.26779176","1.2129781545257","0.847684156167017","9.169085772",
"7/14/1988","-51.875","-4.83955001831055","219","28.314","18.67","2.2350321","1.19648836893491","0.863125107911406","16.0865991",
"7/15/1988","-51.875","-4.83955001831055","219","31.099","19.291","0.94070448","1.12078722344766","0.783485472958114","15.43252338",
"7/16/1988","-51.875","-4.83955001831055","219","30.922","19.442","0","1.62470301157951","0.593916996931225","23.986683",
"7/17/1988","-51.875","-4.83955001831055","219","31.764","18.883","0","1.4727308214132","0.594683659195407","20.13964056",
"7/18/1988","-51.875","-4.83955001831055","219","31.987","18.769","0","1.49624969456059","0.584425499033974","22.191689592",
"7/19/1988","-51.875","-4.83955001831055","219","31.869","18.077","0","1.72605204156923","0.553511569190657","24.43168368",
"7/20/1988","-51.875","-4.83955001831055","219","31.236","19.972","0","1.67604006551015","0.562433517492963","16.36644654",
"7/21/1988","-51.875","-4.83955001831055","219","32.99","21.476","0.13046256","1.06657455103392","0.596006111691533","15.68548008",
"7/22/1988","-51.875","-4.83955001831055","219","33.815","19.583","0.089263944","1.48833845265119","0.566062474328446","18.82782972",
"7/23/1988","-51.875","-4.83955001831055","219","33.602","21.663","0","1.89966858279525","0.434536124741911","24.61977918",
"7/24/1988","-51.875","-4.83955001831055","219","34.121","21.756","0","1.39268603730805","0.435089945773502","17.03345148",
"7/25/1988","-51.875","-4.83955001831055","219","32.866","22.068","0","1.68069434794901","0.45232112791282","17.45285616",
"7/26/1988","-51.875","-4.83955001831055","219","34.373","18.404","0","1.24610066359471","0.495428764653016","24.67473264",
"7/27/1988","-51.875","-4.83955001831055","219","32.715","22.094","0.60596442","1.00316618914673","0.645136162377512","15.22957716",
"7/28/1988","-51.875","-4.83955001831055","219","32.379","20.751","0.0274658328","1.42279896328321","0.673229878428794","19.80022248",
"7/29/1988","-51.875","-4.83955001831055","219","33.336","21.819","0","1.39367113205344","0.505191237614911","19.772606592",
"7/30/1988","-51.875","-4.83955001831055","219","33.449","22.689","0","1.41356403305892","0.487134416411891","20.659557132",
"7/31/1988","-51.875","-4.83955001831055","219","32.872","19.565","0","1.824497205313","0.481512120444969","25.17777378",
"8/1/1988","-51.875","-4.83955001831055","219","32.846","18.656","0","1.63448735242224","0.507968619692544","25.20022932",
"8/2/1988","-51.875","-4.83955001831055","219","33.272","18.394","0","1.70216811556354","0.475612476807035","25.34169996",
"8/3/1988","-51.875","-4.83955001831055","219","33.177","18.28","0","1.68532610022678","0.489992127348049","25.33516974",
"8/4/1988","-51.875","-4.83955001831055","219","34.073","17.716","0","1.41956565583297","0.445176103730663","25.60431996",
"8/5/1988","-51.875","-4.83955001831055","219","34.742","22.437","0","1.55456629140812","0.402060902542245","24.70641012",
"8/6/1988","-51.875","-4.83955001831055","219","35.313","18.788","0","1.53931201051399","0.467711557415098","25.19111844",
"8/7/1988","-51.875","-4.83955001831055","219","34.314","16.821","0","1.4477316785326","0.584514363179239","12.623737212",
"8/8/1988","-51.875","-4.83955001831055","219","33.452","17.828","0","1.22516646223499","0.532710045479885","17.544485772",
"8/9/1988","-51.875","-4.83955001831055","219","35.317","19.731","0","1.72949886230399","0.440900185825085","25.71879744",
"8/10/1988","-51.875","-4.83955001831055","219","33.109","15.14","0","1.16959991091765","0.553447565921621","21.66902064",
"8/11/1988","-51.875","-4.83955001831055","219","35.703","13.824","0","1.33674954210849","0.556357627057398","25.5791214",
"8/12/1988","-51.875","-4.83955001831055","219","34.753","16.842","0","1.35497343639977","0.587799116335999","18.87451668",
"8/13/1988","-51.875","-4.83955001831055","219","33.069","18.363","0.0343322856","1.34147888432568","0.632661521839995","12.30249384",
"8/14/1988","-51.875","-4.83955001831055","219","33.996","21.565","0","1.62221048168535","0.466208748988557","25.9267545",
"8/15/1988","-51.875","-4.83955001831055","219","34.481","19.364","0","1.77394340581073","0.477882464043562","26.2817406",
"8/16/1988","-51.875","-4.83955001831055","219","34.53","20.652","0","1.83497435386492","0.449562005773086","25.37246214",
"8/17/1988","-51.875","-4.83955001831055","219","34.879","19.185","0","1.64791388624018","0.405435220325361","25.15989978",
"8/18/1988","-51.875","-4.83955001831055","219","35.868","20.32","0","1.82704859807779","0.371979058816459","26.269365672",
"8/19/1988","-51.875","-4.83955001831055","219","35.396","19.931","0","1.88959838083291","0.374497397087658","26.6767884",
"8/20/1988","-51.875","-4.83955001831055","219","35.502","18.958","0","1.686209069083","0.38198183240097","26.849809512",
"8/21/1988","-51.875","-4.83955001831055","219","36.114","19.021","0","1.31491453678386","0.441648784714768","21.670705152",
"8/22/1988","-51.875","-4.83955001831055","219","32.516","21.297","0","1.23610267533195","0.523349066861937","16.96083966",
"8/23/1988","-51.875","-4.83955001831055","219","34.807","18.355","0","1.34676009030647","0.676065216799784","8.74142154",
"8/24/1988","-51.875","-4.83955001831055","219","34.827","21.331","0.1132965072","1.29263866265935","0.660757474085757","14.568863958",
"8/25/1988","-51.875","-4.83955001831055","219","35.894","19.412","0","1.30720312170153","0.533489817719585","18.448875288",
"8/26/1988","-51.875","-4.83955001831055","219","36.47","21.061","0","1.51474026977031","0.506311636949867","18.97717194",
"8/27/1988","-51.875","-4.83955001831055","219","35.468","23.148","0","1.84103041468272","0.52641562131062","17.651811168",
"8/28/1988","-51.875","-4.83955001831055","219","35.417","21.269","0","1.23140775890276","0.519837538029342","18.000344592",
"8/29/1988","-51.875","-4.83955001831055","219","36.569","19.215","0","1.56067233315203","0.479956106557154","27.209310768",
"8/30/1988","-51.875","-4.83955001831055","219","36.338","20.302","0","1.63124925310524","0.430015840767048","25.883775648",
"8/31/1988","-51.875","-4.83955001831055","219","33.889","16.683","0.240325776","1.23556545767451","0.578895675810582","19.9959156",
"9/1/1988","-51.875","-4.83955001831055","219","36.894","20.724","0","1.71710525638549","0.480340859031667","20.51667738",
"9/2/1988","-51.875","-4.83955001831055","219","36.87","21.415","3.398896044","1.16273410779738","0.665203267591632","16.843551912",
"9/3/1988","-51.875","-4.83955001831055","219","35.326","20.771","4.0477716","1.4715017830316","0.661286737779911","20.567927088",
"9/4/1988","-51.875","-4.83955001831055","219","29.905","20.962","5.304334752","1.09365045880989","0.88468350146072","13.83659775",
"9/5/1988","-51.875","-4.83955001831055","219","34.323","20.2","0.30212388","1.70970149633388","0.650710272795196","25.57159164",
"9/6/1988","-51.875","-4.83955001831055","219","35.254","19.781","0","1.406341373006","0.569987281942126","19.81141578",
"9/7/1988","-51.875","-4.83955001831055","219","35.991","21.466","0","1.66786909847022","0.470460816767207","27.653342112",
"9/8/1988","-51.875","-4.83955001831055","219","37.12","21.98","0","1.59767481840136","0.374100216340358","27.44398224",
"9/9/1988","-51.875","-4.83955001831055","219","36.789","18.9","0","1.27355035114753","0.485466502652651","20.8782054",
"9/10/1988","-51.875","-4.83955001831055","219","36.772","21.221","0","1.7661528011324","0.422140390488662","20.625360372",
"9/11/1988","-51.875","-4.83955001831055","219","35.96","22.036","0.7072447104","1.52706234568984","0.473134285587301","21.52771362",
"9/12/1988","-51.875","-4.83955001831055","219","36.919","23.374","0","2.24248745443561","0.413659589377787","25.59155274",
"9/13/1988","-51.875","-4.83955001831055","219","34.815","20.932","0.0034332264","1.54741300108741","0.518675286996324","21.85610742",
"9/14/1988","-51.875","-4.83955001831055","219","34.062","20.218","0.3330232704","1.35132304684693","0.696611306064318","8.47675458",
"9/15/1988","-51.875","-4.83955001831055","219","35.468","18.253","1.980971676","1.3402293272603","0.674037204328858","19.923809328",
"9/16/1988","-51.875","-4.83955001831055","219","36.206","19.993","0.72441072","1.64008644230697","0.595217040575987","20.01510378",
"9/17/1988","-51.875","-4.83955001831055","219","37.445","23.674","0.00686646","2.10684240339498","0.431427140238061","21.23893224",
"9/18/1988","-51.875","-4.83955001831055","219","37.924","21.474","0.00686646","1.77433391564668","0.489167382026888","20.34798102",
"9/19/1988","-51.875","-4.83955001831055","219","35.22","21.788","3.06244026","1.75686059593142","0.611308763597993","19.20025782",
"9/20/1988","-51.875","-4.83955001831055","219","33.598","21.058","3.7147536","1.78628996074463","0.687543581327542","20.6857629",
"9/21/1988","-51.875","-4.83955001831055","219","35.533","22.274","0.0034332264","1.46437370599914","0.596520660743252","17.25013134",
"9/22/1988","-51.875","-4.83955001831055","219","33.4","22.926","0.2025605664","1.45004484542986","0.547700505215336","16.87522356",
"9/23/1988","-51.875","-4.83955001831055","219","38.276","19.694","0","1.32981204986841","0.526345558933725","21.795072768",
"9/24/1988","-51.875","-4.83955001831055","219","36.397","25.235","0","1.6655624945621","0.381276996359601","25.690211712",
"9/25/1988","-51.875","-4.83955001831055","219","38.548","23.469","0","2.24690017333061","0.340673185404391","23.148167832",
"9/26/1988","-51.875","-4.83955001831055","219","37.004","24.317","0.23345964","1.94695021138708","0.462857398939948","19.92212244",
"9/27/1988","-51.875","-4.83955001831055","219","36.443","23.732","0.40855428","1.5172132264703","0.499227692522913","18.707282568",
"9/28/1988","-51.875","-4.83955001831055","219","37.822","23.741","0.0892638","1.64018612116834","0.536291747645924","19.53450684",
"9/29/1988","-51.875","-4.83955001831055","219","35.033","22.92","0.06523146","1.72083268202619","0.582257863363035","17.79592464",
"9/30/1988","-51.875","-4.83955001831055","219","32.093","20.568","2.719116612","1.10454890475291","0.840697317874356","14.08522446",
"10/1/1988","-51.875","-4.83955001831055","219","34.337","20.473","5.465697948","1.53373068165406","0.669515489177887","20.6080821",
"10/2/1988","-51.875","-4.83955001831055","219","32.948","22.236","37.3861656864","1.03084534778452","0.798079267517869","17.77651416",
"10/3/1988","-51.875","-4.83955001831055","219","34.194","20.524","0","1.35096655798004","0.592853339907986","20.501046",
"10/4/1988","-51.875","-4.83955001831055","219","36.481","21.508","3.9447812304","1.33519171414729","0.66270915535287","19.05783048",
"10/5/1988","-51.875","-4.83955001831055","219","34.552","20.589","2.27193984","1.33593777321434","0.654394420655849","19.08061974",
"10/6/1988","-51.875","-4.83955001831055","219","36.417","21.46","0.4411692864","1.693498487131","0.533099398865111","25.2390393",
"10/7/1988","-51.875","-4.83955001831055","219","35.508","21.895","0.0137329056","1.5600720696437","0.519102623443498","19.02369366",
"10/8/1988","-51.875","-4.83955001831055","219","34.366","23.645","0","1.66877579798432","0.458718173116045","18.370567872",
"10/9/1988","-51.875","-4.83955001831055","219","35.904","24.278","0","1.56481448803791","0.467496261377965","18.749132928",
"10/10/1988","-51.875","-4.83955001831055","219","36.758","24.027","0.49095144","1.49129325442504","0.531655253685375","20.11804182",
"10/11/1988","-51.875","-4.83955001831055","219","39.514","22.061","5.74808238","1.14507337315155","0.68186914401574","16.75524168",
"10/12/1988","-51.875","-4.83955001831055","219","30.834","21.803","5.61504402","1.583060213159","0.838558612711814","26.11563426",
"10/13/1988","-51.875","-4.83955001831055","219","30.398","22.186","8.5513149864","1.24453194734562","0.822995223660174","23.405453712",
"10/14/1988","-51.875","-4.83955001831055","219","36.984","19.373","0.1476287064","1.14191331489065","0.62923942665186","23.137871832",
"10/15/1988","-51.875","-4.83955001831055","219","34.532","23.312","0.22659336","1.14061681504132","0.64253722862313","22.64315688",
"10/16/1988","-51.875","-4.83955001831055","219","34.871","23.49","0.39653784","1.70400513839652","0.637276412397813","21.21389802",
"10/17/1988","-51.875","-4.83955001831055","219","34.256","21.985","3.46756032","1.34905731665456","0.701194045078756","12.243993552",
"10/18/1988","-51.875","-4.83955001831055","219","33.089","22.089","3.5911536264","1.38983354719724","0.67775065472085","14.31399744",
"10/19/1988","-51.875","-4.83955001831055","219","35.13","22.409","0.9475709184","1.43286671890172","0.623106160800007","14.634392652",
"10/20/1988","-51.875","-4.83955001831055","219","34.391","22.864","0","1.92510043665366","0.486510321992891","26.5796964",
"10/21/1988","-51.875","-4.83955001831055","219","37.088","22.654","0.102996972","1.49266081206977","0.457089351381827","26.62891992",
"10/22/1988","-51.875","-4.83955001831055","219","37.044","20.844","0.27809172","1.23418173891093","0.477489154182328","22.16221488",
"10/23/1988","-51.875","-4.83955001831055","219","37.571","20.941","0.6042480984","1.05920811407985","0.58757650184278","19.56638628",
"10/24/1988","-51.875","-4.83955001831055","219","33.556","22.026","3.56712048","1.2453767300891","0.694178499350745","19.5262866",
"10/25/1988","-51.875","-4.83955001831055","219","36.028","23.137","0.10471356","1.38614197830753","0.511038060435314","21.1188357",
"10/26/1988","-51.875","-4.83955001831055","219","33.339","23.469","0.063514692","1.79577116533917","0.584144057536336","16.7646366",
"10/27/1988","-51.875","-4.83955001831055","219","34.361","21.67","2.432439972","1.45933611717181","0.760571058552705","9.89988444",
"10/28/1988","-51.875","-4.83955001831055","219","31.826","21.782","4.09583808","1.42291556300833","0.755423784569044","18.79031196",
"10/29/1988","-51.875","-4.83955001831055","219","34.068","22.13","5.003930664","1.113064061606","0.738072535863354","12.6416286",
"10/30/1988","-51.875","-4.83955001831055","219","31.921","21.073","0.952720164","1.39603072957069","0.80224887969557","11.17394982",
"10/31/1988","-51.875","-4.83955001831055","219","32.92","21.645","14.1208596","1.22013118934153","0.73333031836525","12.40087266",
"11/1/1988","-51.875","-4.83955001831055","219","35.768","21.339","0.262641744","1.11555640405809","0.582876438896084","19.70988696",
"11/2/1988","-51.875","-4.83955001831055","219","34.152","20.926","0.334739556","1.3266117204645","0.625785122555584","16.61016816",
"11/3/1988","-51.875","-4.83955001831055","219","35.156","21.141","11.3425308792","1.64182425088979","0.733774263727943","17.63336736",
"11/4/1988","-51.875","-4.83955001831055","219","27.929","20.594","26.05991832","1.05637234411268","0.912995228943776","9.52773642",
"11/5/1988","-51.875","-4.83955001831055","219","35.328","19.227","0.5089759704","1.1499049294567","0.73545822831905","18.54871794",
"11/6/1988","-51.875","-4.83955001831055","219","32.947","20.786","0.5407335936","1.18918911627528","0.719669698044726","9.82765962",
"11/7/1988","-51.875","-4.83955001831055","219","33.559","21.361","0.511551","1.11071356514622","0.705218300916103","18.29587932",
"11/8/1988","-51.875","-4.83955001831055","219","33.548","22.428","1.3835907144","1.19935108661611","0.645996214705776","19.9919277",
"11/9/1988","-51.875","-4.83955001831055","219","33.39","22.002","0.880622568","1.47538645393735","0.697413704556822","15.00350976",
"11/10/1988","-51.875","-4.83955001831055","219","33.695","20.762","3.709603224","1.3971204481996","0.718908498747637","18.66555144",
"11/11/1988","-51.875","-4.83955001831055","219","34.005","21.53","7.2046284264","1.60824591064923","0.702397903715583","20.79995652",
"11/12/1988","-51.875","-4.83955001831055","219","35.15","21.271","0.50897592","1.49506266538467","0.64569877030097","20.7295902",
"11/13/1988","-51.875","-4.83955001831055","219","30.406","21.396","0.32444028","1.37258768134586","0.718462375768252","11.41160976",
"11/14/1988","-51.875","-4.83955001831055","219","33.179","22.782","0.6231311496","1.15870050060645","0.705647012159551","10.0434402",
"11/15/1988","-51.875","-4.83955001831055","219","31.165","21.133","1.81446192","1.7222585068981","0.73483934973629","18.09196974",
"11/16/1988","-51.875","-4.83955001831055","219","33.921","21.948","0.7089618528","1.50362091426664","0.656744897400458","18.2715228",
"11/17/1988","-51.875","-4.83955001831055","219","34.595","22.3","0.1750947624","1.43344132272413","0.673783796109494","18.63371016",
"11/18/1988","-51.875","-4.83955001831055","219","32.596","21.634","16.141315752","1.30253158735588","0.783644956409447","23.6231388",
"11/19/1988","-51.875","-4.83955001831055","219","24.154","22.054","49.43244312","1.43669535855117","0.950164160454774","5.32878912",
"11/20/1988","-51.875","-4.83955001831055","219","32.44","20.262","0.257492412","1.58539272018732","0.762676358616858","22.8291138",
"11/21/1988","-51.875","-4.83955001831055","219","30.082","21.178","3.8847005064","1.49606464035176","0.834084301269879","22.66081758",
"11/22/1988","-51.875","-4.83955001831055","219","33.897","22.22","0.0034332264","1.51303746223348","0.712024012797731","19.821312",
"11/23/1988","-51.875","-4.83955001831055","219","33.745","21.912","0","1.71565933810664","0.621720353787881","23.43313728",
"11/24/1988","-51.875","-4.83955001831055","219","35.464","21.542","0.16994484","1.36533281955358","0.624716468552005","19.13602284",
"11/25/1988","-51.875","-4.83955001831055","219","33.889","22.25","3.40404588","1.70320833570425","0.751873049761873","21.0880062",
"11/26/1988","-51.875","-4.83955001831055","219","33.048","21.923","0","1.59795951287858","0.675355111641878","21.49098768",
"11/27/1988","-51.875","-4.83955001831055","219","30.827","22.112","3.8864138544","1.27785354008881","0.737514335999424","8.311212612",
"11/28/1988","-51.875","-4.83955001831055","219","28.261","22.225","16.103552652","1.16781879697875","0.911529677284601","24.44074452",
"11/29/1988","-51.875","-4.83955001831055","219","25.233","21.141","8.6946468264","1.47395040933454","0.94946828745315","12.87595908",
"11/30/1988","-51.875","-4.83955001831055","219","30.007","19.27","2.593802952","0.960011555851161","0.854354195055284","16.64122212",
"12/1/1988","-51.875","-4.83955001831055","219","27.658","21.057","23.0180751504","0.694439192705575","0.9516675462653","11.01121956",
"12/2/1988","-51.875","-4.83955001831055","219","31.731","20.086","2.23674966","1.09018919397006","0.82041212169971","19.13490252",
"12/3/1988","-51.875","-4.83955001831055","219","33.147","19.474","1.747512","1.40590915407526","0.746919618117671","24.13248102",
"12/4/1988","-51.875","-4.83955001831055","219","28.254","21.415","9.89284752","1.13239348241213","0.906521363242174","24.9593616",
"12/5/1988","-51.875","-4.83955001831055","219","27.681","20.617","9.815599872","1.2674925583046","0.920806608477835","6.73312626",
"12/6/1988","-51.875","-4.83955001831055","219","33.346","21.641","4.6709066448","0.972088651936685","0.854465232757224","18.91260792",
"12/7/1988","-51.875","-4.83955001831055","219","35.515","20.127","0.825690168","1.15354769007194","0.693458454106246","20.77177626",
"12/8/1988","-51.875","-4.83955001831055","219","29.993","21.838","2.55260448","1.19835273714352","0.839096769627065","10.5269049",
"12/9/1988","-51.875","-4.83955001831055","219","28.848","20.825","14.7912069672","1.10728314129258","0.9006763897793","23.6943594",
"12/10/1988","-51.875","-4.83955001831055","219","26.16","22.327","13.1835928392","1.05660577657889","0.949455890306102","18.30493134",
"12/11/1988","-51.875","-4.83955001831055","219","29.767","21.74","4.6949364144","0.784284203669992","0.906822028685337","11.23638228",
"12/12/1988","-51.875","-4.83955001831055","219","31.414","21.493","1.9329074064","1.23634685606329","0.795343237711876","12.53199312",
"12/13/1988","-51.875","-4.83955001831055","219","34.592","21.516","0","1.68092129997917","0.58404745134868","27.6015915",
"12/14/1988","-51.875","-4.83955001831055","219","33.27","22.219","0.11844648","1.05900148303605","0.615376669128497","13.0328496",
"12/15/1988","-51.875","-4.83955001831055","219","31.862","21","9.0723092904","0.861543295865605","0.840572786972335","18.3524652",
"12/16/1988","-51.875","-4.83955001831055","219","25.537","22.18","9.428501484","1.08135658665391","0.934286663350846","7.468309728",
"12/17/1988","-51.875","-4.83955001831055","219","26.566","22.087","6.248474064","1.31293750942656","0.941982087656358","10.20127302",
"12/18/1988","-51.875","-4.83955001831055","219","30.328","21.526","22.39837308","1.06941817459546","0.902511191994666","18.4195161",
"12/19/1988","-51.875","-4.83955001831055","219","28.996","21.608","14.47534836","0.584198063537062","0.937930169272682","16.9683768",
"12/20/1988","-51.875","-4.83955001831055","219","26.723","20.652","8.665459992","0.625425265700286","0.959002767209611","12.26856798",
"12/21/1988","-51.875","-4.83955001831055","219","28.397","19.494","13.7947090104","0.932844877785958","0.948234641124005","17.6280156",
"12/22/1988","-51.875","-4.83955001831055","219","27.48","20.629","10.4043977064","1.01097218323485","0.934181521857802","21.7090692",
"12/23/1988","-51.875","-4.83955001831055","219","30.679","21.315","9.43450884","0.884339016340303","0.891757277840051","25.1535951",
"12/24/1988","-51.875","-4.83955001831055","219","25.363","22.108","13.3964586","1.10172178073562","0.970276376330783","16.69663782",
"12/25/1988","-51.875","-4.83955001831055","219","30.177","21.63","7.7136084","1.30434658986214","0.891550162254991","21.84052896",
"12/26/1988","-51.875","-4.83955001831055","219","32.203","19.56","2.10285432","1.10657045250235","0.830258126480726","22.82152878",
"12/27/1988","-51.875","-4.83955001831055","219","29.921","18.907","3.409196004","1.10171696228138","0.833290104253065","27.55006632",
"12/28/1988","-51.875","-4.83955001831055","219","26.606","20.645","14.057349552","1.09333831179491","0.941521191237736","26.7765183",
"12/29/1988","-51.875","-4.83955001831055","219","26.17","22.392","13.191319008","0.952760216045021","0.95943636101833","18.89976978",
"12/30/1988","-51.875","-4.83955001831055","219","29.153","22.02","7.006356144","0.892565556354662","0.89131376903917","26.8326549",
"12/31/1988","-51.875","-4.83955001831055","219","30.911","21.422","5.488014384","1.11738615225791","0.888559511466005","18.4560219",
"1/1/1989","-51.875","-4.83955001831055","219","30.846","20.932","9.4104742464","1.10839853399207","0.883168673678558","24.11673912",
"1/2/1989","-51.875","-4.83955001831055","219","31.809","21.62","6.52656528","1.25739494875559","0.858434921587806","25.07349222",
"1/3/1989","-51.875","-4.83955001831055","219","30.319","21.903","5.73349356","1.39774288605534","0.889569002882984","25.72408314",
"1/4/1989","-51.875","-4.83955001831055","219","31.113","20.971","0.4428861264","1.37331720033903","0.835974694499866","18.148216032",
"1/5/1989","-51.875","-4.83955001831055","219","27.534","20.157","5.280306984","0.927806848131575","0.928642907272089","19.56481668",
"1/6/1989","-51.875","-4.83955001831055","219","32.907","22.418","2.420426844","1.11129841284143","0.781976985821184","21.73200894",
"1/7/1989","-51.875","-4.83955001831055","219","32.732","20.279","0.647163828","1.73832146859509","0.737974675894887","26.53340004",
"1/8/1989","-51.875","-4.83955001831055","219","25.844","21.182","3.0023567568","1.14595409890308","0.92592146560415","14.36242806",
"1/9/1989","-51.875","-4.83955001831055","219","26.327","21.069","14.1311656512","0.707838133876079","0.95487508935675","8.35307082",
"1/10/1989","-51.875","-4.83955001831055","219","25.508","19.261","17.4819778128","0.653801461218368","0.959907447826371","7.25608332",
"1/11/1989","-51.875","-4.83955001831055","219","32.505","20.457","3.7113178536","0.886868692119175","0.867633169141785","23.52977046",
"1/12/1989","-51.875","-4.83955001831055","219","32.474","18.989","13.478855904","0.84061485907976","0.876947353771206","27.82495818",
"1/13/1989","-51.875","-4.83955001831055","219","28.177","21.12","10.2687838992","1.08026714564413","0.925434521402012","23.811973902",
"1/14/1989","-51.875","-4.83955001831055","219","26.49","22.042","11.9356184304","1.02225759758732","0.953139044405606","20.839218588",
"1/15/1989","-51.875","-4.83955001831055","219","26.283","21.907","17.32406184","0.942464657519139","0.967786615019547","21.954606552",
"1/16/1989","-51.875","-4.83955001831055","219","30.605","21.609","2.182674168","1.08421220155506","0.860677522794042","20.08079964",
"1/17/1989","-51.875","-4.83955001831055","219","28.651","18.785","1.9998548784","1.02108124649551","0.890455901349327","16.84496952",
"1/18/1989","-51.875","-4.83955001831055","219","32.875","19.204","1.9226077056","1.39432525000773","0.74269825960236","25.01848512",
"1/19/1989","-51.875","-4.83955001831055","219","30.586","16.514","3.376580904","1.20432794224083","0.846423790777245","28.167245712",
"1/20/1989","-51.875","-4.83955001831055","219","30.44","20.545","7.978816584","1.0988307648904","0.894923114880819","27.118907568",
"1/21/1989","-51.875","-4.83955001831055","219","29.26","20.181","5.573849904","1.30120752481723","0.871850926926414","26.2557036",
"1/22/1989","-51.875","-4.83955001831055","219","27.802","20.703","7.098197724","1.26414270822534","0.932330705868798","19.13670576",
"1/23/1989","-51.875","-4.83955001831055","219","31.667","20.071","1.30119354","1.49217972026898","0.821759817440078","27.42834348",
"1/24/1989","-51.875","-4.83955001831055","219","29.153","19.199","7.2217963008","1.12692354391558","0.925125478037881","25.4575143",
"1/25/1989","-51.875","-4.83955001831055","219","27.015","20.284","25.271963892","0.871539195789305","0.936943277067405","8.86556466",
"1/26/1989","-51.875","-4.83955001831055","219","23.825","20.481","51.80398848","0.587056173593517","0.978899064237715","4.61570148",
"1/27/1989","-51.875","-4.83955001831055","219","28.913","20.299","14.96028924","0.898124357072227","0.941786751606503","19.23368058",
"1/28/1989","-51.875","-4.83955001831055","219","30.338","20.313","1.738929996","1.35074879466325","0.847763978545849","18.3810429",
"1/29/1989","-51.875","-4.83955001831055","219","25.952","21.235","25.433351244","0.780540617456158","0.97455566637409","11.49565032",
"1/30/1989","-51.875","-4.83955001831055","219","26.683","22.157","25.9826787","0.772451528034378","0.960807603096384","17.12418858",
"1/31/1989","-51.875","-4.83955001831055","219","25.381","20.547","44.9220816","0.918117901333669","0.976280020910233","13.34120256",
"2/1/1989","-51.875","-4.83955001831055","219","30.221","21.111","8.761593096","1.15724440640273","0.90025662488908","20.79005535",
"2/2/1989","-51.875","-4.83955001831055","219","26.157","22.095","14.7371362344","0.863667191945559","0.965961544153262","21.73865697",
"2/3/1989","-51.875","-4.83955001831055","219","29.047","21.478","8.044051428","0.814936035810013","0.915571931521418","16.34776857",
"2/4/1989","-51.875","-4.83955001831055","219","25.133","21.417","25.75608372","0.630363846598252","0.976562364078623","10.72681749",
"2/5/1989","-51.875","-4.83955001831055","219","28.612","20.714","4.0752433944","0.894938648693928","0.922267047597095","16.3377576",
"2/6/1989","-51.875","-4.83955001831055","219","29.558","21.418","7.051852224","1.28112130227748","0.899827257571569","21.22087365",
"2/7/1989","-51.875","-4.83955001831055","219","26.737","20.738","10.208708712","0.937172420669167","0.959272993396888","21.89295342",
"2/8/1989","-51.875","-4.83955001831055","219","24.054","21.49","2.235031848","0.811678032318486","0.967338005294608","5.55693813",
"2/9/1989","-51.875","-4.83955001831055","219","28.229","20.101","7.796859336","0.869163473323681","0.935101386480452","20.47196619",
"2/10/1989","-51.875","-4.83955001831055","219","30.143","20.196","8.535007584","0.76005799412442","0.924907784080697","19.2988143",
"2/11/1989","-51.875","-4.83955001831055","219","28.93","19.119","12.12959304","0.909498016944408","0.928435050271131","24.91577352",
"2/12/1989","-51.875","-4.83955001831055","219","29.268","19.753","8.311843404","0.922865688712074","0.92432040003959","17.37157635",
"2/13/1989","-51.875","-4.83955001831055","219","29.714","20.674","18.86559192","0.978989110355494","0.904169328170456","25.31745297",
"2/14/1989","-51.875","-4.83955001831055","219","26.033","20.147","21.6876996","0.649481191800035","0.97143573625413","20.178840168",
"2/15/1989","-51.875","-4.83955001831055","219","24.814","21.403","11.4051784104","0.896933861078775","0.973734325313217","14.318386308",
"2/16/1989","-51.875","-4.83955001831055","219","28.522","19.109","9.901429596","0.933061680496298","0.924170476939838","23.55468966",
"2/17/1989","-51.875","-4.83955001831055","219","32.271","18.26","7.2441095184","0.77267030590855","0.847177954800061","22.3565022",
"2/18/1989","-51.875","-4.83955001831055","219","31.62","18.436","9.214778124","0.934519703012589","0.903025190209058","26.898801048",
"2/19/1989","-51.875","-4.83955001831055","219","30.721","21.474","7.614901512","1.20537101569839","0.923750724128152","23.3822781",
"2/20/1989","-51.875","-4.83955001831055","219","29.639","20.564","5.676843672","1.3414881293321","0.900811224668598","23.5654893",
"2/21/1989","-51.875","-4.83955001831055","219","29.64","21.231","6.1677987984","1.12920603331649","0.880632745524506","26.78895324",
"2/22/1989","-51.875","-4.83955001831055","219","25.902","21.071","15.209199396","1.1419563523772","0.970287023810289","22.35908763",
"2/23/1989","-51.875","-4.83955001831055","219","30.208","22.175","7.007218668","1.29270986953841","0.884981296828452","26.0948817",
"2/24/1989","-51.875","-4.83955001831055","219","27.944","21.652","9.0328252464","1.32799011228768","0.916323630600982","26.7891219",
"2/25/1989","-51.875","-4.83955001831055","219","29.186","21.846","4.830557724","1.23926503886281","0.89634132515945","19.38408831",
"2/26/1989","-51.875","-4.83955001831055","219","27.708","20.477","8.17108254","1.21329127695743","0.932319843480312","20.97579078",
"2/27/1989","-51.875","-4.83955001831055","219","30.162","21.608","4.739575428","1.12361578863145","0.906834863261412","17.838167328",
"2/28/1989","-51.875","-4.83955001831055","219","27.913","21.88","11.324506104","0.78825254823777","0.953893339373598","20.6924562",
"3/1/1989","-51.875","-4.83955001831055","219","33.345","20.677","1.8367749","1.18076238513203","0.842413126351614","22.39391412",
"3/2/1989","-51.875","-4.83955001831055","219","27.427","21.461","12.97417302","1.22091586821392","0.952398784859773","25.55859798",
"3/3/1989","-51.875","-4.83955001831055","219","28.191","21.619","8.81996004","1.23033294484274","0.907421030072888","24.18744762",
"3/4/1989","-51.875","-4.83955001831055","219","25.645","22.043","12.675477924","0.855393673266424","0.970056733024939","15.21595764",
"3/5/1989","-51.875","-4.83955001831055","219","30.585","21.599","4.579923924","1.25494546612865","0.853300628555827","20.25737415",
"3/6/1989","-51.875","-4.83955001831055","219","30.45","21.108","8.902358316","1.24912043104529","0.867863331011294","21.40070364",
"3/7/1989","-51.875","-4.83955001831055","219","25.746","21.696","25.169022252","0.975473912056597","0.965236624601197","12.65850531",
"3/8/1989","-51.875","-4.83955001831055","219","22.887","21.106","52.569584748","0.748175362601342","0.983328716817904","1.486406772",
"3/9/1989","-51.875","-4.83955001831055","219","24.084","20.005","6.66389412","0.797915672272012","0.980026166949542","8.436147138",
"3/10/1989","-51.875","-4.83955001831055","219","28.354","21.544","9.1838843064","0.816274052548246","0.940661103321807","14.34262392",
"3/11/1989","-51.875","-4.83955001831055","219","26.005","22.204","15.9027012864","1.03413743796246","0.965663222552807","21.692471778",
"3/12/1989","-51.875","-4.83955001831055","219","28.324","21.356","6.976316016","0.979042177530919","0.941386286853554","16.24005396",
"3/13/1989","-51.875","-4.83955001831055","219","27.563","22.136","5.834769984","0.753171230839859","0.942986752127695","19.2287187",
"3/14/1989","-51.875","-4.83955001831055","219","30.991","21.813","2.969738676","1.14626052893994","0.831997123000655","23.70706911",
"3/15/1989","-51.875","-4.83955001831055","219","26.133","20.541","12.421414872","0.956228723062185","0.96425806363984","19.393367688",
"3/16/1989","-51.875","-4.83955001831055","219","28.388","18.829","11.034392112","0.79410091233938","0.934926147965249","19.84719402",
"3/17/1989","-51.875","-4.83955001831055","219","23.259","17.889","47.38195296","0.572228335656346","0.980528875371965","3.576265092",
"3/18/1989","-51.875","-4.83955001831055","219","29.459","19.194","16.2529018128","0.602080631219488","0.92752346621551","23.158852128",
"3/19/1989","-51.875","-4.83955001831055","219","25.157","22.037","15.72418404","1.05656412995685","0.974917153003899","13.14326034",
"3/20/1989","-51.875","-4.83955001831055","219","24.826","20.731","7.11021492","0.965515606065313","0.962692896485847","10.374021612",
"3/21/1989","-51.875","-4.83955001831055","219","26.326","21.099","7.5530976624","1.06225664710552","0.957621303892378","13.40859753",
"3/22/1989","-51.875","-4.83955001831055","219","24.328","20.079","5.30777268","1.15441655116952","0.959301373666038","13.59010854",
"3/23/1989","-51.875","-4.83955001831055","219","28.016","19.83","4.514696064","0.774594326244521","0.925756769362501","11.219572404",
"3/24/1989","-51.875","-4.83955001831055","219","25.927","21.143","10.303118604","0.875099215571018","0.969137098452813","11.208034458",
"3/25/1989","-51.875","-4.83955001831055","219","27.347","20.921","8.833706604","0.835740139282843","0.933519006534263","10.49085135",
"3/26/1989","-51.875","-4.83955001831055","219","25.595","21.005","56.119585032","1.09759039329138","0.952750900933946","7.95431313",
"3/27/1989","-51.875","-4.83955001831055","219","26.73","20.756","24.7776138","0.898827820444478","0.945795215587305","10.177709202",
"3/28/1989","-51.875","-4.83955001831055","219","30.061","20.695","13.509752652","0.980172079150552","0.932268638838693","21.85954065",
"3/29/1989","-51.875","-4.83955001831055","219","29.501","21.279","2.166366636","1.46993251146854","0.865032225099575","20.15190081",
"3/30/1989","-51.875","-4.83955001831055","219","29.394","20.935","7.1788758624","0.963341534694635","0.881170561764569","22.198444452",
"3/31/1989","-51.875","-4.83955001831055","219","22.826","19.625","148.766850288","0.808226728660043","0.982203070377009","2.83888224",
"4/1/1989","-51.875","-4.83955001831055","219","22.731","19.165","58.8249196128","0.65462209674613","0.982316621916997","3.39462927",
"4/2/1989","-51.875","-4.83955001831055","219","25.648","19.828","10.0662232824","0.612759801466493","0.964578380497616","14.21308044",
"4/3/1989","-51.875","-4.83955001831055","219","27.942","20.301","4.89578256","0.670416786167228","0.940830837326888","13.60805292",
"4/4/1989","-51.875","-4.83955001831055","219","25.844","21.647","18.093097116","0.666599093513232","0.96902982835358","10.515259332",
"4/5/1989","-51.875","-4.83955001831055","219","26.867","21.739","14.570626284","0.978938868665435","0.950660308829566","20.44974132",
"4/6/1989","-51.875","-4.83955001831055","219","24.746","21.893","8.17450812","0.678312030781091","0.972296112976129","8.628633",
"4/7/1989","-51.875","-4.83955001831055","219","26.922","21.847","15.293306664","0.913780087391563","0.95096294048644","12.6063549",
"4/8/1989","-51.875","-4.83955001831055","219","28.128","20.666","15.81001776","1.12683400229855","0.944784318029407","11.59352262",
"4/9/1989","-51.875","-4.83955001831055","219","25.024","21.772","31.24923444","0.845455019361129","0.974427795626877","8.090156772",
"4/10/1989","-51.875","-4.83955001831055","219","25.044","19.706","22.44987684","1.20667019810842","0.960701092026295","6.815529",
"4/11/1989","-51.875","-4.83955001831055","219","21.924","19.441","3.4812937584","0.703714293750775","0.98289063588341","2.61045054",
"4/12/1989","-51.875","-4.83955001831055","219","30.192","19.352","2.921678604","0.434051902209145","0.909011988677903","17.17194294",
"4/13/1989","-51.875","-4.83955001831055","219","30.438","18.921","13.7123111592","0.727872728562924","0.931003971566691","20.2618683",
"4/14/1989","-51.875","-4.83955001831055","219","25.219","21.129","11.3811515064","0.847987805675725","0.970307335356924","15.22198026",
"4/15/1989","-51.875","-4.83955001831055","219","26.329","18.792","27.2735747784","0.768278208050321","0.95466818450282","9.539270208",
"4/16/1989","-51.875","-4.83955001831055","219","29.564","18.618","8.9023641264","0.787855534288039","0.928332322830321","11.96010072",
"4/17/1989","-51.875","-4.83955001831055","219","27.563","20.362","0.583648704","0.920581948854809","0.885807335347113","12.37398534",
"4/18/1989","-51.875","-4.83955001831055","219","28.002","19.382","13.58872002","0.702718765460135","0.932520647912112","22.11299892",
"4/19/1989","-51.875","-4.83955001831055","219","29.622","22.466","8.1367474464","0.769507117971975","0.934838923902609","19.33368552",
"4/20/1989","-51.875","-4.83955001831055","219","26.808","21.73","7.625195604","1.05060600529089","0.953003549937936","21.51067464",
"4/21/1989","-51.875","-4.83955001831055","219","31.71","20.823","4.7962127304","1.05856719291164","0.878831408499206","24.6556629",
"4/22/1989","-51.875","-4.83955001831055","219","23.91","21.596","24.65057412","0.670769008429365","0.980065074817517","3.16760706",
"4/23/1989","-51.875","-4.83955001831055","219","27.114","21.472","21.20704272","0.741683212204124","0.966451978433323","17.276287788",
"4/24/1989","-51.875","-4.83955001831055","219","25.054","22.559","12.6960786","0.788501478689414","0.976731126700569","6.473865348",
"4/25/1989","-51.875","-4.83955001831055","219","27.514","22.16","10.55374236","0.583514997468616","0.951117730676863","13.0554639",
"4/26/1989","-51.875","-4.83955001831055","219","23.164","20.729","39.47869008","1.14574357966149","0.982942190816168","1.12280562",
"4/27/1989","-51.875","-4.83955001831055","219","23.766","20.523","21.81130848","0.80607801381842","0.982377792361612","4.102254",
"4/28/1989","-51.875","-4.83955001831055","219","25.335","20.436","3.268433268","0.931368327934759","0.964487970643938","11.7879849",
"4/29/1989","-51.875","-4.83955001831055","219","25.85","21.301","6.227878752","0.839498904516532","0.960107969800078","13.14798444",
"4/30/1989","-51.875","-4.83955001831055","219","23.409","21.704","26.98173216","0.741458725977793","0.982132491849157","2.78499366",
"5/1/1989","-51.875","-4.83955001831055","219","24.099","19.087","46.9819809864","0.835532735667986","0.977882016463171","5.947145352",
"5/2/1989","-51.875","-4.83955001831055","219","24.89","18.774","2.008436976","0.761176091933873","0.968456731159497","8.88254496",
"5/3/1989","-51.875","-4.83955001831055","219","27.499","19.558","13.825616832","0.81822929106035","0.93574879305157","10.27062954",
"5/4/1989","-51.875","-4.83955001831055","219","29.473","18.162","5.910301116","0.891760124219544","0.897300663451103","22.4985366",
"5/5/1989","-51.875","-4.83955001831055","219","23.905","18.297","28.19365344","0.82643775981092","0.974250083294441","5.97594456",
"5/6/1989","-51.875","-4.83955001831055","219","31.835","17.064","2.5302887352","0.753283524111249","0.861557452353375","17.42878188",
"5/7/1989","-51.875","-4.83955001831055","219","28.086","20.212","6.5111141592","0.847462105502277","0.952234177126702","19.10626776",
"5/8/1989","-51.875","-4.83955001831055","219","30.216","22.147","24.973283736","0.853086546817988","0.919388424827772","15.6387933",
"5/9/1989","-51.875","-4.83955001831055","219","25.87","22.337","46.3468572","0.97697266306743","0.975813513565689","17.00853912",
"5/10/1989","-51.875","-4.83955001831055","219","28.564","22.236","13.5337796568","1.14688013581443","0.950980379327558","13.52553804",
"5/11/1989","-51.875","-4.83955001831055","219","25.563","21.751","21.7203156","1.25626933317463","0.974813601766758","12.65563026",
"5/12/1989","-51.875","-4.83955001831055","219","24.37","20.559","13.24367388","1.31491883664734","0.971734658715821","6.33110832",
"5/13/1989","-51.875","-4.83955001831055","219","25.328","18.47","10.598374476","0.73766751015352","0.969403337750744","13.17701052",
"5/14/1989","-51.875","-4.83955001831055","219","23.231","20.656","88.036523172","1.30430539686855","0.981808111272106","2.32818804",
"5/15/1989","-51.875","-4.83955001831055","219","22.585","20.411","68.595935832","1.07410418035829","0.984275876580104","1.94236938",
"5/16/1989","-51.875","-4.83955001831055","219","27.647","20.818","6.816669192","0.987055377745288","0.942789125244138","11.78718894",
"5/17/1989","-51.875","-4.83955001831055","219","29.684","20.625","5.620198032","0.819912163603184","0.916371310414443","14.20931556",
"5/18/1989","-51.875","-4.83955001831055","219","31.219","20.2","0.1373292","1.05085473754845","0.788437929828465","18.86877522",
"5/19/1989","-51.875","-4.83955001831055","219","30.969","19.159","0.7484436","1.16545707099782","0.774518392372793","18.0083232",
"5/20/1989","-51.875","-4.83955001831055","219","28.125","18.698","3.404905272","0.585948172417039","0.90206533325965","16.60236048",
"5/21/1989","-51.875","-4.83955001831055","219","27.917","19.152","3.8417841","1.21070385782403","0.912348233927443","12.62182896",
"5/22/1989","-51.875","-4.83955001831055","219","30.051","20.312","4.8365564256","1.18631539539661","0.858786620513507","14.69047212",
"5/23/1989","-51.875","-4.83955001831055","219","29.271","20.553","1.4299395264","0.933751355261188","0.853954721482521","12.0760929",
"5/24/1989","-51.875","-4.83955001831055","219","30.092","19.652","3.050423244","0.852540913009738","0.905067235029843","10.83509928",
"5/25/1989","-51.875","-4.83955001831055","219","30.512","19.502","4.3893773208","0.87764923992635","0.901245108149724","19.17280782",
"5/26/1989","-51.875","-4.83955001831055","219","31.583","19.05","1.1072159424","0.700844497111487","0.860693810165611","14.5261116",
"5/27/1989","-51.875","-4.83955001831055","219","30.833","18.183","5.6871413064","1.03079213764567","0.874742061464755","22.60783314",
"5/28/1989","-51.875","-4.83955001831055","219","26.639","22.314","7.3144927224","0.753269039499979","0.963432789079589","11.44906902",
"5/29/1989","-51.875","-4.83955001831055","219","26.197","22.291","11.273858532","0.487554460702802","0.963839456456835","15.34145868",
"5/30/1989","-51.875","-4.83955001831055","219","25.444","21.89","31.99425192","0.881048475512925","0.976282038307018","11.9242665",
"5/31/1989","-51.875","-4.83955001831055","219","27.997","20.294","7.26642612","1.28196143362572","0.935898998364027","14.6530737",
"6/1/1989","-51.875","-4.83955001831055","219","28.122","21.862","7.848361188","1.11247957212158","0.947224670894607","15.4219455",
"6/2/1989","-51.875","-4.83955001831055","219","30.438","19.448","4.2366044448","1.11585283096517","0.868275345396137","19.09974438",
"6/3/1989","-51.875","-4.83955001831055","219","29.553","18.385","2.3122784376","1.08956397419692","0.889190348766535","20.41154838",
"6/4/1989","-51.875","-4.83955001831055","219","30.428","20.104","2.7671796","1.2428869772977","0.827374048989211","22.90336578",
"6/5/1989","-51.875","-4.83955001831055","219","31.244","19.636","5.865668172","1.02145662577033","0.85055448831895","22.40645256",
"6/6/1989","-51.875","-4.83955001831055","219","29.244","17.506","4.926680568","0.800946338895744","0.907054484577367","21.5404857",
"6/7/1989","-51.875","-4.83955001831055","219","31.613","21.121","7.341953328","1.01243607447439","0.876627188713165","17.5243446",
"6/8/1989","-51.875","-4.83955001831055","219","32.179","18.866","2.13718248","1.19513172225101","0.783768746299386","21.16940202",
"6/9/1989","-51.875","-4.83955001831055","219","32.788","20.192","2.3843763","1.43576317629316","0.784760934480088","20.41919694",
"6/10/1989","-51.875","-4.83955001831055","219","30.2","20.795","3.85894872","1.20252404314998","0.888669089728595","21.55325148",
"6/11/1989","-51.875","-4.83955001831055","219","30.765","21.425","2.586939984","1.08925307867928","0.817721623049051","12.3882264",
"6/12/1989","-51.875","-4.83955001831055","219","29.03","19.947","4.0048607592","0.844045171187899","0.892370589919506","11.56190742",
"6/13/1989","-51.875","-4.83955001831055","219","29.973","19.644","12.404251692","0.762917030954015","0.893552579820971","15.41120688",
"6/14/1989","-51.875","-4.83955001831055","219","27.733","20.628","12.4643294928","0.991550582214671","0.936386868631187","8.48154474",
"6/15/1989","-51.875","-4.83955001831055","219","29.102","18.725","9.50660892","1.26752372905992","0.924170849521233","22.42220886",
"6/16/1989","-51.875","-4.83955001831055","219","29.846","19.045","1.618767108","1.08079314060487","0.887697583463824","11.1875139",
"6/17/1989","-51.875","-4.83955001831055","219","32.286","19.955","0.104713452","1.53155514468301","0.739294603085468","22.79531142",
"6/18/1989","-51.875","-4.83955001831055","219","31.713","20.943","0.0034332264","1.37858998200969","0.725590116668732","14.2621362",
"6/19/1989","-51.875","-4.83955001831055","219","29.058","18.819","9.04311792","1.06699629583454","0.885857868943946","18.29638548",
"6/20/1989","-51.875","-4.83955001831055","219","27.133","20.928","6.246761652","1.25502134345438","0.933256029424321","14.3356527",
"6/21/1989","-51.875","-4.83955001831055","219","27.483","19.879","3.198051756","1.11945123663226","0.928004174522095","14.1180669",
"6/22/1989","-51.875","-4.83955001831055","219","32.369","18.846","0","1.14597466111591","0.79910384984965","16.8722442",
"6/23/1989","-51.875","-4.83955001831055","219","32.037","19.922","4.8717489672","1.02402578364893","0.796225885364296","14.51047428",
"6/24/1989","-51.875","-4.83955001831055","219","31.3","20.568","1.3303741032","1.58521797464555","0.771402568918379","20.0707875",
"6/25/1989","-51.875","-4.83955001831055","219","32.924","17.909","0.1665114264","1.09516248494075","0.719296615071125","17.83643112",
"6/26/1989","-51.875","-4.83955001831055","219","27.202","20.557","3.608322732","0.81156135323432","0.926131038830823","7.64769852",
"6/27/1989","-51.875","-4.83955001831055","219","31.31","19.141","3.3800142528","1.36364906984013","0.837048782136962","17.82343188",
"6/28/1989","-51.875","-4.83955001831055","219","28.394","19.38","8.30411676","1.14360075234696","0.905610954254737","22.94172756",
"6/29/1989","-51.875","-4.83955001831055","219","29.374","18.815","6.6003830928","1.1807878816348","0.908803532482103","20.3185107",
"6/30/1989","-51.875","-4.83955001831055","219","30.157","19.02","0.8977891464","1.44144424364742","0.813466192970809","20.43275256",
"7/1/1989","-51.875","-4.83955001831055","219","32.015","19.905","0.46691892","1.72098380978244","0.707635878535415","20.56455036",
"7/2/1989","-51.875","-4.83955001831055","219","30.959","17.437","0.0137329056","1.3722827361627","0.75580009391753","15.83094168",
"7/3/1989","-51.875","-4.83955001831055","219","32.141","15.395","0","1.36330769004113","0.628455688888853","23.74368786",
"7/4/1989","-51.875","-4.83955001831055","219","30.721","18.851","0","1.45515796359993","0.626477711271979","23.46074964",
"7/5/1989","-51.875","-4.83955001831055","219","32.777","17.964","0","1.32502492960072","0.608986226123558","22.53824964",
"7/6/1989","-51.875","-4.83955001831055","219","31.683","14.561","0","1.45248914626016","0.591997420120556","19.91041344",
"7/7/1989","-51.875","-4.83955001831055","219","29.651","20.334","2.990339712","1.09127330238873","0.782614427923933","13.41854784",
"7/8/1989","-51.875","-4.83955001831055","219","27.462","20.635","4.859733744","1.1221358023383","0.938027759260578","10.410974208",
"7/9/1989","-51.875","-4.83955001831055","219","28.198","20.448","3.7971484704","1.01027699575768","0.892740815331359","17.21098386",
"7/10/1989","-51.875","-4.83955001831055","219","28.362","19.106","8.873181108","0.946553993275392","0.923442124881995","15.910875",
"7/11/1989","-51.875","-4.83955001831055","219","25.5","20.233","6.52484628","0.876968536244684","0.961280196759234","11.74482918",
"7/12/1989","-51.875","-4.83955001831055","219","27.264","16.813","1.1029247928","0.752153845857303","0.880078773625409","18.51974946",
"7/13/1989","-51.875","-4.83955001831055","219","32.158","17.07","0","1.1128047868516","0.68923637641361","23.4532116",
"7/14/1989","-51.875","-4.83955001831055","219","33.307","18.724","0","1.37224550624953","0.547608783885268","20.95290072",
"7/15/1989","-51.875","-4.83955001831055","219","33.255","22.061","0","1.07839714646967","0.563666159988351","16.57130238",
"7/16/1989","-51.875","-4.83955001831055","219","32.198","17.505","0","1.1616399756111","0.588852870909415","17.41662468",
"7/17/1989","-51.875","-4.83955001831055","219","31.193","20.738","0.341606088","0.99410546919925","0.693536245425438","9.68411214",
"7/18/1989","-51.875","-4.83955001831055","219","32.318","20.186","0","1.42785939392072","0.697879483827685","19.90136142",
"7/19/1989","-51.875","-4.83955001831055","219","33.162","20.152","0","1.66783538269483","0.572784468264867","20.48850126",
"7/20/1989","-51.875","-4.83955001831055","219","32.758","19.197","0","1.38773291815529","0.600363286830853","18.17380638",
"7/21/1989","-51.875","-4.83955001831055","219","31.484","21.093","0","1.51895226138029","0.580848120935435","15.97269294",
"7/22/1989","-51.875","-4.83955001831055","219","31.342","21.509","0.063514692","1.16610555894891","0.740358191317593","11.7774531",
"7/23/1989","-51.875","-4.83955001831055","219","33.342","20.933","0","1.18981280030442","0.644206488389768","24.41329416",
"7/24/1989","-51.875","-4.83955001831055","219","32.081","20.272","0","1.27221105374029","0.665792194967981","15.83594856",
"7/25/1989","-51.875","-4.83955001831055","219","28.261","19.562","4.5335736","1.30076937294516","0.870965356108326","22.98993894",
"7/26/1989","-51.875","-4.83955001831055","219","31.622","19.875","0.2265931152","1.46341266985244","0.76541667957736","18.45236574",
"7/27/1989","-51.875","-4.83955001831055","219","30.095","20.504","2.7242670672","1.49137212382553","0.772346051387932","22.0715406",
"7/28/1989","-51.875","-4.83955001831055","219","34.363","20.024","0.0068664528","0.987905641381803","0.717275575746415","17.29327176",
"7/29/1989","-51.875","-4.83955001831055","219","32.902","21.22","0.28152468","1.21285526913033","0.693951420546548","15.49946574",
"7/30/1989","-51.875","-4.83955001831055","219","33.577","19.507","1.17158868","1.42253488565281","0.673782846361563","24.84219474",
"7/31/1989","-51.875","-4.83955001831055","219","33.753","17.249","0","1.22999459537061","0.591924724918007","20.7444411",
"8/1/1989","-51.875","-4.83955001831055","219","33.248","22.821","0","1.32573384959806","0.590451283304428","16.27633728",
"8/2/1989","-51.875","-4.83955001831055","219","32.763","17.939","0.010299672","1.12242229633986","0.696113898066624","17.56282716",
"8/3/1989","-51.875","-4.83955001831055","219","33.414","20.237","0.113296356","1.35919323959052","0.678540487430094","14.10069456",
"8/4/1989","-51.875","-4.83955001831055","219","33.254","18.75","0","1.63798298087693","0.536716105315145","24.85563984",
"8/5/1989","-51.875","-4.83955001831055","219","33.284","19.369","0","1.48910411330411","0.499391002217878","19.2340107",
"8/6/1989","-51.875","-4.83955001831055","219","34.944","19.581","0","1.43313827731784","0.5606599481542","19.12342572",
"8/7/1989","-51.875","-4.83955001831055","219","26.457","17.964","6.9591528","1.26232512535936","0.894438867592769","18.23308956",
"8/8/1989","-51.875","-4.83955001831055","219","29.804","17.76","5.791849344","0.930291389090857","0.835851057163903","11.263102632",
"8/9/1989","-51.875","-4.83955001831055","219","33.514","17.872","0","1.19413564339371","0.662730286832256","18.75909114",
"8/10/1989","-51.875","-4.83955001831055","219","34.718","19.207","0","1.19125825064316","0.563013653871463","25.437483",
"8/11/1989","-51.875","-4.83955001831055","219","32.567","20.05","0.72097812","1.36758479411366","0.640654508797671","19.86479874",
"8/12/1989","-51.875","-4.83955001831055","219","30.567","20.199","1.833343848","1.05815345194057","0.759410778076481","18.14535288",
"8/13/1989","-51.875","-4.83955001831055","219","28.886","19.361","6.8389839","1.17982330097677","0.886771414483332","17.650184328",
"8/14/1989","-51.875","-4.83955001831055","219","30.214","20.164","4.7790522","0.970415662684743","0.885321611098142","10.5284286",
"8/15/1989","-51.875","-4.83955001831055","219","32.655","17.374","0.37765548","1.19802412322112","0.760114817025579","15.37228188",
"8/16/1989","-51.875","-4.83955001831055","219","32.749","19.084","0.02746584","1.71713308173883","0.65734591518033","23.50034226",
"8/17/1989","-51.875","-4.83955001831055","219","31.361","20.548","3.735351972","1.36001703199303","0.804152846769637","21.59280072",
"8/18/1989","-51.875","-4.83955001831055","219","32.726","19.615","0","1.42757239232537","0.708691227662385","20.7231705",
"8/19/1989","-51.875","-4.83955001831055","219","34.652","17.769","0","1.29415952306194","0.607692932591548","18.50804874",
"8/20/1989","-51.875","-4.83955001831055","219","34.911","19.381","0","1.65691267758258","0.487825161591761","26.479125432",
"8/21/1989","-51.875","-4.83955001831055","219","34.069","19.063","0","1.93281236413853","0.517365520579704","19.9825875",
"8/22/1989","-51.875","-4.83955001831055","219","32.109","16.462","0.21286008","1.43573154529421","0.626341102460453","16.05099294",
"8/23/1989","-51.875","-4.83955001831055","219","35.362","19.366","0.096130368","1.70616102810267","0.591317381729255","20.504693448",
"8/24/1989","-51.875","-4.83955001831055","219","33.523","18.94","0","1.27998713580202","0.651427835819745","19.52409078",
"8/25/1989","-51.875","-4.83955001831055","219","31.3","21.811","1.75781304","1.359542267834","0.655618047972631","26.10202662",
"8/26/1989","-51.875","-4.83955001831055","219","34.329","17.808","0","1.4868946581993","0.63096127027514","18.91180908",
"8/27/1989","-51.875","-4.83955001831055","219","32.252","20.399","3.31993044","1.10896062063576","0.733023254372976","16.62322986",
"8/28/1989","-51.875","-4.83955001831055","219","33.966","20.596","0.411987384","1.22362081290631","0.678826140300863","17.46241974",
"8/29/1989","-51.875","-4.83955001831055","219","34.842","18.012","0","1.34013923694245","0.632590477748404","15.812660952",
"8/30/1989","-51.875","-4.83955001831055","219","33.871","20.527","0","1.64407435199659","0.549730941569183","20.4743781",
"8/31/1989","-51.875","-4.83955001831055","219","35.365","20.65","0","1.31349061825628","0.522466690172125","20.99902482",
"9/1/1989","-51.875","-4.83955001831055","219","38.046","19.527","0","1.10233971680124","0.451506123589758","26.9834589",
"9/2/1989","-51.875","-4.83955001831055","219","39.226","15.892","0","0.918508833264328","0.541302110634361","27.59484636",
"9/3/1989","-51.875","-4.83955001831055","219","37.281","19.33","0","1.87992730460029","0.408485843939491","26.97356178",
"9/4/1989","-51.875","-4.83955001831055","219","36.148","22.501","0","1.66344050063432","0.39942025502454","14.98111866",
"9/5/1989","-51.875","-4.83955001831055","219","37.328","23.533","0","1.51277028179289","0.40371169032028","19.97409042",
"9/6/1989","-51.875","-4.83955001831055","219","37.368","23.513","0","1.33879979760895","0.433785960800357","19.095979752",
"9/7/1989","-51.875","-4.83955001831055","219","35.197","20.932","0.11844648","1.5371298525281","0.515650252229083","22.584039912",
"9/8/1989","-51.875","-4.83955001831055","219","29.565","22.617","4.53701484","1.60701468861835","0.706764726319067","26.28370962",
"9/9/1989","-51.875","-4.83955001831055","219","32.792","20.494","0.3295898784","2.02609919403049","0.734195107818403","25.025507118",
"9/10/1989","-51.875","-4.83955001831055","219","35.117","18.946","0","1.46889133121717","0.613027370227796","25.891364592",
"9/11/1989","-51.875","-4.83955001831055","219","37.905","21.899","0","1.20561255258922","0.447255698312228","23.78867922",
"9/12/1989","-51.875","-4.83955001831055","219","34.519","22.945","0","1.42452684333367","0.470355556892502","19.89782064",
"9/13/1989","-51.875","-4.83955001831055","219","32.979","22.223","0.1064300544","1.54992221305774","0.580759616004658","23.39499096",
"9/14/1989","-51.875","-4.83955001831055","219","36.194","20.622","0","1.48803688649837","0.5782493260113","26.99797662",
"9/15/1989","-51.875","-4.83955001831055","219","37.194","20.374","1.1449813104","1.47422743685034","0.540894529583756","26.8570107",
"9/16/1989","-51.875","-4.83955001831055","219","34.32","20.696","1.28917656","1.05925557585722","0.61803239637664","19.568309472",
"9/17/1989","-51.875","-4.83955001831055","219","34.952","18.379","0","1.59320515161093","0.574080325931065","25.43282352",
"9/18/1989","-51.875","-4.83955001831055","219","36.173","19.245","0","1.53536102999644","0.535727177722759","21.60376992",
"9/19/1989","-51.875","-4.83955001831055","219","34.222","21.188","0","1.62586679501032","0.565623669414834","22.054166352",
"9/20/1989","-51.875","-4.83955001831055","219","28.964","20.283","0.1613616048","1.32575367405202","0.670036803389356","9.684278892",
"9/21/1989","-51.875","-4.83955001831055","219","32.36","20.156","3.707885448","1.42179292934191","0.697007417341315","16.227001368",
"9/22/1989","-51.875","-4.83955001831055","219","29.891","20.201","3.1688680104","1.58065850591262","0.840575684032969","22.09724748",
"9/23/1989","-51.875","-4.83955001831055","219","32.959","20.213","0.1991275272","1.66386602029386","0.722920408194537","17.00797284",
"9/24/1989","-51.875","-4.83955001831055","219","34.123","22.398","0.0240325992","1.64071021000525","0.604921243339457","21.18858795",
"9/25/1989","-51.875","-4.83955001831055","219","35.484","18.51","0","1.57221153648665","0.545765554613311","19.88984088",
"9/26/1989","-51.875","-4.83955001831055","219","33.778","21.238","0.48408516","1.70421080704119","0.633458083900082","19.742234112",
"9/27/1989","-51.875","-4.83955001831055","219","35.846","20.124","2.71911312","1.75464982662341","0.594161768387736","28.2199509",
"9/28/1989","-51.875","-4.83955001831055","219","36.238","20.491","0","1.37944619364186","0.472932723471412","21.140828712",
"9/29/1989","-51.875","-4.83955001831055","219","34.669","21.85","0.7278442848","1.53924313654693","0.601655796228842","17.040543048",
"9/30/1989","-51.875","-4.83955001831055","219","35.919","20.188","0.218010168","1.95204676657416","0.603543515331639","27.374507568",
"10/1/1989","-51.875","-4.83955001831055","219","34.136","22.208","0.0343323","1.79113797587456","0.556657098979809","24.154763688",
"10/2/1989","-51.875","-4.83955001831055","219","34.631","19.998","0","1.43066487452439","0.541928391753842","16.56787158",
"10/3/1989","-51.875","-4.83955001831055","219","36.775","22.966","0","2.03836479059656","0.475659394052595","20.1557853",
"10/4/1989","-51.875","-4.83955001831055","219","36.366","19.275","0","2.01791307556449","0.542396380302009","27.150131088",
"10/5/1989","-51.875","-4.83955001831055","219","35.583","20.492","0.0034332264","1.57034415755307","0.618529373915854","17.82376308",
"10/6/1989","-51.875","-4.83955001831055","219","35.053","20.52","0","1.79258348377539","0.609914325127327","19.01592954",
"10/7/1989","-51.875","-4.83955001831055","219","36.048","21.131","0","1.72527897599032","0.5144603640638","20.0167839",
"10/8/1989","-51.875","-4.83955001831055","219","37.195","20.502","0","1.82229430843702","0.506234518868161","20.22052212",
"10/9/1989","-51.875","-4.83955001831055","219","37.137","20.077","0","1.95241713384564","0.521974225235819","21.07777284",
"10/10/1989","-51.875","-4.83955001831055","219","35.166","21.596","0.04119876","1.90533530490363","0.544446700837468","19.7459406",
"10/11/1989","-51.875","-4.83955001831055","219","35.463","21.544","0.48065184","1.65762720964905","0.581898470850977","18.1594062",
"10/12/1989","-51.875","-4.83955001831055","219","34.498","21.857","0.0102996864","1.48667040907125","0.581195656960699","17.96788404",
"10/13/1989","-51.875","-4.83955001831055","219","34.135","22.986","2.5611876","1.95173433887709","0.564091903317599","23.1329286",
"10/14/1989","-51.875","-4.83955001831055","219","37.649","21.207","0","1.79882189807413","0.493035794596604","26.75503368",
"10/15/1989","-51.875","-4.83955001831055","219","36.344","21.701","0.98190486","1.50470728477243","0.524984916657053","20.3081076",
"10/16/1989","-51.875","-4.83955001831055","219","35.597","22.647","3.1448359152","1.1888589526865","0.643298870568778","18.63950994",
"10/17/1989","-51.875","-4.83955001831055","219","34.899","21.59","1.0574338968","1.29658827419934","0.690006729087114","17.39458368",
"10/18/1989","-51.875","-4.83955001831055","219","33.563","22.22","1.3561249968","1.55046056304062","0.750305864719411","12.07400364",
"10/19/1989","-51.875","-4.83955001831055","219","32.943","22.063","2.870179452","1.05712638799435","0.774097000846002","13.64445594",
"10/20/1989","-51.875","-4.83955001831055","219","33.955","20.841","6.22444536","1.31607137892","0.791126348536905","27.73804932",
"10/21/1989","-51.875","-4.83955001831055","219","33.894","20.088","10.917664632","1.13970126411458","0.784780821858711","16.8827103",
"10/22/1989","-51.875","-4.83955001831055","219","27.058","22.609","83.03773284","1.23241029630137","0.951236443932672","14.7493125",
"10/23/1989","-51.875","-4.83955001831055","219","33.603","20.986","0.6111144","1.6487324815717","0.693185833950769","22.56901272",
"10/24/1989","-51.875","-4.83955001831055","219","35.66","19.951","0","1.64443969504543","0.547904430065342","23.32529928",
"10/25/1989","-51.875","-4.83955001831055","219","35.585","23.891","0.07209792","1.99122641576891","0.515521315371835","28.313325",
"10/26/1989","-51.875","-4.83955001831055","219","33.996","21.58","5.49659772","1.3252784788287","0.723956087317529","16.26811956",
"10/27/1989","-51.875","-4.83955001831055","219","33.599","20.059","2.1080052","1.35942539534602","0.674876549954006","18.88430256",
"10/28/1989","-51.875","-4.83955001831055","219","35.59","23.936","0","1.84169854754889","0.526071917559568","20.22064128",
"10/29/1989","-51.875","-4.83955001831055","219","33.143","22.557","0","2.00877857538315","0.565216571300268","26.4204504",
"10/30/1989","-51.875","-4.83955001831055","219","36.149","21.222","1.194763824","1.51649302157181","0.628884350523712","20.10780144",
"10/31/1989","-51.875","-4.83955001831055","219","28.197","22.787","32.5126656","0.700110984584848","0.930715170029393","13.91467878",
"11/1/1989","-51.875","-4.83955001831055","219","26.434","22.617","5.0022137088","0.966654348314722","0.941176667168924","12.71165976",
"11/2/1989","-51.875","-4.83955001831055","219","26.288","21.215","8.5744843344","0.693483413160386","0.949803769045641","10.61212176",
"11/3/1989","-51.875","-4.83955001831055","219","33.806","21.936","0.1338958584","1.28456142165032","0.744056457893631","22.03318242",
"11/4/1989","-51.875","-4.83955001831055","219","35.343","19.388","0","1.56890495942764","0.617753959119133","22.3567902",
"11/5/1989","-51.875","-4.83955001831055","219","36.524","21.836","0.7621781184","1.25387457883331","0.635737573305018","19.82328912",
"11/6/1989","-51.875","-4.83955001831055","219","26.799","21.717","5.0897620728","1.5714209873456","0.825571562413644","11.5998678",
"11/7/1989","-51.875","-4.83955001831055","219","32.527","20.484","11.5219149912","1.42758513779525","0.79601740955241","26.43856668",
"11/8/1989","-51.875","-4.83955001831055","219","24.995","21.79","155.22822288","0.904783890119579","0.966909181017009","5.13208494",
"11/9/1989","-51.875","-4.83955001831055","219","23.639","20.979","11.247254316","0.912732994563489","0.968147476275087","3.60748188",
"11/10/1989","-51.875","-4.83955001831055","219","26.729","20.367","8.24489514","1.06580856965532","0.934932331618743","17.665983",
"11/11/1989","-51.875","-4.83955001831055","219","28.005","22.171","32.06980512","1.16324560545377","0.883772873973479","8.56468278",
"11/12/1989","-51.875","-4.83955001831055","219","29.43","20.481","6.926531328","0.803429851873481","0.841657095262216","25.6176036",
"11/13/1989","-51.875","-4.83955001831055","219","25.94","22.216","21.558953484","1.11210123395076","0.952029945397896","8.47029798",
"11/14/1989","-51.875","-4.83955001831055","219","29.228","20.959","5.666542812","1.3148556836012","0.865144533260279","18.42480558",
"11/15/1989","-51.875","-4.83955001831055","219","30.919","19.196","3.03154128","1.19976841212382","0.825399022791692","21.30890706",
"11/16/1989","-51.875","-4.83955001831055","219","30.81","21.071","5.869099224","0.775102524859296","0.885663257306627","22.99454874",
"11/17/1989","-51.875","-4.83955001831055","219","31.218","21.811","11.2669917624","1.29226039751975","0.84691526519775","26.62998048",
"11/18/1989","-51.875","-4.83955001831055","219","28.149","22.183","17.7755384664","0.932421482623793","0.924149768731798","12.78376668",
"11/19/1989","-51.875","-4.83955001831055","219","24.48","22.33","27.35341884","0.790380084175281","0.975715613549539","2.2607424",
"11/20/1989","-51.875","-4.83955001831055","219","32.62","21.868","5.306914584","1.55071494802214","0.821727827564484","21.44699928",
"11/21/1989","-51.875","-4.83955001831055","219","31.754","21.623","0","1.79119868681449","0.685746275003618","20.10437496",
"11/22/1989","-51.875","-4.83955001831055","219","34.984","22.082","0","1.70772589768661","0.539131549686279","28.24222068",
"11/23/1989","-51.875","-4.83955001831055","219","34.58","24.091","0.0480651696","1.44012967756954","0.583337620860752","13.97874438",
"11/24/1989","-51.875","-4.83955001831055","219","35.111","22.147","3.8452122","1.13745099157283","0.656798938156387","17.3508174",
"11/25/1989","-51.875","-4.83955001831055","219","35.962","20.136","0","1.49304867899824","0.582794316794498","22.01923188",
"11/26/1989","-51.875","-4.83955001831055","219","36.712","20.995","0","1.66824818631988","0.52528625420207","27.2202822",
"11/27/1989","-51.875","-4.83955001831055","219","35.917","24.418","0.0240325848","1.52443671514435","0.495988381255588","20.43517032",
"11/28/1989","-51.875","-4.83955001831055","219","36.188","19.832","0.0034332264","1.19684288448455","0.569054888652823","21.27802392",
"11/29/1989","-51.875","-4.83955001831055","219","33.712","24.267","0.374221944","1.45390243738414","0.611907664377783","16.67300688",
"11/30/1989","-51.875","-4.83955001831055","219","33.453","22.812","0.0102996864","1.77710577697173","0.592385892331522","20.04345144",
"12/1/1989","-51.875","-4.83955001831055","219","35.477","24.836","0.034332264","1.74182713189193","0.491567162814017","20.29038552",
"12/2/1989","-51.875","-4.83955001831055","219","35.42","22.099","0","1.50369434121826","0.512707201377995","16.65573948",
"12/3/1989","-51.875","-4.83955001831055","219","35.123","23.95","0.472069152","1.45235870675138","0.562412269759156","19.61302536",
"12/4/1989","-51.875","-4.83955001831055","219","36.921","22.309","3.20835024","1.43447349845428","0.593394537173357","27.188883",
"12/5/1989","-51.875","-4.83955001831055","219","34.291","22.881","5.28373656","1.15265086536278","0.726667971357875","13.887961308",
"12/6/1989","-51.875","-4.83955001831055","219","34.409","21.858","3.843497088","1.18040941561141","0.707335289944883","20.39147154",
"12/7/1989","-51.875","-4.83955001831055","219","34.74","21.11","2.906226648","0.863268549466717","0.714702385230002","16.78741776",
"12/8/1989","-51.875","-4.83955001831055","219","32.302","22.245","6.20813538","1.64221039938497","0.789651560776364","25.77459348",
"12/9/1989","-51.875","-4.83955001831055","219","30.054","23.441","8.37535608","1.51299522133562","0.778058785613092","20.21209092",
"12/10/1989","-51.875","-4.83955001831055","219","30.886","22.127","1.0883337984","1.69474566587916","0.768321946358109","15.35506902",
"12/11/1989","-51.875","-4.83955001831055","219","33.891","21.484","2.602386","1.61763729170003","0.674204471459132","19.70195904",
"12/12/1989","-51.875","-4.83955001831055","219","35.347","22.611","0.19741068","1.68646758652039","0.55924289749641","23.4010737",
"12/13/1989","-51.875","-4.83955001831055","219","34.933","23.629","1.0711664352","1.38531513043993","0.662299995758217","11.2201866",
"12/14/1989","-51.875","-4.83955001831055","219","28.987","21.751","7.415771472","0.770198424321242","0.910941652800175","13.214303928",
"12/15/1989","-51.875","-4.83955001831055","219","24.921","22.573","26.29166292","0.727882568067324","0.974688883504615","2.71985544",
"12/16/1989","-51.875","-4.83955001831055","219","29.457","21.794","7.54881084","1.45120739977611","0.893926537170321","12.39175638",
"12/17/1989","-51.875","-4.83955001831055","219","29.978","22.065","3.901005","1.48461916364982","0.827263689554889","18.70323714",
"12/18/1989","-51.875","-4.83955001831055","219","26.26","21.865","12.46776516","0.667105351848949","0.948819457680448","11.28504006",
"12/19/1989","-51.875","-4.83955001831055","219","23.33","21.007","31.48611552","1.05337647522177","0.979681487462326","2.912795568",
"12/20/1989","-51.875","-4.83955001831055","219","23.124","20.606","11.85407352","0.896345907590018","0.975566614847824","4.033519128",
"12/21/1989","-51.875","-4.83955001831055","219","24.599","20.096","4.1095679184","0.751393709891284","0.96866895195068","7.77993912",
"12/22/1989","-51.875","-4.83955001831055","219","28.824","20.458","6.954001308","0.748940905783663","0.928622735337259","15.15189456",
"12/23/1989","-51.875","-4.83955001831055","219","29.962","21.337","7.7899955904","0.765295469958598","0.917357499667391","16.44401034",
"12/24/1989","-51.875","-4.83955001831055","219","27.244","21.203","13.092616476","1.4082670902403","0.928136204243225","22.66773372",
"12/25/1989","-51.875","-4.83955001831055","219","24.337","21.716","19.28872764","1.31516267549077","0.954628779711782","3.86656866",
"12/26/1989","-51.875","-4.83955001831055","219","23.011","21.305","22.59235548","1.01808870909437","0.981605800239423","3.20057172",
"12/27/1989","-51.875","-4.83955001831055","219","24.538","20.844","10.0078593264","0.711751693664099","0.968642779310124","11.8527795",
"12/28/1989","-51.875","-4.83955001831055","219","24.781","21.391","12.2514742224","1.09110787280788","0.969076803016787","11.63778156",
"12/29/1989","-51.875","-4.83955001831055","219","30.781","21.058","14.18952438","1.39595054474361","0.87757279833963","22.82085",
"12/30/1989","-51.875","-4.83955001831055","219","29.102","21.992","19.279286964","1.07258001993099","0.92229296436284","16.59662874",
"12/31/1989","-51.875","-4.83955001831055","219","25.619","21.809","24.80593104","0.781093306218019","0.961341031023308","17.397447768",
"1/1/1990","-51.875","-4.83955001831055","219","23.727","20.584","22.87902816","0.634628370783278","0.981872704133027","4.335638202",
"1/2/1990","-51.875","-4.83955001831055","219","26.151","21.438","16.3816416","0.673052685183615","0.969441877101964","13.320903132",
"1/3/1990","-51.875","-4.83955001831055","219","28.203","21.107","8.19854928","1.03927657813961","0.90880774780549","10.495462032",
"1/4/1990","-51.875","-4.83955001831055","219","28.567","21.183","10.24647696","1.21652358155313","0.911607243904208","23.931566352",
"1/5/1990","-51.875","-4.83955001831055","219","30.741","21.538","8.830262592","1.54603280452556","0.866031028424923","21.87028206",
"1/6/1990","-51.875","-4.83955001831055","219","28.194","21.178","3.78599184","1.13104478654748","0.883253272309223","14.57769906",
"1/7/1990","-51.875","-4.83955001831055","219","31.36","20.065","7.6767007464","0.990670850382141","0.869554783140717","20.3910183",
"1/8/1990","-51.875","-4.83955001831055","219","25.678","20.738","27.08816976","0.851295345859716","0.968858768943277","15.37611264",
"1/9/1990","-51.875","-4.83955001831055","219","31.625","19.672","9.223371","1.02640975903843","0.901446638405379","19.15149582",
"1/10/1990","-51.875","-4.83955001831055","219","27.711","21.852","19.2535398","0.866428700360137","0.92975507030424","13.45162752",
"1/11/1990","-51.875","-4.83955001831055","219","29.942","21.651","5.96179908","1.19196189975593","0.866671705233747","15.83950068",
"1/12/1990","-51.875","-4.83955001831055","219","31.559","20.917","6.263929116","1.24870607140983","0.847276449002204","20.91049902",
"1/13/1990","-51.875","-4.83955001831055","219","34.831","21.179","0.218009952","1.47780292925602","0.67836126981252","25.7802192",
"1/14/1990","-51.875","-4.83955001831055","219","34.201","19.462","1.87196796","1.19774966301373","0.681866026274624","22.8830031",
"1/15/1990","-51.875","-4.83955001831055","219","30.062","21.29","6.2776614744","1.40900437874701","0.855279981658765","25.78444092",
"1/16/1990","-51.875","-4.83955001831055","219","30.254","21.172","7.98225084","1.36885810786122","0.874845694294081","20.14740108",
"1/17/1990","-51.875","-4.83955001831055","219","27.135","22.017","14.200685532","1.24215124391837","0.941518477325479","23.10463098",
"1/18/1990","-51.875","-4.83955001831055","219","28.391","22.098","8.92124424","0.994679713956296","0.904815534027999","17.205642",
"1/19/1990","-51.875","-4.83955001831055","219","31.613","21.421","8.4028268304","1.07211764554987","0.852874769237314","18.3730473",
"1/20/1990","-51.875","-4.83955001831055","219","33.766","19.48","0.13732902","1.58509390396708","0.693759228386771","26.85605832",
"1/21/1990","-51.875","-4.83955001831055","219","29.708","21.078","3.75423336","1.32223949898293","0.785655153002403","18.1806732",
"1/22/1990","-51.875","-4.83955001831055","219","29.328","21.025","10.37006532","1.48077642038736","0.880742110689207","28.059696",
"1/23/1990","-51.875","-4.83955001831055","219","27.479","20.863","6.6827764224","1.11867548228843","0.918762312304146","16.84147806",
"1/24/1990","-51.875","-4.83955001831055","219","31.732","20.578","8.858583036","1.54493470289787","0.871797867586056","27.98740962",
"1/25/1990","-51.875","-4.83955001831055","219","30.983","21.522","4.9009326048","1.29948745531287","0.88534547506771","25.41813804",
"1/26/1990","-51.875","-4.83955001831055","219","30.294","21.262","2.5251393024","1.27798969988095","0.816556045239135","23.92441992",
"1/27/1990","-51.875","-4.83955001831055","219","28.308","20.624","2.73628008","0.973878385224797","0.862678997398793","12.596065452",
"1/28/1990","-51.875","-4.83955001831055","219","27.106","21.313","8.30154942","1.14211720490854","0.930538945537158","24.21765648",
"1/29/1990","-51.875","-4.83955001831055","219","29.764","22.199","7.6389316992","1.21620800949761","0.915761122681532","20.68143678",
"1/30/1990","-51.875","-4.83955001831055","219","26.62","22.348","10.4318557344","1.0157516148908","0.966979861362135","14.51508966",
"1/31/1990","-51.875","-4.83955001831055","219","31.43","19.962","1.3011932304","1.61248039001542","0.829428059720882","22.97609784",
"2/1/1990","-51.875","-4.83955001831055","219","34.523","19.382","0","1.68753523481056","0.711299669668038","23.22113022",
"2/2/1990","-51.875","-4.83955001831055","219","32.356","20.267","2.847863772","1.72714606010093","0.772739789580822","28.2265326",
"2/3/1990","-51.875","-4.83955001831055","219","27.278","21.815","2.9628768384","1.27844701409277","0.914817036908316","15.68255841",
"2/4/1990","-51.875","-4.83955001831055","219","28.343","21.66","1.23510402","1.14581532655407","0.896195030176624","10.64160441",
"2/5/1990","-51.875","-4.83955001831055","219","30.685","20.311","2.6916506568","1.36637174557129","0.840999031871152","24.757542648",
"2/6/1990","-51.875","-4.83955001831055","219","31.082","20.584","11.0704434336","1.148840796985","0.867055552678067","22.299359328",
"2/7/1990","-51.875","-4.83955001831055","219","31.017","21.795","4.85630172","1.31417241055322","0.845789650634271","21.203101458",
"2/8/1990","-51.875","-4.83955001831055","219","26.603","22.207","31.2346458","1.21556372484808","0.965805356487828","17.30610036",
"2/9/1990","-51.875","-4.83955001831055","219","25.155","22.407","26.47705392","1.06651684527235","0.975470655140098","10.84922019",
"2/10/1990","-51.875","-4.83955001831055","219","25.376","22.637","31.38828228","0.843665382190624","0.977092258272868","9.757962018",
"2/11/1990","-51.875","-4.83955001831055","219","24.093","21.176","13.0368177864","0.823015307296382","0.978882432499942","5.089780602",
"2/12/1990","-51.875","-4.83955001831055","219","25.864","21.551","10.836125712","0.622391230272632","0.97322488736624","13.41331686",
"2/13/1990","-51.875","-4.83955001831055","219","25.907","22.615","19.20032784","1.07061636020651","0.97045416700226","19.88088588",
"2/14/1990","-51.875","-4.83955001831055","219","28.479","22.71","9.02294352","0.972779771023628","0.940408984692407","21.25620018",
"2/15/1990","-51.875","-4.83955001831055","219","29.899","22.372","27.14913612","1.35910672419785","0.904201845059629","21.514891248",
"2/16/1990","-51.875","-4.83955001831055","219","24.578","22.114","21.56410332","1.32326150242383","0.97522459011579","9.3942594",
"2/17/1990","-51.875","-4.83955001831055","219","27.174","22.05","8.6414346","0.934077091693054","0.935811652510065","12.061519218",
"2/18/1990","-51.875","-4.83955001831055","219","27.726","21.935","14.625551412","1.0942327398709","0.9356710700856","23.07611205",
"2/19/1990","-51.875","-4.83955001831055","219","30.769","21.967","2.76031548","1.35880293319245","0.851006122399376","23.57954802",
"2/20/1990","-51.875","-4.83955001831055","219","25.224","19.429","10.22415948","0.988398180559721","0.966672954434073","13.71205674",
"2/21/1990","-51.875","-4.83955001831055","219","29.236","21.039","8.4448788984","1.12602369412891","0.894575497422518","16.76750238",
"2/22/1990","-51.875","-4.83955001831055","219","27.079","20.922","20.827681812","0.915127431759514","0.955897699847578","23.20093035",
"2/23/1990","-51.875","-4.83955001831055","219","25.659","21.829","10.4352987744","0.799025163186844","0.970877858667862","15.692350482",
"2/24/1990","-51.875","-4.83955001831055","219","23.25","21.46","83.99220444","0.580773695377662","0.983130168329872","2.136261312",
"2/25/1990","-51.875","-4.83955001831055","219","24.937","21.169","19.04068332","1.02461746466896","0.974296040642323","7.753556502",
"2/26/1990","-51.875","-4.83955001831055","219","24.31","20.586","20.1375970056","0.835127221157307","0.96866736982168","6.16848804",
"2/27/1990","-51.875","-4.83955001831055","219","26.001","20.457","10.27565604","0.776602163313563","0.95035509692243","15.65994231",
"2/28/1990","-51.875","-4.83955001831055","219","21.944","19.937","9.3838683024","0.872260021774623","0.978652954932437","2.605389318",
"3/1/1990","-51.875","-4.83955001831055","219","28.427","19.292","1.2737273184","0.618100912328738","0.928471364627702","12.998309562",
"3/2/1990","-51.875","-4.83955001831055","219","22.6","20.567","29.3369330664","0.936838242466387","0.980545585101816","3.621544758",
"3/3/1990","-51.875","-4.83955001831055","219","26.928","18.717","1.5346523664","1.17387548692548","0.909904632696626","16.63632774",
"3/4/1990","-51.875","-4.83955001831055","219","25.917","21.041","6.5334310704","1.1131333837428","0.944003395186314","12.893349042",
"3/5/1990","-51.875","-4.83955001831055","219","27.362","21.405","15.25726188","1.23742267258588","0.919997399065187","17.08290027",
"3/6/1990","-51.875","-4.83955001831055","219","28.708","21.373","2.051353548","1.16854361521077","0.890047814406858","15.59199654",
"3/7/1990","-51.875","-4.83955001831055","219","28.671","20.44","7.5016032624","1.06980383451039","0.906612184906507","20.93000148",
"3/8/1990","-51.875","-4.83955001831055","219","29.926","21.618","4.638291984","1.27715014791812","0.886554341502437","20.63840778",
"3/9/1990","-51.875","-4.83955001831055","219","32.125","20.324","1.6204842","1.49340770474097","0.80900747633865","25.67087478",
"3/10/1990","-51.875","-4.83955001831055","219","31.131","17.739","3.62548872","1.51011879241258","0.844172091502092","25.66541376",
"3/11/1990","-51.875","-4.83955001831055","219","31.767","18.628","3.52936044","1.43227694873368","0.825150581933955","26.789456952",
"3/12/1990","-51.875","-4.83955001831055","219","25.285","21.787","8.991618048","1.01825400115265","0.972582211121671","14.43796416",
"3/13/1990","-51.875","-4.83955001831055","219","31.199","22.19","3.3473988504","1.08575987028385","0.879002127241306","19.7800839",
"3/14/1990","-51.875","-4.83955001831055","219","26.302","22.123","9.09805482","1.03751884182129","0.96497875939643","17.19438336",
"3/15/1990","-51.875","-4.83955001831055","219","29.108","22.083","9.049993344","1.16863056860458","0.915397742708639","27.529033608",
"3/16/1990","-51.875","-4.83955001831055","219","30.839","22.25","6.040763964","1.1557215282185","0.866177316397552","23.73423534",
"3/17/1990","-51.875","-4.83955001831055","219","30.251","20.805","8.7976497024","0.945180430426667","0.867686433775868","18.168979752",
"3/18/1990","-51.875","-4.83955001831055","219","28.636","22.248","4.131889488","1.12628462834887","0.896598442660537","14.64434406",
"3/19/1990","-51.875","-4.83955001831055","219","27.593","22.6","11.638646244","1.09424565615218","0.94787950506958","22.500563328",
"3/20/1990","-51.875","-4.83955001831055","219","26.546","21.993","10.2979674","1.08543750110012","0.954452940343563","18.699356988",
"3/21/1990","-51.875","-4.83955001831055","219","28.913","21.956","20.8808964","1.14396764546066","0.946801175782535","24.10453035",
"3/22/1990","-51.875","-4.83955001831055","219","27.465","22.133","15.51647124","0.895247496482018","0.956424731450631","21.314363328",
"3/23/1990","-51.875","-4.83955001831055","219","29.088","22.294","18.45360684","1.05358454321216","0.940622148456476","24.6007134",
"3/24/1990","-51.875","-4.83955001831055","219","30.817","22.472","4.875183144","1.30552734212406","0.871158994730483","19.65791286",
"3/25/1990","-51.875","-4.83955001831055","219","26.32","21.796","7.4089053","1.21898608536048","0.942980899021509","15.10941528",
"3/26/1990","-51.875","-4.83955001831055","219","28.581","21.857","12.63770064","1.23020006409284","0.93363912467092","20.23572186",
"3/27/1990","-51.875","-4.83955001831055","219","30.024","20.988","9.0465538824","0.970561196291106","0.92034331683514","11.998624122",
"3/28/1990","-51.875","-4.83955001831055","219","30.38","22.217","15.078740256","1.42497090692863","0.902418380340167","24.00238323",
"3/29/1990","-51.875","-4.83955001831055","219","25.761","21.72","14.87274534","1.0649702968876","0.967809284092872","18.858651768",
"3/30/1990","-51.875","-4.83955001831055","219","26.721","19.339","14.785194168","0.940647337126574","0.961103595418345","23.05215558",
"3/31/1990","-51.875","-4.83955001831055","219","31.122","21.618","2.701949652","1.1449692317439","0.829526782835717","23.37952923",
"4/1/1990","-51.875","-4.83955001831055","219","28.643","19.965","4.11815484","1.06054484338997","0.903140451368208","22.013604288",
"4/2/1990","-51.875","-4.83955001831055","219","26.546","22.297","23.0232276","0.977124822069632","0.964008970174047","25.02882918",
"4/3/1990","-51.875","-4.83955001831055","219","25.998","22.841","21.3718392","0.965743793326596","0.969253169724401","20.83753926",
"4/4/1990","-51.875","-4.83955001831055","219","27.043","22.062","11.31934788","1.01884116186331","0.957170777928508","18.01170558",
"4/5/1990","-51.875","-4.83955001831055","219","25.675","22.358","8.517839436","1.1283573448887","0.966561820730409","14.29548714",
"4/6/1990","-51.875","-4.83955001831055","219","28.921","22.344","8.98819038","1.19941725539888","0.924669389784539","18.2086317",
"4/7/1990","-51.875","-4.83955001831055","219","27.575","21.99","11.727904716","0.882214314252918","0.942900817635355","17.99668008",
"4/8/1990","-51.875","-4.83955001831055","219","26.138","22.526","17.354962512","0.753592087406962","0.967859546321479","20.99435166",
"4/9/1990","-51.875","-4.83955001831055","219","26.225","22.552","10.03532472","0.973856555578994","0.965673085645805","16.89648678",
"4/10/1990","-51.875","-4.83955001831055","219","29.38","22.325","1.8299094984","1.20583972827272","0.874181945244994","18.71729982",
"4/11/1990","-51.875","-4.83955001831055","219","31.587","20.898","1.871109288","1.21273449558968","0.812620871993124","26.59027968",
"4/12/1990","-51.875","-4.83955001831055","219","31.373","20.896","8.205419412","1.0947213704248","0.870828879092156","24.64982406",
"4/13/1990","-51.875","-4.83955001831055","219","32.162","22.129","11.6489403864","0.984225309147491","0.881072677807125","17.64438318",
"4/14/1990","-51.875","-4.83955001831055","219","27.226","22.459","13.70202138","0.81641862946958","0.955942142890521","18.519075",
"4/15/1990","-51.875","-4.83955001831055","219","31.812","22.416","5.215071384","0.882576867788344","0.904757885012454","18.6659397",
"4/16/1990","-51.875","-4.83955001831055","219","31.572","22.546","8.32900428","1.39998326506282","0.843857300168018","24.4567656",
"4/17/1990","-51.875","-4.83955001831055","219","31.259","21.696","3.041838144","1.31574125459543","0.864538270984018","25.80204744",
"4/18/1990","-51.875","-4.83955001831055","219","31.109","22.366","4.195403424","1.12390169471628","0.873697848110752","16.36358058",
"4/19/1990","-51.875","-4.83955001831055","219","29.777","22.216","9.10835136","1.35711749149162","0.925410870673915","14.0954067",
"4/20/1990","-51.875","-4.83955001831055","219","30.33","22.252","10.205271324","1.05086171656938","0.921061055523849","20.31351498",
"4/21/1990","-51.875","-4.83955001831055","219","30.274","20.638","7.4089025928","1.05401514115823","0.89981949650741","21.72544056",
"4/22/1990","-51.875","-4.83955001831055","219","32.492","21.56","0.6317137656","1.36129476357952","0.812911101851089","20.3725683",
"4/23/1990","-51.875","-4.83955001831055","219","32.336","20.616","1.4041899504","1.61020461642117","0.811951473051589","25.72807266",
"4/24/1990","-51.875","-4.83955001831055","219","31.02","21.49","6.88705488","1.22430598571164","0.914905931513837","24.10425126",
"4/25/1990","-51.875","-4.83955001831055","219","27.564","22.838","8.493801336","0.940693025217487","0.950122270799053","21.276736272",
"4/26/1990","-51.875","-4.83955001831055","219","26.847","22.536","12.167359812","0.869335233929479","0.96566115564094","18.00871902",
"4/27/1990","-51.875","-4.83955001831055","219","31.202","20.991","8.7512990256","1.05801149489121","0.901099434497426","15.08264622",
"4/28/1990","-51.875","-4.83955001831055","219","29.091","21.205","2.959442424","0.958682935961212","0.940438067554198","10.59210504",
"4/29/1990","-51.875","-4.83955001831055","219","30.231","22.429","7.535936124","1.21164593880785","0.912253810471548","20.65826016",
"4/30/1990","-51.875","-4.83955001831055","219","31.569","22.548","1.941489648","1.26881428948435","0.835334869968747","22.68230634",
"5/1/1990","-51.875","-4.83955001831055","219","31.635","21.052","2.79121536","1.25908642413817","0.843647759097461","25.11686214",
"5/2/1990","-51.875","-4.83955001831055","219","27.263","21.457","10.2344481864","0.98740885277147","0.960188559312692","18.70897248",
"5/3/1990","-51.875","-4.83955001831055","219","27.754","22.793","8.17795062","0.922546999033178","0.949188664042178","17.62650306",
"5/4/1990","-51.875","-4.83955001831055","219","29.109","21.742","14.6770479864","0.793774834414192","0.94329796987019","20.65444128",
"5/5/1990","-51.875","-4.83955001831055","219","31.008","22.581","2.7877824","1.1447027488508","0.870716292076469","16.4949255",
"5/6/1990","-51.875","-4.83955001831055","219","29.377","21.926","0.5561824824","1.30561893040245","0.857334152026058","16.47860886",
"5/7/1990","-51.875","-4.83955001831055","219","33.078","20.018","0.037765512","1.41930822018024","0.737681731661431","24.87672288",
"5/8/1990","-51.875","-4.83955001831055","219","33.889","20.113","0","1.20401142786927","0.709482264955584","19.53568512",
"5/9/1990","-51.875","-4.83955001831055","219","31.29","20.556","1.4247890064","1.09407667854448","0.796791637931602","22.11209766",
"5/10/1990","-51.875","-4.83955001831055","219","32.397","20.812","0.164794896","1.55079068451431","0.771717818839681","22.28580198",
"5/11/1990","-51.875","-4.83955001831055","219","33.74","19.652","0.00686646","1.37322299527891","0.722822147907226","18.86726016",
"5/12/1990","-51.875","-4.83955001831055","219","33.708","20.323","0","1.09166867581771","0.73270178442709","20.5318098",
"5/13/1990","-51.875","-4.83955001831055","219","33.464","23.337","0.1647949464","1.38186839734132","0.690665669939136","19.3889295",
"5/14/1990","-51.875","-4.83955001831055","219","31.111","21.265","1.8676754928","1.15410831192904","0.825755177785341","13.50950778",
"5/15/1990","-51.875","-4.83955001831055","219","31.906","19.377","6.392669004","1.19664631244528","0.834181519415973","23.45760072",
"5/16/1990","-51.875","-4.83955001831055","219","28.86","21.971","5.1635754","1.03819512791602","0.919189264783079","13.66418844",
"5/17/1990","-51.875","-4.83955001831055","219","32.835","19.212","0.2300262984","0.671761094954778","0.861586782777606","12.6735192",
"5/18/1990","-51.875","-4.83955001831055","219","34.222","19.525","0.2780917056","0.758326902939375","0.78996516483167","20.32177374",
"5/19/1990","-51.875","-4.83955001831055","219","32.317","21.485","3.072740256","0.89496203192555","0.824168449383798","18.61925868",
"5/20/1990","-51.875","-4.83955001831055","219","29.424","19.448","4.487230584","1.14958529423862","0.875154454855292","23.2988094",
"5/21/1990","-51.875","-4.83955001831055","219","29.972","20.577","8.45604","1.02710030031619","0.8858712177114","20.16376722",
"5/22/1990","-51.875","-4.83955001831055","219","31.169","19.864","8.730702648","1.14044452993217","0.855223092419132","20.1853116",
"5/23/1990","-51.875","-4.83955001831055","219","29.577","20.02","2.2968306864","1.07870573289811","0.880038271196831","8.10028368",
"5/24/1990","-51.875","-4.83955001831055","219","32.901","19.853","0.085830696","1.00519495085825","0.782111469521787","18.0356085",
"5/25/1990","-51.875","-4.83955001831055","219","32.026","18.428","5.14469412","1.08757467677116","0.800735934721319","21.53824524",
"5/26/1990","-51.875","-4.83955001831055","219","30.391","18.938","11.70730728","1.15980773900367","0.870850606626713","21.80233728",
"5/27/1990","-51.875","-4.83955001831055","219","30.946","21.254","7.48100412","1.35197975025835","0.866694322546752","19.8495009",
"5/28/1990","-51.875","-4.83955001831055","219","31.716","21.743","0.7535933424","1.32266756260855","0.79774538993703","16.04553822",
"5/29/1990","-51.875","-4.83955001831055","219","29.545","21.334","3.234101076","1.39154884751486","0.8656359733917","16.74135036",
"5/30/1990","-51.875","-4.83955001831055","219","29.589","21.291","0.9716029848","1.34010018253637","0.822201258084662","15.68283516",
"5/31/1990","-51.875","-4.83955001831055","219","32.864","20.077","2.581787844","1.26507845463021","0.804373750774651","16.39192734",
"6/1/1990","-51.875","-4.83955001831055","219","31.724","20.125","0.30899052","1.11560149941276","0.806305713293702","15.52308588",
"6/2/1990","-51.875","-4.83955001831055","219","32.278","18.504","0","1.45400646445394","0.671804793502712","22.06046268",
"6/3/1990","-51.875","-4.83955001831055","219","29.202","19.329","3.82118508","1.53904159251188","0.819924243610046","22.3048656",
"6/4/1990","-51.875","-4.83955001831055","219","31.947","20.05","0.0137329056","1.50552854853277","0.748542176400899","17.98498404",
"6/5/1990","-51.875","-4.83955001831055","219","32.448","20.535","0","1.68069310338817","0.659573507707603","22.04881722",
"6/6/1990","-51.875","-4.83955001831055","219","32.43","21.256","0.69351156","1.0983611475459","0.732326968943123","15.68941722",
"6/7/1990","-51.875","-4.83955001831055","219","33.915","20.354","0","1.39329309401336","0.575944272136564","17.88097572",
"6/8/1990","-51.875","-4.83955001831055","219","32.31","19.353","0.52871706","1.31087379826627","0.688544654724964","16.208613",
"6/9/1990","-51.875","-4.83955001831055","219","29.36","21.386","3.076175844","1.05268160794556","0.872933591971336","19.0562598",
"6/10/1990","-51.875","-4.83955001831055","219","33.324","17.415","0","1.26747958716993","0.723455337446013","15.74460072",
"6/11/1990","-51.875","-4.83955001831055","219","33.578","20.952","0","1.51539759689003","0.553900335723655","18.86844834",
"6/12/1990","-51.875","-4.83955001831055","219","32.817","21.014","0","1.20697803511407","0.608699391654676","15.64008048",
"6/13/1990","-51.875","-4.83955001831055","219","32.161","18.609","0","1.54401567745454","0.598922593095104","22.46331744",
"6/14/1990","-51.875","-4.83955001831055","219","31.703","17.247","0","1.33448258163695","0.615569248905175","18.35892756",
"6/15/1990","-51.875","-4.83955001831055","219","30.506","21.582","0","1.51359403049131","0.648687884521612","13.46236686",
"6/16/1990","-51.875","-4.83955001831055","219","32.798","18.498","0.6042479184","1.40700232075952","0.702064258600814","12.29231412",
"6/17/1990","-51.875","-4.83955001831055","219","32.84","18.633","1.1569974912","0.838276120859906","0.794649502142606","17.24551776",
"6/18/1990","-51.875","-4.83955001831055","219","30.921","19.019","0.260925372","1.13536649564529","0.794724911893687","11.63345598",
"6/19/1990","-51.875","-4.83955001831055","219","33.566","16.315","0","1.1720740587441","0.666051806149521","22.06856214",
"6/20/1990","-51.875","-4.83955001831055","219","34.016","19.176","0","1.41692189200729","0.576460887789991","21.6627777",
"6/21/1990","-51.875","-4.83955001831055","219","32.916","18.366","0.0068664528","1.19550939123535","0.662089416014082","14.20081524",
"6/22/1990","-51.875","-4.83955001831055","219","31.195","19.904","0","1.18777414938313","0.704063079155651","15.25382208",
"6/23/1990","-51.875","-4.83955001831055","219","29.716","20.833","4.753305108","1.04450478614442","0.859940446564242","9.249022548",
"6/24/1990","-51.875","-4.83955001831055","219","33.833","20.48","1.4041898784","1.40682798404257","0.701232846097182","16.12417392",
"6/25/1990","-51.875","-4.83955001831055","219","31.69","20.215","1.07803296","1.23859693311811","0.787675127082579","16.87454892",
"6/26/1990","-51.875","-4.83955001831055","219","33.052","18.638","5.1129394344","1.10318999644866","0.729368325641068","17.22459672",
"6/27/1990","-51.875","-4.83955001831055","219","32.186","21.512","0","1.24972521987016","0.657366136494905","12.85367976",
"6/28/1990","-51.875","-4.83955001831055","219","33.938","18.205","0","1.46023271086312","0.648745908825156","23.47408422",
"6/29/1990","-51.875","-4.83955001831055","219","33.398","19.407","0","1.40001395112071","0.54102855635351","23.35511232",
"6/30/1990","-51.875","-4.83955001831055","219","34.363","19.426","0","1.38495546392646","0.514072484419818","22.13516034",
"7/1/1990","-51.875","-4.83955001831055","219","30.456","19.822","0.657463212","1.23236045983594","0.733256117486251","10.0909179",
"7/2/1990","-51.875","-4.83955001831055","219","33.13","21.335","2.518275132","1.10407098096223","0.819078518573354","15.19863894",
"7/3/1990","-51.875","-4.83955001831055","219","26.182","21.187","5.82876","1.03149211717495","0.957037765172421","12.554838288",
"7/4/1990","-51.875","-4.83955001831055","219","28.021","20.662","4.20914016","0.884978823874266","0.900305562368576","13.3693875",
"7/5/1990","-51.875","-4.83955001831055","219","28.276","20.74","1.944923724","0.767521350479005","0.864309127535918","9.42058188",
"7/6/1990","-51.875","-4.83955001831055","219","32.079","18.921","0","1.34494893428136","0.701234893691741","22.77089964",
"7/7/1990","-51.875","-4.83955001831055","219","29.992","19.733","3.8486484","1.26347857369138","0.839079884544582","23.04208332",
"7/8/1990","-51.875","-4.83955001831055","219","27.568","20.893","3.77054388","1.29221394955","0.920843363838364","13.76740944",
"7/9/1990","-51.875","-4.83955001831055","219","26.4","20.81","12.409403652","1.16337130208439","0.956951759528958","16.2701478",
"7/10/1990","-51.875","-4.83955001831055","219","30.76","20.366","0.3210068304","1.21357626527091","0.802015305986091","8.89677774",
"7/11/1990","-51.875","-4.83955001831055","219","33.101","19.086","0","1.44198048978372","0.6686262193628","16.23256884",
"7/12/1990","-51.875","-4.83955001831055","219","32.872","20.578","0","1.46523225851548","0.638029819801641","15.38099964",
"7/13/1990","-51.875","-4.83955001831055","219","33.325","20.335","0","2.0596360016308","0.472970703410295","22.1169366",
"7/14/1990","-51.875","-4.83955001831055","219","29.813","19.911","3.6091827","1.46425373500626","0.764647669996914","17.142075",
"7/15/1990","-51.875","-4.83955001831055","219","30.758","19.934","0.98705304","1.09955353218479","0.730558476605592","15.1737165",
"7/16/1990","-51.875","-4.83955001831055","219","31.942","19.271","0","1.3760369190633","0.650595104168049","15.4254942",
"7/17/1990","-51.875","-4.83955001831055","219","28.236","18.531","2.191257828","1.33101883454441","0.844398222937055","18.9902295",
"7/18/1990","-51.875","-4.83955001831055","219","32.878","18.91","1.086616584","0.719996294908751","0.809363937225521","13.0855527",
"7/19/1990","-51.875","-4.83955001831055","219","32.495","18.001","0","1.1921187553915","0.60550096751926","18.73253592",
"7/20/1990","-51.875","-4.83955001831055","219","33.501","20.3","0","1.32843135202524","0.597869497842138","22.25429676",
"7/21/1990","-51.875","-4.83955001831055","219","33.474","20.261","0","1.0969155339419","0.600869757148272","17.6014692",
"7/22/1990","-51.875","-4.83955001831055","219","34.15","18.255","0","1.34558030815164","0.58636163290535","17.82146268",
"7/23/1990","-51.875","-4.83955001831055","219","33.252","16.101","0.18711108","1.23467060655162","0.624108711711533","18.93673116",
"7/24/1990","-51.875","-4.83955001831055","219","29.754","20.228","5.7970062792","1.42739160825651","0.867079663225685","9.52002774",
"7/25/1990","-51.875","-4.83955001831055","219","31.911","20.63","3.5224915464","1.24271128005287","0.741976222952095","18.40325616",
"7/26/1990","-51.875","-4.83955001831055","219","33.218","20.003","0.47550204","1.46666538253664","0.66303336190264","18.30071736",
"7/27/1990","-51.875","-4.83955001831055","219","30.245","20.348","0","1.35549031242491","0.615210872821722","15.39922428",
"7/28/1990","-51.875","-4.83955001831055","219","33.027","20.745","0","1.8631419548748","0.534871067618614","24.45288624",
"7/29/1990","-51.875","-4.83955001831055","219","33.615","16.411","0","1.08077314247099","0.539902109759615","22.14354186",
"7/30/1990","-51.875","-4.83955001831055","219","31.975","21.107","0.5252838264","1.24674728809774","0.603253294581146","13.357801152",
"7/31/1990","-51.875","-4.83955001831055","219","33.461","19.092","0.7432935264","0.762460314560417","0.78148147651489","15.46953768",
"8/1/1990","-51.875","-4.83955001831055","219","32.53","20.255","0.2489090688","1.18720981332238","0.760869144678344","15.14694366",
"8/2/1990","-51.875","-4.83955001831055","219","33.817","20.878","2.15263584","1.01675330350897","0.689715860737903","21.82741866",
"8/3/1990","-51.875","-4.83955001831055","219","34.728","16.335","0","0.883133063430702","0.553960978424975","24.01835508",
"8/4/1990","-51.875","-4.83955001831055","219","34.959","15.197","0","1.18497427576092","0.522569583778722","17.75497104",
"8/5/1990","-51.875","-4.83955001831055","219","32.542","20.465","0.58364892","1.11668831788407","0.690616821858308","10.98376704",
"8/6/1990","-51.875","-4.83955001831055","219","32.364","20.639","0.772476336","0.909902138382872","0.757455725651567","13.4699085",
"8/7/1990","-51.875","-4.83955001831055","219","33.525","19.252","0","1.44075637010195","0.560197333732747","25.2523692",
"8/8/1990","-51.875","-4.83955001831055","219","34.017","18.639","0","1.36869315381695","0.508483630700639","24.4711656",
"8/9/1990","-51.875","-4.83955001831055","219","34.229","22.934","0","1.50770021726032","0.454802027888402","19.191876228",
"8/10/1990","-51.875","-4.83955001831055","219","34.249","22.413","0","1.20410305187832","0.493666065699641","18.4179906",
"8/11/1990","-51.875","-4.83955001831055","219","34.353","18.52","0","1.39487190346781","0.587354691828164","18.42699978",
"8/12/1990","-51.875","-4.83955001831055","219","30.541","20.915","9.528924384","1.24222429070589","0.841414532619734","23.9619897",
"8/13/1990","-51.875","-4.83955001831055","219","30.102","20.508","4.5043922448","1.18984243441213","0.871138442194703","17.94459708",
"8/14/1990","-51.875","-4.83955001831055","219","32.82","19.702","0","1.09394784407178","0.719193643685032","16.60730364",
"8/15/1990","-51.875","-4.83955001831055","219","32.642","19.192","0","1.35790811683949","0.585299229212353","21.29293134",
"8/16/1990","-51.875","-4.83955001831055","219","34.214","20.726","0","1.75000974589433","0.557833411637015","23.55091578",
"8/17/1990","-51.875","-4.83955001831055","219","35.106","19.046","0","1.65587467784702","0.564904330035271","26.23151538",
"8/18/1990","-51.875","-4.83955001831055","219","36.017","21.191","0","1.33038204945691","0.525725053540111","21.70366866",
"8/19/1990","-51.875","-4.83955001831055","219","35.343","23.823","0","1.16889933832607","0.478429696475054","13.08374568",
"8/20/1990","-51.875","-4.83955001831055","219","35.824","19.245","0.0034332264","1.31032685472462","0.498803918032057","19.14338898",
"8/21/1990","-51.875","-4.83955001831055","219","36.948","21.173","0","1.43128969006902","0.40459095198861","27.124083",
"8/22/1990","-51.875","-4.83955001831055","219","37.703","21.451","0.144195624","1.05191854659928","0.437491834364279","25.46949222",
"8/23/1990","-51.875","-4.83955001831055","219","36.921","21.982","0","1.40865613357565","0.431835008674114","23.08488948",
"8/24/1990","-51.875","-4.83955001831055","219","34.31","18.454","0.048065184","1.30740954623736","0.634359226525937","15.06499128",
"8/25/1990","-51.875","-4.83955001831055","219","33.93","21.468","0.0137329056","1.54130472181274","0.655632356415111","13.042407528",
"8/26/1990","-51.875","-4.83955001831055","219","34.487","21.091","0","1.86500378591952","0.579847911654486","24.92139312",
"8/27/1990","-51.875","-4.83955001831055","219","36.177","19.093","0","1.74420103566134","0.548411510471742","26.658951768",
"8/28/1990","-51.875","-4.83955001831055","219","33.388","18.466","0","1.82577915636611","0.610235940614486","24.76490922",
"8/29/1990","-51.875","-4.83955001831055","219","35.987","21.806","0","1.62007934647919","0.48170672082324","27.014005872",
"8/30/1990","-51.875","-4.83955001831055","219","34.962","23.832","0.065231352","1.54249902953959","0.517167247467343","8.03407392",
"8/31/1990","-51.875","-4.83955001831055","219","34.715","21.477","0.0034332264","1.64018326822295","0.526367830329225","16.732176048",
"9/1/1990","-51.875","-4.83955001831055","219","33.997","22.984","0.017166132","1.49869177246476","0.529335607132221","17.8642701",
"9/2/1990","-51.875","-4.83955001831055","219","34.484","16.592","0","1.52711097269662","0.626336398047643","18.799031232",
"9/3/1990","-51.875","-4.83955001831055","219","35.017","20.923","0.169944732","1.0177079126292","0.65841232133484","19.408557528",
"9/4/1990","-51.875","-4.83955001831055","219","34.969","23.501","0.089263872","1.33363658123215","0.531343350767117","20.125464048",
"9/5/1990","-51.875","-4.83955001831055","219","35.099","18.615","0","1.22614087298197","0.585994797500626","16.67750778",
"9/6/1990","-51.875","-4.83955001831055","219","36.102","20.479","0","1.19081231213742","0.552419993961012","20.85384114",
"9/7/1990","-51.875","-4.83955001831055","219","35.189","23.121","0","1.68471472580766","0.532691314276966","21.236461128",
"9/8/1990","-51.875","-4.83955001831055","219","35.683","22.956","0","1.63361762197764","0.509256124043835","20.824705008",
"9/9/1990","-51.875","-4.83955001831055","219","37.259","21.955","0","1.75914440260934","0.438110467847453","27.499502808",
"9/10/1990","-51.875","-4.83955001831055","219","35.358","20.055","0.57849948","1.55798659167064","0.513440117942446","21.703159008",
"9/11/1990","-51.875","-4.83955001831055","219","32.721","20.288","0","1.73049991997725","0.532539506679998","25.80255144",
"9/12/1990","-51.875","-4.83955001831055","219","36.221","20.135","0.2128600584","1.39519458462804","0.546757917419803","18.73029258",
"9/13/1990","-51.875","-4.83955001831055","219","33.751","20.911","0","1.78812676695235","0.540392690796256","17.946787968",
"9/14/1990","-51.875","-4.83955001831055","219","36.38","19.831","0","1.7043606598181","0.549209503504024","20.068989552",
"9/15/1990","-51.875","-4.83955001831055","219","36.22","20.067","0.051498396","1.31283659700028","0.502409997128769","18.91305612",
"9/16/1990","-51.875","-4.83955001831055","219","32.773","19.997","0.085830696","1.81856835978056","0.56722596113868","25.38157464",
"9/17/1990","-51.875","-4.83955001831055","219","35.399","16.973","0.0068664528","1.38424555934978","0.562785311342813","20.53507356",
"9/18/1990","-51.875","-4.83955001831055","219","34.952","20.842","0","1.47013392420741","0.549111113083997","19.207691352",
"9/19/1990","-51.875","-4.83955001831055","219","35.316","21.861","0","1.60546337262994","0.531123299820982","25.707479472",
"9/20/1990","-51.875","-4.83955001831055","219","35.1","18.547","0.0102996864","1.42921729284533","0.527253033568122","17.623291032",
"9/21/1990","-51.875","-4.83955001831055","219","35.841","19.905","0.5905152","1.35734039517418","0.544215870453455","18.63624096",
"9/22/1990","-51.875","-4.83955001831055","219","37.554","20.962","0.6694794","1.76800514793293","0.490107358803224","26.50269078",
"9/23/1990","-51.875","-4.83955001831055","219","38.687","26.056","0","2.00309113231364","0.370669135177441","26.80881138",
"9/24/1990","-51.875","-4.83955001831055","219","37.394","21.803","0","1.50219775388218","0.445068707026784","21.045430368",
"9/25/1990","-51.875","-4.83955001831055","219","35.466","21.59","0.28495782","1.32477008571628","0.560073459369088","18.496633608",
"9/26/1990","-51.875","-4.83955001831055","219","36.161","21.304","0.79565004","1.40939176077139","0.622791840354187","14.738961528",
"9/27/1990","-51.875","-4.83955001831055","219","34.139","21.593","0.3913879464","1.79951598744357","0.574033501195511","17.734894992",
"9/28/1990","-51.875","-4.83955001831055","219","30.618","22.577","7.12565352","2.15030266004093","0.771602181636441","26.091177192",
"9/29/1990","-51.875","-4.83955001831055","219","31.291","20.795","1.90029096","1.43627373724555","0.827540522794439","11.8927647",
"9/30/1990","-51.875","-4.83955001831055","219","34.646","19.781","0","1.91783355316891","0.600359475429385","22.211892",
"10/1/1990","-51.875","-4.83955001831055","219","36.486","23.183","0","1.96384795004663","0.420086542192089","24.40670706",
"10/2/1990","-51.875","-4.83955001831055","219","35.16","20.46","0","1.97003850472789","0.435377022228123","25.4032344",
"10/3/1990","-51.875","-4.83955001831055","219","35.04","23.322","0.01373292","2.10170452390258","0.48942950694724","24.22823112",
"10/4/1990","-51.875","-4.83955001831055","219","35.882","20.442","0","1.49559758666189","0.525273153950073","21.87680886",
"10/5/1990","-51.875","-4.83955001831055","219","34.421","18.678","0.257491908","1.253363497319","0.632717376772157","11.62833804",
"10/6/1990","-51.875","-4.83955001831055","219","38.652","21.33","0.70037838","1.13110485956624","0.529801555759248","18.0140049",
"10/7/1990","-51.875","-4.83955001831055","219","37.248","22.822","0.030899052","1.7210414331012","0.485793036728125","23.51970126",
"10/8/1990","-51.875","-4.83955001831055","219","35.909","21.51","0.1579284648","1.03095334221112","0.630802657002819","16.69781268",
"10/9/1990","-51.875","-4.83955001831055","219","32.772","22.098","1.6582464","1.60571066529294","0.660433694012621","19.28779002",
"10/10/1990","-51.875","-4.83955001831055","219","36.066","22.408","4.851150444","1.12866008032491","0.690259861933145","14.29182666",
"10/11/1990","-51.875","-4.83955001831055","219","36.248","21.349","0.714110544","1.62257108014292","0.558488136366687","18.13775652",
"10/12/1990","-51.875","-4.83955001831055","219","35.774","23.111","0.882340416","1.60655616901238","0.596728391319224","19.47037464",
"10/13/1990","-51.875","-4.83955001831055","219","37.132","22.142","0.31585716","1.37391377061205","0.528206496530327","18.86450922",
"10/14/1990","-51.875","-4.83955001831055","219","38.49","22.619","0","1.92039301554573","0.403720542084495","21.40036488",
"10/15/1990","-51.875","-4.83955001831055","219","36.824","23.678","0","1.50155910832892","0.447610216418399","20.06577468",
"10/16/1990","-51.875","-4.83955001831055","219","34.278","21.873","0","1.73589796254671","0.562092469996337","18.26240544",
"10/17/1990","-51.875","-4.83955001831055","219","38.185","22.446","0","1.54702210068155","0.453283137398703","20.86206336",
"10/18/1990","-51.875","-4.83955001831055","219","38.784","25.397","0.0583648704","1.29337512406236","0.440694622938559","7.22193876",
"10/19/1990","-51.875","-4.83955001831055","219","36.813","24.048","0.38452176","1.40894755280282","0.486403958301164","18.79267464",
"10/20/1990","-51.875","-4.83955001831055","219","35.497","21.429","0","1.52658090624877","0.502384208911244","21.65901264",
"10/21/1990","-51.875","-4.83955001831055","219","38.104","21.24","0","1.74980916103754","0.467477939143824","20.624454",
"10/22/1990","-51.875","-4.83955001831055","219","37.029","22.171","0","1.51386692276493","0.436216391496561","19.219329",
"10/23/1990","-51.875","-4.83955001831055","219","37.839","22.636","2.5405910784","1.91898501057664","0.481072956234473","20.69454276",
"10/24/1990","-51.875","-4.83955001831055","219","34.796","22.221","4.3430292","1.24926913314902","0.620985388190715","18.39532788",
"10/25/1990","-51.875","-4.83955001831055","219","37.093","25.341","0.04119876","1.46016734452593","0.445852018403591","22.46209326",
"10/26/1990","-51.875","-4.83955001831055","219","38.703","22.026","0.04119876","1.11167765020103","0.509460739671704","18.51446196",
"10/27/1990","-51.875","-4.83955001831055","219","28.514","21.042","4.353330708","0.87300133131799","0.772940783760771","4.857695748",
"10/28/1990","-51.875","-4.83955001831055","219","33.887","21.57","2.775759192","1.69106307512822","0.614312393508454","20.3166018",
"10/29/1990","-51.875","-4.83955001831055","219","33.352","23.102","0","1.5626959925925","0.592834749704143","14.84870598",
"10/30/1990","-51.875","-4.83955001831055","219","32.741","22.898","0","1.73762446880936","0.658400570556779","20.81536776",
"10/31/1990","-51.875","-4.83955001831055","219","36.108","22.99","0.4497525","1.31529030376223","0.612569547818395","19.47841884",
"11/1/1990","-51.875","-4.83955001831055","219","36.989","24.088","0.034332264","1.7267878330741","0.483029901995883","21.29771664",
"11/2/1990","-51.875","-4.83955001831055","219","35.841","22.398","0","1.28524715910008","0.535692646568938","10.29313206",
"11/3/1990","-51.875","-4.83955001831055","219","35.421","24.966","0.0171661464","1.78290079074258","0.488562171170127","19.91868606",
"11/4/1990","-51.875","-4.83955001831055","219","35.589","24.253","0.00686646","1.60822762062025","0.456489056553956","20.53130616",
"11/5/1990","-51.875","-4.83955001831055","219","36.293","22.988","0","1.69275460985745","0.485712365152485","20.49389532",
"11/6/1990","-51.875","-4.83955001831055","219","35.221","22.81","0.66947904","1.66789004641976","0.577593379785538","19.24087464",
"11/7/1990","-51.875","-4.83955001831055","219","34.137","22.543","21.29287572","1.3946890695458","0.676805268133201","21.35604546",
"11/8/1990","-51.875","-4.83955001831055","219","35.469","24.853","0","2.33166929729798","0.469277713946233","22.43818152",
"11/9/1990","-51.875","-4.83955001831055","219","37.15","24.971","0","1.7383496691572","0.395193953948675","21.18937428",
"11/10/1990","-51.875","-4.83955001831055","219","35.487","25.795","0","1.3974433151917","0.403236999879051","19.37295036",
"11/11/1990","-51.875","-4.83955001831055","219","36.003","25.57","0","1.98995028995164","0.439911371699381","20.17423278",
"11/12/1990","-51.875","-4.83955001831055","219","30.083","25.037","0.2437592112","1.59463112370459","0.571584253228143","6.45524874",
"11/13/1990","-51.875","-4.83955001831055","219","33.023","23.948","0.27637452","1.70417099142214","0.565208878633067","16.72414164",
"11/14/1990","-51.875","-4.83955001831055","219","35.446","22.731","0.2677916592","1.18064116435842","0.552915251323004","17.1708183",
"11/15/1990","-51.875","-4.83955001831055","219","33.599","20.313","0.00686646","1.520582923819","0.576529955063558","16.14786048",
"11/16/1990","-51.875","-4.83955001831055","219","36.2","21.411","3.13282206","1.03728658524553","0.663507533188223","15.71056992",
"11/17/1990","-51.875","-4.83955001831055","219","35.756","20.019","3.081324276","1.88600453855386","0.615658715936915","20.62777356",
"11/18/1990","-51.875","-4.83955001831055","219","31.344","21.163","6.933400632","2.00533144468008","0.790480727869292","25.83252972",
"11/19/1990","-51.875","-4.83955001831055","219","34.151","21.835","1.6033166784","0.993650463048359","0.781970681130988","14.89235706",
"11/20/1990","-51.875","-4.83955001831055","219","35.762","21.552","0.6969437784","1.32537951732595","0.69130512088109","16.81172082",
"11/21/1990","-51.875","-4.83955001831055","219","35.105","21.476","2.8907748","0.967082955167763","0.713258500985196","18.7097058",
"11/22/1990","-51.875","-4.83955001831055","219","34.457","21.978","3.7387822464","1.47894342468758","0.666621113044184","16.78763736",
"11/23/1990","-51.875","-4.83955001831055","219","33.777","20.829","1.8350605728","1.50950652781371","0.693416981611265","16.02483858",
"11/24/1990","-51.875","-4.83955001831055","219","32.041","22.472","0","1.60515557693598","0.597502049342403","18.12470832",
"11/25/1990","-51.875","-4.83955001831055","219","32.858","18.995","0","1.12493057942669","0.646338869698827","16.77026628",
"11/26/1990","-51.875","-4.83955001831055","219","34.543","20.634","0","1.41816077242334","0.586678263057668","18.97537356",
"11/27/1990","-51.875","-4.83955001831055","219","31.043","22.382","9.839630808","1.30558707240456","0.810863838802401","26.65794456",
"11/28/1990","-51.875","-4.83955001831055","219","32.663","21.474","12.56218092","1.12636588455542","0.863762313917148","23.67748116",
"11/29/1990","-51.875","-4.83955001831055","219","36.283","19.314","0.997352568","1.27620937032544","0.674786415147688","22.86518076",
"11/30/1990","-51.875","-4.83955001831055","219","34.14","20.171","0.66776292","1.25001722736175","0.645422779084379","17.75412936",
"12/1/1990","-51.875","-4.83955001831055","219","36.86","22.135","0.367355412","1.13203718933289","0.669520856168329","11.56342302",
"12/2/1990","-51.875","-4.83955001831055","219","36.58","21.405","0","1.31604528486731","0.556299678948873","18.61295346",
"12/3/1990","-51.875","-4.83955001831055","219","34.319","23.075","0","1.69478878018711","0.525402104448001","21.678129",
"12/4/1990","-51.875","-4.83955001831055","219","32.503","24.198","0","1.60147173306384","0.53198541421564","20.20190202",
"12/5/1990","-51.875","-4.83955001831055","219","35.248","23","0","1.54102659392011","0.522600060070831","20.96499528",
"12/6/1990","-51.875","-4.83955001831055","219","35.281","25.75","0","1.70389553905362","0.46241644026093","21.9834513",
"12/7/1990","-51.875","-4.83955001831055","219","34.699","22.151","0.56991564","1.68697989388275","0.595949312232007","17.80380306",
"12/8/1990","-51.875","-4.83955001831055","219","30.742","22.101","4.6863568728","1.74000958355082","0.824589744141676","23.92042464",
"12/9/1990","-51.875","-4.83955001831055","219","33.973","22.465","0.092697156","1.65923874662715","0.657592349197985","20.03286924",
"12/10/1990","-51.875","-4.83955001831055","219","34.505","20.82","5.067446724","1.56390684523813","0.640841454912706","19.08022572",
"12/11/1990","-51.875","-4.83955001831055","219","30.708","20.995","17.581558536","1.30928476694209","0.869756065071051","18.18989928",
"12/12/1990","-51.875","-4.83955001831055","219","34.148","21.694","5.795285796","1.17758927654208","0.707322796386715","22.2320178",
"12/13/1990","-51.875","-4.83955001831055","219","33.406","22.125","0.37765476","1.06839503501841","0.653454062122472","19.67101794",
"12/14/1990","-51.875","-4.83955001831055","219","34.848","21.706","0.367355484","1.40193990396781","0.620542542720561","23.2026723",
"12/15/1990","-51.875","-4.83955001831055","219","34.018","20.925","4.293254232","1.05431540725341","0.726828100353212","18.37530018",
"12/16/1990","-51.875","-4.83955001831055","219","32.863","20.118","1.61190108","1.34380134631602","0.716260439937037","21.91404024",
"12/17/1990","-51.875","-4.83955001831055","219","29.592","21.126","13.16299662","1.30400727835137","0.843436526983271","23.54467608",
"12/18/1990","-51.875","-4.83955001831055","219","33.608","21.135","5.6167598592","1.39403304548409","0.734183779952618","16.22238516",
"12/19/1990","-51.875","-4.83955001831055","219","34.129","22.585","0.185394384","2.00973147990056","0.58190978541711","21.89333988",
"12/20/1990","-51.875","-4.83955001831055","219","31.433","21.277","3.20663556","1.61942033388962","0.689733902926054","27.2459844",
"12/21/1990","-51.875","-4.83955001831055","219","35.586","21.261","1.105501392","1.44981144945222","0.611906582646683","20.46167298",
"12/22/1990","-51.875","-4.83955001831055","219","36.008","24.345","0.0995636448","1.19451141177304","0.565469566277026","18.7495857",
"12/23/1990","-51.875","-4.83955001831055","219","32.88","22.21","2.471926716","0.858059665299841","0.720730237109834","11.70185346",
"12/24/1990","-51.875","-4.83955001831055","219","34.193","20.904","1.43852238","1.86547839080496","0.609204865615716","21.68341362",
"12/25/1990","-51.875","-4.83955001831055","219","34.705","20.875","0.298690992","1.56132079445603","0.594296256090397","19.99276272",
"12/26/1990","-51.875","-4.83955001831055","219","37.778","20.781","0.453186","1.05693300342957","0.61999222056124","19.67957028",
"12/27/1990","-51.875","-4.83955001831055","219","32.121","20.893","0.4497530184","1.36123575309569","0.672871763909765","16.19544492",
"12/28/1990","-51.875","-4.83955001831055","219","26.83","20.741","14.24103012","1.27819937608668","0.921400127929145","27.1800045",
"12/29/1990","-51.875","-4.83955001831055","219","27.672","20.066","10.467906804","1.04666528707632","0.92676241154358","22.2099732",
"12/30/1990","-51.875","-4.83955001831055","219","34.228","20.025","3.5121947256","0.955764132228756","0.722074103258581","17.79631632",
"12/31/1990","-51.875","-4.83955001831055","219","35.229","18.711","0.23345964","1.34596965451302","0.635300028524399","25.12749762",
"1/1/1991","-51.875","-4.83955001831055","219","26.995","22.377","20.6027964","1.36755864718771","0.934444790980881","26.25226398",
"1/2/1991","-51.875","-4.83955001831055","219","32.889","21.889","0.6935118264","1.16128712575313","0.766920206505928","17.47012392",
"1/3/1991","-51.875","-4.83955001831055","219","35.134","22.202","0.700378596","0.951328466872501","0.718101101919779","8.674030692",
"1/4/1991","-51.875","-4.83955001831055","219","30.325","22.27","11.2043425464","1.34807889351716","0.824864250940619","26.683488",
"1/5/1991","-51.875","-4.83955001831055","219","30.61","22.114","11.25068256","1.21238680186689","0.925093736233006","22.06096632",
"1/6/1991","-51.875","-4.83955001831055","219","31.431","21.572","4.4992435464","1.81336351691427","0.833774848029575","25.185429",
"1/7/1991","-51.875","-4.83955001831055","219","31.541","21.768","9.506608452","1.15631990244899","0.869893022422091","18.41338062",
"1/8/1991","-51.875","-4.83955001831055","219","28.629","22.546","13.1904594","1.19518125273356","0.924343287357618","24.12371466",
"1/9/1991","-51.875","-4.83955001831055","219","30.3","20.631","11.0446897248","1.06791914296992","0.920682436357408","22.8713121",
"1/10/1991","-51.875","-4.83955001831055","219","31.849","22.524","7.6715513928","1.24298447914265","0.857349969557198","22.8711897",
"1/11/1991","-51.875","-4.83955001831055","219","32.058","21.032","8.11614492","1.23650621861987","0.820124570865676","17.52259932",
"1/12/1991","-51.875","-4.83955001831055","219","31.332","20.409","15.09418368","1.28925079429972","0.899049187438963","13.90837536",
"1/13/1991","-51.875","-4.83955001831055","219","24.355","22.245","53.9377488","1.3261348614514","0.978873824483701","5.48746578",
"1/14/1991","-51.875","-4.83955001831055","219","26.744","21.847","26.38952298","1.01468373765061","0.919633405757056","7.41763224",
"1/15/1991","-51.875","-4.83955001831055","219","25.074","21.513","8.449173864","0.441511713097543","0.974314452804927","5.36022936",
"1/16/1991","-51.875","-4.83955001831055","219","25.298","21.611","3.8658099384","0.562855270721538","0.967759148589038","8.7169005",
"1/17/1991","-51.875","-4.83955001831055","219","26.535","19.942","4.3241469552","0.774011269947839","0.950121331491502","8.79879348",
"1/18/1991","-51.875","-4.83955001831055","219","24.055","21.493","14.24274372","0.814634972570467","0.976842747623942","5.87137482",
"1/19/1991","-51.875","-4.83955001831055","219","25.955","20.911","10.680773148","0.861237447537413","0.964158425387514","13.21127154",
"1/20/1991","-51.875","-4.83955001831055","219","26.047","21.554","24.426559296","0.639246685811848","0.966508610992773","18.80803692",
"1/21/1991","-51.875","-4.83955001831055","219","23.715","20.902","9.1632882528","1.19711514244334","0.97840110018525","6.13788408",
"1/22/1991","-51.875","-4.83955001831055","219","23.881","20.071","5.9240325384","0.972870111876052","0.970013560110956","7.0161759",
"1/23/1991","-51.875","-4.83955001831055","219","29.549","19.837","4.0512028464","1.09405597482775","0.886673220412706","21.69450666",
"1/24/1991","-51.875","-4.83955001831055","219","29.247","21.257","10.6035227064","1.2410614904342","0.935091190258292","20.46549708",
"1/25/1991","-51.875","-4.83955001831055","219","24.741","21.101","6.14719134","0.910171268497196","0.969735522125755","14.05991556",
"1/26/1991","-51.875","-4.83955001831055","219","27.9","21.728","19.63463292","1.20715965697444","0.930780130892011","17.63983134",
"1/27/1991","-51.875","-4.83955001831055","219","29.563","20.682","1.617049728","1.55681257080688","0.852845655457767","17.4834045",
"1/28/1991","-51.875","-4.83955001831055","219","28.479","21.632","3.1156538328","1.23962362721903","0.875986485000385","17.3638692",
"1/29/1991","-51.875","-4.83955001831055","219","28.192","21.617","3.6512373744","1.11063947369062","0.925613530654359","13.2420411",
"1/30/1991","-51.875","-4.83955001831055","219","27.911","20.892","12.45403602","1.00101318713318","0.949103730616209","17.90258076",
"1/31/1991","-51.875","-4.83955001831055","219","25.372","22.129","25.83503928","1.16484323715639","0.971684144638057","12.66699546",
"2/1/1991","-51.875","-4.83955001831055","219","22.68","20.372","95.26859244","1.06698308447447","0.981440826970323","2.81277855",
"2/2/1991","-51.875","-4.83955001831055","219","22.322","19.598","14.0041368","0.910443126582662","0.982794569463811","3.084526152",
"2/3/1991","-51.875","-4.83955001831055","219","28.732","20.799","6.1489051848","0.701277074144461","0.926297171406517","14.95236888",
"2/4/1991","-51.875","-4.83955001831055","219","23.702","20.348","19.9401918264","0.922799228712276","0.977821133249379","4.1393781",
"2/5/1991","-51.875","-4.83955001831055","219","30.791","20.819","5.706024732","1.34879603362815","0.842779013804233","24.57905868",
"2/6/1991","-51.875","-4.83955001831055","219","25.097","21.526","18.1480470264","0.886844325103619","0.975801652188896","8.67205908",
"2/7/1991","-51.875","-4.83955001831055","219","24.779","21.156","10.677336012","1.07489780539667","0.958089923293685","14.7588156",
"2/8/1991","-51.875","-4.83955001831055","219","28.097","20.714","7.15828104","1.2179611327936","0.894583841527696","13.66992882",
"2/9/1991","-51.875","-4.83955001831055","219","29.131","21.238","3.3405314688","1.19293496202076","0.88734067813133","18.491573448",
"2/10/1991","-51.875","-4.83955001831055","219","30.216","21.507","1.526070384","0.955509985789198","0.878755339464761","14.56712154",
"2/11/1991","-51.875","-4.83955001831055","219","29.86","20.537","8.2157170392","1.16169067974748","0.906582544419131","28.28137248",
"2/12/1991","-51.875","-4.83955001831055","219","34.677","22.462","0.4154203224","1.22828160893733","0.730900989212644","23.92976016",
"2/13/1991","-51.875","-4.83955001831055","219","31.208","21.454","3.7696808304","1.64994760461293","0.812747096756381","26.3580192",
"2/14/1991","-51.875","-4.83955001831055","219","31.08","21.568","2.89763982","1.38021907718163","0.815190809004312","18.114131988",
"2/15/1991","-51.875","-4.83955001831055","219","32.924","20.991","0.68664564","1.27891567295408","0.739550864220595","25.60888026",
"2/16/1991","-51.875","-4.83955001831055","219","29.947","21.67","10.72540548","1.34959045115224","0.864540369481074","27.55479663",
"2/17/1991","-51.875","-4.83955001831055","219","30.021","21.879","10.4679123696","1.48961293158007","0.906343747844588","20.20517055",
"2/18/1991","-51.875","-4.83955001831055","219","28.889","21.636","7.1239478976","1.54011221297913","0.909773056915434","18.515367378",
"2/19/1991","-51.875","-4.83955001831055","219","26.812","21.593","5.397029676","1.4388393665029","0.906842214312969","19.59957954",
"2/20/1991","-51.875","-4.83955001831055","219","30.777","20.378","4.016878668","1.28859762451006","0.88475629221193","19.106158068",
"2/21/1991","-51.875","-4.83955001831055","219","25.345","19.491","7.814026584","0.916296901612006","0.964208261598377","16.79501475",
"2/22/1991","-51.875","-4.83955001831055","219","32.396","21.733","1.5518185992","1.08994021222873","0.789354889655106","25.107814368",
"2/23/1991","-51.875","-4.83955001831055","219","33.568","21.473","1.20677976","1.48185654729154","0.746416382572365","26.796152628",
"2/24/1991","-51.875","-4.83955001831055","219","31.253","21.907","5.809020264","1.5544479286222","0.872328913432024","20.08170009",
"2/25/1991","-51.875","-4.83955001831055","219","27.406","22.027","8.155637496","1.19694783001752","0.952063315256757","13.79266974",
"2/26/1991","-51.875","-4.83955001831055","219","26.832","21.977","6.93340308","0.87686505962488","0.946567219167366","12.56383719",
"2/27/1991","-51.875","-4.83955001831055","219","28.474","22.085","5.185894176","1.21549535875851","0.90810982659613","15.47527221",
"2/28/1991","-51.875","-4.83955001831055","219","27.659","21.673","4.94384832","1.24235723663681","0.931010915936772","15.908786352",
"3/1/1991","-51.875","-4.83955001831055","219","27.521","19.624","4.293254412","0.863339767181981","0.941958633065902","17.524965888",
"3/2/1991","-51.875","-4.83955001831055","219","26.501","22.374","28.116400248","0.721321033701658","0.951008002832173","11.35114227",
"3/3/1991","-51.875","-4.83955001831055","219","26.232","22.18","16.48893744","0.946253171082003","0.964389845097488","19.44083763",
"3/4/1991","-51.875","-4.83955001831055","219","25.933","22.147","27.727595856","0.824852497276339","0.97219317072689","11.15662518",
"3/5/1991","-51.875","-4.83955001831055","219","25.736","22.484","34.319394","0.861517543442769","0.975140037723265","13.98515805",
"3/6/1991","-51.875","-4.83955001831055","219","27.419","22.254","25.401593196","1.29125986948804","0.928491358964321","19.42419258",
"3/7/1991","-51.875","-4.83955001831055","219","25.823","22.082","13.8530804544","0.817504840598198","0.955016052317458","9.663010128",
"3/8/1991","-51.875","-4.83955001831055","219","25.79","20.945","15.50445192","0.651414999087407","0.973144762771538","13.368938418",
"3/9/1991","-51.875","-4.83955001831055","219","25.951","22.095","8.99677008","0.929938058316371","0.973113116423569","13.21352064",
"3/10/1991","-51.875","-4.83955001831055","219","28.009","19.437","4.4855130024","0.99855644106554","0.922202696148097","14.64131529",
"3/11/1991","-51.875","-4.83955001831055","219","27.061","21.864","4.9850449344","0.885587952916711","0.950716175432274","14.36822271",
"3/12/1991","-51.875","-4.83955001831055","219","26.608","21.828","12.6840582","1.10899634633534","0.970780059293277","16.816104108",
"3/13/1991","-51.875","-4.83955001831055","219","26.923","22.505","31.376269656","0.971240106473276","0.968528630321529","17.64494775",
"3/14/1991","-51.875","-4.83955001831055","219","29.388","22.287","15.63663528","1.41476162312496","0.925530510883294","15.475729716",
"3/15/1991","-51.875","-4.83955001831055","219","26.08","21.883","6.83899164","1.03957653254349","0.95859805746951","13.46315346",
"3/16/1991","-51.875","-4.83955001831055","219","26.422","21.388","16.9713055224","1.40453049549446","0.949060746500931","19.94383062",
"3/17/1991","-51.875","-4.83955001831055","219","27.192","22.114","10.471345776","1.21354417808768","0.93329292802189","11.03197995",
"3/18/1991","-51.875","-4.83955001831055","219","28.24","21.422","4.8614543064","1.52208522798489","0.904620729100941","23.19750414",
"3/19/1991","-51.875","-4.83955001831055","219","29.71","21.544","8.444024316","1.42118849011501","0.889539328376348","23.68018647",
"3/20/1991","-51.875","-4.83955001831055","219","29.998","21.862","4.052925648","1.37298191104384","0.873671270690492","20.309339538",
"3/21/1991","-51.875","-4.83955001831055","219","31.077","20.556","3.85723134","1.30557912044288","0.850366129128741","27.61250508",
"3/22/1991","-51.875","-4.83955001831055","219","31.157","22.243","10.52884764","1.4481949058607","0.884240000357981","22.53595077",
"3/23/1991","-51.875","-4.83955001831055","219","28.174","21.558","9.5169081528","1.64651406411472","0.916670917104687","19.36085796",
"3/24/1991","-51.875","-4.83955001831055","219","28.454","21.198","6.699085056","1.46234769216447","0.900670294921349","22.4644518",
"3/25/1991","-51.875","-4.83955001831055","219","27.91","21.206","5.8227492672","1.13883171870675","0.916904711296166","18.855567",
"3/26/1991","-51.875","-4.83955001831055","219","26.091","22.174","31.83458652","0.540861517181237","0.970669137949132","7.471629234",
"3/27/1991","-51.875","-4.83955001831055","219","23.205","22.043","41.0167656","1.14019776028876","0.9819172830163","2.5465509",
"3/28/1991","-51.875","-4.83955001831055","219","22.962","20.509","60.58100628","0.565663553891223","0.980645437697382","3.650233752",
"3/29/1991","-51.875","-4.83955001831055","219","27.893","20.512","16.60308696","0.903899273417268","0.941671575843824","16.63672455",
"3/30/1991","-51.875","-4.83955001831055","219","25.223","21.875","18.34888176","0.822726098529429","0.97224500397906","10.261069128",
"3/31/1991","-51.875","-4.83955001831055","219","28.329","21.755","23.710737924","0.528395002560294","0.949391810183656","15.63688404",
"4/1/1991","-51.875","-4.83955001831055","219","24.095","20.97","109.04275458","1.27014556485477","0.978817096726864","6.28711101",
"4/2/1991","-51.875","-4.83955001831055","219","23.759","20.555","11.46869766","0.565387786406822","0.979897069321676","7.038223722",
"4/3/1991","-51.875","-4.83955001831055","219","30.717","20.735","7.3574049528","0.940066610026042","0.901174173049183","21.701862072",
"4/4/1991","-51.875","-4.83955001831055","219","28.252","22.588","11.906424432","1.00621878929957","0.938024119007792","22.03227675",
"4/5/1991","-51.875","-4.83955001831055","219","26.88","21.742","13.671116388","1.41028154077488","0.954093472886756","24.296457312",
"4/6/1991","-51.875","-4.83955001831055","219","27.566","21.912","6.6999406824","0.986938103044531","0.942433413213622","20.473308",
"4/7/1991","-51.875","-4.83955001831055","219","27.165","21.262","11.64207564","1.06635902592076","0.957322278856048","19.3219281",
"4/8/1991","-51.875","-4.83955001831055","219","29.361","21.265","5.2768647144","1.13624375594559","0.915840583129401","22.591638",
"4/9/1991","-51.875","-4.83955001831055","219","28.347","22.137","8.682633252","1.03895854152976","0.931475397552433","20.50824888",
"4/10/1991","-51.875","-4.83955001831055","219","29.098","21.497","6.4338693264","1.13031161067419","0.903989981173198","21.28516686",
"4/11/1991","-51.875","-4.83955001831055","219","28.419","21.56","10.51597422","1.03684013056251","0.92062884444597","25.3731339",
"4/12/1991","-51.875","-4.83955001831055","219","28.93","21.836","6.9917681952","1.00707960214659","0.91044089444609","22.74670692",
"4/13/1991","-51.875","-4.83955001831055","219","30.324","21.751","5.94977904","1.23464533454792","0.882339322307788","23.82795108",
"4/14/1991","-51.875","-4.83955001831055","219","29.255","21.586","1.89857484","1.37339665752711","0.866231867944592","25.1853183",
"4/15/1991","-51.875","-4.83955001831055","219","29.019","21.512","9.383005476","1.12296998413205","0.916569294731066","23.58647316",
"4/16/1991","-51.875","-4.83955001831055","219","27.41","22.205","13.21106364","1.17921356933425","0.945226558500115","20.88309366",
"4/17/1991","-51.875","-4.83955001831055","219","27.819","21.723","9.80358516","1.11501189334811","0.920774276769381","22.85173188",
"4/18/1991","-51.875","-4.83955001831055","219","29.722","21.877","8.99162748","1.06562399157215","0.900956727394456","23.09984802",
"4/19/1991","-51.875","-4.83955001831055","219","28.822","22.138","9.523773684","0.983947502301296","0.926021184803964","13.96727172",
"4/20/1991","-51.875","-4.83955001831055","219","25.893","21.562","10.715107824","1.09366508111285","0.963992816562468","14.70504294",
"4/21/1991","-51.875","-4.83955001831055","219","30.218","21.966","5.218504884","1.27424049112992","0.911283252458643","17.75226798",
"4/22/1991","-51.875","-4.83955001831055","219","26.502","20.928","5.5498173192","0.829816609040955","0.960727115803444","14.46204852",
"4/23/1991","-51.875","-4.83955001831055","219","30.527","20.808","4.720684284","0.898650364073146","0.910238261276416","13.83486066",
"4/24/1991","-51.875","-4.83955001831055","219","29.465","22.104","11.51848584","0.835394499318149","0.923671762050316","20.52989406",
"4/25/1991","-51.875","-4.83955001831055","219","29.503","22.782","17.00820864","0.927271204311513","0.928734608514098","15.9645924",
"4/26/1991","-51.875","-4.83955001831055","219","27.903","22.701","32.76329436","0.809665896893913","0.956120047480916","8.9614665",
"4/27/1991","-51.875","-4.83955001831055","219","28.816","22.134","5.15670804","0.965492431765962","0.918288341750304","10.9089036",
"4/28/1991","-51.875","-4.83955001831055","219","28.049","19.626","5.32836648","0.721258262145058","0.936077125321139","15.0262272",
"4/29/1991","-51.875","-4.83955001831055","219","27.943","22.536","14.440156632","0.808025199168552","0.937867731100923","9.363150648",
"4/30/1991","-51.875","-4.83955001831055","219","25.694","22.372","21.807858132","0.730148549166122","0.972705861006806","11.11494366",
"5/1/1991","-51.875","-4.83955001831055","219","24.978","22.013","6.584925636","0.760412612707216","0.973306523352985","11.13789474",
"5/2/1991","-51.875","-4.83955001831055","219","26.595","22.022","8.128169784","1.01641358266448","0.954935938117211","17.66789712",
"5/3/1991","-51.875","-4.83955001831055","219","24.81","21.141","106.94845656","0.402683430146074","0.9793675478328","5.70031416",
"5/4/1991","-51.875","-4.83955001831055","219","24.914","21.699","13.88740374","0.580939674235613","0.977414500359901","6.57618354",
"5/5/1991","-51.875","-4.83955001831055","219","25.407","22.183","18.07251768","0.716027734640684","0.975087954614693","11.119104",
"5/6/1991","-51.875","-4.83955001831055","219","26.281","22.068","12.7613142","0.917949113736123","0.958016183163699","16.66006182",
"5/7/1991","-51.875","-4.83955001831055","219","29.671","22.229","10.035323532","1.18556017266778","0.897993256387321","20.54880162",
"5/8/1991","-51.875","-4.83955001831055","219","25.791","20.809","11.49100488","0.809183444864273","0.969656954533546","17.21632662",
"5/9/1991","-51.875","-4.83955001831055","219","29.907","21.191","3.9001489128","0.929083347557344","0.909591324184761","16.7722875",
"5/10/1991","-51.875","-4.83955001831055","219","26.164","21.976","7.4844405504","0.812843810736624","0.964700246762385","16.95071466",
"5/11/1991","-51.875","-4.83955001831055","219","30.956","21.449","0.642013524","0.866867895223749","0.864836053274818","15.45924582",
"5/12/1991","-51.875","-4.83955001831055","219","30.235","19.947","2.724266412","1.10038133248789","0.845424859903884","23.03420508",
"5/13/1991","-51.875","-4.83955001831055","219","27.266","19.232","8.9143799328","0.828255830057044","0.958229429920876","16.82786394",
"5/14/1991","-51.875","-4.83955001831055","219","29.353","22.381","3.18260214","0.850030876448222","0.897872668545486","19.7900433",
"5/15/1991","-51.875","-4.83955001831055","219","27.655","21.927","9.1049214168","0.761215760709329","0.950508596317752","16.65675126",
"5/16/1991","-51.875","-4.83955001831055","219","29.502","22.16","3.216934332","0.971180921118847","0.872662334416627","20.73931416",
"5/17/1991","-51.875","-4.83955001831055","219","29.559","21.723","6.756593436","0.878741230256344","0.940558574572108","12.673181412",
"5/18/1991","-51.875","-4.83955001831055","219","27.707","22.403","4.785918984","1.14619694077078","0.945217667765007","13.41477468",
"5/19/1991","-51.875","-4.83955001831055","219","26.265","22.045","6.608968128","1.07680756270496","0.966245508868567","14.78672028",
"5/20/1991","-51.875","-4.83955001831055","219","26.289","21.56","5.4210666744","1.14937332466938","0.956457457936937","14.09856138",
"5/21/1991","-51.875","-4.83955001831055","219","30.764","20.649","0.1510620192","1.29225272667113","0.829433740103319","15.41064258",
"5/22/1991","-51.875","-4.83955001831055","219","30.263","20.876","6.039048888","1.12663031003637","0.910503004605178","16.84883952",
"5/23/1991","-51.875","-4.83955001831055","219","30.512","20.819","0.81367488","1.43436462498236","0.802540402340503","19.63654092",
"5/24/1991","-51.875","-4.83955001831055","219","27.684","21.175","5.730063552","0.89477778434582","0.925337951082982","15.40833336",
"5/25/1991","-51.875","-4.83955001831055","219","28.903","22.176","3.39374484","1.06570429906926","0.909832960426433","15.2524683",
"5/26/1991","-51.875","-4.83955001831055","219","28.478","21.524","5.719755816","0.946489313896171","0.92605814045517","9.43048044",
"5/27/1991","-51.875","-4.83955001831055","219","30.823","20.274","0.1338959304","1.30656482158261","0.792809471943331","18.93600054",
"5/28/1991","-51.875","-4.83955001831055","219","32.676","17.86","0","1.23509139872653","0.705307715213435","18.836667",
"5/29/1991","-51.875","-4.83955001831055","219","32.886","22.383","0","1.60819782122318","0.638331415674379","17.0429049",
"5/30/1991","-51.875","-4.83955001831055","219","32.806","18.925","0","1.48774486570684","0.645142702229773","22.1582241",
"5/31/1991","-51.875","-4.83955001831055","219","32.152","18.881","0","1.30894193614947","0.700209639007132","10.85883768",
"6/1/1991","-51.875","-4.83955001831055","219","31.355","20.748","0","1.40518907113535","0.688342814877635","13.23388368",
"6/2/1991","-51.875","-4.83955001831055","219","29.892","19.543","5.52749544","1.09368291712894","0.829527017617669","22.4286723",
"6/3/1991","-51.875","-4.83955001831055","219","32.138","21.778","4.0580750088","1.17024254347518","0.851267585213464","17.73917172",
"6/4/1991","-51.875","-4.83955001831055","219","30.572","21.706","1.115799192","1.12490354352088","0.831023391640372","13.49584182",
"6/5/1991","-51.875","-4.83955001831055","219","32.639","20.334","0.089263908","1.31357402179359","0.717787762297955","20.38083822",
"6/6/1991","-51.875","-4.83955001831055","219","33.827","18.362","0","1.23149407693731","0.642648685070261","22.67696088",
"6/7/1991","-51.875","-4.83955001831055","219","32.904","19.686","0.470352132","1.52365497454632","0.710900250234965","17.67127518",
"6/8/1991","-51.875","-4.83955001831055","219","26.34","22.61","10.0765199808","1.25968610799815","0.967485038875011","18.93065832",
"6/9/1991","-51.875","-4.83955001831055","219","32.511","21.612","6.5265721056","1.26431364349933","0.868608125320246","14.27473026",
"6/10/1991","-51.875","-4.83955001831055","219","28.448","21.442","2.9834758584","1.10433190325387","0.900305820795523","14.94354816",
"6/11/1991","-51.875","-4.83955001831055","219","33.128","21.049","0.0686645208","1.19096757157357","0.741072940358577","21.03761142",
"6/12/1991","-51.875","-4.83955001831055","219","33.852","18.377","0.0171661392","1.25306163732417","0.654162314443237","22.70541906",
"6/13/1991","-51.875","-4.83955001831055","219","33.479","19.405","0","1.33270214210181","0.644008891074088","18.4966839",
"6/14/1991","-51.875","-4.83955001831055","219","33.821","19.931","0.68664528","1.36705338059065","0.687918319615446","17.54881236",
"6/15/1991","-51.875","-4.83955001831055","219","29.805","21.462","0.741577104","1.38317807010513","0.802978595124515","17.33372064",
"6/16/1991","-51.875","-4.83955001831055","219","33.299","20.719","0.1098633168","1.2940554953203","0.733899890253076","17.20203534",
"6/17/1991","-51.875","-4.83955001831055","219","30.358","22.459","0.45490266","1.414438407425","0.750000722780078","10.33818984",
"6/18/1991","-51.875","-4.83955001831055","219","33.22","17.818","1.098632304","1.07372188452977","0.764762298795748","15.03989766",
"6/19/1991","-51.875","-4.83955001831055","219","32.845","20.361","1.7234784","1.32053682068478","0.750526087509276","16.2154134",
"6/20/1991","-51.875","-4.83955001831055","219","34.12","19.491","0","1.28367156833802","0.622765508729599","17.78827428",
"6/21/1991","-51.875","-4.83955001831055","219","33.148","22.287","0","1.37285080497559","0.567903047310959","17.8497",
"6/22/1991","-51.875","-4.83955001831055","219","34.014","18.235","0","1.56994990480588","0.571631959189393","22.15732716",
"6/23/1991","-51.875","-4.83955001831055","219","32.905","18.982","0","1.54112802125514","0.624559551286055","20.2252518",
"6/24/1991","-51.875","-4.83955001831055","219","33.346","20.308","0","1.66962848227674","0.534564008703393","23.51806524",
"6/25/1991","-51.875","-4.83955001831055","219","30.229","18.301","0","1.67703680718113","0.617007363438894","16.30091952",
"6/26/1991","-51.875","-4.83955001831055","219","33.12","18.351","0","1.44958024580098","0.598117213167654","17.88204708",
"6/27/1991","-51.875","-4.83955001831055","219","32.831","19.146","0","1.43920514547235","0.584478717625185","16.36216722",
"6/28/1991","-51.875","-4.83955001831055","219","32.152","18.963","0","1.17661326710904","0.642111121350517","15.59812428",
"6/29/1991","-51.875","-4.83955001831055","219","33.418","18.369","0","1.04348742724218","0.618901374594621","22.83586488",
"6/30/1991","-51.875","-4.83955001831055","219","33.009","17.464","0","1.26284471655987","0.580765317383938","17.48447316",
"7/1/1991","-51.875","-4.83955001831055","219","33.46","18.328","0","1.44341021928338","0.496760075450528","23.09518044",
"7/2/1991","-51.875","-4.83955001831055","219","32.324","17.696","0.0308990304","0.956212426329608","0.671074576505486","16.37003934",
"7/3/1991","-51.875","-4.83955001831055","219","32.144","22.053","0.0205993728","1.16608408169645","0.608602023874435","15.75146196",
"7/4/1991","-51.875","-4.83955001831055","219","33.106","18.121","0","1.0289244658836","0.650830608581835","15.41649636",
"7/5/1991","-51.875","-4.83955001831055","219","33.65","19.514","0","1.35313705869634","0.607324560813749","18.33422886",
"7/6/1991","-51.875","-4.83955001831055","219","33.33","21.598","0","1.31729191969328","0.568776804200616","16.61174928",
"7/7/1991","-51.875","-4.83955001831055","219","33.826","18.975","0","1.25518063083427","0.616845375007049","18.33362028",
"7/8/1991","-51.875","-4.83955001831055","219","34.06","18.342","0","1.35067099994051","0.611045903686807","17.21727882",
"7/9/1991","-51.875","-4.83955001831055","219","31.793","19.05","0.609398136","1.4004347279889","0.743301665001319","15.22484964",
"7/10/1991","-51.875","-4.83955001831055","219","30.481","20.002","0.60253128","1.10484714848708","0.78439644284683","17.37753516",
"7/11/1991","-51.875","-4.83955001831055","219","33.579","18.902","0","1.18349163947029","0.638002023355599","17.78541228",
"7/12/1991","-51.875","-4.83955001831055","219","34.086","23.12","0","1.39721122307817","0.510101146358026","20.1316455",
"7/13/1991","-51.875","-4.83955001831055","219","32.768","20.262","0.0102996792","1.37246278883585","0.611133138050633","19.4469228",
"7/14/1991","-51.875","-4.83955001831055","219","33.124","21.716","0","1.3683792198457","0.554794366825519","16.53985908",
"7/15/1991","-51.875","-4.83955001831055","219","31.741","20.934","5.292321192","1.43852534063795","0.66766519805184","22.20525072",
"7/16/1991","-51.875","-4.83955001831055","219","33.009","18.88","0","1.35424664080161","0.612102024877452","14.0688594",
"7/17/1991","-51.875","-4.83955001831055","219","33.568","17.599","0","1.29998137276387","0.522601897983661","22.36758588",
"7/18/1991","-51.875","-4.83955001831055","219","33.933","17.844","0","1.62312647730193","0.457059721558492","24.30343512",
"7/19/1991","-51.875","-4.83955001831055","219","33.316","18.133","0","1.52974366796475","0.464625650267563","24.5363634",
"7/20/1991","-51.875","-4.83955001831055","219","33.961","17.228","0","1.30424096873258","0.461859049866186","23.818554",
"7/21/1991","-51.875","-4.83955001831055","219","33.965","18.114","0","1.57273243136226","0.448338178324417","24.05424312",
"7/22/1991","-51.875","-4.83955001831055","219","33.647","19.489","0","1.92302936285194","0.444134543890196","24.22541016",
"7/23/1991","-51.875","-4.83955001831055","219","33.719","19.262","0","1.84485095338232","0.45790889544457","24.38685288",
"7/24/1991","-51.875","-4.83955001831055","219","33.775","19.01","0","1.56532443770828","0.485263458516784","24.4483866",
"7/25/1991","-51.875","-4.83955001831055","219","34.067","16.48","0","1.19123498882523","0.532984454880693","20.83106646",
"7/26/1991","-51.875","-4.83955001831055","219","33.482","21.658","0","1.54335791654764","0.499268155495588","24.128211852",
"7/27/1991","-51.875","-4.83955001831055","219","34.175","21.541","0","1.40854861957646","0.424616647379204","24.42678948",
"7/28/1991","-51.875","-4.83955001831055","219","33.326","20.76","0","1.7226192567254","0.462587190609652","17.98666794",
"7/29/1991","-51.875","-4.83955001831055","219","33.5","20.308","0","1.96575343640888","0.446357479524624","24.5444058",
"7/30/1991","-51.875","-4.83955001831055","219","33.185","19.506","0","1.94382624839379","0.471659018875495","24.75466776",
"7/31/1991","-51.875","-4.83955001831055","219","34.209","19.502","0","1.80787122328735","0.48152645939767","24.79635918",
"8/1/1991","-51.875","-4.83955001831055","219","35.041","21.228","0","1.83860793642002","0.456629001129564","23.9014107",
"8/2/1991","-51.875","-4.83955001831055","219","35.554","17.233","0","1.41736239576072","0.492406576812055","22.56997626",
"8/3/1991","-51.875","-4.83955001831055","219","33.396","17.758","0","1.5645906665851","0.549606592274556","19.10070504",
"8/4/1991","-51.875","-4.83955001831055","219","32.624","22.452","0.0068664528","1.49152383031393","0.522384595009359","16.00244856",
"8/5/1991","-51.875","-4.83955001831055","219","30.492","19.801","0.075530988","1.17449046168798","0.636955982406021","13.89334716",
"8/6/1991","-51.875","-4.83955001831055","219","34.194","21.753","0","1.64209863749904","0.505833100909721","22.1774661",
"8/7/1991","-51.875","-4.83955001831055","219","35.709","18.537","0","1.55535779661094","0.503548406794655","22.5303732",
"8/8/1991","-51.875","-4.83955001831055","219","33.587","22.796","0","1.09328880667688","0.55618564434892","10.530900648",
"8/9/1991","-51.875","-4.83955001831055","219","32.176","18.013","0","1.62679334110744","0.518631336328409","17.0510058",
"8/10/1991","-51.875","-4.83955001831055","219","35.429","15.04","0","1.22084471097943","0.578952140377885","25.51922496",
"8/11/1991","-51.875","-4.83955001831055","219","35.549","14.459","0","1.03695621872358","0.520252903386944","22.42186434",
"8/12/1991","-51.875","-4.83955001831055","219","34.514","21.388","0","1.34989444299152","0.522114084080335","22.00353516",
"8/13/1991","-51.875","-4.83955001831055","219","35.359","19.706","0","1.42583895872823","0.60104223313373","20.54823732",
"8/14/1991","-51.875","-4.83955001831055","219","34.885","15.988","0","1.60161838665849","0.456075390936358","25.5377826",
"8/15/1991","-51.875","-4.83955001831055","219","34.29","18.917","0","1.88119889620458","0.382770338352596","25.862456592",
"8/16/1991","-51.875","-4.83955001831055","219","33.074","21.938","0","2.28099019411724","0.403721009549912","17.582466258",
"8/17/1991","-51.875","-4.83955001831055","219","33.79","21.649","0","2.1028662187556","0.384800170230079","24.31940652",
"8/18/1991","-51.875","-4.83955001831055","219","32.971","20.597","0","2.14903466816972","0.40651846142481","20.79370422",
"8/19/1991","-51.875","-4.83955001831055","219","32.493","21.874","0","1.75465970387709","0.440015404829837","14.32417347",
"8/20/1991","-51.875","-4.83955001831055","219","35.245","20.452","0","1.50305897315019","0.47416032454363","17.38575072",
"8/21/1991","-51.875","-4.83955001831055","219","32.507","18.574","0","1.87514996070285","0.45486744248469","20.694043872",
"8/22/1991","-51.875","-4.83955001831055","219","35.172","16.715","0","1.65520620898374","0.434841900227171","26.357796",
"8/23/1991","-51.875","-4.83955001831055","219","35.955","18.564","0","1.52068097297106","0.445381969631499","18.47249838",
"8/24/1991","-51.875","-4.83955001831055","219","36.51","22.602","0","1.53914581424491","0.360340777620655","20.82335562",
"8/25/1991","-51.875","-4.83955001831055","219","36.079","22.244","0","1.37168115897674","0.381699920875179","26.24580684",
"8/26/1991","-51.875","-4.83955001831055","219","36.364","19.499","0","1.78778224133156","0.397488630579876","26.51664384",
"8/27/1991","-51.875","-4.83955001831055","219","36.639","19.983","0","1.81057184683291","0.365919238719514","19.63737792",
"8/28/1991","-51.875","-4.83955001831055","219","35.236","20.804","0","1.76475863879153","0.485499761474951","17.8882884",
"8/29/1991","-51.875","-4.83955001831055","219","37.096","22.372","0","1.46715701500823","0.46459440050966","17.98059096",
"8/30/1991","-51.875","-4.83955001831055","219","36.599","22.471","0","1.56102183187536","0.412648216218572","19.2288357",
"8/31/1991","-51.875","-4.83955001831055","219","34.615","21.721","0","1.57927856079231","0.386195854215989","14.786833608",
"9/1/1991","-51.875","-4.83955001831055","219","35.66","22.561","0","1.21835848757443","0.425459693345431","18.76899384",
"9/2/1991","-51.875","-4.83955001831055","219","35.486","22.408","0","1.60256640731514","0.495008662454489","18.47655144",
"9/3/1991","-51.875","-4.83955001831055","219","36.493","19.586","0.0789642504","1.54411674929698","0.523004894615994","15.99034986",
"9/4/1991","-51.875","-4.83955001831055","219","34.22","21.504","0.171661464","1.81507540398354","0.562206223877163","13.41602226",
"9/5/1991","-51.875","-4.83955001831055","219","35.145","19.911","0.0274658328","1.48286429689062","0.485269914826463","22.537290312",
"9/6/1991","-51.875","-4.83955001831055","219","34.501","21.119","0.037765512","1.76695487800952","0.502709552387898","16.58278548",
"9/7/1991","-51.875","-4.83955001831055","219","34.505","19.112","0","1.59175722775185","0.546476251785409","17.559785232",
"9/8/1991","-51.875","-4.83955001831055","219","36.704","17.411","0","1.86782790254708","0.417614975228539","25.614217368",
"9/9/1991","-51.875","-4.83955001831055","219","37.735","19.081","0","1.77335372997903","0.357607073435107","25.114382928",
"9/10/1991","-51.875","-4.83955001831055","219","37.222","19.861","0","1.89018324077169","0.425469044819333","23.82356916",
"9/11/1991","-51.875","-4.83955001831055","219","36.01","22.397","0","1.81202715843629","0.388176845908843","21.1941612",
"9/12/1991","-51.875","-4.83955001831055","219","37.845","22.978","0","1.84044869945168","0.379134977543103","21.104602848",
"9/13/1991","-51.875","-4.83955001831055","219","36.149","24.24","0","1.39229935827188","0.502144977523716","11.568430692",
"9/14/1991","-51.875","-4.83955001831055","219","38.359","23.7","0","2.01017606454352","0.380122992027591","22.17869802",
"9/15/1991","-51.875","-4.83955001831055","219","37.813","22.12","0","1.74173282610198","0.409677473952119","20.317835448",
"9/16/1991","-51.875","-4.83955001831055","219","37.741","22.371","0.336455928","1.62396738633333","0.522484985103123","17.46545166",
"9/17/1991","-51.875","-4.83955001831055","219","36.35","20.756","0.054931644","1.93952174522186","0.558084975502956","20.40897168",
"9/18/1991","-51.875","-4.83955001831055","219","35.814","22.482","0","1.97336289037288","0.480079030288369","20.938444272",
"9/19/1991","-51.875","-4.83955001831055","219","34.713","18.319","0","1.81611951390878","0.511653243214311","24.106670208",
"9/20/1991","-51.875","-4.83955001831055","219","36.224","20.572","0","1.26936715143482","0.507977153807989","17.66846484",
"9/21/1991","-51.875","-4.83955001831055","219","33.139","23.419","0.068664528","1.80931289721469","0.574197316594416","11.596613598",
"9/22/1991","-51.875","-4.83955001831055","219","32.252","20.293","0.384521364","1.00613331377421","0.697113248955042","14.178829392",
"9/23/1991","-51.875","-4.83955001831055","219","33.489","22.063","0.082397484","1.23841330818379","0.530846790847698","16.99644726",
"9/24/1991","-51.875","-4.83955001831055","219","35.602","19.424","0.29525742","1.15264640867939","0.575931392014171","18.09883386",
"9/25/1991","-51.875","-4.83955001831055","219","34.353","22.997","0.205993944","1.14682583244048","0.56525722800571","18.114473592",
"9/26/1991","-51.875","-4.83955001831055","219","35.4","24.173","0.2059939224","1.29064813924657","0.538253316538188","17.336641608",
"9/27/1991","-51.875","-4.83955001831055","219","35.203","23.119","0.7072449192","1.33382263122104","0.638012245576395","11.44547208",
"9/28/1991","-51.875","-4.83955001831055","219","36.159","22.177","1.39389066","1.35249984104257","0.646799204659758","18.39594222",
"9/29/1991","-51.875","-4.83955001831055","219","36.2","20.781","1.259994672","1.75346872046617","0.649066197499581","20.211917472",
"9/30/1991","-51.875","-4.83955001831055","219","35.274","20.184","0.123596208","1.11282328823572","0.60714361394496","19.17365832",
"10/1/1991","-51.875","-4.83955001831055","219","35.496","18.359","0.0137329056","1.82414384661692","0.46935821346953","25.181443008",
"10/2/1991","-51.875","-4.83955001831055","219","37.317","21.655","0","1.63711771079463","0.419845380182979","23.784242832",
"10/3/1991","-51.875","-4.83955001831055","219","38.733","20.504","0","1.29995114977397","0.491987798024859","14.99478804",
"10/4/1991","-51.875","-4.83955001831055","219","37.966","21.386","0.2368925928","1.71799044223853","0.465595281125147","27.82254852",
"10/5/1991","-51.875","-4.83955001831055","219","33.154","19.408","0","1.44717789693612","0.528419859121177","18.57858714",
"10/6/1991","-51.875","-4.83955001831055","219","36.792","22.233","0.0446319864","1.95385411473671","0.44569438784231","22.08869622",
"10/7/1991","-51.875","-4.83955001831055","219","36.003","25.476","0.0171661464","1.84657839213958","0.441631534839548","18.93921228",
"10/8/1991","-51.875","-4.83955001831055","219","39.076","25.253","0","1.16736569433105","0.416549541634163","14.854952664",
"10/9/1991","-51.875","-4.83955001831055","219","35.807","24.56","0.2952576","1.3747199637806","0.396376738954371","16.422296472",
"10/10/1991","-51.875","-4.83955001831055","219","35.581","21.537","1.6170511176","1.38024740338463","0.596672517228977","21.943856088",
"10/11/1991","-51.875","-4.83955001831055","219","37.666","21.981","0","1.52877475664837","0.430922381158198","23.64366528",
"10/12/1991","-51.875","-4.83955001831055","219","35.11","22.461","0.0240326064","1.89703931475074","0.392614275261413","19.447870248",
"10/13/1991","-51.875","-4.83955001831055","219","36.145","22.186","0","2.27542500710966","0.435017806747084","19.161448488",
"10/14/1991","-51.875","-4.83955001831055","219","35.958","21.004","0.535583124","2.06842489461772","0.509824646238746","19.62573588",
"10/15/1991","-51.875","-4.83955001831055","219","34.145","19.021","0.037765512","1.60910503327141","0.519270794417581","20.520668088",
"10/16/1991","-51.875","-4.83955001831055","219","36.76","23.172","0","1.95385504933205","0.465542520780095","19.12961322",
"10/17/1991","-51.875","-4.83955001831055","219","37.113","23.966","0","2.14450130502597","0.40044617299624","23.5212174",
"10/18/1991","-51.875","-4.83955001831055","219","35.581","21.968","0","1.72026498409922","0.467655312807272","20.5329411",
"10/19/1991","-51.875","-4.83955001831055","219","37.568","22.554","0.350189064","1.60858965159187","0.464387446768852","20.330101368",
"10/20/1991","-51.875","-4.83955001831055","219","34.076","23.094","0.27294192","1.82695792030893","0.513189832219851","18.46602864",
"10/21/1991","-51.875","-4.83955001831055","219","37.175","21.741","0.02059938","1.68335041668635","0.486623760481221","25.56365508",
"10/22/1991","-51.875","-4.83955001831055","219","33.379","20.46","2.231596908","1.6272247035561","0.58687407287419","19.4662107",
"10/23/1991","-51.875","-4.83955001831055","219","34.617","21.91","0","1.99759158166089","0.550125111476756","20.18542752",
"10/24/1991","-51.875","-4.83955001831055","219","34.71","20.436","0.7965073728","1.65141308390599","0.576274429023468","18.23591268",
"10/25/1991","-51.875","-4.83955001831055","219","35.503","20.232","1.0540010232","1.63999362039229","0.661104659426941","16.8455286",
"10/26/1991","-51.875","-4.83955001831055","219","34.461","20.214","0.044631936","1.65936743926996","0.594281685225646","19.47954312",
"10/27/1991","-51.875","-4.83955001831055","219","34.8","21.817","0.38452104","1.54009707439154","0.545765854863849","17.2258308",
"10/28/1991","-51.875","-4.83955001831055","219","35.572","21.488","10.34774424","1.48614293828029","0.7006379245097","19.312310952",
"10/29/1991","-51.875","-4.83955001831055","219","34.517","21.269","3.086471232","1.26278726159581","0.803848078363948","10.42014582",
"10/30/1991","-51.875","-4.83955001831055","219","29.597","21.613","15.149116584","1.12605990560139","0.858676382893783","24.1281018",
"10/31/1991","-51.875","-4.83955001831055","219","34.457","21.171","0.4257203112","1.32167449728501","0.647290698444679","19.59890652",
"11/1/1991","-51.875","-4.83955001831055","219","33.492","22.896","0.274658364","1.03698836749442","0.598980073654897","10.74808134",
"11/2/1991","-51.875","-4.83955001831055","219","34.467","20.197","2.27623248","1.32579299075511","0.68831223052371","12.48733152",
"11/3/1991","-51.875","-4.83955001831055","219","28.737","20.203","24.1081362","1.26787069602286","0.906078227212326","8.62447752",
"11/4/1991","-51.875","-4.83955001831055","219","34.564","22.915","0","1.57367837706163","0.572548866915721","22.40094024",
"11/5/1991","-51.875","-4.83955001831055","219","37.057","21.094","0","1.72846157909276","0.484450581833062","22.65390486",
"11/6/1991","-51.875","-4.83955001831055","219","36.331","21.543","0.0068664528","1.48727272833725","0.520791715476174","19.28576016",
"11/7/1991","-51.875","-4.83955001831055","219","35.03","19.427","0.0068664528","1.32853616111852","0.586705078674141","17.6792652",
"11/8/1991","-51.875","-4.83955001831055","219","36.683","22.59","0","1.9241642652608","0.456148193527557","26.16845544",
"11/9/1991","-51.875","-4.83955001831055","219","36.052","21.308","0","1.24681303155205","0.487607612289405","19.14198552",
"11/10/1991","-51.875","-4.83955001831055","219","36.861","20.231","0","1.47681986242244","0.450022020594945","20.67171048",
"11/11/1991","-51.875","-4.83955001831055","219","36.732","24.059","0.422286732","0.891361943215849","0.522758245534286","9.92289168",
"11/12/1991","-51.875","-4.83955001831055","219","25.565","21.422","4.7739024","1.38389963055093","0.868131636135898","3.65343372",
"11/13/1991","-51.875","-4.83955001831055","219","35.8","20.448","0","1.36055166157037","0.595845482807372","21.74113188",
"11/14/1991","-51.875","-4.83955001831055","219","33.185","22.734","0.061798104","1.9178229084805","0.572524150484211","20.53800324",
"11/15/1991","-51.875","-4.83955001831055","219","34.99","23.628","0","1.80993292840814","0.615454792384191","17.09224236",
"11/16/1991","-51.875","-4.83955001831055","219","27.077","20.915","6.47850582","1.26609350908257","0.845876967274675","7.87668516",
"11/17/1991","-51.875","-4.83955001831055","219","24.734","20.645","8.020018368","1.37787594526523","0.931648407900604","5.87160036",
"11/18/1991","-51.875","-4.83955001831055","219","32.272","20.601","0","1.33857374190093","0.679737088379807","12.19016664",
"11/19/1991","-51.875","-4.83955001831055","219","36.011","18.175","0","1.41966781357547","0.534126395954261","26.1615897",
"11/20/1991","-51.875","-4.83955001831055","219","36.018","18.396","0","1.8099718266481","0.450725118185651","24.601275",
"11/21/1991","-51.875","-4.83955001831055","219","35.743","24.197","0","2.00031073531597","0.490120451378984","16.89334146",
"11/22/1991","-51.875","-4.83955001831055","219","34.288","22.798","0","2.36544558735203","0.455880340193627","26.04116772",
"11/23/1991","-51.875","-4.83955001831055","219","31.815","23.176","0.0926971416","2.0193224331695","0.559385645752964","14.426770248",
"11/24/1991","-51.875","-4.83955001831055","219","33.515","23.141","0.2317428288","1.53943432562968","0.589437386474276","16.3991817",
"11/25/1991","-51.875","-4.83955001831055","219","32.482","21.885","1.996422084","1.3620235994098","0.731262986332276","12.65079762",
"11/26/1991","-51.875","-4.83955001831055","219","33.337","20.426","0.267791436","1.40248816883449","0.591012743036164","18.41332608",
"11/27/1991","-51.875","-4.83955001831055","219","33.331","22.79","1.3612756248","0.983408545937773","0.638650236109195","14.75184366",
"11/28/1991","-51.875","-4.83955001831055","219","35.056","20.381","3.088188","0.948506782782169","0.698795958807693","19.40461578",
"11/29/1991","-51.875","-4.83955001831055","219","27.635","20.702","6.93169056","1.12011184004934","0.862694940831077","3.760987932",
"11/30/1991","-51.875","-4.83955001831055","219","30.975","20.932","1.7629616664","1.59088360709644","0.699429484671501","23.35472388",
"12/1/1991","-51.875","-4.83955001831055","219","32.629","20.334","0.0643730184","1.65584731779114","0.68417973779107","14.9897268",
"12/2/1991","-51.875","-4.83955001831055","219","34.771","21.716","0","1.58867295568566","0.573425834280781","18.70459164",
"12/3/1991","-51.875","-4.83955001831055","219","33.353","21.049","0.0137329056","0.872213190444264","0.561922523924776","18.98730054",
"12/4/1991","-51.875","-4.83955001831055","219","32.018","21.729","0.7844923656","1.78301161902223","0.619852005785491","16.90205616",
"12/5/1991","-51.875","-4.83955001831055","219","33.273","22.394","0","1.38155308086394","0.529922793237139","16.189434",
"12/6/1991","-51.875","-4.83955001831055","219","35.494","22.893","0.5913731664","1.05319779292125","0.6186762538635","10.30472154",
"12/7/1991","-51.875","-4.83955001831055","219","38.43","22.656","2.2770853344","1.12449008124335","0.581248895589124","19.2985875",
"12/8/1991","-51.875","-4.83955001831055","219","35.634","25.741","0.00686646","1.49780586639598","0.458988383944466","17.93318202",
"12/9/1991","-51.875","-4.83955001831055","219","32.887","22.985","1.328659344","2.01142623432277","0.58410949689263","23.60524662",
"12/10/1991","-51.875","-4.83955001831055","219","35.857","22.774","0.88405668","1.97030712241658","0.519821199975482","21.32932716",
"12/11/1991","-51.875","-4.83955001831055","219","36.282","24.791","0.0034332264","1.97470663283931","0.419867473594216","27.46260234",
"12/12/1991","-51.875","-4.83955001831055","219","36.521","24.422","0.0240325992","1.60803462096378","0.450991408596552","23.216231808",
"12/13/1991","-51.875","-4.83955001831055","219","35.204","23.454","0.887489208","1.55112276841598","0.612559184734694","18.3249549",
"12/14/1991","-51.875","-4.83955001831055","219","34.845","21.34","0.506401452","1.34968365695844","0.617678107023535","17.470236168",
"12/15/1991","-51.875","-4.83955001831055","219","28.501","22.675","0.2351763072","1.60772763799885","0.63336561993504","9.82929672",
"12/16/1991","-51.875","-4.83955001831055","219","33.454","21.829","0.62398908","1.27639899374722","0.646975965499422","15.6576879",
"12/17/1991","-51.875","-4.83955001831055","219","33.568","22.731","0.7587432648","1.24764905912718","0.637522478403233","15.261584652",
"12/18/1991","-51.875","-4.83955001831055","219","33.565","23.293","0","1.45182515545641","0.529864652322073","16.062917688",
"12/19/1991","-51.875","-4.83955001831055","219","32.618","22.402","0","1.65962380005603","0.538041238007884","17.6654808",
"12/20/1991","-51.875","-4.83955001831055","219","30.957","21.593","0.60253146","1.89928283444114","0.718404444203176","16.16512266",
"12/21/1991","-51.875","-4.83955001831055","219","28.762","22.193","11.311628004","1.42973997271266","0.839077538842233","20.8748826",
"12/22/1991","-51.875","-4.83955001831055","219","28.467","20.273","5.39016768","1.0208038390397","0.921171442407517","13.4852598",
"12/23/1991","-51.875","-4.83955001831055","219","32.022","21.715","2.35519398","1.21576465449579","0.760131667348676","17.45443062",
"12/24/1991","-51.875","-4.83955001831055","219","34.597","20.903","3.546524628","1.15989001210728","0.650801276083936","16.78268826",
"12/25/1991","-51.875","-4.83955001831055","219","34.873","22.725","0.374221908","1.63668376751891","0.580838187313294","19.78649694",
"12/26/1991","-51.875","-4.83955001831055","219","35.637","21.855","7.2063546264","1.32153699772497","0.616444685619238","19.48955418",
"12/27/1991","-51.875","-4.83955001831055","219","31.041","20.701","30.70853748","0.675142016025934","0.866314032644387","14.90433876",
"12/28/1991","-51.875","-4.83955001831055","219","33.368","20.633","0.363922344","1.63076068386172","0.725121958275993","19.81804878",
"12/29/1991","-51.875","-4.83955001831055","219","28.152","19.81","13.6359214344","1.30112135477934","0.85827997339953","22.1642397",
"12/30/1991","-51.875","-4.83955001831055","219","32.023","21.488","3.7490868792","1.38882772773341","0.706747636220498","16.16596542",
"12/31/1991","-51.875","-4.83955001831055","219","33.082","21.836","0.480652056","1.59653615649574","0.61439681138358","18.50540274",
"1/1/1992","-51.875","-4.83955001831055","219","33.185","23.596","0.0205993728","1.20963138082883","0.543687231421144","17.95208094",
"1/2/1992","-51.875","-4.83955001831055","219","32.997","23.095","0.077247612","1.51797269147779","0.606772851115657","22.401454032",
"1/3/1992","-51.875","-4.83955001831055","219","34.672","22.83","1.6445189592","1.13614191742063","0.731755348312809","17.1883134",
"1/4/1992","-51.875","-4.83955001831055","219","35.545","21.12","0.0497817936","1.49194310592233","0.632476290578628","22.1313303",
"1/5/1992","-51.875","-4.83955001831055","219","35.362","21.678","1.7286300792","1.21238440762285","0.697808274582496","13.921086528",
"1/6/1992","-51.875","-4.83955001831055","219","27.274","21.995","2.40068646","1.14799506790454","0.813711085521375","4.402912572",
"1/7/1992","-51.875","-4.83955001831055","219","32.867","19.522","1.5320763864","1.01443071206801","0.791341934428502","25.89637662",
"1/8/1992","-51.875","-4.83955001831055","219","30.636","18.944","4.231457676","1.78059602205827","0.734830430513521","24.7904424",
"1/9/1992","-51.875","-4.83955001831055","219","33.616","19.039","0.8694648","1.81216033921131","0.693383750840926","26.64157716",
"1/10/1992","-51.875","-4.83955001831055","219","30.721","20.554","0.6986615616","1.65494128497476","0.731693393716128","18.50439564",
"1/11/1992","-51.875","-4.83955001831055","219","35.243","20.783","5.306049144","0.979515947222944","0.779194978784487","8.875796328",
"1/12/1992","-51.875","-4.83955001831055","219","32.515","21.997","8.6517346104","1.55928941808343","0.728449543404093","14.80955589",
"1/13/1992","-51.875","-4.83955001831055","219","36.566","21.417","2.2710824064","1.23872597697568","0.625784723525908","21.934459872",
"1/14/1992","-51.875","-4.83955001831055","219","27.234","22.029","6.91537788","1.12806565534046","0.891025266056943","5.11362315",
"1/15/1992","-51.875","-4.83955001831055","219","23.861","21.551","8.904505428","0.705983947573551","0.968571805182283","3.789113256",
"1/16/1992","-51.875","-4.83955001831055","219","25.942","20.906","4.932688824","1.35287218127659","0.924963876478881","7.391023092",
"1/17/1992","-51.875","-4.83955001831055","219","29.66","19.934","0.082397448","1.72714620050189","0.737620366917795","16.85255967",
"1/18/1992","-51.875","-4.83955001831055","219","32.539","18.316","0.040340412","1.62055285561041","0.6562876536278","24.53748696",
"1/19/1992","-51.875","-4.83955001831055","219","29.455","20.359","6.65574048","1.42015043813683","0.841437184603924","27.10305432",
"1/20/1992","-51.875","-4.83955001831055","219","26.247","20.908","10.92796668","1.06942126724542","0.961160559628596","14.0577165",
"1/21/1992","-51.875","-4.83955001831055","219","26.411","21.983","7.02095004","1.24215567352991","0.939443518305989","11.8295964",
"1/22/1992","-51.875","-4.83955001831055","219","30.783","21.656","16.082951472","1.72023806397709","0.865286155984961","21.85841124",
"1/23/1992","-51.875","-4.83955001831055","219","29.159","21.421","23.4146142","1.27763701690725","0.932717531628492","9.240804432",
"1/24/1992","-51.875","-4.83955001831055","219","31.336","21.613","5.4622639944","1.46947730852173","0.895669086822877","21.808070568",
"1/25/1992","-51.875","-4.83955001831055","219","30.36","20.421","9.4611123864","1.3991120423285","0.88869996256402","18.766239912",
"1/26/1992","-51.875","-4.83955001831055","219","30.492","20.842","4.7464321608","1.60851795065194","0.86328630091768","26.58177936",
"1/27/1992","-51.875","-4.83955001831055","219","33.776","21.167","0.557899416","1.67563606862721","0.761297540971909","16.913807712",
"1/28/1992","-51.875","-4.83955001831055","219","29.365","21.149","5.4622628784","0.965689141137635","0.890932205175751","16.71367365",
"1/29/1992","-51.875","-4.83955001831055","219","29.186","21.905","16.16363136","1.2086997784225","0.936091122087653","10.168651908",
"1/30/1992","-51.875","-4.83955001831055","219","24.245","21.147","17.49915792","0.896591169508542","0.97801077418726","7.3356723",
"1/31/1992","-51.875","-4.83955001831055","219","26.038","21.536","17.60902524","1.12750533715334","0.960504442319052","22.651766892",
"2/1/1992","-51.875","-4.83955001831055","219","32.051","22.113","14.405821596","1.41145961750329","0.852740018275467","24.717943332",
"2/2/1992","-51.875","-4.83955001831055","219","31.994","21.628","12.2377385592","1.63069382556321","0.826722064462605","24.190083648",
"2/3/1992","-51.875","-4.83955001831055","219","29.34","21.342","7.9788204","1.56232394071677","0.865775140742137","23.7754125",
"2/4/1992","-51.875","-4.83955001831055","219","33.292","21.501","0.0480651912","1.85005298176749","0.719909290457942","26.58166524",
"2/5/1992","-51.875","-4.83955001831055","219","30.531","20.744","2.8736122392","1.69919180810914","0.792655589342611","16.8751602",
"2/6/1992","-51.875","-4.83955001831055","219","31.185","21.737","8.7169638312","1.50819720714868","0.833726713361286","23.365351908",
"2/7/1992","-51.875","-4.83955001831055","219","30.541","21.61","7.463836368","1.57851596008532","0.893764878415135","14.499677628",
"2/8/1992","-51.875","-4.83955001831055","219","25.512","21.644","7.2681403104","1.46199239849514","0.946227924708912","13.97964303",
"2/9/1992","-51.875","-4.83955001831055","219","30.656","21.092","5.6545264368","1.42021295449569","0.885081840791406","23.35263678",
"2/10/1992","-51.875","-4.83955001831055","219","25.906","19.673","25.19989182","0.914790676052574","0.964333788644763","5.127636708",
"2/11/1992","-51.875","-4.83955001831055","219","24.374","21.037","17.79097932","1.17138752871992","0.974335725984834","7.331510808",
"2/12/1992","-51.875","-4.83955001831055","219","23.202","20.762","16.12929456","1.19937241451673","0.978585831181404","5.55817707",
"2/13/1992","-51.875","-4.83955001831055","219","26.95","20.451","11.118510324","1.20477240359524","0.94912422336278","13.78153485",
"2/14/1992","-51.875","-4.83955001831055","219","29.652","20.561","11.20948398","1.15828470834216","0.887603069301977","16.501785192",
"2/15/1992","-51.875","-4.83955001831055","219","24.764","21.332","18.920517948","1.21429223231204","0.963597922423522","5.882005098",
"2/16/1992","-51.875","-4.83955001831055","219","23.712","20.303","1.2359616552","1.35699404456308","0.955708405650895","5.271637788",
"2/17/1992","-51.875","-4.83955001831055","219","30.479","21.218","11.791418148","1.19490598254309","0.904920203846425","26.53661187",
"2/18/1992","-51.875","-4.83955001831055","219","27.158","22.172","22.116855204","0.745572942089286","0.956830452845962","15.41070243",
"2/19/1992","-51.875","-4.83955001831055","219","26.174","22.124","14.338873404","0.986752251376194","0.959316694629","18.02035737",
"2/20/1992","-51.875","-4.83955001831055","219","28.824","21.85","6.502530564","1.18708421390166","0.924608940595378","12.303054",
"2/21/1992","-51.875","-4.83955001831055","219","25.735","21.827","2.169799812","1.19656095391923","0.945350513156628","8.43940926",
"2/22/1992","-51.875","-4.83955001831055","219","28.928","21.711","9.189036864","1.00325049333196","0.934297323359602","14.36106906",
"2/23/1992","-51.875","-4.83955001831055","219","26.193","22.066","9.692003664","1.07837899572221","0.953537680217837","17.58870126",
"2/24/1992","-51.875","-4.83955001831055","219","26.621","22.139","12.006000864","1.37709828955127","0.958529421509397","20.8910232",
"2/25/1992","-51.875","-4.83955001831055","219","28.879","20.939","6.8286898224","1.19210025782303","0.916570241545181","18.9849474",
"2/26/1992","-51.875","-4.83955001831055","219","26.416","22.273","17.09919288","1.18310947263527","0.967367875652179","18.94826862",
"2/27/1992","-51.875","-4.83955001831055","219","29.537","21.346","27.00405324","1.14627585414874","0.937318751826632","26.25558858",
"2/28/1992","-51.875","-4.83955001831055","219","29.927","22.378","15.3259236","1.44457815886419","0.870840571477952","19.72220391",
"2/29/1992","-51.875","-4.83955001831055","219","31.603","20.597","8.9212428","1.17783808095198","0.842316751654915","24.35856057",
"3/1/1992","-51.875","-4.83955001831055","219","29.966","21.759","6.57206046","1.61623731115699","0.884399807884675","19.067508972",
"3/2/1992","-51.875","-4.83955001831055","219","31.627","21.735","4.04090928","1.65352745226003","0.814435551482839","26.96810598",
"3/3/1992","-51.875","-4.83955001831055","219","29.892","21.687","10.4455944","1.31580107762822","0.899656834465772","21.13042284",
"3/4/1992","-51.875","-4.83955001831055","219","29.964","22.277","3.601454076","1.52793720719826","0.865587054760556","20.85935985",
"3/5/1992","-51.875","-4.83955001831055","219","29.386","21.836","2.8470034728","1.30560814323302","0.866469175928028","22.89752334",
"3/6/1992","-51.875","-4.83955001831055","219","32.27","21.554","3.085615476","1.44782549328784","0.85851931024708","20.451880458",
"3/7/1992","-51.875","-4.83955001831055","219","29.967","22.46","3.4023286008","1.47361417240192","0.857597286290037","24.10402563",
"3/8/1992","-51.875","-4.83955001831055","219","29.411","21.949","5.3034828264","1.13349874735157","0.915192659810616","22.013439768",
"3/9/1992","-51.875","-4.83955001831055","219","27.239","22.54","18.96515586","1.16160972951952","0.938085392062811","22.867485192",
"3/10/1992","-51.875","-4.83955001831055","219","26.359","22.047","9.31863564","0.919398767399086","0.958872071168089","18.18258633",
"3/11/1992","-51.875","-4.83955001831055","219","26.67","20.287","14.091684516","0.832199778342997","0.969418487128379","18.17831835",
"3/12/1992","-51.875","-4.83955001831055","219","30.426","21.962","11.012076936","1.16182434409809","0.896829128533199","18.91929258",
"3/13/1992","-51.875","-4.83955001831055","219","26.822","22.724","9.803585304","1.16270456297742","0.95165338429618","13.599227988",
"3/14/1992","-51.875","-4.83955001831055","219","26.908","22.816","15.50788992","1.07051545339074","0.946372342568678","16.912232532",
"3/15/1992","-51.875","-4.83955001831055","219","26.349","22.7","17.3017566","1.24957167578877","0.965389213846252","13.95191061",
"3/16/1992","-51.875","-4.83955001831055","219","28.503","22.724","4.392815256","1.24608524811011","0.907236980990605","13.75942275",
"3/17/1992","-51.875","-4.83955001831055","219","29.02","22.258","12.407682672","1.22540896462917","0.943363002576759","20.91172365",
"3/18/1992","-51.875","-4.83955001831055","219","27.095","22.773","15.13108908","0.997641312763786","0.958997582999583","15.4311687",
"3/19/1992","-51.875","-4.83955001831055","219","27.215","23.131","28.45287684","0.560209715008617","0.970903846253497","11.634074352",
"3/20/1992","-51.875","-4.83955001831055","219","23.985","21.485","130.4180364528","0.937745520611738","0.981893880675223","1.678725288",
"3/21/1992","-51.875","-4.83955001831055","219","26.001","22.093","18.2870871048","0.556857130260165","0.969164945090564","12.825114282",
"3/22/1992","-51.875","-4.83955001831055","219","23.997","21.837","10.473061356","0.760271257373883","0.978469973642335","2.69386758",
"3/23/1992","-51.875","-4.83955001831055","219","30.928","21.252","7.154848908","1.01000548121373","0.895999866992815","15.68261304",
"3/24/1992","-51.875","-4.83955001831055","219","23.896","21.705","64.1292696","0.99671949617262","0.981034846388377","4.584602412",
"3/25/1992","-51.875","-4.83955001831055","219","24.517","21.672","8.39595348","1.0646518897143","0.976830411591295","7.79568399",
"3/26/1992","-51.875","-4.83955001831055","219","25.185","21.721","12.497807916","0.884270628757749","0.968352848451627","11.94260625",
"3/27/1992","-51.875","-4.83955001831055","219","26.722","21.807","15.86666268","0.85858971225379","0.962511426538088","16.11669474",
"3/28/1992","-51.875","-4.83955001831055","219","24.644","21.706","12.685778136","0.977272532558074","0.975041763191265","9.93976749",
"3/29/1992","-51.875","-4.83955001831055","219","26.385","21.975","14.96028852","0.800943879274733","0.965549519978926","12.03609042",
"3/30/1992","-51.875","-4.83955001831055","219","24.99","21.533","33.856779816","0.802010756905841","0.977366643137364","7.844287878",
"3/31/1992","-51.875","-4.83955001831055","219","26.409","21.719","14.642712972","0.773535834204003","0.970992916677689","14.194069668",
"4/1/1992","-51.875","-4.83955001831055","219","24.835","21.789","9.7229052","0.653989787882735","0.97432585799111","10.017903222",
"4/2/1992","-51.875","-4.83955001831055","219","29.44","21.805","29.4055884","0.927527550505934","0.950953480338737","16.09593615",
"4/3/1992","-51.875","-4.83955001831055","219","24.846","21.955","49.75090344","0.881494788148371","0.977454116886866","10.14468633",
"4/4/1992","-51.875","-4.83955001831055","219","31.437","21.829","11.978534376","0.793514428038242","0.894157806348657","19.76989464",
"4/5/1992","-51.875","-4.83955001831055","219","26.336","21.996","18.45360324","1.07370372534401","0.967176477486","19.04698062",
"4/6/1992","-51.875","-4.83955001831055","219","26.602","22.22","7.7865581448","1.1348697319267","0.958171407501351","18.3684384",
"4/7/1992","-51.875","-4.83955001831055","219","26.278","22.492","16.314703236","0.950462766024231","0.970432083264889","16.4652174",
"4/8/1992","-51.875","-4.83955001831055","219","27.527","22.436","38.49337026","0.729888603055125","0.96360753047757","10.147275036",
"4/9/1992","-51.875","-4.83955001831055","219","27.843","22.292","2.60925318","0.994205307097759","0.914181423260995","12.35424726",
"4/10/1992","-51.875","-4.83955001831055","219","27.836","22.128","5.041694808","1.07149152360529","0.929248752493767","16.00148862",
"4/11/1992","-51.875","-4.83955001831055","219","27.385","19.848","2.37235968","0.855320039427262","0.916625919010907","12.63926484",
"4/12/1992","-51.875","-4.83955001831055","219","30.323","21.1","6.4578960792","0.95804940434521","0.876236475928657","22.99292676",
"4/13/1992","-51.875","-4.83955001831055","219","31.027","20.467","14.572336968","0.662558951145156","0.890448783788424","19.52724762",
"4/14/1992","-51.875","-4.83955001831055","219","30.825","21.377","13.70544804","0.899511530714379","0.908711978178185","20.6870598",
"4/15/1992","-51.875","-4.83955001831055","219","30.136","22.918","6.253623144","1.36401844840644","0.881700158782092","24.23390652",
"4/16/1992","-51.875","-4.83955001831055","219","28.529","22.214","8.710095744","1.23314775374863","0.936644801556178","19.96132626",
"4/17/1992","-51.875","-4.83955001831055","219","26.897","22.873","21.47484258","0.696385803065172","0.973386165063855","8.673077808",
"4/18/1992","-51.875","-4.83955001831055","219","27.852","19.889","0.944136612","0.945948483869018","0.919772086369336","12.040028928",
"4/19/1992","-51.875","-4.83955001831055","219","28.333","21.063","0.250625592","0.865443570298366","0.879716648696458","11.6690031",
"4/20/1992","-51.875","-4.83955001831055","219","25.927","21.402","22.2026832","1.00451085560376","0.974152980974211","15.1252353",
"4/21/1992","-51.875","-4.83955001831055","219","29.064","21.539","3.13453692","1.11201077898754","0.886032922884529","18.43476066",
"4/22/1992","-51.875","-4.83955001831055","219","29.821","21.298","2.046203676","1.06260441452087","0.890681285131794","15.32862918",
"4/23/1992","-51.875","-4.83955001831055","219","32.977","21.729","1.0677334464","1.49074510864146","0.800505008608907","22.92794874",
"4/24/1992","-51.875","-4.83955001831055","219","32.25","21.427","2.750015988","0.875847847365181","0.834753426057726","23.38436232",
"4/25/1992","-51.875","-4.83955001831055","219","31.199","20.327","0.930404592","1.42352326113733","0.816632157263868","24.78768822",
"4/26/1992","-51.875","-4.83955001831055","219","29.283","22.103","5.541230232","1.25490848397643","0.923731405572463","4.429517688",
"4/27/1992","-51.875","-4.83955001831055","219","33.633","20.451","0","1.5208019424729","0.728296210548618","25.32301362",
"4/28/1992","-51.875","-4.83955001831055","219","33.406","21.422","4.0580760528","1.20817807400758","0.820447240898245","21.43113642",
"4/29/1992","-51.875","-4.83955001831055","219","33.005","22.342","4.423712292","1.06953215089002","0.826322634095308","23.87148696",
"4/30/1992","-51.875","-4.83955001831055","219","31.357","21.801","2.6573178024","1.34604651489986","0.859705919310221","18.58196214",
"5/1/1992","-51.875","-4.83955001831055","219","30.85","22.123","3.7473652728","1.41637086130452","0.866841278733331","20.762158392",
"5/2/1992","-51.875","-4.83955001831055","219","31.493","19.87","3.993701868","1.15323171629415","0.852996070898612","23.74003206",
"5/3/1992","-51.875","-4.83955001831055","219","29.758","20.821","6.10084764","1.07359264287602","0.884696205373238","22.97942154",
"5/4/1992","-51.875","-4.83955001831055","219","31.715","21.266","7.897278312","1.17250962211223","0.880764090195642","20.70123984",
"5/5/1992","-51.875","-4.83955001831055","219","31.012","20.905","1.0780331904","1.46353460801064","0.846042194999958","16.26367644",
"5/6/1992","-51.875","-4.83955001831055","219","30.081","21.31","4.076956116","1.44737426114376","0.841474637799227","16.93040976",
"5/7/1992","-51.875","-4.83955001831055","219","30.009","20.348","10.5777661464","1.16993879175355","0.900880197512966","21.88630764",
"5/8/1992","-51.875","-4.83955001831055","219","29.785","19.361","9.52548372","0.991285412291318","0.919387570730024","23.93678916",
"5/9/1992","-51.875","-4.83955001831055","219","32.48","20.642","0.2712249288","1.3863041943631","0.78655625755138","21.3273585",
"5/10/1992","-51.875","-4.83955001831055","219","30.017","20.459","7.81145172","1.23233138939235","0.889880384412763","23.433354",
"5/11/1992","-51.875","-4.83955001831055","219","31.422","20.448","4.0271765544","1.35289087696741","0.87866887547401","21.9175353",
"5/12/1992","-51.875","-4.83955001831055","219","33.347","21.472","0.1407623184","1.19841653985261","0.769728079086808","15.1461009",
"5/13/1992","-51.875","-4.83955001831055","219","33.959","21.756","0","1.66551850480626","0.641431003675956","23.56481772",
"5/14/1992","-51.875","-4.83955001831055","219","34.021","21.38","0.4737855384","1.52848685624924","0.712427282110389","19.78796232",
"5/15/1992","-51.875","-4.83955001831055","219","33.862","20.903","0.197410536","1.32231776556773","0.742329963597918","17.50162662",
"5/16/1992","-51.875","-4.83955001831055","219","29.907","22.165","2.416994856","1.19875863745284","0.81083542612499","13.85454582",
"5/17/1992","-51.875","-4.83955001831055","219","29.324","21.774","2.547451116","1.18792790116955","0.907572020940503","14.96131398",
"5/18/1992","-51.875","-4.83955001831055","219","28.848","21.899","5.167866348","1.21301959362538","0.927396927262517","14.75628336",
"5/19/1992","-51.875","-4.83955001831055","219","33.492","20.952","3.8228965488","1.17597753213395","0.801182233766715","19.67900832",
"5/20/1992","-51.875","-4.83955001831055","219","32.558","20.761","4.150771776","1.10653011925951","0.792042205504237","16.43580108",
"5/21/1992","-51.875","-4.83955001831055","219","31.961","20.5","0.39653748","1.42447784807612","0.786889517773645","22.33664208",
"5/22/1992","-51.875","-4.83955001831055","219","31.335","18.787","0.55103274","0.76816010817667","0.827731706739719","15.55976646",
"5/23/1992","-51.875","-4.83955001831055","219","33.145","20.139","1.11751578","1.24671729156152","0.754723174289853","14.84988786",
"5/24/1992","-51.875","-4.83955001831055","219","33.915","21.856","0","1.31878775763866","0.572675098176517","14.7981969",
"5/25/1992","-51.875","-4.83955001831055","219","32.474","21.898","0","1.35431367645074","0.61111129085194","19.34977428",
"5/26/1992","-51.875","-4.83955001831055","219","32.632","18.508","0","1.3349320607193","0.637000874864722","16.56016542",
"5/27/1992","-51.875","-4.83955001831055","219","32.522","17.412","0","1.18503163636347","0.721276742932414","18.0795897",
"5/28/1992","-51.875","-4.83955001831055","219","33.521","19.907","0.111579876","1.08777750285206","0.745232371121175","19.85085846",
"5/29/1992","-51.875","-4.83955001831055","219","33.624","19.637","0","1.41356385443773","0.638203268820555","22.85364438",
"5/30/1992","-51.875","-4.83955001831055","219","32.479","19.721","0","1.43164117705655","0.692358648663616","17.06957064",
"5/31/1992","-51.875","-4.83955001831055","219","33.329","19.896","0.0068664528","1.23226189366837","0.672620868346951","17.3001366",
"6/1/1992","-51.875","-4.83955001831055","219","32.257","20.138","0.7381446264","1.15448835675757","0.726842611585238","17.179425",
"6/2/1992","-51.875","-4.83955001831055","219","30.577","19.588","2.4204256344","1.43848344866583","0.799320018205321","15.91211178",
"6/3/1992","-51.875","-4.83955001831055","219","33.177","20.042","0.20427732","1.28890385083235","0.723895729153539","16.39012302",
"6/4/1992","-51.875","-4.83955001831055","219","32.583","18.311","0.102996792","1.02119552953177","0.714013154644595","20.8220607",
"6/5/1992","-51.875","-4.83955001831055","219","33.661","20.855","2.289961872","1.00134299134138","0.734490086094095","11.337864912",
"6/6/1992","-51.875","-4.83955001831055","219","33.707","20.264","0","1.42128744254154","0.610259697079","21.31903044",
"6/7/1992","-51.875","-4.83955001831055","219","33.715","23.36","0","1.6952171710718","0.600044813580906","17.88530472",
"6/8/1992","-51.875","-4.83955001831055","219","33.726","20.392","1.678850244","1.18500812347312","0.726129461717842","20.65072536",
"6/9/1992","-51.875","-4.83955001831055","219","33.046","19.564","1.3389574392","1.03153597001717","0.779842934075671","13.94521614",
"6/10/1992","-51.875","-4.83955001831055","219","29.359","19.917","0.6523130304","1.04837499068855","0.809156090559457","13.41039366",
"6/11/1992","-51.875","-4.83955001831055","219","30.874","20.824","1.0746004752","1.46541912497937","0.818834420429621","11.93490396",
"6/12/1992","-51.875","-4.83955001831055","219","29.849","20.845","4.631425812","1.20553612757988","0.872720091582631","10.986577632",
"6/13/1992","-51.875","-4.83955001831055","219","33.585","20.412","0.980187624","1.21404386602641","0.771966706881754","16.65742068",
"6/14/1992","-51.875","-4.83955001831055","219","31.691","18.725","0.643729932","1.20479866486318","0.773543809792638","14.72878386",
"6/15/1992","-51.875","-4.83955001831055","219","32.482","20.346","0.6969452544","0.970305675089669","0.791718612398245","14.20301034",
"6/16/1992","-51.875","-4.83955001831055","219","32.64","17.622","0.116729892","1.39351459055909","0.664467323907646","19.99794096",
"6/17/1992","-51.875","-4.83955001831055","219","32.368","19.251","0","1.86381672857606","0.537788338358172","23.02346016",
"6/18/1992","-51.875","-4.83955001831055","219","32.462","19.261","0","1.86591591501819","0.532397154411424","23.13872334",
"6/19/1992","-51.875","-4.83955001831055","219","32.376","19.14","0","1.99572995309201","0.552077548831644","23.10474042",
"6/20/1992","-51.875","-4.83955001831055","219","31.579","19.899","0","1.82462088844025","0.578940880856427","19.39954968",
"6/21/1992","-51.875","-4.83955001831055","219","32.742","20.653","0.18196128","1.71290427330473","0.548250863367216","23.21347032",
"6/22/1992","-51.875","-4.83955001831055","219","33.573","18.895","0","1.61061230947158","0.514749987993094","22.89965814",
"6/23/1992","-51.875","-4.83955001831055","219","32.906","20.253","0.0034332264","1.35729316554502","0.589248044528981","6.21613224",
"6/24/1992","-51.875","-4.83955001831055","219","33.973","21.447","0.231743088","1.52475195277125","0.571150386852418","17.05584762",
"6/25/1992","-51.875","-4.83955001831055","219","34.286","20.576","0","1.62003412636136","0.504135275651505","21.9963375",
"6/26/1992","-51.875","-4.83955001831055","219","31.97","20.921","0","1.29723507381669","0.548050841100294","10.495917",
"6/27/1992","-51.875","-4.83955001831055","219","32.71","16.195","0","1.44443913981619","0.635975280302436","17.74541736",
"6/28/1992","-51.875","-4.83955001831055","219","31.88","18.685","0","1.13964772562456","0.672222699876323","14.87333988",
"6/29/1992","-51.875","-4.83955001831055","219","33.778","19.253","0","1.55376155999546","0.50317722939585","20.9312478",
"6/30/1992","-51.875","-4.83955001831055","219","31.181","21.772","0","1.7636257568933","0.612635645425221","14.64812352",
"7/1/1992","-51.875","-4.83955001831055","219","33.801","18.564","0","1.55634704375196","0.568520708521476","21.19398768",
"7/2/1992","-51.875","-4.83955001831055","219","34.451","16.191","0","1.51428488535331","0.5194516094634","21.57074388",
"7/3/1992","-51.875","-4.83955001831055","219","33.012","19.854","0","1.45388329401196","0.566525488720261","14.57268714",
"7/4/1992","-51.875","-4.83955001831055","219","32.749","19.162","0","1.76805332026682","0.612127749432534","16.80277212",
"7/5/1992","-51.875","-4.83955001831055","219","32.808","19.022","0","1.51351940251056","0.58622055068684","20.02230144",
"7/6/1992","-51.875","-4.83955001831055","219","32.561","21.227","0","1.30233665972839","0.473405203076808","13.87394802",
"7/7/1992","-51.875","-4.83955001831055","219","33.057","19.614","0","1.83389755143638","0.498492111380652","23.2905978",
"7/8/1992","-51.875","-4.83955001831055","219","34.106","17.535","0","1.23741493381202","0.474616328614034","21.33219384",
"7/9/1992","-51.875","-4.83955001831055","219","32.832","18.55","0","1.27341998681596","0.532383175453202","17.60883282",
"7/10/1992","-51.875","-4.83955001831055","219","32.533","15.101","0","1.20018380697404","0.620174851404421","14.97942828",
"7/11/1992","-51.875","-4.83955001831055","219","33.645","17.831","0","1.50157996607591","0.48466217995237","23.3985924",
"7/12/1992","-51.875","-4.83955001831055","219","33.765","20.085","0","1.52139891392942","0.436218591718361","23.2279263",
"7/13/1992","-51.875","-4.83955001831055","219","34.047","17.69","0","1.63739897489892","0.465166441647936","23.72034204",
"7/14/1992","-51.875","-4.83955001831055","219","31.949","18.985","0.085830552","1.36350019141533","0.63299368626954","14.42008188",
"7/15/1992","-51.875","-4.83955001831055","219","32.95","18.803","1.2153607704","1.33205895709257","0.65380635882846","15.99784128",
"7/16/1992","-51.875","-4.83955001831055","219","31.919","17.701","1.46255616","1.07063367432557","0.776130858162294","15.09451704",
"7/17/1992","-51.875","-4.83955001831055","219","26.932","16.361","0.09956358","1.31107283058658","0.793233853062661","9.84515652",
"7/18/1992","-51.875","-4.83955001831055","219","32.719","14.547","0","1.29070094615379","0.633631614674369","18.81529074",
"7/19/1992","-51.875","-4.83955001831055","219","33.653","13.297","0","1.08794216702815","0.631717878151929","18.28862028",
"7/20/1992","-51.875","-4.83955001831055","219","33.823","16.996","0","1.36985180139837","0.489100269915977","21.12423552",
"7/21/1992","-51.875","-4.83955001831055","219","33.417","18.015","0","1.5020780836926","0.477833820961512","20.0304",
"7/22/1992","-51.875","-4.83955001831055","219","33.385","18.778","0","1.44733934406578","0.42325997299913","24.040576332",
"7/23/1992","-51.875","-4.83955001831055","219","32.946","16.665","0","1.62936939332122","0.424098592624146","24.74601012",
"7/24/1992","-51.875","-4.83955001831055","219","32.777","18.999","0","1.8897140477193","0.432184912575941","21.94778754",
"7/25/1992","-51.875","-4.83955001831055","219","33.26","22.698","0","1.72209899906673","0.399328458159478","23.134330008",
"7/26/1992","-51.875","-4.83955001831055","219","32.043","19.025","0","1.42195780627039","0.567329693951134","17.9220942",
"7/27/1992","-51.875","-4.83955001831055","219","33.686","19.882","0","1.745862781561","0.474492162272661","24.12591228",
"7/28/1992","-51.875","-4.83955001831055","219","34.167","17.515","0","1.62724293867896","0.456552921927332","24.7458402",
"7/29/1992","-51.875","-4.83955001831055","219","34.508","18.22","0","1.65034881851068","0.415381371748254","24.95480886",
"7/30/1992","-51.875","-4.83955001831055","219","34.544","17.964","0","1.67558176997916","0.387555778157909","24.72035202",
"7/31/1992","-51.875","-4.83955001831055","219","33.084","16.323","0","1.13029256846427","0.55802684837059","18.4524165",
"8/1/1992","-51.875","-4.83955001831055","219","35.38","16.231","0","1.13717900306121","0.657081068099986","17.83709784",
"8/2/1992","-51.875","-4.83955001831055","219","33.779","18.347","0","1.38631019755738","0.490113235026145","18.10619964",
"8/3/1992","-51.875","-4.83955001831055","219","34.841","14.917","0","1.33893861838925","0.512583992487262","21.3920964",
"8/4/1992","-51.875","-4.83955001831055","219","35.13","20.372","0","1.2870251182257","0.459599659016383","19.96240014",
"8/5/1992","-51.875","-4.83955001831055","219","34.925","17.525","0","1.25705571505131","0.498160545494824","24.53270544",
"8/6/1992","-51.875","-4.83955001831055","219","33.149","18.306","0","1.30385649214443","0.572978898102436","20.46370005",
"8/7/1992","-51.875","-4.83955001831055","219","32.886","18.211","1.23081228","1.23535962440136","0.676169049760286","13.51547208",
"8/8/1992","-51.875","-4.83955001831055","219","33.862","18.648","0","1.13002904122616","0.577902995469647","15.60060171",
"8/9/1992","-51.875","-4.83955001831055","219","35.857","17.74","0","1.49680283066741","0.416098462353551","22.920021",
"8/10/1992","-51.875","-4.83955001831055","219","34.858","20.543","0","1.60895424447159","0.46694996445027","23.28199254",
"8/11/1992","-51.875","-4.83955001831055","219","35.614","18.801","0","1.74737955634589","0.413659409953821","25.59043458",
"8/12/1992","-51.875","-4.83955001831055","219","36.288","19.212","0","1.81474714717033","0.430467914204747","25.1694513",
"8/13/1992","-51.875","-4.83955001831055","219","35.006","21.249","0","1.43261402453828","0.547556393721495","14.79004011",
"8/14/1992","-51.875","-4.83955001831055","219","33.185","18.833","0.0034332264","0.900136700300585","0.59768439228801","15.69768876",
"8/15/1992","-51.875","-4.83955001831055","219","33.465","21.022","1.9775376","1.62318245956512","0.715426754139944","11.96100054",
"8/16/1992","-51.875","-4.83955001831055","219","34.84","20.099","0.1699448544","1.38591392102708","0.671193112445656","18.4363857",
"8/17/1992","-51.875","-4.83955001831055","219","33.258","18.624","0","1.25970868039609","0.642157687457181","15.92516394",
"8/18/1992","-51.875","-4.83955001831055","219","32.519","17.974","0","1.68153264631291","0.607505579038267","18.69378588",
"8/19/1992","-51.875","-4.83955001831055","219","34.846","21.246","0","1.97553903540473","0.510052941917911","23.61780126",
"8/20/1992","-51.875","-4.83955001831055","219","36.204","18.223","0","1.66759828341165","0.467708794027016","23.75015454",
"8/21/1992","-51.875","-4.83955001831055","219","36.573","20.68","0","2.12743840762305","0.415885794669902","22.55360706",
"8/22/1992","-51.875","-4.83955001831055","219","36.659","21.562","0","2.01730073769528","0.363551556231998","26.1305982",
"8/23/1992","-51.875","-4.83955001831055","219","38.227","18.564","0","1.62697499938672","0.386428296930672","26.60799978",
"8/24/1992","-51.875","-4.83955001831055","219","37.65","20.771","0","1.41082692861942","0.322801217517453","26.69045004",
"8/25/1992","-51.875","-4.83955001831055","219","37.753","18.58","0","1.62310659494716","0.403421596302092","26.5079187",
"8/26/1992","-51.875","-4.83955001831055","219","37.381","23.097","0","1.68174939506144","0.494945048130858","18.2692683",
"8/27/1992","-51.875","-4.83955001831055","219","36.265","23.81","0","1.92172761377741","0.46308484841706","20.562637968",
"8/28/1992","-51.875","-4.83955001831055","219","35.081","22.769","0","1.95526996814997","0.516822070177439","17.6577147",
"8/29/1992","-51.875","-4.83955001831055","219","34.713","21.825","0","1.80724552677494","0.520080813731853","21.149216208",
"8/30/1992","-51.875","-4.83955001831055","219","33.732","20.524","1.67369652","1.3417174441335","0.567910882619231","17.27723988",
"8/31/1992","-51.875","-4.83955001831055","219","37.421","23.834","0.027465804","1.56131412677657","0.401628058512914","18.47047374",
"9/1/1992","-51.875","-4.83955001831055","219","35.286","20.54","0","1.55470526539857","0.447505907880368","12.88861632",
"9/2/1992","-51.875","-4.83955001831055","219","35.415","23.831","0","1.42883257495414","0.419971138619448","17.94144924",
"9/3/1992","-51.875","-4.83955001831055","219","37.234","21.788","0","1.60408167079456","0.397591467301202","25.42488624",
"9/4/1992","-51.875","-4.83955001831055","219","36.094","22.786","0","1.83843616409416","0.440831293380111","19.74290238",
"9/5/1992","-51.875","-4.83955001831055","219","34.117","21.923","0","1.7377464080132","0.472852489326764","21.99099474",
"9/6/1992","-51.875","-4.83955001831055","219","34.572","20.795","0.075531096","1.37803388380293","0.494791796376938","15.299046",
"9/7/1992","-51.875","-4.83955001831055","219","34.026","21.235","0","1.45556820279416","0.57830805902915","10.43163054",
"9/8/1992","-51.875","-4.83955001831055","219","36.727","23.746","0.0137329128","1.77328992976711","0.40157309997579","22.464170208",
"9/9/1992","-51.875","-4.83955001831055","219","34.415","23.676","0.0892639728","1.86544137724185","0.435406451181013","19.73385702",
"9/10/1992","-51.875","-4.83955001831055","219","34.876","20.783","1.35784224","1.83652150654696","0.631602593941411","20.72300184",
"9/11/1992","-51.875","-4.83955001831055","219","33.666","21.618","0.65746368","1.6725214160161","0.633068612018827","15.59250198",
"9/12/1992","-51.875","-4.83955001831055","219","33.963","20.568","0","1.83229885296251","0.54937648812989","18.659696328",
"9/13/1992","-51.875","-4.83955001831055","219","34.42","21.622","0","2.03115178302864","0.47354796317567","22.445671392",
"9/14/1992","-51.875","-4.83955001831055","219","35.997","16.971","0","1.63801151833373","0.473483374828653","19.290372768",
"9/15/1992","-51.875","-4.83955001831055","219","36.26","20.199","0.020599344","1.32366077525282","0.488774200182044","17.393401998",
"9/16/1992","-51.875","-4.83955001831055","219","33.272","21.302","0.489234852","1.64545667037129","0.633036225405788","15.52882356",
"9/17/1992","-51.875","-4.83955001831055","219","35.091","18.196","0","1.63656993008371","0.593181018574844","19.072013472",
"9/18/1992","-51.875","-4.83955001831055","219","37.551","20.409","0","1.8279898766209","0.46690884945421","27.09860922",
"9/19/1992","-51.875","-4.83955001831055","219","36.476","18.792","0","1.51611625111245","0.454515823647384","23.97639996",
"9/20/1992","-51.875","-4.83955001831055","219","32.084","18.727","0.0205993728","2.01472471367674","0.559430121467184","8.490660462",
"9/21/1992","-51.875","-4.83955001831055","219","33.832","17.675","0.024032592","1.72728265586669","0.607007532043743","18.01282734",
"9/22/1992","-51.875","-4.83955001831055","219","37.363","20.773","0.0274658328","1.80067811339644","0.484427231643719","19.95761376",
"9/23/1992","-51.875","-4.83955001831055","219","35.281","22.59","0.5699155464","1.91377477925638","0.497353101522334","18.556649928",
"9/24/1992","-51.875","-4.83955001831055","219","36.86","19.857","0.4909518","2.04774875198573","0.500602608059055","27.6456393",
"9/25/1992","-51.875","-4.83955001831055","219","37.765","21.294","0","1.81082451896474","0.412502497901451","28.123647192",
"9/26/1992","-51.875","-4.83955001831055","219","37.187","23.727","0.10128024","1.21851813245201","0.464078601307519","12.295742688",
"9/27/1992","-51.875","-4.83955001831055","219","36.199","20.633","0.965595564","1.6386211639422","0.493764596455255","18.849992688",
"9/28/1992","-51.875","-4.83955001831055","219","35.65","21.356","0.0102996864","1.31392254093985","0.487525088063716","16.02315396",
"9/29/1992","-51.875","-4.83955001831055","219","36.289","20.758","0.5458832064","1.14900133067217","0.530383362087723","18.32534856",
"9/30/1992","-51.875","-4.83955001831055","219","36.908","21.119","0.4806522","1.76193884264862","0.510485140737614","21.30462954",
"10/1/1992","-51.875","-4.83955001831055","219","34.431","22.546","0","2.16869747638776","0.466529409907918","22.65974712",
"10/2/1992","-51.875","-4.83955001831055","219","36.243","21.777","0","2.1072095819278","0.465908806675358","20.59880886",
"10/3/1992","-51.875","-4.83955001831055","219","37.287","21.666","0.147628764","1.64875596476963","0.493502101697439","20.3242536",
"10/4/1992","-51.875","-4.83955001831055","219","36.375","22.546","0.0034332264","1.61249601848322","0.436549492765001","20.61781596",
"10/5/1992","-51.875","-4.83955001831055","219","35.87","23.93","0","1.43334347467009","0.443818380044035","20.42156394",
"10/6/1992","-51.875","-4.83955001831055","219","37.401","24.947","0.0377654904","2.01904585758815","0.375274753862097","28.18468656",
"10/7/1992","-51.875","-4.83955001831055","219","36.794","19.87","0","1.9156108392987","0.396715213076117","24.3350973",
"10/8/1992","-51.875","-4.83955001831055","219","36.166","23.121","0","1.99201991214636","0.44442342280144","21.89654874",
"10/9/1992","-51.875","-4.83955001831055","219","37.286","22.683","0.0240325848","1.66864323957027","0.377151888022001","25.12400436",
"10/10/1992","-51.875","-4.83955001831055","219","35.841","23.143","0","1.40751668911565","0.395241145654289","20.966176368",
"10/11/1992","-51.875","-4.83955001831055","219","35.142","23.532","0.087547284","1.3507535048261","0.388381705098544","21.274533792",
"10/12/1992","-51.875","-4.83955001831055","219","38.399","24.878","0","1.85364718476114","0.342591825924183","20.940407928",
"10/13/1992","-51.875","-4.83955001831055","219","38.271","25.84","0","1.75517361568499","0.365185752600258","24.06313278",
"10/14/1992","-51.875","-4.83955001831055","219","38.682","19.622","0","1.82563959265416","0.44917860284788","21.93237558",
"10/15/1992","-51.875","-4.83955001831055","219","38.141","24.75","0.0137329056","1.76714244121566","0.423312722647942","21.55927788",
"10/16/1992","-51.875","-4.83955001831055","219","34.229","24.393","0","1.81361774173823","0.436532495185392","21.56033862",
"10/17/1992","-51.875","-4.83955001831055","219","35.754","22.457","0","1.83298751180318","0.503230017246976","23.2052697",
"10/18/1992","-51.875","-4.83955001831055","219","37.116","22.514","0","2.21824468860661","0.403244637767879","25.36464312",
"10/19/1992","-51.875","-4.83955001831055","219","37.854","22.471","0","1.93041916553186","0.344633939518978","26.82697392",
"10/20/1992","-51.875","-4.83955001831055","219","38.365","23.387","0","1.62985835067689","0.336493124769115","28.1165634",
"10/21/1992","-51.875","-4.83955001831055","219","36.551","26.091","0","1.93625891814012","0.345395477972228","24.49018188",
"10/22/1992","-51.875","-4.83955001831055","219","37.569","26.239","0","2.19251695554649","0.379775834987765","21.13880544",
"10/23/1992","-51.875","-4.83955001831055","219","38.362","26.389","0","2.4796644122109","0.353211733018171","27.05140728",
"10/24/1992","-51.875","-4.83955001831055","219","36.315","26.635","0","1.93822692428048","0.368500159576321","20.48495976",
"10/25/1992","-51.875","-4.83955001831055","219","36.808","23.311","0.324440136","1.70806671490441","0.452577742064141","18.66510216",
"10/26/1992","-51.875","-4.83955001831055","219","39.148","22.702","0.561332808","1.18816869344461","0.545589103666709","26.0560134",
"10/27/1992","-51.875","-4.83955001831055","219","34.2","22.728","0.434303208","1.84459372289458","0.537403705045777","23.3426223",
"10/28/1992","-51.875","-4.83955001831055","219","34.209","22.936","0","1.67454052159263","0.535097747963692","20.02843404",
"10/29/1992","-51.875","-4.83955001831055","219","33.355","23.489","0.184535856","2.13420676917463","0.58535000037555","9.57239316",
"10/30/1992","-51.875","-4.83955001831055","219","36.576","21.863","0.312423732","1.81743489588257","0.517656024786526","27.74514528",
"10/31/1992","-51.875","-4.83955001831055","219","36.001","23.785","1.2908952","1.53686742019126","0.470446616389723","19.55503476",
"11/1/1992","-51.875","-4.83955001831055","219","36.774","20.842","2.9251116","1.21040935176639","0.59444253174092","20.58119604",
"11/2/1992","-51.875","-4.83955001831055","219","34.438","25.221","0.04806522","2.04922705906696","0.480283542283189","16.57439532",
"11/3/1992","-51.875","-4.83955001831055","219","28.312","21.346","3.759380352","1.59445226594822","0.720286598925331","2.75051322",
"11/4/1992","-51.875","-4.83955001831055","219","37.194","23.688","0.024032592","1.4012780299261","0.448217552830478","20.78499744",
"11/5/1992","-51.875","-4.83955001831055","219","35.57","23.343","0.034332264","1.34409419441729","0.460011508893659","16.37252082",
"11/6/1992","-51.875","-4.83955001831055","219","29.178","21.686","16.44859656","1.48066703609117","0.820640613370478","21.16996506",
"11/7/1992","-51.875","-4.83955001831055","219","29.053","20.452","9.2662845984","1.38977334491579","0.860161153059459","21.07569492",
"11/8/1992","-51.875","-4.83955001831055","219","29.51","18.056","2.272797252","1.68487265028226","0.764904045713098","18.50849514",
"11/9/1992","-51.875","-4.83955001831055","219","33.112","21.61","1.5964508376","1.40937456098075","0.712013046648182","21.19725234",
"11/10/1992","-51.875","-4.83955001831055","219","33.625","20.198","0.14076216","1.38956270965825","0.685349186629791","17.44751448",
"11/11/1992","-51.875","-4.83955001831055","219","33.81","21.259","4.195402812","1.40067912672791","0.663855324623395","23.14997352",
"11/12/1992","-51.875","-4.83955001831055","219","30.968","21.907","10.01300868","0.930033441553255","0.819382957805968","17.93368746",
"11/13/1992","-51.875","-4.83955001831055","219","33.975","20.894","2.42385696","1.14994521237181","0.719707554021456","15.97308372",
"11/14/1992","-51.875","-4.83955001831055","219","32.323","20.452","1.376723916","1.49738815500456","0.65927988452349","22.42760724",
"11/15/1992","-51.875","-4.83955001831055","219","35.562","23.639","0.1338957072","1.50043444177863","0.496511050288666","24.798938508",
"11/16/1992","-51.875","-4.83955001831055","219","35.755","24.652","0","1.76237658851778","0.427142465248113","25.87224492",
"11/17/1992","-51.875","-4.83955001831055","219","36.026","22.053","0.8377071192","1.92123894284552","0.497006381973488","21.48929226",
"11/18/1992","-51.875","-4.83955001831055","219","36.986","23.715","0.2094269544","1.16215704408903","0.535810537674294","19.8819549",
"11/19/1992","-51.875","-4.83955001831055","219","35.653","22.458","0.085830696","1.26570515350299","0.525900990763392","17.977331268",
"11/20/1992","-51.875","-4.83955001831055","219","35.107","24.246","0.1750945896","1.52572819222785","0.489727612802656","18.19423458",
"11/21/1992","-51.875","-4.83955001831055","219","34.872","22.547","0","1.45470192737403","0.530534958001965","18.35274528",
"11/22/1992","-51.875","-4.83955001831055","219","33.869","22.927","0.048065184","1.64535691461104","0.532411342512575","12.28511592",
"11/23/1992","-51.875","-4.83955001831055","219","28.419","21.325","29.40557364","1.05927575223574","0.889515051148314","9.42092478",
"11/24/1992","-51.875","-4.83955001831055","219","26.108","20.633","3.7353498264","1.46475741870495","0.881538470471369","3.21857082",
"11/25/1992","-51.875","-4.83955001831055","219","33.238","20.515","3.395465568","1.27962439285872","0.695003767152202","21.89323548",
"11/26/1992","-51.875","-4.83955001831055","219","37.034","21.119","0.157928616","1.5119463213023","0.505792081443672","21.34569456",
"11/27/1992","-51.875","-4.83955001831055","219","35.693","25.047","0","1.52242155842321","0.477734562325484","20.0361375",
"11/28/1992","-51.875","-4.83955001831055","219","33.412","22.936","1.35612468","1.43434569001721","0.55356988927297","7.64393022",
"11/29/1992","-51.875","-4.83955001831055","219","37.806","21.239","0","1.51265870326074","0.533888816142087","21.05145162",
"11/30/1992","-51.875","-4.83955001831055","219","35.185","26.657","0","1.724213873888","0.446218791252881","17.66413386",
"12/1/1992","-51.875","-4.83955001831055","219","29.601","23.319","3.8314808496","1.31702350927286","0.631405623742993","19.8274968",
"12/2/1992","-51.875","-4.83955001831055","219","33.05","21.172","3.52935756","1.07356280957283","0.673804513228916","14.95372914",
"12/3/1992","-51.875","-4.83955001831055","219","34.717","24.627","0.1407622176","1.23142523130484","0.526424063079166","9.09804258",
"12/4/1992","-51.875","-4.83955001831055","219","33.618","22.705","4.3018368768","0.898749597965131","0.708598139797784","13.24766088",
"12/5/1992","-51.875","-4.83955001831055","219","34.508","21.636","0.0171661392","1.56322460721183","0.572137178793614","17.11400688",
"12/6/1992","-51.875","-4.83955001831055","219","34.905","21.051","0","1.56319172629667","0.546207028175468","17.85127446",
"12/7/1992","-51.875","-4.83955001831055","219","35.781","19.448","0","1.59028986836773","0.558508393146717","21.4449192",
"12/8/1992","-51.875","-4.83955001831055","219","34.788","22.819","0","1.70747405476144","0.533597218899049","18.01890504",
"12/9/1992","-51.875","-4.83955001831055","219","35.573","22.371","0.86517306","1.43497017179202","0.567266747520861","21.79046232",
"12/10/1992","-51.875","-4.83955001831055","219","35.633","23.478","0.0205993728","1.37064118738233","0.542112386088741","16.7057991",
"12/11/1992","-51.875","-4.83955001831055","219","32.243","22.236","1.4591219184","1.32865353380852","0.633135734544778","10.76282262",
"12/12/1992","-51.875","-4.83955001831055","219","32.713","19.252","0.31242384","1.41754302260458","0.616647189095806","18.68079132",
"12/13/1992","-51.875","-4.83955001831055","219","30.229","21.983","0.369072","1.66952233404799","0.613782084984007","14.3123625",
"12/14/1992","-51.875","-4.83955001831055","219","28.106","22.131","2.588652576","1.65244952243306","0.799032876181583","19.80551088",
"12/15/1992","-51.875","-4.83955001831055","219","28.857","20.669","3.3491130264","1.02891011395085","0.826871777302717","6.7257027",
"12/16/1992","-51.875","-4.83955001831055","219","28.153","21.693","12.7269737064","1.3847064169116","0.882267000418196","19.11549438",
"12/17/1992","-51.875","-4.83955001831055","219","34.71","22.374","1.249696728","1.37620160208946","0.694720515468855","24.3167616",
"12/18/1992","-51.875","-4.83955001831055","219","35.082","21.47","1.3217916528","1.10024788600631","0.692979646936968","20.67220566",
"12/19/1992","-51.875","-4.83955001831055","219","33.887","22.294","1.69944786","1.21700960920179","0.68276045848947","14.26365072",
"12/20/1992","-51.875","-4.83955001831055","219","30.351","22.563","0.27122508","1.2619361786587","0.69688436308426","9.39076668",
"12/21/1992","-51.875","-4.83955001831055","219","27.665","20.732","7.73677512","1.0902715968295","0.890838166188961","14.59091106",
"12/22/1992","-51.875","-4.83955001831055","219","28.901","21.853","7.96337028","1.29387102020553","0.877680736462392","17.3986911",
"12/23/1992","-51.875","-4.83955001831055","219","34.436","20.438","1.1844617328","1.52190881050101","0.654072808864932","22.40307828",
"12/24/1992","-51.875","-4.83955001831055","219","33.763","21.334","0","1.78556125275658","0.569039844846944","18.30791574",
"12/25/1992","-51.875","-4.83955001831055","219","33.543","23.063","0","1.71864259015163","0.550968908506739","19.59147468",
"12/26/1992","-51.875","-4.83955001831055","219","32.684","22.882","1.016235252","1.49941526460436","0.638267467361903","18.52368696",
"12/27/1992","-51.875","-4.83955001831055","219","33.212","18.894","4.713819228","1.3786957908029","0.788377775498301","19.48184622",
"12/28/1992","-51.875","-4.83955001831055","219","33.862","20.164","0.058364856","1.79807297576502","0.659847549175442","24.04518318",
"12/29/1992","-51.875","-4.83955001831055","219","33.206","22.399","0","1.98969449272816","0.562558980714154","17.98307352",
"12/30/1992","-51.875","-4.83955001831055","219","31.231","21.324","1.668549924","1.57154450353229","0.690818690352578","11.66833656",
"12/31/1992","-51.875","-4.83955001831055","219","26.873","21.91","6.605529876","1.43259050190008","0.918549962984241","17.25783624",
"1/1/1993","-51.875","-4.83955001831055","219","30.503","21.526","2.557757196","1.49879015487539","0.806680059933427","13.00747662",
"1/2/1993","-51.875","-4.83955001831055","219","33.795","19.351","0","1.4321983794177","0.728716028157188","16.55836956",
"1/3/1993","-51.875","-4.83955001831055","219","30.725","21.106","2.698517412","1.08243495527945","0.832304021102496","19.312821792",
"1/4/1993","-51.875","-4.83955001831055","219","33.887","21.149","2.525140044","1.32353491503412","0.799061452529328","11.2246326",
"1/5/1993","-51.875","-4.83955001831055","219","30.675","20.517","6.324007752","1.18486487484556","0.871542079816819","27.33108678",
"1/6/1993","-51.875","-4.83955001831055","219","29.266","20.344","27.237520692","1.40766800158655","0.893726313088693","21.14116758",
"1/7/1993","-51.875","-4.83955001831055","219","25.165","20.889","13.890844044","0.953366979043179","0.969289284545381","15.68385",
"1/8/1993","-51.875","-4.83955001831055","219","27.506","20.895","11.05670592","1.34913276655891","0.905253044951696","9.219432492",
"1/9/1993","-51.875","-4.83955001831055","219","22.559","20.156","22.041321948","0.83535025648577","0.98077191709624","3.22036686",
"1/10/1993","-51.875","-4.83955001831055","219","30.516","19.577","5.3129196864","1.02535333716449","0.903281652138545","21.44064852",
"1/11/1993","-51.875","-4.83955001831055","219","22.783","20.496","75.508701012","0.959234211793894","0.976477209005896","3.59848278",
"1/12/1993","-51.875","-4.83955001831055","219","28.949","20.386","5.093196192","1.04573364886588","0.913195426573346","16.03540746",
"1/13/1993","-51.875","-4.83955001831055","219","29.859","22.078","22.887612144","1.35636375246672","0.917056977953836","20.17850238",
"1/14/1993","-51.875","-4.83955001831055","219","27.338","21.429","19.35996804","1.02443103083483","0.948511748780781","16.79264586",
"1/15/1993","-51.875","-4.83955001831055","219","28.851","21.909","33.034516776","1.20225524059165","0.930438174413495","19.078537968",
"1/16/1993","-51.875","-4.83955001831055","219","33.093","20.288","0.7312774248","0.910512389938875","0.805559040354597","17.20676304",
"1/17/1993","-51.875","-4.83955001831055","219","29.693","18.541","15.964510176","0.825800677956725","0.940692268010996","11.43359892",
"1/18/1993","-51.875","-4.83955001831055","219","23.87","20.661","29.659641264","0.91337226255197","0.974515908272796","3.853967508",
"1/19/1993","-51.875","-4.83955001831055","219","31.309","20.337","5.966944668","1.03209799664962","0.878250990976468","21.76024635",
"1/20/1993","-51.875","-4.83955001831055","219","30.309","20.399","11.1099234744","0.80993747484481","0.916669505792917","16.894187532",
"1/21/1993","-51.875","-4.83955001831055","219","23.492","20.837","5.87082042","0.98032007630589","0.97881327168444","4.925755512",
"1/22/1993","-51.875","-4.83955001831055","219","30.435","20.348","1.613617344","1.02447616963315","0.854138965445644","20.2726683",
"1/23/1993","-51.875","-4.83955001831055","219","32.635","20.934","0.0926971704","1.34627549143231","0.741162089574299","21.868872048",
"1/24/1993","-51.875","-4.83955001831055","219","29.896","20.993","2.8255496544","1.32627628466667","0.774281117834391","17.75559492",
"1/25/1993","-51.875","-4.83955001831055","219","29.979","22.019","4.346468748","1.08067308359741","0.900287750898812","16.31379474",
"1/26/1993","-51.875","-4.83955001831055","219","31.931","21.597","1.876258368","1.42534929277428","0.828456537355808","15.0957531",
"1/27/1993","-51.875","-4.83955001831055","219","31.061","21.429","6.105997656","1.42544688923199","0.854091409226483","24.07252374",
"1/28/1993","-51.875","-4.83955001831055","219","32.173","20.243","0.6042480264","1.18832504682644","0.749765889045198","17.532498672",
"1/29/1993","-51.875","-4.83955001831055","219","29.631","21.224","8.6826352392","1.59515191888646","0.822202451519516","23.76032958",
"1/30/1993","-51.875","-4.83955001831055","219","23.658","19.929","52.31379708","1.060003924779","0.968662157337258","4.04218278",
"1/31/1993","-51.875","-4.83955001831055","219","30.726","18.547","5.1343896384","1.3243800574194","0.872438242477679","26.172562392",
"2/1/1993","-51.875","-4.83955001831055","219","32.093","21.258","4.152488976","1.45760681967848","0.822727478410824","21.52102716",
"2/2/1993","-51.875","-4.83955001831055","219","27.881","21.225","14.04276228","1.2037440950461","0.926907359933138","24.33178044",
"2/3/1993","-51.875","-4.83955001831055","219","29.716","21.302","4.89578076","1.28602909627935","0.850759392619541","19.38976776",
"2/4/1993","-51.875","-4.83955001831055","219","31.222","20.78","3.807450216","1.28669462070133","0.828243176329203","19.60559568",
"2/5/1993","-51.875","-4.83955001831055","219","32.181","20.537","6.541161552","1.27902328160131","0.812959728077039","20.37391254",
"2/6/1993","-51.875","-4.83955001831055","219","29.688","20.731","8.3839369464","1.2178612681851","0.874360749946946","21.7685277",
"2/7/1993","-51.875","-4.83955001831055","219","28.927","21.455","11.20605264","1.16090370658284","0.904403633628964","19.63996461",
"2/8/1993","-51.875","-4.83955001831055","219","25.544","22.5","19.67068296","1.01202200283758","0.969594352233436","18.333847152",
"2/9/1993","-51.875","-4.83955001831055","219","27.413","22.356","31.74875928","1.01207731470872","0.949633759595604","14.485501548",
"2/10/1993","-51.875","-4.83955001831055","219","25.544","22.338","10.97260074","0.992267898699025","0.969066448498075","12.16338714",
"2/11/1993","-51.875","-4.83955001831055","219","24.885","20.547","21.43449972","0.820902270250709","0.976604716731472","11.019936402",
"2/12/1993","-51.875","-4.83955001831055","219","23.331","20.717","9.76925232","0.845182583858373","0.980622211415264","3.966247512",
"2/13/1993","-51.875","-4.83955001831055","219","24.052","21.069","17.2176462","0.725106447119714","0.979108887216776","6.39010575",
"2/14/1993","-51.875","-4.83955001831055","219","22.37","20.82","19.50416784","0.884105045694103","0.981074190784485","2.62687572",
"2/15/1993","-51.875","-4.83955001831055","219","27.78","20.623","3.36284712","1.18641055293704","0.887306087872453","17.23482918",
"2/16/1993","-51.875","-4.83955001831055","219","25.13","21.11","5.077745496","0.945078764531642","0.966047210798056","7.987273488",
"2/17/1993","-51.875","-4.83955001831055","219","22.758","20.351","18.969445512","0.857339221407102","0.980664957115835","3.71587248",
"2/18/1993","-51.875","-4.83955001831055","219","22.952","19.899","14.24445264","1.03606880625174","0.980199697852357","6.34915737",
"2/19/1993","-51.875","-4.83955001831055","219","21.469","18.963","13.58870976","0.974491260803754","0.975019124981296","5.253523074",
"2/20/1993","-51.875","-4.83955001831055","219","25.422","18.484","6.1798084344","0.809304981759283","0.941257512997868","8.066077812",
"2/21/1993","-51.875","-4.83955001831055","219","29.045","20.301","5.094914436","0.95235654797396","0.916266463495343","16.30001232",
"2/22/1993","-51.875","-4.83955001831055","219","28.172","21.312","11.76566976","0.824925027832359","0.949297483466883","25.96145472",
"2/23/1993","-51.875","-4.83955001831055","219","30.214","21.934","15.27442344","1.32393751350254","0.900259154680818","24.51650742",
"2/24/1993","-51.875","-4.83955001831055","219","25.288","21.108","9.99069174","1.08968981685215","0.967382746088548","18.39840984",
"2/25/1993","-51.875","-4.83955001831055","219","30.563","21.478","6.535145592","0.925491068724972","0.924856863543988","20.79849474",
"2/26/1993","-51.875","-4.83955001831055","219","25.819","21.194","10.9588583304","1.3321663513423","0.959586854379067","18.63174051",
"2/27/1993","-51.875","-4.83955001831055","219","28.006","20.193","3.610038528","1.29134137164648","0.915883719171423","16.48884555",
"2/28/1993","-51.875","-4.83955001831055","219","25.058","18.785","9.4808562984","0.809074735684561","0.97105153700882","13.31555868",
"3/1/1993","-51.875","-4.83955001831055","219","25.957","21.385","9.23366952","0.792084656100328","0.9679179351959","16.10887554",
"3/2/1993","-51.875","-4.83955001831055","219","25.76","21.409","10.754584524","0.913208482570019","0.966029043386092","17.66503197",
"3/3/1993","-51.875","-4.83955001831055","219","29.828","20.994","5.4923058","1.18132807483472","0.899472672809013","18.911470122",
"3/4/1993","-51.875","-4.83955001831055","219","27.771","21.273","5.15327472","1.24862839111899","0.924513848398423","22.19220396",
"3/5/1993","-51.875","-4.83955001831055","219","31.141","18.648","3.5980213464","1.43403606402578","0.846526519785491","28.24920072",
"3/6/1993","-51.875","-4.83955001831055","219","24.486","21.38","16.46576424","1.06351947114489","0.976230917661993","12.808572012",
"3/7/1993","-51.875","-4.83955001831055","219","26.483","20.663","4.581641448","1.05502796859733","0.927393445915127","16.31226942",
"3/8/1993","-51.875","-4.83955001831055","219","27.945","20.365","7.31449404","0.783619120071788","0.929911644318515","23.86934181",
"3/9/1993","-51.875","-4.83955001831055","219","27.42","21.176","9.166713948","0.853543451071121","0.941465311841939","18.732315708",
"3/10/1993","-51.875","-4.83955001831055","219","31.649","20.633","3.2924667744","1.3009354663712","0.871137231108642","20.78291547",
"3/11/1993","-51.875","-4.83955001831055","219","28.962","21.462","0.1716613344","1.39627581267528","0.844014708382306","16.41734289",
"3/12/1993","-51.875","-4.83955001831055","219","30.96","19.993","5.081176764","1.29190504530268","0.870384812380864","27.008325",
"3/13/1993","-51.875","-4.83955001831055","219","29.798","20.507","2.108001456","1.38535385904934","0.86523990698425","26.08695108",
"3/14/1993","-51.875","-4.83955001831055","219","31.001","20.633","1.9706739912","1.07672386424548","0.862410919303086","21.14864631",
"3/15/1993","-51.875","-4.83955001831055","219","28.21","21.561","5.639077332","1.05253101800529","0.937517929952066","20.169218322",
"3/16/1993","-51.875","-4.83955001831055","219","25.604","22.015","18.02616084","0.996032425727432","0.966549083671723","19.2368259",
"3/17/1993","-51.875","-4.83955001831055","219","24.571","21.445","20.32642728","0.815542246888125","0.974982216422926","11.4234192",
"3/18/1993","-51.875","-4.83955001831055","219","28.031","19.156","5.526635724","0.818637692932387","0.942281680815589","9.397240308",
"3/19/1993","-51.875","-4.83955001831055","219","28.416","20.504","7.592587416","0.82807739597253","0.932590934807617","17.5454451",
"3/20/1993","-51.875","-4.83955001831055","219","30.054","19.734","3.2512694616","1.17439277100298","0.836522022279436","18.7449723",
"3/21/1993","-51.875","-4.83955001831055","219","29.312","20.565","2.5148400984","1.39566930053215","0.87328137338353","19.82312082",
"3/22/1993","-51.875","-4.83955001831055","219","26.956","21.628","4.269219552","1.10775843171423","0.920176336569218","13.30700526",
"3/23/1993","-51.875","-4.83955001831055","219","28.772","20.633","4.6760572944","0.955206488444389","0.908551808642435","14.59518678",
"3/24/1993","-51.875","-4.83955001831055","219","30.596","20.975","5.5412342424","1.20767918122246","0.874108589867555","21.15775872",
"3/25/1993","-51.875","-4.83955001831055","219","29.1","21.969","9.881692164","1.11590641921828","0.895308229734023","18.441171342",
"3/26/1993","-51.875","-4.83955001831055","219","28.825","21.381","12.2669156664","1.22400359682247","0.914812417447728","23.35500378",
"3/27/1993","-51.875","-4.83955001831055","219","25.933","21.491","8.507536416","0.908585098533562","0.961438291135752","14.96733696",
"3/28/1993","-51.875","-4.83955001831055","219","24.589","21.279","64.07598636","0.813999922066608","0.978110321672112","6.36154029",
"3/29/1993","-51.875","-4.83955001831055","219","28.209","20.661","14.212706796","0.925370862510442","0.952932518295875","17.732637342",
"3/30/1993","-51.875","-4.83955001831055","219","23.301","18.383","6.8578718904","0.77363456252785","0.978519379637977","4.46040099",
"3/31/1993","-51.875","-4.83955001831055","219","29.483","20.192","4.402255788","0.867785440105715","0.886540882031392","14.80944132",
"4/1/1993","-51.875","-4.83955001831055","219","29.107","19.892","7.53250338","0.867198820237829","0.939730215008887","15.682835682",
"4/2/1993","-51.875","-4.83955001831055","219","28.87","21.422","5.939484516","1.12691177395967","0.915375430196415","23.699643678",
"4/3/1993","-51.875","-4.83955001831055","219","28.844","20.622","7.324787016","0.837033369393095","0.926786759663335","16.174066158",
"4/4/1993","-51.875","-4.83955001831055","219","30.067","20.352","16.47777672","0.893511402840363","0.910438630916258","25.97844942",
"4/5/1993","-51.875","-4.83955001831055","219","26.04","22.143","12.162207384","0.935249580895902","0.961862121012023","13.871471778",
"4/6/1993","-51.875","-4.83955001831055","219","25.739","22.085","9.30747348","1.08564276543712","0.970580659564758","15.45412644",
"4/7/1993","-51.875","-4.83955001831055","219","25.781","21.865","18.1291545","0.893064658021383","0.971766996338837","15.42201084",
"4/8/1993","-51.875","-4.83955001831055","219","29.909","21.712","6.3943905456","1.09333310615147","0.861488571261697","17.99516664",
"4/9/1993","-51.875","-4.83955001831055","219","26.631","19.479","24.575043456","0.952788122051207","0.963420284980183","23.85415638",
"4/10/1993","-51.875","-4.83955001831055","219","26.465","22.166","15.73619796","0.963228689805276","0.962914212674082","16.96876542",
"4/11/1993","-51.875","-4.83955001831055","219","29.927","21.736","3.93962652","0.894586059615674","0.880594414735591","16.49930535",
"4/12/1993","-51.875","-4.83955001831055","219","26.317","21.84","8.34103386","1.05590878466305","0.963005315005176","16.96488462",
"4/13/1993","-51.875","-4.83955001831055","219","27.042","21.405","1.589584536","0.998636778943908","0.912445615803463","12.68712684",
"4/14/1993","-51.875","-4.83955001831055","219","28.226","18.777","6.9059428704","0.968090935509522","0.907849996662399","20.28307248",
"4/15/1993","-51.875","-4.83955001831055","219","29.502","18.418","5.536079532","1.11010599585953","0.916972515073661","26.20748808",
"4/16/1993","-51.875","-4.83955001831055","219","27.69","20.224","7.0690128984","1.27253928225009","0.92914892846959","22.23038862",
"4/17/1993","-51.875","-4.83955001831055","219","29.988","21.151","3.9482146872","1.17279958719746","0.888884495948325","16.75012176",
"4/18/1993","-51.875","-4.83955001831055","219","26.403","21.334","45.213919128","0.784078868662207","0.947530928723915","7.963479558",
"4/19/1993","-51.875","-4.83955001831055","219","31.982","20.521","1.44538902","1.37751917349231","0.833048821050634","22.34391336",
"4/20/1993","-51.875","-4.83955001831055","219","30.63","21.178","2.0324705328","1.18532745120092","0.8842229242056","14.13393786",
"4/21/1993","-51.875","-4.83955001831055","219","31.134","20.57","1.49173776","1.43915041976545","0.85991643840973","21.72031596",
"4/22/1993","-51.875","-4.83955001831055","219","31.123","21.871","4.1816689128","1.50683859873071","0.870619593103686","18.84571218",
"4/23/1993","-51.875","-4.83955001831055","219","25.708","21.693","5.5978787952","0.743692920714578","0.954348981030047","11.96044524",
"4/24/1993","-51.875","-4.83955001831055","219","28.043","21.38","11.376","0.814331430518635","0.941395384588886","18.4096611",
"4/25/1993","-51.875","-4.83955001831055","219","25.131","22.596","18.93253428","1.03731892175341","0.973545253795757","9.6700572",
"4/26/1993","-51.875","-4.83955001831055","219","28.716","21.836","12.82653648","0.800540072241753","0.926959138244028","12.56416416",
"4/27/1993","-51.875","-4.83955001831055","219","28.483","22.059","12.466908","0.997167018287745","0.935447886130675","15.9244857",
"4/28/1993","-51.875","-4.83955001831055","219","26.833","22.363","21.479992452","0.895402715120007","0.96185337724457","19.13130126",
"4/29/1993","-51.875","-4.83955001831055","219","31.19","21.979","9.654233544","1.00075862985849","0.856245853076886","20.24291628",
"4/30/1993","-51.875","-4.83955001831055","219","26.566","20.836","12.8660229864","0.832170896754557","0.961509763567832","16.25883822",
"5/1/1993","-51.875","-4.83955001831055","219","27.728","22.35","17.07687018","0.98030238073732","0.948296359573695","15.1191531",
"5/2/1993","-51.875","-4.83955001831055","219","26.509","22.064","23.4386424","0.907580934839068","0.968764100351991","17.0655741",
"5/3/1993","-51.875","-4.83955001831055","219","24.795","21.754","24.132162924","0.706234692701028","0.974603091530021","4.831594452",
"5/4/1993","-51.875","-4.83955001831055","219","29.967","21.481","10.612107504","1.11251106062457","0.892271469023294","16.78787046",
"5/5/1993","-51.875","-4.83955001831055","219","31.857","19.829","3.18603474","0.950905901192314","0.855951498912486","24.14576052",
"5/6/1993","-51.875","-4.83955001831055","219","32.34","20.264","4.42542744","1.25639626236445","0.877866665853725","22.59517626",
"5/7/1993","-51.875","-4.83955001831055","219","29.372","22.316","1.687430484","1.41215113364405","0.865324336762021","13.4770527",
"5/8/1993","-51.875","-4.83955001831055","219","32.929","18.091","0.157928652","1.16363898461278","0.784313666178564","21.38322114",
"5/9/1993","-51.875","-4.83955001831055","219","33.824","18.203","0.04806522","1.15272500127439","0.711598176291284","23.35696794",
"5/10/1993","-51.875","-4.83955001831055","219","34.428","19.269","6.61926636","1.16684493511329","0.740355737450103","19.10339892",
"5/11/1993","-51.875","-4.83955001831055","219","32.695","22.205","6.25877496","1.03218289245642","0.856552994390708","14.76022698",
"5/12/1993","-51.875","-4.83955001831055","219","30.619","20.865","1.79901108","1.2562937778326","0.886969388407066","17.7553098",
"5/13/1993","-51.875","-4.83955001831055","219","32.076","21.968","0.995636232","1.08803906661037","0.860594578757232","16.474163328",
"5/14/1993","-51.875","-4.83955001831055","219","33.691","21.256","0.343322532","1.02847496144346","0.814684342583401","15.57652446",
"5/15/1993","-51.875","-4.83955001831055","219","30.242","20.031","2.798080344","0.904089674445876","0.887961627232329","16.142004",
"5/16/1993","-51.875","-4.83955001831055","219","29.647","20.788","9.34181244","0.934996093190926","0.936087858425645","23.36614308",
"5/17/1993","-51.875","-4.83955001831055","219","29.388","18.902","4.30870032","0.970441312533339","0.921721119186307","20.64076704",
"5/18/1993","-51.875","-4.83955001831055","219","29.011","19.534","1.991271996","0.895608401877867","0.904983967315779","16.16349636",
"5/19/1993","-51.875","-4.83955001831055","219","31.74","20.738","3.6117543096","0.760592357863413","0.884903078515891","9.050452776",
"5/20/1993","-51.875","-4.83955001831055","219","28.861","19.302","7.027817004","0.809739697067292","0.937877457896067","19.24329078",
"5/21/1993","-51.875","-4.83955001831055","219","25.406","21.989","20.65773024","0.653272614878832","0.973428193712766","5.265113832",
"5/22/1993","-51.875","-4.83955001831055","219","25.443","22.131","24.06864024","0.926848767802468","0.974938356374431","8.44740018",
"5/23/1993","-51.875","-4.83955001831055","219","29.122","20.895","8.6826321","1.62465249878361","0.899335079717654","12.20613624",
"5/24/1993","-51.875","-4.83955001831055","219","29.61","20.998","0.76904316","1.55706936087025","0.807153361876056","13.57346484",
"5/25/1993","-51.875","-4.83955001831055","219","31.769","18.534","0","1.3520852857683","0.69415257876159","17.09893188",
"5/26/1993","-51.875","-4.83955001831055","219","30.92","19.581","1.369857996","1.29954269344473","0.776964246040346","22.87389294",
"5/27/1993","-51.875","-4.83955001831055","219","32.248","19.735","0.02746584","1.57642045684332","0.709094391654987","19.63153386",
"5/28/1993","-51.875","-4.83955001831055","219","33.254","20.062","0","1.56532246954489","0.639350732722568","20.44856448",
"5/29/1993","-51.875","-4.83955001831055","219","33.863","21.569","0","1.38857473383675","0.615133223329475","19.96739928",
"5/30/1993","-51.875","-4.83955001831055","219","33.235","20.558","0","1.45007379154585","0.658894155689042","20.17079982",
"5/31/1993","-51.875","-4.83955001831055","219","31.686","17.676","3.762817704","1.01605471249417","0.825443251153743","20.97725688",
"6/1/1993","-51.875","-4.83955001831055","219","32.807","17.099","0.4858019064","1.00550166240636","0.809496311996557","15.64644006",
"6/2/1993","-51.875","-4.83955001831055","219","32.948","17.505","0.175094316","1.44043628174135","0.728674778782298","20.4310098",
"6/3/1993","-51.875","-4.83955001831055","219","32.687","18.03","0.36907236","1.13367813460352","0.758532154111598","17.27561592",
"6/4/1993","-51.875","-4.83955001831055","219","32.776","19.129","0.190544148","1.17745420817614","0.757311313604804","17.14393062",
"6/5/1993","-51.875","-4.83955001831055","219","32.782","18.779","0","1.42010111612897","0.621906431251778","23.61239892",
"6/6/1993","-51.875","-4.83955001831055","219","33.329","20.228","0","1.2173672864893","0.576909199361299","22.8912165",
"6/7/1993","-51.875","-4.83955001831055","219","33.17","16.917","0","1.25145633576606","0.633087911927381","22.4310951",
"6/8/1993","-51.875","-4.83955001831055","219","33.742","19.226","0","1.29536746552843","0.589672106933061","17.60394042",
"6/9/1993","-51.875","-4.83955001831055","219","33.765","17.517","0","1.33641890907663","0.601673246260429","23.52088476",
"6/10/1993","-51.875","-4.83955001831055","219","33.856","17.339","0","1.21172610348865","0.584254467650481","23.32512684",
"6/11/1993","-51.875","-4.83955001831055","219","32.922","21.281","0.0068664528","1.45738160915987","0.690242940293286","15.17597262",
"6/12/1993","-51.875","-4.83955001831055","219","34.107","22.557","0","1.6439907650173","0.658388386416471","20.4473853",
"6/13/1993","-51.875","-4.83955001831055","219","32.579","19.896","0.0102996864","1.3748569102461","0.712749126155995","16.9614567",
"6/14/1993","-51.875","-4.83955001831055","219","30.544","21.54","1.991271744","1.42205592818208","0.733509510847809","15.98270562",
"6/15/1993","-51.875","-4.83955001831055","219","32.259","19.27","0","1.91137075679633","0.580589966902786","23.0992308",
"6/16/1993","-51.875","-4.83955001831055","219","31.196","19.02","0","1.74536804942585","0.641316896535946","14.79014892",
"6/17/1993","-51.875","-4.83955001831055","219","31.944","19.386","0","1.86128469257626","0.603109239890963","23.21752302",
"6/18/1993","-51.875","-4.83955001831055","219","32.959","19.638","0","1.45788083556279","0.63035815674593","16.59746736",
"6/19/1993","-51.875","-4.83955001831055","219","33.027","18.341","0","1.35254845820629","0.638517624059347","15.96200454",
"6/20/1993","-51.875","-4.83955001831055","219","32.289","20.823","1.4488226424","1.18572264023868","0.711051335733581","13.97233584",
"6/21/1993","-51.875","-4.83955001831055","219","29.932","20.97","5.3627004","1.73977548604586","0.830796794579973","22.51254474",
"6/22/1993","-51.875","-4.83955001831055","219","26.092","20.329","5.4485393184","0.796498482418527","0.960415365804364","9.1268442",
"6/23/1993","-51.875","-4.83955001831055","219","30.171","18.826","5.6064599928","0.94282606935789","0.881722275529943","20.12647608",
"6/24/1993","-51.875","-4.83955001831055","219","33.279","15.775","0.070381188","1.18181374000999","0.720215086534008","17.01309006",
"6/25/1993","-51.875","-4.83955001831055","219","34.096","18.203","0","1.27845495108306","0.630586278944148","23.02988364",
"6/26/1993","-51.875","-4.83955001831055","219","33.801","18.173","0","1.33294910251229","0.645472570143183","17.25384726",
"6/27/1993","-51.875","-4.83955001831055","219","32.475","18.95","1.685715768","1.41151676588133","0.7572492117011","18.04578948",
"6/28/1993","-51.875","-4.83955001831055","219","29.424","19.291","2.74829904","1.40275798582897","0.840825950286083","21.24000954",
"6/29/1993","-51.875","-4.83955001831055","219","34.085","17.398","0.00686646","1.02310751697037","0.679288591712041","21.20540868",
"6/30/1993","-51.875","-4.83955001831055","219","32.906","19.897","0.2437592616","1.32343510261461","0.720201637533039","16.56950688",
"7/1/1993","-51.875","-4.83955001831055","219","32.341","16.674","0.7158277152","1.20028906849594","0.732230399938777","18.2489607",
"7/2/1993","-51.875","-4.83955001831055","219","33.227","16.552","0","1.16848144556973","0.668649041099525","19.00462356",
"7/3/1993","-51.875","-4.83955001831055","219","34.579","19.315","0.303840756","1.18989973101381","0.604805084765114","21.38697306",
"7/4/1993","-51.875","-4.83955001831055","219","34.777","19.376","0","1.41887501163754","0.500825623363889","23.77388754",
"7/5/1993","-51.875","-4.83955001831055","219","34.477","19.239","0.08239752","1.20794313828939","0.54465552383166","17.07901956",
"7/6/1993","-51.875","-4.83955001831055","219","34.104","21.389","0.092697156","1.05022085394842","0.615127174907411","18.18247212",
"7/7/1993","-51.875","-4.83955001831055","219","32.955","20.185","0","0.989112770178359","0.612483624008608","12.5498304",
"7/8/1993","-51.875","-4.83955001831055","219","34.1","17.916","0","1.16041183911448","0.589816600152203","23.34994092",
"7/9/1993","-51.875","-4.83955001831055","219","34.22","21.667","0.0205993728","1.4990960273535","0.58613859416278","17.590615632",
"7/10/1993","-51.875","-4.83955001831055","219","32.204","19.356","1.4162054904","1.38053940610243","0.736590178813187","15.2202996",
"7/11/1993","-51.875","-4.83955001831055","219","32.554","19.084","4.64515488","1.39477998355081","0.825044273396609","16.43692212",
"7/12/1993","-51.875","-4.83955001831055","219","32.984","20.545","0.745010208","1.16453979678064","0.741796034089431","12.3323049",
"7/13/1993","-51.875","-4.83955001831055","219","34.491","21.873","0","1.41508612051712","0.515696373194641","15.75574002",
"7/14/1993","-51.875","-4.83955001831055","219","34.238","20.196","0","1.68053113954502","0.489492419088486","24.20616906",
"7/15/1993","-51.875","-4.83955001831055","219","33.521","19.363","0","1.51810848571137","0.486232056950928","24.14182716",
"7/16/1993","-51.875","-4.83955001831055","219","33.535","18.921","0","1.33916621613895","0.481882505165199","19.16656848",
"7/17/1993","-51.875","-4.83955001831055","219","34.414","19.804","0","1.20331430950752","0.519466503664894","12.33067608",
"7/18/1993","-51.875","-4.83955001831055","219","33.275","21.221","0","1.46554445347258","0.463498944243582","23.334070752",
"7/19/1993","-51.875","-4.83955001831055","219","34.008","18.859","0","1.00346863119443","0.501663366485013","14.190464952",
"7/20/1993","-51.875","-4.83955001831055","219","34.116","17.85","0","1.38950967236067","0.459259528485602","22.84357644",
"7/21/1993","-51.875","-4.83955001831055","219","33.198","20.96","0","1.49158545772052","0.452530666631866","24.35371236",
"7/22/1993","-51.875","-4.83955001831055","219","34.402","18.11","0","1.47026961030908","0.442150399854505","22.97627424",
"7/23/1993","-51.875","-4.83955001831055","219","35.507","16.467","0","1.28488625964823","0.475159971360121","24.52539384",
"7/24/1993","-51.875","-4.83955001831055","219","33.413","17.444","0","1.2077491566378","0.629009214214288","14.23446372",
"7/25/1993","-51.875","-4.83955001831055","219","34.721","20.593","0.1991271024","1.05706259583057","0.704296707900524","14.86670868",
"7/26/1993","-51.875","-4.83955001831055","219","34.731","22.479","0.1819611936","1.3483667041227","0.601053236504094","16.36475472",
"7/27/1993","-51.875","-4.83955001831055","219","32.628","20.824","0","1.57950346290208","0.604163760802871","18.55180584",
"7/28/1993","-51.875","-4.83955001831055","219","33.016","19.127","0","1.31473255703782","0.646139154292621","16.75175508",
"7/29/1993","-51.875","-4.83955001831055","219","34.168","19.902","0","1.4950261751586","0.547531440950886","17.83603332",
"7/30/1993","-51.875","-4.83955001831055","219","35.68","18.776","0","1.68601959839618","0.404540706935397","25.31947644",
"7/31/1993","-51.875","-4.83955001831055","219","34.702","19.114","0","1.77959634492449","0.422285441757799","25.18104276",
"8/1/1993","-51.875","-4.83955001831055","219","36.012","19.119","0","1.11320954549296","0.444452020673643","25.25275584",
"8/2/1993","-51.875","-4.83955001831055","219","35.031","21.556","0.121879692","1.43085795440479","0.47878205845195","18.10951974",
"8/3/1993","-51.875","-4.83955001831055","219","33.225","21.549","0","1.34071893300355","0.554975899893713","16.15843134",
"8/4/1993","-51.875","-4.83955001831055","219","35.204","18.742","0","1.38476404525819","0.508812922022232","22.32332748",
"8/5/1993","-51.875","-4.83955001831055","219","35.189","17.269","0","1.13716674253358","0.529863804615951","25.0804161",
"8/6/1993","-51.875","-4.83955001831055","219","35.462","20.984","0.540733356","1.08783485973802","0.686224129839434","8.80357158",
"8/7/1993","-51.875","-4.83955001831055","219","34.656","21.766","0.0274658328","1.33452391287416","0.597404224175052","17.1799875",
"8/8/1993","-51.875","-4.83955001831055","219","35.402","18.99","0.07209774","1.4062415444741","0.536701142635048","18.0380844",
"8/9/1993","-51.875","-4.83955001831055","219","36.267","21.623","0.27809172","1.4341736446217","0.458641975216377","25.39788336",
"8/10/1993","-51.875","-4.83955001831055","219","34.87","22.039","0.0686645424","1.73006448622536","0.511002051794804","21.62779398",
"8/11/1993","-51.875","-4.83955001831055","219","35.653","22.682","0","1.562368972944","0.506636348500866","15.41570454",
"8/12/1993","-51.875","-4.83955001831055","219","34.782","17.346","0.35705556","1.02084005220642","0.685974200148254","9.996748308",
"8/13/1993","-51.875","-4.83955001831055","219","34.974","19.777","2.33631522","1.37644773891851","0.647667111425256","18.035102808",
"8/14/1993","-51.875","-4.83955001831055","219","35.306","20.665","0.2145769992","1.67415699777779","0.630846340063641","17.48627172",
"8/15/1993","-51.875","-4.83955001831055","219","34.455","20.404","0.058364856","1.747050292824","0.569965705204928","20.6074107",
"8/16/1993","-51.875","-4.83955001831055","219","34.82","17.933","0","1.77399470613341","0.614167775463056","22.5543393",
"8/17/1993","-51.875","-4.83955001831055","219","33.623","20.692","0.0961304184","1.50365803949991","0.616643100266632","16.344448632",
"8/18/1993","-51.875","-4.83955001831055","219","32.441","21.133","0.3313068624","1.54399861283105","0.7039440152326","14.174662338",
"8/19/1993","-51.875","-4.83955001831055","219","33.305","19.89","0","1.32546490017837","0.646557501687506","18.50753826",
"8/20/1993","-51.875","-4.83955001831055","219","35.847","20.578","0.0034332264","1.43453670158187","0.575867944877755","17.95190562",
"8/21/1993","-51.875","-4.83955001831055","219","35.897","18.587","1.661683392","1.00340584615283","0.657339633352234","17.6484969",
"8/22/1993","-51.875","-4.83955001831055","219","32.072","17.213","2.053071036","1.43658267874107","0.698323934755368","25.10842986",
"8/23/1993","-51.875","-4.83955001831055","219","34.814","20.831","0","1.75034964916961","0.594869315438771","13.60845072",
"8/24/1993","-51.875","-4.83955001831055","219","35.773","19.368","0.1579284","1.43881472449458","0.541386958401816","20.31035616",
"8/25/1993","-51.875","-4.83955001831055","219","35.964","21.778","0.171661068","1.7548060286337","0.475699013638768","24.06099348",
"8/26/1993","-51.875","-4.83955001831055","219","36.439","22.028","0","1.46472371312267","0.420094319486755","25.662480192",
"8/27/1993","-51.875","-4.83955001831055","219","36.091","20.918","0","1.3949357719836","0.452987481467181","17.1263808",
"8/28/1993","-51.875","-4.83955001831055","219","34.384","24.256","0","1.51791167694365","0.441485782793218","22.40634204",
"8/29/1993","-51.875","-4.83955001831055","219","36.413","19.168","0","1.43861944621124","0.492844689821003","19.486184688",
"8/30/1993","-51.875","-4.83955001831055","219","35.705","21.018","0","1.45261170693478","0.51401213937382","17.409036168",
"8/31/1993","-51.875","-4.83955001831055","219","35.836","21.243","0","1.79508926322673","0.513112751131924","19.803149928",
"9/1/1993","-51.875","-4.83955001831055","219","37.405","22.167","0","1.69617274325295","0.445989504016872","24.294541032",
"9/2/1993","-51.875","-4.83955001831055","219","36.12","22.245","0.44631954","1.24613327025676","0.558992177683756","18.598113648",
"9/3/1993","-51.875","-4.83955001831055","219","34.252","20.843","0.24032592","1.68046221646322","0.633626574183648","18.55934784",
"9/4/1993","-51.875","-4.83955001831055","219","37.536","18.155","0","1.21718745811385","0.579665227437728","23.824123272",
"9/5/1993","-51.875","-4.83955001831055","219","34.808","18.94","0.64544652","1.2219550159036","0.598248904669641","16.53974676",
"9/6/1993","-51.875","-4.83955001831055","219","36.229","20.536","0.034332264","1.69401726254009","0.550193600895484","17.889808608",
"9/7/1993","-51.875","-4.83955001831055","219","35.877","23.066","0.030899052","2.34432996509903","0.470571117088022","26.706994632",
"9/8/1993","-51.875","-4.83955001831055","219","34.569","21.643","2.921677884","1.85023027570307","0.576072508176835","17.96079051",
"9/9/1993","-51.875","-4.83955001831055","219","35.47","23.477","0","1.30635106678648","0.502657152607164","15.11865288",
"9/10/1993","-51.875","-4.83955001831055","219","37.22","20.525","0","1.31174771072456","0.482454243783887","19.459515528",
"9/11/1993","-51.875","-4.83955001831055","219","38.065","20.383","0","1.74971125477129","0.414945325965884","27.651544848",
"9/12/1993","-51.875","-4.83955001831055","219","36.956","24.859","0","2.191229511312","0.388329017372232","25.43203368",
"9/13/1993","-51.875","-4.83955001831055","219","34.282","22.514","0.0034332264","1.88331957231688","0.552787343717777","17.460283968",
"9/14/1993","-51.875","-4.83955001831055","219","33.634","21.717","0","1.71431127843709","0.571915299087185","18.402862968",
"9/15/1993","-51.875","-4.83955001831055","219","36.028","20.076","0","2.03073064582622","0.539670314274531","26.6645772",
"9/16/1993","-51.875","-4.83955001831055","219","35.251","22.54","0","1.84199812025334","0.513417152545434","23.54934258",
"9/17/1993","-51.875","-4.83955001831055","219","37.611","21.795","0","1.64671965269734","0.440857248827347","28.128153888",
"9/18/1993","-51.875","-4.83955001831055","219","37.973","20.481","0","1.95238617930749","0.452778290352823","21.07726758",
"9/19/1993","-51.875","-4.83955001831055","219","36.891","19.531","0.3948212664","1.65398675526578","0.522702490409483","19.889658072",
"9/20/1993","-51.875","-4.83955001831055","219","37.251","19.454","0.50468436","1.57940123686783","0.488315359834527","27.348639912",
"9/21/1993","-51.875","-4.83955001831055","219","35.857","22.796","0","1.31972794617677","0.453846391896797","20.428931952",
"9/22/1993","-51.875","-4.83955001831055","219","35.954","22.317","0.034332264","1.89638213969717","0.482518101489081","21.335232528",
"9/23/1993","-51.875","-4.83955001831055","219","37.289","21.155","0.181961244","1.06701982567208","0.504575173849561","11.10566043",
"9/24/1993","-51.875","-4.83955001831055","219","37.962","20.365","0","1.73749794040489","0.407712235866711","22.272018048",
"9/25/1993","-51.875","-4.83955001831055","219","39.181","21.079","0.1235961","1.30174706670055","0.517837249477447","19.7203518",
"9/26/1993","-51.875","-4.83955001831055","219","37.492","21.177","0","1.71339451055951","0.50791862791248","21.58154712",
"9/27/1993","-51.875","-4.83955001831055","219","38.522","21.248","1.5895845","1.04072345326756","0.534669582971272","24.522183072",
"9/28/1993","-51.875","-4.83955001831055","219","37.4","22.559","0.4325863824","1.30104510100917","0.506557519730685","15.466445208",
"9/29/1993","-51.875","-4.83955001831055","219","36.222","25.882","0","2.11658169347698","0.40450974699754","26.47811322",
"9/30/1993","-51.875","-4.83955001831055","219","36.17","25.134","0.0411987312","2.55060667141666","0.462625800557393","27.9777879",
"10/1/1993","-51.875","-4.83955001831055","219","35.1","21.997","1.61876898","1.83719059422004","0.61442100658986","16.642466712",
"10/2/1993","-51.875","-4.83955001831055","219","37.766","20.953","0","1.55933975694489","0.490775143277716","20.81502972",
"10/3/1993","-51.875","-4.83955001831055","219","34.616","22.871","0.01373292","1.36155462064985","0.478087639890981","19.435951872",
"10/4/1993","-51.875","-4.83955001831055","219","38.437","17.958","0","1.7642812167265","0.433217322702928","27.915695208",
"10/5/1993","-51.875","-4.83955001831055","219","38.307","22.578","0","1.89767860852502","0.457290909735003","24.07601844",
"10/6/1993","-51.875","-4.83955001831055","219","39.494","22.488","0","1.37894068061636","0.435668852046437","21.720937608",
"10/7/1993","-51.875","-4.83955001831055","219","35.466","23.268","0.820541268","1.37006105719331","0.511830628174583","15.50654892",
"10/8/1993","-51.875","-4.83955001831055","219","36.398","23.759","0.346755996","1.57218029025428","0.506694524031636","19.38392478",
"10/9/1993","-51.875","-4.83955001831055","219","33.213","20.942","1.9981368","1.23966126909104","0.607933827636288","12.19831722",
"10/10/1993","-51.875","-4.83955001831055","219","32.489","22.204","0.52528392","1.66780325161578","0.565932014557761","18.76247604",
"10/11/1993","-51.875","-4.83955001831055","219","33.734","22.293","0","1.67813280951651","0.563824710326608","18.26533242",
"10/12/1993","-51.875","-4.83955001831055","219","34.96","21.274","0","1.82789465176219","0.489874800317409","25.4459232",
"10/13/1993","-51.875","-4.83955001831055","219","35.377","22.517","0","1.69478066001574","0.485531032920258","19.4064795",
"10/14/1993","-51.875","-4.83955001831055","219","36.372","23.045","0","1.67593023892705","0.491624903632108","19.81063224",
"10/15/1993","-51.875","-4.83955001831055","219","36.667","22.296","0.030899052","1.98186344314622","0.489036475626245","24.59615832",
"10/16/1993","-51.875","-4.83955001831055","219","36.29","23.961","0.0274658256","1.82035190622663","0.549201311351351","10.1081223",
"10/17/1993","-51.875","-4.83955001831055","219","37.485","22.369","0","2.1171341201681","0.455826629209483","22.1336433",
"10/18/1993","-51.875","-4.83955001831055","219","34.018","24.053","0","1.94738774130655","0.492875718761423","18.26071992",
"10/19/1993","-51.875","-4.83955001831055","219","31.408","22.349","8.90407872","1.72056444687138","0.682256722818708","24.7849281",
"10/20/1993","-51.875","-4.83955001831055","219","34.299","20.204","0.078964236","1.23500168100771","0.640722617038164","17.41196124",
"10/21/1993","-51.875","-4.83955001831055","219","33.445","21.694","0.6523128","1.47154196511774","0.657563965442414","16.71271614",
"10/22/1993","-51.875","-4.83955001831055","219","38.28","21.391","1.5209182584","0.789286211882659","0.737694787408467","11.61832374",
"10/23/1993","-51.875","-4.83955001831055","219","32.149","21.981","8.28438192","1.59595644822055","0.758100235501365","25.4350206",
"10/24/1993","-51.875","-4.83955001831055","219","36.836","22.315","0.082397484","1.00104398907914","0.581138545397802","18.53145072",
"10/25/1993","-51.875","-4.83955001831055","219","37.33","24.915","0.415420452","1.18395342151479","0.542788530339421","16.86695688",
"10/26/1993","-51.875","-4.83955001831055","219","36.94","21.971","0.0034332264","1.23678845767988","0.528850030055907","20.64610908",
"10/27/1993","-51.875","-4.83955001831055","219","36.297","24.735","0","1.53405218909244","0.4632687167043","21.09274128",
"10/28/1993","-51.875","-4.83955001831055","219","35.769","23.077","0.94070592","1.86901459843108","0.51852524557121","18.73974528",
"10/29/1993","-51.875","-4.83955001831055","219","33.352","22.219","44.553005604","1.4682586461931","0.794634321483789","17.8957098",
"10/30/1993","-51.875","-4.83955001831055","219","31.293","18.468","6.66732708","1.21267716993806","0.826873801405225","24.84540468",
"10/31/1993","-51.875","-4.83955001831055","219","33.574","19.081","0.57678228","1.41078752088644","0.685626716108613","18.42265836",
"11/1/1993","-51.875","-4.83955001831055","219","33.218","20.663","0.12016296","1.37156410988645","0.644622863961762","14.68946232",
"11/2/1993","-51.875","-4.83955001831055","219","35.126","20.565","0.51841692","1.51005826429793","0.651882735325246","18.8924598",
"11/3/1993","-51.875","-4.83955001831055","219","34.435","21.484","0.40855392","1.37881773953607","0.645357165850687","19.246617",
"11/4/1993","-51.875","-4.83955001831055","219","37.62","25.4","0","1.67898018481191","0.460413000561307","21.2653152",
"11/5/1993","-51.875","-4.83955001831055","219","38.725","23.575","0.034332264","1.58032569178291","0.498807702027659","19.37767968",
"11/6/1993","-51.875","-4.83955001831055","219","27.638","21.937","0.8445737448","1.73679273942927","0.705953679436861","5.67444312",
"11/7/1993","-51.875","-4.83955001831055","219","35.711","19.855","0","1.32783958757104","0.593452352280148","19.06481592",
"11/8/1993","-51.875","-4.83955001831055","219","37.415","23.108","0.463485852","1.44905535762573","0.560887440027672","18.73563822",
"11/9/1993","-51.875","-4.83955001831055","219","34.559","21.519","0","1.7641613830065","0.655765693230408","17.82681156",
"11/10/1993","-51.875","-4.83955001831055","219","32.455","22.377","4.4563275864","1.78281142094719","0.74605493063","18.58325508",
"11/11/1993","-51.875","-4.83955001831055","219","34.466","21.898","0.072097632","1.48273748664357","0.686698597011017","19.82087298",
"11/12/1993","-51.875","-4.83955001831055","219","34.27","23.174","0","1.72262198913598","0.634870610914564","18.44421012",
"11/13/1993","-51.875","-4.83955001831055","219","33.726","20.976","0","1.51391661696406","0.64118885072496","19.03039092",
"11/14/1993","-51.875","-4.83955001831055","219","34.946","20.426","0.13389588","1.29806099779145","0.592409710627137","18.2923362",
"11/15/1993","-51.875","-4.83955001831055","219","35.075","20.579","0.679778964","1.39400104211971","0.619451537996346","20.08805292",
"11/16/1993","-51.875","-4.83955001831055","219","33.728","22.828","2.0994212088","1.50987739413064","0.646781216459252","14.18490072",
"11/17/1993","-51.875","-4.83955001831055","219","35.868","22.079","2.731134456","1.44918458155305","0.615705562625495","20.6365545",
"11/18/1993","-51.875","-4.83955001831055","219","36.928","20.979","0","0.963069187042044","0.587825528680122","13.3718562",
"11/19/1993","-51.875","-4.83955001831055","219","39.562","22.976","0.86860656","1.40064826313729","0.566432458089786","21.38805756",
"11/20/1993","-51.875","-4.83955001831055","219","27.701","20.733","31.8740796","1.03862711103639","0.938070227949511","7.1749638",
"11/21/1993","-51.875","-4.83955001831055","219","29.038","19.053","1.6839972","1.15376850367606","0.886704758386366","12.23111268",
"11/22/1993","-51.875","-4.83955001831055","219","30.321","22.263","1.4144899464","1.66515095872904","0.80572034521528","20.90024496",
"11/23/1993","-51.875","-4.83955001831055","219","30.9","21.833","5.5103331744","1.0466144384489","0.822250039333707","23.69643102",
"11/24/1993","-51.875","-4.83955001831055","219","31.973","21.048","2.8461455064","1.5681762509731","0.805317006927792","25.01791758",
"11/25/1993","-51.875","-4.83955001831055","219","35.171","18.46","0","1.0186761898859","0.671943530429473","21.31594272",
"11/26/1993","-51.875","-4.83955001831055","219","36.291","21.313","0","1.41722434981937","0.516591409718458","20.929329",
"11/27/1993","-51.875","-4.83955001831055","219","37.654","24.584","0","1.94791134734951","0.511495932190833","23.58055656",
"11/28/1993","-51.875","-4.83955001831055","219","34.663","22.14","3.16543446","1.55616627237961","0.68796800730184","15.26135742",
"11/29/1993","-51.875","-4.83955001831055","219","30.238","22.374","4.5730590624","1.56565659373648","0.796808264485534","17.85391974",
"11/30/1993","-51.875","-4.83955001831055","219","28.347","20.231","18.2888028","1.09871094381343","0.867521674814448","8.18583516",
"12/1/1993","-51.875","-4.83955001831055","219","33.949","21.728","0.3707892","1.54652383027207","0.655925434643985","27.0930924",
"12/2/1993","-51.875","-4.83955001831055","219","35.943","21.551","2.358627336","1.54636721299105","0.656325594371546","20.04609402",
"12/3/1993","-51.875","-4.83955001831055","219","34.082","21.93","0.6523129296","1.38564766064134","0.701829871231388","11.50312374",
"12/4/1993","-51.875","-4.83955001831055","219","33.138","22.108","0.425719872","1.69700193695499","0.689068232468272","22.72561938",
"12/5/1993","-51.875","-4.83955001831055","219","27.324","20.878","3.798009828","1.17422159149827","0.869256817317328","8.91669492",
"12/6/1993","-51.875","-4.83955001831055","219","30.46","21.577","6.6681844992","1.4467719838126","0.843078812487116","25.04784798",
"12/7/1993","-51.875","-4.83955001831055","219","33.533","21.804","1.225661904","1.50336873513079","0.720035833107504","21.64123494",
"12/8/1993","-51.875","-4.83955001831055","219","33.763","21.898","0","1.61724131228109","0.597374557961483","19.15784676",
"12/9/1993","-51.875","-4.83955001831055","219","34.988","24.46","0","1.34617468234866","0.527199979753061","18.62465724",
"12/10/1993","-51.875","-4.83955001831055","219","32.067","19.701","0.2403263304","1.71619113649585","0.670007596733104","13.2475518",
"12/11/1993","-51.875","-4.83955001831055","219","35.918","20.057","0","1.75068489752551","0.55670309092636","26.3079558",
"12/12/1993","-51.875","-4.83955001831055","219","35.176","24.019","0.11672964","1.58265477487739","0.549356335474844","20.0994741",
"12/13/1993","-51.875","-4.83955001831055","219","32.148","22.544","10.53486036","1.8161739652875","0.855848858245536","26.6912982",
"12/14/1993","-51.875","-4.83955001831055","219","29.756","20.003","8.6946530328","1.18362651997163","0.875925742112909","26.7185826",
"12/15/1993","-51.875","-4.83955001831055","219","31.336","21.005","0.7535936088","1.80088563679468","0.785058659924057","18.19450998",
"12/16/1993","-51.875","-4.83955001831055","219","34.478","21.174","1.00936908","1.67067172823184","0.675178228687073","24.37188498",
"12/17/1993","-51.875","-4.83955001831055","219","33.407","22.116","7.52391792","1.58448115052128","0.76748237942394","20.86374168",
"12/18/1993","-51.875","-4.83955001831055","219","33.236","21.699","10.5194119464","1.1494599814279","0.816547340204261","25.75484712",
"12/19/1993","-51.875","-4.83955001831055","219","34.172","22.149","3.5860090464","1.3415149020432","0.729407526510327","19.72051596",
"12/20/1993","-51.875","-4.83955001831055","219","29.445","21.423","21.62590668","0.920056717915651","0.888235926034779","14.1364737",
"12/21/1993","-51.875","-4.83955001831055","219","30.849","21.689","11.0481264","1.03484765013782","0.83309250112816","22.908934872",
"12/22/1993","-51.875","-4.83955001831055","219","31.548","22.461","11.750224536","1.67389587527775","0.793829677552539","23.81939622",
"12/23/1993","-51.875","-4.83955001831055","219","26.799","22.4","12.96043092","1.1072816585544","0.947107451681317","16.7404536",
"12/24/1993","-51.875","-4.83955001831055","219","24.054","22.303","28.03745952","0.851416652413838","0.975263572159729","3.69433314",
"12/25/1993","-51.875","-4.83955001831055","219","30.608","21.845","25.6753830096","1.29220968960266","0.856743840918351","14.6090322",
"12/26/1993","-51.875","-4.83955001831055","219","26.512","21.528","5.297468976","1.16939599346612","0.928744578530051","9.260767512",
"12/27/1993","-51.875","-4.83955001831055","219","24.199","21.745","12.76989534","0.822977846430122","0.970949381508347","8.07086088",
"12/28/1993","-51.875","-4.83955001831055","219","26.308","21.071","11.5013100744","0.733528924909308","0.945553242818931","22.76178732",
"12/29/1993","-51.875","-4.83955001831055","219","28.035","21.562","13.5217644984","0.940109167513249","0.941975331386835","20.13997536",
"12/30/1993","-51.875","-4.83955001831055","219","26.866","22.091","16.261480044","0.943762445881377","0.955089684904915","16.815551472",
"12/31/1993","-51.875","-4.83955001831055","219","30.075","21.947","2.2830958944","1.37328711479458","0.818021568408649","19.94557176",
"1/1/1994","-51.875","-4.83955001831055","219","30.769","21.049","8.562471804","1.0705426408762","0.882891099606678","24.14970036",
"1/2/1994","-51.875","-4.83955001831055","219","26.561","22.038","20.0912526","0.884397905299135","0.960998607433671","15.50120382",
"1/3/1994","-51.875","-4.83955001831055","219","26.528","22.458","17.368701012","1.21256233670419","0.96054795320609","17.2679616",
"1/4/1994","-51.875","-4.83955001831055","219","25.946","21.949","7.13768166","1.33722893293824","0.955376434860815","11.84630553",
"1/5/1994","-51.875","-4.83955001831055","219","23.679","21.705","17.05455","0.87652936133107","0.978023403963316","3.02799564",
"1/6/1994","-51.875","-4.83955001831055","219","22.318","21.156","26.634980772","0.770173699442648","0.983300412312914","1.58461848",
"1/7/1994","-51.875","-4.83955001831055","219","28.852","20.319","3.577418964","0.559973816281581","0.914051257128531","12.9051522",
"1/8/1994","-51.875","-4.83955001831055","219","25.666","21.089","14.004135036","0.815829589839469","0.966586630884414","16.4242179",
"1/9/1994","-51.875","-4.83955001831055","219","31.502","21.734","5.4794294928","1.30887830609392","0.84053316345382","23.10485562",
"1/10/1994","-51.875","-4.83955001831055","219","30.227","21.791","11.38458564","1.35138566707272","0.900092429237464","24.37795494",
"1/11/1994","-51.875","-4.83955001831055","219","31.351","19.708","4.961015496","1.26094082209268","0.838214690431041","27.45202392",
"1/12/1994","-51.875","-4.83955001831055","219","26.304","22.516","23.66179884","1.03051294142024","0.968529610831591","16.85980944",
"1/13/1994","-51.875","-4.83955001831055","219","25.72","21.974","21.692844","0.938331771351751","0.969557678300428","16.29235836",
"1/14/1994","-51.875","-4.83955001831055","219","24.316","21.219","108.49859568","0.755833177597787","0.981014378485638","5.558736348",
"1/15/1994","-51.875","-4.83955001831055","219","27.204","21.238","15.63834474","0.535794553873636","0.956095820951164","15.11634312",
"1/16/1994","-51.875","-4.83955001831055","219","24.634","21.774","20.91180024","0.942582681622953","0.977447706799496","7.6024656",
"1/17/1994","-51.875","-4.83955001831055","219","22.978","20.631","59.36739066","0.996124163055469","0.981173918827428","4.9282281",
"1/18/1994","-51.875","-4.83955001831055","219","29.205","20.6","3.90358062","1.22639509330907","0.906507736826961","18.579430908",
"1/19/1994","-51.875","-4.83955001831055","219","29.884","19.812","0.4188536208","1.16706945078016","0.806894926621852","16.91122446",
"1/20/1994","-51.875","-4.83955001831055","219","26.047","21.276","8.313565032","0.846302153158828","0.959360876970152","17.77314258",
"1/21/1994","-51.875","-4.83955001831055","219","25.903","21.815","18.03131262","0.895475066268745","0.972195434761628","22.725003528",
"1/22/1994","-51.875","-4.83955001831055","219","31.395","21.878","8.99505252","1.5088788697428","0.875807207816695","23.23777419",
"1/23/1994","-51.875","-4.83955001831055","219","26.936","21.877","30.41840124","1.00297509133668","0.943687737868184","22.89267936",
"1/24/1994","-51.875","-4.83955001831055","219","27.801","22.277","24.875447004","0.984618054901167","0.956345884614509","19.2915018",
"1/25/1994","-51.875","-4.83955001831055","219","32.908","21.093","0.623130732","1.07774159051419","0.768855569311556","21.857007528",
"1/26/1994","-51.875","-4.83955001831055","219","30.536","19.428","10.13145606","1.31877463788159","0.814144800086153","25.7928813",
"1/27/1994","-51.875","-4.83955001831055","219","30.075","20.502","12.143324592","0.967429389738565","0.857703408132058","19.81113876",
"1/28/1994","-51.875","-4.83955001831055","219","33.145","20.859","3.1482698328","1.45583603079413","0.758134481850446","25.44345",
"1/29/1994","-51.875","-4.83955001831055","219","31.608","19.999","13.16642328","1.09170427980208","0.883500136605053","22.78203426",
"1/30/1994","-51.875","-4.83955001831055","219","25.379","21.946","35.96824368","0.80232910293884","0.971096320423089","8.99488035",
"1/31/1994","-51.875","-4.83955001831055","219","25.605","21.58","5.92060068","0.967815715064818","0.94514349256624","15.15363966",
"2/1/1994","-51.875","-4.83955001831055","219","26.086","21.069","30.48022044","0.886977235412237","0.944069935934218","15.14452995",
"2/2/1994","-51.875","-4.83955001831055","219","26.11","21.635","36.3681978264","1.12985734805764","0.966954017874138","13.33782756",
"2/3/1994","-51.875","-4.83955001831055","219","27.568","21.559","6.651875772","0.731203591975968","0.950408481174523","18.68518575",
"2/4/1994","-51.875","-4.83955001831055","219","29.135","19.781","5.1841737","0.943830830687116","0.922682828067634","19.830481812",
"2/5/1994","-51.875","-4.83955001831055","219","31.293","19.466","10.3511786328","1.11611333576256","0.883597073504378","24.49034928",
"2/6/1994","-51.875","-4.83955001831055","219","28.607","21.699","5.051992752","1.44222633438496","0.912552505560061","22.243338018",
"2/7/1994","-51.875","-4.83955001831055","219","25.849","21.317","10.303118172","1.1401637270617","0.943224956302643","19.122810552",
"2/8/1994","-51.875","-4.83955001831055","219","27.042","21.035","13.806725652","1.03723930951161","0.931310999706152","11.122141032",
"2/9/1994","-51.875","-4.83955001831055","219","21.898","19.599","114.48097272","0.982780273926883","0.983494493431837","2.760860448",
"2/10/1994","-51.875","-4.83955001831055","219","22.114","18.74","23.315074596","0.724258564262844","0.984783504487289","3.540544002",
"2/11/1994","-51.875","-4.83955001831055","219","27.759","20.078","28.03231782","0.921982999439938","0.918442038506612","19.414467468",
"2/12/1994","-51.875","-4.83955001831055","219","25.947","21.349","8.277515064","0.707495178517704","0.948240241926555","15.73047882",
"2/13/1994","-51.875","-4.83955001831055","219","29.174","21.892","24.97329144","1.0393501329167","0.925224749977335","12.77898651",
"2/14/1994","-51.875","-4.83955001831055","219","25.29","21.327","17.26570548","0.734273809017231","0.974740805754744","11.331955512",
"2/15/1994","-51.875","-4.83955001831055","219","25.45","21.905","15.70015044","0.812285994409217","0.975330313868282","9.568739682",
"2/16/1994","-51.875","-4.83955001831055","219","30.992","21.43","9.2885983848","1.06520827793174","0.907237222403932","23.10519168",
"2/17/1994","-51.875","-4.83955001831055","219","31.243","21.775","2.528573184","1.05503031270693","0.839264485643126","20.19442401",
"2/18/1994","-51.875","-4.83955001831055","219","32.27","21.265","7.681849812","1.27325672678028","0.926887135593849","22.71673296",
"2/19/1994","-51.875","-4.83955001831055","219","28.685","22.316","39.1078809","0.96069935665059","0.934173607730825","12.02501079",
"2/20/1994","-51.875","-4.83955001831055","219","26.758","22.178","23.59313964","1.26380269808759","0.958712196144788","23.891175792",
"2/21/1994","-51.875","-4.83955001831055","219","25.149","21.765","18.42785172","1.20544364218597","0.974311968033302","14.45174703",
"2/22/1994","-51.875","-4.83955001831055","219","26.056","21.911","22.24731096","0.848404565863975","0.972779831125852","15.6839112",
"2/23/1994","-51.875","-4.83955001831055","219","26.64","22.052","17.30003724","0.649084933363114","0.964791245414682","20.825949042",
"2/24/1994","-51.875","-4.83955001831055","219","27.654","21.81","61.49596572","0.844855059901554","0.963505036842496","17.26357446",
"2/25/1994","-51.875","-4.83955001831055","219","29.84","22.205","12.96387036","0.701252761753943","0.858212218962275","11.44029555",
"2/26/1994","-51.875","-4.83955001831055","219","27.699","21.431","5.1052127688","1.13512960975579","0.921745097088209","20.982834378",
"2/27/1994","-51.875","-4.83955001831055","219","27.815","20.016","13.81187412","0.938996175498041","0.942639049559993","22.30521003",
"2/28/1994","-51.875","-4.83955001831055","219","27.582","22.1","11.4755688","1.01616771978051","0.924328279186235","13.23101151",
"3/1/1994","-51.875","-4.83955001831055","219","28.435","22.355","23.05069128","0.788638035863579","0.944810412227112","20.534110308",
"3/2/1994","-51.875","-4.83955001831055","219","26.56","21.006","15.03410652","0.662713181855304","0.965571603715039","15.038104068",
"3/3/1994","-51.875","-4.83955001831055","219","26.337","21.422","38.2204116","0.526217134434659","0.972119635666164","9.684393372",
"3/4/1994","-51.875","-4.83955001831055","219","24.267","21.795","38.32513452","1.05599444414227","0.979781355365157","5.670286182",
"3/5/1994","-51.875","-4.83955001831055","219","23.457","21.423","7.2406770912","0.930071142113581","0.979275162032842","3.35356686",
"3/6/1994","-51.875","-4.83955001831055","219","27.212","20.709","11.830899924","1.23495327164803","0.927961520508416","18.32078691",
"3/7/1994","-51.875","-4.83955001831055","219","25.434","21.219","7.529069736","1.1572357631246","0.962898679491352","7.57355688",
"3/8/1994","-51.875","-4.83955001831055","219","24.727","20.83","7.995988008","0.90576912649798","0.960089968888926","10.12534119",
"3/9/1994","-51.875","-4.83955001831055","219","28.336","19.775","3.50189316","0.729101279768356","0.914492102060559","11.62231677",
"3/10/1994","-51.875","-4.83955001831055","219","26.93","20.759","15.28815744","0.868018925895876","0.959990317826515","23.87288934",
"3/11/1994","-51.875","-4.83955001831055","219","31.71","20.806","9.180453492","1.0936450927836","0.881556556138465","27.6714567",
"3/12/1994","-51.875","-4.83955001831055","219","29.973","21.722","5.54981202","1.45361217485277","0.883572337943372","27.21487635",
"3/13/1994","-51.875","-4.83955001831055","219","31.422","21.398","2.116585188","1.18587132479978","0.854399880562467","19.81749132",
"3/14/1994","-51.875","-4.83955001831055","219","30.009","21.657","6.294823344","1.19005184856244","0.914073604408711","12.431420082",
"3/15/1994","-51.875","-4.83955001831055","219","31.258","21.983","3.2444013384","1.25308467612283","0.864348791576039","22.922155098",
"3/16/1994","-51.875","-4.83955001831055","219","29.674","22.199","30.9196403064","1.16235005514879","0.945254491421747","22.3499205",
"3/17/1994","-51.875","-4.83955001831055","219","26.21","21.851","34.96741956","1.01424268221492","0.964852360563749","19.698805008",
"3/18/1994","-51.875","-4.83955001831055","219","27.159","21.741","4.79793636","1.24946515361392","0.91495887008512","17.7387768",
"3/19/1994","-51.875","-4.83955001831055","219","27.416","21.239","58.02158844","0.844365632481331","0.948159832602948","11.487428388",
"3/20/1994","-51.875","-4.83955001831055","219","27.473","20.457","10.220724","0.826870995595181","0.94621456130539","20.672603712",
"3/21/1994","-51.875","-4.83955001831055","219","26.45","21.79","6.993483048","0.789499315239857","0.938469994113631","16.46269101",
"3/22/1994","-51.875","-4.83955001831055","219","26.195","21.72","7.559969364","0.896950732819668","0.957047955333687","15.75343107",
"3/23/1994","-51.875","-4.83955001831055","219","26.098","21.871","10.078235568","0.895305215595463","0.970052874129282","16.50414051",
"3/24/1994","-51.875","-4.83955001831055","219","29.142","21.568","12.1931046864","1.15118544626607","0.931312194568938","21.167269128",
"3/25/1994","-51.875","-4.83955001831055","219","24.909","21.855","11.697003072","0.820505860994287","0.97077025371964","11.86154487",
"3/26/1994","-51.875","-4.83955001831055","219","24.79","21.518","8.452611","0.787323922598411","0.976063443073618","8.4403179",
"3/27/1994","-51.875","-4.83955001831055","219","27.097","21.644","13.247107884","1.10670069579058","0.944140345779554","19.85265684",
"3/28/1994","-51.875","-4.83955001831055","219","26.385","21.518","16.354184148","1.05926807791378","0.962352638170484","22.60164159",
"3/29/1994","-51.875","-4.83955001831055","219","26.469","21.765","10.910797092","0.814677212219893","0.960957697209872","16.96123188",
"3/30/1994","-51.875","-4.83955001831055","219","26.026","22.331","9.643939344","0.917202520097626","0.959421564532182","17.8273683",
"3/31/1994","-51.875","-4.83955001831055","219","26.87","22.183","20.3264180928","0.837961147138264","0.965598480600363","14.1921585",
"4/1/1994","-51.875","-4.83955001831055","219","25.69","21.92","14.548308192","0.595330014486264","0.97083623574244","15.58901034",
"4/2/1994","-51.875","-4.83955001831055","219","26.182","22.069","12.567324204","0.956431916713981","0.962677621583927","17.72932626",
"4/3/1994","-51.875","-4.83955001831055","219","30.206","22.013","9.89628318","0.817475874686029","0.931743772309899","24.0623379",
"4/4/1994","-51.875","-4.83955001831055","219","24.513","21.431","29.33006742","0.994942132348398","0.977719936095937","6.561733968",
"4/5/1994","-51.875","-4.83955001831055","219","29.322","20.919","5.548099248","0.809576935451796","0.913032751992213","19.8651951",
"4/6/1994","-51.875","-4.83955001831055","219","24.744","21.207","42.460448184","0.883261249339324","0.975747361115926","6.14643858",
"4/7/1994","-51.875","-4.83955001831055","219","26.102","21.208","9.140968332","0.687877684106799","0.964980409068624","12.59730684",
"4/8/1994","-51.875","-4.83955001831055","219","25.047","21.639","21.0062088","0.693569219336376","0.973982788591045","12.863753712",
"4/9/1994","-51.875","-4.83955001831055","219","24.838","21.47","26.51654016","0.733119504122146","0.976340418388145","7.961403492",
"4/10/1994","-51.875","-4.83955001831055","219","25.614","21.624","12.98790288","0.809733742526315","0.967646435889289","12.54819888",
"4/11/1994","-51.875","-4.83955001831055","219","22.561","19.019","14.71138344","0.798531292462306","0.981980553043741","3.733986528",
"4/12/1994","-51.875","-4.83955001831055","219","26.832","19.463","2.52685656","0.77894012066917","0.92887886516448","13.56187734",
"4/13/1994","-51.875","-4.83955001831055","219","30.075","19.645","5.291461656","0.889826914064244","0.887453038614317","23.343633",
"4/14/1994","-51.875","-4.83955001831055","219","25.677","20.527","7.0509937824","0.708318523653599","0.972098051526603","11.44535526",
"4/15/1994","-51.875","-4.83955001831055","219","27.04","21.302","8.20198044","0.984302042712343","0.910224171115035","9.584996472",
"4/16/1994","-51.875","-4.83955001831055","219","28.2","21.028","4.391098812","0.960234968288405","0.926980558927208","16.85902842",
"4/17/1994","-51.875","-4.83955001831055","219","30.337","22.071","12.641148","0.884869592057957","0.915163602794257","21.8486232",
"4/18/1994","-51.875","-4.83955001831055","219","25.559","21.474","11.02066344","0.908018400810006","0.965067443689216","17.78816232",
"4/19/1994","-51.875","-4.83955001831055","219","27.365","21.323","1.909732428","0.83702908587322","0.917119761084411","15.97202244",
"4/20/1994","-51.875","-4.83955001831055","219","29.815","22.029","12.623979384","0.996901230065297","0.931694426720398","22.946794992",
"4/21/1994","-51.875","-4.83955001831055","219","29.651","22.685","3.862380888","1.03903207712425","0.912771316404442","10.83020274",
"4/22/1994","-51.875","-4.83955001831055","219","29.743","21.886","3.767970492","1.14828630864538","0.906100833961995","16.700627052",
"4/23/1994","-51.875","-4.83955001831055","219","30.636","20.81","3.295902312","1.02206961398321","0.886972333110056","18.916143768",
"4/24/1994","-51.875","-4.83955001831055","219","31.962","19.275","0.0892639152","1.15611891379235","0.798655366340557","23.05468152",
"4/25/1994","-51.875","-4.83955001831055","219","30.898","21.594","2.6435850192","1.19699085211584","0.878208100296761","14.15845638",
"4/26/1994","-51.875","-4.83955001831055","219","31.665","21.2","0.2283093504","1.04086168393279","0.816757374001183","17.0183223",
"4/27/1994","-51.875","-4.83955001831055","219","32.796","20.625","1.617050556","1.3685354702455","0.787974632205729","25.106229",
"4/28/1994","-51.875","-4.83955001831055","219","33.253","21.863","16.35418836","1.05116654835197","0.859987751776332","18.6039513",
"4/29/1994","-51.875","-4.83955001831055","219","28.807","22.448","15.56281332","1.01506087494836","0.939191695912172","14.25840822",
"4/30/1994","-51.875","-4.83955001831055","219","29.359","22.331","7.716179808","1.08721657137548","0.916479584474809","14.83228188",
"5/1/1994","-51.875","-4.83955001831055","219","28.81","22.002","21.337505748","1.05847364180113","0.913652853107857","16.02844002",
"5/2/1994","-51.875","-4.83955001831055","219","28.927","22.302","14.56374852","1.0807310596047","0.934734325230841","17.55781956",
"5/3/1994","-51.875","-4.83955001831055","219","31.068","22.273","7.841486304","1.02249826715211","0.872554573774273","17.43204726",
"5/4/1994","-51.875","-4.83955001831055","219","29.612","21.199","11.06529444","0.79735959281197","0.924765660952023","17.33001354",
"5/5/1994","-51.875","-4.83955001831055","219","29.587","22.721","9.238817376","1.04519417908855","0.913998271018067","18.90675684",
"5/6/1994","-51.875","-4.83955001831055","219","24.47","21.673","49.598107956","0.690001429148973","0.979731280476288","3.899531268",
"5/7/1994","-51.875","-4.83955001831055","219","26.751","21.687","6.34975812","1.09752168920328","0.962638041422591","15.63665778",
"5/8/1994","-51.875","-4.83955001831055","219","26.543","22.478","7.0346852424","1.03092382860587","0.954612037214057","20.9291625",
"5/9/1994","-51.875","-4.83955001831055","219","27.017","22.23","8.608814784","0.727393486308858","0.955505291592513","16.81689132",
"5/10/1994","-51.875","-4.83955001831055","219","25.619","21.215","10.263635352","1.11144336944873","0.968918111386868","14.02582914",
"5/11/1994","-51.875","-4.83955001831055","219","26.916","21.416","7.75480284","0.752216604688065","0.950223704557145","9.1594107",
"5/12/1994","-51.875","-4.83955001831055","219","28.789","20.601","5.0073637968","1.09163889668544","0.925087841907339","21.0147687",
"5/13/1994","-51.875","-4.83955001831055","219","26.697","21.799","0.7304195808","1.48032308786833","0.861798315835434","11.62800108",
"5/14/1994","-51.875","-4.83955001831055","219","26.427","20.196","1.969815708","0.972087273243814","0.883859779140364","7.58542104",
"5/15/1994","-51.875","-4.83955001831055","219","28.273","21.933","12.29953644","0.918139538653283","0.940921182147783","18.14867028",
"5/16/1994","-51.875","-4.83955001831055","219","25.112","21.463","3.73020156","0.626370449979293","0.967361584454196","6.85985184",
"5/17/1994","-51.875","-4.83955001831055","219","28.965","21.622","4.08983184","1.06306862369538","0.938866173632333","16.85654676",
"5/18/1994","-51.875","-4.83955001831055","219","31.145","22.022","3.155135112","0.887334287758485","0.881632074099479","14.48477586",
"5/19/1994","-51.875","-4.83955001831055","219","32.246","18.78","2.5079738904","0.829643905883476","0.817731745154649","16.40992878",
"5/20/1994","-51.875","-4.83955001831055","219","32.563","19.763","1.960372512","1.25602463711713","0.79828739434125","18.54118152",
"5/21/1994","-51.875","-4.83955001831055","219","28.346","22.049","10.863587196","0.916816428578551","0.939464777274157","14.35359204",
"5/22/1994","-51.875","-4.83955001831055","219","29.546","21.193","7.5222072","1.19684975581062","0.930478627552876","22.13133606",
"5/23/1994","-51.875","-4.83955001831055","219","29.731","20.627","0.8617399776","1.30035857383837","0.858888959271119","20.68981938",
"5/24/1994","-51.875","-4.83955001831055","219","31.244","20.233","3.074455152","1.29815770551105","0.847125166722651","23.24716794",
"5/25/1994","-51.875","-4.83955001831055","219","29.858","20.442","2.7731885328","1.24155772258711","0.858662307842111","21.88226124",
"5/26/1994","-51.875","-4.83955001831055","219","30.608","20.428","1.85222556","1.16303761143405","0.820145268799302","22.65692976",
"5/27/1994","-51.875","-4.83955001831055","219","30","20.88","9.12552102","1.05449250378142","0.887972811466801","19.8583929",
"5/28/1994","-51.875","-4.83955001831055","219","31.864","20.545","5.717182176","1.31348842465795","0.839847124423306","22.49740836",
"5/29/1994","-51.875","-4.83955001831055","219","30.062","19.752","6.808091292","0.8783306726829","0.910048549095375","19.66809042",
"5/30/1994","-51.875","-4.83955001831055","219","31.07","20.876","3.431511216","1.28755366657708","0.876310901305071","22.6862496",
"5/31/1994","-51.875","-4.83955001831055","219","29.699","20.981","4.58335908","1.28992591568519","0.899171248070356","19.91086524",
"6/1/1994","-51.875","-4.83955001831055","219","33.091","19.504","0","1.40111646208471","0.761877172455709","17.54414568",
"6/2/1994","-51.875","-4.83955001831055","219","33.314","20.097","0","1.40783167915282","0.688160680600752","23.6681424",
"6/3/1994","-51.875","-4.83955001831055","219","33.362","17.853","0.6111140904","1.18294984291787","0.748211153808897","11.2943205",
"6/4/1994","-51.875","-4.83955001831055","219","22.719","20.844","4.312136088","1.25828571959283","0.968071878501047","3.48305544",
"6/5/1994","-51.875","-4.83955001831055","219","28.022","20.97","9.688567644","1.0493099760958","0.961862540794925","12.91313934",
"6/6/1994","-51.875","-4.83955001831055","219","30.785","19.245","1.6651134144","1.08017759166211","0.848486524791956","20.1795192",
"6/7/1994","-51.875","-4.83955001831055","219","32.165","19.467","6.231305016","1.32873225213054","0.84832112522062","18.50720436",
"6/8/1994","-51.875","-4.83955001831055","219","32.453","19.089","2.6023878864","0.999686769759162","0.825005445384672","9.65531304",
"6/9/1994","-51.875","-4.83955001831055","219","32.692","18.944","0.7141113","0.795747137515135","0.779554343671823","17.39385162",
"6/10/1994","-51.875","-4.83955001831055","219","29.173","17.938","4.200552756","0.857218168842099","0.870534099093669","22.02850566",
"6/11/1994","-51.875","-4.83955001831055","219","33.87","15.48","0","0.871050444270404","0.71691834864829","19.14035778",
"6/12/1994","-51.875","-4.83955001831055","219","33.18","20.189","0","1.32150538495648","0.661609846018557","16.96151448",
"6/13/1994","-51.875","-4.83955001831055","219","33.029","17.729","0","1.35722903203765","0.637779439164994","21.33523224",
"6/14/1994","-51.875","-4.83955001831055","219","32.902","16.41","0.76904172","1.08419098687102","0.702787252148357","23.25256704",
"6/15/1994","-51.875","-4.83955001831055","219","27.506","20.658","6.083681256","1.2170428271588","0.929760146814057","14.90675238",
"6/16/1994","-51.875","-4.83955001831055","219","32.619","19.96","0.037765512","1.41149748688062","0.737545113573679","18.27067662",
"6/17/1994","-51.875","-4.83955001831055","219","29.389","21.37","3.38173308","1.36953138190472","0.805230120182744","18.334521",
"6/18/1994","-51.875","-4.83955001831055","219","29.776","19.383","3.237534324","1.51211556126874","0.846696516545162","22.68050922",
"6/19/1994","-51.875","-4.83955001831055","219","29.289","20.253","4.2486198768","1.48308941009857","0.911393167220294","19.52010432",
"6/20/1994","-51.875","-4.83955001831055","219","30.672","20.935","0.8892060984","1.38938793483256","0.820922014274175","14.08606668",
"6/21/1994","-51.875","-4.83955001831055","219","31.941","19.784","2.507972292","1.1511961189434","0.799893041394139","22.19732334",
"6/22/1994","-51.875","-4.83955001831055","219","32.779","19.844","2.7792","1.17106249160652","0.737271973645737","19.74470508",
"6/23/1994","-51.875","-4.83955001831055","219","32.981","19.328","1.4522532264","1.17799473155595","0.735109088264438","17.1742491",
"6/24/1994","-51.875","-4.83955001831055","219","30.1","21.245","6.241605408","1.15946672477482","0.899164013384092","16.4901411",
"6/25/1994","-51.875","-4.83955001831055","219","32.871","18.735","3.68385246","0.888940593991757","0.793053738748105","18.81061614",
"6/26/1994","-51.875","-4.83955001831055","219","29.767","20.226","12.25147806","1.37843406789781","0.911208140168283","20.39074092",
"6/27/1994","-51.875","-4.83955001831055","219","32.254","19.552","7.3505370528","1.38925275441681","0.743754455326567","18.8511174",
"6/28/1994","-51.875","-4.83955001831055","219","25.553","21.239","7.66296504","1.17053127847222","0.951919758737162","8.31273336",
"6/29/1994","-51.875","-4.83955001831055","219","28.136","20.252","3.94477848","1.22598481995323","0.909883888141873","11.67688242",
"6/30/1994","-51.875","-4.83955001831055","219","28.056","16.851","2.034187776","1.3316158585974","0.846623756309944","17.14303188",
"7/1/1994","-51.875","-4.83955001831055","219","26.333","18.552","1.87454232","0.988777689885707","0.896874220896739","12.59049006",
"7/2/1994","-51.875","-4.83955001831055","219","31.464","16.462","0","1.40650731285082","0.736974842540088","16.18413444",
"7/3/1994","-51.875","-4.83955001831055","219","31.782","17.531","0","1.43678928187053","0.631312088583716","19.41946344",
"7/4/1994","-51.875","-4.83955001831055","219","32.04","19.198","0","1.67245839012597","0.608870318956096","16.39215162",
"7/5/1994","-51.875","-4.83955001831055","219","32.741","21.632","0","1.76761630926644","0.563335843547698","20.1138768",
"7/6/1994","-51.875","-4.83955001831055","219","32.063","17.854","0","1.39156087748831","0.591154748101022","23.29076268",
"7/7/1994","-51.875","-4.83955001831055","219","32.903","18.093","0","1.54856109296563","0.588678598936119","23.7777786",
"7/8/1994","-51.875","-4.83955001831055","219","33.548","18.543","0","1.64349239147036","0.558759928045329","23.83244982",
"7/9/1994","-51.875","-4.83955001831055","219","31.466","18.387","0","1.18824258729173","0.675624947769858","15.22254636",
"7/10/1994","-51.875","-4.83955001831055","219","31.891","19.843","1.8093109824","0.945922781079468","0.748526385341592","16.51781124",
"7/11/1994","-51.875","-4.83955001831055","219","30.529","18.814","1.38187512","1.21831897021783","0.76305681697504","13.08144438",
"7/12/1994","-51.875","-4.83955001831055","219","31.131","17.061","0","1.11604727544305","0.746827863727228","12.16602846",
"7/13/1994","-51.875","-4.83955001831055","219","32.049","17.832","0","1.52958483903336","0.610624859015365","24.02960256",
"7/14/1994","-51.875","-4.83955001831055","219","32.575","18.865","0","1.70905754384407","0.573231547265508","23.6672388",
"7/15/1994","-51.875","-4.83955001831055","219","32.954","19.082","0","1.7056237200901","0.546679810581179","23.575392",
"7/16/1994","-51.875","-4.83955001831055","219","32.987","18.481","0","1.52968321500993","0.576904286864758","19.91930364",
"7/17/1994","-51.875","-4.83955001831055","219","31.891","19.51","0","1.67990113268323","0.682659989381154","18.23444604",
"7/18/1994","-51.875","-4.83955001831055","219","31.49","19.689","0.152778636","1.30760011506204","0.69717299060175","16.16720994",
"7/19/1994","-51.875","-4.83955001831055","219","29.014","18.743","1.39903956","0.792514237202753","0.895221860607759","11.92719654",
"7/20/1994","-51.875","-4.83955001831055","219","32.207","19.904","1.06945056","1.48854467794161","0.724577412916","22.77411534",
"7/21/1994","-51.875","-4.83955001831055","219","33.011","18.058","0.0205993512","1.43471843031071","0.652514976108078","20.00564622",
"7/22/1994","-51.875","-4.83955001831055","219","33.321","18.783","0","1.34623580969223","0.658916769127659","17.86972266",
"7/23/1994","-51.875","-4.83955001831055","219","33.589","17.223","0","1.5058435126335","0.544790783855436","24.44895036",
"7/24/1994","-51.875","-4.83955001831055","219","33.684","19.119","0","1.58231617756467","0.553143489311663","23.3651844",
"7/25/1994","-51.875","-4.83955001831055","219","32.625","16.296","0","0.988522126409254","0.65948121876537","10.677720168",
"7/26/1994","-51.875","-4.83955001831055","219","33.729","17.818","0","1.50317763828384","0.559992991108747","18.43177734",
"7/27/1994","-51.875","-4.83955001831055","219","34.229","19.035","0","1.79964489045811","0.477932301033204","24.90558552",
"7/28/1994","-51.875","-4.83955001831055","219","34.392","19.332","0","1.84892192645673","0.496142963429106","24.76687356",
"7/29/1994","-51.875","-4.83955001831055","219","32.949","19.307","0","1.75382702266864","0.53989015490657","20.58850728",
"7/30/1994","-51.875","-4.83955001831055","219","34.1","18.21","0","1.52093323283515","0.475750444376921","25.31868606",
"7/31/1994","-51.875","-4.83955001831055","219","34.567","16.285","0","1.01582777853919","0.557699614006624","21.31694712",
"8/1/1994","-51.875","-4.83955001831055","219","34.288","17.324","0","1.1480768625681","0.522326883547426","25.1301402",
"8/2/1994","-51.875","-4.83955001831055","219","34.185","20.679","0","1.54523336583267","0.459021648539098","24.52387662",
"8/3/1994","-51.875","-4.83955001831055","219","35.005","18.638","0","1.11799615570946","0.522529439323244","25.17694344",
"8/4/1994","-51.875","-4.83955001831055","219","33.363","21.094","0.0240325992","1.42627845448548","0.618127162894576","14.277537072",
"8/5/1994","-51.875","-4.83955001831055","219","33.956","20.798","0.087547176","1.29730909302452","0.646061513763198","11.276046",
"8/6/1994","-51.875","-4.83955001831055","219","32.267","20.932","0.4205706192","1.7890883353584","0.651912614785969","22.3125138",
"8/7/1994","-51.875","-4.83955001831055","219","33.128","22.222","0.0137329056","1.06363111743985","0.57196546402858","15.954243732",
"8/8/1994","-51.875","-4.83955001831055","219","34.847","17.459","0","1.46026071990561","0.47757419045877","25.44980778",
"8/9/1994","-51.875","-4.83955001831055","219","32.316","20.005","1.6204834728","1.46565165869502","0.634165079474895","18.70745616",
"8/10/1994","-51.875","-4.83955001831055","219","34.328","20.378","0.501251112","1.21167373627591","0.569828933230328","18.03099402",
"8/11/1994","-51.875","-4.83955001831055","219","34.96","19.773","0","1.32119877726167","0.497580606866202","23.46806718",
"8/12/1994","-51.875","-4.83955001831055","219","34.685","17.784","0","1.38632686814684","0.555844574525079","18.62735004",
"8/13/1994","-51.875","-4.83955001831055","219","34.039","19.592","0.097846992","1.21798135932729","0.692885573843256","17.99370162",
"8/14/1994","-51.875","-4.83955001831055","219","34.844","19.829","0","1.62287487717743","0.525402831086673","26.19500346",
"8/15/1994","-51.875","-4.83955001831055","219","35.057","17.823","0","1.03009566708799","0.497229672116995","19.12021686",
"8/16/1994","-51.875","-4.83955001831055","219","35.368","15.042","0","0.945148168744143","0.629987978132423","25.95279042",
"8/17/1994","-51.875","-4.83955001831055","219","36.135","15.24","0","1.24451477482759","0.498848532439701","26.42523678",
"8/18/1994","-51.875","-4.83955001831055","219","35.815","17.454","0","1.3507173018948","0.500342307769214","24.653588328",
"8/19/1994","-51.875","-4.83955001831055","219","35.433","16.567","0","1.66931553083652","0.489536044363951","26.36133786",
"8/20/1994","-51.875","-4.83955001831055","219","35.724","19.558","0","1.73962113101768","0.52887317873595","25.4332179",
"8/21/1994","-51.875","-4.83955001831055","219","35.754","20.627","0","1.0187650925381","0.524377343783881","18.6774759",
"8/22/1994","-51.875","-4.83955001831055","219","36.673","19.112","0","1.42700475004406","0.42335830251436","25.07860764",
"8/23/1994","-51.875","-4.83955001831055","219","36.824","18.021","0","1.42798034860534","0.416165060736536","26.619298488",
"8/24/1994","-51.875","-4.83955001831055","219","34.542","20.273","0.070381152","1.13967713997131","0.565028546279337","18.082859688",
"8/25/1994","-51.875","-4.83955001831055","219","38.382","24.111","0","1.57746615429054","0.458993451997521","23.24863818",
"8/26/1994","-51.875","-4.83955001831055","219","35.751","16.348","0","1.28624298468967","0.562029178621739","23.83666398",
"8/27/1994","-51.875","-4.83955001831055","219","35.89","19.883","0.102996792","1.61100096908695","0.541813799328283","23.52295746",
"8/28/1994","-51.875","-4.83955001831055","219","36.321","20.62","0","1.49917023154247","0.48100987675643","26.400595608",
"8/29/1994","-51.875","-4.83955001831055","219","35.986","20.513","0","1.4390613042699","0.454197601971945","20.095137432",
"8/30/1994","-51.875","-4.83955001831055","219","33.689","19.227","0","1.24358303771227","0.550443785663922","20.20888008",
"8/31/1994","-51.875","-4.83955001831055","219","36.361","22.675","0","1.34809392945122","0.424235735688971","27.19372374",
"9/1/1994","-51.875","-4.83955001831055","219","34.968","24.003","0.0171661464","1.44843302554393","0.472963557659473","18.934820568",
"9/2/1994","-51.875","-4.83955001831055","219","35.947","22.624","0.034332264","1.39757634502748","0.512269088535693","19.25836632",
"9/3/1994","-51.875","-4.83955001831055","219","37.407","22.089","0","1.42648207678933","0.491141100848691","19.304377992",
"9/4/1994","-51.875","-4.83955001831055","219","35.399","22.18","0","1.5312482203851","0.485765161600454","18.29728026",
"9/5/1994","-51.875","-4.83955001831055","219","37.134","22.272","0","1.40126989269678","0.509898579628514","15.03005634",
"9/6/1994","-51.875","-4.83955001831055","219","37.101","22.44","0.5578993584","1.38084397975111","0.5292723796899","19.44916812",
"9/7/1994","-51.875","-4.83955001831055","219","34.615","21.158","0.88062264","1.44345702847107","0.580520241497689","18.930992832",
"9/8/1994","-51.875","-4.83955001831055","219","37.713","19.243","0","1.55210603826723","0.450929279763324","24.95913174",
"9/9/1994","-51.875","-4.83955001831055","219","36.533","19.895","1.13296536","1.34746852533741","0.510794466114229","20.4260058",
"9/10/1994","-51.875","-4.83955001831055","219","36.15","21.91","0.02059938","1.79600606603353","0.452335064355918","19.55582136",
"9/11/1994","-51.875","-4.83955001831055","219","37.508","23.529","0.0137329056","1.80544146510255","0.447694467910884","18.702332928",
"9/12/1994","-51.875","-4.83955001831055","219","35.843","20.938","0","1.54579460210297","0.526530861597826","20.85390486",
"9/13/1994","-51.875","-4.83955001831055","219","35.555","22.657","0","1.54526328607673","0.456778844564229","18.741206232",
"9/14/1994","-51.875","-4.83955001831055","219","37.267","22.608","0.0549316584","1.53344390301434","0.542852001657165","18.807861888",
"9/15/1994","-51.875","-4.83955001831055","219","37.426","22.327","0","1.76307137610966","0.495482165423836","19.8833085",
"9/16/1994","-51.875","-4.83955001831055","219","36.263","24.564","0","1.83584800432075","0.429851409343095","24.595085808",
"9/17/1994","-51.875","-4.83955001831055","219","34.95","23.182","0","1.97290531026722","0.473630787873155","21.46342545",
"9/18/1994","-51.875","-4.83955001831055","219","37.005","23.003","0","1.56721550586238","0.453150512550506","18.271063368",
"9/19/1994","-51.875","-4.83955001831055","219","35.491","19.475","0","1.25597431710583","0.528907027742459","11.433546",
"9/20/1994","-51.875","-4.83955001831055","219","36.148","21.226","0","1.67082482445157","0.469709789043746","21.93142338",
"9/21/1994","-51.875","-4.83955001831055","219","36.83","20.394","0","1.6721502386914","0.403780702464643","18.85668354",
"9/22/1994","-51.875","-4.83955001831055","219","36.663","23.247","0","1.77209728755273","0.337508877687218","26.231229",
"9/23/1994","-51.875","-4.83955001831055","219","38.516","21.353","0","1.70071935005707","0.36638245179021","25.18233354",
"9/24/1994","-51.875","-4.83955001831055","219","38.072","23.871","0","1.74350806041088","0.386257224221755","21.664972368",
"9/25/1994","-51.875","-4.83955001831055","219","38.859","21.743","0","1.36880173524932","0.40957019930018","25.179246",
"9/26/1994","-51.875","-4.83955001831055","219","37.206","24.89","0.0205993584","1.47331244186098","0.435639033954506","19.57016484",
"9/27/1994","-51.875","-4.83955001831055","219","38.736","23.481","0.037765512","1.76414639715913","0.443188700708029","21.25649016",
"9/28/1994","-51.875","-4.83955001831055","219","37.148","20.904","0.34503912","1.00928640583944","0.557878602513708","11.47482765",
"9/29/1994","-51.875","-4.83955001831055","219","33.303","22.455","0.3089908656","1.68625319180901","0.669603107705139","17.02468314",
"9/30/1994","-51.875","-4.83955001831055","219","31.531","21.114","15.0855989544","1.08236128557764","0.875330237472963","13.79233089",
"10/1/1994","-51.875","-4.83955001831055","219","30.72","21.866","8.2672146","1.25019774343817","0.778502785266454","16.98192504",
"10/2/1994","-51.875","-4.83955001831055","219","33.898","19.328","0","1.20917025351509","0.655501605017029","21.41431938",
"10/3/1994","-51.875","-4.83955001831055","219","36.621","20.584","0","1.44501835612948","0.526366023305757","22.50039402",
"10/4/1994","-51.875","-4.83955001831055","219","37.642","21.902","0","1.68966583153985","0.523529215419638","21.80896884",
"10/5/1994","-51.875","-4.83955001831055","219","38.265","22.059","1.491740172","1.77491363693772","0.601445788593374","19.85281776",
"10/6/1994","-51.875","-4.83955001831055","219","35.017","22.078","3.83663016","1.31336157815491","0.771813278550177","24.009636528",
"10/7/1994","-51.875","-4.83955001831055","219","28.243","21.707","12.9158014464","0.754057150217054","0.891459735219586","17.11648206",
"10/8/1994","-51.875","-4.83955001831055","219","32.445","19.737","4.076957952","1.50754393763002","0.817287408904932","26.235906048",
"10/9/1994","-51.875","-4.83955001831055","219","29.103","20.783","9.2885994","1.00765460839519","0.874081874028467","26.19371214",
"10/10/1994","-51.875","-4.83955001831055","219","34.246","21.694","0.0308990448","1.54853543573978","0.710505115319001","12.11478804",
"10/11/1994","-51.875","-4.83955001831055","219","35.54","19.645","0","1.59281609070846","0.571659444295138","20.962179648",
"10/12/1994","-51.875","-4.83955001831055","219","35.622","21.121","0","1.88510328072738","0.488980011320966","23.88976848",
"10/13/1994","-51.875","-4.83955001831055","219","35.401","21.784","0","1.73836532195991","0.467952285623185","22.34070288",
"10/14/1994","-51.875","-4.83955001831055","219","37.444","20.508","0.0034332264","1.42124750737997","0.443538154794216","24.56910792",
"10/15/1994","-51.875","-4.83955001831055","219","37.443","22.841","0","1.31502122240507","0.511763693071001","21.44452248",
"10/16/1994","-51.875","-4.83955001831055","219","30.694","22.455","7.79085072","1.55636329722832","0.799425579870617","19.69447824",
"10/17/1994","-51.875","-4.83955001831055","219","34.965","21.079","0.1630783944","1.16649042230332","0.744665109487112","14.02975872",
"10/18/1994","-51.875","-4.83955001831055","219","35.214","22.961","0","1.68351020901173","0.562600304516349","21.05561736",
"10/19/1994","-51.875","-4.83955001831055","219","32.148","21.846","0.0995636016","2.07822239936251","0.626240820916447","17.6988294",
"10/20/1994","-51.875","-4.83955001831055","219","33.674","20.627","0","1.56673196829979","0.651005168517614","18.9276156",
"10/21/1994","-51.875","-4.83955001831055","219","33.606","21.631","2.14061904","1.40731801764265","0.660031875775365","13.06895094",
"10/22/1994","-51.875","-4.83955001831055","219","34.814","21.017","1.63421604","1.42144512279018","0.642527640925603","21.18403224",
"10/23/1994","-51.875","-4.83955001831055","219","36.304","20.192","0.0102996864","1.5154663560262","0.488424409609053","24.21444204",
"10/24/1994","-51.875","-4.83955001831055","219","34.096","22.283","0.0171661392","1.60467221923491","0.545181992113342","24.25511268",
"10/25/1994","-51.875","-4.83955001831055","219","36.282","22.853","0.757026828","1.23009278405566","0.60646190320988","13.14208656",
"10/26/1994","-51.875","-4.83955001831055","219","31.976","22.123","59.06013228","1.11337520368384","0.817682913493101","14.612459508",
"10/27/1994","-51.875","-4.83955001831055","219","33.571","19.936","0.0137329056","1.43646827315194","0.640248967845419","18.05225742",
"10/28/1994","-51.875","-4.83955001831055","219","33.633","20.419","0","1.76638454639239","0.561159963152788","25.0259058",
"10/29/1994","-51.875","-4.83955001831055","219","36.057","22.275","0","1.80204271745009","0.5351816149696","23.37182028",
"10/30/1994","-51.875","-4.83955001831055","219","35.806","21.667","0","1.47091904558424","0.531203223527472","19.96205724",
"10/31/1994","-51.875","-4.83955001831055","219","35.206","23.457","0.317573496","2.01976624540912","0.538814993579775","20.3515884",
"11/1/1994","-51.875","-4.83955001831055","219","36.472","19.503","0.31585716","1.68179732359656","0.555874387925506","23.05884312",
"11/2/1994","-51.875","-4.83955001831055","219","37.021","23.227","0.91838844","1.90948470491639","0.491782640671312","24.8527107",
"11/3/1994","-51.875","-4.83955001831055","219","38.565","20.02","0","1.30141581559062","0.502620033900692","22.7573964",
"11/4/1994","-51.875","-4.83955001831055","219","36.846","22.192","0.7381453464","1.36371964901181","0.53261084486685","18.48048786",
"11/5/1994","-51.875","-4.83955001831055","219","36.448","21.873","1.10721654","1.96700973505505","0.539524713425476","21.88906398",
"11/6/1994","-51.875","-4.83955001831055","219","33.882","22.223","0.149345388","1.36762185262224","0.531215550619302","16.784442",
"11/7/1994","-51.875","-4.83955001831055","219","35.741","23.336","0.072097812","1.9125004342371","0.474436197184048","25.444008",
"11/8/1994","-51.875","-4.83955001831055","219","38.017","20.52","0","1.48690793652769","0.428790926287463","26.51523624",
"11/9/1994","-51.875","-4.83955001831055","219","38.221","19.996","0.0497818584","1.35210023716555","0.433215987333435","21.26126088",
"11/10/1994","-51.875","-4.83955001831055","219","36.968","23.287","0.1218795984","1.67563504097046","0.47561811353266","19.97426448",
"11/11/1994","-51.875","-4.83955001831055","219","36.369","25.616","0.1390458528","1.81784155768238","0.451502603819403","19.42340166",
"11/12/1994","-51.875","-4.83955001831055","219","36.196","24.307","0","1.62371880249161","0.474897395603635","20.63666196",
"11/13/1994","-51.875","-4.83955001831055","219","37.244","24.871","0","1.34188059875108","0.490692946770451","17.84587122",
"11/14/1994","-51.875","-4.83955001831055","219","35.061","20.19","0","1.31311727963553","0.569399634045016","17.83856088",
"11/15/1994","-51.875","-4.83955001831055","219","37.486","23.528","0.1459122264","1.372872379868","0.511233838422708","21.38782644",
"11/16/1994","-51.875","-4.83955001831055","219","37.92","23.321","0.173377908","1.35979053980964","0.519473993185013","18.52778952",
"11/17/1994","-51.875","-4.83955001831055","219","31.322","22.61","4.152488652","1.16449804234368","0.731526103484585","14.81039478",
"11/18/1994","-51.875","-4.83955001831055","219","35.288","22.993","0.0738144","2.26487631639081","0.543242176108096","23.2437969",
"11/19/1994","-51.875","-4.83955001831055","219","36.052","23.132","0","1.30941028294704","0.514672539993861","17.56169586",
"11/20/1994","-51.875","-4.83955001831055","219","33.851","23.474","2.34317628","1.27037682432032","0.623913255617891","17.18595288",
"11/21/1994","-51.875","-4.83955001831055","219","31.399","21.703","6.543731196","1.02143230266328","0.827490449382091","16.19347698",
"11/22/1994","-51.875","-4.83955001831055","219","24.551","22.096","3.79629216","1.00766160589943","0.944219326768155","3.00031848",
"11/23/1994","-51.875","-4.83955001831055","219","31.855","20.518","2.1354663744","1.41861834212005","0.786923852001684","21.74118876",
"11/24/1994","-51.875","-4.83955001831055","219","33.735","22.056","2.7723305664","1.50860000621961","0.757063579262565","20.9713473",
"11/25/1994","-51.875","-4.83955001831055","219","32.619","22.219","0.17509464","1.45335961782515","0.760292024818071","14.83227864",
"11/26/1994","-51.875","-4.83955001831055","219","32.502","21.343","7.37285508","1.22538885379674","0.791607482141118","15.08169474",
"11/27/1994","-51.875","-4.83955001831055","219","32.477","22.273","3.41606358","1.02368779588365","0.805489794758181","14.34419658",
"11/28/1994","-51.875","-4.83955001831055","219","23.165","20.686","8.69464962","0.916873000608401","0.958536345896013","2.47612392",
"11/29/1994","-51.875","-4.83955001831055","219","25.87","19.787","8.7100988832","0.76257876086405","0.943964417054099","5.09917806",
"11/30/1994","-51.875","-4.83955001831055","219","25.424","19.12","39.4434594","0.767580565036915","0.963314554874518","7.0383942",
"12/1/1994","-51.875","-4.83955001831055","219","29.606","20.017","1.1930470848","1.0990749498504","0.845943139255945","12.6887616",
"12/2/1994","-51.875","-4.83955001831055","219","34.088","19.493","0.2059938","1.61002100482057","0.682145652434166","23.206842",
"12/3/1994","-51.875","-4.83955001831055","219","34.134","20.639","0.26092512","1.46205153912582","0.656427747430914","20.0143665",
"12/4/1994","-51.875","-4.83955001831055","219","35.088","20.247","0","1.33425686697808","0.600939548291984","21.26863242",
"12/5/1994","-51.875","-4.83955001831055","219","32.058","21.932","1.96380648","1.00602015007024","0.686164358048206","11.509541532",
"12/6/1994","-51.875","-4.83955001831055","219","34.289","23.032","2.0702385864","0.933391940465752","0.695775320295606","13.46202972",
"12/7/1994","-51.875","-4.83955001831055","219","28.198","20.995","0.904655052","1.32900070068505","0.838843063060524","7.72430652",
"12/8/1994","-51.875","-4.83955001831055","219","36.005","20.737","0.1167297552","1.35772826867392","0.656476634988113","19.4545692",
"12/9/1994","-51.875","-4.83955001831055","219","36.338","21.492","0.0274658184","1.41943133429042","0.601352745314175","19.66809708",
"12/10/1994","-51.875","-4.83955001831055","219","35.586","23.103","0.1098633384","1.59138415263735","0.56789832232727","17.1920196",
"12/11/1994","-51.875","-4.83955001831055","219","33.117","24.329","0.1064300904","1.78210787568745","0.594898788339366","16.8544134",
"12/12/1994","-51.875","-4.83955001831055","219","31.094","20.977","0.1407624264","1.57276340833558","0.662016828021635","19.14800202",
"12/13/1994","-51.875","-4.83955001831055","219","35.93","20.48","1.680565752","1.1299730809998","0.648554902045154","17.14725324",
"12/14/1994","-51.875","-4.83955001831055","219","23.959","20.056","41.8785012","0.837808609019699","0.968044371581718","4.77641196",
"12/15/1994","-51.875","-4.83955001831055","219","28.449","19.321","26.43065856","1.03303801609541","0.869995272938255","12.3131241",
"12/16/1994","-51.875","-4.83955001831055","219","33.431","19.428","1.5243529104","1.20735541808123","0.749000767647621","19.89489204",
"12/17/1994","-51.875","-4.83955001831055","219","33.003","21.43","2.6246992896","1.30073751776376","0.775351937805207","14.9424255",
"12/18/1994","-51.875","-4.83955001831055","219","34.269","20.652","0.362205504","1.40256065250456","0.672649218605844","13.70524968",
"12/19/1994","-51.875","-4.83955001831055","219","33.397","24.569","0.50468472","1.68755705532888","0.584627550800097","27.3936357",
"12/20/1994","-51.875","-4.83955001831055","219","33.416","20.193","0","1.15720527864035","0.587632146177076","22.2103143",
"12/21/1994","-51.875","-4.83955001831055","219","30.931","22.211","3.646089","1.52655239522728","0.738926777974016","24.72366978",
"12/22/1994","-51.875","-4.83955001831055","219","28.751","22.029","6.478501284","1.24093287870207","0.87342802488318","19.6203897",
"12/23/1994","-51.875","-4.83955001831055","219","30.687","22.132","8.754731712","1.17110866741064","0.879407346329369","11.85086106",
"12/24/1994","-51.875","-4.83955001831055","219","30.852","21.678","7.328230704","1.48311876595898","0.861508591732765","25.44468678",
"12/25/1994","-51.875","-4.83955001831055","219","29.768","22.021","17.0494073064","1.2696929097558","0.907266393446954","17.14314618",
"12/26/1994","-51.875","-4.83955001831055","219","25.568","21.801","26.164639944","0.97362308364908","0.948744037547617","6.36086034",
"12/27/1994","-51.875","-4.83955001831055","219","29.719","21.236","6.737707692","1.08964667307297","0.902719617250503","12.272733",
"12/28/1994","-51.875","-4.83955001831055","219","31.671","21.105","3.35769624","0.968476487897784","0.852865296587151","17.5311018",
"12/29/1994","-51.875","-4.83955001831055","219","28.808","21.67","4.969592424","1.26121788377785","0.903159533016674","18.3574179",
"12/30/1994","-51.875","-4.83955001831055","219","28.822","22.487","15.21091656","1.27048601426935","0.915976857414614","23.11357608",
"12/31/1994","-51.875","-4.83955001831055","219","31.007","21.285","2.4530421384","1.54679656738762","0.820392302202766","20.25128718",
"1/1/1995","-51.875","-4.83955001831055","219","30.391","20.606","1.8917071776","1.51763433964881","0.845119997005536","23.11864074",
"1/2/1995","-51.875","-4.83955001831055","219","24.525","19.08","5.1987682944","0.915354263592994","0.962520505266882","3.49509852",
"1/3/1995","-51.875","-4.83955001831055","219","23.979","20.824","16.6485787056","0.861911105960674","0.978976081893903","2.37779856",
"1/4/1995","-51.875","-4.83955001831055","219","23.216","21.252","117.11427552","0.57315709849327","0.983503617194992","1.77963714",
"1/5/1995","-51.875","-4.83955001831055","219","29.074","21.296","8.370208368","1.47116117187416","0.895740959060841","12.68302572",
"1/6/1995","-51.875","-4.83955001831055","219","27.172","21.344","10.890201924","0.867606314365366","0.937677917436431","12.55944762",
"1/7/1995","-51.875","-4.83955001831055","219","22.52","19.694","11.309051736","0.965937980319851","0.976901682072397","3.61552482",
"1/8/1995","-51.875","-4.83955001831055","219","29.2","18.881","0.567341208","1.26913332055595","0.854543386119902","13.36145724",
"1/9/1995","-51.875","-4.83955001831055","219","26.96","20.049","5.5824320664","1.04027056094059","0.928896431450276","10.134674028",
"1/10/1995","-51.875","-4.83955001831055","219","28.298","19.805","3.8829794544","0.700094759588837","0.916516927961596","12.74618826",
"1/11/1995","-51.875","-4.83955001831055","219","24.413","20.775","10.747715832","0.999551029575052","0.960490297281659","11.7189513",
"1/12/1995","-51.875","-4.83955001831055","219","26.749","20.591","13.696866","0.582381358585894","0.957257260156609","18.12526704",
"1/13/1995","-51.875","-4.83955001831055","219","24.227","21.764","224.5485942","0.949628349478144","0.978074508386339","6.68238516",
"1/14/1995","-51.875","-4.83955001831055","219","23.938","20.687","13.489153596","0.784090243400096","0.979111264539871","4.30745238",
"1/15/1995","-51.875","-4.83955001831055","219","30.854","20.654","4.724120304","0.783932594649074","0.871703820438383","18.08026884",
"1/16/1995","-51.875","-4.83955001831055","219","34.452","20.511","3.204061416","0.954941700239425","0.812114458077786","15.30399078",
"1/17/1995","-51.875","-4.83955001831055","219","34.187","21.306","1.199912796","1.22393536859761","0.758290591066709","12.77730198",
"1/18/1995","-51.875","-4.83955001831055","219","33.28","20.414","0.23689296","1.85179420403949","0.663326209361343","27.4237911",
"1/19/1995","-51.875","-4.83955001831055","219","34.054","20.385","0.910663812","1.58503753318606","0.739914669053643","21.10050108",
"1/20/1995","-51.875","-4.83955001831055","219","33.707","22.029","0.0858306744","1.60566819953628","0.705653444278322","24.56224002",
"1/21/1995","-51.875","-4.83955001831055","219","34.977","20.3","9.230229","1.33361282568089","0.777024602775295","23.98860054",
"1/22/1995","-51.875","-4.83955001831055","219","28.762","20.255","16.6623158664","1.02532807466734","0.932639368453259","20.05638876",
"1/23/1995","-51.875","-4.83955001831055","219","31.562","21.796","5.32751274","1.17998159708783","0.875436973587595","19.94225724",
"1/24/1995","-51.875","-4.83955001831055","219","27.218","20.217","7.692146496","1.17525426232223","0.944779701867604","20.3795991",
"1/25/1995","-51.875","-4.83955001831055","219","29.016","20.416","3.492451296","1.10851425994907","0.882643541434643","17.661997548",
"1/26/1995","-51.875","-4.83955001831055","219","33.509","20.681","0.859165524","1.69794311648751","0.770743285866487","28.042256088",
"1/27/1995","-51.875","-4.83955001831055","219","29.343","21.02","5.4571137192","1.2808496801483","0.90523562523261","22.538017512",
"1/28/1995","-51.875","-4.83955001831055","219","27.449","21.46","11.5425094968","1.19539397154277","0.9345102680242","22.0997799",
"1/29/1995","-51.875","-4.83955001831055","219","25.614","22.007","6.804663624","1.47430204326667","0.960760524291641","12.73809636",
"1/30/1995","-51.875","-4.83955001831055","219","29.632","21.851","3.164578956","1.56889094751017","0.871466384952289","21.126149532",
"1/31/1995","-51.875","-4.83955001831055","219","28.484","21.432","1.9698152904","1.51903410578299","0.847154336782295","17.95994514",
"2/1/1995","-51.875","-4.83955001831055","219","26.551","21.813","9.4379476896","1.24733986430407","0.947217107426252","18.31707837",
"2/2/1995","-51.875","-4.83955001831055","219","24.55","21.82","4.161072672","1.26895660895675","0.967794806393769","8.767008018",
"2/3/1995","-51.875","-4.83955001831055","219","26.857","21.601","10.81123164","1.59773999451127","0.931895769151546","10.81406016",
"2/4/1995","-51.875","-4.83955001831055","219","30.411","20.878","10.255047732","1.52629868290069","0.824339477162452","20.166636492",
"2/5/1995","-51.875","-4.83955001831055","219","26.436","20.611","0.5733491256","1.30405148165611","0.876034675750747","8.922711132",
"2/6/1995","-51.875","-4.83955001831055","219","29.614","20.837","0.6729126264","1.65196487880756","0.815501459551682","16.30192554",
"2/7/1995","-51.875","-4.83955001831055","219","31.582","21.404","4.130171892","1.80860973117755","0.820498845792889","27.68197896",
"2/8/1995","-51.875","-4.83955001831055","219","30.634","21.534","6.3892371384","1.89068522839576","0.861145491723365","28.06554222",
"2/9/1995","-51.875","-4.83955001831055","219","30.934","20.988","2.4135591168","2.11162910028025","0.83570964150568","22.84926192",
"2/10/1995","-51.875","-4.83955001831055","219","27.507","20.511","0.405121032","1.52431581278422","0.828651348215791","16.56759339",
"2/11/1995","-51.875","-4.83955001831055","219","28.701","20.161","8.020021212","1.26095488141575","0.9041190664205","22.429068048",
"2/12/1995","-51.875","-4.83955001831055","219","24.902","20.472","28.899187956","0.771574282973149","0.969315930225493","6.012960768",
"2/13/1995","-51.875","-4.83955001831055","219","26.825","20.197","20.310974784","0.812903403536412","0.96312939285756","8.65602909",
"2/14/1995","-51.875","-4.83955001831055","219","24.873","21.633","36.596498832","0.875991772646265","0.975988459114174","11.46397707",
"2/15/1995","-51.875","-4.83955001831055","219","27.932","21.535","5.34038508","1.22928886724984","0.895677137779498","17.29996614",
"2/16/1995","-51.875","-4.83955001831055","219","28.647","21.486","6.52999752","1.14723414571082","0.899070942866516","18.983422008",
"2/17/1995","-51.875","-4.83955001831055","219","30.771","21.28","5.0880429","1.1089429155355","0.879311537287088","20.432419992",
"2/18/1995","-51.875","-4.83955001831055","219","29.568","21.241","13.52004804","1.07027834418191","0.908276057395648","21.89575827",
"2/19/1995","-51.875","-4.83955001831055","219","26.612","21.895","21.3031764","0.920739033303839","0.953833698207787","18.39712176",
"2/20/1995","-51.875","-4.83955001831055","219","25.766","22.059","18.7677432","1.15338895787402","0.962527232942223","17.99342532",
"2/21/1995","-51.875","-4.83955001831055","219","22.971","18.984","46.353721716","0.684697521070737","0.98202922139454","3.345020298",
"2/22/1995","-51.875","-4.83955001831055","219","28.559","18.785","3.06243918","0.776152819043428","0.907618218340598","15.61871556",
"2/23/1995","-51.875","-4.83955001831055","219","26.076","18.534","5.716320084","0.941402392449055","0.942843340866898","8.907247818",
"2/24/1995","-51.875","-4.83955001831055","219","29.46","21.109","0.6694797816","0.959529471053138","0.857525987475626","18.613349352",
"2/25/1995","-51.875","-4.83955001831055","219","26.981","20.422","14.73713388","0.997436254695637","0.946293625734195","18.61751484",
"2/26/1995","-51.875","-4.83955001831055","219","27.466","21.491","8.96415156","0.934801063756276","0.94148189982062","16.98199326",
"2/27/1995","-51.875","-4.83955001831055","219","30.729","21.191","8.5607552304","0.995240650310564","0.900238223436473","19.17551529",
"2/28/1995","-51.875","-4.83955001831055","219","30.627","20.303","13.49945352","1.15261436181376","0.908646065896319","24.64762995",
"3/1/1995","-51.875","-4.83955001831055","219","27.366","21.972","21.90570444","1.08872974139438","0.953701629570344","24.1255719",
"3/2/1995","-51.875","-4.83955001831055","219","31.386","22.118","8.91180108","1.52229671116856","0.83683452167004","26.18679978",
"3/3/1995","-51.875","-4.83955001831055","219","29.992","21.564","10.196688528","1.21588857928467","0.915904884541924","25.96719582",
"3/4/1995","-51.875","-4.83955001831055","219","25.834","22.624","16.90178976","1.01193909286171","0.971105647518091","16.57287981",
"3/5/1995","-51.875","-4.83955001831055","219","30.756","22.08","6.754872276","1.09841927519311","0.881726229437227","21.78050886",
"3/6/1995","-51.875","-4.83955001831055","219","29.492","20.962","3.91044636","1.17960360729563","0.866700058688752","24.987606858",
"3/7/1995","-51.875","-4.83955001831055","219","33.078","21.137","4.681206432","1.04233181090768","0.851017025643047","20.806420122",
"3/8/1995","-51.875","-4.83955001831055","219","33.386","21.668","9.712599948","1.11257320028479","0.822287263819382","26.47710711",
"3/9/1995","-51.875","-4.83955001831055","219","31.243","21.398","17.91200916","0.951207902835315","0.860470031720583","25.93232244",
"3/10/1995","-51.875","-4.83955001831055","219","30.396","22.227","6.854442948","1.21093349185847","0.871638971584563","27.9060795",
"3/11/1995","-51.875","-4.83955001831055","219","26.374","22.313","11.1236548824","0.851531229419977","0.962237723200853","17.079473682",
"3/12/1995","-51.875","-4.83955001831055","219","31.47","22.346","5.321499948","0.839137059740624","0.908867707618146","17.508825072",
"3/13/1995","-51.875","-4.83955001831055","219","30.391","21.006","5.3541148968","1.00275585041087","0.929706156366174","19.722594402",
"3/14/1995","-51.875","-4.83955001831055","219","28.452","22.423","11.20777416","0.919220423285948","0.939832673701125","22.76173314",
"3/15/1995","-51.875","-4.83955001831055","219","24.379","21.014","21.59929692","1.01026823670712","0.977823331965992","6.315753582",
"3/16/1995","-51.875","-4.83955001831055","219","28.131","20.672","6.7548752712","1.0290244035729","0.905173867082146","17.122384368",
"3/17/1995","-51.875","-4.83955001831055","219","29.031","20.789","25.7028457392","1.04583475137866","0.910196567642396","12.077833518",
"3/18/1995","-51.875","-4.83955001831055","219","23.657","20.9","48.54411036","1.33916342428507","0.979972883069003","3.314138778",
"3/19/1995","-51.875","-4.83955001831055","219","31.49","19.962","6.6347097624","0.993104520131268","0.898246306967308","19.132422228",
"3/20/1995","-51.875","-4.83955001831055","219","27.942","21.33","7.999428096","0.984089668505899","0.946363508377165","18.004166892",
"3/21/1995","-51.875","-4.83955001831055","219","29.091","21.748","3.3714288504","0.741908135000574","0.911761827254821","18.671907132",
"3/22/1995","-51.875","-4.83955001831055","219","27.953","21.336","11.984543424","1.11441575056133","0.955314097556379","18.98015463",
"3/23/1995","-51.875","-4.83955001831055","219","26.184","22.498","21.2430906","1.05305333284746","0.973273079269688","17.582625",
"3/24/1995","-51.875","-4.83955001831055","219","28.222","21.744","7.95993192","0.859964180106909","0.928101381956654","20.02741434",
"3/25/1995","-51.875","-4.83955001831055","219","27.951","21.825","21.9709404","1.13378967638928","0.902210643995064","15.06566412",
"3/26/1995","-51.875","-4.83955001831055","219","31.459","19.357","6.41841588","1.23720854358504","0.826635952850181","26.397167832",
"3/27/1995","-51.875","-4.83955001831055","219","25.069","22.11","12.816234","1.27367937113057","0.967931827386042","11.27745216",
"3/28/1995","-51.875","-4.83955001831055","219","26.297","22.221","29.37726288","1.08183143615773","0.962727856308095","17.543360736",
"3/29/1995","-51.875","-4.83955001831055","219","28.61","22.164","10.670472","0.91717646704097","0.940127800102884","21.80215998",
"3/30/1995","-51.875","-4.83955001831055","219","27.803","22.827","22.86186264","1.11890469269485","0.960281068107525","22.57880328",
"3/31/1995","-51.875","-4.83955001831055","219","31.434","22.293","15.509611368","1.03685857080589","0.890951940156138","20.07652086",
"4/1/1995","-51.875","-4.83955001831055","219","25.107","22.573","58.38889428","0.738546271467787","0.978551147798505","6.98343678",
"4/2/1995","-51.875","-4.83955001831055","219","27.881","22.164","10.835269128","0.760021049435838","0.951694842925994","11.60331084",
"4/3/1995","-51.875","-4.83955001831055","219","25.214","21.819","17.78412312","0.76936611571907","0.972388378845453","7.01201691",
"4/4/1995","-51.875","-4.83955001831055","219","27.722","20.634","10.73226996","0.9461721005999","0.949283642984834","17.66216052",
"4/5/1995","-51.875","-4.83955001831055","219","27.828","19.784","1.11236562","0.925136155270284","0.896188405419463","14.5004526",
"4/6/1995","-51.875","-4.83955001831055","219","28.273","19.319","8.6895057024","0.770079582356248","0.934524865598647","18.73479483",
"4/7/1995","-51.875","-4.83955001831055","219","27.211","22.656","3.9585121488","1.15587434981117","0.936493136998363","16.27318539",
"4/8/1995","-51.875","-4.83955001831055","219","28.22","21.866","6.8183910144","0.836851982179958","0.94398065123106","13.361059728",
"4/9/1995","-51.875","-4.83955001831055","219","26.358","22.981","16.60823604","0.813379643877121","0.967141914151792","12.14572554",
"4/10/1995","-51.875","-4.83955001831055","219","25.161","22.62","24.9303816","0.874180520637357","0.978423874613808","4.96631052",
"4/11/1995","-51.875","-4.83955001831055","219","24.364","22.471","109.08055656","0.628286785189015","0.981026302820316","2.882306628",
"4/12/1995","-51.875","-4.83955001831055","219","26.44","21.342","8.4217086","1.02599514863321","0.945737611727675","10.21190202",
"4/13/1995","-51.875","-4.83955001831055","219","26.813","20.916","8.215719408","0.672005814186208","0.967800655166531","12.99251988",
"4/14/1995","-51.875","-4.83955001831055","219","31.086","22.58","15.96965148","1.26933547552361","0.9081020746792","24.61714092",
"4/15/1995","-51.875","-4.83955001831055","219","28.433","22.582","8.569335096","1.08305691625442","0.932994028914771","17.891552952",
"4/16/1995","-51.875","-4.83955001831055","219","27.574","22.813","13.176729144","0.92113964924188","0.95639289835938","18.5811678",
"4/17/1995","-51.875","-4.83955001831055","219","24.001","21.46","16.136174196","0.731574640081827","0.977858098930837","5.30307846",
"4/18/1995","-51.875","-4.83955001831055","219","29.568","21.256","3.591156564","0.702156069445912","0.9201641065157","14.05079226",
"4/19/1995","-51.875","-4.83955001831055","219","26.368","21.728","11.621472336","0.548395941477735","0.968332533731225","17.93677914",
"4/20/1995","-51.875","-4.83955001831055","219","27.488","21.454","14.630696856","0.715278992335057","0.965927997845948","12.696237252",
"4/21/1995","-51.875","-4.83955001831055","219","26.408","21.167","9.592436988","1.01263062424618","0.965375750074743","23.09388444",
"4/22/1995","-51.875","-4.83955001831055","219","27.075","22.067","8.2054152","0.890956165635777","0.952328310124998","21.48828066",
"4/23/1995","-51.875","-4.83955001831055","219","26.028","20.353","7.9238907144","0.725881240303142","0.965434985181805","16.45075854",
"4/24/1995","-51.875","-4.83955001831055","219","26.155","21.16","12.304691172","0.72373488891738","0.972675956298738","11.35045854",
"4/25/1995","-51.875","-4.83955001831055","219","30.75","20.2","4.076958636","0.939627837658368","0.898473481588463","19.15363296",
"4/26/1995","-51.875","-4.83955001831055","219","30.904","21.702","7.11364716","1.02140220273317","0.884240316730932","23.81045814",
"4/27/1995","-51.875","-4.83955001831055","219","31.15","20.578","13.65394644","0.513140350241818","0.91686087004337","22.5914643",
"4/28/1995","-51.875","-4.83955001831055","219","31.157","22.451","4.0237439904","1.23378437481107","0.859838201633807","20.13452226",
"4/29/1995","-51.875","-4.83955001831055","219","30.624","22.662","18.43300224","1.03045151649419","0.939072603294815","24.11876898",
"4/30/1995","-51.875","-4.83955001831055","219","25.876","22.962","15.1474032","1.11937426991382","0.967464000623128","14.97205944",
"5/1/1995","-51.875","-4.83955001831055","219","29.456","21.085","9.2937460104","0.683245687525731","0.938509652456442","21.40070454",
"5/2/1995","-51.875","-4.83955001831055","219","28.506","22.439","7.649231076","0.832101642185806","0.950732737795708","15.98258916",
"5/3/1995","-51.875","-4.83955001831055","219","25.972","21.993","9.96321564","0.990529083176102","0.971272965873292","10.03089096",
"5/4/1995","-51.875","-4.83955001831055","219","28.193","21.002","10.3374442584","0.843202737829306","0.934316748662436","14.35517244",
"5/5/1995","-51.875","-4.83955001831055","219","26.091","22.521","25.36812036","0.867004259261093","0.964578466836565","10.4774058",
"5/6/1995","-51.875","-4.83955001831055","219","25.926","21.965","38.404119024","1.04158847464904","0.97253713304517","8.32342374",
"5/7/1995","-51.875","-4.83955001831055","219","23.598","19.687","47.660059404","0.682355208200925","0.982991118863402","3.08086902",
"5/8/1995","-51.875","-4.83955001831055","219","30.147","20.858","10.560608172","0.873686633189477","0.895967449649997","22.31994006",
"5/9/1995","-51.875","-4.83955001831055","219","25.924","19.389","7.17545034","0.973635089042664","0.967014844052917","11.99958552",
"5/10/1995","-51.875","-4.83955001831055","219","28.068","18.496","2.6126859744","0.758801362910712","0.937595676723023","14.1850143",
"5/11/1995","-51.875","-4.83955001831055","219","30.014","18.555","2.21443164","0.835571649829324","0.899372250754627","15.0002406",
"5/12/1995","-51.875","-4.83955001831055","219","32.484","19.452","0.7141110984","0.773056685261916","0.824057240027345","18.29103282",
"5/13/1995","-51.875","-4.83955001831055","219","30.073","19.851","3.2512716","1.0188841677711","0.830621154016806","17.5588299",
"5/14/1995","-51.875","-4.83955001831055","219","27.709","20.886","5.05370916","0.903220646792053","0.946000460231533","9.85280706",
"5/15/1995","-51.875","-4.83955001831055","219","31.476","19.287","3.982542876","1.19383527298456","0.860567749113662","17.94307914",
"5/16/1995","-51.875","-4.83955001831055","219","32.337","21.432","1.2840276168","1.39123227216458","0.783502473744455","21.07221246",
"5/17/1995","-51.875","-4.83955001831055","219","29.52","20.807","10.007856936","1.27709530230866","0.916922841464848","14.88245706",
"5/18/1995","-51.875","-4.83955001831055","219","27.14","22.624","7.585712352","1.01531464219726","0.958482493512342","13.9779522",
"5/19/1995","-51.875","-4.83955001831055","219","27.576","22.771","8.679206592","0.627791840874294","0.958364559504227","13.98042954",
"5/20/1995","-51.875","-4.83955001831055","219","23.367","22.283","130.220604","1.07286887862623","0.982616027613681","1.115887248",
"5/21/1995","-51.875","-4.83955001831055","219","29.043","21.352","5.355835956","0.738437524175922","0.902062355473304","11.29736844",
"5/22/1995","-51.875","-4.83955001831055","219","25.894","20.389","5.6030292504","0.782064989752959","0.967384547767468","9.55867824",
"5/23/1995","-51.875","-4.83955001831055","219","27.066","20.334","10.986329412","0.65318071431204","0.912622375963056","9.77377788",
"5/24/1995","-51.875","-4.83955001831055","219","26.531","18.23","2.8427140152","0.858999141168154","0.945538004340841","14.87964042",
"5/25/1995","-51.875","-4.83955001831055","219","23.084","20.666","1.826476956","1.07798420234602","0.977059883722868","5.325467868",
"5/26/1995","-51.875","-4.83955001831055","219","28.81","19.69","3.1311034056","0.873832131346416","0.926837766439238","9.94865382",
"5/27/1995","-51.875","-4.83955001831055","219","31.722","20.632","3.227232672","0.986240938164738","0.885835493915368","20.3303799",
"5/28/1995","-51.875","-4.83955001831055","219","27.673","21.342","7.9444854","1.12385871688113","0.934435839580626","10.734975432",
"5/29/1995","-51.875","-4.83955001831055","219","28.601","20.722","2.0290374288","1.79967652443564","0.839671441637286","20.9697174",
"5/30/1995","-51.875","-4.83955001831055","219","30.196","19.586","2.657317032","1.13165954251151","0.839743620709387","17.88294636",
"5/31/1995","-51.875","-4.83955001831055","219","30.531","20.644","4.815101304","1.07957578657644","0.868962392757252","14.52138786",
"6/1/1995","-51.875","-4.83955001831055","219","29.751","19.329","8.2122768864","0.926656925761446","0.903603039600779","18.44139798",
"6/2/1995","-51.875","-4.83955001831055","219","32.836","20.077","2.018737908","1.27397104319119","0.791990233361055","20.97168354",
"6/3/1995","-51.875","-4.83955001831055","219","32.734","19.794","0","1.45975343355005","0.70013477699032","23.44568004",
"6/4/1995","-51.875","-4.83955001831055","219","32.918","20.768","0","1.5596866562433","0.64939679182266","23.37935688",
"6/5/1995","-51.875","-4.83955001831055","219","30.386","21.126","1.124382312","1.07973481288736","0.85123486915902","14.10344208",
"6/6/1995","-51.875","-4.83955001831055","219","32.36","19.606","0.151061868","1.50718840427133","0.750180398892571","17.57570652",
"6/7/1995","-51.875","-4.83955001831055","219","32.373","20.534","0","1.68622669534531","0.670023684556776","23.24874006",
"6/8/1995","-51.875","-4.83955001831055","219","32.816","20.311","0","1.66878600193614","0.653215540740449","23.2428393",
"6/9/1995","-51.875","-4.83955001831055","219","32.877","20.059","0","1.49194220943174","0.637886294486644","23.51558736",
"6/10/1995","-51.875","-4.83955001831055","219","31.454","20.722","0","1.43492615608402","0.675458027447636","16.51685148",
"6/11/1995","-51.875","-4.83955001831055","219","33.492","20.489","0.0343322856","1.41411293896146","0.652239925643625","20.21889636",
"6/12/1995","-51.875","-4.83955001831055","219","32.782","20.519","0.0137329056","1.48810623360338","0.645902742850761","17.5330683",
"6/13/1995","-51.875","-4.83955001831055","219","32.166","20.58","0","1.57934802766409","0.674087521002812","18.86202378",
"6/14/1995","-51.875","-4.83955001831055","219","31.098","19.691","0.0068664528","1.42217848318651","0.711576116458897","16.29393372",
"6/15/1995","-51.875","-4.83955001831055","219","31.751","20.068","0.0308990592","1.51178104228555","0.63594415736408","21.60055674",
"6/16/1995","-51.875","-4.83955001831055","219","31.361","20.078","0.0686645424","1.22962448498545","0.754382376296484","14.86169532",
"6/17/1995","-51.875","-4.83955001831055","219","32.912","20.88","0","1.48760174224948","0.662014551009778","16.4927871",
"6/18/1995","-51.875","-4.83955001831055","219","32.595","21.464","0","1.67259860078306","0.600759938078802","18.12150054",
"6/19/1995","-51.875","-4.83955001831055","219","32.106","21.045","0","1.46210029702535","0.638276498724462","17.5568706",
"6/20/1995","-51.875","-4.83955001831055","219","32.582","20.787","0","1.28195767898696","0.612297700543623","21.7586844",
"6/21/1995","-51.875","-4.83955001831055","219","33.435","19.771","0","1.32642681977077","0.674324874368692","18.56042046",
"6/22/1995","-51.875","-4.83955001831055","219","31.666","20.229","0","1.28711218844054","0.678670845093124","9.12274434",
"6/23/1995","-51.875","-4.83955001831055","219","32.206","18.981","0.010299672","1.3591847781553","0.673007847490853","18.4128156",
"6/24/1995","-51.875","-4.83955001831055","219","32.382","21.054","3.00235824","1.20598390632423","0.770482687348417","17.15428224",
"6/25/1995","-51.875","-4.83955001831055","219","33.624","21.252","0","1.87069784984899","0.602736574666718","20.69769618",
"6/26/1995","-51.875","-4.83955001831055","219","33.393","20.615","0.034332264","1.52355119365842","0.588710883625652","23.46502518",
"6/27/1995","-51.875","-4.83955001831055","219","33.034","20.2","1.46255544","1.3945284405899","0.73026792389315","10.87357644",
"6/28/1995","-51.875","-4.83955001831055","219","31.435","19.452","0.075530988","1.44495910317499","0.735451031227926","15.2229366",
"6/29/1995","-51.875","-4.83955001831055","219","33.477","21.427","0","1.5249946022892","0.603426414795693","20.8007496",
"6/30/1995","-51.875","-4.83955001831055","219","33.21","18.971","0","1.47368099284065","0.646823525604021","17.04262662",
"7/1/1995","-51.875","-4.83955001831055","219","31.451","20.21","0","1.7527128970493","0.64308103932089","18.00247572",
"7/2/1995","-51.875","-4.83955001831055","219","33.017","18.777","0","1.75149579554711","0.63973873048203","17.68809528",
"7/3/1995","-51.875","-4.83955001831055","219","31.828","20.168","2.1697982928","1.49792433651648","0.755468787013271","17.88131808",
"7/4/1995","-51.875","-4.83955001831055","219","29.601","19.606","3.999711996","1.1215808179425","0.866999830525991","22.76538696",
"7/5/1995","-51.875","-4.83955001831055","219","30.383","19.17","0.6317138664","1.4265209725981","0.798940411941664","16.99537536",
"7/6/1995","-51.875","-4.83955001831055","219","32.332","20.71","0.1201630464","1.08265940287651","0.741700673286788","13.44257082",
"7/7/1995","-51.875","-4.83955001831055","219","33.24","19.385","0","1.25184965232725","0.650826500382884","16.82836776",
"7/8/1995","-51.875","-4.83955001831055","219","33.766","18.88","0","1.14848614540019","0.56280308966929","23.26759164",
"7/9/1995","-51.875","-4.83955001831055","219","33.659","19.463","0","1.16664170964966","0.575559896672655","17.98154838",
"7/10/1995","-51.875","-4.83955001831055","219","33.715","21.779","0","1.67958725171749","0.47708949203411","22.67144496",
"7/11/1995","-51.875","-4.83955001831055","219","30.707","22.814","0","1.47545353286842","0.53428781608263","16.5562893",
"7/12/1995","-51.875","-4.83955001831055","219","34.324","20.899","0","1.74820168337842","0.490455449654783","23.4117594",
"7/13/1995","-51.875","-4.83955001831055","219","33.292","17.317","0","1.81187538118999","0.487971424498158","24.2646696",
"7/14/1995","-51.875","-4.83955001831055","219","32.55","18.234","0","1.76187442656628","0.476787670312903","24.584463",
"7/15/1995","-51.875","-4.83955001831055","219","33.204","17.392","0","1.62299591277522","0.467123898565181","24.04491264",
"7/16/1995","-51.875","-4.83955001831055","219","32.308","21.456","0","1.59567632572147","0.578158211227946","16.0679826",
"7/17/1995","-51.875","-4.83955001831055","219","32.334","20.981","0","1.14186307310409","0.638308526003332","16.3610973",
"7/18/1995","-51.875","-4.83955001831055","219","32.975","22.672","0","2.09530409183456","0.490286444776573","19.67703426",
"7/19/1995","-51.875","-4.83955001831055","219","32.432","19.66","0","1.79504324373073","0.560276367947505","23.97971484",
"7/20/1995","-51.875","-4.83955001831055","219","31.526","20.973","0","1.54981947838611","0.58486735843386","16.15454946",
"7/21/1995","-51.875","-4.83955001831055","219","32.595","21.346","0","1.19409999861642","0.549758176618917","18.56908026",
"7/22/1995","-51.875","-4.83955001831055","219","34.025","19.977","0","1.10009461066337","0.489690883862663","24.50841372",
"7/23/1995","-51.875","-4.83955001831055","219","33.598","19.33","0","1.02626155338519","0.546692416632231","19.97145324",
"7/24/1995","-51.875","-4.83955001831055","219","33.422","17.739","0","1.29449732425714","0.537112752646394","17.84357172",
"7/25/1995","-51.875","-4.83955001831055","219","32.493","21.121","0.535583412","1.74440648738514","0.626695787775211","14.999005692",
"7/26/1995","-51.875","-4.83955001831055","219","34.18","21.917","0","1.7053070677288","0.576453355386352","21.46477302",
"7/27/1995","-51.875","-4.83955001831055","219","33.626","18.719","0","1.65955974487268","0.530021387254227","18.33671358",
"7/28/1995","-51.875","-4.83955001831055","219","33.725","20.216","0","1.54021083166416","0.543636379340931","15.77615742",
"7/29/1995","-51.875","-4.83955001831055","219","33.144","18.964","0","0.982607011389586","0.636118578248549","14.4052848",
"7/30/1995","-51.875","-4.83955001831055","219","34.713","22.89","0","1.50395709166313","0.466224947741671","17.75272068",
"7/31/1995","-51.875","-4.83955001831055","219","33.632","21.414","0","1.44235280365561","0.491111211574782","14.6378871",
"8/1/1995","-51.875","-4.83955001831055","219","34.15","18.341","0","1.31128870154745","0.500077669710527","19.63698732",
"8/2/1995","-51.875","-4.83955001831055","219","34.4","18.394","0","1.19029356751369","0.509767668393528","19.25251614",
"8/3/1995","-51.875","-4.83955001831055","219","35.516","22.364","0","1.04425144493354","0.487922830579409","24.68975742",
"8/4/1995","-51.875","-4.83955001831055","219","27.299","22.732","0","1.11119494187758","0.633321596723239","5.11852176",
"8/5/1995","-51.875","-4.83955001831055","219","35.537","16.333","0","1.54171124659502","0.452518128204773","25.8001371",
"8/6/1995","-51.875","-4.83955001831055","219","34.461","14.455","0","1.15874508506066","0.602789640621397","17.4189339",
"8/7/1995","-51.875","-4.83955001831055","219","35.501","21.364","0","0.945855820963574","0.610108887280511","17.60585508",
"8/8/1995","-51.875","-4.83955001831055","219","34.428","22.392","0","1.48659325427495","0.48707614066635","24.0858009",
"8/9/1995","-51.875","-4.83955001831055","219","34.826","20.208","0","1.55949301027336","0.449902107190785","25.7716152",
"8/10/1995","-51.875","-4.83955001831055","219","35.251","17.963","0","1.40786716690456","0.476133581766454","25.75203714",
"8/11/1995","-51.875","-4.83955001831055","219","36.222","23.883","0","1.20415950436326","0.471121013720075","17.73585162",
"8/12/1995","-51.875","-4.83955001831055","219","36.156","20.589","0.044631972","1.53433607692408","0.478946996474925","25.4006415",
"8/13/1995","-51.875","-4.83955001831055","219","35.885","18.994","0","1.34744788626438","0.443578144437091","25.83798282",
"8/14/1995","-51.875","-4.83955001831055","219","36.689","15.752","0","1.1749436042953","0.535003012957251","23.06530638",
"8/15/1995","-51.875","-4.83955001831055","219","33.497","19.635","0","1.47628113218249","0.562825709789331","17.92491192",
"8/16/1995","-51.875","-4.83955001831055","219","35.9","16.059","0","1.43096341060212","0.590324027883711","26.1011772",
"8/17/1995","-51.875","-4.83955001831055","219","36.34","15.542","0","1.34722694021101","0.455700307950183","22.02682446",
"8/18/1995","-51.875","-4.83955001831055","219","36.069","20.071","0","1.36175116374518","0.363518463121047","23.616334872",
"8/19/1995","-51.875","-4.83955001831055","219","35.657","19.084","0","1.63533531933548","0.373932778106957","26.45162226",
"8/20/1995","-51.875","-4.83955001831055","219","35.994","19.812","0","1.26839711904249","0.446038596502756","20.61539946",
"8/21/1995","-51.875","-4.83955001831055","219","35.664","18.6","0","1.08984569279537","0.51587517202068","17.17048224",
"8/22/1995","-51.875","-4.83955001831055","219","36.947","21.737","0","1.75183575710643","0.394455757601175","23.83858098",
"8/23/1995","-51.875","-4.83955001831055","219","36.221","21.578","0","1.79944579993899","0.377556385615164","26.66576718",
"8/24/1995","-51.875","-4.83955001831055","219","37.014","19.024","0","1.45590861849585","0.391674699322387","26.832767688",
"8/25/1995","-51.875","-4.83955001831055","219","36.974","20.539","0","1.73241941443844","0.356105484000768","25.12192734",
"8/26/1995","-51.875","-4.83955001831055","219","37.251","24.24","0","1.84561787772538","0.35571074000433","19.81749222",
"8/27/1995","-51.875","-4.83955001831055","219","36.39","23.32","0","2.11601126414182","0.390087485145535","26.59657896",
"8/28/1995","-51.875","-4.83955001831055","219","36.965","22.703","0","1.88431392918676","0.374132286709252","27.10270656",
"8/29/1995","-51.875","-4.83955001831055","219","37.668","21.752","0","1.8139421643669","0.399526313480364","25.2272304",
"8/30/1995","-51.875","-4.83955001831055","219","37.817","20.823","0","1.51497187280964","0.476343560440688","18.287379",
"8/31/1995","-51.875","-4.83955001831055","219","35.626","18.385","0","1.55528867914952","0.488593147194291","23.047985052",
"9/1/1995","-51.875","-4.83955001831055","219","37.182","21.467","0","1.72908689993671","0.464377487840432","16.85115396",
"9/2/1995","-51.875","-4.83955001831055","219","34.858","20.333","0.92697156","1.101861656372","0.636888817869054","15.5458719",
"9/3/1995","-51.875","-4.83955001831055","219","37.133","18.956","0","0.738271148793994","0.592155898215868","13.2400683",
"9/4/1995","-51.875","-4.83955001831055","219","34.815","19.821","0.923538276","1.2048127910451","0.649709676872456","9.923907852",
"9/5/1995","-51.875","-4.83955001831055","219","36.32","19.554","0","1.59363371354652","0.551791409222759","18.93150306",
"9/6/1995","-51.875","-4.83955001831055","219","36.639","21.117","0","1.90034576257528","0.416585290975763","27.53229456",
"9/7/1995","-51.875","-4.83955001831055","219","36.381","22.811","0","1.79892837516034","0.425476160278192","27.28535526",
"9/8/1995","-51.875","-4.83955001831055","219","37.831","21.603","0","1.73593079102","0.414035878841748","20.624743008",
"9/9/1995","-51.875","-4.83955001831055","219","36.918","21.759","0","1.60620544014697","0.426337029337714","18.57987936",
"9/10/1995","-51.875","-4.83955001831055","219","36.591","22.21","0","2.12332805668703","0.403663659292599","27.58078368",
"9/11/1995","-51.875","-4.83955001831055","219","38.185","22.82","0","1.69401474362101","0.388980273168414","25.454918952",
"9/12/1995","-51.875","-4.83955001831055","219","38.159","23.358","0","1.34786135498181","0.417377670585619","21.1428567",
"9/13/1995","-51.875","-4.83955001831055","219","36.417","24.826","0","1.34842448108673","0.446936970424697","22.01923026",
"9/14/1995","-51.875","-4.83955001831055","219","38.035","24.228","0","2.03474383686939","0.363689631033156","27.726465168",
"9/15/1995","-51.875","-4.83955001831055","219","39.994","19.916","0","1.69628068912064","0.3560454586102","28.67208408",
"9/16/1995","-51.875","-4.83955001831055","219","39.21","21.22","0","1.17477335280914","0.479522224256296","16.00778844",
"9/17/1995","-51.875","-4.83955001831055","219","37.626","21.095","0","1.91678646229461","0.45667207195898","18.004329288",
"9/18/1995","-51.875","-4.83955001831055","219","37.458","21.667","0","2.10743748852791","0.438670138070151","27.487070352",
"9/19/1995","-51.875","-4.83955001831055","219","37.729","24.115","0","1.970084791158","0.3673431191507","28.11111174",
"9/20/1995","-51.875","-4.83955001831055","219","38.39","22.578","0","1.75521503202384","0.329298434041691","18.5295402",
"9/21/1995","-51.875","-4.83955001831055","219","37.598","19.937","0.27809136","1.81531131608871","0.373398735349771","21.150394128",
"9/22/1995","-51.875","-4.83955001831055","219","36.698","22.093","1.335525372","1.67928306048226","0.525215909983265","19.20037194",
"9/23/1995","-51.875","-4.83955001831055","219","38.335","21.698","0","2.1392429855391","0.35654048763432","27.6283683",
"9/24/1995","-51.875","-4.83955001831055","219","38.055","21.441","0","1.95595349793715","0.424160852777144","21.02140638",
"9/25/1995","-51.875","-4.83955001831055","219","38.811","22.957","0","1.47311124679609","0.448242399383844","20.692467432",
"9/26/1995","-51.875","-4.83955001831055","219","36.31","21.656","0.933837624","1.69059991946365","0.550275280767523","17.56462698",
"9/27/1995","-51.875","-4.83955001831055","219","38.841","19.404","0","1.54375722868638","0.405492441211331","26.16519528",
"9/28/1995","-51.875","-4.83955001831055","219","37.676","24.928","0","2.01074476076965","0.371402757320976","25.69893588",
"9/29/1995","-51.875","-4.83955001831055","219","38.486","21.781","0","2.15577811535493","0.419019189227545","25.7398839",
"9/30/1995","-51.875","-4.83955001831055","219","38.261","24.528","0","1.44628338938504","0.397916408556515","20.947670208",
"10/1/1995","-51.875","-4.83955001831055","219","39.072","27.564","0","1.63369904668354","0.297549051566155","21.41105706",
"10/2/1995","-51.875","-4.83955001831055","219","37.456","25.603","0","1.92477471647904","0.384018236131555","20.41222284",
"10/3/1995","-51.875","-4.83955001831055","219","38.102","24.004","0","2.31115367542401","0.455378492627829","25.580305728",
"10/4/1995","-51.875","-4.83955001831055","219","38.093","25.315","0","1.96243439630694","0.442591032615837","20.96742042",
"10/5/1995","-51.875","-4.83955001831055","219","30.366","18.463","0","1.46347692674606","0.588989021970274","8.36341092",
"10/6/1995","-51.875","-4.83955001831055","219","38.68","19.201","0","1.61803441937861","0.470510556692418","20.14475976",
"10/7/1995","-51.875","-4.83955001831055","219","36.276","23.264","0.04291524","1.84268238518655","0.488333257001483","18.98960562",
"10/8/1995","-51.875","-4.83955001831055","219","37.848","24.327","0.2557756728","1.5936410373709","0.454086767300819","20.74094622",
"10/9/1995","-51.875","-4.83955001831055","219","36.88","25.036","0","1.35414919762035","0.428489824097293","24.60060432",
"10/10/1995","-51.875","-4.83955001831055","219","37.359","25.185","0.029182428","1.53272320901516","0.473594744748593","16.13835396",
"10/11/1995","-51.875","-4.83955001831055","219","34.632","20.925","0.0617980824","1.89047128882207","0.527056509892639","16.8695946",
"10/12/1995","-51.875","-4.83955001831055","219","36.32","22.363","0.2111437944","1.30565962885902","0.629666798795012","11.49784092",
"10/13/1995","-51.875","-4.83955001831055","219","36.725","22.081","0","1.59846714966045","0.437844133488718","15.13457244",
"10/14/1995","-51.875","-4.83955001831055","219","37.158","20.848","0","2.19934607323896","0.417969977301604","26.40858696",
"10/15/1995","-51.875","-4.83955001831055","219","35.709","19.599","0","1.58213512656224","0.47052712615979","23.90507676",
"10/16/1995","-51.875","-4.83955001831055","219","36.607","16.913","0","1.68605461474593","0.447250361259382","25.4215152",
"10/17/1995","-51.875","-4.83955001831055","219","36.71","23.242","0","1.78637974284774","0.461499923449016","16.51663692",
"10/18/1995","-51.875","-4.83955001831055","219","39.729","20.732","0","1.33345072956329","0.472778856805296","26.36291628",
"10/19/1995","-51.875","-4.83955001831055","219","36.699","23.093","2.3603424264","1.33100371668436","0.576409937103017","12.6717741",
"10/20/1995","-51.875","-4.83955001831055","219","35.573","18.944","0.0343322784","1.71902888199201","0.580184052197086","22.6611",
"10/21/1995","-51.875","-4.83955001831055","219","37.16","20.611","0.087547284","1.20237298587674","0.526119486657077","17.37984078",
"10/22/1995","-51.875","-4.83955001831055","219","37.087","20.25","0.1115798904","1.06168175496788","0.518344550020318","9.6220674",
"10/23/1995","-51.875","-4.83955001831055","219","33.679","20.414","0","1.12472692858902","0.586747033720048","10.83110886",
"10/24/1995","-51.875","-4.83955001831055","219","33.063","21.5","1.48486968","2.20804748662064","0.61632256023965","26.1806058",
"10/25/1995","-51.875","-4.83955001831055","219","35.217","22.526","0.92611332","1.43882041948718","0.626050314955192","12.594662352",
"10/26/1995","-51.875","-4.83955001831055","219","34.639","22.335","0.0034332264","1.91498860701215","0.450713609823424","20.2312728",
"10/27/1995","-51.875","-4.83955001831055","219","37.019","23.029","0.484085268","1.58661240207114","0.526296635920502","18.7818156",
"10/28/1995","-51.875","-4.83955001831055","219","33.123","20.919","0.166511628","1.10471156467657","0.718662959733594","10.44888858",
"10/29/1995","-51.875","-4.83955001831055","219","37.432","16.936","0","1.51292474873707","0.505919887495034","23.0194746",
"10/30/1995","-51.875","-4.83955001831055","219","40.083","24.264","0","1.51346332359934","0.448771180078304","20.25601668",
"10/31/1995","-51.875","-4.83955001831055","219","32.83","23.767","0.3398894064","1.20147191884836","0.570819297106824","9.8197317",
"11/1/1995","-51.875","-4.83955001831055","219","35.026","21.16","0.0137329056","1.63600513683847","0.573489233223668","21.2135022",
"11/2/1995","-51.875","-4.83955001831055","219","30.469","22.563","8.9727366024","1.37080480371629","0.829187708415609","5.81877954",
"11/3/1995","-51.875","-4.83955001831055","219","34.737","20.122","0.9853362","1.15045544445371","0.688856889054028","13.25041668",
"11/4/1995","-51.875","-4.83955001831055","219","37.029","22.671","0.76389336","1.19917283879013","0.596922412208013","9.52284492",
"11/5/1995","-51.875","-4.83955001831055","219","36.547","21.331","1.4865878664","1.34037912343365","0.556997897454242","23.65745832",
"11/6/1995","-51.875","-4.83955001831055","219","35.397","22.169","0.1750946544","1.42981913064291","0.541695020209413","19.37879496",
"11/7/1995","-51.875","-4.83955001831055","219","34.703","20.16","0","1.17456699402173","0.537246614901908","17.74642932",
"11/8/1995","-51.875","-4.83955001831055","219","35.552","22.741","0","1.42977914495301","0.569439507949653","18.18061812",
"11/9/1995","-51.875","-4.83955001831055","219","36.104","21.988","2.560326948","1.24595935939716","0.644835219472838","19.91143836",
"11/10/1995","-51.875","-4.83955001831055","219","34.378","22.799","4.285528812","1.81159167099554","0.570116548439503","22.9627134",
"11/11/1995","-51.875","-4.83955001831055","219","35.463","21.46","0.25577532","1.48612921049579","0.526417444849767","20.8367424",
"11/12/1995","-51.875","-4.83955001831055","219","31.385","22.072","6.799504824","1.33880249785985","0.73816403638984","16.56241866",
"11/13/1995","-51.875","-4.83955001831055","219","34.332","23.409","0","1.96832143244983","0.514037818219013","18.25261344",
"11/14/1995","-51.875","-4.83955001831055","219","35.092","24.447","0.0274658184","1.36196617000414","0.459862303778309","18.53325576",
"11/15/1995","-51.875","-4.83955001831055","219","36.194","20.231","0","1.21812643548663","0.498903903541107","13.66740306",
"11/16/1995","-51.875","-4.83955001831055","219","37.172","23.308","1.3904571744","1.38650602450187","0.583479075071424","19.10255742",
"11/17/1995","-51.875","-4.83955001831055","219","29.348","23.122","1.4831543376","1.17174938514546","0.781450132949407","3.99391866",
"11/18/1995","-51.875","-4.83955001831055","219","33.769","22.426","1.151845992","1.21617492083626","0.714516912287726","15.51633228",
"11/19/1995","-51.875","-4.83955001831055","219","33.459","22.868","5.53951332","1.1522266314676","0.69707960007593","19.39466556",
"11/20/1995","-51.875","-4.83955001831055","219","37.014","20.4","0","0.988938866608602","0.580557462393432","23.89702788",
"11/21/1995","-51.875","-4.83955001831055","219","36.116","24.745","0","1.17054197717268","0.474515734388288","23.5475955",
"11/22/1995","-51.875","-4.83955001831055","219","37.139","24.431","0","1.45705560944777","0.489634109504148","20.53282644",
"11/23/1995","-51.875","-4.83955001831055","219","36.732","26.57","0","1.84007441525364","0.473498659378777","19.97082612",
"11/24/1995","-51.875","-4.83955001831055","219","34.354","22.203","0.0343322928","1.50215667394322","0.568904680191522","18.38238426",
"11/25/1995","-51.875","-4.83955001831055","219","33.544","22.314","1.6376493024","1.30073778577606","0.678790733131764","16.78601592",
"11/26/1995","-51.875","-4.83955001831055","219","29.143","22.839","12.82911336","0.771412352515055","0.916548672748063","10.57550886",
"11/27/1995","-51.875","-4.83955001831055","219","24.454","22.475","13.4925754392","0.780165698785046","0.956766426832129","3.26519838",
"11/28/1995","-51.875","-4.83955001831055","219","25.267","20.162","0.590515092","1.01917414309366","0.924173309363571","4.76252586",
"11/29/1995","-51.875","-4.83955001831055","219","29.57","21.014","12.8797542","1.11976548363235","0.918876355997722","24.5151585",
"11/30/1995","-51.875","-4.83955001831055","219","28.23","21.984","7.4157703704","0.953911027091994","0.914936439238488","20.16905004",
"12/1/1995","-51.875","-4.83955001831055","219","28.241","22.091","15.81858936","1.11081098880369","0.919428494420999","20.45593368",
"12/2/1995","-51.875","-4.83955001831055","219","31.159","20.803","1.488303936","1.21579760922367","0.79400844925138","24.58856142",
"12/3/1995","-51.875","-4.83955001831055","219","32.362","20.638","0.69866172","1.26937582554806","0.687681714692901","24.7271661",
"12/4/1995","-51.875","-4.83955001831055","219","25.586","22.739","4.5730584","1.04160894723269","0.861191668075839","3.535990668",
"12/5/1995","-51.875","-4.83955001831055","219","34.315","22.622","0","1.23754900307517","0.695409566190165","12.071476908",
"12/6/1995","-51.875","-4.83955001831055","219","27.941","22.374","9.485145468","1.4833635122299","0.861918667976796","5.18895072",
"12/7/1995","-51.875","-4.83955001831055","219","34.479","21.871","0.068664672","1.46789681607465","0.638743587548073","21.7623987",
"12/8/1995","-51.875","-4.83955001831055","219","33.218","22.663","5.59444464","1.33478734008063","0.801736218081462","19.09428606",
"12/9/1995","-51.875","-4.83955001831055","219","35.308","21.029","0","1.46759151920233","0.659115172620819","21.4277049",
"12/10/1995","-51.875","-4.83955001831055","219","32.949","21.471","1.09348128","1.26533224211258","0.668809067148225","17.01506502",
"12/11/1995","-51.875","-4.83955001831055","219","33.837","21.817","1.35269208","1.26034347768021","0.687982786175023","15.3837",
"12/12/1995","-51.875","-4.83955001831055","219","26.107","22.688","9.4473842328","0.770620827981561","0.908009050539485","7.5311451",
"12/13/1995","-51.875","-4.83955001831055","219","31.809","22.253","1.73721348","1.2553930096685","0.762125128109898","25.15747122",
"12/14/1995","-51.875","-4.83955001831055","219","30.845","22.342","10.1194344","1.00177497312575","0.887227376835647","15.700727628",
"12/15/1995","-51.875","-4.83955001831055","219","28.706","22.215","2.378368152","1.323110467472","0.882377620705852","8.24613804",
"12/16/1995","-51.875","-4.83955001831055","219","31.983","21.804","0","1.5093789758962","0.690225698278334","18.96243588",
"12/17/1995","-51.875","-4.83955001831055","219","32.835","22.558","0","1.59697089787001","0.568114576760137","19.02183804",
"12/18/1995","-51.875","-4.83955001831055","219","34.677","19.322","0.0068664528","1.5480361625126","0.58181776683651","24.10498026",
"12/19/1995","-51.875","-4.83955001831055","219","32.952","21.215","0.0171661392","1.04506008900181","0.635535804061054","8.90166996",
"12/20/1995","-51.875","-4.83955001831055","219","35.835","22.286","0","1.23451628170275","0.558704250192541","19.1702781",
"12/21/1995","-51.875","-4.83955001831055","219","30.362","21.531","2.947426812","1.67107152782624","0.698584167730643","26.0621388",
"12/22/1995","-51.875","-4.83955001831055","219","34.863","21.674","8.2929680064","1.22898337829653","0.712145636892504","24.35596596",
"12/23/1995","-51.875","-4.83955001831055","219","35.372","21.948","0.0034332264","1.67216659275589","0.590781787823069","20.85176142",
"12/24/1995","-51.875","-4.83955001831055","219","33.895","23.287","0.1939774392","1.67215918397536","0.577588717885522","19.72226088",
"12/25/1995","-51.875","-4.83955001831055","219","31.657","20.473","0.85830696","1.28687862272468","0.724349612743156","16.7684625",
"12/26/1995","-51.875","-4.83955001831055","219","32.496","21.32","9.8911306224","1.08788091108014","0.890095260733588","16.48867725",
"12/27/1995","-51.875","-4.83955001831055","219","34.318","21.289","1.56383532","1.35257668497877","0.715363479681166","21.234933792",
"12/28/1995","-51.875","-4.83955001831055","219","33.255","21.485","0.319289904","1.56250990740099","0.731666335557899","15.9670764",
"12/29/1995","-51.875","-4.83955001831055","219","29.804","21.938","8.625986028","1.32157559568466","0.864298522520019","14.380369488",
"12/30/1995","-51.875","-4.83955001831055","219","29.285","21.818","10.2104159184","1.30466668312293","0.83212308452927","15.39320562",
"12/31/1995","-51.875","-4.83955001831055","219","30.006","20.991","11.2730074848","1.11612013215189","0.851911345052889","23.5591335",
"1/1/1996","-51.875","-4.83955001831055","219","27.15","21.156","172.0183793184","0.77654420823323","0.931703058226153","9.22477662",
"1/2/1996","-51.875","-4.83955001831055","219","31.942","21.787","10.098839196","0.971547010105245","0.884871214232061","16.89024798",
"1/3/1996","-51.875","-4.83955001831055","219","30.833","20.072","2.772330444","1.39154521582081","0.835314609097167","23.01789384",
"1/4/1996","-51.875","-4.83955001831055","219","31.665","19.817","7.971953616","1.24189404496175","0.83004024730202","24.91881138",
"1/5/1996","-51.875","-4.83955001831055","219","26.457","21.751","18.32656932","0.74717131245688","0.963735348332743","18.1787085",
"1/6/1996","-51.875","-4.83955001831055","219","24.536","22.13","12.75443928","1.04193677911658","0.973022213774348","11.02201812",
"1/7/1996","-51.875","-4.83955001831055","219","29.879","21.688","8.981325864","1.00788366942869","0.910011423934799","22.7432817",
"1/8/1996","-51.875","-4.83955001831055","219","26.032","21.532","12.368197692","0.907394563299419","0.966312183197573","17.215085412",
"1/9/1996","-51.875","-4.83955001831055","219","29.473","20.337","15.09590232","0.862046586759908","0.892846763707534","25.48507518",
"1/10/1996","-51.875","-4.83955001831055","219","29.598","20.944","7.0329649464","0.981465077361122","0.910084723064507","23.14828116",
"1/11/1996","-51.875","-4.83955001831055","219","34.066","20.421","5.22880452","1.34106336576487","0.711284978777556","25.932881952",
"1/12/1996","-51.875","-4.83955001831055","219","31.589","19.721","5.1996203424","1.13423659309419","0.803079824040823","18.39239622",
"1/13/1996","-51.875","-4.83955001831055","219","36.392","21.036","11.745071388","1.19293375073016","0.839198173604988","19.2402567",
"1/14/1996","-51.875","-4.83955001831055","219","24.969","21.984","52.947266184","1.14780022309538","0.971889771321846","11.63030598",
"1/15/1996","-51.875","-4.83955001831055","219","24.525","21.203","37.31745708","1.13673668152662","0.9781485435741","6.532708428",
"1/16/1996","-51.875","-4.83955001831055","219","26.676","21.569","11.4566736384","0.779505066874715","0.963932266993663","21.3718473",
"1/17/1996","-51.875","-4.83955001831055","219","23.547","21.737","30.499080156","0.80714762917453","0.980751494872078","2.30996268",
"1/18/1996","-51.875","-4.83955001831055","219","31.259","21.21","2.468492604","1.06254133808786","0.869847901292298","14.36804982",
"1/19/1996","-51.875","-4.83955001831055","219","26.372","22.327","34.84037844","0.795305315052266","0.971213679667876","20.48878422",
"1/20/1996","-51.875","-4.83955001831055","219","25.803","21.24","21.9898242","0.771813803008816","0.969378021197873","16.629021468",
"1/21/1996","-51.875","-4.83955001831055","219","28.063","18.63","8.167648608","0.673599796294237","0.942571309618536","19.322219322",
"1/22/1996","-51.875","-4.83955001831055","219","34.948","20.063","2.11830372","1.12411312194391","0.761058537454429","21.620024208",
"1/23/1996","-51.875","-4.83955001831055","219","31.351","21.4","11.463548148","0.647193482060012","0.921723853905473","20.403620082",
"1/24/1996","-51.875","-4.83955001831055","219","25.124","21.314","27.73360566","1.02737626261915","0.97252832547961","10.584956124",
"1/25/1996","-51.875","-4.83955001831055","219","30.815","21.723","4.0752417168","0.83478691080279","0.848906086430282","26.81077788",
"1/26/1996","-51.875","-4.83955001831055","219","34.422","20.294","0.054931644","1.23677593833574","0.662023072381982","21.12288642",
"1/27/1996","-51.875","-4.83955001831055","219","34.649","19.931","1.0677339","1.29974651240548","0.780946902832945","20.31704604",
"1/28/1996","-51.875","-4.83955001831055","219","33.075","21.49","4.28638464","1.32698579133121","0.788757241255302","25.07962338",
"1/29/1996","-51.875","-4.83955001831055","219","30.628","21.394","10.919378772","1.08731133044416","0.85467258117307","27.90073098",
"1/30/1996","-51.875","-4.83955001831055","219","32.793","21.488","9.62334072","1.52029812708955","0.74890073477471","27.87586974",
"1/31/1996","-51.875","-4.83955001831055","219","32.88","20.875","3.364563744","1.53989220372356","0.804626225275945","23.88610692",
"2/1/1996","-51.875","-4.83955001831055","219","30.028","20.594","6.7754735928","1.2553278851367","0.879111287376426","23.90855508",
"2/2/1996","-51.875","-4.83955001831055","219","28.722","21.668","17.9008488","1.1223363019275","0.941603761062929","25.493684058",
"2/3/1996","-51.875","-4.83955001831055","219","31.409","22.043","4.48551072","1.34691844635347","0.818268292357875","27.73906992",
"2/4/1996","-51.875","-4.83955001831055","219","31.15","20.718","4.643442756","1.39917828062448","0.846489357362189","25.64836839",
"2/5/1996","-51.875","-4.83955001831055","219","26.89","21.205","11.1408251184","1.21651041455506","0.945373203640569","21.1386375",
"2/6/1996","-51.875","-4.83955001831055","219","33.938","21.051","2.67105168","1.08130902682687","0.854691781574999","14.16870846",
"2/7/1996","-51.875","-4.83955001831055","219","31.301","21.247","2.951715744","1.26072755689665","0.851079647641146","19.172864448",
"2/8/1996","-51.875","-4.83955001831055","219","31.284","21.517","2.4384501144","1.37773802406561","0.830420895295737","22.91231358",
"2/9/1996","-51.875","-4.83955001831055","219","32.819","19.37","1.0411257528","1.30002965906703","0.775187973680956","27.53443692",
"2/10/1996","-51.875","-4.83955001831055","219","30.342","20.762","5.2648502184","1.30106685609296","0.880332080959971","28.454791968",
"2/11/1996","-51.875","-4.83955001831055","219","31.48","22.366","1.7492289192","1.21638474959853","0.824597056145071","24.08580612",
"2/12/1996","-51.875","-4.83955001831055","219","32.392","20.363","1.49002056","1.44174153162562","0.760493406707556","28.780205832",
"2/13/1996","-51.875","-4.83955001831055","219","30.679","21.069","4.307840676","1.51856953493417","0.824590095056234","28.120780512",
"2/14/1996","-51.875","-4.83955001831055","219","31.212","22.122","15.065009424","1.32360101232393","0.88975136912351","25.08682446",
"2/15/1996","-51.875","-4.83955001831055","219","32.25","21.882","12.3510330288","1.52742835544871","0.860509838312543","20.83646925",
"2/16/1996","-51.875","-4.83955001831055","219","28.337","20.973","13.622193252","0.788753925141438","0.932965325496282","19.06025589",
"2/17/1996","-51.875","-4.83955001831055","219","29.178","21.946","11.5871453424","1.02025186450441","0.944024539590855","18.8049996",
"2/18/1996","-51.875","-4.83955001831055","219","27.138","21.666","33.37784244","1.03217810627733","0.929828838515471","8.425685484",
"2/19/1996","-51.875","-4.83955001831055","219","25.257","20.138","6.88877244","0.825843084606069","0.964444877565761","14.302696428",
"2/20/1996","-51.875","-4.83955001831055","219","25.883","21.68","56.869700508","0.816065818524541","0.957107446403721","9.28614996",
"2/21/1996","-51.875","-4.83955001831055","219","28.738","21.817","9.058566456","0.806025701046221","0.938517377079258","16.85761416",
"2/22/1996","-51.875","-4.83955001831055","219","27.628","21.154","16.02630936","1.13947251995243","0.906640657790648","11.64183696",
"2/23/1996","-51.875","-4.83955001831055","219","30.9","17.942","0.693512388","1.04586388910513","0.836699105428203","20.21652936",
"2/24/1996","-51.875","-4.83955001831055","219","30.63","19.329","4.0752411984","1.2977060768477","0.860680428255209","28.31444523",
"2/25/1996","-51.875","-4.83955001831055","219","29.486","22.612","15.73620444","1.04076104605636","0.921052719391052","24.96054078",
"2/26/1996","-51.875","-4.83955001831055","219","30.123","22.424","10.1726568","0.988070324227858","0.919407179496486","24.03714339",
"2/27/1996","-51.875","-4.83955001831055","219","31.477","22.352","10.4335823664","1.27963429322034","0.865768936959758","25.92449892",
"2/28/1996","-51.875","-4.83955001831055","219","32.266","21.719","5.477719212","1.13333487895191","0.862385106571837","22.815957168",
"2/29/1996","-51.875","-4.83955001831055","219","31.224","21.976","11.83861764","1.30490823823398","0.888002139662214","27.88548561",
"3/1/1996","-51.875","-4.83955001831055","219","27.67","22.066","11.20776984","1.14991500111307","0.942043427014903","25.53080418",
"3/2/1996","-51.875","-4.83955001831055","219","29.106","22.452","18.39951828","1.09845588185729","0.943612578632887","27.03785895",
"3/3/1996","-51.875","-4.83955001831055","219","27.068","20.627","10.273930128","0.901464372415895","0.952156038763379","22.07604159",
"3/4/1996","-51.875","-4.83955001831055","219","26.276","20.376","20.15304984","0.758990932421287","0.973204091982515","14.10884415",
"3/5/1996","-51.875","-4.83955001831055","219","22.738","20.75","56.43366516","0.811270856741298","0.983276347442389","1.261687752",
"3/6/1996","-51.875","-4.83955001831055","219","26.752","20.838","8.30669688","0.963392545304663","0.956640212988558","12.785462352",
"3/7/1996","-51.875","-4.83955001831055","219","27.029","21.659","2.725982352","1.28502616341979","0.909183843796634","17.01776691",
"3/8/1996","-51.875","-4.83955001831055","219","29.501","20.594","5.0537114784","0.703380023973676","0.903089570648541","24.47629326",
"3/9/1996","-51.875","-4.83955001831055","219","27.61","22.092","22.16835144","0.646288291193771","0.963165697288635","21.31790544",
"3/10/1996","-51.875","-4.83955001831055","219","30.544","22.605","15.05212956","1.35452475040842","0.888036112257979","21.936542472",
"3/11/1996","-51.875","-4.83955001831055","219","30.391","22.01","5.9223229704","1.51859166854916","0.862632582625207","21.92804676",
"3/12/1996","-51.875","-4.83955001831055","219","30.177","21.279","5.0416939584","1.45809234468587","0.88716570042908","17.6982183",
"3/13/1996","-51.875","-4.83955001831055","219","26.876","21.006","6.7634559144","1.0563863382139","0.945410703273664","11.77700508",
"3/14/1996","-51.875","-4.83955001831055","219","28.404","20.969","5.965235532","0.820250462519673","0.956250284023019","10.27411911",
"3/15/1996","-51.875","-4.83955001831055","219","29.476","21.461","10.93482396","0.909479726398161","0.900224221875199","15.446191032",
"3/16/1996","-51.875","-4.83955001831055","219","28.454","21.115","12.66517548","1.11484557874747","0.950112206541064","15.54299775",
"3/17/1996","-51.875","-4.83955001831055","219","22.37","20.163","12.761306784","0.897304843859772","0.982349179624182","4.72702068",
"3/18/1996","-51.875","-4.83955001831055","219","26.577","19.476","0.5407336512","1.08213567327889","0.907232118179088","11.0030031",
"3/19/1996","-51.875","-4.83955001831055","219","23.074","18.713","8.9452724544","0.58119263420326","0.975296637471352","4.89115908",
"3/20/1996","-51.875","-4.83955001831055","219","26.968","17.713","9.2714298624","1.03466104757995","0.933301063108899","19.65099915",
"3/21/1996","-51.875","-4.83955001831055","219","31.017","21.045","10.3425985728","1.02131516405931","0.875815745324992","24.56634528",
"3/22/1996","-51.875","-4.83955001831055","219","26.329","22.204","26.158621572","0.902829746348343","0.970118879767482","21.28088646",
"3/23/1996","-51.875","-4.83955001831055","219","31.69","22.506","13.49430192","1.19425850209706","0.856170400451697","26.30025144",
"3/24/1996","-51.875","-4.83955001831055","219","30.159","22.087","11.84119776","1.2407297557189","0.916802600306258","25.83095256",
"3/25/1996","-51.875","-4.83955001831055","219","26.623","22.264","15.882110964","1.10526155291297","0.963640780496898","15.20156502",
"3/26/1996","-51.875","-4.83955001831055","219","26.014","22.149","8.121302424","0.853383016132379","0.963985714872521","9.5588415",
"3/27/1996","-51.875","-4.83955001831055","219","27.574","21.312","8.52126624","0.885196097517236","0.930537912376025","14.433467868",
"3/28/1996","-51.875","-4.83955001831055","219","28.995","22.109","10.92625416","0.886049449441509","0.929206759339553","21.80526012",
"3/29/1996","-51.875","-4.83955001831055","219","28.499","21.678","26.1903753","1.75241491010986","0.891504054160568","18.40314708",
"3/30/1996","-51.875","-4.83955001831055","219","27.086","21.236","7.7899947624","0.886629930124245","0.928725106895873","20.33027235",
"3/31/1996","-51.875","-4.83955001831055","219","26.348","21.965","7.04240748","0.790193856114391","0.964701619172714","12.6035955",
"4/1/1996","-51.875","-4.83955001831055","219","31.707","22.17","6.8655965184","1.25572861228945","0.873769564378745","25.42168692",
"4/2/1996","-51.875","-4.83955001831055","219","29.799","22.174","2.4272904384","1.34518905159112","0.871156581615616","23.70971196",
"4/3/1996","-51.875","-4.83955001831055","219","26.97","22.647","11.0034949104","0.982377723810506","0.946247645110895","23.42283264",
"4/4/1996","-51.875","-4.83955001831055","219","25.779","21.633","13.319201664","0.868635502589227","0.971963457375923","15.43410414",
"4/5/1996","-51.875","-4.83955001831055","219","25.936","21.05","11.39489388","0.88560820400628","0.968680469840199","15.33616677",
"4/6/1996","-51.875","-4.83955001831055","219","25.853","22.196","23.52447216","1.05418577478515","0.964850480541464","8.569913418",
"4/7/1996","-51.875","-4.83955001831055","219","26.406","22.062","9.8705268","0.559475096208484","0.966453193508768","12.856948812",
"4/8/1996","-51.875","-4.83955001831055","219","25.331","22.182","37.2093355728","0.652646732632645","0.967664697897625","5.676976008",
"4/9/1996","-51.875","-4.83955001831055","219","26.749","22.28","14.5929343464","0.753603305303923","0.967977532400615","18.08572194",
"4/10/1996","-51.875","-4.83955001831055","219","30.627","22.221","22.832686656","0.914960370679017","0.935180482269713","19.343754108",
"4/11/1996","-51.875","-4.83955001831055","219","24.587","22.666","78.1179552","0.64579605095923","0.980423904346585","4.51777248",
"4/12/1996","-51.875","-4.83955001831055","219","25.473","20.95","10.057639932","0.832192146464172","0.968912952324404","9.64271556",
"4/13/1996","-51.875","-4.83955001831055","219","27.313","21.578","4.5970869456","0.899075261337826","0.918232970605438","10.1318076",
"4/14/1996","-51.875","-4.83955001831055","219","26.025","22.019","5.886266796","0.699658644051444","0.967416273674739","4.9609701",
"4/15/1996","-51.875","-4.83955001831055","219","24.9","21.487","13.899426048","0.690682213891187","0.974479466062779","8.4652389",
"4/16/1996","-51.875","-4.83955001831055","219","24.279","20.108","6.631279164","0.930440576106991","0.971031443624808","7.528445892",
"4/17/1996","-51.875","-4.83955001831055","219","25.3","20.625","11.351965968","0.810209440686812","0.966659265399231","14.51143314",
"4/18/1996","-51.875","-4.83955001831055","219","28.427","21.426","5.948066124","0.964487993307442","0.921948363670069","14.368390488",
"4/19/1996","-51.875","-4.83955001831055","219","28.157","20.932","10.98118026","0.629609172016086","0.911425172348966","15.91919964",
"4/20/1996","-51.875","-4.83955001831055","219","25.88","22.213","33.37268328","0.962192382223768","0.969236095877761","14.27293314",
"4/21/1996","-51.875","-4.83955001831055","219","24.584","20.427","77.070782232","1.42328807917588","0.96866434858506","6.9251607",
"4/22/1996","-51.875","-4.83955001831055","219","28.32","20.817","7.571979576","0.567292203148982","0.917159767308103","9.262296468",
"4/23/1996","-51.875","-4.83955001831055","219","26.241","20.439","11.0275255728","0.48279062837627","0.971285114202845","16.88434038",
"4/24/1996","-51.875","-4.83955001831055","219","27.733","21.041","5.70001104","0.645545039083534","0.946237509970617","15.8652009",
"4/25/1996","-51.875","-4.83955001831055","219","29.566","21.113","6.88104414","0.621124307653434","0.930364964091791","12.73128786",
"4/26/1996","-51.875","-4.83955001831055","219","26.382","19.299","13.985247132","0.824768165644647","0.973580560761194","11.20393098",
"4/27/1996","-51.875","-4.83955001831055","219","28.285","20.882","1.6342169904","1.23046613034473","0.90925911353453","12.64831956",
"4/28/1996","-51.875","-4.83955001831055","219","30.01","21.492","1.6264912536","1.26849617900682","0.851974349724905","21.17491398",
"4/29/1996","-51.875","-4.83955001831055","219","27.556","22.099","11.38801104","1.00311886606147","0.95063507406382","20.04153642",
"4/30/1996","-51.875","-4.83955001831055","219","27.432","22.008","9.2499675264","1.1537823859814","0.939215537631806","15.4706607",
"5/1/1996","-51.875","-4.83955001831055","219","30.874","21.9","7.886980224","0.647074176093168","0.929777321381466","13.0325679",
"5/2/1996","-51.875","-4.83955001831055","219","29.599","22.516","6.33087072","0.749888783642708","0.93008374094115","14.9091714",
"5/3/1996","-51.875","-4.83955001831055","219","24.209","21.157","2.542305132","0.944529970087804","0.964562849567941","5.177475792",
"5/4/1996","-51.875","-4.83955001831055","219","21.633","19.274","6.1437631824","0.51065557177005","0.979283574095533","1.45890018",
"5/5/1996","-51.875","-4.83955001831055","219","28.144","20.491","2.320862148","1.00298216683594","0.925993178667076","12.86128152",
"5/6/1996","-51.875","-4.83955001831055","219","28.587","21.985","5.318070192","1.05558883361093","0.92820025272872","12.25631448",
"5/7/1996","-51.875","-4.83955001831055","219","28.573","21.607","6.409842876","1.18857349915494","0.934753677995465","16.2159219",
"5/8/1996","-51.875","-4.83955001831055","219","30.039","22.458","3.8160301392","1.36121358232914","0.899163669680562","17.00814204",
"5/9/1996","-51.875","-4.83955001831055","219","31.171","22.283","0.739860876","1.14214332005554","0.826875261963377","11.43866196",
"5/10/1996","-51.875","-4.83955001831055","219","26.544","19.97","10.18295694","0.626291808787646","0.955380642962483","17.34975126",
"5/11/1996","-51.875","-4.83955001831055","219","30.956","19.891","3.2598469872","0.824675372299541","0.927455595235589","13.81893606",
"5/12/1996","-51.875","-4.83955001831055","219","27.204","22.172","9.4053321","0.818780988273586","0.958680043807931","13.98599334",
"5/13/1996","-51.875","-4.83955001831055","219","30.466","21.847","2.782631232","1.32873498699738","0.860458198156355","20.3213268",
"5/14/1996","-51.875","-4.83955001831055","219","32.503","20.234","0.0772476048","1.40350634045642","0.762288692599141","20.65100454",
"5/15/1996","-51.875","-4.83955001831055","219","33.59","20.595","0","1.33570378610615","0.713782142212311","20.869371",
"5/16/1996","-51.875","-4.83955001831055","219","33.581","19.679","0","1.14798550696891","0.721630840602898","18.7610607",
"5/17/1996","-51.875","-4.83955001831055","219","33.578","21.027","0.030899052","1.4422682307614","0.719819181495204","22.78811016",
"5/18/1996","-51.875","-4.83955001831055","219","33.538","21.875","0.1184465304","1.23384703477737","0.757078907658212","15.69982482",
"5/19/1996","-51.875","-4.83955001831055","219","32.528","21.107","0.78878412","0.968935793136149","0.774377580692586","23.0974254",
"5/20/1996","-51.875","-4.83955001831055","219","32.014","22.147","1.4994626184","1.07447730540764","0.817684059519887","16.851657132",
"5/21/1996","-51.875","-4.83955001831055","219","33.144","20.285","0.048065184","1.25181952565393","0.73135367100147","19.55137482",
"5/22/1996","-51.875","-4.83955001831055","219","33.264","18.207","0","1.41540069865095","0.65239956527801","24.17765508",
"5/23/1996","-51.875","-4.83955001831055","219","34.006","19.79","0.108146628","0.859553430798903","0.649002230257175","22.06845216",
"5/24/1996","-51.875","-4.83955001831055","219","33.487","22.049","1.86252552","0.949301689807752","0.777440968693733","21.30868422",
"5/25/1996","-51.875","-4.83955001831055","219","28.003","21.791","3.9902692248","0.740088722307996","0.928141145907618","13.0102344",
"5/26/1996","-51.875","-4.83955001831055","219","30.218","20.429","9.951209892","0.867436590084217","0.900087413487523","18.45073098",
"5/27/1996","-51.875","-4.83955001831055","219","26.146","20.395","40.88288304","0.768914937340375","0.965479646226347","7.77279438",
"5/28/1996","-51.875","-4.83955001831055","219","30.393","17.591","2.2951127664","0.971025320041444","0.860004460663041","19.63456434",
"5/29/1996","-51.875","-4.83955001831055","219","27.736","17.893","5.937765372","0.639446579483797","0.925819177770881","21.52226718",
"5/30/1996","-51.875","-4.83955001831055","219","30.363","20.693","6.866447868","0.850403588003397","0.889853617927226","14.29492302",
"5/31/1996","-51.875","-4.83955001831055","219","30.368","20.299","9.212206608","1.25947690752165","0.884370863488349","20.3435496",
"6/1/1996","-51.875","-4.83955001831055","219","30.233","20.531","1.235961864","1.42073608500168","0.844748990025595","21.57873642",
"6/2/1996","-51.875","-4.83955001831055","219","32.253","20.152","0","1.67514272727372","0.713742671934227","17.30047518",
"6/3/1996","-51.875","-4.83955001831055","219","32.248","18.994","0","1.52098408534154","0.687960554980991","23.07729798",
"6/4/1996","-51.875","-4.83955001831055","219","31.744","19.34","0","1.5270597208039","0.676397454157186","20.08304964",
"6/5/1996","-51.875","-4.83955001831055","219","31.949","19.463","0","1.47906264090538","0.639599702537989","17.35537428",
"6/6/1996","-51.875","-4.83955001831055","219","31.421","19.719","0","1.72144416715073","0.653374348378334","19.83206448",
"6/7/1996","-51.875","-4.83955001831055","219","31.787","19.672","0","1.358802565334","0.651400022747315","18.8670357",
"6/8/1996","-51.875","-4.83955001831055","219","31.409","18.327","0.0034332264","1.37160077827638","0.704679592823404","16.10246034",
"6/9/1996","-51.875","-4.83955001831055","219","32.591","18.888","0","1.45885988460679","0.674899489998656","18.3315393",
"6/10/1996","-51.875","-4.83955001831055","219","32.628","19.694","0","1.6427657920039","0.653392823142405","23.11678458",
"6/11/1996","-51.875","-4.83955001831055","219","31.372","18.601","0","1.87474097817688","0.599185593345692","22.44611448",
"6/12/1996","-51.875","-4.83955001831055","219","32.535","19.491","0","1.7443339003261","0.613855645297583","23.41906794",
"6/13/1996","-51.875","-4.83955001831055","219","32.962","20.532","0","1.87801552261188","0.604163540920519","23.0546844",
"6/14/1996","-51.875","-4.83955001831055","219","32.399","20.32","0","1.69027002919665","0.625767579473251","18.58173822",
"6/15/1996","-51.875","-4.83955001831055","219","32.457","20.908","0","1.75680195439865","0.61300556091138","17.16800616",
"6/16/1996","-51.875","-4.83955001831055","219","33.01","19.843","0","1.6513912994434","0.599768365669482","23.4127071",
"6/17/1996","-51.875","-4.83955001831055","219","31.681","21.992","0.1270293624","1.54737161025436","0.65639742362456","18.49505184",
"6/18/1996","-51.875","-4.83955001831055","219","33.456","20.185","0","1.49009013569336","0.606144685621066","16.5066183",
"6/19/1996","-51.875","-4.83955001831055","219","33.733","20.295","0.19569384","1.47385483620933","0.58058993794727","22.01006268",
"6/20/1996","-51.875","-4.83955001831055","219","34.314","22.462","0.13732902","1.37400691253586","0.597244645357955","15.43871268",
"6/21/1996","-51.875","-4.83955001831055","219","33.924","19.964","0","1.71535587257774","0.61365965727504","23.46536718",
"6/22/1996","-51.875","-4.83955001831055","219","33.327","20.974","0","1.5498989756113","0.54577111906342","18.91569024",
"6/23/1996","-51.875","-4.83955001831055","219","33.809","20.586","0","1.39236509720955","0.605438122149819","17.61187806",
"6/24/1996","-51.875","-4.83955001831055","219","32.771","21.723","0","1.36085735154291","0.592052078832975","15.62045868",
"6/25/1996","-51.875","-4.83955001831055","219","33.361","19.182","0","1.3086960404899","0.584326767841096","23.48027118",
"6/26/1996","-51.875","-4.83955001831055","219","32.92","18.417","0","1.37648176751682","0.547442224325506","23.0622786",
"6/27/1996","-51.875","-4.83955001831055","219","33","19.76","0.0583648704","0.990615365604442","0.647525775932283","12.951451152",
"6/28/1996","-51.875","-4.83955001831055","219","32.934","19.477","0.0583648416","1.0380558944532","0.614375971286497","15.231486168",
"6/29/1996","-51.875","-4.83955001831055","219","32.247","22.346","0","1.81458967811924","0.503588508189574","22.3516719",
"6/30/1996","-51.875","-4.83955001831055","219","32.608","18.692","0","1.18997909726281","0.590925952578086","17.21014056",
"7/1/1996","-51.875","-4.83955001831055","219","29.936","20.747","4.0683742704","1.05913634400433","0.847418899685643","6.57326448",
"7/2/1996","-51.875","-4.83955001831055","219","33.441","18.461","0.075531024","1.24472979672026","0.650366491704557","19.13129604",
"7/3/1996","-51.875","-4.83955001831055","219","33.13","17.785","0","1.26102937542594","0.524269982380281","23.80544946",
"7/4/1996","-51.875","-4.83955001831055","219","33.61","14.541","0","0.999906711856577","0.63377797879962","24.03461646",
"7/5/1996","-51.875","-4.83955001831055","219","33.652","15.886","0","1.40229784347976","0.519611757305987","23.97228588",
"7/6/1996","-51.875","-4.83955001831055","219","34.047","17.698","0","1.2528132224054","0.511324135558907","22.97255436",
"7/7/1996","-51.875","-4.83955001831055","219","33.194","20.691","0","1.33174265154049","0.522244128248397","22.24625184",
"7/8/1996","-51.875","-4.83955001831055","219","32.114","17.353","1.35269136","0.874562136008988","0.777204511160573","20.50914438",
"7/9/1996","-51.875","-4.83955001831055","219","31.89","15.027","0","1.45889672011497","0.598642286033414","18.67674492",
"7/10/1996","-51.875","-4.83955001831055","219","33.787","19.477","0","1.4455554795554","0.518861108120464","18.22224456",
"7/11/1996","-51.875","-4.83955001831055","219","34.15","15.651","0","0.973022377735261","0.543519040676656","24.21960948",
"7/12/1996","-51.875","-4.83955001831055","219","33.411","14.75","0","1.12356743556102","0.56012163208214","24.06488184",
"7/13/1996","-51.875","-4.83955001831055","219","33.999","14.46","0","1.24186198064952","0.487163961187494","23.67055836",
"7/14/1996","-51.875","-4.83955001831055","219","33.024","19.317","0","1.65136675022127","0.58495721035666","16.84715472",
"7/15/1996","-51.875","-4.83955001831055","219","27.417","20.348","19.3050198","0.93185254346505","0.885868064754809","17.23168584",
"7/16/1996","-51.875","-4.83955001831055","219","30.642","18.58","1.620482904","1.30269121752822","0.833345778029189","21.9216978",
"7/17/1996","-51.875","-4.83955001831055","219","31.333","20.517","0.140762376","1.01068656591025","0.762014612598386","9.67438548",
"7/18/1996","-51.875","-4.83955001831055","219","32.38","19.076","0","1.55368477426789","0.604047986757851","19.49833692",
"7/19/1996","-51.875","-4.83955001831055","219","31.62","18.354","0","1.23336944178458","0.622495919347979","18.46175256",
"7/20/1996","-51.875","-4.83955001831055","219","33.195","19.901","0","1.39931502841126","0.59169878799581","18.08257338",
"7/21/1996","-51.875","-4.83955001831055","219","35.335","19.711","0","1.23453511578754","0.462713093080942","21.84962976",
"7/22/1996","-51.875","-4.83955001831055","219","33.159","22.286","0","1.00887087115467","0.559256624277261","19.16510166",
"7/23/1996","-51.875","-4.83955001831055","219","29.123","19.699","3.9756762","1.29885854825975","0.734770339954027","23.48234136",
"7/24/1996","-51.875","-4.83955001831055","219","28.793","19.029","5.01251256","1.32395895276335","0.90552677655361","15.29133876",
"7/25/1996","-51.875","-4.83955001831055","219","31.814","20.307","0.9853368984","0.841576920906495","0.793468427115943","13.345650684",
"7/26/1996","-51.875","-4.83955001831055","219","32.842","19.034","1.49688648","1.38233374627492","0.671984811766296","17.02574388",
"7/27/1996","-51.875","-4.83955001831055","219","34.496","19.239","0","1.54902175070487","0.484007441464479","24.18367086",
"7/28/1996","-51.875","-4.83955001831055","219","32.276","17.204","0","1.43107335147777","0.555671529294597","21.62531682",
"7/29/1996","-51.875","-4.83955001831055","219","34.177","15.373","0","1.22390902360208","0.555110476749813","18.61356888",
"7/30/1996","-51.875","-4.83955001831055","219","32.913","20.078","0.81195804","1.02065147226398","0.676832548914563","19.730199528",
"7/31/1996","-51.875","-4.83955001831055","219","27.766","19.231","1.17416574","0.677726160714698","0.744771176740823","6.02386722",
"8/1/1996","-51.875","-4.83955001831055","219","31.815","21.029","3.5327898","0.961854674246465","0.737705956983671","19.760787792",
"8/2/1996","-51.875","-4.83955001831055","219","32.527","22.658","0","1.08785026074641","0.613954073251446","16.749171432",
"8/3/1996","-51.875","-4.83955001831055","219","34.487","20.997","0.87203952","1.30406953346839","0.564392671543418","19.86102954",
"8/4/1996","-51.875","-4.83955001831055","219","33.584","21.276","0.9698873112","1.60899325898866","0.64466743939382","16.53867774",
"8/5/1996","-51.875","-4.83955001831055","219","32.112","19.878","0","1.30268726611277","0.706229051807105","15.66186084",
"8/6/1996","-51.875","-4.83955001831055","219","32.725","19.1","0.401687604","0.974828484559444","0.723119929597518","14.77715526",
"8/7/1996","-51.875","-4.83955001831055","219","34.378","17.372","0","1.51632288583825","0.598418100310678","21.08863422",
"8/8/1996","-51.875","-4.83955001831055","219","35.667","19.644","0","1.4761313147243","0.530827811211728","18.31336578",
"8/9/1996","-51.875","-4.83955001831055","219","34.161","20.955","0","1.18173974294349","0.543764981041143","14.30713206",
"8/10/1996","-51.875","-4.83955001831055","219","35.852","21.084","0.0858307464","1.14668134779037","0.545522503442134","17.97772698",
"8/11/1996","-51.875","-4.83955001831055","219","33.618","20.708","0.66089592","1.05577867648996","0.688596113361144","12.73460526",
"8/12/1996","-51.875","-4.83955001831055","219","35.348","20.159","0.3381732","1.2519851892442","0.615707326331194","20.85542046",
"8/13/1996","-51.875","-4.83955001831055","219","35.09","18.099","2.6521725024","1.16201792293572","0.682716192039436","19.92167064",
"8/14/1996","-51.875","-4.83955001831055","219","35.847","17.523","0.0068664528","1.29159755735942","0.612760282888768","18.80674002",
"8/15/1996","-51.875","-4.83955001831055","219","34.497","18.647","0","1.15764397402659","0.57566874330746","20.466444888",
"8/16/1996","-51.875","-4.83955001831055","219","34.543","21.353","2.4101243064","1.37281851035195","0.635634833009666","17.694954162",
"8/17/1996","-51.875","-4.83955001831055","219","33.96","20.811","0.71926236","1.70954255722294","0.627799709121375","17.853694272",
"8/18/1996","-51.875","-4.83955001831055","219","31.342","21.07","7.15313088","1.63160746167735","0.832899403830062","24.15897828",
"8/19/1996","-51.875","-4.83955001831055","219","33.268","18.314","0.394821","1.4243642486027","0.732077513499254","18.09500958",
"8/20/1996","-51.875","-4.83955001831055","219","32.66","19.096","0","1.33273729268231","0.707618288060007","17.88941322",
"8/21/1996","-51.875","-4.83955001831055","219","32.958","20.379","0","1.14828361711261","0.569970247865746","18.49140396",
"8/22/1996","-51.875","-4.83955001831055","219","34.615","17.551","0","1.46503341172941","0.586004815917449","22.4284482",
"8/23/1996","-51.875","-4.83955001831055","219","33.45","22.112","0","1.58423293533443","0.546463617758683","18.02941578",
"8/24/1996","-51.875","-4.83955001831055","219","32.582","17.877","0","1.67577317093407","0.477643831719033","24.16522608",
"8/25/1996","-51.875","-4.83955001831055","219","35.367","21.157","0","1.33871226299626","0.444807959855855","18.767021688",
"8/26/1996","-51.875","-4.83955001831055","219","36.527","20.81","0","1.47833288477506","0.371355949901465","24.573323268",
"8/27/1996","-51.875","-4.83955001831055","219","36.799","19.11","0","1.27587957905752","0.430064203883309","25.41279348",
"8/28/1996","-51.875","-4.83955001831055","219","36.12","24.036","0","1.12032004718947","0.498109484281701","18.2163384",
"8/29/1996","-51.875","-4.83955001831055","219","36.864","23.291","0.151062372","1.2961881839979","0.55700078596461","11.142843462",
"8/30/1996","-51.875","-4.83955001831055","219","36.395","22.412","0.74844558","1.69187119596091","0.602078497276198","18.76562064",
"8/31/1996","-51.875","-4.83955001831055","219","33.593","20.562","1.1003495832","1.50961700214385","0.690965697778405","18.161101152",
"9/1/1996","-51.875","-4.83955001831055","219","35.536","20.51","0","1.48091594399156","0.526521806887373","18.9396603",
"9/2/1996","-51.875","-4.83955001831055","219","36.198","22.014","0","1.82304164539868","0.447395017977992","20.8719513",
"9/3/1996","-51.875","-4.83955001831055","219","35.589","21.679","0","1.52823273012148","0.490305757825276","19.55688228",
"9/4/1996","-51.875","-4.83955001831055","219","36.748","23.564","0","1.21042698871196","0.43813384416349","17.137186128",
"9/5/1996","-51.875","-4.83955001831055","219","35.715","20.193","0","1.84413864093959","0.491594301861514","24.34764942",
"9/6/1996","-51.875","-4.83955001831055","219","37.175","18.32","0","1.5492593272122","0.431589059785826","20.342417688",
"9/7/1996","-51.875","-4.83955001831055","219","38.514","17.688","0","1.38952529379663","0.402713976783406","27.79554348",
"9/8/1996","-51.875","-4.83955001831055","219","35.897","22.813","0","2.05072803829772","0.431846252790611","21.944865168",
"9/9/1996","-51.875","-4.83955001831055","219","35.926","21.725","0","2.04359977668649","0.483345322451601","22.9917384",
"9/10/1996","-51.875","-4.83955001831055","219","35.634","21.824","0","1.92184237008763","0.509423296759555","19.643175072",
"9/11/1996","-51.875","-4.83955001831055","219","34.88","18.679","0","1.68148474754414","0.528098052686926","18.34441326",
"9/12/1996","-51.875","-4.83955001831055","219","37.709","21.973","0","1.88102677749881","0.405693036729457","26.5407237",
"9/13/1996","-51.875","-4.83955001831055","219","37.065","23.898","0","1.68387575762059","0.407598502054439","23.912373528",
"9/14/1996","-51.875","-4.83955001831055","219","37.868","23.65","0","1.53200956426692","0.428332810029909","22.44707028",
"9/15/1996","-51.875","-4.83955001831055","219","38.333","22.794","0","1.67066846825707","0.430917694018776","20.89164528",
"9/16/1996","-51.875","-4.83955001831055","219","39.82","23.602","0","1.34682331968622","0.379409225589309","27.759933792",
"9/17/1996","-51.875","-4.83955001831055","219","39.084","22.919","0","1.5882601657833","0.373842476687001","20.626935732",
"9/18/1996","-51.875","-4.83955001831055","219","35.828","20.917","0.017166132","1.98008078966317","0.449994520900503","23.06807046",
"9/19/1996","-51.875","-4.83955001831055","219","34.501","22.406","0.2231596512","1.91543253827175","0.62549507644512","16.072762212",
"9/20/1996","-51.875","-4.83955001831055","219","33.48","20.825","0.4171374","1.42918348336332","0.635898194652942","13.097759112",
"9/21/1996","-51.875","-4.83955001831055","219","35.708","19.936","0","1.895079386632","0.455757856687279","23.74542684",
"9/22/1996","-51.875","-4.83955001831055","219","32.334","23.185","0","1.72783882064543","0.513467167907505","11.8689741",
"9/23/1996","-51.875","-4.83955001831055","219","36.222","19.03","0","1.77265098626428","0.488232201879084","21.04531956",
"9/24/1996","-51.875","-4.83955001831055","219","38.003","22.08","0","1.61614712707582","0.431643912163042","20.245218768",
"9/25/1996","-51.875","-4.83955001831055","219","38.298","20.944","0","1.9755152421723","0.383261249966223","28.387573272",
"9/26/1996","-51.875","-4.83955001831055","219","39.031","23.073","0","1.51837985205565","0.432045104750701","20.95143498",
"9/27/1996","-51.875","-4.83955001831055","219","38.912","20.758","0.082397484","1.66809088990386","0.470840366717573","27.5755419",
"9/28/1996","-51.875","-4.83955001831055","219","37.007","19.523","0.036048888","1.42114217215976","0.499920826523234","20.19600378",
"9/29/1996","-51.875","-4.83955001831055","219","35.923","22.743","0.0240325992","2.09601786056","0.468852931611629","22.8846366",
"9/30/1996","-51.875","-4.83955001831055","219","35.178","20.903","0","1.47282077691921","0.537022364319319","20.04300252",
"10/1/1996","-51.875","-4.83955001831055","219","38.346","21.581","0","1.54101041924417","0.502660528368477","20.46127626",
"10/2/1996","-51.875","-4.83955001831055","219","32.946","21.381","0.0772476192","0.98820686706678","0.654475207157153","13.245575508",
"10/3/1996","-51.875","-4.83955001831055","219","31.444","22.413","5.1343944624","1.6456701168301","0.673631614289973","26.570646",
"10/4/1996","-51.875","-4.83955001831055","219","35.792","18.737","0.64201392","1.53870789707056","0.547521304511718","20.41374096",
"10/5/1996","-51.875","-4.83955001831055","219","33.419","23.468","0","1.65197156917818","0.472946895609863","21.6510804",
"10/6/1996","-51.875","-4.83955001831055","219","33.021","23.225","0","1.58637595227028","0.491618736366688","19.26118692",
"10/7/1996","-51.875","-4.83955001831055","219","33.128","22.459","0","1.3632425965278","0.546189142477628","17.11434078",
"10/8/1996","-51.875","-4.83955001831055","219","32.987","23.186","0.0034332264","1.59086694713335","0.529319362016501","15.5793366",
"10/9/1996","-51.875","-4.83955001831055","219","31.172","19.962","26.107962768","1.36231077392928","0.816670294647991","24.253992",
"10/10/1996","-51.875","-4.83955001831055","219","31.237","21.126","4.078670292","1.07416489746817","0.849654688190573","9.630117072",
"10/11/1996","-51.875","-4.83955001831055","219","35.443","20.952","1.841924196","1.10081548785786","0.66046501678171","18.7716348",
"10/12/1996","-51.875","-4.83955001831055","219","38.446","25.253","0.0240326064","1.33876981211435","0.458554954967868","20.71299168",
"10/13/1996","-51.875","-4.83955001831055","219","38.133","24.334","0.2574921672","1.37896076570885","0.527343065543865","18.63505908",
"10/14/1996","-51.875","-4.83955001831055","219","39.031","22.143","0.9372711744","1.35794110794818","0.599862228185742","17.88237864",
"10/15/1996","-51.875","-4.83955001831055","219","34.775","23.503","0.1321791984","1.37475473494346","0.50122557739703","17.88063966",
"10/16/1996","-51.875","-4.83955001831055","219","36.617","22.033","0","1.63036496545988","0.455155779698392","23.52019968",
"10/17/1996","-51.875","-4.83955001831055","219","36.567","24.021","0","1.50685060444631","0.433125497700321","19.75928112",
"10/18/1996","-51.875","-4.83955001831055","219","36.026","23.76","0.1579284","2.02816765705251","0.471019717013897","21.0794661",
"10/19/1996","-51.875","-4.83955001831055","219","33.556","21.896","0.1150131312","1.82893792784195","0.664189319058327","15.1871634",
"10/20/1996","-51.875","-4.83955001831055","219","34.776","20.646","0.1047136176","1.31703750875976","0.622580243809659","17.59347882",
"10/21/1996","-51.875","-4.83955001831055","219","31.709","21.955","4.6099674","1.80562608694301","0.741757291481029","22.69720836",
"10/22/1996","-51.875","-4.83955001831055","219","35.635","20.855","0.0034332264","1.38059466607123","0.608938585099497","18.70790364",
"10/23/1996","-51.875","-4.83955001831055","219","36.525","21.961","0.16994484","1.47739024252355","0.540682346310534","20.12247864",
"10/24/1996","-51.875","-4.83955001831055","219","37.348","24.045","0.140762376","1.37708043641503","0.503069425268258","20.23891812",
"10/25/1996","-51.875","-4.83955001831055","219","36.674","24.672","0.0978469488","1.38855816087483","0.487629551186742","20.45587644",
"10/26/1996","-51.875","-4.83955001831055","219","38.319","25.609","0.030899052","1.75355012503168","0.395198690974559","26.07676938",
"10/27/1996","-51.875","-4.83955001831055","219","37.224","24.19","0","1.69863533159935","0.429460274634485","20.74921632",
"10/28/1996","-51.875","-4.83955001831055","219","35.784","22.642","0","1.29487401559467","0.491893392604935","17.78546088",
"10/29/1996","-51.875","-4.83955001831055","219","36.696","20.766","0","1.39255662824558","0.492667691320468","26.1088272",
"10/30/1996","-51.875","-4.83955001831055","219","36.695","23.784","0.063514872","1.54848016030831","0.439966346050206","18.48138624",
"10/31/1996","-51.875","-4.83955001831055","219","37.956","23.141","0.28152468","1.91191754366002","0.430262936620478","23.24385216",
"11/1/1996","-51.875","-4.83955001831055","219","37.226","25.343","0.017166132","2.18346980433171","0.393480313324119","22.02254424",
"11/2/1996","-51.875","-4.83955001831055","219","35.289","23.7","0.25405884","2.18306694200218","0.440841395406541","25.5534228",
"11/3/1996","-51.875","-4.83955001831055","219","33.962","24.781","0","1.56973103578273","0.461424200660285","17.31341304",
"11/4/1996","-51.875","-4.83955001831055","219","34.902","23.218","0","1.54678333982898","0.520458538592758","19.47903696",
"11/5/1996","-51.875","-4.83955001831055","219","30.417","22.236","9.18388152","1.30893472257828","0.726525333728758","25.2122625",
"11/6/1996","-51.875","-4.83955001831055","219","35.403","20.863","0.7003782","1.67347075872998","0.576638240691524","19.83751452",
"11/7/1996","-51.875","-4.83955001831055","219","36.954","24.323","0","1.90842922220935","0.446100445358259","19.36777608",
"11/8/1996","-51.875","-4.83955001831055","219","35.967","22.748","0","1.66387219054713","0.453520736123867","19.17269388",
"11/9/1996","-51.875","-4.83955001831055","219","34.91","22.619","1.5621197328","2.00951901527071","0.534309319778161","20.32812522",
"11/10/1996","-51.875","-4.83955001831055","219","31.594","20.091","0.38108808","1.2855998117126","0.652091771278443","11.1598308",
"11/11/1996","-51.875","-4.83955001831055","219","36.764","19.161","0.0034332264","0.938840084807182","0.578606972743053","16.06618116",
"11/12/1996","-51.875","-4.83955001831055","219","28.768","22.345","4.792786452","0.704677246949809","0.715279436382285","3.05645508",
"11/13/1996","-51.875","-4.83955001831055","219","34.988","23.01","1.8230436","1.36363806596223","0.602716766101464","15.7697388",
"11/14/1996","-51.875","-4.83955001831055","219","30.642","22.427","8.10928674","1.64728187101053","0.744222307782076","16.68802554",
"11/15/1996","-51.875","-4.83955001831055","219","32.545","22.182","12.2875218","1.02804489138443","0.760029348433399","19.66584258",
"11/16/1996","-51.875","-4.83955001831055","219","34.356","22.542","0.4875183792","1.39572297093556","0.657726652980969","17.35740198",
"11/17/1996","-51.875","-4.83955001831055","219","34.294","23.701","2.9285412264","1.43029348169846","0.585532007782398","21.0827853",
"11/18/1996","-51.875","-4.83955001831055","219","32.119","21.838","6.82525224","1.45147588203","0.761195635885707","21.5344143",
"11/19/1996","-51.875","-4.83955001831055","219","29.664","22.326","21.5898587064","1.23592889185216","0.885365723226974","21.39974604",
"11/20/1996","-51.875","-4.83955001831055","219","31.54","23.152","7.19947296","1.18633816036761","0.796106218128157","12.2496759",
"11/21/1996","-51.875","-4.83955001831055","219","34.237","21.079","0.13389588","1.22757727548456","0.622262060769362","23.49348588",
"11/22/1996","-51.875","-4.83955001831055","219","37.467","22.466","0.2094270264","1.30916897845321","0.558231252788451","21.1127598",
"11/23/1996","-51.875","-4.83955001831055","219","29.292","22.72","7.798573944","1.25985609373906","0.802388163650977","10.7282808",
"11/24/1996","-51.875","-4.83955001831055","219","32.076","20.794","4.312130904","1.3592093087547","0.774519863461313","26.48783862",
"11/25/1996","-51.875","-4.83955001831055","219","34.313","20.498","15.0169416264","1.10780637454127","0.846843948644694","24.1147089",
"11/26/1996","-51.875","-4.83955001831055","219","33.35","20.934","2.8083798","1.07880218006604","0.796030834792024","19.17416466",
"11/27/1996","-51.875","-4.83955001831055","219","30.966","22.92","11.137391784","1.02536693760114","0.808355269839157","13.3803072",
"11/28/1996","-51.875","-4.83955001831055","219","32.793","21.603","0.0308990592","0.906799230111507","0.654410806151047","19.34268336",
"11/29/1996","-51.875","-4.83955001831055","219","33.501","20.711","0","1.27942600769204","0.670851541398851","20.5520049",
"11/30/1996","-51.875","-4.83955001831055","219","31.142","21.135","13.0617113904","1.36512909358121","0.774244035691577","17.107875",
"12/1/1996","-51.875","-4.83955001831055","219","30.581","20.478","6.72912432","1.10583143640639","0.80756418286692","26.41944852",
"12/2/1996","-51.875","-4.83955001831055","219","34.784","20.776","1.22394528","1.46376452771306","0.632383118569116","25.16501178",
"12/3/1996","-51.875","-4.83955001831055","219","35.993","22.235","0.0205993584","1.55853865570915","0.487383765523306","23.41935036",
"12/4/1996","-51.875","-4.83955001831055","219","34.172","21.908","0","1.7293838772153","0.511128349717235","19.75106214",
"12/5/1996","-51.875","-4.83955001831055","219","34.055","20.944","0","1.62330538681898","0.561858647070974","19.17067914",
"12/6/1996","-51.875","-4.83955001831055","219","36.563","20.008","0","1.31678281328096","0.500003727457797","24.64509312",
"12/7/1996","-51.875","-4.83955001831055","219","36.892","24.701","0","1.3643904345877","0.471220149199061","18.5663259",
"12/8/1996","-51.875","-4.83955001831055","219","27.535","21.834","1.066017456","1.11346302448902","0.652708487175013","4.76645616",
"12/9/1996","-51.875","-4.83955001831055","219","34.126","20.618","1.017952236","1.45630733972902","0.668412689382681","17.3092455",
"12/10/1996","-51.875","-4.83955001831055","219","32.248","22.062","6.829547004","1.55003496655926","0.745451369373475","26.7248232",
"12/11/1996","-51.875","-4.83955001831055","219","35.902","21.693","0.24032592","1.13610064896972","0.641266663784886","18.54027936",
"12/12/1996","-51.875","-4.83955001831055","219","35.02","21.605","1.8316280664","1.57573796693814","0.636055200824441","23.21594802",
"12/13/1996","-51.875","-4.83955001831055","219","27.481","21.866","14.22472032","1.46547768325263","0.87309717570668","25.0390674",
"12/14/1996","-51.875","-4.83955001831055","219","35.166","20.214","1.1020663152","1.21098248267689","0.761663052599438","14.4714969",
"12/15/1996","-51.875","-4.83955001831055","219","34.808","19.87","0.168228252","1.44757547386008","0.671249771491436","14.46103242",
"12/16/1996","-51.875","-4.83955001831055","219","33.398","21.67","0.166511556","1.20595579203597","0.631282428953233","17.31994182",
"12/17/1996","-51.875","-4.83955001831055","219","36.068","20.241","0.3072738888","1.59085919943248","0.567824038634153","20.29539276",
"12/18/1996","-51.875","-4.83955001831055","219","33.65","20.632","0.730419516","1.42053361589619","0.639120399558727","19.20454434",
"12/19/1996","-51.875","-4.83955001831055","219","37.22","20.932","0.0068664528","1.754441476723","0.519092157911146","27.6257835",
"12/20/1996","-51.875","-4.83955001831055","219","34.018","21.864","0","1.38195889096817","0.566231870511542","13.2061491",
"12/21/1996","-51.875","-4.83955001831055","219","35.154","23.049","1.56726936","1.33702480471196","0.621203937055993","17.45217792",
"12/22/1996","-51.875","-4.83955001831055","219","33.22","21.287","1.0565763192","1.87978519895206","0.677888374522369","19.739699712",
"12/23/1996","-51.875","-4.83955001831055","219","32.964","20.911","1.188755244","1.40961404364679","0.708608065766461","19.18879056",
"12/24/1996","-51.875","-4.83955001831055","219","34.927","22.102","0.55704096","1.49060920260144","0.648311987285613","20.42234604",
"12/25/1996","-51.875","-4.83955001831055","219","31.939","22","4.907797704","1.40991365133068","0.76291157916242","16.137114858",
"12/26/1996","-51.875","-4.83955001831055","219","31.047","21.731","1.8161776584","1.30628634300557","0.798846186946279","15.92364402",
"12/27/1996","-51.875","-4.83955001831055","219","26.971","21.087","14.6624508","1.17993869406871","0.888584820495616","20.83359636",
"12/28/1996","-51.875","-4.83955001831055","219","32.008","22.558","18.1617714","1.33744007902862","0.887838190080185","16.458689772",
"12/29/1996","-51.875","-4.83955001831055","219","30.832","22.436","12.82567644","1.11792322002562","0.880912543568711","13.0171527",
"12/30/1996","-51.875","-4.83955001831055","219","29.644","21.884","10.026744876","1.06147993219501","0.905985290044086","24.018804",
"12/31/1996","-51.875","-4.83955001831055","219","28.545","21.526","48.495186","1.07656548256859","0.914239253582549","11.23425378",
"1/1/1997","-51.875","-4.83955001831055","219","33.088","20.116","0.322723116","1.34403754547476","0.751561800069653","19.2345174",
"1/2/1997","-51.875","-4.83955001831055","219","27.131","21.8","21.31690824","1.29592007766631","0.95719529252537","15.51695688",
"1/3/1997","-51.875","-4.83955001831055","219","26.98","22.393","24.13560168","0.926915681211446","0.959073152793922","19.9155402",
"1/4/1997","-51.875","-4.83955001831055","219","28.266","22.566","17.60902848","0.877984742269978","0.944193334233926","19.32170202",
"1/5/1997","-51.875","-4.83955001831055","219","27.445","22.12","21.58126002","0.762534815103947","0.956326193560948","19.18338084",
"1/6/1997","-51.875","-4.83955001831055","219","27.965","22.428","22.664450124","1.02121721033746","0.935855998969136","18.166442688",
"1/7/1997","-51.875","-4.83955001831055","219","29.933","21.439","12.522693276","0.898092336893239","0.922170056933458","25.46403246",
"1/8/1997","-51.875","-4.83955001831055","219","33.681","21.509","6.1815239784","1.00158639155946","0.814201260325045","16.67941776",
"1/9/1997","-51.875","-4.83955001831055","219","30.24","20.397","5.09834196","1.2178353109483","0.850195641078162","26.08138134",
"1/10/1997","-51.875","-4.83955001831055","219","28.568","21.565","101.61320256","1.12493471487241","0.901841472879165","8.9121339",
"1/11/1997","-51.875","-4.83955001831055","219","27.217","21.728","24.16648968","1.05593511529963","0.934523524479949","18.57774096",
"1/12/1997","-51.875","-4.83955001831055","219","25.946","21.35","19.517897988","0.852943797832197","0.97023078234003","13.801220568",
"1/13/1997","-51.875","-4.83955001831055","219","31.251","21.753","7.1582770224","0.794516407959649","0.90591312246657","18.14191884",
"1/14/1997","-51.875","-4.83955001831055","219","30.566","22.603","7.4123401464","0.998191585170517","0.925541524343433","17.62318134",
"1/15/1997","-51.875","-4.83955001831055","219","30.053","22.481","12.3699151224","1.24827552253804","0.91315651440908","25.8583509",
"1/16/1997","-51.875","-4.83955001831055","219","29.662","22.527","13.1801598","1.20955060605105","0.914414565407243","19.63062972",
"1/17/1997","-51.875","-4.83955001831055","219","25.475","21.338","18.3265694208","0.936258750148819","0.956067782645403","5.288514048",
"1/18/1997","-51.875","-4.83955001831055","219","27.201","20.84","4.463195724","1.08489567517971","0.921309482078719","15.235365672",
"1/19/1997","-51.875","-4.83955001831055","219","28.701","21.521","6.521416272","0.958391328991916","0.883268425033342","18.607107888",
"1/20/1997","-51.875","-4.83955001831055","219","22.88","21.523","44.92551708","0.753222421703619","0.983490896114549","1.304999388",
"1/21/1997","-51.875","-4.83955001831055","219","27.724","20.922","8.85085632","0.819615921807419","0.945048965500519","10.60593588",
"1/22/1997","-51.875","-4.83955001831055","219","26.262","21.874","26.9920296","0.734194707408742","0.968955245675966","14.93487882",
"1/23/1997","-51.875","-4.83955001831055","219","24.803","21.873","15.30017748","0.86049841663138","0.9774676546474","10.31321718",
"1/24/1997","-51.875","-4.83955001831055","219","29.38","20.756","5.9686683624","0.989886935022956","0.899386852900729","15.81879114",
"1/25/1997","-51.875","-4.83955001831055","219","26.15","21.9","9.41219748","1.26875238477009","0.949707951020127","21.32937612",
"1/26/1997","-51.875","-4.83955001831055","219","26.653","21.904","11.92016664","1.27370225324969","0.961694212905887","22.28484798",
"1/27/1997","-51.875","-4.83955001831055","219","25.635","21.455","6.83211906","0.937261544933096","0.969066924979569","14.87868642",
"1/28/1997","-51.875","-4.83955001831055","219","25.665","21.651","7.925604912","0.900889916172276","0.970909826743751","12.11276484",
"1/29/1997","-51.875","-4.83955001831055","219","25.636","21.615","28.0700712","0.977846131451416","0.957801261331166","8.302383108",
"1/30/1997","-51.875","-4.83955001831055","219","25.525","21.763","11.40861924","0.754169798781618","0.958455770119989","7.95155562",
"1/31/1997","-51.875","-4.83955001831055","219","25.374","21.904","21.66023052","0.843606346873626","0.969593531405256","12.14871408",
"2/1/1997","-51.875","-4.83955001831055","219","29.724","21.679","8.258628744","0.900684598658919","0.912781855619332","18.50078628",
"2/2/1997","-51.875","-4.83955001831055","219","30.415","20.049","4.40139564","1.02935105152015","0.845829009989975","27.046569888",
"2/3/1997","-51.875","-4.83955001831055","219","28.126","18.819","8.1127152","0.936030949168871","0.906991782062378","27.47289384",
"2/4/1997","-51.875","-4.83955001831055","219","27.85","20.654","9.55124496","1.14659234696505","0.935371168450655","23.6138103",
"2/5/1997","-51.875","-4.83955001831055","219","31.643","21.454","5.85022302","1.12704668898805","0.864094740939394","17.64235944",
"2/6/1997","-51.875","-4.83955001831055","219","28.21","22.166","11.17515114","1.38367253294033","0.922207515423433","21.275212428",
"2/7/1997","-51.875","-4.83955001831055","219","28.021","21.86","7.0346853288","1.31322608208405","0.919170993390325","19.7612433",
"2/8/1997","-51.875","-4.83955001831055","219","28.896","19.208","5.939489376","0.939161483905017","0.905318746025851","20.95205598",
"2/9/1997","-51.875","-4.83955001831055","219","29.554","19.798","4.387663152","1.14766750904058","0.854738633901633","28.482589872",
"2/10/1997","-51.875","-4.83955001831055","219","27.502","21.084","8.049200364","1.1871658987297","0.939965601871644","21.73685454",
"2/11/1997","-51.875","-4.83955001831055","219","27.118","21.762","6.0459170184","0.985083566788488","0.94042196793177","16.7518125",
"2/12/1997","-51.875","-4.83955001831055","219","29.476","19.512","10.63613592","1.10085479083667","0.904391550437085","25.828479288",
"2/13/1997","-51.875","-4.83955001831055","219","28.216","21.553","6.217575048","0.925144175940592","0.939269006678331","23.745878568",
"2/14/1997","-51.875","-4.83955001831055","219","27.439","21.575","8.78734836","1.18515287942627","0.922751124295568","17.41848813",
"2/15/1997","-51.875","-4.83955001831055","219","26.189","22.009","14.44358988","1.08419498711913","0.954993915988191","15.367558248",
"2/16/1997","-51.875","-4.83955001831055","219","27.89","20.021","13.650514488","1.10669992279464","0.894043339133255","15.573545172",
"2/17/1997","-51.875","-4.83955001831055","219","29.722","21.209","14.7045078864","1.05132512795491","0.90088291570533","20.42561295",
"2/18/1997","-51.875","-4.83955001831055","219","28.61","19.927","6.3102748104","0.671062809392683","0.916720158988869","17.7885603",
"2/19/1997","-51.875","-4.83955001831055","219","29.396","20.87","14.5431490608","1.06910831455208","0.929208344899125","25.18183134",
"2/20/1997","-51.875","-4.83955001831055","219","26.467","22.446","10.3477518","0.733898113693891","0.967850997226966","15.202528812",
"2/21/1997","-51.875","-4.83955001831055","219","25.716","22.598","18.535998636","0.931137367373202","0.970371175335598","15.47257554",
"2/22/1997","-51.875","-4.83955001831055","219","26.562","22.07","16.77818124","1.14219822856717","0.961907193718099","23.345879922",
"2/23/1997","-51.875","-4.83955001831055","219","27.384","21.992","5.58586332","0.82432289066541","0.946106782470551","15.89449725",
"2/24/1997","-51.875","-4.83955001831055","219","28.614","19.076","6.584929704","0.804017214334835","0.927834230857927","22.78315854",
"2/25/1997","-51.875","-4.83955001831055","219","29.874","21.468","1.0145188224","1.25558145002222","0.832146565118308","23.428238778",
"2/26/1997","-51.875","-4.83955001831055","219","29.355","21.451","5.61675348","1.54767283659382","0.874528904202197","28.426108248",
"2/27/1997","-51.875","-4.83955001831055","219","31.992","20.934","0","1.60426865087594","0.755833764526525","28.05704802",
"2/28/1997","-51.875","-4.83955001831055","219","31.32","21.29","2.31742764","1.58976597864658","0.762391407452924","28.4256504",
"3/1/1997","-51.875","-4.83955001831055","219","29.334","21.102","3.230666172","1.5380668816945","0.848772024479835","24.6134808",
"3/2/1997","-51.875","-4.83955001831055","219","27.521","21.492","6.59008368","1.23591493475727","0.916104377714054","11.213268552",
"3/3/1997","-51.875","-4.83955001831055","219","26.086","21.721","9.6731247312","1.27454453564772","0.93744849369674","13.564290672",
"3/4/1997","-51.875","-4.83955001831055","219","29.832","21.629","2.037620736","1.41987467994095","0.860212648475557","22.055060592",
"3/5/1997","-51.875","-4.83955001831055","219","26.526","22.192","19.0827288","1.14785596928017","0.966639890581391","22.21774299",
"3/6/1997","-51.875","-4.83955001831055","219","31.939","20.828","7.3024703496","1.16836714819467","0.885678349454347","23.427561078",
"3/7/1997","-51.875","-4.83955001831055","219","28.283","22.074","4.9584393864","1.2624192478546","0.902826999966013","16.782806628",
"3/8/1997","-51.875","-4.83955001831055","219","26.927","22.135","8.14704912","0.880076698919741","0.941043253218845","16.4112732",
"3/9/1997","-51.875","-4.83955001831055","219","26.834","21.597","8.85515472","0.914846512968481","0.951681876515292","18.431887608",
"3/10/1997","-51.875","-4.83955001831055","219","25.698","22.54","18.65272284","0.913542601668915","0.975984858291771","9.3175875",
"3/11/1997","-51.875","-4.83955001831055","219","25.849","22.344","9.5460894","1.00099051743657","0.972922683413315","11.90570319",
"3/12/1997","-51.875","-4.83955001831055","219","26.694","21.558","5.67855072","1.01933445746979","0.953964720954471","13.547079738",
"3/13/1997","-51.875","-4.83955001831055","219","27.775","22.426","11.30561568","0.855555851300273","0.95445981163402","15.40592244",
"3/14/1997","-51.875","-4.83955001831055","219","29.056","20.78","13.09947804","1.01047608078134","0.923377436364446","18.86163894",
"3/15/1997","-51.875","-4.83955001831055","219","29.024","22.826","22.37091192","0.949956439472531","0.939834587179078","14.21803287",
"3/16/1997","-51.875","-4.83955001831055","219","26.132","21.936","11.3124888","0.805593767246362","0.968406535383417","12.92675193",
"3/17/1997","-51.875","-4.83955001831055","219","24.736","22.668","15.18602364","0.788712839862934","0.978392175171809","6.214326768",
"3/18/1997","-51.875","-4.83955001831055","219","24.14","21.404","6.1077078864","1.26018755287172","0.967622902907472","6.065999388",
"3/19/1997","-51.875","-4.83955001831055","219","29.803","21.235","3.6186219648","1.23124257741442","0.864028288071526","20.07883728",
"3/20/1997","-51.875","-4.83955001831055","219","24.178","22.207","53.57464776","0.692701565043151","0.977969094712975","4.36359159",
"3/21/1997","-51.875","-4.83955001831055","219","24.981","22.185","35.35192764","0.682879117676387","0.978728757086755","6.741788148",
"3/22/1997","-51.875","-4.83955001831055","219","24.716","21.849","20.15304336","0.666861855404034","0.978855456761093","6.480389178",
"3/23/1997","-51.875","-4.83955001831055","219","27.338","21.432","15.47184258","0.586961859133268","0.96247660985821","19.333575072",
"3/24/1997","-51.875","-4.83955001831055","219","23.295","20.611","38.643569856","0.877116780217024","0.983018382069086","0.69986223",
"3/25/1997","-51.875","-4.83955001831055","219","29.433","19.905","3.6855688608","1.08352360350615","0.867130226645081","16.14959811",
"3/26/1997","-51.875","-4.83955001831055","219","27.379","21.801","9.43279488","1.34155094249009","0.939180126585959","12.526931232",
"3/27/1997","-51.875","-4.83955001831055","219","29.867","21.84","13.79985948","1.64878906202611","0.885633265797736","21.7842246",
"3/28/1997","-51.875","-4.83955001831055","219","25.888","21.774","9.98640828","1.30580817458622","0.962071964393716","13.79846295",
"3/29/1997","-51.875","-4.83955001831055","219","26.638","22.195","9.51862914","0.943256237437031","0.961610676109068","16.20978975",
"3/30/1997","-51.875","-4.83955001831055","219","27.895","21.51","12.9261008088","1.59375969678997","0.939012454016552","24.082877232",
"3/31/1997","-51.875","-4.83955001831055","219","28.609","20.81","4.6408669992","1.41299469101482","0.900291694522882","21.73398552",
"4/1/1997","-51.875","-4.83955001831055","219","28.109","21.996","14.1328996704","0.884985014856649","0.926098447834038","22.66751124",
"4/2/1997","-51.875","-4.83955001831055","219","28.758","22.2","26.19724212","1.0081766682887","0.952478638085246","18.8827272",
"4/3/1997","-51.875","-4.83955001831055","219","26.759","20.495","6.1025612328","1.00659660010259","0.933766908917786","11.18947572",
"4/4/1997","-51.875","-4.83955001831055","219","26.833","20.384","9.4499569512","0.799326795385415","0.944723418510915","22.61812248",
"4/5/1997","-51.875","-4.83955001831055","219","24.813","19.555","5.4159161256","0.819710445935826","0.952316813332754","8.234215668",
"4/6/1997","-51.875","-4.83955001831055","219","30.263","18.344","1.5174858528","0.978223281867845","0.885315200157369","21.92034726",
"4/7/1997","-51.875","-4.83955001831055","219","26.487","22.412","12.078096336","0.838120308204159","0.961710053960928","19.905748452",
"4/8/1997","-51.875","-4.83955001831055","219","25.268","22.278","15.44266044","1.1087182615502","0.97326587742917","12.7470897",
"4/9/1997","-51.875","-4.83955001831055","219","28.818","22.24","12.64801212","1.28631546739551","0.924668592485461","20.14768242",
"4/10/1997","-51.875","-4.83955001831055","219","29.009","21.915","3.17745216","1.75344831435093","0.851903176970515","21.92011956",
"4/11/1997","-51.875","-4.83955001831055","219","29.086","20.845","3.673550556","1.33188093900232","0.891292265974206","21.08661066",
"4/12/1997","-51.875","-4.83955001831055","219","25.923","22.135","16.0305948","1.06518848330931","0.970139095939951","12.8822076",
"4/13/1997","-51.875","-4.83955001831055","219","25.655","22.115","12.25490724","1.21090871148533","0.969537441004022","15.30236466",
"4/14/1997","-51.875","-4.83955001831055","219","27.306","21.941","9.264573","1.14014363424666","0.937770558586839","18.79160724",
"4/15/1997","-51.875","-4.83955001831055","219","29.273","21.993","11.29359888","1.02213855732636","0.923883570355642","17.11979856",
"4/16/1997","-51.875","-4.83955001831055","219","29.057","22.364","17.3995983","1.26406210063303","0.924277810604289","21.27403026",
"4/17/1997","-51.875","-4.83955001831055","219","29.521","22.304","14.81266098","1.46544222552811","0.871822946851068","17.34018858",
"4/18/1997","-51.875","-4.83955001831055","219","31.143","22.227","0.2351760264","1.51443197100448","0.798159834465316","21.9071826",
"4/19/1997","-51.875","-4.83955001831055","219","30.499","21.195","4.538729988","1.54199204583832","0.868357279887538","22.9562991",
"4/20/1997","-51.875","-4.83955001831055","219","30.573","21.304","0.068664528","1.14032251642996","0.82142304648027","13.61783952",
"4/21/1997","-51.875","-4.83955001831055","219","29.556","20.423","4.91380704","1.09376400843294","0.905643435820054","21.07569294",
"4/22/1997","-51.875","-4.83955001831055","219","30.026","21.779","11.1940416","0.833976573692109","0.90940385422069","20.75152932",
"4/23/1997","-51.875","-4.83955001831055","219","27.933","22.454","37.8976788","0.939764246593337","0.952503436767992","15.56404164",
"4/24/1997","-51.875","-4.83955001831055","219","27.681","22.613","26.64957816","1.10842070467538","0.957783054986701","20.59594164",
"4/25/1997","-51.875","-4.83955001831055","219","25.299","21.571","10.2267287064","0.967555925737622","0.973629655567794","15.39377262",
"4/26/1997","-51.875","-4.83955001831055","219","25.938","21.402","7.6766957424","0.72628553500932","0.96386201168304","14.61476772",
"4/27/1997","-51.875","-4.83955001831055","219","24.621","22.032","14.13974412","0.927390349028198","0.97673428575432","13.66481556",
"4/28/1997","-51.875","-4.83955001831055","219","25.492","20.313","18.0793837224","0.882658350174724","0.974994304674366","9.85432464",
"4/29/1997","-51.875","-4.83955001831055","219","30.739","21.501","16.819372764","0.939664692036772","0.919378055565953","18.38458242",
"4/30/1997","-51.875","-4.83955001831055","219","28.525","21.294","21.03195564","0.67262365117805","0.938762364321596","17.27499204",
"5/1/1997","-51.875","-4.83955001831055","219","26.914","22.289","15.725893968","0.763142510016033","0.956176573501314","19.4171076",
"5/2/1997","-51.875","-4.83955001831055","219","26.769","21.597","10.475635824","0.76243146303605","0.954870300519453","4.7440116",
"5/3/1997","-51.875","-4.83955001831055","219","26.2","21.614","12.836834928","0.826977643033461","0.971610880015141","14.77585944",
"5/4/1997","-51.875","-4.83955001831055","219","26.047","21.942","9.54780876","0.866809482763465","0.969249291511464","11.98957878",
"5/5/1997","-51.875","-4.83955001831055","219","23.904","20.805","92.64216852","0.665718856209628","0.982191131120773","2.945924802",
"5/6/1997","-51.875","-4.83955001831055","219","27.562","21.542","2.0170207944","1.36349221095467","0.909424826988935","12.1080897",
"5/7/1997","-51.875","-4.83955001831055","219","28.831","21.03","3.2117841504","1.4937393953978","0.88413053741813","19.63693386",
"5/8/1997","-51.875","-4.83955001831055","219","28.207","21.528","4.2812342064","1.42452132947885","0.881483167430149","16.15331556",
"5/9/1997","-51.875","-4.83955001831055","219","28.11","21.148","8.222579748","1.52345874578778","0.912800765075901","20.99452986",
"5/10/1997","-51.875","-4.83955001831055","219","29.692","21.144","2.593803636","1.53314417235434","0.880778433484364","12.05820612",
"5/11/1997","-51.875","-4.83955001831055","219","30.323","20.562","1.536369264","1.29245626527524","0.859379099765692","10.06886466",
"5/12/1997","-51.875","-4.83955001831055","219","30.739","20.889","4.9867632144","1.2274133224599","0.8704428759021","18.20852046",
"5/13/1997","-51.875","-4.83955001831055","219","30.472","19.869","3.531075804","1.27783450655478","0.85806166370301","24.10644528",
"5/14/1997","-51.875","-4.83955001831055","219","31.227","19.716","1.8110310984","0.84543846298441","0.854786976312665","23.87390022",
"5/15/1997","-51.875","-4.83955001831055","219","31.364","18.544","5.470849116","1.06810391816174","0.867988723649722","24.04806156",
"5/16/1997","-51.875","-4.83955001831055","219","29.543","20.767","6.483652236","1.03947176651689","0.892005273899801","12.06241776",
"5/17/1997","-51.875","-4.83955001831055","219","28.625","20.38","3.81774564","1.40581005681697","0.879952009922446","23.41164762",
"5/18/1997","-51.875","-4.83955001831055","219","32.327","19.853","0","1.54111740917905","0.738898256106887","24.1333812",
"5/19/1997","-51.875","-4.83955001831055","219","32.711","20.358","0","1.66600619796769","0.676444887196438","23.63321466",
"5/20/1997","-51.875","-4.83955001831055","219","30.314","20.395","0.1527786288","1.53740084180768","0.779495336196289","14.0715576",
"5/21/1997","-51.875","-4.83955001831055","219","32.689","21.147","0.0446319576","1.51316598786916","0.708787094564661","22.6577277",
"5/22/1997","-51.875","-4.83955001831055","219","32.806","20.054","0","1.52512585781244","0.643433472596592","21.8015496",
"5/23/1997","-51.875","-4.83955001831055","219","33.355","20.575","0","1.77239306370308","0.632341445822412","22.4399898",
"5/24/1997","-51.875","-4.83955001831055","219","32.785","20.632","0.31242366","1.91326429314736","0.672489016515355","23.7531456",
"5/25/1997","-51.875","-4.83955001831055","219","30.494","20.757","3.061579572","1.07070112948753","0.872297452669314","12.87826794",
"5/26/1997","-51.875","-4.83955001831055","219","31.268","20.022","0.8771898528","1.45050482067274","0.780004465632439","22.54319604",
"5/27/1997","-51.875","-4.83955001831055","219","30.329","19.988","2.2693641192","1.23064543307803","0.819517773629376","17.19135216",
"5/28/1997","-51.875","-4.83955001831055","219","32.466","21.027","2.5783525584","1.03791283035495","0.778147397974828","12.52912662",
"5/29/1997","-51.875","-4.83955001831055","219","33.429","19.734","0","1.35817305727538","0.67246210962151","18.59434164",
"5/30/1997","-51.875","-4.83955001831055","219","33.464","22.496","0","1.33792001587227","0.603635678134009","23.3667",
"5/31/1997","-51.875","-4.83955001831055","219","33.614","19.489","0.0102996792","1.43630243618808","0.638143577555974","19.42987572",
"6/1/1997","-51.875","-4.83955001831055","219","32.214","19.827","0","1.25440070576244","0.650400194337885","21.69422406",
"6/2/1997","-51.875","-4.83955001831055","219","28.485","20.936","0.50983416","1.20195939746294","0.794998432706021","10.47082608",
"6/3/1997","-51.875","-4.83955001831055","219","32.967","20.436","0","1.37009860453529","0.698768827825441","19.8472419",
"6/4/1997","-51.875","-4.83955001831055","219","32.814","19.269","0","1.63444105638028","0.654373181523279","22.37298516",
"6/5/1997","-51.875","-4.83955001831055","219","32.964","22.074","0.1167297624","1.66750205731546","0.644242373034581","22.9730598",
"6/6/1997","-51.875","-4.83955001831055","219","33.847","20.569","0","0.976648587368084","0.686777776172924","17.92692864",
"6/7/1997","-51.875","-4.83955001831055","219","33.228","22.509","0","1.12265844089107","0.60700832657664","17.39204928",
"6/8/1997","-51.875","-4.83955001831055","219","30.228","19.84","3.3920294184","0.491447128774395","0.84113861721603","21.17840508",
"6/9/1997","-51.875","-4.83955001831055","219","31.165","20.796","1.7560947384","0.982451288419191","0.876171726628007","9.5577786",
"6/10/1997","-51.875","-4.83955001831055","219","33.582","20.179","1.03683564","1.04049384269643","0.74975292246377","15.71214492",
"6/11/1997","-51.875","-4.83955001831055","219","33.702","19.72","0","1.46403534882093","0.583405775050556","20.62625706",
"6/12/1997","-51.875","-4.83955001831055","219","33.776","19.954","0.09784692","1.31300506418293","0.61270515015912","19.2572982",
"6/13/1997","-51.875","-4.83955001831055","219","33.395","21.47","10.848996756","1.4799316969403","0.70860874037586","17.565805458",
"6/14/1997","-51.875","-4.83955001831055","219","33.599","21.852","0","1.38644790155526","0.551473568011295","23.4453978",
"6/15/1997","-51.875","-4.83955001831055","219","32.455","21.284","0","1.48850528290043","0.596731023211409","19.58405886",
"6/16/1997","-51.875","-4.83955001831055","219","33.463","18.472","0","1.3443615817696","0.608437959746701","23.29244298",
"6/17/1997","-51.875","-4.83955001831055","219","33.362","18.131","0","1.51384137843123","0.529704080374857","23.83700886",
"6/18/1997","-51.875","-4.83955001831055","219","33.76","20.069","0","1.43318635463661","0.513468567701085","20.28223296",
"6/19/1997","-51.875","-4.83955001831055","219","33.617","18.676","0","1.20517541070416","0.573938906955928","21.276837",
"6/20/1997","-51.875","-4.83955001831055","219","33.272","19.655","0.37765512","1.50710231382364","0.555132330150806","22.13819748",
"6/21/1997","-51.875","-4.83955001831055","219","33.75","16.129","0","1.26733678815449","0.502301026990026","23.62465944",
"6/22/1997","-51.875","-4.83955001831055","219","33.766","18.725","0","1.65320692834546","0.560362650918299","22.74604524",
"6/23/1997","-51.875","-4.83955001831055","219","33.887","19.656","0","1.60966629561166","0.586322359445457","23.30268426",
"6/24/1997","-51.875","-4.83955001831055","219","33.65","21.362","0","1.52164278666457","0.490731435402492","23.63703876",
"6/25/1997","-51.875","-4.83955001831055","219","33.136","21.004","0","1.64381999495917","0.50049369696888","23.87571084",
"6/26/1997","-51.875","-4.83955001831055","219","33.278","17.754","0","1.32933869220473","0.538139332418769","23.69064726",
"6/27/1997","-51.875","-4.83955001831055","219","33.514","14.318","0","1.17865685421518","0.563698504816639","23.60778804",
"6/28/1997","-51.875","-4.83955001831055","219","33.668","17.511","0.0137329128","0.868758833150815","0.67437680247585","17.3627442",
"6/29/1997","-51.875","-4.83955001831055","219","32.636","16.414","0","1.31978684057589","0.598697789894686","22.42125522",
"6/30/1997","-51.875","-4.83955001831055","219","33.654","17.492","0","1.39473205649985","0.489730174311893","22.32370782",
"7/1/1997","-51.875","-4.83955001831055","219","33.732","17.868","0","1.45137946273412","0.50866632947738","23.82192738",
"7/2/1997","-51.875","-4.83955001831055","219","32.081","17.247","0","0.988174035256813","0.681156799442398","16.89130674",
"7/3/1997","-51.875","-4.83955001831055","219","33.562","18.724","0.1270294632","1.14980670565189","0.640619980222599","14.09383494",
"7/4/1997","-51.875","-4.83955001831055","219","33.643","17.66","0.262642176","1.07594920628244","0.662431897561922","23.23979982",
"7/5/1997","-51.875","-4.83955001831055","219","34.233","18.389","0","1.5764745792639","0.465507083019728","24.05902536",
"7/6/1997","-51.875","-4.83955001831055","219","33.713","21.709","0","1.59984301811403","0.4381540629053","16.83022554",
"7/7/1997","-51.875","-4.83955001831055","219","33.657","18.229","0","1.96102443932796","0.425644515075857","24.09451812",
"7/8/1997","-51.875","-4.83955001831055","219","33.582","17.777","0","1.65896991835985","0.49306429447903","24.0852933",
"7/9/1997","-51.875","-4.83955001831055","219","33.49","18.649","0","1.6782382488298","0.49099431186466","18.31173642",
"7/10/1997","-51.875","-4.83955001831055","219","33.864","20.828","0","1.86606669963955","0.446246796537835","24.1842906",
"7/11/1997","-51.875","-4.83955001831055","219","34.343","18.634","0","1.87912146929181","0.426593262779134","24.40316304",
"7/12/1997","-51.875","-4.83955001831055","219","34.203","18.326","0","1.6077362338364","0.440107516403384","22.7886228",
"7/13/1997","-51.875","-4.83955001831055","219","34.031","18.642","0","1.58680179034366","0.496387995431781","19.21185216",
"7/14/1997","-51.875","-4.83955001831055","219","34.837","18.2","0","1.62768917926494","0.459538189405279","24.21370764",
"7/15/1997","-51.875","-4.83955001831055","219","34.319","19.564","0.940704624","0.874690138836209","0.642936367163478","16.06089366",
"7/16/1997","-51.875","-4.83955001831055","219","34.93","17.407","0","1.56063358619842","0.491884650993809","24.369471",
"7/17/1997","-51.875","-4.83955001831055","219","34.801","18.51","0","1.73037379726329","0.418637526191755","24.65741304",
"7/18/1997","-51.875","-4.83955001831055","219","33.746","18.101","0","1.75779600800354","0.4607979786903","23.78205216",
"7/19/1997","-51.875","-4.83955001831055","219","34.392","20.595","0","1.68581639613746","0.459708302985341","22.24029456",
"7/20/1997","-51.875","-4.83955001831055","219","33.072","18.588","0","1.8101383041729","0.464612654838723","22.0919598",
"7/21/1997","-51.875","-4.83955001831055","219","34.491","19.484","0","1.82000020580298","0.466002140747228","24.1309701",
"7/22/1997","-51.875","-4.83955001831055","219","34.254","18.815","0","1.44237380666493","0.491040902162498","19.68558948",
"7/23/1997","-51.875","-4.83955001831055","219","34.59","24.352","0","1.72780078511281","0.42707326478903","20.26530054",
"7/24/1997","-51.875","-4.83955001831055","219","31.772","19.128","0","1.50814506744289","0.52007866582216","9.25560162",
"7/25/1997","-51.875","-4.83955001831055","219","32.383","20.421","0","1.56838555441101","0.519230872097734","22.21925418",
"7/26/1997","-51.875","-4.83955001831055","219","33.626","23.008","0","2.00109533909856","0.429089946839646","19.55019708",
"7/27/1997","-51.875","-4.83955001831055","219","34.925","20.188","0","1.68212185419448","0.396040017536339","24.59221146",
"7/28/1997","-51.875","-4.83955001831055","219","35.149","23.315","0","1.56396957163602","0.385887831961687","24.51460158",
"7/29/1997","-51.875","-4.83955001831055","219","34.492","23.931","0","1.5369628017452","0.410219357671928","13.616380908",
"7/30/1997","-51.875","-4.83955001831055","219","33.343","21.78","0","1.27583975121056","0.554858207404307","14.63164056",
"7/31/1997","-51.875","-4.83955001831055","219","33.752","17.012","0","1.68664187438517","0.596761838443025","19.42132068",
"8/1/1997","-51.875","-4.83955001831055","219","33.816","20.085","0","1.6195242189773","0.569894913117744","19.63204254",
"8/2/1997","-51.875","-4.83955001831055","219","33.096","18.529","0","1.41170563945754","0.633919015186621","11.87420508",
"8/3/1997","-51.875","-4.83955001831055","219","32","17.101","0","1.58868137997421","0.640266883162849","15.20719272",
"8/4/1997","-51.875","-4.83955001831055","219","33.956","20.096","0.267792012","1.46414705641033","0.625191403544271","22.47075324",
"8/5/1997","-51.875","-4.83955001831055","219","35.164","17.535","0","1.82083991943039","0.371836473830438","25.71069438",
"8/6/1997","-51.875","-4.83955001831055","219","35.753","18.48","0","1.73730288318796","0.408927896003891","18.61885836",
"8/7/1997","-51.875","-4.83955001831055","219","33.375","22.158","0","1.31481365231194","0.488112121890743","14.13342828",
"8/8/1997","-51.875","-4.83955001831055","219","34.501","22.306","0.0858306024","1.20553758319972","0.515655590084926","15.45902172",
"8/9/1997","-51.875","-4.83955001831055","219","33.902","19.623","2.53543284","1.24040091743308","0.629512507246454","18.8919",
"8/10/1997","-51.875","-4.83955001831055","219","36.185","19.136","0","0.945857139397907","0.598296049550921","18.99770328",
"8/11/1997","-51.875","-4.83955001831055","219","30.105","20.036","4.1001341184","1.51810533608109","0.715752283841717","19.11420036",
"8/12/1997","-51.875","-4.83955001831055","219","32.553","18.228","2.8049445","0.810407528738291","0.85773140667338","7.879784688",
"8/13/1997","-51.875","-4.83955001831055","219","32.31","20.788","2.77233264","1.18680927667816","0.774063597788408","16.2308826",
"8/14/1997","-51.875","-4.83955001831055","219","31.613","18.718","0.03604896","1.52003553038014","0.749884574857457","20.20482738",
"8/15/1997","-51.875","-4.83955001831055","219","34.704","20.982","1.3853080152","1.14707680495975","0.682502675997257","18.02682774",
"8/16/1997","-51.875","-4.83955001831055","219","32.923","19.479","1.680564636","1.38755640285404","0.655580777652848","20.48979546",
"8/17/1997","-51.875","-4.83955001831055","219","34.651","16.811","0.1785276504","1.24436276752645","0.620934981475648","18.64170504",
"8/18/1997","-51.875","-4.83955001831055","219","34.243","18.793","0","1.53813594241228","0.514524004789808","19.61291106",
"8/19/1997","-51.875","-4.83955001831055","219","34.686","18.469","0","1.77018100808689","0.535366535818461","21.26407806",
"8/20/1997","-51.875","-4.83955001831055","219","36.368","19.262","0","1.66042916286743","0.422581533922175","25.91437428",
"8/21/1997","-51.875","-4.83955001831055","219","36.776","24.297","0","1.44038814854345","0.403114118306501","19.97842878",
"8/22/1997","-51.875","-4.83955001831055","219","38.788","23.365","0","1.05147827799182","0.412538454564401","26.29057554",
"8/23/1997","-51.875","-4.83955001831055","219","38.636","18.321","0","1.2370410989491","0.462741741881865","21.08362527",
"8/24/1997","-51.875","-4.83955001831055","219","38.088","22.558","0","1.21292875059179","0.418621535002326","25.910606808",
"8/25/1997","-51.875","-4.83955001831055","219","36.824","20.468","0","1.41976951799471","0.449883374089055","21.917198412",
"8/26/1997","-51.875","-4.83955001831055","219","34.565","17.781","0","1.4695867116423","0.495435233309538","14.3519643",
"8/27/1997","-51.875","-4.83955001831055","219","36.877","21.961","0","1.81432360668532","0.4644264486189","18.18444204",
"8/28/1997","-51.875","-4.83955001831055","219","36.482","20.003","0","1.39468282663519","0.432319535006558","22.51557288",
"8/29/1997","-51.875","-4.83955001831055","219","35.615","17.78","0","1.48915456078842","0.479538993440522","18.57330036",
"8/30/1997","-51.875","-4.83955001831055","219","34.068","21.67","0","1.55246490668969","0.59275172297395","18.73630584",
"8/31/1997","-51.875","-4.83955001831055","219","34.782","20.548","0","1.36936311648827","0.568112034918178","16.52344038",
"9/1/1997","-51.875","-4.83955001831055","219","35.154","22.326","0.168228288","1.62928974459511","0.549269834512046","25.74776628",
"9/2/1997","-51.875","-4.83955001831055","219","36.744","21.299","0.05493168","1.37440195308312","0.585651952097028","23.28411834",
"9/3/1997","-51.875","-4.83955001831055","219","35.161","22.718","3.491594892","1.36700056609567","0.563057473169763","21.153435408",
"9/4/1997","-51.875","-4.83955001831055","219","36.01","24.455","0","1.72000470371104","0.538888412532731","18.69890166",
"9/5/1997","-51.875","-4.83955001831055","219","37.678","21.358","0.39482136","1.16525010078344","0.599224566725783","18.988427628",
"9/6/1997","-51.875","-4.83955001831055","219","36.8","24.896","0","1.29078063212517","0.415418246343628","12.26632365",
"9/7/1997","-51.875","-4.83955001831055","219","37.282","26.347","0","1.98879299478908","0.4119716361915","19.477182168",
"9/8/1997","-51.875","-4.83955001831055","219","34.563","22.957","0.690078672","1.84799870970971","0.609242144720312","18.10654092",
"9/9/1997","-51.875","-4.83955001831055","219","34.241","22.252","0.37078848","1.48680626931868","0.621891879658034","19.28818188",
"9/10/1997","-51.875","-4.83955001831055","219","37.021","18.093","0","0.97415489065668","0.608987126860529","19.999405368",
"9/11/1997","-51.875","-4.83955001831055","219","34.703","19.921","0.075531024","1.4026803395769","0.557247461560266","19.7174853",
"9/12/1997","-51.875","-4.83955001831055","219","34.808","18.772","0.32615658","1.62733078396762","0.536651794838596","25.98305301",
"9/13/1997","-51.875","-4.83955001831055","219","37.826","19.265","0.054931644","1.55918680973467","0.491893792371903","8.006850612",
"9/14/1997","-51.875","-4.83955001831055","219","35.595","21.234","0","1.79240564952403","0.477469449585431","23.02734996",
"9/15/1997","-51.875","-4.83955001831055","219","37.501","25.028","0","1.56962319843643","0.361749963469208","25.319754522",
"9/16/1997","-51.875","-4.83955001831055","219","39.317","20.618","0","1.39202000386693","0.375407454791212","28.31906736",
"9/17/1997","-51.875","-4.83955001831055","219","38.633","22.837","0","1.54786182697348","0.415339582886658","21.19427838",
"9/18/1997","-51.875","-4.83955001831055","219","34.973","25.085","0","2.07936823833514","0.524925381362299","18.188773632",
"9/19/1997","-51.875","-4.83955001831055","219","35.057","21.161","0","1.69624293553205","0.593950676519745","16.9276545",
"9/20/1997","-51.875","-4.83955001831055","219","37.843","21.17","0.243759456","1.83520417970013","0.514022269066909","27.5367942",
"9/21/1997","-51.875","-4.83955001831055","219","39.372","20.674","0.05149854","1.635981974648","0.439519420938131","22.833001728",
"9/22/1997","-51.875","-4.83955001831055","219","39.397","25.87","0.181960812","1.43038392281727","0.476744461105946","14.299312392",
"9/23/1997","-51.875","-4.83955001831055","219","37.608","26.786","0","1.97296141130423","0.431738623937771","24.33723282",
"9/24/1997","-51.875","-4.83955001831055","219","38.36","23.974","0","2.38891191301781","0.365772344997666","28.214888328",
"9/25/1997","-51.875","-4.83955001831055","219","37.847","25.279","0","2.97717560425311","0.425016010287604","28.296448992",
"9/26/1997","-51.875","-4.83955001831055","219","37.678","23.794","0","2.07138569431408","0.424961251581415","28.41508116",
"9/27/1997","-51.875","-4.83955001831055","219","38.437","22.917","0","1.49617506941584","0.429042410756485","21.11968674",
"9/28/1997","-51.875","-4.83955001831055","219","36.264","21.917","0.490951332","2.14091292801769","0.511709019240407","24.85642716",
"9/29/1997","-51.875","-4.83955001831055","219","38.143","22.333","0","2.25427817401958","0.452577545405436","28.6030719",
"9/30/1997","-51.875","-4.83955001831055","219","38.191","23.346","0","2.10582326668264","0.395680438570015","27.915246",
"10/1/1997","-51.875","-4.83955001831055","219","39.039","24.307","0","2.16905109422796","0.346508553119847","28.73463912",
"10/2/1997","-51.875","-4.83955001831055","219","38.242","24.188","0","1.27047803503242","0.43017391273943","20.6732835",
"10/3/1997","-51.875","-4.83955001831055","219","38.659","21.851","0","2.33661062262599","0.350046698839383","28.41232626",
"10/4/1997","-51.875","-4.83955001831055","219","37.935","24.843","0","2.14794685438473","0.36281007441905","23.36591178",
"10/5/1997","-51.875","-4.83955001831055","219","37.857","27.377","0","2.01695213508393","0.351775763404827","19.59423714",
"10/6/1997","-51.875","-4.83955001831055","219","36.012","23.614","0.0514984248","1.90855877086013","0.462332093682138","18.35909874",
"10/7/1997","-51.875","-4.83955001831055","219","38.406","20.615","0","1.46498884841872","0.407508314300294","21.033337752",
"10/8/1997","-51.875","-4.83955001831055","219","37.221","23.033","0","1.55366383799146","0.433127392106451","24.067066032",
"10/9/1997","-51.875","-4.83955001831055","219","39.329","24.079","0","2.13208228679241","0.391155726252703","29.02286664",
"10/10/1997","-51.875","-4.83955001831055","219","39.279","26.049","0.147628836","1.37201218149851","0.440024732314268","16.711703028",
"10/11/1997","-51.875","-4.83955001831055","219","34.993","22.606","0.0617980896","1.60299782148123","0.45838901551502","20.05930926",
"10/12/1997","-51.875","-4.83955001831055","219","38.781","23.477","0","1.70685946196747","0.421247047604364","22.06113876",
"10/13/1997","-51.875","-4.83955001831055","219","39.704","26.961","0","1.78895346894937","0.333543015210824","23.93425944",
"10/14/1997","-51.875","-4.83955001831055","219","39.909","25.231","0.36048888","1.6129444463539","0.351962373147462","26.50972464",
"10/15/1997","-51.875","-4.83955001831055","219","37.582","23.169","1.0334016","1.57738544471264","0.494767573166397","19.45068624",
"10/16/1997","-51.875","-4.83955001831055","219","39.223","24.962","0.089263944","2.01330069819597","0.434641295686655","22.8569544",
"10/17/1997","-51.875","-4.83955001831055","219","39.387","27.819","0","2.13106004863519","0.354427397274665","21.3812397",
"10/18/1997","-51.875","-4.83955001831055","219","38.511","24.747","0.0171661464","1.79880442751964","0.352344003349841","24.20460288",
"10/19/1997","-51.875","-4.83955001831055","219","37.728","22.821","0","2.01575827227437","0.432730279589483","20.48068008",
"10/20/1997","-51.875","-4.83955001831055","219","35.303","21.93","2.96974116","1.22353490824753","0.645391702745942","14.1329241",
"10/21/1997","-51.875","-4.83955001831055","219","33.83","21.831","0","1.57427535220879","0.620857576606762","16.358344632",
"10/22/1997","-51.875","-4.83955001831055","219","36.839","22.84","1.040267952","1.86010961391722","0.501740492504484","24.22175778",
"10/23/1997","-51.875","-4.83955001831055","219","36.654","25.178","0","1.74139607001024","0.437494940217832","16.48726956",
"10/24/1997","-51.875","-4.83955001831055","219","36.156","23.456","0","1.87335806179258","0.469517626767101","22.48768224",
"10/25/1997","-51.875","-4.83955001831055","219","38.228","24.542","0","2.06348775699607","0.405849725275098","22.39654896",
"10/26/1997","-51.875","-4.83955001831055","219","36.889","25.572","0","1.75593641226522","0.398398015753487","24.19233336",
"10/27/1997","-51.875","-4.83955001831055","219","34.405","25.039","0.02059938","2.0219862423317","0.455011418739451","16.86268476",
"10/28/1997","-51.875","-4.83955001831055","219","38.39","23.758","0","1.98722807450933","0.39586015459068","28.31478408",
"10/29/1997","-51.875","-4.83955001831055","219","36.925","23.861","0","1.3652093991963","0.438954876865347","18.86242806",
"10/30/1997","-51.875","-4.83955001831055","219","38.635","26.555","0","1.88538196377952","0.385957490592615","20.8842174",
"10/31/1997","-51.875","-4.83955001831055","219","36.947","25.839","0.017166132","2.29006773768517","0.430581440171516","21.00723912",
"11/1/1997","-51.875","-4.83955001831055","219","36.877","24.413","0.0137329128","1.4767627471588","0.482717636012832","16.15089168",
"11/2/1997","-51.875","-4.83955001831055","219","37.528","23.315","0.0034332264","1.61783026607435","0.378241868380576","25.27801956",
"11/3/1997","-51.875","-4.83955001831055","219","39.087","24.843","0","1.87924855451184","0.334529129636752","23.83762752",
"11/4/1997","-51.875","-4.83955001831055","219","38.994","20.397","0","1.51366351739934","0.387039298566524","21.66175872",
"11/5/1997","-51.875","-4.83955001831055","219","39.569","24.915","0","2.29150972857209","0.353193708672594","25.29674892",
"11/6/1997","-51.875","-4.83955001831055","219","38.682","25.973","0.0205993728","1.95281431755481","0.396405800017077","20.15443206",
"11/7/1997","-51.875","-4.83955001831055","219","39.15","24.798","0","1.86062034869275","0.366821380247096","20.46656556",
"11/8/1997","-51.875","-4.83955001831055","219","38.559","24.538","0","2.07451168435066","0.397301067522133","23.11385112",
"11/9/1997","-51.875","-4.83955001831055","219","37.982","26.512","0","2.67634259852864","0.424802087954369","21.06326664",
"11/10/1997","-51.875","-4.83955001831055","219","38.351","23.57","0","1.76043497743054","0.440801993883174","21.54943008",
"11/11/1997","-51.875","-4.83955001831055","219","36.732","26.64","0","2.12493256293313","0.385740653385101","23.08922298",
"11/12/1997","-51.875","-4.83955001831055","219","37.732","24.974","0.035190576","1.77382532943514","0.445819317286253","20.54413368",
"11/13/1997","-51.875","-4.83955001831055","219","36.185","26.95","0.0274658184","2.21309692784905","0.426445715939921","20.7810486",
"11/14/1997","-51.875","-4.83955001831055","219","36.338","22.223","0.4720686048","1.61654831980468","0.554894219875403","17.9532",
"11/15/1997","-51.875","-4.83955001831055","219","34.985","20.846","4.2795215352","1.23088556462123","0.686554116016155","19.14260796",
"11/16/1997","-51.875","-4.83955001831055","219","34.793","21.861","0","1.44052617733484","0.631646487921345","20.46194856",
"11/17/1997","-51.875","-4.83955001831055","219","36.738","22.34","0.757027368","1.29061949422738","0.535827771553426","23.57949636",
"11/18/1997","-51.875","-4.83955001831055","219","35.822","22.037","2.051353908","1.43531338973153","0.709399978430707","19.49906772",
"11/19/1997","-51.875","-4.83955001831055","219","33.162","21.937","0.2523425256","1.71693593418323","0.641668728986294","19.9315674",
"11/20/1997","-51.875","-4.83955001831055","219","35.323","22.277","0","1.59377544479464","0.51416891209398","20.35130724",
"11/21/1997","-51.875","-4.83955001831055","219","36.276","21.303","3.7542376944","1.34220966120327","0.661797879856458","19.35112428",
"11/22/1997","-51.875","-4.83955001831055","219","32.02","22.181","7.8191779608","1.42742838330073","0.834883623455565","26.55169218",
"11/23/1997","-51.875","-4.83955001831055","219","29.25","23.224","8.306690976","1.28375368326735","0.891867851298472","24.30613008",
"11/24/1997","-51.875","-4.83955001831055","219","33.761","21.911","6.8372760456","1.36351867073557","0.779874630602693","14.77232352",
"11/25/1997","-51.875","-4.83955001831055","219","31.928","22.08","20.513538","1.14124559167304","0.853184279706615","19.5819732",
"11/26/1997","-51.875","-4.83955001831055","219","35.852","22.616","4.3722155664","1.18196895272481","0.669310568611703","20.11021164",
"11/27/1997","-51.875","-4.83955001831055","219","33.365","23.705","0.786209076","1.7464954928831","0.611780084107761","11.3580558",
"11/28/1997","-51.875","-4.83955001831055","219","36.817","22.821","0","2.09019785179857","0.521124067868911","22.97170836",
"11/29/1997","-51.875","-4.83955001831055","219","36.906","23.892","0.030899052","2.12494075790782","0.512356387340729","20.84366286",
"11/30/1997","-51.875","-4.83955001831055","219","36.699","23.506","0","1.99033817600643","0.477654249477782","27.1876518",
"12/1/1997","-51.875","-4.83955001831055","219","37.238","24.88","0","2.35915003975693","0.402356675027452","27.9681147",
"12/2/1997","-51.875","-4.83955001831055","219","36.084","24.173","0","2.07866168768911","0.497453346081136","24.66624258",
"12/3/1997","-51.875","-4.83955001831055","219","36.166","26.781","0","1.56265324421123","0.476922214468158","16.86363786",
"12/4/1997","-51.875","-4.83955001831055","219","34.08","22.912","2.651308704","1.52227475185557","0.556602224914187","18.06372522",
"12/5/1997","-51.875","-4.83955001831055","219","33.765","24.998","0.109863288","1.7095224541559","0.516032189168767","19.9002366",
"12/6/1997","-51.875","-4.83955001831055","219","34.784","23.508","0.79822476","1.45756362923311","0.574539249400632","9.57942954",
"12/7/1997","-51.875","-4.83955001831055","219","35.249","22.32","2.343180168","1.69494138108614","0.620400698776773","20.70432522",
"12/8/1997","-51.875","-4.83955001831055","219","36.881","24.294","0.07209792","1.83635652434876","0.511924695490858","21.33995634",
"12/9/1997","-51.875","-4.83955001831055","219","35.86","21.498","2.74829904","1.29552063522792","0.622901782428863","20.25196704",
"12/10/1997","-51.875","-4.83955001831055","219","34.387","20.942","0.593948592","1.26785273237974","0.575327735823663","10.8110268",
"12/11/1997","-51.875","-4.83955001831055","219","34.982","22.374","0.4034047464","1.69558065221274","0.631190901998613","18.19946196",
"12/12/1997","-51.875","-4.83955001831055","219","32.849","22.535","0.082397448","1.68744136453489","0.63222331753431","14.79059514",
"12/13/1997","-51.875","-4.83955001831055","219","32.8","22.711","0.834274512","1.64274159308076","0.581812348506516","17.22234636",
"12/14/1997","-51.875","-4.83955001831055","219","34.827","23.777","0.0137329056","1.46723483162954","0.537571214881289","17.83749474",
"12/15/1997","-51.875","-4.83955001831055","219","34.785","22.891","0.934696332","1.53853495186814","0.626140448526124","16.75670454",
"12/16/1997","-51.875","-4.83955001831055","219","32.17","22.207","3.5018937504","1.32422472417936","0.776789488353217","18.98201304",
"12/17/1997","-51.875","-4.83955001831055","219","26.019","21.953","6.07852836","1.37614961695917","0.936370261554218","7.1767692",
"12/18/1997","-51.875","-4.83955001831055","219","25.684","21.754","3.61003842","1.15596209270024","0.912291642615944","4.12857702",
"12/19/1997","-51.875","-4.83955001831055","219","25.759","21.983","47.1038922","0.9291147528182","0.964570356905311","11.62693098",
"12/20/1997","-51.875","-4.83955001831055","219","27.887","20.341","9.61990272","0.639450917753486","0.937337959926677","13.15968948",
"12/21/1997","-51.875","-4.83955001831055","219","26.729","21.938","18.4184077896","0.794819222747093","0.955156148292558","18.77450328",
"12/22/1997","-51.875","-4.83955001831055","219","31.261","21.995","4.702666752","1.22856242683736","0.822498848567125","17.64950976",
"12/23/1997","-51.875","-4.83955001831055","219","30.776","20.886","5.7566706696","1.23562756875384","0.886763555167092","21.4563357",
"12/24/1997","-51.875","-4.83955001831055","219","30.887","22.365","18.280220652","0.968923880207917","0.903202337958311","12.46224096",
"12/25/1997","-51.875","-4.83955001831055","219","26.53","22.69","79.7057844984","1.02497143960944","0.958863382247073","22.728038148",
"12/26/1997","-51.875","-4.83955001831055","219","30.448","23.091","3.967089948","1.29102697456084","0.854372110764491","26.2796625",
"12/27/1997","-51.875","-4.83955001831055","219","34.488","21.711","1.871109","1.38571735806248","0.724657861315974","20.46211722",
"12/28/1997","-51.875","-4.83955001831055","219","29.52","22.003","3.132821664","1.82989593222681","0.781610846266623","21.14644608",
"12/29/1997","-51.875","-4.83955001831055","219","30.415","21.1","0.496959156","1.45440993254417","0.741186893618152","11.47358592",
"12/30/1997","-51.875","-4.83955001831055","219","35.381","19.834","0.6179812128","1.42831199089198","0.652038727299191","18.082462032",
"12/31/1997","-51.875","-4.83955001831055","219","29.497","21.773","3.9945540456","1.3947989367875","0.786149026387438","15.18655248",
"1/1/1998","-51.875","-4.83955001831055","219","33.564","19.497","7.178878296","1.19501806242367","0.784304126780815","19.80551358",
"1/2/1998","-51.875","-4.83955001831055","219","32.175","22.31","11.2678518384","1.24947255306487","0.80351093852271","16.63543008",
"1/3/1998","-51.875","-4.83955001831055","219","31.049","22.091","3.84521202","1.32286952776448","0.77520637683661","17.05134132",
"1/4/1998","-51.875","-4.83955001831055","219","32.251","22.379","21.0096369864","1.32563949753372","0.867853037907257","25.0652862",
"1/5/1998","-51.875","-4.83955001831055","219","31.165","21.68","12.10556304","1.28329465983286","0.865444905091328","23.0189688",
"1/6/1998","-51.875","-4.83955001831055","219","35.903","21.706","1.02739428","2.0725345279918","0.576908116239324","28.31214438",
"1/7/1998","-51.875","-4.83955001831055","219","35.242","22.751","0","1.47820782480429","0.487304225996465","20.02066506",
"1/8/1998","-51.875","-4.83955001831055","219","32.06","23.744","5.67855144","1.97005156188602","0.730198377161321","26.6961348",
"1/9/1998","-51.875","-4.83955001831055","219","29.714","22.452","7.0123685904","1.75028637264519","0.834947497744198","26.94043224",
"1/10/1998","-51.875","-4.83955001831055","219","32.292","22.502","1.562119164","1.54907369779666","0.785580631952047","20.2591656",
"1/11/1998","-51.875","-4.83955001831055","219","34.781","22.013","0.01373292","1.59063046930552","0.66074057614694","18.553833",
"1/12/1998","-51.875","-4.83955001831055","219","33.703","21.536","2.853869688","1.55186700913991","0.774575338686854","20.79353808",
"1/13/1998","-51.875","-4.83955001831055","219","32.423","22.836","8.9555782392","1.6265646942282","0.863588911327756","22.02687936",
"1/14/1998","-51.875","-4.83955001831055","219","31.194","22.395","10.8541507824","1.40954758193793","0.870891357913785","20.98951866",
"1/15/1998","-51.875","-4.83955001831055","219","28.226","22.625","18.9737300088","1.17870946519477","0.933614226278233","22.2566589",
"1/16/1998","-51.875","-4.83955001831055","219","30.012","22.725","10.836981324","1.22422442438258","0.928426510397424","11.63447118",
"1/17/1998","-51.875","-4.83955001831055","219","26.868","21.978","18.70251228","0.74127784075949","0.964220666888047","18.65379096",
"1/18/1998","-51.875","-4.83955001831055","219","29.172","21.869","23.263553124","0.799525126760602","0.922335434593916","19.07100306",
"1/19/1998","-51.875","-4.83955001831055","219","27.023","22.205","22.099680828","1.11583097037955","0.935338616198625","8.800760412",
"1/20/1998","-51.875","-4.83955001831055","219","28.592","22.055","4.172231412","1.61234496449226","0.906478987936418","16.36790652",
"1/21/1998","-51.875","-4.83955001831055","219","30.029","22.02","7.777984716","1.35948286877463","0.89392051867812","23.5911384",
"1/22/1998","-51.875","-4.83955001831055","219","30.647","22.444","9.326358972","1.43644539644023","0.910908396960659","18.86439609",
"1/23/1998","-51.875","-4.83955001831055","219","28.7","22.051","3.516483996","1.35917511447174","0.884862145536197","9.641701872",
"1/24/1998","-51.875","-4.83955001831055","219","25.709","21.692","4.8957842304","1.18474248030831","0.934291093959818","14.61077046",
"1/25/1998","-51.875","-4.83955001831055","219","23.427","21.46","22.156333488","0.532139453945267","0.981113315191335","2.668891572",
"1/26/1998","-51.875","-4.83955001831055","219","24.661","21.352","7.0827431184","0.57639493626147","0.975462649209347","5.31624744",
"1/27/1998","-51.875","-4.83955001831055","219","33.047","22.24","1.6376494824","1.26687884521204","0.78970532319555","24.78245634",
"1/28/1998","-51.875","-4.83955001831055","219","31.255","21.862","4.2134265864","1.30891303442784","0.833300838312349","25.36879896",
"1/29/1998","-51.875","-4.83955001831055","219","33.444","22.393","2.681351748","1.4572306336942","0.842643382532418","18.258241572",
"1/30/1998","-51.875","-4.83955001831055","219","32.663","21.628","3.3525455112","1.67508637755384","0.840183831023789","24.5281563",
"1/31/1998","-51.875","-4.83955001831055","219","29.047","21.913","3.7267677144","1.45550924066351","0.890188655407685","15.480117378",
"2/1/1998","-51.875","-4.83955001831055","219","31.811","22.573","1.51577046","1.75160853078676","0.800414032683449","26.08504083",
"2/2/1998","-51.875","-4.83955001831055","219","29.237","21.97","4.698368604","1.06212480408168","0.899682287467358","14.91632082",
"2/3/1998","-51.875","-4.83955001831055","219","25.902","22.321","12.5158284","0.850401454807785","0.972581931435503","13.00134348",
"2/4/1998","-51.875","-4.83955001831055","219","29.369","23.462","4.1439070944","0.952498859502436","0.904368988310902","19.22214195",
"2/5/1998","-51.875","-4.83955001831055","219","31.874","23.147","4.756736052","1.3466797775236","0.838047932194579","19.27029726",
"2/6/1998","-51.875","-4.83955001831055","219","31.615","22.518","9.4568239224","1.23645266162232","0.906023725746726","17.610410628",
"2/7/1998","-51.875","-4.83955001831055","219","31.833","23.358","3.739642524","1.43047675131607","0.846795791716958","19.807813368",
"2/8/1998","-51.875","-4.83955001831055","219","32.173","22.303","1.285744104","1.61876438436279","0.777827006854063","21.8092482",
"2/9/1998","-51.875","-4.83955001831055","219","34.128","23.124","3.9070134","1.56457497447985","0.759685030073598","27.90287082",
"2/10/1998","-51.875","-4.83955001831055","219","35.083","22.182","0.449752392","1.78912677139211","0.699652594173333","27.638320032",
"2/11/1998","-51.875","-4.83955001831055","219","31.806","22.434","7.48271556","1.40349167330367","0.879123414361709","12.55438458",
"2/12/1998","-51.875","-4.83955001831055","219","33.77","22.28","5.11550802","1.6151820545367","0.763635491163821","23.25830823",
"2/13/1998","-51.875","-4.83955001831055","219","34.659","22.436","0.892638972","1.7631190732778","0.68257964225269","21.15573336",
"2/14/1998","-51.875","-4.83955001831055","219","33.064","22.375","2.85129576","2.00442289024109","0.721222536342644","26.272867968",
"2/15/1998","-51.875","-4.83955001831055","219","26.895","22.49","12.73384224","1.55389029157996","0.938282878248978","21.97462473",
"2/16/1998","-51.875","-4.83955001831055","219","32.25","22.775","6.0974118","1.64500844372164","0.83086043625909","21.21958206",
"2/17/1998","-51.875","-4.83955001831055","219","31.96","21.75","5.955790176","1.6513480947486","0.797506141099196","27.14698071",
"2/18/1998","-51.875","-4.83955001831055","219","31.925","21.325","5.31807084","1.5260715769602","0.838513399318483","26.202434328",
"2/19/1998","-51.875","-4.83955001831055","219","27.564","21.696","13.12351218","1.25518499524621","0.931475397955405","20.78212194",
"2/20/1998","-51.875","-4.83955001831055","219","26.402","23.078","8.46462492","0.982290096754408","0.968919409241389","6.93832509",
"2/21/1998","-51.875","-4.83955001831055","219","27.707","22.679","9.6885699264","0.905854570750116","0.959460378368456","11.281836672",
"2/22/1998","-51.875","-4.83955001831055","219","24.265","22.378","109.475352","0.681660004081394","0.98209319926932","1.33531929",
"2/23/1998","-51.875","-4.83955001831055","219","26.935","22.183","13.99727016","0.711813060771036","0.96280188162726","14.67112761",
"2/24/1998","-51.875","-4.83955001831055","219","30.153","23.085","6.617545272","0.925609892202555","0.911145153197476","11.29027599",
"2/25/1998","-51.875","-4.83955001831055","219","28.864","22.146","12.89005596","0.924409079071133","0.95022317142292","13.987060092",
"2/26/1998","-51.875","-4.83955001831055","219","23.819","22.279","56.6791218","0.730327780352421","0.980033850038722","1.811418894",
"2/27/1998","-51.875","-4.83955001831055","219","26.798","21.948","17.389296","0.968104079747633","0.964120939574165","21.507020172",
"2/28/1998","-51.875","-4.83955001831055","219","31.037","22.614","1.8196109064","1.65245058901636","0.844344769584205","26.29597005",
"3/1/1998","-51.875","-4.83955001831055","219","30.797","22.407","4.353330528","1.39538912439653","0.88077660222142","20.73870369",
"3/2/1998","-51.875","-4.83955001831055","219","28.825","20.502","8.8903437264","0.978870953425178","0.933691263630137","15.218721882",
"3/3/1998","-51.875","-4.83955001831055","219","25.993","22.341","17.96436072","1.1230106764851","0.970566635182381","12.76233975",
"3/4/1998","-51.875","-4.83955001831055","219","28.416","22.541","4.1919741144","1.24278960445993","0.925901845786657","17.10309915",
"3/5/1998","-51.875","-4.83955001831055","219","27.676","21.944","4.7052387144","1.10962360113252","0.938068626344524","14.154238818",
"3/6/1998","-51.875","-4.83955001831055","219","28.223","22.64","11.62319616","0.888648583905831","0.94438218530292","12.97395297",
"3/7/1998","-51.875","-4.83955001831055","219","26.955","22.757","101.2149684","1.11912886372186","0.960477404757402","7.830674298",
"3/8/1998","-51.875","-4.83955001831055","219","27.519","22.781","16.433146224","0.875712233445458","0.961438793396951","16.28892927",
"3/9/1998","-51.875","-4.83955001831055","219","25.689","22.996","10.957145652","0.992319998790378","0.971645696808403","11.4253389",
"3/10/1998","-51.875","-4.83955001831055","219","26.255","21.842","14.79549204","0.888525616457989","0.967456597914923","11.243707362",
"3/11/1998","-51.875","-4.83955001831055","219","26.542","21.564","5.6493759744","0.768731885090196","0.963662769185362","13.161486132",
"3/12/1998","-51.875","-4.83955001831055","219","26.125","22.797","25.47110916","1.2163667799137","0.975319123932316","13.94796915",
"3/13/1998","-51.875","-4.83955001831055","219","31.029","22.855","3.5053271784","1.05352812868329","0.87591825477839","15.384652308",
"3/14/1998","-51.875","-4.83955001831055","219","32.887","21.974","2.1354687144","1.46029644809317","0.789188965198607","26.90358246",
"3/15/1998","-51.875","-4.83955001831055","219","29.365","22.997","11.815456248","1.43608104616167","0.934460605302867","25.73263206",
"3/16/1998","-51.875","-4.83955001831055","219","25.376","22.977","8.129887164","1.03413320413365","0.971998650384196","9.75431034",
"3/17/1998","-51.875","-4.83955001831055","219","27.054","22.375","10.885049892","0.946069083187202","0.953304694961994","9.830809908",
"3/18/1998","-51.875","-4.83955001831055","219","28.139","22.969","12.86087076","0.981857344908172","0.946614130520508","17.795358882",
"3/19/1998","-51.875","-4.83955001831055","219","30.832","22.752","5.189326992","1.17618884293438","0.882696418554474","20.40327702",
"3/20/1998","-51.875","-4.83955001831055","219","26.809","23.04","8.72469144","1.31244636490903","0.9609487265398","21.939473952",
"3/21/1998","-51.875","-4.83955001831055","219","30.991","22.807","5.8862682","1.28035414160754","0.867707260550242","22.90112055",
"3/22/1998","-51.875","-4.83955001831055","219","27.008","22.726","14.69936772","1.01437236971185","0.96492989520569","18.44397954",
"3/23/1998","-51.875","-4.83955001831055","219","26.221","23.121","18.105120612","1.19153014685677","0.972051252739852","13.69895148",
"3/24/1998","-51.875","-4.83955001831055","219","29.527","22.728","6.874183872","1.1987325731444","0.920080793098722","21.52231542",
"3/25/1998","-51.875","-4.83955001831055","219","24.63","21.893","98.92839852","0.70412990482753","0.978797274131118","5.74577316",
"3/26/1998","-51.875","-4.83955001831055","219","27.322","20.92","6.4750716","0.940743258180694","0.935785326491802","15.33222531",
"3/27/1998","-51.875","-4.83955001831055","219","31.638","22.642","22.97687292","1.51344095166941","0.885072138817219","26.51316426",
"3/28/1998","-51.875","-4.83955001831055","219","28.965","21.409","5.942917764","0.982148027973725","0.940387911309146","15.69132882",
"3/29/1998","-51.875","-4.83955001831055","219","26.522","23.042","15.0323791464","0.947608005967955","0.972595490978093","15.72294168",
"3/30/1998","-51.875","-4.83955001831055","219","30.108","22.628","1.443672648","1.12491666128801","0.88635042144476","16.8845058",
"3/31/1998","-51.875","-4.83955001831055","219","31.312","22.253","1.0814663952","1.16135082545405","0.870389970718897","16.731675",
"4/1/1998","-51.875","-4.83955001831055","219","30.023","22.534","10.6447206528","1.11542991128592","0.942488507161163","21.43597482",
"4/2/1998","-51.875","-4.83955001831055","219","26.72","23.217","9.115224192","0.906933339068915","0.971460647460981","8.46376308",
"4/3/1998","-51.875","-4.83955001831055","219","27.827","22.661","0.885772872","0.800521229735992","0.945678898905719","9.22815342",
"4/4/1998","-51.875","-4.83955001831055","219","32.442","22.543","2.6092545048","1.32497944566741","0.856696567698803","21.30491304",
"4/5/1998","-51.875","-4.83955001831055","219","26.746","22.962","37.71745092","0.860059072036339","0.972396059178881","11.7883728",
"4/6/1998","-51.875","-4.83955001831055","219","29.545","22.986","9.0671553864","0.658282018098191","0.943601467449925","13.79311956",
"4/7/1998","-51.875","-4.83955001831055","219","30.58","22.243","0.981902844","1.08352081313869","0.868419118663666","17.17610292",
"4/8/1998","-51.875","-4.83955001831055","219","33.655","22.853","0.514984248","1.42181933839017","0.803576736704845","27.04735764",
"4/9/1998","-51.875","-4.83955001831055","219","29.073","23.381","5.2494057504","1.04133782566146","0.928302540433903","18.98060247",
"4/10/1998","-51.875","-4.83955001831055","219","31.157","22.865","6.4922328","1.2496862680235","0.89209733942042","25.48366794",
"4/11/1998","-51.875","-4.83955001831055","219","27.982","23.693","17.69828652","0.897253095010085","0.945305647929672","21.441206232",
"4/12/1998","-51.875","-4.83955001831055","219","28.892","23.557","13.980096036","1.11335955278602","0.944196786064929","22.89819222",
"4/13/1998","-51.875","-4.83955001831055","219","32.087","23.194","5.335231896","1.0341473341664","0.895485558362194","17.45296524",
"4/14/1998","-51.875","-4.83955001831055","219","30.08","22.846","13.825604808","0.952376315170065","0.939487758775404","21.9574737",
"4/15/1998","-51.875","-4.83955001831055","219","30.957","22.731","4.0426229592","1.11432080769861","0.915076594924247","14.98837536",
"4/16/1998","-51.875","-4.83955001831055","219","30.888","22.192","2.0290382064","1.29080303213779","0.875314908941087","23.27647392",
"4/17/1998","-51.875","-4.83955001831055","219","30.382","23.165","4.6554538248","1.29216477071981","0.878953162783492","19.01312262",
"4/18/1998","-51.875","-4.83955001831055","219","30.241","23.72","3.470995044","1.07067804815374","0.890419962963076","17.0191044",
"4/19/1998","-51.875","-4.83955001831055","219","28.83","23.692","0.5012512704","0.894053130739403","0.910853857009666","10.78948224",
"4/20/1998","-51.875","-4.83955001831055","219","29.981","23.19","8.3530404","1.10461085329175","0.922159572409662","21.7370844",
"4/21/1998","-51.875","-4.83955001831055","219","30.892","23.198","7.690429044","0.919252980418924","0.94270715443426","17.07924114",
"4/22/1998","-51.875","-4.83955001831055","219","31.599","22.825","2.739711564","1.12221115298153","0.844227924863173","16.8382665",
"4/23/1998","-51.875","-4.83955001831055","219","35.005","20.276","2.16636516","1.30402339306132","0.733398212023352","21.88732626",
"4/24/1998","-51.875","-4.83955001831055","219","33.744","23.015","7.3162062","1.23304726648137","0.86254482806783","20.92584222",
"4/25/1998","-51.875","-4.83955001831055","219","31.892","23.276","1.7646784488","1.04275137925765","0.855832031468103","21.68892936",
"4/26/1998","-51.875","-4.83955001831055","219","30.07","23.328","7.455258","1.07559346136028","0.907483278946714","17.6280183",
"4/27/1998","-51.875","-4.83955001831055","219","34.033","22.799","2.3929600176","1.17696906693837","0.849932175480612","21.67295508",
"4/28/1998","-51.875","-4.83955001831055","219","32.402","21.816","4.01000832","1.1984108394039","0.86564679730512","23.01468372",
"4/29/1998","-51.875","-4.83955001831055","219","32.635","22.682","1.6891486704","1.39299205165327","0.799073961357771","24.17501286",
"4/30/1998","-51.875","-4.83955001831055","219","33.143","23.026","6.0047194032","1.13405395133756","0.82393157761192","19.945521",
"5/1/1998","-51.875","-4.83955001831055","219","29.824","23.239","10.90393164","1.26391710965187","0.913351742506721","22.21762698",
"5/2/1998","-51.875","-4.83955001831055","219","27.368","23.683","18.98574624","0.915248989013722","0.959268677413457","16.06398372",
"5/3/1998","-51.875","-4.83955001831055","219","30.761","23.582","18.4604619888","1.22428013260065","0.898970134019034","16.98305796",
"5/4/1998","-51.875","-4.83955001831055","219","27.737","23.079","19.85778144","0.884469335726937","0.96219333581587","10.94883318",
"5/5/1998","-51.875","-4.83955001831055","219","29.963","23.016","4.531860036","1.31365844425323","0.873086156097715","19.30747374",
"5/6/1998","-51.875","-4.83955001831055","219","31.292","21.176","3.869248356","0.476548186842479","0.898800114914777","12.6035388",
"5/7/1998","-51.875","-4.83955001831055","219","29.64","20.53","8.521271388","0.98035646676284","0.885730059644223","23.5321893",
"5/8/1998","-51.875","-4.83955001831055","219","28.852","21.704","8.737564248","1.0326524470245","0.922403947699432","16.95032118",
"5/9/1998","-51.875","-4.83955001831055","219","28.45","20.011","7.04154888","1.23995585152394","0.937473716373718","19.19559204",
"5/10/1998","-51.875","-4.83955001831055","219","26.875","21.932","6.2656380288","0.781530863549063","0.960694822507036","15.29420436",
"5/11/1998","-51.875","-4.83955001831055","219","30.446","22.418","3.347398728","1.15539159819693","0.913655979077873","15.8942799",
"5/12/1998","-51.875","-4.83955001831055","219","29.174","22.269","0.98876988","0.740210281928974","0.911060075789862","7.42612392",
"5/13/1998","-51.875","-4.83955001831055","219","34.371","17.927","0","0.958739689068133","0.748210344258011","19.2824433",
"5/14/1998","-51.875","-4.83955001831055","219","35.09","17.806","1.51061994","0.989643574469897","0.761542073894459","20.62754694",
"5/15/1998","-51.875","-4.83955001831055","219","31.242","23.427","6.4270038528","0.999053749999308","0.900065431989493","15.63818544",
"5/16/1998","-51.875","-4.83955001831055","219","33.175","22.346","7.927323696","1.17828989007107","0.859398879758948","15.52797936",
"5/17/1998","-51.875","-4.83955001831055","219","31.359","22.768","6.275941092","0.968290161376824","0.84927684199444","12.76543098",
"5/18/1998","-51.875","-4.83955001831055","219","33.234","22.834","4.85801316","1.46107533915591","0.804243925002229","18.70306578",
"5/19/1998","-51.875","-4.83955001831055","219","33.643","22.286","0.817107984","1.36890003917399","0.7953587867953","17.84502918",
"5/20/1998","-51.875","-4.83955001831055","219","33.705","21.815","0.302124204","0.94768449352254","0.800369588533631","14.39651322",
"5/21/1998","-51.875","-4.83955001831055","219","29.998","22.238","4.2777981864","0.878254187030306","0.907032062157361","20.25095634",
"5/22/1998","-51.875","-4.83955001831055","219","27.461","23.252","12.431718","1.10514175359504","0.956132188741747","18.4925763",
"5/23/1998","-51.875","-4.83955001831055","219","27.858","23.222","5.627062224","1.06362108568282","0.948369033341507","16.491375",
"5/24/1998","-51.875","-4.83955001831055","219","32.095","22.966","0.254058804","1.41132288043039","0.823585003826009","17.28612108",
"5/25/1998","-51.875","-4.83955001831055","219","27.949","22.532","7.3230779664","1.16263091693852","0.945353450962006","14.33806236",
"5/26/1998","-51.875","-4.83955001831055","219","28.127","22.12","1.376724636","1.05062468490241","0.898322353180343","12.68100234",
"5/27/1998","-51.875","-4.83955001831055","219","31.523","20.602","0.600814764","1.22542385139957","0.828683495225153","16.67266452",
"5/28/1998","-51.875","-4.83955001831055","219","32.748","22.708","0.446319576","1.01388231133002","0.781719141534309","12.09290706",
"5/29/1998","-51.875","-4.83955001831055","219","34.109","20.003","0","1.38788153331968","0.696665700072406","19.46846304",
"5/30/1998","-51.875","-4.83955001831055","219","33.654","19.279","0","1.13642297531542","0.729252360322042","19.492083",
"5/31/1998","-51.875","-4.83955001831055","219","33.581","22.936","0","1.10321925181847","0.713554299365047","12.0992049",
"6/1/1998","-51.875","-4.83955001831055","219","33.301","22.256","5.0365449864","1.17083062811062","0.846750710834484","9.53190234",
"6/2/1998","-51.875","-4.83955001831055","219","28.255","19.153","8.07495264","0.775366551736469","0.951376484790484","17.7515973",
"6/3/1998","-51.875","-4.83955001831055","219","28.631","19.867","3.357698508","0.754175719552349","0.941898397650319","14.79661704",
"6/4/1998","-51.875","-4.83955001831055","219","33.231","16.819","0","1.11811336080908","0.742075002044515","17.36027352",
"6/5/1998","-51.875","-4.83955001831055","219","33.802","17.936","0","1.32624644556634","0.650054269239174","23.49821358",
"6/6/1998","-51.875","-4.83955001831055","219","33.45","19.031","0","1.37219085619539","0.651368157903884","17.53256448",
"6/7/1998","-51.875","-4.83955001831055","219","32.687","16.678","0","1.35341581617002","0.646480964703869","22.75745616",
"6/8/1998","-51.875","-4.83955001831055","219","32.673","20.092","0","1.63707140501754","0.6009017407968","22.94853606",
"6/9/1998","-51.875","-4.83955001831055","219","32.215","20.133","0","1.54626908386977","0.656564683408342","18.03301938",
"6/10/1998","-51.875","-4.83955001831055","219","34.003","19.31","0","1.35428387889961","0.642698441704371","23.32423728",
"6/11/1998","-51.875","-4.83955001831055","219","34.71","19.705","0","0.909425168526043","0.690474814800093","17.16058242",
"6/12/1998","-51.875","-4.83955001831055","219","32.609","19.971","0","1.42460088713758","0.675439816667949","19.9487826",
"6/13/1998","-51.875","-4.83955001831055","219","29.626","20.781","4.125024036","1.29984103596614","0.875278026934226","18.4601844",
"6/14/1998","-51.875","-4.83955001831055","219","32.776","17.228","0.051498396","1.24478033402318","0.748960280512759","18.12690468",
"6/15/1998","-51.875","-4.83955001831055","219","32.544","14.755","0","1.28243672830408","0.703974630114886","20.75540922",
"6/16/1998","-51.875","-4.83955001831055","219","32.096","15.808","0","1.03957858446554","0.728776383607873","19.90772226",
"6/17/1998","-51.875","-4.83955001831055","219","32.783","21.513","3.11565204","1.22472607721909","0.810765586641771","15.54761592",
"6/18/1998","-51.875","-4.83955001831055","219","31.752","20.842","0.5167012392","1.1828224392552","0.788117094359657","17.21643822",
"6/19/1998","-51.875","-4.83955001831055","219","33.373","19.988","0.02059938","1.25365403901877","0.741700801648567","16.36779402",
"6/20/1998","-51.875","-4.83955001831055","219","34.064","20.025","0","1.71734885554555","0.67158517688547","22.80898584",
"6/21/1998","-51.875","-4.83955001831055","219","32.521","18.801","0.027465804","1.26388496323314","0.671673926684657","15.19768224",
"6/22/1998","-51.875","-4.83955001831055","219","34.949","19.158","0","1.39148948514025","0.616872905045214","18.7180317",
"6/23/1998","-51.875","-4.83955001831055","219","34.2","18.487","0","1.25275260988324","0.606839473444383","22.0880826",
"6/24/1998","-51.875","-4.83955001831055","219","33.94","17.679","0","1.19728476985201","0.592597782345992","23.4777915",
"6/25/1998","-51.875","-4.83955001831055","219","34.069","17.112","0","1.05954577482163","0.522969080392768","17.34558588",
"6/26/1998","-51.875","-4.83955001831055","219","33.017","22.606","0","1.17401673260606","0.518427570946142","20.54407086",
"6/27/1998","-51.875","-4.83955001831055","219","29.57","21.29","2.9422745064","1.36746896699331","0.903856415069998","16.6964139",
"6/28/1998","-51.875","-4.83955001831055","219","31.828","19.436","0.0308990376","0.897722359411654","0.765725219461982","15.40687266",
"6/29/1998","-51.875","-4.83955001831055","219","33.349","20.228","0.0102996792","1.38477484650861","0.677178495256253","20.87859186",
"6/30/1998","-51.875","-4.83955001831055","219","33.806","19.656","0","1.25565230202663","0.605888439470368","22.9577634",
"7/1/1998","-51.875","-4.83955001831055","219","33.722","20.206","0","1.05947226421872","0.531499222251517","23.70256758",
"7/2/1998","-51.875","-4.83955001831055","219","34.138","16.772","0","1.1387465880608","0.518595693113275","23.88600288",
"7/3/1998","-51.875","-4.83955001831055","219","32.703","17.949","0","1.2450834006499","0.707762319316247","19.25296812",
"7/4/1998","-51.875","-4.83955001831055","219","32.455","16.797","0","1.27820994497657","0.641237728729398","19.97010504",
"7/5/1998","-51.875","-4.83955001831055","219","33.213","17.962","0","1.76005018386309","0.519413166112821","24.0685326",
"7/6/1998","-51.875","-4.83955001831055","219","33.393","19.109","0","1.1178065848429","0.614451713896294","19.00069308",
"7/7/1998","-51.875","-4.83955001831055","219","29.729","22.711","2.3448966264","1.34665048277946","0.736390625901632","22.61610378",
"7/8/1998","-51.875","-4.83955001831055","219","29.376","21.975","2.9628783144","1.09128248691859","0.894820335038538","20.15904384",
"7/9/1998","-51.875","-4.83955001831055","219","28.891","21.379","5.4142002","1.09400875515312","0.900441632346842","17.85380958",
"7/10/1998","-51.875","-4.83955001831055","219","28.901","21.476","5.19104016","0.72356096663683","0.942536199484153","10.46238624",
"7/11/1998","-51.875","-4.83955001831055","219","29.563","20.035","3.41262972","1.20425146483152","0.869807273355478","18.6662844",
"7/12/1998","-51.875","-4.83955001831055","219","31.603","20.107","4.86659952","0.934883116702153","0.889078488012936","23.26702446",
"7/13/1998","-51.875","-4.83955001831055","219","30.841","17.84","3.563690292","0.545783705384834","0.907051658482031","16.6179951",
"7/14/1998","-51.875","-4.83955001831055","219","30.653","19.337","0.681495696","1.05672238930626","0.838396702105103","14.52825306",
"7/15/1998","-51.875","-4.83955001831055","219","33.144","18.736","0.02059938","1.263189933059","0.677519742020824","21.55049532",
"7/16/1998","-51.875","-4.83955001831055","219","32.368","17.945","0.02746584","1.36291063609077","0.710664151761859","16.74754182",
"7/17/1998","-51.875","-4.83955001831055","219","33.332","18.823","0","1.23975986075197","0.721498479585278","20.02544226",
"7/18/1998","-51.875","-4.83955001831055","219","31.791","21.406","1.486589904","1.25539314333027","0.744018969815209","16.83129348",
"7/19/1998","-51.875","-4.83955001831055","219","33.491","20.312","0.8754732","1.16165043497381","0.721589116347868","17.34524694",
"7/20/1998","-51.875","-4.83955001831055","219","33.977","19.961","0.99906912","1.30193018081845","0.725948407059343","17.97587262",
"7/21/1998","-51.875","-4.83955001831055","219","33.343","17.54","0.2471922","1.04476905034792","0.716237281746654","18.581288292",
"7/22/1998","-51.875","-4.83955001831055","219","34.02","16.287","0","1.03928259334451","0.654633510453556","17.83952694",
"7/23/1998","-51.875","-4.83955001831055","219","33.941","20.917","0","1.27277137651937","0.545234150365597","23.77006308",
"7/24/1998","-51.875","-4.83955001831055","219","33.619","16.121","0","1.27287684962232","0.524527677608632","24.2278272",
"7/25/1998","-51.875","-4.83955001831055","219","34.546","17.999","0","1.52335305446363","0.478374935148462","25.25743242",
"7/26/1998","-51.875","-4.83955001831055","219","34.619","18.49","0","1.70178041504834","0.449194383639185","25.14649788",
"7/27/1998","-51.875","-4.83955001831055","219","34.649","17.301","0","1.47383323589858","0.478317322316408","25.20253008",
"7/28/1998","-51.875","-4.83955001831055","219","34.739","17.652","0","1.28639917311947","0.537773143987455","24.47488314",
"7/29/1998","-51.875","-4.83955001831055","219","28.033","18.533","4.43916072","1.16555383417564","0.857252052651706","17.33304348",
"7/30/1998","-51.875","-4.83955001831055","219","33.788","19.286","0.53901684","1.40194044702558","0.741360317902441","16.46572248",
"7/31/1998","-51.875","-4.83955001831055","219","32.298","20.322","0.73471014","1.77302823615816","0.734754497008702","22.01422788",
"8/1/1998","-51.875","-4.83955001831055","219","32.945","20.21","0.2746584","1.1377529270552","0.738075513601433","16.55358048",
"8/2/1998","-51.875","-4.83955001831055","219","33.149","19.011","0.205993512","1.41425773857473","0.691383179691248","19.97842392",
"8/3/1998","-51.875","-4.83955001831055","219","34.809","20.609","0","1.44600773757165","0.630724741467936","17.55927972",
"8/4/1998","-51.875","-4.83955001831055","219","32.885","21.35","0.7930753848","1.240280012713","0.732496420102843","14.622634908",
"8/5/1998","-51.875","-4.83955001831055","219","34.976","19.953","0","1.45387651299805","0.625489689055707","24.28660872",
"8/6/1998","-51.875","-4.83955001831055","219","34.429","18.215","0","1.31018378746496","0.63217521861465","17.21323566",
"8/7/1998","-51.875","-4.83955001831055","219","35.211","20.686","0","1.52393706302686","0.492200219644584","24.8945094",
"8/8/1998","-51.875","-4.83955001831055","219","34.78","18.61","0","1.32905230774588","0.534275471090256","22.81848426",
"8/9/1998","-51.875","-4.83955001831055","219","35.341","19.908","0","1.25180203212606","0.510550191378288","20.61376974",
"8/10/1998","-51.875","-4.83955001831055","219","33.289","21.169","0.127029276","1.17831817733088","0.639815969154222","18.65598696",
"8/11/1998","-51.875","-4.83955001831055","219","35.845","19.633","0.0171661392","1.32744556626085","0.600192651813203","24.79634946",
"8/12/1998","-51.875","-4.83955001831055","219","36.401","21.757","0","1.56561478845202","0.515596327317385","20.09014038",
"8/13/1998","-51.875","-4.83955001831055","219","33.862","21.428","0","1.50365387919844","0.622598216711485","18.52712208",
"8/14/1998","-51.875","-4.83955001831055","219","33.672","21.209","0","1.47446069639225","0.657640020315858","13.45500162",
"8/15/1998","-51.875","-4.83955001831055","219","34.03","21.427","0.333023076","1.91657760533725","0.6520562485923","17.23601556",
"8/16/1998","-51.875","-4.83955001831055","219","33.686","16.911","0","1.26560975996732","0.741107705063494","19.94912226",
"8/17/1998","-51.875","-4.83955001831055","219","34.626","19.279","0","1.31637333855263","0.543831956782627","11.52118278",
"8/18/1998","-51.875","-4.83955001831055","219","36.443","15.575","0","1.08108984750574","0.512511559985306","25.15853376",
"8/19/1998","-51.875","-4.83955001831055","219","34.974","21.794","0","0.83679524809531","0.529600711533701","10.28142963",
"8/20/1998","-51.875","-4.83955001831055","219","35.212","18.685","0","1.13597781045348","0.564739865598081","12.472031952",
"8/21/1998","-51.875","-4.83955001831055","219","36.427","15.666","0","1.56706015006038","0.572047022134349","20.22648624",
"8/22/1998","-51.875","-4.83955001831055","219","36.5","18.567","0","1.41022253762465","0.554449724673812","19.329642432",
"8/23/1998","-51.875","-4.83955001831055","219","36.76","20.741","0","1.78704942379657","0.407865007728076","25.84271016",
"8/24/1998","-51.875","-4.83955001831055","219","36.889","21.074","0","1.47446682596463","0.411986367340825","19.1574027",
"8/25/1998","-51.875","-4.83955001831055","219","35.378","19.137","0","1.48731346571298","0.542746522336056","19.013005872",
"8/26/1998","-51.875","-4.83955001831055","219","34.772","21.811","0","1.87333324642512","0.53481308365615","24.1003116",
"8/27/1998","-51.875","-4.83955001831055","219","32.348","20.526","0","1.78753315982576","0.588795564384776","20.1498723",
"8/28/1998","-51.875","-4.83955001831055","219","39.012","18.498","0","1.30339000559895","0.468430912715639","24.80680872",
"8/29/1998","-51.875","-4.83955001831055","219","36.237","22.974","0","1.5589934949218","0.539386055608125","21.4739991",
"8/30/1998","-51.875","-4.83955001831055","219","35.344","19.987","0","1.91660490490451","0.550825595472271","21.733537248",
"8/31/1998","-51.875","-4.83955001831055","219","36.656","22.734","0","2.267292012534","0.481690466113528","25.80558966",
"9/1/1998","-51.875","-4.83955001831055","219","36.954","20.067","0","1.66634795194378","0.484411016159087","23.117004",
"9/2/1998","-51.875","-4.83955001831055","219","34.78","20.927","0.051498396","1.94211654526355","0.550312264661513","12.2556339",
"9/3/1998","-51.875","-4.83955001831055","219","36.133","21.966","0.137328984","1.6856347138227","0.588730602245621","19.06728624",
"9/4/1998","-51.875","-4.83955001831055","219","35.068","20.978","0.037765512","1.6334052289901","0.611784888629726","18.437346432",
"9/5/1998","-51.875","-4.83955001831055","219","37.664","21.158","0","1.67910734134248","0.502217471894737","21.448291032",
"9/6/1998","-51.875","-4.83955001831055","219","36.125","21.982","0","1.81338768363218","0.487947782203764","23.01767028",
"9/7/1998","-51.875","-4.83955001831055","219","37.196","22.554","0","1.95977668683694","0.495347486970193","20.2348089",
"9/8/1998","-51.875","-4.83955001831055","219","38.787","23.004","0","1.95124847989301","0.356137102865367","28.086916392",
"9/9/1998","-51.875","-4.83955001831055","219","38.616","19.264","0","1.36800547837043","0.41138738405039","20.59779618",
"9/10/1998","-51.875","-4.83955001831055","219","38.983","21.801","0","1.55095405004247","0.37625117129465","21.2268906",
"9/11/1998","-51.875","-4.83955001831055","219","38.498","23.39","0","1.68868139438643","0.469350050363651","19.544008392",
"9/12/1998","-51.875","-4.83955001831055","219","34.707","23.503","0","1.65660834531802","0.480758639689083","10.738071288",
"9/13/1998","-51.875","-4.83955001831055","219","36.393","23.849","0","1.80114988162603","0.399605627785826","21.494087802",
"9/14/1998","-51.875","-4.83955001831055","219","36.477","19.907","0","1.39176767365126","0.422386621992884","19.1280366",
"9/15/1998","-51.875","-4.83955001831055","219","37.525","24.367","0","1.77654361038015","0.391707350772359","23.76900018",
"9/16/1998","-51.875","-4.83955001831055","219","36.158","24.165","0","1.83333426042359","0.48639845380895","20.76603804",
"9/17/1998","-51.875","-4.83955001831055","219","37","23.228","0.0858307104","1.94174556164947","0.53227210798313","20.85861996",
"9/18/1998","-51.875","-4.83955001831055","219","36.165","21.898","0.051498396","1.90118090024266","0.490298260234157","21.57412536",
"9/19/1998","-51.875","-4.83955001831055","219","38.227","20.427","0","1.78622331908012","0.444415599542332","26.281741032",
"9/20/1998","-51.875","-4.83955001831055","219","39.734","23.849","0","1.61785304099426","0.354002860294062","27.136571832",
"9/21/1998","-51.875","-4.83955001831055","219","41.45","24.193","0","1.57800974875661","0.418548691689579","19.24717032",
"9/22/1998","-51.875","-4.83955001831055","219","36.488","23.853","0.30212424","1.7034521378065","0.499414518257614","18.12442392",
"9/23/1998","-51.875","-4.83955001831055","219","38.143","23.636","0.193977396","1.74190543756965","0.457336476980006","24.919029072",
"9/24/1998","-51.875","-4.83955001831055","219","37.18","20.309","0","1.84566323893004","0.50293281626456","20.100033792",
"9/25/1998","-51.875","-4.83955001831055","219","37.256","23.387","0","2.14450049426352","0.430555661596313","27.300371112",
"9/26/1998","-51.875","-4.83955001831055","219","38.202","23.118","0","1.98169452223323","0.374979046434099","28.362883392",
"9/27/1998","-51.875","-4.83955001831055","219","36.012","21.914","0","1.82399451061235","0.458625926904764","23.59130904",
"9/28/1998","-51.875","-4.83955001831055","219","35.984","24.242","0","2.12179471699269","0.538041110759441","11.89079766",
"9/29/1998","-51.875","-4.83955001831055","219","36.347","22.204","0","1.53560475104118","0.534562688296862","18.690183288",
"9/30/1998","-51.875","-4.83955001831055","219","37.439","22.932","0","1.8374966098437","0.504953180685212","20.7538245",
"10/1/1998","-51.875","-4.83955001831055","219","38.552","22.608","0","2.06103837391118","0.468750235302035","28.15773318",
"10/2/1998","-51.875","-4.83955001831055","219","38.71","21.245","0","1.53994395486097","0.489335895839223","24.54288426",
"10/3/1998","-51.875","-4.83955001831055","219","39.552","25.665","0","2.12279446663487","0.37255838728894","22.21953822",
"10/4/1998","-51.875","-4.83955001831055","219","36.735","23.154","0","2.03847151522798","0.481568972887706","20.441701512",
"10/5/1998","-51.875","-4.83955001831055","219","36.96","22.912","0","1.91297195128836","0.495916564259264","20.803669848",
"10/6/1998","-51.875","-4.83955001831055","219","36.224","21.85","0","1.71034466783775","0.54446820473241","18.846509472",
"10/7/1998","-51.875","-4.83955001831055","219","36.266","24.622","0","1.81837484733077","0.455512116113148","18.69283332",
"10/8/1998","-51.875","-4.83955001831055","219","38.751","23.575","0","2.30463056524684","0.420771469578586","28.32407532",
"10/9/1998","-51.875","-4.83955001831055","219","37.723","18.063","0","2.24475267456475","0.441239872436145","26.51754888",
"10/10/1998","-51.875","-4.83955001831055","219","36.447","22.234","0","1.92681971505162","0.496524634956443","19.45316358",
"10/11/1998","-51.875","-4.83955001831055","219","36.367","22.408","0","1.36729067992521","0.546330560703322","18.27399618",
"10/12/1998","-51.875","-4.83955001831055","219","36.116","23.13","2.6616059064","1.55250098600245","0.593231293922565","18.34239564",
"10/13/1998","-51.875","-4.83955001831055","219","30.286","21.624","6.9230986344","1.09232931777405","0.875887282423139","25.62602868",
"10/14/1998","-51.875","-4.83955001831055","219","34.497","20.986","3.7782679464","1.35118448507812","0.80672121374359","16.718399892",
"10/15/1998","-51.875","-4.83955001831055","219","35.546","20.338","5.24769138","1.09073970768095","0.726813244166909","14.01424236",
"10/16/1998","-51.875","-4.83955001831055","219","38.374","22.462","0.070381188","1.74045763722366","0.485396041555864","28.6059996",
"10/17/1998","-51.875","-4.83955001831055","219","40.541","23.801","0","1.66275606347028","0.46195845576809","20.29162446",
"10/18/1998","-51.875","-4.83955001831055","219","36.15","23.764","0","1.74586229652314","0.501081109033467","20.05937334",
"10/19/1998","-51.875","-4.83955001831055","219","37.501","23.134","0","2.01695399553449","0.453133354699961","24.93714384",
"10/20/1998","-51.875","-4.83955001831055","219","36.356","23.105","0","1.72371600739825","0.483408514069724","24.78762792",
"10/21/1998","-51.875","-4.83955001831055","219","35.276","23.307","6.05449854","1.50461846079025","0.656318915057342","15.35962716",
"10/22/1998","-51.875","-4.83955001831055","219","33.373","22.196","18.28880064","1.51928349216678","0.731537304708121","22.41551412",
"10/23/1998","-51.875","-4.83955001831055","219","37.36","22.143","0","1.33398790982557","0.529724912324398","20.6776692",
"10/24/1998","-51.875","-4.83955001831055","219","37.607","24.88","0.048065184","1.34896213589828","0.44730647912229","16.56517734",
"10/25/1998","-51.875","-4.83955001831055","219","36.572","26.758","0","1.76664851655076","0.411539070719469","17.24439384",
"10/26/1998","-51.875","-4.83955001831055","219","37.58","22.679","0.8823397464","1.61425687107091","0.479281934185847","21.097188",
"10/27/1998","-51.875","-4.83955001831055","219","36.11","22.568","1.05915024","2.0206063939743","0.598552633642199","21.1989384",
"10/28/1998","-51.875","-4.83955001831055","219","33.479","21.66","1.00593576","1.63169042703804","0.595237461233989","19.88757108",
"10/29/1998","-51.875","-4.83955001831055","219","33.092","21.097","0.60081516","1.56858132253703","0.599558648797457","21.34237464",
"10/30/1998","-51.875","-4.83955001831055","219","37.834","19.09","0","1.6445115420243","0.509380196049932","28.1791674",
"10/31/1998","-51.875","-4.83955001831055","219","39.428","23.009","0","1.77433572649071","0.439597560696756","28.40693292",
"11/1/1998","-51.875","-4.83955001831055","219","39.674","22.51","13.089175992","0.969114415379542","0.713173334724226","17.64033372",
"11/2/1998","-51.875","-4.83955001831055","219","34.404","23.098","17.12837304","1.29408667514446","0.858076769140803","11.25944802",
"11/3/1998","-51.875","-4.83955001831055","219","35.236","21.854","0.3175735464","1.5957871014551","0.677663331296679","19.26315504",
"11/4/1998","-51.875","-4.83955001831055","219","34.391","21.739","0","1.42124569467687","0.599271446375727","21.85739604",
"11/5/1998","-51.875","-4.83955001831055","219","31.811","21.299","0.94413744","2.0035241507546","0.615898312198977","27.3015027",
"11/6/1998","-51.875","-4.83955001831055","219","32.087","20.267","1.3732912584","1.17408488754267","0.701281196217406","11.06949402",
"11/7/1998","-51.875","-4.83955001831055","219","32.247","21.06","0.193977504","1.3627366293956","0.710044945138112","17.75914092",
"11/8/1998","-51.875","-4.83955001831055","219","35.995","22.6","0","1.65702557147893","0.564444963251875","22.97666556",
"11/9/1998","-51.875","-4.83955001831055","219","33.207","21.309","1.20162996","1.31155927179123","0.686435778444219","21.48609348",
"11/10/1998","-51.875","-4.83955001831055","219","32.472","21.992","2.077104492","1.07086489806408","0.800491312282645","11.83196646",
"11/11/1998","-51.875","-4.83955001831055","219","24.392","21.591","3.548239344","0.766997292115375","0.937581240061089","2.57332482",
"11/12/1998","-51.875","-4.83955001831055","219","32.842","20.466","2.66418306","1.11634150569305","0.79011477944311","18.4094469",
"11/13/1998","-51.875","-4.83955001831055","219","37.99","22.008","5.8794019344","0.992460455742148","0.712002298008782","19.78014312",
"11/14/1998","-51.875","-4.83955001831055","219","32.586","23.726","2.5680550392","1.40624563503222","0.688165223233895","17.5092768",
"11/15/1998","-51.875","-4.83955001831055","219","36.837","21.619","0","1.68751178407588","0.575370228099416","26.77139388",
"11/16/1998","-51.875","-4.83955001831055","219","36.742","25.476","0.28667466","1.93190210226778","0.460569813163697","27.8562879",
"11/17/1998","-51.875","-4.83955001831055","219","36.766","24.661","0","1.70212369673338","0.476107039764174","20.01943296",
"11/18/1998","-51.875","-4.83955001831055","219","36.688","23.482","2.2324568544","0.999883696719068","0.6567702237362","10.94113602",
"11/19/1998","-51.875","-4.83955001831055","219","32.933","22.682","9.662823036","1.73509500691701","0.841162782458206","12.34693314",
"11/20/1998","-51.875","-4.83955001831055","219","35.546","21.817","0.101280276","1.13480655238104","0.688373008741631","17.62689636",
"11/21/1998","-51.875","-4.83955001831055","219","32.364","21.89","15.299318952","1.37635625392868","0.795563505856664","26.47260648",
"11/22/1998","-51.875","-4.83955001831055","219","32.879","23.27","3.43322712","1.41797209892411","0.741495568647649","23.34819762",
"11/23/1998","-51.875","-4.83955001831055","219","28.734","23.124","20.72725452","0.829787698340723","0.926864145536963","21.14555958",
"11/24/1998","-51.875","-4.83955001831055","219","29.37","23.093","19.850064084","0.909888868454877","0.929364180151324","18.15671574",
"11/25/1998","-51.875","-4.83955001831055","219","26.878","22.34","12.6754782264","1.00758308229409","0.955163908914133","10.90636848",
"11/26/1998","-51.875","-4.83955001831055","219","32.59","21.987","3.1087842048","1.16504486315811","0.826819913886265","20.2443741",
"11/27/1998","-51.875","-4.83955001831055","219","30.262","21.559","10.2567702528","1.24801765089952","0.867484633934559","26.8875",
"11/28/1998","-51.875","-4.83955001831055","219","27.642","23.333","19.179725364","1.04740562944703","0.934960210246984","24.47415108",
"11/29/1998","-51.875","-4.83955001831055","219","27.69","22.752","15.3671238648","0.897411857858997","0.949918550027102","18.2636433",
"11/30/1998","-51.875","-4.83955001831055","219","26.317","23.129","19.914433992","0.967998230892775","0.966863358387855","15.23857266",
"12/1/1998","-51.875","-4.83955001831055","219","34.681","23.147","9.867089268","1.14285957079241","0.834984180739631","16.28251704",
"12/2/1998","-51.875","-4.83955001831055","219","25.097","22.946","11.080739736","1.02365829861528","0.959807735640731","2.8244808",
"12/3/1998","-51.875","-4.83955001831055","219","30.951","21.983","6.28795728","1.34602646807315","0.850786037306862","26.2712853",
"12/4/1998","-51.875","-4.83955001831055","219","29.132","22.577","6.522271956","1.36722941069905","0.801597840392308","16.5052683",
"12/5/1998","-51.875","-4.83955001831055","219","36.055","21.853","0.12874608","1.29348346865349","0.670755566461684","18.82620072",
"12/6/1998","-51.875","-4.83955001831055","219","35.415","22.234","3.40747848","1.2431991493912","0.728748834328478","19.7675991",
"12/7/1998","-51.875","-4.83955001831055","219","32.277","21.912","2.6298529056","1.30406275456375","0.757832456171033","21.7885509",
"12/8/1998","-51.875","-4.83955001831055","219","30.91","21.619","6.658750368","1.3045715179376","0.790503775964498","23.0539491",
"12/9/1998","-51.875","-4.83955001831055","219","34.146","20.928","0","1.26772398114481","0.680149371100934","19.59806178",
"12/10/1998","-51.875","-4.83955001831055","219","33.063","22.261","0","1.21909821374883","0.642916786496582","19.23541614",
"12/11/1998","-51.875","-4.83955001831055","219","25.322","21.568","7.1187932664","1.21408618030799","0.910121485771311","5.05681632",
"12/12/1998","-51.875","-4.83955001831055","219","31.629","21.334","6.2347418064","0.995446053250872","0.897193198097093","6.789770532",
"12/13/1998","-51.875","-4.83955001831055","219","36.669","22.577","0","1.5750194976364","0.57832963083849","27.02665602",
"12/14/1998","-51.875","-4.83955001831055","219","35.654","23.765","0.1321794","1.50013015723514","0.551101803906285","18.293238",
"12/15/1998","-51.875","-4.83955001831055","219","34.647","23.325","0.437736636","1.45423362023417","0.600828641498003","18.91035036",
"12/16/1998","-51.875","-4.83955001831055","219","31.667","21.875","5.66310996","1.43990626789856","0.759848215445733","26.67792258",
"12/17/1998","-51.875","-4.83955001831055","219","35.044","21.397","0","1.4462448282588","0.656226747412747","20.958129",
"12/18/1998","-51.875","-4.83955001831055","219","34.547","25.062","0","1.54140605587658","0.514411742249572","20.07354312",
"12/19/1998","-51.875","-4.83955001831055","219","35.259","22.118","0","1.39575054567991","0.545398999564703","20.26940292",
"12/20/1998","-51.875","-4.83955001831055","219","31.932","20.84","10.898791128","1.18426651740905","0.803488520290866","20.59531272",
"12/21/1998","-51.875","-4.83955001831055","219","25.895","22.586","29.2322232","1.19555412762369","0.91172393693423","6.07365036",
"12/22/1998","-51.875","-4.83955001831055","219","27.077","20.715","12.47978232","0.935770305402355","0.92343220161447","18.7342866",
"12/23/1998","-51.875","-4.83955001831055","219","27.943","21.899","18.4484448","1.05318496554981","0.930267939641715","19.39602348",
"12/24/1998","-51.875","-4.83955001831055","219","31.243","19.527","1.23939432","1.42763246409973","0.756139367027946","20.84895198",
"12/25/1998","-51.875","-4.83955001831055","219","29.587","19.741","15.464972808","0.902753850693453","0.918023030117676","25.1107272",
"12/26/1998","-51.875","-4.83955001831055","219","29.39","21.786","5.270008392","0.978387129679937","0.928289210674604","14.1144237",
"12/27/1998","-51.875","-4.83955001831055","219","32.503","22.666","5.8854095928","1.37043564706279","0.850556712258354","16.56179928",
"12/28/1998","-51.875","-4.83955001831055","219","34.569","22.156","1.68571656","1.35830486663773","0.787789664627799","18.4321674",
"12/29/1998","-51.875","-4.83955001831055","219","33.878","22.561","7.2303800328","1.26282045943687","0.830807538090672","19.82919528",
"12/30/1998","-51.875","-4.83955001831055","219","26.332","22.698","9.56068218","0.93095528037605","0.964141112522383","9.5614839",
"12/31/1998","-51.875","-4.83955001831055","219","28.02","22.492","14.21184744","0.94162011293366","0.937775970736925","19.3842018",
"1/1/1999","-51.875","-4.83955001831055","219","33.422","20.53","4.3945283664","1.21014163285642","0.820676009762671","21.10202334",
"1/2/1999","-51.875","-4.83955001831055","219","33.37","22.21","3.94134552","1.16571239635682","0.811591135148271","12.29647194",
"1/3/1999","-51.875","-4.83955001831055","219","34.147","22.71","15.64521606","1.22583859293901","0.72352203773353","21.245791608",
"1/4/1999","-51.875","-4.83955001831055","219","34.769","20.407","0.3467560104","1.27486369616439","0.731601586815355","19.23929694",
"1/5/1999","-51.875","-4.83955001831055","219","27.822","22.666","8.387384004","1.24543522510118","0.925823768784988","18.69670872",
"1/6/1999","-51.875","-4.83955001831055","219","24.509","21.738","14.85556848","0.904639583183523","0.977250248742972","4.063332492",
"1/7/1999","-51.875","-4.83955001831055","219","34.258","20.943","6.464766672","1.02789208811392","0.783187776437149","21.03502734",
"1/8/1999","-51.875","-4.83955001831055","219","29.882","21.823","10.3305807","1.02776732429708","0.840321466068418","15.879321",
"1/9/1999","-51.875","-4.83955001831055","219","26.017","21.255","5.012511336","0.833550931400806","0.944423785153154","6.75129492",
"1/10/1999","-51.875","-4.83955001831055","219","33.094","20.849","1.9672406496","1.04702124739397","0.804965938242422","18.80358588",
"1/11/1999","-51.875","-4.83955001831055","219","27.194","21.46","6.6089673","0.936046040375935","0.952697913400782","14.94016776",
"1/12/1999","-51.875","-4.83955001831055","219","31.054","21.3","3.869248104","0.904989526550273","0.862357571246774","22.239396",
"1/13/1999","-51.875","-4.83955001831055","219","26.51","21.868","22.585494456","0.880305705601861","0.970516212302924","17.06782392",
"1/14/1999","-51.875","-4.83955001831055","219","26.799","22.357","30.7514196","0.843238111330549","0.971471095948201","15.89411448",
"1/15/1999","-51.875","-4.83955001831055","219","26.914","22.481","34.673877","1.14625960533522","0.953777366594459","20.13215778",
"1/16/1999","-51.875","-4.83955001831055","219","26.323","21.277","15.44608512","0.695972283972239","0.95962278874973","16.47292464",
"1/17/1999","-51.875","-4.83955001831055","219","29.763","21.146","7.6595328864","1.17909876809388","0.903278849615266","22.75622334",
"1/18/1999","-51.875","-4.83955001831055","219","29.638","22.249","7.875823392","1.17658334469432","0.913643296232994","25.4258406",
"1/19/1999","-51.875","-4.83955001831055","219","28.829","22.106","13.619605284","0.881354615190476","0.940679077419773","25.10994582",
"1/20/1999","-51.875","-4.83955001831055","219","31.041","21.213","4.9335471","1.24165438634117","0.87028387555195","21.22262208",
"1/21/1999","-51.875","-4.83955001831055","219","28.468","22.136","13.7363418","1.12289751297373","0.938507589913085","25.35114186",
"1/22/1999","-51.875","-4.83955001831055","219","30.805","22.58","12.915801","1.23756392467273","0.907408312638581","26.7312348",
"1/23/1999","-51.875","-4.83955001831055","219","32.482","21.768","6.56089632","1.31728927657234","0.845844455362484","21.03063426",
"1/24/1999","-51.875","-4.83955001831055","219","30.076","22.927","13.9011365664","1.22197376881221","0.905029595101071","24.07342338",
"1/25/1999","-51.875","-4.83955001831055","219","30.982","23.246","6.7394270448","1.25813107262132","0.885947053382712","25.3592424",
"1/26/1999","-51.875","-4.83955001831055","219","31.939","22.077","5.475998844","1.22198547077788","0.843447580247576","19.84758966",
"1/27/1999","-51.875","-4.83955001831055","219","31.77","21.855","7.0346817504","1.01193441942677","0.89286646201551","19.92892644",
"1/28/1999","-51.875","-4.83955001831055","219","27.953","21.964","8.782191756","1.09035537283603","0.950186826592598","17.229826008",
"1/29/1999","-51.875","-4.83955001831055","219","31.352","22.161","2.210998284","1.38072924023837","0.816504054684858","21.47366484",
"1/30/1999","-51.875","-4.83955001831055","219","29.727","20.922","3.8658163104","1.51612180494321","0.844825995109215","26.71419852",
"1/31/1999","-51.875","-4.83955001831055","219","26.757","22.834","25.280573364","0.794474080168918","0.961743513165157","24.16500108",
"2/1/1999","-51.875","-4.83955001831055","219","29.146","22.319","34.60522176","1.22418391400892","0.946433287795573","16.16962248",
"2/2/1999","-51.875","-4.83955001831055","219","24.784","21.007","51.608283552","0.72688247588278","0.97845845082835","7.38788472",
"2/3/1999","-51.875","-4.83955001831055","219","27.111","19.903","13.949201304","0.713033626763672","0.963913794927664","10.55874402",
"2/4/1999","-51.875","-4.83955001831055","219","26.599","22.343","79.09126866","0.739520961985622","0.957951493863613","9.438186888",
"2/5/1999","-51.875","-4.83955001831055","219","30.161","21.61","2.210997744","0.741395550583197","0.942682033606765","12.69911088",
"2/6/1999","-51.875","-4.83955001831055","219","28.159","21.746","10.2687888528","1.09221464615236","0.944253113420706","15.53028444",
"2/7/1999","-51.875","-4.83955001831055","219","29.42","21.942","5.578991388","1.43478643760347","0.867149664101783","20.50205796",
"2/8/1999","-51.875","-4.83955001831055","219","31.537","20.522","1.98783864","1.25112932127246","0.823248197698867","16.441312392",
"2/9/1999","-51.875","-4.83955001831055","219","32.824","18.372","2.25219708","1.20432478369715","0.779478643898959","28.198806768",
"2/10/1999","-51.875","-4.83955001831055","219","33.085","22.457","2.9920591008","1.68259612134021","0.8141210397127","24.446024478",
"2/11/1999","-51.875","-4.83955001831055","219","30.406","22.103","8.016586776","1.23500144175876","0.893677004506375","26.5516857",
"2/12/1999","-51.875","-4.83955001831055","219","30.132","23.028","13.38958908","1.25521788902282","0.908079172033258","22.23151992",
"2/13/1999","-51.875","-4.83955001831055","219","29.289","22.572","6.4819320264","1.30211843545692","0.902806606800732","23.09096205",
"2/14/1999","-51.875","-4.83955001831055","219","26.784","22.586","21.23622504","0.780787515434965","0.968113316461571","14.6975589",
"2/15/1999","-51.875","-4.83955001831055","219","27.192","22.769","10.2190070664","0.94336813070915","0.946106256944675","20.16140049",
"2/16/1999","-51.875","-4.83955001831055","219","26.17","22.414","12.1261657824","0.88463840075454","0.967482150319815","18.17319546",
"2/17/1999","-51.875","-4.83955001831055","219","31.582","22.65","8.861158656","0.933769667177626","0.893147294293182","23.69880522",
"2/18/1999","-51.875","-4.83955001831055","219","32.578","22.304","8.3221440192","0.860752267376604","0.89000090126171","15.81323094",
"2/19/1999","-51.875","-4.83955001831055","219","32.393","22.193","9.934043616","1.26287239247674","0.873017227548172","20.44243656",
"2/20/1999","-51.875","-4.83955001831055","219","26.548","21.915","20.249172","0.964411596448751","0.967816756112559","24.12157257",
"2/21/1999","-51.875","-4.83955001831055","219","27.604","22.712","12.376782","1.11685591551554","0.950878082195065","16.31036214",
"2/22/1999","-51.875","-4.83955001831055","219","26.369","22.217","9.468841032","1.17351377667214","0.955161167387697","19.27737603",
"2/23/1999","-51.875","-4.83955001831055","219","28.946","21.773","5.747221692","1.18648533138908","0.929531749043571","19.71674595",
"2/24/1999","-51.875","-4.83955001831055","219","27.86","21.845","16.6048074","0.899600912573305","0.949108590486124","24.779029338",
"2/25/1999","-51.875","-4.83955001831055","219","25.22","19.039","0.911522088","0.869797778748107","0.92873694098176","6.83358948",
"2/26/1999","-51.875","-4.83955001831055","219","26.549","21.201","19.250099388","1.05294014249835","0.934365648198517","9.145398042",
"2/27/1999","-51.875","-4.83955001831055","219","28.588","21.615","5.863950072","0.863410538781965","0.921117275052168","19.033315092",
"2/28/1999","-51.875","-4.83955001831055","219","29.801","22.145","8.04061836","0.905935601797046","0.924353721336322","20.08867662",
"3/1/1999","-51.875","-4.83955001831055","219","26.371","22.358","20.238878844","1.19734068556259","0.9647202178723","19.46818224",
"3/2/1999","-51.875","-4.83955001831055","219","22.127","20.662","14.5843491744","0.725351293319595","0.981179412491522","1.70139339",
"3/3/1999","-51.875","-4.83955001831055","219","25.862","20.327","32.4542904264","0.977302627104789","0.953470919716214","14.31595971",
"3/4/1999","-51.875","-4.83955001831055","219","23.572","19.639","18.8020712664","0.736911871816819","0.979534814317826","4.250590668",
"3/5/1999","-51.875","-4.83955001831055","219","26.091","19.283","2.7122489568","0.846788305761091","0.942748140942233","13.50236421",
"3/6/1999","-51.875","-4.83955001831055","219","30.8","22.049","12.285806652","1.30381630483988","0.912065970898601","15.08203566",
"3/7/1999","-51.875","-4.83955001831055","219","23.086","19.795","16.84341108","0.883917680516067","0.980268901420298","4.4491491",
"3/8/1999","-51.875","-4.83955001831055","219","26.699","18.322","7.508470536","0.801682297743371","0.95616981438755","14.625336528",
"3/9/1999","-51.875","-4.83955001831055","219","29.868","19.189","5.23395612","0.916753667400071","0.9150199949159","18.53499186",
"3/10/1999","-51.875","-4.83955001831055","219","26.061","21.728","49.943974176","0.783904009260629","0.966255250118948","8.7970491",
"3/11/1999","-51.875","-4.83955001831055","219","25.7","21.393","12.864304656","0.912890055446078","0.966827980561387","12.627055368",
"3/12/1999","-51.875","-4.83955001831055","219","26.33","19.878","14.766312096","0.980182740000054","0.96073939363295","15.71326902",
"3/13/1999","-51.875","-4.83955001831055","219","25.541","21.717","15.21949464","0.910836878292245","0.974301294997072","14.55789267",
"3/14/1999","-51.875","-4.83955001831055","219","25.13","22.115","15.15598776","0.808025735296779","0.975374421770246","11.44107891",
"3/15/1999","-51.875","-4.83955001831055","219","26.398","21.901","7.35397164","1.00438904136727","0.960825517211851","16.86650274",
"3/16/1999","-51.875","-4.83955001831055","219","26.805","21.842","5.5824251184","0.983492708773501","0.947782654393092","18.55157904",
"3/17/1999","-51.875","-4.83955001831055","219","29.842","21.884","7.9994174184","1.15698846501937","0.927925877570971","17.59122963",
"3/18/1999","-51.875","-4.83955001831055","219","24.143","21.179","11.12880528","1.17465786457031","0.973971828802347","5.116611492",
"3/19/1999","-51.875","-4.83955001831055","219","24.463","20.841","51.89495832","0.814506743478852","0.977601214801679","4.818150828",
"3/20/1999","-51.875","-4.83955001831055","219","25.591","20.926","13.15098486","0.940273880619642","0.973511305203407","15.82272918",
"3/21/1999","-51.875","-4.83955001831055","219","28.265","21.539","3.149129088","1.23509740671612","0.912252789910729","15.7171437",
"3/22/1999","-51.875","-4.83955001831055","219","26.278","22.454","19.5299091","0.740652949101769","0.967960396555548","21.46257648",
"3/23/1999","-51.875","-4.83955001831055","219","26.95","22.691","81.837789696","0.767213937298337","0.962483978717538","8.80177446",
"3/24/1999","-51.875","-4.83955001831055","219","27.791","22.543","8.882621856","1.00313891078183","0.931994099386509","20.6539803",
"3/25/1999","-51.875","-4.83955001831055","219","30.798","21.652","2.1783834144","0.971563259308519","0.90038785058134","15.0881058",
"3/26/1999","-51.875","-4.83955001831055","219","29.579","22.794","7.6466621808","1.11055941269893","0.924672153111433","24.6146571",
"3/27/1999","-51.875","-4.83955001831055","219","27.458","22.286","8.4749204304","1.13363363164359","0.949248559277798","14.01963678",
"3/28/1999","-51.875","-4.83955001831055","219","29.292","23.139","31.244094","0.96084892369921","0.948989209552729","23.24863026",
"3/29/1999","-51.875","-4.83955001831055","219","24.265","20.757","137.828649024","0.70981265498089","0.980660588882806","2.626200432",
"3/30/1999","-51.875","-4.83955001831055","219","27.366","21.535","8.2208656224","0.895133725817022","0.960654515261139","16.20124182",
"3/31/1999","-51.875","-4.83955001831055","219","27.465","21.99","5.402183148","1.04510286963124","0.941350361013455","24.8486688",
"4/1/1999","-51.875","-4.83955001831055","219","29.692","22.114","4.5764913168","0.923171427515677","0.925309417833932","14.7558348",
"4/2/1999","-51.875","-4.83955001831055","219","30.181","20.357","1.8264768048","1.02590763478482","0.885495275088581","16.00402158",
"4/3/1999","-51.875","-4.83955001831055","219","30.465","21.829","1.5003201312","0.952076756063422","0.857446110501184","17.24731542",
"4/4/1999","-51.875","-4.83955001831055","219","31.717","21.505","5.0914744416","1.36385080546474","0.855910629968597","24.8667741",
"4/5/1999","-51.875","-4.83955001831055","219","30.39","21.063","10.8352661184","1.12528838206277","0.940892137122465","21.43372662",
"4/6/1999","-51.875","-4.83955001831055","219","29.786","23.152","12.1501913328","1.06645606057087","0.927100484882273","19.3997835",
"4/7/1999","-51.875","-4.83955001831055","219","28.606","22.965","4.583358072","0.914057965577852","0.94661662152566","11.2254183",
"4/8/1999","-51.875","-4.83955001831055","219","25.728","22.608","20.23887708","0.994729675631389","0.973409310151687","15.818454",
"4/9/1999","-51.875","-4.83955001831055","219","27.277","22.627","16.86401784","0.836452471958318","0.946091899618484","15.9697044",
"4/10/1999","-51.875","-4.83955001831055","219","28.758","22.249","13.84963992","1.12483728438701","0.934990008503478","22.2119415",
"4/11/1999","-51.875","-4.83955001831055","219","29.931","21.702","2.3740775424","0.963908523940235","0.898667287444164","16.6162527",
"4/12/1999","-51.875","-4.83955001831055","219","26.897","22.274","8.236309968","0.951812367903888","0.956566791081617","16.4245572",
"4/13/1999","-51.875","-4.83955001831055","219","27.302","22.184","4.7687587848","1.33040148571451","0.921849027695587","17.54488206",
"4/14/1999","-51.875","-4.83955001831055","219","29.89","21.606","6.72226038","1.37990594379305","0.918071798732465","20.733694632",
"4/15/1999","-51.875","-4.83955001831055","219","26.046","22.124","13.5131832","1.32123371669094","0.96583235278336","22.9241241",
"4/16/1999","-51.875","-4.83955001831055","219","26.27","22.358","17.66052756","0.956305241411271","0.968193599788065","21.94009128",
"4/17/1999","-51.875","-4.83955001831055","219","28.586","20.751","4.492381212","0.956104513265947","0.909272878056735","16.34725908",
"4/18/1999","-51.875","-4.83955001831055","219","29.333","19.392","5.397032124","0.73940760690861","0.933004344239798","18.202213332",
"4/19/1999","-51.875","-4.83955001831055","219","31.738","19.278","7.55310024","0.731216264514795","0.87713942173972","25.63453584",
"4/20/1999","-51.875","-4.83955001831055","219","32.044","20.517","8.3805145704","0.923777483243214","0.868202587521446","21.58587972",
"4/21/1999","-51.875","-4.83955001831055","219","31.001","19.037","9.843062004","0.874529540061736","0.92822532374731","21.9746214",
"4/22/1999","-51.875","-4.83955001831055","219","32.255","22.099","2.138899248","0.825281675654089","0.875693061523827","12.32836758",
"4/23/1999","-51.875","-4.83955001831055","219","32.326","21.217","2.3277270744","1.10000278587684","0.842546142644752","22.6118241",
"4/24/1999","-51.875","-4.83955001831055","219","30.738","22.106","7.608037428","0.597501014456414","0.899803335487924","17.63578458",
"4/25/1999","-51.875","-4.83955001831055","219","24.359","21.99","45.462835368","0.88506629292542","0.977565460324588","4.91956578",
"4/26/1999","-51.875","-4.83955001831055","219","23.668","20.774","13.35182148","0.855888923357131","0.980775118315471","4.5754272",
"4/27/1999","-51.875","-4.83955001831055","219","24.607","19.081","10.7597330784","0.605843038817682","0.972032313722312","6.1523991",
"4/28/1999","-51.875","-4.83955001831055","219","24.228","20.335","3.240967464","0.786647166595532","0.974527477833357","6.86914056",
"4/29/1999","-51.875","-4.83955001831055","219","29.421","20.226","7.724765484","0.996248096441264","0.879056176388477","15.7388598",
"4/30/1999","-51.875","-4.83955001831055","219","30.205","19.69","17.766953676","0.716010019590569","0.911818830096087","19.22889546",
"5/1/1999","-51.875","-4.83955001831055","219","28.919","21.113","13.3621151184","0.921722154926524","0.947266013670737","19.01013696",
"5/2/1999","-51.875","-4.83955001831055","219","29.404","21.838","10.3468874184","1.22825303147695","0.901851138950847","18.68800032",
"5/3/1999","-51.875","-4.83955001831055","219","26.837","22.062","23.8729446","1.06439095856346","0.962935725896552","21.01056138",
"5/4/1999","-51.875","-4.83955001831055","219","27.276","22.267","8.2139910264","0.860760553380113","0.9525676504099","15.9626826",
"5/5/1999","-51.875","-4.83955001831055","219","27.699","21.73","10.00957356","0.75997574936318","0.956112425939586","13.0777335",
"5/6/1999","-51.875","-4.83955001831055","219","27.714","21.865","12.26692224","0.845599949946429","0.953860192757454","12.22070022",
"5/7/1999","-51.875","-4.83955001831055","219","25.833","22","7.52048532","0.628267045011461","0.967366503437774","8.04043296",
"5/8/1999","-51.875","-4.83955001831055","219","30.87","21.712","8.064651564","0.888924450824812","0.903640060274151","15.60628656",
"5/9/1999","-51.875","-4.83955001831055","219","26.811","21.969","22.54257","0.71427037154247","0.963522385844988","14.4952866",
"5/10/1999","-51.875","-4.83955001831055","219","28.229","21.974","14.68048446","1.19312232926192","0.932143555101918","14.7439089",
"5/11/1999","-51.875","-4.83955001831055","219","28.729","22.097","12.31842276","1.06366037286892","0.94995478712573","18.87812262",
"5/12/1999","-51.875","-4.83955001831055","219","25.636","22.016","29.6682522984","1.0203829342425","0.9605850384202","6.2097732",
"5/13/1999","-51.875","-4.83955001831055","219","28.429","21.882","3.663252972","1.18714238114462","0.925365340310354","16.58722716",
"5/14/1999","-51.875","-4.83955001831055","219","26.836","21.744","7.83376596","0.785692507768323","0.970243663771457","10.12072482",
"5/15/1999","-51.875","-4.83955001831055","219","22.625","20.767","95.5312777728","0.872303406499139","0.984104310704372","2.030004",
"5/16/1999","-51.875","-4.83955001831055","219","22.579","19.769","18.659593008","0.550923411511825","0.984231456153942","2.365425",
"5/17/1999","-51.875","-4.83955001831055","219","28.493","20.415","6.864742224","0.948187211268435","0.928405933493845","11.04743898",
"5/18/1999","-51.875","-4.83955001831055","219","28.334","21.625","9.326363076","1.29083320860856","0.917802621206913","13.5690759",
"5/19/1999","-51.875","-4.83955001831055","219","26.779","21.188","8.39595888","0.973035852570416","0.940167646128166","10.338916212",
"5/20/1999","-51.875","-4.83955001831055","219","28.245","20.867","5.989267008","0.777900479596846","0.915802700652304","10.7430183",
"5/21/1999","-51.875","-4.83955001831055","219","29.758","21.636","11.176875216","0.977097542041211","0.936391322314898","17.0730072",
"5/22/1999","-51.875","-4.83955001831055","219","26.314","19.737","16.73183448","1.02750968317245","0.969828069901591","16.7504103",
"5/23/1999","-51.875","-4.83955001831055","219","26.972","20.109","1.4402389248","0.648066937405669","0.939925338036042","8.153496",
"5/24/1999","-51.875","-4.83955001831055","219","27.006","21.643","8.08610508","0.862200312104154","0.958493588398527","11.18177226",
"5/25/1999","-51.875","-4.83955001831055","219","28.894","21.479","1.50718698","1.21454483987787","0.909691496848331","8.99290998",
"5/26/1999","-51.875","-4.83955001831055","219","32.02","20.375","0.09269712","1.17610786555059","0.788635695066583","19.07336268",
"5/27/1999","-51.875","-4.83955001831055","219","33.659","19.776","0","1.46811032917933","0.680863120584035","23.94079092",
"5/28/1999","-51.875","-4.83955001831055","219","33.345","17.379","0.04978188","1.00398408160451","0.728326521774822","17.08616304",
"5/29/1999","-51.875","-4.83955001831055","219","32.563","21.779","0.3261570048","1.10517044326334","0.735813913091069","17.25024492",
"5/30/1999","-51.875","-4.83955001831055","219","33.626","18.962","0","1.07156657028377","0.642404951926483","19.93651308",
"5/31/1999","-51.875","-4.83955001831055","219","34.248","20.67","0","0.936758701416532","0.666247850114078","17.97507774",
"6/1/1999","-51.875","-4.83955001831055","219","29.471","20.205","3.39889284","1.06754254171633","0.84476561597375","22.74834312",
"6/2/1999","-51.875","-4.83955001831055","219","29.95","18.672","1.8333438408","0.864032427440566","0.879721937935657","14.47076358",
"6/3/1999","-51.875","-4.83955001831055","219","33.587","17.694","0","1.10136844127603","0.6801118892616","22.6466982",
"6/4/1999","-51.875","-4.83955001831055","219","33.62","22.835","0","1.35364839102009","0.578219837097442","23.0271183",
"6/5/1999","-51.875","-4.83955001831055","219","32.514","20.924","0","1.25084052105011","0.683185295699799","20.3968098",
"6/6/1999","-51.875","-4.83955001831055","219","33.92","17.721","0.163078128","1.03931991037759","0.728611956370353","16.85199492",
"6/7/1999","-51.875","-4.83955001831055","219","33.525","18.508","0.44460288","1.17107397290658","0.693249605592754","21.8574522",
"6/8/1999","-51.875","-4.83955001831055","219","33.355","22.387","0","1.16293766472444","0.586581763522877","21.6767214",
"6/9/1999","-51.875","-4.83955001831055","219","32.681","16.661","0","1.40210711849435","0.666455390615694","17.82540234",
"6/10/1999","-51.875","-4.83955001831055","219","32.674","18.128","0","1.5510963026588","0.625135859170263","19.55047302",
"6/11/1999","-51.875","-4.83955001831055","219","32.269","21.612","0.4643442072","0.971240339174656","0.748491145612931","10.94996268",
"6/12/1999","-51.875","-4.83955001831055","219","33.155","21.449","0.0102996792","1.11182238675787","0.730216392772061","20.72868606",
"6/13/1999","-51.875","-4.83955001831055","219","33.321","20.65","0","1.50054151921036","0.617725223552755","17.4056607",
"6/14/1999","-51.875","-4.83955001831055","219","33.593","19.975","0","1.42111757683651","0.59791932108855","23.1685272",
"6/15/1999","-51.875","-4.83955001831055","219","34.026","20.22","0","1.15993982361071","0.546450222868337","22.2612777",
"6/16/1999","-51.875","-4.83955001831055","219","34.04","19.298","0","0.988615814460634","0.618556332658875","23.29700742",
"6/17/1999","-51.875","-4.83955001831055","219","33.828","21.474","0.38795472","1.17042498464935","0.652832681202356","12.91342788",
"6/18/1999","-51.875","-4.83955001831055","219","32.359","21.37","0","1.06822496346888","0.765106809541214","12.56624892",
"6/19/1999","-51.875","-4.83955001831055","219","31.764","19.786","0.2626418664","1.30196216386995","0.725978853273763","15.5490741",
"6/20/1999","-51.875","-4.83955001831055","219","29.03","21.586","12.54673224","1.1350366523234","0.894353572195535","21.08256102",
"6/21/1999","-51.875","-4.83955001831055","219","33.448","19.69","0.62999748","1.24950430820041","0.719779925785541","23.13196542",
"6/22/1999","-51.875","-4.83955001831055","219","32.853","19.219","0.6780624624","0.720301845037537","0.761615083824806","19.99996848",
"6/23/1999","-51.875","-4.83955001831055","219","31.995","21.331","4.4048313","1.00375552231284","0.79199542821663","13.95512208",
"6/24/1999","-51.875","-4.83955001831055","219","32.863","18.933","0.3699302976","1.04495698068947","0.774404530458464","13.02558822",
"6/25/1999","-51.875","-4.83955001831055","219","33.565","18.576","0","1.36146957686853","0.664234302577513","18.10456686",
"6/26/1999","-51.875","-4.83955001831055","219","32.557","19.816","0","0.87306567746841","0.664408488843174","17.10354168",
"6/27/1999","-51.875","-4.83955001831055","219","33.931","22.32","0","1.1623161374349","0.567956796696428","17.55162936",
"6/28/1999","-51.875","-4.83955001831055","219","33.665","19.682","0","1.07153718380574","0.664614785830892","19.4249304",
"6/29/1999","-51.875","-4.83955001831055","219","33.276","18.832","0.0686645784","1.12129139607292","0.632057477168199","17.80857756",
"6/30/1999","-51.875","-4.83955001831055","219","32.952","19.311","0.1356124752","1.04758705667747","0.757867759615237","9.75577608",
"7/1/1999","-51.875","-4.83955001831055","219","31.979","18.874","0","1.26283560205774","0.733549453276691","18.5054652",
"7/2/1999","-51.875","-4.83955001831055","219","33.498","21.438","0","1.49964775093848","0.517345572160185","23.7016656",
"7/3/1999","-51.875","-4.83955001831055","219","34.214","19.017","0","1.0186084140812","0.495337955681893","23.81501232",
"7/4/1999","-51.875","-4.83955001831055","219","33.492","16.698","0","1.09770368903109","0.55174374391295","24.0399558",
"7/5/1999","-51.875","-4.83955001831055","219","33.785","17.42","0","1.05348838753403","0.546038541561923","22.9417281",
"7/6/1999","-51.875","-4.83955001831055","219","33.036","16.054","0","1.18499129900085","0.571622497565648","24.0670062",
"7/7/1999","-51.875","-4.83955001831055","219","33.626","14.197","0","1.08355959176335","0.546583729936153","24.41497068",
"7/8/1999","-51.875","-4.83955001831055","219","29.926","17.45","0","1.49815735506189","0.542520020844696","17.53003296",
"7/9/1999","-51.875","-4.83955001831055","219","24.627","17.867","0.116729892","1.04719961136774","0.765265919336853","4.743225828",
"7/10/1999","-51.875","-4.83955001831055","219","33.354","16.804","0","1.01323864890261","0.628582498737409","22.81337532",
"7/11/1999","-51.875","-4.83955001831055","219","30.8","18.164","0","1.19418290251616","0.574674260972884","18.79227342",
"7/12/1999","-51.875","-4.83955001831055","219","33.765","19.192","0","1.52976948074174","0.499827498077049","22.18083876",
"7/13/1999","-51.875","-4.83955001831055","219","33.555","20.159","0","1.45500701900939","0.509828186381314","17.2123272",
"7/14/1999","-51.875","-4.83955001831055","219","33.419","20.981","0","1.12649210609665","0.497015310754238","14.61161106",
"7/15/1999","-51.875","-4.83955001831055","219","33.688","17.496","0","1.54003402282437","0.483549589435695","24.75320472",
"7/16/1999","-51.875","-4.83955001831055","219","33.994","14.445","0","1.12052886162053","0.520421201161727","24.58900728",
"7/17/1999","-51.875","-4.83955001831055","219","34.497","16.726","0","0.975703749171406","0.506501310204948","20.95306524",
"7/18/1999","-51.875","-4.83955001831055","219","34.507","15.245","0","1.04402598765518","0.555441668584287","23.17702788",
"7/19/1999","-51.875","-4.83955001831055","219","30.362","17.759","0.166511412","0.816556657179238","0.711886775044853","11.98416888",
"7/20/1999","-51.875","-4.83955001831055","219","32.531","19.552","0.0102996792","1.4832040031418","0.680969922521323","22.12256034",
"7/21/1999","-51.875","-4.83955001831055","219","34.079","19.492","0","1.40892713814401","0.581749390034161","18.28057374",
"7/22/1999","-51.875","-4.83955001831055","219","34.822","19.263","0","1.30342890996649","0.5077664435948","24.4550223",
"7/23/1999","-51.875","-4.83955001831055","219","34.202","22.511","0","1.18516396568338","0.490769446605848","16.3321272",
"7/24/1999","-51.875","-4.83955001831055","219","34.306","22.107","0","1.47638454519058","0.439249508083235","21.38276736",
"7/25/1999","-51.875","-4.83955001831055","219","35.481","21.97","0","1.51227645633332","0.410161838034541","24.10627824",
"7/26/1999","-51.875","-4.83955001831055","219","35.262","16.516","0","1.37858687164114","0.442979065976732","23.9229027",
"7/27/1999","-51.875","-4.83955001831055","219","33.665","17.911","0","1.74473650639303","0.514719730206077","21.86763246",
"7/28/1999","-51.875","-4.83955001831055","219","34.955","19.47","0","1.77797027082024","0.390020911451724","25.332912",
"7/29/1999","-51.875","-4.83955001831055","219","35.433","18.295","0","1.31382504756184","0.454113446625896","24.9415254",
"7/30/1999","-51.875","-4.83955001831055","219","35.246","14.023","0","1.2250679299893","0.49571245069221","25.17108624",
"7/31/1999","-51.875","-4.83955001831055","219","34.583","18.768","0","1.82990087879241","0.393684698921963","25.91302284",
"8/1/1999","-51.875","-4.83955001831055","219","34.313","15.931","0","1.5079138768813","0.399323250103843","25.78134204",
"8/2/1999","-51.875","-4.83955001831055","219","35.096","17.352","0","1.40370435195976","0.40769507055464","25.44131232",
"8/3/1999","-51.875","-4.83955001831055","219","35.326","17.892","0","1.1495424231924","0.462366907471766","22.203055692",
"8/4/1999","-51.875","-4.83955001831055","219","35.566","15.669","0","0.951396023385564","0.542284908928507","25.54998822",
"8/5/1999","-51.875","-4.83955001831055","219","35.29","15.441","0","1.3840947959314","0.509632553745796","25.25142078",
"8/6/1999","-51.875","-4.83955001831055","219","32.498","17.932","0","1.40538278425892","0.4957775750776","21.0395223",
"8/7/1999","-51.875","-4.83955001831055","219","35.088","20.9","0","1.66089690802535","0.421617257750103","25.06376736",
"8/8/1999","-51.875","-4.83955001831055","219","34.787","21.603","0","1.48696682417755","0.418713048579767","12.3040098",
"8/9/1999","-51.875","-4.83955001831055","219","35.534","21.649","0","1.48863147616854","0.412137347226023","22.305492",
"8/10/1999","-51.875","-4.83955001831055","219","34.966","23.251","0","1.42137269591185","0.426428328973268","13.413941388",
"8/11/1999","-51.875","-4.83955001831055","219","35.397","21.245","0","1.34495555058772","0.51335538941177","16.335164592",
"8/12/1999","-51.875","-4.83955001831055","219","36.597","20.552","0","1.2051608589019","0.615257579018599","18.4091589",
"8/13/1999","-51.875","-4.83955001831055","219","36.972","18.992","0.58021524","0.853257133674426","0.625964113391822","11.127546522",
"8/14/1999","-51.875","-4.83955001831055","219","36.196","18.729","0","1.26786527642558","0.534685384950974","24.89197626",
"8/15/1999","-51.875","-4.83955001831055","219","34.649","15.399","0","1.07168427258115","0.590885881401972","21.0403692",
"8/16/1999","-51.875","-4.83955001831055","219","34.976","15.089","0","1.56890326437894","0.515037965853358","26.42293314",
"8/17/1999","-51.875","-4.83955001831055","219","37.406","13.338","0","1.26585870699231","0.52703677497761","19.847250072",
"8/18/1999","-51.875","-4.83955001831055","219","35.235","21.31","0","1.51098940904262","0.470590091180804","18.795484728",
"8/19/1999","-51.875","-4.83955001831055","219","35.359","21.793","0","1.68770791227194","0.394743732825503","23.37817734",
"8/20/1999","-51.875","-4.83955001831055","219","36.135","23.593","0","1.20357284985065","0.442597988529814","19.03123458",
"8/21/1999","-51.875","-4.83955001831055","219","35.92","22.685","0.1338960384","1.68959094767231","0.428188389768146","26.118843948",
"8/22/1999","-51.875","-4.83955001831055","219","35.887","17.787","0","1.64117243481854","0.36599542071591","23.33885544",
"8/23/1999","-51.875","-4.83955001831055","219","36.185","20.887","0","1.75697248727561","0.36705968781145","26.882092368",
"8/24/1999","-51.875","-4.83955001831055","219","36.388","20.952","0","1.94187326266404","0.359798751999156","26.932889952",
"8/25/1999","-51.875","-4.83955001831055","219","36.463","20.5","0","1.90646878035661","0.354677153568105","26.897182272",
"8/26/1999","-51.875","-4.83955001831055","219","37.02","20.739","0","1.75812503961718","0.373322612079185","26.932892688",
"8/27/1999","-51.875","-4.83955001831055","219","35.256","21.406","0","1.69463737525193","0.540511517283488","20.09806812",
"8/28/1999","-51.875","-4.83955001831055","219","37.359","20.091","0.0034332264","1.42896620950278","0.572522250982514","20.40035832",
"8/29/1999","-51.875","-4.83955001831055","219","36.617","20.834","0.58364856","1.42261709249063","0.567312010442567","19.53832194",
"8/30/1999","-51.875","-4.83955001831055","219","37.312","20.589","0","1.43910606953519","0.48580016779046","20.16719154",
"8/31/1999","-51.875","-4.83955001831055","219","36.687","21.419","0","2.06111737824699","0.476447131669202","21.03322608",
"9/1/1999","-51.875","-4.83955001831055","219","35.644","20.698","0","1.55824330188276","0.577626675610562","18.229385448",
"9/2/1999","-51.875","-4.83955001831055","219","36.46","18.898","0.08239752","1.53349056698348","0.578255898958636","16.33803912",
"9/3/1999","-51.875","-4.83955001831055","219","36.23","20.344","0","1.47239463807664","0.507208179650121","22.88570508",
"9/4/1999","-51.875","-4.83955001831055","219","37.907","20.803","0.0102996792","1.52966190905811","0.538788346701405","19.67320908",
"9/5/1999","-51.875","-4.83955001831055","219","36.125","19.665","0","1.37655848214663","0.56006728120639","19.48139892",
"9/6/1999","-51.875","-4.83955001831055","219","35.496","22.532","0.0944137584","1.73170850837664","0.594608238097932","18.74643678",
"9/7/1999","-51.875","-4.83955001831055","219","37.056","21.493","0","1.72688340575347","0.443359913151973","27.62589114",
"9/8/1999","-51.875","-4.83955001831055","219","38.041","21.707","0","1.39548083066182","0.468650417319381","22.28810634",
"9/9/1999","-51.875","-4.83955001831055","219","38.802","21.949","0.4059794664","1.4679720900326","0.492232631785772","19.5847884",
"9/10/1999","-51.875","-4.83955001831055","219","35.201","20.246","2.959441956","1.14590342094283","0.65164198626856","18.45557154",
"9/11/1999","-51.875","-4.83955001831055","219","36.104","18.026","0","1.91473139582606","0.576322248356932","21.617947008",
"9/12/1999","-51.875","-4.83955001831055","219","35.795","22.261","0.605963808","1.66056113345563","0.619480830330837","19.13450256",
"9/13/1999","-51.875","-4.83955001831055","219","33.894","20.729","0.96645384","2.01072700271928","0.666637610486526","22.68489024",
"9/14/1999","-51.875","-4.83955001831055","219","33.973","20.628","1.15184772","1.50197065172054","0.634913357545136","22.5345933",
"9/15/1999","-51.875","-4.83955001831055","219","36.028","21.315","0.010299672","1.51252142101584","0.544237926072581","18.93504006",
"9/16/1999","-51.875","-4.83955001831055","219","34.558","20.774","0.345039264","1.54676572645747","0.647405255525748","12.858691032",
"9/17/1999","-51.875","-4.83955001831055","219","36.255","19.814","0","1.38657386667245","0.61331419288768","19.01368134",
"9/18/1999","-51.875","-4.83955001831055","219","37.761","23.221","0","1.71472026998867","0.467772002474856","19.642164552",
"9/19/1999","-51.875","-4.83955001831055","219","36.908","21.072","0","1.56060147297199","0.484504793194284","19.653863832",
"9/20/1999","-51.875","-4.83955001831055","219","37.207","21.463","0.0360489024","1.51057078805443","0.51469872266934","20.50340652",
"9/21/1999","-51.875","-4.83955001831055","219","34.671","20.752","1.131248016","1.37282549194001","0.634155604792462","18.996971472",
"9/22/1999","-51.875","-4.83955001831055","219","38.555","23.304","0.284957964","1.43142519379437","0.596360859198509","19.704263832",
"9/23/1999","-51.875","-4.83955001831055","219","36.572","21.375","2.4435981288","1.39663426643183","0.660824727498601","18.715442832",
"9/24/1999","-51.875","-4.83955001831055","219","32.761","20.261","2.7929300184","1.07465514699983","0.696472471336933","21.97384002",
"9/25/1999","-51.875","-4.83955001831055","219","27.15","20.974","2.2599219384","0.790635580402811","0.867504904180035","7.67603556",
"9/26/1999","-51.875","-4.83955001831055","219","27.17","20.799","8.63456688","1.31030422767045","0.931370882735191","16.970959368",
"9/27/1999","-51.875","-4.83955001831055","219","32.602","19.341","0","1.7263869880144","0.661856076490591","18.28377846",
"9/28/1999","-51.875","-4.83955001831055","219","33.429","19.493","0","1.54287532340614","0.625325940492933","17.922934008",
"9/29/1999","-51.875","-4.83955001831055","219","35.177","21.689","0","1.43789417075036","0.582751506983979","18.44105202",
"9/30/1999","-51.875","-4.83955001831055","219","37.114","20.364","0.13732884","0.991356330467755","0.5682526247814","16.398454428",
"10/1/1999","-51.875","-4.83955001831055","219","38.502","20.098","0","1.1772349876095","0.498057521284397","27.343629432",
"10/2/1999","-51.875","-4.83955001831055","219","36.878","24.305","0","1.47722949207664","0.421835719389287","23.95445976",
"10/3/1999","-51.875","-4.83955001831055","219","38.54","19.011","0","1.6087295441801","0.429357577501401","22.63961682",
"10/4/1999","-51.875","-4.83955001831055","219","34.592","23.319","0.16479468","2.05093899095437","0.466681422817042","24.152059008",
"10/5/1999","-51.875","-4.83955001831055","219","35.142","22.544","0.64973844","1.62202961019261","0.599806156372253","17.08493148",
"10/6/1999","-51.875","-4.83955001831055","219","35.318","21.116","1.675413252","1.08485120540017","0.641272242316102","17.914782168",
"10/7/1999","-51.875","-4.83955001831055","219","36.661","19.039","0","1.59458689650164","0.463066064078046","28.7989299",
"10/8/1999","-51.875","-4.83955001831055","219","35.828","20.824","0","1.74180526458391","0.411782882734547","22.43570436",
"10/9/1999","-51.875","-4.83955001831055","219","37.411","20.493","0","1.66824132047975","0.430238619055842","28.25387082",
"10/10/1999","-51.875","-4.83955001831055","219","38.336","21.368","0","2.09037508786782","0.44930239097368","27.14293278",
"10/11/1999","-51.875","-4.83955001831055","219","38.004","24.905","0","2.12629327004774","0.336175574704291","25.7360625",
"10/12/1999","-51.875","-4.83955001831055","219","35.393","22.2","0","2.16534054165143","0.491311511332201","23.11576488",
"10/13/1999","-51.875","-4.83955001831055","219","36.083","21.165","0","1.91366413103877","0.524076685574309","22.73715",
"10/14/1999","-51.875","-4.83955001831055","219","37.711","20.651","0","1.71144636282426","0.48548232820975","21.9404826",
"10/15/1999","-51.875","-4.83955001831055","219","34.392","22.189","2.85988176","1.73142825185138","0.636686821366464","23.4938241",
"10/16/1999","-51.875","-4.83955001831055","219","36.378","21.031","0","1.18136659936169","0.620543865329401","20.04788772",
"10/17/1999","-51.875","-4.83955001831055","219","39.627","20.282","0","1.10737658248855","0.563231792179452","18.41416812",
"10/18/1999","-51.875","-4.83955001831055","219","37.289","24.502","0","1.09849021137736","0.502562319507017","10.91981106",
"10/19/1999","-51.875","-4.83955001831055","219","37.98","19.969","0","1.52511911246049","0.47260951752443","27.40753152",
"10/20/1999","-51.875","-4.83955001831055","219","39.258","23.671","0.230026392","1.48555963263251","0.442786436365057","27.496242",
"10/21/1999","-51.875","-4.83955001831055","219","37.215","21.512","0","1.25935473164759","0.468491955778985","24.100929",
"10/22/1999","-51.875","-4.83955001831055","219","28.091","20.416","0.3398895288","1.40859962018153","0.634080073842707","5.73221556",
"10/23/1999","-51.875","-4.83955001831055","219","35.199","19.783","0","1.86727886036062","0.568848645406986","24.92257392",
"10/24/1999","-51.875","-4.83955001831055","219","37.83","20.86","0","1.61947845074122","0.4593466854134","28.23873588",
"10/25/1999","-51.875","-4.83955001831055","219","38.611","22.435","0","1.88109118809133","0.416200195580464","23.68850436",
"10/26/1999","-51.875","-4.83955001831055","219","38.22","25.948","0","1.63529193516346","0.439205189811217","20.87156124",
"10/27/1999","-51.875","-4.83955001831055","219","35.269","24.766","0","1.69176478128144","0.481036508661498","18.9282924",
"10/28/1999","-51.875","-4.83955001831055","219","37.321","23.916","0.23345964","1.79050126895842","0.562466528900916","18.02475",
"10/29/1999","-51.875","-4.83955001831055","219","35.418","21.835","0.0617981184","1.64057968798071","0.645554676975204","17.77336812",
"10/30/1999","-51.875","-4.83955001831055","219","34.748","22.178","4.2760884456","1.31330359030648","0.65451812621892","20.11725288",
"10/31/1999","-51.875","-4.83955001831055","219","30.097","22.107","2.329443396","1.30233668253002","0.751493796189876","7.33207284",
"11/1/1999","-51.875","-4.83955001831055","219","30.848","23.206","0","2.11578863396404","0.599577107669995","20.3736438",
"11/2/1999","-51.875","-4.83955001831055","219","28.637","21.468","11.5922907","1.7894874987291","0.859538199929866","26.52766812",
"11/3/1999","-51.875","-4.83955001831055","219","30.901","21.793","3.965375232","1.67162707638526","0.828041489652192","24.95474964",
"11/4/1999","-51.875","-4.83955001831055","219","34.463","21.642","0.7596018","1.3363443500381","0.70165528661011","15.27429222",
"11/5/1999","-51.875","-4.83955001831055","219","33.567","23.42","0.0274658184","1.75797415224616","0.572102013076155","25.976304",
"11/6/1999","-51.875","-4.83955001831055","219","36.435","22.156","0.540733392","1.47479034984975","0.580043073594652","19.79223768",
"11/7/1999","-51.875","-4.83955001831055","219","32.499","22.092","5.756662224","1.50063802845182","0.791390001647688","26.83721646",
"11/8/1999","-51.875","-4.83955001831055","219","36.015","22","0","1.92231986405095","0.53727670174914","28.29560184",
"11/9/1999","-51.875","-4.83955001831055","219","34.761","22.367","0","1.83547549514173","0.480301863385369","24.1288416",
"11/10/1999","-51.875","-4.83955001831055","219","36.456","22.335","0.3313062","1.37324060052299","0.571915174114836","17.78816736",
"11/11/1999","-51.875","-4.83955001831055","219","35.367","22.352","0.36220572","1.0296747004673","0.694347354845255","17.82084024",
"11/12/1999","-51.875","-4.83955001831055","219","30.346","21.77","12.52955916","0.945392333479048","0.848272025363655","21.57451182",
"11/13/1999","-51.875","-4.83955001831055","219","35.354","21.261","1.471138164","1.15017341502582","0.714860420079273","19.71978768",
"11/14/1999","-51.875","-4.83955001831055","219","32.709","22.215","4.864887","1.47510611032626","0.713463996816888","20.91740328",
"11/15/1999","-51.875","-4.83955001831055","219","31.119","20.013","4.214286","1.3076780313484","0.756944468851103","27.0493902",
"11/16/1999","-51.875","-4.83955001831055","219","34.599","22.196","8.207999352","1.44349585672045","0.753118218903261","26.02338516",
"11/17/1999","-51.875","-4.83955001831055","219","28.445","21.848","7.75909188","1.28666213015659","0.831487698790098","13.21003548",
"11/18/1999","-51.875","-4.83955001831055","219","31.204","22.407","7.833768012","1.22203145822601","0.84959618419288","15.48343332",
"11/19/1999","-51.875","-4.83955001831055","219","31.816","21.108","6.74972568","1.29362142141126","0.784671943057503","22.0462839",
"11/20/1999","-51.875","-4.83955001831055","219","35.676","22.978","1.52778474","1.4732078089105","0.665582102052254","15.6483018",
"11/21/1999","-51.875","-4.83955001831055","219","31.4","22.832","11.11164192","1.32152688277055","0.81887401736918","23.41479618",
"11/22/1999","-51.875","-4.83955001831055","219","31.988","21.689","4.9043652264","1.46501215025106","0.767530937224536","26.4481893",
"11/23/1999","-51.875","-4.83955001831055","219","23.184","20.576","13.9904064504","1.4328664478218","0.966026663696083","3.07895598",
"11/24/1999","-51.875","-4.83955001831055","219","34.311","19.563","0.0137329056","1.37803878894188","0.692311575182471","20.71682082",
"11/25/1999","-51.875","-4.83955001831055","219","35.551","21.378","0","1.57155439170967","0.569004927098068","27.44026812",
"11/26/1999","-51.875","-4.83955001831055","219","33.106","21.974","0","1.71702838030009","0.563452749949835","23.97549204",
"11/27/1999","-51.875","-4.83955001831055","219","32.312","23.394","2.36034396","1.60621743469781","0.675440843643624","19.7277237",
"11/28/1999","-51.875","-4.83955001831055","219","26.49","21.813","8.06894748","1.39392566360876","0.859117517401176","3.99042756",
"11/29/1999","-51.875","-4.83955001831055","219","32.577","22.388","9.1409647392","1.21318626835732","0.804214356525585","21.964617",
"11/30/1999","-51.875","-4.83955001831055","219","30.812","22.619","6.00815466","1.22460174038117","0.821755400038329","16.5373398",
"12/1/1999","-51.875","-4.83955001831055","219","33.977","21.994","8.080098012","1.09558457154792","0.792280256198558","12.49931124",
"12/2/1999","-51.875","-4.83955001831055","219","29.364","22.767","32.009688468","0.968020861137135","0.895557028202885","13.92907302",
"12/3/1999","-51.875","-4.83955001831055","219","29.042","22.692","7.362559332","0.864106109050801","0.922608992217091","8.93733714",
"12/4/1999","-51.875","-4.83955001831055","219","24.565","21.854","99.141345612","0.886327556448106","0.96732690371172","5.082807708",
"12/5/1999","-51.875","-4.83955001831055","219","32.746","20.743","3.5018927064","1.4272861587653","0.814212584303717","24.18165252",
"12/6/1999","-51.875","-4.83955001831055","219","28.563","22.139","7.71789852","1.07120356379713","0.919437789096952","16.78089348",
"12/7/1999","-51.875","-4.83955001831055","219","33.343","22.462","5.318067024","1.35359707397806","0.723404629977642","20.74488804",
"12/8/1999","-51.875","-4.83955001831055","219","35.737","22.281","1.038551652","1.62094515822402","0.635662008954895","24.83791632",
"12/9/1999","-51.875","-4.83955001831055","219","36.166","23.642","0.0102996792","1.27665872513542","0.567326530699211","18.5042277",
"12/10/1999","-51.875","-4.83955001831055","219","33.429","22.677","0","2.19792158397023","0.647749706098307","19.31568696",
"12/11/1999","-51.875","-4.83955001831055","219","34.274","21.183","0.072097812","1.62186531706747","0.675401941369691","19.54681578",
"12/12/1999","-51.875","-4.83955001831055","219","34.513","23.485","0.1132965","1.76095289649095","0.604851783946302","20.98625544",
"12/13/1999","-51.875","-4.83955001831055","219","35.89","22.358","1.9363404528","0.966994100228721","0.709592969237938","17.774325468",
"12/14/1999","-51.875","-4.83955001831055","219","32.6","21.411","3.295900224","1.59094863496359","0.707759004807994","27.32073768",
"12/15/1999","-51.875","-4.83955001831055","219","35.362","22.424","0","1.5353814577067","0.613896539489366","18.70487208",
"12/16/1999","-51.875","-4.83955001831055","219","34.997","25.358","0.0205993728","1.67575988899039","0.566562788215683","7.43804694",
"12/17/1999","-51.875","-4.83955001831055","219","31.845","22.585","1.69944768","1.68721980300987","0.687971514634976","21.86702136",
"12/18/1999","-51.875","-4.83955001831055","219","32.754","21.877","4.30183656","1.46318347029062","0.725018591188032","25.46432064",
"12/19/1999","-51.875","-4.83955001831055","219","32.067","24.05","4.20570252","1.55416136958912","0.789848330720362","25.33842702",
"12/20/1999","-51.875","-4.83955001831055","219","26.311","22.923","13.667677992","1.13854301141368","0.949061913909353","12.44874366",
"12/21/1999","-51.875","-4.83955001831055","219","24.076","22.484","7.1805981168","0.784351858470685","0.970299396525647","2.3065875",
"12/22/1999","-51.875","-4.83955001831055","219","23.877","21.299","18.069076152","1.00287474506567","0.976549086232678","4.1055192",
"12/23/1999","-51.875","-4.83955001831055","219","24.071","20.625","20.78990712","0.943938120399088","0.964588468988795","4.73107914",
"12/24/1999","-51.875","-4.83955001831055","219","28.211","21.318","6.9969182328","1.00392792290612","0.917238821817588","12.6072558",
"12/25/1999","-51.875","-4.83955001831055","219","26.557","21.331","5.4176339808","0.928007419455552","0.929148926256453","7.19240832",
"12/26/1999","-51.875","-4.83955001831055","219","30.226","20.484","2.427292368","0.981143675172749","0.829035063993479","16.9700094",
"12/27/1999","-51.875","-4.83955001831055","219","37.797","21.196","0.0720977832","1.09717395699835","0.651115139958539","17.40222936",
"12/28/1999","-51.875","-4.83955001831055","219","27.445","21.499","19.9813805352","0.904183926775417","0.914916580520302","19.36884132",
"12/29/1999","-51.875","-4.83955001831055","219","27.641","21.851","4.6194093504","0.866477456209665","0.930929148262731","6.7753116",
"12/30/1999","-51.875","-4.83955001831055","219","26.727","21.778","10.49709456","0.959031351436266","0.938651240556255","7.89828912",
"12/31/1999","-51.875","-4.83955001831055","219","30.163","19.352","4.9507146","1.17006371907654","0.834998232310873","24.25438818",
"1/1/2000","-51.875","-4.83955001831055","219","23.759","21.07","90.38313036","0.897542636835512","0.980943117842258","4.54955526",
"1/2/2000","-51.875","-4.83955001831055","219","26.476","20.925","11.973384612","0.975437689210108","0.953568552421062","15.61449564",
"1/3/2000","-51.875","-4.83955001831055","219","25.825","21.342","26.63841096","1.33823578528408","0.950440570558423","10.08843948",
"1/4/2000","-51.875","-4.83955001831055","219","23.688","19.073","4.202273052","1.08664283805032","0.95951048096747","8.00448624",
"1/5/2000","-51.875","-4.83955001831055","219","32.511","19.349","1.7166144744","1.12642326528452","0.831457034548323","21.1821669",
"1/6/2000","-51.875","-4.83955001831055","219","29.652","20.607","10.2430327464","0.764342776297254","0.88942816578621","21.55100958",
"1/7/2000","-51.875","-4.83955001831055","219","34.275","20.804","10.9657200384","1.08848394161007","0.735341944661146","27.19979622",
"1/8/2000","-51.875","-4.83955001831055","219","24.737","22.286","38.64785796","0.738873225816304","0.976526186489574","5.74543674",
"1/9/2000","-51.875","-4.83955001831055","219","26.928","21.255","15.109638696","0.771302458122019","0.945465356161464","7.615126728",
"1/10/2000","-51.875","-4.83955001831055","219","30.709","21.288","7.968519324","1.11748882908219","0.874678852907422","21.07924362",
"1/11/2000","-51.875","-4.83955001831055","219","34.098","21.24","17.1421003728","0.871809034275264","0.850590170548148","14.50114038",
"1/12/2000","-51.875","-4.83955001831055","219","24.658","22.313","51.66662364","0.604029044599351","0.978520557179805","5.262863652",
"1/13/2000","-51.875","-4.83955001831055","219","25.455","21.379","13.037676444","0.952386928771941","0.964974522429734","12.88119042",
"1/14/2000","-51.875","-4.83955001831055","219","24.08","20.336","29.4536673","0.852635125993404","0.974700715024866","5.2984692",
"1/15/2000","-51.875","-4.83955001831055","219","31.709","20.332","10.6361392464","0.835490707925584","0.8853896227932","26.539585848",
"1/16/2000","-51.875","-4.83955001831055","219","23.834","21.533","30.857835312","0.953563332457169","0.980013759981388","5.82091704",
"1/17/2000","-51.875","-4.83955001831055","219","29.257","21.467","8.778762432","1.01534405101935","0.939986540512588","19.92622482",
"1/18/2000","-51.875","-4.83955001831055","219","28.126","22.366","13.3174893384","0.780846387057614","0.949859923034823","24.6948714",
"1/19/2000","-51.875","-4.83955001831055","219","26.102","21.192","13.338093636","0.715815269388233","0.969476936642629","20.08569024",
"1/20/2000","-51.875","-4.83955001831055","219","30.6","22.567","18.6235422624","0.753288938525324","0.917529098651741","24.26354748",
"1/21/2000","-51.875","-4.83955001831055","219","33.322","21.308","3.9241827","1.37798113490794","0.82651974677706","22.35790944",
"1/22/2000","-51.875","-4.83955001831055","219","27.593","22.082","11.0927577384","1.23573468060602","0.948198831304535","25.19651178",
"1/23/2000","-51.875","-4.83955001831055","219","28.459","22.333","10.564040592","1.0514085805878","0.947781110112677","18.38452536",
"1/24/2000","-51.875","-4.83955001831055","219","25.722","22.392","26.04275748","1.09044983755744","0.976631999310929","10.990294668",
"1/25/2000","-51.875","-4.83955001831055","219","24.437","21.399","36.251432352","0.802783232514197","0.980838580554366","5.226977448",
"1/26/2000","-51.875","-4.83955001831055","219","25.808","20.548","9.147838824","0.73429254536346","0.967751606112139","14.117457492",
"1/27/2000","-51.875","-4.83955001831055","219","33.802","19.841","0.0343322856","0.977750904978542","0.753817030417758","23.76478692",
"1/28/2000","-51.875","-4.83955001831055","219","33.291","20.875","2.4032605464","1.33876129683512","0.790762441833505","28.34482572",
"1/29/2000","-51.875","-4.83955001831055","219","32.595","21.758","1.6136167824","1.53680145568786","0.87064178016229","18.11429541",
"1/30/2000","-51.875","-4.83955001831055","219","29.38","22.361","7.67325888","1.39099019954917","0.925354357939721","20.95525422",
"1/31/2000","-51.875","-4.83955001831055","219","31.982","19.188","0.202560588","1.14382232220885","0.822779978713716","16.5175263",
"2/1/2000","-51.875","-4.83955001831055","219","28.907","19.164","4.662324","1.21895640410148","0.875071668939988","28.5116544",
"2/2/2000","-51.875","-4.83955001831055","219","31.254","22.183","6.7359956904","1.40222058037613","0.873774382808463","28.17551718",
"2/3/2000","-51.875","-4.83955001831055","219","29.289","22.281","5.27343858","1.44952563295984","0.902597429085428","20.3875362",
"2/4/2000","-51.875","-4.83955001831055","219","27.731","21.517","4.8236818464","1.36783334872349","0.93291401580771","15.82509384",
"2/5/2000","-51.875","-4.83955001831055","219","28.129","21.817","14.282239896","1.18341711659495","0.933260414272668","15.08483772",
"2/6/2000","-51.875","-4.83955001831055","219","28.067","21.331","21.7254625128","1.39262056859411","0.919273447599626","12.69416376",
"2/7/2000","-51.875","-4.83955001831055","219","26.234","21.783","20.89805436","1.21777869985595","0.957276028011191","9.53702208",
"2/8/2000","-51.875","-4.83955001831055","219","25.824","21.654","12.00256164","1.26189396256858","0.957643253271722","16.97023179",
"2/9/2000","-51.875","-4.83955001831055","219","27.359","21.233","14.7525804","1.16996425061946","0.943561913330758","11.885342868",
"2/10/2000","-51.875","-4.83955001831055","219","29.613","21.394","5.6510889264","0.814617889085825","0.910030149807918","12.908816658",
"2/11/2000","-51.875","-4.83955001831055","219","29.577","21.645","7.03125216","0.900524959391287","0.910940901113168","16.97833017",
"2/12/2000","-51.875","-4.83955001831055","219","26.214","21.449","21.2190588","1.24701289285434","0.956750237767157","10.081293372",
"2/13/2000","-51.875","-4.83955001831055","219","26.176","20.232","7.2406807344","0.994145563774496","0.94618198553541","13.68646488",
"2/14/2000","-51.875","-4.83955001831055","219","27.075","20.639","15.531920244","0.621684117195102","0.95554246521531","20.33200854",
"2/15/2000","-51.875","-4.83955001831055","219","27.958","19.783","8.9847520488","0.848826890848915","0.914476450502398","21.229369812",
"2/16/2000","-51.875","-4.83955001831055","219","28.489","21.956","7.273298772","1.17135140756364","0.905320637674529","27.67836942",
"2/17/2000","-51.875","-4.83955001831055","219","24.98","22.213","17.99354988","0.90230385003913","0.976442052178061","8.60703714",
"2/18/2000","-51.875","-4.83955001831055","219","27.837","21.673","13.7123082","1.13195496776058","0.94161311257092","16.89997509",
"2/19/2000","-51.875","-4.83955001831055","219","28.555","21.441","20.5719013584","0.901458615034725","0.940491440362078","12.941771994",
"2/20/2000","-51.875","-4.83955001831055","219","25.758","21.222","4.3121327184","0.782275791291598","0.963297179360965","6.251734512",
"2/21/2000","-51.875","-4.83955001831055","219","30.24","20.767","3.134532204","0.991249756539421","0.885701101691522","21.185947188",
"2/22/2000","-51.875","-4.83955001831055","219","29.467","22.01","20.9632815864","0.981550130274314","0.942656621435621","27.06817455",
"2/23/2000","-51.875","-4.83955001831055","219","29.031","21.83","10.89363636","1.34643988307968","0.916216537333437","25.18728291",
"2/24/2000","-51.875","-4.83955001831055","219","26.881","21.985","5.173872984","1.1824750151886","0.945903633621793","15.988047588",
"2/25/2000","-51.875","-4.83955001831055","219","26.441","21.827","10.285953444","0.83576828018842","0.966242985473928","15.5928969",
"2/26/2000","-51.875","-4.83955001831055","219","28.359","21.407","117.77345586","0.885991871187594","0.936678302248907","9.86203116",
"2/27/2000","-51.875","-4.83955001831055","219","30.992","20.026","6.873319944","1.00324468769702","0.891377744110795","24.38004636",
"2/28/2000","-51.875","-4.83955001831055","219","26.636","22.093","18.23387598","0.870264002796505","0.968807203919439","15.70663314",
"2/29/2000","-51.875","-4.83955001831055","219","28.108","22.282","7.54279488","0.800494827063161","0.939210619504904","23.80595319",
"3/1/2000","-51.875","-4.83955001831055","219","26.837","21.572","16.688925432","0.798068231171642","0.970018280418922","17.29113642",
"3/2/2000","-51.875","-4.83955001831055","219","25.514","22.53","17.687985156","1.28558404699077","0.973713294978866","17.9244576",
"3/3/2000","-51.875","-4.83955001831055","219","28.609","22.115","5.410764216","0.876125344275237","0.935305149833298","13.21182855",
"3/4/2000","-51.875","-4.83955001831055","219","26.57","22.184","12.577631256","0.9006874688305","0.968244082232098","20.88747693",
"3/5/2000","-51.875","-4.83955001831055","219","31.336","21.95","9.007074576","1.13182985603271","0.899652034561069","22.9754187",
"3/6/2000","-51.875","-4.83955001831055","219","31.032","22.277","15.3619775064","1.27800973576738","0.891568767037642","24.60211704",
"3/7/2000","-51.875","-4.83955001831055","219","27.929","21.977","15.8958486","0.923540111825015","0.949563221332816","21.51810468",
"3/8/2000","-51.875","-4.83955001831055","219","26.226","22.374","4.0752424224","0.796514915751614","0.95289341987261","7.00328691",
"3/9/2000","-51.875","-4.83955001831055","219","26.565","22.288","11.961363492","1.39538894430806","0.955900055495277","24.98568372",
"3/10/2000","-51.875","-4.83955001831055","219","29.136","21.968","8.9229601296","1.32832068733295","0.906222675726148","22.81365396",
"3/11/2000","-51.875","-4.83955001831055","219","26.638","21.67","11.1579850728","0.951284060392603","0.961679971615025","15.61584717",
"3/12/2000","-51.875","-4.83955001831055","219","26.687","22.304","17.581553352","0.568012000222186","0.9708057829432","15.12629892",
"3/13/2000","-51.875","-4.83955001831055","219","30.032","22.556","11.305622196","1.15540747941353","0.928782880088495","20.6946594",
"3/14/2000","-51.875","-4.83955001831055","219","25.466","22.131","12.64800384","1.26500268001484","0.969472925340932","10.4318532",
"3/15/2000","-51.875","-4.83955001831055","219","25.767","22.294","22.38464952","0.927224210259995","0.972070131341303","12.99723282",
"3/16/2000","-51.875","-4.83955001831055","219","27.886","22.179","7.233813","0.881037013123413","0.923118305567224","17.82967698",
"3/17/2000","-51.875","-4.83955001831055","219","26.304","21.562","11.7845538264","0.718006588492308","0.963775793807694","9.87328278",
"3/18/2000","-51.875","-4.83955001831055","219","27.52","21.237","5.6201914224","0.942887130841881","0.95060538217157","15.444445968",
"3/19/2000","-51.875","-4.83955001831055","219","24.804","20.616","14.843555532","0.822005560240296","0.974426146742869","18.78885054",
"3/20/2000","-51.875","-4.83955001831055","219","32.555","17.271","3.1482697824","0.994481630825149","0.899088888766467","22.8893652",
"3/21/2000","-51.875","-4.83955001831055","219","32.08","21.849","8.0406125784","0.851053004810461","0.916688824821758","21.91511088",
"3/22/2000","-51.875","-4.83955001831055","219","29.314","22.657","5.6201911704","1.09284345054418","0.910613811205718","20.1274821",
"3/23/2000","-51.875","-4.83955001831055","219","31.335","21.707","4.0168782","1.74751910880636","0.78945287510054","27.64749492",
"3/24/2000","-51.875","-4.83955001831055","219","30.93","21.013","6.71539194","1.34945243491999","0.868476421297221","14.17960638",
"3/25/2000","-51.875","-4.83955001831055","219","30.17","21.81","5.5481001624","1.02031021243275","0.927477112417486","17.0937",
"3/26/2000","-51.875","-4.83955001831055","219","31.038","22.04","3.9413472984","1.42966059312863","0.87803118196456","16.21563246",
"3/27/2000","-51.875","-4.83955001831055","219","28.609","22.026","5.6922957144","1.16779053340202","0.914395680065916","21.91077666",
"3/28/2000","-51.875","-4.83955001831055","219","31.048","22.374","8.734129416","0.926850079471309","0.925743428481982","18.6380973",
"3/29/2000","-51.875","-4.83955001831055","219","26.819","22.226","6.471633168","0.831584057045628","0.952459355818021","17.72668386",
"3/30/2000","-51.875","-4.83955001831055","219","23.185","20.487","51.2735147064","0.871058077410602","0.981835781620464","2.666980692",
"3/31/2000","-51.875","-4.83955001831055","219","30.355","20.919","7.7625260424","0.661680620788197","0.926400242211952","20.232729",
"4/1/2000","-51.875","-4.83955001831055","219","24.824","22.492","31.23035928","0.675569119336751","0.977453256933233","6.971624028",
"4/2/2000","-51.875","-4.83955001831055","219","24.683","20.395","22.83266952","1.07871659739199","0.969046468734982","14.34706686",
"4/3/2000","-51.875","-4.83955001831055","219","25.829","19.714","38.97910728","0.707246264606675","0.972388106357973","12.301927848",
"4/4/2000","-51.875","-4.83955001831055","219","30.224","21.228","5.9858332128","1.17970799503688","0.898566230434092","20.6816625",
"4/5/2000","-51.875","-4.83955001831055","219","30.753","20.361","4.60739844","1.4171293066726","0.831677530735624","22.40533332",
"4/6/2000","-51.875","-4.83955001831055","219","32.674","21.14","3.1585651632","1.06767732997797","0.807262847104602","22.10455944",
"4/7/2000","-51.875","-4.83955001831055","219","32.161","22.053","4.839134544","1.05777315703629","0.880796776552757","16.68262104",
"4/8/2000","-51.875","-4.83955001831055","219","28.468","22.197","2.51312292","0.996517081935696","0.911027736357988","12.47928858",
"4/9/2000","-51.875","-4.83955001831055","219","28.762","22.281","6.046768008","0.826914064229012","0.925234519333495","12.93901902",
"4/10/2000","-51.875","-4.83955001831055","219","32.206","21.737","16.88117868","1.00854303428466","0.909065624404391","23.19046866",
"4/11/2000","-51.875","-4.83955001831055","219","25.423","21.838","51.46407288","0.806183687525999","0.976293571011201","7.610008572",
"4/12/2000","-51.875","-4.83955001831055","219","24.355","22.002","132.441953436","0.784606266850611","0.980441369193936","3.95465526",
"4/13/2000","-51.875","-4.83955001831055","219","25.107","21.694","7.3865937096","0.796695956245843","0.970950222345982","5.074650648",
"4/14/2000","-51.875","-4.83955001831055","219","27.268","19.345","10.1906789112","0.609071113866825","0.964076774067389","12.6271746",
"4/15/2000","-51.875","-4.83955001831055","219","25.988","21.296","2.9817596088","0.54623300754968","0.961702196397718","5.21623494",
"4/16/2000","-51.875","-4.83955001831055","219","25.628","19.913","6.76173744","0.58896242882442","0.971861998139941","14.0681295",
"4/17/2000","-51.875","-4.83955001831055","219","28.893","21.623","0.499534092","0.88953012466504","0.899226057857193","13.05314586",
"4/18/2000","-51.875","-4.83955001831055","219","31.683","20.32","6.1617875328","0.810686445892433","0.885811157833867","20.3180058",
"4/19/2000","-51.875","-4.83955001831055","219","27.675","22.067","8.462905776","0.761416049340005","0.956297256856133","16.58030886",
"4/20/2000","-51.875","-4.83955001831055","219","30.264","22.074","11.690140644","0.616621842211733","0.902216836224811","15.037198668",
"4/21/2000","-51.875","-4.83955001831055","219","26.944","22.762","22.724528184","0.892887498912181","0.968302014826032","20.38713426",
"4/22/2000","-51.875","-4.83955001831055","219","29.392","21.847","2.9577217824","0.918816353314257","0.907799793753429","16.78449564",
"4/23/2000","-51.875","-4.83955001831055","219","31.083","22.272","0.5115509784","1.34769094641667","0.851649816607643","17.97750234",
"4/24/2000","-51.875","-4.83955001831055","219","31.788","22.111","1.9020089304","1.07809821200604","0.840764355878095","19.64126988",
"4/25/2000","-51.875","-4.83955001831055","219","26.747","22.692","10.26363852","1.12448998286115","0.95636278880561","21.1879125",
"4/26/2000","-51.875","-4.83955001831055","219","27.919","21.982","4.240039572","1.17540557610367","0.927423146982184","13.7952558",
"4/27/2000","-51.875","-4.83955001831055","219","27.457","21.198","10.89018864","0.934633633314133","0.949901055934222","16.097958",
"4/28/2000","-51.875","-4.83955001831055","219","31.311","21.738","2.882191608","1.07713954719123","0.851825175268846","19.45366758",
"4/29/2000","-51.875","-4.83955001831055","219","30.477","21.956","2.809238508","1.17486249265169","0.850957124934556","16.97699214",
"4/30/2000","-51.875","-4.83955001831055","219","30.052","20.339","6.87160332","0.886071446071124","0.901665053121237","23.62556124",
"5/1/2000","-51.875","-4.83955001831055","219","27.048","19.931","4.7515847112","0.896728120190813","0.942891749843044","12.50718786",
"5/2/2000","-51.875","-4.83955001831055","219","30.839","21.916","2.672768952","0.974598563704315","0.844141287432475","15.14587392",
"5/3/2000","-51.875","-4.83955001831055","219","33.331","20.237","0","1.39428161335836","0.72018346135895","25.14538404",
"5/4/2000","-51.875","-4.83955001831055","219","33.194","20.565","2.9491465392","1.19612046657533","0.792538883037223","22.6413522",
"5/5/2000","-51.875","-4.83955001831055","219","33.276","19.61","1.2531284424","1.03253598407777","0.804599295035779","18.47271906",
"5/6/2000","-51.875","-4.83955001831055","219","30.726","21.775","7.1205197256","1.08192987551494","0.861730611282845","13.0790844",
"5/7/2000","-51.875","-4.83955001831055","219","29.219","22.187","2.593802196","0.783356409449765","0.905995558462016","16.4484603",
"5/8/2000","-51.875","-4.83955001831055","219","26.891","22.378","7.1703012888","0.544430593860597","0.960033323896189","13.7579661",
"5/9/2000","-51.875","-4.83955001831055","219","30.499","22.188","9.0259525584","1.13111482891437","0.922216679095167","19.53776448",
"5/10/2000","-51.875","-4.83955001831055","219","31.473","22.045","3.749084352","1.11332088723073","0.871127486552192","16.04610342",
"5/11/2000","-51.875","-4.83955001831055","219","31.475","19.367","12.40081146","0.733923947289036","0.894690786733229","21.44840922",
"5/12/2000","-51.875","-4.83955001831055","219","29.828","21.68","13.38615288","0.945944849994813","0.930073163716529","21.190554",
"5/13/2000","-51.875","-4.83955001831055","219","27.439","19.359","0.8754731784","1.06775315722966","0.916578699942712","13.4166915",
"5/14/2000","-51.875","-4.83955001831055","219","33.006","20.678","1.9500726528","1.44307108067722","0.81520604623043","18.21532374",
"5/15/2000","-51.875","-4.83955001831055","219","33.169","20.763","0.63514728","1.20735402463665","0.730957833454186","19.88713638",
"5/16/2000","-51.875","-4.83955001831055","219","33.046","21.295","0","0.777832084158295","0.716403641338118","17.10866322",
"5/17/2000","-51.875","-4.83955001831055","219","33.968","18.894","0","1.06355812993165","0.724222157964368","17.05978422",
"5/18/2000","-51.875","-4.83955001831055","219","31.618","21.06","4.1439050568","0.909049254414751","0.861968018381908","20.93996718",
"5/19/2000","-51.875","-4.83955001831055","219","25.164","22.449","6.384083436","0.774867932984973","0.975198637234167","7.16608098",
"5/20/2000","-51.875","-4.83955001831055","219","30.92","19.456","15.016936176","0.924733838893268","0.904356513757098","20.52933822",
"5/21/2000","-51.875","-4.83955001831055","219","29.138","19.671","4.9198118904","0.893060641882641","0.9223700076246","10.50806412",
"5/22/2000","-51.875","-4.83955001831055","219","30.69","19.332","1.163864412","1.34801242337806","0.845668051359292","16.48108836",
"5/23/2000","-51.875","-4.83955001831055","219","31.82","20.125","0.666046044","1.5353519404302","0.775260881479224","22.3864344",
"5/24/2000","-51.875","-4.83955001831055","219","32.136","19.669","0","1.35956318753435","0.744480265647794","16.94812446",
"5/25/2000","-51.875","-4.83955001831055","219","32.874","19.077","0","1.47360909241","0.682657218708402","23.98753656",
"5/26/2000","-51.875","-4.83955001831055","219","33.025","17.637","0","1.40505041717685","0.632612463107528","23.9940585",
"5/27/2000","-51.875","-4.83955001831055","219","32.883","18.775","0","1.50258583352469","0.619414918438396","23.96565054",
"5/28/2000","-51.875","-4.83955001831055","219","33.326","18.237","0.024032592","0.977922473724269","0.663356253707532","18.53166978",
"5/29/2000","-51.875","-4.83955001831055","219","32","19.719","0.0205993728","1.26484015306377","0.641115663841434","23.7026799",
"5/30/2000","-51.875","-4.83955001831055","219","33.355","16.926","0","1.14178046737449","0.691080050873977","23.7340701",
"5/31/2000","-51.875","-4.83955001831055","219","31.033","21.487","3.82118184","1.08551071350277","0.775993201245583","13.9438737",
"6/1/2000","-51.875","-4.83955001831055","219","28.768","21.509","0.432586944","0.913197806659291","0.888884366361833","12.18240738",
"6/2/2000","-51.875","-4.83955001831055","219","29.486","21.728","2.348329464","0.950669914767144","0.889770766328675","16.43326272",
"6/3/2000","-51.875","-4.83955001831055","219","31.884","21.069","0.662613192","1.09794145347829","0.791006027203508","20.2724406",
"6/4/2000","-51.875","-4.83955001831055","219","33.211","17.502","0.37078848","1.42677392996713","0.694299384469663","23.77738044",
"6/5/2000","-51.875","-4.83955001831055","219","32.493","17.128","0","1.8566688739409","0.579810883620719","24.23317392",
"6/6/2000","-51.875","-4.83955001831055","219","32.571","18.07","0","1.59825297562477","0.619795603828045","23.90191884",
"6/7/2000","-51.875","-4.83955001831055","219","33.037","18.873","0","1.52877761099184","0.60769132103435","18.6842232",
"6/8/2000","-51.875","-4.83955001831055","219","32.125","20.307","0","1.54849582091316","0.59179801863148","19.74104712",
"6/9/2000","-51.875","-4.83955001831055","219","29.938","19.71","0.0995634504","1.15725517438125","0.70080548389835","10.12494546",
"6/10/2000","-51.875","-4.83955001831055","219","26.623","19.453","0.2094266448","0.735648690922367","0.882560726340973","5.77985742",
"6/11/2000","-51.875","-4.83955001831055","219","33.151","16.07","0","0.947387433169822","0.709766778056977","16.89963714",
"6/12/2000","-51.875","-4.83955001831055","219","33.455","19.338","0","1.3526918124021","0.644477483481537","21.4205085",
"6/13/2000","-51.875","-4.83955001831055","219","34.031","19.197","0.0274658184","1.37050291303956","0.662899211532097","19.26917244",
"6/14/2000","-51.875","-4.83955001831055","219","33.423","19.508","0.0686645424","0.977817754340682","0.73889602305992","15.84410436",
"6/15/2000","-51.875","-4.83955001831055","219","33.878","19.626","0.0137329056","1.360386952851","0.636497765274413","17.41167882",
"6/16/2000","-51.875","-4.83955001831055","219","29.566","22.626","0.5149838376","1.45668803404861","0.794798280506333","7.97681664",
"6/17/2000","-51.875","-4.83955001831055","219","28.615","20.637","3.7799837064","1.15474803859567","0.917410654529393","8.975025612",
"6/18/2000","-51.875","-4.83955001831055","219","32.185","19.387","0","1.01392507688014","0.790823821135279","16.12946214",
"6/19/2000","-51.875","-4.83955001831055","219","30.208","19.15","6.80293872","0.743126056344787","0.832685502266705","21.76115364",
"6/20/2000","-51.875","-4.83955001831055","219","32.381","20.935","0","1.05284246297995","0.775518442169745","14.41850094",
"6/21/2000","-51.875","-4.83955001831055","219","27.619","20.729","5.78499192","1.12867621828165","0.894476197550749","22.41466506",
"6/22/2000","-51.875","-4.83955001831055","219","32.709","20.226","0.216293544","1.43888694928783","0.767053170966055","16.19972172",
"6/23/2000","-51.875","-4.83955001831055","219","32.202","20.104","0.243759276","1.47919265860423","0.722974774933951","19.30533948",
"6/24/2000","-51.875","-4.83955001831055","219","27.838","21.424","1.98440604","1.34839618750081","0.885204656017598","9.11525148",
"6/25/2000","-51.875","-4.83955001831055","219","31.819","20.437","0.1802444328","1.34037288430198","0.750679089395919","17.746479",
"6/26/2000","-51.875","-4.83955001831055","219","33.007","19.747","0","1.32248387433936","0.649893813619203","18.513117",
"6/27/2000","-51.875","-4.83955001831055","219","33.332","19.415","0","1.57482250610105","0.543266854799131","23.07183282",
"6/28/2000","-51.875","-4.83955001831055","219","28.115","20.187","4.22287434","1.39068663487449","0.808690852956604","18.46085742",
"6/29/2000","-51.875","-4.83955001831055","219","30.738","21.391","2.271076704","1.12092427820911","0.874624136824202","9.673817148",
"6/30/2000","-51.875","-4.83955001831055","219","32.092","20.397","0.1321792272","0.995050600783223","0.788444697910769","13.03210872",
"7/1/2000","-51.875","-4.83955001831055","219","31.134","20.6","0.05321502","1.32764619890344","0.738250675849776","19.02774582",
"7/2/2000","-51.875","-4.83955001831055","219","32.943","18.457","0.696944952","1.19316604587057","0.746310357100345","13.8449295",
"7/3/2000","-51.875","-4.83955001831055","219","25.67","19.849","2.2092814944","0.951639316758549","0.930866720199372","8.40560382",
"7/4/2000","-51.875","-4.83955001831055","219","33.727","20.074","0","1.10514692673116","0.620826864782308","22.65350094",
"7/5/2000","-51.875","-4.83955001831055","219","33.638","19.385","0.0171661464","1.3521262217747","0.535833707207812","21.09926232",
"7/6/2000","-51.875","-4.83955001831055","219","32.88","21.217","0.037765512","1.06630198160297","0.588587293278223","23.2033014",
"7/7/2000","-51.875","-4.83955001831055","219","33.31","18.374","0","0.889621051392477","0.664558325702477","19.05215796",
"7/8/2000","-51.875","-4.83955001831055","219","32.201","17.9","0","1.14997621588548","0.601747506442626","20.25849096",
"7/9/2000","-51.875","-4.83955001831055","219","34.095","17.99","0","1.20584366783882","0.594592061432081","23.77490508",
"7/10/2000","-51.875","-4.83955001831055","219","33.332","19.059","0.499534632","1.17380257411627","0.603281202945302","22.29682176",
"7/11/2000","-51.875","-4.83955001831055","219","29.814","21.167","1.8925678944","0.928486448598918","0.886770979324428","8.93789442",
"7/12/2000","-51.875","-4.83955001831055","219","32.248","19.388","0","1.35462349941364","0.762477241265944","16.04435274",
"7/13/2000","-51.875","-4.83955001831055","219","31.471","19.495","0.0034332264","1.33542495389295","0.769442961378919","14.92092846",
"7/14/2000","-51.875","-4.83955001831055","219","31.481","21.521","0.2248764552","1.18515122594505","0.762034602303172","12.46376484",
"7/15/2000","-51.875","-4.83955001831055","219","32.311","21.477","7.729911","0.908117067684075","0.834336802856787","23.26578696",
"7/16/2000","-51.875","-4.83955001831055","219","24.696","15.602","2.065945896","0.612704634618788","0.946302536279704","3.1233942",
"7/17/2000","-51.875","-4.83955001831055","219","32.627","15.381","0.165653028","0.72977943605863","0.800504393999331","11.93304294",
"7/18/2000","-51.875","-4.83955001831055","219","32.602","19.809","4.1336046","1.1866731571543","0.807504294083834","13.34368386",
"7/19/2000","-51.875","-4.83955001831055","219","33.922","21.003","4.6726227","1.05420319559112","0.826234682155414","16.1379567",
"7/20/2000","-51.875","-4.83955001831055","219","29.458","18.841","5.3730003816","1.28625021259744","0.820554142088124","13.6395027",
"7/21/2000","-51.875","-4.83955001831055","219","30.572","19.285","0.796508784","1.54046965132958","0.777631641358205","18.26668134",
"7/22/2000","-51.875","-4.83955001831055","219","29.139","19.498","0.612831024","1.46406627254648","0.780763287103778","17.94245868",
"7/23/2000","-51.875","-4.83955001831055","219","33.166","17.414","6.06136014","0.823657539466295","0.803356505439765","16.25456142",
"7/24/2000","-51.875","-4.83955001831055","219","32.596","18.123","1.9861225488","1.05057602248876","0.799411237676192","17.17768044",
"7/25/2000","-51.875","-4.83955001831055","219","33.75","21.088","0","1.05026791603246","0.673000710026569","18.4921857",
"7/26/2000","-51.875","-4.83955001831055","219","35.565","21.901","0","0.912903797511336","0.538447214019806","19.7504982",
"7/27/2000","-51.875","-4.83955001831055","219","34.301","18.301","0","0.95918322729728","0.593555712325663","20.08091412",
"7/28/2000","-51.875","-4.83955001831055","219","34.968","17.089","0","1.17243667847032","0.60542739896145","20.24162442",
"7/29/2000","-51.875","-4.83955001831055","219","32.98","18.931","0","1.2799656807643","0.660341831706695","17.7319089",
"7/30/2000","-51.875","-4.83955001831055","219","31.794","17.459","0","1.05275985263322","0.728796746072716","12.34141776",
"7/31/2000","-51.875","-4.83955001831055","219","34.325","16.376","0","1.00306918158029","0.706095177259141","24.98484096",
"8/1/2000","-51.875","-4.83955001831055","219","35.369","17.184","0","1.06108657690533","0.499627674388842","23.77001448",
"8/2/2000","-51.875","-4.83955001831055","219","35.381","21.324","0","1.38015198779451","0.468565629689316","25.18155396",
"8/3/2000","-51.875","-4.83955001831055","219","33.69","19.412","0","1.05419860971944","0.67863978017767","7.75524384",
"8/4/2000","-51.875","-4.83955001831055","219","32.526","20.114","0","1.19093653725458","0.746485394082417","11.3347206",
"8/5/2000","-51.875","-4.83955001831055","219","31.098","16.942","0","0.785138839456533","0.818515307123958","14.31838242",
"8/6/2000","-51.875","-4.83955001831055","219","32.673","15.832","0","1.3119325114931","0.661048264390516","18.23923008",
"8/7/2000","-51.875","-4.83955001831055","219","34.011","17.344","0","1.41396098025647","0.634877806988684","18.63607734",
"8/8/2000","-51.875","-4.83955001831055","219","31.748","19.813","0.2798082","1.70210840860188","0.738686466814102","21.983517",
"8/9/2000","-51.875","-4.83955001831055","219","32.196","19.551","0","2.01443995558089","0.679449913439328","25.01707374",
"8/10/2000","-51.875","-4.83955001831055","219","28.571","20.388","0.0823974552","1.08549263869972","0.780798548787334","8.613786168",
"8/11/2000","-51.875","-4.83955001831055","219","35.157","17.183","0","1.07005726388449","0.642739435724222","17.5816701",
"8/12/2000","-51.875","-4.83955001831055","219","35.72","19.558","0.18367794","1.18997909452129","0.647415487651963","18.51344946",
"8/13/2000","-51.875","-4.83955001831055","219","33.882","19.132","1.8384940512","1.30885144124906","0.729686960842397","15.86042478",
"8/14/2000","-51.875","-4.83955001831055","219","32.351","19.052","1.6977314664","1.19334664466545","0.741280901615517","20.99294622",
"8/15/2000","-51.875","-4.83955001831055","219","34.72","19.107","0","1.5081673394729","0.599945597977373","24.10368498",
"8/16/2000","-51.875","-4.83955001831055","219","35.243","22.038","0","1.28886885630998","0.54840196566557","21.34108062",
"8/17/2000","-51.875","-4.83955001831055","219","34.674","17.611","0","1.35234924844419","0.572487189133574","24.46002792",
"8/18/2000","-51.875","-4.83955001831055","219","34.343","22.002","0.2403261","1.27340039541899","0.59191418407486","19.69649316",
"8/19/2000","-51.875","-4.83955001831055","219","36.579","21.221","0","1.03061991148562","0.555408038440793","19.70116722",
"8/20/2000","-51.875","-4.83955001831055","219","35.148","19.638","0","1.44563454936037","0.554694526107755","24.85271808",
"8/21/2000","-51.875","-4.83955001831055","219","34.613","18.29","0","1.59819042174633","0.549566180039599","20.97028044",
"8/22/2000","-51.875","-4.83955001831055","219","36.169","19.79","0","1.40165713237566","0.622601993449098","20.49857028",
"8/23/2000","-51.875","-4.83955001831055","219","35.512","22.819","0","1.52529359244067","0.54952920154026","18.98802774",
"8/24/2000","-51.875","-4.83955001831055","219","36.461","19.829","0","1.60991196808256","0.506310003422465","26.71210926",
"8/25/2000","-51.875","-4.83955001831055","219","34.738","21.492","0","1.83512529861297","0.555222962166653","18.49657644",
"8/26/2000","-51.875","-4.83955001831055","219","35.527","20.607","0","1.99164363131522","0.566417921685034","26.8622361",
"8/27/2000","-51.875","-4.83955001831055","219","36.775","22.533","0","1.73239012111051","0.473880394720124","27.263187",
"8/28/2000","-51.875","-4.83955001831055","219","37.947","20.244","0","1.31001187116387","0.432185370924158","27.4649553",
"8/29/2000","-51.875","-4.83955001831055","219","37.605","20.718","0","1.6431497971106","0.418097426430065","27.178990488",
"8/30/2000","-51.875","-4.83955001831055","219","37.775","19.559","0","1.65836686194514","0.396887404011945","27.23951412",
"8/31/2000","-51.875","-4.83955001831055","219","36.49","21.462","0","1.8861015821461","0.505833191981555","21.88597482",
"9/1/2000","-51.875","-4.83955001831055","219","36.45","23.007","0","1.83729273738903","0.516456741884734","23.19323274",
"9/2/2000","-51.875","-4.83955001831055","219","36.993","21.913","0","1.98578448939504","0.462220856478653","23.5852947",
"9/3/2000","-51.875","-4.83955001831055","219","37.571","20.419","0","1.82222009855919","0.393429578398738","27.1150344",
"9/4/2000","-51.875","-4.83955001831055","219","38.428","19.338","0","1.50971619235855","0.401311676097568","27.39645108",
"9/5/2000","-51.875","-4.83955001831055","219","35.591","22.475","0.284957748","1.53026722545762","0.547585214646277","9.46591236",
"9/6/2000","-51.875","-4.83955001831055","219","34.098","20.489","2.7646052904","1.5437227715778","0.724626724567284","13.361904",
"9/7/2000","-51.875","-4.83955001831055","219","34.468","20.68","0","1.30307319315521","0.662901867812634","19.85974182",
"9/8/2000","-51.875","-4.83955001831055","219","34.24","21.675","0.408554136","1.57387216137178","0.58597088130167","20.91599982",
"9/9/2000","-51.875","-4.83955001831055","219","33.946","21.164","0.336456144","1.54264841133871","0.606757333085352","20.15173332",
"9/10/2000","-51.875","-4.83955001831055","219","34.262","20.687","4.4237130048","1.22616585766277","0.727745445490267","21.1309353",
"9/11/2000","-51.875","-4.83955001831055","219","33.471","21.059","5.8828380984","1.29970758736785","0.81367783626062","12.36182994",
"9/12/2000","-51.875","-4.83955001831055","219","29.959","21.186","1.4865888672","1.31091700971207","0.841754493332348","14.041243728",
"9/13/2000","-51.875","-4.83955001831055","219","33.956","20.647","0","1.64369160998884","0.653194665322643","17.310824928",
"9/14/2000","-51.875","-4.83955001831055","219","35.881","20.76","2.16636804","1.58240579635996","0.629056619048855","16.68690036",
"9/15/2000","-51.875","-4.83955001831055","219","33.05","21.529","3.3482560392","1.51345741382633","0.775365334940627","21.40048638",
"9/16/2000","-51.875","-4.83955001831055","219","30.365","20.615","11.737343736","1.36723894736121","0.838923976846459","26.748668592",
"9/17/2000","-51.875","-4.83955001831055","219","33.471","21.207","1.263427632","1.19901224662251","0.708451219500702","17.57317086",
"9/18/2000","-51.875","-4.83955001831055","219","28.366","20.635","0.1750945464","1.36418630824416","0.828388709217977","9.36922014",
"9/19/2000","-51.875","-4.83955001831055","219","31.662","20.753","2.4942366864","1.73817461240752","0.79213792883376","25.906726368",
"9/20/2000","-51.875","-4.83955001831055","219","34.356","19.327","0","1.50564113017003","0.675485150675204","21.39356106",
"9/21/2000","-51.875","-4.83955001831055","219","36.316","19.644","0","1.43298121000941","0.579461411018866","20.21180598",
"9/22/2000","-51.875","-4.83955001831055","219","36.371","20.115","0","1.12840432864842","0.571575726090818","19.138437648",
"9/23/2000","-51.875","-4.83955001831055","219","35.944","20.942","0","1.57138734653355","0.572331022072102","23.62302846",
"9/24/2000","-51.875","-4.83955001831055","219","36.713","23.982","0","1.68866870406016","0.45624772429623","25.94700486",
"9/25/2000","-51.875","-4.83955001831055","219","38.285","21.401","0","1.72223609410403","0.467050949961945","26.239441752",
"9/26/2000","-51.875","-4.83955001831055","219","35.974","21.91","0.04634874","1.42076597226454","0.572597201500329","21.602531808",
"9/27/2000","-51.875","-4.83955001831055","219","34.921","22.624","0.442886796","1.74389234077195","0.609304323641177","26.054046",
"9/28/2000","-51.875","-4.83955001831055","219","34.733","20.939","0.058364892","1.57773478311364","0.692245615720572","17.91584964",
"9/29/2000","-51.875","-4.83955001831055","219","34.831","21.789","0","1.522863054683","0.615483984702344","19.1598813",
"9/30/2000","-51.875","-4.83955001831055","219","34.528","21.432","0.238609584","1.48798251694839","0.637210048100391","20.0172393",
"10/1/2000","-51.875","-4.83955001831055","219","33.916","20.428","0.14419548","1.55726203029057","0.66898720247983","13.329168912",
"10/2/2000","-51.875","-4.83955001831055","219","35.616","21.271","0.115013124","1.60338729897576","0.655576128059486","21.33393984",
"10/3/2000","-51.875","-4.83955001831055","219","36.884","20.824","0","1.50012860955228","0.570747883475188","28.69380018",
"10/4/2000","-51.875","-4.83955001831055","219","36.11","21.402","0.1184466024","1.18629802059351","0.584683198658249","21.383946",
"10/5/2000","-51.875","-4.83955001831055","219","34.33","20.619","0.036048888","1.39361617999646","0.607690501894405","19.18102644",
"10/6/2000","-51.875","-4.83955001831055","219","36.411","21.545","2.68993584","1.06559359778825","0.662287114472158","24.03680454",
"10/7/2000","-51.875","-4.83955001831055","219","39.656","22.401","0.40683744","1.43569020159415","0.492344185091346","21.62677752",
"10/8/2000","-51.875","-4.83955001831055","219","36.891","23.539","0.061798104","1.80754446046093","0.490037880213066","20.71523898",
"10/9/2000","-51.875","-4.83955001831055","219","34.009","21.779","0","1.76807908207303","0.592730949121116","20.7400527",
"10/10/2000","-51.875","-4.83955001831055","219","37.17","22.02","0.0137329128","1.74978222775229","0.445913863779746","27.9875835",
"10/11/2000","-51.875","-4.83955001831055","219","39.195","21.085","0","1.6730592760627","0.440226720464595","26.77207572",
"10/12/2000","-51.875","-4.83955001831055","219","39.175","23.94","0","2.00061938553018","0.408623585863958","24.74719092",
"10/13/2000","-51.875","-4.83955001831055","219","36.145","21.316","0.085830696","2.04704418742096","0.538325735101815","22.0375206",
"10/14/2000","-51.875","-4.83955001831055","219","37.932","22.05","0","1.64165594585287","0.467339684010109","20.67992028",
"10/15/2000","-51.875","-4.83955001831055","219","39.188","24.179","0","1.830876037935","0.341776933826324","29.2488192",
"10/16/2000","-51.875","-4.83955001831055","219","38.952","24.666","0","2.01073110386834","0.414775300361793","17.57210292",
"10/17/2000","-51.875","-4.83955001831055","219","39.339","23.598","0","1.7778229947301","0.379930900359673","26.7050286",
"10/18/2000","-51.875","-4.83955001831055","219","38.875","24.435","0.0926971848","2.03740981403136","0.442017197174281","21.1280625",
"10/19/2000","-51.875","-4.83955001831055","219","38.359","21.1","0","1.83171456091876","0.505131093034932","26.528517",
"10/20/2000","-51.875","-4.83955001831055","219","38.647","23.003","0.0274658328","1.72887052277777","0.486576238190201","21.12299748",
"10/21/2000","-51.875","-4.83955001831055","219","38.359","23.317","0.0137329056","1.83724180294015","0.502531889665715","20.73183984",
"10/22/2000","-51.875","-4.83955001831055","219","36.768","23.849","0","1.84752708227901","0.472621431308269","16.4986344",
"10/23/2000","-51.875","-4.83955001831055","219","38.239","23.467","0","2.25779843348416","0.443535139085348","28.094508",
"10/24/2000","-51.875","-4.83955001831055","219","38.409","24.779","0","2.03037285804488","0.389025008254935","23.73800652",
"10/25/2000","-51.875","-4.83955001831055","219","36.771","24.997","0","1.93365000965945","0.443923029764633","17.56113984",
"10/26/2000","-51.875","-4.83955001831055","219","37.11","24.307","0.20942676","1.57964036699803","0.515416391275652","18.9406116",
"10/27/2000","-51.875","-4.83955001831055","219","35.916","24.364","0","1.55693904131723","0.532613107594868","15.73396632",
"10/28/2000","-51.875","-4.83955001831055","219","35.888","22.639","0.102996792","1.78051284886682","0.594940229894788","17.65158948",
"10/29/2000","-51.875","-4.83955001831055","219","38.837","21.445","0.906371964","1.07850070290457","0.609110553424935","18.0017451",
"10/30/2000","-51.875","-4.83955001831055","219","35.831","21.92","0","1.48887541215402","0.52497348514535","24.25123008",
"10/31/2000","-51.875","-4.83955001831055","219","36.005","25.515","0.0669479976","1.54917559550613","0.500850268140262","9.62111322",
"11/1/2000","-51.875","-4.83955001831055","219","35.874","22.401","1.02481812","1.29953841933084","0.645834019828331","19.69469496",
"11/2/2000","-51.875","-4.83955001831055","219","35.841","22.853","0.95100552","1.20699873084005","0.579055451865981","17.39975436",
"11/3/2000","-51.875","-4.83955001831055","219","35.879","23.836","1.5243543","1.25762311322106","0.615561363204172","20.22868116",
"11/4/2000","-51.875","-4.83955001831055","219","36.281","23.656","1.6187679864","1.57401860808831","0.617598925925099","17.76268386",
"11/5/2000","-51.875","-4.83955001831055","219","35.242","23.962","0.86002344","1.528070231189","0.595189157317919","16.64943606",
"11/6/2000","-51.875","-4.83955001831055","219","33.993","24.187","0","1.44541660163065","0.561293590834446","14.39437644",
"11/7/2000","-51.875","-4.83955001831055","219","34.768","22.66","0","1.75619516831217","0.532425948662385","22.86951048",
"11/8/2000","-51.875","-4.83955001831055","219","37.225","21.301","0.0137328984","0.949386770572918","0.568141475891919","18.64079712",
"11/9/2000","-51.875","-4.83955001831055","219","29.771","21.889","25.880521464","1.0563569091071","0.842945739726154","26.055954",
"11/10/2000","-51.875","-4.83955001831055","219","27.491","20.998","3.5516760264","1.49797412578749","0.920287332957226","12.17322936",
"11/11/2000","-51.875","-4.83955001831055","219","29.084","19.087","4.851152532","1.15969515592772","0.856172027101385","24.99580908",
"11/12/2000","-51.875","-4.83955001831055","219","34.438","22.728","1.94492376","1.31077522561376","0.755383909503833","19.25122536",
"11/13/2000","-51.875","-4.83955001831055","219","30.916","22.651","7.94534868","1.42972815708474","0.835194276304788","27.1453473",
"11/14/2000","-51.875","-4.83955001831055","219","34.786","20.129","0","1.22803484213266","0.655036790499464","16.9189326",
"11/15/2000","-51.875","-4.83955001831055","219","37.994","24.003","0.9681702264","0.868426370032856","0.627051739479402","16.74663588",
"11/16/2000","-51.875","-4.83955001831055","219","32.474","22.838","3.426361884","0.932036700273207","0.823540691436015","19.43403228",
"11/17/2000","-51.875","-4.83955001831055","219","23.359","21.396","26.424691452","1.22272070878351","0.964920183718036","2.82684384",
"11/18/2000","-51.875","-4.83955001831055","219","34.608","20.353","0.06694794","1.62025062012655","0.676432399930641","21.77285652",
"11/19/2000","-51.875","-4.83955001831055","219","35.134","19.509","0","1.18691724281493","0.579755710077504","20.55886326",
"11/20/2000","-51.875","-4.83955001831055","219","36.542","23.366","0.1218798","1.87010889315194","0.458700117092672","27.49674168",
"11/21/2000","-51.875","-4.83955001831055","219","36.396","24.632","0.3673550664","1.19469516839338","0.54641011255495","10.58422608",
"11/22/2000","-51.875","-4.83955001831055","219","35.085","20.645","0","1.50218659973315","0.581314791025294","18.68793336",
"11/23/2000","-51.875","-4.83955001831055","219","35.757","18.832","1.788714","1.19853037741822","0.622943127322399","19.23665796",
"11/24/2000","-51.875","-4.83955001831055","219","38.27","21.979","2.75688","0.898112716580066","0.656837942060648","20.051775",
"11/25/2000","-51.875","-4.83955001831055","219","38.666","24.005","0","1.14611203891742","0.446584741852857","25.3734192",
"11/26/2000","-51.875","-4.83955001831055","219","37.065","24.442","0","1.55994150816362","0.400902151421966","21.8906946",
"11/27/2000","-51.875","-4.83955001831055","219","35.998","22.446","0.71239482","1.25083445505516","0.526369584704244","16.35148026",
"11/28/2000","-51.875","-4.83955001831055","219","36.365","22.465","0","1.54387793167275","0.471770051586222","20.67514056",
"11/29/2000","-51.875","-4.83955001831055","219","36.702","24.006","0","1.82144660873609","0.471235962777469","20.79084024",
"11/30/2000","-51.875","-4.83955001831055","219","38.062","19.169","0","1.05776910919579","0.482923214534299","20.48298516",
"12/1/2000","-51.875","-4.83955001831055","219","35.317","24.042","0","1.15315463711315","0.477059107156589","17.8219674",
"12/2/2000","-51.875","-4.83955001831055","219","36.788","24.006","0","1.78525144215139","0.520019958178138","20.01942558",
"12/3/2000","-51.875","-4.83955001831055","219","30.322","21.385","5.970378132","1.36000668670864","0.783276973263415","20.8424817",
"12/4/2000","-51.875","-4.83955001831055","219","35.323","21.567","1.7681093064","1.40201611510681","0.620268515506792","22.34155284",
"12/5/2000","-51.875","-4.83955001831055","219","35.521","22.764","0.1716615432","1.3730460197969","0.647910431520331","9.18377352",
"12/6/2000","-51.875","-4.83955001831055","219","34.458","21.165","0","1.50340362326574","0.626692208063227","18.32428224",
"12/7/2000","-51.875","-4.83955001831055","219","36.949","23.92","0","1.75641653406938","0.470035029683812","24.78741048",
"12/8/2000","-51.875","-4.83955001831055","219","34.234","22.41","1.630784232","1.30853482494477","0.600539569462515","12.3499665",
"12/9/2000","-51.875","-4.83955001831055","219","26.885","21.802","12.23945766","0.762477040781754","0.930384959730596","8.18235558",
"12/10/2000","-51.875","-4.83955001831055","219","23.775","21.571","5.812448652","0.860078436782569","0.967853768496677","1.78385706",
"12/11/2000","-51.875","-4.83955001831055","219","29.245","21.268","0.631714284","1.19079208430456","0.812621927174717","14.81321232",
"12/12/2000","-51.875","-4.83955001831055","219","27.07","20.64","1.1346808608","1.21099412594308","0.861239282384065","6.36817536",
"12/13/2000","-51.875","-4.83955001831055","219","24.452","21.226","9.77097402","1.16457213097307","0.949513823766529","7.86667788",
"12/14/2000","-51.875","-4.83955001831055","219","26.575","21.753","21.27228264","0.862500369978249","0.957319217765928","16.4646081",
"12/15/2000","-51.875","-4.83955001831055","219","27.76","22.351","23.66009514","1.02320538764821","0.947843995796719","10.60486794",
"12/16/2000","-51.875","-4.83955001831055","219","24.367","21.96","36.9586944","1.13239614416475","0.973970035845395","4.94459838",
"12/17/2000","-51.875","-4.83955001831055","219","26.744","21.159","5.9154531192","1.66738552413934","0.912857189262436","10.09181214",
"12/18/2000","-51.875","-4.83955001831055","219","26.367","20.764","6.967734012","1.16448975051901","0.942181593559124","19.83926664",
"12/19/2000","-51.875","-4.83955001831055","219","28.78","19.002","5.3798711184","1.19979527500391","0.888969409705927","25.06196358",
"12/20/2000","-51.875","-4.83955001831055","219","29.419","22.479","11.5116130584","1.17654903633659","0.916054774932869","13.2886665",
"12/21/2000","-51.875","-4.83955001831055","219","28.83","21.053","5.79872052","1.02335940391164","0.903440904051702","15.63851178",
"12/22/2000","-51.875","-4.83955001831055","219","34.258","20.372","0","1.48262364792706","0.689585567189445","25.1481996",
"12/23/2000","-51.875","-4.83955001831055","219","34.106","22.182","0.4325866128","1.50961315985838","0.747340250100215","16.84929276",
"12/24/2000","-51.875","-4.83955001831055","219","32.187","21.489","0.6334306344","1.83970730805482","0.766540721489453","25.457229648",
"12/25/2000","-51.875","-4.83955001831055","219","25.996","20.794","10.3992474528","1.20053704446395","0.943510193816218","21.31239348",
"12/26/2000","-51.875","-4.83955001831055","219","33.247","20.287","1.1432642472","1.07469019365796","0.811344790497985","17.34047028",
"12/27/2000","-51.875","-4.83955001831055","219","34.454","20.03","0","1.25104344824183","0.667941565758966","21.19123278",
"12/28/2000","-51.875","-4.83955001831055","219","35.942","20.349","0.07209792","1.72675276355286","0.592150102505819","22.68067122",
"12/29/2000","-51.875","-4.83955001831055","219","33.891","22.328","1.1827471464","1.29962585736801","0.776617146428955","15.16353858",
"12/30/2000","-51.875","-4.83955001831055","219","35.296","20.925","14.409254124","1.65556711447668","0.737174252945079","22.39740054",
"12/31/2000","-51.875","-4.83955001831055","219","34.592","22.126","82.9330548264","1.19715278209784","0.857621120907661","15.70005432",
"1/1/2001","-51.875","-4.83955001831055","219","30.256","22.615","5.2202184768","1.24207260253776","0.897775605937593","15.96454056",
"1/2/2001","-51.875","-4.83955001831055","219","25.047","21.734","9.6499448784","0.786803189726051","0.951876420090648","10.2753612",
"1/3/2001","-51.875","-4.83955001831055","219","28.595","21.262","7.197762564","0.823298821261041","0.905915679565947","16.3188576",
"1/4/2001","-51.875","-4.83955001831055","219","34.902","21.059","7.3548268992","0.871659402706133","0.835648926722345","16.80215472",
"1/5/2001","-51.875","-4.83955001831055","219","29.93","22.089","25.2625462128","0.743668141757946","0.902312531186428","17.4599973",
"1/6/2001","-51.875","-4.83955001831055","219","24.487","20.806","27.18083628","0.6417244600862","0.974199959423091","6.87644352",
"1/7/2001","-51.875","-4.83955001831055","219","32.2","20.26","9.507464568","0.952507385142259","0.870057969087296","17.72549847",
"1/8/2001","-51.875","-4.83955001831055","219","27.851","22.447","15.1070655744","0.918215129535371","0.954926582358901","14.64694443",
"1/9/2001","-51.875","-4.83955001831055","219","23.866","22.201","15.121652436","1.08527063626082","0.978844566199368","4.22651232",
"1/10/2001","-51.875","-4.83955001831055","219","29.736","20.637","17.02365588","0.636758858375609","0.926548238519886","14.61352572",
"1/11/2001","-51.875","-4.83955001831055","219","28.341","21.03","13.8633797664","0.854553654877273","0.93611927970589","9.84735126",
"1/12/2001","-51.875","-4.83955001831055","219","27.145","21.81","47.84029956","0.989015502714209","0.947473470808225","12.5600112",
"1/13/2001","-51.875","-4.83955001831055","219","25.973","21.52","38.634135156","1.11591902609041","0.947524936466644","9.29373588",
"1/14/2001","-51.875","-4.83955001831055","219","29.584","21.19","4.6228406544","1.12744209548871","0.898961524982913","16.130021058",
"1/15/2001","-51.875","-4.83955001831055","219","25.817","22.574","18.5248421064","0.935949944398271","0.971368016803828","18.179441928",
"1/16/2001","-51.875","-4.83955001831055","219","29.276","21.806","7.982249976","1.43977003363433","0.913640368594159","18.17858718",
"1/17/2001","-51.875","-4.83955001831055","219","28.766","22.329","6.426145656","0.991879964201969","0.924446480621236","15.71512536",
"1/18/2001","-51.875","-4.83955001831055","219","31.951","22.451","6.7737588048","1.07842009337939","0.900368177575926","20.424820032",
"1/19/2001","-51.875","-4.83955001831055","219","31.524","21.435","8.2569146904","1.31154564465827","0.897209581362367","16.88067981",
"1/20/2001","-51.875","-4.83955001831055","219","33.079","20.831","8.4920907024","1.60705244473086","0.843312818827244","19.88775198",
"1/21/2001","-51.875","-4.83955001831055","219","30.462","20.512","8.9418435264","1.3261392019871","0.907931897860578","14.575446",
"1/22/2001","-51.875","-4.83955001831055","219","28.977","21.07","20.930683572","1.075537027786","0.899485532280158","17.685167382",
"1/23/2001","-51.875","-4.83955001831055","219","32.985","21.971","4.949853408","0.826070130394337","0.884456691082843","19.8196281",
"1/24/2001","-51.875","-4.83955001831055","219","32.77","22.049","15.39629946","0.76404348498053","0.883873596329393","18.2040732",
"1/25/2001","-51.875","-4.83955001831055","219","26.36","21.682","23.0850182664","0.838847955461574","0.964962371453356","22.303338192",
"1/26/2001","-51.875","-4.83955001831055","219","32.201","22.143","1.243686852","1.55641384048295","0.799069499040267","27.05945454",
"1/27/2001","-51.875","-4.83955001831055","219","31.172","20.901","4.31899938","1.35976561289995","0.865103788839012","21.85954704",
"1/28/2001","-51.875","-4.83955001831055","219","30.295","22.035","4.839997968","1.21658134954772","0.908510801197071","21.0787875",
"1/29/2001","-51.875","-4.83955001831055","219","29.54","21.452","9.01394388","1.05588345689429","0.912311728277436","25.3927683",
"1/30/2001","-51.875","-4.83955001831055","219","26.467","22.039","3.876973164","0.912833258791299","0.939972799860525","11.6128701",
"1/31/2001","-51.875","-4.83955001831055","219","25.55","21.693","3.441811356","1.02471163921163","0.940086826328785","15.8256009",
"2/1/2001","-51.875","-4.83955001831055","219","22.535","20.842","36.13127832","0.795881552919332","0.983660936402441","2.006887392",
"2/2/2001","-51.875","-4.83955001831055","219","24.949","18.664","17.11463976","0.799140915679055","0.973527014350396","14.53420926",
"2/3/2001","-51.875","-4.83955001831055","219","27.911","18.323","1.4934521664","0.764008907875897","0.895627689471048","13.84503732",
"2/4/2001","-51.875","-4.83955001831055","219","31.268","20.735","5.3687083032","1.08068565519026","0.908789993564913","25.41965922",
"2/5/2001","-51.875","-4.83955001831055","219","30.667","21.075","3.740499828","0.834376124867221","0.885189721764069","21.3944058",
"2/6/2001","-51.875","-4.83955001831055","219","31.807","18.134","6.22272096","0.824926162554055","0.874859118506977","18.91969668",
"2/7/2001","-51.875","-4.83955001831055","219","32.447","21.029","2.68907148","1.14360444064958","0.86785768080667","17.367639012",
"2/8/2001","-51.875","-4.83955001831055","219","31.515","21.428","3.9052944288","1.19216730767851","0.856259753865135","23.94337356",
"2/9/2001","-51.875","-4.83955001831055","219","33.935","20.588","0.3175734024","1.13048164610088","0.812918225508283","21.80261304",
"2/10/2001","-51.875","-4.83955001831055","219","31.879","21.045","3.664971648","1.31640609733844","0.879726035384143","27.25818138",
"2/11/2001","-51.875","-4.83955001831055","219","24.963","22.261","16.11643068","1.10063343754054","0.971380119821637","9.81343269",
"2/12/2001","-51.875","-4.83955001831055","219","28.27","22.346","15.82373916","1.14379844427185","0.95052922636851","21.29957235",
"2/13/2001","-51.875","-4.83955001831055","219","31.615","21.914","5.3850160728","1.24083188179671","0.863955295126685","26.11968507",
"2/14/2001","-51.875","-4.83955001831055","219","25.116","22.296","21.55723992","1.04303118453677","0.975114295121768","15.16454838",
"2/15/2001","-51.875","-4.83955001831055","219","27.187","21.062","7.2501199128","0.932645822177913","0.949516650477221","18.95585364",
"2/16/2001","-51.875","-4.83955001831055","219","24.344","21.694","8.181377856","0.844485962252941","0.975795353214224","9.771134112",
"2/17/2001","-51.875","-4.83955001831055","219","25.354","21.358","8.4114026424","0.65876558661513","0.960791338827185","6.8020902",
"2/18/2001","-51.875","-4.83955001831055","219","30.164","21.336","6.54373584","1.00039532815762","0.894988822327494","19.0611027",
"2/19/2001","-51.875","-4.83955001831055","219","27.252","20.638","29.4176112264","0.921135269913516","0.931997975047852","10.890001278",
"2/20/2001","-51.875","-4.83955001831055","219","26.797","21.66","14.898491172","0.43402996181732","0.95926889605369","11.53569276",
"2/21/2001","-51.875","-4.83955001831055","219","24.218","20.828","104.350378608","0.580231600543902","0.977411106389535","4.209630552",
"2/22/2001","-51.875","-4.83955001831055","219","27.416","20.927","6.8149559304","0.774078898342444","0.942625544729133","16.198312392",
"2/23/2001","-51.875","-4.83955001831055","219","27.551","22.186","21.14697096","1.21941504165776","0.928140015908008","11.201008338",
"2/24/2001","-51.875","-4.83955001831055","219","31.019","22.266","7.7264824248","1.00100339680973","0.882223188737643","18.098720172",
"2/25/2001","-51.875","-4.83955001831055","219","25.895","22.218","34.71337116","1.05448105037945","0.966240318356402","9.208748052",
"2/26/2001","-51.875","-4.83955001831055","219","29.802","21.441","78.7651385328","0.992003954530828","0.913184071904299","21.165976962",
"2/27/2001","-51.875","-4.83955001831055","219","27.555","21.235","18.41927148","0.67306620524384","0.959155578572596","23.253692922",
"2/28/2001","-51.875","-4.83955001831055","219","27.818","21.734","14.107994964","0.937792204903428","0.949476710892581","14.45945391",
"3/1/2001","-51.875","-4.83955001831055","219","26.208","22.595","20.46203514","1.07288635636251","0.966791824273523","23.01518835",
"3/2/2001","-51.875","-4.83955001831055","219","26.82","22.204","18.34888752","0.964336205657434","0.968043092384479","20.7327375",
"3/3/2001","-51.875","-4.83955001831055","219","32.626","22.609","22.62326544","1.71358995279347","0.860257789293657","25.736234328",
"3/4/2001","-51.875","-4.83955001831055","219","25.977","20.643","19.449233028","0.948414134517181","0.973475695419738","16.4745585",
"3/5/2001","-51.875","-4.83955001831055","219","27.576","20.93","5.8802593104","0.823920390601019","0.915720854601954","11.34264654",
"3/6/2001","-51.875","-4.83955001831055","219","26.618","22.557","15.92159616","1.10009251482371","0.963775044971548","18.57476502",
"3/7/2001","-51.875","-4.83955001831055","219","31.498","22.306","1.5260699232","1.38299228417039","0.837942754761518","22.79818125",
"3/8/2001","-51.875","-4.83955001831055","219","31.01","21.33","7.4878668792","1.26906252817679","0.872634503481726","23.550913728",
"3/9/2001","-51.875","-4.83955001831055","219","26.202","21.753","12.20684148","1.19010420700459","0.967072219733697","16.009538832",
"3/10/2001","-51.875","-4.83955001831055","219","26.067","22.263","8.680909104","1.01711962078339","0.96527958487594","16.72892208",
"3/11/2001","-51.875","-4.83955001831055","219","29.008","21.675","3.062439324","1.28648590668071","0.896612808972667","16.20078957",
"3/12/2001","-51.875","-4.83955001831055","219","27.717","20.866","3.0572882568","1.41265294626596","0.908754014028231","10.041525",
"3/13/2001","-51.875","-4.83955001831055","219","22.538","20.498","5.12237628","0.988251590661272","0.980193440262093","2.86064982",
"3/14/2001","-51.875","-4.83955001831055","219","25.197","19.917","0.7226946504","0.850608527309243","0.951219095119219","8.893747548",
"3/15/2001","-51.875","-4.83955001831055","219","26.765","20.164","0.3072739248","0.660427020004643","0.849125727278897","9.79014537",
"3/16/2001","-51.875","-4.83955001831055","219","29.66","21.339","12.457466028","0.880182067550767","0.916533213331778","12.385634994",
"3/17/2001","-51.875","-4.83955001831055","219","24.399","22.15","73.7380314","0.849003466729983","0.978837572557155","6.24290157",
"3/18/2001","-51.875","-4.83955001831055","219","26.065","21.983","17.79956748","0.88779546219724","0.971782369004515","15.930054468",
"3/19/2001","-51.875","-4.83955001831055","219","25.913","19.83","10.2747919536","0.878525295976757","0.954953705803337","13.025931408",
"3/20/2001","-51.875","-4.83955001831055","219","31.373","19.406","1.8144607896","1.07222103360654","0.841619803305956","23.633215308",
"3/21/2001","-51.875","-4.83955001831055","219","31.834","21.571","2.68821684","1.39873392370924","0.805958349551238","23.3301348",
"3/22/2001","-51.875","-4.83955001831055","219","31.75","22.071","8.5041077544","1.20938751520949","0.851404719102862","25.615690578",
"3/23/2001","-51.875","-4.83955001831055","219","27.687","22.24","13.005063432","0.97637669008077","0.952074500662005","25.29697968",
"3/24/2001","-51.875","-4.83955001831055","219","29.124","22.66","2.64701844","1.34068673442723","0.890614647867522","18.67871574",
"3/25/2001","-51.875","-4.83955001831055","219","29.497","21.958","1.9878384168","1.13679268534461","0.864382946852386","13.157214462",
"3/26/2001","-51.875","-4.83955001831055","219","25.823","21.889","13.2350953464","0.918340239262854","0.968995840606091","18.67195602",
"3/27/2001","-51.875","-4.83955001831055","219","28.66","22.409","5.8090239504","0.953402056762968","0.936809240993714","16.617373308",
"3/28/2001","-51.875","-4.83955001831055","219","26.082","22.57","23.5759698","0.733189811369343","0.972203089931144","17.89864038",
"3/29/2001","-51.875","-4.83955001831055","219","31.238","22.286","14.949986076","0.901434812462409","0.919129096038923","14.98427325",
"3/30/2001","-51.875","-4.83955001831055","219","27.315","22.634","19.5505184664","0.807690618270138","0.959546242460933","19.93460238",
"3/31/2001","-51.875","-4.83955001831055","219","29.329","22.286","6.354904068","1.09173262592108","0.907744572687717","20.13417999",
"4/1/2001","-51.875","-4.83955001831055","219","29.603","22.065","7.53764868","0.873427315840809","0.910496647108198","14.200200252",
"4/2/2001","-51.875","-4.83955001831055","219","31.162","21.246","7.6406509728","1.05525263672521","0.868762932337996","22.3425585",
"4/3/2001","-51.875","-4.83955001831055","219","27.103","22.629","16.879467348","0.79156432807058","0.963948558132863","22.72494258",
"4/4/2001","-51.875","-4.83955001831055","219","27.613","22.559","27.89841456","0.91061963192393","0.959719239575686","12.86651358",
"4/5/2001","-51.875","-4.83955001831055","219","31.3","22.659","13.8161616264","0.949916609516809","0.909164802016112","14.8547214",
"4/6/2001","-51.875","-4.83955001831055","219","31.496","22.259","11.303903916","0.895535546222966","0.910217767219542","17.79840252",
"4/7/2001","-51.875","-4.83955001831055","219","31.884","20.949","0.5716326744","0.978084350465425","0.840563685108583","14.9739219",
"4/8/2001","-51.875","-4.83955001831055","219","31.909","21.622","3.361130136","0.902781773126171","0.875311735908467","22.2686451",
"4/9/2001","-51.875","-4.83955001831055","219","32.089","22.766","4.046057532","1.28233001428825","0.837909032181932","20.54463894",
"4/10/2001","-51.875","-4.83955001831055","219","27.588","21.291","2.662470072","1.54956081097618","0.860555984704683","16.24100436",
"4/11/2001","-51.875","-4.83955001831055","219","22.485","17.529","3.1259548224","0.727430827952022","0.960040556591707","2.572706268",
"4/12/2001","-51.875","-4.83955001831055","219","30.65","18.346","2.00672136","0.747695390928308","0.872826745788625","18.76196286",
"4/13/2001","-51.875","-4.83955001831055","219","28.328","21.57","2.2247305704","1.28297890693757","0.881507473767249","18.47260998",
"4/14/2001","-51.875","-4.83955001831055","219","30.339","19.62","1.929474432","1.23476368413951","0.851858373427297","24.62985414",
"4/15/2001","-51.875","-4.83955001831055","219","31.031","20.471","0.918388944","0.701537470441542","0.830705433841674","19.84499982",
"4/16/2001","-51.875","-4.83955001831055","219","31.325","20.572","8.171940672","1.23016379588294","0.874471684044508","23.0805549",
"4/17/2001","-51.875","-4.83955001831055","219","30.254","21.986","6.21414288","0.846466958503001","0.902046270946176","19.7081433",
"4/18/2001","-51.875","-4.83955001831055","219","26.327","22.77","27.9001206","0.785971330882291","0.971759687718437","13.62042882",
"4/19/2001","-51.875","-4.83955001831055","219","24.959","21.399","19.44751896","0.908609978431486","0.963817794606707","8.06810976",
"4/20/2001","-51.875","-4.83955001831055","219","26.572","21.61","14.5946549664","0.786276841373384","0.949944953317766","10.09305018",
"4/21/2001","-51.875","-4.83955001831055","219","24.519","21.929","21.602710008","0.648599274297391","0.980476619003504","4.716507168",
"4/22/2001","-51.875","-4.83955001831055","219","28.732","21.385","9.492871284","0.629300791962789","0.933812236551542","16.774482132",
"4/23/2001","-51.875","-4.83955001831055","219","31.173","20.842","10.116006984","0.852067210987917","0.91207377708409","17.94346812",
"4/24/2001","-51.875","-4.83955001831055","219","33.062","17.928","4.494096","1.20926400081761","0.728871309778612","26.25704694",
"4/25/2001","-51.875","-4.83955001831055","219","33.042","17.63","0","1.21878913778823","0.678719706090461","23.81630544",
"4/26/2001","-51.875","-4.83955001831055","219","31.696","21.781","0.1956941784","1.02755418930313","0.822088342055304","13.08088026",
"4/27/2001","-51.875","-4.83955001831055","219","32.24","21.846","0.67806288","1.31552278573898","0.769286420743711","23.4246411",
"4/28/2001","-51.875","-4.83955001831055","219","31.086","20.544","4.2486192","1.3399841550706","0.838431967877983","25.21940634",
"4/29/2001","-51.875","-4.83955001831055","219","29.824","21.567","0.5501747232","1.18948127801514","0.896591101031247","12.72166578",
"4/30/2001","-51.875","-4.83955001831055","219","32.973","21.539","0.5390166816","1.10628332239113","0.811352002265013","20.01413934",
"5/1/2001","-51.875","-4.83955001831055","219","31.757","21.811","0.14076216","1.23110088660687","0.756562737698384","18.14911272",
"5/2/2001","-51.875","-4.83955001831055","219","30.854","22.262","0.717544944","1.02451296107324","0.853516626996287","11.1821049",
"5/3/2001","-51.875","-4.83955001831055","219","33.52","21.565","0.0583648704","1.34872775620882","0.725292460225043","21.49790616",
"5/4/2001","-51.875","-4.83955001831055","219","33.204","22.964","0.331306704","1.15815428708359","0.774560459337892","16.161246",
"5/5/2001","-51.875","-4.83955001831055","219","33.844","22.427","3.1722982776","1.0592509355306","0.817886441880743","12.0004353",
"5/6/2001","-51.875","-4.83955001831055","219","31.494","21.519","0.4634864352","1.12115056707152","0.823208979772383","10.43977068",
"5/7/2001","-51.875","-4.83955001831055","219","33.939","21.563","3.3920266392","1.3464620370952","0.821117828239397","21.4863759",
"5/8/2001","-51.875","-4.83955001831055","219","31.681","22.439","9.297181188","1.11504642538953","0.923534033021769","13.31521578",
"5/9/2001","-51.875","-4.83955001831055","219","31.444","21.863","3.5276399064","1.25488555025044","0.860795637455469","23.18698062",
"5/10/2001","-51.875","-4.83955001831055","219","31.56","21.188","3.891563748","0.97981989685318","0.840173973720882","24.28914906",
"5/11/2001","-51.875","-4.83955001831055","219","30.599","21.525","5.7300569064","0.994876830433056","0.904198128720518","21.96911448",
"5/12/2001","-51.875","-4.83955001831055","219","32.255","21.509","1.881409032","1.11706008495751","0.828068036465489","17.8318665",
"5/13/2001","-51.875","-4.83955001831055","219","32.767","21.752","0.18539424","1.63779149876582","0.754794363621089","24.14407464",
"5/14/2001","-51.875","-4.83955001831055","219","34.306","21.328","0","1.45112815134222","0.642758781709669","21.98671794",
"5/15/2001","-51.875","-4.83955001831055","219","34.615","20.099","0","1.198904212275","0.628590594535388","24.6013938",
"5/16/2001","-51.875","-4.83955001831055","219","34.289","18.666","0","1.03451338300519","0.685393757630812","19.2476196",
"5/17/2001","-51.875","-4.83955001831055","219","33.384","18.367","0.183677796","0.930556055364216","0.724221383671023","19.59137442",
"5/18/2001","-51.875","-4.83955001831055","219","33.698","20.485","2.351759292","1.19322885209729","0.708164551230483","22.782825",
"5/19/2001","-51.875","-4.83955001831055","219","31.741","20.515","0.0137329056","1.28017898986002","0.7647762914856","17.3312451",
"5/20/2001","-51.875","-4.83955001831055","219","29.308","20.992","4.85801784","1.18315018529993","0.87802871377197","23.61200022",
"5/21/2001","-51.875","-4.83955001831055","219","29.452","22.358","6.5076837264","0.95643369404427","0.911990314037815","21.34316358",
"5/22/2001","-51.875","-4.83955001831055","219","26.368","22.253","12.0094263","0.966759278269931","0.96272422871603","19.3528089",
"5/23/2001","-51.875","-4.83955001831055","219","30.163","20.372","3.5499566232","0.914416720251049","0.846428076996244","14.34527478",
"5/24/2001","-51.875","-4.83955001831055","219","28.688","19.665","11.00178036","0.591306451493074","0.926598932298505","14.721467688",
"5/25/2001","-51.875","-4.83955001831055","219","31.673","21.977","4.2554829384","1.18254300516431","0.867218714928327","18.79947738",
"5/26/2001","-51.875","-4.83955001831055","219","32.819","21.12","0.8394242904","1.20339932965857","0.801838173051374","19.88511426",
"5/27/2001","-51.875","-4.83955001831055","219","32.021","20.399","0.13046256","1.29002185663224","0.760975299762647","19.88662806",
"5/28/2001","-51.875","-4.83955001831055","219","33.725","21.509","0.551033028","1.27743276168826","0.671415294893446","17.854983432",
"5/29/2001","-51.875","-4.83955001831055","219","32.128","21.34","0","1.23668774691437","0.70128384551828","16.2663192",
"5/30/2001","-51.875","-4.83955001831055","219","33.657","20.542","2.377508364","1.29331873773197","0.74899082380347","20.80440918",
"5/31/2001","-51.875","-4.83955001831055","219","30.081","21.628","5.10864822","0.872750725046392","0.894192214939958","11.83196736",
"6/1/2001","-51.875","-4.83955001831055","219","33.582","20.563","1.87282692","1.14901241303289","0.798440971690171","16.9535205",
"6/2/2001","-51.875","-4.83955001831055","219","30.123","20.578","1.10206602","1.27554158724278","0.827192544256295","13.59427572",
"6/3/2001","-51.875","-4.83955001831055","219","30.846","20.287","2.04792012","1.45460497510174","0.81743222034912","20.63401668",
"6/4/2001","-51.875","-4.83955001831055","219","33.528","21.201","0.078964272","1.09900699916277","0.743015066350194","17.36049384",
"6/5/2001","-51.875","-4.83955001831055","219","32.954","19.215","0","1.22737777645779","0.72340932476175","14.2659567",
"6/6/2001","-51.875","-4.83955001831055","219","33.53","20.035","0","1.33378339581565","0.650112197749878","23.0987817",
"6/7/2001","-51.875","-4.83955001831055","219","32.967","19.723","0.59223204","1.24876174324482","0.721072746163371","17.80014402",
"6/8/2001","-51.875","-4.83955001831055","219","30.094","22.238","4.804802388","1.58498142542679","0.852950555429202","21.13537518",
"6/9/2001","-51.875","-4.83955001831055","219","31.362","19.821","0.32959008","1.34048050382144","0.783933649279656","14.30172828",
"6/10/2001","-51.875","-4.83955001831055","219","32.586","19.78","0","1.0238864770536","0.699655731772312","19.0307205",
"6/11/2001","-51.875","-4.83955001831055","219","33.299","20.101","0.50640084","0.896167422759287","0.735526576490005","15.54204618",
"6/12/2001","-51.875","-4.83955001831055","219","33.298","16.712","0","1.11440823888655","0.6944539000538","21.0931335",
"6/13/2001","-51.875","-4.83955001831055","219","33.038","19.733","0","1.51493338628388","0.579327302215385","22.8380661",
"6/14/2001","-51.875","-4.83955001831055","219","33.952","19.119","0","1.4063496853612","0.527259298954009","21.4011495",
"6/15/2001","-51.875","-4.83955001831055","219","33.353","17.678","0","1.19051215514762","0.639789295039265","22.9389219",
"6/16/2001","-51.875","-4.83955001831055","219","32.912","19.627","0.9252552528","1.00278566956984","0.768578890890126","15.474376512",
"6/17/2001","-51.875","-4.83955001831055","219","34.085","19.147","0","1.36696395480251","0.638803947282051","23.40917154",
"6/18/2001","-51.875","-4.83955001831055","219","33.74","18.221","0","1.35534370027807","0.565700953648885","23.44567878",
"6/19/2001","-51.875","-4.83955001831055","219","34.871","19.458","0","1.37818822372588","0.505750184628457","23.78243898",
"6/20/2001","-51.875","-4.83955001831055","219","34.593","22.103","0","0.816955596380331","0.526058884901433","20.8680147",
"6/21/2001","-51.875","-4.83955001831055","219","30.017","21.136","3.438380088","1.24662299278244","0.734695007665838","22.06299168",
"6/22/2001","-51.875","-4.83955001831055","219","33.973","18.594","0.15449508","0.748816650388779","0.797010825749812","17.8812558",
"6/23/2001","-51.875","-4.83955001831055","219","33.964","17.41","0.017166132","0.968910945169386","0.737277823804676","15.17743404",
"6/24/2001","-51.875","-4.83955001831055","219","25.367","18.082","2.51827308","0.814500745600237","0.961019801858097","10.20228822",
"6/25/2001","-51.875","-4.83955001831055","219","31.658","18.838","0","1.25196753471787","0.730269086759202","15.82008624",
"6/26/2001","-51.875","-4.83955001831055","219","33.733","18.134","0.034332264","1.19243066066055","0.61583791191412","20.57354892",
"6/27/2001","-51.875","-4.83955001831055","219","34.44","19.889","0.037765512","1.18845755094637","0.528752714447315","21.41386974",
"6/28/2001","-51.875","-4.83955001831055","219","34.58","18.526","0","0.983468970954094","0.591084112327864","23.39482356",
"6/29/2001","-51.875","-4.83955001831055","219","34.258","21.28","0.1321794792","1.40077659153447","0.676027040376294","12.80868606",
"6/30/2001","-51.875","-4.83955001831055","219","33.147","21.134","0","1.1695597315663","0.697513645587372","11.17765782",
"7/1/2001","-51.875","-4.83955001831055","219","33.151","18.603","0.156212028","1.23525125239849","0.655587725460888","21.69202518",
"7/2/2001","-51.875","-4.83955001831055","219","34.011","16.424","0","0.952160022097858","0.661832173567964","18.5321187",
"7/3/2001","-51.875","-4.83955001831055","219","35.511","16.902","0","1.01259895741858","0.638795487684141","19.15604784",
"7/4/2001","-51.875","-4.83955001831055","219","33.077","18.172","0.885773664","1.16442483194709","0.751824617033913","15.26056434",
"7/5/2001","-51.875","-4.83955001831055","219","32.478","20.042","1.24969356","1.3053622727343","0.743335528550999","19.95997554",
"7/6/2001","-51.875","-4.83955001831055","219","34.332","20.538","0","1.24327459311657","0.646534443387864","13.64214726",
"7/7/2001","-51.875","-4.83955001831055","219","34.546","16.939","0","1.11516385363789","0.607427008943968","17.70885108",
"7/8/2001","-51.875","-4.83955001831055","219","32.903","17.684","0","1.3340976235903","0.605453057760659","17.99549622",
"7/9/2001","-51.875","-4.83955001831055","219","33.787","16.528","0","1.46527186334796","0.549152726740649","24.05496906",
"7/10/2001","-51.875","-4.83955001831055","219","34.669","17.678","0","1.13783128781408","0.558274777659265","23.98781448",
"7/11/2001","-51.875","-4.83955001831055","219","34.042","22.175","0","0.98057029593843","0.577646297182904","10.103179428",
"7/12/2001","-51.875","-4.83955001831055","219","35.534","17.92","0","1.28406009463672","0.562332036565136","23.751225",
"7/13/2001","-51.875","-4.83955001831055","219","35.698","18.266","0.0240325704","1.0562729560305","0.553474813133396","20.18738484",
"7/14/2001","-51.875","-4.83955001831055","219","31.834","20.627","0.054931644","1.0899939004753","0.703339430152161","10.81389096",
"7/15/2001","-51.875","-4.83955001831055","219","34.387","19.265","0.284957712","1.40650036049699","0.65857388394354","19.6292799",
"7/16/2001","-51.875","-4.83955001831055","219","33.918","19.579","0.27122508","1.51830232249967","0.645158663841126","20.20769658",
"7/17/2001","-51.875","-4.83955001831055","219","33.557","19.612","0","1.33465462500871","0.604596440544524","17.0220915",
"7/18/2001","-51.875","-4.83955001831055","219","31.697","19.374","0.15106212","0.975898524508075","0.72123462321542","8.62278786",
"7/19/2001","-51.875","-4.83955001831055","219","33.649","21.259","0.473785596","1.14424873556711","0.668244309256891","13.9212585",
"7/20/2001","-51.875","-4.83955001831055","219","34.615","20.724","0","0.936687863983336","0.609442208974188","10.88493606",
"7/21/2001","-51.875","-4.83955001831055","219","35.185","21.93","0","1.24722429399897","0.590865014854688","16.73904726",
"7/22/2001","-51.875","-4.83955001831055","219","31.373","18.317","0","1.02841164373733","0.740388831865353","7.95712896",
"7/23/2001","-51.875","-4.83955001831055","219","34.954","17.571","0","1.18882902496753","0.615865878630038","18.12802356",
"7/24/2001","-51.875","-4.83955001831055","219","34.94","21.025","2.300261652","1.22873921469869","0.581495141784894","23.897078532",
"7/25/2001","-51.875","-4.83955001831055","219","34.353","21.683","0","1.53373964065359","0.442466956523384","24.94310922",
"7/26/2001","-51.875","-4.83955001831055","219","34.217","17.632","0","1.32787486695521","0.510703856394019","24.80552208",
"7/27/2001","-51.875","-4.83955001831055","219","35.607","15.305","0","1.05359445711397","0.51717637087238","24.95514096",
"7/28/2001","-51.875","-4.83955001831055","219","35.101","13.94","0","1.18581965157631","0.532247997504478","25.56590076",
"7/29/2001","-51.875","-4.83955001831055","219","34.805","15.521","0","1.26116684070427","0.426023821749809","25.36082334",
"7/30/2001","-51.875","-4.83955001831055","219","34.697","16.357","0","1.27843873977889","0.440980129884762","25.4892375",
"7/31/2001","-51.875","-4.83955001831055","219","35.666","17.917","0","1.63879100498416","0.404826975301474","25.03203372",
"8/1/2001","-51.875","-4.83955001831055","219","35.126","19.297","0","1.75007960972242","0.386199799586532","25.35041016",
"8/2/2001","-51.875","-4.83955001831055","219","35.275","17.733","0","1.67265543168884","0.356417184918774","25.82645004",
"8/3/2001","-51.875","-4.83955001831055","219","34.634","18.976","0","1.93740680192341","0.356381151848907","26.08396272",
"8/4/2001","-51.875","-4.83955001831055","219","34.266","18.251","0","1.84560669282127","0.373864889858109","24.61392828",
"8/5/2001","-51.875","-4.83955001831055","219","34.805","18.213","0","1.64116329976305","0.399521828981949","25.89654762",
"8/6/2001","-51.875","-4.83955001831055","219","36.124","17.073","0","1.42416799769235","0.391747925747576","24.98653152",
"8/7/2001","-51.875","-4.83955001831055","219","35.939","17.764","0","1.84833046296618","0.357885407488632","25.83033768",
"8/8/2001","-51.875","-4.83955001831055","219","35.077","19.463","0","1.99120947920133","0.345568609808103","26.35048602",
"8/9/2001","-51.875","-4.83955001831055","219","35.945","19.048","0","1.39972875032663","0.412509066737811","25.92939312",
"8/10/2001","-51.875","-4.83955001831055","219","36.357","17.588","0","1.11485180816484","0.425244920813633","23.63085486",
"8/11/2001","-51.875","-4.83955001831055","219","35.889","22.893","0","1.1412558930179","0.431079163775525","22.53419712",
"8/12/2001","-51.875","-4.83955001831055","219","37.368","16.963","0","1.21778123278925","0.383937775379074","25.08738426",
"8/13/2001","-51.875","-4.83955001831055","219","35.399","21.793","0","1.69319660304745","0.359813326325112","26.26425567",
"8/14/2001","-51.875","-4.83955001831055","219","36.257","22.394","0","1.77144575443623","0.368738755674472","26.0843103",
"8/15/2001","-51.875","-4.83955001831055","219","35.552","19.565","0","1.88819177272976","0.373714326939242","26.56120122",
"8/16/2001","-51.875","-4.83955001831055","219","35.673","20.313","0","1.71193183500449","0.410606120556846","20.83814802",
"8/17/2001","-51.875","-4.83955001831055","219","36.32","19.472","0","1.61454209302327","0.448889119375541","25.91713386",
"8/18/2001","-51.875","-4.83955001831055","219","36.434","19.923","0","1.84257112471194","0.347057053032997","26.6455647",
"8/19/2001","-51.875","-4.83955001831055","219","37.562","24.859","0","1.84932343830043","0.290030951429008","20.88106704",
"8/20/2001","-51.875","-4.83955001831055","219","36.95","25","0","2.26069707054352","0.287656190512555","26.5669929",
"8/21/2001","-51.875","-4.83955001831055","219","37.693","18.808","0","1.39970466416064","0.352976133138866","26.78371668",
"8/22/2001","-51.875","-4.83955001831055","219","35.791","20.059","0","1.36018861882988","0.528604604185282","20.12344272",
"8/23/2001","-51.875","-4.83955001831055","219","35.681","22.268","0.02059938","1.35956269865618","0.490939993106651","18.44960886",
"8/24/2001","-51.875","-4.83955001831055","219","37.076","24.385","0.0137329056","1.72599765495169","0.42571749298881","26.39036016",
"8/25/2001","-51.875","-4.83955001831055","219","37.057","21.681","0","1.82969475673903","0.447704162441241","20.198814408",
"8/26/2001","-51.875","-4.83955001831055","219","37.021","23.298","0","1.95560993652011","0.458816791280573","24.631256448",
"8/27/2001","-51.875","-4.83955001831055","219","36.848","24.166","0","1.79897845373995","0.431778065035814","25.4004687",
"8/28/2001","-51.875","-4.83955001831055","219","37.422","24.999","0","1.29493074534624","0.451763711832107","20.0622357",
"8/29/2001","-51.875","-4.83955001831055","219","37.422","23.963","0.0034332264","1.85487610032507","0.428794378622759","19.576743912",
"8/30/2001","-51.875","-4.83955001831055","219","37.224","22.545","0.127029528","1.7701438073806","0.460695704356224","20.21450616",
"8/31/2001","-51.875","-4.83955001831055","219","35.369","23.737","0.13561254","1.39123588614357","0.553467437672154","15.48022248",
"9/1/2001","-51.875","-4.83955001831055","219","36.91","21.694","0","1.75823463992352","0.536831686875776","19.828059552",
"9/2/2001","-51.875","-4.83955001831055","219","37.561","20.454","0","1.63035536869703","0.493175886668284","26.34765696",
"9/3/2001","-51.875","-4.83955001831055","219","37.17","23.211","0","1.76898986121436","0.41592323258861","23.329522008",
"9/4/2001","-51.875","-4.83955001831055","219","38.074","22","0.57163248","1.56555572726225","0.421261254032288","26.780846832",
"9/5/2001","-51.875","-4.83955001831055","219","36.19","23.525","0.53901648","1.5882835662577","0.483626338266063","21.7470933",
"9/6/2001","-51.875","-4.83955001831055","219","35.103","20.8","0","1.4353046202752","0.562283724279269","9.90680724",
"9/7/2001","-51.875","-4.83955001831055","219","35.077","21.921","5.176449","1.22681473995598","0.661600868331935","14.14232244",
"9/8/2001","-51.875","-4.83955001831055","219","32.516","21.619","2.56462092","1.48301938933594","0.682826309901107","13.212172152",
"9/9/2001","-51.875","-4.83955001831055","219","36.361","21.104","0","1.33281990588581","0.612913590351745","19.46880216",
"9/10/2001","-51.875","-4.83955001831055","219","37.241","20.822","0.31585698","1.06236014660201","0.603572957876982","15.9431589",
"9/11/2001","-51.875","-4.83955001831055","219","37.554","20.591","0","1.41885255444426","0.48591665172445","23.5006875",
"9/12/2001","-51.875","-4.83955001831055","219","36.582","22.866","0.15106194","1.75767045626572","0.504636586048559","20.6045451",
"9/13/2001","-51.875","-4.83955001831055","219","35.797","22.302","0.1235961","2.02023399771565","0.53621329460143","22.071318552",
"9/14/2001","-51.875","-4.83955001831055","219","35.768","18.752","0","1.7402747018066","0.509416071283161","20.97168732",
"9/15/2001","-51.875","-4.83955001831055","219","35.493","18.49","0","1.58686059344131","0.44828045201813","23.41692738",
"9/16/2001","-51.875","-4.83955001831055","219","39.138","23.54","0.97503642","1.52433192928248","0.41285338328271","22.581502128",
"9/17/2001","-51.875","-4.83955001831055","219","35.972","21.036","0","1.45277842783536","0.512208999008199","13.737041082",
"9/18/2001","-51.875","-4.83955001831055","219","33.345","17.5","0.010299672","1.27515527946245","0.567232627648802","18.13876812",
"9/19/2001","-51.875","-4.83955001831055","219","29.157","20.912","1.62219996","1.6902462175761","0.707991947101566","16.452054",
"9/20/2001","-51.875","-4.83955001831055","219","33.971","21.707","0.017166132","1.27012496165175","0.699452680248464","17.21249856",
"9/21/2001","-51.875","-4.83955001831055","219","36.656","20.993","0.1459123416","1.23368379614597","0.644469229446676","16.2173241",
"9/22/2001","-51.875","-4.83955001831055","219","35.048","21.045","0","1.26361946967974","0.53067474422586","20.704838688",
"9/23/2001","-51.875","-4.83955001831055","219","35.012","21.27","0.0068664528","1.66607601895027","0.577372176109156","19.32277158",
"9/24/2001","-51.875","-4.83955001831055","219","37.456","23.74","0.0102996792","1.8715611400914","0.484326807901608","20.41723224",
"9/25/2001","-51.875","-4.83955001831055","219","37.609","23.229","0","2.08580901095027","0.423461318600464","28.283172408",
"9/26/2001","-51.875","-4.83955001831055","219","38.064","23.968","0","2.00753110173082","0.418530773245596","28.304380152",
"9/27/2001","-51.875","-4.83955001831055","219","38.945","24.698","0","1.99553557530068","0.434094092898399","23.63777262",
"9/28/2001","-51.875","-4.83955001831055","219","38.481","23.962","0","2.4326725170983","0.437022750545366","26.076432888",
"9/29/2001","-51.875","-4.83955001831055","219","37.716","24.205","0","2.02990503520046","0.464033659089132","16.644432024",
"9/30/2001","-51.875","-4.83955001831055","219","38.319","20.428","0.0171661464","1.69611202813237","0.446492198653743","28.36422612",
"10/1/2001","-51.875","-4.83955001831055","219","36.335","20.585","0.078964236","1.85301653736519","0.49444356817154","24.862442832",
"10/2/2001","-51.875","-4.83955001831055","219","35.737","22.753","0","2.01696720904716","0.483819097660393","21.9871098",
"10/3/2001","-51.875","-4.83955001831055","219","38.632","22.344","0","1.911506700523","0.407448227710588","21.441883608",
"10/4/2001","-51.875","-4.83955001831055","219","38.951","25.497","0","2.20480459635751","0.328293653490375","29.0838996",
"10/5/2001","-51.875","-4.83955001831055","219","38.978","26.837","0","2.33690746404107","0.306121572825861","28.87486362",
"10/6/2001","-51.875","-4.83955001831055","219","40.014","20.671","0","1.58281732772995","0.326876677342863","29.2394277",
"10/7/2001","-51.875","-4.83955001831055","219","39.977","25.382","0","2.5329290451757","0.355153287833343","28.95485076",
"10/8/2001","-51.875","-4.83955001831055","219","39.183","25.444","0","1.94305929705498","0.358981017771717","24.03089514",
"10/9/2001","-51.875","-4.83955001831055","219","38.61","26.196","0","1.63207154682556","0.429214874672804","19.2818241",
"10/10/2001","-51.875","-4.83955001831055","219","37.274","22.723","1.6067501064","1.3608159707976","0.575239432211437","18.86528448",
"10/11/2001","-51.875","-4.83955001831055","219","38.829","23.905","0.0274658184","1.62789747253722","0.503400162345459","20.07522576",
"10/12/2001","-51.875","-4.83955001831055","219","38.986","23.172","0","1.65780085516246","0.437396260680676","20.7223371",
"10/13/2001","-51.875","-4.83955001831055","219","39.048","22.991","0.279808164","1.5650176269915","0.447448508577016","20.43522936",
"10/14/2001","-51.875","-4.83955001831055","219","37.457","23.887","0.815391036","1.56106856552573","0.52133391085401","19.1516076",
"10/15/2001","-51.875","-4.83955001831055","219","35.624","22.731","0.054931644","1.50616350006421","0.538619921689389","19.07493696",
"10/16/2001","-51.875","-4.83955001831055","219","34.272","20.497","0.041198724","1.42328702188356","0.508503552130851","20.17153584",
"10/17/2001","-51.875","-4.83955001831055","219","38.174","24.33","0.0772476264","1.0184449518761","0.498057077843548","9.2477808",
"10/18/2001","-51.875","-4.83955001831055","219","35.792","22.434","0","1.83843619345936","0.468933338323703","27.68557788",
"10/19/2001","-51.875","-4.83955001831055","219","38.557","19.935","0.16994448","1.60231375769615","0.468199155670867","26.04841092",
"10/20/2001","-51.875","-4.83955001831055","219","39.735","22.946","1.7938614024","0.991341223424202","0.645441857268037","14.36731884",
"10/21/2001","-51.875","-4.83955001831055","219","33.39","24.104","0.7209783","1.28096516726864","0.699472572921909","8.19179748",
"10/22/2001","-51.875","-4.83955001831055","219","37.744","24.268","0","1.44124001757682","0.506096346076424","20.21422644",
"10/23/2001","-51.875","-4.83955001831055","219","33.38","24.399","0.0343322856","1.44963375580341","0.540617921824377","16.04604672",
"10/24/2001","-51.875","-4.83955001831055","219","36.025","22.614","1.014516072","1.36933174365458","0.598813636532511","15.02054388",
"10/25/2001","-51.875","-4.83955001831055","219","35.655","21.816","2.81868678","1.497646121632","0.684995197727621","16.45064856",
"10/26/2001","-51.875","-4.83955001831055","219","36.572","20.722","1.38015684","1.61384156184331","0.657472436384613","14.15834928",
"10/27/2001","-51.875","-4.83955001831055","219","35.355","21.659","0","1.60959463377885","0.593051897659072","19.00766124",
"10/28/2001","-51.875","-4.83955001831055","219","35.198","21.983","0","1.6569385786237","0.547399884578485","21.125925",
"10/29/2001","-51.875","-4.83955001831055","219","35.796","21.221","4.538725632","1.33796768445316","0.654977056091897","20.19054276",
"10/30/2001","-51.875","-4.83955001831055","219","36.106","22.4","6.370354188","1.71890735180542","0.701165648122191","21.1943844",
"10/31/2001","-51.875","-4.83955001831055","219","33.932","22.235","15.9696536544","1.51197883082659","0.817825942828433","11.5503759",
"11/1/2001","-51.875","-4.83955001831055","219","36.214","21.8","1.67541696","1.73469022142138","0.647650374287316","27.83491362",
"11/2/2001","-51.875","-4.83955001831055","219","37.314","22.724","2.495955276","1.14169182943374","0.648505124843069","17.28236718",
"11/3/2001","-51.875","-4.83955001831055","219","36.724","21.912","1.304626752","1.40906037015395","0.652238372518676","19.68430032",
"11/4/2001","-51.875","-4.83955001831055","219","33.188","22.753","9.14268438","1.78779598736216","0.797490221173235","27.4573134",
"11/5/2001","-51.875","-4.83955001831055","219","37.472","21.507","0","1.72058256561521","0.589519650727101","28.3381272",
"11/6/2001","-51.875","-4.83955001831055","219","38.785","22.367","0","1.87676430450348","0.403839858610083","28.60335",
"11/7/2001","-51.875","-4.83955001831055","219","39.389","24.145","0.0034332264","1.79345297878398","0.423524266790639","26.2977174",
"11/8/2001","-51.875","-4.83955001831055","219","38.434","24.1","0.5527495872","1.61752123148802","0.607207591911769","19.89860328",
"11/9/2001","-51.875","-4.83955001831055","219","37.448","22.598","0.0720978264","1.57205887208383","0.576531013433702","19.00715904",
"11/10/2001","-51.875","-4.83955001831055","219","38.22","21.889","0","1.99392823405776","0.421734188435042","28.56638988",
"11/11/2001","-51.875","-4.83955001831055","219","38.198","27.749","0","2.04371235978882","0.353623365550455","26.6685264",
"11/12/2001","-51.875","-4.83955001831055","219","38.288","25.445","0.17509464","1.76833843209575","0.426019349393294","21.83377824",
"11/13/2001","-51.875","-4.83955001831055","219","39.156","23.661","2.61268758","1.41416290115784","0.534614421320938","12.51623916",
"11/14/2001","-51.875","-4.83955001831055","219","37.913","22.417","7.28530974","0.942130105616774","0.664614696634558","18.8910576",
"11/15/2001","-51.875","-4.83955001831055","219","39.246","23.863","0.64544652","1.09847579169575","0.549797593815637","18.99033678",
"11/16/2001","-51.875","-4.83955001831055","219","38.291","23.646","0.748443456","1.46245839547656","0.496954907700023","20.22266268",
"11/17/2001","-51.875","-4.83955001831055","219","37.182","23.239","0.42228684","1.76866658786537","0.529764091027076","19.94934744",
"11/18/2001","-51.875","-4.83955001831055","219","37.773","25.101","0","1.8618220301006","0.445971371857708","19.92385764",
"11/19/2001","-51.875","-4.83955001831055","219","38.855","25.159","0.259208892","1.46857117867825","0.421394335324768","25.71226848",
"11/20/2001","-51.875","-4.83955001831055","219","36.781","22.531","0.175094316","1.45356610163408","0.507796184351625","19.714779",
"11/21/2001","-51.875","-4.83955001831055","219","36.289","25.631","0.0377654904","1.71075577367959","0.443749259103893","22.3405848",
"11/22/2001","-51.875","-4.83955001831055","219","35.448","23.107","0.563049468","1.25908463464028","0.555697401927476","11.18570922",
"11/23/2001","-51.875","-4.83955001831055","219","36.177","23.762","0.5149843776","1.1617986729201","0.565233592495431","10.2170817",
"11/24/2001","-51.875","-4.83955001831055","219","36.195","26.869","0.0377655048","1.85701221832113","0.469909282191331","18.37316052",
"11/25/2001","-51.875","-4.83955001831055","219","34.616","21.081","0","1.99983536340221","0.533164233922152","23.31849618",
"11/26/2001","-51.875","-4.83955001831055","219","32.263","22.7","2.5474577184","1.13705399415581","0.639527626693576","15.31895364",
"11/27/2001","-51.875","-4.83955001831055","219","34.356","20.757","0.9922032","1.30327987833069","0.688167880535705","18.29424384",
"11/28/2001","-51.875","-4.83955001831055","219","34.522","21.225","1.4265072504","1.24753176643821","0.759418347955616","15.3913509",
"11/29/2001","-51.875","-4.83955001831055","219","29.258","22.437","11.645510076","1.0183458163247","0.886862838587189","11.77571178",
"11/30/2001","-51.875","-4.83955001831055","219","33.54","22.65","3.74908608","1.54282250989382","0.702731659073162","19.57809618",
"12/1/2001","-51.875","-4.83955001831055","219","28.437","21.85","1.905444108","1.30576213784373","0.773425570414165","6.53641704",
"12/2/2001","-51.875","-4.83955001831055","219","35.252","19.79","0.024032592","1.26903796564931","0.645784027421375","14.53196736",
"12/3/2001","-51.875","-4.83955001831055","219","33.933","22.632","13.8367674","0.844968147491753","0.865190815904384","21.19831632",
"12/4/2001","-51.875","-4.83955001831055","219","30.951","22.475","10.455893784","1.47350886788902","0.879232087584357","23.22472266",
"12/5/2001","-51.875","-4.83955001831055","219","30.033","22.046","11.52877968","1.46239420974484","0.877936603118008","20.47910634",
"12/6/2001","-51.875","-4.83955001831055","219","33.46","21.357","2.974891572","1.43360216785115","0.728216872587901","19.38409398",
"12/7/2001","-51.875","-4.83955001831055","219","35.141","22.756","3.7765476","1.90617064437157","0.657805578362453","26.22701412",
"12/8/2001","-51.875","-4.83955001831055","219","31.767","22.81","2.8495813464","1.67792476701538","0.699672622027118","22.15158264",
"12/9/2001","-51.875","-4.83955001831055","219","34.862","21.871","0.4059791136","1.74780884368447","0.748075941436415","17.70868314",
"12/10/2001","-51.875","-4.83955001831055","219","32.393","23.369","0.5115507552","1.77077426280552","0.715947255261055","11.66552154",
"12/11/2001","-51.875","-4.83955001831055","219","30.538","21.296","10.6653284928","1.48944166871961","0.85568630055721","25.05582972",
"12/12/2001","-51.875","-4.83955001831055","219","30.093","21.918","2.7740486952","1.11003555756603","0.853045001727268","12.17340198",
"12/13/2001","-51.875","-4.83955001831055","219","31.889","21.343","8.764173","1.66206324499012","0.824091446749369","27.25515198",
"12/14/2001","-51.875","-4.83955001831055","219","34.602","21.663","0.2763746928","1.60805810304056","0.692406307432916","19.74509946",
"12/15/2001","-51.875","-4.83955001831055","219","36.325","22.868","0.316715364","1.87442280951698","0.606184795146565","20.02837986",
"12/16/2001","-51.875","-4.83955001831055","219","31.575","22.654","12.6239763384","1.27042179249996","0.903117020634208","11.48692752",
"12/17/2001","-51.875","-4.83955001831055","219","29.754","20.802","58.30823088","1.02877620163324","0.891563794429985","9.08668152",
"12/18/2001","-51.875","-4.83955001831055","219","31.786","21.923","1.7681127408","1.38355980763121","0.771829118449059","14.1397281",
"12/19/2001","-51.875","-4.83955001831055","219","34.413","23.062","3.06930528","1.3828736042512","0.79992350039313","15.72592356",
"12/20/2001","-51.875","-4.83955001831055","219","26.974","22.779","18.9188028","1.00166136367885","0.922335077138843","4.98481812",
"12/21/2001","-51.875","-4.83955001831055","219","34.615","23.864","0","1.38537455424614","0.607061254002569","16.28634222",
"12/22/2001","-51.875","-4.83955001831055","219","34.85","22.651","0.266075496","1.25605137171451","0.63238190609631","17.30424834",
"12/23/2001","-51.875","-4.83955001831055","219","35.234","22.707","1.7389289808","0.957705941622507","0.766771485326001","11.21687118",
"12/24/2001","-51.875","-4.83955001831055","219","34.298","21.917","0.224876664","1.366803272258","0.73657468183472","16.86515364",
"12/25/2001","-51.875","-4.83955001831055","219","36.06","21.972","0.046348596","1.71156877881977","0.596046222945","24.7061808",
"12/26/2001","-51.875","-4.83955001831055","219","33.216","23.565","0.0274658184","1.89266933832596","0.591912819094881","18.7051518",
"12/27/2001","-51.875","-4.83955001831055","219","30.985","21.867","13.65566688","1.39485684771896","0.867227255661079","24.8478174",
"12/28/2001","-51.875","-4.83955001831055","219","33.28","21.919","0.4772188656","1.91652504452202","0.766249940005451","22.148832528",
"12/29/2001","-51.875","-4.83955001831055","219","31.812","22.143","7.724760912","1.34538614659632","0.843512765606411","22.28737608",
"12/30/2001","-51.875","-4.83955001831055","219","30.242","22.81","13.193893728","0.984981608483964","0.910494419950033","20.097393192",
"12/31/2001","-51.875","-4.83955001831055","219","31.649","22.656","5.884551468","1.22755182048389","0.827550712499818","16.671210372",
"1/1/2002","-51.875","-4.83955001831055","219","29.312","21.173","8.3787946632","1.22380003033366","0.902503586428224","24.57642042",
"1/2/2002","-51.875","-4.83955001831055","219","28.696","20.599","7.26471144","0.856068952285505","0.891118429602219","14.1100857",
"1/3/2002","-51.875","-4.83955001831055","219","27.372","21.528","20.5169661144","1.00611951811373","0.966318920845579","10.8242451",
"1/4/2002","-51.875","-4.83955001831055","219","28.671","21.277","2.6418693528","1.28522827291839","0.912173471663584","11.74269924",
"1/5/2002","-51.875","-4.83955001831055","219","30.152","21.566","5.2373919528","0.632661657022587","0.917350395042238","9.90281556",
"1/6/2002","-51.875","-4.83955001831055","219","26.418","20.771","1.287461088","1.26700210726835","0.920004438518197","9.3468906",
"1/7/2002","-51.875","-4.83955001831055","219","24.409","22.067","16.864015212","0.94881760583018","0.977834782493355","5.93684946",
"1/8/2002","-51.875","-4.83955001831055","219","28.058","21.731","8.1830979","1.2920219162592","0.937215563912914","10.2497634",
"1/9/2002","-51.875","-4.83955001831055","219","27.763","21.218","14.814371088","0.904214187527907","0.94390489792742","19.2537009",
"1/10/2002","-51.875","-4.83955001831055","219","25.667","21.327","12.4488864","1.11471282838469","0.93754897061565","7.10729874",
"1/11/2002","-51.875","-4.83955001831055","219","29.803","20.332","5.0313938976","1.14693754845035","0.869098011554991","19.69701174",
"1/12/2002","-51.875","-4.83955001831055","219","24.455","20.02","30.486204144","1.11387952941739","0.976949317145095","2.68087338",
"1/13/2002","-51.875","-4.83955001831055","219","31.574","21.087","37.39127508","0.634400896822511","0.92930049386018","13.8663531",
"1/14/2002","-51.875","-4.83955001831055","219","32.592","21.44","11.5313529024","1.02501481666025","0.908419197249358","22.21835634",
"1/15/2002","-51.875","-4.83955001831055","219","25.541","21.736","6.236454636","1.10528944055697","0.958324406307432","7.6224366",
"1/16/2002","-51.875","-4.83955001831055","219","30.238","21.721","6.766892928","0.970258140641911","0.89453546667816","15.9536277",
"1/17/2002","-51.875","-4.83955001831055","219","31.283","22.668","8.11615248","1.03725488973321","0.900250955591055","18.28811106",
"1/18/2002","-51.875","-4.83955001831055","219","25.461","22.81","16.332712776","1.06037278895835","0.97212743247133","15.2877942",
"1/19/2002","-51.875","-4.83955001831055","219","30.911","22.204","21.02251104","1.05666846080833","0.911016164470635","20.3464665",
"1/20/2002","-51.875","-4.83955001831055","219","24.665","21.604","110.93273244","1.00811268928165","0.975948902057085","5.90287248",
"1/21/2002","-51.875","-4.83955001831055","219","30.791","21.13","0.7012370376","1.16034662077304","0.813663082361773","14.57629362",
"1/22/2002","-51.875","-4.83955001831055","219","32.56","19.797","3.58085412","1.43747469416781","0.782856833366654","28.19981628",
"1/23/2002","-51.875","-4.83955001831055","219","31.823","20.828","3.8091654","1.42533699886372","0.825941869968638","28.11780612",
"1/24/2002","-51.875","-4.83955001831055","219","33.479","21.118","1.992130632","1.38394780698761","0.800111523963322","20.26108098",
"1/25/2002","-51.875","-4.83955001831055","219","34.351","21.838","1.8324840168","1.40701649059141","0.747887817649378","18.84785598",
"1/26/2002","-51.875","-4.83955001831055","219","32.608","22.222","4.7189708784","1.71449070537787","0.821790513139291","25.03417176",
"1/27/2002","-51.875","-4.83955001831055","219","31.824","22.113","3.9138805944","1.50572321862538","0.841962732818133","21.00498048",
"1/28/2002","-51.875","-4.83955001831055","219","33.562","21.1","1.8367765992","1.49696150070855","0.819634776528691","20.89450836",
"1/29/2002","-51.875","-4.83955001831055","219","34.742","22.045","1.2943269792","1.29991302319173","0.774903599924261","19.78841052",
"1/30/2002","-51.875","-4.83955001831055","219","33.59","22.504","0.1544952312","1.83474694677946","0.692091299665383","28.1684295",
"1/31/2002","-51.875","-4.83955001831055","219","33.863","20.696","0.3433227768","1.56689259663386","0.74198114413812","20.18907828",
"2/1/2002","-51.875","-4.83955001831055","219","33.585","21.874","1.5106203144","1.29151063213503","0.804448456201871","16.521302628",
"2/2/2002","-51.875","-4.83955001831055","219","32.19","23.132","1.948356468","1.2570971037945","0.798443474249196","16.09390854",
"2/3/2002","-51.875","-4.83955001831055","219","32.447","22.037","0.0343322712","1.83329562582126","0.707371138954013","26.56704744",
"2/4/2002","-51.875","-4.83955001831055","219","32.937","20.768","1.235962188","1.86008745156863","0.769686155732773","25.996894848",
"2/5/2002","-51.875","-4.83955001831055","219","32.051","22.009","2.940557652","1.77819335647086","0.833686156056921","28.25521722",
"2/6/2002","-51.875","-4.83955001831055","219","30.157","22.171","4.2125700528","1.61138501411466","0.859913890894119","15.033830778",
"2/7/2002","-51.875","-4.83955001831055","219","27.327","21.946","13.447950156","1.15768561562431","0.948478381100804","22.49673795",
"2/8/2002","-51.875","-4.83955001831055","219","24.923","21.015","143.7132299328","0.831720589608096","0.978301479700627","6.189016122",
"2/9/2002","-51.875","-4.83955001831055","219","30.093","22.128","12.895206192","0.808376574206606","0.93461837841913","17.345020068",
"2/10/2002","-51.875","-4.83955001831055","219","23.716","21.685","116.885165436","0.839181793586173","0.98276412467279","0.85162527",
"2/11/2002","-51.875","-4.83955001831055","219","25.045","21.37","11.497878972","0.706811023081056","0.976702853225345","9.068684742",
"2/12/2002","-51.875","-4.83955001831055","219","29.011","21.84","16.1069922","0.845406628454302","0.938593728084392","17.2806156",
"2/13/2002","-51.875","-4.83955001831055","219","29.996","22.071","5.913737028","1.23574269149079","0.917724928131901","16.90245324",
"2/14/2002","-51.875","-4.83955001831055","219","25.761","21.936","52.74811782","0.680121247546074","0.96449841050955","5.70684231",
"2/15/2002","-51.875","-4.83955001831055","219","28.438","21.576","17.7343344","0.722409904129801","0.942178332337106","21.75260931",
"2/16/2002","-51.875","-4.83955001831055","219","31.553","22.76","10.67734026","1.42294199881394","0.874861651524689","23.25020652",
"2/17/2002","-51.875","-4.83955001831055","219","32.518","22.948","7.499886912","1.10477410894825","0.881661996473118","20.9465991",
"2/18/2002","-51.875","-4.83955001831055","219","31.947","22.666","3.97997064","1.37845869053965","0.839855811882142","28.56875292",
"2/19/2002","-51.875","-4.83955001831055","219","34.251","23.037","4.519842804","1.40047894318807","0.810153306409774","17.69545935",
"2/20/2002","-51.875","-4.83955001831055","219","31.798","22.55","4.55589342","1.30491830903462","0.887681538942792","14.116502502",
"2/21/2002","-51.875","-4.83955001831055","219","33.681","23.468","0.0652313304","1.47661180603176","0.752615864433161","26.86016115",
"2/22/2002","-51.875","-4.83955001831055","219","32.788","22.383","2.636718372","1.1664777679862","0.800079166963515","24.10712244",
"2/23/2002","-51.875","-4.83955001831055","219","32.628","21.304","1.6822834128","0.999311912344278","0.804562475670792","19.180178982",
"2/24/2002","-51.875","-4.83955001831055","219","30.25","20.258","1.54495278","0.949821225821643","0.885380567705806","16.500150648",
"2/25/2002","-51.875","-4.83955001831055","219","31.32","21.916","5.1275244384","1.21044946276501","0.85799822298876","25.35052464",
"2/26/2002","-51.875","-4.83955001831055","219","33.349","22.978","0.3038406192","2.14624867224054","0.743984572790366","28.7934777",
"2/27/2002","-51.875","-4.83955001831055","219","31.366","21.729","2.6762016528","1.83677993356111","0.821499490871963","28.13265468",
"2/28/2002","-51.875","-4.83955001831055","219","34.53","22.91","0.0205993584","1.46608703405115","0.690769844414552","24.603692148",
"3/1/2002","-51.875","-4.83955001831055","219","35.375","20.767","0.5870808","1.16309408170542","0.703909156438943","20.033832672",
"3/2/2002","-51.875","-4.83955001831055","219","34.393","21.893","4.5610454664","1.48127872744144","0.814442839200344","15.45086196",
"3/3/2002","-51.875","-4.83955001831055","219","25.671","22.601","12.62226132","1.1277184660535","0.96497921277754","11.12692338",
"3/4/2002","-51.875","-4.83955001831055","219","29.673","21.856","12.038621112","1.40208840032693","0.875678789724329","18.272367432",
"3/5/2002","-51.875","-4.83955001831055","219","26.679","21.773","19.45781748","0.62604303598847","0.960195050474939","7.06005027",
"3/6/2002","-51.875","-4.83955001831055","219","25.267","21.245","13.26942252","0.791430408928762","0.966046486038231","15.34460859",
"3/7/2002","-51.875","-4.83955001831055","219","26.501","21.854","14.52598488","0.674651651723411","0.966226696856502","17.35250733",
"3/8/2002","-51.875","-4.83955001831055","219","31.522","22.627","7.550523936","1.06046957206118","0.895641038017617","20.23216299",
"3/9/2002","-51.875","-4.83955001831055","219","31.513","21.933","7.5951566208","1.1576854304123","0.921385844959873","20.157525",
"3/10/2002","-51.875","-4.83955001831055","219","31.528","22.837","7.923030984","0.863415278885657","0.912937961841098","27.44177967",
"3/11/2002","-51.875","-4.83955001831055","219","27.98","22.787","12.567326652","1.10514844421141","0.953357891648796","23.01857244",
"3/12/2002","-51.875","-4.83955001831055","219","27.582","22.389","14.9551365744","1.10025414864961","0.948084573713075","9.43790697",
"3/13/2002","-51.875","-4.83955001831055","219","29.66","22.468","11.8549359","1.29524172644616","0.911160098032531","23.91277725",
"3/14/2002","-51.875","-4.83955001831055","219","32.85","22.112","2.2624961184","1.29709695339481","0.846210261805084","19.63552239",
"3/15/2002","-51.875","-4.83955001831055","219","31.476","22.204","8.1693648504","1.37300493177267","0.841251276087113","27.61042905",
"3/16/2002","-51.875","-4.83955001831055","219","33.024","21.635","10.915947","1.35841072224932","0.865809227873558","26.63504829",
"3/17/2002","-51.875","-4.83955001831055","219","29.286","22.17","3.816032652","1.50193883864624","0.88858510477955","23.00377878",
"3/18/2002","-51.875","-4.83955001831055","219","29.196","22.607","6.315423552","0.997404547072611","0.928002718104243","15.62850324",
"3/19/2002","-51.875","-4.83955001831055","219","29.858","23.053","19.347957504","1.10800502844746","0.935447121943017","24.19295688",
"3/20/2002","-51.875","-4.83955001831055","219","30.923","23.128","14.4590364","1.3148478859098","0.916961861624308","25.00700328",
"3/21/2002","-51.875","-4.83955001831055","219","27.567","23.356","14.153484636","1.01098122936279","0.959619817354474","20.767901508",
"3/22/2002","-51.875","-4.83955001831055","219","30.384","23.144","14.38179372","1.39338167460333","0.92318548831418","26.46129042",
"3/23/2002","-51.875","-4.83955001831055","219","30.391","22.758","13.265986752","1.48493245310331","0.913953353008668","23.83734591",
"3/24/2002","-51.875","-4.83955001831055","219","28.022","22.569","16.44688296","1.43965028318363","0.941916119506485","17.04898296",
"3/25/2002","-51.875","-4.83955001831055","219","29.367","22.385","9.2285118","1.85201534976219","0.863476487661696","21.17649222",
"3/26/2002","-51.875","-4.83955001831055","219","29.798","21.342","5.1120752472","0.897613421548713","0.862585990854431","18.18640944",
"3/27/2002","-51.875","-4.83955001831055","219","28.5","21.542","14.17922568","0.745387621440661","0.94294710514524","21.30548049",
"3/28/2002","-51.875","-4.83955001831055","219","31.657","22.194","2.6873586936","1.58512653319303","0.807386292765425","18.724950648",
"3/29/2002","-51.875","-4.83955001831055","219","32.426","20.528","3.0933398304","1.24960717410624","0.83301584052616","26.13588642",
"3/30/2002","-51.875","-4.83955001831055","219","30.903","22.771","7.9959830688","1.21805426224342","0.893350806123368","24.56696394",
"3/31/2002","-51.875","-4.83955001831055","219","26.928","23.003","6.67419048","0.892188316373162","0.954278887072403","17.3462049",
"4/1/2002","-51.875","-4.83955001831055","219","28.961","22.898","4.1919706728","1.15161774475944","0.919818442512537","18.93324312",
"4/2/2002","-51.875","-4.83955001831055","219","28.502","22.464","13.8599426304","1.24959631488502","0.938975110025429","17.62238916",
"4/3/2002","-51.875","-4.83955001831055","219","26.545","23.124","20.91178332","1.0489709471691","0.964696679012316","19.04855688",
"4/4/2002","-51.875","-4.83955001831055","219","28.918","23.065","10.835264412","1.29226410747912","0.920540420177488","19.88555544",
"4/5/2002","-51.875","-4.83955001831055","219","28.236","22.686","13.348386252","1.00366560719343","0.94477311670228","17.68094667",
"4/6/2002","-51.875","-4.83955001831055","219","25.928","22.925","11.83089564","1.05394129563987","0.955883229673358","11.5753491",
"4/7/2002","-51.875","-4.83955001831055","219","28.108","22.479","15.07873644","0.955044040526785","0.947722246038494","23.88836502",
"4/8/2002","-51.875","-4.83955001831055","219","27.932","22.392","16.93268316","1.08213465528514","0.939452998595217","12.1159683",
"4/9/2002","-51.875","-4.83955001831055","219","27.987","22.467","26.878741344","0.840294701167462","0.954291448854618","17.7061005",
"4/10/2002","-51.875","-4.83955001831055","219","25.709","22.731","109.952586","0.828614007290641","0.97464056984952","7.00283988",
"4/11/2002","-51.875","-4.83955001831055","219","27.54","22.334","12.874605228","0.473777037400264","0.958275308301503","17.21902338",
"4/12/2002","-51.875","-4.83955001831055","219","25.523","20.739","15.0684288984","1.21646580500051","0.955613915791764","6.5445174",
"4/13/2002","-51.875","-4.83955001831055","219","31.074","18.639","0.8136746424","0.8186135282129","0.855118013063963","20.2079826",
"4/14/2002","-51.875","-4.83955001831055","219","30.085","22.615","38.4280992","0.858493511491656","0.941484312939271","25.25282298",
"4/15/2002","-51.875","-4.83955001831055","219","31.033","22.821","21.649945104","1.18868198710634","0.90857262038591","21.2789799",
"4/16/2002","-51.875","-4.83955001831055","219","29.507","22.686","14.7079512","1.19088318542629","0.908915685826668","23.3455527",
"4/17/2002","-51.875","-4.83955001831055","219","29.488","22.117","3.591155808","1.17129781908849","0.896498652232077","24.28594254",
"4/18/2002","-51.875","-4.83955001831055","219","31.812","21.147","0.47721888","1.46310961023513","0.788354756271885","24.96465036",
"4/19/2002","-51.875","-4.83955001831055","219","30.771","22.338","2.413562148","1.23144907974187","0.84707103191327","17.3630268",
"4/20/2002","-51.875","-4.83955001831055","219","31.386","22.583","2.207565612","1.18886633524455","0.866457024571865","15.47510418",
"4/21/2002","-51.875","-4.83955001831055","219","30.943","22.97","1.249694892","1.05522929754175","0.847199136718723","16.08760386",
"4/22/2002","-51.875","-4.83955001831055","219","32.084","20.104","0.662612904","1.35176476638727","0.804603294138054","15.3913545",
"4/23/2002","-51.875","-4.83955001831055","219","29.973","20.341","1.3767238584","0.878237765800661","0.898663356797505","11.78161812",
"4/24/2002","-51.875","-4.83955001831055","219","32.846","22.466","3.759385644","0.889058173600715","0.827237085708031","17.62796412",
"4/25/2002","-51.875","-4.83955001831055","219","27.972","20.164","6.6587434128","0.739315888986893","0.918936713979974","15.0006969",
"4/26/2002","-51.875","-4.83955001831055","219","30.104","21.348","4.7035212552","0.805585930088884","0.883070171623623","25.32025998",
"4/27/2002","-51.875","-4.83955001831055","219","30.212","20.689","2.47535712","1.01343417680335","0.871841737491196","16.19240742",
"4/28/2002","-51.875","-4.83955001831055","219","31.289","21.909","1.596450744","1.12397795783427","0.852370536104826","19.7483589",
"4/29/2002","-51.875","-4.83955001831055","219","32.505","20.24","0.0926970984","1.37074629750356","0.770827793099764","24.8146866",
"4/30/2002","-51.875","-4.83955001831055","219","34.031","21.076","0.044631936","1.24845112078507","0.714288910082778","24.3019116",
"5/1/2002","-51.875","-4.83955001831055","219","33.569","21.11","0","1.37028525915579","0.732385632787983","23.62754088",
"5/2/2002","-51.875","-4.83955001831055","219","32.327","19.618","2.564620848","1.06121402708812","0.845889915157157","15.37222752",
"5/3/2002","-51.875","-4.83955001831055","219","30.35","22.743","4.305270168","1.44740599340849","0.871003850558399","23.64862518",
"5/4/2002","-51.875","-4.83955001831055","219","28.26","21.623","6.457898664","0.863382799507079","0.94355067884371","14.72254164",
"5/5/2002","-51.875","-4.83955001831055","219","32.249","22.074","2.9251089","1.06158593621531","0.874330354275549","15.62203134",
"5/6/2002","-51.875","-4.83955001831055","219","33.65","20.213","0.08583084","1.17949226384886","0.740940729865348","20.16753606",
"5/7/2002","-51.875","-4.83955001831055","219","34.369","22.057","0.7450101","1.2661454198408","0.738253571345402","19.54276884",
"5/8/2002","-51.875","-4.83955001831055","219","32.782","22.848","2.5234235064","1.19791080076083","0.828941663406489","19.2536406",
"5/9/2002","-51.875","-4.83955001831055","219","27.893","21.499","1.0917667512","1.13404154032611","0.89636173269238","17.9304714",
"5/10/2002","-51.875","-4.83955001831055","219","31.349","20.442","1.3011930504","0.975752190250841","0.816612847951125","17.7923277",
"5/11/2002","-51.875","-4.83955001831055","219","34.52","20.249","0","1.24747915226937","0.675260443722684","24.40939896",
"5/12/2002","-51.875","-4.83955001831055","219","30.733","19.939","8.12644668","0.909248704077255","0.868210297860709","11.27536776",
"5/13/2002","-51.875","-4.83955001831055","219","32.117","22.85","0.63171378","1.14095814592407","0.839209705199277","12.6032112",
"5/14/2002","-51.875","-4.83955001831055","219","33.349","20.849","0","1.61392467842093","0.675867894967757","24.78594078",
"5/15/2002","-51.875","-4.83955001831055","219","32.923","20.16","0","1.37458746848557","0.645810684468784","17.35076232",
"5/16/2002","-51.875","-4.83955001831055","219","34.223","22.649","0","1.02880110347871","0.688500314210449","11.88100656",
"5/17/2002","-51.875","-4.83955001831055","219","34.426","23.142","1.438522272","1.15678766466639","0.746610676586001","17.6633982",
"5/18/2002","-51.875","-4.83955001831055","219","32.026","23.097","2.990341512","0.957758752620638","0.894629742713705","16.47731358",
"5/19/2002","-51.875","-4.83955001831055","219","31.565","22.654","3.4469642304","1.06729271573279","0.893283504120972","15.39776412",
"5/20/2002","-51.875","-4.83955001831055","219","31.952","21.815","1.6479505944","1.17855967659861","0.873540168683651","15.40181394",
"5/21/2002","-51.875","-4.83955001831055","219","33.81","20.935","0.74157696","1.07234899650618","0.746284429931208","19.5482187",
"5/22/2002","-51.875","-4.83955001831055","219","34.379","19.488","1.301193","1.02805127442648","0.728542602775478","21.67402968",
"5/23/2002","-51.875","-4.83955001831055","219","30.33","20.29","4.809951","0.800635856645378","0.866478355396318","18.4226643",
"5/24/2002","-51.875","-4.83955001831055","219","33.185","21.388","15.240100608","0.701284939624294","0.90466861264469","15.77204874",
"5/25/2002","-51.875","-4.83955001831055","219","26.902","22.927","17.904285144","0.735263502554084","0.967763422341491","16.06528422",
"5/26/2002","-51.875","-4.83955001831055","219","26.305","21.926","9.056863008","1.10101712300706","0.964821814077957","16.84974888",
"5/27/2002","-51.875","-4.83955001831055","219","31.72","21.784","1.4762888208","1.37823983675248","0.844497353381848","18.9117",
"5/28/2002","-51.875","-4.83955001831055","219","33.564","20.165","0","1.38468342372594","0.691858874632187","23.6798451",
"5/29/2002","-51.875","-4.83955001831055","219","33.575","20.377","0","1.38333442459331","0.663542467006084","23.72473188",
"5/30/2002","-51.875","-4.83955001831055","219","33.323","21.284","3.9894133464","0.995577809144947","0.744195693281053","11.62985976",
"5/31/2002","-51.875","-4.83955001831055","219","34.15","20.272","0","1.44902430214216","0.620844168429448","23.93629146",
"6/1/2002","-51.875","-4.83955001831055","219","33.161","21.053","2.398108428","1.38722963123695","0.791480174303936","17.34682644",
"6/2/2002","-51.875","-4.83955001831055","219","32.813","22.058","0.315856944","1.05364174789787","0.785804147523652","9.76584816",
"6/3/2002","-51.875","-4.83955001831055","219","32.818","20.929","1.4453909064","1.36733995640975","0.74401133602411","15.4892313",
"6/4/2002","-51.875","-4.83955001831055","219","33.5","19.988","0","1.16873454541036","0.6801857630626","16.75023516",
"6/5/2002","-51.875","-4.83955001831055","219","33.846","19.578","0","1.3375580653493","0.637457189399197","21.02866866",
"6/6/2002","-51.875","-4.83955001831055","219","32.731","23.31","0.034332264","1.45514488683473","0.651236976722514","16.807905",
"6/7/2002","-51.875","-4.83955001831055","219","32.362","21.585","0","1.35088147995334","0.702742288233385","16.0616295",
"6/8/2002","-51.875","-4.83955001831055","219","32.888","19.974","0","1.72984684322086","0.674857763933043","23.09191938",
"6/9/2002","-51.875","-4.83955001831055","219","33.401","20.838","0","1.56448124476612","0.684727378450476","18.9511317",
"6/10/2002","-51.875","-4.83955001831055","219","32.895","22.01","0.1029968424","1.0403353833613","0.750254481918905","16.07517738",
"6/11/2002","-51.875","-4.83955001831055","219","33.948","19.516","0","0.940777452466348","0.667207895935655","20.56094388",
"6/12/2002","-51.875","-4.83955001831055","219","34.329","17.116","0","0.835097929621827","0.665745571966664","23.4850428",
"6/13/2002","-51.875","-4.83955001831055","219","34.588","15.86","0","1.02886478676873","0.645183215581837","17.91849798",
"6/14/2002","-51.875","-4.83955001831055","219","27.625","20.364","8.765028432","1.11274840987247","0.925854956212418","10.79944002",
"6/15/2002","-51.875","-4.83955001831055","219","29.489","21.096","0.4840848576","1.02066594084835","0.836285657065366","10.66578462",
"6/16/2002","-51.875","-4.83955001831055","219","32.513","21.404","0","1.20466754379664","0.632203784435142","14.07543912",
"6/17/2002","-51.875","-4.83955001831055","219","32.268","18.082","0","1.09435883624393","0.67706067155385","13.61998386",
"6/18/2002","-51.875","-4.83955001831055","219","33.104","15.455","0","1.38299080814868","0.635226521463361","23.5876536",
"6/19/2002","-51.875","-4.83955001831055","219","33.165","20.445","0","1.83528000260939","0.449984113207865","23.85377496",
"6/20/2002","-51.875","-4.83955001831055","219","33.091","18.175","0","1.71861072046301","0.492525107684844","23.63135778",
"6/21/2002","-51.875","-4.83955001831055","219","33.077","20.177","0","1.63804464231684","0.534582482415115","22.1949036",
"6/22/2002","-51.875","-4.83955001831055","219","33.355","18.01","0","1.29744961378395","0.599340659767439","21.00037212",
"6/23/2002","-51.875","-4.83955001831055","219","32.739","19.92","0","1.30668245592047","0.565258528667458","17.75525616",
"6/24/2002","-51.875","-4.83955001831055","219","32.677","19.969","0","0.895714360380737","0.691747340143425","13.29811884",
"6/25/2002","-51.875","-4.83955001831055","219","33.541","17.938","0.01373292","0.979888575422782","0.676669370912136","17.37579672",
"6/26/2002","-51.875","-4.83955001831055","219","33.953","21.657","0","1.18005465086433","0.517708421212302","22.42418058",
"6/27/2002","-51.875","-4.83955001831055","219","33.035","22.454","0.04119876","1.22761769752269","0.610954878207874","14.32361502",
"6/28/2002","-51.875","-4.83955001831055","219","33.438","17.54","0","0.887363017200843","0.705588109084694","12.51692064",
"6/29/2002","-51.875","-4.83955001831055","219","34.022","18.873","0","1.6165191032282","0.502821754980225","23.98230504",
"6/30/2002","-51.875","-4.83955001831055","219","34.552","18.862","0","1.52495602478878","0.485181607867485","24.10109748",
"7/1/2002","-51.875","-4.83955001831055","219","34.8","19.007","0","1.50618353722577","0.471447126055992","22.5779688",
"7/2/2002","-51.875","-4.83955001831055","219","34.19","15.523","0","1.25767932935167","0.558410139211989","17.95308624",
"7/3/2002","-51.875","-4.83955001831055","219","32.879","21.793","0","1.15166393304321","0.673457950737558","5.8977009",
"7/4/2002","-51.875","-4.83955001831055","219","34.235","16.812","0","1.29771717582789","0.526285620192878","24.01352532",
"7/5/2002","-51.875","-4.83955001831055","219","33.586","15.598","0","1.30210340742433","0.528528877874915","24.13310562",
"7/6/2002","-51.875","-4.83955001831055","219","34.669","17.022","0","1.19350915217023","0.532152403233723","23.8483746",
"7/7/2002","-51.875","-4.83955001831055","219","34.206","17.626","0","1.22739017341424","0.544103899241135","18.128983932",
"7/8/2002","-51.875","-4.83955001831055","219","35.255","19.853","0","1.29667959753269","0.465129114690007","24.20235036",
"7/9/2002","-51.875","-4.83955001831055","219","33.301","16.679","0","1.18921527095263","0.661445809954531","21.15905616",
"7/10/2002","-51.875","-4.83955001831055","219","34.969","17.205","0","1.45696930055997","0.559280890127233","23.75128386",
"7/11/2002","-51.875","-4.83955001831055","219","34.778","21.086","0","1.35993695057286","0.552616018329328","17.30311866",
"7/12/2002","-51.875","-4.83955001831055","219","31.622","18.547","2.03676228","1.02500862672254","0.710266363212975","22.61599848",
"7/13/2002","-51.875","-4.83955001831055","219","35.003","19.283","0","0.884050657509519","0.659872783159201","16.88557212",
"7/14/2002","-51.875","-4.83955001831055","219","32.8","19.69","0","1.20611696772962","0.640031774233291","15.7765527",
"7/15/2002","-51.875","-4.83955001831055","219","35.06","21.823","0.022315968","1.10651257601474","0.592862757188922","14.121728928",
"7/16/2002","-51.875","-4.83955001831055","219","34.603","21.138","0.3570552","1.63432201867191","0.60478133038735","22.14641052",
"7/17/2002","-51.875","-4.83955001831055","219","34.546","17.799","0","1.14830208307124","0.587007093615342","23.18360076",
"7/18/2002","-51.875","-4.83955001831055","219","35.182","19.904","0","1.09155302615106","0.535970252349777","20.35507266",
"7/19/2002","-51.875","-4.83955001831055","219","34.911","18.33","0","1.26153835936945","0.534752873050486","21.27870288",
"7/20/2002","-51.875","-4.83955001831055","219","34.204","15.308","0","1.15360005462364","0.632295037346517","24.45255108",
"7/21/2002","-51.875","-4.83955001831055","219","34.905","16.938","0","0.920590012099511","0.553114544718034","18.233107632",
"7/22/2002","-51.875","-4.83955001831055","219","34.795","17.454","0","1.29182184576061","0.534694343808498","23.06644092",
"7/23/2002","-51.875","-4.83955001831055","219","33.246","22.827","0","1.40421039974707","0.563538014723279","18.53065944",
"7/24/2002","-51.875","-4.83955001831055","219","34.583","20.63","0","1.31926646340828","0.547292874306442","16.84962612",
"7/25/2002","-51.875","-4.83955001831055","219","34.377","21.125","0","1.53649449954463","0.547946704194129","18.241425",
"7/26/2002","-51.875","-4.83955001831055","219","34.698","23.263","0.0034332264","1.05043836913811","0.666282562036452","10.72912428",
"7/27/2002","-51.875","-4.83955001831055","219","34.981","21.422","0.072097956","1.45256493560278","0.614097094370905","17.665254",
"7/28/2002","-51.875","-4.83955001831055","219","34.353","19.77","0","1.54160775918904","0.626611301736645","17.50218858",
"7/29/2002","-51.875","-4.83955001831055","219","35.495","21.836","0","1.28943484870102","0.530002669560936","16.92618534",
"7/30/2002","-51.875","-4.83955001831055","219","32.474","17.964","0.0497817864","1.09257136367466","0.667684776563373","16.17727896",
"7/31/2002","-51.875","-4.83955001831055","219","32.846","18.112","0","1.44468447507026","0.620300153527707","19.12758444",
"8/1/2002","-51.875","-4.83955001831055","219","35.901","18.499","0","1.08757694079006","0.61996282008724","17.87023062",
"8/2/2002","-51.875","-4.83955001831055","219","35.708","19.382","0","1.34428331829021","0.519403818964922","23.58799488",
"8/3/2002","-51.875","-4.83955001831055","219","35.784","20.042","0","1.1857957866193","0.47815392684325","25.1692335",
"8/4/2002","-51.875","-4.83955001831055","219","33.736","22.917","0","1.46308395866997","0.513320422964957","16.34945364",
"8/5/2002","-51.875","-4.83955001831055","219","35.293","21.431","0.024032592","1.4672041352657","0.618788226425152","17.99724132",
"8/6/2002","-51.875","-4.83955001831055","219","35.722","19.422","0","1.48538604968566","0.568816366580673","19.34724474",
"8/7/2002","-51.875","-4.83955001831055","219","35.53","19.94","0","1.63571206027672","0.423555411535764","21.84974694",
"8/8/2002","-51.875","-4.83955001831055","219","35.921","17.025","0","1.35991215414128","0.523215899632688","20.50695036",
"8/9/2002","-51.875","-4.83955001831055","219","35.641","18.66","0","1.30086216052283","0.488445362145069","25.67436138",
"8/10/2002","-51.875","-4.83955001831055","219","36.052","19.194","0","1.46927682725746","0.424868844385296","26.09240742",
"8/11/2002","-51.875","-4.83955001831055","219","35.692","17.629","0","1.18961488701704","0.52325731023572","19.26675072",
"8/12/2002","-51.875","-4.83955001831055","219","35.427","21.408","0","1.28700961524481","0.46986860291358","22.70373786",
"8/13/2002","-51.875","-4.83955001831055","219","35.846","19.752","0","1.47165696768294","0.450840497539731","25.89485238",
"8/14/2002","-51.875","-4.83955001831055","219","36.129","18.376","0","1.72173823694657","0.490978506936503","25.02815094",
"8/15/2002","-51.875","-4.83955001831055","219","36.859","22.809","0","2.02824401288529","0.406169425587646","21.97148094",
"8/16/2002","-51.875","-4.83955001831055","219","36.801","20.843","0","1.66493432458932","0.403150843679935","25.99621794",
"8/17/2002","-51.875","-4.83955001831055","219","33.858","17.693","0","1.47489961136138","0.545181271627185","21.72206358",
"8/18/2002","-51.875","-4.83955001831055","219","33.475","23.778","0","1.40487602204538","0.539913580378124","17.9732808",
"8/19/2002","-51.875","-4.83955001831055","219","34.357","20.323","0","1.37365836080476","0.578785389055209","18.54416502",
"8/20/2002","-51.875","-4.83955001831055","219","34.829","21.003","0","1.57023717778053","0.514850109576877","22.05337554",
"8/21/2002","-51.875","-4.83955001831055","219","36.588","23.993","0","1.74460964360004","0.420850797617645","26.15855112",
"8/22/2002","-51.875","-4.83955001831055","219","37.502","20.651","0","1.67800767346381","0.36691899894968","26.72128062",
"8/23/2002","-51.875","-4.83955001831055","219","36.267","18.435","0","1.64037262064148","0.411139568782189","26.77214178",
"8/24/2002","-51.875","-4.83955001831055","219","36.673","22.806","0","1.48440502604536","0.350529282355535","25.2347589",
"8/25/2002","-51.875","-4.83955001831055","219","38.118","24.048","0","1.22039602690246","0.328799610639778","19.060372872",
"8/26/2002","-51.875","-4.83955001831055","219","37.443","21.163","0","1.69209983810963","0.29712416429922","27.46197432",
"8/27/2002","-51.875","-4.83955001831055","219","36.843","18.797","0","1.62629997994891","0.442415195148888","23.89393206",
"8/28/2002","-51.875","-4.83955001831055","219","36.886","22.53","0.260925264","1.36856906639117","0.477325787485836","17.938623582",
"8/29/2002","-51.875","-4.83955001831055","219","37.788","19.112","0","1.40890288195821","0.487719709168934","23.43656538",
"8/30/2002","-51.875","-4.83955001831055","219","37.947","23.417","0","2.00741999480911","0.442217516213535","21.100000608",
"8/31/2002","-51.875","-4.83955001831055","219","38.959","24.776","0.017166132","1.89792972436363","0.404710953024273","20.678515992",
"9/1/2002","-51.875","-4.83955001831055","219","39.558","24.953","0.120163032","1.37608036158527","0.454942814612184","25.49333961",
"9/2/2002","-51.875","-4.83955001831055","219","39.975","25.858","0","1.70363123944004","0.380241891960518","22.88941146",
"9/3/2002","-51.875","-4.83955001831055","219","36.616","24.088","0.1184462136","1.29369459369258","0.508641809717338","18.477726408",
"9/4/2002","-51.875","-4.83955001831055","219","35.388","22.495","1.881410436","1.65576635815214","0.568661614393393","18.843239808",
"9/5/2002","-51.875","-4.83955001831055","219","34.194","22.297","11.22493392","1.59744268864667","0.709739900037855","20.21810418",
"9/6/2002","-51.875","-4.83955001831055","219","36.134","20.649","0.42915348","2.23258874876591","0.571337417970017","26.28477846",
"9/7/2002","-51.875","-4.83955001831055","219","36.93","21.964","0","1.80753296805446","0.397817280856054","27.561543048",
"9/8/2002","-51.875","-4.83955001831055","219","38.544","21.213","0","1.55473721497013","0.348835886587451","26.625376872",
"9/9/2002","-51.875","-4.83955001831055","219","36.816","22.618","0.10299672","1.50220867876133","0.412188788763061","18.76691934",
"9/10/2002","-51.875","-4.83955001831055","219","35.023","22.682","0.068664564","1.56665348189001","0.565319642329555","17.18797284",
"9/11/2002","-51.875","-4.83955001831055","219","33.566","18.49","0.35533908","1.65227234366544","0.600804655171349","20.85834204",
"9/12/2002","-51.875","-4.83955001831055","219","35.094","21.227","0","1.37671639898094","0.552963507037971","18.11407464",
"9/13/2002","-51.875","-4.83955001831055","219","37.986","20.641","0","1.58169548624379","0.477813369241879","23.39595738",
"9/14/2002","-51.875","-4.83955001831055","219","38.681","22.486","0","1.38117089992922","0.493544538464624","19.023524352",
"9/15/2002","-51.875","-4.83955001831055","219","37.04","24.371","0.0240325776","1.8576398657614","0.470772086757135","20.884168368",
"9/16/2002","-51.875","-4.83955001831055","219","38.778","24.113","0.02059938","2.08742490511352","0.44874455673999","25.082380728",
"9/17/2002","-51.875","-4.83955001831055","219","37.61","23.683","0","2.44562609050607","0.364808855919769","28.383912072",
"9/18/2002","-51.875","-4.83955001831055","219","37.048","23.687","0","2.25985413393313","0.371467373456851","26.8452009",
"9/19/2002","-51.875","-4.83955001831055","219","37.146","21.651","0","1.87805893065655","0.39582762653754","20.91673818",
"9/20/2002","-51.875","-4.83955001831055","219","39.855","18.7","0","1.23792999555327","0.473173215462812","26.33878062",
"9/21/2002","-51.875","-4.83955001831055","219","38.721","19.143","0","1.79663904376667","0.383681784141362","20.221083072",
"9/22/2002","-51.875","-4.83955001831055","219","38.173","18.628","0","1.24162541246763","0.516604693848087","21.28427334",
"9/23/2002","-51.875","-4.83955001831055","219","37.732","19.021","0","1.34920053598705","0.541943606934507","19.790491248",
"9/24/2002","-51.875","-4.83955001831055","219","39.188","20.023","0.010299672","1.85490414227951","0.418429928964085","21.98198808",
"9/25/2002","-51.875","-4.83955001831055","219","38.294","22.43","0.55103328","1.67781243518666","0.490903016996427","19.350227448",
"9/26/2002","-51.875","-4.83955001831055","219","37.87","23.022","0","1.59719141778663","0.414854007286507","21.24961668",
"9/27/2002","-51.875","-4.83955001831055","219","34.032","22.666","0.0686645784","1.16560817079042","0.577397764533173","11.907224928",
"9/28/2002","-51.875","-4.83955001831055","219","37.464","24.138","0.4240035","1.59287499911013","0.521528816689154","18.681182352",
"9/29/2002","-51.875","-4.83955001831055","219","37.826","21.288","1.11580002","1.3401014497849","0.550438021373504","19.3543848",
"9/30/2002","-51.875","-4.83955001831055","219","36.39","20.765","0.650596896","1.40971054194113","0.654862055516001","17.09578206",
"10/1/2002","-51.875","-4.83955001831055","219","36.644","18.664","0.348472368","0.901248068293308","0.66845193126987","19.20127626",
"10/2/2002","-51.875","-4.83955001831055","219","38.344","21.46","0.0274658184","1.64175132107224","0.433445822994973","28.68018444",
"10/3/2002","-51.875","-4.83955001831055","219","37.373","24.5","0","1.74969496941516","0.456966476189993","20.031915672",
"10/4/2002","-51.875","-4.83955001831055","219","37.175","22.336","0.211143384","1.64281708668485","0.481174456770546","24.31816398",
"10/5/2002","-51.875","-4.83955001831055","219","38.208","21.524","3.3233652","1.77733619353621","0.548129248964433","26.92215324",
"10/6/2002","-51.875","-4.83955001831055","219","35.162","23.793","0.0171661392","2.05564217512815","0.517644032759087","18.83992122",
"10/7/2002","-51.875","-4.83955001831055","219","32.675","22.686","0","1.92692091062329","0.555193769802122","17.73483642",
"10/8/2002","-51.875","-4.83955001831055","219","37.143","18.164","0.030899052","1.58310134525484","0.511135604968359","20.80496322",
"10/9/2002","-51.875","-4.83955001831055","219","36.936","22.04","0","1.90530920661973","0.468913930256917","28.61173206",
"10/10/2002","-51.875","-4.83955001831055","219","36.674","22.574","0.037765512","1.8233227927758","0.52986994676691","9.39116124",
"10/11/2002","-51.875","-4.83955001831055","219","37.949","20.99","0","2.18196483319795","0.450491421758432","26.36335512",
"10/12/2002","-51.875","-4.83955001831055","219","36.828","22.197","0.039482136","1.63649723715926","0.496614781246181","19.41755454",
"10/13/2002","-51.875","-4.83955001831055","219","36.162","22.18","3.99799602","1.47085831849687","0.670466445552666","17.9898705",
"10/14/2002","-51.875","-4.83955001831055","219","33.875","22.307","1.4659893","1.42788608893641","0.691046922803058","16.155728928",
"10/15/2002","-51.875","-4.83955001831055","219","37.294","22.688","0.1716615","1.93151099208654","0.499914281865467","22.76150544",
"10/16/2002","-51.875","-4.83955001831055","219","36.118","23.297","0","2.23561542694604","0.515033997933236","23.11654932",
"10/17/2002","-51.875","-4.83955001831055","219","38.73","22.376","0.930403692","1.81941119753582","0.485146655766581","21.555621",
"10/18/2002","-51.875","-4.83955001831055","219","37.045","21.146","1.4196402","1.5577244749779","0.63161504373913","19.93319604",
"10/19/2002","-51.875","-4.83955001831055","219","34.48","22.529","0.916672176","1.52246564363873","0.673798927815509","18.3975165",
"10/20/2002","-51.875","-4.83955001831055","219","31.628","21.949","4.22802198","1.61692591455398","0.77571010898513","18.66329262",
"10/21/2002","-51.875","-4.83955001831055","219","36.342","20.08","0","1.44576297240287","0.635249053775372","20.40755112",
"10/22/2002","-51.875","-4.83955001831055","219","36.951","21.072","0.027465804","1.44331615140705","0.511908399234725","19.94428332",
"10/23/2002","-51.875","-4.83955001831055","219","36.193","21.575","0.1270293912","1.67887251646322","0.546461727775055","21.47568768",
"10/24/2002","-51.875","-4.83955001831055","219","35.336","23.307","0.0240325776","1.99323176408448","0.548607344343959","20.385054",
"10/25/2002","-51.875","-4.83955001831055","219","37.279","23.157","0.0034332264","1.75977288232339","0.492042569741479","21.45172788",
"10/26/2002","-51.875","-4.83955001831055","219","36.137","22.919","0","1.94659965524639","0.519200833257827","21.73887792",
"10/27/2002","-51.875","-4.83955001831055","219","36.329","22.994","0","2.15346221734353","0.515146130098187","24.10835292",
"10/28/2002","-51.875","-4.83955001831055","219","38.377","24.607","0","2.18464555901668","0.44472478146156","28.18839492",
"10/29/2002","-51.875","-4.83955001831055","219","37.619","25.962","0","1.92622550041366","0.432159550270749","19.33216884",
"10/30/2002","-51.875","-4.83955001831055","219","35.561","23.641","0","1.87280695813502","0.482294079092114","19.78723728",
"10/31/2002","-51.875","-4.83955001831055","219","38.036","22.942","0.806807592","2.12189490179934","0.490253879962188","24.34758156",
"11/1/2002","-51.875","-4.83955001831055","219","38.813","22.056","1.1707304184","1.21357007855594","0.598605464435655","21.60191808",
"11/2/2002","-51.875","-4.83955001831055","219","35.517","23.078","0.6111144","1.31647224669355","0.565942521766918","19.46728602",
"11/3/2002","-51.875","-4.83955001831055","219","36.263","24.699","0.0102996792","1.57009116758952","0.512646646613344","19.5384366",
"11/4/2002","-51.875","-4.83955001831055","219","35.879","22.131","0.54245016","1.7041611955093","0.638326632522777","18.77653116",
"11/5/2002","-51.875","-4.83955001831055","219","34.116","22.816","5.89141656","1.5441205730051","0.661479636911662","26.65715868",
"11/6/2002","-51.875","-4.83955001831055","219","37.399","23.422","2.68821594","0.984464131637641","0.679480571717215","12.3608799",
"11/7/2002","-51.875","-4.83955001831055","219","35.74","22.904","12.46948236","1.50103525243949","0.632519007375622","22.49262828",
"11/8/2002","-51.875","-4.83955001831055","219","34.658","23.799","3.1585694904","1.60824919564248","0.564400771525642","13.92266016",
"11/9/2002","-51.875","-4.83955001831055","219","25.773","22.411","55.6800702264","1.12054337952053","0.934052722466581","5.77591884",
"11/10/2002","-51.875","-4.83955001831055","219","33.42","22.06","2.10285144","1.27595721348734","0.800297697556927","15.8441067",
"11/11/2002","-51.875","-4.83955001831055","219","33.764","22.882","0.678062124","1.51246256809551","0.690859209311139","19.88640288",
"11/12/2002","-51.875","-4.83955001831055","219","35.985","21.315","0","1.7887341931142","0.582078132678596","24.8540112",
"11/13/2002","-51.875","-4.83955001831055","219","36.964","21.388","0","2.07160165235246","0.544869810759284","26.005896",
"11/14/2002","-51.875","-4.83955001831055","219","35.793","22.776","0.01373292","2.50192658023234","0.580676642235985","25.7843268",
"11/15/2002","-51.875","-4.83955001831055","219","37.448","21.728","0","1.74132410276555","0.513657915078959","27.0948924",
"11/16/2002","-51.875","-4.83955001831055","219","39.986","25.114","0","2.11712422030174","0.389712537067752","28.71455256",
"11/17/2002","-51.875","-4.83955001831055","219","38.653","23.519","0.29182446","1.3293910019578","0.537124375445309","19.47931776",
"11/18/2002","-51.875","-4.83955001831055","219","35.673","23.298","0.4222873584","1.9118180696957","0.598647155771118","23.10485472",
"11/19/2002","-51.875","-4.83955001831055","219","36.333","24.508","0.0343322856","1.85503442401515","0.508752584799791","21.51461808",
"11/20/2002","-51.875","-4.83955001831055","219","38.07","21.886","0","1.88441195184263","0.478585202213114","23.15126664",
"11/21/2002","-51.875","-4.83955001831055","219","36.424","24.511","0","1.9208193601207","0.474947002847185","19.70792658",
"11/22/2002","-51.875","-4.83955001831055","219","36.222","24.359","0","1.97609513601404","0.508640728397447","22.8960585",
"11/23/2002","-51.875","-4.83955001831055","219","37.843","23.793","0","2.29185858132973","0.481265836791539","26.60636556",
"11/24/2002","-51.875","-4.83955001831055","219","37.293","25.499","0","2.07672431603307","0.434565607645145","18.870696",
"11/25/2002","-51.875","-4.83955001831055","219","34.395","24.622","0","2.00067430333155","0.579652478213236","11.09654856",
"11/26/2002","-51.875","-4.83955001831055","219","35.493","21.815","1.72004652","1.65207508492353","0.582991852973288","17.0751312",
"11/27/2002","-51.875","-4.83955001831055","219","36.909","25.622","0.010299672","2.04001213047473","0.481613437983374","21.96754344",
"11/28/2002","-51.875","-4.83955001831055","219","38.298","21.226","0.319290156","1.65945750244844","0.516817032515864","22.25368152",
"11/29/2002","-51.875","-4.83955001831055","219","35.532","21.959","2.197264752","1.49377328460725","0.645018916057139","18.87548022",
"11/30/2002","-51.875","-4.83955001831055","219","36.119","22.214","2.640149892","1.29072311114583","0.69976122362314","13.05596754",
"12/1/2002","-51.875","-4.83955001831055","219","26.272","22.387","0.2506257792","1.21452246317047","0.805209391180445","2.88348768",
"12/2/2002","-51.875","-4.83955001831055","219","34.407","20.817","0","1.32295861506418","0.613566845828725","14.74784874",
"12/3/2002","-51.875","-4.83955001831055","219","32.356","21.43","2.2865316624","1.73128526505881","0.70133564639577","25.0738857",
"12/4/2002","-51.875","-4.83955001831055","219","36.603","21.356","0","1.52836314836735","0.566001461067339","19.7479152",
"12/5/2002","-51.875","-4.83955001831055","219","37.78","24.79","0","1.93983378875566","0.453185478132091","20.93799618",
"12/6/2002","-51.875","-4.83955001831055","219","40.632","22.163","0","1.1564834510415","0.485410860383736","22.2969312",
"12/7/2002","-51.875","-4.83955001831055","219","34.772","23.196","3.51906084","1.79489967117441","0.666334962632536","13.42226502",
"12/8/2002","-51.875","-4.83955001831055","219","33.518","21.949","2.14920036","1.59405916013289","0.680575508780225","22.61835288",
"12/9/2002","-51.875","-4.83955001831055","219","30.121","22.251","9.13581612","1.41650063673702","0.824996899687921","24.5031723",
"12/10/2002","-51.875","-4.83955001831055","219","28.039","22.713","12.09182616","1.53117387438395","0.911881938440773","19.75617918",
"12/11/2002","-51.875","-4.83955001831055","219","33.579","22.478","14.2890938928","1.32344909908337","0.843273654414925","13.274548272",
"12/12/2002","-51.875","-4.83955001831055","219","31.658","22.588","14.75945604","0.963500905732419","0.910444185571599","21.54492792",
"12/13/2002","-51.875","-4.83955001831055","219","35.282","22.921","6.4458816768","1.27801887366813","0.785826084103612","20.35237896",
"12/14/2002","-51.875","-4.83955001831055","219","34.133","23.319","1.4762879064","1.64571131276715","0.750219973435836","21.4750062",
"12/15/2002","-51.875","-4.83955001831055","219","32.017","21.953","9.3177788184","1.11302067883501","0.838313256262217","25.173056448",
"12/16/2002","-51.875","-4.83955001831055","219","34.538","23.992","1.4591215296","1.03149951014315","0.761377351934089","15.146778528",
"12/17/2002","-51.875","-4.83955001831055","219","31.864","22.836","18.2270062512","1.40768732041377","0.795909045620499","14.880654",
"12/18/2002","-51.875","-4.83955001831055","219","27.676","22.92","11.954502144","1.00958289207124","0.940830713573542","16.96297428",
"12/19/2002","-51.875","-4.83955001831055","219","32.835","22.737","13.956072264","1.10758737994097","0.840700105277123","19.2277629",
"12/20/2002","-51.875","-4.83955001831055","219","28.722","22.847","23.586273504","1.65416407715953","0.904940131879428","10.99175832",
"12/21/2002","-51.875","-4.83955001831055","219","29.924","22.657","2.0187377928","1.26226540770145","0.844375003745683","17.69135292",
"12/22/2002","-51.875","-4.83955001831055","219","29.337","22.359","9.4242100104","1.54916116323055","0.885278177164473","23.38671996",
"12/23/2002","-51.875","-4.83955001831055","219","33.027","22.525","0.77590998","1.47883534284405","0.769468030672225","17.24568336",
"12/24/2002","-51.875","-4.83955001831055","219","35.632","21.43","4.310416368","1.3916237145823","0.691453801332084","18.66661254",
"12/25/2002","-51.875","-4.83955001831055","219","32.454","22.804","17.461391292","1.57524274727373","0.902095891120309","16.2456822",
"12/26/2002","-51.875","-4.83955001831055","219","28.666","22.424","12.565613304","1.13758572048546","0.93413894230211","18.4246281",
"12/27/2002","-51.875","-4.83955001831055","219","31.642","21.165","11.2335185592","1.40296570194521","0.872721130744691","24.3005643",
"12/28/2002","-51.875","-4.83955001831055","219","30.834","21.486","5.3798670792","1.58718528780229","0.850623659431283","17.33613948",
"12/29/2002","-51.875","-4.83955001831055","219","28.474","22.138","12.905503704","1.13570856648409","0.910807673842873","15.90856542",
"12/30/2002","-51.875","-4.83955001831055","219","28.29","22.404","12.2274378864","0.811481962444108","0.936781798722294","21.25136502",
"12/31/2002","-51.875","-4.83955001831055","219","33.663","22.039","4.5421596","0.831837133804513","0.826314053979463","19.47453606",
"1/1/2003","-51.875","-4.83955001831055","219","30.997","21.975","7.59429864","0.820312203793302","0.886157408521418","10.580394222",
"1/2/2003","-51.875","-4.83955001831055","219","26.06","22.064","17.73947664","1.09939371517265","0.969375724724497","14.537137212",
"1/3/2003","-51.875","-4.83955001831055","219","33.72","22.599","4.3327329768","1.37018031614593","0.741602054949925","21.48839478",
"1/4/2003","-51.875","-4.83955001831055","219","34.92","22.026","0","1.69690791549373","0.639053572668618","18.50714244",
"1/5/2003","-51.875","-4.83955001831055","219","33.069","21.928","3.26843244","1.3069183106307","0.672544970637715","27.742047408",
"1/6/2003","-51.875","-4.83955001831055","219","35.249","21.38","3.508760664","1.12317590811552","0.724815838924171","18.393640272",
"1/7/2003","-51.875","-4.83955001831055","219","31.403","22.757","6.3686361744","1.57313962832319","0.833789883430507","27.27815292",
"1/8/2003","-51.875","-4.83955001831055","219","34.228","22.814","3.8829812328","1.42535795038507","0.814393566613887","22.40832042",
"1/9/2003","-51.875","-4.83955001831055","219","35.196","22.251","4.7086734744","1.13716959268563","0.749160855396169","22.51777788",
"1/10/2003","-51.875","-4.83955001831055","219","28.875","22.309","6.2124264504","1.0905425876596","0.909966342605619","21.27847446",
"1/11/2003","-51.875","-4.83955001831055","219","24.56","21.196","101.949696432","0.83222180140784","0.974400630068394","3.232235988",
"1/12/2003","-51.875","-4.83955001831055","219","31.486","20.955","3.9224625192","1.05315523100933","0.821492219659161","23.61966012",
"1/13/2003","-51.875","-4.83955001831055","219","35.458","22.279","1.91917476","1.41424135880871","0.701604267375422","23.48122446",
"1/14/2003","-51.875","-4.83955001831055","219","27.97","22.848","13.703733792","1.59359880700968","0.935683156598662","27.186186168",
"1/15/2003","-51.875","-4.83955001831055","219","31.844","21.967","7.786563732","1.51405200029924","0.88940734247321","20.36019456",
"1/16/2003","-51.875","-4.83955001831055","219","30.631","21.534","2.9491454304","1.43892799165427","0.818753291279557","22.90742298",
"1/17/2003","-51.875","-4.83955001831055","219","29.006","22.073","12.3767869104","1.36020148557315","0.918314894863456","20.12816286",
"1/18/2003","-51.875","-4.83955001831055","219","29.958","22.127","9.28687896","1.59159803931069","0.893960680100621","17.72533296",
"1/19/2003","-51.875","-4.83955001831055","219","30.648","21.314","5.5480934664","1.74023465979213","0.827785625278335","24.9038955",
"1/20/2003","-51.875","-4.83955001831055","219","28.532","21.706","10.960571124","1.31354014503154","0.94179152950292","25.431861168",
"1/21/2003","-51.875","-4.83955001831055","219","30.323","21.711","5.2528387248","1.35246275106068","0.882188826839864","15.058470762",
"1/22/2003","-51.875","-4.83955001831055","219","23.735","20.183","13.5200530584","0.773434281705628","0.97574960396681","8.36369064",
"1/23/2003","-51.875","-4.83955001831055","219","26.276","18.68","15.473559096","0.747631735579294","0.966164053368465","16.79709141",
"1/24/2003","-51.875","-4.83955001831055","219","25.079","21.885","12.35275956","0.937044824219724","0.971309822755484","9.03100104",
"1/25/2003","-51.875","-4.83955001831055","219","29.906","22.377","21.8456334","0.990957270013706","0.933183274748416","19.21246938",
"1/26/2003","-51.875","-4.83955001831055","219","27.049","22.694","12.354472548","0.787251251665898","0.964138086933001","16.75400382",
"1/27/2003","-51.875","-4.83955001831055","219","25.631","22.618","11.9167337304","0.949418392906516","0.972750372775909","11.206019232",
"1/28/2003","-51.875","-4.83955001831055","219","25.407","21.836","15.418623564","0.927085737191355","0.974533951688097","11.04885585",
"1/29/2003","-51.875","-4.83955001831055","219","27.054","21.896","38.5740324","1.18463612664525","0.943943834844454","15.929098722",
"1/30/2003","-51.875","-4.83955001831055","219","28.764","22.61","28.88202564","1.11219670816977","0.925795493200254","21.39935607",
"1/31/2003","-51.875","-4.83955001831055","219","26.717","22.224","22.02759324","1.03402592592431","0.965407362661903","16.219128888",
"2/1/2003","-51.875","-4.83955001831055","219","30.024","21.911","10.3923780912","1.09782341065537","0.890988646067549","14.907825792",
"2/2/2003","-51.875","-4.83955001831055","219","26.852","22.21","23.80257972","1.32134406071165","0.94264555370935","12.569230368",
"2/3/2003","-51.875","-4.83955001831055","219","25.847","22.941","18.94454568","0.874885283354804","0.9759239588824","9.137590218",
"2/4/2003","-51.875","-4.83955001831055","219","28.876","22.647","17.82875484","1.21764890154882","0.937189046793279","19.32075423",
"2/5/2003","-51.875","-4.83955001831055","219","31.401","22.666","3.56197518","1.05943284161057","0.899685343519151","14.796616572",
"2/6/2003","-51.875","-4.83955001831055","219","26.437","22.018","8.0303194224","1.07361254604751","0.964352830098289","14.887915218",
"2/7/2003","-51.875","-4.83955001831055","219","30.444","22.531","2.99549142","1.40111286230082","0.852099983514672","28.10829384",
"2/8/2003","-51.875","-4.83955001831055","219","33.507","22.573","1.141547436","1.10446967632089","0.800086143180523","19.11363588",
"2/9/2003","-51.875","-4.83955001831055","219","33.033","22.721","0.854873964","1.37173676802618","0.815769065112201","14.829250482",
"2/10/2003","-51.875","-4.83955001831055","219","24.929","21.764","4.1404748184","1.04548603930014","0.956647460101947","7.739160282",
"2/11/2003","-51.875","-4.83955001831055","219","32.315","20.904","6.629560452","1.21728476238869","0.84399393019669","25.31975967",
"2/12/2003","-51.875","-4.83955001831055","219","25.243","22.505","17.578128744","1.24864775281773","0.974127468706981","13.28225526",
"2/13/2003","-51.875","-4.83955001831055","219","27.355","21.81","11.636928612","0.700983605847924","0.95859440908208","16.81131852",
"2/14/2003","-51.875","-4.83955001831055","219","26.198","22.469","19.93331448","1.12178461216929","0.970923856169057","13.20255135",
"2/15/2003","-51.875","-4.83955001831055","219","26.083","22.168","12.210276636","0.897044678554657","0.967048539008196","19.82683071",
"2/16/2003","-51.875","-4.83955001831055","219","25.561","22.358","4.2366069","0.72180827036929","0.963100229534659","11.29483674",
"2/17/2003","-51.875","-4.83955001831055","219","28.542","21.167","14.496803136","0.898121194991365","0.93119197869379","21.675655512",
"2/18/2003","-51.875","-4.83955001831055","219","25.396","21.3","21.574400508","0.848000719362042","0.977692930336985","8.082174456",
"2/19/2003","-51.875","-4.83955001831055","219","24.174","21.242","64.9669734","0.44562038452603","0.982064669383835","2.3014683",
"2/20/2003","-51.875","-4.83955001831055","219","25.003","21.529","5.596165584","0.621709274495282","0.974675415909814","8.512710858",
"2/21/2003","-51.875","-4.83955001831055","219","25.186","21.78","16.623688176","0.675482495593431","0.967536557200087","6.44343759",
"2/22/2003","-51.875","-4.83955001831055","219","25.077","21.481","7.820889984","0.677239705000831","0.970960808156992","10.12224483",
"2/23/2003","-51.875","-4.83955001831055","219","27.565","21.985","15.425487972","0.84006120117498","0.945031002879026","8.728428888",
"2/24/2003","-51.875","-4.83955001831055","219","27.108","22.557","22.66960284","0.954418318123977","0.965231088423406","11.973152538",
"2/25/2003","-51.875","-4.83955001831055","219","27.904","22.248","26.741412792","0.693463032521132","0.95956540003648","20.16657405",
"2/26/2003","-51.875","-4.83955001831055","219","24.849","22.717","76.226229792","1.03837051967767","0.978859321113184","6.24178134",
"2/27/2003","-51.875","-4.83955001831055","219","29.584","22.369","10.799219628","1.10562394007418","0.932026993523668","20.03265126",
"2/28/2003","-51.875","-4.83955001831055","219","30.061","22.609","18.481070484","1.5559087203995","0.937438520375291","17.131388058",
"3/1/2003","-51.875","-4.83955001831055","219","28.688","22.884","30.18494232","1.23684490786886","0.951454171078759","12.66581268",
"3/2/2003","-51.875","-4.83955001831055","219","28.267","22.916","10.9056484584","0.999156948462275","0.947754199070594","21.741748128",
"3/3/2003","-51.875","-4.83955001831055","219","32.273","21.552","0.6111141264","1.17471318211741","0.827269324134763","19.978869492",
"3/4/2003","-51.875","-4.83955001831055","219","30.239","21.801","5.584142628","1.40913514155617","0.899135096490656","23.80415598",
"3/5/2003","-51.875","-4.83955001831055","219","25.95","22.691","15.428927772","0.735753935030107","0.973809969236618","10.89028503",
"3/6/2003","-51.875","-4.83955001831055","219","26.916","22.079","18.333434772","0.895341175785983","0.962424024070866","15.94951461",
"3/7/2003","-51.875","-4.83955001831055","219","25.747","21.908","79.98048306","0.885122940098159","0.966975063605261","10.850680818",
"3/8/2003","-51.875","-4.83955001831055","219","25.103","21.118","7.922168064","0.931557158180619","0.971722398275552","6.19587783",
"3/9/2003","-51.875","-4.83955001831055","219","26.056","21.346","8.44230744","0.634622273908861","0.96440737631828","16.4531259",
"3/10/2003","-51.875","-4.83955001831055","219","30.753","21.362","1.690864416","1.29141853526201","0.875553180075668","18.33102954",
"3/11/2003","-51.875","-4.83955001831055","219","30.689","21.764","6.0012820728","1.31270892425016","0.915330406759417","18.507267",
"3/12/2003","-51.875","-4.83955001831055","219","25.529","22.644","10.128021084","0.989781102779307","0.965694743698488","6.680085822",
"3/13/2003","-51.875","-4.83955001831055","219","27.619","22.082","3.93791364","1.0691890707036","0.942405796841572","12.29478588",
"3/14/2003","-51.875","-4.83955001831055","219","25.448","21.487","8.995061268","0.647618177947473","0.976711037689947","5.8699656",
"3/15/2003","-51.875","-4.83955001831055","219","24.328","22.035","63.2812518","0.796623292849264","0.97870691048212","7.418310768",
"3/16/2003","-51.875","-4.83955001831055","219","25.387","22.172","4.480362288","0.851786577529105","0.966646120104613","8.36504865",
"3/17/2003","-51.875","-4.83955001831055","219","23.115","20.152","19.263837456","0.498202074908626","0.980841165874962","2.644086744",
"3/18/2003","-51.875","-4.83955001831055","219","29.206","19.986","3.1997689488","0.881848243182484","0.907060075865763","15.11033067",
"3/19/2003","-51.875","-4.83955001831055","219","28.15","20.766","10.9691595432","1.1795327973533","0.935946088530668","24.180074928",
"3/20/2003","-51.875","-4.83955001831055","219","30.386","22.524","8.3375973","1.18529565760273","0.919779247956682","25.8847866",
"3/21/2003","-51.875","-4.83955001831055","219","28.527","22.093","15.3465308352","1.26796175019661","0.946777319857876","19.21105944",
"3/22/2003","-51.875","-4.83955001831055","219","24.81","22.352","23.321913624","0.891116670932592","0.977310992838085","4.578246504",
"3/23/2003","-51.875","-4.83955001831055","219","31.985","22.14","14.6461487184","1.12676913652925","0.883395136307367","19.99063359",
"3/24/2003","-51.875","-4.83955001831055","219","25.818","22.457","35.26953984","0.999699776487631","0.975168542039354","10.44146349",
"3/25/2003","-51.875","-4.83955001831055","219","24.407","20.248","85.089024324","0.792058076739491","0.9770247505167","5.196430782",
"3/26/2003","-51.875","-4.83955001831055","219","25.999","20.272","11.48414472","0.616749811267812","0.968238204214782","9.583764282",
"3/27/2003","-51.875","-4.83955001831055","219","26.005","20.439","29.51545752","0.726029798029887","0.975715556268667","9.811232586",
"3/28/2003","-51.875","-4.83955001831055","219","26.874","22.078","20.5942158","0.914926675528312","0.964790056528823","16.615740528",
"3/29/2003","-51.875","-4.83955001831055","219","27.069","22.072","95.5741716","0.909366236673274","0.961178389664858","14.768044848",
"3/30/2003","-51.875","-4.83955001831055","219","32.25","22.669","3.82118472","1.25402987996951","0.875746055109872","22.36174155",
"3/31/2003","-51.875","-4.83955001831055","219","30.101","22.691","6.9196734","0.81205349522834","0.929996577524469","12.865221432",
"4/1/2003","-51.875","-4.83955001831055","219","26.543","22.569","6.059646504","0.765487178963651","0.960953353923781","13.10832288",
"4/2/2003","-51.875","-4.83955001831055","219","26.071","21.639","28.12157028","1.276373252401","0.964596660823388","11.84213628",
"4/3/2003","-51.875","-4.83955001831055","219","29.826","22.886","15.403178664","1.11963340781257","0.915529850180371","18.9338517",
"4/4/2003","-51.875","-4.83955001831055","219","27.682","23.079","35.50987656","0.939302803003909","0.967810725898182","15.9836643",
"4/5/2003","-51.875","-4.83955001831055","219","31.095","23.092","19.04411952","1.05397552645428","0.923976469863914","21.3078996",
"4/6/2003","-51.875","-4.83955001831055","219","25.859","22.196","27.3267684","1.09811845263124","0.973391707909169","12.21384546",
"4/7/2003","-51.875","-4.83955001831055","219","30.175","22.144","2.95600842","1.32627311078901","0.812572942006161","23.8460634",
"4/8/2003","-51.875","-4.83955001831055","219","31.75","21.03","3.1517017848","0.82707946023142","0.858548025521966","15.9475986",
"4/9/2003","-51.875","-4.83955001831055","219","30.348","21.299","7.841493936","1.27475188740745","0.919680863872137","17.85228678",
"4/10/2003","-51.875","-4.83955001831055","219","29.877","22.455","2.1183034824","1.10072899397509","0.888344740698259","15.3557973",
"4/11/2003","-51.875","-4.83955001831055","219","30.816","22.166","15.46325568","0.778072886501798","0.923050100045318","19.96031898",
"4/12/2003","-51.875","-4.83955001831055","219","27.101","22.488","29.39186304","0.94609692182588","0.965073028242414","20.18531466",
"4/13/2003","-51.875","-4.83955001831055","219","29.442","23.107","24.7570056","1.40317545455095","0.930453362065446","18.75756474",
"4/14/2003","-51.875","-4.83955001831055","219","27.295","21.696","8.346175524","1.13033499794485","0.938704270812208","17.31752208",
"4/15/2003","-51.875","-4.83955001831055","219","31.407","22.92","10.237879908","0.910644772790199","0.891428316413953","14.90427504",
"4/16/2003","-51.875","-4.83955001831055","219","31.687","21.513","8.569331892","1.09501344250089","0.861078296866952","21.0661875",
"4/17/2003","-51.875","-4.83955001831055","219","29.54","21.469","6.5609032464","0.861016223944849","0.892775825606863","23.08865994",
"4/18/2003","-51.875","-4.83955001831055","219","31.407","22.491","3.889844064","1.11531720615373","0.852608756944473","15.97966686",
"4/19/2003","-51.875","-4.83955001831055","219","31.749","22.744","0.408554064","1.34232744449727","0.809196455086447","15.44028858",
"4/20/2003","-51.875","-4.83955001831055","219","32.782","20.791","0","1.47352880236659","0.748164780884412","25.8933879",
"4/21/2003","-51.875","-4.83955001831055","219","30.478","21.736","2.1835331064","1.34038378739381","0.845202347051185","20.1814299",
"4/22/2003","-51.875","-4.83955001831055","219","31.109","21.97","3.5671238352","1.20113207504438","0.86046500465077","22.72241142",
"4/23/2003","-51.875","-4.83955001831055","219","30.488","21.64","2.61955188","1.27919298873134","0.852712090871511","23.36743098",
"4/24/2003","-51.875","-4.83955001831055","219","33.732","18.47","0","1.10138819757293","0.738293992508363","20.39192172",
"4/25/2003","-51.875","-4.83955001831055","219","32.734","22.001","0.0137329128","1.26549429683045","0.756081410131265","22.70599182",
"4/26/2003","-51.875","-4.83955001831055","219","30.847","20.022","0.099563652","1.57405806318234","0.770164384039697","14.52780234",
"4/27/2003","-51.875","-4.83955001831055","219","30.705","22.441","9.8087327928","1.08396652929492","0.884595071677159","18.50000094",
"4/28/2003","-51.875","-4.83955001831055","219","26.95","22.803","82.3356576","0.704024181631306","0.961288286760748","9.629096868",
"4/29/2003","-51.875","-4.83955001831055","219","25.931","22.512","32.99331888","0.764239109647652","0.974980622910711","12.0948813",
"4/30/2003","-51.875","-4.83955001831055","219","30.734","22.571","4.947283872","1.13495241405894","0.890626357845233","16.6367826",
"5/1/2003","-51.875","-4.83955001831055","219","28.017","23.094","8.598515832","0.737172010002663","0.959875762555908","15.77980872",
"5/2/2003","-51.875","-4.83955001831055","219","31.996","22.412","5.4519688152","0.895669576748756","0.865894627821186","14.75060022",
"5/3/2003","-51.875","-4.83955001831055","219","27.183","20.32","12.38966316","0.656818684784564","0.955121459802678","19.16803548",
"5/4/2003","-51.875","-4.83955001831055","219","30.995","21.553","3.8967122664","1.32925744818152","0.871969825194642","24.1966656",
"5/5/2003","-51.875","-4.83955001831055","219","30.886","22.589","5.257987668","1.08512522772035","0.912129700461327","12.6968085",
"5/6/2003","-51.875","-4.83955001831055","219","28.473","22.325","7.965092664","1.13632225231586","0.951377115694688","17.60416524",
"5/7/2003","-51.875","-4.83955001831055","219","31.321","21.577","0.375938604","1.22615766648031","0.803837250482864","19.0927116",
"5/8/2003","-51.875","-4.83955001831055","219","34.221","19.438","2.494238832","0.986165461445456","0.730336040094159","21.21654042",
"5/9/2003","-51.875","-4.83955001831055","219","31.495","20.238","6.7359937464","1.06804212643364","0.865134426010756","13.26700458",
"5/10/2003","-51.875","-4.83955001831055","219","28.775","18.776","9.9632245464","0.871164840519264","0.934252422557052","11.46622536",
"5/11/2003","-51.875","-4.83955001831055","219","32.645","20.566","3.4023288528","1.25018861466618","0.774997016544359","23.14085598",
"5/12/2003","-51.875","-4.83955001831055","219","31.355","18.935","0.7467269256","1.30629730323953","0.767239728110348","22.6262799",
"5/13/2003","-51.875","-4.83955001831055","219","32.857","18.049","0.259208856","1.06329041910771","0.722729502879346","20.44692846",
"5/14/2003","-51.875","-4.83955001831055","219","32.734","20.217","0.7029537192","1.20139360885026","0.720759015517074","23.08410576",
"5/15/2003","-51.875","-4.83955001831055","219","32.983","19.006","0","1.03090434144247","0.727024079572174","18.14708808",
"5/16/2003","-51.875","-4.83955001831055","219","32.778","20.14","0","1.59559697547368","0.6769687515087","20.77188624",
"5/17/2003","-51.875","-4.83955001831055","219","33.352","19.955","0","1.65644006160426","0.621137102314924","22.78771812",
"5/18/2003","-51.875","-4.83955001831055","219","33.557","21.321","0.0171661392","1.68728742399945","0.596942905825766","24.21483768",
"5/19/2003","-51.875","-4.83955001831055","219","34.048","20.634","0","1.2010291805607","0.633585525412439","24.29820108",
"5/20/2003","-51.875","-4.83955001831055","219","31.956","18.723","0","1.31376240921958","0.672486139989809","20.16477738",
"5/21/2003","-51.875","-4.83955001831055","219","33.217","21.768","0.52528374","1.1113735981363","0.758366566744184","16.058925288",
"5/22/2003","-51.875","-4.83955001831055","219","33.893","19.287","0.48923496","1.11019868470741","0.746910247368726","18.12931902",
"5/23/2003","-51.875","-4.83955001831055","219","34.063","20.908","0.35533908","0.923588323064693","0.776339305892781","16.31036376",
"5/24/2003","-51.875","-4.83955001831055","219","34.208","19.566","0.31070736","0.74835467601996","0.813028127883214","16.0621326",
"5/25/2003","-51.875","-4.83955001831055","219","34.702","20.13","1.5724183464","0.769538231110775","0.769351057835408","21.5597745",
"5/26/2003","-51.875","-4.83955001831055","219","33.574","20.09","3.41949708","0.948273690892011","0.837233987047068","18.27101286",
"5/27/2003","-51.875","-4.83955001831055","219","28.066","22.293","73.2118554","1.04836223031725","0.936234892335042","9.578757168",
"5/28/2003","-51.875","-4.83955001831055","219","30.118","20.191","2.80323018","0.755044002081195","0.88625869056797","14.42975706",
"5/29/2003","-51.875","-4.83955001831055","219","33.003","19.596","0.0429153264","1.03762498410569","0.752968383315163","19.0619442",
"5/30/2003","-51.875","-4.83955001831055","219","31.688","21.076","5.681991384","1.21465399983148","0.831033816004007","23.04466848",
"5/31/2003","-51.875","-4.83955001831055","219","31.594","20.785","8.2689267384","1.04928590878363","0.868832933199929","15.11713422",
"6/1/2003","-51.875","-4.83955001831055","219","29.173","20.816","11.731341312","0.94377669565718","0.91044425345445","17.1403857",
"6/2/2003","-51.875","-4.83955001831055","219","31.262","21.228","2.403261504","0.855652985774547","0.853120041988598","11.08676358",
"6/3/2003","-51.875","-4.83955001831055","219","30.927","20.034","0.490951548","0.641464717969461","0.865317039949727","8.772417",
"6/4/2003","-51.875","-4.83955001831055","219","33.102","19.938","0","1.38262549864393","0.667538232650216","21.3720183",
"6/5/2003","-51.875","-4.83955001831055","219","34.171","19.408","0.02059938","1.09043557315437","0.68947952596433","15.49619766",
"6/6/2003","-51.875","-4.83955001831055","219","34.213","20.724","1.64795022","1.22866873665892","0.734439363009064","18.11025162",
"6/7/2003","-51.875","-4.83955001831055","219","32.851","21.665","1.8608096664","1.04562158822908","0.836692091188069","14.07296556",
"6/8/2003","-51.875","-4.83955001831055","219","33.714","20.185","0.74672712","0.956921917254941","0.705372693490336","23.2036875",
"6/9/2003","-51.875","-4.83955001831055","219","33.87","21.368","0","1.14299947935283","0.586997783030528","23.41986066",
"6/10/2003","-51.875","-4.83955001831055","219","33.919","20.002","0","1.32808365901773","0.539365646375773","22.2848415",
"6/11/2003","-51.875","-4.83955001831055","219","33.75","17.525","0","1.01803356932518","0.600161054613664","18.18207936",
"6/12/2003","-51.875","-4.83955001831055","219","32.521","22.589","3.00407274","0.843736080522588","0.692593013934713","12.3224643",
"6/13/2003","-51.875","-4.83955001831055","219","31.31","18.852","4.43573352","0.924908427930723","0.817344635840248","16.17007374",
"6/14/2003","-51.875","-4.83955001831055","219","33.031","21.79","0.51841764","0.99131599226703","0.760751827216093","13.33394586",
"6/15/2003","-51.875","-4.83955001831055","219","33.717","21.114","0.23002596","1.13885934508162","0.672381207837404","23.33513898",
"6/16/2003","-51.875","-4.83955001831055","219","33.142","16.718","0","1.39322559648061","0.689799241210557","17.698392",
"6/17/2003","-51.875","-4.83955001831055","219","27.997","19.319","0.3948206904","1.14776260255644","0.846513424334173","9.89381898",
"6/18/2003","-51.875","-4.83955001831055","219","30.813","20.343","0.0446319648","1.22657605830842","0.761814736006985","16.55594928",
"6/19/2003","-51.875","-4.83955001831055","219","33.212","18.664","0","1.14475235116392","0.624114264653039","20.79275778",
"6/20/2003","-51.875","-4.83955001831055","219","33.497","22.153","0","1.06033314901894","0.582821831371442","16.70720886",
"6/21/2003","-51.875","-4.83955001831055","219","33.549","18.994","0.00686646","1.13013567547663","0.657095589065663","19.32215256",
"6/22/2003","-51.875","-4.83955001831055","219","28.056","21.521","3.443528304","1.02611049881402","0.863935112360248","12.16023966",
"6/23/2003","-51.875","-4.83955001831055","219","30.089","20.341","3.4709913144","0.974725018967109","0.907200043293953","14.10890688",
"6/24/2003","-51.875","-4.83955001831055","219","30.654","20.965","4.154200848","0.969024411236099","0.929565402349115","17.86185144",
"6/25/2003","-51.875","-4.83955001831055","219","32.385","19.575","0.092697156","1.03477742405169","0.739718718900142","18.96524478",
"6/26/2003","-51.875","-4.83955001831055","219","33.449","18.123","0","1.21216286603484","0.645996554736061","20.31907086",
"6/27/2003","-51.875","-4.83955001831055","219","33.846","23.006","0","1.23304295341653","0.543863561806595","22.89999492",
"6/28/2003","-51.875","-4.83955001831055","219","33.037","20.223","0","1.05681051367609","0.616846995077368","20.2565295",
"6/29/2003","-51.875","-4.83955001831055","219","34.251","19.532","0","1.1786356636882","0.592974386945765","22.562721",
"6/30/2003","-51.875","-4.83955001831055","219","33.209","17.836","0","1.16699745181911","0.564398303346862","23.74362972",
"7/1/2003","-51.875","-4.83955001831055","219","32.843","15.686","0","1.26718343006913","0.618615077185021","22.65862518",
"7/2/2003","-51.875","-4.83955001831055","219","32.58","18.674","0","1.36131398371587","0.595924415487541","18.47367792",
"7/3/2003","-51.875","-4.83955001831055","219","32.748","20.361","0.0995636016","1.14822481636441","0.730345590458436","16.04813004",
"7/4/2003","-51.875","-4.83955001831055","219","33.727","22.365","0","0.887885900440245","0.670818695855123","20.47398966",
"7/5/2003","-51.875","-4.83955001831055","219","33.625","23.178","1.75266288","1.02051049132984","0.671335923877656","21.20849838",
"7/6/2003","-51.875","-4.83955001831055","219","32.318","21.095","1.262569428","1.10167606305461","0.742391921222712","19.17927864",
"7/7/2003","-51.875","-4.83955001831055","219","33.502","18.256","0","1.30935030982808","0.578810386184269","23.89376376",
"7/8/2003","-51.875","-4.83955001831055","219","33.462","17.316","0","1.26185665514085","0.582000607106667","23.55788934",
"7/9/2003","-51.875","-4.83955001831055","219","33.971","18.593","0","1.08895061341245","0.624509379268395","19.4696424",
"7/10/2003","-51.875","-4.83955001831055","219","33.783","21.795","0","1.29819287159427","0.510122229533354","24.05873988",
"7/11/2003","-51.875","-4.83955001831055","219","33.423","20.144","0","1.53731656009393","0.488418668790603","24.26181066",
"7/12/2003","-51.875","-4.83955001831055","219","33.245","16.967","0","1.39582346053931","0.507408855004755","24.39753948",
"7/13/2003","-51.875","-4.83955001831055","219","33.338","17.019","0","1.72217362626707","0.494602605117087","23.22230742",
"7/14/2003","-51.875","-4.83955001831055","219","31.601","22.877","0","1.11435628803684","0.546692214480325","13.70491776",
"7/15/2003","-51.875","-4.83955001831055","219","33.243","17.616","0","1.53676827799602","0.556588262522822","23.94702882",
"7/16/2003","-51.875","-4.83955001831055","219","32.921","19.231","0","1.81862696231727","0.473892244356772","24.2454996",
"7/17/2003","-51.875","-4.83955001831055","219","32.88","20.258","0","1.52135914315132","0.509107502159892","20.79371304",
"7/18/2003","-51.875","-4.83955001831055","219","30.778","14.63","0","1.07125742603501","0.668955154136255","5.091747192",
"7/19/2003","-51.875","-4.83955001831055","219","33.994","16.452","0","1.30587111424966","0.557675611533831","24.4463652",
"7/20/2003","-51.875","-4.83955001831055","219","34.699","20.621","0","1.22947607522335","0.464793256657282","24.50092986",
"7/21/2003","-51.875","-4.83955001831055","219","33.656","14.933","0","1.15663928776131","0.578283130590264","16.79816916",
"7/22/2003","-51.875","-4.83955001831055","219","33.949","16.741","0","1.42956931489805","0.548088488420324","24.63558372",
"7/23/2003","-51.875","-4.83955001831055","219","34.564","19.492","0","1.3941057777557","0.449626295553837","24.7506786",
"7/24/2003","-51.875","-4.83955001831055","219","33.775","19.619","0","1.8184873264517","0.455169163443255","24.79832208",
"7/25/2003","-51.875","-4.83955001831055","219","34.899","20.825","0","1.5522697160281","0.417746655623688","24.76091466",
"7/26/2003","-51.875","-4.83955001831055","219","34.747","22.185","0","1.19842773980639","0.484243080413455","19.411529508",
"7/27/2003","-51.875","-4.83955001831055","219","35.361","20.375","0","0.969094143234824","0.545007274752782","23.289524208",
"7/28/2003","-51.875","-4.83955001831055","219","33.234","20.247","0","1.08995807678619","0.624329104008058","14.234623452",
"7/29/2003","-51.875","-4.83955001831055","219","34.618","20.332","0","1.64672723949597","0.465555292399993","19.79522082",
"7/30/2003","-51.875","-4.83955001831055","219","35.102","17.295","0","1.43238624275117","0.469060345500397","24.995592",
"7/31/2003","-51.875","-4.83955001831055","219","33.596","21.31","0","0.87923449210907","0.57325316674304","11.241951012",
"8/1/2003","-51.875","-4.83955001831055","219","33.301","16.896","0","0.956729621753083","0.667958269693836","20.2116951",
"8/2/2003","-51.875","-4.83955001831055","219","34.828","17.548","0","1.3896439527677","0.560146945793622","24.22316142",
"8/3/2003","-51.875","-4.83955001831055","219","34.162","21.149","0","1.00001694955726","0.561207684435635","14.06514006",
"8/4/2003","-51.875","-4.83955001831055","219","35.603","15.671","0","1.18298329351966","0.599110380861345","23.9857911",
"8/5/2003","-51.875","-4.83955001831055","219","35.274","19.197","0","1.3957495143856","0.585668995848256","25.22334564",
"8/6/2003","-51.875","-4.83955001831055","219","35.159","20.353","0","1.43647594210789","0.543069306448468","17.67144258",
"8/7/2003","-51.875","-4.83955001831055","219","35.862","18.789","0","1.5863093679339","0.428317761474069","25.50657168",
"8/8/2003","-51.875","-4.83955001831055","219","35.328","21.581","0","1.20912222373616","0.47664561225617","20.73065796",
"8/9/2003","-51.875","-4.83955001831055","219","36.547","22.812","0.09269712","1.13583338038327","0.529531773436605","19.23316866",
"8/10/2003","-51.875","-4.83955001831055","219","35.487","19.609","1.47285432","1.20961824827371","0.620438662298434","20.49114042",
"8/11/2003","-51.875","-4.83955001831055","219","34.652","21.613","0.98190288","1.27788148649271","0.6860251651373","17.62008552",
"8/12/2003","-51.875","-4.83955001831055","219","34.093","22.601","0.3227235048","1.45197297303795","0.673497501431285","15.03669024",
"8/13/2003","-51.875","-4.83955001831055","219","34.371","23.322","0","1.265252605598","0.590544403570836","16.77403152",
"8/14/2003","-51.875","-4.83955001831055","219","36.949","23.672","0","1.37518209532529","0.46871682914884","23.96869164",
"8/15/2003","-51.875","-4.83955001831055","219","35.474","22.01","0","1.27714941463433","0.540333720710073","23.90247522",
"8/16/2003","-51.875","-4.83955001831055","219","34.426","20.938","2.1629367864","0.976730129326593","0.678934413013068","20.60584074",
"8/17/2003","-51.875","-4.83955001831055","219","33.284","19.631","0.123596172","1.12361114950454","0.726929405932785","16.20495162",
"8/18/2003","-51.875","-4.83955001831055","219","32.567","21.622","5.623629624","1.19586076131987","0.840737584221976","17.82134892",
"8/19/2003","-51.875","-4.83955001831055","219","31.379","21.175","6.8733216","1.31667547691173","0.885465090239664","24.72519222",
"8/20/2003","-51.875","-4.83955001831055","219","30.613","17.879","0.39310488","1.13815539079008","0.849988488652711","14.34020922",
"8/21/2003","-51.875","-4.83955001831055","219","33.75","16.87","0","1.37298246726938","0.59688576922729","21.06027558",
"8/22/2003","-51.875","-4.83955001831055","219","35.724","20.117","0","1.53362114782708","0.458642060357694","20.49052932",
"8/23/2003","-51.875","-4.83955001831055","219","35.945","21.456","0","1.53545161986572","0.504500074972","9.9447219",
"8/24/2003","-51.875","-4.83955001831055","219","36.871","21.239","0","1.57050219186921","0.463701852956347","24.278681088",
"8/25/2003","-51.875","-4.83955001831055","219","34.833","19.276","0.78620904","0.715942558197093","0.67308618875645","20.30726142",
"8/26/2003","-51.875","-4.83955001831055","219","37.049","18.112","0","1.0266117399406","0.60137303928903","16.3293732",
"8/27/2003","-51.875","-4.83955001831055","219","36.763","17.331","0","0.974507654969658","0.568478966010959","20.712151728",
"8/28/2003","-51.875","-4.83955001831055","219","35.52","20.554","1.08146736","1.20173762991778","0.597241373649419","17.159229792",
"8/29/2003","-51.875","-4.83955001831055","219","37.014","22.751","0","1.24255415912021","0.518894709957289","18.266797368",
"8/30/2003","-51.875","-4.83955001831055","219","32.228","20.757","6.248474676","1.27288150341568","0.714529885408452","26.2385388",
"8/31/2003","-51.875","-4.83955001831055","219","33.554","21.127","1.613619036","1.4785093587145","0.719716440337505","18.366857352",
"9/1/2003","-51.875","-4.83955001831055","219","33.058","20.541","0.724411152","1.21810009641701","0.761186869266993","16.81071012",
"9/2/2003","-51.875","-4.83955001831055","219","33.887","19.869","0.05493168","1.17211036605564","0.704471730631276","18.10242468",
"9/3/2003","-51.875","-4.83955001831055","219","35.753","19.244","0","1.55261662521922","0.569083260629073","19.60211592",
"9/4/2003","-51.875","-4.83955001831055","219","35.199","20.862","0.4274369064","1.48152859591178","0.629046637066207","19.32434748",
"9/5/2003","-51.875","-4.83955001831055","219","35.777","20.955","0.0102996792","1.48384640889538","0.463713107640735","27.573640632",
"9/6/2003","-51.875","-4.83955001831055","219","33.323","20.637","0","1.24861019351634","0.598854166243426","21.788156232",
"9/7/2003","-51.875","-4.83955001831055","219","33.622","21.105","2.4539004","1.41046234326549","0.636872525522903","19.67681214",
"9/8/2003","-51.875","-4.83955001831055","219","34.634","20.789","0","1.65258963965427","0.561750872152109","24.74932464",
"9/9/2003","-51.875","-4.83955001831055","219","37.436","19.813","0","1.53197987262744","0.46623862092897","27.557665992",
"9/10/2003","-51.875","-4.83955001831055","219","36.819","18.846","0","1.40929846031077","0.431532832643199","18.643836888",
"9/11/2003","-51.875","-4.83955001831055","219","37.356","24.801","0","1.87037971178582","0.452648935178778","25.441084512",
"9/12/2003","-51.875","-4.83955001831055","219","37.132","22.494","0","1.78248069831159","0.52923485081296","25.2589491",
"9/13/2003","-51.875","-4.83955001831055","219","34.214","19.978","0.571632984","1.32941965918249","0.722130239454204","9.31398768",
"9/14/2003","-51.875","-4.83955001831055","219","35.828","21.562","0.1956939984","1.3654842739473","0.661819218579366","20.23588098",
"9/15/2003","-51.875","-4.83955001831055","219","36.202","23.211","0","1.76992459864313","0.535260316419444","18.8230491",
"9/16/2003","-51.875","-4.83955001831055","219","33.239","21.621","1.01451924","1.96080810495584","0.59686418747188","15.40131066",
"9/17/2003","-51.875","-4.83955001831055","219","34.535","20.841","0.228309768","1.59055155276448","0.650840818444009","16.294558968",
"9/18/2003","-51.875","-4.83955001831055","219","36.597","21.885","0.2437592544","1.80742973142118","0.610850091122061","19.294931952",
"9/19/2003","-51.875","-4.83955001831055","219","36.48","22.671","0.0068664528","1.96276656218849","0.544695394514517","25.05324204",
"9/20/2003","-51.875","-4.83955001831055","219","34.908","22.53","0.09956358","1.91269188743447","0.616985387192431","20.632050792",
"9/21/2003","-51.875","-4.83955001831055","219","36.78","20.388","0","1.7546388852133","0.552606209100744","28.37024514",
"9/22/2003","-51.875","-4.83955001831055","219","38.64","24.772","0","1.50283263436847","0.377263123913993","28.369349928",
"9/23/2003","-51.875","-4.83955001831055","219","40.23","25.549","0","1.28742915003667","0.362856037210918","24.196724568",
"9/24/2003","-51.875","-4.83955001831055","219","36.574","23.049","0.78620904","1.35818947575787","0.530865068441793","17.270498448",
"9/25/2003","-51.875","-4.83955001831055","219","36.928","23.197","0.036048888","1.88464712098912","0.531069410703511","20.99002302",
"9/26/2003","-51.875","-4.83955001831055","219","38.191","22.669","0.1012802184","1.95657519085689","0.489517442090109","26.96895126",
"9/27/2003","-51.875","-4.83955001831055","219","37.833","21.888","0","1.83177163908642","0.530402673477708","20.227381992",
"9/28/2003","-51.875","-4.83955001831055","219","38.037","23.099","0","1.60597270989218","0.47949651636352","22.52042334",
"9/29/2003","-51.875","-4.83955001831055","219","38.708","24.872","0.0068664528","1.91439322805394","0.398778159319586","26.53301646",
"9/30/2003","-51.875","-4.83955001831055","219","38.376","23.105","1.366424208","1.37140821077244","0.514253336190383","20.8499625",
"10/1/2003","-51.875","-4.83955001831055","219","38.04","25.809","0.030899052","1.56379450864543","0.438585896997138","20.625696648",
"10/2/2003","-51.875","-4.83955001831055","219","34.428","22.198","2.331161604","1.64012809893929","0.706861922257262","18.4739625",
"10/3/2003","-51.875","-4.83955001831055","219","34.037","22.724","0.65574648","1.75680327242803","0.655983774819971","18.99202446",
"10/4/2003","-51.875","-4.83955001831055","219","35.048","22.499","1.273727088","1.81707435635291","0.648319884570288","22.42277568",
"10/5/2003","-51.875","-4.83955001831055","219","37.203","21.508","0","1.60594689020922","0.500489761847544","25.639425",
"10/6/2003","-51.875","-4.83955001831055","219","38.691","22.638","0","1.71634885719836","0.400650964254351","28.2998214",
"10/7/2003","-51.875","-4.83955001831055","219","39.261","24.017","0.0034332264","1.86911811910744","0.39968064445779","26.10630648",
"10/8/2003","-51.875","-4.83955001831055","219","39.091","26.69","0.058364856","1.99137526331099","0.388384529203399","26.75699928",
"10/9/2003","-51.875","-4.83955001831055","219","38.284","22.698","0.233459424","1.37859335501557","0.511164609219933","20.97139896",
"10/10/2003","-51.875","-4.83955001831055","219","36.561","24.594","0","2.035065960287","0.437885172133993","22.9515201",
"10/11/2003","-51.875","-4.83955001831055","219","36.964","23.699","0","2.15708491362091","0.435968646852845","28.1630259",
"10/12/2003","-51.875","-4.83955001831055","219","39.354","24.075","0.14419548","1.73640183624016","0.414630549158164","25.91336502",
"10/13/2003","-51.875","-4.83955001831055","219","37.596","25.592","0.102996828","1.73719093541401","0.494970576881236","18.93138498",
"10/14/2003","-51.875","-4.83955001831055","219","33.701","22.061","10.340882568","1.20327381373434","0.743942058295964","24.84230346",
"10/15/2003","-51.875","-4.83955001831055","219","31.433","22.019","8.595085968","1.18113618832972","0.887895403733971","12.42202374",
"10/16/2003","-51.875","-4.83955001831055","219","29.771","21.855","7.453533528","0.745787730077858","0.905639729326507","13.29738354",
"10/17/2003","-51.875","-4.83955001831055","219","27.737","22.654","23.2635491856","0.976298884755684","0.958835890182581","15.90800994",
"10/18/2003","-51.875","-4.83955001831055","219","33.182","22.702","1.932907464","1.16307469498525","0.77503620879018","15.37700652",
"10/19/2003","-51.875","-4.83955001831055","219","33.975","20.656","1.13296428","1.58826466438092","0.676376273533752","25.7041116",
"10/20/2003","-51.875","-4.83955001831055","219","35.21","21.272","0","1.65987246908209","0.579958473789655","24.99367176",
"10/21/2003","-51.875","-4.83955001831055","219","35.931","20.35","0","1.14182018921852","0.649702474340505","20.85536124",
"10/22/2003","-51.875","-4.83955001831055","219","35.997","24.629","0","1.79177166127711","0.509968480682337","19.42875252",
"10/23/2003","-51.875","-4.83955001831055","219","37.446","23.278","0.539016624","1.58171152764218","0.568815341052862","20.25765198",
"10/24/2003","-51.875","-4.83955001831055","219","36.262","22.75","0.7656101784","1.37413573925325","0.622745580867862","22.3160058",
"10/25/2003","-51.875","-4.83955001831055","219","36.122","22.829","0.6008148","0.858218773596719","0.609530284518679","22.5134964",
"10/26/2003","-51.875","-4.83955001831055","219","35.411","23.294","0.77762592","1.35301890652851","0.590413060962815","13.68647046",
"10/27/2003","-51.875","-4.83955001831055","219","35.56","22.685","0.31242384","1.61828878391333","0.615044060283007","20.74601502",
"10/28/2003","-51.875","-4.83955001831055","219","35.899","21.65","1.74064932","1.22207192969308","0.681831212658949","18.9254178",
"10/29/2003","-51.875","-4.83955001831055","219","35.75","21.91","0.17852796","1.32677381673356","0.666405194732707","19.51655724",
"10/30/2003","-51.875","-4.83955001831055","219","37.598","22.656","0.429153624","1.49472411868735","0.526998960459753","26.70378264",
"10/31/2003","-51.875","-4.83955001831055","219","37.19","22.208","1.095199704","1.31474073944687","0.600042381424948","22.10973624",
"11/1/2003","-51.875","-4.83955001831055","219","35.242","23.593","0","1.86260293360799","0.567420346537685","20.96060184",
"11/2/2003","-51.875","-4.83955001831055","219","35.328","22.838","0.0549316584","1.81965964076366","0.636749335395082","18.79019748",
"11/3/2003","-51.875","-4.83955001831055","219","30.247","21.644","11.1803094","1.0926833842825","0.877108950493535","24.9404715",
"11/4/2003","-51.875","-4.83955001831055","219","29.576","21.931","13.71403224","1.14688772660261","0.881661659367647","26.46916272",
"11/5/2003","-51.875","-4.83955001831055","219","23.857","20.862","57.39839964","1.28642413281246","0.975046185576888","2.77149366",
"11/6/2003","-51.875","-4.83955001831055","219","33.527","20.569","0.4463195184","1.14624844764049","0.749761676302398","22.67752176",
"11/7/2003","-51.875","-4.83955001831055","219","34.111","22.863","0","1.54587055029612","0.613977210125822","21.76013772",
"11/8/2003","-51.875","-4.83955001831055","219","31.578","23.791","4.25205","1.41055147423965","0.724100455683617","27.32828094",
"11/9/2003","-51.875","-4.83955001831055","219","32.766","22.224","1.7766947304","1.87785404304068","0.745364569915678","23.9290812",
"11/10/2003","-51.875","-4.83955001831055","219","24.709","22.203","5.5429456608","1.04642984096855","0.958745230105613","6.14042046",
"11/11/2003","-51.875","-4.83955001831055","219","35.98","21.198","0.11501316","1.37939772558849","0.637655883487357","26.42990274",
"11/12/2003","-51.875","-4.83955001831055","219","37.601","24.032","0.4025462832","1.05033265051273","0.664344317855918","8.35391016",
"11/13/2003","-51.875","-4.83955001831055","219","31.321","22.617","6.6827716704","1.27138563644184","0.869392912928365","20.53086048",
"11/14/2003","-51.875","-4.83955001831055","219","34.969","21.977","0","1.69229125547751","0.668159054564081","23.39898408",
"11/15/2003","-51.875","-4.83955001831055","219","36.32","24.587","0.048065184","1.92791802697661","0.510358824449143","27.15282972",
"11/16/2003","-51.875","-4.83955001831055","219","34.939","23.865","0","1.39964807059476","0.545124496728695","20.63941758",
"11/17/2003","-51.875","-4.83955001831055","219","34.994","23.853","1.0385515224","1.8874619869443","0.60125653936761","22.24615032",
"11/18/2003","-51.875","-4.83955001831055","219","34.529","22.735","2.9010761064","1.37404101038663","0.699168662201392","20.47674924",
"11/19/2003","-51.875","-4.83955001831055","219","28.719","21.47","1.3406755464","1.27529615427905","0.797134894814052","5.64221304",
"11/20/2003","-51.875","-4.83955001831055","219","31.196","22.258","122.03832564","1.01495183111815","0.900208517608956","12.483166032",
"11/21/2003","-51.875","-4.83955001831055","219","29.923","21.141","8.9478479808","1.01336852406427","0.91874931638255","22.08717828",
"11/22/2003","-51.875","-4.83955001831055","219","31.819","22.481","47.520990252","0.976880446372698","0.837241349784806","15.56864982",
"11/23/2003","-51.875","-4.83955001831055","219","34.552","23.124","4.6829216376","1.37470048995949","0.717316036676269","21.67847136",
"11/24/2003","-51.875","-4.83955001831055","219","34.337","22.764","3.9499292664","1.45487404143346","0.729178109384867","15.92724132",
"11/25/2003","-51.875","-4.83955001831055","219","35.283","23.54","0.67634604","2.24608735626193","0.643517806556347","23.2210674",
"11/26/2003","-51.875","-4.83955001831055","219","36.436","22.302","0.367355304","1.81011159694901","0.614226425683299","20.23329348",
"11/27/2003","-51.875","-4.83955001831055","219","35.657","22.724","0","1.66873969550036","0.577521891584347","18.6930612",
"11/28/2003","-51.875","-4.83955001831055","219","38.633","23.891","0.31070736","1.49916860553775","0.581220809088539","22.8422844",
"11/29/2003","-51.875","-4.83955001831055","219","35.282","23.594","0","1.69932647387301","0.583769993140079","20.09891592",
"11/30/2003","-51.875","-4.83955001831055","219","36.187","22.404","0","1.72395089182263","0.555695486536315","21.22200144",
"12/1/2003","-51.875","-4.83955001831055","219","36.856","23.186","0.1673698464","1.63824998520954","0.535573620004312","27.3417741",
"12/2/2003","-51.875","-4.83955001831055","219","31.522","23.187","0.94585428","1.43817213021885","0.646433398510127","13.1073759",
"12/3/2003","-51.875","-4.83955001831055","219","34.833","21.715","0.508117968","1.36279355459975","0.639940794176617","20.39596992",
"12/4/2003","-51.875","-4.83955001831055","219","29.062","20.417","1.67369814","1.48959768460929","0.768896251863318","18.2374254",
"12/5/2003","-51.875","-4.83955001831055","219","35.711","20.514","0","1.39981558276482","0.586758445782802","19.70211816",
"12/6/2003","-51.875","-4.83955001831055","219","31.864","22.048","4.18167","1.51541390285832","0.727848832923325","13.06434384",
"12/7/2003","-51.875","-4.83955001831055","219","34.868","19.785","0.475502112","1.16334222576729","0.686326186474741","19.5982299",
"12/8/2003","-51.875","-4.83955001831055","219","35.44","20.104","0.0343322856","1.49207062605272","0.568445279814329","25.2617067",
"12/9/2003","-51.875","-4.83955001831055","219","35.112","23.649","1.1089322784","1.67463884085026","0.70417134401647","15.46172046",
"12/10/2003","-51.875","-4.83955001831055","219","34.037","23.084","5.1730180704","1.44948665225006","0.765778460668471","19.13001174",
"12/11/2003","-51.875","-4.83955001831055","219","34.749","22.026","2.54402028","1.7064652448715","0.688690979816071","21.37117068",
"12/12/2003","-51.875","-4.83955001831055","219","32.915","22.538","0.221443488","1.41706163074194","0.614216418732627","16.20669816",
"12/13/2003","-51.875","-4.83955001831055","219","31.052","23.06","7.0913293128","1.62264256247746","0.759923265783015","23.1636924",
"12/14/2003","-51.875","-4.83955001831055","219","30.879","22.604","12.2995382184","1.34933051097932","0.857535542111121","24.83173242",
"12/15/2003","-51.875","-4.83955001831055","219","34.709","22.768","1.112366088","1.34558763511467","0.733323845955574","13.25070486",
"12/16/2003","-51.875","-4.83955001831055","219","33.302","21.754","9.2731464","1.26205459411652","0.817225682376707","21.7895598",
"12/17/2003","-51.875","-4.83955001831055","219","28.277","22.449","16.73355204","0.767170964621287","0.929789399748884","27.10423188",
"12/18/2003","-51.875","-4.83955001831055","219","34.585","21.549","4.0254604128","1.23708178066826","0.80445465094322","18.5403987",
"12/19/2003","-51.875","-4.83955001831055","219","26.899","21.861","26.04105198","1.03319818923785","0.938949350575808","4.65378966",
"12/20/2003","-51.875","-4.83955001831055","219","32.744","21.726","16.1018406","1.44102241863471","0.865539291417153","17.33608728",
"12/21/2003","-51.875","-4.83955001831055","219","33.315","22.77","6.7694655744","1.16410154399269","0.82672511486525","21.558762",
"12/22/2003","-51.875","-4.83955001831055","219","35.159","21.278","2.3311584","1.62152671624871","0.697979458219863","27.29981232",
"12/23/2003","-51.875","-4.83955001831055","219","36.805","21.408","0.0068664528","1.4270490861982","0.663220932783776","19.55598318",
"12/24/2003","-51.875","-4.83955001831055","219","34.74","21.014","1.751804928","1.59452321862514","0.64051513104277","19.71326664",
"12/25/2003","-51.875","-4.83955001831055","219","37.197","23.381","0.0034332264","1.06713123770048","0.545271239658177","18.71054298",
"12/26/2003","-51.875","-4.83955001831055","219","29.168","21.43","7.51877244","0.982853813716214","0.846715301156674","26.34069438",
"12/27/2003","-51.875","-4.83955001831055","219","31.287","23.409","13.2488277192","0.863650794502995","0.859879525399579","24.6548781",
"12/28/2003","-51.875","-4.83955001831055","219","29.262","22.314","12.952709748","1.10068949390898","0.924732851921449","11.04980139",
"12/29/2003","-51.875","-4.83955001831055","219","25.499","22.044","20.14618014","1.08681248167112","0.968837872139106","10.15335018",
"12/30/2003","-51.875","-4.83955001831055","219","31.009","22.357","6.011580276","1.22832229610094","0.892910325398956","20.57720148",
"12/31/2003","-51.875","-4.83955001831055","219","35.539","21.28","0.0137329056","1.63890878480076","0.667956477118606","27.50209218",
"1/1/2004","-51.875","-4.83955001831055","219","36.049","22.296","0.0240325992","2.08390379718622","0.709985331874609","19.21786668",
"1/2/2004","-51.875","-4.83955001831055","219","32.949","21.846","7.2175014","1.55139020082406","0.79291651374868","23.54439132",
"1/3/2004","-51.875","-4.83955001831055","219","30.936","21.722","14.486508","0.723543247333879","0.919859163181894","19.6135317",
"1/4/2004","-51.875","-4.83955001831055","219","26.07","23.237","28.937824668","1.25972441706828","0.96746383009067","13.84003602",
"1/5/2004","-51.875","-4.83955001831055","219","25.983","21.569","78.933364092","0.830312062776979","0.975340081980534","10.091814048",
"1/6/2004","-51.875","-4.83955001831055","219","29.641","22.645","47.759643792","0.797797058945578","0.929588201364397","9.60018228",
"1/7/2004","-51.875","-4.83955001831055","219","36.696","22.504","0.6797794464","1.06061930672833","0.756926859149009","19.605646548",
"1/8/2004","-51.875","-4.83955001831055","219","32.878","21.084","2.42729316","1.37343228149741","0.793448220901521","26.68398444",
"1/9/2004","-51.875","-4.83955001831055","219","35.648","22.853","0.387954396","1.67427688037057","0.677992154987578","21.48620976",
"1/10/2004","-51.875","-4.83955001831055","219","33.536","22.555","12.3424551864","1.29803902298505","0.847575474426573","16.29810576",
"1/11/2004","-51.875","-4.83955001831055","219","27.408","23.206","24.944112","1.00825671552062","0.942219417928549","8.3158299",
"1/12/2004","-51.875","-4.83955001831055","219","32.538","21.941","3.3199308072","1.64106075505632","0.849631837192184","22.989430872",
"1/13/2004","-51.875","-4.83955001831055","219","28.595","23.06","6.4287213048","1.42949852346424","0.891442201550104","11.2325634",
"1/14/2004","-51.875","-4.83955001831055","219","31.337","23.264","8.620837092","0.788123628698373","0.9285023889035","12.09690144",
"1/15/2004","-51.875","-4.83955001831055","219","28.19","23.357","14.58778536","0.94820560887646","0.9607414064366","23.1382737",
"1/16/2004","-51.875","-4.83955001831055","219","29","23.196","9.697154796","0.787549953227359","0.953641081671225","14.49669978",
"1/17/2004","-51.875","-4.83955001831055","219","25.409","23.254","26.40666816","0.891376365191446","0.976744994093218","8.3482317",
"1/18/2004","-51.875","-4.83955001831055","219","28.448","22.155","5.19275376","1.41921707977667","0.897119751095891","16.34546232",
"1/19/2004","-51.875","-4.83955001831055","219","30.339","22.019","1.816177392","1.22180860305364","0.840081891698925","13.610416698",
"1/20/2004","-51.875","-4.83955001831055","219","29.207","22.568","1.9715321952","1.19879311684236","0.88187454949425","13.44678939",
"1/21/2004","-51.875","-4.83955001831055","219","28.567","23.494","13.591293156","1.11258749933714","0.912376765222681","27.09489564",
"1/22/2004","-51.875","-4.83955001831055","219","28.74","22.859","14.19468462","1.10903535061394","0.912956408797167","21.8953638",
"1/23/2004","-51.875","-4.83955001831055","219","25.796","22.758","26.15433012","0.884361204723822","0.973977371342298","12.08249919",
"1/24/2004","-51.875","-4.83955001831055","219","24.468","21.902","22.07478708","1.09025820240307","0.978105389642921","8.37090351",
"1/25/2004","-51.875","-4.83955001831055","219","30.348","22.189","3.8452175568","1.62890050516096","0.897302497354568","24.79601394",
"1/26/2004","-51.875","-4.83955001831055","219","30.317","22.51","4.627136124","1.33398414049504","0.865178859581452","26.07649308",
"1/27/2004","-51.875","-4.83955001831055","219","30.194","22.173","9.4636929384","0.910354839804271","0.892203913058061","20.32385247",
"1/28/2004","-51.875","-4.83955001831055","219","26.699","21.973","21.61560132","0.848163087164805","0.954282781669281","19.6167348",
"1/29/2004","-51.875","-4.83955001831055","219","26.646","22.273","15.197179356","1.21363662191071","0.943198837903619","19.238514408",
"1/30/2004","-51.875","-4.83955001831055","219","24.616","22.025","11.4446682","1.04887659208999","0.975560928319852","8.760654828",
"1/31/2004","-51.875","-4.83955001831055","219","30.554","20.023","8.6551686","0.840785442380139","0.913123572374685","13.44049281",
"2/1/2004","-51.875","-4.83955001831055","219","26.891","21.411","7.529059692","1.04729284698876","0.929685272798039","10.02875634",
"2/2/2004","-51.875","-4.83955001831055","219","28.17","21.74","14.8521438504","1.10222521326676","0.947473868894411","20.88837936",
"2/3/2004","-51.875","-4.83955001831055","219","25.32","22.663","147.61162404","0.970063499649186","0.976697388404842","6.457112352",
"2/4/2004","-51.875","-4.83955001831055","219","24.359","20.181","106.23436992","0.959630210138477","0.981318898621514","2.72452329",
"2/5/2004","-51.875","-4.83955001831055","219","23.261","20.112","4.758455556","0.833639213537404","0.980616167984399","3.53531448",
"2/6/2004","-51.875","-4.83955001831055","219","25.625","20.858","3.913878312","0.933955884006665","0.942431836528635","10.2223134",
"2/7/2004","-51.875","-4.83955001831055","219","25.452","19.652","3.84693246","1.13000499125293","0.963430834806866","6.94389114",
"2/8/2004","-51.875","-4.83955001831055","219","21.796","19.679","10.437011172","1.02365935799488","0.983187553784525","2.76238548",
"2/9/2004","-51.875","-4.83955001831055","219","24.429","19.665","5.130959112","0.853562028506107","0.963427931306547","6.16460742",
"2/10/2004","-51.875","-4.83955001831055","219","30.561","19.606","1.1604311496","0.861297655097267","0.844073750939927","21.93058152",
"2/11/2004","-51.875","-4.83955001831055","219","30.055","20.49","2.1543506352","1.06044506544333","0.884909668286926","16.636782762",
"2/12/2004","-51.875","-4.83955001831055","219","26.176","21.155","26.4873474864","1.08813528149963","0.942977811965566","9.219935754",
"2/13/2004","-51.875","-4.83955001831055","219","31.993","20.111","11.9167310304","1.062195630166","0.877628598778726","22.9476384",
"2/14/2004","-51.875","-4.83955001831055","219","30.773","23.004","14.31656082","0.844109841182799","0.931277911616228","16.40615688",
"2/15/2004","-51.875","-4.83955001831055","219","28.931","22.8","7.27157214","1.25167934066394","0.912775585203188","22.65733017",
"2/16/2004","-51.875","-4.83955001831055","219","27.766","22.876","26.94740436","0.808727016478556","0.962895612988825","16.195274622",
"2/17/2004","-51.875","-4.83955001831055","219","25.802","22.129","16.7129622","0.645045833719272","0.970333178798217","8.496622998",
"2/18/2004","-51.875","-4.83955001831055","219","26.271","22.184","11.94420384","0.766337820935913","0.968331307796557","15.50317446",
"2/19/2004","-51.875","-4.83955001831055","219","27.153","22.446","7.14798036","0.653012449252596","0.958051255542178","9.51789726",
"2/20/2004","-51.875","-4.83955001831055","219","26.268","22.399","7.067296656","0.831766868265123","0.958800768503907","14.978415492",
"2/21/2004","-51.875","-4.83955001831055","219","26.906","22.566","18.36090684","0.859058546823167","0.964708268808118","19.08871614",
"2/22/2004","-51.875","-4.83955001831055","219","25.455","22.964","29.851902","0.650984279068523","0.979726279905125","7.316098632",
"2/23/2004","-51.875","-4.83955001831055","219","25.59","22.643","37.50117948","0.906212516737001","0.97681157768438","10.97431614",
"2/24/2004","-51.875","-4.83955001831055","219","27.432","22.116","7.9547895","0.814129417440177","0.948512667936031","17.14567365",
"2/25/2004","-51.875","-4.83955001831055","219","29.028","21.75","3.1963351104","0.737157422343045","0.886256172940596","10.84899546",
"2/26/2004","-51.875","-4.83955001831055","219","27.05","21.079","30.50766306","0.811170610444678","0.966480501752959","18.23775894",
"2/27/2004","-51.875","-4.83955001831055","219","28.533","22.649","195.009033024","0.945954304303718","0.921317516436874","14.9617674",
"2/28/2004","-51.875","-4.83955001831055","219","26.747","21.338","20.13760584","0.589994685959529","0.970111429326408","19.67895162",
"2/29/2004","-51.875","-4.83955001831055","219","26.785","22.232","21.292873344","0.541614244294388","0.972337327683861","11.685325122",
"3/1/2004","-51.875","-4.83955001831055","219","24.961","21.951","67.329106092","0.757724913545068","0.978074008359042","4.600633158",
"3/2/2004","-51.875","-4.83955001831055","219","27.578","21.312","5.4991755288","0.603113427743325","0.95613231398139","17.52243804",
"3/3/2004","-51.875","-4.83955001831055","219","30.429","20.632","1.167297336","0.477620148806288","0.908750750236242","13.11508008",
"3/4/2004","-51.875","-4.83955001831055","219","26.888","20.215","17.30175228","0.813255755785624","0.963454261588075","22.85921412",
"3/5/2004","-51.875","-4.83955001831055","219","26.772","22","7.208063172","0.952322091871807","0.959816771225508","9.66887244",
"3/6/2004","-51.875","-4.83955001831055","219","26.185","22.142","28.38763872","0.852476495451194","0.971908193576971","14.13551052",
"3/7/2004","-51.875","-4.83955001831055","219","25.998","20.044","20.6525811024","0.958464156088075","0.970767538336515","8.130711798",
"3/8/2004","-51.875","-4.83955001831055","219","30.85","21.083","15.35854302","0.995178668748939","0.924370134369811","22.41056115",
"3/9/2004","-51.875","-4.83955001831055","219","30.881","21.512","9.5040253944","1.44203759540131","0.885955825165686","22.52902167",
"3/10/2004","-51.875","-4.83955001831055","219","30.182","22.542","3.53794122","1.35546747428151","0.898413327674954","14.512895388",
"3/11/2004","-51.875","-4.83955001831055","219","30.385","22.476","21.002774652","0.761794104319307","0.935561923137001","23.18658336",
"3/12/2004","-51.875","-4.83955001831055","219","28.898","23.244","18.218422044","0.901906999569179","0.939468523748658","24.1261893",
"3/13/2004","-51.875","-4.83955001831055","219","27.666","22.825","7.7779725264","1.23968811476944","0.947277055934675","17.95680162",
"3/14/2004","-51.875","-4.83955001831055","219","27.715","22.757","2.686499316","0.826660359885669","0.943673957798339","12.56512671",
"3/15/2004","-51.875","-4.83955001831055","219","31.852","23.091","20.4757646904","1.12245647176861","0.891487693860726","18.792954828",
"3/16/2004","-51.875","-4.83955001831055","219","29.737","22.651","10.0954093392","1.34399845075113","0.903922126518731","22.77230643",
"3/17/2004","-51.875","-4.83955001831055","219","29.083","22.391","7.32822408","1.26686240572038","0.937956407311145","17.717119992",
"3/18/2004","-51.875","-4.83955001831055","219","25.791","22.483","7.2166447224","0.853214665968619","0.968566578543626","14.23687608",
"3/19/2004","-51.875","-4.83955001831055","219","26.634","21.403","12.33901944","0.612002851700449","0.972719771504481","12.1240629",
"3/20/2004","-51.875","-4.83955001831055","219","29.95","23.3","22.6747512","1.22673455965007","0.938628657882811","18.200248128",
"3/21/2004","-51.875","-4.83955001831055","219","25.597","23.188","21.23451684","0.98802786779086","0.975941453059695","11.034619272",
"3/22/2004","-51.875","-4.83955001831055","219","23.506","22.202","88.845902856","1.09013109214616","0.982042070901972","1.41626304",
"3/23/2004","-51.875","-4.83955001831055","219","28.84","21.659","10.492803","0.728068237113026","0.931831916215208","15.14435364",
"3/24/2004","-51.875","-4.83955001831055","219","26.628","22.763","29.59957008","0.648263999385852","0.971016996927532","17.822304",
"3/25/2004","-51.875","-4.83955001831055","219","24.025","22.535","57.22330788","0.74928424782144","0.982210497280557","1.162406592",
"3/26/2004","-51.875","-4.83955001831055","219","25.87","20.799","7.5925820664","0.87814993064776","0.944543798703844","5.474248488",
"3/27/2004","-51.875","-4.83955001831055","219","26.607","21.398","18.12744972","1.01309917505533","0.968541452462446","17.44705746",
"3/28/2004","-51.875","-4.83955001831055","219","26.924","22.917","21.71516436","0.996390030022874","0.971475790862751","10.979268894",
"3/29/2004","-51.875","-4.83955001831055","219","28.37","22.749","6.825251556","1.16631695280896","0.928599627285231","18.5324076",
"3/30/2004","-51.875","-4.83955001831055","219","30.102","22.195","5.027961204","1.26117802116006","0.913973242918283","23.33750805",
"3/31/2004","-51.875","-4.83955001831055","219","31.343","22.361","1.246261572","1.43062608555625","0.840337180109198","19.69177473",
"4/1/2004","-51.875","-4.83955001831055","219","31.591","22.646","3.0469884192","1.46117409193443","0.836415351225253","27.1020996",
"4/2/2004","-51.875","-4.83955001831055","219","31.076","22.543","8.8783332264","1.33493193739043","0.884670200348202","25.38422028",
"4/3/2004","-51.875","-4.83955001831055","219","31.013","22.567","2.854726092","1.49684933006893","0.868324544784925","24.44787774",
"4/4/2004","-51.875","-4.83955001831055","219","30.3","22.69","5.42793636","1.55236534714182","0.87674357286334","21.4951536",
"4/5/2004","-51.875","-4.83955001831055","219","30.484","21.132","4.4048290464","1.16622920905563","0.893017873566872","20.76502491",
"4/6/2004","-51.875","-4.83955001831055","219","29.975","22.77","7.8088743144","0.899242665802345","0.911730193817322","21.93727122",
"4/7/2004","-51.875","-4.83955001831055","219","29.812","22.865","16.2889434","1.26081894443706","0.945868159854051","17.15259456",
"4/8/2004","-51.875","-4.83955001831055","219","28.773","20.517","3.66239466","0.93708785046987","0.946340871473601","9.647950716",
"4/9/2004","-51.875","-4.83955001831055","219","28.765","22.939","3.435802452","1.38703097856585","0.857273258635018","17.04554532",
"4/10/2004","-51.875","-4.83955001831055","219","27.564","22.501","14.333724072","0.622587584389491","0.967730915568862","16.328812752",
"4/11/2004","-51.875","-4.83955001831055","219","26.215","23.495","18.348886152","0.59331592905998","0.973199746361447","10.62393678",
"4/12/2004","-51.875","-4.83955001831055","219","25.181","23.292","34.64469432","0.868749842871499","0.977160030955696","7.18324254",
"4/13/2004","-51.875","-4.83955001831055","219","23.426","21.671","24.823956672","0.987552226785687","0.980314408085375","2.10273804",
"4/14/2004","-51.875","-4.83955001831055","219","28.097","21.39","7.08188616","0.764744112871739","0.943305140645661","11.74398714",
"4/15/2004","-51.875","-4.83955001831055","219","29.232","22.813","6.262205796","1.18367018611049","0.913270427035185","18.248230728",
"4/16/2004","-51.875","-4.83955001831055","219","31.452","21.617","3.8022980328","1.06023092153693","0.865206192030231","21.216492",
"4/17/2004","-51.875","-4.83955001831055","219","31.914","22.53","9.3469614048","1.22315053585717","0.87985005316023","22.28709798",
"4/18/2004","-51.875","-4.83955001831055","219","29.878","22.557","1.0866160512","1.15445522637475","0.893845510421721","8.80982406",
"4/19/2004","-51.875","-4.83955001831055","219","31.922","22.449","3.2152170744","1.25286801569265","0.822630113042014","22.07317266",
"4/20/2004","-51.875","-4.83955001831055","219","31.913","22.405","7.032968352","1.34086246620925","0.893089411835195","18.044609328",
"4/21/2004","-51.875","-4.83955001831055","219","30.799","22.558","0.5484579192","1.29773149148361","0.851850351183531","14.6000826",
"4/22/2004","-51.875","-4.83955001831055","219","31.83","22.887","0.547599744","1.24806699749058","0.8380482060918","15.27159798",
"4/23/2004","-51.875","-4.83955001831055","219","31.603","22.774","0.7184028528","0.901816775431055","0.869732112185934","13.84121394",
"4/24/2004","-51.875","-4.83955001831055","219","34.098","22.63","0.3364561944","0.987113813027411","0.755929740586763","16.37516142",
"4/25/2004","-51.875","-4.83955001831055","219","31.302","21.75","6.5574646848","0.976757655025647","0.854695486948064","20.69004168",
"4/26/2004","-51.875","-4.83955001831055","219","30.728","20.358","1.90544148","0.86498655097257","0.886770027521408","18.6330366",
"4/27/2004","-51.875","-4.83955001831055","219","27.277","22.189","14.3637632064","1.02891043330708","0.95143627008282","20.7655866",
"4/28/2004","-51.875","-4.83955001831055","219","30.781","22.645","4.688930664","1.1270751680565","0.888427337805147","16.74816138",
"4/29/2004","-51.875","-4.83955001831055","219","31.742","21.922","3.3233603976","1.08666669402101","0.853258227233382","13.18955688",
"4/30/2004","-51.875","-4.83955001831055","219","31.11","20.778","12.39051816","1.06250072876725","0.876739170421327","24.860808",
"5/1/2004","-51.875","-4.83955001831055","219","30.807","21.63","3.141401328","1.30146132922535","0.880578105910379","16.32814164",
"5/2/2004","-51.875","-4.83955001831055","219","30.801","22.115","19.22264766","1.26026701219783","0.900759031841251","24.6705795",
"5/3/2004","-51.875","-4.83955001831055","219","34.27","20.157","0.52528392","1.46699910101735","0.720394460845759","25.28443008",
"5/4/2004","-51.875","-4.83955001831055","219","33.526","21.679","0","1.59700557495241","0.640074651167955","25.18543062",
"5/5/2004","-51.875","-4.83955001831055","219","33.573","18.746","0","1.33863503283644","0.611463945664808","24.75360126",
"5/6/2004","-51.875","-4.83955001831055","219","31.943","22.074","0.058365","1.31202826075334","0.70377380536178","15.3691794",
"5/7/2004","-51.875","-4.83955001831055","219","31.174","22.63","37.45479636","0.809540556839763","0.906266434303835","19.38082266",
"5/8/2004","-51.875","-4.83955001831055","219","31.546","22.622","11.937330684","1.11900570140621","0.897954777197983","15.80771034",
"5/9/2004","-51.875","-4.83955001831055","219","30.722","22.166","3.079604844","1.11413896608371","0.890128913123625","11.97410634",
"5/10/2004","-51.875","-4.83955001831055","219","29.453","21.584","4.088973852","1.01379671732771","0.898395472806129","19.39652262",
"5/11/2004","-51.875","-4.83955001831055","219","30.423","20.476","2.997207432","0.917053504625883","0.871689977215886","17.3092473",
"5/12/2004","-51.875","-4.83955001831055","219","32.561","22.385","2.713967856","1.5183763387988","0.768167923379755","23.65526808",
"5/13/2004","-51.875","-4.83955001831055","219","33.279","21.956","1.0574342424","1.27594862796567","0.770897700438452","17.30295306",
"5/14/2004","-51.875","-4.83955001831055","219","33.389","21.427","3.0796056","0.986437011405804","0.746280411037891","24.1083549",
"5/15/2004","-51.875","-4.83955001831055","219","30.544","19.836","2.186965116","0.768978931560742","0.869644122102394","17.28337428",
"5/16/2004","-51.875","-4.83955001831055","219","34.339","22.558","0.1132965288","1.13199214127907","0.735595060744712","18.68270454",
"5/17/2004","-51.875","-4.83955001831055","219","32.757","21.288","2.6813515464","0.966851571924664","0.807417956091207","18.3525786",
"5/18/2004","-51.875","-4.83955001831055","219","34.116","19.286","0.133895736","1.26647574411123","0.696745578946996","24.24583368",
"5/19/2004","-51.875","-4.83955001831055","219","33.38","21.491","1.308059676","1.68274444829061","0.737792825118625","23.36079258",
"5/20/2004","-51.875","-4.83955001831055","219","33.696","22.096","0.0102996792","1.32834361225503","0.712196582099766","21.20939424",
"5/21/2004","-51.875","-4.83955001831055","219","34.235","20.99","0.322723368","1.17342939330741","0.711899407999166","17.89756794",
"5/22/2004","-51.875","-4.83955001831055","219","32.975","21.223","0.216293544","0.944328219312065","0.775219442882296","16.3130625",
"5/23/2004","-51.875","-4.83955001831055","219","33.436","19.965","0","1.42223190630621","0.672143089294148","19.58973786",
"5/24/2004","-51.875","-4.83955001831055","219","33.469","19.737","0","1.45788719053841","0.656180571461029","19.04067738",
"5/25/2004","-51.875","-4.83955001831055","219","30.839","21.725","0.6008149512","1.03462068691067","0.823423594041825","7.85064492",
"5/26/2004","-51.875","-4.83955001831055","219","33.147","20.752","0.786209292","1.25651674361088","0.785958347842731","16.9754076",
"5/27/2004","-51.875","-4.83955001831055","219","32.934","21.987","1.11923172","1.18108986028758","0.719121246798116","21.31407684",
"5/28/2004","-51.875","-4.83955001831055","219","33.211","19.043","4.573061568","1.33575320904019","0.769273361647701","18.33378804",
"5/29/2004","-51.875","-4.83955001831055","219","31.718","22.492","0.96130332","1.29440119081938","0.789226109869809","15.26742324",
"5/30/2004","-51.875","-4.83955001831055","219","31.768","19.753","0.357055704","1.3361180468643","0.722872095542002","16.93270764",
"5/31/2004","-51.875","-4.83955001831055","219","33.722","18.93","0.295257456","1.21685003827692","0.656593012116029","21.51484128",
"6/1/2004","-51.875","-4.83955001831055","219","33.555","20.296","0","1.26209219938155","0.627491643885962","17.67594528",
"6/2/2004","-51.875","-4.83955001831055","219","32.89","20.139","0.078964272","1.31696566066142","0.645236033391419","18.7171326",
"6/3/2004","-51.875","-4.83955001831055","219","32.287","20.32","4.562761752","1.07551835464574","0.761895844957663","17.04999744",
"6/4/2004","-51.875","-4.83955001831055","219","33.516","17.975","0.3742215192","1.08648033413274","0.746219220527622","19.4245326",
"6/5/2004","-51.875","-4.83955001831055","219","31.963","19.837","0.051498396","1.52497837486376","0.713162203147073","22.64990814",
"6/6/2004","-51.875","-4.83955001831055","219","32.35","18.518","4.0443424128","1.02749734816518","0.805358027454308","12.62035818",
"6/7/2004","-51.875","-4.83955001831055","219","28.919","21.28","5.98068054","1.18338876377361","0.874694718829334","17.50281282",
"6/8/2004","-51.875","-4.83955001831055","219","31.783","16.785","0.0205993656","1.23923749866549","0.744440956048228","22.84227936",
"6/9/2004","-51.875","-4.83955001831055","219","32.637","19.732","0","1.63904886123392","0.632444483762321","20.53979532",
"6/10/2004","-51.875","-4.83955001831055","219","33.774","18.605","0","1.71375457165686","0.515044571794094","23.66775",
"6/11/2004","-51.875","-4.83955001831055","219","33.325","20.625","0","1.74141242141101","0.553883153991054","21.90054474",
"6/12/2004","-51.875","-4.83955001831055","219","29.439","17.532","0","1.02409246290308","0.668536231995739","9.2141982",
"6/13/2004","-51.875","-4.83955001831055","219","33.29","18.225","0","1.45273213072828","0.583665631013958","23.86271178",
"6/14/2004","-51.875","-4.83955001831055","219","33.633","18.552","0","1.50802593548115","0.520528403719629","23.51834748",
"6/15/2004","-51.875","-4.83955001831055","219","33.815","16.49","0","1.32777797925544","0.595873577917363","17.43153822",
"6/16/2004","-51.875","-4.83955001831055","219","33.607","19.868","0","1.43021420686178","0.603645763180117","18.39094056",
"6/17/2004","-51.875","-4.83955001831055","219","32.555","20.795","0.872039628","1.31251842869091","0.733219161126493","16.86284982",
"6/18/2004","-51.875","-4.83955001831055","219","33.31","19.448","0","1.21353532516276","0.690341321771232","17.7900156",
"6/19/2004","-51.875","-4.83955001831055","219","29.04","19.707","8.589939408","1.33989854555989","0.88752262833557","13.84835094",
"6/20/2004","-51.875","-4.83955001831055","219","30.887","19.847","0.4600523376","1.32729344536355","0.806181814895189","14.44246452",
"6/21/2004","-51.875","-4.83955001831055","219","33.28","15.903","0","1.31987777428472","0.659558844422304","19.85388696",
"6/22/2004","-51.875","-4.83955001831055","219","32.233","20.33","0","1.64300478753693","0.573012324709281","17.08424496",
"6/23/2004","-51.875","-4.83955001831055","219","32.504","20.15","0.305557344","0.893879008761807","0.723748622191044","10.086918012",
"6/24/2004","-51.875","-4.83955001831055","219","34.119","22.233","0.0686646","0.856461634794613","0.662992359029632","10.61381484",
"6/25/2004","-51.875","-4.83955001831055","219","34.045","21.842","0","1.30008447861233","0.538027367654507","21.88175508",
"6/26/2004","-51.875","-4.83955001831055","219","33.827","21.233","0.027465804","1.19983679953318","0.598234446111154","16.60860144",
"6/27/2004","-51.875","-4.83955001831055","219","33.015","18.906","0.25405848","0.9928376652853","0.662208961403567","15.34893372",
"6/28/2004","-51.875","-4.83955001831055","219","32.75","21.462","0","1.47950269597383","0.615393692962051","17.88165036",
"6/29/2004","-51.875","-4.83955001831055","219","31.597","19.673","2.02560498","1.5114671799691","0.75203559723021","22.0760388",
"6/30/2004","-51.875","-4.83955001831055","219","31.243","19.101","1.9809718704","1.01302994463055","0.807975146277113","8.15608368",
"7/1/2004","-51.875","-4.83955001831055","219","32.768","18.403","0","1.13297714706812","0.61424894714704","15.57151632",
"7/2/2004","-51.875","-4.83955001831055","219","33.214","16.902","0.504684648","0.852262529232375","0.70713190403902","16.02044784",
"7/3/2004","-51.875","-4.83955001831055","219","33.873","19.085","0","1.15278284425994","0.631704083850057","16.90712136",
"7/4/2004","-51.875","-4.83955001831055","219","34.337","19.24","0","1.3916158729977","0.507816481772353","21.5948808",
"7/5/2004","-51.875","-4.83955001831055","219","31.886","21.631","0","1.35048807519469","0.566901472722997","18.7396938",
"7/6/2004","-51.875","-4.83955001831055","219","33.816","20.797","0","1.09417655819297","0.57765341770394","20.21788746",
"7/7/2004","-51.875","-4.83955001831055","219","35.118","19.585","0","1.06494674917624","0.62439531813313","18.69632154",
"7/8/2004","-51.875","-4.83955001831055","219","33.79","18.991","3.05385552","1.27668844372827","0.701872293181602","22.32023004",
"7/9/2004","-51.875","-4.83955001831055","219","33.258","20.868","10.73226924","0.991416468354427","0.813362303425513","20.88483066",
"7/10/2004","-51.875","-4.83955001831055","219","31.985","19.516","1.7749773504","1.32545786204592","0.780001910970431","17.55725292",
"7/11/2004","-51.875","-4.83955001831055","219","28.339","17.865","0.2592085824","0.93552938665476","0.7860607800271","11.90610072",
"7/12/2004","-51.875","-4.83955001831055","219","29.721","19.942","2.22644844","1.29740415183079","0.84037574467245","22.98099096",
"7/13/2004","-51.875","-4.83955001831055","219","33.469","19.006","0","1.34302202679541","0.700245912882472","16.76942046",
"7/14/2004","-51.875","-4.83955001831055","219","34.414","18.622","0","1.54231437484468","0.533280285582746","24.27333732",
"7/15/2004","-51.875","-4.83955001831055","219","32.061","21.41","0","1.40874806360158","0.527366312646213","16.51601052",
"7/16/2004","-51.875","-4.83955001831055","219","30.852","21.285","0","0.97082326661367","0.629892381046812","8.33124132",
"7/17/2004","-51.875","-4.83955001831055","219","33.563","17.857","0","0.860621582437356","0.617994180115169","17.24399658",
"7/18/2004","-51.875","-4.83955001831055","219","27.639","22.351","7.292170692","1.14549100236922","0.898419399123919","17.4932982",
"7/19/2004","-51.875","-4.83955001831055","219","32.219","22.177","0.13217922","1.19541044137414","0.731008258584218","14.95884726",
"7/20/2004","-51.875","-4.83955001831055","219","31.953","19.453","0.36735516","1.29459538817566","0.716051268775712","21.7048482",
"7/21/2004","-51.875","-4.83955001831055","219","31.436","22.048","0.0068664528","1.22552104415299","0.704884530518333","11.58154056",
"7/22/2004","-51.875","-4.83955001831055","219","35.235","16.111","0","0.870312611502651","0.691332750523495","16.85424312",
"7/23/2004","-51.875","-4.83955001831055","219","31.61","17.289","0","1.31550976053763","0.707357092077577","16.82831268",
"7/24/2004","-51.875","-4.83955001831055","219","31.847","16.806","0","1.20657528226769","0.617008484928071","17.27556066",
"7/25/2004","-51.875","-4.83955001831055","219","33.447","19.282","0","1.77269286070324","0.481371887330176","24.69768444",
"7/26/2004","-51.875","-4.83955001831055","219","33.395","19.638","0","1.83836292379448","0.517799067480887","24.71068134",
"7/27/2004","-51.875","-4.83955001831055","219","33.497","20.222","0","1.84403854569454","0.506822052559471","24.8583339",
"7/28/2004","-51.875","-4.83955001831055","219","33.675","19.302","0","1.77916284266299","0.464557194707087","24.988221",
"7/29/2004","-51.875","-4.83955001831055","219","33.602","18.684","0","1.7265114886848","0.468944040214275","25.13452644",
"7/30/2004","-51.875","-4.83955001831055","219","34.075","19.37","0","1.76522567459845","0.478241142490497","24.19835364",
"7/31/2004","-51.875","-4.83955001831055","219","32.902","20.424","0","1.45467869361933","0.473849839430736","18.832839768",
"8/1/2004","-51.875","-4.83955001831055","219","32.987","18.033","0","0.999501355156478","0.628825655914867","16.20714384",
"8/2/2004","-51.875","-4.83955001831055","219","34.624","17.275","0","1.15251136057694","0.513815798024114","18.588827988",
"8/3/2004","-51.875","-4.83955001831055","219","32.579","17.506","0.1630784304","1.16135371869004","0.625114221503571","6.125177988",
"8/4/2004","-51.875","-4.83955001831055","219","34.653","17.18","0","1.12847141910619","0.556917784289389","17.79744744",
"8/5/2004","-51.875","-4.83955001831055","219","35.276","16.693","0","1.162999636528","0.500457313926472","22.27933134",
"8/6/2004","-51.875","-4.83955001831055","219","35.637","19.462","0","1.33047881297675","0.423170644333762","25.841367",
"8/7/2004","-51.875","-4.83955001831055","219","36.254","21.005","0.0617981184","0.935736997773466","0.447703527440799","19.0956384",
"8/8/2004","-51.875","-4.83955001831055","219","34.513","19.745","0","1.24661302802607","0.633151503579114","13.18764276",
"8/9/2004","-51.875","-4.83955001831055","219","34.565","19.479","0.3055572792","1.09613508489872","0.714138598007033","16.15005144",
"8/10/2004","-51.875","-4.83955001831055","219","36.023","18.514","0.10814652","1.36007159213171","0.626157116224269","17.79215328",
"8/11/2004","-51.875","-4.83955001831055","219","33.873","21.299","0.53215092","1.21912191968282","0.714727273276609","13.572169848",
"8/12/2004","-51.875","-4.83955001831055","219","33.891","20.908","3.025526976","1.05325153407726","0.742799664126187","13.40212302",
"8/13/2004","-51.875","-4.83955001831055","219","35.729","20.323","0.4978182384","1.35889056340709","0.62897229132436","24.41221362",
"8/14/2004","-51.875","-4.83955001831055","219","35.048","22.9","0.044631972","1.4745224792679","0.564438768734994","18.7821009",
"8/15/2004","-51.875","-4.83955001831055","219","34.734","20.419","0.0171661392","1.47650890622605","0.591110598437722","18.33811452",
"8/16/2004","-51.875","-4.83955001831055","219","35.324","19.478","0","1.2840467505299","0.52885709614427","20.04013422",
"8/17/2004","-51.875","-4.83955001831055","219","36.562","20.488","0","1.52936213827009","0.530075368452185","26.096505912",
"8/18/2004","-51.875","-4.83955001831055","219","35.744","19.068","0","1.37679944147423","0.577362091229051","21.27443544",
"8/19/2004","-51.875","-4.83955001831055","219","36.997","22.597","0.092696976","1.54571663134031","0.443194238589004","26.45736426",
"8/20/2004","-51.875","-4.83955001831055","219","35.473","16.789","0","1.20932771130982","0.522606584839684","21.83394384",
"8/21/2004","-51.875","-4.83955001831055","219","35.369","18.247","1.8968580648","1.29804109720449","0.628460461724652","18.37709694",
"8/22/2004","-51.875","-4.83955001831055","219","36.31","21.556","1.929474252","1.22043270549479","0.687043216791704","14.133038148",
"8/23/2004","-51.875","-4.83955001831055","219","36.411","22.649","0.0583648488","1.70013540648022","0.539038125641986","18.35116722",
"8/24/2004","-51.875","-4.83955001831055","219","35.592","21.248","0.0205993584","1.51179139729326","0.602745398352941","17.88525342",
"8/25/2004","-51.875","-4.83955001831055","219","36.496","23.506","0","1.76103749322793","0.499988674992288","19.22433372",
"8/26/2004","-51.875","-4.83955001831055","219","28.701","20.665","3.35941416","1.09758843069364","0.813516799560356","8.53599429",
"8/27/2004","-51.875","-4.83955001831055","219","36.047","20.752","0.0068664528","1.38504683145049","0.634222884950376","19.38155958",
"8/28/2004","-51.875","-4.83955001831055","219","34.881","20.79","0.0961304616","1.46761823055056","0.62895961524167","19.20133476",
"8/29/2004","-51.875","-4.83955001831055","219","33.217","19.36","0","1.81649315957148","0.697435222310978","25.974620712",
"8/30/2004","-51.875","-4.83955001831055","219","35.848","19.222","1.59988356","1.16750838462175","0.691479135730291","18.7976295",
"8/31/2004","-51.875","-4.83955001831055","219","35.949","21.707","0.14419584","1.26961227205079","0.593592704118853","18.049775472",
"9/1/2004","-51.875","-4.83955001831055","219","35.17","21.336","0.1768113576","1.37371619708228","0.650202191033131","15.490854792",
"9/2/2004","-51.875","-4.83955001831055","219","34.548","22.229","1.4376637512","1.98193702469121","0.581828800492873","19.705387968",
"9/3/2004","-51.875","-4.83955001831055","219","35.393","20.214","0","1.67034470138489","0.525538730536217","24.18699348",
"9/4/2004","-51.875","-4.83955001831055","219","36.026","22.831","0","1.59414232233327","0.540247900382507","17.96872878",
"9/5/2004","-51.875","-4.83955001831055","219","36.588","20.458","0","1.2475123624912","0.554254949500981","23.706335232",
"9/6/2004","-51.875","-4.83955001831055","219","37.362","20.017","0.0171661464","1.14306988376975","0.469770171514064","19.45563588",
"9/7/2004","-51.875","-4.83955001831055","219","37.13","20.339","0.063514692","1.71733570970445","0.518907846335737","23.39133894",
"9/8/2004","-51.875","-4.83955001831055","219","37.819","20.667","0","1.42625022625461","0.521210945402964","19.270293048",
"9/9/2004","-51.875","-4.83955001831055","219","35.049","21.508","0.147628764","1.69460064037342","0.585917881061288","21.447280728",
"9/10/2004","-51.875","-4.83955001831055","219","35.526","22.326","0","1.56987901384398","0.59778814625412","17.51253264",
"9/11/2004","-51.875","-4.83955001831055","219","34.737","20.902","0","1.60780587797732","0.611355109528988","16.667272008",
"9/12/2004","-51.875","-4.83955001831055","219","36.76","20.78","2.2899640464","1.32435479394524","0.67881176171269","19.022174352",
"9/13/2004","-51.875","-4.83955001831055","219","31.962","21.65","11.346819336","1.26220904434563","0.838976972399823","26.753741208",
"9/14/2004","-51.875","-4.83955001831055","219","32.789","20.62","5.4056127384","1.29949162322617","0.851179448507818","17.9840223",
"9/15/2004","-51.875","-4.83955001831055","219","32.56","20.04","2.8169658","1.3825490337807","0.756736076970865","26.484467688",
"9/16/2004","-51.875","-4.83955001831055","219","35.287","18.746","0","1.23841369345996","0.628619707832737","15.94720746",
"9/17/2004","-51.875","-4.83955001831055","219","36.147","21.945","0","1.92434655599785","0.542994857405651","25.42989204",
"9/18/2004","-51.875","-4.83955001831055","219","37.544","22.736","0","1.58016061456719","0.512472026076322","20.33668224",
"9/19/2004","-51.875","-4.83955001831055","219","36.089","21.034","1.162147428","1.4257937524813","0.631093817360874","14.525999082",
"9/20/2004","-51.875","-4.83955001831055","219","36.828","20.785","0.59738148","1.20358546548396","0.634248392794431","20.111178888",
"9/21/2004","-51.875","-4.83955001831055","219","37.612","22.618","0","2.09169149868669","0.544841717819438","20.16033696",
"9/22/2004","-51.875","-4.83955001831055","219","34.749","22.036","0.99906948","1.70579493710947","0.698219559075194","20.4694263",
"9/23/2004","-51.875","-4.83955001831055","219","36.026","21.155","0.202560552","1.6405532517183","0.674509368632568","18.34835706",
"9/24/2004","-51.875","-4.83955001831055","219","36.245","21.769","0.69866172","1.56682528884085","0.626285029285286","18.69868458",
"9/25/2004","-51.875","-4.83955001831055","219","32.957","20.507","7.288739064","1.35847944441689","0.742519060125208","26.072498808",
"9/26/2004","-51.875","-4.83955001831055","219","36.279","22.002","0.6711960384","1.61809958837437","0.702005292717563","14.790431628",
"9/27/2004","-51.875","-4.83955001831055","219","34.603","21.008","0.0171661392","1.49995928924827","0.630072557477393","20.80006596",
"9/28/2004","-51.875","-4.83955001831055","219","35.787","23.105","0","1.41463209439881","0.524746280170286","20.400747192",
"9/29/2004","-51.875","-4.83955001831055","219","30.957","20.358","2.57663484","1.65255307885203","0.731438101939403","21.787308792",
"9/30/2004","-51.875","-4.83955001831055","219","34.553","21.534","1.86596028","1.45274313901685","0.649267165128086","24.62586246",
"10/1/2004","-51.875","-4.83955001831055","219","36.37","23","0.0171661464","2.18276734216393","0.558207110752591","22.442793192",
"10/2/2004","-51.875","-4.83955001831055","219","36.56","22.084","0.0034332264","1.72773499090532","0.587258905629362","21.76931106",
"10/3/2004","-51.875","-4.83955001831055","219","37.966","21.289","0","1.67634614860869","0.573420122806046","23.71460454",
"10/4/2004","-51.875","-4.83955001831055","219","37.291","22.998","0.0102996864","1.81657896222745","0.524593398139553","21.658953888",
"10/5/2004","-51.875","-4.83955001831055","219","34.837","21.931","2.51312292","1.29976189300583","0.69522663055577","14.765621472",
"10/6/2004","-51.875","-4.83955001831055","219","36.249","22.951","2.48222628","1.35116705890897","0.707707650484356","19.2666393",
"10/7/2004","-51.875","-4.83955001831055","219","30.727","22.133","3.11050368","1.22390124487406","0.831198102269622","18.6627348",
"10/8/2004","-51.875","-4.83955001831055","219","34.09","22.634","0.681496524","1.17221619040666","0.753553857323218","19.45850832",
"10/9/2004","-51.875","-4.83955001831055","219","31.465","22.274","7.8741067464","1.35575206932852","0.848463143293738","13.278656232",
"10/10/2004","-51.875","-4.83955001831055","219","35.588","22.158","1.1286738","1.67527645844784","0.654498077239326","24.50594034",
"10/11/2004","-51.875","-4.83955001831055","219","36.318","22.353","0","1.69521452752486","0.576468529381072","23.7447558",
"10/12/2004","-51.875","-4.83955001831055","219","35.688","25.032","0.0034332264","1.65177063112448","0.548246697954063","19.672982352",
"10/13/2004","-51.875","-4.83955001831055","219","36.069","23.92","0","1.65124920899516","0.525115037876742","14.920987032",
"10/14/2004","-51.875","-4.83955001831055","219","37.687","22.46","0","1.66470821129331","0.45808740313758","22.67966628",
"10/15/2004","-51.875","-4.83955001831055","219","37.342","20.561","0","2.06865498362784","0.436153703804161","28.71792756",
"10/16/2004","-51.875","-4.83955001831055","219","38.061","22.499","0","1.6998457619698","0.506167571673475","21.30457086",
"10/17/2004","-51.875","-4.83955001831055","219","35.524","22.922","0.0720977616","1.79418420252384","0.558280026426055","20.14312464",
"10/18/2004","-51.875","-4.83955001831055","219","36.039","22.067","0.252342108","1.49624319596349","0.60502317504383","21.23178894",
"10/19/2004","-51.875","-4.83955001831055","219","38.339","24.272","0","1.87949812770581","0.455181539891176","25.22451924",
"10/20/2004","-51.875","-4.83955001831055","219","37.617","24.125","0.0720977472","1.4759383754735","0.485330740544","19.39770468",
"10/21/2004","-51.875","-4.83955001831055","219","29.256","21.815","2.816963172","1.22792686866318","0.861527828637487","9.4248576",
"10/22/2004","-51.875","-4.83955001831055","219","34.057","21.022","2.180100312","1.55855831212896","0.704927257324004","19.8135558",
"10/23/2004","-51.875","-4.83955001831055","219","36.772","20.069","0","1.29409488478035","0.626257029350437","19.39663368",
"10/24/2004","-51.875","-4.83955001831055","219","36.47","21.177","0","1.23826215178006","0.616693728457136","20.20516308",
"10/25/2004","-51.875","-4.83955001831055","219","36.49","22.22","0.3707887464","1.25099292657721","0.593081774847971","19.55959272",
"10/26/2004","-51.875","-4.83955001831055","219","30.623","22.019","9.86880924","1.18503573385592","0.828054661673038","26.90121888",
"10/27/2004","-51.875","-4.83955001831055","219","32.551","22.136","1.844499672","1.47426152943542","0.784924393715704","11.40795198",
"10/28/2004","-51.875","-4.83955001831055","219","35.232","22.365","4.93611948","1.45936251545385","0.720267188467866","19.25870922",
"10/29/2004","-51.875","-4.83955001831055","219","35.167","21.746","0.21972672","1.53124211658962","0.635281609219352","19.398825",
"10/30/2004","-51.875","-4.83955001831055","219","33.991","21.902","0.65746314","2.0233588434853","0.652206812895138","22.59743148",
"10/31/2004","-51.875","-4.83955001831055","219","34.797","21.148","1.182746952","1.62487730509555","0.694697406199614","18.5687964",
"11/1/2004","-51.875","-4.83955001831055","219","32.361","22.822","8.22858732","1.20668164347257","0.832632063356256","16.4347308",
"11/2/2004","-51.875","-4.83955001831055","219","35.419","22.161","0.152778744","1.4150631601115","0.655688253598405","18.80583588",
"11/3/2004","-51.875","-4.83955001831055","219","33.916","21.664","1.3715766","1.46972278051476","0.708896170213531","9.67404888",
"11/4/2004","-51.875","-4.83955001831055","219","34.153","21.021","1.89428472","1.65160345394893","0.681270589716394","24.16859676",
"11/5/2004","-51.875","-4.83955001831055","219","36.014","21.74","0.0137329128","1.73571483454318","0.641061702026521","21.78798696",
"11/6/2004","-51.875","-4.83955001831055","219","37.858","21.343","0","1.72907733659401","0.503399140967592","28.55345148",
"11/7/2004","-51.875","-4.83955001831055","219","37.444","22.202","0","2.21769248913194","0.506492837412826","21.92001192",
"11/8/2004","-51.875","-4.83955001831055","219","37.468","23.514","0","1.63545631950574","0.476098870215319","18.5673312",
"11/9/2004","-51.875","-4.83955001831055","219","36.154","22.299","0.9286896528","1.59772571127749","0.560094886586031","18.97487172",
"11/10/2004","-51.875","-4.83955001831055","219","36.872","21.541","1.0265345784","1.65585078538004","0.618501802860667","20.68824312",
"11/11/2004","-51.875","-4.83955001831055","219","35.716","22.721","0","1.72649117114809","0.545829083591042","20.39529168",
"11/12/2004","-51.875","-4.83955001831055","219","37.075","23.649","0","2.23920011554226","0.512673121631526","25.79315832",
"11/13/2004","-51.875","-4.83955001831055","219","36.256","26.13","0","1.75106027028082","0.503407363210023","19.0767906",
"11/14/2004","-51.875","-4.83955001831055","219","34.956","22.368","0.638579628","1.29564557226113","0.553916682775927","16.02579618",
"11/15/2004","-51.875","-4.83955001831055","219","36.761","23.365","0.51498396","1.70443326493754","0.508793822917553","19.74936924",
"11/16/2004","-51.875","-4.83955001831055","219","38.493","23.141","0.139045716","2.05652063208893","0.482188466847033","21.33084528",
"11/17/2004","-51.875","-4.83955001831055","219","36.98","22.696","0","1.947350199352","0.491800430630308","28.31213664",
"11/18/2004","-51.875","-4.83955001831055","219","36.839","24.771","0","1.81749561947965","0.459491025820877","28.09209618",
"11/19/2004","-51.875","-4.83955001831055","219","34.03","24.175","0","1.97150068735554","0.519184742807705","18.01406736",
"11/20/2004","-51.875","-4.83955001831055","219","37.206","23.842","0.0274658184","1.74198408273173","0.561977619345895","14.57111412",
"11/21/2004","-51.875","-4.83955001831055","219","34.635","23.86","2.137183812","1.87514856776492","0.601111190810359","26.95112532",
"11/22/2004","-51.875","-4.83955001831055","219","34.395","24.634","0","1.37676447551073","0.624910180609526","8.43119946",
"11/23/2004","-51.875","-4.83955001831055","219","34.224","21.412","0.034332264","1.37691280077863","0.639819989569847","16.23993984",
"11/24/2004","-51.875","-4.83955001831055","219","37.542","20.939","0.060081624","1.41280161630863","0.558825820045455","20.30068278",
"11/25/2004","-51.875","-4.83955001831055","219","37.309","24.983","0.133895916","0.984082901562565","0.533509283793302","18.173925",
"11/26/2004","-51.875","-4.83955001831055","219","33.617","23.091","0.205993548","1.44717666229667","0.606698234824445","16.84788642",
"11/27/2004","-51.875","-4.83955001831055","219","35.682","21.076","1.07631648","1.55818602539377","0.598074286517172","22.21368588",
"11/28/2004","-51.875","-4.83955001831055","219","38.127","23.407","0","1.61274839628728","0.491538573750569","22.9680018",
"11/29/2004","-51.875","-4.83955001831055","219","35.432","21.16","0.216293436","1.39967676070866","0.569693135510134","21.985371",
"11/30/2004","-51.875","-4.83955001831055","219","34.133","22.977","21.825887868","0.636436582137412","0.768001470074547","8.84739222",
"12/1/2004","-51.875","-4.83955001831055","219","39.336","22.254","0","1.32339011838369","0.504628267266268","17.34778332",
"12/2/2004","-51.875","-4.83955001831055","219","37.096","24.266","0.0532152","1.2697319222511","0.443653586363459","18.472158",
"12/3/2004","-51.875","-4.83955001831055","219","34.64","21.732","0.56819916","1.76113581172964","0.611889647672174","19.9848303",
"12/4/2004","-51.875","-4.83955001831055","219","34.869","23.834","0.15964506","1.58196754994967","0.588795934426642","12.91809672",
"12/5/2004","-51.875","-4.83955001831055","219","35.55","23.526","0.0068664528","1.73311917190229","0.554474434544611","16.68257136",
"12/6/2004","-51.875","-4.83955001831055","219","35.138","23.144","0","1.39727401190056","0.567013161447052","22.8899277",
"12/7/2004","-51.875","-4.83955001831055","219","38.285","24.517","0","1.69817065141131","0.454392508269228","19.93291434",
"12/8/2004","-51.875","-4.83955001831055","219","35.529","22.627","0","1.30602410490749","0.498950908211854","18.44071506",
"12/9/2004","-51.875","-4.83955001831055","219","35.531","24.997","0.061798104","1.47017150767136","0.507165546034567","15.0105942",
"12/10/2004","-51.875","-4.83955001831055","219","37.469","24.011","0.00686646","1.22983548134932","0.528242830068688","12.9516246",
"12/11/2004","-51.875","-4.83955001831055","219","36.87","26.928","0","1.5458866204537","0.467440624078179","18.42278148",
"12/12/2004","-51.875","-4.83955001831055","219","36.683","22.546","0","1.49709984398362","0.542999314536389","19.31360832",
"12/13/2004","-51.875","-4.83955001831055","219","38.799","24.518","0.17852778","1.79867392539681","0.439662611394676","21.20090688",
"12/14/2004","-51.875","-4.83955001831055","219","36.23","23.802","0","1.6199058391211","0.582951273313739","12.10550778",
"12/15/2004","-51.875","-4.83955001831055","219","31.505","21.965","8.24146236","1.68335654115013","0.734490320692159","26.87664996",
"12/16/2004","-51.875","-4.83955001831055","219","34.091","22.526","0.59909796","1.45137391199958","0.7286869733","18.140795928",
"12/17/2004","-51.875","-4.83955001831055","219","34.845","21.213","1.21707882","1.24620801772863","0.650924172333083","19.44905418",
"12/18/2004","-51.875","-4.83955001831055","219","27.794","21.542","3.90787056","1.66210523904433","0.82658150480623","5.813378208",
"12/19/2004","-51.875","-4.83955001831055","219","35.428","20.428","2.56118904","1.15375058787023","0.747347223668217","16.43467536",
"12/20/2004","-51.875","-4.83955001831055","219","33.201","21.562","9.3212163864","1.56576859828622","0.845805500839182","20.08731672",
"12/21/2004","-51.875","-4.83955001831055","219","30.603","22.303","2.134608768","1.1798679346127","0.783524867845337","15.758660808",
"12/22/2004","-51.875","-4.83955001831055","219","33.908","21.069","0.077247612","1.50381822519111","0.67014471269674","17.417696472",
"12/23/2004","-51.875","-4.83955001831055","219","28.939","22.937","12.6874963944","1.43866975088193","0.885962968603781","26.46433026",
"12/24/2004","-51.875","-4.83955001831055","219","29.681","22.738","27.41775156","1.36263514061148","0.909484840240754","14.708362968",
"12/25/2004","-51.875","-4.83955001831055","219","25.574","22.832","44.6594446944","0.807806474270628","0.967021219340824","11.7968076",
"12/26/2004","-51.875","-4.83955001831055","219","30.727","21.225","3.2615659728","0.712478484258779","0.854555837952256","16.95200832",
"12/27/2004","-51.875","-4.83955001831055","219","29.325","20.867","7.1325279864","1.00787187511381","0.858078396496721","27.192935808",
"12/28/2004","-51.875","-4.83955001831055","219","26.221","21.608","5.0846096088","1.14739663141141","0.944265805841387","9.75155256",
"12/29/2004","-51.875","-4.83955001831055","219","32.603","22.322","0.9784701864","1.19439811108809","0.782305849162452","21.4864344",
"12/30/2004","-51.875","-4.83955001831055","219","28.137","21.048","15.638353956","1.00588155374707","0.914920112691946","6.755684904",
"12/31/2004","-51.875","-4.83955001831055","219","31.573","20.669","4.16708208","1.30651845631062","0.835918688183643","25.53288696",
"1/1/2005","-51.875","-4.83955001831055","219","30.88","22.467","9.978674436","1.05571339258208","0.873740461351065","17.031199572",
"1/2/2005","-51.875","-4.83955001831055","219","35.245","21.134","0.0549316656","1.31179958016698","0.691750564597756","21.19742442",
"1/3/2005","-51.875","-4.83955001831055","219","35.756","19.864","2.485657944","1.23820475650709","0.681554672566143","19.39280112",
"1/4/2005","-51.875","-4.83955001831055","219","35.292","22.671","2.669332716","1.01500656920166","0.708161455257473","18.376594128",
"1/5/2005","-51.875","-4.83955001831055","219","34.142","20.739","0.0205993728","1.43671485301186","0.606537340600177","18.84211506",
"1/6/2005","-51.875","-4.83955001831055","219","36.764","20.723","0","1.35698189921289","0.60624412245003","21.13228386",
"1/7/2005","-51.875","-4.83955001831055","219","33.657","24.787","0.140762376","1.3760838119266","0.575298581607277","11.9143143",
"1/8/2005","-51.875","-4.83955001831055","219","37.98","22.322","0.02746584","1.56463896152037","0.569849214661001","24.54221268",
"1/9/2005","-51.875","-4.83955001831055","219","36.207","23.36","0.07553088","1.62544142919816","0.541196778064986","22.34812608",
"1/10/2005","-51.875","-4.83955001831055","219","31.766","21.586","8.99849016","1.26785267757388","0.792343200322267","25.97022576",
"1/11/2005","-51.875","-4.83955001831055","219","33.61","21.587","2.2968301968","1.45702818474591","0.72928226203986","21.11180418",
"1/12/2005","-51.875","-4.83955001831055","219","28.934","21.402","9.78126264","1.13244541835843","0.939252402808484","19.3462875",
"1/13/2005","-51.875","-4.83955001831055","219","34.983","22.172","0","1.08754988362811","0.718336011056931","15.44822064",
"1/14/2005","-51.875","-4.83955001831055","219","32.95","23.116","0.22831002","2.07208130685047","0.65452752237078","24.27226668",
"1/15/2005","-51.875","-4.83955001831055","219","36.501","23.817","3.005791812","1.7294589081714","0.693164834353069","19.6642683",
"1/16/2005","-51.875","-4.83955001831055","219","25.931","21.663","16.3593324","1.12943323659874","0.964539485869057","5.02717716",
"1/17/2005","-51.875","-4.83955001831055","219","27.914","22.109","13.5372156264","0.997435516077908","0.956765687825815","14.87548656",
"1/18/2005","-51.875","-4.83955001831055","219","31.914","21.616","12.337287912","1.16241849300146","0.872831292524885","23.91103224",
"1/19/2005","-51.875","-4.83955001831055","219","29.897","22.461","11.4532431264","0.622123632550569","0.909614815924112","10.80214182",
"1/20/2005","-51.875","-4.83955001831055","219","25.746","22.265","22.1340204","0.82194019575186","0.974878516124956","12.26728512",
"1/21/2005","-51.875","-4.83955001831055","219","29.26","20.891","1.2496945104","1.0059058254828","0.900802032765877","8.145558",
"1/22/2005","-51.875","-4.83955001831055","219","25.317","22.325","21.275711496","0.982796569560275","0.975919760328082","9.59512266",
"1/23/2005","-51.875","-4.83955001831055","219","31.196","21.779","8.445740148","1.02838169986125","0.861866692699158","19.007496072",
"1/24/2005","-51.875","-4.83955001831055","219","29.937","22.883","19.490431752","0.96352025101155","0.941425167083736","23.084891352",
"1/25/2005","-51.875","-4.83955001831055","219","25.335","21.899","14.69765286","1.05782162683712","0.971075111268418","13.324949532",
"1/26/2005","-51.875","-4.83955001831055","219","32.915","20.972","1.956940056","1.1766777153386","0.840458149167231","17.117833968",
"1/27/2005","-51.875","-4.83955001831055","219","32.958","23.204","5.9051526264","1.51563360088158","0.866503179128176","27.078474168",
"1/28/2005","-51.875","-4.83955001831055","219","30.013","21.89","10.783766124","1.0907539359331","0.908011989911384","26.688265272",
"1/29/2005","-51.875","-4.83955001831055","219","36.075","21.286","8.06808618","1.13780777385988","0.776238869667808","19.20864348",
"1/30/2005","-51.875","-4.83955001831055","219","31.01","22.827","19.081880244","1.3841514619583","0.872840512874923","20.912344488",
"1/31/2005","-51.875","-4.83955001831055","219","31.771","22.418","6.95056824","1.11008486181931","0.883201959611917","17.69315724",
"2/1/2005","-51.875","-4.83955001831055","219","32.265","22.326","13.5372164904","0.98411646931997","0.897060424934233","23.80465692",
"2/2/2005","-51.875","-4.83955001831055","219","30.233","22.781","16.25976252","1.11718538644965","0.897494420398005","15.854177808",
"2/3/2005","-51.875","-4.83955001831055","219","25.9","22.876","21.70830168","0.867838436787746","0.974747563425463","9.37051839",
"2/4/2005","-51.875","-4.83955001831055","219","27.436","22.561","19.680976332","1.03818073310381","0.95431955192509","17.31729762",
"2/5/2005","-51.875","-4.83955001831055","219","31.829","22.015","10.450747872","1.03908865475004","0.910996443586178","18.26993916",
"2/6/2005","-51.875","-4.83955001831055","219","32.318","22.828","3.2890355352","1.17559433093548","0.83646173880411","22.98717936",
"2/7/2005","-51.875","-4.83955001831055","219","33.93","23.395","1.7715445992","0.925195821054429","0.8112740345585","11.40480378",
"2/8/2005","-51.875","-4.83955001831055","219","31.466","21.114","9.1426879728","1.22492932532128","0.901721907021017","27.514915128",
"2/9/2005","-51.875","-4.83955001831055","219","29.729","23.336","0.6557467824","1.06765456927961","0.89231505730159","7.36717968",
"2/10/2005","-51.875","-4.83955001831055","219","29.514","22.843","4.888921392","0.820706166919905","0.935016230649826","13.8535965",
"2/11/2005","-51.875","-4.83955001831055","219","29.515","23.621","4.95071406","0.959759884932049","0.885637252856335","17.1074835",
"2/12/2005","-51.875","-4.83955001831055","219","26.757","23.039","17.9866725264","1.11648084366037","0.953724251743397","19.25606079",
"2/13/2005","-51.875","-4.83955001831055","219","26.168","22.936","10.148616","0.980469029390246","0.970183138522926","13.4544942",
"2/14/2005","-51.875","-4.83955001831055","219","25.746","23.051","10.316848932","1.16384309986134","0.972167089235475","10.588276152",
"2/15/2005","-51.875","-4.83955001831055","219","25.071","22.496","30.521399724","0.948194136057917","0.977641394361614","7.674749118",
"2/16/2005","-51.875","-4.83955001831055","219","29.464","21.949","34.467897888","0.936927858459004","0.936475247592402","13.081609782",
"2/17/2005","-51.875","-4.83955001831055","219","24.129","21.923","6.4098399888","0.770435597636741","0.973782185512007","3.416793732",
"2/18/2005","-51.875","-4.83955001831055","219","30.206","21.432","0.3879547272","1.31197583601775","0.847179307906187","18.53797554",
"2/19/2005","-51.875","-4.83955001831055","219","32.281","21.081","3.5430918624","1.25818632104931","0.842312519334139","18.534370122",
"2/20/2005","-51.875","-4.83955001831055","219","27.746","23.104","14.83154244","0.979165495843256","0.956662851341118","25.4336103",
"2/21/2005","-51.875","-4.83955001831055","219","26.539","23.063","23.97422376","0.901143109220502","0.970628734144003","12.66345054",
"2/22/2005","-51.875","-4.83955001831055","219","26.879","23.351","20.477491488","0.751615154773902","0.969865358411294","13.761333018",
"2/23/2005","-51.875","-4.83955001831055","219","24.793","22.566","72.0943219728","0.607029276644657","0.979151502236584","3.82432581",
"2/24/2005","-51.875","-4.83955001831055","219","27.755","22.76","12.8437029","0.543617488106147","0.961700727206929","12.665024208",
"2/25/2005","-51.875","-4.83955001831055","219","27.133","23.186","9.067151772","0.794930022360613","0.962641782441637","21.36127986",
"2/26/2005","-51.875","-4.83955001831055","219","32.09","22.841","4.202270316","1.06225916515749","0.854602403700958","22.03558938",
"2/27/2005","-51.875","-4.83955001831055","219","33.244","22.264","12.545011008","1.30442764319759","0.877007948395663","27.443650968",
"2/28/2005","-51.875","-4.83955001831055","219","28.741","23.498","13.303761804","1.08184200748305","0.944099468656014","16.985758482",
"3/1/2005","-51.875","-4.83955001831055","219","30.546","23.611","12.6480116304","1.07789910150096","0.92981329923982","16.890300792",
"3/2/2005","-51.875","-4.83955001831055","219","32.948","23.658","7.005499524","1.19628844976892","0.864721055258037","24.728293332",
"3/3/2005","-51.875","-4.83955001831055","219","27.204","24.092","23.998266216","0.970890389096939","0.972836876253872","17.87608584",
"3/4/2005","-51.875","-4.83955001831055","219","26.108","23.552","90.4003578","0.895134489112094","0.976783317185974","6.738293322",
"3/5/2005","-51.875","-4.83955001831055","219","27.151","23.178","28.09752588","0.85190226267389","0.971870901390614","16.4821482",
"3/6/2005","-51.875","-4.83955001831055","219","30.782","23.406","1.730346768","0.881247610759206","0.87056794980113","16.31626605",
"3/7/2005","-51.875","-4.83955001831055","219","32.465","22.578","10.7425742328","1.04887785816841","0.877247636716299","24.47713584",
"3/8/2005","-51.875","-4.83955001831055","219","31.846","22.459","18.0416132712","1.2230669236657","0.884650396521058","22.13122914",
"3/9/2005","-51.875","-4.83955001831055","219","25.568","21.949","16.51381596","0.909455324899722","0.97563109267166","7.651183068",
"3/10/2005","-51.875","-4.83955001831055","219","30.311","22.424","4.590224712","1.29912552807287","0.893338969969121","19.814744808",
"3/11/2005","-51.875","-4.83955001831055","219","31.34","21.438","3.09333888","1.33337125211723","0.847257444470072","19.44647316",
"3/12/2005","-51.875","-4.83955001831055","219","30.595","23.026","15.63491592","1.10812680066327","0.920107514392923","20.08929006",
"3/13/2005","-51.875","-4.83955001831055","219","25.583","21.763","25.2239256","1.1776434988269","0.976476098854172","7.851370572",
"3/14/2005","-51.875","-4.83955001831055","219","30.141","21.191","18.199534392","0.681783912170771","0.937828867854641","15.826725612",
"3/15/2005","-51.875","-4.83955001831055","219","24.981","23.063","119.3698908","0.97806367319406","0.978313021881817","4.0201884",
"3/16/2005","-51.875","-4.83955001831055","219","23.716","21.374","20.03631696","1.03102543390274","0.980813969544634","1.986749892",
"3/17/2005","-51.875","-4.83955001831055","219","29.348","20.189","3.7559536272","0.676917748051402","0.929523043514639","12.1931424",
"3/18/2005","-51.875","-4.83955001831055","219","28.587","20.292","9.11178918","0.573838385458162","0.947186927136392","19.69605216",
"3/19/2005","-51.875","-4.83955001831055","219","31.518","22.117","5.73005952","1.22284717187463","0.881500114360117","18.778447782",
"3/20/2005","-51.875","-4.83955001831055","219","29.79","22.309","3.446959788","1.60403894149018","0.872572957222697","22.31015454",
"3/21/2005","-51.875","-4.83955001831055","219","27.887","22.363","20.06376138","1.1538318529802","0.944399075535099","25.124576472",
"3/22/2005","-51.875","-4.83955001831055","219","25.674","22.467","17.1249336","0.949681151457779","0.973048815313516","10.84095288",
"3/23/2005","-51.875","-4.83955001831055","219","27.861","22.649","14.93453574","1.09916376971238","0.94830635723024","19.74926511",
"3/24/2005","-51.875","-4.83955001831055","219","24.823","19.677","53.02618992","0.723621894998255","0.979174308179035","7.57749744",
"3/25/2005","-51.875","-4.83955001831055","219","31.382","21.062","5.496596712","0.933696284964799","0.912491967524783","22.04588898",
"3/26/2005","-51.875","-4.83955001831055","219","33.72","21.139","6.432151248","0.842586614523565","0.853518694795631","26.40318426",
"3/27/2005","-51.875","-4.83955001831055","219","26.521","22.444","14.361194124","0.883532672560497","0.969174543700912","18.27808956",
"3/28/2005","-51.875","-4.83955001831055","219","29.528","22.988","14.80579668","1.22906092895208","0.929545368584966","17.48857176",
"3/29/2005","-51.875","-4.83955001831055","219","28.357","21.917","7.8638067864","0.914233673241498","0.948797625385494","14.5746468",
"3/30/2005","-51.875","-4.83955001831055","219","24.739","22.314","30.17295072","0.748217062900669","0.978566229840718","5.36799402",
"3/31/2005","-51.875","-4.83955001831055","219","32.293","22.051","13.22479764","0.771500383876104","0.898281246203692","15.69819978",
"4/1/2005","-51.875","-4.83955001831055","219","27.474","22.979","9.59587632","1.00098604083971","0.957294817087907","21.50993862",
"4/2/2005","-51.875","-4.83955001831055","219","31.668","22.707","5.3850148056","1.18243851623983","0.86103558770392","23.16307212",
"4/3/2005","-51.875","-4.83955001831055","219","32.239","22.994","6.7943576304","1.25415936199346","0.855463134175671","21.06084906",
"4/4/2005","-51.875","-4.83955001831055","219","31.429","22.628","5.4450997128","1.19626104802159","0.869241112636615","23.43936564",
"4/5/2005","-51.875","-4.83955001831055","219","29.512","23.209","11.80687608","1.2908626982535","0.924359988501944","24.02465526",
"4/6/2005","-51.875","-4.83955001831055","219","30.342","23.291","7.481005632","1.14894789989175","0.902737162281767","23.64069042",
"4/7/2005","-51.875","-4.83955001831055","219","31.943","22.816","0.4325867208","1.29581382498953","0.825058642552381","21.28426308",
"4/8/2005","-51.875","-4.83955001831055","219","33.252","21.133","1.3406756832","1.27352265281766","0.812570115331791","25.17299568",
"4/9/2005","-51.875","-4.83955001831055","219","33.792","20.97","1.2093542136","0.857467327214447","0.776707709022878","20.49502446",
"4/10/2005","-51.875","-4.83955001831055","219","33.455","20.575","1.58271822","1.09545045202382","0.766814194491292","22.50979164",
"4/11/2005","-51.875","-4.83955001831055","219","31.019","22.481","4.2469047792","1.02755766420101","0.875904905164161","16.87235868",
"4/12/2005","-51.875","-4.83955001831055","219","32.107","22.858","5.5051797312","1.39704302145462","0.856413247066122","22.3847433",
"4/13/2005","-51.875","-4.83955001831055","219","31.861","22.809","3.2426823024","1.01405102146418","0.876217014104836","9.39633372",
"4/14/2005","-51.875","-4.83955001831055","219","30.463","22.883","9.0139380264","0.775292041460576","0.929165142341607","14.6516598",
"4/15/2005","-51.875","-4.83955001831055","219","30.96","23.094","5.9721012792","0.921832704021828","0.904254872252174","22.2518295",
"4/16/2005","-51.875","-4.83955001831055","219","31.02","21.935","7.8303282984","0.793754487494816","0.934826351402779","20.595378888",
"4/17/2005","-51.875","-4.83955001831055","219","31.054","23.159","7.7419304424","0.913837961961338","0.884297194848914","20.26355922",
"4/18/2005","-51.875","-4.83955001831055","219","32.592","21.075","7.784847252","0.948195488629244","0.894844467516525","19.78329294",
"4/19/2005","-51.875","-4.83955001831055","219","34.401","21.904","1.4196393216","0.966572032823629","0.816872715328131","18.65840274",
"4/20/2005","-51.875","-4.83955001831055","219","32.441","22.099","2.9783235384","1.2139359125226","0.842966155176044","19.94372316",
"4/21/2005","-51.875","-4.83955001831055","219","32.31","21.931","6.155780148","1.10126736751435","0.864929258562935","20.81891358",
"4/22/2005","-51.875","-4.83955001831055","219","32.661","22.305","8.3805048","1.0739389301846","0.857809105259226","24.4032759",
"4/23/2005","-51.875","-4.83955001831055","219","30.631","22.786","7.13939796","1.10060677356464","0.895775619348583","24.02071794",
"4/24/2005","-51.875","-4.83955001831055","219","31.463","22.625","5.3747218656","1.33731688084279","0.899643740379712","24.12551304",
"4/25/2005","-51.875","-4.83955001831055","219","29.823","23.037","8.1865287864","0.917771208539968","0.925221124387421","22.43648124",
"4/26/2005","-51.875","-4.83955001831055","219","28.47","21.796","10.56747402","0.921824899752529","0.935743350190814","22.44864042",
"4/27/2005","-51.875","-4.83955001831055","219","27.71","21.012","9.543514068","0.587826219689964","0.960160654769805","18.05726286",
"4/28/2005","-51.875","-4.83955001831055","219","25.099","21.699","41.275976112","0.862109780988434","0.976747231470003","4.57886286",
"4/29/2005","-51.875","-4.83955001831055","219","29.537","21.046","19.9041204528","0.691095665935423","0.931865584366085","17.1407259",
"4/30/2005","-51.875","-4.83955001831055","219","28.095","22.266","59.26089492","1.03658189911161","0.939104274289669","7.9591518",
"5/1/2005","-51.875","-4.83955001831055","219","27.743","21.407","13.6779835464","0.383933846167227","0.955788702680197","17.32381524",
"5/2/2005","-51.875","-4.83955001831055","219","23.646","21.979","170.52410232","0.62717101660525","0.982509415999514","0.796387626",
"5/3/2005","-51.875","-4.83955001831055","219","31.656","21.495","7.0140834","0.663863861659997","0.91378216480049","16.13368386",
"5/4/2005","-51.875","-4.83955001831055","219","30.109","22.14","14.374923696","1.13356544206232","0.912478852503685","18.55056996",
"5/5/2005","-51.875","-4.83955001831055","219","27.385","22.464","21.8215986264","1.27716312098846","0.95147382054281","18.0649134",
"5/6/2005","-51.875","-4.83955001831055","219","29.871","22.835","8.910938376","0.919156138432769","0.919175359180751","15.83004672",
"5/7/2005","-51.875","-4.83955001831055","219","31.101","22.5","3.702732228","1.32369322738507","0.867644519597151","16.15725828",
"5/8/2005","-51.875","-4.83955001831055","219","31.414","22.569","13.914871272","1.05937547359027","0.904206677695924","16.4867121",
"5/9/2005","-51.875","-4.83955001831055","219","33.059","21.41","5.1858878904","1.48720625609571","0.765188051712488","24.5154987",
"5/10/2005","-51.875","-4.83955001831055","219","32.932","21.948","0.44288622","1.56512374141229","0.725045546087223","23.92475274",
"5/11/2005","-51.875","-4.83955001831055","219","33.736","20.917","0","1.33337252312376","0.701448375651992","18.85437882",
"5/12/2005","-51.875","-4.83955001831055","219","33.792","20.932","0.62141436","1.57170325949857","0.683956179321219","18.96997338",
"5/13/2005","-51.875","-4.83955001831055","219","32.027","20.982","1.07116722","1.45471774499063","0.753229417060265","15.13743624",
"5/14/2005","-51.875","-4.83955001831055","219","33.177","20.695","0.0205993584","1.40737694051828","0.734567317725454","21.88097172",
"5/15/2005","-51.875","-4.83955001831055","219","32.451","22.006","0.139045788","1.45077469833463","0.724494091030766","15.99496326",
"5/16/2005","-51.875","-4.83955001831055","219","34.304","22.111","0","1.36788151301157","0.633711488001916","22.05584766",
"5/17/2005","-51.875","-4.83955001831055","219","34.313","19.38","0","1.20565096519055","0.613820377442389","24.6688911",
"5/18/2005","-51.875","-4.83955001831055","219","35.339","22.972","0","0.826748145276711","0.681440501031151","19.09175472",
"5/19/2005","-51.875","-4.83955001831055","219","34.844","21.735","0","1.21633139603473","0.68394116243464","20.31221538",
"5/20/2005","-51.875","-4.83955001831055","219","31.237","22.344","4.7035209168","1.21316694778922","0.846970254497324","17.58976992",
"5/21/2005","-51.875","-4.83955001831055","219","28.784","22.322","4.4477468352","0.95438553501272","0.944564551941264","14.235525",
"5/22/2005","-51.875","-4.83955001831055","219","32.435","23.071","20.372776164","1.1514300944217","0.867198502722622","22.8234942",
"5/23/2005","-51.875","-4.83955001831055","219","31.044","23.03","5.117225976","1.14408051094804","0.904950494283132","14.82401142",
"5/24/2005","-51.875","-4.83955001831055","219","29.969","22.506","2.9628718704","1.34845076510261","0.870590579397687","20.00474568",
"5/25/2005","-51.875","-4.83955001831055","219","29.176","20.684","9.242249616","0.775321866576754","0.913132969014733","19.20571758",
"5/26/2005","-51.875","-4.83955001831055","219","30.324","21.735","8.6319978264","0.746448769584347","0.939030913365778","20.59599114",
"5/27/2005","-51.875","-4.83955001831055","219","30.545","22.466","0.8033752152","1.17783530034205","0.865990914811974","11.62732518",
"5/28/2005","-51.875","-4.83955001831055","219","32.378","20.183","0.9046556784","1.25465134862982","0.795518927312543","22.00933404",
"5/29/2005","-51.875","-4.83955001831055","219","32.098","21.148","2.72169324","1.26811666528692","0.803146724406764","18.3170844",
"5/30/2005","-51.875","-4.83955001831055","219","32.947","22.032","0.030899052","1.42261610376395","0.676100536211653","18.85702932",
"5/31/2005","-51.875","-4.83955001831055","219","32.777","20.715","0","1.7642640504746","0.642947692002618","19.235025",
"6/1/2005","-51.875","-4.83955001831055","219","33.431","21.818","1.99298628","1.54674486840673","0.704605396806819","16.54391466",
"6/2/2005","-51.875","-4.83955001831055","219","33.364","19.71","1.0042192944","1.26751341398806","0.72513030575093","19.55345616",
"6/3/2005","-51.875","-4.83955001831055","219","33.596","21.24","0.0034332264","1.56209319560275","0.612343238448986","18.81000054",
"6/4/2005","-51.875","-4.83955001831055","219","33.444","20.755","0","1.78517686667302","0.597765627789908","22.80229182",
"6/5/2005","-51.875","-4.83955001831055","219","33.028","19.798","0","1.71583924252179","0.611921300320592","22.93194132",
"6/6/2005","-51.875","-4.83955001831055","219","33.568","23.013","0","1.51368072544171","0.592169814560729","18.66768462",
"6/7/2005","-51.875","-4.83955001831055","219","33.198","21.529","0","1.47217395350768","0.576479506450955","22.63201668",
"6/8/2005","-51.875","-4.83955001831055","219","33.405","22.539","0","1.66644240830502","0.618477184715783","18.30751992",
"6/9/2005","-51.875","-4.83955001831055","219","32.544","20.828","0","1.17173189258854","0.713215371888782","16.00048296",
"6/10/2005","-51.875","-4.83955001831055","219","33.551","21.451","0","1.12772240309765","0.666855651242465","16.9964442",
"6/11/2005","-51.875","-4.83955001831055","219","34.009","19.094","0","1.57302918197065","0.547266065302939","23.7108393",
"6/12/2005","-51.875","-4.83955001831055","219","33.623","19.804","0","1.59897202592732","0.557665284183752","22.7653335",
"6/13/2005","-51.875","-4.83955001831055","219","33.885","20.091","0","1.66183744935159","0.525246643611285","23.34527082",
"6/14/2005","-51.875","-4.83955001831055","219","33.802","22.795","0.02059938","1.63809937425237","0.583038482932738","17.16631812",
"6/15/2005","-51.875","-4.83955001831055","219","33.067","20.721","0","1.35053592678513","0.670098946273626","16.38236628",
"6/16/2005","-51.875","-4.83955001831055","219","31.627","22.871","0.1922608944","0.737500249058815","0.736320698756782","9.978920208",
"6/17/2005","-51.875","-4.83955001831055","219","33.884","19.363","0.66261348","0.771396648913749","0.743781920911078","16.43917032",
"6/18/2005","-51.875","-4.83955001831055","219","33.98","18.038","0","1.12619798501547","0.621201635501861","23.17162842",
"6/19/2005","-51.875","-4.83955001831055","219","33.04","20.419","0.123595992","1.28296563770435","0.648975860479223","15.20505234",
"6/20/2005","-51.875","-4.83955001831055","219","31.735","21.823","0.3570557904","0.884841260334474","0.704836297026689","9.56660382",
"6/21/2005","-51.875","-4.83955001831055","219","33.11","22.263","0.2437592904","0.933380797314892","0.70373554898179","15.15509874",
"6/22/2005","-51.875","-4.83955001831055","219","35.137","19.169","0","1.42238016154516","0.58730287539214","20.488275",
"6/23/2005","-51.875","-4.83955001831055","219","34.039","22.675","0.338172912","0.92366283969335","0.686649473941473","15.02296272",
"6/24/2005","-51.875","-4.83955001831055","219","33.515","17.45","0.20427732","1.00456552163689","0.722519564002812","17.24175162",
"6/25/2005","-51.875","-4.83955001831055","219","33.269","20.335","0.127029312","1.04149962589294","0.65037407361642","15.68182284",
"6/26/2005","-51.875","-4.83955001831055","219","33.435","21.338","0.226592928","0.942293329009054","0.702308110054386","9.9432576",
"6/27/2005","-51.875","-4.83955001831055","219","32.339","19.44","0.063514872","1.7108940325199","0.705435461946729","18.7485732",
"6/28/2005","-51.875","-4.83955001831055","219","31.714","20.705","0.0789641064","1.82139196992195","0.718385965597595","15.15853476",
"6/29/2005","-51.875","-4.83955001831055","219","34.527","19.579","0.0240326064","1.72439885463985","0.623959624073461","22.56873606",
"6/30/2005","-51.875","-4.83955001831055","219","33.403","20.098","0","1.77103797706976","0.554715940106896","15.8207058",
"7/1/2005","-51.875","-4.83955001831055","219","34.016","19.616","0","1.25417924067294","0.564005403540243","14.08995378",
"7/2/2005","-51.875","-4.83955001831055","219","32.535","18.519","0","1.28544907903548","0.585330411709297","22.53847608",
"7/3/2005","-51.875","-4.83955001831055","219","34.801","17.27","0","1.2769447218358","0.600280156420677","22.67133696",
"7/4/2005","-51.875","-4.83955001831055","219","35.416","19.188","0","1.32181659205349","0.494011164254036","22.61638116",
"7/5/2005","-51.875","-4.83955001831055","219","33.888","18.734","0","1.06872221158789","0.624710990895055","15.79837572",
"7/6/2005","-51.875","-4.83955001831055","219","33.354","18.923","0.1296042408","1.14684065921046","0.619875592717046","21.41404164",
"7/7/2005","-51.875","-4.83955001831055","219","32.65","17.389","0","1.33852668413828","0.527749514277509","17.1057888",
"7/8/2005","-51.875","-4.83955001831055","219","35.154","19.833","0","1.32586105821941","0.472753108252342","21.67058934",
"7/9/2005","-51.875","-4.83955001831055","219","33.466","20","0.0789642288","1.05823182998709","0.681218651986166","17.20394712",
"7/10/2005","-51.875","-4.83955001831055","219","31.712","21.713","0.1390457088","1.18779375518307","0.6732049823836","14.02149006",
"7/11/2005","-51.875","-4.83955001831055","219","33.179","19.208","0","1.69358351124618","0.501057545983609","23.85749016",
"7/12/2005","-51.875","-4.83955001831055","219","33.978","20.845","0","1.58465396158221","0.477235950562248","18.68574132",
"7/13/2005","-51.875","-4.83955001831055","219","33.358","19.431","0","1.42140038877948","0.523285200422585","19.25989146",
"7/14/2005","-51.875","-4.83955001831055","219","33.668","23.212","0","1.46074122797513","0.501029090547502","15.8521581",
"7/15/2005","-51.875","-4.83955001831055","219","34.459","20.118","0","1.76648383490668","0.473928287705017","24.44630004",
"7/16/2005","-51.875","-4.83955001831055","219","34.231","19.705","0","1.75329311548685","0.4989472264402","20.51724096",
"7/17/2005","-51.875","-4.83955001831055","219","35.076","19.664","0","1.68800482594943","0.492999212321087","24.23222298",
"7/18/2005","-51.875","-4.83955001831055","219","35.379","20.153","0","1.69185525077688","0.487392036034829","24.63300252",
"7/19/2005","-51.875","-4.83955001831055","219","35.28","20.228","0","1.5648026624184","0.479403147154347","23.44387842",
"7/20/2005","-51.875","-4.83955001831055","219","34.69","20.381","0","1.53842974884097","0.457466233443194","22.28957154",
"7/21/2005","-51.875","-4.83955001831055","219","33.952","20.029","0.1922608368","1.38476201822338","0.608267584034274","16.418133",
"7/22/2005","-51.875","-4.83955001831055","219","34.893","21.704","0","1.85169419950135","0.461864316221829","24.788367",
"7/23/2005","-51.875","-4.83955001831055","219","34.404","17.204","0","1.57682611555961","0.414473973969153","25.18672518",
"7/24/2005","-51.875","-4.83955001831055","219","34.991","18.6","0","1.79544369701615","0.406704597648048","25.08277698",
"7/25/2005","-51.875","-4.83955001831055","219","35.191","19.964","0","1.77077002751611","0.414310318547685","25.00133022",
"7/26/2005","-51.875","-4.83955001831055","219","35.272","20.568","0","1.68363057380291","0.425181504443391","24.90564258",
"7/27/2005","-51.875","-4.83955001831055","219","35.827","18.127","0","1.48002158002066","0.397953791248299","24.5226375",
"7/28/2005","-51.875","-4.83955001831055","219","34.286","19.185","0","1.32839931082159","0.454275945862471","18.75606048",
"7/29/2005","-51.875","-4.83955001831055","219","34.882","19.846","0","1.40853114705019","0.513225229632882","18.79458624",
"7/30/2005","-51.875","-4.83955001831055","219","35.247","19.414","0","1.70325789946418","0.416646820194571","25.15714182",
"7/31/2005","-51.875","-4.83955001831055","219","35.795","19.916","0","1.78598502589238","0.353146055535549","25.37336556",
"8/1/2005","-51.875","-4.83955001831055","219","35.747","19.73","0","1.73866910076534","0.383696008246901","25.21524312",
"8/2/2005","-51.875","-4.83955001831055","219","35.319","20.43","0","1.67332279027759","0.388418704954005","24.48865656",
"8/3/2005","-51.875","-4.83955001831055","219","35.582","19.651","0","1.82070178571335","0.378623722523046","25.68965742",
"8/4/2005","-51.875","-4.83955001831055","219","36.112","21.381","0","1.65622151240939","0.381469331773162","25.33241124",
"8/5/2005","-51.875","-4.83955001831055","219","36.389","19.042","0","1.59237237765715","0.395078856769033","25.94300526",
"8/6/2005","-51.875","-4.83955001831055","219","36.839","21.549","0","1.77637388701444","0.372988618949859","25.43000616",
"8/7/2005","-51.875","-4.83955001831055","219","36.831","21.12","0","1.91381964316344","0.380794157107784","25.55881614",
"8/8/2005","-51.875","-4.83955001831055","219","37.147","20.968","0","1.72153001093386","0.361951833330618","25.34703948",
"8/9/2005","-51.875","-4.83955001831055","219","37.709","22.85","0","0.969334844072786","0.423629901627588","22.58386434",
"8/10/2005","-51.875","-4.83955001831055","219","34.06","19.678","4.43229858","0.831698907038235","0.719974343633533","16.8095196",
"8/11/2005","-51.875","-4.83955001831055","219","34.348","20.998","0.1253127384","1.14517577661434","0.63393280954414","16.37640198",
"8/12/2005","-51.875","-4.83955001831055","219","34.909","19.357","0","1.14453193953222","0.622655867224746","17.42439654",
"8/13/2005","-51.875","-4.83955001831055","219","33.842","20.816","6.670768212","1.01976450792141","0.777083842595372","12.607310808",
"8/14/2005","-51.875","-4.83955001831055","219","34.823","22.229","0","1.53282753774306","0.604687332056026","18.09906174",
"8/15/2005","-51.875","-4.83955001831055","219","34.876","19.559","0","1.44088090861426","0.603588909678232","17.003032848",
"8/16/2005","-51.875","-4.83955001831055","219","36.317","21.476","0.1235961432","1.41294713958763","0.57071243941398","12.484685808",
"8/17/2005","-51.875","-4.83955001831055","219","34.732","21.152","0","2.07242456615846","0.549880096525938","21.8829393",
"8/18/2005","-51.875","-4.83955001831055","219","35.897","19.942","0","1.64788733013461","0.545397821518101","24.82452828",
"8/19/2005","-51.875","-4.83955001831055","219","36.56","16.704","0","1.53776145423979","0.451006917283014","26.37191502",
"8/20/2005","-51.875","-4.83955001831055","219","35.329","22.057","0","1.20176215593198","0.428535948528319","17.01832446",
"8/21/2005","-51.875","-4.83955001831055","219","37.964","16.639","0","1.51017647865116","0.424863218221148","18.62111448",
"8/22/2005","-51.875","-4.83955001831055","219","36.6","24.917","0","2.14479404663651","0.321670859963668","26.6330295",
"8/23/2005","-51.875","-4.83955001831055","219","37.336","22.228","0","2.09246907487306","0.350154141067377","25.546278168",
"8/24/2005","-51.875","-4.83955001831055","219","37.539","19.275","0","1.65995333217479","0.452089365722864","21.443066712",
"8/25/2005","-51.875","-4.83955001831055","219","36.869","20.792","0","1.22438766940911","0.457357960907977","18.10974474",
"8/26/2005","-51.875","-4.83955001831055","219","36.559","21.466","0","1.80520504234512","0.455810450547277","26.70946704",
"8/27/2005","-51.875","-4.83955001831055","219","38.075","20.22","0","1.64393655664472","0.443168328043158","26.978003208",
"8/28/2005","-51.875","-4.83955001831055","219","34.768","22.703","0","1.96620438314541","0.500743851125153","18.886160808",
"8/29/2005","-51.875","-4.83955001831055","219","35.336","22.162","0","2.38401552096832","0.536768672297188","22.799761848",
"8/30/2005","-51.875","-4.83955001831055","219","34.967","22.487","0","1.75990630652459","0.517018111724331","20.51611992",
"8/31/2005","-51.875","-4.83955001831055","219","34.666","23.611","0","1.84538334172992","0.482329738051786","18.856172232",
"9/1/2005","-51.875","-4.83955001831055","219","35.7","19.589","0","1.47038220394579","0.495303622227881","17.69130072",
"9/2/2005","-51.875","-4.83955001831055","219","37.9","16.306","0","1.46354074243238","0.460764496694205","27.421088328",
"9/3/2005","-51.875","-4.83955001831055","219","37.033","21.668","0","1.5350900502813","0.427396909707457","19.590185448",
"9/4/2005","-51.875","-4.83955001831055","219","35.876","24.02","0.022315968","1.5343713600408","0.457659519282814","19.066105728",
"9/5/2005","-51.875","-4.83955001831055","219","33.017","22.182","3.308774076","1.8567172859491","0.598496152458412","20.511002232",
"9/6/2005","-51.875","-4.83955001831055","219","37.599","22.276","0","1.77698204776847","0.506621683691897","24.734479392",
"9/7/2005","-51.875","-4.83955001831055","219","37.457","23.963","0","1.95082497219647","0.454858461059293","25.37072028",
"9/8/2005","-51.875","-4.83955001831055","219","37.686","24.021","0.01373292","1.76135198791267","0.492682157500669","19.11515364",
"9/9/2005","-51.875","-4.83955001831055","219","36.958","23.51","0","1.63995473560104","0.451819930372923","18.866528352",
"9/10/2005","-51.875","-4.83955001831055","219","35.014","25.017","0","1.57263650811682","0.456855454814037","19.98899982",
"9/11/2005","-51.875","-4.83955001831055","219","35.745","20.461","0","1.52625118901708","0.528741841338935","25.145496792",
"9/12/2005","-51.875","-4.83955001831055","219","37.321","19.568","0","1.48019271069737","0.472134243968334","27.212510808",
"9/13/2005","-51.875","-4.83955001831055","219","37.897","17.774","0","1.48764916153825","0.373390146034117","21.92866614",
"9/14/2005","-51.875","-4.83955001831055","219","39.325","23.882","0","1.69079225519527","0.33837612505016","27.4785237",
"9/15/2005","-51.875","-4.83955001831055","219","38.933","19.322","0","1.28472752610455","0.39555809922384","18.33119982",
"9/16/2005","-51.875","-4.83955001831055","219","39.286","21.445","0.0034332264","1.34493289434419","0.463395510640913","18.8855397",
"9/17/2005","-51.875","-4.83955001831055","219","39.459","21.312","0","1.24252488114335","0.451152205849393","20.621873952",
"9/18/2005","-51.875","-4.83955001831055","219","37.985","26.291","0","2.02463486244098","0.379983999324904","19.9189134",
"9/19/2005","-51.875","-4.83955001831055","219","38.577","26.768","0","1.89907485965033","0.365802116969624","22.184386272",
"9/20/2005","-51.875","-4.83955001831055","219","37.093","25.226","0","2.21698551980846","0.386614292727457","22.037682888",
"9/21/2005","-51.875","-4.83955001831055","219","36.934","24.599","0","2.04458818586363","0.470888743291957","17.308854288",
"9/22/2005","-51.875","-4.83955001831055","219","39.8","21.322","0","1.83273979139251","0.376482724521787","28.559190528",
"9/23/2005","-51.875","-4.83955001831055","219","38.42","25.434","0.15106212","2.25121584174459","0.413978783990321","20.935967328",
"9/24/2005","-51.875","-4.83955001831055","219","35.982","24.057","0.214576812","1.50303785655958","0.517135997417878","17.48013894",
"9/25/2005","-51.875","-4.83955001831055","219","34.885","21.13","4.34474532","1.00298690880571","0.733914673096487","13.507367742",
"9/26/2005","-51.875","-4.83955001831055","219","34.617","21.536","0","1.40899769636948","0.542471953487435","17.262109008",
"9/27/2005","-51.875","-4.83955001831055","219","38.071","23.365","0","1.61669878986211","0.46036826861635","21.421183032",
"9/28/2005","-51.875","-4.83955001831055","219","37.149","26.243","0","1.73994343100791","0.438676570440219","21.453126048",
"9/29/2005","-51.875","-4.83955001831055","219","36.392","22.314","0.132179508","1.6617840075257","0.554437702131476","18.258076368",
"9/30/2005","-51.875","-4.83955001831055","219","37.914","23.595","0.0137329056","1.90162370144694","0.477186268707705","21.683253312",
"10/1/2005","-51.875","-4.83955001831055","219","36.783","21.12","0","1.59132247623691","0.471782510421556","18.74744514",
"10/2/2005","-51.875","-4.83955001831055","219","37.371","22.52","0.53558496","1.63710417087031","0.467535514813359","21.341923848",
"10/3/2005","-51.875","-4.83955001831055","219","36.732","22.508","1.62735012","2.07288561766169","0.592387116222941","23.2082343",
"10/4/2005","-51.875","-4.83955001831055","219","37.397","22.629","0.411987384","1.93490179212478","0.545333936251442","21.8507616",
"10/5/2005","-51.875","-4.83955001831055","219","37.572","21.189","0.90637272","1.9968632907506","0.570277291068294","23.79583152",
"10/6/2005","-51.875","-4.83955001831055","219","38.961","21.679","1.67884848","1.81161205392105","0.48207096675425","21.17322792",
"10/7/2005","-51.875","-4.83955001831055","219","35.399","21.612","1.8127420848","1.88335163614427","0.666086557342217","16.676269272",
"10/8/2005","-51.875","-4.83955001831055","219","35.178","20.742","0.044631936","1.60367454236782","0.571030018282583","19.952437608",
"10/9/2005","-51.875","-4.83955001831055","219","37.798","19.361","0","1.23102526126992","0.485858378724555","20.9677554",
"10/10/2005","-51.875","-4.83955001831055","219","39.238","23.165","0.06179796","1.25673180562824","0.450824644916185","23.33497608",
"10/11/2005","-51.875","-4.83955001831055","219","33.767","22.506","0.436019832","1.77313909090318","0.655329378863415","11.4143013",
"10/12/2005","-51.875","-4.83955001831055","219","36.101","21.826","5.43479904","1.35971976692626","0.669103423062426","18.84352392",
"10/13/2005","-51.875","-4.83955001831055","219","36.073","21.601","12.023162028","0.984041614792887","0.737660068401363","19.20431214",
"10/14/2005","-51.875","-4.83955001831055","219","37.96","21.401","0.46691928","1.31519998496342","0.603218102299024","20.45829096",
"10/15/2005","-51.875","-4.83955001831055","219","36.587","21.965","0.19569402","1.47581888155712","0.523520371976389","19.76192388",
"10/16/2005","-51.875","-4.83955001831055","219","37.247","22.948","3.13110504","1.92540980922256","0.542492706635642","23.06969604",
"10/17/2005","-51.875","-4.83955001831055","219","38.208","25","0","1.94996150505715","0.417841162801679","20.30130252",
"10/18/2005","-51.875","-4.83955001831055","219","38.947","21.793","0","1.91371957768672","0.438973793655128","25.47799704",
"10/19/2005","-51.875","-4.83955001831055","219","37.52","24.303","0","1.68237091696925","0.45438106086362","19.89174384",
"10/20/2005","-51.875","-4.83955001831055","219","36.44","23.786","0","2.02510372405668","0.490828114896153","22.97458584",
"10/21/2005","-51.875","-4.83955001831055","219","35.733","23.312","0","1.75729160198872","0.5534486085874","18.82659348",
"10/22/2005","-51.875","-4.83955001831055","219","35.525","23.442","0","1.90584150851786","0.536503118450817","23.4003978",
"10/23/2005","-51.875","-4.83955001831055","219","37.817","23.589","0.28839096","1.82750940158814","0.459289119357597","21.328983",
"10/24/2005","-51.875","-4.83955001831055","219","34.386","24.57","0.209426904","1.57448711560466","0.521555035893803","17.02788732",
"10/25/2005","-51.875","-4.83955001831055","219","38.931","23.186","0.058364892","1.43714444840419","0.500576345578516","22.91169312",
"10/26/2005","-51.875","-4.83955001831055","219","37.085","24.664","0.02746584","1.78259403914698","0.493859951866232","20.01661632",
"10/27/2005","-51.875","-4.83955001831055","219","37.046","23.607","0.19226052","1.54485309763593","0.50534197724787","19.74504636",
"10/28/2005","-51.875","-4.83955001831055","219","38.754","25.404","0.120163104","2.20139881274435","0.385232258543656","27.59653188",
"10/29/2005","-51.875","-4.83955001831055","219","36.98","22.779","0","1.64372306268552","0.411925068859491","24.07573872",
"10/30/2005","-51.875","-4.83955001831055","219","36.816","20.922","0","1.6631450522725","0.438564311428843","23.5554768",
"10/31/2005","-51.875","-4.83955001831055","219","38.868","23.986","0.11672964","1.50317258473148","0.398446591798673","23.65627392",
"11/1/2005","-51.875","-4.83955001831055","219","34.55","25.66","0.298691172","2.02078489996635","0.523638876284448","17.55230976",
"11/2/2005","-51.875","-4.83955001831055","219","38.156","24.258","0.223159788","1.56751138783883","0.506599181766227","21.95960112",
"11/3/2005","-51.875","-4.83955001831055","219","39.146","22.555","0.0137329056","1.55037335958086","0.44466816291268","26.5116348",
"11/4/2005","-51.875","-4.83955001831055","219","36.937","23.354","2.310559452","1.39981021997781","0.489510825867353","16.861275",
"11/5/2005","-51.875","-4.83955001831055","219","37.283","21.957","2.3526186984","1.44621389448071","0.609219677582595","18.692946",
"11/6/2005","-51.875","-4.83955001831055","219","34.702","22.193","0.72612774","1.54255374357392","0.609908837775997","16.61889852",
"11/7/2005","-51.875","-4.83955001831055","219","38.737","22.797","0","1.66978216843588","0.45230113240597","26.8525656",
"11/8/2005","-51.875","-4.83955001831055","219","40.692","23.412","0","1.67429252664232","0.345120752402363","28.34853732",
"11/9/2005","-51.875","-4.83955001831055","219","40.301","24.879","0","1.65644065533385","0.356418113947323","20.75585256",
"11/10/2005","-51.875","-4.83955001831055","219","38.807","24.994","0.151062048","1.74172715127582","0.464274081320535","18.61419348",
"11/11/2005","-51.875","-4.83955001831055","219","36.98","23.488","0.151062084","1.35706398273722","0.546496216290598","17.56074312",
"11/12/2005","-51.875","-4.83955001831055","219","36.108","22.85","2.4513242112","1.30826061355744","0.610921217446018","18.10243494",
"11/13/2005","-51.875","-4.83955001831055","219","36.049","25.811","0.0205993656","1.61442433342398","0.554162746708392","16.47258804",
"11/14/2005","-51.875","-4.83955001831055","219","33.059","22.394","3.95851104","1.27002748624107","0.697771948147812","22.62008988",
"11/15/2005","-51.875","-4.83955001831055","219","33.098","23.025","7.1102115864","1.60123342486436","0.796658190703556","25.0118424",
"11/16/2005","-51.875","-4.83955001831055","219","35.162","21.513","0.9063722376","1.32187516186892","0.720938248120505","16.88406048",
"11/17/2005","-51.875","-4.83955001831055","219","33.546","22.636","4.039192044","1.03547358997295","0.691973424125341","6.99722082",
"11/18/2005","-51.875","-4.83955001831055","219","28.522","23.327","22.00184064","0.827016860370232","0.918895553243251","21.01877928",
"11/19/2005","-51.875","-4.83955001831055","219","30.379","21.615","12.375072","1.05504656095755","0.864687409234667","20.36800818",
"11/20/2005","-51.875","-4.83955001831055","219","37.237","20.569","1.4797224","1.82973537080478","0.655840548350811","25.3312308",
"11/21/2005","-51.875","-4.83955001831055","219","36.641","22.846","3.96022644","1.85772283393595","0.692892106750252","26.2469268",
"11/22/2005","-51.875","-4.83955001831055","219","37.903","21.957","1.076317056","1.57107083051399","0.61779672724371","25.41497868",
"11/23/2005","-51.875","-4.83955001831055","219","35.935","23.366","0.324440028","1.35871353361699","0.641453494756907","16.45683282",
"11/24/2005","-51.875","-4.83955001831055","219","35.736","24.531","0.0205993728","1.67074010311392","0.485496041441737","20.80647972",
"11/25/2005","-51.875","-4.83955001831055","219","30.359","22.742","1.7457966648","1.28075082708539","0.69874421738632","11.2566321",
"11/26/2005","-51.875","-4.83955001831055","219","30.235","21.115","7.596021708","1.26552491070041","0.857234931692665","23.73845724",
"11/27/2005","-51.875","-4.83955001831055","219","24.166","21.353","29.118088044","0.93224259896438","0.960570627385681","2.073656376",
"11/28/2005","-51.875","-4.83955001831055","219","29.431","19.729","4.8605919912","1.03647476031794","0.89690139147841","18.40686084",
"11/29/2005","-51.875","-4.83955001831055","219","26.746","22.391","18.1789415784","1.26583948633983","0.910705456902965","12.51972756",
"11/30/2005","-51.875","-4.83955001831055","219","33.406","21.707","0.4892350104","1.5208256933666","0.75033046763648","13.27770342",
"12/1/2005","-51.875","-4.83955001831055","219","32.756","22.65","7.33337298","1.37787239264365","0.785710556022743","23.47463844",
"12/2/2005","-51.875","-4.83955001831055","219","36.305","24.357","4.7069527032","1.17480955455805","0.656174912471499","18.42845706",
"12/3/2005","-51.875","-4.83955001831055","219","34.593","22.682","6.09397956","1.58168194948303","0.775824836049545","25.81441632",
"12/4/2005","-51.875","-4.83955001831055","219","31.809","22.763","10.716814764","1.43136715032186","0.811901191849529","25.2418482",
"12/5/2005","-51.875","-4.83955001831055","219","25.695","21.67","5.081174892","1.00656679807025","0.932816550533683","6.03450288",
"12/6/2005","-51.875","-4.83955001831055","219","34.482","22.428","11.240398728","1.42678801989978","0.794990992002121","18.36084582",
"12/7/2005","-51.875","-4.83955001831055","219","25.882","22.68","30.658715604","1.08256910010955","0.961329489864652","8.3837781",
"12/8/2005","-51.875","-4.83955001831055","219","27.548","22.87","16.70951952","1.03895598144894","0.937899873967678","15.76984932",
"12/9/2005","-51.875","-4.83955001831055","219","28.542","22.909","38.93451732","0.612471089428483","0.947681325888466","21.01488642",
"12/10/2005","-51.875","-4.83955001831055","219","28.077","22.972","35.956214532","1.30209766456119","0.918971231365307","14.71539042",
"12/11/2005","-51.875","-4.83955001831055","219","31.249","22.796","7.810589592","1.21964024045939","0.863954798609497","21.60034002",
"12/12/2005","-51.875","-4.83955001831055","219","32.627","22.989","1.39045662","1.31117617243982","0.717083118719197","21.03665184",
"12/13/2005","-51.875","-4.83955001831055","219","32.44","22.16","4.023745632","1.11895132880585","0.70376224855531","24.84568908",
"12/14/2005","-51.875","-4.83955001831055","219","32.487","22.715","8.21914308","0.887197018273255","0.8859346393188","17.96023332",
"12/15/2005","-51.875","-4.83955001831055","219","25.036","23.119","44.717778","0.717793175733184","0.9750217875658","5.0514174",
"12/16/2005","-51.875","-4.83955001831055","219","30.839","22.602","3.742218612","0.93500336045522","0.876925993117616","10.98022824",
"12/17/2005","-51.875","-4.83955001831055","219","34.076","21.776","0.60768108","1.40786889267148","0.712383392754056","24.66022752",
"12/18/2005","-51.875","-4.83955001831055","219","29.408","22.718","4.991914152","0.85287731670596","0.874167296410148","11.1585906",
"12/19/2005","-51.875","-4.83955001831055","219","32.986","23.443","7.1788788288","1.08816604713457","0.874996470924709","19.78881192",
"12/20/2005","-51.875","-4.83955001831055","219","30.255","22.765","8.116154172","1.06074253026953","0.902288811373429","16.6227741",
"12/21/2005","-51.875","-4.83955001831055","219","29.609","22.556","5.414200956","0.946648146267052","0.899188309054427","20.65860216",
"12/22/2005","-51.875","-4.83955001831055","219","29.075","23.015","11.575131192","0.923078178111589","0.933286580161472","23.69559708",
"12/23/2005","-51.875","-4.83955001831055","219","30.108","22.714","13.2453905328","1.0608918716221","0.914341005685373","23.3730009",
"12/24/2005","-51.875","-4.83955001831055","219","26.013","22.262","15.29846946","0.705496970629866","0.968022447498889","12.27437712",
"12/25/2005","-51.875","-4.83955001831055","219","27.15","22.795","11.74164084","0.704048631831858","0.946115473719816","8.40965562",
"12/26/2005","-51.875","-4.83955001831055","219","26.719","21.421","17.88539544","0.614058377147916","0.961790956373903","15.9454656",
"12/27/2005","-51.875","-4.83955001831055","219","26.799","22.195","26.1508941864","0.618942169322207","0.961862328476218","24.1815978",
"12/28/2005","-51.875","-4.83955001831055","219","23.887","21.537","140.2782876","1.05766981063914","0.980610443803945","2.90632176",
"12/29/2005","-51.875","-4.83955001831055","219","27.634","20.591","22.75200162","1.14984978256943","0.959352193679634","9.30425598",
"12/30/2005","-51.875","-4.83955001831055","219","30.065","19.933","6.0493482432","1.06764731546196","0.898002680017042","18.15452118",
"12/31/2005","-51.875","-4.83955001831055","219","30.7","20.803","14.1071355504","1.21634784955238","0.909394021292653","15.34235328",
"1/1/2006","-51.875","-4.83955001831055","219","31.267","21.669","14.570615196","1.49019275037864","0.837968018056757","19.82109078",
"1/2/2006","-51.875","-4.83955001831055","219","29.64","20.514","10.3168414368","0.715269617677264","0.878348460458028","27.224609112",
"1/3/2006","-51.875","-4.83955001831055","219","32.626","20.814","15.930173952","1.17677258589826","0.850833255103723","24.52651704",
"1/4/2006","-51.875","-4.83955001831055","219","27.723","22.531","23.5485045504","1.14267350225341","0.948308805112216","21.42776268",
"1/5/2006","-51.875","-4.83955001831055","219","30.129","22.699","20.88776376","0.945146341246652","0.909899423604862","24.93512496",
"1/6/2006","-51.875","-4.83955001831055","219","25.201","20.551","23.28071616","1.45438484618722","0.965215254313918","12.07930194",
"1/7/2006","-51.875","-4.83955001831055","219","25.268","20.986","27.71987904","0.754525032138053","0.977306081001554","7.42196646",
"1/8/2006","-51.875","-4.83955001831055","219","26.259","21.904","14.72511348","0.550718711338811","0.971280714286536","14.89207788",
"1/9/2006","-51.875","-4.83955001831055","219","26.946","22.145","10.382083164","0.964656162784224","0.960866163085381","17.27938908",
"1/10/2006","-51.875","-4.83955001831055","219","25.688","22.247","12.457470384","0.883704497600783","0.966178005523577","13.39897338",
"1/11/2006","-51.875","-4.83955001831055","219","23.553","21.624","98.80833384","0.774709268992772","0.982929234983479","1.538213328",
"1/12/2006","-51.875","-4.83955001831055","219","26.705","21.488","19.72045836","1.15003657317465","0.927742180468863","11.3069214",
"1/13/2006","-51.875","-4.83955001831055","219","31.917","21.487","1.9912714848","1.21738182696383","0.82980897595313","24.47437302",
"1/14/2006","-51.875","-4.83955001831055","219","33.38","18.785","1.37329128","1.44356755536555","0.798626661877525","25.28747298",
"1/15/2006","-51.875","-4.83955001831055","219","30.166","21.209","10.4164164","1.25979822157647","0.928930143487638","27.751158",
"1/16/2006","-51.875","-4.83955001831055","219","33.59","22.375","0.518416956","1.07574393760171","0.760466679221522","18.36022464",
"1/17/2006","-51.875","-4.83955001831055","219","35.483","21.127","0","1.54833095353353","0.665165723716904","25.61501178",
"1/18/2006","-51.875","-4.83955001831055","219","34.784","23.274","2.447891424","1.65043355739182","0.784069635835083","22.07334492",
"1/19/2006","-51.875","-4.83955001831055","219","30.929","22.431","8.507540196","0.714278739842869","0.929851869902104","20.33004474",
"1/20/2006","-51.875","-4.83955001831055","219","30.955","23.05","13.09089852","0.944886145853382","0.91642796019446","23.25701574",
"1/21/2006","-51.875","-4.83955001831055","219","29.696","22.644","6.2244486","1.2174296974384","0.899160150592818","24.73593516",
"1/22/2006","-51.875","-4.83955001831055","219","31.699","22.179","9.5735492568","1.31286589816414","0.886821090888588","21.67272612",
"1/23/2006","-51.875","-4.83955001831055","219","34.111","22.944","2.0015751024","1.63330568534145","0.831170460728777","23.56571628",
"1/24/2006","-51.875","-4.83955001831055","219","31.896","22.448","6.303405564","1.55052673176557","0.845962294880871","26.7442281",
"1/25/2006","-51.875","-4.83955001831055","219","27.147","20.862","12.1467579984","0.967601227028348","0.962667679909206","21.87635814",
"1/26/2006","-51.875","-4.83955001831055","219","27.739","20.728","7.927321644","0.828745919607405","0.959128511247208","19.004737392",
"1/27/2006","-51.875","-4.83955001831055","219","32.698","21.955","0.528716988","0.964406470749448","0.874786300746604","15.55121052",
"1/28/2006","-51.875","-4.83955001831055","219","34.43","20.093","2.31056208","1.45893014765297","0.797326314769406","25.26783786",
"1/29/2006","-51.875","-4.83955001831055","219","32.57","22.799","7.2750113424","1.25370507703293","0.880109449154528","21.61721214",
"1/30/2006","-51.875","-4.83955001831055","219","31.351","22.913","8.095544496","1.37808942713664","0.865470047223979","18.81922941",
"1/31/2006","-51.875","-4.83955001831055","219","31.071","22.233","14.72339592","1.15728800910561","0.887669932882328","27.98971686",
"2/1/2006","-51.875","-4.83955001831055","219","26.96","22.949","14.982602436","0.965771932117255","0.965287802041579","11.35800522",
"2/2/2006","-51.875","-4.83955001831055","219","26.125","23.128","13.2771444264","1.1496156606611","0.971543160736872","14.0626134",
"2/3/2006","-51.875","-4.83955001831055","219","31.983","22.764","2.781775008","1.40525884143033","0.84046278597071","23.55997266",
"2/4/2006","-51.875","-4.83955001831055","219","31.019","22.236","14.564607984","0.9980433222898","0.922086686781545","22.83637284",
"2/5/2006","-51.875","-4.83955001831055","219","25.904","23.089","19.34452224","1.06172345643077","0.975492879787428","7.3503522",
"2/6/2006","-51.875","-4.83955001831055","219","25.913","22.561","33.60271572","0.732934306776347","0.974747125435755","6.6498669",
"2/7/2006","-51.875","-4.83955001831055","219","23.817","21.937","81.78381036","0.671447196611917","0.982594359128248","1.20554973",
"2/8/2006","-51.875","-4.83955001831055","219","30.681","21.652","8.6285550024","1.09892397509278","0.89048131269757","24.16679514",
"2/9/2006","-51.875","-4.83955001831055","219","31.992","19.959","2.870177472","1.16745462851623","0.831967112499728","24.7631022",
"2/10/2006","-51.875","-4.83955001831055","219","33.321","21.87","3.2358175704","1.49710944708947","0.788768868283239","28.365137568",
"2/11/2006","-51.875","-4.83955001831055","219","30.623","22.694","1.6187669712","1.75344303023006","0.828390228998129","19.70206947",
"2/12/2006","-51.875","-4.83955001831055","219","24.75","22.231","7.40375586","0.794744668817139","0.968501151431933","3.98672343",
"2/13/2006","-51.875","-4.83955001831055","219","26.518","22.33","25.8496326","0.963422302866983","0.963965877730737","14.63726124",
"2/14/2006","-51.875","-4.83955001831055","219","23.42","21.832","20.58563376","1.14198889335718","0.980549488408654","3.589593642",
"2/15/2006","-51.875","-4.83955001831055","219","23.559","20.929","3.8992913352","0.764451969772225","0.979986987257048","3.055105602",
"2/16/2006","-51.875","-4.83955001831055","219","28.323","20.648","5.7047380272","1.04040289228212","0.914813966399885","20.80771209",
"2/17/2006","-51.875","-4.83955001831055","219","33.513","21.285","7.78827564","0.925248289998915","0.908372201204012","14.081792832",
"2/18/2006","-51.875","-4.83955001831055","219","28.811","22.172","17.4807038088","1.0394888746404","0.942108562297675","26.45133669",
"2/19/2006","-51.875","-4.83955001831055","219","27.252","22.666","10.0284645744","0.955328822243858","0.955079332651587","19.4804415",
"2/20/2006","-51.875","-4.83955001831055","219","32.304","22.854","6.983186256","0.954877382080037","0.914740975651998","19.151326692",
"2/21/2006","-51.875","-4.83955001831055","219","26.747","22.422","19.96807104","1.0553279929543","0.965627576582","20.25382248",
"2/22/2006","-51.875","-4.83955001831055","219","27.176","21.591","15.2890272","1.22872689660386","0.960994250028743","16.90211043",
"2/23/2006","-51.875","-4.83955001831055","219","30.817","21.584","7.3496833344","1.40073017277571","0.84199722961775","25.97203692",
"2/24/2006","-51.875","-4.83955001831055","219","32.311","22.126","14.190817824","1.50918604415291","0.87429785260417","25.78399002",
"2/25/2006","-51.875","-4.83955001831055","219","30.689","22.148","14.80235724","0.839532991389484","0.925353950897794","21.44761758",
"2/26/2006","-51.875","-4.83955001831055","219","25.813","22.81","85.8426948","0.995972381047742","0.975060365349351","10.159367832",
"2/27/2006","-51.875","-4.83955001831055","219","29.263","22.625","9.78384348","1.15710472043188","0.933028450496651","21.14038566",
"2/28/2006","-51.875","-4.83955001831055","219","26.018","22.985","44.15645412","0.797342853583819","0.97517978023744","11.073988782",
"3/1/2006","-51.875","-4.83955001831055","219","28.644","22.417","11.54594592","1.39115246646114","0.916580303676419","20.68728624",
"3/2/2006","-51.875","-4.83955001831055","219","27.42","22.571","23.0232312","1.31126837340586","0.961325745136762","17.24500728",
"3/3/2006","-51.875","-4.83955001831055","219","26.383","22.609","14.39209332","0.980355025396104","0.969257737274966","20.7279558",
"3/4/2006","-51.875","-4.83955001831055","219","27.833","22.524","12.095258652","0.927257419490107","0.946258185702817","21.806721",
"3/5/2006","-51.875","-4.83955001831055","219","29.608","22.797","9.3658455","0.595035000634175","0.945281262486791","11.18395296",
"3/6/2006","-51.875","-4.83955001831055","219","28.773","23.293","13.3827228","1.14580211818733","0.941668204564945","21.86161569",
"3/7/2006","-51.875","-4.83955001831055","219","31.329","22.799","3.687285672","1.43722887191299","0.869236352017854","22.13662554",
"3/8/2006","-51.875","-4.83955001831055","219","29.75","22.813","13.200765804","1.13403675016637","0.928069192250199","20.16534429",
"3/9/2006","-51.875","-4.83955001831055","219","28.302","22.654","11.92360248","1.17733814574114","0.92913310828772","14.21437806",
"3/10/2006","-51.875","-4.83955001831055","219","25.713","22.741","27.55336482","1.14215163076167","0.975042434925859","14.472789732",
"3/11/2006","-51.875","-4.83955001831055","219","25.326","22.492","14.51225304","0.874305124483497","0.976886527418895","9.01260171",
"3/12/2006","-51.875","-4.83955001831055","219","27.287","22.06","7.67326608","1.04413826886804","0.950076587283722","16.76925378",
"3/13/2006","-51.875","-4.83955001831055","219","29.6","21.212","5.527499184","0.661041625412407","0.895758970643128","15.867448092",
"3/14/2006","-51.875","-4.83955001831055","219","28.707","21.477","15.679555344","1.04928535404911","0.946961410396392","18.32545818",
"3/15/2006","-51.875","-4.83955001831055","219","30.308","21.874","6.586644924","1.00997693481608","0.880181795003561","17.74017999",
"3/16/2006","-51.875","-4.83955001831055","219","25.476","21.331","15.049551384","0.841522918566428","0.973610476718447","14.18839137",
"3/17/2006","-51.875","-4.83955001831055","219","30.007","21.611","6.0596438184","0.691992930760638","0.933700909976445","16.164901512",
"3/18/2006","-51.875","-4.83955001831055","219","29.642","22.361","13.296893904","0.886123988048009","0.928653726680936","18.25813116",
"3/19/2006","-51.875","-4.83955001831055","219","28.776","22.233","9.75036024","1.36372785119313","0.906922799636558","25.528157568",
"3/20/2006","-51.875","-4.83955001831055","219","28.913","21.988","12.63255912","1.10984086850775","0.933480929557411","19.49415966",
"3/21/2006","-51.875","-4.83955001831055","219","27.956","22.482","10.27222164","1.04036365308354","0.947345269337444","24.22029141",
"3/22/2006","-51.875","-4.83955001831055","219","27.136","23.008","34.04732328","0.934591495865631","0.968946576072479","15.11448579",
"3/23/2006","-51.875","-4.83955001831055","219","27.65","21.837","10.66703868","1.0608917802701","0.950591379210898","18.55558224",
"3/24/2006","-51.875","-4.83955001831055","219","28.813","22.447","5.060579724","1.01494664009451","0.926192883444488","11.466789588",
"3/25/2006","-51.875","-4.83955001831055","219","30.492","22.428","3.999704832","1.48901621966636","0.846491646884341","22.60103004",
"3/26/2006","-51.875","-4.83955001831055","219","26.647","22.982","17.60902668","1.33483508142886","0.969489778179784","13.948258068",
"3/27/2006","-51.875","-4.83955001831055","219","29.891","22.348","9.163289232","1.29807075693166","0.918615016188223","13.73354991",
"3/28/2006","-51.875","-4.83955001831055","219","26.904","22.466","12.4729164","1.09428575473815","0.952296724700168","14.56841619",
"3/29/2006","-51.875","-4.83955001831055","219","25.794","22.419","10.495376532","0.893401984572474","0.972753791123503","9.990005112",
"3/30/2006","-51.875","-4.83955001831055","219","26.065","22.691","17.624466","0.728136285335001","0.974171798362014","11.68604361",
"3/31/2006","-51.875","-4.83955001831055","219","26.566","22.693","20.86029792","1.16437247264068","0.967717250731695","18.99393606",
"4/1/2006","-51.875","-4.83955001831055","219","24.715","21.947","20.848278852","1.13669129165614","0.977685892737776","5.12515809",
"4/2/2006","-51.875","-4.83955001831055","219","24.235","21.706","15.23408868","0.606115770191557","0.980644365590256","3.759131898",
"4/3/2006","-51.875","-4.83955001831055","219","23.55","20.91","68.0603292","0.739011095933965","0.98218375226291","2.70331776",
"4/4/2006","-51.875","-4.83955001831055","219","24.236","21.037","9.2130714","0.584231879426309","0.980958533950207","5.06311758",
"4/5/2006","-51.875","-4.83955001831055","219","30.229","19.487","5.1292388376","1.19732597533639","0.892828989966905","22.45438062",
"4/6/2006","-51.875","-4.83955001831055","219","30.698","22.232","7.2174978864","1.17044294340931","0.888658832040679","20.61764856",
"4/7/2006","-51.875","-4.83955001831055","219","27.423","22.705","41.01161868","1.16251355297062","0.962014612687698","12.03237882",
"4/8/2006","-51.875","-4.83955001831055","219","26.247","21.487","12.160494252","0.695582157633215","0.967138842619448","17.57610576",
"4/9/2006","-51.875","-4.83955001831055","219","29.366","21.044","1.294327116","0.571195930464825","0.926206497795608","13.0775085",
"4/10/2006","-51.875","-4.83955001831055","219","26.382","20.639","9.20963412","0.691274959310404","0.965026784882885","8.91394146",
"4/11/2006","-51.875","-4.83955001831055","219","29.934","22.041","13.104624852","0.929090323440613","0.944449109598362","18.2041335",
"4/12/2006","-51.875","-4.83955001831055","219","28.742","22.353","9.8447806944","0.850489227153504","0.942005760015147","15.6511134",
"4/13/2006","-51.875","-4.83955001831055","219","31.003","22.445","9.7769693808","0.918694022534065","0.912058120440466","22.09792698",
"4/14/2006","-51.875","-4.83955001831055","219","31.816","21.472","4.1696541864","0.879669088629188","0.890297023063744","18.76185",
"4/15/2006","-51.875","-4.83955001831055","219","30.158","22.651","5.3077711104","1.14626874198116","0.873312023184562","23.5010277",
"4/16/2006","-51.875","-4.83955001831055","219","26.23","22.164","18.81408924","0.7811727519105","0.973172485961167","10.73311722",
"4/17/2006","-51.875","-4.83955001831055","219","31.936","22.647","15.61603392","1.04595144502753","0.901590047858427","18.4619826",
"4/18/2006","-51.875","-4.83955001831055","219","27.387","22.412","26.52511824","1.23406258501309","0.942084717767684","6.948559548",
"4/19/2006","-51.875","-4.83955001831055","219","25.41","21.429","18.27679608","0.58653103301343","0.97769478112455","8.195341752",
"4/20/2006","-51.875","-4.83955001831055","219","27.76","21.618","8.922955644","0.933628665980682","0.948139319720948","19.13585328",
"4/21/2006","-51.875","-4.83955001831055","219","26.389","22.979","24.77760444","1.07089021131771","0.973906144677656","11.64509676",
"4/22/2006","-51.875","-4.83955001831055","219","25.593","20.453","7.3694239992","0.885331654224045","0.957305638981231","7.755184368",
"4/23/2006","-51.875","-4.83955001831055","219","25.998","19.427","2.4873713856","0.816553898221075","0.953208208628699","8.440365168",
"4/24/2006","-51.875","-4.83955001831055","219","30.312","20.382","19.54707588","0.729739756265551","0.945127157862868","17.5483125",
"4/25/2006","-51.875","-4.83955001831055","219","23.839","22.013","25.7886908064","0.648422039011656","0.982190576160531","2.10645",
"4/26/2006","-51.875","-4.83955001831055","219","26.486","21.299","7.78998996","0.4788656049739","0.958361765406968","9.16925868",
"4/27/2006","-51.875","-4.83955001831055","219","26.799","21.902","19.0132164","0.503081707964391","0.973883067708009","12.0611871",
"4/28/2006","-51.875","-4.83955001831055","219","27.079","22.117","25.72173504","0.729258430889053","0.969024483523179","18.29829618",
"4/29/2006","-51.875","-4.83955001831055","219","27.295","23.016","14.2427457864","0.643784512529671","0.97040649672434","16.92590904",
"4/30/2006","-51.875","-4.83955001831055","219","27.447","22.853","16.46747784","0.839792052625925","0.967539493147912","14.20554438",
"5/1/2006","-51.875","-4.83955001831055","219","29.107","22.813","10.814670252","1.08817895588583","0.940889056671165","16.60646448",
"5/2/2006","-51.875","-4.83955001831055","219","27.985","23.154","17.6193288","1.2192267253514","0.94678875269896","19.62540504",
"5/3/2006","-51.875","-4.83955001831055","219","30.88","22.636","2.3019797088","1.10014070651329","0.865835525955916","20.54902914",
"5/4/2006","-51.875","-4.83955001831055","219","33.687","22.621","3.076170192","1.12095892875573","0.790295800281902","24.44624226",
"5/5/2006","-51.875","-4.83955001831055","219","31.553","22.408","3.16200114","0.844484198191076","0.866240100488207","15.96897846",
"5/6/2006","-51.875","-4.83955001831055","219","27.775","22.797","15.722461692","0.657719132535392","0.960402633871969","21.73860018",
"5/7/2006","-51.875","-4.83955001831055","219","29.077","22.02","8.870605092","0.93672735760342","0.950337279316845","13.6321335",
"5/8/2006","-51.875","-4.83955001831055","219","31.987","21.635","3.7851337224","0.707838060112889","0.879709742412473","20.21293296",
"5/9/2006","-51.875","-4.83955001831055","219","31.189","20.535","6.3308718","1.1564457586018","0.844051843501616","24.41463732",
"5/10/2006","-51.875","-4.83955001831055","219","28.756","22.444","14.8435569864","0.833542302957595","0.917553172011477","17.62841214",
"5/11/2006","-51.875","-4.83955001831055","219","26.461","22.285","10.58635908","0.807463872939356","0.960808371111933","10.021726152",
"5/12/2006","-51.875","-4.83955001831055","219","27.782","21.957","2.57663844","0.553463865224891","0.927554589893583","12.57941016",
"5/13/2006","-51.875","-4.83955001831055","219","27.07","21.438","5.6579580648","0.709501641356455","0.950441243910939","11.90818242",
"5/14/2006","-51.875","-4.83955001831055","219","28.517","21.906","11.2283698104","0.752311568476324","0.943190753168005","12.77284986",
"5/15/2006","-51.875","-4.83955001831055","219","31.849","22.63","12.753148176","1.27802629031342","0.861400993772893","22.78384002",
"5/16/2006","-51.875","-4.83955001831055","219","30.368","21.393","3.0444135912","0.871248192248377","0.875071971669509","14.1120549",
"5/17/2006","-51.875","-4.83955001831055","219","30.248","21.986","6.097410468","1.24894184505677","0.895956316340073","12.41825598",
"5/18/2006","-51.875","-4.83955001831055","219","30.617","21.649","10.050773724","1.39782574571099","0.872090957156337","14.0925366",
"5/19/2006","-51.875","-4.83955001831055","219","27.156","21.613","27.0263646","0.883183592779655","0.939959443928438","13.44105036",
"5/20/2006","-51.875","-4.83955001831055","219","25.11","22.126","18.41668884","0.745989983510947","0.974830392914156","10.51616286",
"5/21/2006","-51.875","-4.83955001831055","219","28.475","19.957","14.8770280944","0.840747883576661","0.93673989205632","17.62616844",
"5/22/2006","-51.875","-4.83955001831055","219","32.019","19.411","9.3117722976","1.16835650645365","0.829352479281449","21.63431772",
"5/23/2006","-51.875","-4.83955001831055","219","30.909","21.477","12.9578610384","0.965902043764032","0.867442389092569","14.1977268",
"5/24/2006","-51.875","-4.83955001831055","219","31.607","21.78","14.6006551584","0.861258047974765","0.877121631089111","18.86478426",
"5/25/2006","-51.875","-4.83955001831055","219","32.247","20.885","9.5718365064","0.738520206367061","0.88249654776329","20.63637918",
"5/26/2006","-51.875","-4.83955001831055","219","28.432","20.918","6.65702676","0.893811399285789","0.911083308559257","18.5004567",
"5/27/2006","-51.875","-4.83955001831055","219","30.684","20.545","1.272010716","1.5015810330082","0.827528680200124","21.88698822",
"5/28/2006","-51.875","-4.83955001831055","219","33","18.524","0.1287460944","1.27993967121079","0.721789794312123","22.8599415",
"5/29/2006","-51.875","-4.83955001831055","219","32.926","19.586","0.0034332264","1.48166440738065","0.665936678024444","18.1807254",
"5/30/2006","-51.875","-4.83955001831055","219","33.435","18.835","0","1.35461282082898","0.668540109888721","18.89319726",
"5/31/2006","-51.875","-4.83955001831055","219","33.05","19.758","0","1.5285648695723","0.670018590750144","18.63900342",
"6/1/2006","-51.875","-4.83955001831055","219","33.271","20.462","0","1.54051162854848","0.63043439938051","23.65763076",
"6/2/2006","-51.875","-4.83955001831055","219","33.846","21.411","0","1.51711374418253","0.580509287032695","23.62258656",
"6/3/2006","-51.875","-4.83955001831055","219","33.207","20.067","0","1.6896414408117","0.576773758865793","23.41777518",
"6/4/2006","-51.875","-4.83955001831055","219","32.135","20.63","0","1.78391433585089","0.611052306404901","20.6029161",
"6/5/2006","-51.875","-4.83955001831055","219","31.94","19.762","0","1.61083486624406","0.60884905684961","21.2535018",
"6/6/2006","-51.875","-4.83955001831055","219","29.937","19.954","0.38452176","1.10290758838866","0.747666351324127","9.77860818",
"6/7/2006","-51.875","-4.83955001831055","219","27.579","18.784","3.3199319232","0.521993402635144","0.897375588733336","6.94867644",
"6/8/2006","-51.875","-4.83955001831055","219","32.963","19.725","0.08068086","1.09136365356273","0.751730779956988","17.28619218",
"6/9/2006","-51.875","-4.83955001831055","219","33.168","21.475","0.068664564","1.58683108150805","0.616198726917963","23.50226538",
"6/10/2006","-51.875","-4.83955001831055","219","33.793","20.489","0","1.50513338814836","0.540253896714647","23.5090071",
"6/11/2006","-51.875","-4.83955001831055","219","33.276","22.099","0","1.41429676390494","0.605507590656623","18.64445418",
"6/12/2006","-51.875","-4.83955001831055","219","34.102","21.816","0","0.932088366451364","0.633952020897089","14.05428246",
"6/13/2006","-51.875","-4.83955001831055","219","32.873","18.505","1.66168278","0.876891812589915","0.803023645068227","21.90414222",
"6/14/2006","-51.875","-4.83955001831055","219","31.72","21.393","1.996421652","1.27598702991142","0.729703640685839","18.171279",
"6/15/2006","-51.875","-4.83955001831055","219","32.394","19.262","1.66168476","1.64331632831099","0.720525619419631","17.99763984",
"6/16/2006","-51.875","-4.83955001831055","219","32.344","19.193","0","1.57362253144005","0.606204874255604","16.789725",
"6/17/2006","-51.875","-4.83955001831055","219","32.142","21.73","0","1.65366194000587","0.595510677384419","16.16647878",
"6/18/2006","-51.875","-4.83955001831055","219","32.174","21.647","0","1.17202480153665","0.667001973231867","16.38410112",
"6/19/2006","-51.875","-4.83955001831055","219","33.485","19.522","0","1.81636872795442","0.544173084223032","23.16139218",
"6/20/2006","-51.875","-4.83955001831055","219","32.883","20.041","0","1.86669587409389","0.549514296935528","23.08652082",
"6/21/2006","-51.875","-4.83955001831055","219","32.185","19.705","0","1.68762346675414","0.584936241018282","17.78349744",
"6/22/2006","-51.875","-4.83955001831055","219","32.173","20.278","0","1.73827226163176","0.56382856826931","22.02069924",
"6/23/2006","-51.875","-4.83955001831055","219","32.37","20.282","0","1.64588531539661","0.551767574596693","18.08797986",
"6/24/2006","-51.875","-4.83955001831055","219","33.258","19.386","0","1.57636575845152","0.546226722714987","23.37389964",
"6/25/2006","-51.875","-4.83955001831055","219","33.966","18.779","0","1.63402421880641","0.50275684519672","23.58776268",
"6/26/2006","-51.875","-4.83955001831055","219","34.742","20.779","0","1.59252799711201","0.53518638392208","23.01917472",
"6/27/2006","-51.875","-4.83955001831055","219","33.051","19.571","0","0.979939472671592","0.635858441914874","7.86273534",
"6/28/2006","-51.875","-4.83955001831055","219","34.426","20.444","0","1.12022733744361","0.580237192715078","18.84678426",
"6/29/2006","-51.875","-4.83955001831055","219","32.919","20.867","0.017166132","1.12288113439963","0.65404492600159","16.77397554",
"6/30/2006","-51.875","-4.83955001831055","219","33.16","21.528","2.2624983864","1.06903690632517","0.759341878419266","10.27929654",
"7/1/2006","-51.875","-4.83955001831055","219","32.539","21.141","0.094413924","1.34222699991847","0.637371157642826","14.21696502",
"7/2/2006","-51.875","-4.83955001831055","219","33.287","21.011","0","1.94617549547129","0.519200670530896","22.87597392",
"7/3/2006","-51.875","-4.83955001831055","219","33.576","17.774","0.0102996864","1.36490326299675","0.532730159543848","21.91061772",
"7/4/2006","-51.875","-4.83955001831055","219","32.523","21.116","0.0034332264","1.20161552173458","0.590876331023136","18.94330962",
"7/5/2006","-51.875","-4.83955001831055","219","33.601","21.55","0","1.52073412537849","0.522797624501663","22.87535796",
"7/6/2006","-51.875","-4.83955001831055","219","32.694","19.664","0","1.12441329554607","0.628041086051935","16.81548822",
"7/7/2006","-51.875","-4.83955001831055","219","34.758","19.314","0","1.4321684605559","0.514168868177712","23.58815706",
"7/8/2006","-51.875","-4.83955001831055","219","32.573","22.391","0","1.37054266937487","0.57360347215163","15.9063723",
"7/9/2006","-51.875","-4.83955001831055","219","32.602","21.505","0.3699306288","1.2958623191846","0.650732701321256","18.8630973",
"7/10/2006","-51.875","-4.83955001831055","219","34.985","20.999","0","1.75264937028373","0.524623009332171","21.69382608",
"7/11/2006","-51.875","-4.83955001831055","219","34.894","21.041","0","1.66502609417857","0.48801592769722","17.41679928",
"7/12/2006","-51.875","-4.83955001831055","219","34.374","18.354","0","1.37207035110827","0.474019625685262","20.65798404",
"7/13/2006","-51.875","-4.83955001831055","219","34.191","22.77","0","1.60034203534372","0.513104145829135","23.94821304",
"7/14/2006","-51.875","-4.83955001831055","219","32.938","22.339","0","1.89109412248427","0.474838441656421","21.77718516",
"7/15/2006","-51.875","-4.83955001831055","219","32.378","19.741","0","2.01631698237973","0.492444269141674","24.15515616",
"7/16/2006","-51.875","-4.83955001831055","219","33.558","18.986","0","1.79880006541034","0.456691065616427","24.25264056",
"7/17/2006","-51.875","-4.83955001831055","219","34.832","19.888","0","1.7042940763287","0.447923253279255","23.7034647",
"7/18/2006","-51.875","-4.83955001831055","219","34.234","18.489","0","1.15645493121032","0.525840892726944","18.66200796",
"7/19/2006","-51.875","-4.83955001831055","219","32.397","22.557","0.1356125904","0.938426859848783","0.60563523166076","10.735252668",
"7/20/2006","-51.875","-4.83955001831055","219","33.856","16.336","0","1.10688169158948","0.634113486720246","16.79084622",
"7/21/2006","-51.875","-4.83955001831055","219","32.591","21.195","0.0034332264","1.34738866904713","0.610494302457625","18.06784092",
"7/22/2006","-51.875","-4.83955001831055","219","33.394","21.17","0.140762664","1.3618589637644","0.587231751583517","15.37881174",
"7/23/2006","-51.875","-4.83955001831055","219","34.681","23.026","0","1.3360338814798","0.527738524657869","24.3502299",
"7/24/2006","-51.875","-4.83955001831055","219","34.864","14.097","0","1.23321784128012","0.417542132745088","25.22559618",
"7/25/2006","-51.875","-4.83955001831055","219","34.789","16.232","0","1.35152425110018","0.432737019517589","22.66273458",
"7/26/2006","-51.875","-4.83955001831055","219","34.354","18.862","0","1.10054818954107","0.538469991153907","16.26001668",
"7/27/2006","-51.875","-4.83955001831055","219","34.168","18.074","0","1.22981799719579","0.591254007321973","18.06850764",
"7/28/2006","-51.875","-4.83955001831055","219","33.82","22.472","0","1.36605077612025","0.563567796803654","19.583716428",
"7/29/2006","-51.875","-4.83955001831055","219","34.695","19.048","0","1.03356301053597","0.635163660427766","11.05886466",
"7/30/2006","-51.875","-4.83955001831055","219","34.048","21.051","0.0137329128","0.967374777598919","0.611065295038163","18.57043152",
"7/31/2006","-51.875","-4.83955001831055","219","33.273","20.589","0.1544950944","1.29716423763956","0.654137019285971","14.24249964",
"8/1/2006","-51.875","-4.83955001831055","219","33.766","19.966","0.846290664","1.26654492471552","0.687788530589389","16.10212482",
"8/2/2006","-51.875","-4.83955001831055","219","34.101","17.558","0.581932116","0.959715052288611","0.803320981881023","13.62836088",
"8/3/2006","-51.875","-4.83955001831055","219","35.05","16.231","0","1.40401778642592","0.564580069567805","25.00396488",
"8/4/2006","-51.875","-4.83955001831055","219","35.344","19.28","0","1.48174181174456","0.431052870185499","16.306143768",
"8/5/2006","-51.875","-4.83955001831055","219","35.4","21.936","0","1.85738001163338","0.387857582166796","25.66957968",
"8/6/2006","-51.875","-4.83955001831055","219","35.391","19.655","0","1.82507121771894","0.365548858019307","25.63638264",
"8/7/2006","-51.875","-4.83955001831055","219","35.768","20.269","0","1.77203547625492","0.389292030101494","25.82769258",
"8/8/2006","-51.875","-4.83955001831055","219","35.252","19.26","0","1.85781809662759","0.385714821344362","26.04610332",
"8/9/2006","-51.875","-4.83955001831055","219","35.974","19.051","0","1.59190180912776","0.373358857645229","25.53508044",
"8/10/2006","-51.875","-4.83955001831055","219","37.037","21.823","0","1.57197014191729","0.390270866574165","25.63143444",
"8/11/2006","-51.875","-4.83955001831055","219","33.707","21.577","0","1.23641740520034","0.637505212887104","16.45559892",
"8/12/2006","-51.875","-4.83955001831055","219","36.423","19.957","0","1.55234660453363","0.530098209603144","25.6551777",
"8/13/2006","-51.875","-4.83955001831055","219","37.06","18.177","0","1.51322553895432","0.373464047610228","25.74174006",
"8/14/2006","-51.875","-4.83955001831055","219","37.181","17.494","0","1.27197772986904","0.445219819954005","25.77977406",
"8/15/2006","-51.875","-4.83955001831055","219","36.242","23.011","0","1.78450494428573","0.379749425005399","26.249846112",
"8/16/2006","-51.875","-4.83955001831055","219","36.751","16.454","0","1.39922724990456","0.389975215975776","26.5389228",
"8/17/2006","-51.875","-4.83955001831055","219","36.502","21.007","0.4840851744","1.06337553557538","0.528412066433701","20.56241034",
"8/18/2006","-51.875","-4.83955001831055","219","36.963","19.582","0.051498396","1.44794311519034","0.53923617171426","20.87785728",
"8/19/2006","-51.875","-4.83955001831055","219","36.26","19.468","2.626417908","1.47263590739554","0.64966212721456","26.09718966",
"8/20/2006","-51.875","-4.83955001831055","219","35.617","21.276","0.0892639008","1.51049519023518","0.651878195559758","14.30690346",
"8/21/2006","-51.875","-4.83955001831055","219","37.546","20.095","0","1.40686140455213","0.527510577571265","22.11423948",
"8/22/2006","-51.875","-4.83955001831055","219","37.948","21.25","0.09784692","1.0502713742197","0.608232569680175","16.81121484",
"8/23/2006","-51.875","-4.83955001831055","219","35.068","20.666","2.8083798","1.04146730366054","0.674852821512273","18.8166393",
"8/24/2006","-51.875","-4.83955001831055","219","34.304","20.174","0","1.70150986510379","0.542947805872173","22.69597374",
"8/25/2006","-51.875","-4.83955001831055","219","33.725","20.943","0","1.42517627975482","0.630125988164956","17.38648188",
"8/26/2006","-51.875","-4.83955001831055","219","36.532","22.37","0","1.54473835317363","0.465567761067082","19.550644992",
"8/27/2006","-51.875","-4.83955001831055","219","36.44","19.064","0","1.49603041886996","0.493088379461841","21.34805454",
"8/28/2006","-51.875","-4.83955001831055","219","37.693","23.751","0","1.70645569465273","0.421924816560107","25.0394625",
"8/29/2006","-51.875","-4.83955001831055","219","37.916","21.725","0","1.234217731613","0.390374823559563","20.290388328",
"8/30/2006","-51.875","-4.83955001831055","219","37.843","19.171","0","1.59611093821147","0.424111267795717","27.107769888",
"8/31/2006","-51.875","-4.83955001831055","219","35.562","23.29","0","1.88209302352204","0.470739206684776","17.348677992",
"9/1/2006","-51.875","-4.83955001831055","219","38.09","21.477","0.49781808","1.37764228826099","0.49019148331615","21.025239192",
"9/2/2006","-51.875","-4.83955001831055","219","36.971","24.277","0","1.33445872734776","0.421208716823962","22.389190632",
"9/3/2006","-51.875","-4.83955001831055","219","33.754","19.445","0.051498396","1.40682612378282","0.584864445431171","7.44879816",
"9/4/2006","-51.875","-4.83955001831055","219","37.291","19.826","0.063514692","1.53183841665398","0.47767917807817","22.7033991",
"9/5/2006","-51.875","-4.83955001831055","219","36.136","24.511","0","1.29165325430869","0.460362788424105","19.30567266",
"9/6/2006","-51.875","-4.83955001831055","219","38.826","22.22","0.250625412","1.18160930206047","0.487296683270551","20.574898632",
"9/7/2006","-51.875","-4.83955001831055","219","34.946","17.403","0.173377908","1.3983894180163","0.579150574358958","17.94195126",
"9/8/2006","-51.875","-4.83955001831055","219","33.965","20.624","0.363922056","1.61792025794593","0.610478864188662","17.13521196",
"9/9/2006","-51.875","-4.83955001831055","219","36.374","16.306","0","1.50928373409114","0.514840522760291","24.15672756",
"9/10/2006","-51.875","-4.83955001831055","219","37.408","21.201","0","1.71253370664535","0.351326083842455","27.80224092",
"9/11/2006","-51.875","-4.83955001831055","219","37.567","19.088","0","1.77669862954255","0.301989223070524","28.38942954",
"9/12/2006","-51.875","-4.83955001831055","219","35.987","20.246","0","1.73544607346936","0.373319764666375","26.227514448",
"9/13/2006","-51.875","-4.83955001831055","219","35.371","17.465","0","1.38370726416497","0.554300937756545","20.328131232",
"9/14/2006","-51.875","-4.83955001831055","219","34.838","22.835","0.0171661464","2.03228960734685","0.604931935347264","21.06528372",
"9/15/2006","-51.875","-4.83955001831055","219","37.31","21.404","0","1.49548030316586","0.619111755749941","17.969058072",
"9/16/2006","-51.875","-4.83955001831055","219","38.575","22.168","0","1.75883936444481","0.449630560558834","27.775066968",
"9/17/2006","-51.875","-4.83955001831055","219","35.743","21.777","0.096130368","1.68995340162295","0.562914234546383","20.12737626",
"9/18/2006","-51.875","-4.83955001831055","219","39.443","23.457","0","1.68780929864463","0.407355338756492","20.224966392",
"9/19/2006","-51.875","-4.83955001831055","219","31.158","22.357","1.92603996","1.91588089631117","0.631501489611939","14.96322972",
"9/20/2006","-51.875","-4.83955001831055","219","38.221","21.848","0.478935","1.667319588985","0.572425463967074","25.45183494",
"9/21/2006","-51.875","-4.83955001831055","219","34.134","21.809","14.1972518376","1.05254173871882","0.757274735887706","12.3472656",
"9/22/2006","-51.875","-4.83955001831055","219","36.068","21.902","0","1.32102339163968","0.576540282345535","19.328683248",
"9/23/2006","-51.875","-4.83955001831055","219","35.68","22.354","0.0892639368","1.10674202842713","0.527831114219261","15.491309472",
"9/24/2006","-51.875","-4.83955001831055","219","37.692","19.549","0","1.88699338313149","0.501145779373839","24.74853876",
"9/25/2006","-51.875","-4.83955001831055","219","38.184","21.792","0","1.45666804678733","0.499683771694921","24.95896416",
"9/26/2006","-51.875","-4.83955001831055","219","40.144","24.692","0","1.17630613308105","0.356048576734138","24.75360918",
"9/27/2006","-51.875","-4.83955001831055","219","37.773","20.935","2.3809438584","1.26604238659791","0.600446314128646","19.946418192",
"9/28/2006","-51.875","-4.83955001831055","219","33.492","21.177","3.1225191192","1.62125461269842","0.735329007424549","22.657162752",
"9/29/2006","-51.875","-4.83955001831055","219","37.032","20.695","3.4074787824","0.893501574893981","0.728213729836074","22.211215128",
"9/30/2006","-51.875","-4.83955001831055","219","34.208","21.826","2.34833112","1.63956326006479","0.620614636816449","25.26749514",
"10/1/2006","-51.875","-4.83955001831055","219","36.691","20.63","0","1.61634548353521","0.52361651165042","22.73462298",
"10/2/2006","-51.875","-4.83955001831055","219","37.441","22.994","0","2.31245644482634","0.435544051015365","28.5823647",
"10/3/2006","-51.875","-4.83955001831055","219","38.484","22.384","0","2.00776427456951","0.463122133198988","20.4964884",
"10/4/2006","-51.875","-4.83955001831055","219","37.913","23.698","0","2.15728679966497","0.476089226456826","21.1106817",
"10/5/2006","-51.875","-4.83955001831055","219","39.003","23.291","0","1.58392349206638","0.444085279408192","20.82920814",
"10/6/2006","-51.875","-4.83955001831055","219","38.44","24.311","0.0102996864","1.59583356561404","0.419666590145061","24.71366844",
"10/7/2006","-51.875","-4.83955001831055","219","38.026","23.842","0.0137329056","1.59275194037359","0.443197844558524","22.73883192",
"10/8/2006","-51.875","-4.83955001831055","219","39.915","26.459","0","1.57472150150288","0.43078333563198","21.725438472",
"10/9/2006","-51.875","-4.83955001831055","219","35.279","22.398","4.2323075424","1.24635951523385","0.604846230035893","15.651728568",
"10/10/2006","-51.875","-4.83955001831055","219","38.055","23.237","0.1888276536","1.84991941894697","0.521613224427426","22.64445036",
"10/11/2006","-51.875","-4.83955001831055","219","37.754","21.922","0","2.00946228511895","0.466085708606397","26.71802028",
"10/12/2006","-51.875","-4.83955001831055","219","38.314","24.244","0","1.89632907377824","0.415066239246756","27.76860072",
"10/13/2006","-51.875","-4.83955001831055","219","37.849","23.116","1.7492292","1.96282002430985","0.514186994169087","19.97887374",
"10/14/2006","-51.875","-4.83955001831055","219","38.051","25.606","0","2.08006256364119","0.42608155781431","22.10073696",
"10/15/2006","-51.875","-4.83955001831055","219","34.993","25.281","0","1.79896709530962","0.470169985043699","15.59801124",
"10/16/2006","-51.875","-4.83955001831055","219","36.162","23.335","0.157928436","1.73242620360004","0.503522106876598","18.8042076",
"10/17/2006","-51.875","-4.83955001831055","219","36.914","23.613","0.054931608","1.69123051312758","0.534586045096225","19.31939172",
"10/18/2006","-51.875","-4.83955001831055","219","35.25","23.8","0.1853941392","1.55563661645469","0.58380002805069","15.75135144",
"10/19/2006","-51.875","-4.83955001831055","219","34.224","22.441","7.9771009464","1.29664534680722","0.753077218669056","9.76511664",
"10/20/2006","-51.875","-4.83955001831055","219","36.395","24.445","0.1527787008","1.55728035704818","0.528963483871495","19.9464795",
"10/21/2006","-51.875","-4.83955001831055","219","36.671","22.006","0.0823974624","1.22494130600897","0.523528561186917","23.82615612",
"10/22/2006","-51.875","-4.83955001831055","219","38.124","26.087","0.0102996792","1.56284010787508","0.431544995115589","19.34499186",
"10/23/2006","-51.875","-4.83955001831055","219","33.243","22.307","1.991274192","0.870398981783861","0.696841451227334","7.44536448",
"10/24/2006","-51.875","-4.83955001831055","219","33.348","21.71","20.225142576","1.39764777101959","0.759675132325039","14.15052594",
"10/25/2006","-51.875","-4.83955001831055","219","35.507","20.745","0","1.40799589239076","0.583977807740703","20.18840328",
"10/26/2006","-51.875","-4.83955001831055","219","35.507","21.09","3.2186505384","1.4689683580475","0.631443998878559","20.10875292",
"10/27/2006","-51.875","-4.83955001831055","219","38.017","21.345","0","1.50045232572903","0.479881239387646","25.96111902",
"10/28/2006","-51.875","-4.83955001831055","219","41.887","25.303","0","1.09094921763654","0.413234361343921","16.42612428",
"10/29/2006","-51.875","-4.83955001831055","219","36.158","24.21","0.3622056264","1.49108399831915","0.47585941309883","18.30453372",
"10/30/2006","-51.875","-4.83955001831055","219","34.794","23.62","2.6281346544","1.45637513858717","0.656441562949554","19.90861794",
"10/31/2006","-51.875","-4.83955001831055","219","35.904","23.426","2.0977041744","1.6879471089786","0.646604509423101","12.4570683",
"11/1/2006","-51.875","-4.83955001831055","219","35.804","22.289","0.049781952","1.65673621608343","0.618633167344471","17.77511376",
"11/2/2006","-51.875","-4.83955001831055","219","35.679","22.196","0.2368926","1.49798838047151","0.569665067866835","21.0685536",
"11/3/2006","-51.875","-4.83955001831055","219","34.764","21.398","0","1.5587435710971","0.528352288532533","22.142862",
"11/4/2006","-51.875","-4.83955001831055","219","35.437","22.49","8.212283784","1.78706600986146","0.654722122481684","17.9748558",
"11/5/2006","-51.875","-4.83955001831055","219","34.684","22.267","0.68664528","1.45542675448526","0.568960765693256","20.6241192",
"11/6/2006","-51.875","-4.83955001831055","219","33.75","23.067","3.44696364","1.92721598040727","0.647427042108575","18.55085688",
"11/7/2006","-51.875","-4.83955001831055","219","37.824","22.095","0.25749216","1.62989718928475","0.601632241005662","23.365125",
"11/8/2006","-51.875","-4.83955001831055","219","38.7","22.461","0","1.64964696921252","0.422699551413483","27.64665324",
"11/9/2006","-51.875","-4.83955001831055","219","36.767","24.882","0.98018712","1.41626488137439","0.513214549674406","20.56421232",
"11/10/2006","-51.875","-4.83955001831055","219","30.645","22.251","15.674396544","1.42776813738876","0.81548436454322","22.8149406",
"11/11/2006","-51.875","-4.83955001831055","219","25.288","22.959","15.78598056","0.902759349358471","0.959339896123655","3.09172248",
"11/12/2006","-51.875","-4.83955001831055","219","32.019","22.566","3.2804496","1.30716713803761","0.826887420407763","19.38616848",
"11/13/2006","-51.875","-4.83955001831055","219","29.126","22.683","26.80491564","1.20263664710973","0.926243601932141","10.07026686",
"11/14/2006","-51.875","-4.83955001831055","219","26.272","22.332","13.894272","0.844781664017804","0.959802719137991","12.83085",
"11/15/2006","-51.875","-4.83955001831055","219","28.921","22.742","8.38565712","1.25611924809245","0.902690214912242","23.00074002",
"11/16/2006","-51.875","-4.83955001831055","219","32.577","19.26","0","1.30588527429312","0.747685268865187","22.27888188",
"11/17/2006","-51.875","-4.83955001831055","219","29.665","21.95","3.2375363328","1.42535455975524","0.819968655005778","23.47430634",
"11/18/2006","-51.875","-4.83955001831055","219","30.228","23.166","13.607593884","0.997828577447052","0.906482846741095","11.46768444",
"11/19/2006","-51.875","-4.83955001831055","219","30.55","22.583","67.09902444","0.978156622750677","0.881643373661174","13.21312644",
"11/20/2006","-51.875","-4.83955001831055","219","30.789","23.335","6.0562166544","1.12535520054193","0.87307581719285","19.23299604",
"11/21/2006","-51.875","-4.83955001831055","219","26.23","22.398","14.9396942664","1.08345821654292","0.954958621538468","15.74674056",
"11/22/2006","-51.875","-4.83955001831055","219","26.621","22.651","15.11564364","0.908913921051231","0.96185973300297","21.81166794",
"11/23/2006","-51.875","-4.83955001831055","219","26.242","21.826","15.746500116","1.03073433976548","0.961515561233692","23.2919469",
"11/24/2006","-51.875","-4.83955001831055","219","30.349","21.935","11.36741472","1.18104362948199","0.899753828803298","26.4494259",
"11/25/2006","-51.875","-4.83955001831055","219","31.24","22.12","9.80357886","1.34929797149624","0.858699750945954","22.7746692",
"11/26/2006","-51.875","-4.83955001831055","219","31.156","22.617","4.1739478848","1.47230140896839","0.818314230895479","20.09525724",
"11/27/2006","-51.875","-4.83955001831055","219","33.987","20.775","0","1.34156721902044","0.698153380515607","27.5238",
"11/28/2006","-51.875","-4.83955001831055","219","33.606","23.075","0","1.31813291219665","0.646342402434773","18.0960768",
"11/29/2006","-51.875","-4.83955001831055","219","32.352","23.092","0.8565902064","1.23725556420822","0.738611217307314","13.12205184",
"11/30/2006","-51.875","-4.83955001831055","219","31.076","22.063","2.190399264","1.65492875421092","0.772965788370209","27.12921138",
"12/1/2006","-51.875","-4.83955001831055","219","31.205","22.987","10.066222332","1.2395003327478","0.867121255244327","21.63898188",
"12/2/2006","-51.875","-4.83955001831055","219","34.662","22.313","1.66854852","1.24028609584055","0.786959079324046","9.09387594",
"12/3/2006","-51.875","-4.83955001831055","219","33.156","22.223","1.098632448","1.31605377410946","0.752270802774151","16.74348444",
"12/4/2006","-51.875","-4.83955001831055","219","31.912","20.684","0.168227892","1.01751543627197","0.790980622084235","16.66462644",
"12/5/2006","-51.875","-4.83955001831055","219","33.36","22.02","4.0014320544","1.06551629088225","0.803322953211274","13.0500567",
"12/6/2006","-51.875","-4.83955001831055","219","34.015","23.119","10.6721904528","1.01128916729633","0.756068724659334","14.15537154",
"12/7/2006","-51.875","-4.83955001831055","219","35.324","22.199","1.93633902","1.36638604637611","0.675704647437482","21.51411282",
"12/8/2006","-51.875","-4.83955001831055","219","36.367","24.539","0.0377655264","1.46950318475412","0.5454283423317","19.625792652",
"12/9/2006","-51.875","-4.83955001831055","219","35.475","22.478","0.5527494","1.05174118874555","0.648450818094423","20.82184146",
"12/10/2006","-51.875","-4.83955001831055","219","34.997","21.786","4.288099752","1.22220684768398","0.704818975348236","18.51868368",
"12/11/2006","-51.875","-4.83955001831055","219","28.413","22.318","49.1260428","0.998521511556219","0.911890051270352","8.14229964",
"12/12/2006","-51.875","-4.83955001831055","219","26.676","21.848","11.99913588","1.30572909200932","0.927715654991787","7.63424586",
"12/13/2006","-51.875","-4.83955001831055","219","23.996","21.332","70.309033488","0.682092148527864","0.972406801945433","3.3371442",
"12/14/2006","-51.875","-4.83955001831055","219","30.82","22.443","4.19540256","1.5563776086235","0.850962985028243","21.48429132",
"12/15/2006","-51.875","-4.83955001831055","219","33.648","22.617","0.763893288","1.63693890077414","0.736915643177143","25.08806808",
"12/16/2006","-51.875","-4.83955001831055","219","33.081","22.124","2.245330584","1.4910180503064","0.83175920723383","18.36922626",
"12/17/2006","-51.875","-4.83955001831055","219","31.246","21.926","4.133604924","1.29862847243344","0.856312069114468","16.57581192",
"12/18/2006","-51.875","-4.83955001831055","219","31.793","21.518","2.4101262792","1.64401845252297","0.81360134167849","27.20941758",
"12/19/2006","-51.875","-4.83955001831055","219","29.092","22.38","6.5849306328","1.41104110012317","0.897211570391008","14.72377266",
"12/20/2006","-51.875","-4.83955001831055","219","30.172","21.642","2.95257366","0.889654883291389","0.890444302161739","15.3672219",
"12/21/2006","-51.875","-4.83955001831055","219","32.6","18.922","1.52778564","1.3267487752874","0.804875159657832","14.59811358",
"12/22/2006","-51.875","-4.83955001831055","219","32.964","20.706","4.185102456","1.28554388405566","0.788629245482072","21.99375036",
"12/23/2006","-51.875","-4.83955001831055","219","33.35","20.206","0.95100372","0.925846545958541","0.822515432674235","16.9771464",
"12/24/2006","-51.875","-4.83955001831055","219","30.288","19.65","4.930115544","1.4188770460174","0.835740182594499","18.65018916",
"12/25/2006","-51.875","-4.83955001831055","219","30.573","20.912","0.33645636","1.42590015011051","0.835834037912701","16.433546472",
"12/26/2006","-51.875","-4.83955001831055","219","32.504","21.448","3.6975854664","1.73715174442914","0.78210536303571","25.486531272",
"12/27/2006","-51.875","-4.83955001831055","219","27.998","21.601","8.4526052184","1.3350867638604","0.909893448631481","16.13356542",
"12/28/2006","-51.875","-4.83955001831055","219","33.98","22.573","0.3673552104","1.20009377003144","0.748870675258602","16.07787594",
"12/29/2006","-51.875","-4.83955001831055","219","33.957","21.035","0.1493454744","1.678487552221","0.685365179885883","26.4017835",
"12/30/2006","-51.875","-4.83955001831055","219","34.216","21.668","2.118302964","1.62937746676312","0.715651158692294","24.7055004",
"12/31/2006","-51.875","-4.83955001831055","219","27.827","22.104","10.2619149192","1.29094301162051","0.905401493484205","25.8684804",
"1/1/2007","-51.875","-4.83955001831055","219","31.179","21.823","3.455540532","1.2636960916804","0.818549719337069","17.1893214",
"1/2/2007","-51.875","-4.83955001831055","219","32.961","20.743","4.919815656","1.16117653495262","0.823074372179045","21.3090201",
"1/3/2007","-51.875","-4.83955001831055","219","25.04","20.087","102.366828","0.790245607156132","0.972712361693539","4.51405872",
"1/4/2007","-51.875","-4.83955001831055","219","28.189","19.791","22.4678961","0.661273981634402","0.956008328242302","15.284140344",
"1/5/2007","-51.875","-4.83955001831055","219","30.529","22.027","4.589365644","1.33969745912574","0.827932104138639","19.56048876",
"1/6/2007","-51.875","-4.83955001831055","219","33.08","20.865","2.44617624","1.39105299182165","0.723635435608488","25.44148152",
"1/7/2007","-51.875","-4.83955001831055","219","34.774","22.975","0.31242384","1.86800330035135","0.598859823755368","21.439911672",
"1/8/2007","-51.875","-4.83955001831055","219","34.392","21.751","0.9613039464","1.77582363222217","0.747635143158939","19.737054288",
"1/9/2007","-51.875","-4.83955001831055","219","34.734","21.916","4.6305686664","1.58817462382391","0.806197900821245","20.475169272",
"1/10/2007","-51.875","-4.83955001831055","219","32.721","22.705","2.504540556","1.65152104305388","0.76591230846931","21.9225303",
"1/11/2007","-51.875","-4.83955001831055","219","36.356","21.991","3.4143430248","1.57476247997431","0.752202446892842","20.3896665",
"1/12/2007","-51.875","-4.83955001831055","219","31.099","22.838","11.786276304","1.11013050556996","0.900074287802065","24.96745278",
"1/13/2007","-51.875","-4.83955001831055","219","32.151","22.401","5.73692112","1.6389676123777","0.859114938937809","18.70453287",
"1/14/2007","-51.875","-4.83955001831055","219","34.131","21.899","0.017166132","1.69243845450742","0.679042229510721","21.12991794",
"1/15/2007","-51.875","-4.83955001831055","219","34.855","21.557","0.0137329056","1.5079441622716","0.59077279373838","21.381581448",
"1/16/2007","-51.875","-4.83955001831055","219","31.202","22.664","5.875110216","1.23324971442602","0.830681401349613","26.2196415",
"1/17/2007","-51.875","-4.83955001831055","219","33.558","20.197","5.5103290704","0.982099467591532","0.828380721982696","18.64311147",
"1/18/2007","-51.875","-4.83955001831055","219","35.201","23.073","4.4219985408","1.40009213190513","0.745746290473583","17.34440256",
"1/19/2007","-51.875","-4.83955001831055","219","33.457","22.658","1.955222892","1.80409326427773","0.745142070819181","27.41276088",
"1/20/2007","-51.875","-4.83955001831055","219","31.147","22.795","2.657319264","1.73300685204048","0.73417375762239","25.8675759",
"1/21/2007","-51.875","-4.83955001831055","219","35.789","21.672","1.4076234864","1.51528862170862","0.707821857711296","18.85753161",
"1/22/2007","-51.875","-4.83955001831055","219","36.997","22.915","2.15091864","1.65740571828941","0.644051184754844","20.6444304",
"1/23/2007","-51.875","-4.83955001831055","219","34.711","22.371","3.2469714864","1.20004578393547","0.763888796654291","17.00240319",
"1/24/2007","-51.875","-4.83955001831055","219","34.347","22.711","9.535794948","1.92052728904117","0.756088136197878","21.02293377",
"1/25/2007","-51.875","-4.83955001831055","219","35.034","22.46","2.8495833192","2.08000373283781","0.674655535468908","25.04278242",
"1/26/2007","-51.875","-4.83955001831055","219","34.208","21.674","0.2952576504","1.66873742883883","0.644270731926707","19.02487752",
"1/27/2007","-51.875","-4.83955001831055","219","32.713","20.599","2.813528772","1.54090881262429","0.727832696577061","23.78818782",
"1/28/2007","-51.875","-4.83955001831055","219","31.435","22.548","9.716034528","1.12173738289241","0.929335382996406","9.78131187",
"1/29/2007","-51.875","-4.83955001831055","219","27.833","22.463","12.950993628","1.25450996567041","0.940561929500115","21.5614728",
"1/30/2007","-51.875","-4.83955001831055","219","28.362","22.835","1.8161767728","1.06000509582049","0.867601741904094","13.722182028",
"1/31/2007","-51.875","-4.83955001831055","219","27.337","21.27","2.2470470424","1.008864295977","0.905483453039473","9.010236528",
"2/1/2007","-51.875","-4.83955001831055","219","23.419","20.107","30.861268524","1.07922234030025","0.978256571492686","2.55751911",
"2/2/2007","-51.875","-4.83955001831055","219","24.316","21.675","29.29230468","0.815219591444038","0.978916591602034","4.619588112",
"2/3/2007","-51.875","-4.83955001831055","219","30.236","21.724","10.536574356","1.12019159218796","0.93826154443479","14.761294002",
"2/4/2007","-51.875","-4.83955001831055","219","26.934","22.341","11.10306492","1.33745267169991","0.94856690039282","20.138504778",
"2/5/2007","-51.875","-4.83955001831055","219","28.944","22.116","3.6709789248","1.12263211856155","0.927492430845702","14.522403672",
"2/6/2007","-51.875","-4.83955001831055","219","25.701","22.973","6.945421608","0.71175116073207","0.971392749647325","7.56478089",
"2/7/2007","-51.875","-4.83955001831055","219","24.149","21.929","113.22352944","0.910774282390232","0.980584257348847","2.647910772",
"2/8/2007","-51.875","-4.83955001831055","219","23.964","21.829","3.315639456","0.862800545790081","0.976757134903382","4.244180598",
"2/9/2007","-51.875","-4.83955001831055","219","28.808","20.586","2.837563308","0.794749422851045","0.899899827665692","10.8043821",
"2/10/2007","-51.875","-4.83955001831055","219","34.087","20.648","4.7121029424","1.14223624242073","0.789634119083694","14.55311169",
"2/11/2007","-51.875","-4.83955001831055","219","31.271","21.218","12.1261591584","1.45450219880906","0.85071076182271","19.33706277",
"2/12/2007","-51.875","-4.83955001831055","219","26.868","21.839","12.58792416","1.23358724936565","0.945104498632294","14.6730924",
"2/13/2007","-51.875","-4.83955001831055","219","31.915","21.862","0.0583648344","1.45301234411545","0.72258648523257","24.71444946",
"2/14/2007","-51.875","-4.83955001831055","219","34.033","21.289","3.7181826","1.80727256784674","0.780118269041401","22.184663472",
"2/15/2007","-51.875","-4.83955001831055","219","25.574","22.132","6.227016912","1.39779059163246","0.962310581671979","9.88149816",
"2/16/2007","-51.875","-4.83955001831055","219","26.398","22.392","28.019434536","1.07146687574506","0.970407806664081","10.35197325",
"2/17/2007","-51.875","-4.83955001831055","219","23.611","21.395","10.60008984","0.851171115766109","0.977968498306566","1.792238472",
"2/18/2007","-51.875","-4.83955001831055","219","31.588","21.355","13.15012176","0.895200475676099","0.877568767626016","19.670346",
"2/19/2007","-51.875","-4.83955001831055","219","23.442","21.93","19.72045692","0.984205649499469","0.979739472764125","3.49892028",
"2/20/2007","-51.875","-4.83955001831055","219","24.394","21.661","24.921792","0.927042587918846","0.977793667786892","8.58465243",
"2/21/2007","-51.875","-4.83955001831055","219","26.908","21.089","11.11164444","1.15151929254616","0.946372254475164","14.077291932",
"2/22/2007","-51.875","-4.83955001831055","219","27.206","21.413","9.665391672","1.10365609287113","0.942078028285677","16.65658503",
"2/23/2007","-51.875","-4.83955001831055","219","25.811","21.871","16.101841068","0.841772171014882","0.973186334568842","12.64466538",
"2/24/2007","-51.875","-4.83955001831055","219","28.356","22.097","35.01290844","1.04714439089626","0.943810956507759","16.496887878",
"2/25/2007","-51.875","-4.83955001831055","219","31.718","22.425","3.508760304","1.08497443079786","0.827058024443447","18.377882748",
"2/26/2007","-51.875","-4.83955001831055","219","29.626","21.481","16.203120408","1.09311254356695","0.930638127486628","23.13590679",
"2/27/2007","-51.875","-4.83955001831055","219","29.954","22.314","28.13959044","1.24039639822502","0.905717191859389","20.74927347",
"2/28/2007","-51.875","-4.83955001831055","219","30.877","22.138","10.535720076","1.32158178834259","0.87553149613661","24.64458444",
"3/1/2007","-51.875","-4.83955001831055","219","31.656","22.017","5.5472346864","1.10662056586935","0.871165551749226","21.29529384",
"3/2/2007","-51.875","-4.83955001831055","219","28.982","21.01","9.1495497384","1.03045900155974","0.945273947846823","15.278798322",
"3/3/2007","-51.875","-4.83955001831055","219","31.407","22.173","2.9233902816","1.20810611384282","0.868193614292458","13.46393493",
"3/4/2007","-51.875","-4.83955001831055","219","28.384","20.977","15.0169369104","1.03640208890398","0.939860225447203","21.09870054",
"3/5/2007","-51.875","-4.83955001831055","219","30.085","21.959","4.8837659688","1.30629062517167","0.872881316549515","23.23096983",
"3/6/2007","-51.875","-4.83955001831055","219","27.154","21.083","12.7853433","1.27338594899234","0.961423227358263","23.51733327",
"3/7/2007","-51.875","-4.83955001831055","219","31.073","22.65","3.160283328","1.53415456781306","0.810337235259882","24.15903237",
"3/8/2007","-51.875","-4.83955001831055","219","31.099","22.763","18.762588","1.4388709003658","0.891459599136231","24.8499063",
"3/9/2007","-51.875","-4.83955001831055","219","27.004","22.581","56.62936692","1.00693492051251","0.955805370449343","11.40176745",
"3/10/2007","-51.875","-4.83955001831055","219","28.034","22.594","16.83311292","0.927917704104771","0.954371553083032","17.44925229",
"3/11/2007","-51.875","-4.83955001831055","219","28.105","22.306","13.33808676","1.18920989004057","0.931359941738709","17.32174272",
"3/12/2007","-51.875","-4.83955001831055","219","29.87","22.167","19.15225812","0.995478553394598","0.917250637751486","22.02733368",
"3/13/2007","-51.875","-4.83955001831055","219","27.221","22.501","22.691921328","0.837918447575558","0.96054462649548","18.701549262",
"3/14/2007","-51.875","-4.83955001831055","219","25.383","22.68","16.738708536","1.14734016283827","0.971185553138952","9.435657258",
"3/15/2007","-51.875","-4.83955001831055","219","24.471","22.134","36.82652436","0.867332178113501","0.979053804037831","5.48797473",
"3/16/2007","-51.875","-4.83955001831055","219","28.217","22.031","8.8989246","1.02653345183416","0.945973726692985","14.81085234",
"3/17/2007","-51.875","-4.83955001831055","219","29.192","22.096","6.3205688304","1.16213953414086","0.904289790895246","13.786084818",
"3/18/2007","-51.875","-4.83955001831055","219","28.874","22.679","14.778326484","1.28100382937653","0.934008469222501","22.11738894",
"3/19/2007","-51.875","-4.83955001831055","219","26.13","22.613","22.4000928","0.944039774391252","0.970976979560866","17.66486196",
"3/20/2007","-51.875","-4.83955001831055","219","31.439","22.779","22.38635016","1.22228768820497","0.891333716462432","23.732833032",
"3/21/2007","-51.875","-4.83955001831055","219","26.218","22.8","16.82452224","1.02598745181306","0.959801985264097","16.55651304",
"3/22/2007","-51.875","-4.83955001831055","219","28.688","21.688","13.9663818","0.54533114355349","0.949862875581648","20.21681034",
"3/23/2007","-51.875","-4.83955001831055","219","28.972","20.169","4.79278512","0.927217337025618","0.913165255303159","18.08673723",
"3/24/2007","-51.875","-4.83955001831055","219","31.717","21.474","2.9113797528","1.23088380604883","0.856808145749664","21.78281412",
"3/25/2007","-51.875","-4.83955001831055","219","32.352","21.163","12.5226922104","1.09109312568571","0.920810912816154","19.76670351",
"3/26/2007","-51.875","-4.83955001831055","219","29.698","23.015","4.7121084","1.08927130916252","0.921614829820286","19.48106349",
"3/27/2007","-51.875","-4.83955001831055","219","31.436","22.74","3.529359468","1.23681041326604","0.881299925678834","19.293302898",
"3/28/2007","-51.875","-4.83955001831055","219","30.344","21.732","1.7028806184","1.38730860295195","0.885403387537405","20.25776952",
"3/29/2007","-51.875","-4.83955001831055","219","30.938","22.377","4.5061070832","1.13642037836516","0.904005225533592","23.03488548",
"3/30/2007","-51.875","-4.83955001831055","219","28.509","23.519","6.9213819744","0.908192959675866","0.946405776156696","18.0647424",
"3/31/2007","-51.875","-4.83955001831055","219","30.919","22.695","1.62734994","1.21128352803252","0.858543644459714","19.13737536",
"4/1/2007","-51.875","-4.83955001831055","219","30.828","21.68","1.137256308","1.61245975910049","0.821616136010836","25.4508156",
"4/2/2007","-51.875","-4.83955001831055","219","31.647","23.194","7.90415172","1.30056686530067","0.867692776035518","18.62505522",
"4/3/2007","-51.875","-4.83955001831055","219","32.396","23.326","5.150698488","1.25437441747899","0.84689538357638","23.58213696",
"4/4/2007","-51.875","-4.83955001831055","219","29.629","22.68","5.7583831464","1.28661461520727","0.90139548473808","18.23467554",
"4/5/2007","-51.875","-4.83955001831055","219","32.259","21.815","2.4607657944","1.21796346551121","0.866934692426537","18.208972602",
"4/6/2007","-51.875","-4.83955001831055","219","29.888","23.282","7.04669544","1.34197118495232","0.901674879530119","20.185030368",
"4/7/2007","-51.875","-4.83955001831055","219","31.194","23.343","6.7093838712","1.23128839634834","0.899867698014166","22.14613926",
"4/8/2007","-51.875","-4.83955001831055","219","28.393","22.851","15.5164743864","1.11727747558913","0.947924995368182","13.59821052",
"4/9/2007","-51.875","-4.83955001831055","219","28.904","22.373","2.1500587584","0.885979203712798","0.913187826459932","19.285712928",
"4/10/2007","-51.875","-4.83955001831055","219","29.463","21.238","3.322506996","1.19776011646406","0.877593856702846","22.45961034",
"4/11/2007","-51.875","-4.83955001831055","219","30.099","22.794","9.1212260112","0.620639857899119","0.90840687745239","16.11123534",
"4/12/2007","-51.875","-4.83955001831055","219","28.175","23.039","15.252973596","1.17703467962211","0.943566831668712","21.3737679",
"4/13/2007","-51.875","-4.83955001831055","219","28.266","21.978","6.30083412","0.937767173841612","0.916847427412822","8.982504",
"4/14/2007","-51.875","-4.83955001831055","219","29.173","22.149","9.45339318","1.06310847763609","0.92004889857701","21.59927406",
"4/15/2007","-51.875","-4.83955001831055","219","29.762","22.925","14.265062244","1.03642110095458","0.939401306786992","24.89050836",
"4/16/2007","-51.875","-4.83955001831055","219","31.953","22.776","13.72089024","0.959588041028107","0.883897191209744","17.6650299",
"4/17/2007","-51.875","-4.83955001831055","219","27.429","21.664","20.16163944","0.429233149645635","0.952559810987802","19.73925036",
"4/18/2007","-51.875","-4.83955001831055","219","23.336","22.542","65.24502912","0.686547654231929","0.982469814843447","0.658125432",
"4/19/2007","-51.875","-4.83955001831055","219","25.011","22.259","117.8682696","1.09142935225286","0.979845427298883","5.30915328",
"4/20/2007","-51.875","-4.83955001831055","219","27.913","22.73","7.6393567224","1.0706805578978","0.931059806624508","8.91972972",
"4/21/2007","-51.875","-4.83955001831055","219","29.278","20.848","2.7371413224","0.98762083538807","0.904233911365613","16.0441911",
"4/22/2007","-51.875","-4.83955001831055","219","26.098","22.149","8.580493872","0.699121866957044","0.973944017020909","11.32593192",
"4/23/2007","-51.875","-4.83955001831055","219","31.619","22.515","4.892352696","0.903844204251402","0.907336297730038","18.2800125",
"4/24/2007","-51.875","-4.83955001831055","219","27.336","21.085","13.759525116","0.74356887982498","0.965470193184673","19.25380746",
"4/25/2007","-51.875","-4.83955001831055","219","30.537","22.899","6.52914108","1.22715419012994","0.899352866490342","20.3596299",
"4/26/2007","-51.875","-4.83955001831055","219","29.495","22.906","5.2292329344","0.912615478109668","0.914614535853888","19.81444788",
"4/27/2007","-51.875","-4.83955001831055","219","28.699","21.914","12.45145932","0.800316318836721","0.930562128367684","22.18178952",
"4/28/2007","-51.875","-4.83955001831055","219","29.21","22.628","9.844782192","0.706243780911469","0.910537147288847","18.57144312",
"4/29/2007","-51.875","-4.83955001831055","219","31.784","21.591","3.9945600504","1.1417857996156","0.86214263752521","18.34925256",
"4/30/2007","-51.875","-4.83955001831055","219","29.396","22.568","16.43915268","1.03190914523767","0.927703729808774","23.89859658",
"5/1/2007","-51.875","-4.83955001831055","219","27.331","19.803","5.99098536","0.515049051281655","0.958886611106324","12.36966264",
"5/2/2007","-51.875","-4.83955001831055","219","31.426","20.583","10.67905008","0.937535558066801","0.909066001513091","23.7677067",
"5/3/2007","-51.875","-4.83955001831055","219","30.505","22.009","10.7940708","1.15858676941184","0.902751458191372","20.32200216",
"5/4/2007","-51.875","-4.83955001831055","219","27.073","23.383","8.109284472","0.98482652389839","0.952899992608606","18.89319042",
"5/5/2007","-51.875","-4.83955001831055","219","30.401","22.917","4.1336052768","0.945458498956841","0.897473572991195","16.32195054",
"5/6/2007","-51.875","-4.83955001831055","219","30.873","19.539","2.022172884","1.02829895816631","0.872659587314731","20.42139186",
"5/7/2007","-51.875","-4.83955001831055","219","33.345","20.043","2.47192632","1.30887266210415","0.815498226498211","23.7945924",
"5/8/2007","-51.875","-4.83955001831055","219","32.796","23.256","1.60674984","0.841186017112776","0.862733919692138","15.48675396",
"5/9/2007","-51.875","-4.83955001831055","219","35.444","20.861","2.1835309968","1.03557845266024","0.809959550100341","18.9929844",
"5/10/2007","-51.875","-4.83955001831055","219","28.576","23.864","5.9944186368","0.846856173182205","0.934888904271216","19.39883346",
"5/11/2007","-51.875","-4.83955001831055","219","31.338","21.949","2.49939072","1.06713315727097","0.876937528973997","15.91099092",
"5/12/2007","-51.875","-4.83955001831055","219","26.625","20.01","8.7307002","0.72405994991807","0.964416122571439","15.53405364",
"5/13/2007","-51.875","-4.83955001831055","219","33.453","19.845","0.078964236","1.37603636359681","0.701219310023344","24.68429982",
"5/14/2007","-51.875","-4.83955001831055","219","34.342","19.137","1.311493464","1.09263693010159","0.75901281957388","16.9856469",
"5/15/2007","-51.875","-4.83955001831055","219","34.311","22.864","0.8102412","1.20252284998788","0.759498229691411","16.91780472",
"5/16/2007","-51.875","-4.83955001831055","219","32.234","23.154","2.265928452","1.10425235967117","0.801883235761991","18.331931952",
"5/17/2007","-51.875","-4.83955001831055","219","33.139","20.917","0.096130404","1.19070874752834","0.74449306335931","14.77181214",
"5/18/2007","-51.875","-4.83955001831055","219","33.42","23.065","0","1.12768146666956","0.696707944708063","21.08406888",
"5/19/2007","-51.875","-4.83955001831055","219","34.339","20.77","0.0034332264","1.27432487595957","0.615620113668607","24.3087192",
"5/20/2007","-51.875","-4.83955001831055","219","34.377","22.935","0.2506254192","1.15128590322792","0.661219612852793","14.83301214",
"5/21/2007","-51.875","-4.83955001831055","219","32.133","23.049","0.89778888","1.31788636558298","0.764903405060819","15.05553876",
"5/22/2007","-51.875","-4.83955001831055","219","32.937","22.537","0.387954468","1.30928445682538","0.753389950103173","15.44985216",
"5/23/2007","-51.875","-4.83955001831055","219","34.856","18.76","0","1.11744380541797","0.668450341268513","22.52942334",
"5/24/2007","-51.875","-4.83955001831055","219","32.082","21.825","0","1.2179316926559","0.755405725382171","12.24933138",
"5/25/2007","-51.875","-4.83955001831055","219","31.909","20.395","1.4488216992","0.971034023754544","0.841711711984148","12.2541741",
"5/26/2007","-51.875","-4.83955001831055","219","33.201","20.258","0","1.16022888551726","0.76065240194915","17.24343732",
"5/27/2007","-51.875","-4.83955001831055","219","31.525","20.893","1.9329079968","0.90296996771947","0.843480867766297","9.1005741",
"5/28/2007","-51.875","-4.83955001831055","219","29.781","21.014","1.45568808","0.915040771576901","0.88749878804491","9.82552248",
"5/29/2007","-51.875","-4.83955001831055","219","29.485","21.42","4.032328356","0.976517903401919","0.883577653256116","13.23444024",
"5/30/2007","-51.875","-4.83955001831055","219","31.975","22.193","8.2054182168","0.75148569078267","0.892226290238447","22.15547118",
"5/31/2007","-51.875","-4.83955001831055","219","32.319","21.922","6.14205036","1.21075608479768","0.778794632795836","17.54859366",
"6/1/2007","-51.875","-4.83955001831055","219","32.69","16.994","0","1.2799342044959","0.709692888210307","17.31998988",
"6/2/2007","-51.875","-4.83955001831055","219","34.071","18.914","0","1.37997153883196","0.670091494628489","23.35623768",
"6/3/2007","-51.875","-4.83955001831055","219","33.847","17.477","0","1.26294043447385","0.662116007406834","19.2240495",
"6/4/2007","-51.875","-4.83955001831055","219","34.418","21.869","0","1.52193814747895","0.53627320825649","20.94913368",
"6/5/2007","-51.875","-4.83955001831055","219","31.976","21.995","0.16136172","1.59550332368971","0.677906056611146","12.98570562",
"6/6/2007","-51.875","-4.83955001831055","219","29.55","20.919","4.4357307192","1.12921359446602","0.921777658437768","20.93061852",
"6/7/2007","-51.875","-4.83955001831055","219","33.932","19.818","0","1.33178514810914","0.689738185661055","21.83428134",
"6/8/2007","-51.875","-4.83955001831055","219","34.165","21.372","0","1.23070942717381","0.589321423112821","18.36551826",
"6/9/2007","-51.875","-4.83955001831055","219","33.717","20.178","0","1.51663421440189","0.573551351724936","22.01675922",
"6/10/2007","-51.875","-4.83955001831055","219","33.082","20.048","0.6385797","1.302499961233","0.70936744096279","16.79259294",
"6/11/2007","-51.875","-4.83955001831055","219","30.416","22.236","4.737852396","1.12303300138392","0.900315890611176","18.66949092",
"6/12/2007","-51.875","-4.83955001831055","219","33.735","21.976","0.343322748","0.972030584697925","0.740802950759477","16.34310036",
"6/13/2007","-51.875","-4.83955001831055","219","34.049","17.802","0","1.2817612501239","0.644870289504977","18.58843134",
"6/14/2007","-51.875","-4.83955001831055","219","33.805","20.383","0","1.32965876076533","0.62299520679284","21.63724254",
"6/15/2007","-51.875","-4.83955001831055","219","35.284","19.936","0","0.888846840468015","0.668226616483463","17.17334946",
"6/16/2007","-51.875","-4.83955001831055","219","35.077","17.844","0","1.23285115203568","0.596487531172002","23.85568062",
"6/17/2007","-51.875","-4.83955001831055","219","35.125","18.246","0","1.06806596895032","0.515311305194031","21.0931263",
"6/18/2007","-51.875","-4.83955001831055","219","33.93","18.227","0","1.23910648070615","0.585180165008192","20.13992226",
"6/19/2007","-51.875","-4.83955001831055","219","34.52","22.404","0","1.27279222230387","0.646525446617224","20.39000598",
"6/20/2007","-51.875","-4.83955001831055","219","34.303","17.396","0","1.32572083591983","0.529195717871159","23.26235238",
"6/21/2007","-51.875","-4.83955001831055","219","33.868","17.392","0","1.57752148759516","0.546141976047159","23.54175018",
"6/22/2007","-51.875","-4.83955001831055","219","33.511","18.516","0","1.77247811738584","0.475415538421162","24.18091632",
"6/23/2007","-51.875","-4.83955001831055","219","33.58","19.018","0","1.55076936171501","0.485232469864445","23.67966744",
"6/24/2007","-51.875","-4.83955001831055","219","35.047","21.161","0","1.56569023009658","0.45235551517555","23.64952212",
"6/25/2007","-51.875","-4.83955001831055","219","34.529","19.598","0","1.73735577970091","0.411124968700283","23.91711246",
"6/26/2007","-51.875","-4.83955001831055","219","34.809","19.221","0","1.37029620305735","0.445226326563523","23.38481124",
"6/27/2007","-51.875","-4.83955001831055","219","34.279","20.365","0","1.60262087081626","0.435147684885227","17.55095256",
"6/28/2007","-51.875","-4.83955001831055","219","34.344","18.655","0","1.54763800157036","0.498984791355726","18.97228656",
"6/29/2007","-51.875","-4.83955001831055","219","33.16","17.655","0","1.28642572791299","0.587120895937505","8.03317356",
"6/30/2007","-51.875","-4.83955001831055","219","34.409","18.415","0","0.843344376452837","0.668976405177657","19.44184842",
"7/1/2007","-51.875","-4.83955001831055","219","34.651","19.245","0","1.21875805523828","0.648563705007802","17.63702208",
"7/2/2007","-51.875","-4.83955001831055","219","33.535","20.755","0.0291824424","0.867562336061945","0.636008545829877","17.73674802",
"7/3/2007","-51.875","-4.83955001831055","219","35.287","22.139","0.061798068","1.03416189415309","0.641848690350629","16.26699168",
"7/4/2007","-51.875","-4.83955001831055","219","34.072","19.692","0.4686354","1.56491469817777","0.634328096606913","20.34360198",
"7/5/2007","-51.875","-4.83955001831055","219","32.901","20.404","0","1.38549031521963","0.603260210940262","18.41575068",
"7/6/2007","-51.875","-4.83955001831055","219","33.756","18.205","0","1.27121668477131","0.572508710460513","18.57644784",
"7/7/2007","-51.875","-4.83955001831055","219","35.218","20.296","0","1.75498518285411","0.477230259557772","23.8498236",
"7/8/2007","-51.875","-4.83955001831055","219","34.876","19.004","0","1.73707850641945","0.447429056137913","23.76775638",
"7/9/2007","-51.875","-4.83955001831055","219","34.394","19.492","0","1.404232033357","0.496866410420768","17.24338224",
"7/10/2007","-51.875","-4.83955001831055","219","35.442","22.493","0","1.08001770706486","0.524703809770848","19.32052518",
"7/11/2007","-51.875","-4.83955001831055","219","35.296","16.116","0","1.22424826002733","0.543951447512634","23.69317788",
"7/12/2007","-51.875","-4.83955001831055","219","35.276","21.816","0","1.46798273902575","0.52469404170972","23.58152028",
"7/13/2007","-51.875","-4.83955001831055","219","35.129","20.294","0","1.26640206917884","0.601118754161988","15.99361884",
"7/14/2007","-51.875","-4.83955001831055","219","32.882","21.75","0","1.51290882025723","0.601171517882631","18.76218642",
"7/15/2007","-51.875","-4.83955001831055","219","33.146","21.39","0.0497817","1.24904181288695","0.660182670426076","11.81818782",
"7/16/2007","-51.875","-4.83955001831055","219","33.281","21.728","0.127029348","1.05461908729546","0.697533061303331","11.177826552",
"7/17/2007","-51.875","-4.83955001831055","219","34.545","16.241","0","1.06471617818937","0.62120993597269","17.39784294",
"7/18/2007","-51.875","-4.83955001831055","219","32.088","19.423","3.46755708","1.10532799737601","0.767691012279236","23.34903714",
"7/19/2007","-51.875","-4.83955001831055","219","37.618","20.639","0","0.924995210814323","0.631176098503638","17.29411542",
"7/20/2007","-51.875","-4.83955001831055","219","32.519","22.055","0","1.29864860155038","0.599940632255426","15.52275162",
"7/21/2007","-51.875","-4.83955001831055","219","30.512","20.595","3.25126404","1.34562200503223","0.805134057479938","14.58005526",
"7/22/2007","-51.875","-4.83955001831055","219","33.759","20.293","0.123596352","1.48376912193111","0.674926989292504","23.55001272",
"7/23/2007","-51.875","-4.83955001831055","219","34.564","16.795","0","1.15088787174391","0.595467730322269","24.52562028",
"7/24/2007","-51.875","-4.83955001831055","219","32.76","19.531","0","1.39099851339547","0.597705606303438","16.40801376",
"7/25/2007","-51.875","-4.83955001831055","219","36.007","15.711","0","0.909006198481758","0.610722220619985","14.959965132",
"7/26/2007","-51.875","-4.83955001831055","219","35.707","22.735","0.1853943264","1.35749759023362","0.57477996020491","24.3197379",
"7/27/2007","-51.875","-4.83955001831055","219","36.883","19.565","0.3004074792","0.949160965979594","0.678161280398949","13.98762954",
"7/28/2007","-51.875","-4.83955001831055","219","34.255","18.542","0","1.30007378416211","0.61208052963417","15.82784838",
"7/29/2007","-51.875","-4.83955001831055","219","33.939","18.549","0.120163032","1.22441749568809","0.690549638974982","18.59293098",
"7/30/2007","-51.875","-4.83955001831055","219","34.164","15.798","0","1.29660909267195","0.636032641252256","21.81717828",
"7/31/2007","-51.875","-4.83955001831055","219","34.99","19.671","0","1.74983365608581","0.442454228974784","25.23746394",
"8/1/2007","-51.875","-4.83955001831055","219","35.282","18.239","0","1.57176822010052","0.446863606783062","25.30997154",
"8/2/2007","-51.875","-4.83955001831055","219","34.81","18.92","0","1.34588624530626","0.49603696336459","17.6610348",
"8/3/2007","-51.875","-4.83955001831055","219","35.075","20.55","0","1.80687146738327","0.432296829528505","25.28027136",
"8/4/2007","-51.875","-4.83955001831055","219","36.097","19.693","0","1.32271773340612","0.425199469977152","19.70307936",
"8/5/2007","-51.875","-4.83955001831055","219","34.781","18.254","0","1.30171498583343","0.472768137447869","19.82013552",
"8/6/2007","-51.875","-4.83955001831055","219","34.364","20.388","0.2729414664","1.0990499694449","0.688753319637346","14.111494128",
"8/7/2007","-51.875","-4.83955001831055","219","36.027","18.746","0.08583066","1.08492971610763","0.591362116929627","19.45428642",
"8/8/2007","-51.875","-4.83955001831055","219","35.638","20.007","0","1.67692196155756","0.5324901600022","23.27670594",
"8/9/2007","-51.875","-4.83955001831055","219","34.345","20.245","0","1.45496825622397","0.542649796964181","20.53895364",
"8/10/2007","-51.875","-4.83955001831055","219","36.214","20.69","0","1.6864606555691","0.409418884843925","25.51685328",
"8/11/2007","-51.875","-4.83955001831055","219","36.607","16.964","0","1.64542292486714","0.380413839157631","26.32595562",
"8/12/2007","-51.875","-4.83955001831055","219","36.138","16.843","0","1.54904928307526","0.408318167880751","26.10551583",
"8/13/2007","-51.875","-4.83955001831055","219","35.649","20.348","0.3536226","1.57108051724492","0.554631766040609","23.29334928",
"8/14/2007","-51.875","-4.83955001831055","219","35.539","16.605","0","1.6517551108125","0.509354892745812","25.90092684",
"8/15/2007","-51.875","-4.83955001831055","219","35.792","20.986","0","1.9903205504088","0.370301734840444","26.15664078",
"8/16/2007","-51.875","-4.83955001831055","219","35.972","20.984","0","1.84412358035769","0.378934982655779","26.19022302",
"8/17/2007","-51.875","-4.83955001831055","219","36.565","18.892","0","1.28576898490237","0.402774735586676","22.11424578",
"8/18/2007","-51.875","-4.83955001831055","219","35.912","17.502","0","1.52189285546545","0.42314881018346","24.77688354",
"8/19/2007","-51.875","-4.83955001831055","219","35.971","20.118","0","1.71696737716067","0.54270849071882","24.53618988",
"8/20/2007","-51.875","-4.83955001831055","219","36.938","19.72","0","1.75336177486564","0.371346548107789","26.73894582",
"8/21/2007","-51.875","-4.83955001831055","219","36.99","19.72","0","1.44282438549078","0.435495640005548","19.64160144",
"8/22/2007","-51.875","-4.83955001831055","219","34.201","22.048","0.6248470968","1.53523064390993","0.658562618960626","11.080242252",
"8/23/2007","-51.875","-4.83955001831055","219","32.064","22.404","6.24418524","1.5078316908117","0.811459182778934","25.17856929",
"8/24/2007","-51.875","-4.83955001831055","219","35.33","22.323","0.3364563888","1.68997281631962","0.656343944036638","19.74481929",
"8/25/2007","-51.875","-4.83955001831055","219","34.526","21.349","0","1.51242156718659","0.595563504942751","17.9182161",
"8/26/2007","-51.875","-4.83955001831055","219","37.171","22.314","0","1.75881161230303","0.525694510155847","23.440948128",
"8/27/2007","-51.875","-4.83955001831055","219","34.209","22.424","0","1.82264938254126","0.596234735867394","12.752661528",
"8/28/2007","-51.875","-4.83955001831055","219","35.659","23.036","0.35705538","1.78247807700402","0.621041193010788","19.063125432",
"8/29/2007","-51.875","-4.83955001831055","219","37.439","16.912","0","1.97585862648288","0.494587406550496","22.99933224",
"8/30/2007","-51.875","-4.83955001831055","219","36.105","24.395","0","2.21671235598025","0.476695991236088","26.61041412",
"8/31/2007","-51.875","-4.83955001831055","219","35.466","22.009","0","1.77244720704378","0.547891177557603","19.609539192",
"9/1/2007","-51.875","-4.83955001831055","219","34.988","22.129","0.1871110224","1.77966156983699","0.622692015790143","10.32851232",
"9/2/2007","-51.875","-4.83955001831055","219","34.481","21.032","0.738144","1.45714609210304","0.637867255413676","18.6917625",
"9/3/2007","-51.875","-4.83955001831055","219","35.463","19.363","0","1.97816345124547","0.520906156734052","24.346132632",
"9/4/2007","-51.875","-4.83955001831055","219","34.838","21.827","0.0137329128","1.82761349275065","0.562507685440451","21.121480368",
"9/5/2007","-51.875","-4.83955001831055","219","36.538","19.121","0","1.81830487962711","0.508654849876721","26.963389512",
"9/6/2007","-51.875","-4.83955001831055","219","37.802","20.762","0","1.17540681808007","0.422790558798894","21.153657132",
"9/7/2007","-51.875","-4.83955001831055","219","35.914","21.901","0","1.60115402664792","0.408284393144468","23.652787122",
"9/8/2007","-51.875","-4.83955001831055","219","34.53","20.549","0","1.67355629546941","0.555666698918023","20.358894888",
"9/9/2007","-51.875","-4.83955001831055","219","34.906","21.789","0","1.6799319456906","0.549884685839794","20.245719888",
"9/10/2007","-51.875","-4.83955001831055","219","36.659","21.631","0","1.67895827853566","0.530813101035935","18.55804536",
"9/11/2007","-51.875","-4.83955001831055","219","37.831","23.099","0","1.75838447620723","0.449923085830978","26.18696394",
"9/12/2007","-51.875","-4.83955001831055","219","37.223","17.252","0","1.72146584391795","0.445740578449193","26.283882168",
"9/13/2007","-51.875","-4.83955001831055","219","37.717","20.538","0","1.73854958973468","0.439214549669983","27.570989088",
"9/14/2007","-51.875","-4.83955001831055","219","34.377","21.643","0","1.55727847131681","0.545600491159083","20.255234112",
"9/15/2007","-51.875","-4.83955001831055","219","36.616","21.65","0.102996828","1.28466906696589","0.572277286473257","13.458034872",
"9/16/2007","-51.875","-4.83955001831055","219","38.17","17.805","0","1.42866052142571","0.501089591767804","19.73249766",
"9/17/2007","-51.875","-4.83955001831055","219","38.637","22.011","3.39718176","1.81096543330875","0.63048294169762","20.940580512",
"9/18/2007","-51.875","-4.83955001831055","219","38.179","21.993","5.1635740032","1.49049585215629","0.669275162994829","18.75048642",
"9/19/2007","-51.875","-4.83955001831055","219","35.05","20.934","0","1.70631493276772","0.56001889953438","22.804652592",
"9/20/2007","-51.875","-4.83955001831055","219","38.496","20.105","0","1.50791473308624","0.478874489379898","25.616810448",
"9/21/2007","-51.875","-4.83955001831055","219","39.814","24.622","0.077247612","1.81770265875274","0.381150023143935","26.4145491",
"9/22/2007","-51.875","-4.83955001831055","219","40.648","20.438","0","1.14370218814328","0.443246807725383","20.96144946",
"9/23/2007","-51.875","-4.83955001831055","219","39.918","24.49","0","1.76072716986537","0.327791174866783","28.636987968",
"9/24/2007","-51.875","-4.83955001831055","219","39.95","23.619","0","1.3678931712304","0.41683597631415","20.27210544",
"9/25/2007","-51.875","-4.83955001831055","219","39.074","25.243","0","2.01935097755686","0.417045023138012","22.0482018",
"9/26/2007","-51.875","-4.83955001831055","219","38.22","22.84","1.835062596","2.00822712040284","0.521740510826344","21.44048274",
"9/27/2007","-51.875","-4.83955001831055","219","37.304","21.616","1.56898692","1.97324341946107","0.567391757826414","26.25097158",
"9/28/2007","-51.875","-4.83955001831055","219","37.736","22.645","0","2.02268256555079","0.426309183537714","28.432184112",
"9/29/2007","-51.875","-4.83955001831055","219","35.988","22.127","0.020599344","1.3456611937249","0.504799718742263","17.08880562",
"9/30/2007","-51.875","-4.83955001831055","219","36.058","23.376","0","1.64283572089586","0.526896151968013","18.024188112",
"10/1/2007","-51.875","-4.83955001831055","219","36.386","23.99","0.0514984248","2.02430657973506","0.517031618862513","23.184229032",
"10/2/2007","-51.875","-4.83955001831055","219","35.025","21.293","1.054000584","1.69713602287004","0.607474133850799","20.85227154",
"10/3/2007","-51.875","-4.83955001831055","219","36.356","21.713","0.817108344","1.36415537988472","0.606945950902839","17.36780508",
"10/4/2007","-51.875","-4.83955001831055","219","35.627","23.045","0.02059938","1.52171391452699","0.56492915685504","18.97065324",
"10/5/2007","-51.875","-4.83955001831055","219","35.088","21.199","1.73034684","1.7984982771323","0.706800642367124","19.52741664",
"10/6/2007","-51.875","-4.83955001831055","219","33.477","22.152","2.2727980368","1.68145187975187","0.714928299020559","18.84549222",
"10/7/2007","-51.875","-4.83955001831055","219","35.047","22.175","1.2187963872","1.2755337730873","0.706512077545895","20.64307482",
"10/8/2007","-51.875","-4.83955001831055","219","34.084","21.617","1.071167328","1.45571875634904","0.679613116720479","19.6570656",
"10/9/2007","-51.875","-4.83955001831055","219","35.652","22.11","0","1.4845484402397","0.621601923297082","19.72473336",
"10/10/2007","-51.875","-4.83955001831055","219","37.198","21.812","0.23345928","1.38665031399724","0.596009488164391","20.70680184",
"10/11/2007","-51.875","-4.83955001831055","219","36.607","23.121","0.0308990664","1.70076364652148","0.603327654647166","21.27644676",
"10/12/2007","-51.875","-4.83955001831055","219","35.61","22.157","1.64794968","1.56129383007918","0.668160773163591","18.15845544",
"10/13/2007","-51.875","-4.83955001831055","219","36.374","22.39","0.02746584","2.26817749220162","0.556993343654376","24.1963839",
"10/14/2007","-51.875","-4.83955001831055","219","34.497","23.114","0","2.16083885201151","0.55758656126429","23.82418242",
"10/15/2007","-51.875","-4.83955001831055","219","34.323","19.848","0.5355833184","1.30157452003856","0.613555906598805","18.16925418",
"10/16/2007","-51.875","-4.83955001831055","219","36.504","21.118","0","1.52628673632501","0.535765006151011","21.21092028",
"10/17/2007","-51.875","-4.83955001831055","219","34.803","24.345","0","1.68870741326516","0.524221129306203","17.97693282",
"10/18/2007","-51.875","-4.83955001831055","219","37.575","24.09","0","1.9199659730132","0.499196618861893","28.14975126",
"10/19/2007","-51.875","-4.83955001831055","219","35.539","24.247","0","1.51935717405214","0.489625148007841","20.9946366",
"10/20/2007","-51.875","-4.83955001831055","219","38.293","23.638","0","1.94236736219827","0.475164411531328","21.29360832",
"10/21/2007","-51.875","-4.83955001831055","219","37.441","24.139","0.02059938","1.66288676464059","0.454899863690955","22.2377058",
"10/22/2007","-51.875","-4.83955001831055","219","33.274","22.405","5.6613915","1.16635112491837","0.714230755663809","19.70437662",
"10/23/2007","-51.875","-4.83955001831055","219","34.279","21.098","0.418853448","1.71493385841661","0.643036721700016","20.27334456",
"10/24/2007","-51.875","-4.83955001831055","219","36.215","21.28","2.62985634","1.56909324307758","0.570484165404571","18.436053132",
"10/25/2007","-51.875","-4.83955001831055","219","34.535","21.609","0.0720977904","1.66384018176337","0.568260758277109","17.8350174",
"10/26/2007","-51.875","-4.83955001831055","219","35.841","21.993","1.1363984928","2.01112913525092","0.665988480358451","25.90425684",
"10/27/2007","-51.875","-4.83955001831055","219","34.729","22.458","0","1.85185490160257","0.591206647939347","21.17222352",
"10/28/2007","-51.875","-4.83955001831055","219","34.667","22.975","0","1.71870905072021","0.569367976939144","19.57955616",
"10/29/2007","-51.875","-4.83955001831055","219","35.81","22.245","0.2849580144","1.62257653441417","0.577480394390794","19.1644272",
"10/30/2007","-51.875","-4.83955001831055","219","36.072","22.642","0.8686065456","1.60409685615123","0.636603029990568","16.99368714",
"10/31/2007","-51.875","-4.83955001831055","219","34.389","23.596","0.85487328","1.89628534182446","0.595004072055412","18.70357932",
"11/1/2007","-51.875","-4.83955001831055","219","35.435","24.056","0.068664564","1.9370752810715","0.526263236263166","24.3269946",
"11/2/2007","-51.875","-4.83955001831055","219","35.748","24.252","0","1.60068891995402","0.519463052195573","19.14969528",
"11/3/2007","-51.875","-4.83955001831055","219","34.761","23.456","2.2058490888","1.23471822584997","0.60740530280642","15.31823184",
"11/4/2007","-51.875","-4.83955001831055","219","35.642","21.508","5.6888586","1.25850145476368","0.690901239431427","23.75066088",
"11/5/2007","-51.875","-4.83955001831055","219","34.723","21.467","3.86238276","1.22899858955266","0.693382327803355","16.50060144",
"11/6/2007","-51.875","-4.83955001831055","219","35.66","21.775","1.0505674584","1.81455767399449","0.655958949825315","21.539196",
"11/7/2007","-51.875","-4.83955001831055","219","36.11","22.337","0","1.71912872233375","0.582732506962972","21.00712608",
"11/8/2007","-51.875","-4.83955001831055","219","35.217","23.962","0.06008148","1.89109686776302","0.500130294176928","21.95786304",
"11/9/2007","-51.875","-4.83955001831055","219","38.045","17.65","0","1.95157249963419","0.476653272174723","28.3922388",
"11/10/2007","-51.875","-4.83955001831055","219","38.535","24.476","0","2.2054493864914","0.440025402407336","25.85777688",
"11/11/2007","-51.875","-4.83955001831055","219","37.387","24.628","0.2454758928","1.27898989163378","0.524872375260864","18.70926156",
"11/12/2007","-51.875","-4.83955001831055","219","37.115","23.276","6.4905201864","0.89331403155325","0.71134032773285","6.86019564",
"11/13/2007","-51.875","-4.83955001831055","219","34.96","22.27","1.980972432","1.14273579820036","0.649935544380129","18.89634366",
"11/14/2007","-51.875","-4.83955001831055","219","36.016","21.207","0.3845216664","2.00642430633728","0.625815006850531","21.12265998",
"11/15/2007","-51.875","-4.83955001831055","219","35.163","23.391","0","2.08919072347545","0.521390657231132","20.371779",
"11/16/2007","-51.875","-4.83955001831055","219","34.746","24.792","0.0034332264","1.8548513215045","0.517882819170282","17.74400616",
"11/17/2007","-51.875","-4.83955001831055","219","34.489","20.701","0","1.7195941225743","0.554854577661104","18.4877424",
"11/18/2007","-51.875","-4.83955001831055","219","34.249","20.012","0","1.70757943056327","0.582858756333453","18.27551088",
"11/19/2007","-51.875","-4.83955001831055","219","38.316","20.554","0","1.91729172727934","0.486980256439918","26.56056852",
"11/20/2007","-51.875","-4.83955001831055","219","36.226","25.157","0","2.38159943226262","0.451550067901672","26.49718656",
"11/21/2007","-51.875","-4.83955001831055","219","37.297","22.882","1.47800448","1.25471039666572","0.529529005436394","19.36715814",
"11/22/2007","-51.875","-4.83955001831055","219","35.085","24.088","0.087547356","2.02277156352012","0.536002606242718","18.02559852",
"11/23/2007","-51.875","-4.83955001831055","219","34.998","24.011","0.18539406","2.20546149861147","0.549256915857548","23.3199018",
"11/24/2007","-51.875","-4.83955001831055","219","37.225","24.022","0.0429155064","1.78971323927479","0.46444906383617","22.31105688",
"11/25/2007","-51.875","-4.83955001831055","219","37.967","23.994","0.640297116","1.43303844154579","0.573485741282072","19.56740724",
"11/26/2007","-51.875","-4.83955001831055","219","28.084","21.965","12.99133746","1.19135557874189","0.900766961932571","12.57053004",
"11/27/2007","-51.875","-4.83955001831055","219","30.902","20.814","15.9593605848","0.98469951168592","0.882293078592479","23.69902338",
"11/28/2007","-51.875","-4.83955001831055","219","28.266","22.548","12.7243995768","0.869896337555196","0.894349654625848","7.06657356",
"11/29/2007","-51.875","-4.83955001831055","219","30.394","21.574","9.4199216256","1.14871427909818","0.884971837415198","16.0750125",
"11/30/2007","-51.875","-4.83955001831055","219","33.495","21.932","1.057433796","1.21438343341687","0.737564631716588","19.51598844",
"12/1/2007","-51.875","-4.83955001831055","219","27.968","21.287","13.7655295992","0.678043901497513","0.899670221842421","16.8890643",
"12/2/2007","-51.875","-4.83955001831055","219","26.075","22.818","10.509106284","0.763979197415647","0.96222456410167","10.90225638",
"12/3/2007","-51.875","-4.83955001831055","219","29.912","21.877","5.845072608","0.782072907500246","0.926485182292537","15.2936397",
"12/4/2007","-51.875","-4.83955001831055","219","34.344","21.917","6.46819686","1.05286525363411","0.737709307618433","25.67553552",
"12/5/2007","-51.875","-4.83955001831055","219","34.179","22.111","12.474635688","1.14328406234505","0.825848795973906","19.46806794",
"12/6/2007","-51.875","-4.83955001831055","219","30.645","22.261","4.4168427792","1.20286317925531","0.861747620373268","22.37428656",
"12/7/2007","-51.875","-4.83955001831055","219","35.008","21.106","8.4191355864","1.03138532521984","0.880816680074136","21.2399379",
"12/8/2007","-51.875","-4.83955001831055","219","26.752","22.523","18.28708668","1.16022279041639","0.93595863035844","11.65747284",
"12/9/2007","-51.875","-4.83955001831055","219","28.227","21.129","14.529414312","0.962015695272544","0.941098390201606","18.73743984",
"12/10/2007","-51.875","-4.83955001831055","219","33.051","20.855","2.935406916","1.36177591774557","0.741281757688483","22.72387464",
"12/11/2007","-51.875","-4.83955001831055","219","34.795","21.834","10.05592644","0.953742229852887","0.748238711942289","25.22300598",
"12/12/2007","-51.875","-4.83955001831055","219","32.597","22.099","4.63571532","0.956805923047821","0.844648127607857","23.11481574",
"12/13/2007","-51.875","-4.83955001831055","219","29.422","23.265","4.2503332464","1.75469703342069","0.842400477373919","23.4016245",
"12/14/2007","-51.875","-4.83955001831055","219","34.804","21.426","0.0102996792","1.84753843684197","0.657114113816892","26.1280134",
"12/15/2007","-51.875","-4.83955001831055","219","33.814","20.317","0","1.23674408763427","0.659957440729124","16.4456415",
"12/16/2007","-51.875","-4.83955001831055","219","36.486","23","0.6385806","1.54271174890293","0.575320245127391","26.08970436",
"12/17/2007","-51.875","-4.83955001831055","219","29.835","23.436","6.208995672","1.22278395465015","0.794947203802783","25.27474788",
"12/18/2007","-51.875","-4.83955001831055","219","35.44","21.638","0.120162996","1.76245334852289","0.675249162204829","19.80511812",
"12/19/2007","-51.875","-4.83955001831055","219","29.828","21.32","10.383796944","1.05652500923164","0.858451100160955","20.22541362",
"12/20/2007","-51.875","-4.83955001831055","219","34.54","21.36","6.94026864","1.19646906438321","0.748705352366385","20.5804107",
"12/21/2007","-51.875","-4.83955001831055","219","29.438","21.409","5.297469084","0.942097106259513","0.869277630022659","12.5291259",
"12/22/2007","-51.875","-4.83955001831055","219","33.061","21.87","3.3156406008","1.08359980926778","0.804832170178843","18.06187824",
"12/23/2007","-51.875","-4.83955001831055","219","33.018","21.559","2.635002936","1.52035706059593","0.739781380100891","25.19049132",
"12/24/2007","-51.875","-4.83955001831055","219","36.468","21.416","1.287460692","1.23025293252777","0.744099114767545","18.87209622",
"12/25/2007","-51.875","-4.83955001831055","219","26.604","21.562","18.96343812","0.981920128617844","0.956168698902198","19.9874295",
"12/26/2007","-51.875","-4.83955001831055","219","26.242","23.001","10.639569708","0.810396568898422","0.960858275268459","14.75476776",
"12/27/2007","-51.875","-4.83955001831055","219","31.151","22.488","3.975678108","1.12069261974807","0.842626117676273","21.48259788",
"12/28/2007","-51.875","-4.83955001831055","219","29.644","22.068","13.73033448","0.935563928814771","0.904376415149452","19.8338049",
"12/29/2007","-51.875","-4.83955001831055","219","25.533","22.782","67.6534968","0.829791872261054","0.975909531921874","8.187638472",
"12/30/2007","-51.875","-4.83955001831055","219","29.238","22.687","14.0401838592","0.965910427751646","0.925958514150363","14.54686668",
"12/31/2007","-51.875","-4.83955001831055","219","30.053","21.985","10.9451249064","1.19991778617023","0.883905128395824","21.8268504",
"1/1/2008","-51.875","-4.83955001831055","219","30.584","22.445","12.7372724064","1.27225309976393","0.8729473692461","24.24768426",
"1/2/2008","-51.875","-4.83955001831055","219","25.954","22.274","48.96297036","1.03267225703718","0.957712988151954","17.575990038",
"1/3/2008","-51.875","-4.83955001831055","219","30.939","22.323","9.26285022","1.10904226131534","0.884958806621471","21.34563714",
"1/4/2008","-51.875","-4.83955001831055","219","29.314","21.08","8.95385664","1.14891119628759","0.881119762142964","19.87059204",
"1/5/2008","-51.875","-4.83955001831055","219","29.576","22.121","17.7154528464","1.07212092914266","0.923779089889577","20.03816214",
"1/6/2008","-51.875","-4.83955001831055","219","25.807","22.446","12.28409136","0.842283298251545","0.969049876600962","14.84173242",
"1/7/2008","-51.875","-4.83955001831055","219","34.264","21.705","2.2676480784","1.30622152379141","0.738265427495016","26.33742864",
"1/8/2008","-51.875","-4.83955001831055","219","27.13","20.009","13.9183078104","1.11524906165738","0.934846553001241","26.1595683",
"1/9/2008","-51.875","-4.83955001831055","219","25.755","20.068","16.51554342","0.761738180679329","0.972806676985633","12.73454856",
"1/10/2008","-51.875","-4.83955001831055","219","24.861","20.922","10.021593924","1.10463887659857","0.943898713030937","6.44535666",
"1/11/2008","-51.875","-4.83955001831055","219","29.798","20.006","2.001571884","0.860271866996529","0.831309603893898","14.15598822",
"1/12/2008","-51.875","-4.83955001831055","219","33.862","21.308","6.131746764","1.12763044669462","0.868708912236983","14.46761916",
"1/13/2008","-51.875","-4.83955001831055","219","30.116","22.974","13.1629947264","1.17100271353496","0.922757806019211","24.50807064",
"1/14/2008","-51.875","-4.83955001831055","219","29.623","22.852","22.3194132","1.21952587534749","0.908567292280198","23.22539388",
"1/15/2008","-51.875","-4.83955001831055","219","26.262","22.183","5.256271944","1.10433178895559","0.953677698193489","12.25029456",
"1/16/2008","-51.875","-4.83955001831055","219","33.286","21.556","1.1363982192","1.54653573644188","0.733076545832552","25.42460328",
"1/17/2008","-51.875","-4.83955001831055","219","32.09","19.208","8.63971884","0.977254370443167","0.817369566583231","21.61816794",
"1/18/2008","-51.875","-4.83955001831055","219","25.361","22.246","15.5250518328","1.204939959296","0.972091600231088","14.58517122",
"1/19/2008","-51.875","-4.83955001831055","219","27.904","21.526","8.32042746","0.830932939973266","0.937719635581748","15.794544708",
"1/20/2008","-51.875","-4.83955001831055","219","27.819","22.031","11.18030346","0.900922507687588","0.951581907448274","11.694711852",
"1/21/2008","-51.875","-4.83955001831055","219","26.001","21.939","13.382709624","0.978007403548372","0.949771547907684","20.36514726",
"1/22/2008","-51.875","-4.83955001831055","219","29.692","22.421","17.60043924","1.10266267664605","0.931851377159851","17.79778098",
"1/23/2008","-51.875","-4.83955001831055","219","24.158","22.224","37.597265532","0.689412269484713","0.979098831732063","2.8553625",
"1/24/2008","-51.875","-4.83955001831055","219","30.427","21.933","15.157698336","0.902434915536699","0.919834007620507","16.8158826",
"1/25/2008","-51.875","-4.83955001831055","219","29.852","22.597","20.508372216","1.24950329017163","0.898589559864411","26.23589838",
"1/26/2008","-51.875","-4.83955001831055","219","25.238","22.423","8.097259536","1.09243188988741","0.970258511128118","7.57344474",
"1/27/2008","-51.875","-4.83955001831055","219","30.444","22.448","12.723547536","1.11682953678033","0.936667277790963","12.23909991",
"1/28/2008","-51.875","-4.83955001831055","219","31.284","21.287","6.2433205776","1.17352051847322","0.862531931470657","19.00980063",
"1/29/2008","-51.875","-4.83955001831055","219","27.184","22.341","15.748217496","0.718257759797591","0.966715865628355","20.946149352",
"1/30/2008","-51.875","-4.83955001831055","219","26.125","21.652","5.3180702928","0.750981370696036","0.968011487804584","16.850304882",
"1/31/2008","-51.875","-4.83955001831055","219","25.571","22.924","19.051835004","1.01828129527903","0.974201360082728","13.88671524",
"2/1/2008","-51.875","-4.83955001831055","219","25.732","22.485","24.65400528","1.03124141242172","0.973078215768727","16.367514948",
"2/2/2008","-51.875","-4.83955001831055","219","23.13","21.137","22.85670978","1.1369694843753","0.981359467687525","1.68367536",
"2/3/2008","-51.875","-4.83955001831055","219","28.462","21.239","10.242173196","0.874117316275918","0.928123103195518","20.56117914",
"2/4/2008","-51.875","-4.83955001831055","219","32.154","22.177","16.881184908","0.953511186761908","0.854291363480191","19.18383732",
"2/5/2008","-51.875","-4.83955001831055","219","30.462","21.839","8.0667972","0.778102122605436","0.880163688776776","21.18627855",
"2/6/2008","-51.875","-4.83955001831055","219","32.348","21.25","1.788711912","1.08561350067932","0.843306940414322","20.012678748",
"2/7/2008","-51.875","-4.83955001831055","219","29.748","19.256","3.01780728","1.27559964289482","0.844125303785292","22.05747792",
"2/8/2008","-51.875","-4.83955001831055","219","33.753","21.023","4.322862324","1.1435127276739","0.809712392215768","25.251076908",
"2/9/2008","-51.875","-4.83955001831055","219","30.469","21.117","4.700519568","1.30035304714653","0.85514980628622","26.842833432",
"2/10/2008","-51.875","-4.83955001831055","219","33.791","21.323","1.965952008","1.31029329153504","0.811198706209197","22.01557392",
"2/11/2008","-51.875","-4.83955001831055","219","27.744","22.202","10.8232542","1.130682807385","0.938586149159099","25.00019946",
"2/12/2008","-51.875","-4.83955001831055","219","28.804","22.445","4.6271287944","1.43510506386872","0.894757795433299","21.99156255",
"2/13/2008","-51.875","-4.83955001831055","219","27.982","22.453","9.859370148","0.960206694357084","0.951360302388539","21.23881776",
"2/14/2008","-51.875","-4.83955001831055","219","26.673","21.796","90.058726728","0.792181556061838","0.956585316524209","8.84463291",
"2/15/2008","-51.875","-4.83955001831055","219","24.927","21.538","27.2409457248","0.607598389443193","0.973629089707065","4.73659056",
"2/16/2008","-51.875","-4.83955001831055","219","27.456","20.825","14.066790912","0.843758370312217","0.948747897119765","16.802883072",
"2/17/2008","-51.875","-4.83955001831055","219","24.951","20.774","10.409979888","0.719894229545892","0.976055650057811","8.808183792",
"2/18/2008","-51.875","-4.83955001831055","219","30.94","21.421","23.10820254","1.20100679494199","0.903186386653313","22.4849799",
"2/19/2008","-51.875","-4.83955001831055","219","25.789","21.379","27.26670096","1.01729302694408","0.973468024070015","14.16555477",
"2/20/2008","-51.875","-4.83955001831055","219","31.237","21.773","9.0225212328","0.696882680356317","0.918511114221564","17.62768161",
"2/21/2008","-51.875","-4.83955001831055","219","27.428","21.805","16.943840424","1.4052324434036","0.914736634988997","13.11339663",
"2/22/2008","-51.875","-4.83955001831055","219","29.149","20.827","4.1378997744","1.31444591194104","0.89698426639574","23.83774101",
"2/23/2008","-51.875","-4.83955001831055","219","31.954","21.878","4.4172778104","1.37645398157128","0.869445887460281","26.80959744",
"2/24/2008","-51.875","-4.83955001831055","219","31.797","22.147","1.2539869704","1.52163290791472","0.823249305439586","24.46498629",
"2/25/2008","-51.875","-4.83955001831055","219","30.84","22.212","5.486295384","1.7689035217713","0.859905129321851","24.39652887",
"2/26/2008","-51.875","-4.83955001831055","219","32.558","19.881","0.47035224","1.44415258955098","0.793105194597058","28.89674748",
"2/27/2008","-51.875","-4.83955001831055","219","27.84","21.508","13.874100336","0.954447817634569","0.952322351621054","24.945359562",
"2/28/2008","-51.875","-4.83955001831055","219","24.397","22.159","20.930678028","0.839522796305183","0.976682563011058","5.141818008",
"2/29/2008","-51.875","-4.83955001831055","219","25.4","21.804","11.987113068","0.857081657394308","0.97164712406721","8.89621146",
"3/1/2008","-51.875","-4.83955001831055","219","27.888","22.391","9.87224688","0.900774419641576","0.957933779965307","12.98953125",
"3/2/2008","-51.875","-4.83955001831055","219","24.947","22.239","15.57827082","0.796358868796842","0.977423957929072","9.39936915",
"3/3/2008","-51.875","-4.83955001831055","219","31.547","22.274","3.2014836432","1.2418573101951","0.860402556539659","24.624336258",
"3/4/2008","-51.875","-4.83955001831055","219","31.754","20.857","6.361774596","1.19313751831699","0.85915618123572","28.352693952",
"3/5/2008","-51.875","-4.83955001831055","219","27.955","22.107","19.57110984","1.02092073647218","0.931907786515133","25.759017432",
"3/6/2008","-51.875","-4.83955001831055","219","31.112","20.872","17.1300892608","1.09583515675749","0.920700075699008","24.96932793",
"3/7/2008","-51.875","-4.83955001831055","219","25.997","19.691","79.8019416","1.32808986981939","0.950819918693555","9.71859492",
"3/8/2008","-51.875","-4.83955001831055","219","28.977","18.581","0.6282810144","0.596695944000052","0.875927398755261","14.933590272",
"3/9/2008","-51.875","-4.83955001831055","219","24.685","21.124","19.68955992","0.999479438242865","0.974950146628873","8.60585778",
"3/10/2008","-51.875","-4.83955001831055","219","29.453","21.406","8.6929335864","0.896867862859904","0.902107283300851","14.6299491",
"3/11/2008","-51.875","-4.83955001831055","219","27.551","21.055","13.3501055688","0.845206608410282","0.954310235968219","16.6327857",
"3/12/2008","-51.875","-4.83955001831055","219","29.699","22.169","11.1082104","1.01184521346784","0.935693802470724","19.50300252",
"3/13/2008","-51.875","-4.83955001831055","219","26.219","22.311","23.91415128","1.09642409306689","0.967832137314602","24.94508148",
"3/14/2008","-51.875","-4.83955001831055","219","25.302","22.405","20.0551968","1.06470759215777","0.974146624822242","14.3474067",
"3/15/2008","-51.875","-4.83955001831055","219","28.825","21.176","7.664679","1.19034564728854","0.899252095765491","19.6801929",
"3/16/2008","-51.875","-4.83955001831055","219","30.183","22.003","5.457113676","1.33482709919734","0.860781925311155","23.1625098",
"3/17/2008","-51.875","-4.83955001831055","219","29.141","21.102","11.592288396","0.901351714008038","0.901307452080032","16.85486772",
"3/18/2008","-51.875","-4.83955001831055","219","26.111","21.229","21.39072948","1.02809707793728","0.951398128807404","8.88547374",
"3/19/2008","-51.875","-4.83955001831055","219","29.46","21.142","7.296470424","1.02365075364646","0.907885937269607","14.7255741",
"3/20/2008","-51.875","-4.83955001831055","219","27.376","21.58","21.50572716","0.94876503508527","0.956045861984559","24.2036487",
"3/21/2008","-51.875","-4.83955001831055","219","25.207","22.472","14.139750852","0.749633521424816","0.974568414455648","13.30131834",
"3/22/2008","-51.875","-4.83955001831055","219","25.363","21.809","7.86552156","0.665311288528836","0.974525603730474","9.134721",
"3/23/2008","-51.875","-4.83955001831055","219","25.677","22.117","9.077456448","0.911973405134743","0.967420137025071","10.87959672",
"3/24/2008","-51.875","-4.83955001831055","219","28.788","22.342","7.1754464952","1.15356823436471","0.918132183448236","17.73697572",
"3/25/2008","-51.875","-4.83955001831055","219","28.035","22.017","13.504608756","0.98551624554726","0.947268590359395","17.19522792",
"3/26/2008","-51.875","-4.83955001831055","219","29.349","22.654","9.38043648","1.12480778958174","0.944528541478569","12.08587698",
"3/27/2008","-51.875","-4.83955001831055","219","26.423","22.459","18.781472268","0.920163665098012","0.95845701795391","10.56346866",
"3/28/2008","-51.875","-4.83955001831055","219","28.742","22.273","35.32963104","0.942216278285695","0.935245317340051","22.9841505",
"3/29/2008","-51.875","-4.83955001831055","219","25.885","22.513","11.47641768","0.875561155300515","0.973038643331069","14.4474102",
"3/30/2008","-51.875","-4.83955001831055","219","25.496","22.098","7.681843944","0.783774504619919","0.973463969958953","10.678271868",
"3/31/2008","-51.875","-4.83955001831055","219","25.144","22.023","8.258630184","0.98581774000092","0.971328807217511","7.93957698",
"4/1/2008","-51.875","-4.83955001831055","219","23.587","21.606","16.09068168","1.04262130974794","0.980131251448601","3.2649192",
"4/2/2008","-51.875","-4.83955001831055","219","29.352","20.909","0.954437076","1.08772506707974","0.880786547725492","17.13780279",
"4/3/2008","-51.875","-4.83955001831055","219","31.29","21.278","7.4638408104","1.02430510701543","0.879070078177663","19.23907734",
"4/4/2008","-51.875","-4.83955001831055","219","29.784","22.121","13.54407894","0.915180382529059","0.927081162944972","17.86117302",
"4/5/2008","-51.875","-4.83955001831055","219","24.185","22.183","145.65646944","0.975185837357798","0.979332109023148","4.64631102",
"4/6/2008","-51.875","-4.83955001831055","219","26.203","20.924","76.5206316","1.22079699266333","0.940571603307958","12.83957208",
"4/7/2008","-51.875","-4.83955001831055","219","30.389","20.965","3.544807572","0.742334102959403","0.886977506846366","15.60611142",
"4/8/2008","-51.875","-4.83955001831055","219","26.833","21.27","12.266916984","0.725960661212151","0.957441135807166","13.80295602",
"4/9/2008","-51.875","-4.83955001831055","219","30.381","21.991","9.729764712","1.28786851577467","0.91057161095294","13.4460009",
"4/10/2008","-51.875","-4.83955001831055","219","30.066","22.093","4.4219946384","1.02294656504333","0.897394613675232","16.55836785",
"4/11/2008","-51.875","-4.83955001831055","219","30.947","21.859","7.4569702464","1.00051187902345","0.900433919795072","17.3259612",
"4/12/2008","-51.875","-4.83955001831055","219","30.363","21.494","3.99799368","1.1251123218157","0.845385217170678","24.52825602",
"4/13/2008","-51.875","-4.83955001831055","219","28.227","19.484","5.52234978","0.837032842030487","0.93040633057391","13.87181088",
"4/14/2008","-51.875","-4.83955001831055","219","30.128","21.021","7.9599402","0.689439899636755","0.9251569126928","15.65842356",
"4/15/2008","-51.875","-4.83955001831055","219","26.711","20.449","9.931465836","0.506172486423392","0.970391428287651","11.7574317",
"4/16/2008","-51.875","-4.83955001831055","219","25.6","21.034","41.90423652","0.425440367985374","0.97760642794982","7.66220994",
"4/17/2008","-51.875","-4.83955001831055","219","30.844","21.28","15.74993286","1.04289839447623","0.919222930944358","15.47740998",
"4/18/2008","-51.875","-4.83955001831055","219","29.77","22.084","10.49194152","1.04751473516323","0.908823890739612","11.14993602",
"4/19/2008","-51.875","-4.83955001831055","219","31.149","20.116","9.01221444","0.898909232250385","0.893029833700431","24.56426502",
"4/20/2008","-51.875","-4.83955001831055","219","32.04","23.017","4.7859155928","1.17964607666864","0.840890808118767","23.35691322",
"4/21/2008","-51.875","-4.83955001831055","219","30.729","22.98","6.598664208","0.865219169152718","0.883720444167292","24.11790678",
"4/22/2008","-51.875","-4.83955001831055","219","30.492","20.294","8.6071002984","1.01250985594029","0.904375985082616","22.4798544",
"4/23/2008","-51.875","-4.83955001831055","219","30.358","22.517","4.4649077688","0.913266046180745","0.895493041579475","18.98623386",
"4/24/2008","-51.875","-4.83955001831055","219","31.581","22.787","7.237244916","0.817718691592093","0.908292685902876","16.61259546",
"4/25/2008","-51.875","-4.83955001831055","219","25.874","21.852","24.22141164","0.839906406899829","0.976272174694938","13.3083558",
"4/26/2008","-51.875","-4.83955001831055","219","25.984","22.884","64.64769786","1.12349363494386","0.971079543088675","10.996648668",
"4/27/2008","-51.875","-4.83955001831055","219","27.103","23.063","21.5108894304","0.755489160088495","0.968503772051708","14.98382136",
"4/28/2008","-51.875","-4.83955001831055","219","25.148","20.727","40.12760052","0.726412634053293","0.978019064355915","5.567233608",
"4/29/2008","-51.875","-4.83955001831055","219","29.597","22.201","9.5323582584","0.597292771713516","0.936914454697422","18.18000054",
"4/30/2008","-51.875","-4.83955001831055","219","27.354","20.232","7.479284184","0.672394333478382","0.966441719823218","15.47971452",
"5/1/2008","-51.875","-4.83955001831055","219","31.718","22.837","9.980389872","0.695448654907053","0.893491841251354","23.52864582",
"5/2/2008","-51.875","-4.83955001831055","219","27.42","21.988","13.375853244","0.823234550492144","0.953815801446724","18.66588354",
"5/3/2008","-51.875","-4.83955001831055","219","27.419","22.82","18.8484156","1.0809134495704","0.957148695902738","14.64974694",
"5/4/2008","-51.875","-4.83955001831055","219","27.405","22.685","10.071370224","0.891525899138225","0.960659935436219","20.52579006",
"5/5/2008","-51.875","-4.83955001831055","219","26.384","22.481","3.345680448","0.614851332424893","0.957774234528574","10.096706628",
"5/6/2008","-51.875","-4.83955001831055","219","26.205","20.845","3.958511256","0.900469083646497","0.952520417346268","5.95029078",
"5/7/2008","-51.875","-4.83955001831055","219","27.839","20.492","4.3001172648","0.946781909027514","0.932173586463562","19.76489964",
"5/8/2008","-51.875","-4.83955001831055","219","31.089","20.664","2.5955223624","0.94738828249745","0.870118293778214","17.41230288",
"5/9/2008","-51.875","-4.83955001831055","219","25.926","19.409","8.5710493728","0.825803011934607","0.961367258283472","14.2262964",
"5/10/2008","-51.875","-4.83955001831055","219","26.277","19.108","6.684498288","0.655940144032517","0.953450838829753","7.70467356",
"5/11/2008","-51.875","-4.83955001831055","219","24.854","21.482","18.69391908","0.643473004397237","0.979857177210256","6.17377986",
"5/12/2008","-51.875","-4.83955001831055","219","25.734","21.658","11.060147232","0.878433701444747","0.974472118227193","9.68760162",
"5/13/2008","-51.875","-4.83955001831055","219","30.552","20.952","13.662523836","1.10321015254817","0.891795317790198","18.3600594",
"5/14/2008","-51.875","-4.83955001831055","219","29.581","20.319","1.55181924","0.868253393459","0.874298976701735","19.06588224",
"5/15/2008","-51.875","-4.83955001831055","219","31.578","20.761","3.313064124","1.08525149714484","0.82924272059416","21.16743588",
"5/16/2008","-51.875","-4.83955001831055","219","32.413","20.952","2.6538876792","1.04446962565718","0.844595689256607","19.44371628",
"5/17/2008","-51.875","-4.83955001831055","219","30.768","20.794","2.08053612","1.6613396156382","0.795426375715238","23.90557356",
"5/18/2008","-51.875","-4.83955001831055","219","33.601","22.536","0","1.55217417268704","0.705859128662277","22.76999748",
"5/19/2008","-51.875","-4.83955001831055","219","31.503","21.798","3.2684327856","1.13288132160893","0.838826314975935","21.07648152",
"5/20/2008","-51.875","-4.83955001831055","219","32.808","19.552","0","1.22277985432515","0.726447033285075","17.7713505",
"5/21/2008","-51.875","-4.83955001831055","219","33.319","22.062","0","1.29729880604944","0.672988103700039","20.60651952",
"5/22/2008","-51.875","-4.83955001831055","219","29.433","20.354","2.059936704","0.950969255126273","0.864067462405893","15.82396668",
"5/23/2008","-51.875","-4.83955001831055","219","32.635","20.298","3.38859468","1.55566692496856","0.790212383746131","21.97423332",
"5/24/2008","-51.875","-4.83955001831055","219","28.339","21.333","15.694995132","0.807433355021161","0.941638367944814","16.44671376",
"5/25/2008","-51.875","-4.83955001831055","219","24.695","21.226","14.73884316","0.811880450183128","0.974779530510579","7.4656728",
"5/26/2008","-51.875","-4.83955001831055","219","29.423","19.681","2.6229868704","0.890949754955348","0.852904562704623","13.89959748",
"5/27/2008","-51.875","-4.83955001831055","219","30.132","20.706","3.2547002184","1.08393447354436","0.854587158829189","17.8939683",
"5/28/2008","-51.875","-4.83955001831055","219","29.386","20.321","5.69229552","1.27116371372829","0.89293165176009","20.28245526",
"5/29/2008","-51.875","-4.83955001831055","219","31.14","21.546","0.260925156","0.882708025877755","0.843567551167643","11.15414892",
"5/30/2008","-51.875","-4.83955001831055","219","33.447","21.163","0","1.30952673116697","0.693539432359216","22.9017438",
"5/31/2008","-51.875","-4.83955001831055","219","33.681","19.116","1.673696592","1.17407680172502","0.691859887061017","18.40461138",
"6/1/2008","-51.875","-4.83955001831055","219","32.064","21.295","4.545589248","1.15128273133627","0.812571388310963","15.83813844",
"6/2/2008","-51.875","-4.83955001831055","219","31.84","19.218","1.74408228","1.05847108263769","0.820055498866151","16.13902662",
"6/3/2008","-51.875","-4.83955001831055","219","31.431","21.255","0.4188537504","0.980326514970178","0.819895856806315","14.01805404",
"6/4/2008","-51.875","-4.83955001831055","219","31.593","20.696","1.67541444","1.22908788658686","0.727919825945337","23.49433782",
"6/5/2008","-51.875","-4.83955001831055","219","32.503","19.606","0","1.18637606275977","0.664331346400243","20.34579348",
"6/6/2008","-51.875","-4.83955001831055","219","33.932","21.112","0.06179796","1.1838142742619","0.598415007597694","23.16031092",
"6/7/2008","-51.875","-4.83955001831055","219","33.093","18.2","0.35705556","1.36711677689332","0.693165799194947","21.00684492",
"6/8/2008","-51.875","-4.83955001831055","219","32.591","17.525","0","1.7114047938439","0.621622482036101","22.93403346",
"6/9/2008","-51.875","-4.83955001831055","219","32.44","19.675","0","1.59856875060456","0.598258563148676","17.7159366",
"6/10/2008","-51.875","-4.83955001831055","219","30.964","20.551","0","1.12466841304402","0.664099561137511","13.37996412",
"6/11/2008","-51.875","-4.83955001831055","219","29.862","21.509","7.0604310312","0.835342786905095","0.885278139549683","8.37016578",
"6/12/2008","-51.875","-4.83955001831055","219","33.37","21.337","4.1610678264","0.920001371969042","0.824141480783542","19.1293821",
"6/13/2008","-51.875","-4.83955001831055","219","33.353","21.086","0.872039556","1.20802731747617","0.769031878971928","16.6627098",
"6/14/2008","-51.875","-4.83955001831055","219","33.601","20.459","0.2197265472","0.666585282399916","0.764838894306641","13.33670886",
"6/15/2008","-51.875","-4.83955001831055","219","29.483","20.636","1.438521984","0.782613748423267","0.841043064446835","8.1861723",
"6/16/2008","-51.875","-4.83955001831055","219","29.167","17.349","0","1.22677805626702","0.790613597218906","16.61146578",
"6/17/2008","-51.875","-4.83955001831055","219","29.751","18.536","0","1.04805027927074","0.695866834123931","10.4844933",
"6/18/2008","-51.875","-4.83955001831055","219","32.773","21.072","3.910444344","1.12865243850414","0.797583505078662","12.30035472",
"6/19/2008","-51.875","-4.83955001831055","219","33.374","21.561","2.0633663376","1.10428761928792","0.740899484965218","16.46882028",
"6/20/2008","-51.875","-4.83955001831055","219","32.951","16.953","0","1.23970591075228","0.641368119271484","23.0494473",
"6/21/2008","-51.875","-4.83955001831055","219","33.584","18.037","0","1.16483253366822","0.636376823283728","23.20312248",
"6/22/2008","-51.875","-4.83955001831055","219","33.708","16.023","0","1.45807643946304","0.595748137260404","23.47470252",
"6/23/2008","-51.875","-4.83955001831055","219","32.575","20.251","0","1.70974665039032","0.546696632930357","23.57296488",
"6/24/2008","-51.875","-4.83955001831055","219","33.324","19.163","0","1.36296501850258","0.547319377092765","22.97171268",
"6/25/2008","-51.875","-4.83955001831055","219","33.548","21.02","0","1.40413353190084","0.571521081005916","16.28769132",
"6/26/2008","-51.875","-4.83955001831055","219","33.744","20.324","0","1.22971462488106","0.56766646438209","18.20841174",
"6/27/2008","-51.875","-4.83955001831055","219","33.956","19.508","0","1.3868809148569","0.532771820591476","23.5395567",
"6/28/2008","-51.875","-4.83955001831055","219","33.539","19.614","0","1.69838524276924","0.506599989898112","23.58770112",
"6/29/2008","-51.875","-4.83955001831055","219","32.965","20.445","0","1.74430682281007","0.547143757723786","23.3590509",
"6/30/2008","-51.875","-4.83955001831055","219","32.943","20.098","0","1.67248021303754","0.558759734460963","23.57560908",
"7/1/2008","-51.875","-4.83955001831055","219","33.332","18.977","0","1.56602957715525","0.531462609092096","18.92339496",
"7/2/2008","-51.875","-4.83955001831055","219","34.269","20.184","0","1.67180273908538","0.488543001408231","23.38553682",
"7/3/2008","-51.875","-4.83955001831055","219","33.562","22.915","0","0.758931660865895","0.630251252282021","10.51380126",
"7/4/2008","-51.875","-4.83955001831055","219","34.084","21.355","0","1.45935395145048","0.5130896099418","23.76871524",
"7/5/2008","-51.875","-4.83955001831055","219","34.293","16.639","0","1.21795928865505","0.524356207786186","23.84043768",
"7/6/2008","-51.875","-4.83955001831055","219","34.541","15.969","0","1.29122453136864","0.538060389648205","22.7591487",
"7/7/2008","-51.875","-4.83955001831055","219","32.178","17.425","0","1.36586129622723","0.651514761356161","19.29138624",
"7/8/2008","-51.875","-4.83955001831055","219","33.639","20.949","0","1.63433910818663","0.544610451820368","20.9215116",
"7/9/2008","-51.875","-4.83955001831055","219","33.517","23.068","0","1.20403546112229","0.535862790970507","16.27070904",
"7/10/2008","-51.875","-4.83955001831055","219","31.486","21.636","0","1.09856606312136","0.579039561776746","7.78960854",
"7/11/2008","-51.875","-4.83955001831055","219","33.977","20.155","0","1.71034499477692","0.470522382564613","23.99945688",
"7/12/2008","-51.875","-4.83955001831055","219","33.687","19.506","0","1.8215480810393","0.485706054739663","24.10740036",
"7/13/2008","-51.875","-4.83955001831055","219","33.817","20.235","0","1.69632627136185","0.529720786666768","24.14739096",
"7/14/2008","-51.875","-4.83955001831055","219","33.647","20.806","0","1.83159649798413","0.469650809901689","24.26827284",
"7/15/2008","-51.875","-4.83955001831055","219","33.702","19.83","0","2.01198444084531","0.424830714187488","24.57702936",
"7/16/2008","-51.875","-4.83955001831055","219","33.214","18.649","0","1.81721274921606","0.447377088551345","24.61325256",
"7/17/2008","-51.875","-4.83955001831055","219","33.912","18.7","0","1.65291598535889","0.454223316209359","23.9814585",
"7/18/2008","-51.875","-4.83955001831055","219","33.658","20.554","0.024032592","1.53357047200833","0.524982391969889","16.0155027",
"7/19/2008","-51.875","-4.83955001831055","219","31.522","19.816","8.789065488","1.35167608569993","0.779480965277302","18.02452428",
"7/20/2008","-51.875","-4.83955001831055","219","31.008","21.568","4.3516134","1.05328389998152","0.890215557248705","13.843406628",
"7/21/2008","-51.875","-4.83955001831055","219","34.135","21.573","3.414345588","1.23719033122458","0.715637482440865","17.373658032",
"7/22/2008","-51.875","-4.83955001831055","219","34.661","16.621","0","1.30851913654003","0.545999268134502","24.55245936",
"7/23/2008","-51.875","-4.83955001831055","219","34.564","20.518","0","1.57020718601796","0.528068293168383","20.53535364",
"7/24/2008","-51.875","-4.83955001831055","219","35.936","22.185","0.1665115344","0.884730965477945","0.587255727001886","12.32477424",
"7/25/2008","-51.875","-4.83955001831055","219","34.276","23.621","0.1321794504","1.17533705363137","0.565985214566477","16.6162554",
"7/26/2008","-51.875","-4.83955001831055","219","32.839","21.832","0","1.54668986852865","0.569317156736768","21.53981574",
"7/27/2008","-51.875","-4.83955001831055","219","35.221","20.901","0","1.45447694865983","0.475561489195204","23.22719604",
"7/28/2008","-51.875","-4.83955001831055","219","34.846","18.641","0","1.34787337977048","0.569350945857116","17.75300706",
"7/29/2008","-51.875","-4.83955001831055","219","34.694","19.978","0","1.7844985157422","0.439592027724801","24.9278076",
"7/30/2008","-51.875","-4.83955001831055","219","33.652","18.653","0","1.66886687221668","0.455161964272318","24.35282136",
"7/31/2008","-51.875","-4.83955001831055","219","35.217","18.828","0","1.59665173781872","0.505385253313731","22.19590818",
"8/1/2008","-51.875","-4.83955001831055","219","35.291","15.631","0","1.28777395775182","0.575302037421086","20.14678296",
"8/2/2008","-51.875","-4.83955001831055","219","34.367","20.85","0","1.44518414031256","0.564567825807271","22.29974892",
"8/3/2008","-51.875","-4.83955001831055","219","34.087","21.049","0","1.316987821203","0.592885869036303","17.2508004",
"8/4/2008","-51.875","-4.83955001831055","219","35.302","21.736","0","1.0776061674753","0.612985791145022","15.78470706",
"8/5/2008","-51.875","-4.83955001831055","219","34.162","19.924","0.0068664528","1.31075937860107","0.711037939114068","11.4702777",
"8/6/2008","-51.875","-4.83955001831055","219","33.979","19.675","0","1.78610371944403","0.530759322764906","24.09856524",
"8/7/2008","-51.875","-4.83955001831055","219","34.191","21.545","0","1.76497452975334","0.531594068996843","25.11449946",
"8/8/2008","-51.875","-4.83955001831055","219","35.982","18.62","0","1.52337182690265","0.543676681102168","25.64819316",
"8/9/2008","-51.875","-4.83955001831055","219","33.727","20.877","0","1.62273911368403","0.55432127026089","18.25295364",
"8/10/2008","-51.875","-4.83955001831055","219","34.685","19.665","0","1.30089226127408","0.658369215049447","19.43072424",
"8/11/2008","-51.875","-4.83955001831055","219","36.258","22.636","0","1.11796598080224","0.51520924707704","18.553892472",
"8/12/2008","-51.875","-4.83955001831055","219","35.768","21.25","0","1.66000475619502","0.384153655369182","24.86851668",
"8/13/2008","-51.875","-4.83955001831055","219","36.183","22.881","0","1.68285515790274","0.347655591121059","21.6134964",
"8/14/2008","-51.875","-4.83955001831055","219","36.186","21.113","0","1.62046503401936","0.43061637843657","21.10741434",
"8/15/2008","-51.875","-4.83955001831055","219","36.402","22.585","0","1.44391109516408","0.455622068103341","19.571792868",
"8/16/2008","-51.875","-4.83955001831055","219","36.069","22.176","0","1.35192213812165","0.429080822955184","22.98977082",
"8/17/2008","-51.875","-4.83955001831055","219","35.796","20.99","1.13296536","1.12250062526221","0.596728624237198","14.19530184",
"8/18/2008","-51.875","-4.83955001831055","219","35.391","18.336","0.12874608","0.991482389573956","0.560237486559412","21.0000339",
"8/19/2008","-51.875","-4.83955001831055","219","36.502","22.02","0","1.24959354886594","0.474428392618749","25.47613458",
"8/20/2008","-51.875","-4.83955001831055","219","35.828","19.315","0","1.60773575697321","0.400268516414215","26.88361776",
"8/21/2008","-51.875","-4.83955001831055","219","36.125","19.59","0","1.4364044245285","0.391894197221713","26.77252644",
"8/22/2008","-51.875","-4.83955001831055","219","35.347","19.883","0","1.57947957981227","0.439144444948314","19.59406524",
"8/23/2008","-51.875","-4.83955001831055","219","33.644","21.045","0.3175735464","1.13830236893345","0.689494252789625","9.52655922",
"8/24/2008","-51.875","-4.83955001831055","219","32.318","21.68","0.99906894","1.3267445191653","0.6914646881532","12.19775562",
"8/25/2008","-51.875","-4.83955001831055","219","32.577","20.481","0.159644952","1.52728063728826","0.632175098103079","19.7881344",
"8/26/2008","-51.875","-4.83955001831055","219","35.812","19.955","0","1.44115794939194","0.521788107382522","26.529187032",
"8/27/2008","-51.875","-4.83955001831055","219","36.441","20.578","2.5079748264","0.854864674868527","0.685956153297391","17.323652178",
"8/28/2008","-51.875","-4.83955001831055","219","34.629","18.931","1.086616692","1.23632770491882","0.696992078375768","14.6807982",
"8/29/2008","-51.875","-4.83955001831055","219","34.956","19.332","0","1.42967167820833","0.6159512880602","19.914807528",
"8/30/2008","-51.875","-4.83955001831055","219","34.555","22.371","1.1157990768","1.83657118949615","0.640856539752686","19.911310488",
"8/31/2008","-51.875","-4.83955001831055","219","35.498","21.893","5.544665064","1.21929217167577","0.778358207393533","14.3804214",
"9/1/2008","-51.875","-4.83955001831055","219","28.484","22.025","24.286649652","0.932739875074704","0.937966792497808","14.67067788",
"9/2/2008","-51.875","-4.83955001831055","219","29.717","21.506","3.4126267392","1.22101877626239","0.868625519525106","19.962394038",
"9/3/2008","-51.875","-4.83955001831055","219","30.605","20.091","3.498458904","1.44858198167942","0.817853964089721","24.172367832",
"9/4/2008","-51.875","-4.83955001831055","219","35.549","19.957","0","1.63129496434078","0.588784060686653","25.24128588",
"9/5/2008","-51.875","-4.83955001831055","219","36.64","20.935","0","1.42777768286264","0.547034926546547","20.05402518",
"9/6/2008","-51.875","-4.83955001831055","219","33.528","20.759","0.0171661464","1.49682347996186","0.598521825711969","20.458680912",
"9/7/2008","-51.875","-4.83955001831055","219","36.11","20.913","1.45225476","1.53945410160253","0.61313167237275","24.18733404",
"9/8/2008","-51.875","-4.83955001831055","219","35.12","20.766","0.484084728","2.03970073903206","0.629777955172642","21.025856808",
"9/9/2008","-51.875","-4.83955001831055","219","33.672","23.235","0","1.94275747609444","0.619420074267845","19.25088444",
"9/10/2008","-51.875","-4.83955001831055","219","36.933","21.882","0","1.74179744156888","0.484644647228481","26.725559328",
"9/11/2008","-51.875","-4.83955001831055","219","35.906","20.693","0","1.36953832548664","0.54850321560258","24.4393893",
"9/12/2008","-51.875","-4.83955001831055","219","35.42","20.397","0","1.41769759863441","0.620351482924024","16.54773678",
"9/13/2008","-51.875","-4.83955001831055","219","35.541","22.511","0","2.16383332906342","0.572246759396363","24.818001552",
"9/14/2008","-51.875","-4.83955001831055","219","37.253","23.079","0","1.70902505898875","0.527997486618353","19.413730008",
"9/15/2008","-51.875","-4.83955001831055","219","35.539","24.659","0","1.71910927016137","0.497995628344253","20.49395625",
"9/16/2008","-51.875","-4.83955001831055","219","34.836","21.106","0.0171661392","1.61246199788674","0.563067696939025","19.48607208",
"9/17/2008","-51.875","-4.83955001831055","219","37.7","20.436","0","1.55154344260176","0.542081549627472","20.924836632",
"9/18/2008","-51.875","-4.83955001831055","219","37.563","20.096","0","1.87693497050404","0.461604471872492","27.43998462",
"9/19/2008","-51.875","-4.83955001831055","219","37.28","24.282","1.15699752","2.29606192797945","0.504539190137877","19.995578478",
"9/20/2008","-51.875","-4.83955001831055","219","34.646","22.303","0.621414","2.01200360823838","0.577958628850945","19.87059402",
"9/21/2008","-51.875","-4.83955001831055","219","37.016","22.857","0.281524788","1.64599896074711","0.541562273455228","19.571679648",
"9/22/2008","-51.875","-4.83955001831055","219","36.449","22.633","0.8342737704","1.13516822909467","0.564586954850704","21.10134294",
"9/23/2008","-51.875","-4.83955001831055","219","40.393","23.931","0.36735552","0.860627055768586","0.546714379463088","18.72078642",
"9/24/2008","-51.875","-4.83955001831055","219","31.875","21.611","11.22322068","1.21718833352523","0.853711764946888","26.726738832",
"9/25/2008","-51.875","-4.83955001831055","219","32.747","21.498","18.7625814264","1.17835547911022","0.768419359709332","11.066177628",
"9/26/2008","-51.875","-4.83955001831055","219","36.139","20.918","0","1.66434112837725","0.514531536301804","19.604759112",
"9/27/2008","-51.875","-4.83955001831055","219","36.3","21.455","0.4051206","1.48060655118182","0.578094092667817","18.49482774",
"9/28/2008","-51.875","-4.83955001831055","219","36.259","21.187","0.00686646","1.5446746354185","0.600006266510942","19.209212568",
"9/29/2008","-51.875","-4.83955001831055","219","35.319","20.32","0.0308990448","1.3951994199596","0.614677607078874","18.526499208",
"9/30/2008","-51.875","-4.83955001831055","219","37.721","21.535","0.078964236","1.59197749021647","0.502734508888388","28.008955728",
"10/1/2008","-51.875","-4.83955001831055","219","36.438","21.82","0","1.84859322818105","0.512620758724387","18.94173318",
"10/2/2008","-51.875","-4.83955001831055","219","35.663","22.209","0.518417244","1.64263375368484","0.697396932005886","15.04990854",
"10/3/2008","-51.875","-4.83955001831055","219","35.68","21.752","0.3501892584","1.63683999145794","0.659804695743699","24.36620832",
"10/4/2008","-51.875","-4.83955001831055","219","36.149","19.884","0.104713488","1.58558773682118","0.613687051948082","23.3369901",
"10/5/2008","-51.875","-4.83955001831055","219","35.479","21.722","0","2.02233599352991","0.580017978535232","24.1571295",
"10/6/2008","-51.875","-4.83955001831055","219","31.831","23.188","2.0135881944","1.68935690754376","0.737644162325856","20.92983984",
"10/7/2008","-51.875","-4.83955001831055","219","34.554","19.897","1.52092008","1.51823696624715","0.647111527864722","20.783586672",
"10/8/2008","-51.875","-4.83955001831055","219","36.992","18.065","0","1.3922735170803","0.586723237927209","22.62234276",
"10/9/2008","-51.875","-4.83955001831055","219","35.996","22.769","0.7020953352","1.90777444126824","0.650851492262794","14.727039192",
"10/10/2008","-51.875","-4.83955001831055","219","34.556","22.826","1.7595289728","1.79758215064903","0.649654264619882","20.04086358",
"10/11/2008","-51.875","-4.83955001831055","219","34.599","21.703","0.089263872","1.25599083790526","0.624327218529884","15.08916816",
"10/12/2008","-51.875","-4.83955001831055","219","35.577","21.884","1.807596","1.71792635512186","0.607833625848142","23.121560592",
"10/13/2008","-51.875","-4.83955001831055","219","34.755","22.08","2.5268564664","1.66023149839924","0.677625569080959","20.04356232",
"10/14/2008","-51.875","-4.83955001831055","219","36.37","19.337","0","1.30893813691483","0.548272915914713","21.05831772",
"10/15/2008","-51.875","-4.83955001831055","219","30.839","22.451","5.333521104","1.7935565605183","0.707761879340758","27.27911412",
"10/16/2008","-51.875","-4.83955001831055","219","35.175","21.813","1.6342175592","1.66155089601154","0.643665148999268","22.2796143",
"10/17/2008","-51.875","-4.83955001831055","219","38.117","21.924","0.048065184","1.78399235622481","0.526053687170029","22.028121",
"10/18/2008","-51.875","-4.83955001831055","219","38.042","24.297","0","2.06940857585716","0.461884110303053","19.85305104",
"10/19/2008","-51.875","-4.83955001831055","219","36.255","23.745","2.1577824","2.02065799666009","0.569146990557003","19.4011299",
"10/20/2008","-51.875","-4.83955001831055","219","33.811","21.657","1.4462475192","1.61881114918317","0.62855670827698","18.86956488",
"10/21/2008","-51.875","-4.83955001831055","219","36.532","22.613","1.1123676","2.06012647744554","0.53885995402301","24.09378696",
"10/22/2008","-51.875","-4.83955001831055","219","35.268","20.95","1.74751092","1.82440225220555","0.616645693779235","25.26171048",
"10/23/2008","-51.875","-4.83955001831055","219","34.438","23.62","0.3501891","1.61146818139535","0.55315914653866","14.83441668",
"10/24/2008","-51.875","-4.83955001831055","219","31.017","22.808","7.870675212","1.65492790080079","0.802179890008198","20.29415076",
"10/25/2008","-51.875","-4.83955001831055","219","34.651","22.531","0","1.95472635655411","0.596054531710506","22.060180008",
"10/26/2008","-51.875","-4.83955001831055","219","38.36","23.422","0","1.7924405823617","0.407031923739003","26.03126844",
"10/27/2008","-51.875","-4.83955001831055","219","39.701","23.628","0.010299672","1.74470029513018","0.378118201167746","21.70546632",
"10/28/2008","-51.875","-4.83955001831055","219","36.739","22.455","1.2187950984","1.74719922232028","0.615012941648687","22.500738",
"10/29/2008","-51.875","-4.83955001831055","219","35.13","22.056","0.38108844","1.66091130040413","0.609884538102118","19.77209784",
"10/30/2008","-51.875","-4.83955001831055","219","33.339","26.405","0","1.61991087279491","0.485688671888627","16.29737406",
"10/31/2008","-51.875","-4.83955001831055","219","34.605","22.269","0.377655192","1.45262717631625","0.551431891580576","16.06989636",
"11/1/2008","-51.875","-4.83955001831055","219","34.7","19.674","0.283241772","1.74192074484261","0.598650965511254","22.85769456",
"11/2/2008","-51.875","-4.83955001831055","219","36.634","22.197","0.38967156","1.87705632957407","0.473986112147868","22.89251034",
"11/3/2008","-51.875","-4.83955001831055","219","35.235","23.099","0.053215092","1.85801111596218","0.469811546179971","19.36940652",
"11/4/2008","-51.875","-4.83955001831055","219","34.009","24.127","0.3553389144","2.16903782259587","0.582600013661799","24.03640584",
"11/5/2008","-51.875","-4.83955001831055","219","35.156","21.638","0.2145769056","1.68452557331347","0.680687273016804","19.70646048",
"11/6/2008","-51.875","-4.83955001831055","219","34.75","21.395","0","1.49806793430611","0.640297003223174","18.92931012",
"11/7/2008","-51.875","-4.83955001831055","219","36.112","23.471","0","1.70407762550254","0.522229863875131","20.16629928",
"11/8/2008","-51.875","-4.83955001831055","219","36.149","23.323","0","1.7836948048919","0.516032946072308","21.23881488",
"11/9/2008","-51.875","-4.83955001831055","219","32.603","21.228","9.60445368","1.89907544837277","0.734352624880024","27.48914352",
"11/10/2008","-51.875","-4.83955001831055","219","35.351","23.175","4.81681656","1.85565722426758","0.682251964092358","19.16769114",
"11/11/2008","-51.875","-4.83955001831055","219","36.693","21.52","5.3215056","1.25442082998518","0.648600662757711","20.38618404",
"11/12/2008","-51.875","-4.83955001831055","219","30.614","22.22","6.241611852","1.54999100551045","0.719608419073149","21.9837843",
"11/13/2008","-51.875","-4.83955001831055","219","35.766","23.698","0","1.98000684718716","0.559664929803736","22.10855256",
"11/14/2008","-51.875","-4.83955001831055","219","37.505","24.464","2.633285664","1.60333600711863","0.60473861297148","19.34723808",
"11/15/2008","-51.875","-4.83955001831055","219","32.723","23.397","4.858017336","1.69282302825831","0.71735993242316","20.9010942",
"11/16/2008","-51.875","-4.83955001831055","219","30.949","23.335","16.70436288","1.28513924291673","0.888990945016556","10.11132972",
"11/17/2008","-51.875","-4.83955001831055","219","35.163","22.633","4.29496254","1.24473267429489","0.711357984293528","15.86643156",
"11/18/2008","-51.875","-4.83955001831055","219","35.399","25.607","0","1.61924613315288","0.475036101738481","17.42275908",
"11/19/2008","-51.875","-4.83955001831055","219","35.04","23.821","0","1.80936379721454","0.514713375143677","24.094242",
"11/20/2008","-51.875","-4.83955001831055","219","34.938","23.641","3.543091884","1.48293829375622","0.61141053618932","12.87759204",
"11/21/2008","-51.875","-4.83955001831055","219","34.908","23.37","2.3689296","1.6972422922641","0.632186382740399","18.28754676",
"11/22/2008","-51.875","-4.83955001831055","219","36.361","23.89","0.542449908","1.19875475867559","0.5742063381682","19.16910486",
"11/23/2008","-51.875","-4.83955001831055","219","35.035","24.621","0.8119584864","1.18866595340151","0.618633086335768","13.695746832",
"11/24/2008","-51.875","-4.83955001831055","219","32.566","23.43","10.498806828","1.48062689352563","0.852368087188149","9.79925472",
"11/25/2008","-51.875","-4.83955001831055","219","23.47","21.688","50.713929","1.19518247250379","0.975726385274419","2.62558206",
"11/26/2008","-51.875","-4.83955001831055","219","32.508","21.51","2.2367484864","1.07397624127743","0.833628715317354","14.23816902",
"11/27/2008","-51.875","-4.83955001831055","219","35.647","20.182","2.166366528","1.14027647411965","0.717964788369561","23.8599045",
"11/28/2008","-51.875","-4.83955001831055","219","33.752","22.586","4.5387257688","1.53178133268399","0.820917097909174","20.84073552",
"11/29/2008","-51.875","-4.83955001831055","219","30.206","22.404","7.0587215712","1.44059477075757","0.85603120224997","18.99421218",
"11/30/2008","-51.875","-4.83955001831055","219","33.989","21.932","1.333808496","1.21425437668313","0.714690182899014","23.69273058",
"12/1/2008","-51.875","-4.83955001831055","219","37.361","22.936","0","1.60600705437805","0.520583408841025","26.7702723",
"12/2/2008","-51.875","-4.83955001831055","219","26.968","23.278","12.4300086264","0.920136292587695","0.906568272068972","12.83933862",
"12/3/2008","-51.875","-4.83955001831055","219","30.401","22.239","5.3815885704","1.20536273418944","0.92488366602334","11.36289618",
"12/4/2008","-51.875","-4.83955001831055","219","27.451","21.848","8.28094608","1.13169747702197","0.923282271721158","8.39705742",
"12/5/2008","-51.875","-4.83955001831055","219","27.071","21.989","12.5862174","0.820296219354073","0.957203891073683","16.67593332",
"12/6/2008","-51.875","-4.83955001831055","219","32.77","20.759","13.96808712","1.10609796703765","0.859375658301597","7.67412648",
"12/7/2008","-51.875","-4.83955001831055","219","32.079","21.358","6.4888012728","1.15400443389185","0.828466946728262","26.80953732",
"12/8/2008","-51.875","-4.83955001831055","219","27.488","20.491","5.227088004","0.804900005431805","0.947971125160031","14.61150432",
"12/9/2008","-51.875","-4.83955001831055","219","32.428","20.696","0.7415768664","0.823476456164393","0.79562588844547","15.61354002",
"12/10/2008","-51.875","-4.83955001831055","219","29.396","21.322","10.8524313","1.14076778709791","0.884007900967684","22.78293966",
"12/11/2008","-51.875","-4.83955001831055","219","27.151","20.962","12.440295","0.645464006633748","0.95233699672667","17.98908984",
"12/12/2008","-51.875","-4.83955001831055","219","31.224","20.825","9.36927504","1.21351310808969","0.874112731985273","25.49238894",
"12/13/2008","-51.875","-4.83955001831055","219","31.302","22.348","8.48007774","1.25320615261639","0.849593393536918","24.42049362",
"12/14/2008","-51.875","-4.83955001831055","219","34.39","22.143","6.16264056","0.998471294267742","0.767200108860385","14.56936686",
"12/15/2008","-51.875","-4.83955001831055","219","32.111","20.946","2.04963696","1.36080801995761","0.755048602418476","24.22271466",
"12/16/2008","-51.875","-4.83955001831055","219","24.963","21.973","6.22444248","0.973414607258108","0.944571871426541","4.63978368",
"12/17/2008","-51.875","-4.83955001831055","219","26.916","22.396","12.6960718824","0.868511657556401","0.942612891361689","7.82831484",
"12/18/2008","-51.875","-4.83955001831055","219","30.672","22.055","10.93826124","0.79024736064113","0.91664042307984","20.09215872",
"12/19/2008","-51.875","-4.83955001831055","219","27.128","23.362","12.284092872","0.797652523221567","0.96210913423363","19.18236672",
"12/20/2008","-51.875","-4.83955001831055","219","25.828","22.112","21.4027434864","0.984809186858564","0.970514447899604","13.89656052",
"12/21/2008","-51.875","-4.83955001831055","219","27.922","21.666","11.4515309664","0.640797754822844","0.953334903159039","16.75361484",
"12/22/2008","-51.875","-4.83955001831055","219","23.912","20.926","48.6626087808","0.754916416269548","0.977810219232826","1.82694366",
"12/23/2008","-51.875","-4.83955001831055","219","31.242","20.631","1.222228404","1.19703970945159","0.81335475883762","24.07865238",
"12/24/2008","-51.875","-4.83955001831055","219","34.569","22.635","5.359272588","0.935476321233011","0.803832934826441","24.12106452",
"12/25/2008","-51.875","-4.83955001831055","219","27.369","23.462","30.511088352","0.900179546540019","0.965222288298105","19.9153143",
"12/26/2008","-51.875","-4.83955001831055","219","24.966","22.586","12.4248532464","1.24363744692973","0.972911841711014","7.34726358",
"12/27/2008","-51.875","-4.83955001831055","219","26.917","21.955","14.90536152","0.73382748224149","0.961737725678255","16.7903955",
"12/28/2008","-51.875","-4.83955001831055","219","27.504","22.538","13.216210992","0.663647928502643","0.954558482957681","20.9360223",
"12/29/2008","-51.875","-4.83955001831055","219","34.205","22.703","6.979752","0.878565568247776","0.841337799366327","20.62721178",
"12/30/2008","-51.875","-4.83955001831055","219","28.322","22.529","8.1504881064","1.27245908220225","0.92265682562867","25.7655339",
"12/31/2008","-51.875","-4.83955001831055","219","26.503","22.652","9.2697135264","1.13165092002575","0.958666977453472","23.11143642",
"1/1/2009","-51.875","-4.83955001831055","219","28.341","22.318","6.660464364","0.889612137262802","0.945811494394768","17.584372512",
"1/2/2009","-51.875","-4.83955001831055","219","32.212","21.305","8.806228164","1.26945184036989","0.880384104258716","15.143226768",
"1/3/2009","-51.875","-4.83955001831055","219","32.74","22.371","3.6083173464","1.44435768207042","0.761889707203597","19.95035994",
"1/4/2009","-51.875","-4.83955001831055","219","31.039","18.851","5.45882652","0.90475526428759","0.852515646963536","25.57574316",
"1/5/2009","-51.875","-4.83955001831055","219","32.437","20.035","0.1150131744","1.14395368718821","0.808147156796242","15.35805288",
"1/6/2009","-51.875","-4.83955001831055","219","31.668","19.285","7.69043232","1.03430452438219","0.869927160691616","27.00123462",
"1/7/2009","-51.875","-4.83955001831055","219","28.132","19.942","14.302827072","0.749149900998284","0.939248862217849","18.62111466",
"1/8/2009","-51.875","-4.83955001831055","219","24.373","21.724","19.169431956","0.721197383481216","0.979383946291888","2.229974928",
"1/9/2009","-51.875","-4.83955001831055","219","26.821","22.007","10.843854156","0.91488509001987","0.95688071302861","22.69912122",
"1/10/2009","-51.875","-4.83955001831055","219","31.834","21.953","10.5588882864","1.28393117624672","0.903249363760842","21.8345679",
"1/11/2009","-51.875","-4.83955001831055","219","30.309","22.117","4.3413135408","1.48865282262564","0.873392731239567","20.68762482",
"1/12/2009","-51.875","-4.83955001831055","219","32.321","22.74","1.2170765808","1.60016714686504","0.797263587871872","17.31516192",
"1/13/2009","-51.875","-4.83955001831055","219","29.666","23.217","6.792645708","1.21094654468482","0.887369408639337","24.3968679",
"1/14/2009","-51.875","-4.83955001831055","219","27.523","20.958","5.7558015144","1.00797295126217","0.918943157979121","19.62039294",
"1/15/2009","-51.875","-4.83955001831055","219","26.634","20.63","9.7486521192","1.21924905054842","0.948027917151193","24.10284816",
"1/16/2009","-51.875","-4.83955001831055","219","31.816","21.987","11.298753828","1.05732945157466","0.916720655956141","16.09498008",
"1/17/2009","-51.875","-4.83955001831055","219","29.123","22.564","12.0952655064","1.01704643250621","0.931002681226279","16.368362082",
"1/18/2009","-51.875","-4.83955001831055","219","28.229","21.349","5.9755329864","0.736240690443544","0.936482429545955","19.44495315",
"1/19/2009","-51.875","-4.83955001831055","219","31.369","22.642","9.486009612","0.890242493211309","0.934464510135153","20.004473088",
"1/20/2009","-51.875","-4.83955001831055","219","26.903","22.253","20.305825704","1.0030870171533","0.961313690609543","26.3478402",
"1/21/2009","-51.875","-4.83955001831055","219","28.952","22.97","11.6532324","1.38410324366875","0.929485335187661","21.68785836",
"1/22/2009","-51.875","-4.83955001831055","219","26.479","21.946","12.89691828","1.01769394923512","0.956456959844583","8.473888188",
"1/23/2009","-51.875","-4.83955001831055","219","26.558","21.651","10.3408753104","0.815992016521571","0.950542330830467","18.52150032",
"1/24/2009","-51.875","-4.83955001831055","219","29.482","21.17","19.46124882","0.711115840787266","0.936499533246551","23.834422872",
"1/25/2009","-51.875","-4.83955001831055","219","29.111","22.605","93.92110092","1.08282649125169","0.938853072687467","12.0412728",
"1/26/2009","-51.875","-4.83955001831055","219","30.41","22.227","4.284668628","1.13440272368802","0.891385615907126","18.05709294",
"1/27/2009","-51.875","-4.83955001831055","219","25.106","21.476","54.945383832","0.772151378018338","0.975012162045621","5.430713472",
"1/28/2009","-51.875","-4.83955001831055","219","27.187","19.305","7.7590927944","0.764110584911975","0.955984934573396","17.3964312",
"1/29/2009","-51.875","-4.83955001831055","219","27.364","19.749","6.0613654248","0.836653644721606","0.950104070766905","18.76731372",
"1/30/2009","-51.875","-4.83955001831055","219","32.904","20.1","6.025317156","1.12643407008418","0.894399554085361","22.5901107",
"1/31/2009","-51.875","-4.83955001831055","219","28.785","22.731","11.9235992184","1.03436558848415","0.935109700329794","19.56656088",
"2/1/2009","-51.875","-4.83955001831055","219","30.254","22.204","14.31655992","1.40595561425117","0.910464778055989","22.74373134",
"2/2/2009","-51.875","-4.83955001831055","219","28.689","22.016","4.6588922424","1.18902743789667","0.909212089396716","17.92485846",
"2/3/2009","-51.875","-4.83955001831055","219","31.629","20.476","4.6485878184","1.09730875920603","0.856626673510758","18.63804258",
"2/4/2009","-51.875","-4.83955001831055","219","25.643","22.486","16.99963056","0.989348714162804","0.973688049387378","7.631660052",
"2/5/2009","-51.875","-4.83955001831055","219","30.053","21.647","2.957725692","1.14923136877699","0.899491020933874","16.58092068",
"2/6/2009","-51.875","-4.83955001831055","219","27.356","21.491","16.86058578","0.744980757944978","0.963924309171339","23.265055818",
"2/7/2009","-51.875","-4.83955001831055","219","26.019","23.057","6.830403804","1.03469218265702","0.967787226615058","15.705333648",
"2/8/2009","-51.875","-4.83955001831055","219","30.847","22.575","4.84256664","1.1774186242811","0.81992202566313","20.566240578",
"2/9/2009","-51.875","-4.83955001831055","219","33.038","20.968","4.6211258664","1.28921573042857","0.818171133566474","24.49569393",
"2/10/2009","-51.875","-4.83955001831055","219","27.975","22.076","7.5599660664","1.08974654860413","0.917382666155364","24.05375055",
"2/11/2009","-51.875","-4.83955001831055","219","27.753","22.732","16.2340179984","0.825924448147074","0.956666520133528","23.97970872",
"2/12/2009","-51.875","-4.83955001831055","219","27.355","22.373","12.054061044","0.955280372779825","0.941073048544159","16.2387099",
"2/13/2009","-51.875","-4.83955001831055","219","26.273","22.403","14.690782512","1.15686093684586","0.96576780134788","17.97226434",
"2/14/2009","-51.875","-4.83955001831055","219","30.643","22.424","10.419842484","0.941527199109126","0.91320875418582","25.69899609",
"2/15/2009","-51.875","-4.83955001831055","219","25.629","22.481","135.5575428","0.621125030772776","0.97544517261777","7.93018134",
"2/16/2009","-51.875","-4.83955001831055","219","24.132","22.174","14.35432644","0.570708977845273","0.979020160145453","3.19798152",
"2/17/2009","-51.875","-4.83955001831055","219","30.007","22.135","30.524842836","1.16198243080147","0.9344390231705","20.17563876",
"2/18/2009","-51.875","-4.83955001831055","219","24.201","21.464","263.68560432","0.951171577145913","0.979604800407473","3.984241212",
"2/19/2009","-51.875","-4.83955001831055","219","30.695","20.319","9.69199794","0.933250869877403","0.89696256369621","16.43534946",
"2/20/2009","-51.875","-4.83955001831055","219","26.393","21.349","21.4422228","1.05734249741345","0.969744410872175","23.307015312",
"2/21/2009","-51.875","-4.83955001831055","219","24.691","21.173","94.678122312","0.64867398052198","0.977494127292907","5.19446304",
"2/22/2009","-51.875","-4.83955001831055","219","23.447","20.712","29.000444796","0.822976886085092","0.982616316059714","2.92263552",
"2/23/2009","-51.875","-4.83955001831055","219","27.144","21.688","21.311748","0.647347294527058","0.949684817391166","16.29461826",
"2/24/2009","-51.875","-4.83955001831055","219","26.209","22.415","107.7346836","0.882154355252882","0.966095751488104","12.55657284",
"2/25/2009","-51.875","-4.83955001831055","219","26.295","22.15","16.36276428","0.99699359662335","0.965782785684936","12.54397266",
"2/26/2009","-51.875","-4.83955001831055","219","27.474","21.119","11.1167957664","1.07068092029627","0.954543125563241","11.4468165",
"2/27/2009","-51.875","-4.83955001831055","219","29.985","21.093","1.744080336","0.976611053431956","0.878915419008945","14.275744488",
"2/28/2009","-51.875","-4.83955001831055","219","29.804","19.295","5.0708780784","1.20212829310984","0.874455950249466","23.88639492",
"3/1/2009","-51.875","-4.83955001831055","219","26.289","22.705","40.1687478","1.14452189175544","0.972760898051045","14.752750572",
"3/2/2009","-51.875","-4.83955001831055","219","28.527","22.677","12.24803448","1.22231481102991","0.95606583324308","20.18334339",
"3/3/2009","-51.875","-4.83955001831055","219","30.256","22.979","25.0625502","1.14780230763038","0.940012835841643","21.32071614",
"3/4/2009","-51.875","-4.83955001831055","219","25.306","20.797","28.056330252","1.00021275779473","0.978336145851868","7.374604158",
"3/5/2009","-51.875","-4.83955001831055","219","26.761","20.903","30.40125984","0.750343169644867","0.971097362764322","11.4893955",
"3/6/2009","-51.875","-4.83955001831055","219","29.259","22.362","17.59529718","0.997405999638267","0.939166924712854","21.936428712",
"3/7/2009","-51.875","-4.83955001831055","219","26.977","22.276","13.40160012","0.573759624687739","0.96524568640879","19.35996228",
"3/8/2009","-51.875","-4.83955001831055","219","26.505","22.399","28.91121048","0.588829568702675","0.970132289751721","18.12999618",
"3/9/2009","-51.875","-4.83955001831055","219","28.669","22.759","22.36404384","1.19809739074808","0.942322761586977","25.78185018",
"3/10/2009","-51.875","-4.83955001831055","219","29.754","22.569","112.098372408","1.1382390724775","0.893697868273932","11.4193125",
"3/11/2009","-51.875","-4.83955001831055","219","28.807","22.736","12.922663644","0.979803018949988","0.936432827710537","20.25725364",
"3/12/2009","-51.875","-4.83955001831055","219","31.283","22.455","14.92595208","1.46208711379731","0.880647373174854","19.83926448",
"3/13/2009","-51.875","-4.83955001831055","219","26.679","22.368","16.452033372","1.08316241788812","0.967464779436517","21.689834058",
"3/14/2009","-51.875","-4.83955001831055","219","27.104","22.709","16.9704445464","1.26457240959976","0.951152932506167","24.17590737",
"3/15/2009","-51.875","-4.83955001831055","219","27.936","21.925","5.69229228","1.09447735499034","0.916427407413309","16.80350247",
"3/16/2009","-51.875","-4.83955001831055","219","28.567","20.53","8.8371267264","1.32720062187045","0.92517857614022","15.622597728",
"3/17/2009","-51.875","-4.83955001831055","219","27.855","21.417","23.7081456","1.31079785235207","0.927528386373324","13.045955652",
"3/18/2009","-51.875","-4.83955001831055","219","30.054","20.82","2.0015712144","1.11293988810958","0.877308367493585","19.312259418",
"3/19/2009","-51.875","-4.83955001831055","219","29.632","20.312","8.126450352","1.16417922759521","0.939320551839027","15.102004248",
"3/20/2009","-51.875","-4.83955001831055","219","26.665","21.997","21.06628308","0.971028706716898","0.97023910971387","22.21920252",
"3/21/2009","-51.875","-4.83955001831055","219","30.763","22.201","12.438588636","1.16097192567126","0.877373393142228","25.90576848",
"3/22/2009","-51.875","-4.83955001831055","219","27.7","22.451","14.2375982544","0.949345465014887","0.964838197429624","22.34649267",
"3/23/2009","-51.875","-4.83955001831055","219","25.429","22.87","13.5114691464","1.05799356247157","0.975805762486134","11.2319991",
"3/24/2009","-51.875","-4.83955001831055","219","26.207","22.459","9.822459888","1.16184855117072","0.968028594450682","14.339196",
"3/25/2009","-51.875","-4.83955001831055","219","27.473","22.641","5.09319414","1.3292305942613","0.936889143581283","20.04586758",
"3/26/2009","-51.875","-4.83955001831055","219","26.64","22.655","15.071862024","1.170949449613","0.965028983591651","22.687988688",
"3/27/2009","-51.875","-4.83955001831055","219","26.053","22.618","14.4538870464","0.666640961229104","0.970184833372192","11.44524456",
"3/28/2009","-51.875","-4.83955001831055","219","25.112","22.585","13.525202268","0.66246390911005","0.97769315607831","5.005579122",
"3/29/2009","-51.875","-4.83955001831055","219","28.658","21.606","11.08246122","1.10522258901757","0.935145557651251","22.777877808",
"3/30/2009","-51.875","-4.83955001831055","219","30.003","22.421","14.39895636","0.876224506015307","0.938681180816095","23.126681772",
"3/31/2009","-51.875","-4.83955001831055","219","27.411","22.944","7.77110832","0.715582488274938","0.959194113447354","11.4106455",
"4/1/2009","-51.875","-4.83955001831055","219","30.721","21.48","1.5071866128","1.89878184065294","0.8319891377927","22.37821983",
"4/2/2009","-51.875","-4.83955001831055","219","26.797","20.41","11.84634882","1.04857675153031","0.945751540213281","25.244710272",
"4/3/2009","-51.875","-4.83955001831055","219","29.788","22.234","10.33402104","0.829091286392565","0.945242108818754","21.13329222",
"4/4/2009","-51.875","-4.83955001831055","219","24.246","22.196","5.28373584","1.12503053407858","0.977410072190588","3.836365308",
"4/5/2009","-51.875","-4.83955001831055","219","23.832","20.785","34.43529186","0.915749990881109","0.980960352156687","4.34193399",
"4/6/2009","-51.875","-4.83955001831055","219","26.136","20.678","9.704016612","0.823996966249129","0.965830871520298","15.191603442",
"4/7/2009","-51.875","-4.83955001831055","219","31.273","22.088","4.18167324","1.3137221080741","0.863796469474836","25.61012064",
"4/8/2009","-51.875","-4.83955001831055","219","26.777","21.307","10.179525924","1.01743789620293","0.954407185734915","25.67295144",
"4/9/2009","-51.875","-4.83955001831055","219","29.632","22.138","5.8193234424","0.751793382227785","0.915706595777593","21.8787813",
"4/10/2009","-51.875","-4.83955001831055","219","27.097","22.392","9.190753704","1.06315293806522","0.956327599232457","20.37993894",
"4/11/2009","-51.875","-4.83955001831055","219","30.333","22.433","17.039109708","1.11309145749111","0.870904676236765","24.3098496",
"4/12/2009","-51.875","-4.83955001831055","219","25.547","21.342","55.30241916","0.9430788015693","0.965030312326052","7.692637122",
"4/13/2009","-51.875","-4.83955001831055","219","30.751","21.015","19.224357228","0.760654271436045","0.887852705862126","20.2606884",
"4/14/2009","-51.875","-4.83955001831055","219","25.239","22.374","24.11499114","0.768819454928421","0.972534032419227","10.1230353",
"4/15/2009","-51.875","-4.83955001831055","219","30.294","22.308","5.383296756","0.879398685135463","0.93162832658052","15.81946794",
"4/16/2009","-51.875","-4.83955001831055","219","27.869","22.466","11.97166734","0.818013570074622","0.952656881302919","20.48427828",
"4/17/2009","-51.875","-4.83955001831055","219","26.444","23.481","22.34000844","1.01960433009201","0.972703154523392","16.47056268",
"4/18/2009","-51.875","-4.83955001831055","219","26.936","22.875","11.16829332","1.15601404319792","0.960907611682084","10.57510854",
"4/19/2009","-51.875","-4.83955001831055","219","26.811","22.235","10.316848644","1.20748094332642","0.939547984779758","7.81165854",
"4/20/2009","-51.875","-4.83955001831055","219","29.454","22.373","4.593659616","0.950011322316142","0.914614504892302","16.27993026",
"4/21/2009","-51.875","-4.83955001831055","219","27.966","22.701","8.52813504","1.25865101317402","0.946175476803588","18.59945634",
"4/22/2009","-51.875","-4.83955001831055","219","25.954","22.638","9.88083324","1.13710967930789","0.970949801820282","15.83110674",
"4/23/2009","-51.875","-4.83955001831055","219","26.887","22.199","10.885049352","0.955889883234473","0.947486084099773","15.48719496",
"4/24/2009","-51.875","-4.83955001831055","219","27.166","21.485","17.68112532","0.673186323776187","0.951709206455893","16.4091321",
"4/25/2009","-51.875","-4.83955001831055","219","27.232","22.378","14.670186264","0.984673592502329","0.951738860801434","18.10164042",
"4/26/2009","-51.875","-4.83955001831055","219","25.771","22.494","17.324063676","0.889432985940895","0.970152439465562","11.98456866",
"4/27/2009","-51.875","-4.83955001831055","219","25.386","21.703","13.159560996","0.604943437236507","0.975349134533035","6.49906506",
"4/28/2009","-51.875","-4.83955001831055","219","29.653","21.728","0.6523131312","0.985744144597367","0.861195537739827","14.56374438",
"4/29/2009","-51.875","-4.83955001831055","219","28.293","19.721","4.504394628","0.914959875638815","0.920132496764803","13.17110148",
"4/30/2009","-51.875","-4.83955001831055","219","29.054","22.446","35.58025728","0.728434849013824","0.95774350390636","14.33227248",
"5/1/2009","-51.875","-4.83955001831055","219","24.274","22.355","115.5693384","1.0722107345403","0.979902614813622","4.555462392",
"5/2/2009","-51.875","-4.83955001831055","219","25.003","22.072","9.286879248","0.577955179579704","0.974251554264106","9.21605616",
"5/3/2009","-51.875","-4.83955001831055","219","24.152","21.865","7.14282624","0.770490466707344","0.978814939758774","5.96847042",
"5/4/2009","-51.875","-4.83955001831055","219","25.11","21.426","15.35339304","0.833167205719883","0.977262462694632","10.5419232",
"5/5/2009","-51.875","-4.83955001831055","219","30.961","21.722","5.812449696","0.751551358838117","0.886725102337529","17.11462482",
"5/6/2009","-51.875","-4.83955001831055","219","30.382","21.561","7.748786088","0.751557576508754","0.914126463712507","15.5176326",
"5/7/2009","-51.875","-4.83955001831055","219","26.645","22.085","6.46133508","1.0620716902599","0.963170062605568","15.8113674",
"5/8/2009","-51.875","-4.83955001831055","219","31.798","21.928","9.628486848","0.905793616550939","0.902992851687831","14.35780962",
"5/9/2009","-51.875","-4.83955001831055","219","28.298","22.383","9.48601044","0.755222987097026","0.943859397074858","10.0521027",
"5/10/2009","-51.875","-4.83955001831055","219","26.727","20.585","15.947347572","0.717755224485873","0.965749620477423","19.2762054",
"5/11/2009","-51.875","-4.83955001831055","219","26.326","20.368","15.545656332","0.660306606173386","0.970663193825862","15.6749004",
"5/12/2009","-51.875","-4.83955001831055","219","30.233","22.015","3.2787324","1.055511339743","0.887340373191144","18.3125799",
"5/13/2009","-51.875","-4.83955001831055","219","26.043","20.293","4.54559526","0.943112156692232","0.951496500775093","17.10938718",
"5/14/2009","-51.875","-4.83955001831055","219","24.233","20.613","16.664881896","0.598369553632151","0.978745640208469","4.01815818",
"5/15/2009","-51.875","-4.83955001831055","219","24.251","20.123","5.386732524","0.863014902951075","0.96479323751519","7.03209402",
"5/16/2009","-51.875","-4.83955001831055","219","31.507","19.844","7.312772556","0.751624649397079","0.86922924563193","20.81002572",
"5/17/2009","-51.875","-4.83955001831055","219","26.036","21.942","23.36998806","0.823917319338639","0.974847690485354","13.6697634",
"5/18/2009","-51.875","-4.83955001831055","219","31.718","21.915","1.366424352","1.32927773558993","0.812171476678305","16.931025",
"5/19/2009","-51.875","-4.83955001831055","219","25.723","21.338","13.58527572","1.02906920292275","0.968397209884842","14.56216686",
"5/20/2009","-51.875","-4.83955001831055","219","26.098","22.234","8.20541052","1.12824010292391","0.972487065783286","13.59084456",
"5/21/2009","-51.875","-4.83955001831055","219","29.925","21.079","4.051208016","1.28224709790904","0.878820081844585","19.65655962",
"5/22/2009","-51.875","-4.83955001831055","219","28.847","19.161","1.54151928","1.17607449170373","0.843421030291302","18.84953916",
"5/23/2009","-51.875","-4.83955001831055","219","29.204","21.837","1.6033176","1.16223593852424","0.868517113199023","9.9493317",
"5/24/2009","-51.875","-4.83955001831055","219","25.504","21.68","13.7912703264","0.59107018256139","0.963434092591564","4.6262232",
"5/25/2009","-51.875","-4.83955001831055","219","29.954","21.405","6.9471397152","0.946825470792424","0.921129354268862","18.3713085",
"5/26/2009","-51.875","-4.83955001831055","219","31.414","21.992","4.370499612","0.706712772026001","0.904852059790556","15.3138447",
"5/27/2009","-51.875","-4.83955001831055","219","28.664","20.711","1.2926101248","0.995826393352234","0.902823910658832","14.936958",
"5/28/2009","-51.875","-4.83955001831055","219","29.636","19.63","2.365491348","0.886104742823509","0.871601897950186","20.9780928",
"5/29/2009","-51.875","-4.83955001831055","219","28.604","22.128","13.1423945184","0.54937683263665","0.955074010347445","20.16843876",
"5/30/2009","-51.875","-4.83955001831055","219","26.432","22.918","13.4685486","0.734566695229394","0.970434736655138","14.1489009",
"5/31/2009","-51.875","-4.83955001831055","219","28.423","22.012","11.4103297944","0.801658094525293","0.950941147997902","14.7332853",
"6/1/2009","-51.875","-4.83955001831055","219","30.873","22.747","4.7610267984","0.859078474952337","0.906658534247636","18.9380241",
"6/2/2009","-51.875","-4.83955001831055","219","26.163","21.785","13.2986088","0.598446636721399","0.973720629363793","16.09273026",
"6/3/2009","-51.875","-4.83955001831055","219","26.551","20.532","3.0461323824","0.583677324639891","0.951977361472404","10.82440764",
"6/4/2009","-51.875","-4.83955001831055","219","31.696","20.494","2.408408712","1.17439217429121","0.864017433884146","15.17152266",
"6/5/2009","-51.875","-4.83955001831055","219","26.434","22.148","13.82732604","0.879287240058606","0.971667402791942","14.89297878",
"6/6/2009","-51.875","-4.83955001831055","219","32.677","21.855","1.2496945608","1.57944343489058","0.775647934649377","17.00763534",
"6/7/2009","-51.875","-4.83955001831055","219","29.355","21.768","3.040123032","1.13416716823237","0.87176113075987","22.1808933",
"6/8/2009","-51.875","-4.83955001831055","219","31.894","19.592","0.6591802608","1.02052068552006","0.823697325397562","11.6558424",
"6/9/2009","-51.875","-4.83955001831055","219","31.953","19.608","0","1.61630127312409","0.671371412673758","21.69967518",
"6/10/2009","-51.875","-4.83955001831055","219","31.58","20.935","0","1.80504384607194","0.67511108104322","22.36472262",
"6/11/2009","-51.875","-4.83955001831055","219","30.262","20.508","0.089263908","1.63267581707104","0.732613533796222","14.49096138",
"6/12/2009","-51.875","-4.83955001831055","219","30.523","20.829","1.387024164","1.20524041271691","0.868505611757706","9.601479432",
"6/13/2009","-51.875","-4.83955001831055","219","32.542","17.713","0","0.81280514154746","0.774664267475027","18.92502738",
"6/14/2009","-51.875","-4.83955001831055","219","28.908","20.561","0","0.96832461645922","0.824034880142249","11.28925926",
"6/15/2009","-51.875","-4.83955001831055","219","31.159","17.67","6.03561564","0.912140164287955","0.850333698215675","22.15777752",
"6/16/2009","-51.875","-4.83955001831055","219","33.138","18.743","1.5243515784","1.01049742634949","0.733547149239414","19.311066",
"6/17/2009","-51.875","-4.83955001831055","219","32.08","21.667","0.0205993584","0.916471678917648","0.747451790367929","16.47883926",
"6/18/2009","-51.875","-4.83955001831055","219","32.374","19.081","0","1.24323024393271","0.7103754527796","20.2587804",
"6/19/2009","-51.875","-4.83955001831055","219","32.881","20.352","0","1.59401290428931","0.620033669589101","22.2414147",
"6/20/2009","-51.875","-4.83955001831055","219","32.501","20.51","0","1.47144863833304","0.652173153494654","18.56694006",
"6/21/2009","-51.875","-4.83955001831055","219","32.903","22.617","0","1.72461450385806","0.594320894089453","23.29121412",
"6/22/2009","-51.875","-4.83955001831055","219","32.922","20.483","0","1.76276959800518","0.599103851364373","20.12928894",
"6/23/2009","-51.875","-4.83955001831055","219","32.739","20.896","0","1.287220372812","0.644452150819539","18.46794456",
"6/24/2009","-51.875","-4.83955001831055","219","32.002","19.639","0","1.37511328935363","0.677553119803636","16.76249604",
"6/25/2009","-51.875","-4.83955001831055","219","32.092","19.052","0","1.31130936934941","0.712092556945434","19.07718822",
"6/26/2009","-51.875","-4.83955001831055","219","32.787","21.173","0.0137329128","1.45038827381052","0.676475038901247","18.6531741",
"6/27/2009","-51.875","-4.83955001831055","219","32.818","19.993","0","1.72286740614875","0.633193199620409","20.36087262",
"6/28/2009","-51.875","-4.83955001831055","219","33.005","18.95","0.0137329128","1.40886608203699","0.671787804744539","16.97816412",
"6/29/2009","-51.875","-4.83955001831055","219","31.924","19.798","0.0171661392","1.33199075639224","0.694382388585766","22.20164694",
"6/30/2009","-51.875","-4.83955001831055","219","33.384","18.431","0","1.11962380337441","0.665522719052683","17.81640396",
"7/1/2009","-51.875","-4.83955001831055","219","33.37","22.204","0.1287460944","1.4986932167717","0.597823403751469","23.33559654",
"7/2/2009","-51.875","-4.83955001831055","219","33.449","20.303","0","1.63641160599259","0.56766805457324","23.90928768",
"7/3/2009","-51.875","-4.83955001831055","219","33.194","19.085","0","1.53140271222407","0.571753983345362","22.51226538",
"7/4/2009","-51.875","-4.83955001831055","219","32.926","22.052","0","1.31776353505161","0.610664085768642","17.26222356",
"7/5/2009","-51.875","-4.83955001831055","219","33.37","17.857","0","1.50688748190574","0.6040822759561","18.55079694",
"7/6/2009","-51.875","-4.83955001831055","219","33.522","22.552","0.128746116","1.67126634384023","0.543805481298216","18.10254726",
"7/7/2009","-51.875","-4.83955001831055","219","33.614","20.592","0","1.54609273414729","0.542557020655563","17.74547496",
"7/8/2009","-51.875","-4.83955001831055","219","31.249","20.13","0","1.32669933861215","0.645536742715244","15.52398894",
"7/9/2009","-51.875","-4.83955001831055","219","33.456","20.552","0","1.35164091026076","0.607354729097202","21.86971686",
"7/10/2009","-51.875","-4.83955001831055","219","33.595","20.793","0","1.05822109657503","0.583636390304781","19.6725969",
"7/11/2009","-51.875","-4.83955001831055","219","34.27","19.884","0","1.09076337934297","0.563406545005808","24.16887756",
"7/12/2009","-51.875","-4.83955001831055","219","34.455","21.57","0","1.27041244047147","0.478834029661412","23.99052006",
"7/13/2009","-51.875","-4.83955001831055","219","33.842","14.438","0","1.03220494087028","0.599477194555146","21.6990558",
"7/14/2009","-51.875","-4.83955001831055","219","31.846","19.294","1.8024436656","0.917317090341406","0.788181140707426","12.9039759",
"7/15/2009","-51.875","-4.83955001831055","219","33.92","18.326","0","1.11691597799431","0.658742143763922","22.00083948",
"7/16/2009","-51.875","-4.83955001831055","219","33.619","18.599","0","1.06650755273199","0.646003040262228","18.52245162",
"7/17/2009","-51.875","-4.83955001831055","219","33.765","19.418","0","1.66641373792647","0.633473564361899","24.07623606",
"7/18/2009","-51.875","-4.83955001831055","219","33.258","21.823","0","1.44307575533202","0.588123058882905","19.44720468",
"7/19/2009","-51.875","-4.83955001831055","219","32.012","17.936","0.02059938","0.984772827412643","0.659514107383888","16.8478848",
"7/20/2009","-51.875","-4.83955001831055","219","30.64","18.554","1.287459684","1.36020599277774","0.72082964288495","22.16103678",
"7/21/2009","-51.875","-4.83955001831055","219","32.907","21.736","0","1.63537592132227","0.641348003309113","22.72365216",
"7/22/2009","-51.875","-4.83955001831055","219","33.286","17.293","0","1.68495439730927","0.612208519246228","19.4330736",
"7/23/2009","-51.875","-4.83955001831055","219","27.469","21.461","10.79406684","1.52300003629838","0.854181815207159","18.55293192",
"7/24/2009","-51.875","-4.83955001831055","219","30.405","22.048","2.5800721344","1.05040345586159","0.915335586306799","10.19706138",
"7/25/2009","-51.875","-4.83955001831055","219","32.682","20.907","0.1158714648","1.32216338247889","0.738946275269115","13.33940328",
"7/26/2009","-51.875","-4.83955001831055","219","34.444","19.813","0","1.57798357465093","0.551942963456904","25.10465922",
"7/27/2009","-51.875","-4.83955001831055","219","34.792","17.126","0","1.09231552325875","0.512081072981569","24.93562248",
"7/28/2009","-51.875","-4.83955001831055","219","34.134","13.963","0","1.23919498541484","0.567196155046733","25.02524052",
"7/29/2009","-51.875","-4.83955001831055","219","32.964","16.826","0","1.01057981035341","0.626681048590068","10.490853564",
"7/30/2009","-51.875","-4.83955001831055","219","34.342","19.173","0","1.36956187918253","0.59022177875637","18.76230828",
"7/31/2009","-51.875","-4.83955001831055","219","33.76","20.932","0","1.31200663447233","0.52640553102401","17.2478826",
"8/1/2009","-51.875","-4.83955001831055","219","33.983","19.34","0","1.63413932663839","0.501888409704345","25.1355978",
"8/2/2009","-51.875","-4.83955001831055","219","34.013","20.741","0","1.62172282506069","0.459059526913937","24.99958476",
"8/3/2009","-51.875","-4.83955001831055","219","34.812","19.146","0","1.79294041626054","0.441843848501144","25.22239092",
"8/4/2009","-51.875","-4.83955001831055","219","34.793","20.739","0","1.8519404187096","0.472591632030603","25.179516",
"8/5/2009","-51.875","-4.83955001831055","219","34.964","21.544","0","1.8582026442653","0.431131667121084","23.88261942",
"8/6/2009","-51.875","-4.83955001831055","219","33.972","22.029","0","1.51649408871045","0.534727283971948","20.11133898",
"8/7/2009","-51.875","-4.83955001831055","219","34.333","21.4","0","1.35614361417837","0.531609304452515","18.76635594",
"8/8/2009","-51.875","-4.83955001831055","219","35.634","24.318","0","1.6456625032794","0.445933634943011","25.12879146",
"8/9/2009","-51.875","-4.83955001831055","219","35.177","24.58","0","1.44242955118693","0.489928118473507","20.65702482",
"8/10/2009","-51.875","-4.83955001831055","219","35.601","22.677","0","1.05817960067214","0.535011885461377","25.74916704",
"8/11/2009","-51.875","-4.83955001831055","219","36.01","17.251","0","1.39872686421722","0.469605801066219","26.06658714",
"8/12/2009","-51.875","-4.83955001831055","219","33.579","17.578","0","1.36678420023763","0.561179506664052","21.79305576",
"8/13/2009","-51.875","-4.83955001831055","219","34.557","20.254","0","1.50788816164885","0.571892278998405","18.44943048",
"8/14/2009","-51.875","-4.83955001831055","219","35.869","21.269","0","1.28741232738859","0.513243395003042","23.334523668",
"8/15/2009","-51.875","-4.83955001831055","219","36.194","19.949","0","1.1543738522743","0.516997780230867","25.52680728",
"8/16/2009","-51.875","-4.83955001831055","219","36.218","23.265","0","1.62403607870793","0.442164999630871","26.062483752",
"8/17/2009","-51.875","-4.83955001831055","219","36.529","21.328","0","1.7345220964128","0.4354357815892","26.27380926",
"8/18/2009","-51.875","-4.83955001831055","219","36.328","20.326","0","1.59758434240613","0.419082691936836","26.19602154",
"8/19/2009","-51.875","-4.83955001831055","219","34.987","25.318","0.0463484664","1.4385216472009","0.519349512895686","10.8755973",
"8/20/2009","-51.875","-4.83955001831055","219","31.803","18.215","0.166511628","1.56272124510263","0.584518265097656","20.61410724",
"8/21/2009","-51.875","-4.83955001831055","219","37.056","16.266","0","1.11479447252987","0.554669149089198","20.248926192",
"8/22/2009","-51.875","-4.83955001831055","219","35.298","23.401","0.12359628","1.52893511588492","0.509836447845886","20.892650832",
"8/23/2009","-51.875","-4.83955001831055","219","35.254","22.764","0.207710352","1.73819802649328","0.586231343443353","18.163131048",
"8/24/2009","-51.875","-4.83955001831055","219","31.317","21.559","7.33852512","1.42997034663295","0.81569766840721","15.921400212",
"8/25/2009","-51.875","-4.83955001831055","219","34.777","20.937","1.52435268","1.39108882323592","0.699181532058189","18.868561128",
"8/26/2009","-51.875","-4.83955001831055","219","34.043","18.488","0","1.07806200263548","0.626654483014905","18.626796432",
"8/27/2009","-51.875","-4.83955001831055","219","33.679","24.685","0.0034332264","1.67291324433678","0.552137327430179","17.54420778",
"8/28/2009","-51.875","-4.83955001831055","219","34.768","21.304","6.5351512152","1.17748004739919","0.77552090655908","16.80541803",
"8/29/2009","-51.875","-4.83955001831055","219","34.793","21.245","3.3233652","1.60101248024704","0.688158764956988","20.99007954",
"8/30/2009","-51.875","-4.83955001831055","219","34.595","21.345","0.010299672","1.38988381585233","0.635187169946076","16.62024312",
"8/31/2009","-51.875","-4.83955001831055","219","35.778","21.944","0.793075896","0.885216324977129","0.683208773355682","16.21727001",
"9/1/2009","-51.875","-4.83955001831055","219","36.941","23.09","0.0858306744","1.66770384768307","0.493424812825635","25.932371688",
"9/2/2009","-51.875","-4.83955001831055","219","36.475","22.011","0","1.72046666868528","0.507581513659969","27.13854582",
"9/3/2009","-51.875","-4.83955001831055","219","37.462","25.974","0.0686646","1.7054209850322","0.423502557632313","26.8831107",
"9/4/2009","-51.875","-4.83955001831055","219","37.993","20.178","0","1.62130765367773","0.439826380368438","27.50304456",
"9/5/2009","-51.875","-4.83955001831055","219","36.924","22.537","0","1.62058889852839","0.442836690098203","20.49688116",
"9/6/2009","-51.875","-4.83955001831055","219","38.042","20.927","0","1.59485776669746","0.463912762494157","25.5430098",
"9/7/2009","-51.875","-4.83955001831055","219","37.539","22.272","0","1.45536837690228","0.48245813033996","22.11789888",
"9/8/2009","-51.875","-4.83955001831055","219","36.745","22.286","1.7887080384","1.36329206775469","0.532439967792438","22.320058482",
"9/9/2009","-51.875","-4.83955001831055","219","37.062","19.522","0","1.35023582636302","0.474753134178171","27.55541556",
"9/10/2009","-51.875","-4.83955001831055","219","35.388","25.099","0.024032592","1.5898526816785","0.398535538843977","23.968690272",
"9/11/2009","-51.875","-4.83955001831055","219","36.346","22.339","0.7175444832","1.14989622023797","0.627123928322345","12.75159735",
"9/12/2009","-51.875","-4.83955001831055","219","34.645","19.327","1.18446372","0.96115554192495","0.733982704711969","18.278777088",
"9/13/2009","-51.875","-4.83955001831055","219","37.658","21.564","0","1.31410270391044","0.490150500972239","22.93773912",
"9/14/2009","-51.875","-4.83955001831055","219","36.686","21.389","0.0068664528","1.28593911591815","0.504094652404774","19.48004964",
"9/15/2009","-51.875","-4.83955001831055","219","34.772","22.051","0.109863288","1.47552067733984","0.566571707322106","18.712244592",
"9/16/2009","-51.875","-4.83955001831055","219","35.434","23.653","0.06179796","1.85661051085522","0.548938541534136","21.96968004",
"9/17/2009","-51.875","-4.83955001831055","219","37.625","22.482","0.48065166","1.88916458258306","0.571696790705317","20.59228476",
"9/18/2009","-51.875","-4.83955001831055","219","36.189","22.023","0.11329668","1.52148116382752","0.606651741698592","18.0109665",
"9/19/2009","-51.875","-4.83955001831055","219","35.394","21.975","0.3673554264","1.68581403335602","0.653145121448725","18.925427592",
"9/20/2009","-51.875","-4.83955001831055","219","35.262","21.549","1.9088748","1.70922118260105","0.64503036374956","19.21995072",
"9/21/2009","-51.875","-4.83955001831055","219","36.682","22.831","0.0343323","2.18436959088373","0.5045009195921","25.39338246",
"9/22/2009","-51.875","-4.83955001831055","219","37.252","23.348","0.06179814","2.0650974117274","0.421279915189954","26.660189448",
"9/23/2009","-51.875","-4.83955001831055","219","37.747","21.946","0.44288676","1.7609863112037","0.515716562420951","25.722955728",
"9/24/2009","-51.875","-4.83955001831055","219","35.078","19.162","0.2162931912","1.01730799540802","0.574164914595649","20.07320418",
"9/25/2009","-51.875","-4.83955001831055","219","36.564","22.651","2.82897828","1.08441518950286","0.65611467467508","18.23062068",
"9/26/2009","-51.875","-4.83955001831055","219","38.812","23.053","8.64486864","1.05297737710388","0.67750390790705","10.277607708",
"9/27/2009","-51.875","-4.83955001831055","219","37.659","20.518","0","1.74273565253669","0.488845860484005","24.64425018",
"9/28/2009","-51.875","-4.83955001831055","219","37.261","24.104","0.0034332264","2.04077637678901","0.457587057824901","28.385603352",
"9/29/2009","-51.875","-4.83955001831055","219","38.455","24.938","0","1.30346773331804","0.419827835070704","18.87407082",
"9/30/2009","-51.875","-4.83955001831055","219","39.998","21.919","0.88920612","1.19639284196897","0.507788190370111","21.448465488",
"10/1/2009","-51.875","-4.83955001831055","219","36.668","21.229","0.762176736","1.67006200379869","0.567227369958262","19.41479352",
"10/2/2009","-51.875","-4.83955001831055","219","37.322","22.19","0","1.62011149533497","0.517099244416431","25.811832672",
"10/3/2009","-51.875","-4.83955001831055","219","38.638","23.572","0.078964344","1.75203574293055","0.391704964762118","28.147158072",
"10/4/2009","-51.875","-4.83955001831055","219","37.844","21.517","0.051498396","1.61523523896796","0.414106272082994","26.272237608",
"10/5/2009","-51.875","-4.83955001831055","219","38.192","24.071","0.8377056","1.58205437761672","0.474547044796205","14.48544024",
"10/6/2009","-51.875","-4.83955001831055","219","35.724","21.564","0.9149552064","1.48685412865506","0.623392618722687","19.947041208",
"10/7/2009","-51.875","-4.83955001831055","219","35.624","25.979","0","1.47809002453528","0.480468534518723","19.26484182",
"10/8/2009","-51.875","-4.83955001831055","219","34.833","24.519","0.048065184","1.69517530572466","0.489730992216081","18.628259472",
"10/9/2009","-51.875","-4.83955001831055","219","35.786","21.588","0.0514984464","1.00314980345349","0.57446954967115","17.0240643",
"10/10/2009","-51.875","-4.83955001831055","219","38.678","21.979","0","1.31913452840805","0.554556776092356","18.29937132",
"10/11/2009","-51.875","-4.83955001831055","219","37.218","23.926","0.0205993584","1.61073139097078","0.486262422784038","22.25935962",
"10/12/2009","-51.875","-4.83955001831055","219","32.391","22.455","1.34582508","1.66955326116369","0.70013279118916","11.87060202",
"10/13/2009","-51.875","-4.83955001831055","219","36.777","21.838","1.49345532","1.24576555387773","0.612969220724849","20.21675454",
"10/14/2009","-51.875","-4.83955001831055","219","36.021","21.092","0.7038108648","1.64190717353679","0.537075339878041","20.78341848",
"10/15/2009","-51.875","-4.83955001831055","219","33.453","22.724","31.76081028","1.69146316791835","0.71335662056746","26.163614628",
"10/16/2009","-51.875","-4.83955001831055","219","33.735","22.16","1.2084976368","1.26967972541208","0.678698168451949","12.25693512",
"10/17/2009","-51.875","-4.83955001831055","219","34.591","22.282","4.44260052","1.51025911802137","0.688521083606281","23.19923952",
"10/18/2009","-51.875","-4.83955001831055","219","36.166","21.681","0","1.15886141104389","0.582690837989798","19.49759604",
"10/19/2009","-51.875","-4.83955001831055","219","32.935","21.731","4.494098052","1.12612086074646","0.701701358003993","18.9156285",
"10/20/2009","-51.875","-4.83955001831055","219","34.218","21.092","5.11894116","1.6957003154778","0.694070298556332","25.7698719",
"10/21/2009","-51.875","-4.83955001831055","219","36.235","22.224","0.5424498","1.89356974727031","0.544151495176466","28.07392104",
"10/22/2009","-51.875","-4.83955001831055","219","37.273","21.699","0","1.75698344280796","0.447972397632538","28.60836336",
"10/23/2009","-51.875","-4.83955001831055","219","34.345","25.898","0","1.77371820533691","0.457149654826673","22.70120778",
"10/24/2009","-51.875","-4.83955001831055","219","37.902","23.469","0","1.90687986037253","0.471062544760744","21.23397792",
"10/25/2009","-51.875","-4.83955001831055","219","37.28","26.395","0.0308990664","1.56197386539055","0.506566780726356","18.2626308",
"10/26/2009","-51.875","-4.83955001831055","219","34.469","24.89","0.109863144","1.70412311278141","0.555485673911787","11.52702936",
"10/27/2009","-51.875","-4.83955001831055","219","34.667","23.244","3.60832338","1.24478221928483","0.661917857835142","21.65276718",
"10/28/2009","-51.875","-4.83955001831055","219","36.25","22.12","0.1785278304","1.38762885958457","0.678988089354516","17.95432464",
"10/29/2009","-51.875","-4.83955001831055","219","33.84","22.881","26.96116752","1.55083531868159","0.779812779644867","18.42102918",
"10/30/2009","-51.875","-4.83955001831055","219","28.847","22.873","26.54228916","1.39886812779772","0.92819948004466","22.52491542",
"10/31/2009","-51.875","-4.83955001831055","219","32.286","20.92","4.161075804","1.47073639363541","0.779682693083727","20.98614276",
"11/1/2009","-51.875","-4.83955001831055","219","33.202","20.603","0","1.47175807754398","0.629878948879347","25.31525796",
"11/2/2009","-51.875","-4.83955001831055","219","34.859","22.863","0","1.70432290494064","0.530422510410409","27.54449838",
"11/3/2009","-51.875","-4.83955001831055","219","37.508","22.425","0","1.47859336429703","0.5016738234773","23.08466556",
"11/4/2009","-51.875","-4.83955001831055","219","32.057","22.739","7.386590736","1.65657066085805","0.766800869239208","23.87384604",
"11/5/2009","-51.875","-4.83955001831055","219","31.344","22.228","5.348966616","2.10366302917616","0.750843267939087","21.4706808",
"11/6/2009","-51.875","-4.83955001831055","219","34.352","23.673","0.305557164","1.6510326033164","0.605886641982228","19.9959786",
"11/7/2009","-51.875","-4.83955001831055","219","34.075","24.299","2.6641860552","1.22141593342064","0.613105251873478","16.6344777",
"11/8/2009","-51.875","-4.83955001831055","219","37.598","21.817","4.68463986","1.21213611002353","0.702383654416982","24.00192864",
"11/9/2009","-51.875","-4.83955001831055","219","34.405","23.119","6.8647368744","1.50517653762257","0.720037935089487","18.08425692",
"11/10/2009","-51.875","-4.83955001831055","219","35.576","22.164","2.770614432","1.13782507716982","0.77475272731286","10.36557936",
"11/11/2009","-51.875","-4.83955001831055","219","33.974","23.327","0.090980496","1.54472856984429","0.675000900921512","21.30700266",
"11/12/2009","-51.875","-4.83955001831055","219","38.203","21.629","0.224876592","1.47856137154549","0.60823406703439","20.78341992",
"11/13/2009","-51.875","-4.83955001831055","219","34.484","23.384","1.129532004","1.75201076393612","0.602516464505854","27.35769168",
"11/14/2009","-51.875","-4.83955001831055","219","34.31","23.281","2.2590648216","1.6277339636149","0.737874376244523","4.9515174",
"11/15/2009","-51.875","-4.83955001831055","219","33.951","22.227","5.60131236","1.66194163664143","0.716834776283903","27.1387638",
"11/16/2009","-51.875","-4.83955001831055","219","34.002","23.238","0","1.72270103038039","0.579276785509762","19.08022428",
"11/17/2009","-51.875","-4.83955001831055","219","35.549","24.94","0","1.6988186361875","0.553467964402008","21.51185382",
"11/18/2009","-51.875","-4.83955001831055","219","34.413","24.102","0","1.55793535380009","0.509245924310535","19.68951816",
"11/19/2009","-51.875","-4.83955001831055","219","34.675","25.41","0.0308990304","1.57997581518946","0.531939410786525","15.14603934",
"11/20/2009","-51.875","-4.83955001831055","219","34.824","25.033","0.4943846016","1.52790519427698","0.541152657901076","17.07902298",
"11/21/2009","-51.875","-4.83955001831055","219","34.898","22.55","3.83405904","1.47628960423183","0.618266689156482","21.08891124",
"11/22/2009","-51.875","-4.83955001831055","219","37.367","25.395","0","1.58057411169443","0.435581416390141","24.4967616",
"11/23/2009","-51.875","-4.83955001831055","219","34.381","24.66","0","1.55171795787194","0.470274859043924","19.5008013",
"11/24/2009","-51.875","-4.83955001831055","219","35.872","23.505","0","1.65176394828394","0.48629706045665","20.99159928",
"11/25/2009","-51.875","-4.83955001831055","219","36.818","23.469","0.33988968","1.55566691398711","0.497556551771991","18.42120144",
"11/26/2009","-51.875","-4.83955001831055","219","35.671","23.801","0.0034332264","1.77698969782531","0.499668680146703","18.13899312",
"11/27/2009","-51.875","-4.83955001831055","219","37.217","22.168","0","1.82620244306287","0.468876440649442","23.79864168",
"11/28/2009","-51.875","-4.83955001831055","219","35.7","25.196","0","1.71878882977095","0.476120921017214","17.5050585",
"11/29/2009","-51.875","-4.83955001831055","219","34.511","23.807","0","1.52604558742317","0.5119781224419","16.45616646",
"11/30/2009","-51.875","-4.83955001831055","219","37.614","23.119","0.302124096","1.49683630892565","0.544376851214504","20.16399312",
"12/1/2009","-51.875","-4.83955001831055","219","34.336","24.097","0","1.52979322143371","0.6039255616975","19.96666974",
"12/2/2009","-51.875","-4.83955001831055","219","32.489","21.589","1.414489428","1.74229244057296","0.707253241325093","15.43105854",
"12/3/2009","-51.875","-4.83955001831055","219","34.422","21.477","4.4425927224","1.49892529094454","0.666929787351104","18.57082428",
"12/4/2009","-51.875","-4.83955001831055","219","33.227","21.896","2.523421152","1.69945644545008","0.727075844454393","21.08025522",
"12/5/2009","-51.875","-4.83955001831055","219","33.36","21.662","0.494385192","1.57340814183907","0.640561473331204","20.81120958",
"12/6/2009","-51.875","-4.83955001831055","219","30.9","22.99","5.9738186448","1.52299660072129","0.74068902757696","12.1992741",
"12/7/2009","-51.875","-4.83955001831055","219","30.941","22.686","12.081531744","1.36985133695881","0.873794989142002","18.99838188",
"12/8/2009","-51.875","-4.83955001831055","219","26.015","20.504","15.4666841904","1.04274692682901","0.956442045366003","6.66528876",
"12/9/2009","-51.875","-4.83955001831055","219","25.832","19.458","92.9820849192","0.658049072857412","0.962815181692432","6.236944632",
"12/10/2009","-51.875","-4.83955001831055","219","32.452","20.832","3.769684272","0.719508275750291","0.895393407114984","13.2930018",
"12/11/2009","-51.875","-4.83955001831055","219","28.125","21.672","146.58510708","0.767636107267103","0.924650537473245","9.01288062",
"12/12/2009","-51.875","-4.83955001831055","219","28.212","22.16","31.753915344","0.794933462342198","0.949346568083952","20.0094246",
"12/13/2009","-51.875","-4.83955001831055","219","26.195","22.952","15.14053998","0.77035371385263","0.959040570217181","17.98813368",
"12/14/2009","-51.875","-4.83955001831055","219","26.845","22.841","9.7743947616","0.8736857951936","0.958329378880739","15.34348314",
"12/15/2009","-51.875","-4.83955001831055","219","26.865","22.9","13.962933972","0.714901019672603","0.960345899903515","14.84909928",
"12/16/2009","-51.875","-4.83955001831055","219","27.427","20.574","37.04794164","0.52925281392964","0.960838329761966","7.90059186",
"12/17/2009","-51.875","-4.83955001831055","219","30.835","20.488","1.0986327504","1.34942294262165","0.798575664657661","16.65635382",
"12/18/2009","-51.875","-4.83955001831055","219","27.789","21.974","6.1145776728","1.41641176340597","0.877530842918858","20.4954723",
"12/19/2009","-51.875","-4.83955001831055","219","31.909","22.253","7.285308084","1.3574834541014","0.845393129410216","23.955921",
"12/20/2009","-51.875","-4.83955001831055","219","34.112","22.951","1.126099224","1.5958787348529","0.727681947051141","19.33897446",
"12/21/2009","-51.875","-4.83955001831055","219","25.855","22.371","67.095576684","1.02127145267198","0.970272966480496","7.55915427",
"12/22/2009","-51.875","-4.83955001831055","219","23.895","22.112","93.34942578","0.637551212838566","0.981834715515654","3.373930512",
"12/23/2009","-51.875","-4.83955001831055","219","30.47","22.285","11.00006424","1.21609489854107","0.892701184488842","20.19993516",
"12/24/2009","-51.875","-4.83955001831055","219","31.236","21.581","2.159500212","1.31853592522799","0.829053393572969","21.05989452",
"12/25/2009","-51.875","-4.83955001831055","219","31.592","21.11","10.673902836","1.12941035077817","0.879120516966244","25.95937302",
"12/26/2009","-51.875","-4.83955001831055","219","29.891","21.84","12.970740456","1.46749320215294","0.896332990318948","26.81133732",
"12/27/2009","-51.875","-4.83955001831055","219","30.009","22.026","5.448535452","1.46942081892509","0.853250669090299","16.3230786",
"12/28/2009","-51.875","-4.83955001831055","219","31.115","22.516","5.784989112","1.3972457835503","0.825787185925819","22.43058822",
"12/29/2009","-51.875","-4.83955001831055","219","32.364","21.572","8.95729356","1.33355460851206","0.786503634451642","22.72049676",
"12/30/2009","-51.875","-4.83955001831055","219","25.433","22.304","13.571552268","1.08355661990467","0.969733636621227","10.96953714",
"12/31/2009","-51.875","-4.83955001831055","219","30.892","22.067","3.9482106984","0.732763485546607","0.852753187189475","16.3477692",
"1/1/2010","-51.875","-4.83955001831055","219","23.49","20.942","90.4586746464","0.761349537442841","0.981354597306243","2.9124009",
"1/2/2010","-51.875","-4.83955001831055","219","25.304","21.196","9.173586924","0.895779442837803","0.966937493636138","8.67104676",
"1/3/2010","-51.875","-4.83955001831055","219","25.683","20.431","6.856154064","0.873205938635721","0.943305173391065","10.23474168",
"1/4/2010","-51.875","-4.83955001831055","219","25.917","19.43","10.9622935584","0.986086737750934","0.954746255372586","8.560740528",
"1/5/2010","-51.875","-4.83955001831055","219","27.629","19.234","6.0527791728","0.705854939846579","0.933201855413377","17.91146574",
"1/6/2010","-51.875","-4.83955001831055","219","27.398","21.941","9.7057314","0.797681914880032","0.960305656803992","16.01476146",
"1/7/2010","-51.875","-4.83955001831055","219","32.127","17.765","1.61533296","1.07195832066612","0.811765136979756","25.391529648",
"1/8/2010","-51.875","-4.83955001831055","219","30.305","21.413","6.68792574","1.73003233776821","0.831801351017989","23.382954072",
"1/9/2010","-51.875","-4.83955001831055","219","30.049","22.169","7.99084008","1.66076369124542","0.882556027460003","18.94100652",
"1/10/2010","-51.875","-4.83955001831055","219","27.901","22.356","10.430143488","1.16209404687898","0.939698360123058","18.29716812",
"1/11/2010","-51.875","-4.83955001831055","219","31.735","22.448","9.7589468592","1.33779519480273","0.873410566915772","21.63234888",
"1/12/2010","-51.875","-4.83955001831055","219","27.803","21.471","6.686210592","1.08884035148359","0.951897796245302","15.56882082",
"1/13/2010","-51.875","-4.83955001831055","219","28.821","22.504","5.0519940264","0.894069414796336","0.922403644211547","18.96912891",
"1/14/2010","-51.875","-4.83955001831055","219","28.921","21.827","6.686211744","1.22770615330681","0.902552241827836","22.81702338",
"1/15/2010","-51.875","-4.83955001831055","219","32.366","22.709","16.7816150784","1.03011542471093","0.880056969158595","23.074199082",
"1/16/2010","-51.875","-4.83955001831055","219","34.094","22.42","7.41233736","1.4703606199028","0.838050994608884","20.686781808",
"1/17/2010","-51.875","-4.83955001831055","219","34.358","21.25","2.8375626744","1.59626971124694","0.780397699031815","25.02309348",
"1/18/2010","-51.875","-4.83955001831055","219","27.988","22.863","13.57154424","1.32627314641438","0.947584089359524","26.76904002",
"1/19/2010","-51.875","-4.83955001831055","219","29.865","21.466","6.16951476","1.20832035192325","0.896179922905185","27.60232986",
"1/20/2010","-51.875","-4.83955001831055","219","29.412","21.598","9.405326916","0.964099614829444","0.930316480548294","20.41807716",
"1/21/2010","-51.875","-4.83955001831055","219","29.872","22.505","26.192116584","1.12736012099549","0.922605210992482","10.987480872",
"1/22/2010","-51.875","-4.83955001831055","219","26.78","22.788","33.0894432","0.798488921692451","0.969643320371918","15.64604928",
"1/23/2010","-51.875","-4.83955001831055","219","28.45","22.742","27.2529589464","0.819688565261973","0.950415309337407","20.9354607",
"1/24/2010","-51.875","-4.83955001831055","219","26.641","22.888","28.36188828","0.866924363265281","0.970105709095497","15.55469946",
"1/25/2010","-51.875","-4.83955001831055","219","25.806","22.437","15.610884444","0.877949429062531","0.974304020590647","13.28647194",
"1/26/2010","-51.875","-4.83955001831055","219","27.88","21.767","14.0212989864","0.914038368325402","0.946439088926333","19.22462118",
"1/27/2010","-51.875","-4.83955001831055","219","26.894","20.405","13.468560192","0.837986829464472","0.970492923527373","15.431970528",
"1/28/2010","-51.875","-4.83955001831055","219","26.221","22.45","11.957936184","0.552059931151935","0.97368758899764","10.120610052",
"1/29/2010","-51.875","-4.83955001831055","219","25.036","21.962","8.898921936","0.681007700665401","0.978272920171218","4.43964114",
"1/30/2010","-51.875","-4.83955001831055","219","26.2","22.526","120.866802048","0.773261850522465","0.960755615152577","7.380731862",
"1/31/2010","-51.875","-4.83955001831055","219","32.834","21.739","2.598950592","1.34243298394764","0.836573992410937","22.5375156",
"2/1/2010","-51.875","-4.83955001831055","219","27.451","23.136","14.4590401224","1.22391865827364","0.966201934445072","21.14921691",
"2/2/2010","-51.875","-4.83955001831055","219","26.908","22.736","9.1615701888","0.885496276059132","0.969632047236107","14.39426547",
"2/3/2010","-51.875","-4.83955001831055","219","27.194","22.929","8.29640034","0.94781789805063","0.964399114989308","20.6735085",
"2/4/2010","-51.875","-4.83955001831055","219","32.706","22.717","0.3424643712","1.40563748115023","0.811808302234616","21.10421592",
"2/5/2010","-51.875","-4.83955001831055","219","34.394","20.265","0.629997516","1.47814322026107","0.728036093212823","26.96181138",
"2/6/2010","-51.875","-4.83955001831055","219","31.543","21.431","12.2291568792","1.07877009879843","0.896190269264598","27.062831088",
"2/7/2010","-51.875","-4.83955001831055","219","29.025","23.758","11.0953368","0.858117552363238","0.929679505750094","16.907122692",
"2/8/2010","-51.875","-4.83955001831055","219","23.793","21.735","9.792422172","1.07963082822396","0.978098375340372","2.47488732",
"2/9/2010","-51.875","-4.83955001831055","219","32.236","20.819","3.1414021056","1.28606160303021","0.875710352517779","24.33476196",
"2/10/2010","-51.875","-4.83955001831055","219","28.665","21.947","13.9440564648","1.12938017425823","0.940638492012587","19.81788984",
"2/11/2010","-51.875","-4.83955001831055","219","26.565","21.716","14.3234281584","0.631315007266587","0.972210004588351","14.32006794",
"2/12/2010","-51.875","-4.83955001831055","219","24.381","23.109","43.82343396","1.01495294447983","0.979332951022857","2.22271884",
"2/13/2010","-51.875","-4.83955001831055","219","31.278","21.398","3.3628506336","1.73560230893582","0.847990130716098","24.76828458",
"2/14/2010","-51.875","-4.83955001831055","219","25.714","20.776","8.6036685552","0.899755733121403","0.964276522746607","8.20558638",
"2/15/2010","-51.875","-4.83955001831055","219","28.581","20.249","17.366974344","0.923419815570411","0.941839977562313","25.96460706",
"2/16/2010","-51.875","-4.83955001831055","219","26.579","22.917","10.06793874","0.991197183643715","0.966439456458414","14.51092464",
"2/17/2010","-51.875","-4.83955001831055","219","29.063","21.613","14.911365384","0.881351863757702","0.927912341611244","18.812472732",
"2/18/2010","-51.875","-4.83955001831055","219","31.883","21.281","3.644367264","1.37802267645491","0.820426012625007","22.733552448",
"2/19/2010","-51.875","-4.83955001831055","219","33.405","21.831","3.09505464","1.51688563303648","0.792767513223439","28.628048088",
"2/20/2010","-51.875","-4.83955001831055","219","31.473","21.535","10.0336086","1.1451321361133","0.880577255310151","27.427385088",
"2/21/2010","-51.875","-4.83955001831055","219","24.309","22.75","26.75683062","0.683141422540414","0.980208095214712","0.873619002",
"2/22/2010","-51.875","-4.83955001831055","219","29.738","22.382","34.0524324","1.01298944261974","0.924108741348447","13.3339977",
"2/23/2010","-51.875","-4.83955001831055","219","29.823","22.495","3.8400644304","1.31871470747872","0.889700728261935","26.46218997",
"2/24/2010","-51.875","-4.83955001831055","219","33.394","22.894","10.208700324","1.35328560312456","0.863206968182469","26.38057113",
"2/25/2010","-51.875","-4.83955001831055","219","34.582","22.526","1.9964221056","1.19971573353795","0.818913805599775","26.7393339",
"2/26/2010","-51.875","-4.83955001831055","219","28.734","22.198","9.8482187592","1.12173300577651","0.929251851844166","24.55458066",
"2/27/2010","-51.875","-4.83955001831055","219","31.615","22.974","13.035962736","1.3526231691545","0.885163500222542","23.05984959",
"2/28/2010","-51.875","-4.83955001831055","219","26.936","23.311","11.6231868504","1.10239428551779","0.953938791616954","15.90992082",
"3/1/2010","-51.875","-4.83955001831055","219","31.25","23.218","9.48944124","1.3690174458187","0.877443259342551","25.50734586",
"3/2/2010","-51.875","-4.83955001831055","219","32.108","21.907","2.64186828","1.42101295180686","0.813649887656744","27.742386168",
"3/3/2010","-51.875","-4.83955001831055","219","31.149","21.499","1.09519956","1.30236146078532","0.790289673237994","21.54808008",
"3/4/2010","-51.875","-4.83955001831055","219","35.131","21.521","0.0137329056","1.46267855670004","0.673538851946269","28.710221832",
"3/5/2010","-51.875","-4.83955001831055","219","30.984","22.67","5.5051781904","1.29460073430081","0.866787256728223","28.233225648",
"3/6/2010","-51.875","-4.83955001831055","219","31.173","22.284","6.65530884","1.29429816020908","0.867188312429312","26.38513422",
"3/7/2010","-51.875","-4.83955001831055","219","32.385","19.953","3.5465256","1.54536292733953","0.827412809231612","25.339720968",
"3/8/2010","-51.875","-4.83955001831055","219","33.459","22.761","1.4659871904","1.78786199352108","0.779644581615262","23.18303898",
"3/9/2010","-51.875","-4.83955001831055","219","35.007","22.439","0.02059938","1.34473021813137","0.684088781686317","23.01575463",
"3/10/2010","-51.875","-4.83955001831055","219","35.502","22.748","0","1.6979783230845","0.64064291500572","28.474595352",
"3/11/2010","-51.875","-4.83955001831055","219","31.59","23.01","4.5387299664","1.39839931373577","0.848883598141081","20.0397924",
"3/12/2010","-51.875","-4.83955001831055","219","33.907","22.695","1.1346820704","1.03618365042077","0.834392285291158","18.0420804",
"3/13/2010","-51.875","-4.83955001831055","219","33.589","22.604","3.9791122128","1.26652198407275","0.854402286670855","24.27366852",
"3/14/2010","-51.875","-4.83955001831055","219","30.823","22.522","3.3302304","1.64349292014727","0.846837956745898","21.97361088",
"3/15/2010","-51.875","-4.83955001831055","219","33.301","21.997","2.53200384","1.64993910183553","0.793533218573182","27.4228839",
"3/16/2010","-51.875","-4.83955001831055","219","34.399","22.185","11.41891524","1.40528997558982","0.819599093718314","24.598238112",
"3/17/2010","-51.875","-4.83955001831055","219","33.502","23.575","9.1632849768","1.53122515062561","0.885486234022931","18.85601592",
"3/18/2010","-51.875","-4.83955001831055","219","33.093","23.434","5.9394828456","1.76399658207707","0.821699436948589","24.65499591",
"3/19/2010","-51.875","-4.83955001831055","219","33.683","23.001","0.5252840568","1.6119275875649","0.756785248717897","22.66075188",
"3/20/2010","-51.875","-4.83955001831055","219","30.037","22.275","6.1008465384","1.30217158998961","0.887090646452609","21.590319438",
"3/21/2010","-51.875","-4.83955001831055","219","28.825","22.535","11.68670952","1.32402788244364","0.946550641497082","18.23202243",
"3/22/2010","-51.875","-4.83955001831055","219","33.268","21.355","0.7244112528","1.63415203242005","0.805902453201044","25.113652632",
"3/23/2010","-51.875","-4.83955001831055","219","27.146","21.31","7.728194628","1.04111741275928","0.951860714095552","14.14051749",
"3/24/2010","-51.875","-4.83955001831055","219","31.569","21.664","15.8014273464","1.11794932265616","0.929210266161613","20.29151754",
"3/25/2010","-51.875","-4.83955001831055","219","26.326","22.78","84.972376476","0.746525403512397","0.971272926651154","5.399664462",
"3/26/2010","-51.875","-4.83955001831055","219","32.027","22.858","2.770614036","1.07451129291919","0.896178942885153","20.562913008",
"3/27/2010","-51.875","-4.83955001831055","219","30.995","23.505","6.17637402","1.17071412463327","0.875814523902362","24.9135759",
"3/28/2010","-51.875","-4.83955001831055","219","24.597","23.343","74.3431824","0.83080024078158","0.981246757229926","1.912106232",
"3/29/2010","-51.875","-4.83955001831055","219","29.274","22.808","10.43014248","1.07143975132514","0.923564215822683","20.9191554",
"3/30/2010","-51.875","-4.83955001831055","219","28.05","23.086","14.162064084","0.895340695424289","0.956441630345059","18.554913738",
"3/31/2010","-51.875","-4.83955001831055","219","32.067","21.6","0.549316404","1.21479926820493","0.851658266074482","15.92735409",
"4/1/2010","-51.875","-4.83955001831055","219","27.985","23.446","13.9509205992","0.670007522436351","0.961644593908224","18.0647505",
"4/2/2010","-51.875","-4.83955001831055","219","25.9","22.312","14.60581308","0.896781313886511","0.973462532048392","8.92805724",
"4/3/2010","-51.875","-4.83955001831055","219","30.164","21.716","7.716175056","0.658131009380863","0.934357303886749","15.523091208",
"4/4/2010","-51.875","-4.83955001831055","219","32.245","23.024","1.024818732","1.47461793498224","0.81594269497164","22.80307338",
"4/5/2010","-51.875","-4.83955001831055","219","33.84","22.407","4.973033556","1.58557369323528","0.785856173626444","26.88969888",
"4/6/2010","-51.875","-4.83955001831055","219","31.947","22.494","16.687205388","0.652834937909206","0.927351132917312","22.70553552",
"4/7/2010","-51.875","-4.83955001831055","219","28.392","23.094","16.96100184","1.04962643203112","0.936834425853112","19.385555472",
"4/8/2010","-51.875","-4.83955001831055","219","24.003","22.117","106.787106","0.962575019104419","0.98223984351102","2.02196232",
"4/9/2010","-51.875","-4.83955001831055","219","28.022","22.215","12.32185032","0.732483204961865","0.957302095167723","14.98843251",
"4/10/2010","-51.875","-4.83955001831055","219","25.11","23.033","19.5436458","0.654432862660534","0.977858185344069","5.47194834",
"4/11/2010","-51.875","-4.83955001831055","219","31.617","22.437","102.52646802","0.768215924143798","0.936679559991969","15.30703044",
"4/12/2010","-51.875","-4.83955001831055","219","24.216","22.863","129.872124","1.17186544978883","0.981257073054785","2.351137932",
"4/13/2010","-51.875","-4.83955001831055","219","28.49","22.484","3.936195972","1.3374316243814","0.923765816685002","14.521272408",
"4/14/2010","-51.875","-4.83955001831055","219","27.795","22.19","6.9102332784","1.20512417762294","0.963342808469862","15.32497536",
"4/15/2010","-51.875","-4.83955001831055","219","31.26","22.55","4.9198136184","1.34856828490258","0.874866833998196","20.3712165",
"4/16/2010","-51.875","-4.83955001831055","219","31.692","22.593","6.416698824","1.14061598197672","0.900749464161817","19.110092148",
"4/17/2010","-51.875","-4.83955001831055","219","29.999","22.06","13.0909012848","0.91317954390221","0.935908046444954","21.1922451",
"4/18/2010","-51.875","-4.83955001831055","219","30.795","23.472","14.47534908","1.20328615565624","0.940138423528473","11.046091968",
"4/19/2010","-51.875","-4.83955001831055","219","27.382","23.699","16.5224036664","0.975020108922897","0.966667734855077","23.7648924",
"4/20/2010","-51.875","-4.83955001831055","219","27.864","23.174","13.181018544","0.947848908263535","0.963366565791498","24.13001988",
"4/21/2010","-51.875","-4.83955001831055","219","27.848","23.893","9.348680412","0.880099007590481","0.955942688672869","17.79682374",
"4/22/2010","-51.875","-4.83955001831055","219","30.789","23.066","3.41091126","0.952127601311185","0.921943141602166","19.700603352",
"4/23/2010","-51.875","-4.83955001831055","219","33.508","23.533","0.7123948344","1.21448281481628","0.80145292658973","21.905999028",
"4/24/2010","-51.875","-4.83955001831055","219","31.754","23.333","2.85644538","1.28854039662688","0.828826012108301","21.95178786",
"4/25/2010","-51.875","-4.83955001831055","219","33.527","22.133","0.8033744304","1.50843198840863","0.757265414723839","24.97707954",
"4/26/2010","-51.875","-4.83955001831055","219","32.042","23.393","2.205846684","1.45229808311105","0.798614740147382","23.88599676",
"4/27/2010","-51.875","-4.83955001831055","219","34.681","21.773","0.072097812","1.26013428172565","0.755900790885151","19.65116124",
"4/28/2010","-51.875","-4.83955001831055","219","34.469","23.124","0.1407623688","1.23464071000348","0.701887723198684","25.1177049",
"4/29/2010","-51.875","-4.83955001831055","219","30.854","22.741","4.1284554624","0.980972635764347","0.811981707146068","21.47985288",
"4/30/2010","-51.875","-4.83955001831055","219","26.501","21.049","16.556737392","0.928444690160177","0.971273697122739","16.98266538",
"5/1/2010","-51.875","-4.83955001831055","219","29.708","20.798","3.608325864","0.604895526536337","0.93851246973602","13.08054402",
"5/2/2010","-51.875","-4.83955001831055","219","27.755","22.394","9.7503642","0.865153729586168","0.955889477672596","22.82084622",
"5/3/2010","-51.875","-4.83955001831055","219","32.368","22.535","4.4357294088","0.999735090556913","0.854331510763502","18.89723934",
"5/4/2010","-51.875","-4.83955001831055","219","30.166","21.84","3.192899328","0.752780884144061","0.880798619648213","17.42349366",
"5/5/2010","-51.875","-4.83955001831055","219","33.448","22.807","0.8445726","0.851421517749759","0.793488195257786","18.71054838",
"5/6/2010","-51.875","-4.83955001831055","219","31.582","21.294","9.7915707","0.956684457980976","0.877492551431558","23.18928894",
"5/7/2010","-51.875","-4.83955001831055","219","30.521","20.796","4.653743508","0.734285699367084","0.927073467321998","13.04763732",
"5/8/2010","-51.875","-4.83955001831055","219","32.379","22.532","0.6231308328","1.03278235494089","0.829691623304648","14.1766299",
"5/9/2010","-51.875","-4.83955001831055","219","34.047","21.581","0","1.09294081861469","0.735232382695809","20.66461884",
"5/10/2010","-51.875","-4.83955001831055","219","35.186","19.777","0","0.77841614051273","0.696170883598769","24.72210126",
"5/11/2010","-51.875","-4.83955001831055","219","33.466","22.74","11.4000302088","0.901268904245195","0.81492419190962","17.45516682",
"5/12/2010","-51.875","-4.83955001831055","219","29.977","21.039","4.0374762048","0.676594281376367","0.906365736486262","16.70399964",
"5/13/2010","-51.875","-4.83955001831055","219","28.754","20.696","7.072448544","0.837183771069757","0.949099322489046","13.76330796",
"5/14/2010","-51.875","-4.83955001831055","219","32.32","21.78","3.4847235288","0.809533981689858","0.886901714402195","16.909423632",
"5/15/2010","-51.875","-4.83955001831055","219","32.945","20.696","0.0343322856","1.24148792013646","0.81392466778938","21.40656264",
"5/16/2010","-51.875","-4.83955001831055","219","34.083","19.739","0.89950536","0.911679040538125","0.804336142445629","23.19839568",
"5/17/2010","-51.875","-4.83955001831055","219","33.708","23.028","0.4840851888","0.820637528398707","0.788215645933983","18.48982806",
"5/18/2010","-51.875","-4.83955001831055","219","34.58","18.851","0","0.959898207298431","0.692946293273451","18.90860454",
"5/19/2010","-51.875","-4.83955001831055","219","35.181","19.471","0","0.690248109793626","0.736726510956102","23.76084816",
"5/20/2010","-51.875","-4.83955001831055","219","35.558","20.667","0.0068664528","0.897219209243402","0.717543676810361","21.77651016",
"5/21/2010","-51.875","-4.83955001831055","219","30.305","21.389","5.225373684","0.709466258764668","0.83831045443476","23.49186408",
"5/22/2010","-51.875","-4.83955001831055","219","28.594","22.6","15.6726864","0.970388970556083","0.94532807524806","19.5757884",
"5/23/2010","-51.875","-4.83955001831055","219","30.574","20.363","4.08554388","0.675627470078569","0.911222096400649","16.2768375",
"5/24/2010","-51.875","-4.83955001831055","219","33.219","20.445","0.127029456","1.11391223793164","0.778154415067732","22.32545652",
"5/25/2010","-51.875","-4.83955001831055","219","34.909","21.551","0","1.3570957583929","0.6825701106608","23.08032954",
"5/26/2010","-51.875","-4.83955001831055","219","34.218","20.363","0.034332264","1.28909491654188","0.684867504277418","16.98147918",
"5/27/2010","-51.875","-4.83955001831055","219","34.954","21.67","0.02059938","1.25951631221589","0.688609325112821","19.3162491",
"5/28/2010","-51.875","-4.83955001831055","219","33.024","19.866","2.2178643408","1.28141511172046","0.806373231278316","23.06272212",
"5/29/2010","-51.875","-4.83955001831055","219","32.74","22.112","2.41355592","1.11447141503195","0.879132606116153","15.7786344",
"5/30/2010","-51.875","-4.83955001831055","219","30.379","20.565","0.1098633456","1.13529269169749","0.824021286188471","12.70620072",
"5/31/2010","-51.875","-4.83955001831055","219","27.454","19.916","10.32886134","0.803072398578001","0.957496297596547","8.79260526",
"6/1/2010","-51.875","-4.83955001831055","219","28.883","21.234","1.4453892","0.961437682500375","0.91303811733786","13.50303822",
"6/2/2010","-51.875","-4.83955001831055","219","33.482","21.308","0.16136172","1.13538656459813","0.744404074411287","23.092767",
"6/3/2010","-51.875","-4.83955001831055","219","29.475","21.932","3.0487034304","1.13681418492829","0.798714558114852","7.93630854",
"6/4/2010","-51.875","-4.83955001831055","219","29.528","19.895","3.68900496","1.34705063713153","0.851585831161065","23.03792766",
"6/5/2010","-51.875","-4.83955001831055","219","30.974","21.312","2.84700312","1.18393159988763","0.81856877473899","21.85278912",
"6/6/2010","-51.875","-4.83955001831055","219","33.147","21.33","0.1579286952","0.941062811097615","0.761196298545251","20.10650976",
"6/7/2010","-51.875","-4.83955001831055","219","31.403","19.467","4.76532396","0.918702569821699","0.873743842220278","22.94618238",
"6/8/2010","-51.875","-4.83955001831055","219","33.271","21.401","0.9698865984","1.17167569876915","0.766491784614584","16.60742208",
"6/9/2010","-51.875","-4.83955001831055","219","32.837","21.453","2.1423359592","1.35406965908378","0.773217731473691","15.78656412",
"6/10/2010","-51.875","-4.83955001831055","219","32.646","21.565","2.097702","1.40175158909125","0.824074457296962","17.40572496",
"6/11/2010","-51.875","-4.83955001831055","219","32.208","21","0.84629088","1.27067886859983","0.758469993872671","18.17262558",
"6/12/2010","-51.875","-4.83955001831055","219","32.42","20.866","0","1.33707112947549","0.639464362258269","17.79581826",
"6/13/2010","-51.875","-4.83955001831055","219","33.748","21.177","0","1.44066460475301","0.611154713428606","18.1696545",
"6/14/2010","-51.875","-4.83955001831055","219","34.263","21.876","0.753592932","1.508076960732","0.62137388299255","16.52388732",
"6/15/2010","-51.875","-4.83955001831055","219","33.874","21.644","0","1.72679802544512","0.583431675685485","20.55897504",
"6/16/2010","-51.875","-4.83955001831055","219","33.869","20.963","0","1.6796474102155","0.569423085108878","22.58442486",
"6/17/2010","-51.875","-4.83955001831055","219","34.248","19.415","0","1.16124574436878","0.649369090246019","16.6835808",
"6/18/2010","-51.875","-4.83955001831055","219","33.253","20.975","0","1.33997642687514","0.609379061383357","15.34162518",
"6/19/2010","-51.875","-4.83955001831055","219","31.266","22.796","0.3124239696","1.0681732273454","0.679507452972658","17.37033174",
"6/20/2010","-51.875","-4.83955001831055","219","33.94","22.006","0.7587434664","1.1237939471534","0.732918262454023","19.4067",
"6/21/2010","-51.875","-4.83955001831055","219","34.918","18.342","0","1.00798231017477","0.645922260795576","19.87875414",
"6/22/2010","-51.875","-4.83955001831055","219","31.766","23.67","2.1080012184","1.02581923141629","0.721145081504546","18.9944424",
"6/23/2010","-51.875","-4.83955001831055","219","30.946","21.012","0.0446319576","0.937293395796973","0.772832490107124","13.5910647",
"6/24/2010","-51.875","-4.83955001831055","219","33.624","18.556","0.384522012","1.45506704178255","0.667452767090222","23.18298642",
"6/25/2010","-51.875","-4.83955001831055","219","32.844","21.806","0.242042724","1.61112869563272","0.674791421069802","12.87377082",
"6/26/2010","-51.875","-4.83955001831055","219","32.763","19.044","0","1.80413883640132","0.557502452154632","23.7683781",
"6/27/2010","-51.875","-4.83955001831055","219","32.694","19.063","0","1.80406950657773","0.550055408315483","23.8326732",
"6/28/2010","-51.875","-4.83955001831055","219","33.943","20.051","0","1.64098018738286","0.566944819489073","23.52684618",
"6/29/2010","-51.875","-4.83955001831055","219","34.493","20.778","0","1.64214339675189","0.515389275130417","23.57275104",
"6/30/2010","-51.875","-4.83955001831055","219","33.656","21.677","0","1.55353643114738","0.56283373711195","15.73396632",
"7/1/2010","-51.875","-4.83955001831055","219","32.426","20.429","0","1.533222965738","0.61860174544942","19.27710072",
"7/2/2010","-51.875","-4.83955001831055","219","32.475","20.252","0","1.28688137950702","0.57424199043353","16.51539312",
"7/3/2010","-51.875","-4.83955001831055","219","34.619","21.539","0","1.6325144509532","0.515305650413368","23.21549712",
"7/4/2010","-51.875","-4.83955001831055","219","34.617","21.191","0","1.41701564518172","0.512000111343161","18.41258952",
"7/5/2010","-51.875","-4.83955001831055","219","34.051","22.368","0","1.69835191253045","0.573991035038488","17.8543719",
"7/6/2010","-51.875","-4.83955001831055","219","34.299","21.181","0","1.73781229569165","0.515951917662471","23.36878026",
"7/7/2010","-51.875","-4.83955001831055","219","34.384","21.501","0","1.65307279453535","0.537978922489086","22.92147828",
"7/8/2010","-51.875","-4.83955001831055","219","34.278","19.71","0","1.33841851026258","0.561592951491343","23.73946596",
"7/9/2010","-51.875","-4.83955001831055","219","34.465","19.845","0","1.31741412047085","0.592388074706764","23.30464896",
"7/10/2010","-51.875","-4.83955001831055","219","33.11","18.26","0","0.97215246983468","0.654321965948306","20.12157324",
"7/11/2010","-51.875","-4.83955001831055","219","34.138","19.316","0","1.29945232246113","0.633928294956872","17.05235778",
"7/12/2010","-51.875","-4.83955001831055","219","33.507","20.85","0","1.3321145850362","0.68148669585379","18.23911992",
"7/13/2010","-51.875","-4.83955001831055","219","34.164","20.706","0","1.10721603842367","0.640868730634965","11.41414056",
"7/14/2010","-51.875","-4.83955001831055","219","35.009","18.932","0","1.27724203787124","0.623508192118298","18.08949222",
"7/15/2010","-51.875","-4.83955001831055","219","29.306","22.732","4.411700604","1.07283698759727","0.812384738814976","12.924788112",
"7/16/2010","-51.875","-4.83955001831055","219","33.013","22.112","0","1.35784557093163","0.697580196112665","21.0730554",
"7/17/2010","-51.875","-4.83955001831055","219","33.226","20.39","0.4325867064","1.00313663626554","0.712463873324167","8.74209636",
"7/18/2010","-51.875","-4.83955001831055","219","33.764","22.887","0.085830696","0.822634914032873","0.710669397112885","8.6407299",
"7/19/2010","-51.875","-4.83955001831055","219","30.703","20.72","11.78970624","1.00205016480745","0.874139958368323","11.68723062",
"7/20/2010","-51.875","-4.83955001831055","219","32.24","20.515","0.2128600944","1.08129061962941","0.800073088260737","16.56129348",
"7/21/2010","-51.875","-4.83955001831055","219","34.14","19.378","0.068664564","1.07969185504268","0.655781827727932","22.55839218",
"7/22/2010","-51.875","-4.83955001831055","219","34.383","20.831","0","1.22736572173072","0.569127198987417","19.94108058",
"7/23/2010","-51.875","-4.83955001831055","219","34.818","20.335","0","1.37578698703623","0.552840966056916","20.83044312",
"7/24/2010","-51.875","-4.83955001831055","219","35.312","18.541","0","1.30190864032973","0.509302909971991","24.83730036",
"7/25/2010","-51.875","-4.83955001831055","219","34.763","18.578","0","1.19867300770667","0.491623961924812","21.11191794",
"7/26/2010","-51.875","-4.83955001831055","219","35.289","20.252","0","1.6254252079952","0.453340028187794","24.60155508",
"7/27/2010","-51.875","-4.83955001831055","219","35.151","19.899","0","1.38508859996185","0.480803333722577","23.14957356",
"7/28/2010","-51.875","-4.83955001831055","219","34.726","20.941","0","1.58692492326209","0.488794267592948","24.66483336",
"7/29/2010","-51.875","-4.83955001831055","219","35.543","21.388","0","1.30688901087323","0.448387895898526","24.22372014",
"7/30/2010","-51.875","-4.83955001831055","219","33.626","21.786","0","1.53927627522541","0.519656859435991","18.79008588",
"7/31/2010","-51.875","-4.83955001831055","219","35.085","19.793","0","1.56353121422565","0.473142188791898","24.9947442",
"8/1/2010","-51.875","-4.83955001831055","219","34.813","21.168","0","1.85195848214576","0.428756628351311","25.32566556",
"8/2/2010","-51.875","-4.83955001831055","219","35.454","19.988","0","1.56193028308544","0.421645999305676","24.94383156",
"8/3/2010","-51.875","-4.83955001831055","219","36.58","18.448","0","1.34382582699806","0.453330903996881","25.05183804",
"8/4/2010","-51.875","-4.83955001831055","219","35.651","20.874","0","1.49165574171543","0.452754850791831","24.617529",
"8/5/2010","-51.875","-4.83955001831055","219","35.747","16.942","0","1.17864939140726","0.460555068503111","25.4161062",
"8/6/2010","-51.875","-4.83955001831055","219","35.927","20.537","0","1.46452488769764","0.424111578436319","25.43889618",
"8/7/2010","-51.875","-4.83955001831055","219","34.344","21.33","0","1.35870994100981","0.537768074014245","24.86475234",
"8/8/2010","-51.875","-4.83955001831055","219","35.705","22.359","0.0068664528","1.39211893753135","0.521953852259904","25.32340854",
"8/9/2010","-51.875","-4.83955001831055","219","35.571","18.305","0","1.33196713090844","0.533011585021278","25.61259492",
"8/10/2010","-51.875","-4.83955001831055","219","36.185","17.017","0","1.29455939043015","0.453354176745409","25.92101538",
"8/11/2010","-51.875","-4.83955001831055","219","36.559","19.972","0","1.60771033696992","0.423258965500643","25.85412396",
"8/12/2010","-51.875","-4.83955001831055","219","35.135","20.576","0","1.94491105467846","0.427120759275195","26.04358242",
"8/13/2010","-51.875","-4.83955001831055","219","36.297","18.664","0","1.59936915832355","0.400402048642071","26.44858458",
"8/14/2010","-51.875","-4.83955001831055","219","36.014","18.621","0","1.40704897772358","0.423932862178501","26.33315112",
"8/15/2010","-51.875","-4.83955001831055","219","38.691","15.522","0","1.01197937700974","0.47249677232408","26.4780036",
"8/16/2010","-51.875","-4.83955001831055","219","35.773","21.032","0","1.14915692359046","0.511506481519009","14.851739268",
"8/17/2010","-51.875","-4.83955001831055","219","34.556","21.182","2.331162324","1.37740444061953","0.72951160578935","11.94912558",
"8/18/2010","-51.875","-4.83955001831055","219","31.429","21.693","6.389244324","1.25490466353806","0.868327559783027","16.507735992",
"8/19/2010","-51.875","-4.83955001831055","219","35.148","20.774","0","1.40364089911805","0.679015967251292","20.36840094",
"8/20/2010","-51.875","-4.83955001831055","219","34.976","19.207","0","1.64292810159082","0.497642200776474","26.31104676",
"8/21/2010","-51.875","-4.83955001831055","219","35.909","20.747","0","1.51076469178791","0.441299385746572","26.24097312",
"8/22/2010","-51.875","-4.83955001831055","219","36.524","20.498","0","1.21881387039296","0.497338707407587","22.84548768",
"8/23/2010","-51.875","-4.83955001831055","219","35.472","21.734","0","1.50606021833009","0.593801099221246","20.30810418",
"8/24/2010","-51.875","-4.83955001831055","219","35.127","21.551","0.17166132","1.39038280256094","0.628968074069675","19.756517112",
"8/25/2010","-51.875","-4.83955001831055","219","35.239","21.17","1.431655704","1.36337534379968","0.643435256998668","21.463931808",
"8/26/2010","-51.875","-4.83955001831055","219","34.848","21.615","0.47035188","1.5432180445563","0.656803956932194","18.82957698",
"8/27/2010","-51.875","-4.83955001831055","219","35.774","20.968","0","1.41105180765885","0.578581313560934","17.00560728",
"8/28/2010","-51.875","-4.83955001831055","219","36.708","22.048","0","1.72796351180201","0.564873214946156","21.15034056",
"8/29/2010","-51.875","-4.83955001831055","219","35.574","22.576","0.0068664528","1.82826625098255","0.612423423225869","18.55135998",
"8/30/2010","-51.875","-4.83955001831055","219","35.922","22.341","0","1.87230648505875","0.5433684091144","23.91125544",
"8/31/2010","-51.875","-4.83955001831055","219","34.353","22.682","0","1.68143807032171","0.565181658213762","17.525362392",
"9/1/2010","-51.875","-4.83955001831055","219","35.488","21.351","0.44288622","1.53977404704602","0.621763158204665","19.822618728",
"9/2/2010","-51.875","-4.83955001831055","219","37.018","19.924","0","1.4852919094122","0.551249528111237","22.72938624",
"9/3/2010","-51.875","-4.83955001831055","219","37.508","18.922","0","1.35255920244644","0.468139013260439","27.54939924",
"9/4/2010","-51.875","-4.83955001831055","219","37.281","21.169","0","1.26588329502052","0.517998584176844","27.233835552",
"9/5/2010","-51.875","-4.83955001831055","219","36.406","18.319","0","1.67704875070863","0.50769575861805","25.43372658",
"9/6/2010","-51.875","-4.83955001831055","219","36.581","22.135","0","1.43717467160322","0.559530191548368","25.006955832",
"9/7/2010","-51.875","-4.83955001831055","219","35.896","20.409","0.95443776","1.37653375485635","0.610495996681048","19.68332742",
"9/8/2010","-51.875","-4.83955001831055","219","36.276","22.893","0","1.59197580333243","0.564158514056879","21.8539683",
"9/9/2010","-51.875","-4.83955001831055","219","34.469","23.238","0.171661068","1.86026497818093","0.576305962634686","19.5747759",
"9/10/2010","-51.875","-4.83955001831055","219","37.712","21.902","0.0549316584","1.93880697854851","0.489118947653971","22.040379648",
"9/11/2010","-51.875","-4.83955001831055","219","34.216","21.648","0.1029969","1.31753319216494","0.558533443040691","15.14064564",
"9/12/2010","-51.875","-4.83955001831055","219","31.98","19.585","0.4806516168","1.47146612981334","0.724945581874417","15.85091646",
"9/13/2010","-51.875","-4.83955001831055","219","37.012","18.196","0","1.34570839588642","0.594812555905114","24.017171832",
"9/14/2010","-51.875","-4.83955001831055","219","39.391","23.48","0","1.41551975305049","0.463193168218786","20.613201408",
"9/15/2010","-51.875","-4.83955001831055","219","36.434","22.562","0","2.06767209900474","0.470148286932027","24.848093952",
"9/16/2010","-51.875","-4.83955001831055","219","36.932","23.27","0","1.92870508700799","0.552378141472709","18.98021412",
"9/17/2010","-51.875","-4.83955001831055","219","37.059","23.377","0.0343322928","2.20624864887646","0.506978623656151","23.624835552",
"9/18/2010","-51.875","-4.83955001831055","219","37.314","22.931","0","1.74304414373614","0.533197495348766","24.128435808",
"9/19/2010","-51.875","-4.83955001831055","219","38.357","22.87","0","2.19783319429102","0.498162745453423","25.4624616",
"9/20/2010","-51.875","-4.83955001831055","219","37.698","23.479","0","2.12816298325238","0.460295456323665","24.4290348",
"9/21/2010","-51.875","-4.83955001831055","219","33.93","24.268","1.37672424","1.85249427264447","0.540068799317059","21.646966032",
"9/22/2010","-51.875","-4.83955001831055","219","35.417","24.524","0","1.66852446812972","0.533278455813709","20.11162752",
"9/23/2010","-51.875","-4.83955001831055","219","38.26","23.88","0","1.80573789894335","0.41951632395326","27.829467",
"9/24/2010","-51.875","-4.83955001831055","219","39.492","23.171","0","1.92498163246753","0.431948053292175","26.62846992",
"9/25/2010","-51.875","-4.83955001831055","219","39.333","24.065","0","2.10798598632974","0.446923557827487","21.13638624",
"9/26/2010","-51.875","-4.83955001831055","219","38.591","24.653","0.00686646","2.17269143393314","0.451856280704865","25.5789063",
"9/27/2010","-51.875","-4.83955001831055","219","37.427","21.617","0.024032592","1.98238851070943","0.549046576678641","25.2451674",
"9/28/2010","-51.875","-4.83955001831055","219","39.196","24.856","0","1.8956249981618","0.452456591321097","22.22510184",
"9/29/2010","-51.875","-4.83955001831055","219","38.623","23.765","0.0137328984","1.74468198574951","0.462310101491146","26.816682312",
"9/30/2010","-51.875","-4.83955001831055","219","40.609","22.825","0.92697156","1.49499066373241","0.526841886727376","20.49175638",
"10/1/2010","-51.875","-4.83955001831055","219","36.776","21.846","0","1.76177958527552","0.62383253945717","18.3360402",
"10/2/2010","-51.875","-4.83955001831055","219","36.047","21.958","6.2544852","1.47829521302276","0.686359878911444","18.211670352",
"10/3/2010","-51.875","-4.83955001831055","219","36.889","22.063","6.195258612","1.61406741974285","0.623857996892802","22.679718192",
"10/4/2010","-51.875","-4.83955001831055","219","37.446","22.87","0.0566482608","1.81375562295014","0.497133410868093","20.861887968",
"10/5/2010","-51.875","-4.83955001831055","219","36.386","23.746","0.084114144","1.87818962746503","0.50981802895881","19.5608277",
"10/6/2010","-51.875","-4.83955001831055","219","38.913","23.486","0","1.7999790185141","0.433325630998291","28.39746798",
"10/7/2010","-51.875","-4.83955001831055","219","39.963","25.325","0","1.96782817219278","0.3825024453985","28.58731164",
"10/8/2010","-51.875","-4.83955001831055","219","39.997","24.534","0","1.8683098304348","0.372618284125801","25.67154384",
"10/9/2010","-51.875","-4.83955001831055","219","39.926","26.185","0","2.11978245252063","0.390180271412501","28.32767352",
"10/10/2010","-51.875","-4.83955001831055","219","38.685","24.93","0","1.76917226181793","0.396634080097461","20.12877828",
"10/11/2010","-51.875","-4.83955001831055","219","35.668","24.324","1.076316984","1.96681290985703","0.544320543000523","17.67729798",
"10/12/2010","-51.875","-4.83955001831055","219","37.197","22.375","6.136895556","1.45055932440817","0.806406289170274","7.40182716",
"10/13/2010","-51.875","-4.83955001831055","219","33.079","21.915","3.655531836","1.43028969276862","0.805622612740403","14.77366614",
"10/14/2010","-51.875","-4.83955001831055","219","33.964","21.088","0.218010204","1.84741402778889","0.712368272604904","23.8260924",
"10/15/2010","-51.875","-4.83955001831055","219","37.3","19.209","0","1.73259308726149","0.576463988153218","28.321146",
"10/16/2010","-51.875","-4.83955001831055","219","36.864","23.877","0","1.59172388120343","0.520261692726569","19.54259172",
"10/17/2010","-51.875","-4.83955001831055","219","38.749","22.724","0","1.72339368842027","0.468438406970211","22.261104",
"10/18/2010","-51.875","-4.83955001831055","219","38.521","24.147","0.0343322856","1.73656485660074","0.462526624473162","27.9185148",
"10/19/2010","-51.875","-4.83955001831055","219","34.504","25.206","0.71926128","1.48580410033711","0.557184122148421","23.6433924",
"10/20/2010","-51.875","-4.83955001831055","219","31.786","22.066","27.20661156","1.11341616886604","0.86791417899951","21.77105364",
"10/21/2010","-51.875","-4.83955001831055","219","35.561","21.918","4.993631028","1.27257422241641","0.720106786080464","19.72822662",
"10/22/2010","-51.875","-4.83955001831055","219","34.811","22.861","9.6010206624","1.21666479148342","0.762252471241556","11.086933248",
"10/23/2010","-51.875","-4.83955001831055","219","36.564","22.455","9.530636292","1.60767366510209","0.779227963888418","24.5064942",
"10/24/2010","-51.875","-4.83955001831055","219","35.9","22.819","2.7019486728","1.56018200350345","0.812643380471347","15.24082662",
"10/25/2010","-51.875","-4.83955001831055","219","29.549","23.705","14.0590639728","1.05607784271179","0.921483543541289","20.2362705",
"10/26/2010","-51.875","-4.83955001831055","219","27.578","22.966","13.469410872","1.15337249797515","0.942606300533037","22.4802567",
"10/27/2010","-51.875","-4.83955001831055","219","36.539","23.643","2.11143456","1.44529731167463","0.684760549462684","26.80908444",
"10/28/2010","-51.875","-4.83955001831055","219","36.989","21.576","1.75781268","1.02384751717536","0.641492218888627","22.7633679",
"10/29/2010","-51.875","-4.83955001831055","219","36.2","20.729","2.7877788","1.53256881864534","0.593407337947563","22.55512464",
"10/30/2010","-51.875","-4.83955001831055","219","32.957","23.264","30.9814586856","1.42599216201795","0.775105111970731","12.613391568",
"10/31/2010","-51.875","-4.83955001831055","219","35.46","22.591","0","1.4623063713313","0.584942698691002","21.7050156",
"11/1/2010","-51.875","-4.83955001831055","219","33.45","23.946","0","1.51298904008047","0.604654211619511","17.3149272",
"11/2/2010","-51.875","-4.83955001831055","219","35.728","23.473","1.0608673536","1.26549577213703","0.614488158140596","24.21883512",
"11/3/2010","-51.875","-4.83955001831055","219","37.555","25.234","0.116729712","1.42196138980403","0.516917106091942","23.66296938",
"11/4/2010","-51.875","-4.83955001831055","219","37.673","22.092","0.7759092528","1.54230279290011","0.511099525836063","22.71346992",
"11/5/2010","-51.875","-4.83955001831055","219","38.105","24.049","0","2.0119176433346","0.438119225583493","22.85775252",
"11/6/2010","-51.875","-4.83955001831055","219","37.332","24.686","0","1.84999970275503","0.491783890355001","24.879204",
"11/7/2010","-51.875","-4.83955001831055","219","38.322","26.404","0.04119876","2.10258787030127","0.421475108674711","25.97045688",
"11/8/2010","-51.875","-4.83955001831055","219","37.326","24.3","0","1.92997454367147","0.490881680635442","19.96374744",
"11/9/2010","-51.875","-4.83955001831055","219","35.716","23.758","0.3192903504","1.72716025318875","0.572308964906788","18.58325688",
"11/10/2010","-51.875","-4.83955001831055","219","38.155","23.626","0.2265928704","1.40083074103816","0.635390255831531","20.6020719",
"11/11/2010","-51.875","-4.83955001831055","219","36.268","23.109","1.050567372","1.31257239755521","0.643056113034782","12.44244798",
"11/12/2010","-51.875","-4.83955001831055","219","34.526","22.756","4.42542816","0.989624492077455","0.769088208796456","10.20841632",
"11/13/2010","-51.875","-4.83955001831055","219","36.352","22.333","9.91859616","0.969344738798191","0.777978257281193","23.40770022",
"11/14/2010","-51.875","-4.83955001831055","219","32.067","21.366","18.237306744","1.1800567172744","0.8481186370186","26.47001304",
"11/15/2010","-51.875","-4.83955001831055","219","30.788","22.384","13.29346656","1.07080437454395","0.900487883988215","19.6746273",
"11/16/2010","-51.875","-4.83955001831055","219","29.893","21.141","5.8948510392","1.28427172437491","0.847885161376199","26.78529888",
"11/17/2010","-51.875","-4.83955001831055","219","32.174","22.019","27.27700596","1.27816463941572","0.866506553484046","25.50910212",
"11/18/2010","-51.875","-4.83955001831055","219","29.444","23.133","29.06571204","1.00917373287636","0.923751389193014","24.9918219",
"11/19/2010","-51.875","-4.83955001831055","219","28.007","23.132","23.9965488","0.693561405815413","0.943709453846432","18.68326722",
"11/20/2010","-51.875","-4.83955001831055","219","28.434","22.412","8.775329472","1.13406210328742","0.914737283435604","22.0404429",
"11/21/2010","-51.875","-4.83955001831055","219","30.665","21.874","34.49706732","0.712149134450153","0.941430465559198","15.29679492",
"11/22/2010","-51.875","-4.83955001831055","219","31.766","21.872","12.862592388","0.779754663252492","0.891017506253704","24.36182028",
"11/23/2010","-51.875","-4.83955001831055","219","31.896","22.005","3.81946968","1.04694166555741","0.837179062179242","13.69816614",
"11/24/2010","-51.875","-4.83955001831055","219","31.494","20.416","12.3012544248","1.13151184281662","0.899925268464803","23.92408116",
"11/25/2010","-51.875","-4.83955001831055","219","32.964","22.075","7.61489568","1.28202464796497","0.809929684799572","25.80024582",
"11/26/2010","-51.875","-4.83955001831055","219","31.591","21.851","13.31062236","1.27270049769946","0.825351562134116","25.97000328",
"11/27/2010","-51.875","-4.83955001831055","219","34.658","22.145","10.2035574","1.11622345618943","0.768342649965735","26.29755468",
"11/28/2010","-51.875","-4.83955001831055","219","34.449","22.25","10.210424292","1.15566869630896","0.753434507338155","26.89026192",
"11/29/2010","-51.875","-4.83955001831055","219","31.756","22.818","13.001633568","1.25234871020791","0.878754987966925","12.3819723",
"11/30/2010","-51.875","-4.83955001831055","219","36.01","22.83","0.7553097504","1.41208023205039","0.68743688370872","22.59900108",
"12/1/2010","-51.875","-4.83955001831055","219","34.93","22.643","1.5930162","1.42457100474709","0.666853090825386","19.63417734",
"12/2/2010","-51.875","-4.83955001831055","219","35.657","21.701","0.80337492","1.81951742620446","0.641883008809856","24.4272897",
"12/3/2010","-51.875","-4.83955001831055","219","35.481","23.457","0.5149841688","1.81627975057721","0.610750118808638","24.72322266",
"12/4/2010","-51.875","-4.83955001831055","219","35.14","21.968","2.3551925328","1.29939049259022","0.721871594098443","19.13771754",
"12/5/2010","-51.875","-4.83955001831055","219","34.157","23.264","4.0512081384","1.58069632825929","0.772147108707369","16.49002482",
"12/6/2010","-51.875","-4.83955001831055","219","35.97","22.642","0.90637362","1.76576076883923","0.706760791670598","20.02904892",
"12/7/2010","-51.875","-4.83955001831055","219","30.499","22.674","9.334947384","1.18846893424251","0.850758078003917","24.10379946",
"12/8/2010","-51.875","-4.83955001831055","219","27.389","21.578","17.16269724","0.782339582478475","0.947358341238293","25.19099748",
"12/9/2010","-51.875","-4.83955001831055","219","26.255","21.988","19.2192101784","0.922047384217544","0.957720565276996","19.16786052",
"12/10/2010","-51.875","-4.83955001831055","219","32.148","22.321","4.082108472","1.33232474762588","0.774786277439437","24.84477684",
"12/11/2010","-51.875","-4.83955001831055","219","35.333","22.66","0","1.57341952366921","0.642946094381601","24.13664658",
"12/12/2010","-51.875","-4.83955001831055","219","34.085","23.04","3.625488468","1.60177050566717","0.742798016395385","20.45649312",
"12/13/2010","-51.875","-4.83955001831055","219","32.277","23.068","6.69479148","1.55001914259442","0.712054446906151","17.3532348",
"12/14/2010","-51.875","-4.83955001831055","219","30.392","22.9","3.84864696","1.09422421129975","0.822373241670493","12.8782656",
"12/15/2010","-51.875","-4.83955001831055","219","26.458","23.129","15.894136116","1.00390517799308","0.955592178670241","14.96193786",
"12/16/2010","-51.875","-4.83955001831055","219","30.469","22.484","1.7681117112","1.78441183654472","0.818768561753647","17.25215616",
"12/17/2010","-51.875","-4.83955001831055","219","25.381","21.641","11.501311968","0.965642737605873","0.963078520258289","6.70567446",
"12/18/2010","-51.875","-4.83955001831055","219","27.365","20.868","41.425341768","0.970446153017499","0.924113018692883","8.16744312",
"12/19/2010","-51.875","-4.83955001831055","219","30.156","20.723","1.2393948888","1.41237288991371","0.786493501960947","16.73398314",
"12/20/2010","-51.875","-4.83955001831055","219","28.05","21.39","34.46617536","1.19642566623253","0.940993913432888","19.30860594",
"12/21/2010","-51.875","-4.83955001831055","219","27.179","20.815","8.1230163264","0.779570773376148","0.930250778995875","17.267004",
"12/22/2010","-51.875","-4.83955001831055","219","30.524","19.821","12.63943296","0.764228275217421","0.876993941745925","26.98897464",
"12/23/2010","-51.875","-4.83955001831055","219","29.456","21.669","13.1149314","1.07601887096903","0.910826023983052","25.58616012",
"12/24/2010","-51.875","-4.83955001831055","219","28.392","22.543","7.24754394","1.19057080338297","0.921737497509605","21.2654826",
"12/25/2010","-51.875","-4.83955001831055","219","31.859","22.391","5.63907888","1.32031242007154","0.842977066082626","24.82919172",
"12/26/2010","-51.875","-4.83955001831055","219","28.575","22.01","13.599018","1.03481653977624","0.939176427260169","21.80722572",
"12/27/2010","-51.875","-4.83955001831055","219","26.686","22.635","18.58748652","1.02654718008197","0.967264220888043","18.91827864",
"12/28/2010","-51.875","-4.83955001831055","219","30.852","20.529","5.52234492","0.978371995212673","0.859275779479791","21.00262662",
"12/29/2010","-51.875","-4.83955001831055","219","30.217","21.624","5.6579616","1.48013464581872","0.849147309373006","24.3908955",
"12/30/2010","-51.875","-4.83955001831055","219","29.959","21.582","15.1988971464","0.995475896427306","0.916879294850313","26.0813331",
"12/31/2010","-51.875","-4.83955001831055","219","26.275","22.039","18.5943672","0.870776027177568","0.969225761375048","14.7557799",
"1/1/2011","-51.875","-4.83955001831055","219","25.746","21.749","100.30175892","0.86408518327366","0.975354748395537","10.631512489284",
"1/2/2011","-51.875","-4.83955001831055","219","29.253","22.065","16.1293060944","0.758869204917233","0.939759032078262","10.1367064559664",
"1/3/2011","-51.875","-4.83955001831055","219","30.991","22.114","6.488803656","0.910264279290835","0.914727936860805","20.208292865352",
"1/4/2011","-51.875","-4.83955001831055","219","27.049","22.354","10.9674470664","1.04549426655708","0.953555626002281","22.309759456452",
"1/5/2011","-51.875","-4.83955001831055","219","32.143","21.521","4.991911992","1.01867962371648","0.873320110782566","14.372734282452",
"1/6/2011","-51.875","-4.83955001831055","219","27.154","20.376","17.64335394","0.468521909150045","0.966276031340725","18.679012130016",
"1/7/2011","-51.875","-4.83955001831055","219","32.65","20.192","18.760876956","0.708779735903781","0.895472681857593","17.511906474288",
"1/8/2011","-51.875","-4.83955001831055","219","30.144","19.241","6.3514764072","0.731965682173044","0.894929492717875","24.49374546456",
"1/9/2011","-51.875","-4.83955001831055","219","31.068","20.555","2.7019489464","1.22883195378366","0.808251259245359","18.408466858212",
"1/10/2011","-51.875","-4.83955001831055","219","27.283","21.011","7.892990748","1.35509601782009","0.90990507459617","22.4984753937",
"1/11/2011","-51.875","-4.83955001831055","219","32.017","21.46","2.725981272","1.66333789367852","0.840619812752632","27.6378789768372",
"1/12/2011","-51.875","-4.83955001831055","219","30.652","21.57","1.3750079832","1.4346622213491","0.849563616946194","19.597396911156",
"1/13/2011","-51.875","-4.83955001831055","219","26.695","20.716","8.974463688","0.98552964902337","0.954386854332254","21.624656833908",
"1/14/2011","-51.875","-4.83955001831055","219","31.836","20.772","23.390584056","0.923902789892522","0.909336368273064","24.12750437046",
"1/15/2011","-51.875","-4.83955001831055","219","24.69","22.912","105.321141","1.24811631521157","0.979371086795185","5.16521372544",
"1/16/2011","-51.875","-4.83955001831055","219","29.369","20.872","7.8861252744","0.905898423994636","0.91426803836555","17.239469865444",
"1/17/2011","-51.875","-4.83955001831055","219","27.958","20.653","12.943264932","1.09086185118944","0.945198608620178","22.436784774036",
"1/18/2011","-51.875","-4.83955001831055","219","25.954","22.606","27.6340572","0.90897373953744","0.972982830875605","13.066886238336",
"1/19/2011","-51.875","-4.83955001831055","219","25.157","22.575","157.25899764","0.900717648856706","0.977128578033195","7.012032455376",
"1/20/2011","-51.875","-4.83955001831055","219","26.392","20.544","12.198254616","0.943278670837156","0.971660463173693","11.3282232925464",
"1/21/2011","-51.875","-4.83955001831055","219","24.717","21.522","20.78990856","1.15861743404629","0.971971671515098","11.1126960448272",
"1/22/2011","-51.875","-4.83955001831055","219","27.036","19.95","5.139546588","1.00522114373178","0.910395100751256","19.523361992364",
"1/23/2011","-51.875","-4.83955001831055","219","32.896","19.243","5.5137597984","0.797869321829597","0.884525176918887","16.279479598284",
"1/24/2011","-51.875","-4.83955001831055","219","27.545","21.964","7.547952204","0.893389493525456","0.946451661875985","20.1669252202296",
"1/25/2011","-51.875","-4.83955001831055","219","24.813","21.561","12.04719408","1.01100974507663","0.975438058818688","9.663874119504",
"1/26/2011","-51.875","-4.83955001831055","219","27.997","21.016","1.95179022","0.92136742613335","0.914873278931588","19.716679394064",
"1/27/2011","-51.875","-4.83955001831055","219","26.546","22.581","13.42392372","1.02304857041831","0.962940688320455","23.643904778064",
"1/28/2011","-51.875","-4.83955001831055","219","24.804","21.39","10.457608824","0.76447401528773","0.975965592206202","8.754441929892",
"1/29/2011","-51.875","-4.83955001831055","219","28.431","21.956","21.37184946","0.789193373717747","0.955807315828496","16.30873704996",
"1/30/2011","-51.875","-4.83955001831055","219","27.382","22.174","74.43414144","0.963218743477955","0.945180004782373","8.016654538908",
"1/31/2011","-51.875","-4.83955001831055","219","25.972","21.905","25.2462456","0.44547460166906","0.972602240383655","15.326532949464",
"2/1/2011","-51.875","-4.83955001831055","219","23.48","21.518","81.93049992","0.558719188505079","0.982879426804381","1.58552240166",
"2/2/2011","-51.875","-4.83955001831055","219","30.28","20.844","3.5911576224","1.01505287128431","0.900371896454476","22.40260065666",
"2/3/2011","-51.875","-4.83955001831055","219","29.515","21.302","0.466918884","1.11601496726307","0.858754968695798","19.503625771404",
"2/4/2011","-51.875","-4.83955001831055","219","28.018","21.207","14.31827244","0.874222024455755","0.955412962607154","23.277560207436",
"2/5/2011","-51.875","-4.83955001831055","219","28.29","22.347","6.5849292504","1.07851311911508","0.932626876494968","15.357070707552",
"2/6/2011","-51.875","-4.83955001831055","219","27.568","22.2","4.600525068","1.20936294625968","0.928640662923574","14.536317607956",
"2/7/2011","-51.875","-4.83955001831055","219","26.872","21.614","5.6304941328","1.27415294112918","0.936596820698446","16.226747732808",
"2/8/2011","-51.875","-4.83955001831055","219","30.722","21.728","3.767968764","1.04060728926042","0.884583465271428","26.902118718864",
"2/9/2011","-51.875","-4.83955001831055","219","26.289","22.044","15.0443946648","1.14982593487337","0.965286030565437","23.33630725695",
"2/10/2011","-51.875","-4.83955001831055","219","30.292","20.894","7.396884684","1.01736597525246","0.892771691577388","24.750978945012",
"2/11/2011","-51.875","-4.83955001831055","219","28.502","22.006","13.2865908264","0.819764462427303","0.949480167409817","26.270762469156",
"2/12/2011","-51.875","-4.83955001831055","219","27.218","22.419","21.01650264","0.796161604856928","0.968037890087947","20.426521407156",
"2/13/2011","-51.875","-4.83955001831055","219","29.398","22.437","26.6384103984","0.870081352596367","0.912937673230376","10.39671112536",
"2/14/2011","-51.875","-4.83955001831055","219","27.29","20.458","15.67267848","0.692359220851798","0.961072942272089","22.593614750964",
"2/15/2011","-51.875","-4.83955001831055","219","25","22.422","6.907651308","1.08821335319651","0.975280435018579","6.6026862418788",
"2/16/2011","-51.875","-4.83955001831055","219","30.209","21.385","2.058220404","1.22267004137278","0.856982158750078","24.50414065986",
"2/17/2011","-51.875","-4.83955001831055","219","28.526","21.763","10.014725304","1.08455485662718","0.92821882545772","23.641928514072",
"2/18/2011","-51.875","-4.83955001831055","219","26.04","23.069","6.96430638","0.62420836758059","0.968382796906711","11.058780844368",
"2/19/2011","-51.875","-4.83955001831055","219","28.94","22.43","15.26413464","0.683886124667639","0.942751964312028","16.9988426696412",
"2/20/2011","-51.875","-4.83955001831055","219","25.971","22.257","16.2563261328","1.02708331896086","0.970035645728672","17.5382453231676",
"2/21/2011","-51.875","-4.83955001831055","219","30.157","21.559","4.487226192","1.17346881191233","0.905202451383843","22.1053817480868",
"2/22/2011","-51.875","-4.83955001831055","219","26.554","22.979","23.864364","1.06343407256087","0.971943334593903","19.3683434731416",
"2/23/2011","-51.875","-4.83955001831055","219","32.061","22.678","8.522990532","1.13910045709547","0.903671000318814","25.78736814966",
"2/24/2011","-51.875","-4.83955001831055","219","27.07","20.509","16.506960012","0.726761080148868","0.968091059151143","19.596305949624",
"2/25/2011","-51.875","-4.83955001831055","219","29.791","22.349","10.289381292","1.04631482065917","0.927838106423","20.1564274697568",
"2/26/2011","-51.875","-4.83955001831055","219","25.387","21.776","7.1737344504","1.05727263806388","0.974692202958969","10.591574576112",
"2/27/2011","-51.875","-4.83955001831055","219","29.718","22.543","12.931244856","1.10422938968788","0.912191761516529","26.743386781656",
"2/28/2011","-51.875","-4.83955001831055","219","26.603","20.663","10.196684712","0.99234947425302","0.947737728513336","10.3148360755488",
"3/1/2011","-51.875","-4.83955001831055","219","25.809","20.931","9.79328196","0.563467084128227","0.975396884548222","10.4485444522776",
"3/2/2011","-51.875","-4.83955001831055","219","26.959","21.366","7.2990422424","0.931034654076931","0.955622236776307","20.872955057364",
"3/3/2011","-51.875","-4.83955001831055","219","30.985","22.185","3.357697752","1.06335969220447","0.938406947691138","18.5059503759013",
"3/4/2011","-51.875","-4.83955001831055","219","32.525","21.347","2.4478910064","0.927412503818697","0.86099568287736","18.394970667084",
"3/5/2011","-51.875","-4.83955001831055","219","26.456","22.312","14.096833092","0.876063141202659","0.964450035659325","20.8279456970616",
"3/6/2011","-51.875","-4.83955001831055","219","31.736","22.214","3.194617644","0.947160741421098","0.874803759039351","17.8384269768696",
"3/7/2011","-51.875","-4.83955001831055","219","27.754","22.517","9.45339624","1.01087810344263","0.948666303482789","17.34810595632",
"3/8/2011","-51.875","-4.83955001831055","219","32.449","22.248","10.4249924784","0.882286756313065","0.887282874105533","21.8702360968776",
"3/9/2011","-51.875","-4.83955001831055","219","28.524","22.375","5.9480599968","1.06676879163015","0.935544329656825","27.15459829938",
"3/10/2011","-51.875","-4.83955001831055","219","27.007","21.304","11.5991577864","0.954385061027104","0.962259539297107","19.938489531048",
"3/11/2011","-51.875","-4.83955001831055","219","27.637","22.304","22.487645664","0.958975752217168","0.96112376542266","16.4762253855072",
"3/12/2011","-51.875","-4.83955001831055","219","23.428","21.186","51.11730846","1.16683613224589","0.980350001767376","2.787945257556",
"3/13/2011","-51.875","-4.83955001831055","219","27.601","20.965","9.8207514144","0.861707376738118","0.926049076210914","11.860418704356",
"3/14/2011","-51.875","-4.83955001831055","219","25.49","22.18","17.38930644","1.16973879384614","0.976886458079303","10.8702015510564",
"3/15/2011","-51.875","-4.83955001831055","219","29.849","21.926","1.0471351032","0.958516309553272","0.866937055582888","15.269796719892",
"3/16/2011","-51.875","-4.83955001831055","219","28.566","21.858","15.01865136","0.979489287804062","0.955431897309712","19.2902863298184",
"3/17/2011","-51.875","-4.83955001831055","219","29.842","21.85","5.618476656","0.945792695141372","0.874015895343139","12.746053070028",
"3/18/2011","-51.875","-4.83955001831055","219","32.722","21.049","2.1440500848","1.43467928395524","0.843101930601832","26.3354675479308",
"3/19/2011","-51.875","-4.83955001831055","219","32.248","22.685","2.7276990984","0.926289905084809","0.887514711839421","19.535933243592",
"3/20/2011","-51.875","-4.83955001831055","219","27.631","21.398","19.0629977328","1.11793537201722","0.945291746925386","26.2163170716174",
"3/21/2011","-51.875","-4.83955001831055","219","31.328","21.017","7.853504868","0.844561861320888","0.914082620567091","24.435410241996",
"3/22/2011","-51.875","-4.83955001831055","219","27.29","21.423","5.395320036","0.914147874419378","0.956869692721979","19.6790372957588",
"3/23/2011","-51.875","-4.83955001831055","219","27.906","19.738","8.2723661064","0.829070184326514","0.945535544990207","17.2629516340937",
"3/24/2011","-51.875","-4.83955001831055","219","32.413","21.594","0.57163248","1.13367717622798","0.85347447374789","20.1303900166392",
"3/25/2011","-51.875","-4.83955001831055","219","30.398","21.596","5.1481183572","1.29616783328486","0.880837104042571","27.634737014676",
"3/26/2011","-51.875","-4.83955001831055","219","30.972","21.948","6.626129364","1.2127307289941","0.90306967862691","26.4043620603504",
"3/27/2011","-51.875","-4.83955001831055","219","27.118","21.606","11.952777852","0.911609245186616","0.941429078679757","19.773086407884",
"3/28/2011","-51.875","-4.83955001831055","219","27.464","22.882","16.42800132","0.881828831678097","0.960746783708644","21.232149704208",
"3/29/2011","-51.875","-4.83955001831055","219","29.069","23.039","12.52441404","1.0877795450531","0.942340705997388","21.346084719828",
"3/30/2011","-51.875","-4.83955001831055","219","25.616","23.157","55.9650708","0.982679277704381","0.978029062364141","5.958300526236",
"3/31/2011","-51.875","-4.83955001831055","219","27.096","20.72","82.553695524","0.733391957767855","0.960776275686933","8.808781839084",
"4/1/2011","-51.875","-4.83955001831055","219","25.37","20.524","32.26375836","0.645173989548357","0.971533227578899","5.885797895964",
"4/2/2011","-51.875","-4.83955001831055","219","28.724","20.14","7.051844844","0.83979357791214","0.945422006964693","19.9649666208636",
"4/3/2011","-51.875","-4.83955001831055","219","28.972","21.903","2.5766373024","0.855805020852722","0.8999528243692","18.616038934176",
"4/4/2011","-51.875","-4.83955001831055","219","25.855","21.025","10.2584852064","0.694711185353794","0.973935887984334","9.345840023952",
"4/5/2011","-51.875","-4.83955001831055","219","30.835","21.231","15.023808936","0.926517272367254","0.921663200420344","18.0370261994652",
"4/6/2011","-51.875","-4.83955001831055","219","29.733","22.247","12.63770388","0.827648100841293","0.934089142846727","24.10688067606",
"4/7/2011","-51.875","-4.83955001831055","219","28.965","23.471","5.640794784","0.958061038012683","0.93074781541387","22.857937885368",
"4/8/2011","-51.875","-4.83955001831055","219","26.583","23.02","17.96780124","0.962919490099115","0.970637977528131","13.1353144557768",
"4/9/2011","-51.875","-4.83955001831055","219","30.736","22.511","8.1590616","1.14014888680861","0.881077473824291","23.385123867132",
"4/10/2011","-51.875","-4.83955001831055","219","27.508","21.223","17.442508572","0.899693267332263","0.958374003582416","26.066471927436",
"4/11/2011","-51.875","-4.83955001831055","219","28.545","22.495","22.27649994","1.14616437197213","0.942752533324406","17.2624357374228",
"4/12/2011","-51.875","-4.83955001831055","219","29.931","21.997","6.6810566088","0.913543920559932","0.935899826627431","15.565675835844",
"4/13/2011","-51.875","-4.83955001831055","219","31.337","21.955","0.848007792","0.913723947408188","0.865721218950335","19.390669731612",
"4/14/2011","-51.875","-4.83955001831055","219","26.798","22.111","16.09840764","0.90018779429336","0.963000670303912","19.8927069717024",
"4/15/2011","-51.875","-4.83955001831055","219","29.808","22.521","31.9170323232","0.723996458122738","0.920019530557818","12.8054358745452",
"4/16/2011","-51.875","-4.83955001831055","219","27.746","21.744","18.1343270088","0.773531671553445","0.928719615019821","9.0092287046916",
"4/17/2011","-51.875","-4.83955001831055","219","29.235","21.551","5.7437882064","1.10612884062659","0.930747379124426","21.719074011192",
"4/18/2011","-51.875","-4.83955001831055","219","26.962","21.365","9.041405544","0.651778275425851","0.957696193261107","11.5275678858252",
"4/19/2011","-51.875","-4.83955001831055","219","26.949","21.314","4.92668064","1.04012519044027","0.94789640882098","16.677057453408",
"4/20/2011","-51.875","-4.83955001831055","219","27.961","22.116","2.1457682928","0.981946376628926","0.899828111355999","14.886200134116",
"4/21/2011","-51.875","-4.83955001831055","219","27.699","21.103","8.456040072","0.737148642116411","0.96245489211257","11.095016650848",
"4/22/2011","-51.875","-4.83955001831055","219","29.16","22.266","33.73833456","0.683163212895031","0.947917985814593","10.98796629312",
"4/23/2011","-51.875","-4.83955001831055","219","23.773","22.236","91.9263528","0.895201603350999","0.982116173762752","0.972207797796",
"4/24/2011","-51.875","-4.83955001831055","219","26.344","20.712","9.05685228","0.747684095862816","0.960807560842163","11.753167233924",
"4/25/2011","-51.875","-4.83955001831055","219","31.093","19.413","1.4471055864","0.63807559400499","0.858885646598377","21.367614459096",
"4/26/2011","-51.875","-4.83955001831055","219","29.192","20.885","8.3307286224","0.788207113013122","0.935214981632965","23.0956353451584",
"4/27/2011","-51.875","-4.83955001831055","219","27.411","22.604","15.3636968808","0.82171213950348","0.960686732350117","22.6624344928236",
"4/28/2011","-51.875","-4.83955001831055","219","30.053","21.052","0.5819323248","0.87716634194843","0.900728473142533","18.7625369438316",
"4/29/2011","-51.875","-4.83955001831055","219","27.161","21.339","9.305765424","0.611014974282694","0.957660145755667","17.863286549076",
"4/30/2011","-51.875","-4.83955001831055","219","30.934","22.388","11.05671132","0.714106096789639","0.932909934933667","12.6275313859092",
"5/1/2011","-51.875","-4.83955001831055","219","32.503","22.337","0.5493167424","1.17432136161359","0.842107508930848","19.4426723153556",
"5/2/2011","-51.875","-4.83955001831055","219","28.54","21.818","12.1931022384","1.02298557062623","0.948096458817753","24.3010618399087",
"5/3/2011","-51.875","-4.83955001831055","219","32.494","22.484","1.3320919584","1.1258523908438","0.868848991411923","15.876522129204",
"5/4/2011","-51.875","-4.83955001831055","219","27.524","22.96","21.819877524","0.690311681371908","0.965630563053815","18.162149156532",
"5/5/2011","-51.875","-4.83955001831055","219","27.088","22.797","20.980455732","0.845930688892248","0.971756688379076","8.519836728924",
"5/6/2011","-51.875","-4.83955001831055","219","25.2","22.302","66.95136216","0.923348042313896","0.976742677749897","5.36639520456",
"5/7/2011","-51.875","-4.83955001831055","219","28.247","22.503","8.21914812","0.718009615483746","0.955926552026071","11.136517972488",
"5/8/2011","-51.875","-4.83955001831055","219","31.74","21.913","0.6694792632","1.00156500235647","0.824399905668569","18.81635996988",
"5/9/2011","-51.875","-4.83955001831055","219","33.982","18.98","0.0068664528","0.924805719582027","0.718491247966185","22.6634200407",
"5/10/2011","-51.875","-4.83955001831055","219","31.919","22.325","0.2780914032","0.86874743258553","0.765753701459521","15.6949579238724",
"5/11/2011","-51.875","-4.83955001831055","219","33.091","22.124","7.3471032","1.08865019063045","0.761897439008783","22.8139038171",
"5/12/2011","-51.875","-4.83955001831055","219","32.532","22.41","18.8724501288","1.02119455250437","0.872773400775867","20.532026026962",
"5/13/2011","-51.875","-4.83955001831055","219","30.183","22.949","32.59849536","0.940989528196732","0.93981595265198","9.2640088575036",
"5/14/2011","-51.875","-4.83955001831055","219","30.468","21.84","3.028106232","0.826793478515186","0.897827310618811","15.360190882308",
"5/15/2011","-51.875","-4.83955001831055","219","30.632","23.047","4.07524554","1.0341580820179","0.882114390749175","21.558515824728",
"5/16/2011","-51.875","-4.83955001831055","219","29.592","22.209","1.246261176","0.697057642884448","0.883128857680509","14.203116160488",
"5/17/2011","-51.875","-4.83955001831055","219","29.653","21.446","1.3578414624","0.688655328526604","0.917285039390784","13.8148746737652",
"5/18/2011","-51.875","-4.83955001831055","219","28.868","21.145","0.7329942144","1.37991201941637","0.887169991299715","13.718459054448",
"5/19/2011","-51.875","-4.83955001831055","219","31.1","20.888","4.114721052","1.06993774883205","0.904992603642275","14.1919567360776",
"5/20/2011","-51.875","-4.83955001831055","219","29.05","21.646","2.641868676","1.15821557442435","0.894060894003069","16.76451267792",
"5/21/2011","-51.875","-4.83955001831055","219","30.139","21.785","0.7690431168","1.3275732628792","0.845636052075964","11.7775939881816",
"5/22/2011","-51.875","-4.83955001831055","219","31.821","20.592","0","1.58136428171023","0.727257253168042","19.862856684036",
"5/23/2011","-51.875","-4.83955001831055","219","32.305","21.692","0","1.55957255324301","0.630915161743733","21.6472129983",
"5/24/2011","-51.875","-4.83955001831055","219","31.72","21.179","0","1.34443479937057","0.699648344844219","17.545608078984",
"5/25/2011","-51.875","-4.83955001831055","219","31.285","20.411","1.898573832","1.09449452562612","0.779358741856255","17.244706426848",
"5/26/2011","-51.875","-4.83955001831055","219","31.296","22.494","8.8851887064","0.97925788702593","0.868629931493869","21.1407046038216",
"5/27/2011","-51.875","-4.83955001831055","219","33.058","21.707","2.416992012","0.798384666770427","0.839877601840053","16.0281431450028",
"5/28/2011","-51.875","-4.83955001831055","219","33.108","19.718","0.44631936","1.12164510674333","0.708597572134674","23.507812164636",
"5/29/2011","-51.875","-4.83955001831055","219","29.838","21.56","0","1.07525390794334","0.750048763066183","10.770714906228",
"5/30/2011","-51.875","-4.83955001831055","219","33.066","20.424","0.03261564","1.27178046641099","0.694617986561252","20.743601956776",
"5/31/2011","-51.875","-4.83955001831055","219","32.771","23.234","0","1.09282211322873","0.655748094470066","15.7446985018716",
"6/1/2011","-51.875","-4.83955001831055","219","33.443","21.006","0","1.4538382584597","0.608694861912916","20.9993888908584",
"6/2/2011","-51.875","-4.83955001831055","219","33.177","21.576","0","1.71523000406471","0.593195549389663","22.290644251224",
"6/3/2011","-51.875","-4.83955001831055","219","33.936","21.283","0","1.30394788927041","0.602133283680273","19.985124494592",
"6/4/2011","-51.875","-4.83955001831055","219","34.437","18.867","0","1.30668730894712","0.626869137893738","23.837561931096",
"6/5/2011","-51.875","-4.83955001831055","219","33.701","19.355","0.01373292","1.10669367148875","0.648157399936931","23.4518600054268",
"6/6/2011","-51.875","-4.83955001831055","219","34.118","22.759","0.0102996792","0.882959484286193","0.670961625783388","17.337308821776",
"6/7/2011","-51.875","-4.83955001831055","219","33.758","21.344","0.4325868","1.27358556332481","0.658980871683406","19.2158219099916",
"6/8/2011","-51.875","-4.83955001831055","219","33.863","21.34","0.39138768","1.25574175147858","0.701218876296694","23.179097276982",
"6/9/2011","-51.875","-4.83955001831055","219","33.745","19.562","0.0034332264","1.11936231340381","0.642922993256263","23.247192168598",
"6/10/2011","-51.875","-4.83955001831055","219","33.978","19.322","0.0034332264","1.1017022288271","0.667571781538838","21.524326596684",
"6/11/2011","-51.875","-4.83955001831055","219","34.257","21.558","0.3055572","1.29131104474659","0.683437675878486","20.8173174652656",
"6/12/2011","-51.875","-4.83955001831055","219","32.405","23.221","0.017166132","1.16602078690816","0.62695812974679","12.322240149546",
"6/13/2011","-51.875","-4.83955001831055","219","34.645","21.703","0.305557164","1.39214448662754","0.625830946712724","19.2017593770912",
"6/14/2011","-51.875","-4.83955001831055","219","34.29","20.863","0","1.28057250658996","0.546933783166475","23.624677137924",
"6/15/2011","-51.875","-4.83955001831055","219","32.085","19.312","0","0.870121949768046","0.719409474992174","11.345394889512",
"6/16/2011","-51.875","-4.83955001831055","219","33.448","20.83","0.0034332264","1.73817189928286","0.551195605269647","23.435610205392",
"6/17/2011","-51.875","-4.83955001831055","219","33.3","20.509","0","1.6430752906288","0.57110742369228","23.521330157742",
"6/18/2011","-51.875","-4.83955001831055","219","33.889","23.042","0","1.28453211929983","0.604242058276205","17.181779431824",
"6/19/2011","-51.875","-4.83955001831055","219","32.939","18.182","0","1.03493262053561","0.678856108385281","21.726155136204",
"6/20/2011","-51.875","-4.83955001831055","219","27.783","18.032","0","0.792734171517668","0.783995090021336","5.3831658757608",
"6/21/2011","-51.875","-4.83955001831055","219","29.976","21.239","5.010794532","1.27764722173414","0.850680527746636","20.103418930212",
"6/22/2011","-51.875","-4.83955001831055","219","33.308","21.314","0","1.05638702740835","0.750804795677733","17.900525538468",
"6/23/2011","-51.875","-4.83955001831055","219","33.747","20.243","0.4222867104","0.908998652743199","0.684653373742877","16.7442435919548",
"6/24/2011","-51.875","-4.83955001831055","219","34.238","20.794","0","1.56278429433137","0.590469903181228","19.801269202104",
"6/25/2011","-51.875","-4.83955001831055","219","29.6","20.931","0.9613036692","1.03200908621964","0.834418562530502","8.747593302816",
"6/26/2011","-51.875","-4.83955001831055","219","27.784","19.57","6.705090468","1.10698379469376","0.879471261349047","11.676923663472",
"6/27/2011","-51.875","-4.83955001831055","219","29.832","18.514","3.9756749904","0.764254661277412","0.880768043076325","13.358597406354",
"6/28/2011","-51.875","-4.83955001831055","219","30.902","20.837","2.372359644","1.10274811980901","0.821538397730147","18.677070036972",
"6/29/2011","-51.875","-4.83955001831055","219","29.094","19.903","6.5609052264","0.929866861001158","0.891312721355751","22.435042082616",
"6/30/2011","-51.875","-4.83955001831055","219","30.639","18.34","0.264358404","1.3079987642195","0.803954845438522","18.797561058888",
"7/1/2011","-51.875","-4.83955001831055","219","33.266","18.504","0","1.36617111094295","0.646578323961815","20.846822279076",
"7/2/2011","-51.875","-4.83955001831055","219","33.938","21.322","0","1.54135494646597","0.582588644527669","23.400669832992",
"7/3/2011","-51.875","-4.83955001831055","219","33.723","18.604","0","1.06308141276803","0.606605435605366","23.0900829813792",
"7/4/2011","-51.875","-4.83955001831055","219","34.816","19.382","0","1.09083719219494","0.605459302782958","19.930919530284",
"7/5/2011","-51.875","-4.83955001831055","219","34.951","20.334","0","1.48972365304412","0.537504278095985","20.7659954160108",
"7/6/2011","-51.875","-4.83955001831055","219","31.274","22.043","1.3509738","1.40143370355098","0.765978210505282","18.2127580047",
"7/7/2011","-51.875","-4.83955001831055","219","33.423","21.686","2.96802648","0.944252792022073","0.740473783450505","18.323326532052",
"7/8/2011","-51.875","-4.83955001831055","219","30.785","21.085","3.4400962584","1.23969566928044","0.779620309809013","23.190695169372",
"7/9/2011","-51.875","-4.83955001831055","219","29.525","21.016","4.59022968","1.52271915668025","0.854750134888669","18.0590834836368",
"7/10/2011","-51.875","-4.83955001831055","219","32.53","20.847","0.0686645856","1.45433170623602","0.724490444699805","20.18051260902",
"7/11/2011","-51.875","-4.83955001831055","219","33.658","19.286","0","1.55886088584784","0.623614214242796","23.7450271691592",
"7/12/2011","-51.875","-4.83955001831055","219","33.404","19.128","0.0017166132","1.1694653740377","0.602513153421221","20.313172481184",
"7/13/2011","-51.875","-4.83955001831055","219","31.476","20.42","3.785136012","1.18414281410191","0.747513721330813","23.311747445436",
"7/14/2011","-51.875","-4.83955001831055","219","34.684","19.914","0","1.11688696327174","0.672231875097383","19.87370619498",
"7/15/2011","-51.875","-4.83955001831055","219","36.394","17.672","2.1697992","1.00779616068228","0.722889174602187","16.706884680972",
"7/16/2011","-51.875","-4.83955001831055","219","34.591","19.856","2.6109714132","1.27493440847857","0.694977103554978","22.043657545812",
"7/17/2011","-51.875","-4.83955001831055","219","34.708","20.252","0","1.24544606790327","0.553880728372316","18.6724997343756",
"7/18/2011","-51.875","-4.83955001831055","219","35.069","20.702","0","1.34109396051752","0.586717280521543","23.925951744948",
"7/19/2011","-51.875","-4.83955001831055","219","35.832","20.522","0","1.35987209951859","0.529403268433366","24.268190393664",
"7/20/2011","-51.875","-4.83955001831055","219","35.052","20.946","0","1.4314657300838","0.518007056458257","24.379271916012",
"7/21/2011","-51.875","-4.83955001831055","219","35.221","20.701","0","1.23827605311899","0.512494469638366","22.747886425548",
"7/22/2011","-51.875","-4.83955001831055","219","32.967","20.349","0.281524608","1.29489945931151","0.598194078364765","16.12438680834",
"7/23/2011","-51.875","-4.83955001831055","219","35.519","23.383","0.1407623904","0.907150388382179","0.673020249881551","18.94494848166",
"7/24/2011","-51.875","-4.83955001831055","219","34.867","23.29","0.00686646","1.23426333883419","0.554303570447641","17.341117065216",
"7/25/2011","-51.875","-4.83955001831055","219","34.969","19.812","0.29182464","1.60299055093552","0.566255861725701","24.572754662364",
"7/26/2011","-51.875","-4.83955001831055","219","34.292","20.567","0","1.67948369174051","0.481772399741867","23.671368505404",
"7/27/2011","-51.875","-4.83955001831055","219","35.098","20.96","0","1.64909464943913","0.478696666128267","24.6878738026056",
"7/28/2011","-51.875","-4.83955001831055","219","35.414","19.747","0","1.54349887870684","0.426013416697273","24.901490015388",
"7/29/2011","-51.875","-4.83955001831055","219","35.81","19.174","0","1.20275608505852","0.473347380380654","24.95690302122",
"7/30/2011","-51.875","-4.83955001831055","219","35.883","21.922","0","1.47477917039062","0.439239714106474","25.074567186984",
"7/31/2011","-51.875","-4.83955001831055","219","36.527","19.935","0","1.29805219242238","0.482743742956345","24.42437364294",
"8/1/2011","-51.875","-4.83955001831055","219","36.634","20.253","0","1.18563479329956","0.537024207615793","19.8707007631248",
"8/2/2011","-51.875","-4.83955001831055","219","33.216","21.513","1.95350652","1.28266823646204","0.662615685236514","24.0970380095952",
"8/3/2011","-51.875","-4.83955001831055","219","34.624","21.342","0.154495152","1.27101020689044","0.732038450159568","15.2180957099052",
"8/4/2011","-51.875","-4.83955001831055","219","34.848","21.337","0.58536522","1.18300681970358","0.661383733605577","18.20647269774",
"8/5/2011","-51.875","-4.83955001831055","219","34.351","21.943","0.061798068","1.28040130664496","0.637213259221924","16.2936229477356",
"8/6/2011","-51.875","-4.83955001831055","219","36.38","20.405","0","1.50936511774294","0.50494814141466","23.483318235444",
"8/7/2011","-51.875","-4.83955001831055","219","35.652","20.004","0","1.54494149531574","0.513193023235377","25.3558873705896",
"8/8/2011","-51.875","-4.83955001831055","219","36.428","21.031","0","1.45481830302967","0.441768189094994","25.471396777644",
"8/9/2011","-51.875","-4.83955001831055","219","37.346","19.228","0","1.22728279168979","0.4891478137335","25.7779712599416",
"8/10/2011","-51.875","-4.83955001831055","219","38.367","17.854","0","0.932637940674791","0.484656479466243","25.84681183782",
"8/11/2011","-51.875","-4.83955001831055","219","36.954","21.029","0.5218506","1.38247087834566","0.494200581330168","22.7733900635326",
"8/12/2011","-51.875","-4.83955001831055","219","34.927","19.954","0.3639221856","1.22163556818986","0.632133339906898","16.7233310072856",
"8/13/2011","-51.875","-4.83955001831055","219","34.687","21.211","0.044631972","1.42506227285013","0.581318904909518","18.790642697652",
"8/14/2011","-51.875","-4.83955001831055","219","37.01","21.56","0.0137329056","1.32062804551205","0.539846176940219","25.5936140836945",
"8/15/2011","-51.875","-4.83955001831055","219","37.325","22.867","0","1.55749669506483","0.458278622255164","23.160468851388",
"8/16/2011","-51.875","-4.83955001831055","219","34.906","22.55","0.0137329056","1.33722585264255","0.563540704442705","17.68446276246",
"8/17/2011","-51.875","-4.83955001831055","219","36.314","20.329","0.31242384","1.20879784043381","0.683482815897211","21.350891925684",
"8/18/2011","-51.875","-4.83955001831055","219","36.077","19.088","0.0034332264","1.1839283008185","0.586322494582199","23.53003260075",
"8/19/2011","-51.875","-4.83955001831055","219","37.615","19.338","0","1.26261844798777","0.519589567032712","26.329992346908",
"8/20/2011","-51.875","-4.83955001831055","219","37.945","24.406","0","1.38645326493083","0.421881651990116","21.481870568076",
"8/21/2011","-51.875","-4.83955001831055","219","36.022","19.388","0.06179814","1.48936974528097","0.552185822630829","20.372011716348",
"8/22/2011","-51.875","-4.83955001831055","219","36.857","22.283","2.1491982504","1.26687081348785","0.630191107825032","17.814173130252",
"8/23/2011","-51.875","-4.83955001831055","219","36.933","21.547","3.258132264","1.60707867991989","0.62254781464715","24.8486815137348",
"8/24/2011","-51.875","-4.83955001831055","219","35.377","24.271","0.1716613704","1.62484130930767","0.500576574107992","19.1582620524216",
"8/25/2011","-51.875","-4.83955001831055","219","33.251","21.935","5.709455064","1.68171150349048","0.70116381897818","14.060342684934",
"8/26/2011","-51.875","-4.83955001831055","219","36.429","21.403","1.9397739168","1.32642081073928","0.706561827413103","23.2667377123896",
"8/27/2011","-51.875","-4.83955001831055","219","34.196","21.707","0.6660464256","1.5886563533549","0.626752484230855","20.270130684624",
"8/28/2011","-51.875","-4.83955001831055","219","35.09","23.803","0.0034332264","1.79858198211199","0.551777906334396","19.0629872379",
"8/29/2011","-51.875","-4.83955001831055","219","34.685","23.377","0","1.50671064028032","0.540855450921257","19.876295672712",
"8/30/2011","-51.875","-4.83955001831055","219","38.089","22.123","0","1.22974345797984","0.570827708236524","18.9692027185428",
"8/31/2011","-51.875","-4.83955001831055","219","37.798","19.974","0.063514728","1.14886548410734","0.565428911907595","17.8706661064056",
"9/1/2011","-51.875","-4.83955001831055","219","35.587","20.745","0","1.18151038632457","0.624221343166277","17.92294911468",
"9/2/2011","-51.875","-4.83955001831055","219","37.695","21.832","0","1.68002797670693","0.526917855217171","19.5857477167644",
"9/3/2011","-51.875","-4.83955001831055","219","35.356","23.408","0.1201629384","1.87765880783221","0.633109160873914","16.503329223774",
"9/4/2011","-51.875","-4.83955001831055","219","35.527","21.654","0.109863324","1.05237071341991","0.676420433198826","19.9148573579292",
"9/5/2011","-51.875","-4.83955001831055","219","37.558","22.22","0.075530952","1.39121646911901","0.53814546371977","20.9367122750338",
"9/6/2011","-51.875","-4.83955001831055","219","35.033","23.472","0.302124024","1.33354350237687","0.553540181943942","19.272654541872",
"9/7/2011","-51.875","-4.83955001831055","219","35.864","20.62","0","1.22806983317751","0.6155685314123","24.368575494528",
"9/8/2011","-51.875","-4.83955001831055","219","35.577","21.355","0","1.51158444449074","0.546129231302056","24.6188234288412",
"9/9/2011","-51.875","-4.83955001831055","219","37.712","20.951","0.0480651768","1.27970174292295","0.530773393233728","22.4295912443128",
"9/10/2011","-51.875","-4.83955001831055","219","36.787","24.132","0.1218797208","1.4501147282044","0.554330656764856","17.198660047032",
"9/11/2011","-51.875","-4.83955001831055","219","37.242","22.558","0.0480651624","1.77275102703952","0.548136749737311","27.297120836736",
"9/12/2011","-51.875","-4.83955001831055","219","38.433","24.725","0.0205993512","1.78482065102656","0.452178348547645","19.703828043468",
"9/13/2011","-51.875","-4.83955001831055","219","36.925","23.967","0.0034332264","1.72488649717822","0.465449840386641","22.470664039992",
"9/14/2011","-51.875","-4.83955001831055","219","31.841","23.696","3.8417832864","1.30438216977064","0.653968763138255","24.3678916187604",
"9/15/2011","-51.875","-4.83955001831055","219","37.144","20.486","0.98876988","1.09245628786362","0.638457144927276","25.6358831196276",
"9/16/2011","-51.875","-4.83955001831055","219","37.633","21.007","0","1.46206114906523","0.499728819699377","24.2998581554208",
"9/17/2011","-51.875","-4.83955001831055","219","35.417","23.784","0","1.74167433613416","0.490373221389432","23.008136882616",
"9/18/2011","-51.875","-4.83955001831055","219","37.079","23.133","0","1.57017548704574","0.539170422667534","21.4410930287616",
"9/19/2011","-51.875","-4.83955001831055","219","35.305","22.268","3.00579444","1.45989116505076","0.586934363527754","24.5249632511453",
"9/20/2011","-51.875","-4.83955001831055","219","38.056","21.828","0","1.49884862511015","0.518352022516648","26.48755730106",
"9/21/2011","-51.875","-4.83955001831055","219","39.195","22.497","0.0017166132","1.39413764636934","0.439546865177388","27.5718972342024",
"9/22/2011","-51.875","-4.83955001831055","219","39.454","24.262","0","1.66418778602838","0.423986114577569","26.6757598862446",
"9/23/2011","-51.875","-4.83955001831055","219","39.94","24.62","0","1.90604691519365","0.430559606826737","22.346742236508",
"9/24/2011","-51.875","-4.83955001831055","219","35.587","21.308","1.215362484","1.67936217393303","0.582761505159217","21.562280957196",
"9/25/2011","-51.875","-4.83955001831055","219","38.217","23.267","0.274658436","1.76540565434532","0.578953411796605","21.855191015376",
"9/26/2011","-51.875","-4.83955001831055","219","37.657","24.807","0.501251472","2.07474020662683","0.539284860234587","21.918657731256",
"9/27/2011","-51.875","-4.83955001831055","219","36.625","23.098","0.405120924","1.73035624527185","0.588190504712726","21.5871376636872",
"9/28/2011","-51.875","-4.83955001831055","219","38.242","23.434","0","2.05574890343479","0.48871210727907","26.542539768168",
"9/29/2011","-51.875","-4.83955001831055","219","36.426","21.715","0","1.21401648305346","0.522493901031786","20.451790621764",
"9/30/2011","-51.875","-4.83955001831055","219","36.744","23.495","0.0514984104","1.47867069897637","0.503949509075302","17.027788361508",
"10/1/2011","-51.875","-4.83955001831055","219","35.002","23.302","1.1449816488","1.47115520377128","0.549946352472944","19.333709487432",
"10/2/2011","-51.875","-4.83955001831055","219","37.913","21.69","0.473785632","1.18760459688891","0.585640390222693","19.1234654894192",
"10/3/2011","-51.875","-4.83955001831055","219","36.015","22.581","15.9250249224","1.27142230106716","0.803344578481571","12.04818843996",
"10/4/2011","-51.875","-4.83955001831055","219","30.583","22.707","21.340939932","1.27158281409249","0.908789392639305","26.269583534388",
"10/5/2011","-51.875","-4.83955001831055","219","33.535","22.611","8.536713372","1.4879484427029","0.826373475119201","25.01103924126",
"10/6/2011","-51.875","-4.83955001831055","219","34.89","22.195","0.501251364","1.29594670353522","0.714102711097865","20.422027261044",
"10/7/2011","-51.875","-4.83955001831055","219","34.758","22.901","0.058364892","1.43189528187339","0.626952156389272","18.961548419412",
"10/8/2011","-51.875","-4.83955001831055","219","35.89","24.297","0","1.23693436426567","0.544292909777348","19.1816982318898",
"10/9/2011","-51.875","-4.83955001831055","219","38.19","23.768","0.92697264","1.14314226701009","0.556539079502088","23.722685880192",
"10/10/2011","-51.875","-4.83955001831055","219","37.095","23.218","9.10148904","1.37705549664762","0.68220510024624","20.19331615158",
"10/11/2011","-51.875","-4.83955001831055","219","36.747","22.573","8.20198134","1.36209794866111","0.666943880319661","24.337508206428",
"10/12/2011","-51.875","-4.83955001831055","219","32.21","22.677","4.1130054","1.43993609174814","0.717757581366346","23.381909812584",
"10/13/2011","-51.875","-4.83955001831055","219","36.804","21.712","1.9964215512","1.13819063592372","0.685975931047375","26.133678878256",
"10/14/2011","-51.875","-4.83955001831055","219","37.413","23.407","1.41792426","1.32641044486443","0.654278050119909","21.3723472011732",
"10/15/2011","-51.875","-4.83955001831055","219","32.329","22.797","4.3018326","1.20247394248116","0.816216184096078","11.622505129704",
"10/16/2011","-51.875","-4.83955001831055","219","33.086","22.055","6.25705344","1.22021822837172","0.804882726336085","26.948065594104",
"10/17/2011","-51.875","-4.83955001831055","219","32.286","23.172","5.939490852","1.38497248616093","0.811599139332806","26.4826114065",
"10/18/2011","-51.875","-4.83955001831055","219","27.348","21.323","10.8352637064","0.97308121180724","0.92889319976576","22.298247804024",
"10/19/2011","-51.875","-4.83955001831055","219","28.245","22.277","9.7297676784","0.809485196164907","0.927419802049483","22.848831525528",
"10/20/2011","-51.875","-4.83955001831055","219","29.66","22.437","21.873087108","1.18838968894347","0.904756003601614","18.234503210196",
"10/21/2011","-51.875","-4.83955001831055","219","23.094","20.392","109.37578032","1.2592167323833","0.978320566709005","0.96213149802",
"10/22/2011","-51.875","-4.83955001831055","219","25.41","20.756","3.7061727264","1.56788210592665","0.941202736655146","10.109340862884",
"10/23/2011","-51.875","-4.83955001831055","219","33.396","21.142","3.689002116","1.53790953457819","0.820343055252228","24.445848784212",
"10/24/2011","-51.875","-4.83955001831055","219","35.377","21.094","0.024032592","1.16706031465594","0.695796686257639","25.965801153612",
"10/25/2011","-51.875","-4.83955001831055","219","32.041","22.505","2.756881584","1.3171860415652","0.754928988193204","28.040149495476",
"10/26/2011","-51.875","-4.83955001831055","219","30.742","20.988","12.42828324","1.27773148974963","0.850149622011208","27.813300946776",
"10/27/2011","-51.875","-4.83955001831055","219","34.864","21.098","0.65574648","1.60490594522551","0.656048982657344","28.334417110668",
"10/28/2011","-51.875","-4.83955001831055","219","35.883","21.487","0.2471922432","1.42529951309139","0.625358558312203","23.336803785996",
"10/29/2011","-51.875","-4.83955001831055","219","34.594","22.087","0.3158565408","1.06703590661394","0.655958941205394","22.257837666288",
"10/30/2011","-51.875","-4.83955001831055","219","29.62","22.389","18.3746394","0.965064296684848","0.895345487413428","21.830394878748",
"10/31/2011","-51.875","-4.83955001831055","219","26.921","22.692","25.0247958264","0.813577743977303","0.960293326181632","18.662557961808",
"11/1/2011","-51.875","-4.83955001831055","219","28.927","22.546","15.0718686336","0.970926737368727","0.939020155559009","25.372027498644",
"11/2/2011","-51.875","-4.83955001831055","219","30.33","22.245","10.325432376","0.827278839519349","0.932068944411192","18.37685532879",
"11/3/2011","-51.875","-4.83955001831055","219","32.406","22.393","16.163634132","1.33371159419687","0.870202955320867","23.0186378590668",
"11/4/2011","-51.875","-4.83955001831055","219","26.892","23.058","21.380424552","1.19547452297761","0.956890975656311","23.512952718936",
"11/5/2011","-51.875","-4.83955001831055","219","31.239","21.709","4.1233034916","1.4009367122324","0.862390737328519","26.690118735744",
"11/6/2011","-51.875","-4.83955001831055","219","26.629","21.65","12.56905224","0.998595176265026","0.957594992369876","18.393402109748",
"11/7/2011","-51.875","-4.83955001831055","219","27.282","22.245","12.929536332","0.993234551801939","0.948324320462196","22.949649763416",
"11/8/2011","-51.875","-4.83955001831055","219","32.275","22.472","0.2334596544","1.23955336282891","0.779725551957432","21.958158246444",
"11/9/2011","-51.875","-4.83955001831055","219","34.229","21.989","2.1011349888","1.28722233797138","0.755991446969884","27.59850977814",
"11/10/2011","-51.875","-4.83955001831055","219","28.289","22.549","25.908850476","0.907445825657157","0.946765372289118","24.252498982296",
"11/11/2011","-51.875","-4.83955001831055","219","26.938","23.036","19.3119057","1.0857445552411","0.950979424574253","22.85635735782",
"11/12/2011","-51.875","-4.83955001831055","219","28.187","22.987","10.0112961384","0.865373898117864","0.941275435987137","22.709006580744",
"11/13/2011","-51.875","-4.83955001831055","219","25.817","22.197","6.188391432","1.07155903862218","0.966596062163207","9.415777856688",
"11/14/2011","-51.875","-4.83955001831055","219","23.772","21.654","96.1269446304","0.752396067300124","0.976164826965845","2.6290910255688",
"11/15/2011","-51.875","-4.83955001831055","219","32","21.259","1.05056802","1.03620681316488","0.828156766122925","25.994887744572",
"11/16/2011","-51.875","-4.83955001831055","219","34.005","21.647","0.0034332264","1.13347456704197","0.73382030524288","27.863376420384",
"11/17/2011","-51.875","-4.83955001831055","219","33.138","22.414","0.6540298524","1.52381901829388","0.711429479566643","27.306037340388",
"11/18/2011","-51.875","-4.83955001831055","219","32.095","22.043","6.9128038224","1.47693563961645","0.81345447005246","26.893236934656",
"11/19/2011","-51.875","-4.83955001831055","219","27.7","22.263","18.08280648","1.12115184409422","0.932818026819531","23.206475101464",
"11/20/2011","-51.875","-4.83955001831055","219","31.572","20.831","3.6357901848","1.1901407699196","0.835581955682554","26.479986470532",
"11/21/2011","-51.875","-4.83955001831055","219","29.358","22.216","8.62770024","1.2627603570139","0.879379785222281","24.594258188862",
"11/22/2011","-51.875","-4.83955001831055","219","31.738","22.155","2.4238591344","1.11361233399561","0.852353294873358","22.46579189802",
"11/23/2011","-51.875","-4.83955001831055","219","32.89","22.137","1.514053908","1.34345633966684","0.791360480190548","25.761033034236",
"11/24/2011","-51.875","-4.83955001831055","219","36.289","22.789","0.022315968","1.24202435927853","0.687925805546011","27.890393491116",
"11/25/2011","-51.875","-4.83955001831055","219","31.968","21.613","6.03904266","1.05974557782376","0.800446601283023","27.1995600710052",
"11/26/2011","-51.875","-4.83955001831055","219","29.123","22.476","4.1542095528","1.43461495355117","0.903281750794952","21.435010454376",
"11/27/2011","-51.875","-4.83955001831055","219","29.658","21.794","9.6010164792","1.25703508390617","0.899564305302136","26.56806377247",
"11/28/2011","-51.875","-4.83955001831055","219","31.332","21.952","4.03747452","1.28453905959591","0.853252679247757","14.561204484924",
"11/29/2011","-51.875","-4.83955001831055","219","34.046","22.273","16.79877972","1.20161221133543","0.845257508711118","25.125755356368",
"11/30/2011","-51.875","-4.83955001831055","219","34.318","22.111","3.88984932","1.69946303668117","0.807644184477854","23.687555802984",
"12/1/2011","-51.875","-4.83955001831055","219","31.73","22.772","3.1517017344","1.24379042477767","0.854331253461054","25.531293563388",
"12/2/2011","-51.875","-4.83955001831055","219","31.426","22.434","10.189824804","1.23520508227642","0.902053104222892","25.621857709452",
"12/3/2011","-51.875","-4.83955001831055","219","32.334","22.967","7.7796909288","1.71166181046689","0.84635300765589","26.83688544522",
"12/4/2011","-51.875","-4.83955001831055","219","32.883","21.672","1.2737282184","1.35805105954106","0.784055190481151","25.917740557344",
"12/5/2011","-51.875","-4.83955001831055","219","34.182","21.801","0","1.56773808909249","0.603431840566517","27.46944041184",
"12/6/2011","-51.875","-4.83955001831055","219","35.721","22.638","0.372505212","1.55946796496655","0.592115057778588","27.765297822708",
"12/7/2011","-51.875","-4.83955001831055","219","31.719","22.025","4.035760704","1.10386419692125","0.769461969251739","24.52816964484",
"12/8/2011","-51.875","-4.83955001831055","219","33.736","22.195","2.267646912","1.48412372691504","0.771572575198964","23.496334269588",
"12/9/2011","-51.875","-4.83955001831055","219","34.809","22.083","2.9457120132","1.33046953807437","0.727418958680759","25.563271377744",
"12/10/2011","-51.875","-4.83955001831055","219","35.283","21.708","2.149198776","1.26682319191921","0.695521022172351","27.86456460492",
"12/11/2011","-51.875","-4.83955001831055","219","35.743","22.64","0","1.77296660948376","0.616158503161622","24.2721403163237",
"12/12/2011","-51.875","-4.83955001831055","219","35.015","23.507","0","1.88197162244022","0.610597136817942","26.189822063916",
"12/13/2011","-51.875","-4.83955001831055","219","36.195","23.056","0","1.56551708905725","0.588317004071026","25.342955714736",
"12/14/2011","-51.875","-4.83955001831055","219","31.778","22.497","3.167154","1.71464070868553","0.711717300347912","26.68341992526",
"12/15/2011","-51.875","-4.83955001831055","219","31.152","22.595","3.8555182368","1.52909153546012","0.764957676013896","26.426460264732",
"12/16/2011","-51.875","-4.83955001831055","219","30.389","21.434","1.8642433392","1.66069388876205","0.723822657170235","20.533566645432",
"12/17/2011","-51.875","-4.83955001831055","219","32.371","20.775","2.8976442048","1.37377448021631","0.72947805392639","24.722825012676",
"12/18/2011","-51.875","-4.83955001831055","219","36.648","21.964","0.42915366","1.51684621011401","0.629903519391215","22.566238634952",
"12/19/2011","-51.875","-4.83955001831055","219","33.592","22.768","15.3619772184","1.51764465461467","0.822610834030045","24.599936388456",
"12/20/2011","-51.875","-4.83955001831055","219","33.631","21.621","2.16293292","1.24655740287791","0.75721664558374","27.230307114528",
"12/21/2011","-51.875","-4.83955001831055","219","35","20.881","0.0429153264","1.18708176174801","0.622249204247288","21.146711915232",
"12/22/2011","-51.875","-4.83955001831055","219","32.899","22.296","3.0521374848","1.67966496210525","0.731135743439948","27.627589917936",
"12/23/2011","-51.875","-4.83955001831055","219","32.31","22.104","4.075239312","1.58980879046","0.811408545651932","26.90796284244",
"12/24/2011","-51.875","-4.83955001831055","219","30.694","21.839","7.13596356","1.36821682232203","0.865719900663629","23.7076910475696",
"12/25/2011","-51.875","-4.83955001831055","219","31.811","21.845","4.7687538852","0.956279048506649","0.849139153794705","14.599742337792",
"12/26/2011","-51.875","-4.83955001831055","219","32.983","22.628","4.641725376","1.27457436928559","0.772359248386859","16.819522642224",
"12/27/2011","-51.875","-4.83955001831055","219","30.938","22.589","110.6460203544","1.2283231089753","0.865487871311069","16.584269739408",
"12/28/2011","-51.875","-4.83955001831055","219","29.183","21.512","3.3714279","1.27535655677416","0.856252787797737","12.477270415968",
"12/29/2011","-51.875","-4.83955001831055","219","32.901","20.641","1.335525624","1.25918815913388","0.768430760016279","26.8287800290668",
"12/30/2011","-51.875","-4.83955001831055","219","32.45","21.686","0.54244998","1.38823096696956","0.73647745297221","16.173521809632",
"12/31/2011","-51.875","-4.83955001831055","219","32.17","23.006","1.4694209784","1.42967962545629","0.722183606128835","27.489211117524",
"1/1/2012","-51.875","-4.83955001831055","219","29.828","22.006","10.71853218","1.49325989174111","0.875319968103998","24.621495778476",
"1/2/2012","-51.875","-4.83955001831055","219","30.33","22.224","4.66232328","1.46104969967357","0.839417163063855","26.370920387844",
"1/3/2012","-51.875","-4.83955001831055","219","32.26","21.864","0.202560444","1.4544766900052","0.760719059802002","17.044035275556",
"1/4/2012","-51.875","-4.83955001831055","219","27.147","21.392","10.732275144","1.19088371143342","0.888547185368242","16.29776856312",
"1/5/2012","-51.875","-4.83955001831055","219","30.857","22.783","7.7470807608","1.18798770204275","0.887962656932252","16.983545818464",
"1/6/2012","-51.875","-4.83955001831055","219","26.726","22.481","44.3057486904","1.15045353505111","0.948239160633468","6.738403842288",
"1/7/2012","-51.875","-4.83955001831055","219","30.672","22.098","5.973814584","1.01240804642376","0.909728596352904","22.744660474152",
"1/8/2012","-51.875","-4.83955001831055","219","31.965","21.333","5.762674764","1.28555366755424","0.840120457675693","27.674569010268",
"1/9/2012","-51.875","-4.83955001831055","219","31.037","20.224","5.2545545064","1.19584461266769","0.842999192930514","25.9395258646656",
"1/10/2012","-51.875","-4.83955001831055","219","24.924","22.361","30.2398632","1.01140141483567","0.97610363435703","5.649778335168",
"1/11/2012","-51.875","-4.83955001831055","219","24.234","20.403","34.929655884","0.627374390689861","0.977085724447013","4.660982837316",
"1/12/2012","-51.875","-4.83955001831055","219","32.001","20.576","7.7728253328","1.29555614135907","0.878433502066259","20.401144893144",
"1/13/2012","-51.875","-4.83955001831055","219","26.473","22.096","11.7914161284","1.41299942741818","0.937965634346403","12.010181158548",
"1/14/2012","-51.875","-4.83955001831055","219","30.722","22.107","8.0474814","1.20787554789117","0.884912260747491","22.822264850184",
"1/15/2012","-51.875","-4.83955001831055","219","25.732","22.432","27.49500072","1.00185340717067","0.973343658885144","16.65894563046",
"1/16/2012","-51.875","-4.83955001831055","219","25.382","22.045","11.154556044","1.01288054011811","0.973423544063644","10.04834947626",
"1/17/2012","-51.875","-4.83955001831055","219","26.536","21.063","3.3370974144","1.06433971056611","0.956666902474733","12.487862491848",
"1/18/2012","-51.875","-4.83955001831055","219","26.683","20.027","4.5970923024","0.910009894572424","0.936912075466981","17.188446059928",
"1/19/2012","-51.875","-4.83955001831055","219","30.8","21.614","5.795289612","0.94548219494021","0.908188025972641","15.490955570616",
"1/20/2012","-51.875","-4.83955001831055","219","30.356","21.194","4.010009184","1.06749553461076","0.89035279463081","18.155239995888",
"1/21/2012","-51.875","-4.83955001831055","219","27.108","20.139","18.8089362","0.709000590757881","0.96912037737624","20.035236103488",
"1/22/2012","-51.875","-4.83955001831055","219","25.38","21.39","10.251616464","1.04592181937643","0.963312029876868","15.100410935412",
"1/23/2012","-51.875","-4.83955001831055","219","27.602","18.994","6.69822588","0.793751873817599","0.955714238215232","17.71002831618",
"1/24/2012","-51.875","-4.83955001831055","219","27.309","22.427","16.901779428","0.70072952768984","0.954741463936514","22.352615483868",
"1/25/2012","-51.875","-4.83955001831055","219","24.823","21.089","18.0072782064","0.641120767707834","0.97679198977834","6.648277920768",
"1/26/2012","-51.875","-4.83955001831055","219","25.475","21.318","8.620838532","0.888966556097753","0.970260567583606","15.440409630036",
"1/27/2012","-51.875","-4.83955001831055","219","31.92","22.219","9.963227232","1.32700610990155","0.860471635158494","21.357797610348",
"1/28/2012","-51.875","-4.83955001831055","219","30.483","21.113","9.973521","0.710687972804672","0.924274064521139","23.956231785372",
"1/29/2012","-51.875","-4.83955001831055","219","30.961","21.863","5.098347","1.00993825808974","0.893946340984433","20.356506759744",
"1/30/2012","-51.875","-4.83955001831055","219","27.11","22.415","17.77382208","1.14506301819448","0.964216379012374","25.575325599456",
"1/31/2012","-51.875","-4.83955001831055","219","30.744","21.247","8.3564745624","1.14200780376997","0.920651182512393","25.63263340101",
"2/1/2012","-51.875","-4.83955001831055","219","30.671","21.003","10.347747696","1.27389038091699","0.882691260760076","23.093155931616",
"2/2/2012","-51.875","-4.83955001831055","219","30.409","22.597","8.1058471344","1.36006995984635","0.914223415966703","20.7919436526",
"2/3/2012","-51.875","-4.83955001831055","219","31.801","21.601","0.321006726","1.51788018373103","0.797816431547589","21.830128552368",
"2/4/2012","-51.875","-4.83955001831055","219","30.179","21.956","5.8948500132","0.943465976327087","0.858482915603951","14.9729129577",
"2/5/2012","-51.875","-4.83955001831055","219","33.424","21.399","0.07553088","1.47444590809877","0.740479743339549","23.938910052408",
"2/6/2012","-51.875","-4.83955001831055","219","31.583","21.618","0.0102996864","1.05570715377757","0.765076289783932","19.920206175552",
"2/7/2012","-51.875","-4.83955001831055","219","32.076","22.112","1.6376499864","1.34810928772162","0.77538930830013","28.5345301184748",
"2/8/2012","-51.875","-4.83955001831055","219","31.708","22.465","0.587081808","1.29551262847492","0.842623682980351","14.5347325312644",
"2/9/2012","-51.875","-4.83955001831055","219","26.651","22.235","19.1368083168","1.1348534857741","0.956020942835936","23.312302994808",
"2/10/2012","-51.875","-4.83955001831055","219","25.78","20.997","6.562616544","0.99618860804233","0.959066404726621","8.190263411172",
"2/11/2012","-51.875","-4.83955001831055","219","25.769","19.745","16.0366071312","0.772600411642168","0.96624704004993","20.148374579112",
"2/12/2012","-51.875","-4.83955001831055","219","30.524","21.625","5.451962148","1.20278245037088","0.926489060277793","19.415678261004",
"2/13/2012","-51.875","-4.83955001831055","219","26.132","21.062","32.330731644","1.0229652244189","0.956522389664059","7.8745221595584",
"2/14/2012","-51.875","-4.83955001831055","219","29.119","20.615","20.5959291984","1.12640865191097","0.887593263498676","23.403397101048",
"2/15/2012","-51.875","-4.83955001831055","219","25.478","21.21","12.232594692","1.01545544855915","0.960262766821894","9.771562195416",
"2/16/2012","-51.875","-4.83955001831055","219","26.587","21.117","3.704453064","0.937724246537013","0.953333786301478","7.65618619662",
"2/17/2012","-51.875","-4.83955001831055","219","26.815","20.208","21.03710364","1.17914193419925","0.951244551429655","22.350379744368",
"2/18/2012","-51.875","-4.83955001831055","219","26.515","19.262","8.2689249024","1.00504676992835","0.9495831751226","21.343022553708",
"2/19/2012","-51.875","-4.83955001831055","219","31.374","19.35","3.0624388632","1.18956178468425","0.897369090522894","24.39681016122",
"2/20/2012","-51.875","-4.83955001831055","219","29.037","21.585","6.9522855264","1.25727620791222","0.917102633278413","20.765790623436",
"2/21/2012","-51.875","-4.83955001831055","219","29.976","21.632","1.5569685864","1.43571875515135","0.849209943299734","25.081616655036",
"2/22/2012","-51.875","-4.83955001831055","219","30.329","20.135","6.0974128224","1.00007071472506","0.869890929742599","28.109343776292",
"2/23/2012","-51.875","-4.83955001831055","219","30.762","20.849","15.50959884","0.956333739322344","0.910665190598045","25.505707928616",
"2/24/2012","-51.875","-4.83955001831055","219","30.918","22.152","15.346532844","1.48061404371314","0.885398572651535","21.683385131544",
"2/25/2012","-51.875","-4.83955001831055","219","25.125","22.267","28.20394224","1.01256260141825","0.973888885143742","15.187038472368",
"2/26/2012","-51.875","-4.83955001831055","219","25.06","21.615","18.532532772","0.923257124783986","0.970345703685918","9.936522868212",
"2/27/2012","-51.875","-4.83955001831055","219","29.22","21.049","0.2300262192","1.33888991462458","0.836010133550559","18.799584618078",
"2/28/2012","-51.875","-4.83955001831055","219","29.197","19.565","7.8037283592","1.02316584806958","0.897526227632758","25.96746385728",
"2/29/2012","-51.875","-4.83955001831055","219","30.15","21.706","3.187751472","1.25397516080233","0.861735122484563","23.809498247772",
"3/1/2012","-51.875","-4.83955001831055","219","31.861","21.611","6.7222565424","1.15805031158098","0.890287516755961","23.808371875542",
"3/2/2012","-51.875","-4.83955001831055","219","28.956","20.971","7.8209002296","1.11300855138","0.929456807189761","27.372513336768",
"3/3/2012","-51.875","-4.83955001831055","219","32.834","21.137","9.3692805912","1.05167047103296","0.859021171820157","24.1085110355352",
"3/4/2012","-51.875","-4.83955001831055","219","33.04","21.029","9.3795849144","1.22796190737075","0.836732323665235","26.4253868693208",
"3/5/2012","-51.875","-4.83955001831055","219","27.35","19.732","8.37878598","0.844063696543939","0.946755104572331","22.700739133008",
"3/6/2012","-51.875","-4.83955001831055","219","25.353","22.199","46.199214","0.860039205556533","0.976435790506153","12.4239123865224",
"3/7/2012","-51.875","-4.83955001831055","219","23.557","19.855","105.798376728","0.749223373087844","0.981313129700141","3.501011458566",
"3/8/2012","-51.875","-4.83955001831055","219","29.088","20.452","2.2470469812","0.979549228750128","0.872162664188598","16.581460954518",
"3/9/2012","-51.875","-4.83955001831055","219","25.655","21.04","20.67318","0.831270669596005","0.976192829502939","9.628425541692",
"3/10/2012","-51.875","-4.83955001831055","219","30.484","21.249","4.2400406736","1.23476155015197","0.872157332598888","20.1411264805996",
"3/11/2012","-51.875","-4.83955001831055","219","30.407","20.625","6.636430584","0.754659058691527","0.919136270382764","18.20919244914",
"3/12/2012","-51.875","-4.83955001831055","219","34.452","20.382","5.105204928","1.08739338230304","0.869506158118097","20.628652681728",
"3/13/2012","-51.875","-4.83955001831055","219","30.31","21.946","16.22543472","1.14688623122206","0.936568194955803","27.5340629395188",
"3/14/2012","-51.875","-4.83955001831055","219","25.815","20.895","10.323708228","0.871118198147333","0.971892516977049","15.255015281064",
"3/15/2012","-51.875","-4.83955001831055","219","26.04","20.973","12.347602668","0.649776013715404","0.96967452982548","16.6799741081465",
"3/16/2012","-51.875","-4.83955001831055","219","26.277","20.76","12.6291256704","0.640338385117061","0.97053455518331","18.437345182044",
"3/17/2012","-51.875","-4.83955001831055","219","25.605","20.173","65.8767825864","0.860528910888621","0.965642322817665","6.036624601992",
"3/18/2012","-51.875","-4.83955001831055","219","27.988","19.518","8.7427160784","0.613627074597397","0.937429912028647","12.3663188019168",
"3/19/2012","-51.875","-4.83955001831055","219","27.977","21.388","13.774113036","0.952415982098699","0.946145657189668","22.296910266828",
"3/20/2012","-51.875","-4.83955001831055","219","29.657","22.501","14.1706404","1.13292349727472","0.935925774316439","21.366361579212",
"3/21/2012","-51.875","-4.83955001831055","219","29.005","22.327","3.230664768","1.36547886650337","0.905059719173735","15.12254268918",
"3/22/2012","-51.875","-4.83955001831055","219","30.824","21.898","3.107070936","1.0294008012485","0.870464571090849","20.317041779904",
"3/23/2012","-51.875","-4.83955001831055","219","27.032","22.831","33.7572144","0.595793514400886","0.968887380071298","10.849575716748",
"3/24/2012","-51.875","-4.83955001831055","219","28.313","21.709","21.948635664","0.708258011600828","0.964500973436622","21.860165639124",
"3/25/2012","-51.875","-4.83955001831055","219","30.427","21.745","22.2799350744","1.54543342930396","0.888182434951314","20.763007706376",
"3/26/2012","-51.875","-4.83955001831055","219","26.616","22.336","16.9326773064","0.935483268278755","0.967469328714912","23.5247626287979",
"3/27/2012","-51.875","-4.83955001831055","219","24.766","21.235","29.33692668","0.680351944815876","0.975898398978145","4.608698868504",
"3/28/2012","-51.875","-4.83955001831055","219","26.485","21.066","19.7410559328","1.08667189431224","0.970159217989092","23.263323590052",
"3/29/2012","-51.875","-4.83955001831055","219","29.084","21.773","13.5097473024","0.991738706994226","0.903021756465424","23.2843069299168",
"3/30/2012","-51.875","-4.83955001831055","219","30.009","22.211","56.4183108","0.934637657608248","0.95468748097348","15.1660889122572",
"3/31/2012","-51.875","-4.83955001831055","219","28.94","22.393","10.577775672","1.34601401231774","0.900174851733142","18.799758340128",
"4/1/2012","-51.875","-4.83955001831055","219","27.144","21.981","10.368354744","1.00060927384821","0.94916649603502","24.827778910872",
"4/2/2012","-51.875","-4.83955001831055","219","30.301","22.487","2.48222358","1.10065189770083","0.871775597580545","18.897328834524",
"4/3/2012","-51.875","-4.83955001831055","219","33.109","21.831","3.42807804","1.17988592396098","0.851833053821677","25.3261500280344",
"4/4/2012","-51.875","-4.83955001831055","219","32.775","22.333","6.2433197424","1.26601574984483","0.856123371607791","25.386167889108",
"4/5/2012","-51.875","-4.83955001831055","219","32.224","23.136","4.205707524","1.31472129524504","0.861584436561722","21.83027269464",
"4/6/2012","-51.875","-4.83955001831055","219","30.6","22.067","2.4787885536","0.99428658853921","0.859955758845237","24.034620316788",
"4/7/2012","-51.875","-4.83955001831055","219","30.811","21.823","4.318999308","1.04339971443545","0.915146612160999","14.8646049212056",
"4/8/2012","-51.875","-4.83955001831055","219","27.28","21.826","7.7350635504","0.739412372322687","0.958046640453497","19.504064416554",
"4/9/2012","-51.875","-4.83955001831055","219","26.291","22.294","10.612103112","0.726363168723966","0.968797803394613","12.7973602393812",
"4/10/2012","-51.875","-4.83955001831055","219","31.344","22.475","0.971603568","1.51599330088405","0.804695810431298","22.1941949086836",
"4/11/2012","-51.875","-4.83955001831055","219","29.772","22.098","4.6606072176","1.28282998028246","0.876604755140409","20.538100014372",
"4/12/2012","-51.875","-4.83955001831055","219","32.487","22.626","0.5647655376","1.38343906739856","0.790509135866326","26.312209725132",
"4/13/2012","-51.875","-4.83955001831055","219","32.149","21.74","6.77719908","1.06204552643707","0.880738308402787","25.193179553796",
"4/14/2012","-51.875","-4.83955001831055","219","27.247","22.496","21.764952","0.823867559578752","0.966889342711086","12.480687519372",
"4/15/2012","-51.875","-4.83955001831055","219","29.601","22.755","29.965208976","0.741001276657487","0.948085252187969","16.0322453496",
"4/16/2012","-51.875","-4.83955001831055","219","26.951","21.983","16.1567678664","1.06460612257951","0.956446742912242","21.985419092616",
"4/17/2012","-51.875","-4.83955001831055","219","27.343","21.825","9.8327671848","1.25171712594651","0.955010484178921","24.6174376402044",
"4/18/2012","-51.875","-4.83955001831055","219","30.271","22.472","16.108704","1.26994053557525","0.866952111661603","21.9966773823504",
"4/19/2012","-51.875","-4.83955001831055","219","32.652","22.066","2.8650295332","1.04559213152797","0.857532128294557","20.7920230577424",
"4/20/2012","-51.875","-4.83955001831055","219","31.947","20.493","0.5699155824","1.26847655159799","0.815779810184456","26.013531707388",
"4/21/2012","-51.875","-4.83955001831055","219","32.59","21.255","0.0652313088","1.40961760312339","0.80062609813706","24.501336027804",
"4/22/2012","-51.875","-4.83955001831055","219","28.324","21.222","12.47634864","1.16494428210045","0.932227339327004","25.0319795333004",
"4/23/2012","-51.875","-4.83955001831055","219","27.548","22.867","17.52833952","1.12664792589365","0.955111268511786","23.7988567404",
"4/24/2012","-51.875","-4.83955001831055","219","27.09","22.827","21.14353116","0.764449540895892","0.960626279342021","9.167884665408",
"4/25/2012","-51.875","-4.83955001831055","219","29.02","22.385","4.1713722","1.14673166183373","0.898812177734112","21.127949728812",
"4/26/2012","-51.875","-4.83955001831055","219","31.435","21.74","0.1235962152","1.25437140496819","0.817350271527929","20.714918869944",
"4/27/2012","-51.875","-4.83955001831055","219","32.712","22.488","2.1440492064","1.06084830799681","0.846709101962967","21.450046663512",
"4/28/2012","-51.875","-4.83955001831055","219","33.449","21.639","5.191038036","1.12025026908263","0.862543303834161","20.95958033244",
"4/29/2012","-51.875","-4.83955001831055","219","33.985","22.4","0.2952576144","0.832635774258745","0.797908592907436","17.426200952088",
"4/30/2012","-51.875","-4.83955001831055","219","33.887","18.984","0.580215672","1.06480892321484","0.758196402640926","23.304626056188",
"5/1/2012","-51.875","-4.83955001831055","219","32.326","21.069","4.147337268","1.16219569969673","0.831165075844261","24.764273297928",
"5/2/2012","-51.875","-4.83955001831055","219","31.793","21.657","10.8764658","1.0021804569125","0.888487765311945","24.451177017204",
"5/3/2012","-51.875","-4.83955001831055","219","29.709","20.438","10.33057836","1.07199395453928","0.878825745018274","24.481028754828",
"5/4/2012","-51.875","-4.83955001831055","219","30.707","22.129","10.5297104448","0.942875192852925","0.87669961964026","13.266152360712",
"5/5/2012","-51.875","-4.83955001831055","219","32.511","21.002","0.21286044","0.92240855405066","0.818184329494238","13.660645319928",
"5/6/2012","-51.875","-4.83955001831055","219","33.514","19.919","0","1.16737301114454","0.673936821445112","25.175939173776",
"5/7/2012","-51.875","-4.83955001831055","219","33.828","20.037","0.202560372","1.12900859111307","0.670149013411927","24.876187285176",
"5/8/2012","-51.875","-4.83955001831055","219","34.329","20.189","0.738144","1.15195817206573","0.715491265572138","20.304367841736",
"5/9/2012","-51.875","-4.83955001831055","219","32.292","22.946","0.3055571208","1.47611623174955","0.771200501749679","13.698455450868",
"5/10/2012","-51.875","-4.83955001831055","219","32.604","21.284","0.1613616732","1.29265013691722","0.764143162657122","22.490729988084",
"5/11/2012","-51.875","-4.83955001831055","219","30.886","21.211","2.082252186","1.37395699570237","0.819170260838328","24.335258070816",
"5/12/2012","-51.875","-4.83955001831055","219","33.661","22.92","1.853943444","1.51544476537794","0.795218551875808","20.5289849389752",
"5/13/2012","-51.875","-4.83955001831055","219","32.375","20.092","2.9302573248","0.961913161167734","0.895957859047554","14.17480308828",
"5/14/2012","-51.875","-4.83955001831055","219","31.552","22.4","5.769542232","0.885764914888404","0.877038070399418","23.710439692944",
"5/15/2012","-51.875","-4.83955001831055","219","32.609","21.685","0.87890724","1.19643121769653","0.826140587590329","17.896659898428",
"5/16/2012","-51.875","-4.83955001831055","219","27.793","19.655","6.845854104","0.759918964729951","0.936183262205135","21.5355264768",
"5/17/2012","-51.875","-4.83955001831055","219","27.719","21.184","5.20477128","0.977556326305378","0.94138169520067","21.536295713388",
"5/18/2012","-51.875","-4.83955001831055","219","30.985","21.534","2.39810958","1.21143755866892","0.859969229958328","19.8485641303272",
"5/19/2012","-51.875","-4.83955001831055","219","31.848","21.12","3.948209676","1.32174809956393","0.857451889748487","23.597232786504",
"5/20/2012","-51.875","-4.83955001831055","219","31.531","21.228","2.859878412","1.29267567231429","0.849942209394664","23.22515127618",
"5/21/2012","-51.875","-4.83955001831055","219","31.141","20.83","1.90715796","1.42136847144545","0.83320766139054","23.5176456450204",
"5/22/2012","-51.875","-4.83955001831055","219","32.008","20.615","5.707739052","1.14933661380734","0.836760779577255","22.6677701325384",
"5/23/2012","-51.875","-4.83955001831055","219","31.776","21.291","7.935907572","1.14178818017357","0.867259988700947","23.560686219852",
"5/24/2012","-51.875","-4.83955001831055","219","32.69","20.653","0.8806212252","1.1764390617311","0.812173281802384","21.586030978896",
"5/25/2012","-51.875","-4.83955001831055","219","32.843","21.25","4.1233099464","1.01236644495225","0.815397193633329","16.531350659316",
"5/26/2012","-51.875","-4.83955001831055","219","33.402","21.319","2.22473232","1.02996115369519","0.779425687084128","23.442874320474",
"5/27/2012","-51.875","-4.83955001831055","219","33.149","20.967","0","1.44311305059304","0.66798455176122","23.427523159596",
"5/28/2012","-51.875","-4.83955001831055","219","33.711","21.817","0.0171661356","1.33386071595831","0.659602396034243","18.576624610116",
"5/29/2012","-51.875","-4.83955001831055","219","34.004","20.494","0","1.05188789288555","0.66061749479239","19.404171234072",
"5/30/2012","-51.875","-4.83955001831055","219","33.84","22.091","0.83427426","1.12836249706691","0.711905801572187","16.18192918494",
"5/31/2012","-51.875","-4.83955001831055","219","32.66","20.857","0.16136172","1.35327747002629","0.695564564273096","21.41879888349",
"6/1/2012","-51.875","-4.83955001831055","219","34.209","21.22","0.116729676","1.17454567302902","0.680907626075867","17.2775679981624",
"6/2/2012","-51.875","-4.83955001831055","219","34.509","21.555","0.1287460584","1.1112889975183","0.675227763932011","18.261464566212",
"6/3/2012","-51.875","-4.83955001831055","219","28.545","22.052","7.4054706264","1.387628504772","0.85027687525771","15.9155062333128",
"6/4/2012","-51.875","-4.83955001831055","219","29.696","20.794","0.0446319576","1.44966595440202","0.792689442094954","15.0513397242264",
"6/5/2012","-51.875","-4.83955001831055","219","32.12","21.156","0.2128597992","1.41149484468196","0.743295786390476","20.905628988744",
"6/6/2012","-51.875","-4.83955001831055","219","33.786","21.267","0","1.1858448613112","0.670067608624017","17.9967753558",
"6/7/2012","-51.875","-4.83955001831055","219","34.758","21.419","0","1.25412300657142","0.611667468047921","18.223139757276",
"6/8/2012","-51.875","-4.83955001831055","219","34.767","20.481","0","1.1369345908172","0.611979302869009","23.483638234332",
"6/9/2012","-51.875","-4.83955001831055","219","33.531","21.855","0.0068664528","1.0351512499763","0.654451905091765","15.55789938894",
"6/10/2012","-51.875","-4.83955001831055","219","33.151","22.078","0.820541592","1.03743138481342","0.775852849307424","12.8650837509252",
"6/11/2012","-51.875","-4.83955001831055","219","33.994","20.069","0","1.24968479463372","0.67171419905084","23.413411803456",
"6/12/2012","-51.875","-4.83955001831055","219","33.856","20.805","0","1.39971766401642","0.567861506296889","23.5010911023",
"6/13/2012","-51.875","-4.83955001831055","219","33.337","21.162","0","1.21935335877569","0.650562781642723","17.755834043736",
"6/14/2012","-51.875","-4.83955001831055","219","33.57","20.19","0","0.943883438919468","0.686478168974515","16.776899749836",
"6/15/2012","-51.875","-4.83955001831055","219","34.232","22.995","0.0240326064","0.999266195343083","0.584469559161347","13.638884343804",
"6/16/2012","-51.875","-4.83955001831055","219","34.548","21.117","1.95350292","1.42456258704979","0.760966319464149","17.55923548068",
"6/17/2012","-51.875","-4.83955001831055","219","33.459","21.386","0.065231352","1.12501771430592","0.779040366991732","18.4933146106188",
"6/18/2012","-51.875","-4.83955001831055","219","30.037","20.669","0.97846974","1.25781085660435","0.819800134225844","13.868564065164",
"6/19/2012","-51.875","-4.83955001831055","219","33.235","21.068","1.919175732","1.16577277601854","0.791425845418877","19.6657801299216",
"6/20/2012","-51.875","-4.83955001831055","219","33.399","20.654","0.7793426592","1.50083830877178","0.759076516296795","20.995841369844",
"6/21/2012","-51.875","-4.83955001831055","219","34.468","20.939","0","1.40324608315623","0.644324286350272","23.046637272912",
"6/22/2012","-51.875","-4.83955001831055","219","33.327","21.699","1.5930169128","1.32137514415702","0.637265197744792","15.5150718354252",
"6/23/2012","-51.875","-4.83955001831055","219","31.116","21.382","6.052781412","1.2950563976569","0.87783548523396","15.062923380708",
"6/24/2012","-51.875","-4.83955001831055","219","34.016","20.917","0.3124237104","1.14991528250059","0.781417042246591","13.799631641652",
"6/25/2012","-51.875","-4.83955001831055","219","27.316","20.037","14.85557208","0.862301423937257","0.935148957420187","22.2439334319864",
"6/26/2012","-51.875","-4.83955001831055","219","33.214","19.76","0.034332264","1.28412479561163","0.703191315756615","22.122925641612",
"6/27/2012","-51.875","-4.83955001831055","219","33.716","20.628","0.54588312","1.32274036019223","0.691408093380381","16.5862369437624",
"6/28/2012","-51.875","-4.83955001831055","219","34.107","21.221","0","1.27067747078194","0.542338155251566","23.4739914528888",
"6/29/2012","-51.875","-4.83955001831055","219","34.053","19.923","0","1.16808583557572","0.541374568634597","23.434244288892",
"6/30/2012","-51.875","-4.83955001831055","219","32.508","20.288","0","1.12688148721713","0.619460544611986","13.2627130787664",
"7/1/2012","-51.875","-4.83955001831055","219","34.288","19.429","0","1.18237080315949","0.592925310602814","23.667067302876",
"7/2/2012","-51.875","-4.83955001831055","219","34.452","18.425","0","1.17454620231958","0.56240323367661","19.7430914751912",
"7/3/2012","-51.875","-4.83955001831055","219","34.305","19.921","0.0034332264","1.30695851588587","0.533276080998237","23.144413552236",
"7/4/2012","-51.875","-4.83955001831055","219","33.855","21.229","0.37078884","1.42849349543865","0.624855780922176","18.7141508456004",
"7/5/2012","-51.875","-4.83955001831055","219","33.187","21.515","0.5699156904","1.30242829450904","0.764858774168656","14.307595097616",
"7/6/2012","-51.875","-4.83955001831055","219","34.434","19.877","0.0017166132","1.04242017696614","0.677227644679193","23.569932421728",
"7/7/2012","-51.875","-4.83955001831055","219","34.741","17.332","0","0.957676830803213","0.584455099782782","24.144533019504",
"7/8/2012","-51.875","-4.83955001831055","219","35.118","21.647","0","1.15011625442692","0.474005496050507","16.9933589656812",
"7/9/2012","-51.875","-4.83955001831055","219","35.116","19.143","0","1.03232341521436","0.540638785105863","23.662044841932",
"7/10/2012","-51.875","-4.83955001831055","219","35.2","19.468","3.5396563464","0.961284287538349","0.711396558307435","21.4139313758736",
"7/11/2012","-51.875","-4.83955001831055","219","32.092","22.007","1.246261212","1.26167516740916","0.792913119122547","15.909654332772",
"7/12/2012","-51.875","-4.83955001831055","219","31.515","20.653","0.8033749704","1.16112172753918","0.811278086600376","20.68288710498",
"7/13/2012","-51.875","-4.83955001831055","219","35.566","17.878","0.0102996864","0.743581765763648","0.704687494436171","19.6252899692681",
"7/14/2012","-51.875","-4.83955001831055","219","33.943","20.681","4.2503364","1.43003541153897","0.741739366662193","20.225270186046",
"7/15/2012","-51.875","-4.83955001831055","219","32.13","21.353","5.0056512048","1.09185615915715","0.915882515186581","15.1867325805372",
"7/16/2012","-51.875","-4.83955001831055","219","33.333","22.346","2.4393096288","1.13069243096864","0.741362192766186","19.2362289442416",
"7/17/2012","-51.875","-4.83955001831055","219","34.37","19.278","0","1.28680519182028","0.641035405591687","24.039066735936",
"7/18/2012","-51.875","-4.83955001831055","219","34.975","17.774","0","1.29041707292979","0.551021797113647","24.3358798719384",
"7/19/2012","-51.875","-4.83955001831055","219","34.589","18.257","0","1.32217276648288","0.528963805212225","23.906380965984",
"7/20/2012","-51.875","-4.83955001831055","219","33.941","22.375","0.67634496","1.17067369187049","0.621444409763462","18.5386073118156",
"7/21/2012","-51.875","-4.83955001831055","219","32.838","20.612","1.6342172784","1.31744758931271","0.749618332833805","16.010534511972",
"7/22/2012","-51.875","-4.83955001831055","219","33.826","20.837","1.3595582664","1.25596417625858","0.700402988510691","19.251571049136",
"7/23/2012","-51.875","-4.83955001831055","219","35.754","18.923","0","1.42638250796449","0.520167749664848","24.0703824854088",
"7/24/2012","-51.875","-4.83955001831055","219","35.872","17.762","0","1.22706232626651","0.595233535884148","17.298686697696",
"7/25/2012","-51.875","-4.83955001831055","219","36.309","20.554","0.0102996792","1.20752263198799","0.661128621407657","16.0269431429916",
"7/26/2012","-51.875","-4.83955001831055","219","36.398","20.014","0.540733572","1.11470983634506","0.66366623375561","17.8213277088108",
"7/27/2012","-51.875","-4.83955001831055","219","36.038","20.659","0","1.31617642218073","0.547859471515279","25.070486076756",
"7/28/2012","-51.875","-4.83955001831055","219","36.326","20.238","0","1.40397740391962","0.479481375266658","24.909994338246",
"7/29/2012","-51.875","-4.83955001831055","219","34.586","19.846","0","1.28502740754074","0.562810844418084","21.78137109258",
"7/30/2012","-51.875","-4.83955001831055","219","35.688","21.122","0","1.38758458129298","0.530958407516563","25.088652320688",
"7/31/2012","-51.875","-4.83955001831055","219","35.11","20.439","0","1.62527684596884","0.428740067616984","23.463560381706",
"8/1/2012","-51.875","-4.83955001831055","219","34.605","19.84","0","1.62810198196524","0.45224297475651","25.5728815560713",
"8/2/2012","-51.875","-4.83955001831055","219","35.394","19.803","0","1.4290608399625","0.462160096690983","25.6457609233812",
"8/3/2012","-51.875","-4.83955001831055","219","36.998","15.841","0","0.956661793411804","0.553074608418829","25.844777446608",
"8/4/2012","-51.875","-4.83955001831055","219","36.387","18.205","0","1.38207555018202","0.426101721770114","25.6719757080096",
"8/5/2012","-51.875","-4.83955001831055","219","36.178","18.182","0","1.3239114432367","0.432218956575627","25.882812268344",
"8/6/2012","-51.875","-4.83955001831055","219","36.773","18.673","0.0017166132","1.19035720154905","0.465419209227475","25.736594219172",
"8/7/2012","-51.875","-4.83955001831055","219","33.497","20.984","0.4188535812","1.67966833267364","0.573469779258835","23.9103149461992",
"8/8/2012","-51.875","-4.83955001831055","219","33.839","21.985","1.641082716","1.48756695623138","0.702262993689504","16.825348709352",
"8/9/2012","-51.875","-4.83955001831055","219","34.388","20.835","1.338958368","1.44200658822473","0.729309706219922","18.161784795204",
"8/10/2012","-51.875","-4.83955001831055","219","35.557","20.714","1.02310164","1.31240100448121","0.678320396439001","24.31778750406",
"8/11/2012","-51.875","-4.83955001831055","219","35.102","20.175","1.0540011384","1.22264290528175","0.715013064987211","16.7607097197804",
"8/12/2012","-51.875","-4.83955001831055","219","35.462","21.362","1.79214372","1.02524733939519","0.67177471501803","18.156849664032",
"8/13/2012","-51.875","-4.83955001831055","219","35.698","20.315","0","1.38232025224709","0.636698410067085","24.2379486812052",
"8/14/2012","-51.875","-4.83955001831055","219","36.462","20.814","0","1.60803800433318","0.458583780659547","23.88195703566",
"8/15/2012","-51.875","-4.83955001831055","219","34.406","20.703","0","1.47759768926299","0.559974391506215","21.9468060927",
"8/16/2012","-51.875","-4.83955001831055","219","36.253","20.591","0.0017166132","1.56046653223606","0.567752147980912","25.84457983197",
"8/17/2012","-51.875","-4.83955001831055","219","36.679","20.714","0","1.51159809869354","0.431464517689061","26.1134720984916",
"8/18/2012","-51.875","-4.83955001831055","219","36.611","19.912","0","1.41943198711417","0.448622008200763","24.327842691168",
"8/19/2012","-51.875","-4.83955001831055","219","36.277","21.178","0","1.40789010456735","0.377301550277631","19.938861299736",
"8/20/2012","-51.875","-4.83955001831055","219","37.903","21.663","0","1.47420544456169","0.363886417163406","24.395677104312",
"8/21/2012","-51.875","-4.83955001831055","219","36.159","20.135","0","1.76554681233041","0.351658618133534","26.87781354282",
"8/22/2012","-51.875","-4.83955001831055","219","35.358","19.698","0","1.19217123156256","0.460192487657817","16.621097308308",
"8/23/2012","-51.875","-4.83955001831055","219","34.653","21.588","0","1.27062321937075","0.542691768477574","17.4743451949788",
"8/24/2012","-51.875","-4.83955001831055","219","33.972","20.6","0.0034332264","1.49137153388725","0.566130211630854","21.5678734536877",
"8/25/2012","-51.875","-4.83955001831055","219","36.746","21.533","0","1.68287973652663","0.373859662335766","27.1033681613004",
"8/26/2012","-51.875","-4.83955001831055","219","36.727","19.571","0","1.46853418640465","0.43918041006006","26.780665579272",
"8/27/2012","-51.875","-4.83955001831055","219","35.65","20.337","2.37922668","1.36299859116454","0.573544837817915","23.879324238156",
"8/28/2012","-51.875","-4.83955001831055","219","35.111","22.667","0.02746584","1.33254471751365","0.546472385779921","17.713248199578",
"8/29/2012","-51.875","-4.83955001831055","219","35.342","21.875","0.022315986","1.40152179194015","0.538165872767038","20.271349072656",
"8/30/2012","-51.875","-4.83955001831055","219","37.856","21.595","0.470351772","1.24299324533883","0.587928428891628","18.835223486616",
"8/31/2012","-51.875","-4.83955001831055","219","36.069","20.877","18.20298132","1.26387524741337","0.752323981204385","18.689491972872",
"9/1/2012","-51.875","-4.83955001831055","219","35.671","22.263","3.9688088328","1.13728576863764","0.747526633438853","19.927603885284",
"9/2/2012","-51.875","-4.83955001831055","219","36.747","21.41","0.56304936","1.34497321589133","0.648614439138508","19.0701382063428",
"9/3/2012","-51.875","-4.83955001831055","219","37.472","21.533","0.168228","1.44264440392908","0.559838348475391","20.516100231888",
"9/4/2012","-51.875","-4.83955001831055","219","37.117","21.926","0.2540588184","1.43650972375814","0.603729670047377","15.710708545704",
"9/5/2012","-51.875","-4.83955001831055","219","34.522","23.067","0","1.79404327124197","0.560248696670555","24.31863892368",
"9/6/2012","-51.875","-4.83955001831055","219","35.262","22.043","0.0205993656","1.3216446377164","0.590767053697765","18.48816169632",
"9/7/2012","-51.875","-4.83955001831055","219","35.512","22.222","0.078964164","1.79179740609943","0.576729926849667","20.9593472088636",
"9/8/2012","-51.875","-4.83955001831055","219","37.52","18.255","0.058364892","1.41062365645569","0.536728942246226","25.5863198099124",
"9/9/2012","-51.875","-4.83955001831055","219","39.56","19.238","0","1.31843260915473","0.416758430216475","27.8278479330228",
"9/10/2012","-51.875","-4.83955001831055","219","38.56","22.572","0.02059938","1.57270171683035","0.51516834238666","22.5332428023",
"9/11/2012","-51.875","-4.83955001831055","219","38.379","22.25","0.164794788","1.64344319445082","0.591215791902835","20.603673246564",
"9/12/2012","-51.875","-4.83955001831055","219","35.759","21.861","0.4119872472","1.85212161448963","0.622938071361973","21.9234051440186",
"9/13/2012","-51.875","-4.83955001831055","219","37.971","21.563","0","1.54445888487465","0.499886752000658","27.5749684111764",
"9/14/2012","-51.875","-4.83955001831055","219","38.771","23.237","1.62391572","1.86269897835268","0.569961898976442","22.1083342766892",
"9/15/2012","-51.875","-4.83955001831055","219","34.254","22.106","3.03840684","1.62979397624449","0.718696001299522","26.757427755132",
"9/16/2012","-51.875","-4.83955001831055","219","35.156","21.833","0.92353824","1.39029813860085","0.588976900081206","22.070301384227",
"9/17/2012","-51.875","-4.83955001831055","219","35.569","22.93","1.8093096","1.74930789210154","0.561384336927199","19.4257599165",
"9/18/2012","-51.875","-4.83955001831055","219","34.508","21.71","1.6685476776","1.61376452096635","0.675864407249461","24.814644299514",
"9/19/2012","-51.875","-4.83955001831055","219","37.375","22.005","1.08833292","1.5211983108656","0.665240957081042","23.478501745224",
"9/20/2012","-51.875","-4.83955001831055","219","35.43","20.996","0.0017166132","1.41985795657314","0.612704136261051","17.329865064912",
"9/21/2012","-51.875","-4.83955001831055","219","37.727","23.112","0.00686646","1.52650284773993","0.546619141598361","22.97432261898",
"9/22/2012","-51.875","-4.83955001831055","219","36.654","23.004","0.2677918176","1.31948374447494","0.606105674907526","19.44850109004",
"9/23/2012","-51.875","-4.83955001831055","219","37.108","19.688","2.4890908104","1.18811013098278","0.676337359958283","19.800420880932",
"9/24/2012","-51.875","-4.83955001831055","219","36.267","21.881","2.04963552","1.94765150040212","0.671873380551881","27.2175696343656",
"9/25/2012","-51.875","-4.83955001831055","219","36.488","22.566","0.05149836","2.01166109650118","0.594714433641424","24.194227878936",
"9/26/2012","-51.875","-4.83955001831055","219","34.968","21.413","1.5930141984","1.32590040811984","0.658943297444806","19.71004346838",
"9/27/2012","-51.875","-4.83955001831055","219","38.354","21.807","5.48286768","1.47500672547152","0.691920527269916","21.0295933191",
"9/28/2012","-51.875","-4.83955001831055","219","32.428","22.248","7.82775468","1.45362219149529","0.85610216834781","23.85116030682",
"9/29/2012","-51.875","-4.83955001831055","219","31.269","21.675","3.3731455464","1.4768090412685","0.800070382338463","26.299140233328",
"9/30/2012","-51.875","-4.83955001831055","219","34.534","21.876","0.9338382864","1.02584034992325","0.696071632775119","19.624396060008",
"10/1/2012","-51.875","-4.83955001831055","219","36.999","21.067","1.1947634784","1.43531121614422","0.651531391173155","22.2623162853696",
"10/2/2012","-51.875","-4.83955001831055","219","37.763","21.62","0.92010528","1.38134966544622","0.643707110286985","21.035009426094",
"10/3/2012","-51.875","-4.83955001831055","219","36.263","22.649","1.19132982","1.72100101858173","0.62582759831772","20.9145573035089",
"10/4/2012","-51.875","-4.83955001831055","219","36.906","23.374","0.4085538264","1.94463162923518","0.594892420931312","24.517716712632",
"10/5/2012","-51.875","-4.83955001831055","219","36.277","23.641","0.0926971632","1.92625702795173","0.634933989963069","20.745457385904",
"10/6/2012","-51.875","-4.83955001831055","219","35.464","23.696","0.6746289408","1.73113744509517","0.702370908729816","16.33512998466",
"10/7/2012","-51.875","-4.83955001831055","219","36.449","22.432","0.240325776","1.91237333801098","0.655119493551024","26.013186005328",
"10/8/2012","-51.875","-4.83955001831055","219","38.494","20.854","0.068664564","1.4555796490496","0.560163803638084","25.9935054485904",
"10/9/2012","-51.875","-4.83955001831055","219","40.483","23.753","2.609253504","1.45232359263193","0.514373182999586","25.828337289492",
"10/10/2012","-51.875","-4.83955001831055","219","28.802","22.642","20.8156607064","1.23151411088228","0.910256198185115","26.0622033626052",
"10/11/2012","-51.875","-4.83955001831055","219","27.126","21.592","18.66645828","1.13372355473228","0.942877194862037","20.772113783616",
"10/12/2012","-51.875","-4.83955001831055","219","29.776","21.631","12.349317672","0.821189924245374","0.89442119973911","22.959938143116",
"10/13/2012","-51.875","-4.83955001831055","219","33.268","22.588","10.33058556","1.11177287833303","0.869752370682746","19.927732939776",
"10/14/2012","-51.875","-4.83955001831055","219","33.437","22.197","11.0755921464","1.17551037235943","0.842906099161782","26.6637684016224",
"10/15/2012","-51.875","-4.83955001831055","219","31.275","22.206","12.12272604","1.65150597347396","0.842007341828183","22.34783865384",
"10/16/2012","-51.875","-4.83955001831055","219","35.399","21.88","4.332729888","1.54184967135303","0.727306081890053","25.471962071424",
"10/17/2012","-51.875","-4.83955001831055","219","34.11","22.454","0.4737852","1.76483465515346","0.701248938065392","26.8910068718898",
"10/18/2012","-51.875","-4.83955001831055","219","35.692","21.885","2.7774797976","1.29597146354784","0.685164491014256","22.63298442714",
"10/19/2012","-51.875","-4.83955001831055","219","32.997","21.972","9.2491170264","1.49541425617347","0.78760283767577","27.6468103374084",
"10/20/2012","-51.875","-4.83955001831055","219","33.359","21.789","2.0874032784","1.45227717256727","0.776655696695405","26.026978813848",
"10/21/2012","-51.875","-4.83955001831055","219","34.299","21.166","2.7397153584","1.17200341147015","0.754757842208622","22.270055581692",
"10/22/2012","-51.875","-4.83955001831055","219","36.732","20.564","0.4205697264","1.35951645559127","0.617064982321548","24.207448684032",
"10/23/2012","-51.875","-4.83955001831055","219","36.934","21.822","3.56540814","1.5262310532006","0.64506693971866","20.765973781404",
"10/24/2012","-51.875","-4.83955001831055","219","36.412","21.937","3.5018928","1.42729248449635","0.661441767896857","22.666787057952",
"10/25/2012","-51.875","-4.83955001831055","219","37.646","22.324","0.2094269904","1.58403555355157","0.51135775503874","26.1747704776637",
"10/26/2012","-51.875","-4.83955001831055","219","37.151","22.175","1.696012596","1.72469794645891","0.650913841488374","25.37644465656",
"10/27/2012","-51.875","-4.83955001831055","219","36.182","22.641","1.1604312864","1.61129756319826","0.679675164969524","17.1952864209972",
"10/28/2012","-51.875","-4.83955001831055","219","37.213","23.761","0.2162933784","1.1454834539199","0.657650060401933","19.801606899024",
"10/29/2012","-51.875","-4.83955001831055","219","36.289","22.753","0.7587430992","1.7876316862529","0.685011696015897","23.008403813004",
"10/30/2012","-51.875","-4.83955001831055","219","37.129","23.653","0.072097632","1.93331724420826","0.577976020971471","27.21076520868",
"10/31/2012","-51.875","-4.83955001831055","219","39.443","22.431","0.26779176","0.974942860995479","0.599836560369374","21.3347787723",
"11/1/2012","-51.875","-4.83955001831055","219","39.61","25.587","0","1.1265273896898","0.473565472559577","23.045240952828",
"11/2/2012","-51.875","-4.83955001831055","219","33.604","24.375","9.630205992","1.34709156817855","0.686700281258126","26.293849074504",
"11/3/2012","-51.875","-4.83955001831055","219","31.858","22.602","36.62911476","1.11447568877925","0.881471531232495","26.103845609748",
"11/4/2012","-51.875","-4.83955001831055","219","34.109","21.676","1.24282836","1.31153171786921","0.711458113838618","25.846113336624",
"11/5/2012","-51.875","-4.83955001831055","219","35.708","21.919","0","1.24802223991921","0.61747661048292","28.209455858628",
"11/6/2012","-51.875","-4.83955001831055","219","36.104","24.718","0.0308990304","1.45009991661169","0.545008595342368","23.175137844036",
"11/7/2012","-51.875","-4.83955001831055","219","31.755","22.793","6.681060252","1.35449591516063","0.751515721498952","26.8650794124",
"11/8/2012","-51.875","-4.83955001831055","219","31.08","22.179","5.304336444","1.40909485220839","0.75763837769359","27.6942393376344",
"11/9/2012","-51.875","-4.83955001831055","219","35.225","22.303","1.30806","1.72248875883651","0.65207518247318","26.392252224204",
"11/10/2012","-51.875","-4.83955001831055","219","35.448","23.236","0.6849291996","1.66479103382414","0.604505651803271","21.453581837412",
"11/11/2012","-51.875","-4.83955001831055","219","31.318","23.329","17.128380636","1.34803112428612","0.89053854923339","18.309592180494",
"11/12/2012","-51.875","-4.83955001831055","219","30.878","22.843","8.734130856","1.22480379897805","0.872957031789749","15.992680517352",
"11/13/2012","-51.875","-4.83955001831055","219","34.429","22.487","4.5249948","1.18026907448288","0.752521185067684","27.179325522216",
"11/14/2012","-51.875","-4.83955001831055","219","35.825","22.978","0","1.58974591512481","0.616079670108456","26.702479995048",
"11/15/2012","-51.875","-4.83955001831055","219","31.657","22.806","0.5699155032","1.83987118058353","0.759529049656492","14.415444674136",
"11/16/2012","-51.875","-4.83955001831055","219","34.694","22.167","0.5939484552","1.32168162081343","0.716829426068615","16.094953968588",
"11/17/2012","-51.875","-4.83955001831055","219","35.228","23.984","0.0137329056","1.1411416696194","0.657516718123021","11.294282717064",
"11/18/2012","-51.875","-4.83955001831055","219","33.808","22.597","0.0068664528","1.2520637472365","0.636364064439586","19.6828562487553",
"11/19/2012","-51.875","-4.83955001831055","219","36.753","22.136","0.075530988","1.52421437951602","0.545996153823418","24.63210668718",
"11/20/2012","-51.875","-4.83955001831055","219","35.113","23.758","0","1.64973494020137","0.557577943172912","23.04741785598",
"11/21/2012","-51.875","-4.83955001831055","219","36.063","23.302","1.2565613448","1.53306771994475","0.646012807359579","16.848806631696",
"11/22/2012","-51.875","-4.83955001831055","219","35.76","22.942","0.0017166132","1.73800077757658","0.603783268776116","22.852057572252",
"11/23/2012","-51.875","-4.83955001831055","219","37.672","23.286","0.5905152","1.39254396238628","0.543275036422058","24.312016010196",
"11/24/2012","-51.875","-4.83955001831055","219","38.024","22.598","0.7381439064","1.43200900927633","0.564689216692943","22.575132924948",
"11/25/2012","-51.875","-4.83955001831055","219","33.148","22.745","0.3810879504","1.39026698455758","0.724682425753437","12.580828853076",
"11/26/2012","-51.875","-4.83955001831055","219","34.629","23.461","1.1329650648","1.2615090871613","0.695688497505165","21.665764869264",
"11/27/2012","-51.875","-4.83955001831055","219","35.928","22.897","2.1474837504","1.48992459847634","0.721736649603168","17.6207265508824",
"11/28/2012","-51.875","-4.83955001831055","219","39.238","23.548","25.24281192","1.34010117730773","0.786896444816494","13.160618566524",
"11/29/2012","-51.875","-4.83955001831055","219","26.434","23.558","186.9564063168","0.972208533508599","0.952709250465148","6.87394052838",
"11/30/2012","-51.875","-4.83955001831055","219","26.372","22.45","10.85243184","0.831638311684243","0.949944623407261","10.5850318279716",
"12/1/2012","-51.875","-4.83955001831055","219","30.301","21.704","16.0572042","1.11518223401927","0.913177608983856","19.152416624436",
"12/2/2012","-51.875","-4.83955001831055","219","27.608","23.293","22.51165464","1.12836761063853","0.949394703321318","16.91750968236",
"12/3/2012","-51.875","-4.83955001831055","219","25.572","20.372","18.6389892","1.04755713067607","0.972725420800808","9.8585658177408",
"12/4/2012","-51.875","-4.83955001831055","219","31.425","20.103","3.603171852","1.04214454021521","0.87840504827575","23.052638669292",
"12/5/2012","-51.875","-4.83955001831055","219","31.784","22.024","0.693512136","1.55907981313503","0.807824624189061","21.053164410504",
"12/6/2012","-51.875","-4.83955001831055","219","30.765","22.076","5.8210404264","1.42605809165337","0.82305195468122","26.891822230704",
"12/7/2012","-51.875","-4.83955001831055","219","27.546","23.199","11.1064924584","1.26552257616321","0.93670179311358","18.159645497724",
"12/8/2012","-51.875","-4.83955001831055","219","30.681","22.582","24.1459168752","1.37291768280324","0.85231749936163","15.891795650016",
"12/9/2012","-51.875","-4.83955001831055","219","27.346","21.198","13.1629863384","0.980047091993289","0.956239982519592","19.770247491948",
"12/10/2012","-51.875","-4.83955001831055","219","31.535","21.888","0.4016876184","1.2550466148329","0.830987081117259","22.981032075564",
"12/11/2012","-51.875","-4.83955001831055","219","27.932","22.35","17.49916332","1.07251529354413","0.947047785784942","26.444126371212",
"12/12/2012","-51.875","-4.83955001831055","219","30.365","22.861","1.780128396","1.23840364199609","0.86061411524958","22.8694485903552",
"12/13/2012","-51.875","-4.83955001831055","219","30.858","22.939","9.043116876","0.933581813722497","0.897158004977695","19.451209144212",
"12/14/2012","-51.875","-4.83955001831055","219","31.967","22.134","6.38237196","1.14032792191465","0.83166409086715","24.80623423974",
"12/15/2012","-51.875","-4.83955001831055","219","29.465","21.67","7.051848084","1.22987292077298","0.868232748380035","27.016153072884",
"12/16/2012","-51.875","-4.83955001831055","219","30.558","21.594","1.893424788","1.16864378024537","0.874362927796548","15.508515654756",
"12/17/2012","-51.875","-4.83955001831055","219","27.396","22.929","5.14297008","0.922586111475093","0.92284124264507","16.8432029757",
"12/18/2012","-51.875","-4.83955001831055","219","28.335","22.707","12.208552884","1.05837421795399","0.947741691508297","18.132494126796",
"12/19/2012","-51.875","-4.83955001831055","219","30.099","22.375","9.571835988","0.995638919565657","0.919742431743086","26.1621348591132",
"12/20/2012","-51.875","-4.83955001831055","219","29.837","21.871","7.78484196","1.24009880303385","0.892526232404106","26.657957958156",
"12/21/2012","-51.875","-4.83955001831055","219","31.321","23.246","6.2931073104","1.03858287189217","0.884787535395846","26.802992449548",
"12/22/2012","-51.875","-4.83955001831055","219","28.794","21.826","12.153625632","0.893824224702221","0.938474284328804","19.1020175572752",
"12/23/2012","-51.875","-4.83955001831055","219","28.994","21.493","34.8300989784","0.948433490554447","0.8854789889652","10.723586591376",
"12/24/2012","-51.875","-4.83955001831055","219","28.696","22.039","8.425143864","1.11385490045039","0.918709826428048","21.5446007690928",
"12/25/2012","-51.875","-4.83955001831055","219","27.151","20.549","7.783119684","0.991556494659989","0.950527124872603","20.898526572216",
"12/26/2012","-51.875","-4.83955001831055","219","30.24","22.558","18.7437085056","1.24816979564388","0.898255660128681","15.29036894484",
"12/27/2012","-51.875","-4.83955001831055","219","30.755","22.391","2.894210784","1.45935420153416","0.840712883487407","21.819721433004",
"12/28/2012","-51.875","-4.83955001831055","219","29.411","21.28","1.704597066","1.17451042526979","0.843006321276517","21.0335341911804",
"12/29/2012","-51.875","-4.83955001831055","219","32.705","21.67","0.5527496304","1.50226478437456","0.774476129859269","24.902413182",
"12/30/2012","-51.875","-4.83955001831055","219","32.482","22","2.9216740104","1.35542872098939","0.809347081290917","22.692213246636",
"12/31/2012","-51.875","-4.83955001831055","219","27.389","22.279","18.3231314064","0.962631610939984","0.953940679274728","23.81993039988",
"1/1/2013","-51.875","-4.83955001831055","219","31.215","22.782","15.42721014","1.24850862463321","0.872258017069684","16.613872039116",
"1/2/2013","-51.875","-4.83955001831055","219","27.26","21.752","12.66517872","1.11763270652669","0.951694248220122","26.970167341044",
"1/3/2013","-51.875","-4.83955001831055","219","27.217","22.385","4.1610722292","1.03837210379965","0.93674159669689","11.92208407596",
"1/4/2013","-51.875","-4.83955001831055","219","25.933","22.413","9.3735655452","1.1345960310846","0.963048930706574","15.5028973968",
"1/5/2013","-51.875","-4.83955001831055","219","28.124","22.16","11.77254288","1.10515852572064","0.908447072288766","15.500196063684",
"1/6/2013","-51.875","-4.83955001831055","219","30.628","20.421","2.5646206968","1.04961564936112","0.864415999489071","25.901977010328",
"1/7/2013","-51.875","-4.83955001831055","219","29.501","20.987","6.432150384","0.954001416954438","0.913688672183115","22.75380224694",
"1/8/2013","-51.875","-4.83955001831055","219","27.743","21.188","7.1445418092","1.10418934494749","0.93669498989489","25.173938612772",
"1/9/2013","-51.875","-4.83955001831055","219","30.191","22.324","8.2929641904","1.12062615333666","0.906378425224204","19.329560291376",
"1/10/2013","-51.875","-4.83955001831055","219","26.562","22.207","12.333872988","0.994532452863465","0.96637704895402","17.432653379364",
"1/11/2013","-51.875","-4.83955001831055","219","25.994","22.579","12.460901724","1.06607384295391","0.968677223472853","14.214419348112",
"1/12/2013","-51.875","-4.83955001831055","219","26.377","22.3","8.23459284","1.25314445377816","0.946877735430498","12.740447333304",
"1/13/2013","-51.875","-4.83955001831055","219","26.91","21.224","9.27143424","0.767639738668171","0.96370440345934","19.98524381994",
"1/14/2013","-51.875","-4.83955001831055","219","27.181","21.896","19.71702486","0.860817353355647","0.966559351480938","20.68228695492",
"1/15/2013","-51.875","-4.83955001831055","219","29.377","22.531","4.01859468","1.21588709944013","0.925546447578726","21.898129523148",
"1/16/2013","-51.875","-4.83955001831055","219","29.043","22.704","6.5291418144","1.09211407078768","0.928017572003527","18.75920479398",
"1/17/2013","-51.875","-4.83955001831055","219","27.671","21.971","7.226086716","0.927483420554151","0.94067033782203","23.598612147348",
"1/18/2013","-51.875","-4.83955001831055","219","27.988","20.896","8.89720074","0.628359106344682","0.94761489155821","22.4284250673",
"1/19/2013","-51.875","-4.83955001831055","219","26.217","23.2","20.118718332","1.21085609079599","0.963147477891145","12.9033964512",
"1/20/2013","-51.875","-4.83955001831055","219","32.49","22.233","2.0101541292","1.67592812321752","0.826651010821535","23.874167666196",
"1/21/2013","-51.875","-4.83955001831055","219","33.728","21.811","0","1.55083091622533","0.725621269066574","26.98785452736",
"1/22/2013","-51.875","-4.83955001831055","219","33.228","22.029","2.8718929332","1.61815855905334","0.737973822941144","28.168494832152",
"1/23/2013","-51.875","-4.83955001831055","219","28.031","23.866","4.0529246184","0.991114600974923","0.912911700407973","12.0814008989076",
"1/24/2013","-51.875","-4.83955001831055","219","29.19","23.139","12.007709928","0.960533679822901","0.939586777980961","16.2294844016916",
"1/25/2013","-51.875","-4.83955001831055","219","27.632","22.797","9.58213206","1.17681841715627","0.936539811288544","19.147443047388",
"1/26/2013","-51.875","-4.83955001831055","219","30.004","23.207","4.9146657048","0.941758660094253","0.889856417728533","26.055617782284",
"1/27/2013","-51.875","-4.83955001831055","219","27.653","22.996","16.043471316","1.08086052806543","0.952755100519933","21.369791569248",
"1/28/2013","-51.875","-4.83955001831055","219","29.96","22.914","13.9062811104","0.804314067565731","0.945424784877917","23.6255501434464",
"1/29/2013","-51.875","-4.83955001831055","219","24.905","23.176","14.215280076","0.684505857948143","0.978557664686332","3.3102607824",
"1/30/2013","-51.875","-4.83955001831055","219","25.977","22.877","14.47620192","0.682132631581314","0.975448452272172","8.189293768524",
"1/31/2013","-51.875","-4.83955001831055","219","27.071","22.596","11.293600032","1.08282266498852","0.964688475644641","20.155481301816",
"2/1/2013","-51.875","-4.83955001831055","219","29.041","22.518","10.042187076","1.13488053962783","0.934783307008888","16.084902865896",
"2/2/2013","-51.875","-4.83955001831055","219","26.519","21.009","10.445596956","0.920782135286684","0.952551273720707","6.2769710242332",
"2/3/2013","-51.875","-4.83955001831055","219","29.992","21.558","10.5983694","1.09005042775466","0.93978181702345","12.305884358412",
"2/4/2013","-51.875","-4.83955001831055","219","28.901","22.859","16.276926492","1.08446895497291","0.949641944909967","25.338882682404",
"2/5/2013","-51.875","-4.83955001831055","219","31.175","22.69","10.713393504","0.979211020218197","0.941172145601046","21.944611318716",
"2/6/2013","-51.875","-4.83955001831055","219","27.551","22.494","5.3077700808","1.15258349008295","0.943272523038424","15.287491962144",
"2/7/2013","-51.875","-4.83955001831055","219","27.355","22.769","8.06465412","1.49377362821545","0.945621215148969","10.49117568606",
"2/8/2013","-51.875","-4.83955001831055","219","28.587","22.13","1.577568672","1.41316755785206","0.89105288646659","13.976419343544",
"2/9/2013","-51.875","-4.83955001831055","219","31.248","22.747","10.70308692","1.49433237308465","0.912122050108596","21.5619352093404",
"2/10/2013","-51.875","-4.83955001831055","219","26.236","22.419","15.490727172","1.05194292453751","0.970204059731334","11.9179030993092",
"2/11/2013","-51.875","-4.83955001831055","219","27.657","22.541","65.38409352","1.04242349383725","0.955256511383679","12.533310367524",
"2/12/2013","-51.875","-4.83955001831055","219","29.056","22.475","14.5414401264","1.01091640076661","0.931410050281267","24.0926332555116",
"2/13/2013","-51.875","-4.83955001831055","219","32.566","22.576","7.7144571","0.73418252768782","0.89906952849333","16.878630881988",
"2/14/2013","-51.875","-4.83955001831055","219","31.878","22.188","6.547160736","1.46418882169954","0.852853142438735","27.518199072228",
"2/15/2013","-51.875","-4.83955001831055","219","31.929","22.617","1.280593836","1.23329538287972","0.808673703902503","25.491492991404",
"2/16/2013","-51.875","-4.83955001831055","219","30.974","21.682","3.8898492768","1.39448281480318","0.877067665225911","24.696693500436",
"2/17/2013","-51.875","-4.83955001831055","219","27.784","22.18","6.9213843504","1.06507010473792","0.934332931354535","21.4856655078384",
"2/18/2013","-51.875","-4.83955001831055","219","26.416","21.454","2.9731750344","0.669637909016065","0.95043087578716","13.402536690528",
"2/19/2013","-51.875","-4.83955001831055","219","32.193","21.324","39.1096172664","0.788848782087378","0.919840253216353","14.174904496896",
"2/20/2013","-51.875","-4.83955001831055","219","28.628","22.313","3.9447777024","1.07261731541987","0.917905667711742","12.061751951268",
"2/21/2013","-51.875","-4.83955001831055","219","28.857","21.085","13.7912801184","0.985843805449746","0.926763036858288","27.0569579874444",
"2/22/2013","-51.875","-4.83955001831055","219","31.363","23.137","11.25755604","0.957886867787291","0.901455071385927","27.9947072750832",
"2/23/2013","-51.875","-4.83955001831055","219","31.573","23.217","8.21914812","1.11204287102563","0.836016552784928","27.503631618444",
"2/24/2013","-51.875","-4.83955001831055","219","33.934","22.114","1.229095764","1.45399117220548","0.766735588906827","27.2151035417196",
"2/25/2013","-51.875","-4.83955001831055","219","32.893","21.34","1.76467788","1.29359755967323","0.800980265386743","22.784759304156",
"2/26/2013","-51.875","-4.83955001831055","219","27.793","22.6","16.92925578","1.19836737750407","0.950073310603402","21.665285995338",
"2/27/2013","-51.875","-4.83955001831055","219","33.175","22.935","2.8701798408","1.39370458867808","0.842752858120437","27.8039874261672",
"2/28/2013","-51.875","-4.83955001831055","219","32.203","22.267","9.3555429624","1.48114718953237","0.863951092906894","26.5952117307384",
"3/1/2013","-51.875","-4.83955001831055","219","33.003","22.159","4.69665432","1.62614370691518","0.843003321082029","27.3813884757252",
"3/2/2013","-51.875","-4.83955001831055","219","30.009","22.831","1.764680796","1.17211412108402","0.866996835238952","15.915592100574",
"3/3/2013","-51.875","-4.83955001831055","219","27.558","22.707","12.96730494","0.806533698732401","0.959594804114308","14.8291474060944",
"3/4/2013","-51.875","-4.83955001831055","219","32.519","23.149","1.9861225128","1.22249469127421","0.814084541446768","20.952013113252",
"3/5/2013","-51.875","-4.83955001831055","219","28.117","22.011","7.9856854344","1.17412610535013","0.94375507092393","25.751447073468",
"3/6/2013","-51.875","-4.83955001831055","219","29.492","22.75","4.257201852","1.32988844379342","0.903403708741466","24.7389447695072",
"3/7/2013","-51.875","-4.83955001831055","219","29.418","22.917","5.271720552","1.46333349255904","0.899632233159181","19.9209954055716",
"3/8/2013","-51.875","-4.83955001831055","219","27.307","22.632","9.6748362","0.637255898470652","0.955946226767507","14.2568834544",
"3/9/2013","-51.875","-4.83955001831055","219","32.497","22.499","1.685713788","1.03933244866211","0.854059190661431","18.269927315136",
"3/10/2013","-51.875","-4.83955001831055","219","33.791","21.766","3.6529603848","1.64320841313774","0.823009162384415","28.1670072775344",
"3/11/2013","-51.875","-4.83955001831055","219","34.969","22.313","0.7965090792","1.60891013540736","0.789728607807237","25.0690722846768",
"3/12/2013","-51.875","-4.83955001831055","219","29.411","22.789","11.15112492","1.28358300694939","0.936039537633715","26.504748370566",
"3/13/2013","-51.875","-4.83955001831055","219","27.534","22.805","25.0900274664","1.03525890759057","0.96322755109531","27.15381632304",
"3/14/2013","-51.875","-4.83955001831055","219","30.223","23.08","5.060578356","1.17247916287568","0.918897502201119","27.1511185982184",
"3/15/2013","-51.875","-4.83955001831055","219","31.631","23.281","9.00706788","1.10424454401661","0.906650645519822","27.6095671262496",
"3/16/2013","-51.875","-4.83955001831055","219","28.902","22.557","10.025027604","1.11857665847425","0.920985253872553","19.7325368995068",
"3/17/2013","-51.875","-4.83955001831055","219","27.365","22.846","6.8115219264","1.03266661416794","0.951075262779701","12.6384602219676",
"3/18/2013","-51.875","-4.83955001831055","219","26.264","23.395","35.5991364","1.05700983481739","0.971699062440222","6.608585236356",
"3/19/2013","-51.875","-4.83955001831055","219","27.113","23.022","29.09490732","1.09171715143595","0.957978955552572","14.033641080276",
"3/20/2013","-51.875","-4.83955001831055","219","25.701","21.366","21.08002032","0.630198586826304","0.975559998641352","12.712314594528",
"3/21/2013","-51.875","-4.83955001831055","219","31.794","20.478","0.85487364","1.22181073975526","0.865092790705837","19.769802327396",
"3/22/2013","-51.875","-4.83955001831055","219","29.717","22.415","7.30419516","1.16003302990554","0.925817326280753","23.4851183775792",
"3/23/2013","-51.875","-4.83955001831055","219","29.789","23.372","46.166652792","1.5618067384934","0.919012382188574","23.906362332132",
"3/24/2013","-51.875","-4.83955001831055","219","24.826","22.625","76.49401176","1.35406496282838","0.977301791650641","7.00950791205576",
"3/25/2013","-51.875","-4.83955001831055","219","24.076","21.753","21.718598184","0.820908022449139","0.977979371431276","4.36910734636416",
"3/26/2013","-51.875","-4.83955001831055","219","31.049","21.794","0.85830732","1.40817740475725","0.836914462930565","24.637825602576",
"3/27/2013","-51.875","-4.83955001831055","219","31.149","21.783","13.1561333784","1.12376455105561","0.887814091122529","21.8172566883024",
"3/28/2013","-51.875","-4.83955001831055","219","29.166","22.487","10.910789892","0.868997328540192","0.933167496183082","23.5578983090112",
"3/29/2013","-51.875","-4.83955001831055","219","26.68","22.023","12.53987352","0.904145971128783","0.965015945519575","16.9013473918416",
"3/30/2013","-51.875","-4.83955001831055","219","24.432","22.145","20.48263812","0.689190271199892","0.978448295067406","3.560227375824",
"3/31/2013","-51.875","-4.83955001831055","219","29.004","21.335","5.829617196","0.887016125315126","0.936885541412696","14.5502056484316",
"4/1/2013","-51.875","-4.83955001831055","219","30.419","22.48","73.642711392","0.823535998702369","0.91004854232007","17.1996315471648",
"4/2/2013","-51.875","-4.83955001831055","219","26.947","21.751","16.3078361064","1.26546741503236","0.964134746112252","24.9328167368436",
"4/3/2013","-51.875","-4.83955001831055","219","32.552","21.724","0.1338958872","1.27400683426133","0.822063367905292","20.6975387068884",
"4/4/2013","-51.875","-4.83955001831055","219","26.362","22.421","11.952782244","1.15228166478094","0.962104461276955","19.1049443064648",
"4/5/2013","-51.875","-4.83955001831055","219","28.689","22.456","7.31963916","1.42783468101422","0.919985161020092","26.6119610131476",
"4/6/2013","-51.875","-4.83955001831055","219","29.96","21.989","8.4079769256","1.4100099967764","0.896394258244633","25.9447790890776",
"4/7/2013","-51.875","-4.83955001831055","219","26.153","22.321","5.1944729976","0.916271718830629","0.96139347037417","15.096776432616",
"4/8/2013","-51.875","-4.83955001831055","219","32.697","22.591","4.6108239264","0.88928505387769","0.85491927028223","24.3472837488912",
"4/9/2013","-51.875","-4.83955001831055","219","29.517","22.477","5.505181992","0.916469861763602","0.92606795144929","20.0319648098184",
"4/10/2013","-51.875","-4.83955001831055","219","30.441","22.861","10.3443131448","0.981199451308018","0.938768762294438","21.818359375776",
"4/11/2013","-51.875","-4.83955001831055","219","27.805","22.863","8.5487378904","0.980449174126111","0.952854069555106","17.258614728228",
"4/12/2013","-51.875","-4.83955001831055","219","32.114","22.063","0.1098632448","1.44664071036983","0.787581682912195","25.4291774970492",
"4/13/2013","-51.875","-4.83955001831055","219","30.225","21.339","3.9997115064","1.01169860481394","0.82802524645429","24.327397092276",
"4/14/2013","-51.875","-4.83955001831055","219","32.396","22.353","7.1582791464","1.14263528492978","0.878397997944153","25.330757564304",
"4/15/2013","-51.875","-4.83955001831055","219","32.216","21.661","16.35246144","1.01883181739807","0.915911632117386","26.176922585136",
"4/16/2013","-51.875","-4.83955001831055","219","28.05","22.239","10.375210368","0.934370138756918","0.938178669414149","19.382346088632",
"4/17/2013","-51.875","-4.83955001831055","219","28.657","22.168","1.0917664704","0.993336778273958","0.902875777252999","13.009487254272",
"4/18/2013","-51.875","-4.83955001831055","219","27.698","22.714","15.464979468","0.614780583895277","0.958901808245754","13.713070363704",
"4/19/2013","-51.875","-4.83955001831055","219","29.911","22.534","7.13424528","0.857354127097974","0.936945266870835","14.1531245953884",
"4/20/2013","-51.875","-4.83955001831055","219","26.168","22.7","20.750427144","0.81123088206204","0.970181688705071","15.1793988268824",
"4/21/2013","-51.875","-4.83955001831055","219","25.39","22.251","9.18388512","0.766876019538378","0.971523906080019","9.718059886488",
"4/22/2013","-51.875","-4.83955001831055","219","26.684","22.401","10.67734224","0.750010664021893","0.950772791405803","7.1817520228344",
"4/23/2013","-51.875","-4.83955001831055","219","29.24","22.364","8.280947592","1.43333725128361","0.864096963400231","18.798368015916",
"4/24/2013","-51.875","-4.83955001831055","219","27.673","21.489","13.720892004","1.00836536550865","0.941455448794001","20.28348909144",
"4/25/2013","-51.875","-4.83955001831055","219","31.344","20.952","4.8168205344","0.921010314873466","0.90379728399156","13.429265132448",
"4/26/2013","-51.875","-4.83955001831055","219","31.827","21.994","13.5990224712","0.949693389953207","0.879055880230359","15.7944052478124",
"4/27/2013","-51.875","-4.83955001831055","219","28.025","21.278","5.8897082304","0.968333233896452","0.940918739484261","18.143012704968",
"4/28/2013","-51.875","-4.83955001831055","219","29.607","22.468","4.7378542824","1.09048165949586","0.897716134417305","23.217894285264",
"4/29/2013","-51.875","-4.83955001831055","219","29.088","21.824","13.13209836","0.747067071852021","0.924797671980192","23.184225425052",
"4/30/2013","-51.875","-4.83955001831055","219","30.972","21.759","7.2406747728","1.15557342121136","0.913605625187753","23.623969777344",
"5/1/2013","-51.875","-4.83955001831055","219","27.256","23.116","7.1857438704","0.80580952407606","0.955840027227845","14.21178501618",
"5/2/2013","-51.875","-4.83955001831055","219","30.093","23.092","14.69764422","0.736280162599937","0.947292222482742","9.70207843914",
"5/3/2013","-51.875","-4.83955001831055","219","30.333","23.227","8.21571516","0.934731358161318","0.927320490735359","23.7312400417308",
"5/4/2013","-51.875","-4.83955001831055","219","29.654","21.418","26.5989265704","0.936344166648304","0.923453442054652","7.918862195052",
"5/5/2013","-51.875","-4.83955001831055","219","32.83","20.629","1.34582688","0.905768258934955","0.802620435104839","23.7445138620864",
"5/6/2013","-51.875","-4.83955001831055","219","31.562","22.096","6.406402284","1.17428879371126","0.889485812676976","21.187313807526",
"5/7/2013","-51.875","-4.83955001831055","219","33.062","21.622","1.4024736576","0.960686916432605","0.826847831507812","20.890034515404",
"5/8/2013","-51.875","-4.83955001831055","219","28.863","20.98","0.5802154488","1.03702132655473","0.856185606993994","11.2206859904628",
"5/9/2013","-51.875","-4.83955001831055","219","30.928","22.275","1.902008376","0.654554037805519","0.868987569674225","14.43524694183",
"5/10/2013","-51.875","-4.83955001831055","219","27.026","21.174","15.150837204","0.781036612246241","0.969856871658275","17.341655685948",
"5/11/2013","-51.875","-4.83955001831055","219","31.128","22.406","1.8608098968","1.19180413146122","0.852008138874711","17.333190857772",
"5/12/2013","-51.875","-4.83955001831055","219","32.25","20.924","2.25391428","1.12311614693232","0.813151624007135","23.459676295716",
"5/13/2013","-51.875","-4.83955001831055","219","33.319","20.718","0.3055572","1.29721164063036","0.71699032164843","24.541594862652",
"5/14/2013","-51.875","-4.83955001831055","219","33.519","22.308","0.133895988","1.09199686942835","0.690666685702496","22.670467304796",
"5/15/2013","-51.875","-4.83955001831055","219","33.751","20.958","0","1.2466076156998","0.711598017315182","24.298261868268",
"5/16/2013","-51.875","-4.83955001831055","219","34.156","20.675","0","0.987047758377228","0.703533267931059","20.4423910994664",
"5/17/2013","-51.875","-4.83955001831055","219","33.232","21.737","0","1.20038809895719","0.655122478983999","24.0921991463796",
"5/18/2013","-51.875","-4.83955001831055","219","31.05","20.718","3.12938928","0.992301975752082","0.788979228132726","23.730672438936",
"5/19/2013","-51.875","-4.83955001831055","219","26.985","19.668","10.1795191452","1.00006980040745","0.956888627976201","23.631695067456",
"5/20/2013","-51.875","-4.83955001831055","219","33.739","21.429","5.8038717744","1.1980685638091","0.845215599083407","19.570158373176",
"5/21/2013","-51.875","-4.83955001831055","219","29.433","22.362","2.392959528","1.17736683614972","0.921193281682047","9.396451015236",
"5/22/2013","-51.875","-4.83955001831055","219","29.81","22.15","5.455402128","0.975868777067095","0.927431834091223","18.9252325436472",
"5/23/2013","-51.875","-4.83955001831055","219","33.688","20.459","1.5964510392","1.00055969118745","0.827001634111961","21.676458527946",
"5/24/2013","-51.875","-4.83955001831055","219","26.866","20.271","10.497089196","0.472773602914757","0.960620528614104","20.088574258572",
"5/25/2013","-51.875","-4.83955001831055","219","30.609","21.625","4.882046652","0.685428719039213","0.916762786802907","16.864528647204",
"5/26/2013","-51.875","-4.83955001831055","219","30.387","21.066","7.733345328","0.960503558989474","0.893617062747881","17.056394815284",
"5/27/2013","-51.875","-4.83955001831055","219","31.462","19.765","1.9603731888","0.995591402821868","0.832212675636182","19.952616008412",
"5/28/2013","-51.875","-4.83955001831055","219","33.205","18.436","0.7724765304","0.786263282757573","0.767865687302142","22.7027809459908",
"5/29/2013","-51.875","-4.83955001831055","219","33.18","20.577","0.17509464","1.2065154272005","0.719012314095395","19.659976480044",
"5/30/2013","-51.875","-4.83955001831055","219","33.487","19.48","0.367355448","0.946188384283896","0.723618327265297","22.065163205796",
"5/31/2013","-51.875","-4.83955001831055","219","33.516","20.907","0","1.20653542698762","0.670443983111158","23.746895810856",
"6/1/2013","-51.875","-4.83955001831055","219","34.313","21.477","0","1.39850711408792","0.595954888848741","20.737179946782",
"6/2/2013","-51.875","-4.83955001831055","219","33.323","21.5","8.0552106","1.09392892544636","0.748192868151345","14.653868041404",
"6/3/2013","-51.875","-4.83955001831055","219","33.441","19.08","0","1.04392453922162","0.712061381700642","19.976488756236",
"6/4/2013","-51.875","-4.83955001831055","219","34.606","18.218","0.530433864","0.605497817473172","0.762807650811335","22.2196088333592",
"6/5/2013","-51.875","-4.83955001831055","219","32.241","20.056","3.8417814396","1.11635149708067","0.849179821715777","23.0419387504476",
"6/6/2013","-51.875","-4.83955001831055","219","31.474","21.058","2.1646512504","1.23413516535118","0.820540448903255","22.187570332572",
"6/7/2013","-51.875","-4.83955001831055","219","30.679","20.603","2.0324707704","1.01007905521453","0.872804679274136","15.31891270548",
"6/8/2013","-51.875","-4.83955001831055","219","32.753","19.85","1.207638288","0.87280618046659","0.811145598748438","17.155074977172",
"6/9/2013","-51.875","-4.83955001831055","219","33.193","19.237","0.072097776","1.07339200705779","0.75662317359473","19.5604176239064",
"6/10/2013","-51.875","-4.83955001831055","219","34.132","20.396","0","1.2763714476566","0.641503490821641","22.9357693804896",
"6/11/2013","-51.875","-4.83955001831055","219","33.298","20.238","0","1.42494862481223","0.604875375225505","22.1016048853824",
"6/12/2013","-51.875","-4.83955001831055","219","31.826","21.928","0.3458978892","1.11297082986811","0.728103190498172","10.4844867265152",
"6/13/2013","-51.875","-4.83955001831055","219","34","20.744","0","1.13834699689432","0.67124117944102","21.558891935736",
"6/14/2013","-51.875","-4.83955001831055","219","34.284","20.511","0","1.11645817870968","0.659942787219905","18.153157617144",
"6/15/2013","-51.875","-4.83955001831055","219","29.693","21.841","2.6315684892","1.16101042908563","0.836689976175367","22.755388724244",
"6/16/2013","-51.875","-4.83955001831055","219","33.216","22.932","8.9933404572","1.08871534948425","0.809188531221545","21.502217823336",
"6/17/2013","-51.875","-4.83955001831055","219","32.281","21.681","3.4040470068","0.956734776240413","0.811943400300659","16.1174614679352",
"6/18/2013","-51.875","-4.83955001831055","219","33.421","21.292","0.616264272","1.31489527263054","0.728345912824438","22.7321836760844",
"6/19/2013","-51.875","-4.83955001831055","219","33.679","20.21","0.30899052","0.997219236262766","0.759453457374675","16.491535606656",
"6/20/2013","-51.875","-4.83955001831055","219","31.777","21.191","0.9458539596","1.11784096300344","0.687347372839893","21.7238952701016",
"6/21/2013","-51.875","-4.83955001831055","219","33.94","21.007","0","1.38254059223282","0.647011770954325","22.6772883516733",
"6/22/2013","-51.875","-4.83955001831055","219","34.511","19.56","0","1.1669950033448","0.657285508982691","22.3546262155164",
"6/23/2013","-51.875","-4.83955001831055","219","33.363","21.321","0.188827488","1.31864622201409","0.701059946633859","18.3958240428144",
"6/24/2013","-51.875","-4.83955001831055","219","33.448","22.485","0.0008583084","1.10887859715884","0.70412025909614","15.267546618444",
"6/25/2013","-51.875","-4.83955001831055","219","30.418","20.953","1.907159292","1.30946375728711","0.845893290671452","14.4453725411328",
"6/26/2013","-51.875","-4.83955001831055","219","34.418","18.017","0","0.911124279260303","0.711617825115334","23.264004818628",
"6/27/2013","-51.875","-4.83955001831055","219","35.497","18.799","0","0.995267371107311","0.610139899265213","23.063876201556",
"6/28/2013","-51.875","-4.83955001831055","219","34.228","20.476","0","1.45272041610957","0.614155630006783","17.465874085872",
"6/29/2013","-51.875","-4.83955001831055","219","28.249","21.59","4.4477504064","1.35896605912319","0.864167538207708","22.7104444161511",
"6/30/2013","-51.875","-4.83955001831055","219","28.262","20.492","1.3887394056","1.01463051523734","0.899539146603411","15.891388873776",
"7/1/2013","-51.875","-4.83955001831055","219","31.363","20.689","6.96773484","1.00246881717428","0.846939442907188","22.022326496808",
"7/2/2013","-51.875","-4.83955001831055","219","31.134","19.984","3.436657884","1.04842633168807","0.864285486664027","22.7336422762584",
"7/3/2013","-51.875","-4.83955001831055","219","32.941","21.225","4.336167672","1.27812422436748","0.815385837058704","20.0505104542606",
"7/4/2013","-51.875","-4.83955001831055","219","33.174","18.94","7.65781488","1.30302394463612","0.763042401300522","18.4109780616109",
"7/5/2013","-51.875","-4.83955001831055","219","32.659","20.763","1.49688684","1.08807152871558","0.747122465540113","11.1781295863272",
"7/6/2013","-51.875","-4.83955001831055","219","33.231","19.987","0","1.38382341012041","0.613203512907197","22.8321362967912",
"7/7/2013","-51.875","-4.83955001831055","219","33","19.723","0","0.955251952445754","0.662702559176215","12.365356309956",
"7/8/2013","-51.875","-4.83955001831055","219","34.64","19.379","0.0017166132","1.23907860073344","0.578129107335782","23.6651304500136",
"7/9/2013","-51.875","-4.83955001831055","219","34.637","21.006","0","1.25604620523802","0.585606078663748","18.046334601864",
"7/10/2013","-51.875","-4.83955001831055","219","33.949","20.877","0.0514984248","1.38880421781456","0.620510737824522","22.557858826788",
"7/11/2013","-51.875","-4.83955001831055","219","34.897","21.88","0.1682282808","1.16368111630012","0.610662662434348","20.1212926614972",
"7/12/2013","-51.875","-4.83955001831055","219","33.653","19.361","0","1.59689491610959","0.513037690697827","24.074912077848",
"7/13/2013","-51.875","-4.83955001831055","219","33.733","19.303","0.0343322784","1.04994698939599","0.612911085322341","15.4105609154328",
"7/14/2013","-51.875","-4.83955001831055","219","34.432","21.795","0","0.982880068137161","0.661105236537774","13.4533718063532",
"7/15/2013","-51.875","-4.83955001831055","219","33.726","21.266","0","0.871871595798967","0.702669301666442","19.288719517428",
"7/16/2013","-51.875","-4.83955001831055","219","33.23","21.307","0.4840853904","1.30349715973283","0.686162287088168","13.7913387349644",
"7/17/2013","-51.875","-4.83955001831055","219","33.312","20.455","0.0137328984","1.15784190751455","0.739347159176068","16.221882442716",
"7/18/2013","-51.875","-4.83955001831055","219","33.612","17.971","0.0205993728","0.900555258716257","0.687617072159387","19.758363512724",
"7/19/2013","-51.875","-4.83955001831055","219","35.895","19.393","0","1.06030917199695","0.544006845077701","24.430300278543",
"7/20/2013","-51.875","-4.83955001831055","219","32.762","20.341","0.975036492","1.48193055987814","0.708921324352074","22.9146591827952",
"7/21/2013","-51.875","-4.83955001831055","219","33.323","22.253","0.063514674","1.49188867585729","0.71761010510859","17.57893214394",
"7/22/2013","-51.875","-4.83955001831055","219","36.774","19.905","0.089264052","1.04272102617058","0.674042320800696","21.8195336094012",
"7/23/2013","-51.875","-4.83955001831055","219","35.905","18.766","0.15792876","0.975106861831801","0.63957053536596","21.163464940896",
"7/24/2013","-51.875","-4.83955001831055","219","34.847","20.711","0.43258662","1.06733695320011","0.711983874783959","20.258048028348",
"7/25/2013","-51.875","-4.83955001831055","219","34.136","19.958","1.40933988","1.06144059562792","0.720126741691469","15.0416418265488",
"7/26/2013","-51.875","-4.83955001831055","219","29.276","19.154","3.561974964","1.05823324295306","0.855951035087161","23.587841308806",
"7/27/2013","-51.875","-4.83955001831055","219","28.298","20.736","7.728193008","0.873944424449047","0.895284875250166","23.6552297842512",
"7/28/2013","-51.875","-4.83955001831055","219","33.031","20.029","3.99799476","0.887417667135154","0.795261498356009","22.138633298196",
"7/29/2013","-51.875","-4.83955001831055","219","31.12","19.526","6.64329816","1.0026532563028","0.860354254846437","24.1995828625344",
"7/30/2013","-51.875","-4.83955001831055","219","33.264","20.754","0.92010492","1.25025332632446","0.742581501885774","23.052619554408",
"7/31/2013","-51.875","-4.83955001831055","219","34.784","20.464","0.178527852","1.23397668107231","0.630057004913741","22.6703302506504",
"8/1/2013","-51.875","-4.83955001831055","219","34.493","21.291","1.1810291328","1.24045895473632","0.667852926665426","19.44412010604",
"8/2/2013","-51.875","-4.83955001831055","219","35.734","19.868","0","1.03678385615587","0.569083408821739","25.20273271392",
"8/3/2013","-51.875","-4.83955001831055","219","36.58","16.889","0","0.873204180750773","0.542686706965634","25.2272009376",
"8/4/2013","-51.875","-4.83955001831055","219","36.434","19.408","0","1.09769106974031","0.536261197113054","23.394109356",
"8/5/2013","-51.875","-4.83955001831055","219","36.199","21.038","0","1.06479664528133","0.554155136078611","18.9178931304",
"8/6/2013","-51.875","-4.83955001831055","219","35.134","23.268","0.0446319576","1.28862625388178","0.553483338813233","23.78671027812",
"8/7/2013","-51.875","-4.83955001831055","219","36.317","20.939","0.4634856792","1.18181149985681","0.611968496997014","22.8587458032",
"8/8/2013","-51.875","-4.83955001831055","219","33.97","21.258","0.0205993728","1.39508703925445","0.680822664360468","18.35441517996",
"8/9/2013","-51.875","-4.83955001831055","219","36.276","20.579","0.70381152","0.975216939686144","0.696532705882512","20.743397586",
"8/10/2013","-51.875","-4.83955001831055","219","35.729","23.701","0","0.968818229142589","0.563544096495386","18.7247072664",
"8/11/2013","-51.875","-4.83955001831055","219","34.82","20.738","0.017166132","1.27800992624762","0.611008463638887","17.553722884056",
"8/12/2013","-51.875","-4.83955001831055","219","34.23","23.056","0.5939484984","1.65793641809034","0.621093246046993","17.7347599236",
"8/13/2013","-51.875","-4.83955001831055","219","35.618","22.059","0.6969451464","1.06119141793056","0.702462024328763","18.00466150104",
"8/14/2013","-51.875","-4.83955001831055","219","35.29","22.391","0.5802156144","1.42198358448362","0.606835716787613","20.2169915064",
"8/15/2013","-51.875","-4.83955001831055","219","35.992","20.968","0.2574919728","1.28998836562582","0.631387860782221","20.3611767804",
"8/16/2013","-51.875","-4.83955001831055","219","36.846","21.003","7.1067818664","1.08401565967107","0.789927246863137","17.73381970404",
"8/17/2013","-51.875","-4.83955001831055","219","34.679","22.793","0.655746624","1.28859983546691","0.774373751968426","16.75049340672",
"8/18/2013","-51.875","-4.83955001831055","219","32.609","22.368","2.4375911832","1.26130586470778","0.823213588013256","17.64520546536",
"8/19/2013","-51.875","-4.83955001831055","219","33.922","21.957","9.77096538","1.3609878250426","0.748271180806456","24.193639287",
"8/20/2013","-51.875","-4.83955001831055","219","35.397","21.187","0.278091504","1.17333973464556","0.652722910008226","23.47312794084",
"8/21/2013","-51.875","-4.83955001831055","219","34.993","22.247","0.3124234584","1.43663064557247","0.674837374881738","19.562424387228",
"8/22/2013","-51.875","-4.83955001831055","219","35.281","21.446","0.4806520848","1.42128305329637","0.70860945390904","20.7954052596",
"8/23/2013","-51.875","-4.83955001831055","219","34.526","21.262","1.520919396","1.26812507079537","0.716000921551081","20.2225874796",
"8/24/2013","-51.875","-4.83955001831055","219","34.186","21.423","0.0343322784","1.60972276372205","0.696538047530605","19.68835891104",
"8/25/2013","-51.875","-4.83955001831055","219","35.172","21.248","0.31242348","1.07692674673086","0.729082420394934","13.36498848",
"8/26/2013","-51.875","-4.83955001831055","219","37.171","20.491","0.2162934","1.35097853456461","0.61863898355659","24.05609839584",
"8/27/2013","-51.875","-4.83955001831055","219","37.63","20.351","0.3021239736","1.09515658156373","0.653631060040178","17.6105236248",
"8/28/2013","-51.875","-4.83955001831055","219","36.871","20.335","4.4906625864","0.87513749241986","0.753063315270018","16.437914640144",
"8/29/2013","-51.875","-4.83955001831055","219","31.192","22.334","6.3720742392","1.25268689866958","0.887758861057685","25.7603903748",
"8/30/2013","-51.875","-4.83955001831055","219","28.596","21.418","3.4675586424","0.984320614124634","0.909462717716103","17.0124924384",
"8/31/2013","-51.875","-4.83955001831055","219","32.815","20.375","0.099563616","1.41866815823142","0.737549837869321","26.42538436128",
"9/1/2013","-51.875","-4.83955001831055","219","34.273","20.992","0.2042770464","1.49825666867395","0.71151582119704","20.1390164712",
"9/2/2013","-51.875","-4.83955001831055","219","36.481","21.601","1.465990056","1.23348341544936","0.718571180557377","19.236357054",
"9/3/2013","-51.875","-4.83955001831055","219","30.388","20.992","5.1670062","1.02404470068514","0.865316017750554","25.7085131004",
"9/4/2013","-51.875","-4.83955001831055","219","35.39","21.402","2.063368872","1.09127410786818","0.706806810004837","19.56026329524",
"9/5/2013","-51.875","-4.83955001831055","219","35.706","21.66","6.869887092","1.15137244864128","0.736039497497803","19.1679433884",
"9/6/2013","-51.875","-4.83955001831055","219","32.617","22.375","3.7181871864","1.71624041824786","0.796497099945554","24.33478064616",
"9/7/2013","-51.875","-4.83955001831055","219","30.44","20.806","10.502245152","1.019450516629","0.900707264524473","23.13301134636",
"9/8/2013","-51.875","-4.83955001831055","219","27.506","19.743","11.120223384","0.636356981916887","0.945648504319603","21.6221662008",
"9/9/2013","-51.875","-4.83955001831055","219","31.04","21.613","2.6950855248","1.16336114665535","0.862584743059551","21.22726605552",
"9/10/2013","-51.875","-4.83955001831055","219","34.981","20.756","1.905443136","1.30556535668028","0.775228427290557","20.7710894106",
"9/11/2013","-51.875","-4.83955001831055","219","37.188","21.856","1.211929092","1.04842491601646","0.713568018441305","24.27262530336",
"9/12/2013","-51.875","-4.83955001831055","219","31.093","21.863","5.0331096","0.978023366033222","0.832194777015855","26.20868158008",
"9/13/2013","-51.875","-4.83955001831055","219","35.05","21.219","0.319289976","1.21513988097528","0.687801986337192","20.56064125752",
"9/14/2013","-51.875","-4.83955001831055","219","36.042","22.78","0.0137329056","1.59205395107212","0.5955337335513","22.3547953878",
"9/15/2013","-51.875","-4.83955001831055","219","35.436","22.041","0.614548152","1.44714098011564","0.633119092470695","20.2083991344",
"9/16/2013","-51.875","-4.83955001831055","219","36.118","22.88","0.501251256","1.55391608687832","0.597424214684844","23.9141029716",
"9/17/2013","-51.875","-4.83955001831055","219","36.139","23.273","0","1.87677558770428","0.59663500982729","26.6064610752",
"9/18/2013","-51.875","-4.83955001831055","219","35.35","22.754","0.0034332264","1.58737236851951","0.638764447657362","19.14254556984",
"9/19/2013","-51.875","-4.83955001831055","219","34.329","20.501","0.0686646864","1.01809170768206","0.672581775403493","19.3870089576",
"9/20/2013","-51.875","-4.83955001831055","219","30.05","21.491","9.310908636","1.22035489854267","0.886387845850697","19.8277307748",
"9/21/2013","-51.875","-4.83955001831055","219","34.35","21.088","2.2727961","1.42899312457235","0.721767534775489","27.5322119904",
"9/22/2013","-51.875","-4.83955001831055","219","36.356","20.814","0.061798032","1.49670216446414","0.620417723564284","24.1053471612",
"9/23/2013","-51.875","-4.83955001831055","219","36.209","22.277","0.336456252","1.8034803814418","0.662547312079505","23.9777186148",
"9/24/2013","-51.875","-4.83955001831055","219","37.126","22.19","0.271224828","1.54144287672594","0.63941241536148","21.37760148492",
"9/25/2013","-51.875","-4.83955001831055","219","39.314","21.701","0.1853942472","1.10475214841951","0.629339523643491","20.87323254",
"9/26/2013","-51.875","-4.83955001831055","219","37.169","22.268","4.21600464","0.900797915119527","0.72539684291263","21.30320916288",
"9/27/2013","-51.875","-4.83955001831055","219","33.493","21.85","6.622699032","1.39835167775798","0.797990625415172","27.2997828828",
"9/28/2013","-51.875","-4.83955001831055","219","34.512","22.809","12.4162662852","1.3047418354022","0.799993165345098","22.3734873672",
"9/29/2013","-51.875","-4.83955001831055","219","36.674","21.961","0.30212388","1.16160614960557","0.659311380844889","25.19893818612",
"9/30/2013","-51.875","-4.83955001831055","219","35.623","24.75","0.0171661464","1.52614983392604","0.640156656115178","19.5346072476",
"10/1/2013","-51.875","-4.83955001831055","219","35.6","23.203","0.2866743468","1.49696717313528","0.687314861191141","20.8701850896",
"10/2/2013","-51.875","-4.83955001831055","219","36.718","21.841","0","1.21049816422838","0.616411211673451","20.14430121918",
"10/3/2013","-51.875","-4.83955001831055","219","33.811","23.657","0.9475704","2.07551349260608","0.648387562402757","24.6605382432",
"10/4/2013","-51.875","-4.83955001831055","219","36.417","22.309","0","1.8677475114946","0.585124898546392","28.4561326224",
"10/5/2013","-51.875","-4.83955001831055","219","37.263","22.171","0.0017166132","1.62880943723111","0.530796331992961","24.5475204912",
"10/6/2013","-51.875","-4.83955001831055","219","37.686","21.208","0.137328912","1.36073259395133","0.598814101384601","19.4950251864",
"10/7/2013","-51.875","-4.83955001831055","219","34.123","21.277","16.300964736","0.886224586805721","0.826258508637913","25.2566384868",
"10/8/2013","-51.875","-4.83955001831055","219","29.84","22.687","18.539425692","1.08140670143092","0.905524223644272","23.0256275886",
"10/9/2013","-51.875","-4.83955001831055","219","33.548","21.263","7.10678124","1.33974002931089","0.827772182403799","24.0560082864",
"10/10/2013","-51.875","-4.83955001831055","219","34.458","21.613","1.596451248","1.25523366834297","0.75433960546059","19.0230903864",
"10/11/2013","-51.875","-4.83955001831055","219","34.931","22.138","0.6832113264","1.4174439540904","0.661210773282066","20.1206697408",
"10/12/2013","-51.875","-4.83955001831055","219","34.341","21.19","2.228164992","1.65647010953277","0.678052909997601","28.0945045872",
"10/13/2013","-51.875","-4.83955001831055","219","34.445","21.196","0.0411987528","1.58762494042304","0.67084819496577","22.6555242696",
"10/14/2013","-51.875","-4.83955001831055","219","35.336","22.822","0.542450268","2.057914240703","0.613489933513138","25.67109768552",
"10/15/2013","-51.875","-4.83955001831055","219","35.304","22.299","5.3421025464","1.41523615072934","0.688311569900497","18.82768890384",
"10/16/2013","-51.875","-4.83955001831055","219","36.901","22.291","0.563049","1.47655582702392","0.612550829694987","24.3165882636",
"10/17/2013","-51.875","-4.83955001831055","219","35.814","22.607","0.684928944","1.4697571210511","0.659481107104212","22.5635503644",
"10/18/2013","-51.875","-4.83955001831055","219","35.286","21.883","3.3267978","1.37794311539614","0.677256556063135","26.2790366328",
"10/19/2013","-51.875","-4.83955001831055","219","34.737","22.18","15.906145896","1.85899305997151","0.770727754592069","22.1928408252",
"10/20/2013","-51.875","-4.83955001831055","219","33.615","21.844","2.7156840048","1.44375707286897","0.79047134045691","21.4378200175068",
"10/21/2013","-51.875","-4.83955001831055","219","35.698","21.665","0.034332264","1.51045139089578","0.652977311770332","24.2670260592",
"10/22/2013","-51.875","-4.83955001831055","219","35.553","22.343","1.644517512","1.31091952489803","0.672229141301265","23.349118464",
"10/23/2013","-51.875","-4.83955001831055","219","35.863","22.967","2.5886544264","1.54570001833563","0.679386861858808","20.8742161896",
"10/24/2013","-51.875","-4.83955001831055","219","34.507","21.638","1.555250256","1.514197579638","0.694073003313549","26.5129003872",
"10/25/2013","-51.875","-4.83955001831055","219","35.021","22.414","0.115013142","1.45710824352362","0.655745023289789","21.6315705132",
"10/26/2013","-51.875","-4.83955001831055","219","38.236","23.064","1.1844635328","1.31439745285386","0.660708245530436","20.221395912",
"10/27/2013","-51.875","-4.83955001831055","219","34.509","22.488","13.808443284","1.24064942029008","0.783171420795752","27.8289005004",
"10/28/2013","-51.875","-4.83955001831055","219","34.006","22.106","6.4681996104","1.27735167362368","0.829013782219251","22.0319653032",
"10/29/2013","-51.875","-4.83955001831055","219","31.971","22.771","27.20832048","1.10292465165578","0.902507317338484","26.5629793608",
"10/30/2013","-51.875","-4.83955001831055","219","31.428","22.486","19.7685297504","1.23509364004056","0.896302482574264","22.832393238",
"10/31/2013","-51.875","-4.83955001831055","219","30.155","22.173","11.463545232","1.38162537796873","0.872637847920739","21.3544957788",
"11/1/2013","-51.875","-4.83955001831055","219","34.062","21.593","0.127029348","1.53652114313221","0.700793626387348","22.4325045216",
"11/2/2013","-51.875","-4.83955001831055","219","33.156","23.339","6.6553133688","1.39385479303484","0.74132372911729","25.0246384524",
"11/3/2013","-51.875","-4.83955001831055","219","34.893","22.243","2.995490844","1.31856367864695","0.793037606640276","26.189900766",
"11/4/2013","-51.875","-4.83955001831055","219","30.542","22.744","30.929944932","1.2898525045931","0.89072221182452","22.290298272",
"11/5/2013","-51.875","-4.83955001831055","219","24.099","21.436","112.8484404","0.98062143244979","0.975981017985274","4.95018715572",
"11/6/2013","-51.875","-4.83955001831055","219","30.872","21.671","10.665323244","1.51013498232559","0.886833445520376","21.0337160544",
"11/7/2013","-51.875","-4.83955001831055","219","33.033","21.915","8.454324186","1.44866962107901","0.773676386519926","27.7911569988",
"11/8/2013","-51.875","-4.83955001831055","219","33.275","21.64","0.6420134772","1.61777180574704","0.779673222108442","22.1180959548",
"11/9/2013","-51.875","-4.83955001831055","219","29.897","22.685","8.016587388","1.36886562445043","0.871887953427228","26.9937560052",
"11/10/2013","-51.875","-4.83955001831055","219","32.907","21.774","7.566831756","0.995126189296842","0.839758284766452","27.25744023",
"11/11/2013","-51.875","-4.83955001831055","219","33.338","22.516","12.6351356724","0.930144721378392","0.834607308256705","24.266686662",
"11/12/2013","-51.875","-4.83955001831055","219","25.087","22.975","76.04346411","0.763072576363252","0.977370014336636","2.7951069852",
"11/13/2013","-51.875","-4.83955001831055","219","29.581","22.892","5.179027392","0.860234184385665","0.927647132770361","17.91235480176",
"11/14/2013","-51.875","-4.83955001831055","219","31.246","22.682","10.947707028","1.02989680277689","0.90680137785455","26.4771217512",
"11/15/2013","-51.875","-4.83955001831055","219","29.079","22.558","12.373352676","1.27193895489846","0.883995395639056","14.37073855452",
"11/16/2013","-51.875","-4.83955001831055","219","30.461","22.524","11.6558091864","1.13307559045401","0.892680850805636","24.31531359",
"11/17/2013","-51.875","-4.83955001831055","219","29.661","22.469","5.6631069864","1.29044747749144","0.895841462566668","11.6277619212",
"11/18/2013","-51.875","-4.83955001831055","219","31.963","22.542","6.838989912","1.4748875667893","0.812157404419894","26.4615228828",
"11/19/2013","-51.875","-4.83955001831055","219","31.59","22.303","8.07667272","1.15792718144453","0.897420363330083","18.20606023296",
"11/20/2013","-51.875","-4.83955001831055","219","26.286","22.338","16.80221916","1.2553604509451","0.960614038367054","13.1817744648",
"11/21/2013","-51.875","-4.83955001831055","219","32.519","22.218","11.491011792","1.1514350849014","0.86252326291583","25.9345906596",
"11/22/2013","-51.875","-4.83955001831055","219","31.703","21.465","5.3644182156","0.808732314435181","0.87065644323293","25.8602214384",
"11/23/2013","-51.875","-4.83955001831055","219","26.799","22.303","32.5667434932","1.13585460353338","0.961967771958673","25.6403669832",
"11/24/2013","-51.875","-4.83955001831055","219","29.974","22.196","10.988905284","1.18344226808904","0.937057614992066","22.1003096292",
"11/25/2013","-51.875","-4.83955001831055","219","31.119","21.392","3.8915682732","0.858006899048642","0.902866441606953","24.60937907088",
"11/26/2013","-51.875","-4.83955001831055","219","33.341","21.281","0.7656102","1.28650383503516","0.771106546726385","27.6598888848",
"11/27/2013","-51.875","-4.83955001831055","219","27.206","22.239","13.69342656","1.19055323813252","0.945004035266667","25.2592814268",
"11/28/2013","-51.875","-4.83955001831055","219","26.04","21.32","13.083164784","0.949408519221614","0.967837182754553","10.1689202088",
"11/29/2013","-51.875","-4.83955001831055","219","31.663","22.157","5.510331684","1.13462384645013","0.914312313844166","20.23603427412",
"11/30/2013","-51.875","-4.83955001831055","219","27.299","21.556","12.93897816","1.28245901774193","0.946247147684846","23.1237466164",
"12/1/2013","-51.875","-4.83955001831055","219","31.563","21.465","5.366140992","0.916494894883543","0.887317656441973","19.9001807676",
"12/2/2013","-51.875","-4.83955001831055","219","31.665","21.269","2.1732324264","1.10923574859609","0.842516473610904","27.6456410388",
"12/3/2013","-51.875","-4.83955001831055","219","29.414","22.047","2.976606","1.34718642011053","0.882874081084097","27.45752562",
"12/4/2013","-51.875","-4.83955001831055","219","32.705","20.638","0.0446319504","1.16578157708969","0.770375626490521","27.8461784664",
"12/5/2013","-51.875","-4.83955001831055","219","35.909","21.583","0","1.07974760413426","0.665031598271569","27.2370276684",
"12/6/2013","-51.875","-4.83955001831055","219","31.761","21.768","9.297171792","1.17258416928308","0.812751324273875","26.68923193752",
"12/7/2013","-51.875","-4.83955001831055","219","28.811","21.655","8.79935976","1.22991938190414","0.884378471938638","14.87105368884",
"12/8/2013","-51.875","-4.83955001831055","219","32.293","20.562","0.0017166132","1.57117411076474","0.751555934471879","25.33560077772",
"12/9/2013","-51.875","-4.83955001831055","219","32.423","20.338","0.714111588","1.31900181087254","0.773643480135343","24.783913981656",
"12/10/2013","-51.875","-4.83955001831055","219","34.874","19.867","0.04119876","1.12622910853077","0.710602135536579","27.9303083964",
"12/11/2013","-51.875","-4.83955001831055","219","34.131","22.315","0.4961016","1.40710043107494","0.7161890072309","25.36897366908",
"12/12/2013","-51.875","-4.83955001831055","219","27.44","22.105","8.31699054","1.33864620023663","0.899531624207372","23.737877355168",
"12/13/2013","-51.875","-4.83955001831055","219","31.718","21.691","1.702881072","1.56029018192976","0.82690105906643","26.0079527988",
"12/14/2013","-51.875","-4.83955001831055","219","33.51","21.926","0.1459121544","1.41890286115005","0.736794064928921","27.553893426",
"12/15/2013","-51.875","-4.83955001831055","219","34.125","22.914","0.835991136","1.28020666521219","0.680407655169161","24.747247008",
"12/16/2013","-51.875","-4.83955001831055","219","34.386","22.059","1.3286608848","1.30884660431095","0.715120963423989","27.37061293896",
"12/17/2013","-51.875","-4.83955001831055","219","34.372","22.867","0.3227236056","1.39373695035744","0.684112554271438","20.71636561332",
"12/18/2013","-51.875","-4.83955001831055","219","34.158","23.055","5.1687230796","1.29521078501069","0.719826862427237","21.4394243796",
"12/19/2013","-51.875","-4.83955001831055","219","28.338","23.51","21.0010482","0.653494468123364","0.940390245208964","12.66925144716",
"12/20/2013","-51.875","-4.83955001831055","219","26.368","22.029","16.89319296","1.01100562525291","0.963973514236297","13.18612345308",
"12/21/2013","-51.875","-4.83955001831055","219","25.776","22.408","7.539363972","1.15656472595326","0.968372441972757","10.5130129176",
"12/22/2013","-51.875","-4.83955001831055","219","28.937","21.378","5.407331472","0.954577083520144","0.893504243971034","15.7767012702",
"12/23/2013","-51.875","-4.83955001831055","219","30.891","21.206","2.822114412","1.34353499455093","0.857348798558299","14.0512830696",
"12/24/2013","-51.875","-4.83955001831055","219","31.384","22.062","5.1120791064","1.46487182703079","0.828147325732946","19.3390801452",
"12/25/2013","-51.875","-4.83955001831055","219","31.323","22.664","15.216068412","0.706568120849431","0.936510643901975","19.9206412884",
"12/26/2013","-51.875","-4.83955001831055","219","27.779","21.585","17.3017530504","0.786034306479401","0.956531083412166","18.1580036904",
"12/27/2013","-51.875","-4.83955001831055","219","30.068","22.382","4.0580752824","0.916088639681489","0.894104071822133","22.9746082716",
"12/28/2013","-51.875","-4.83955001831055","219","29.831","22.223","5.448526164","1.15381531826896","0.915495104141192","12.407277168",
"12/29/2013","-51.875","-4.83955001831055","219","28.312","22.632","14.9105019744","1.21866809697447","0.938903552191406","24.6722859",
"12/30/2013","-51.875","-4.83955001831055","219","32.205","23.262","6.159203136","1.59964839787853","0.830663081402221","26.1547070184",
"12/31/2013","-51.875","-4.83955001831055","219","32.609","21.449","0","1.5735631806631","0.739942981943565","26.1788252328",
"1/1/2014","-51.875","-4.83955001831055","219","33.98","21.305","0.0034332264","1.13909154584603","0.670100213268762","24.4814401152",
"1/2/2014","-51.875","-4.83955001831055","219","33.694","19.727","0.1098633528","1.17376471995015","0.679015978904714","24.127508017188",
"1/3/2014","-51.875","-4.83955001831055","219","32.404","20.639","3.714752916","1.31400893626766","0.811878236975185","27.8918259732",
"1/4/2014","-51.875","-4.83955001831055","219","30.811","21.404","3.912163668","1.6009276436936","0.873679182200461","15.2972206272",
"1/5/2014","-51.875","-4.83955001831055","219","31.135","21.787","5.0331127248","1.22698441133865","0.914454099140609","16.1476315488",
"1/6/2014","-51.875","-4.83955001831055","219","31.674","21.305","3.529357092","1.4582075081745","0.853557012948659","19.2944591532",
"1/7/2014","-51.875","-4.83955001831055","219","28.195","21.667","12.706373916","1.03270544383314","0.936796646742395","27.0482345928",
"1/8/2014","-51.875","-4.83955001831055","219","32.309","21.676","1.3887412848","1.19533986887449","0.760203095744549","24.111750888",
"1/9/2014","-51.875","-4.83955001831055","219","32.976","21.04","0.779342364","1.35652984380935","0.714038342176832","22.4814959244",
"1/10/2014","-51.875","-4.83955001831055","219","25.732","21.61","12.876321672","1.32541852106189","0.963737604982262","21.0206624184",
"1/11/2014","-51.875","-4.83955001831055","219","26.073","20.366","18.439859988","0.672258613740317","0.973052170418342","14.86712060208",
"1/12/2014","-51.875","-4.83955001831055","219","24.466","20.716","97.00071714","0.916822362032486","0.980465624974782","4.09868189928",
"1/13/2014","-51.875","-4.83955001831055","219","30.685","21.656","1.929473532","1.0878288451188","0.862730788021701","15.78917258712",
"1/14/2014","-51.875","-4.83955001831055","219","28.742","20.231","1.8745422048","1.29714327055367","0.874384265825574","20.6835691176",
"1/15/2014","-51.875","-4.83955001831055","219","28.262","19.624","8.1298802088","0.906115176848918","0.924167535317539","21.5758941012",
"1/16/2014","-51.875","-4.83955001831055","219","33.424","22.086","2.1114313992","1.45128645705051","0.829066756868532","27.43579762524",
"1/17/2014","-51.875","-4.83955001831055","219","32.081","21.734","7.86895812","1.35577561666193","0.879771801992439","26.330763312",
"1/18/2014","-51.875","-4.83955001831055","219","30.454","22.24","8.280943344","1.10450086447296","0.918367844016737","23.7752236296",
"1/19/2014","-51.875","-4.83955001831055","219","29.796","21.954","14.167210212","1.25614859024138","0.932466696179721","23.35931775828",
"1/20/2014","-51.875","-4.83955001831055","219","31.084","22.243","5.89828608","1.59543969367896","0.872220420005866","27.7421955552",
"1/21/2014","-51.875","-4.83955001831055","219","29.664","20.746","9.8379137448","1.28980022426402","0.903719381904901","22.3349625396",
"1/22/2014","-51.875","-4.83955001831055","219","29.141","22.548","21.5349156","1.17773134267126","0.926467990920848","17.327351232",
"1/23/2014","-51.875","-4.83955001831055","219","33.918","20.629","0.090980532","1.37262624320677","0.752428671510604","26.74319676156",
"1/24/2014","-51.875","-4.83955001831055","219","30.079","22","2.9319758784","1.11974503619429","0.810757761322285","19.8119830932",
"1/25/2014","-51.875","-4.83955001831055","219","24.567","22.379","17.54722728","0.777113050255899","0.977330108997108","3.87167985",
"1/26/2014","-51.875","-4.83955001831055","219","27.153","20.906","19.4801374728","1.57454948345348","0.861585606141799","15.2328958992",
"1/27/2014","-51.875","-4.83955001831055","219","27.656","21.52","7.7505116832","0.77589989001916","0.934014982431389","13.84905294684",
"1/28/2014","-51.875","-4.83955001831055","219","30.493","22.279","12.7235368584","1.07111271708426","0.924857724030752","17.6803388964",
"1/29/2014","-51.875","-4.83955001831055","219","27.615","22.12","13.648795812","1.11987377940872","0.950254054218039","22.6483807896",
"1/30/2014","-51.875","-4.83955001831055","219","27.886","19.013","7.336810944","1.09304898521061","0.942374820504785","22.7447058204",
"1/31/2014","-51.875","-4.83955001831055","219","32.192","21.845","5.9360502024","1.24093491087274","0.865867351515201","22.6851090948",
"2/1/2014","-51.875","-4.83955001831055","219","24.46","21.565","27.47613816","0.790668421510394","0.977944769480355","4.7039161428",
"2/2/2014","-51.875","-4.83955001831055","219","24.711","20.218","98.3001526128","0.774890446308881","0.971598040054325","5.25004488",
"2/3/2014","-51.875","-4.83955001831055","219","29.613","18.034","17.83733544","0.993066456952918","0.925581913106185","19.985383656",
"2/4/2014","-51.875","-4.83955001831055","219","30.197","21.09","11.398315968","0.939906615115564","0.903208130423981","24.9750796896",
"2/5/2014","-51.875","-4.83955001831055","219","29.574","20.814","11.41377012","0.86643821424748","0.906373156455411","15.3463579704",
"2/6/2014","-51.875","-4.83955001831055","219","33.776","21.157","5.2888897584","1.25800656543645","0.888080350465555","25.9443307728",
"2/7/2014","-51.875","-4.83955001831055","219","26.359","22.474","21.49544196","1.07565487595066","0.966279900124508","16.3763735508",
"2/8/2014","-51.875","-4.83955001831055","219","28.357","22.226","9.149553","1.0209229174757","0.925718136964183","23.13907947792",
"2/9/2014","-51.875","-4.83955001831055","219","30.671","21.979","10.5880707864","1.16750072200119","0.932954017883453","20.62001034252",
"2/10/2014","-51.875","-4.83955001831055","219","30.911","22.88","7.266428604","1.44787120607281","0.896476209737934","26.3901729456",
"2/11/2014","-51.875","-4.83955001831055","219","27.722","22.013","5.918879988","1.08608323289357","0.944492122866257","16.58312343",
"2/12/2014","-51.875","-4.83955001831055","219","23.8","21.427","79.462089","0.689254430575962","0.981484012067328","3.0858105816",
"2/13/2014","-51.875","-4.83955001831055","219","25.696","20.787","7.8655241304","0.808704408126348","0.965303768509558","16.7205960504",
"2/14/2014","-51.875","-4.83955001831055","219","27.083","21.972","12.479788584","1.02647757721885","0.951657618733364","20.0086405416",
"2/15/2014","-51.875","-4.83955001831055","219","25.297","22.831","21.18816756","1.21172068915335","0.976215676350491","9.1323169164",
"2/16/2014","-51.875","-4.83955001831055","219","26.219","22.637","17.7635174904","1.20755515857305","0.95500127065666","13.8722178564",
"2/17/2014","-51.875","-4.83955001831055","219","25.178","22.423","6.732560304","0.877072871263021","0.970401106102212","9.8789330268",
"2/18/2014","-51.875","-4.83955001831055","219","28.622","22.288","22.5219708","1.08190912346631","0.95151861183163","18.16372510776",
"2/19/2014","-51.875","-4.83955001831055","219","25.815","22.088","39.0890479464","0.893801447880021","0.963327867437849","8.33531598162",
"2/20/2014","-51.875","-4.83955001831055","219","29.471","22.303","15.341376024","0.918880550980982","0.942852732707138","20.3384420928",
"2/21/2014","-51.875","-4.83955001831055","219","28.242","21.789","7.887843252","0.871140981360778","0.939415877402866","13.6684638864",
"2/22/2014","-51.875","-4.83955001831055","219","30.163","22.21","3.3130614384","1.20280504615004","0.837461159483349","17.7393346596",
"2/23/2014","-51.875","-4.83955001831055","219","32.271","22.029","2.03933754","1.23480415323463","0.825784967145731","24.4500478128",
"2/24/2014","-51.875","-4.83955001831055","219","33.445","22.641","0.0394821144","1.56592015970234","0.740546846127962","27.7208058528",
"2/25/2014","-51.875","-4.83955001831055","219","33.356","20.742","6.198690024","1.31854809356171","0.799661706527612","25.55856176796",
"2/26/2014","-51.875","-4.83955001831055","219","32.881","22.117","0.9647387208","1.32718526622299","0.797695854803513","17.37988677864",
"2/27/2014","-51.875","-4.83955001831055","219","27.681","21.959","87.33958704","0.878173339681128","0.965149249838456","10.099872562176",
"2/28/2014","-51.875","-4.83955001831055","219","28.959","22.503","19.16598996","1.39728922389046","0.926313545893604","20.819734452",
"3/1/2014","-51.875","-4.83955001831055","219","27.994","22.753","6.40640232","1.18563272206574","0.942667024592104","21.0089168244",
"3/2/2014","-51.875","-4.83955001831055","219","24.23","21.911","14.079663756","0.830439079679492","0.973265183227942","4.3443821664",
"3/3/2014","-51.875","-4.83955001831055","219","26.622","21.28","2.444458608","0.836410712174245","0.951307562268192","9.5656261392",
"3/4/2014","-51.875","-4.83955001831055","219","28.046","20.377","4.909510512","1.08962199142075","0.922195303235508","12.5526043872",
"3/5/2014","-51.875","-4.83955001831055","219","28.211","21.057","8.744437872","1.00551406416527","0.938285168665436","19.5855316128",
"3/6/2014","-51.875","-4.83955001831055","219","26.3","22.452","7.161719256","0.816370010992511","0.965431708723022","11.9055148632",
"3/7/2014","-51.875","-4.83955001831055","219","29.046","22.355","5.7043089864","1.09849055522654","0.916900423609786","18.979877718",
"3/8/2014","-51.875","-4.83955001831055","219","29.417","21.665","11.5373578824","1.24468132901481","0.950210746473556","19.3705777728",
"3/9/2014","-51.875","-4.83955001831055","219","30.097","21.512","8.9401268808","1.15273917249939","0.919272557336129","16.827047784",
"3/10/2014","-51.875","-4.83955001831055","219","27.386","22.316","11.1682926","1.09433233005563","0.946041841638147","20.6923430412",
"3/11/2014","-51.875","-4.83955001831055","219","24.174","22.276","143.5879050264","0.616313665733416","0.982141062046769","1.3525501392",
"3/12/2014","-51.875","-4.83955001831055","219","25.95","22.353","14.012718804","1.051436375052","0.973916494408427","11.4257484936",
"3/13/2014","-51.875","-4.83955001831055","219","27.613","22.584","9.5478059376","0.939941592946168","0.944182032404969","10.114901694",
"3/14/2014","-51.875","-4.83955001831055","219","28.721","22.58","15.6829853556","0.858723838683448","0.945144105390729","21.5632734264",
"3/15/2014","-51.875","-4.83955001831055","219","26.332","22.897","28.729242","1.07041088219005","0.972904545934122","16.00833226176",
"3/16/2014","-51.875","-4.83955001831055","219","28.844","21.815","5.117227632","1.26609539913745","0.926487086334616","11.9784252384",
"3/17/2014","-51.875","-4.83955001831055","219","32.083","21.347","6.2519030352","1.05979084758195","0.867979802117158","23.17559752836",
"3/18/2014","-51.875","-4.83955001831055","219","29.933","21.229","10.91423376","1.05883374189021","0.938878765685404","25.8355174104",
"3/19/2014","-51.875","-4.83955001831055","219","31.812","22.798","0.823975452","1.53094732636774","0.83832832350945","22.16443795056",
"3/20/2014","-51.875","-4.83955001831055","219","30.446","22.76","18.78318828","1.04796985199376","0.924563595269294","20.3044306392",
"3/21/2014","-51.875","-4.83955001831055","219","30.856","21.96","7.851792456","1.12567024284541","0.929561169795003","24.3759998268",
"3/22/2014","-51.875","-4.83955001831055","219","26.678","22.76","16.08295572","0.818209690990892","0.967283503235113","20.1425986764",
"3/23/2014","-51.875","-4.83955001831055","219","31.406","22.538","10.25161848","1.30621861699485","0.903552254234041","16.5779313912",
"3/24/2014","-51.875","-4.83955001831055","219","30.919","20.729","6.47163414","1.1194249239225","0.881124908926401","26.6962876236",
"3/25/2014","-51.875","-4.83955001831055","219","29.874","20.089","11.35368414","0.877764537466662","0.938517719038368","22.31683098804",
"3/26/2014","-51.875","-4.83955001831055","219","30.816","21.762","2.0736709344","1.00510471042988","0.859193832314862","22.0612367016",
"3/27/2014","-51.875","-4.83955001831055","219","31.989","22.062","6.7806199728","1.22158591519408","0.863367563204408","26.3303241426",
"3/28/2014","-51.875","-4.83955001831055","219","28.385","21.28","12.60508644","0.905323779628239","0.953382982250427","18.65148860592",
"3/29/2014","-51.875","-4.83955001831055","219","28.286","21.454","1.4076226872","1.11138916342523","0.894103451742561","14.64716869812",
"3/30/2014","-51.875","-4.83955001831055","219","27.367","22.015","4.24346868","1.36765659827179","0.927062756771936","14.425822026",
"3/31/2014","-51.875","-4.83955001831055","219","27.106","20.364","8.411405904","0.71389132052192","0.958407358764691","21.1919315724",
"4/1/2014","-51.875","-4.83955001831055","219","31.7","20.785","11.6043075864","1.00624288626556","0.88598625325102","17.40925412172",
"4/2/2014","-51.875","-4.83955001831055","219","26.633","21.908","4.8202514712","0.736653149506531","0.947834527808456","7.547483034",
"4/3/2014","-51.875","-4.83955001831055","219","29.288","21.052","9.513480456","0.711424477384385","0.918706749254375","14.440256297604",
"4/4/2014","-51.875","-4.83955001831055","219","27.284","20.656","7.94963556","0.782401265671057","0.960837744192696","15.35658568236",
"4/5/2014","-51.875","-4.83955001831055","219","30.638","21.747","2.7843471864","0.806413728287469","0.914888168651492","17.97673535424",
"4/6/2014","-51.875","-4.83955001831055","219","29.409","21.733","10.426712112","1.04445034081341","0.945264221405403","24.4403089596",
"4/7/2014","-51.875","-4.83955001831055","219","27.058","21.663","14.622117732","0.924164553809136","0.966883345956261","21.5097136956",
"4/8/2014","-51.875","-4.83955001831055","219","28.023","22.831","7.1067852504","1.10166865161999","0.943879005268274","15.2310125448",
"4/9/2014","-51.875","-4.83955001831055","219","26.223","22.452","5.609898936","1.11111718553727","0.955250501858081","17.3455351056",
"4/10/2014","-51.875","-4.83955001831055","219","23.307","21.47","26.87873112","0.787937073407192","0.982619660869061","0.7792853328",
"4/11/2014","-51.875","-4.83955001831055","219","25.319","21.004","2.832412032","1.06510556750553","0.961263794686071","11.6712089316",
"4/12/2014","-51.875","-4.83955001831055","219","27.518","21.363","15.0821599248","0.648315854394173","0.962403105853326","17.6215756176",
"4/13/2014","-51.875","-4.83955001831055","219","30.635","22.657","1.871108748","0.842904569085177","0.885849280343878","18.5730654996",
"4/14/2014","-51.875","-4.83955001831055","219","28.561","22.277","5.481151056","1.0321511669295","0.915105254620655","11.204675208",
"4/15/2014","-51.875","-4.83955001831055","219","31.772","22.317","14.07622464","0.913668339355942","0.8731401848202","25.7918503608",
"4/16/2014","-51.875","-4.83955001831055","219","30.892","20.965","3.7181870856","0.937393338640612","0.865491514124756","24.9013550196",
"4/17/2014","-51.875","-4.83955001831055","219","28.067","21.329","7.1960441184","1.06628976167813","0.937189212102873","26.0442900036",
"4/18/2014","-51.875","-4.83955001831055","219","29.413","22.891","13.4359369704","0.942041581658074","0.915804741317103","25.1949348108",
"4/19/2014","-51.875","-4.83955001831055","219","26.868","22.815","9.16843356","0.878942091346786","0.955796365171229","21.4758840924",
"4/20/2014","-51.875","-4.83955001831055","219","29.823","23.055","7.127385624","1.04374045242301","0.928625227549079","22.0323774132",
"4/21/2014","-51.875","-4.83955001831055","219","27.271","22.371","15.3705553848","0.77218646609949","0.950900361008595","9.09263635884",
"4/22/2014","-51.875","-4.83955001831055","219","29.565","22.582","10.349468496","0.84573686671984","0.93583380788528","14.904388998",
"4/23/2014","-51.875","-4.83955001831055","219","29.858","22.843","4.7344222728","1.0271036898864","0.919197759866821","15.4763323704",
"4/24/2014","-51.875","-4.83955001831055","219","32.019","21.579","2.3860929384","1.1725630903153","0.843067373615046","24.008744498472",
"4/25/2014","-51.875","-4.83955001831055","219","31.341","21.733","10.31513148","0.921340073302515","0.925255872779467","23.8019683626",
"4/26/2014","-51.875","-4.83955001831055","219","26.863","23.153","10.454180904","0.936486214018251","0.965348505707285","18.0307063944",
"4/27/2014","-51.875","-4.83955001831055","219","26.098","22.653","9.8945676","0.582917916403952","0.969198630891678","12.66923814768",
"4/28/2014","-51.875","-4.83955001831055","219","31.497","21.81","11.041265592","0.75820908548254","0.919071277528073","23.85826492932",
"4/29/2014","-51.875","-4.83955001831055","219","30.092","22.254","1.311493356","1.3614177759207","0.878171875059747","18.1775119428",
"4/30/2014","-51.875","-4.83955001831055","219","32.434","21.01","0","1.47047492801902","0.753490116192692","25.1033512176",
"5/1/2014","-51.875","-4.83955001831055","219","32.932","22.398","0","1.60753921012558","0.695809190988094","24.78781359792",
"5/2/2014","-51.875","-4.83955001831055","219","32.286","21.018","1.63249992","1.22954745532675","0.789921650988356","14.50576897812",
"5/3/2014","-51.875","-4.83955001831055","219","31.231","22.578","3.628923732","1.43034334789697","0.847088438545085","24.59947351068",
"5/4/2014","-51.875","-4.83955001831055","219","29.468","21.381","3.8349154224","0.990584130512791","0.909143753840036","18.2136172284",
"5/5/2014","-51.875","-4.83955001831055","219","27.514","20.283","15.061575168","0.695147732038715","0.961703067876666","8.7164403768",
"5/6/2014","-51.875","-4.83955001831055","219","30.73","22.265","7.697296152","0.9524238897917","0.896190385928538","19.05258873996",
"5/7/2014","-51.875","-4.83955001831055","219","33.181","21.332","0.0961304184","1.43196107038165","0.804903416912707","24.6452674932",
"5/8/2014","-51.875","-4.83955001831055","219","29.989","21.724","6.1592085504","0.77850549651346","0.93267044266115","11.49101295552",
"5/9/2014","-51.875","-4.83955001831055","219","26.881","22.9","13.33465056","0.813634888360877","0.959702624785234","20.165602176",
"5/10/2014","-51.875","-4.83955001831055","219","30.757","22.979","9.839630016","0.936828875382805","0.88999384132477","20.0282757426",
"5/11/2014","-51.875","-4.83955001831055","219","26.061","21.692","21.807859572","0.76908498028258","0.961156149482974","4.99667955768",
"5/12/2014","-51.875","-4.83955001831055","219","29.849","19.23","3.524210352","0.837063890209145","0.890020095083058","23.79146062752",
"5/13/2014","-51.875","-4.83955001831055","219","29.39","21.534","0.4446026568","1.30162020032464","0.840534202694842","15.622763544",
"5/14/2014","-51.875","-4.83955001831055","219","33.379","20.368","0.096130332","1.20184502093789","0.774438299720395","17.82692976204",
"5/15/2014","-51.875","-4.83955001831055","219","29.223","21.57","3.968811072","1.24618946164079","0.863532067908831","23.852926566",
"5/16/2014","-51.875","-4.83955001831055","219","28.655","23.304","7.77282624","0.852704195236092","0.945249168045314","20.59882613964",
"5/17/2014","-51.875","-4.83955001831055","219","29.964","22.682","12.28236624","1.11706840400758","0.910465180920549","14.56948684656",
"5/18/2014","-51.875","-4.83955001831055","219","27.62","21.507","6.4493171712","0.902053607048302","0.933154936627139","23.2441706844",
"5/19/2014","-51.875","-4.83955001831055","219","32","21.685","2.49938748","1.33264940599809","0.842695793600693","23.60477880072",
"5/20/2014","-51.875","-4.83955001831055","219","32.038","22.002","0.1098633168","1.2399284098755","0.798826069744541","20.7508476762",
"5/21/2014","-51.875","-4.83955001831055","219","32.415","21.174","1.7389293768","1.2663801931775","0.799027828263728","23.48101970676",
"5/22/2014","-51.875","-4.83955001831055","219","31.181","21.289","5.812458624","0.983804233765157","0.89697851107595","21.75430117572",
"5/23/2014","-51.875","-4.83955001831055","219","31.637","21.974","12.153625524","0.971795890982004","0.937949582067864","16.3717640676",
"5/24/2014","-51.875","-4.83955001831055","219","30.079","21.878","13.741500672","0.69454157827757","0.936856237876481","16.6852924164",
"5/25/2014","-51.875","-4.83955001831055","219","27.89","21.688","12.2943854304","0.865507652437625","0.956797360980516","17.32752306",
"5/26/2014","-51.875","-4.83955001831055","219","30.163","21.124","1.9226076408","1.07796811875444","0.867911605809042","23.15941821",
"5/27/2014","-51.875","-4.83955001831055","219","28.667","19.455","4.706958996","0.658620759986048","0.922905531810161","22.39118435412",
"5/28/2014","-51.875","-4.83955001831055","219","33.989","20.53","3.05557272","0.904247089334963","0.811668445245206","23.24168873388",
"5/29/2014","-51.875","-4.83955001831055","219","32.646","20.38","4.4185615704","1.00324713055106","0.831371296453153","19.02381277068",
"5/30/2014","-51.875","-4.83955001831055","219","33.847","21.859","0.44288658","1.17372670749371","0.739932403428786","22.5324405792",
"5/31/2014","-51.875","-4.83955001831055","219","32.892","23.088","0.5167009332","1.39376554401614","0.673966201809848","22.756164858",
"6/1/2014","-51.875","-4.83955001831055","219","33.467","21.372","0","1.19386870306129","0.651794372717894","23.467835574",
"6/2/2014","-51.875","-4.83955001831055","219","34.374","18.503","0.0034332264","0.938933354137409","0.681321970160923","21.5125561476",
"6/3/2014","-51.875","-4.83955001831055","219","35.058","19.495","0.0308990304","0.903277633542526","0.695587166257157","21.85141697712",
"6/4/2014","-51.875","-4.83955001831055","219","34.356","19.772","0.21286008","1.08443173844963","0.728546080563698","23.2993633131",
"6/5/2014","-51.875","-4.83955001831055","219","32.02","20.294","2.940557724","1.17225889912597","0.854886176569851","19.0294499988",
"6/6/2014","-51.875","-4.83955001831055","219","34.152","20.92","0.1476288","1.34745361008998","0.759513955305859","19.014640377624",
"6/7/2014","-51.875","-4.83955001831055","219","34.023","20.718","0","1.23543249944349","0.70253299678236","19.3556654064",
"6/8/2014","-51.875","-4.83955001831055","219","33.357","20.885","0","1.16415361678929","0.700209551875337","20.76495656796",
"6/9/2014","-51.875","-4.83955001831055","219","34.549","20.127","5.972101884","1.06967432633637","0.829936538618756","16.2573558084",
"6/10/2014","-51.875","-4.83955001831055","219","33.737","20.007","0","1.2196429016754","0.692352997084345","23.29447423536",
"6/11/2014","-51.875","-4.83955001831055","219","33.528","20.529","0","1.48933299799285","0.63035450683152","21.21817053186",
"6/12/2014","-51.875","-4.83955001831055","219","33.04","20.304","0","1.37138147299514","0.640977286731691","23.55667210728",
"6/13/2014","-51.875","-4.83955001831055","219","33.479","19.76","0","1.34046701823914","0.606181156579176","23.79521489796",
"6/14/2014","-51.875","-4.83955001831055","219","33.442","18.903","0","1.49733526585967","0.568851803368739","23.72695719516",
"6/15/2014","-51.875","-4.83955001831055","219","34.069","20.899","0","1.24755839535667","0.579941698986554","23.5488811986",
"6/16/2014","-51.875","-4.83955001831055","219","33.779","21.522","0","1.05283775381587","0.59466054926811","23.10154159356",
"6/17/2014","-51.875","-4.83955001831055","219","33.968","18.536","0","1.12750461497116","0.59087691175564","21.861055328076",
"6/18/2014","-51.875","-4.83955001831055","219","34.548","22.393","0","0.930387514070843","0.591392392382404","12.35457775836",
"6/19/2014","-51.875","-4.83955001831055","219","34.664","21.458","0.2677915728","0.900106675719627","0.679224666674219","16.3156758228",
"6/20/2014","-51.875","-4.83955001831055","219","31.109","21.587","2.257346916","1.08885806838727","0.750687152087788","22.77274279392",
"6/21/2014","-51.875","-4.83955001831055","219","31.434","21.907","1.1501311104","1.14966747888621","0.82555700219957","14.914508401548",
"6/22/2014","-51.875","-4.83955001831055","219","34.174","20.255","0.6969456","1.11692513339543","0.696848289054744","22.95778157748",
"6/23/2014","-51.875","-4.83955001831055","219","34.117","21.266","0","1.51750407971585","0.579113320209142","22.9661804646",
"6/24/2014","-51.875","-4.83955001831055","219","33.681","20.702","0.010299672","1.39406832243393","0.59035985848029","23.23943449308",
"6/25/2014","-51.875","-4.83955001831055","219","32.939","22.671","0.041198724","1.14132380773191","0.657029813246318","17.70200736156",
"6/26/2014","-51.875","-4.83955001831055","219","33.218","18.816","0","0.895785931959785","0.695433593011836","21.8339816724",
"6/27/2014","-51.875","-4.83955001831055","219","34.111","18.168","0.8977895064","0.928069324951626","0.747071291403544","19.1224500732",
"6/28/2014","-51.875","-4.83955001831055","219","30.297","22.182","5.7300566832","0.972165302387305","0.902828747173345","15.80847232104",
"6/29/2014","-51.875","-4.83955001831055","219","33.093","19.857","0.279807876","1.14250280948292","0.786973333825831","16.171943112",
"6/30/2014","-51.875","-4.83955001831055","219","30.37","19.044","4.167937764","0.689910267892682","0.883133314150115","20.60235347184",
"7/1/2014","-51.875","-4.83955001831055","219","31.392","18.543","4.528426644","0.837880450382797","0.839306285183318","23.0391800892",
"7/2/2014","-51.875","-4.83955001831055","219","27.549","18.808","5.83476984","0.720113653627488","0.929700138303328","22.856499234",
"7/3/2014","-51.875","-4.83955001831055","219","31.912","18.209","2.974889052","1.00519216737764","0.851251384503099","22.9024461528",
"7/4/2014","-51.875","-4.83955001831055","219","34.096","19.929","0.0017166132","1.12631482981008","0.676746899824268","23.3864519256",
"7/5/2014","-51.875","-4.83955001831055","219","34.258","20.656","0.024032592","1.12636282627651","0.676004578460792","18.4579781292",
"7/6/2014","-51.875","-4.83955001831055","219","34.656","20.322","0","1.30218098316596","0.556174802588858","23.76182025108",
"7/7/2014","-51.875","-4.83955001831055","219","33.61","21.328","0","1.6766722755171","0.522521289402579","23.73187110624",
"7/8/2014","-51.875","-4.83955001831055","219","33.856","20.4","0","0.962453480229967","0.598421477390629","21.4259644476",
"7/9/2014","-51.875","-4.83955001831055","219","34.741","20.656","0","0.958019032652766","0.542953623538798","18.2845149156",
"7/10/2014","-51.875","-4.83955001831055","219","36.028","20.367","0.044631936","0.978763394045179","0.534062942929071","22.10112853704",
"7/11/2014","-51.875","-4.83955001831055","219","32.18","22.461","2.868459984","1.36925547211103","0.745491959850756","23.3684595063",
"7/12/2014","-51.875","-4.83955001831055","219","33.798","20.32","3.100203972","1.18496858681479","0.753582911833553","16.83810820656",
"7/13/2014","-51.875","-4.83955001831055","219","34.902","21.302","0.26092512","1.7740102237024","0.54115851906194","23.71010754096",
"7/14/2014","-51.875","-4.83955001831055","219","35.072","23.057","0.24719256","1.62161633404968","0.593282103622492","22.7602724904",
"7/15/2014","-51.875","-4.83955001831055","219","35.286","22.555","0","1.26508076952209","0.499340510172062","23.42995864668",
"7/16/2014","-51.875","-4.83955001831055","219","33.4","20.866","0.24375942","1.47854922893531","0.635024558519392","16.59027470652",
"7/17/2014","-51.875","-4.83955001831055","219","31.075","20.752","0.2849579784","1.31318382008939","0.77765743300129","15.2546325624",
"7/18/2014","-51.875","-4.83955001831055","219","34.102","18.416","0","1.0187685231613","0.640959747296608","17.7090736932",
"7/19/2014","-51.875","-4.83955001831055","219","35.29","19.708","0","1.28149019468206","0.543256112221815","22.5810823824",
"7/20/2014","-51.875","-4.83955001831055","219","34.882","20.71","0","1.29510476535929","0.615304536439122","17.2896613992",
"7/21/2014","-51.875","-4.83955001831055","219","34.689","20.712","1.25656128","1.39390008509002","0.69699470747689","17.1239182326",
"7/22/2014","-51.875","-4.83955001831055","219","33.412","22.329","0","1.6898361301327","0.594944169053529","20.1056262012",
"7/23/2014","-51.875","-4.83955001831055","219","33.381","20.412","0","1.83219537976437","0.608254757344581","19.5321988188",
"7/24/2014","-51.875","-4.83955001831055","219","32.544","20.128","0","1.42568318764659","0.636613164554989","19.0172629476",
"7/25/2014","-51.875","-4.83955001831055","219","32.627","19.415","0.14419548","1.35249861830558","0.647275062823163","20.86631056512",
"7/26/2014","-51.875","-4.83955001831055","219","35.494","20.395","0","1.44622799443948","0.527101813349903","24.82630200936",
"7/27/2014","-51.875","-4.83955001831055","219","34.361","18.423","0","1.34577845120772","0.57667540123683","16.6555066068",
"7/28/2014","-51.875","-4.83955001831055","219","34.651","17.878","0","1.50390629124203","0.604540197825663","21.4788505824",
"7/29/2014","-51.875","-4.83955001831055","219","35.846","18.227","0","1.38935351003248","0.581922680721848","24.0781235868",
"7/30/2014","-51.875","-4.83955001831055","219","34.166","21.294","0.48408516","1.21039178523854","0.579659429867553","21.3400187676",
"7/31/2014","-51.875","-4.83955001831055","219","34.486","20.646","0","1.57542342154119","0.514653737889082","24.9846608232",
