"Date","Longitude","Latitude","Elevation","Max Temperature","Min Temperature","Precipitation","Wind","Relative Humidity","Solar"
"1/1/1979","-40","-6.08845996856689","587","34.555","22.097","0","5.75649770682194","0.406477530335962","27.4925772",
"1/2/1979","-40","-6.08845996856689","587","34.015","21.092","0","4.9395584678124","0.421785600600071","28.23226578",
"1/3/1979","-40","-6.08845996856689","587","35.278","21.006","0","4.8073582771553","0.437164871980869","26.84114208",
"1/4/1979","-40","-6.08845996856689","587","35.876","22.595","0","5.34160384613977","0.418874220092492","28.0072692",
"1/5/1979","-40","-6.08845996856689","587","35.037","21.993","0","3.56624342483015","0.477677359806286","22.36877028",
"1/6/1979","-40","-6.08845996856689","587","35.317","22.042","0.24719256","4.11151638382656","0.4637532130052","27.64642032",
"1/7/1979","-40","-6.08845996856689","587","32.629","20.521","0.068664564","3.89156697991777","0.567674421736348","17.68815486",
"1/8/1979","-40","-6.08845996856689","587","35.091","20.439","0","5.25080899871007","0.486507324972597","28.32587208",
"1/9/1979","-40","-6.08845996856689","587","35.568","20.142","0","5.51176216628664","0.467478285178139","28.084492152",
"1/10/1979","-40","-6.08845996856689","587","35.943","19.75","0","4.07242990840328","0.448716927074065","28.4516397",
"1/11/1979","-40","-6.08845996856689","587","32.38","21.211","5.4348013224","4.08108683973335","0.577843796485459","23.11481232",
"1/12/1979","-40","-6.08845996856689","587","34.519","21.404","6.78749292","2.87857544109216","0.538411393485533","28.0158831",
"1/13/1979","-40","-6.08845996856689","587","31.746","23.175","0.0102996792","3.49760351903441","0.504952570507241","15.9260679",
"1/14/1979","-40","-6.08845996856689","587","31.62","20.824","0.369072504","4.55215283478317","0.637605263488805","15.25803642",
"1/15/1979","-40","-6.08845996856689","587","28.606","21.072","40.987594116","3.0539178124475","0.823186657388978","12.8541384",
"1/16/1979","-40","-6.08845996856689","587","29.81","20.434","29.597001588","3.12227345588031","0.778855642327711","22.81139928",
"1/17/1979","-40","-6.08845996856689","587","30.926","21.135","5.40904968","1.98264050974806","0.771988612220104","9.20693844",
"1/18/1979","-40","-6.08845996856689","587","31.431","20.894","5.3575489656","2.66635392242581","0.708325680746104","20.84411151",
"1/19/1979","-40","-6.08845996856689","587","31.245","20.184","0.87375654","3.685456734241","0.702424803054244","20.00513943",
"1/20/1979","-40","-6.08845996856689","587","33.559","19.023","0","4.14841113430316","0.547850100505357","28.5818103",
"1/21/1979","-40","-6.08845996856689","587","35.273","20.662","0","4.09659886242805","0.432832655845484","29.15156295",
"1/22/1979","-40","-6.08845996856689","587","34.553","20.149","0","3.60434761654351","0.54027735033472","27.91878921",
"1/23/1979","-40","-6.08845996856689","587","31.414","21.264","2.26593","3.79483076973396","0.71522809731362","21.092727528",
"1/24/1979","-40","-6.08845996856689","587","33.416","21.234","0.829125504","4.71220540304023","0.636342057399694","20.50784838",
"1/25/1979","-40","-6.08845996856689","587","33.229","20.652","1.3029083784","4.54451730399848","0.635372783888351","22.88896875",
"1/26/1979","-40","-6.08845996856689","587","32.899","20.534","3.7662523128","4.56047046439019","0.691926676376606","21.13329582",
"1/27/1979","-40","-6.08845996856689","587","33.262","21.421","0.312423552","4.0155855401645","0.652412831775352","19.66455117",
"1/28/1979","-40","-6.08845996856689","587","33.716","20.721","0","4.61942019377512","0.611323222948375","24.86317617",
"1/29/1979","-40","-6.08845996856689","587","34.097","21.312","0.048065184","5.22637497039284","0.594592462980667","26.40488184",
"1/30/1979","-40","-6.08845996856689","587","33.07","22.288","0.43773624","5.12002327992172","0.610618339700059","18.71483076",
"1/31/1979","-40","-6.08845996856689","587","31.202","21.201","0.06694794","3.44466831935492","0.566360703102059","16.45987554",
"2/1/1979","-40","-6.08845996856689","587","32.6","21.031","0.030899052","4.47774244320363","0.56566768200824","23.60486142",
"2/2/1979","-40","-6.08845996856689","587","34.92","21.263","0","5.08740274207223","0.48669857336169","28.4237442",
"2/3/1979","-40","-6.08845996856689","587","33.311","22.079","0.2334595824","4.10487579084472","0.55363875506344","19.436742",
"2/4/1979","-40","-6.08845996856689","587","33.138","21.173","0.4411693944","4.61039850459256","0.61111910375139","21.655013094",
"2/5/1979","-40","-6.08845996856689","587","34.183","20.608","0.708103296","3.05353101613471","0.552243650809427","17.13071241",
"2/6/1979","-40","-6.08845996856689","587","32.099","21.489","0.7312774896","3.83014972433071","0.599953440653579","18.43919676",
"2/7/1979","-40","-6.08845996856689","587","31.766","21.803","1.3200765624","3.50885457570643","0.641839687667049","10.150761078",
"2/8/1979","-40","-6.08845996856689","587","25.221","20.431","1.9123083504","2.69867671651805","0.817107972187395","8.58352563",
"2/9/1979","-40","-6.08845996856689","587","34.549","18.857","0.23002596","4.19824752647362","0.547071054149886","28.83876372",
"2/10/1979","-40","-6.08845996856689","587","34.83","18.797","0","3.80321896579083","0.439917559867955","27.36663678",
"2/11/1979","-40","-6.08845996856689","587","35.425","20.041","0","4.17685115804979","0.461828349124934","29.40823665",
"2/12/1979","-40","-6.08845996856689","587","36.208","20.499","0","4.16628758838171","0.468040615344953","27.35133813",
"2/13/1979","-40","-6.08845996856689","587","33.216","20.508","0.346756392","3.85376417478842","0.608070274409133","21.42669168",
"2/14/1979","-40","-6.08845996856689","587","35.12","21.034","0","4.9377595479163","0.540236242338285","22.95574092",
"2/15/1979","-40","-6.08845996856689","587","35.046","20.875","0.629997372","4.73576418601377","0.5617619331682","22.33720953",
"2/16/1979","-40","-6.08845996856689","587","33.116","20.624","0","3.99857204112976","0.548617549400134","18.22933341",
"2/17/1979","-40","-6.08845996856689","587","35.925","21.867","0.5046842304","3.11016021920447","0.566490433119188","26.08774515",
"2/18/1979","-40","-6.08845996856689","587","31.993","21.415","3.8675308104","3.15934061176304","0.71994296300792","14.21746938",
"2/19/1979","-40","-6.08845996856689","587","35.09","20.996","0.0137329056","3.4286157235683","0.519577752401254","26.19759051",
"2/20/1979","-40","-6.08845996856689","587","36.135","20.56","1.108933272","2.73677528759283","0.506889392588599","26.50786803",
"2/21/1979","-40","-6.08845996856689","587","22.334","20.588","43.7016024","1.71604362703381","0.942067959577708","2.08991259",
"2/22/1979","-40","-6.08845996856689","587","31.53","19.501","1.435088952","3.261082867969","0.774106365340621","23.68096884",
"2/23/1979","-40","-6.08845996856689","587","27.085","20.373","11.837772072","2.72646755335928","0.896450729693264","19.73671281",
"2/24/1979","-40","-6.08845996856689","587","26.63","20.017","20.92895172","1.88687406003098","0.899910996902406","12.486427722",
"2/25/1979","-40","-6.08845996856689","587","26.097","20.211","6.3480384","2.64606505959195","0.866796282203608","9.82828035",
"2/26/1979","-40","-6.08845996856689","587","25.662","20.351","49.805833608","1.89947277253386","0.921663560074271","8.53553826",
"2/27/1979","-40","-6.08845996856689","587","31.442","20.584","3.13797276","3.30119701360745","0.776282596931014","20.535020658",
"2/28/1979","-40","-6.08845996856689","587","31.998","18.84","0.23345964","4.39376088840353","0.671112551606533","26.6647428",
"3/1/1979","-40","-6.08845996856689","587","32.539","19.928","0.1922607216","3.86477258097187","0.639358097212727","28.2656214",
"3/2/1979","-40","-6.08845996856689","587","29.493","19.02","2.54402496","2.65319815712579","0.71733712796658","18.68062824",
"3/3/1979","-40","-6.08845996856689","587","29.916","20.45","0.370788264","3.4557417905207","0.669743261843993","13.86247761",
"3/4/1979","-40","-6.08845996856689","587","32.68","20.443","1.6582488984","4.45811056092968","0.670216870187073","28.05631407",
"3/5/1979","-40","-6.08845996856689","587","30.979","20.888","0.9990689184","4.04915728162292","0.705747871770434","11.357605098",
"3/6/1979","-40","-6.08845996856689","587","32.916","18.799","0","3.8732749543021","0.590704513102596","28.41895485",
"3/7/1979","-40","-6.08845996856689","587","34.057","20.697","0.8686062","4.11111405839476","0.589052048525887","27.94033125",
"3/8/1979","-40","-6.08845996856689","587","33.629","21.187","2.39982876","4.23064224312954","0.612737602761714","27.70751169",
"3/9/1979","-40","-6.08845996856689","587","33.673","21.534","0.04806504","4.88380349653581","0.573718995462052","23.29436178",
"3/10/1979","-40","-6.08845996856689","587","33.292","19.941","0.942421248","4.46836228626733","0.647994110002584","21.69517482",
"3/11/1979","-40","-6.08845996856689","587","32.334","19.863","0.23002632","4.50595399234147","0.650540278057509","25.3942281",
"3/12/1979","-40","-6.08845996856689","587","33.89","20.355","1.8608094504","4.00770437879038","0.626852315901105","22.74755238",
"3/13/1979","-40","-6.08845996856689","587","34.884","19.592","0.7862094","4.03724227294335","0.576112003678255","23.61341844",
"3/14/1979","-40","-6.08845996856689","587","30.042","20.255","1.30462668","3.09718164129704","0.683132655798732","17.12750778",
"3/15/1979","-40","-6.08845996856689","587","28.636","19.987","3.10363938","2.96730927629829","0.856428552631213","13.1877045",
"3/16/1979","-40","-6.08845996856689","587","28.716","19.958","0.240325776","3.78840559739414","0.786019003649569","18.235467",
"3/17/1979","-40","-6.08845996856689","587","33.114","19.741","0","4.00534596121123","0.648256519714079","24.48573678",
"3/18/1979","-40","-6.08845996856689","587","33.345","20.498","0.0343323","4.54186485050795","0.561008680909094","28.30218786",
"3/19/1979","-40","-6.08845996856689","587","33.929","19.742","0","4.38467113122247","0.525248713962486","26.35070724",
"3/20/1979","-40","-6.08845996856689","587","34.604","20.278","0.0102996792","3.31207805301869","0.542976110056061","21.7392246",
"3/21/1979","-40","-6.08845996856689","587","33.968","21.156","1.0299669912","3.54739497922725","0.606663321888447","21.74933754",
"3/22/1979","-40","-6.08845996856689","587","33.937","20.81","1.8024426648","4.49224480163078","0.607083301771967","27.94916268",
"3/23/1979","-40","-6.08845996856689","587","32.835","20.351","0.460052856","3.66860458205339","0.638539357455045","21.47157882",
"3/24/1979","-40","-6.08845996856689","587","33.459","20.532","0.157928364","3.68409712741775","0.646279900638958","23.92233228",
"3/25/1979","-40","-6.08845996856689","587","34.522","19.02","0.1544953248","3.18441201507961","0.667833274653762","22.06654038",
"3/26/1979","-40","-6.08845996856689","587","33.836","20.151","7.7007342744","2.31760349136951","0.764574694179027","13.65541848",
"3/27/1979","-40","-6.08845996856689","587","28.551","21.052","12.54844278","2.56049145528845","0.860805844983797","25.6282893",
"3/28/1979","-40","-6.08845996856689","587","30.431","20.009","2.5268556744","3.0726903720675","0.848271029805169","14.61656286",
"3/29/1979","-40","-6.08845996856689","587","30.096","20.278","2.904508368","2.74220812825295","0.818790211808306","15.11021466",
"3/30/1979","-40","-6.08845996856689","587","32.837","19.972","0.3982546656","3.5969809390877","0.6720238570043","26.2427634",
"3/31/1979","-40","-6.08845996856689","587","31.816","19.034","0","3.44895499246718","0.659415785576089","22.97221992",
"4/1/1979","-40","-6.08845996856689","587","33.047","20.993","0.0240325992","4.12730784707113","0.554258927048735","27.45220248",
"4/2/1979","-40","-6.08845996856689","587","33.577","18.879","0","4.44531995026062","0.550677532058443","27.8714241",
"4/3/1979","-40","-6.08845996856689","587","33.735","18.361","0","3.95387438937128","0.572670702564662","27.5470902",
"4/4/1979","-40","-6.08845996856689","587","34.059","19.635","0.274658292","3.41363806926234","0.584885304450068","24.57944892",
"4/5/1979","-40","-6.08845996856689","587","34.614","20.071","1.91574072","3.88784456174007","0.580655497129943","27.06913728",
"4/6/1979","-40","-6.08845996856689","587","32.28","19.941","0.082397484","3.32044978152165","0.63633277181415","18.74666052",
"4/7/1979","-40","-6.08845996856689","587","33.605","19.384","0.05493168","3.19859217969399","0.638238739306176","23.43532104",
"4/8/1979","-40","-6.08845996856689","587","32.6","18.352","0.0137329056","3.48701237598724","0.58553231456984","26.4730491",
"4/9/1979","-40","-6.08845996856689","587","30.766","17.849","0","2.96026967128414","0.66525641741792","20.6339085",
"4/10/1979","-40","-6.08845996856689","587","31.284","19.44","0","3.8096064582386","0.613762051928783","20.92831794",
"4/11/1979","-40","-6.08845996856689","587","34.568","18.58","0","3.19593306041149","0.540630627320088","26.67932028",
"4/12/1979","-40","-6.08845996856689","587","34.152","19.259","0","4.03253280959025","0.542186091669484","24.35906322",
"4/13/1979","-40","-6.08845996856689","587","33.928","19.257","0","4.5973921858628","0.510635292236331","23.1885036",
"4/14/1979","-40","-6.08845996856689","587","33.216","20.036","0.463485852","4.26296574447566","0.563481949048574","20.80198368",
"4/15/1979","-40","-6.08845996856689","587","30.148","19.064","0.53901684","4.16762060408121","0.617312939767525","18.40404654",
"4/16/1979","-40","-6.08845996856689","587","33.892","20.109","0","4.44266224870067","0.521225102189015","21.76689492",
"4/17/1979","-40","-6.08845996856689","587","34.04","20.507","2.499390864","2.81581921040162","0.590413715759576","24.99340032",
"4/18/1979","-40","-6.08845996856689","587","30.293","20.713","2.990340792","2.30542806388271","0.723063293668512","15.4139094",
"4/19/1979","-40","-6.08845996856689","587","32.369","19.512","5.019382908","2.32398345155597","0.74917015458543","11.85497316",
"4/20/1979","-40","-6.08845996856689","587","22.964","19.913","1.737213696","2.44086384295798","0.912948779777782","2.85339168",
"4/21/1979","-40","-6.08845996856689","587","32.827","19.517","0.7879260024","3.25725470228546","0.751320379897967","18.1225125",
"4/22/1979","-40","-6.08845996856689","587","32.893","20.049","0.164795148","3.62004791357067","0.636059168775107","22.17701862",
"4/23/1979","-40","-6.08845996856689","587","34.569","19.476","0.63858006","3.53342999714802","0.633626484089122","24.82941834",
"4/24/1979","-40","-6.08845996856689","587","30.466","18.483","6.47506332","2.26412183285062","0.799577890721891","15.05615202",
"4/25/1979","-40","-6.08845996856689","587","31.397","19.515","6.464767356","1.59590712209227","0.729952344239318","16.480467",
"4/26/1979","-40","-6.08845996856689","587","32.066","19.812","3.0933404064","2.6946250892315","0.710369463199758","15.41469672",
"4/27/1979","-40","-6.08845996856689","587","32.2","20.609","3.9138813504","3.89050722911909","0.699812647085079","19.23682176",
"4/28/1979","-40","-6.08845996856689","587","31.52","20.681","1.9878357024","3.47063806176343","0.702339064554699","15.0172821",
"4/29/1979","-40","-6.08845996856689","587","32.914","19.842","1.335525984","3.06544253957628","0.637449765390539","20.28532464",
"4/30/1979","-40","-6.08845996856689","587","30.837","20.148","0.7038116064","3.27118188706626","0.658706563669559","18.66741048",
"5/1/1979","-40","-6.08845996856689","587","32.765","19.973","1.63765116","3.17517071337495","0.600882953452683","24.74673804",
"5/2/1979","-40","-6.08845996856689","587","29.332","20.194","0.9304049664","3.03324774290764","0.708962629967134","10.266921",
"5/3/1979","-40","-6.08845996856689","587","32.828","18.828","0.127029132","4.03612704381484","0.621893579060233","23.22236034",
"5/4/1979","-40","-6.08845996856689","587","32.78","19.608","1.060867188","4.01655253202706","0.705899188057008","19.21088862",
"5/5/1979","-40","-6.08845996856689","587","31.163","20.41","1.96380648","4.24914628180837","0.714872427078587","23.5316196",
"5/6/1979","-40","-6.08845996856689","587","32.517","20.052","0.1750945392","3.48782142037829","0.634554861551267","23.4791478",
"5/7/1979","-40","-6.08845996856689","587","32.736","17.527","0.933837804","3.2960154702421","0.617372587957412","24.47769024",
"5/8/1979","-40","-6.08845996856689","587","32.518","19.211","2.98347696","2.83816155241302","0.626111529391457","19.1500866",
"5/9/1979","-40","-6.08845996856689","587","30.56","18.611","0.0034332264","2.60144369840183","0.594587836407401","18.72950544",
"5/10/1979","-40","-6.08845996856689","587","31.342","20.127","1.400758668","2.31568734775174","0.711325935884967","18.9928089",
"5/11/1979","-40","-6.08845996856689","587","30.227","19.324","0.236892672","3.33782964164893","0.653300710778904","19.37469384",
"5/12/1979","-40","-6.08845996856689","587","30.808","19.626","1.016235036","3.91630965325909","0.646043483547569","18.31685796",
"5/13/1979","-40","-6.08845996856689","587","33.112","20.257","0.6351472224","3.24862634449978","0.565476605701088","18.2710665",
"5/14/1979","-40","-6.08845996856689","587","30.875","19.992","2.152634292","3.53457391389173","0.693264614166578","17.36010378",
"5/15/1979","-40","-6.08845996856689","587","33.228","18.593","4.3190033544","2.07638316961852","0.683809045208585","16.644825",
"5/16/1979","-40","-6.08845996856689","587","21.293","19.955","7.654378572","2.23231223811091","0.942397381010992","2.686671",
"5/17/1979","-40","-6.08845996856689","587","30.229","19.084","1.551819384","3.75128597263405","0.753571014715762","17.09550198",
"5/18/1979","-40","-6.08845996856689","587","26.005","19.653","4.288094712","4.33088295945329","0.778045725341235","7.52410998",
"5/19/1979","-40","-6.08845996856689","587","30.169","18.789","0.460052352","4.30215425439421","0.673039955194272","23.60300832",
"5/20/1979","-40","-6.08845996856689","587","29.645","18.47","0.5115510792","3.90772373473908","0.658534536980951","19.98562428",
"5/21/1979","-40","-6.08845996856689","587","32.522","18.858","1.00936854","3.75151395271085","0.659384854331328","23.1133491",
"5/22/1979","-40","-6.08845996856689","587","30.423","20.483","5.8742475696","3.3144499122621","0.719540284075478","16.511508",
"5/23/1979","-40","-6.08845996856689","587","33.509","19.797","0","2.49267728968032","0.553901356916416","22.17391884",
"5/24/1979","-40","-6.08845996856689","587","30.887","19.73","0.044631972","2.53639793979424","0.589521667998165","18.09101142",
"5/25/1979","-40","-6.08845996856689","587","26.468","19.152","1.19132964","3.16379229096008","0.772942997905651","14.83576794",
"5/26/1979","-40","-6.08845996856689","587","32.326","19.541","0.116729712","3.65110724703425","0.63312976237568","22.93948242",
"5/27/1979","-40","-6.08845996856689","587","32.047","18.424","0","3.50709021324075","0.526045121523299","23.38532442",
"5/28/1979","-40","-6.08845996856689","587","32.157","20.732","0.250625736","3.39271203841356","0.592681076011222","19.0376424",
"5/29/1979","-40","-6.08845996856689","587","31.313","19.03","0.212860116","4.23129694600802","0.640693139863656","22.1486031",
"5/30/1979","-40","-6.08845996856689","587","32.451","18.064","0","3.10613271471462","0.614873879586551","21.54071376",
"5/31/1979","-40","-6.08845996856689","587","32.869","17.378","0","2.47938931640018","0.582175077061774","21.33083556",
"6/1/1979","-40","-6.08845996856689","587","29.488","18.938","0","3.61161708418621","0.663488375304711","17.1320085",
"6/2/1979","-40","-6.08845996856689","587","32.421","17.533","0","4.56969363080745","0.533364101523454","22.72112406",
"6/3/1979","-40","-6.08845996856689","587","30.865","18.113","0.032615676","5.09773025986497","0.57320143186675","22.0401549",
"6/4/1979","-40","-6.08845996856689","587","28.985","17.918","0.173377908","4.76615546107249","0.65207728616739","22.35886848",
"6/5/1979","-40","-6.08845996856689","587","31.445","18.638","0.068664564","4.24386566551288","0.559606870858515","20.48771538",
"6/6/1979","-40","-6.08845996856689","587","31.128","17.919","0.0171661392","4.85317166878952","0.553480635347933","22.75442118",
"6/7/1979","-40","-6.08845996856689","587","32.22","17.224","0.1733781024","4.36045999237967","0.512575945587652","23.17669038",
"6/8/1979","-40","-6.08845996856689","587","31.723","17.34","1.8350594928","3.12765055146596","0.62047563074429","22.9593942",
"6/9/1979","-40","-6.08845996856689","587","31.824","18.297","0.291824424","3.20050380310258","0.597906865100299","19.54214802",
"6/10/1979","-40","-6.08845996856689","587","32.19","19.711","2.0736710352","4.38819328805695","0.642610106608733","17.6951799",
"6/11/1979","-40","-6.08845996856689","587","31.638","19.467","5.4468170424","4.45271388269683","0.6499458880909","19.80090108",
"6/12/1979","-40","-6.08845996856689","587","31.819","17.171","1.56211668","4.46010200122301","0.597409306050426","22.9063536",
"6/13/1979","-40","-6.08845996856689","587","32.449","16.881","0.49781808","3.31123678386429","0.543125138987211","23.124042",
"6/14/1979","-40","-6.08845996856689","587","32.075","19.177","0","3.21654798217579","0.489082899046071","20.73133188",
"6/15/1979","-40","-6.08845996856689","587","26.944","20.688","0.2918245392","2.91849616548086","0.622091691588645","4.90601466",
"6/16/1979","-40","-6.08845996856689","587","32.39","17.16","0.157928616","5.76265664794883","0.564759538518014","22.39829784",
"6/17/1979","-40","-6.08845996856689","587","31.172","17.073","0","5.20652118791106","0.490746249842026","23.02014348",
"6/18/1979","-40","-6.08845996856689","587","32.52","16.655","0","3.97900828732035","0.4359088504842","22.36375548",
"6/19/1979","-40","-6.08845996856689","587","30.779","17.93","0.0102996792","4.82239790136616","0.512546006379862","22.37136552",
"6/20/1979","-40","-6.08845996856689","587","31.225","17.651","0","5.56277503652915","0.52845894089067","22.14646308",
"6/21/1979","-40","-6.08845996856689","587","31.54","17.707","0.0360489024","4.86658597412694","0.505269507869734","22.6104228",
"6/22/1979","-40","-6.08845996856689","587","31.322","19.267","0.4274368344","5.20048926573163","0.546052988775004","22.4856036",
"6/23/1979","-40","-6.08845996856689","587","30.421","17.818","0.072097848","5.35687622369847","0.561325924803087","20.88348228",
"6/24/1979","-40","-6.08845996856689","587","31.119","17.031","0.207710352","4.59808336005257","0.53494204789767","22.8322638",
"6/25/1979","-40","-6.08845996856689","587","31.468","18.281","0.12016296","4.46322067788912","0.516209026218418","22.68646848",
"6/26/1979","-40","-6.08845996856689","587","30.477","17.935","0.7535939256","5.00432767125084","0.605899043344421","17.75986812",
"6/27/1979","-40","-6.08845996856689","587","27.684","17.639","1.139831712","3.7475325762053","0.661825451335979","14.06002284",
"6/28/1979","-40","-6.08845996856689","587","31.292","19.035","0.308990412","4.03847000424034","0.531324438914213","20.98130724",
"6/29/1979","-40","-6.08845996856689","587","30.505","19.877","0.1270293984","4.73593260631712","0.53456430122252","19.82463894",
"6/30/1979","-40","-6.08845996856689","587","31.467","18.127","2.92339242","4.6044796738603","0.603069048124332","22.42614312",
"7/1/1979","-40","-6.08845996856689","587","31.772","18.398","2.3483251512","4.38393515402307","0.620474306876478","22.66132068",
"7/2/1979","-40","-6.08845996856689","587","29.889","17.7","2.1183002568","5.01312594833257","0.669330958630124","15.6016116",
"7/3/1979","-40","-6.08845996856689","587","29.81","17.203","0.048065184","5.23282709226288","0.589756360427173","19.79707284",
"7/4/1979","-40","-6.08845996856689","587","30.131","16.861","0.041198724","5.24284633306154","0.586717929189482","21.8034594",
"7/5/1979","-40","-6.08845996856689","587","31.146","16.088","0.0102996864","5.15326131144065","0.544809930176893","23.1828732",
"7/6/1979","-40","-6.08845996856689","587","31.893","17.134","0.0171661392","5.02119372931662","0.463552173243595","23.13741672",
"7/7/1979","-40","-6.08845996856689","587","31.766","16.101","0","4.98944901293997","0.506205565464248","23.22191412",
"7/8/1979","-40","-6.08845996856689","587","30.783","17.83","0","4.49916389158644","0.640463660726997","17.37202608",
"7/9/1979","-40","-6.08845996856689","587","32.759","16.359","0","3.66677562107672","0.521406854622316","23.47470144",
"7/10/1979","-40","-6.08845996856689","587","32.495","17.362","0.219726432","3.87030009108688","0.506170652443719","18.41113656",
"7/11/1979","-40","-6.08845996856689","587","32.59","20.228","0.19741068","4.07040725909353","0.437790121876569","18.76831956",
"7/12/1979","-40","-6.08845996856689","587","31.358","19.278","0","4.3052278122774","0.472447899045491","22.54995162",
"7/13/1979","-40","-6.08845996856689","587","30.719","15.482","0","4.45344641067586","0.585613495883065","19.440171",
"7/14/1979","-40","-6.08845996856689","587","32.49","15.867","0","4.2796715825724","0.5424881865068","23.19857028",
"7/15/1979","-40","-6.08845996856689","587","32.118","18.768","0.0377654976","4.22707068310862","0.530506947094684","22.9768218",
"7/16/1979","-40","-6.08845996856689","587","31.027","19.423","0.42400314","4.05733049363619","0.595241554534711","19.68120018",
"7/17/1979","-40","-6.08845996856689","587","32.109","16.918","0.0137329056","4.17212796282298","0.575094067380824","22.26521232",
"7/18/1979","-40","-6.08845996856689","587","29.449","19.593","1.2926094264","4.55857645665201","0.606936561925022","17.89402572",
"7/19/1979","-40","-6.08845996856689","587","32.428","19.689","0.0617981112","4.01169844566031","0.500036146484344","23.738571",
"7/20/1979","-40","-6.08845996856689","587","32.335","16.677","0","4.34289891772975","0.477536009100004","23.73861888",
"7/21/1979","-40","-6.08845996856689","587","32.596","17.522","0","4.04245248065478","0.436002289406878","23.71184928",
"7/22/1979","-40","-6.08845996856689","587","33.378","17.491","0","3.74221209763212","0.369490235989682","23.77620792",
"7/23/1979","-40","-6.08845996856689","587","31.684","17.706","0","4.43186197052859","0.460498788677521","23.75207208",
"7/24/1979","-40","-6.08845996856689","587","32.241","17.496","0","4.60117645265497","0.484223730504216","18.59017608",
"7/25/1979","-40","-6.08845996856689","587","32.509","17.716","0","4.44439787984307","0.426973952975982","24.269904",
"7/26/1979","-40","-6.08845996856689","587","32.292","14.99","0","3.70227516595262","0.415130646736754","23.9765004",
"7/27/1979","-40","-6.08845996856689","587","32.398","17.719","0","3.18503709906739","0.437625084749748","23.9675688",
"7/28/1979","-40","-6.08845996856689","587","32.32","19.562","0","4.79740259256022","0.409309078839113","23.59698372",
"7/29/1979","-40","-6.08845996856689","587","32.616","17.917","0","4.87591028987524","0.432680753495457","24.27277068",
"7/30/1979","-40","-6.08845996856689","587","31.273","19.704","0.868607172","5.38316195608991","0.542699547107713","20.53169928",
"7/31/1979","-40","-6.08845996856689","587","31.113","17.898","0.0137329056","5.15792820431477","0.505897174024225","24.27727248",
"8/1/1979","-40","-6.08845996856689","587","31.017","16.862","0","5.00283596360194","0.471768510248954","24.49699308",
"8/2/1979","-40","-6.08845996856689","587","32.635","17.463","0","5.13781145881933","0.490434506694857","19.7975268",
"8/3/1979","-40","-6.08845996856689","587","33.26","18.842","0","5.2361244040732","0.480593001409497","24.1164486",
"8/4/1979","-40","-6.08845996856689","587","32.62","17.041","0","4.60087728877493","0.465224310764287","24.60820464",
"8/5/1979","-40","-6.08845996856689","587","32.275","17.66","0.00686646","4.50362753487806","0.39904187026598","24.30939132",
"8/6/1979","-40","-6.08845996856689","587","32.742","18.833","0.193977468","4.68931290344052","0.464240009616417","24.82334028",
"8/7/1979","-40","-6.08845996856689","587","33.19","18.691","0.1776696912","4.95466100934602","0.463733196917343","24.81992208",
"8/8/1979","-40","-6.08845996856689","587","33.064","18.964","1.09519956","5.0400060500485","0.466350907393947","24.7956768",
"8/9/1979","-40","-6.08845996856689","587","33.683","19.994","0.1356125328","5.08900563912003","0.46634134029175","20.38162248",
"8/10/1979","-40","-6.08845996856689","587","33.994","18.692","0","5.5643369406701","0.451957390541423","24.9256062",
"8/11/1979","-40","-6.08845996856689","587","32.732","18.359","0","5.50673479252311","0.52424520947514","24.93376776",
"8/12/1979","-40","-6.08845996856689","587","33.715","18.344","0","4.62342763483349","0.460986588225903","25.21057284",
"8/13/1979","-40","-6.08845996856689","587","33.69","21.331","0.0240325992","4.71051465151727","0.482588522744495","23.3265366",
"8/14/1979","-40","-6.08845996856689","587","32.34","21.046","1.0248184584","4.06896359013203","0.572849096710184","21.90734694",
"8/15/1979","-40","-6.08845996856689","587","32.593","20.38","0.44116992","3.85063208331629","0.487250790113906","18.28816812",
"8/16/1979","-40","-6.08845996856689","587","33.559","19.335","0","4.27806444432585","0.391191531254929","25.67677788",
"8/17/1979","-40","-6.08845996856689","587","33.754","18.711","0","3.84309719248995","0.417023718525003","25.34180616",
"8/18/1979","-40","-6.08845996856689","587","33.522","20.394","0.322723224","3.0596611823671","0.477695913135523","21.84941214",
"8/19/1979","-40","-6.08845996856689","587","32.512","21.729","0.14076234","3.25102412433226","0.460653776212197","19.3987665",
"8/20/1979","-40","-6.08845996856689","587","31.726","20.616","0.078964344","3.28069226425766","0.512244913855119","18.28546308",
"8/21/1979","-40","-6.08845996856689","587","32.541","20.887","1.4865874704","3.59646033989728","0.565071392618444","12.85688934",
"8/22/1979","-40","-6.08845996856689","587","32.039","21.247","3.4400952","3.63749681902656","0.609501814497517","18.4503366",
"8/23/1979","-40","-6.08845996856689","587","31.382","20.855","6.409839168","2.74754505323582","0.602569311826299","16.7815692",
"8/24/1979","-40","-6.08845996856689","587","30.926","20.911","2.43587448","2.94986714571763","0.581212922194477","21.28111632",
"8/25/1979","-40","-6.08845996856689","587","33.609","21.103","2.2006998","2.97959449454301","0.52655112381644","21.55135104",
"8/26/1979","-40","-6.08845996856689","587","34.231","21.02","0","3.87311986232451","0.447651236017677","25.37528094",
"8/27/1979","-40","-6.08845996856689","587","32.901","21.5","1.26686124","4.1965060993941","0.512421413124293","24.76479924",
"8/28/1979","-40","-6.08845996856689","587","31.581","21.095","5.398750872","3.81376604655919","0.65253439649731","11.538390888",
"8/29/1979","-40","-6.08845996856689","587","32.475","20.117","1.07974836","4.19146257605861","0.523655163873331","21.03384276",
"8/30/1979","-40","-6.08845996856689","587","33.172","20.264","0.024032592","4.17877438411329","0.458105296915558","22.3762518",
"8/31/1979","-40","-6.08845996856689","587","33.947","19.499","0","4.5470923478497","0.376184391648163","26.7919398",
"9/1/1979","-40","-6.08845996856689","587","33.592","19.791","0.0034332264","4.66470627268066","0.447181510849678","23.21071488",
"9/2/1979","-40","-6.08845996856689","587","33.215","21.39","0","3.98598644162188","0.484372617146929","22.98600342",
"9/3/1979","-40","-6.08845996856689","587","29.629","21.602","0.6505965072","4.26390289331227","0.596138611276992","19.79049384",
"9/4/1979","-40","-6.08845996856689","587","31.603","20.39","0","4.99980897175968","0.54252556470373","23.05091124",
"9/5/1979","-40","-6.08845996856689","587","33.565","20.068","0.37765512","5.24151263669872","0.577390475740415","18.88396794",
"9/6/1979","-40","-6.08845996856689","587","30.09","21.378","0.0034332264","5.34988573951552","0.593535379918163","19.61021412",
"9/7/1979","-40","-6.08845996856689","587","30.542","20.521","0","5.21071557095276","0.51898507604657","23.98792914",
"9/8/1979","-40","-6.08845996856689","587","32.184","19.68","0.0240325704","5.77623507744764","0.555333100224158","23.35139946",
"9/9/1979","-40","-6.08845996856689","587","32.98","18.31","0","5.93016020238612","0.539124701141449","27.05832756",
"9/10/1979","-40","-6.08845996856689","587","33.003","17.656","0","5.56953153702442","0.469825670499735","26.42810796",
"9/11/1979","-40","-6.08845996856689","587","33.254","18.988","0","5.57590397701285","0.436168577329307","27.38053152",
"9/12/1979","-40","-6.08845996856689","587","34.114","19.957","0","5.12436535437682","0.418738220188437","27.47626884",
"9/13/1979","-40","-6.08845996856689","587","34.947","21.251","0","4.91921939046236","0.441646269948489","22.883344848",
"9/14/1979","-40","-6.08845996856689","587","33.856","22.242","0","4.58524875460543","0.476132684309098","19.45924092",
"9/15/1979","-40","-6.08845996856689","587","35.64","21.89","0","5.57366473059464","0.477874812900776","26.986555152",
"9/16/1979","-40","-6.08845996856689","587","35.48","21.938","0","5.89243190008362","0.496260983992896","27.040440528",
"9/17/1979","-40","-6.08845996856689","587","35.358","21.268","0","5.35621482800954","0.477210947045299","22.51648134",
"9/18/1979","-40","-6.08845996856689","587","34.543","21.629","0","5.30062524061956","0.390086966529127","27.48599424",
"9/19/1979","-40","-6.08845996856689","587","34.764","21.4","0","4.03154580392426","0.462303795576559","25.47860904",
"9/20/1979","-40","-6.08845996856689","587","31.719","21.368","0.0102996792","3.85205235164465","0.556214265879292","21.475402848",
"9/21/1979","-40","-6.08845996856689","587","29.187","20.782","33.89195214","3.71661969669838","0.709291416220075","13.459721958",
"9/22/1979","-40","-6.08845996856689","587","32.048","20.371","0","4.43742547469054","0.484588825747558","24.0086286",
"9/23/1979","-40","-6.08845996856689","587","33.509","22.103","0.024032592","5.3181793266234","0.421635986515755","27.80904708",
"9/24/1979","-40","-6.08845996856689","587","33.992","20.62","0","5.69290709784708","0.404690186265721","27.93510198",
"9/25/1979","-40","-6.08845996856689","587","34.434","20.976","0.5613327","5.53831720688738","0.384786525628302","27.935662608",
"9/26/1979","-40","-6.08845996856689","587","34.361","20.864","0.453186","5.42546427398666","0.373362844423108","26.59398732",
"9/27/1979","-40","-6.08845996856689","587","35.346","21.782","0.04634856","5.34741011497686","0.366273510839521","27.759879432",
"9/28/1979","-40","-6.08845996856689","587","33.186","21.949","0.75874356","5.57121156690293","0.428160493477035","25.247702592",
"9/29/1979","-40","-6.08845996856689","587","34.996","21.594","0.50811768","5.81665182711885","0.423885345512058","27.91124802",
"9/30/1979","-40","-6.08845996856689","587","34.925","21.564","0","5.49249052189699","0.457633332335478","22.20418296",
"10/1/1979","-40","-6.08845996856689","587","36.038","21.47","0","5.26518509541455","0.373571943039618","28.15272162",
"10/2/1979","-40","-6.08845996856689","587","35.621","20.987","0","5.11238032446564","0.385584590856042","28.240425",
"10/3/1979","-40","-6.08845996856689","587","34.837","21.512","0","5.66607865928732","0.47773509345359","27.213980832",
"10/4/1979","-40","-6.08845996856689","587","35.816","22.821","0.024032592","5.61998047405558","0.395095654566934","28.05205968",
"10/5/1979","-40","-6.08845996856689","587","35.417","23.105","0.1922607792","5.73386191924214","0.38302238753954","28.12276188",
"10/6/1979","-40","-6.08845996856689","587","34.828","21.947","0","5.32114791199877","0.384301787987697","23.60487186",
"10/7/1979","-40","-6.08845996856689","587","36.244","22.496","0","5.02413737168902","0.351514589699391","28.30041198",
"10/8/1979","-40","-6.08845996856689","587","36.223","21.951","0","5.56020281011816","0.400869549767404","28.19184894",
"10/9/1979","-40","-6.08845996856689","587","35.885","21.98","0","5.98825417287023","0.458801281499414","27.958291992",
"10/10/1979","-40","-6.08845996856689","587","36.645","22.152","0","5.43955111242337","0.446018605984345","25.54824276",
"10/11/1979","-40","-6.08845996856689","587","34.078","22.685","0","4.60684466340998","0.434125767417156","23.53027338",
"10/12/1979","-40","-6.08845996856689","587","33.998","22.564","0","5.0813818470951","0.407469513200672","27.6777513",
"10/13/1979","-40","-6.08845996856689","587","35.33","21.597","0.06179814","5.53347522670077","0.376266213245966","28.4596857",
"10/14/1979","-40","-6.08845996856689","587","35.387","22.109","0","5.72717324426217","0.425274129715893","28.3654278",
"10/15/1979","-40","-6.08845996856689","587","35.907","21.086","0","5.68766463500383","0.443726125569138","28.34922042",
"10/16/1979","-40","-6.08845996856689","587","36.755","21.824","0","4.30512174424043","0.445636492789348","24.59124846",
"10/17/1979","-40","-6.08845996856689","587","32.874","23.06","3.3336679968","3.30540955673238","0.568544400271647","14.47903224",
"10/18/1979","-40","-6.08845996856689","587","34.322","22.746","0.39825432","4.97985911274282","0.515311600871848","20.25129312",
"10/19/1979","-40","-6.08845996856689","587","35.894","21.645","0.03604896","3.94028398471073","0.461890176120262","22.8603492",
"10/20/1979","-40","-6.08845996856689","587","34.632","22.005","0.6128312184","4.6520023383052","0.524826151725905","19.2044835",
"10/21/1979","-40","-6.08845996856689","587","35.475","22.444","0.0823975056","5.16391576317804","0.468551402281221","22.66965054",
"10/22/1979","-40","-6.08845996856689","587","34.452","22.857","1.2325290192","5.57750344396171","0.451077540416035","27.5539365",
"10/23/1979","-40","-6.08845996856689","587","33.877","23.296","0.0652313664","5.88561316239524","0.406618238146581","26.69545962",
"10/24/1979","-40","-6.08845996856689","587","34.944","22.205","0.501251544","5.40331518541089","0.437952030297655","27.6402096",
"10/25/1979","-40","-6.08845996856689","587","34.846","22.575","0.621413928","5.71810429367581","0.440129733454424","28.56341412",
"10/26/1979","-40","-6.08845996856689","587","35.238","22.263","0","5.78196958312348","0.441335128917627","28.3690377",
"10/27/1979","-40","-6.08845996856689","587","35.628","21.402","0","5.2438108405374","0.420725242427433","28.5829974",
"10/28/1979","-40","-6.08845996856689","587","36.059","21.26","0","5.0811025425983","0.421857974880681","28.33491258",
"10/29/1979","-40","-6.08845996856689","587","34.57","21.675","0","4.03106260987561","0.473398129938845","22.6603305",
"10/30/1979","-40","-6.08845996856689","587","35.3","22.038","0","4.69016834689812","0.439066442429708","23.34791322",
"10/31/1979","-40","-6.08845996856689","587","34.249","21.356","0","5.45431633287936","0.447043160261451","28.36013508",
"11/1/1979","-40","-6.08845996856689","587","35.015","21.04","0","5.71911715143761","0.463219728954937","23.56366914",
"11/2/1979","-40","-6.08845996856689","587","34.513","21.079","0","5.58557227610632","0.470257868580238","28.15209072",
"11/3/1979","-40","-6.08845996856689","587","35.173","21.256","0","5.7014051868681","0.427171577903415","28.40864148",
"11/4/1979","-40","-6.08845996856689","587","35.238","21.297","0","5.64915862088772","0.468843443626225","28.1084616",
"11/5/1979","-40","-6.08845996856689","587","35.312","21.315","0","5.13266981722489","0.453658007172825","27.95080608",
"11/6/1979","-40","-6.08845996856689","587","35.479","20.833","0","4.59124221874576","0.429703482915158","28.2217437",
"11/7/1979","-40","-6.08845996856689","587","35.57","23.095","0","6.23336226771831","0.473426355480241","27.8143974",
"11/8/1979","-40","-6.08845996856689","587","31.289","22.44","0","5.83105928165826","0.530203552021829","21.93716358",
"11/9/1979","-40","-6.08845996856689","587","33.94","20.481","0","5.74117008163225","0.529866705736627","22.94915076",
"11/10/1979","-40","-6.08845996856689","587","34.859","21.677","0","5.60549610198616","0.457851914650327","28.10603718",
"11/11/1979","-40","-6.08845996856689","587","34.272","20.85","0","4.36802874736315","0.483171298941685","23.59170288",
"11/12/1979","-40","-6.08845996856689","587","35.279","22.603","0","5.55384205128229","0.435227249440753","26.47535112",
"11/13/1979","-40","-6.08845996856689","587","34.771","21.844","0","5.67504415463973","0.442084936500799","22.72252266",
"11/14/1979","-40","-6.08845996856689","587","35.45","23.046","0.02059938","6.03957743074193","0.421485870775273","26.59882338",
"11/15/1979","-40","-6.08845996856689","587","30.957","22.886","0.1373291064","5.19626826377957","0.558919611903911","20.52292806",
"11/16/1979","-40","-6.08845996856689","587","33.114","21.657","1.78699608","3.74531268233898","0.522408439612727","13.13825634",
"11/17/1979","-40","-6.08845996856689","587","34.106","22.121","0","5.3569164795942","0.435959403215834","28.05103242",
"11/18/1979","-40","-6.08845996856689","587","35.079","22.218","0.5270004","5.05411793641271","0.465116237157321","22.42591326",
"11/19/1979","-40","-6.08845996856689","587","35.537","22.28","3.1963356","5.13604498913809","0.486375002584223","25.3146897",
"11/20/1979","-40","-6.08845996856689","587","34.937","22.234","0","5.01595975438459","0.456527868726021","27.66330558",
"11/21/1979","-40","-6.08845996856689","587","34.803","21.798","0","6.01511527502273","0.489140858499631","26.289445032",
"11/22/1979","-40","-6.08845996856689","587","35.615","21.624","0","5.38671710337666","0.438612941990409","25.45577442",
"11/23/1979","-40","-6.08845996856689","587","34.801","21.609","0","5.79468426458369","0.445059435013273","27.67358142",
"11/24/1979","-40","-6.08845996856689","587","35.277","21.636","0","4.99448189563869","0.406636404987214","28.38470868",
"11/25/1979","-40","-6.08845996856689","587","35.492","21.505","0","5.46252741559822","0.425879279548208","28.2662991",
"11/26/1979","-40","-6.08845996856689","587","35.845","22.054","0","5.40092451400838","0.426744042807715","26.74699128",
"11/27/1979","-40","-6.08845996856689","587","35.98","21.854","0","4.27638338970181","0.407314544636744","27.7896924",
"11/28/1979","-40","-6.08845996856689","587","33.383","23.017","0.0429153552","4.61610731709819","0.502079783546659","17.90786394",
"11/29/1979","-40","-6.08845996856689","587","34.891","21.093","0.6008148","5.31133287873985","0.447120397189281","28.36107828",
"11/30/1979","-40","-6.08845996856689","587","33.554","22.758","0","4.28207966511819","0.397994991031939","27.56581542",
"12/1/1979","-40","-6.08845996856689","587","34.859","20.276","0","4.33252914510214","0.404784445028311","28.462851",
"12/2/1979","-40","-6.08845996856689","587","35.271","20.819","0","4.56790532876764","0.419708498760951","28.36170342",
"12/3/1979","-40","-6.08845996856689","587","35.417","21.845","0","5.19382433667803","0.429616706757484","28.23924762",
"12/4/1979","-40","-6.08845996856689","587","35.198","21.774","0","4.98833260342872","0.434605528258709","28.4889852",
"12/5/1979","-40","-6.08845996856689","587","34.738","21.519","0","5.36630478236758","0.486656321729325","22.67803314",
"12/6/1979","-40","-6.08845996856689","587","34.745","21.328","0","5.01559012719504","0.468373681885396","23.97678048",
"12/7/1979","-40","-6.08845996856689","587","34.655","22.294","0","5.35054435489373","0.429217449831228","28.2224277",
"12/8/1979","-40","-6.08845996856689","587","35.639","21.555","0","5.149158729919","0.467917424877414","22.884921",
"12/9/1979","-40","-6.08845996856689","587","35.259","22.037","0","5.61967596875415","0.485376536070572","26.6258817",
"12/10/1979","-40","-6.08845996856689","587","34.924","22.156","0","5.90649475793367","0.426790045680819","28.1463192",
"12/11/1979","-40","-6.08845996856689","587","32.808","24.13","0","5.25616892076524","0.435760179266865","21.3166719",
"12/12/1979","-40","-6.08845996856689","587","33.096","22.914","0","5.63118909421833","0.47001736174433","25.8845112",
"12/13/1979","-40","-6.08845996856689","587","33.336","22.451","1.9612308312","3.53798575751038","0.525438842204799","18.6782049",
"12/14/1979","-40","-6.08845996856689","587","35.181","22.066","0","5.13399130235429","0.477522511468618","22.417537392",
"12/15/1979","-40","-6.08845996856689","587","32.727","22.822","0","4.87421138466396","0.445430640396643","21.092009112",
"12/16/1979","-40","-6.08845996856689","587","35.017","22.996","0","5.71796524236293","0.470377304515925","25.67835342",
"12/17/1979","-40","-6.08845996856689","587","35.999","22.534","0","5.28070304328033","0.437012604535411","26.68511628",
"12/18/1979","-40","-6.08845996856689","587","35.217","22.429","0","5.61862639193219","0.431808875615002","27.609129",
"12/19/1979","-40","-6.08845996856689","587","34.203","22.003","0","5.41266243699917","0.451434511941572","21.64962042",
"12/20/1979","-40","-6.08845996856689","587","35.153","21.568","0","4.92793562322566","0.436732896260423","26.69613012",
"12/21/1979","-40","-6.08845996856689","587","35.18","22.217","0","4.38933849876096","0.422334126687988","22.37152626",
"12/22/1979","-40","-6.08845996856689","587","34.372","22.09","0","4.88685421717188","0.45439147941763","24.22075104",
"12/23/1979","-40","-6.08845996856689","587","34.814","21.941","0","6.26598358921663","0.493550241529235","22.353749712",
"12/24/1979","-40","-6.08845996856689","587","35.534","20.433","0","5.41939103892339","0.448410787167508","28.083537",
"12/25/1979","-40","-6.08845996856689","587","35.543","20.756","0","4.84722245243656","0.445534763032034","27.7938018",
"12/26/1979","-40","-6.08845996856689","587","35.107","21.915","0","5.55196073715074","0.489455184463264","21.39333966",
"12/27/1979","-40","-6.08845996856689","587","35.757","21.711","0","5.32030866773074","0.507444280330287","22.61593512",
"12/28/1979","-40","-6.08845996856689","587","34.738","21.708","0","5.29622914990559","0.509759517992374","21.62728026",
"12/29/1979","-40","-6.08845996856689","587","34.641","21.58","0.438595056","5.00565638172677","0.575149995326097","20.46166092",
"12/30/1979","-40","-6.08845996856689","587","34.809","20.668","0.3690719784","5.7758912663241","0.555685167343879","26.47783368",
"12/31/1979","-40","-6.08845996856689","587","34.274","21.506","0.25920864","6.01266074383673","0.503616763574924","25.25658678",
"1/1/1980","-40","-6.08845996856689","587","33.546","21.456","0","5.00974135486089","0.515435682204388","21.3276402",
"1/2/1980","-40","-6.08845996856689","587","33.315","22.026","0.082397448","5.30892740695397","0.526859324954851","19.12584348",
"1/3/1980","-40","-6.08845996856689","587","35.156","20.373","0.061798104","3.31588344198172","0.494831851440813","24.5646522",
"1/4/1980","-40","-6.08845996856689","587","33.955","22.564","0.1956938904","5.04511483213467","0.544335829341346","16.89614928",
"1/5/1980","-40","-6.08845996856689","587","34.623","21.466","0.40512024","5.82312266265117","0.493646080338317","26.60355468",
"1/6/1980","-40","-6.08845996856689","587","33.962","21.246","0","5.45012833665307","0.486618795758952","26.78766498",
"1/7/1980","-40","-6.08845996856689","587","34.257","20.605","0.56648232","4.93838172485928","0.566285617770648","24.35310252",
"1/8/1980","-40","-6.08845996856689","587","34.802","20.252","0.99220284","4.87293042648865","0.55434018074213","23.13303732",
"1/9/1980","-40","-6.08845996856689","587","32.328","21.02","7.94792448","3.23417938275215","0.669477255167132","15.48135198",
"1/10/1980","-40","-6.08845996856689","587","33.178","21.626","1.9569418128","4.13142995867614","0.597755644732839","18.7674147",
"1/11/1980","-40","-6.08845996856689","587","32.413","20.7","4.068373464","4.64125195476486","0.694143091266301","24.71861052",
"1/12/1980","-40","-6.08845996856689","587","33.995","20.854","0.738144072","4.66050442965554","0.621349642903535","23.18720994",
"1/13/1980","-40","-6.08845996856689","587","34.87","21.418","0.52871688","5.08500544055943","0.574593266747029","21.94644258",
"1/14/1980","-40","-6.08845996856689","587","35.057","20.837","0.78964236","4.000678567401","0.547516377233867","24.33229704",
"1/15/1980","-40","-6.08845996856689","587","31.242","20.698","0.628280784","2.80017450442656","0.573193884457556","19.48972491",
"1/16/1980","-40","-6.08845996856689","587","31.025","19.982","0.818824644","2.34591360361597","0.591728065833866","19.43094474",
"1/17/1980","-40","-6.08845996856689","587","34.139","21.447","2.48221872","4.21105588581271","0.573955839251445","24.14165868",
"1/18/1980","-40","-6.08845996856689","587","32.51","21.147","0.0343323","4.66094630484608","0.572710501942341","20.91228876",
"1/19/1980","-40","-6.08845996856689","587","33.294","20.527","0.5767823304","4.78918980793719","0.642733942409321","18.58893669",
"1/20/1980","-40","-6.08845996856689","587","35.582","20.495","0.401687712","4.90151621995229","0.547053690506523","27.88070562",
"1/21/1980","-40","-6.08845996856689","587","35.398","20.642","0.044631936","5.20728368134449","0.48761640894184","27.66802635",
"1/22/1980","-40","-6.08845996856689","587","33.623","21.001","1.18102968","5.48347357821946","0.573155785234853","25.74646209",
"1/23/1980","-40","-6.08845996856689","587","31.729","19.885","1.761244632","4.71447735796839","0.640182027869093","22.59224919",
"1/24/1980","-40","-6.08845996856689","587","34.358","19.357","0.34675596","4.88190040810802","0.558673006185436","28.77896646",
"1/25/1980","-40","-6.08845996856689","587","34.853","18.766","0","4.25482302560801","0.460509774008301","29.30062905",
"1/26/1980","-40","-6.08845996856689","587","35.396","20.52","0","4.75217598965323","0.486618565166345","29.11815378",
"1/27/1980","-40","-6.08845996856689","587","33.759","20.57","0","4.29946911315276","0.531937637961755","26.36358507",
"1/28/1980","-40","-6.08845996856689","587","34.434","19.277","0","3.76962538288263","0.527713827975348","20.0174589",
"1/29/1980","-40","-6.08845996856689","587","36.285","20.097","0.7690428","3.77551545496437","0.562167289662683","21.59077716",
"1/30/1980","-40","-6.08845996856689","587","36.099","20.344","0.74844396","3.59111684310331","0.588701692202828","19.55435328",
"1/31/1980","-40","-6.08845996856689","587","34.785","20.137","0","3.91696384115933","0.555884971509163","20.47994496",
"2/1/1980","-40","-6.08845996856689","587","36.154","20.362","0","4.19834042339124","0.502006113716515","21.65602014",
"2/2/1980","-40","-6.08845996856689","587","36.244","20.794","0","3.95914777754806","0.492834785037594","21.59718525",
"2/3/1980","-40","-6.08845996856689","587","35.15","21.048","0","3.56644690440352","0.514457366467486","22.32310248",
"2/4/1980","-40","-6.08845996856689","587","33.415","21.051","0.250625952","3.39321187203594","0.572050593736742","17.77871574",
"2/5/1980","-40","-6.08845996856689","587","32.805","20.525","1.909733616","2.6541771285765","0.608035752383656","15.73965477",
"2/6/1980","-40","-6.08845996856689","587","31.342","19.835","10.89877842","2.63137539445828","0.780123172103437","11.76378561",
"2/7/1980","-40","-6.08845996856689","587","30.846","19.631","23.6326248","3.45128727310939","0.705770685647977","19.80106857",
"2/8/1980","-40","-6.08845996856689","587","31.49","19.106","0.0102996864","3.07520326411791","0.564474853896863","14.35758444",
"2/9/1980","-40","-6.08845996856689","587","31.496","19.747","1.045417968","4.55247760219165","0.658078302875014","23.14023858",
"2/10/1980","-40","-6.08845996856689","587","30.44","20.681","1.72176462","3.65277900308846","0.705120510450699","22.01816664",
"2/11/1980","-40","-6.08845996856689","587","31.857","20.191","5.366134368","4.47767052142343","0.757265254441418","21.50876799",
"2/12/1980","-40","-6.08845996856689","587","32.848","19.317","1.2205136448","3.62377567808553","0.728374169839684","22.82799798",
"2/13/1980","-40","-6.08845996856689","587","33.435","19.977","2.2702213008","3.77446255000407","0.734650339272385","21.81110112",
"2/14/1980","-40","-6.08845996856689","587","30.482","20.325","3.166294392","4.09033687624074","0.777413855714866","17.87984775",
"2/15/1980","-40","-6.08845996856689","587","28.286","20.593","3.2358172464","3.99207211884607","0.797339941648654","10.57488795",
"2/16/1980","-40","-6.08845996856689","587","31.754","19.764","2.5938043848","3.59029746243523","0.7743020554578","13.35920409",
"2/17/1980","-40","-6.08845996856689","587","31.769","20.311","4.221150408","4.24376308173565","0.751302302388972","22.17712797",
"2/18/1980","-40","-6.08845996856689","587","30.907","20.354","0.933837984","3.19376471503718","0.721532620527521","16.64459991",
"2/19/1980","-40","-6.08845996856689","587","32.46","20.997","5.6502353232","3.00475900869183","0.746095621952799","21.49632711",
"2/20/1980","-40","-6.08845996856689","587","29.191","20.973","7.48615392","2.24682486038295","0.840187998994096","14.82806151",
"2/21/1980","-40","-6.08845996856689","587","29.662","20.898","8.73928008","2.37833070599088","0.855393845983326","17.840418498",
"2/22/1980","-40","-6.08845996856689","587","30.807","20.091","12.50725428","2.84670042974793","0.797419182310596","23.47841763",
"2/23/1980","-40","-6.08845996856689","587","30.832","20.246","10.530566208","2.08173913288242","0.799158026011232","20.64684042",
"2/24/1980","-40","-6.08845996856689","587","32.078","19.995","4.7842059456","2.81154450941304","0.752789525522506","21.82927878",
"2/25/1980","-40","-6.08845996856689","587","29.955","19.419","12.91923288","3.22038301999057","0.797581173142127","28.24768692",
"2/26/1980","-40","-6.08845996856689","587","31.155","19.38","7.9702355808","3.18627169174007","0.723915670490594","25.9504236",
"2/27/1980","-40","-6.08845996856689","587","31.002","20.247","1.3149268056","3.62771396364412","0.716525646639241","24.36557634",
"2/28/1980","-40","-6.08845996856689","587","32.613","19.622","2.3560513272","3.47107854104708","0.697334550505677","28.09619802",
"2/29/1980","-40","-6.08845996856689","587","29.374","20.3","10.98976248","2.25608454920312","0.810621754550211","22.65097968",
"3/1/1980","-40","-6.08845996856689","587","31.375","20.319","1.096916364","3.22428855266436","0.680601295229251","25.10094384",
"3/2/1980","-40","-6.08845996856689","587","31.915","20.657","2.27108034","3.37489452364981","0.696764322990096","25.46735166",
"3/3/1980","-40","-6.08845996856689","587","33.013","19.476","2.39467428","2.98200738015852","0.687731625602754","23.92064856",
"3/4/1980","-40","-6.08845996856689","587","30.221","20.156","7.40804364","2.61848480997391","0.787236873873414","19.25555652",
"3/5/1980","-40","-6.08845996856689","587","30.682","20.274","10.913373684","2.65629325373786","0.843067846766407","16.100263872",
"3/6/1980","-40","-6.08845996856689","587","31.31","20.215","4.2091362","3.21945867385144","0.757300264120248","20.50267716",
"3/7/1980","-40","-6.08845996856689","587","30.145","20.527","2.86932258","3.81411825315029","0.736404938950117","26.62582752",
"3/8/1980","-40","-6.08845996856689","587","31.419","20.359","4.183389","3.4951929366203","0.708228227078459","27.53437401",
"3/9/1980","-40","-6.08845996856689","587","29.368","20.268","1.5947345592","2.48803110736737","0.758413518633544","12.419607438",
"3/10/1980","-40","-6.08845996856689","587","31.243","19.725","2.351760696","2.5574228740953","0.686999438890602","24.81424182",
"3/11/1980","-40","-6.08845996856689","587","31.511","20.096","2.9113787376","2.95121849067759","0.710798144262981","16.039577808",
"3/12/1980","-40","-6.08845996856689","587","31.847","19.809","5.0365421856","2.28756135805705","0.660207688350844","21.006735372",
"3/13/1980","-40","-6.08845996856689","587","31.072","20.463","9.585573156","4.23792396701066","0.767997635892537","26.64292554",
"3/14/1980","-40","-6.08845996856689","587","28.912","19.855","2.241039132","3.76161377673779","0.772194135718794","20.34320544",
"3/15/1980","-40","-6.08845996856689","587","30.984","19.893","2.0994181128","3.31221653786638","0.752707430735253","24.73869618",
"3/16/1980","-40","-6.08845996856689","587","31.296","20.392","2.083111704","3.66029189303636","0.688795842672474","27.4788",
"3/17/1980","-40","-6.08845996856689","587","31.748","20.129","1.4865889536","4.12892371634654","0.678158199815125","27.20981178",
"3/18/1980","-40","-6.08845996856689","587","31.924","20.556","2.590369596","3.75162649151811","0.660761769111635","27.73709892",
"3/19/1980","-40","-6.08845996856689","587","31.007","20.756","1.4350902264","3.93300225943659","0.653920501695612","26.33693364",
"3/20/1980","-40","-6.08845996856689","587","32.816","20.354","0.3553388928","3.5525990939755","0.58717595795756","27.75205926",
"3/21/1980","-40","-6.08845996856689","587","30.865","20.741","1.3046265","3.42048998361531","0.651021875676113","16.74336798",
"3/22/1980","-40","-6.08845996856689","587","30.075","20.516","6.8819036544","3.79844635291121","0.740922953498518","18.98189748",
"3/23/1980","-40","-6.08845996856689","587","31.355","19.43","5.5206252","4.06644679127836","0.696241025983575","25.81616646",
"3/24/1980","-40","-6.08845996856689","587","33.743","19.209","0","4.39927235410132","0.585284802925085","27.0869076",
"3/25/1980","-40","-6.08845996856689","587","33.926","22.017","0.35705556","4.12542011884293","0.537529956990064","23.45034618",
"3/26/1980","-40","-6.08845996856689","587","32.854","19.294","0.9218214","3.56698962019144","0.621031182223744","22.14613062",
"3/27/1980","-40","-6.08845996856689","587","33.259","19.476","0.212860224","4.29284965261845","0.608511014843497","25.77616938",
"3/28/1980","-40","-6.08845996856689","587","32.311","19.403","0.214576776","4.06807640834628","0.631219372571775","21.47754582",
"3/29/1980","-40","-6.08845996856689","587","33.75","19.163","0","4.37789258087229","0.57541889011334","26.05236192",
"3/30/1980","-40","-6.08845996856689","587","33.741","20.024","0","4.42510434614336","0.542858831364221","22.23190656",
"3/31/1980","-40","-6.08845996856689","587","34.46","20.036","0","3.80338139116497","0.516674384530984","27.3890322",
"4/1/1980","-40","-6.08845996856689","587","34.471","20.22","0","4.120179102553","0.549560282983393","21.0481902",
"4/2/1980","-40","-6.08845996856689","587","34.112","20.553","0","5.17126673015406","0.575174417197739","26.45466138",
"4/3/1980","-40","-6.08845996856689","587","33.979","19.627","0.0892638","5.21012660041398","0.590938725827227","26.65383768",
"4/4/1980","-40","-6.08845996856689","587","31.96","20.91","0.37765494","4.63974606981027","0.648101435555778","21.43226106",
"4/5/1980","-40","-6.08845996856689","587","32.632","20.207","0","4.56113546420216","0.642654477970637","24.41576916",
"4/6/1980","-40","-6.08845996856689","587","31.729","19.979","2.7706143168","3.05791064444325","0.77267237462156","12.91460202",
"4/7/1980","-40","-6.08845996856689","587","31.588","20.033","2.018738448","3.34115472255542","0.740882560501776","19.17506466",
"4/8/1980","-40","-6.08845996856689","587","32.441","19.71","1.0299681","3.98773865012434","0.666525113440916","24.47842572",
"4/9/1980","-40","-6.08845996856689","587","33.661","20.719","0.120163104","3.9422946365481","0.6191249524426","24.70286196",
"4/10/1980","-40","-6.08845996856689","587","33.966","19.257","0.01373292","3.65416336560785","0.648060846779254","23.71207212",
"4/11/1980","-40","-6.08845996856689","587","33.414","19.816","0.1132965288","3.62880026413397","0.652219348026302","21.16833372",
"4/12/1980","-40","-6.08845996856689","587","34.027","19.983","0.123596316","3.92275257192095","0.590658942735505","26.3175147",
"4/13/1980","-40","-6.08845996856689","587","33.425","20.474","0.607681332","4.08538480134891","0.607641172747657","26.1838683",
"4/14/1980","-40","-6.08845996856689","587","33.981","18.828","0","3.81495916720677","0.569055277705356","23.63551236",
"4/15/1980","-40","-6.08845996856689","587","34.406","18.716","0","3.33757530792371","0.565761795421146","23.63765796",
"4/16/1980","-40","-6.08845996856689","587","33.304","19.688","0.1373291856","3.98871323385065","0.601043266013663","25.86886596",
"4/17/1980","-40","-6.08845996856689","587","33.353","20.501","1.740645","3.70234543811785","0.601358307171361","22.30621758",
"4/18/1980","-40","-6.08845996856689","587","33.699","20.22","0.267791652","3.90210998184962","0.55065539933442","23.56605234",
"4/19/1980","-40","-6.08845996856689","587","33.302","19.589","0.017166132","3.84135807790216","0.572453235420909","22.01000544",
"4/20/1980","-40","-6.08845996856689","587","33.582","20.148","3.95164548","3.53587984599089","0.63421443094007","24.02555094",
"4/21/1980","-40","-6.08845996856689","587","33.525","19.725","1.826477424","3.62821643582724","0.633057891622498","21.5040393",
"4/22/1980","-40","-6.08845996856689","587","28.445","20.462","0.374221944","4.3397144290543","0.739405877442666","8.51444712",
"4/23/1980","-40","-6.08845996856689","587","29.008","20.185","0.9441369288","3.48799830587362","0.686501969004347","12.4236522",
"4/24/1980","-40","-6.08845996856689","587","30.027","20.377","26.806640436","2.75528829917471","0.869714779009157","10.642445352",
"4/25/1980","-40","-6.08845996856689","587","31.195","19.646","0.545883192","3.1753878345685","0.668656187625937","16.01201286",
"4/26/1980","-40","-6.08845996856689","587","33.05","20.313","0.933837912","3.80341626463419","0.624598810433532","19.51925814",
"4/27/1980","-40","-6.08845996856689","587","33.212","18.805","1.3629926664","4.36048477669531","0.609335694443465","20.08558368",
"4/28/1980","-40","-6.08845996856689","587","32.594","19.083","1.572419484","3.82356479765034","0.590052463543529","19.3221018",
"4/29/1980","-40","-6.08845996856689","587","33.875","20.381","1.16386344","3.39620801215958","0.593008132122443","24.72851322",
"4/30/1980","-40","-6.08845996856689","587","34.107","19.824","0.0034332264","3.76495339443026","0.556742816089382","24.78994308",
"5/1/1980","-40","-6.08845996856689","587","31.702","21.065","0.214577172","4.02840676206625","0.644955993828019","17.9098299",
"5/2/1980","-40","-6.08845996856689","587","33.822","19.74","0","4.08622783569487","0.583304705432771","20.3941179",
"5/3/1980","-40","-6.08845996856689","587","33.964","19.328","0","4.37467852173885","0.609485125439856","22.32792846",
"5/4/1980","-40","-6.08845996856689","587","33.651","19.31","0.78792588","3.97056184183475","0.596133188462916","23.6586339",
"5/5/1980","-40","-6.08845996856689","587","34.48","19.171","0","4.19472860235031","0.502071858079547","24.45406578",
"5/6/1980","-40","-6.08845996856689","587","33.736","20.969","0.3519061344","4.25942599263486","0.545015355474081","23.47481538",
"5/7/1980","-40","-6.08845996856689","587","33.873","19.92","1.606750416","3.98802331950076","0.581945534308622","23.68783044",
"5/8/1980","-40","-6.08845996856689","587","33.597","19.134","0.01373292","3.82360960084477","0.587325974873713","23.5716804",
"5/9/1980","-40","-6.08845996856689","587","33.487","19.199","0.082397376","3.75308985124049","0.568706518299816","21.09808152",
"5/10/1980","-40","-6.08845996856689","587","33.863","20.383","1.539804204","3.86567576048024","0.555893657729508","23.7194442",
"5/11/1980","-40","-6.08845996856689","587","30.672","20.414","0.0137329056","4.28538646560976","0.519933215521252","20.11443534",
"5/12/1980","-40","-6.08845996856689","587","33.156","19.788","0","4.04130810270705","0.487912133219292","23.9677389",
"5/13/1980","-40","-6.08845996856689","587","33.075","18.523","0.199127052","4.19613343700112","0.553700974415561","24.03956088",
"5/14/1980","-40","-6.08845996856689","587","33.234","19.333","0.04119876","3.78143840566972","0.515689793912411","21.64398588",
"5/15/1980","-40","-6.08845996856689","587","31.135","19.424","1.5707035008","3.74611819085423","0.686731343240014","17.48463354",
"5/16/1980","-40","-6.08845996856689","587","30.164","19.99","0.2952576216","4.40472871310789","0.666601882479579","21.44700252",
"5/17/1980","-40","-6.08845996856689","587","33.226","19.055","0","3.72739119762064","0.580340877319031","23.5018674",
"5/18/1980","-40","-6.08845996856689","587","33.531","18.921","0","3.38640848255168","0.561508280901434","23.3942022",
"5/19/1980","-40","-6.08845996856689","587","33.991","20.983","0.102996792","3.26229558915371","0.50438460219059","23.05450998",
"5/20/1980","-40","-6.08845996856689","587","33.758","20.534","0.45318636","3.55986622442773","0.545859782366024","19.91362446",
"5/21/1980","-40","-6.08845996856689","587","32.357","20.8","0.0514984392","3.8493039872828","0.539791599678122","23.4583263",
"5/22/1980","-40","-6.08845996856689","587","33.784","18.905","0","3.80830060996002","0.509475498191935","23.57955108",
"5/23/1980","-40","-6.08845996856689","587","33.712","19.173","0","3.89941908140473","0.512529151909669","23.4946152",
"5/24/1980","-40","-6.08845996856689","587","32.526","20.106","3.2409636048","3.46125751154965","0.671220907633999","14.9913531",
"5/25/1980","-40","-6.08845996856689","587","31.893","20.384","23.83862184","3.59071543919735","0.653825982210342","19.55548386",
"5/26/1980","-40","-6.08845996856689","587","31.566","19.498","1.879694172","4.01008197490357","0.600168090018304","18.97706754",
"5/27/1980","-40","-6.08845996856689","587","30.995","19.408","0.197410752","3.97955542983395","0.603811356148974","17.45488368",
"5/28/1980","-40","-6.08845996856689","587","32.664","18.119","0","4.3042958276823","0.53126305001057","20.99784438",
"5/29/1980","-40","-6.08845996856689","587","32.726","17.627","0","3.99939181630697","0.538794362093864","19.09215126",
"5/30/1980","-40","-6.08845996856689","587","33.297","19.863","0.12016296","3.60390104985138","0.532081138198151","21.87213858",
"5/31/1980","-40","-6.08845996856689","587","29.249","20.055","0.4961017368","4.12201174511105","0.627066796071793","14.49320274",
"6/1/1980","-40","-6.08845996856689","587","32.155","20.178","0.360488772","3.99964024854713","0.58944674885735","19.2561732",
"6/2/1980","-40","-6.08845996856689","587","33.351","20.139","1.108932876","3.76943353611843","0.594294958162713","19.9929366",
"6/3/1980","-40","-6.08845996856689","587","33.818","19.92","0.212860224","3.49271078567964","0.572581802150387","18.60947496",
"6/4/1980","-40","-6.08845996856689","587","34.162","18.497","0","3.54005843891565","0.539826254480397","19.0741473",
"6/5/1980","-40","-6.08845996856689","587","30.479","20.798","6.29997552","3.90292041844638","0.7273147697996","15.91334568",
"6/6/1980","-40","-6.08845996856689","587","32.668","18.905","4.3687840464","4.0476792700582","0.595691838634051","19.45316196",
"6/7/1980","-40","-6.08845996856689","587","32.736","18.309","0.0034332264","4.53112432410573","0.535413439124625","22.94453808",
"6/8/1980","-40","-6.08845996856689","587","32.352","19.356","0.096130368","4.89154824597324","0.519439989180236","22.79885958",
"6/9/1980","-40","-6.08845996856689","587","28.762","20.217","3.985981092","3.8041677275447","0.748295100173249","11.85593202",
"6/10/1980","-40","-6.08845996856689","587","28.263","19.362","9.980391744","4.19210746747381","0.820928769310698","11.3635116",
"6/11/1980","-40","-6.08845996856689","587","28.408","18.612","2.5302871584","3.62298420635994","0.785897941699009","11.33116992",
"6/12/1980","-40","-6.08845996856689","587","29.691","17.973","2.1148668864","4.28564421207758","0.714366872973638","16.34849676",
"6/13/1980","-40","-6.08845996856689","587","30.331","18.082","0.3501889704","4.40915889895878","0.660554824849612","21.29568228",
"6/14/1980","-40","-6.08845996856689","587","31.632","18.584","0.95787036","3.34868055837642","0.671316267610678","21.78944712",
"6/15/1980","-40","-6.08845996856689","587","32.807","18.26","0","3.944414240548","0.555807840127757","22.51844172",
"6/16/1980","-40","-6.08845996856689","587","31.793","19.545","0","4.70377426131455","0.513893455485179","22.63522248",
"6/17/1980","-40","-6.08845996856689","587","31.586","18.661","0","4.89602338908772","0.543516264008394","22.6645308",
"6/18/1980","-40","-6.08845996856689","587","31.792","19.337","1.508903172","4.027363689299","0.576002005386098","22.1156424",
"6/19/1980","-40","-6.08845996856689","587","31.736","19.478","0.2454757704","4.27107906837549","0.522520259370883","22.65401268",
"6/20/1980","-40","-6.08845996856689","587","32.155","18.364","1.883128284","3.79697192627139","0.60070065078697","22.012083",
"6/21/1980","-40","-6.08845996856689","587","31.856","18.899","0.0240325848","3.95057758360936","0.552753725304632","22.0976532",
"6/22/1980","-40","-6.08845996856689","587","31.984","20.012","1.386165384","3.64356332965175","0.639737687392191","14.374513368",
"6/23/1980","-40","-6.08845996856689","587","32.014","19.596","0.33645636","4.46017070185041","0.595203743391118","22.20322464",
"6/24/1980","-40","-6.08845996856689","587","32.505","19.975","0.738144288","4.25529546912449","0.628853224060579","21.26891448",
"6/25/1980","-40","-6.08845996856689","587","32.059","20.83","0.2162934432","3.94001672302916","0.58414825834306","18.38637828",
"6/26/1980","-40","-6.08845996856689","587","32.386","19.299","2.90794716","3.71238375665582","0.627687806863124","21.76998444",
"6/27/1980","-40","-6.08845996856689","587","32.159","20.395","4.8597356664","3.57298794141351","0.623859659311495","17.35346646",
"6/28/1980","-40","-6.08845996856689","587","32.617","18.389","0.48923532","3.659741259506","0.552309747118719","22.91389092",
"6/29/1980","-40","-6.08845996856689","587","32.696","20.854","0","3.8196592895975","0.40720818217567","22.86951048",
"6/30/1980","-40","-6.08845996856689","587","31.707","20.388","0.0703811808","4.50576187360103","0.509264378348041","22.21177212",
"7/1/1980","-40","-6.08845996856689","587","32.005","19.9","0","4.66369188908035","0.518354227991429","21.7778598",
"7/2/1980","-40","-6.08845996856689","587","31.862","18.448","0.3244398192","3.93955817609616","0.648744987203032","12.8599272",
"7/3/1980","-40","-6.08845996856689","587","31.948","18.829","2.583504612","4.22897924507863","0.592920676462756","20.24268444",
"7/4/1980","-40","-6.08845996856689","587","32.972","19.543","0.209427048","3.46847939081244","0.501583785576722","17.61311286",
"7/5/1980","-40","-6.08845996856689","587","32.677","20.398","0.60253164","4.0112109132255","0.527213693556826","17.43074964",
"7/6/1980","-40","-6.08845996856689","587","32.469","19.354","0.0205993728","4.50376787106611","0.526346400151526","22.9997736",
"7/7/1980","-40","-6.08845996856689","587","32.597","18.324","0.27465804","4.69624024932206","0.495121950751526","23.25296592",
"7/8/1980","-40","-6.08845996856689","587","32.011","19.064","0.0034332264","5.05795120945133","0.507047170168941","21.2991174",
"7/9/1980","-40","-6.08845996856689","587","29.991","18.721","0.034332264","5.48968357705892","0.532336579173383","21.74185764",
"7/10/1980","-40","-6.08845996856689","587","30.94","19.623","0.0308990448","5.23190602662307","0.556346375300071","18.78390144",
"7/11/1980","-40","-6.08845996856689","587","31.073","18.79","0.3725053128","4.43766772552757","0.577709387696371","16.15528188",
"7/12/1980","-40","-6.08845996856689","587","31.975","17.861","0.81539172","4.42004587905866","0.532535458590478","18.79098624",
"7/13/1980","-40","-6.08845996856689","587","33.624","18.545","0","4.30187229941889","0.479240788676619","22.71476448",
"7/14/1980","-40","-6.08845996856689","587","34.379","19.588","0","3.89785428739017","0.46798171673337","23.68912752",
"7/15/1980","-40","-6.08845996856689","587","34.103","19.096","0","2.91058466762901","0.468649183580094","22.19608512",
"7/16/1980","-40","-6.08845996856689","587","33.563","19.658","0.375938316","4.25697698953011","0.460503411300213","23.324067",
"7/17/1980","-40","-6.08845996856689","587","32.936","17.941","0","4.43619615990572","0.415625809306559","23.50456668",
"7/18/1980","-40","-6.08845996856689","587","33.856","17.853","0","4.00765663292537","0.396081113685097","23.85567828",
"7/19/1980","-40","-6.08845996856689","587","32.373","17.314","0.0205993656","3.13015063720672","0.508308409464185","23.17207392",
"7/20/1980","-40","-6.08845996856689","587","33.452","19.056","0","4.3950882793654","0.44418179113905","23.70987828",
"7/21/1980","-40","-6.08845996856689","587","33.253","19.808","0.3364565184","4.34127800808187","0.49946442956758","21.41932104",
"7/22/1980","-40","-6.08845996856689","587","33.234","19.441","0.188827452","5.09737124526572","0.503827394839372","20.17777644",
"7/23/1980","-40","-6.08845996856689","587","32.281","20.333","0","4.09442597564147","0.494361945068855","19.75888044",
"7/24/1980","-40","-6.08845996856689","587","29.643","20.281","0","3.93166930751336","0.536110147987876","16.34044968",
"7/25/1980","-40","-6.08845996856689","587","32.724","19.765","0","4.5235276519896","0.469633044802455","23.86113588",
"7/26/1980","-40","-6.08845996856689","587","29.651","17.281","0","4.52606223009422","0.547313554172594","16.12783188",
"7/27/1980","-40","-6.08845996856689","587","32.081","18.28","0","4.11459670419852","0.534215531267542","17.14427064",
"7/28/1980","-40","-6.08845996856689","587","32.242","20.538","0","4.93465014235611","0.511127075314775","19.38807864",
"7/29/1980","-40","-6.08845996856689","587","32.658","20.223","0.1956939912","4.51603197088525","0.445749302920222","22.97722068",
"7/30/1980","-40","-6.08845996856689","587","33.489","19.891","1.09004796","3.9662699869109","0.488520192977119","19.30106502",
"7/31/1980","-40","-6.08845996856689","587","32.721","18.853","0","2.52078642240336","0.468400797410709","18.035046",
"8/1/1980","-40","-6.08845996856689","587","33.47","20.399","0","4.06984762524553","0.402922144550714","19.0321848",
"8/2/1980","-40","-6.08845996856689","587","31.143","19.363","0","4.01426613941798","0.427454131572547","22.64608332",
"8/3/1980","-40","-6.08845996856689","587","32.427","20.102","0","4.52100870320837","0.399207148323031","19.60683696",
"8/4/1980","-40","-6.08845996856689","587","31.742","18.454","0","6.43236633936521","0.490183746230034","24.46071156",
"8/5/1980","-40","-6.08845996856689","587","32.392","17.113","0","5.36233641989807","0.48356382025046","24.69881304",
"8/6/1980","-40","-6.08845996856689","587","32.726","17.505","0","4.2189696799611","0.465594808068146","24.6864924",
"8/7/1980","-40","-6.08845996856689","587","32.552","19.64","1.366426404","5.0837395707845","0.543466571824402","20.86948044",
"8/8/1980","-40","-6.08845996856689","587","30.871","19.645","1.5483879576","5.06922353402797","0.588288375246197","16.91471196",
"8/9/1980","-40","-6.08845996856689","587","31.874","17.718","0","5.33701091367874","0.44498736611864","25.32774564",
"8/10/1980","-40","-6.08845996856689","587","32.574","18.265","0","4.03982745043989","0.420666263056301","22.64023188",
"8/11/1980","-40","-6.08845996856689","587","32.031","20.302","2.5165566","3.79737888383645","0.550462185153388","20.14599636",
"8/12/1980","-40","-6.08845996856689","587","33.156","19.477","0","4.66981013583679","0.424260300005782","22.49364528",
"8/13/1980","-40","-6.08845996856689","587","33.521","19.864","0","5.4296549729193","0.381283679179222","21.28674744",
"8/14/1980","-40","-6.08845996856689","587","33.422","18.907","0","4.73098831423938","0.402939032205358","25.41628584",
"8/15/1980","-40","-6.08845996856689","587","32.881","18.68","0","4.40322195565172","0.433557862632072","25.41909096",
"8/16/1980","-40","-6.08845996856689","587","33.145","18.714","0","3.67303903094957","0.461902061119385","24.0743232",
"8/17/1980","-40","-6.08845996856689","587","34.504","19.055","0","3.82798785271037","0.463703986979302","25.04266578",
"8/18/1980","-40","-6.08845996856689","587","34.684","20.308","0.12016296","3.97978518546073","0.465033422656247","24.79961466",
"8/19/1980","-40","-6.08845996856689","587","34.071","21.514","0.1476288","4.86070269130878","0.388299279920223","25.75197396",
"8/20/1980","-40","-6.08845996856689","587","33.435","19.685","0","5.09633481120534","0.481785742278739","24.04120086",
"8/21/1980","-40","-6.08845996856689","587","32.995","20.86","0","5.24800689968111","0.413122129126895","25.99497792",
"8/22/1980","-40","-6.08845996856689","587","33.633","19.285","0.05493168","4.90748647020924","0.38470356725281","26.28444906",
"8/23/1980","-40","-6.08845996856689","587","32.357","20.98","0.36735534","5.42967747120944","0.478750314424459","22.35403728",
"8/24/1980","-40","-6.08845996856689","587","33.888","19.058","1.26342936","5.03030147540588","0.473379074993336","24.9237567",
"8/25/1980","-40","-6.08845996856689","587","33.388","20.368","0","4.64916784731511","0.368525450804022","26.36848602",
"8/26/1980","-40","-6.08845996856689","587","34.407","18.763","0","4.12149469997416","0.42881949782124","26.32915692",
"8/27/1980","-40","-6.08845996856689","587","35.274","20.279","0","5.3551557490229","0.48374823901141","24.86440818",
"8/28/1980","-40","-6.08845996856689","587","34.32","20.878","0","5.44353433727464","0.448990572600256","20.83123368",
"8/29/1980","-40","-6.08845996856689","587","33.036","18.498","0","6.05218944900483","0.361735935263864","26.782038",
"8/30/1980","-40","-6.08845996856689","587","32.926","18.33","0","5.04232418043289","0.416911491014301","26.73675036",
"8/31/1980","-40","-6.08845996856689","587","34.17","19.653","0.384521112","4.85543122401309","0.436682911914239","26.48002626",
"9/1/1980","-40","-6.08845996856689","587","33.379","21.125","0.0274658184","3.57613949997919","0.480102386013548","21.806550792",
"9/2/1980","-40","-6.08845996856689","587","34.34","22.045","0.597381516","4.09022930094235","0.470323105253745","23.98950234",
"9/3/1980","-40","-6.08845996856689","587","31.697","21.655","1.088333028","3.28045099263191","0.542886594338128","19.1986263",
"9/4/1980","-40","-6.08845996856689","587","34.5","21.882","0.17509446","5.29256874347054","0.495732854941254","25.85879802",
"9/5/1980","-40","-6.08845996856689","587","34.798","21.696","0.5458829976","4.95261636999739","0.52179706892395","21.97749672",
"9/6/1980","-40","-6.08845996856689","587","35.248","20.982","0.02746584","5.11943740451756","0.477321545571382","21.49121502",
"9/7/1980","-40","-6.08845996856689","587","34.331","22.26","0.7175461608","5.64463359873027","0.525347229436029","25.90655868",
"9/8/1980","-40","-6.08845996856689","587","33.59","20.976","7.7900004","5.10870454873116","0.482455271465306","26.823101328",
"9/9/1980","-40","-6.08845996856689","587","33.527","18.655","0","5.19811318612232","0.386884518756139","26.62756164",
"9/10/1980","-40","-6.08845996856689","587","35.074","20.998","0","5.44525593336821","0.402561797308811","27.178535952",
"9/11/1980","-40","-6.08845996856689","587","32.935","20.588","0.10986336","4.71563444610628","0.4543003700186","23.950119888",
"9/12/1980","-40","-6.08845996856689","587","34.011","21.41","1.13639904","4.6787218337857","0.426133530777867","26.26391124",
"9/13/1980","-40","-6.08845996856689","587","33.743","19.696","0","4.57694015768842","0.344198866414273","27.59681664",
"9/14/1980","-40","-6.08845996856689","587","35.011","20.117","0","4.74849789644145","0.368816587415318","27.341047152",
"9/15/1980","-40","-6.08845996856689","587","35.873","20.974","0","4.64981656887012","0.371598521482597","27.500903208",
"9/16/1980","-40","-6.08845996856689","587","33.643","21.739","0","5.28681308081063","0.501664630488742","26.882722008",
"9/17/1980","-40","-6.08845996856689","587","35.504","21.724","0","5.17401071400042","0.441700407844677","25.04413098",
"9/18/1980","-40","-6.08845996856689","587","34.451","21.875","0","5.77698206985511","0.445657501810792","27.36090558",
"9/19/1980","-40","-6.08845996856689","587","34.168","21.347","0","5.83291208759146","0.422117327489226","27.534264768",
"9/20/1980","-40","-6.08845996856689","587","33.892","21.306","6.02874252","5.24416572118915","0.505614820231551","26.8230843",
"9/21/1980","-40","-6.08845996856689","587","34.76","21.931","0","5.34160642911197","0.435855373123416","27.34548192",
"9/22/1980","-40","-6.08845996856689","587","35.332","20.912","0","4.46368904928862","0.430408089003955","24.97015728",
"9/23/1980","-40","-6.08845996856689","587","36.288","21.474","0.06179814","4.08467123539593","0.414518308561548","25.1178174",
"9/24/1980","-40","-6.08845996856689","587","34.405","22.365","0.9990706464","3.38683584209116","0.466139718715644","21.13599654",
"9/25/1980","-40","-6.08845996856689","587","32.732","21.721","1.417922424","3.02611764179746","0.502048555644989","16.832359512",
"9/26/1980","-40","-6.08845996856689","587","34.1","21.135","0.7999416","3.72258200731458","0.46551959602869","22.720156272",
"9/27/1980","-40","-6.08845996856689","587","33.66","20.836","0.027465804","4.18899583947154","0.447062368000617","20.78758224",
"9/28/1980","-40","-6.08845996856689","587","30.341","21.73","0.1888273224","4.06859812967657","0.553973002124971","10.93404492",
"9/29/1980","-40","-6.08845996856689","587","33.358","21.301","0.3192897528","4.25527656182726","0.551259458748845","21.252093408",
"9/30/1980","-40","-6.08845996856689","587","36.101","22.139","1.61705124","5.22210589207867","0.476841819587143","27.020188872",
"10/1/1980","-40","-6.08845996856689","587","32.95","22.076","1.4865876072","6.27217838200187","0.534375084762721","22.957535448",
"10/2/1980","-40","-6.08845996856689","587","33.612","21.483","0.0961304184","5.40082379521608","0.515213011042065","21.453354",
"10/3/1980","-40","-6.08845996856689","587","30.827","21.22","1.7063118648","4.15031988989063","0.533119779767295","22.459335768",
"10/4/1980","-40","-6.08845996856689","587","32.571","20.722","6.7428587232","4.63395404496532","0.573465192930959","20.709279792",
"10/5/1980","-40","-6.08845996856689","587","35.052","21.185","0","5.33928610029133","0.430785602280491","28.27039572",
"10/6/1980","-40","-6.08845996856689","587","34.345","21.19","0","4.59371840219519","0.467556426746058","22.50855378",
"10/7/1980","-40","-6.08845996856689","587","35.53","22.169","0","5.40696784185899","0.414378118487529","28.0279224",
"10/8/1980","-40","-6.08845996856689","587","35.063","21.738","0","6.47116068663679","0.352457919740528","28.3559463",
"10/9/1980","-40","-6.08845996856689","587","34.667","21.336","0","6.36424677509028","0.403171756491626","27.55063602",
"10/10/1980","-40","-6.08845996856689","587","35.285","21.073","0","4.92574155443714","0.434884602505017","28.29002418",
"10/11/1980","-40","-6.08845996856689","587","36.291","21.332","0","5.59885832649071","0.389999955539617","28.71171072",
"10/12/1980","-40","-6.08845996856689","587","36.249","21.314","0","5.73874496064076","0.391504226002961","28.42370622",
"10/13/1980","-40","-6.08845996856689","587","35.996","21.703","0","5.19322770620621","0.370932932213346","28.5066648",
"10/14/1980","-40","-6.08845996856689","587","35.79","20.175","0","3.92665667514983","0.415395072375331","28.501071048",
"10/15/1980","-40","-6.08845996856689","587","34.857","21.624","0.65231316","4.48918584740234","0.434689937600996","23.19828624",
"10/16/1980","-40","-6.08845996856689","587","35.388","22.838","3.3645630528","5.2929575429771","0.449150268319607","27.721179432",
"10/17/1980","-40","-6.08845996856689","587","34.661","22.355","2.0771027496","6.06985405611477","0.434897118545274","28.301206248",
"10/18/1980","-40","-6.08845996856689","587","34.477","22.023","0.74501028","5.86308005170466","0.395532612596268","28.25692722",
"10/19/1980","-40","-6.08845996856689","587","34.741","21.179","0.56648232","6.36251167534677","0.355597166971891","28.726909848",
"10/20/1980","-40","-6.08845996856689","587","35.445","22.58","0.319290084","5.64024761471136","0.376568799341916","28.20538116",
"10/21/1980","-40","-6.08845996856689","587","35.325","22.337","1.35612504","4.52821655457234","0.41373678895234","28.17528318",
"10/22/1980","-40","-6.08845996856689","587","33.367","21.912","2.33116146","3.43867460156514","0.51233008174783","21.0697902",
"10/23/1980","-40","-6.08845996856689","587","34.478","22.027","6.61583448","3.80280195128333","0.528650868188598","22.8446415",
"10/24/1980","-40","-6.08845996856689","587","32.477","22.642","1.040267916","5.13378702959723","0.590857110486295","16.05561084",
"10/25/1980","-40","-6.08845996856689","587","34.035","22.744","0.1785277368","5.90337098609543","0.513239059085181","20.55735666",
"10/26/1980","-40","-6.08845996856689","587","34.982","22.189","0.041198724","5.87377561511184","0.452434450456392","28.2596166",
"10/27/1980","-40","-6.08845996856689","587","35.621","22.267","0.051498432","6.06719609111878","0.436846855141298","28.55055618",
"10/28/1980","-40","-6.08845996856689","587","35.287","20.58","0","5.25527719588901","0.395356848793157","28.6271487",
"10/29/1980","-40","-6.08845996856689","587","36.055","21.363","0","5.12281296583927","0.444182648850094","28.3572486",
"10/30/1980","-40","-6.08845996856689","587","35.888","21.389","0","4.93812004284378","0.446335114872178","28.2230577",
"10/31/1980","-40","-6.08845996856689","587","36.546","22.969","0.0137329056","4.66872979467797","0.396488862727675","28.30049352",
"11/1/1980","-40","-6.08845996856689","587","34.819","22.188","0.084114072","4.05714852498747","0.469459400284901","22.13600382",
"11/2/1980","-40","-6.08845996856689","587","34.21","23.562","0","4.80928697016431","0.439315589859525","19.66899042",
"11/3/1980","-40","-6.08845996856689","587","35.814","21.702","1.368144684","5.04693849370648","0.458719201402213","28.006497",
"11/4/1980","-40","-6.08845996856689","587","35.738","22.666","0.037765512","4.72909257461581","0.411362448129172","25.84607778",
"11/5/1980","-40","-6.08845996856689","587","35.552","21.076","0","4.85002237998346","0.440445599089611","24.3547245",
"11/6/1980","-40","-6.08845996856689","587","35.114","21.619","0","5.01608817189283","0.442120327680053","26.72870364",
"11/7/1980","-40","-6.08845996856689","587","34.431","22.011","0","5.13451766584959","0.446033488882232","23.28676344",
"11/8/1980","-40","-6.08845996856689","587","35.148","22.243","0.030899052","5.82221526889174","0.442947083892528","26.2820268",
"11/9/1980","-40","-6.08845996856689","587","34.012","22.778","0.551033172","5.21556856768053","0.496740152563792","22.69811232",
"11/10/1980","-40","-6.08845996856689","587","35.321","21.543","0.547600032","5.46815958665294","0.46966027089463","27.25621812",
"11/11/1980","-40","-6.08845996856689","587","32.989","21.714","0.44975268","5.40337120757638","0.491347861436436","20.93732928",
"11/12/1980","-40","-6.08845996856689","587","34.708","21.712","0","6.09771182986067","0.475037928142113","27.76178772",
"11/13/1980","-40","-6.08845996856689","587","34.261","22.997","0","5.3930167542541","0.478753888575197","22.84064928",
"11/14/1980","-40","-6.08845996856689","587","33.354","22.119","0.061798248","4.43239833366373","0.583085676549842","21.05308512",
"11/15/1980","-40","-6.08845996856689","587","26.064","21.906","0.4840853184","4.54940117807445","0.684350430250712","8.8407522",
"11/16/1980","-40","-6.08845996856689","587","28.981","20.167","0.654030324","3.8799207866724","0.656101511949375","17.6075982",
"11/17/1980","-40","-6.08845996856689","587","31.049","20.77","0","4.97897130104644","0.61819884916647","23.2899723",
"11/18/1980","-40","-6.08845996856689","587","31.188","21.17","0.0463485744","4.86428479889514","0.579317038252909","24.67636236",
"11/19/1980","-40","-6.08845996856689","587","32.042","21.175","0.1974103056","4.62280588134016","0.498735804067434","28.44561798",
"11/20/1980","-40","-6.08845996856689","587","32.766","19.522","0","4.53155295765678","0.478671949495281","28.41209478",
"11/21/1980","-40","-6.08845996856689","587","33.815","20.43","0","4.98951393889439","0.479578113205039","28.2042558",
"11/22/1980","-40","-6.08845996856689","587","34.587","22.466","0","4.70203526347999","0.468436829135663","27.9192924",
"11/23/1980","-40","-6.08845996856689","587","34.072","22.162","0","4.9424833285326","0.463340229505258","23.58292428",
"11/24/1980","-40","-6.08845996856689","587","34.756","22.453","0","5.37851807515533","0.485261965850526","22.58279424",
"11/25/1980","-40","-6.08845996856689","587","34.579","21.041","0","5.36789427087808","0.496524017930701","23.96463606",
"11/26/1980","-40","-6.08845996856689","587","33.964","21.082","0","5.2706517881568","0.488508491642195","26.71970832",
"11/27/1980","-40","-6.08845996856689","587","33.927","21.858","0","5.04059491169073","0.465254073214707","22.34002194",
"11/28/1980","-40","-6.08845996856689","587","32.289","21.997","0","5.36150857483789","0.495596095751432","25.148979",
"11/29/1980","-40","-6.08845996856689","587","34.628","21.033","0","5.02292051115155","0.469612540482555","27.70566138",
"11/30/1980","-40","-6.08845996856689","587","34.449","21.173","0","5.42090684870092","0.437068177904675","27.98561412",
"12/1/1980","-40","-6.08845996856689","587","34.932","21.555","0","4.80092424469993","0.403300516779142","28.27698678",
"12/2/1980","-40","-6.08845996856689","587","35.557","21.262","0","5.21514250040957","0.449378478725438","28.185641208",
"12/3/1980","-40","-6.08845996856689","587","35.392","21.598","0","5.73635617953028","0.48849038842507","27.269379",
"12/4/1980","-40","-6.08845996856689","587","35.31","21.514","0","5.87270395858192","0.452099671321365","27.9699777",
"12/5/1980","-40","-6.08845996856689","587","34.66","20.955","0","5.89254124679507","0.479300920382327","28.085904",
"12/6/1980","-40","-6.08845996856689","587","35.46","21.383","0","5.47581386449824","0.484203154718073","25.6813299",
"12/7/1980","-40","-6.08845996856689","587","36.057","21.772","0","4.95169636537623","0.475633501388635","27.990837",
"12/8/1980","-40","-6.08845996856689","587","34.75","22.257","0.17509464","5.59969585466261","0.50694073541517","21.43079892",
"12/9/1980","-40","-6.08845996856689","587","35.146","22.294","0.66776292","5.62192093349794","0.479428698797039","27.82996128",
"12/10/1980","-40","-6.08845996856689","587","35.325","22.03","0","5.45299071149177","0.455978736512797","27.96800418",
"12/11/1980","-40","-6.08845996856689","587","35.923","22.195","0.1270296","5.43901293535481","0.445159790576495","27.2268063",
"12/12/1980","-40","-6.08845996856689","587","35.522","21.732","0.102996828","5.22508797074273","0.436841640532225","28.08179982",
"12/13/1980","-40","-6.08845996856689","587","35.445","22.025","0","5.41495254955057","0.448579382804801","26.25929964",
"12/14/1980","-40","-6.08845996856689","587","34.874","21.448","0.054931644","3.72991665898666","0.459633142018705","22.09641588",
"12/15/1980","-40","-6.08845996856689","587","34.025","21.294","0","5.1561647051415","0.512976098636128","21.36318786",
"12/16/1980","-40","-6.08845996856689","587","34.662","20.668","0","5.19726400347359","0.462862515847243","24.47004186",
"12/17/1980","-40","-6.08845996856689","587","32.181","21.063","1.338959124","4.14685752383996","0.479031417892863","20.10054366",
"12/18/1980","-40","-6.08845996856689","587","33.783","21.539","1.53808704","4.22399066151931","0.483793951625575","22.74462828",
"12/19/1980","-40","-6.08845996856689","587","30.733","22.147","1.6101855","4.89883034753837","0.542217476221312","15.47347824",
"12/20/1980","-40","-6.08845996856689","587","32.699","21.233","2.3002596","4.4324174580729","0.532568948628356","26.54037828",
"12/21/1980","-40","-6.08845996856689","587","30.738","21.746","0","4.671672269501","0.551860621899892","19.60334064",
"12/22/1980","-40","-6.08845996856689","587","25.442","21.592","0.40512114","3.45175573797292","0.676229298212504","9.56699514",
"12/23/1980","-40","-6.08845996856689","587","30.657","20.854","2.51655498","3.02854319657968","0.574176190918286","19.011717",
"12/24/1980","-40","-6.08845996856689","587","32.806","21.544","1.5895844928","4.4470465229454","0.557951633564728","21.6558036",
"12/25/1980","-40","-6.08845996856689","587","33.153","21.272","0","4.51991566810715","0.485361405435553","24.21652698",
"12/26/1980","-40","-6.08845996856689","587","35.263","21.157","0.1098634464","4.28957961439732","0.499358157487645","22.3817076",
"12/27/1980","-40","-6.08845996856689","587","34.053","21.437","0.106430112","5.54160228581731","0.567450418308075","23.78430198",
"12/28/1980","-40","-6.08845996856689","587","34.429","20.787","0","4.43488428236997","0.492338333654935","28.3079745",
"12/29/1980","-40","-6.08845996856689","587","33.316","21.387","0.027465804","3.9809505975738","0.513649541561861","17.95646322",
"12/30/1980","-40","-6.08845996856689","587","31.935","21.29","0.05493168","4.36909367546704","0.536891449496481","13.38198984",
"12/31/1980","-40","-6.08845996856689","587","34.04","21.212","0","5.18789072477068","0.463351393818739","26.913096",
"1/1/1981","-40","-6.08845996856689","587","34.866","20.338","0","5.4884541560612","0.499824146012414","25.49413026",
"1/2/1981","-40","-6.08845996856689","587","35.765","21.479","0","5.50625672474053","0.501204255354557","23.93089092",
"1/3/1981","-40","-6.08845996856689","587","33.346","22.152","0","5.43011186425559","0.49226164282886","24.5409768",
"1/4/1981","-40","-6.08845996856689","587","34.055","20.792","0.2592085464","5.02315445180618","0.454897643790248","28.5222312",
"1/5/1981","-40","-6.08845996856689","587","34.487","21.608","2.221299","5.27753815938418","0.512326431735043","26.65895778",
"1/6/1981","-40","-6.08845996856689","587","35.143","20.598","0.127029348","4.34943026374938","0.526240843311737","21.99200256",
"1/7/1981","-40","-6.08845996856689","587","34.339","20.878","0.0171661392","4.88491127990892","0.536857196490438","24.15425706",
"1/8/1981","-40","-6.08845996856689","587","34.098","21.213","0.0789642288","4.9917476423209","0.507686394947602","27.0626607",
"1/9/1981","-40","-6.08845996856689","587","34.324","21","0.28839096","4.95051169899325","0.552432578539801","20.54525346",
"1/10/1981","-40","-6.08845996856689","587","34.659","20.886","1.524353436","5.48593671092744","0.605425263663633","23.15463588",
"1/11/1981","-40","-6.08845996856689","587","34.74","20.354","1.8917082","4.89352463419822","0.621206255005716","22.05646974",
"1/12/1981","-40","-6.08845996856689","587","35.465","19.765","1.02653604","4.54951551060397","0.572063870642674","28.03826628",
"1/13/1981","-40","-6.08845996856689","587","35.841","21.06","0","5.45894893846148","0.499431038784683","27.10479258",
"1/14/1981","-40","-6.08845996856689","587","34.309","21.276","0.32615676","4.92694849438014","0.494768840396443","23.25554352",
"1/15/1981","-40","-6.08845996856689","587","36.146","20.784","1.5792865848","4.73035805550855","0.5499906685582","21.78028026",
"1/16/1981","-40","-6.08845996856689","587","34.373","21.99","0.1682283024","5.16918512694274","0.521135688037946","21.06168912",
"1/17/1981","-40","-6.08845996856689","587","32.449","20.815","0","4.08443942229607","0.49241970335892","17.13324888",
"1/18/1981","-40","-6.08845996856689","587","30.275","21.451","0.3158571528","4.13838968282243","0.56253862572387","14.62005",
"1/19/1981","-40","-6.08845996856689","587","30.808","21.104","3.8795490144","3.85603020538634","0.622049215180531","16.99627446",
"1/20/1981","-40","-6.08845996856689","587","32.376","20.73","4.6108232496","2.43107602515355","0.722288220151245","12.81650418",
"1/21/1981","-40","-6.08845996856689","587","27.507","20.97","3.9670929864","3.45853506643284","0.78095122630905","10.54625292",
"1/22/1981","-40","-6.08845996856689","587","33.254","19.421","0.18882756","4.68689998200279","0.585461274338614","25.7727915",
"1/23/1981","-40","-6.08845996856689","587","33.663","21.593","0.0034332264","5.20311018508156","0.520679295966533","19.30505679",
"1/24/1981","-40","-6.08845996856689","587","35.015","20.621","0.0514984464","4.80102567410544","0.495745803942345","27.7283232",
"1/25/1981","-40","-6.08845996856689","587","35.307","20.367","0.04119876","5.25993267976624","0.457244709542702","28.7208063",
"1/26/1981","-40","-6.08845996856689","587","33.443","20.494","0","3.32598517079314","0.522807798881232","21.98283624",
"1/27/1981","-40","-6.08845996856689","587","33.845","20.061","1.764678852","4.49380533281972","0.598692774980557","21.18819582",
"1/28/1981","-40","-6.08845996856689","587","32.662","20.81","1.30462632","4.6473692846546","0.617707814347136","18.92969964",
"1/29/1981","-40","-6.08845996856689","587","31.921","19.903","2.532007332","4.13374269622847","0.654608765212168","20.65775904",
"1/30/1981","-40","-6.08845996856689","587","29.197","20.693","4.4288649864","2.73155399262717","0.719781369732001","8.28152361",
"1/31/1981","-40","-6.08845996856689","587","33.698","20.643","0.230026392","4.65626504962145","0.572979531005959","27.95911434",
"2/1/1981","-40","-6.08845996856689","587","34.545","20.793","0.975036744","4.56740492455178","0.575750372877485","22.31161344",
"2/2/1981","-40","-6.08845996856689","587","34.943","20.012","0","4.40507312773746","0.466659569214604","27.78474492",
"2/3/1981","-40","-6.08845996856689","587","32.991","21.91","0.027465804","4.56857727726897","0.464206907663568","21.53283813",
"2/4/1981","-40","-6.08845996856689","587","31.892","20.526","7.429504752","3.13207585321496","0.666461185683072","14.747346468",
"2/5/1981","-40","-6.08845996856689","587","31.604","20.221","2.688222528","3.35055877690689","0.678286339304897","13.60805328",
"2/6/1981","-40","-6.08845996856689","587","31.362","20.315","1.37672424","4.0036405836664","0.653806126153576","16.70535315",
"2/7/1981","-40","-6.08845996856689","587","32.702","19.685","0.916672212","3.84065897944867","0.614207831369288","23.9041134",
"2/8/1981","-40","-6.08845996856689","587","33.918","19.225","2.629854","4.60172010372203","0.628077593630407","27.93032244",
"2/9/1981","-40","-6.08845996856689","587","34.124","19.341","0","4.56117322788502","0.502174118184415","28.97622486",
"2/10/1981","-40","-6.08845996856689","587","35.008","19.568","0","4.23670913163163","0.46393792922501","29.54410929",
"2/11/1981","-40","-6.08845996856689","587","35.627","20.018","0.11329668","4.50172920925702","0.485921531147243","29.51442225",
"2/12/1981","-40","-6.08845996856689","587","34.259","20.482","0.7278446664","4.82532321586029","0.523922599430719","29.05020144",
"2/13/1981","-40","-6.08845996856689","587","34.918","20.322","1.0471342248","4.31690836579815","0.543132478810774","22.93987176",
"2/14/1981","-40","-6.08845996856689","587","34.721","20.811","0","3.26441328803363","0.514517255556503","21.01735935",
"2/15/1981","-40","-6.08845996856689","587","34.203","20.505","0.33645636","4.59308344378242","0.516468514863834","28.98247923",
"2/16/1981","-40","-6.08845996856689","587","34.8","20.639","0.02746584","4.30571084223814","0.468279252500433","23.16560202",
"2/17/1981","-40","-6.08845996856689","587","31.676","21.32","4.140470952","4.53084282747753","0.582799736156001","18.49899294",
"2/18/1981","-40","-6.08845996856689","587","32.132","18.921","7.048416564","4.32610289415533","0.649129409775948","19.8627705",
"2/19/1981","-40","-6.08845996856689","587","35.221","20.521","3.06587268","4.19829940601498","0.544621765262661","28.217245212",
"2/20/1981","-40","-6.08845996856689","587","35.936","21.829","0.1579284","4.72536303498018","0.482358807734328","27.3329388",
"2/21/1981","-40","-6.08845996856689","587","34.948","20.255","0.411987096","4.78267938926799","0.526108319798952","22.9573674",
"2/22/1981","-40","-6.08845996856689","587","35.213","21.911","0.0343323","4.73875461449545","0.403030058531607","29.30822964",
"2/23/1981","-40","-6.08845996856689","587","35.912","20.477","0","4.96719080870655","0.446026772187315","26.36578476",
"2/24/1981","-40","-6.08845996856689","587","35.937","21.005","0.030899052","4.93639488182685","0.471455816137963","28.96182792",
"2/25/1981","-40","-6.08845996856689","587","36.235","20.398","0.597381732","4.79942121705304","0.467575177904023","29.20959684",
"2/26/1981","-40","-6.08845996856689","587","34.486","21.298","0.27465804","4.64697215333799","0.497037554152573","24.72052068",
"2/27/1981","-40","-6.08845996856689","587","35.879","19.145","0.64887948","4.58960706024664","0.498799105026821","24.172425",
"2/28/1981","-40","-6.08845996856689","587","36.094","20.893","0.0686646","4.85905172309383","0.454106917363299","28.37058156",
"3/1/1981","-40","-6.08845996856689","587","36.277","20.956","0.13561254","4.7432538892126","0.443300111869968","29.0957022",
"3/2/1981","-40","-6.08845996856689","587","36.339","21.739","0","4.87580758649591","0.435151301224753","28.81491012",
"3/3/1981","-40","-6.08845996856689","587","36.452","20.154","0","4.78036071974601","0.403982744867341","29.12068224",
"3/4/1981","-40","-6.08845996856689","587","36.03","22.093","0","5.31504197017761","0.467139368713249","23.14209348",
"3/5/1981","-40","-6.08845996856689","587","36.623","20.769","0","4.32185378316393","0.49837028409571","28.08343134",
"3/6/1981","-40","-6.08845996856689","587","36.106","21.728","0","4.69319330429234","0.517998731126891","21.7742571",
"3/7/1981","-40","-6.08845996856689","587","35.064","21.631","0","4.92755792439971","0.499554344459829","22.26921282",
"3/8/1981","-40","-6.08845996856689","587","35.68","20.805","0","5.45900120099906","0.492279350818539","24.11128521",
"3/9/1981","-40","-6.08845996856689","587","36.918","20.226","0","4.76420018547852","0.499256591134903","25.61901471",
"3/10/1981","-40","-6.08845996856689","587","33.784","20.414","0.2695081464","2.90123034947429","0.592656359764913","16.969557942",
"3/11/1981","-40","-6.08845996856689","587","35.746","18.636","0.140762412","3.45156818624773","0.570862602067651","20.73155643",
"3/12/1981","-40","-6.08845996856689","587","33.231","19.743","8.7306967224","2.41664505708829","0.732961615486955","9.676628388",
"3/13/1981","-40","-6.08845996856689","587","30.221","21.014","17.9626446288","2.12358831288114","0.798719066630676","11.032707168",
"3/14/1981","-40","-6.08845996856689","587","29.83","20.286","13.9500656784","1.50587428765849","0.817083835209152","10.98286668",
"3/15/1981","-40","-6.08845996856689","587","22.215","21.006","37.1200644","1.09338337404121","0.94677289952903","1.393368858",
"3/16/1981","-40","-6.08845996856689","587","22.955","20.852","54.14550048","1.40129609917174","0.951416535740072","4.126215852",
"3/17/1981","-40","-6.08845996856689","587","23.418","20.352","2.6435861784","2.88125736534745","0.927819709955488","6.481232712",
"3/18/1981","-40","-6.08845996856689","587","23.239","19.981","5.8862722536","2.28950477169813","0.9394009819756","5.116220892",
"3/19/1981","-40","-6.08845996856689","587","22.212","20.13","17.324075592","2.89144438657536","0.955489198079101","3.87309456",
"3/20/1981","-40","-6.08845996856689","587","23.657","20.188","27.501876","1.87550607104172","0.940688219000537","8.161983",
"3/21/1981","-40","-6.08845996856689","587","24.838","20.762","22.4533098","2.48145573040865","0.930906400988767","10.45491201",
"3/22/1981","-40","-6.08845996856689","587","23.949","19.668","6.196975128","2.34940374203173","0.931603687590859","8.37045234",
"3/23/1981","-40","-6.08845996856689","587","25.807","19.267","43.040633976","1.94408800350099","0.932590267023078","14.3165799",
"3/24/1981","-40","-6.08845996856689","587","22.177","19.565","43.82341776","2.3021052960081","0.957461056093111","3.58836066",
"3/25/1981","-40","-6.08845996856689","587","23.793","19.616","9.43193844","1.87731886289514","0.938512195054816","8.400821868",
"3/26/1981","-40","-6.08845996856689","587","24.081","19.84","7.90757838","1.56048290653695","0.935244871515955","6.11640486",
"3/27/1981","-40","-6.08845996856689","587","28.993","19.901","18.38149488","2.92206387242375","0.861519369390755","21.183410448",
"3/28/1981","-40","-6.08845996856689","587","29.241","19.661","14.234166288","2.05153859118373","0.879439575467374","23.92739694",
"3/29/1981","-40","-6.08845996856689","587","28.506","19.382","24.61109544","0.995382244472053","0.895678688634398","19.97573148",
"3/30/1981","-40","-6.08845996856689","587","26.926","20.874","25.78353588","1.52877972632554","0.901950072291917","11.89169784",
"3/31/1981","-40","-6.08845996856689","587","23.339","20.492","16.70264748","1.21264789130266","0.957068329774291","7.65951066",
"4/1/1981","-40","-6.08845996856689","587","26.484","20.727","19.8955602","1.5987881227962","0.923868025361047","20.637272988",
"4/2/1981","-40","-6.08845996856689","587","26.173","20.897","83.41371216","1.85732838638526","0.916684482640947","8.87281794",
"4/3/1981","-40","-6.08845996856689","587","24.653","20.417","11.53564092","2.30924051858169","0.930944177945635","9.09899604",
"4/4/1981","-40","-6.08845996856689","587","30.397","19.756","0.240326028","3.10530960695988","0.784424011878908","20.66652468",
"4/5/1981","-40","-6.08845996856689","587","30.307","20","2.3757959664","4.12011256376555","0.806414320119527","25.35705072",
"4/6/1981","-40","-6.08845996856689","587","29.164","18.74","1.167297588","3.80964757154327","0.82253874070099","15.96672756",
"4/7/1981","-40","-6.08845996856689","587","30.646","19.668","0.851440248","3.84814975788062","0.718434602832773","26.6902326",
"4/8/1981","-40","-6.08845996856689","587","31.317","18.604","1.503752832","3.67513311164337","0.707646570532479","22.64703984",
"4/9/1981","-40","-6.08845996856689","587","31.59","19.423","1.380157236","3.29686897693593","0.688570347990024","26.80036722",
"4/10/1981","-40","-6.08845996856689","587","32.588","20.217","0.97503732","3.21581909195952","0.720388646266243","24.23874096",
"4/11/1981","-40","-6.08845996856689","587","32.716","20.314","1.38702456","3.38828429717827","0.66479897835773","26.2096254",
"4/12/1981","-40","-6.08845996856689","587","30.16","20.041","0.28152486","2.93402765900464","0.716982404441144","15.57224982",
"4/13/1981","-40","-6.08845996856689","587","28.694","20.383","3.937914","2.96309338138182","0.805086243251612","13.208233032",
"4/14/1981","-40","-6.08845996856689","587","24.937","19.723","2.622984984","2.61968730725048","0.881273362832868","10.71613332",
"4/15/1981","-40","-6.08845996856689","587","31.098","19.503","0.05493168","3.08215107849656","0.674313036603977","20.07315396",
"4/16/1981","-40","-6.08845996856689","587","33.569","18.436","0","3.18393113516238","0.605274419413184","26.15889168",
"4/17/1981","-40","-6.08845996856689","587","31.65","20.031","0","3.33238714540162","0.670508609902711","22.97019222",
"4/18/1981","-40","-6.08845996856689","587","32.622","19.072","0.02059938","2.87173652628896","0.683055798636798","24.4921536",
"4/19/1981","-40","-6.08845996856689","587","32.035","20.486","0.4531857984","3.43475247558601","0.647961556888003","24.9280911",
"4/20/1981","-40","-6.08845996856689","587","32.847","20.079","1.79214462","3.33297609519664","0.653298990099094","22.40454654",
"4/21/1981","-40","-6.08845996856689","587","31.61","18.196","0.6420132","3.68557402928395","0.565700109239328","22.66240212",
"4/22/1981","-40","-6.08845996856689","587","32.34","17.586","0.3055572","3.7682721049869","0.553706775657226","25.7799906",
"4/23/1981","-40","-6.08845996856689","587","32.516","18.491","0","3.09505227514998","0.548286145495126","26.04842028",
"4/24/1981","-40","-6.08845996856689","587","31.831","18.581","0","2.75575647846684","0.642241508814422","12.49177338",
"4/25/1981","-40","-6.08845996856689","587","32.785","19.237","0.0068664528","3.39873598151612","0.612537116894794","25.2275625",
"4/26/1981","-40","-6.08845996856689","587","32.447","20.607","0.0617981184","4.11282409476685","0.621220768756481","25.07197446",
"4/27/1981","-40","-6.08845996856689","587","32.596","20.677","0.2162933784","3.23348398048219","0.615057979464159","21.73713768",
"4/28/1981","-40","-6.08845996856689","587","33.142","19.724","0.075531024","3.39219772292975","0.567782982045709","25.20039132",
"4/29/1981","-40","-6.08845996856689","587","30.053","20.607","0.0171661392","3.44264613835593","0.646001912344097","20.81638404",
"4/30/1981","-40","-6.08845996856689","587","32.016","19.618","0","3.01982331077458","0.630874238358515","18.1763919",
"5/1/1981","-40","-6.08845996856689","587","31.817","20.346","0.1716613344","2.72661193727628","0.640056243636843","18.89454312",
"5/2/1981","-40","-6.08845996856689","587","32.824","20.239","2.1938328","3.90520738005831","0.6170203172074","24.75618192",
"5/3/1981","-40","-6.08845996856689","587","32.42","20.509","3.65467464","4.05706486124849","0.634360395799803","24.20133768",
"5/4/1981","-40","-6.08845996856689","587","31.886","19.879","1.388740932","3.5509064155307","0.616266762128347","24.42814128",
"5/5/1981","-40","-6.08845996856689","587","32.572","20.005","0.4823685864","3.57276876952049","0.557326364285841","24.08011578",
"5/6/1981","-40","-6.08845996856689","587","31.787","20.554","0.1819610784","4.14916204808178","0.568175046795389","23.27568606",
"5/7/1981","-40","-6.08845996856689","587","32.002","17.853","0.0034332264","3.8154113916099","0.577872955092501","21.35396376",
"5/8/1981","-40","-6.08845996856689","587","31.56","20.409","0.0205993728","4.71431399102765","0.542646140488446","22.62374442",
"5/9/1981","-40","-6.08845996856689","587","27.587","18.701","0.0068664528","3.05147404487252","0.590295472558453","11.26563804",
"5/10/1981","-40","-6.08845996856689","587","31.246","19.934","0","3.1866948604116","0.571246270516145","14.58855126",
"5/11/1981","-40","-6.08845996856689","587","30.465","19.291","2.775765168","2.53830094370521","0.664956031304721","13.22993934",
"5/12/1981","-40","-6.08845996856689","587","31.744","19.815","0.0137329056","3.96733705407817","0.594833162585445","19.3715451",
"5/13/1981","-40","-6.08845996856689","587","32.891","18.133","0.0274658184","3.64104576971241","0.534852336145941","22.93390728",
"5/14/1981","-40","-6.08845996856689","587","31.968","18.777","0.0171661392","3.51693412166026","0.587920071434848","20.80793916",
"5/15/1981","-40","-6.08845996856689","587","31.393","19.564","0.532150344","2.98699562514753","0.659967170831648","18.92126376",
"5/16/1981","-40","-6.08845996856689","587","28.034","19.724","1.9432071144","3.2173410985494","0.743350632726301","12.24303804",
"5/17/1981","-40","-6.08845996856689","587","30.692","20.289","0.5887988424","3.33816396770747","0.69913642775778","14.89865724",
"5/18/1981","-40","-6.08845996856689","587","31.841","20.275","0.504684792","4.55592815494337","0.608060556953787","23.0607585",
"5/19/1981","-40","-6.08845996856689","587","31.964","17.648","0.4240037664","4.29206396909246","0.570716423002554","20.40108948",
"5/20/1981","-40","-6.08845996856689","587","32.281","19.742","0.377654832","4.62633973740332","0.623853602422335","22.05197082",
"5/21/1981","-40","-6.08845996856689","587","31.971","19.261","0.0171661392","4.76315944680239","0.580042127351218","23.48437302",
"5/22/1981","-40","-6.08845996856689","587","31.625","18.633","0.0463485456","4.1833489983816","0.601937317571436","22.52272518",
"5/23/1981","-40","-6.08845996856689","587","32.562","20.516","0.0240326064","4.20301100233739","0.529302192688842","19.65488058",
"5/24/1981","-40","-6.08845996856689","587","32.257","20.987","0.1373291784","4.04062507131638","0.565729958285382","19.58782734",
"5/25/1981","-40","-6.08845996856689","587","32.772","19.641","0","3.43416427818238","0.551397544549508","19.90726758",
"5/26/1981","-40","-6.08845996856689","587","32.399","19.823","0","3.60870563189471","0.522661730517769","22.52188476",
"5/27/1981","-40","-6.08845996856689","587","32.538","18.552","0","3.82529123685772","0.501189030183336","20.37211524",
"5/28/1981","-40","-6.08845996856689","587","30.879","19.285","0","2.96324877850207","0.548005727405809","9.20401956",
"5/29/1981","-40","-6.08845996856689","587","32.104","19.334","0.034332264","3.38182912456106","0.589379107103904","18.78317046",
"5/30/1981","-40","-6.08845996856689","587","32.519","19.358","0.240326496","3.32750624069763","0.620059125224563","19.53326196",
"5/31/1981","-40","-6.08845996856689","587","31.416","20.008","1.68228216","3.8537361936522","0.614770614897998","18.0654165",
"6/1/1981","-40","-6.08845996856689","587","31.553","19.579","0.3089907576","4.54703661892879","0.604686095121137","22.6603107",
"6/2/1981","-40","-6.08845996856689","587","32.105","18.497","0.2403258768","4.57171592286815","0.580650281493774","22.83677262",
"6/3/1981","-40","-6.08845996856689","587","31.806","18.029","0","4.18329787895457","0.569892036695809","21.90549402",
"6/4/1981","-40","-6.08845996856689","587","33.052","18.838","0","4.07675202330887","0.603887816550128","20.35366524",
"6/5/1981","-40","-6.08845996856689","587","33.174","19.181","1.4350885056","4.06303005352481","0.618435624244219","22.4754759",
"6/6/1981","-40","-6.08845996856689","587","32.754","19.872","0.168228216","4.74796905698437","0.543207118311622","22.81489398",
"6/7/1981","-40","-6.08845996856689","587","32.26","17.588","0","4.41451669533285","0.538588422567971","21.2729598",
"6/8/1981","-40","-6.08845996856689","587","33.146","18.486","0","4.0930357485135","0.58958283342867","18.37456578",
"6/9/1981","-40","-6.08845996856689","587","32.452","21.345","0.3364561584","4.41356650294897","0.562914877508579","20.1447036",
"6/10/1981","-40","-6.08845996856689","587","32.231","18.376","0.63858042","4.55926756597952","0.532514502496977","20.92359582",
"6/11/1981","-40","-6.08845996856689","587","31.953","17.338","0.037765512","4.04714374231164","0.542749890787971","22.52103012",
"6/12/1981","-40","-6.08845996856689","587","32.235","18.359","0","4.71502094026971","0.545064589029542","20.31429132",
"6/13/1981","-40","-6.08845996856689","587","26.473","18.341","0.178527924","4.1795445690793","0.664112818006818","6.63243624",
"6/14/1981","-40","-6.08845996856689","587","31.445","19.164","0.672912468","4.3401655111308","0.581465235931775","21.3386076",
"6/15/1981","-40","-6.08845996856689","587","31.242","18.592","0","4.93110149952591","0.512999954897985","22.78805904",
"6/16/1981","-40","-6.08845996856689","587","30.773","17.83","0","4.55223077461177","0.537808845938142","21.18048624",
"6/17/1981","-40","-6.08845996856689","587","31.353","16.898","0.037765512","3.37361772442843","0.520895701915334","23.0164236",
"6/18/1981","-40","-6.08845996856689","587","31.204","18.397","0.0137329056","3.23724715973763","0.497732493713968","22.80915108",
"6/19/1981","-40","-6.08845996856689","587","32.186","15.779","0","3.19801457539478","0.477812479719965","22.83102612",
"6/20/1981","-40","-6.08845996856689","587","32.88","16.698","0","3.2380422830352","0.425398319862526","22.98420072",
"6/21/1981","-40","-6.08845996856689","587","31.388","18.047","0","3.2490832785189","0.467105125248813","20.95897392",
"6/22/1981","-40","-6.08845996856689","587","31.1","19.7","0","4.21421644156788","0.48634796493131","21.78759726",
"6/23/1981","-40","-6.08845996856689","587","31.365","16.282","0","4.7555008646207","0.517277190444812","22.6856232",
"6/24/1981","-40","-6.08845996856689","587","31.602","15.828","0","4.54396427912728","0.540171202061675","22.7655576",
"6/25/1981","-40","-6.08845996856689","587","31.135","16.675","0","5.36550675413002","0.530844010860259","22.7634696",
"6/26/1981","-40","-6.08845996856689","587","28.924","16.135","0","5.30728883307377","0.587703664687423","18.71745948",
"6/27/1981","-40","-6.08845996856689","587","31.272","15.538","0","4.48785157192478","0.512903952946111","22.66852752",
"6/28/1981","-40","-6.08845996856689","587","30.852","16.8","0","4.45455092322543","0.558533808384101","22.367817",
"6/29/1981","-40","-6.08845996856689","587","32.04","16.025","0","4.16562241377311","0.508585038998379","22.27601268",
"6/30/1981","-40","-6.08845996856689","587","32.123","16.686","0","3.817629209976","0.519276269425653","22.2427116",
"7/1/1981","-40","-6.08845996856689","587","31.882","19.403","2.420422524","4.55738886384858","0.615837162048745","20.21371164",
"7/2/1981","-40","-6.08845996856689","587","33.122","17.924","1.2256623864","3.94565203961254","0.530955913144727","22.99854168",
"7/3/1981","-40","-6.08845996856689","587","33.014","18.931","0","3.88544226959409","0.434212041919597","22.7913732",
"7/4/1981","-40","-6.08845996856689","587","31.969","18.176","0","4.62192200612128","0.463271372653298","23.04983808",
"7/5/1981","-40","-6.08845996856689","587","30.394","15.89","0","5.81547546978707","0.501370943435843","23.1277482",
"7/6/1981","-40","-6.08845996856689","587","30.161","16.284","0","6.47476189218417","0.55736552082679","20.79331992",
"7/7/1981","-40","-6.08845996856689","587","27.375","17.44","0.1613617128","6.22648197360756","0.645242803154089","13.23708354",
"7/8/1981","-40","-6.08845996856689","587","29.279","16.32","0","6.05810704337677","0.627644251068786","18.6005844",
"7/9/1981","-40","-6.08845996856689","587","29.313","16.635","0","5.47370409515435","0.599346209964574","19.59710976",
"7/10/1981","-40","-6.08845996856689","587","30.403","15.238","0","4.99191611926517","0.600932618321396","22.3684956",
"7/11/1981","-40","-6.08845996856689","587","31.541","15.424","0.0034332264","4.17693227323274","0.570479202331691","23.25475872",
"7/12/1981","-40","-6.08845996856689","587","31.912","18.39","0.1785278016","4.73789425245821","0.492957902916458","23.25921192",
"7/13/1981","-40","-6.08845996856689","587","30.88","16.395","0.7415757","5.38889134393366","0.560023175383583","23.196654",
"7/14/1981","-40","-6.08845996856689","587","31.091","17.2","1.222228044","5.25287875561631","0.597890034405148","18.35696736",
"7/15/1981","-40","-6.08845996856689","587","30.788","17.461","0.037765512","5.46234089421694","0.533484710778666","23.22275508",
"7/16/1981","-40","-6.08845996856689","587","30.365","16.638","0","5.29753959588307","0.564258995391397","23.2950942",
"7/17/1981","-40","-6.08845996856689","587","32.745","15.917","0","4.0554432127216","0.508490270647007","23.7221424",
"7/18/1981","-40","-6.08845996856689","587","32.391","18.961","0","4.51537521657942","0.505020584356274","23.27366268",
"7/19/1981","-40","-6.08845996856689","587","32.374","18.874","0.0034332264","4.71209699047811","0.510324839119438","23.21038548",
"7/20/1981","-40","-6.08845996856689","587","32.311","17.614","0","4.85665381880144","0.45739334457628","23.78216376",
"7/21/1981","-40","-6.08845996856689","587","31.939","15.784","0","3.86085020316722","0.446822471113846","23.98752108",
"7/22/1981","-40","-6.08845996856689","587","31.332","15.791","0","3.65995892005526","0.418339004860271","19.91547972",
"7/23/1981","-40","-6.08845996856689","587","31.841","17.048","0","3.72801323458033","0.436319273724189","23.02723224",
"7/24/1981","-40","-6.08845996856689","587","31.804","16.957","0","3.99254881370721","0.457604083925618","21.94244856",
"7/25/1981","-40","-6.08845996856689","587","29.933","18.228","0","4.74333217706327","0.480782562033193","20.86054002",
"7/26/1981","-40","-6.08845996856689","587","32.172","15.635","0","3.90289797277566","0.461219191026577","20.19380436",
"7/27/1981","-40","-6.08845996856689","587","32.24","16.772","0","5.09413360289647","0.427986085992361","24.33881484",
"7/28/1981","-40","-6.08845996856689","587","33.051","16.431","0","4.20647958602073","0.418708491180409","21.6448884",
"7/29/1981","-40","-6.08845996856689","587","30.955","18.668","0","4.78718840759382","0.486482081929897","23.47571844",
"7/30/1981","-40","-6.08845996856689","587","32.068","17.367","0.02746584","6.01776115519755","0.469065747292426","24.2007138",
"7/31/1981","-40","-6.08845996856689","587","31.238","17.931","0","5.71640272981342","0.485026524936778","24.4641348",
"8/1/1981","-40","-6.08845996856689","587","32.734","15.256","0","3.90344808682285","0.420653208517886","24.75315072",
"8/2/1981","-40","-6.08845996856689","587","32.973","16.571","0","4.54237937906495","0.464103828683496","21.74326524",
"8/3/1981","-40","-6.08845996856689","587","31.804","17.727","0","5.00954224305306","0.439962753115475","24.67530936",
"8/4/1981","-40","-6.08845996856689","587","31.999","17.145","0","5.59840551150158","0.467609224900625","21.77673408",
"8/5/1981","-40","-6.08845996856689","587","31.951","17.105","0.3776549184","5.45780519737538","0.502572095919292","24.76586412",
"8/6/1981","-40","-6.08845996856689","587","30.083","17.35","0.0411987312","5.2587422712956","0.569819923850828","16.58744964",
"8/7/1981","-40","-6.08845996856689","587","32.696","16.695","0.34503912","4.92949123921261","0.451809996630465","25.22885292",
"8/8/1981","-40","-6.08845996856689","587","32.388","18.091","0","5.65859407838875","0.464942050725328","25.01966628",
"8/9/1981","-40","-6.08845996856689","587","32.083","17.789","0","5.08463564994411","0.52268547820775","24.85226088",
"8/10/1981","-40","-6.08845996856689","587","32.316","18.323","0.034332264","5.15164539534801","0.472958252039431","24.86896812",
"8/11/1981","-40","-6.08845996856689","587","33.793","19.21","0.102996828","4.95560522509471","0.431387660750481","25.21996524",
"8/12/1981","-40","-6.08845996856689","587","33.746","17.648","0","5.16546851307665","0.421614042893172","25.517979",
"8/13/1981","-40","-6.08845996856689","587","33.74","16.882","0","3.88820207896664","0.36718605776772","25.78376088",
"8/14/1981","-40","-6.08845996856689","587","33.999","16.717","0","2.60834816164487","0.45399020367685","25.48411308",
"8/15/1981","-40","-6.08845996856689","587","34.152","19.191","0.0480652128","2.4518706289543","0.486605402801214","20.00311596",
"8/16/1981","-40","-6.08845996856689","587","35.808","19.334","0.175094316","4.8598676264764","0.441279991484645","22.25682936",
"8/17/1981","-40","-6.08845996856689","587","32.254","19.853","0","5.31856833009185","0.460133290811963","22.63297356",
"8/18/1981","-40","-6.08845996856689","587","32.926","19.555","0","3.7115825972451","0.469949306470546","25.30349874",
"8/19/1981","-40","-6.08845996856689","587","35.655","20.035","0","2.27931466128083","0.507927528926419","19.5653844",
"8/20/1981","-40","-6.08845996856689","587","33.432","19.88","2.197264824","2.6638516825729","0.532989156954651","19.63743966",
"8/21/1981","-40","-6.08845996856689","587","31.609","19.824","0.38795508","5.43921057717794","0.501751897042526","24.51982536",
"8/22/1981","-40","-6.08845996856689","587","30.362","17.816","0","6.24195145527517","0.509655826778494","25.40441178",
"8/23/1981","-40","-6.08845996856689","587","32.819","17.593","0","5.62912415769756","0.467884699491036","25.74590472",
"8/24/1981","-40","-6.08845996856689","587","33.929","19.645","0","5.3308477225925","0.408599673406558","25.5338397",
"8/25/1981","-40","-6.08845996856689","587","33.977","19.552","0","4.27978642351087","0.481879399137658","21.52411632",
"8/26/1981","-40","-6.08845996856689","587","22.827","19.856","12.009424068","2.34885857312075","0.834793644910222","1.488262158",
"8/27/1981","-40","-6.08845996856689","587","32.795","18.51","0","3.54936005470617","0.526401207558374","20.61540072",
"8/28/1981","-40","-6.08845996856689","587","32.823","18.768","0","4.4553537703531","0.413905447145683","22.1402826",
"8/29/1981","-40","-6.08845996856689","587","32.444","18.845","0","4.83536333369299","0.417716388256482","26.51861232",
"8/30/1981","-40","-6.08845996856689","587","31.501","21.153","1.005936372","5.47083444829705","0.547349581736909","24.11605566",
"8/31/1981","-40","-6.08845996856689","587","32.677","18.027","1.68571188","4.60722645596257","0.484483900325937","26.57884914",
"9/1/1981","-40","-6.08845996856689","587","32.795","18.474","0","4.76572693333239","0.391576515706703","26.7465879",
"9/2/1981","-40","-6.08845996856689","587","32.437","18.564","0.044631972","5.11020100056572","0.428489402468557","25.56793458",
"9/3/1981","-40","-6.08845996856689","587","33.326","20.651","0.00686646","4.98168171397391","0.369648722657673","26.6396094",
"9/4/1981","-40","-6.08845996856689","587","33.819","19.533","0","3.54613392733098","0.3916788960908","26.8178058",
"9/5/1981","-40","-6.08845996856689","587","34.216","19.258","0","3.20623407861245","0.434124569555424","26.94004092",
"9/6/1981","-40","-6.08845996856689","587","34.311","19.368","0.18539406","3.33349022267525","0.501695787523424","21.60117972",
"9/7/1981","-40","-6.08845996856689","587","34.824","19.629","0.23689296","5.25460269053812","0.373857474621749","27.81804582",
"9/8/1981","-40","-6.08845996856689","587","33.72","18.442","0","5.70777753561279","0.368281106302309","27.45608382",
"9/9/1981","-40","-6.08845996856689","587","32.952","18.581","0","6.07883968531759","0.417850306265842","27.32736906",
"9/10/1981","-40","-6.08845996856689","587","32.93","18.913","0","6.17906801037634","0.356961427975777","27.54630198",
"9/11/1981","-40","-6.08845996856689","587","32.005","18.684","0","5.80873341466448","0.417074794307192","25.34293494",
"9/12/1981","-40","-6.08845996856689","587","32.179","20.113","0.3501894024","4.79596259351544","0.443354703775067","21.69596574",
"9/13/1981","-40","-6.08845996856689","587","34.393","19.932","0","4.05540965537108","0.361410783646643","27.56615634",
"9/14/1981","-40","-6.08845996856689","587","33.965","18.709","0","4.17608805187465","0.354869734971614","27.7783884",
"9/15/1981","-40","-6.08845996856689","587","33.483","19.987","0","5.20311758139291","0.455834175408036","27.1973853",
"9/16/1981","-40","-6.08845996856689","587","34.892","19.931","0","5.72921223580468","0.474227254764938","23.143950072",
"9/17/1981","-40","-6.08845996856689","587","34.372","20.539","0","6.13853665849018","0.346517448979318","27.49972554",
"9/18/1981","-40","-6.08845996856689","587","34.762","20.296","0","5.23489617484496","0.370521895564172","27.775633608",
"9/19/1981","-40","-6.08845996856689","587","34.345","20.51","0.08239752","5.43025334936498","0.392552395106371","23.33941488",
"9/20/1981","-40","-6.08845996856689","587","34.574","20.822","0.36392184","4.89741575939003","0.374481564534374","27.985049208",
"9/21/1981","-40","-6.08845996856689","587","34.764","19.756","0","4.62173373503915","0.334054889448729","28.15391034",
"9/22/1981","-40","-6.08845996856689","587","35.24","21.168","0","5.2304543213478","0.433419745083442","26.263291392",
"9/23/1981","-40","-6.08845996856689","587","34.675","22.413","0","5.60753841601141","0.3838700729377","25.7071509",
"9/24/1981","-40","-6.08845996856689","587","35.665","23.363","0","5.61772693592798","0.330117850623899","26.90448606",
"9/25/1981","-40","-6.08845996856689","587","35.541","23.186","0","5.06654767218107","0.362584556556522","27.22910607",
"9/26/1981","-40","-6.08845996856689","587","35.28","21.11","0","5.44662921643506","0.345589029147215","27.98178102",
"9/27/1981","-40","-6.08845996856689","587","34.699","21.119","0","5.56444120922828","0.416029859055992","27.75634128",
"9/28/1981","-40","-6.08845996856689","587","34.69","21.035","0","6.04225147766142","0.426861909657906","28.04072742",
"9/29/1981","-40","-6.08845996856689","587","35.756","20.507","0","5.2709554863765","0.448053610414781","27.86534352",
"9/30/1981","-40","-6.08845996856689","587","35.316","21.133","0","5.0370402362824","0.475931707563715","22.86972972",
"10/1/1981","-40","-6.08845996856689","587","35.075","21.182","0","4.66723498358435","0.449592948794741","22.167227232",
"10/2/1981","-40","-6.08845996856689","587","33.951","21.343","0","5.61435631702319","0.485398663833453","27.02064636",
"10/3/1981","-40","-6.08845996856689","587","33.237","21.807","0","5.48154756963931","0.444856229295816","28.137467592",
"10/4/1981","-40","-6.08845996856689","587","34.659","20.699","0","5.70969090274323","0.435036742500909","28.17175446",
"10/5/1981","-40","-6.08845996856689","587","34.85","22.552","0","5.92848855267472","0.431975986841139","27.96615072",
"10/6/1981","-40","-6.08845996856689","587","34.91","22.151","0","5.89321832914071","0.465288704511328","27.795076992",
"10/7/1981","-40","-6.08845996856689","587","33.557","21.914","0","5.42586872334589","0.422504497861814","28.30322358",
"10/8/1981","-40","-6.08845996856689","587","36.591","21.707","0","5.30730489419628","0.414268536777759","28.229562648",
"10/9/1981","-40","-6.08845996856689","587","36.118","21.577","0.01373292","4.01878029146641","0.414696197068054","23.88954528",
"10/10/1981","-40","-6.08845996856689","587","35.938","22.732","1.6788483","3.83023215827135","0.443126679377638","24.79849047",
"10/11/1981","-40","-6.08845996856689","587","34.427","21.883","0.57678228","4.78248381890828","0.440975541497107","23.683219128",
"10/12/1981","-40","-6.08845996856689","587","34.975","22.154","0.133895952","5.90542779447389","0.452923918536844","27.441727488",
"10/13/1981","-40","-6.08845996856689","587","34.065","21.175","0","6.01752523519214","0.435026086356793","28.33885422",
"10/14/1981","-40","-6.08845996856689","587","35.063","19.608","0","5.38057518819662","0.4045932905364","28.8794349",
"10/15/1981","-40","-6.08845996856689","587","35.949","20.066","0","5.79430104076974","0.440633543245903","28.07550414",
"10/16/1981","-40","-6.08845996856689","587","34.929","21.886","0.030899052","5.47826389569575","0.436699095164642","23.678660088",
"10/17/1981","-40","-6.08845996856689","587","36.031","21.028","0.0205993728","5.16439716489439","0.394852943079454","28.42671438",
"10/18/1981","-40","-6.08845996856689","587","35.621","20.231","0","5.02322441559036","0.428817774428353","28.51409754",
"10/19/1981","-40","-6.08845996856689","587","35.259","20.836","0","5.08052200781575","0.42552755333742","28.141958088",
"10/20/1981","-40","-6.08845996856689","587","35.156","21.194","0","5.12573056581123","0.368903500228124","28.70333838",
"10/21/1981","-40","-6.08845996856689","587","36.355","20.792","0","5.06388224416851","0.425120356511627","28.40680422",
"10/22/1981","-40","-6.08845996856689","587","36.322","20.77","0","4.43468938865796","0.435373305274091","27.08342496",
"10/23/1981","-40","-6.08845996856689","587","35.126","20.105","0","5.36843744629678","0.446723717886252","28.37883492",
"10/24/1981","-40","-6.08845996856689","587","35.131","20.759","0","5.91384388437949","0.38922077823826","28.44185598",
"10/25/1981","-40","-6.08845996856689","587","34.899","21.814","0","5.57822640227299","0.340916616469993","28.5385968",
"10/26/1981","-40","-6.08845996856689","587","36.6","22.201","0","5.17068330532917","0.358945528237538","28.54878732",
"10/27/1981","-40","-6.08845996856689","587","36.38","21.345","0","5.12826984384582","0.362348098890951","28.5878997",
"10/28/1981","-40","-6.08845996856689","587","35.928","21.944","0","4.53777626741855","0.427035988056467","28.28676042",
"10/29/1981","-40","-6.08845996856689","587","35.527","21.331","0","5.67109025217794","0.475509230838301","26.76167658",
"10/30/1981","-40","-6.08845996856689","587","35.824","21.498","0.0789642","5.62419901322329","0.458702669258829","27.20753028",
"10/31/1981","-40","-6.08845996856689","587","35.783","22.987","0.82054152","4.98738085599513","0.442435685202996","27.9583803",
"11/1/1981","-40","-6.08845996856689","587","35.997","21.375","0","5.18409810679804","0.407289838402833","28.46548548",
"11/2/1981","-40","-6.08845996856689","587","35.26","21.664","0","5.96255596366297","0.399911199881762","28.3109814",
"11/3/1981","-40","-6.08845996856689","587","35.756","20.867","0","4.84970441162217","0.376898819282013","28.2784203",
"11/4/1981","-40","-6.08845996856689","587","35.465","23.178","0","6.10070658944657","0.39002971834274","28.1338362",
"11/5/1981","-40","-6.08845996856689","587","36.758","23.085","0","5.0237479036881","0.346704012868853","26.64292374",
"11/6/1981","-40","-6.08845996856689","587","33.925","21.33","0","3.42388989668525","0.393122616417161","21.32707644",
"11/7/1981","-40","-6.08845996856689","587","32.005","22.351","1.105499304","3.75485703237177","0.509199301796154","18.1780317",
"11/8/1981","-40","-6.08845996856689","587","33.895","21.676","1.160430804","3.85843177724291","0.511671506111892","19.88780454",
"11/9/1981","-40","-6.08845996856689","587","34.248","22.639","0.569916","5.33252013476974","0.504420900031312","24.52476798",
"11/10/1981","-40","-6.08845996856689","587","34.159","21.298","1.6410825","5.78812330863403","0.555858481610088","22.20401736",
"11/11/1981","-40","-6.08845996856689","587","35.038","20.823","1.69601292","4.84484136982113","0.473979952813731","27.57313062",
"11/12/1981","-40","-6.08845996856689","587","36.53","21.723","0","5.89047895994046","0.433830325894007","27.6967305",
"11/13/1981","-40","-6.08845996856689","587","36.128","22.317","0","5.47292921270156","0.427293770403498","28.2354669",
"11/14/1981","-40","-6.08845996856689","587","35.116","22.58","0","6.55032219572083","0.472484443581652","24.64649928",
"11/15/1981","-40","-6.08845996856689","587","34.167","21.863","0","5.05733755361076","0.449177954789736","21.89688552",
"11/16/1981","-40","-6.08845996856689","587","35.523","21.948","0","5.582137146592","0.427757407022847","27.9939402",
"11/17/1981","-40","-6.08845996856689","587","35.224","21.494","0","5.30996217506652","0.400943379039733","27.54764982",
"11/18/1981","-40","-6.08845996856689","587","35.221","23.248","0","5.38052590477956","0.41490062578259","28.0495809",
"11/19/1981","-40","-6.08845996856689","587","36.019","21.887","0","4.85899000351824","0.428611628324197","27.85406652",
"11/20/1981","-40","-6.08845996856689","587","35.947","22.024","0","5.01697224421949","0.454269678508416","24.95643858",
"11/21/1981","-40","-6.08845996856689","587","35.965","21.697","0","5.08126773391547","0.424711164182667","28.23851592",
"11/22/1981","-40","-6.08845996856689","587","35.533","22.327","0","5.6682827215988","0.431985872352706","25.21918044",
"11/23/1981","-40","-6.08845996856689","587","35.733","21.702","0","5.6768296211984","0.420469010588583","28.2651084",
"11/24/1981","-40","-6.08845996856689","587","35.961","22.081","0","6.01020365496881","0.42955300230566","28.0738737",
"11/25/1981","-40","-6.08845996856689","587","35.543","21.784","0","5.40389494430396","0.440070459468759","28.36282482",
"11/26/1981","-40","-6.08845996856689","587","35.527","21.149","0","5.45966422383868","0.414375360784217","28.24306758",
"11/27/1981","-40","-6.08845996856689","587","35.287","21.427","0","5.40983098251369","0.446792029522961","27.9977634",
"11/28/1981","-40","-6.08845996856689","587","35.683","21.45","0","5.70370024460432","0.382557625608053","28.54545372",
"11/29/1981","-40","-6.08845996856689","587","33.819","21.407","0","5.80525971209721","0.446458517980084","27.98915328",
"11/30/1981","-40","-6.08845996856689","587","33.672","21.058","0","5.43531077536727","0.466988937647602","27.62937648",
"12/1/1981","-40","-6.08845996856689","587","35.754","21.653","0","5.58133877522276","0.445632333198141","28.0854576",
"12/2/1981","-40","-6.08845996856689","587","36.118","21.926","0","5.22228482927308","0.418715867214928","25.11382032",
"12/3/1981","-40","-6.08845996856689","587","34.907","21.443","0","4.97250891230962","0.452915679486203","23.01407046",
"12/4/1981","-40","-6.08845996856689","587","34.034","22.368","0.02746584","6.2180950923985","0.505607733882503","25.87252842",
"12/5/1981","-40","-6.08845996856689","587","30.659","21.636","0.8617398264","5.13763047973478","0.556648451941588","11.91166614",
"12/6/1981","-40","-6.08845996856689","587","31.114","22.229","0.59051484","5.2317578345054","0.525738243581303","20.73156012",
"12/7/1981","-40","-6.08845996856689","587","34.6","22.252","0","5.21687577430424","0.426149419757675","26.03289132",
"12/8/1981","-40","-6.08845996856689","587","32.96","22.708","0.0137329056","5.66704381849828","0.508909084331993","20.2649049",
"12/9/1981","-40","-6.08845996856689","587","34.829","21.767","0.02059938","5.75643546381206","0.479863226846418","24.27040602",
"12/10/1981","-40","-6.08845996856689","587","34.008","21.847","0.1132965864","6.38480121363835","0.484831355417123","25.43641596",
"12/11/1981","-40","-6.08845996856689","587","32.954","21.784","0.151062084","5.93188546914192","0.480119801294512","23.1217308",
"12/12/1981","-40","-6.08845996856689","587","34.901","22.233","0","5.42123673874841","0.427724171025121","27.0334197",
"12/13/1981","-40","-6.08845996856689","587","35.983","23.007","0","6.12512747746156","0.388141082751477","28.0752768",
"12/14/1981","-40","-6.08845996856689","587","35.467","22.655","0.363921984","6.62656931032087","0.477312972627428","22.24456686",
"12/15/1981","-40","-6.08845996856689","587","34.579","21.573","0.32958972","6.01897362008971","0.496557025750989","23.88830616",
"12/16/1981","-40","-6.08845996856689","587","35.606","21.736","0","4.81834318411312","0.460839307142662","25.8994719",
"12/17/1981","-40","-6.08845996856689","587","35.149","22.565","0.168228","5.89713313610163","0.43371642934243","27.1929393",
"12/18/1981","-40","-6.08845996856689","587","34.753","21.78","0.315856944","5.79681984995433","0.490352368853056","23.43521466",
"12/19/1981","-40","-6.08845996856689","587","34.3","21.622","1.160430624","5.12242571844655","0.511394192916082","22.93728732",
"12/20/1981","-40","-6.08845996856689","587","32.802","21.06","0.817108524","4.80780145557186","0.556183591583126","18.97751232",
"12/21/1981","-40","-6.08845996856689","587","31.66","21.025","1.1157996312","4.31480633687524","0.601794439053466","20.27981232",
"12/22/1981","-40","-6.08845996856689","587","30.655","20.588","2.080537452","4.29677970297806","0.639521231536447","20.91999096",
"12/23/1981","-40","-6.08845996856689","587","29.791","20.65","2.49595614","4.00362705820673","0.65955811605857","17.14859766",
"12/24/1981","-40","-6.08845996856689","587","32.376","20.05","1.771547184","4.80816150104986","0.660242577735678","23.34060558",
"12/25/1981","-40","-6.08845996856689","587","32.391","20.781","0.40168728","4.95569551278396","0.605795704442282","27.04309092",
"12/26/1981","-40","-6.08845996856689","587","32.722","21.45","0","4.66638353695221","0.552872606830105","21.90780162",
"12/27/1981","-40","-6.08845996856689","587","34.529","21.175","0.0102996864","4.94278925948352","0.544155810094941","28.03555872",
"12/28/1981","-40","-6.08845996856689","587","35.545","22.167","0","5.72835010315795","0.520903398247686","24.99165846",
"12/29/1981","-40","-6.08845996856689","587","35.532","21.351","0","4.52224018183943","0.491004768293301","27.57999672",
"12/30/1981","-40","-6.08845996856689","587","33.614","22.252","0.02059938","4.83829057172015","0.504039496964058","21.128680512",
"12/31/1981","-40","-6.08845996856689","587","34.545","21.811","0.037765476","5.75703054618276","0.46473721854362","26.92569582",
"1/1/1982","-40","-6.08845996856689","587","34.59","21.034","0","4.80834042769437","0.433968633382286","26.87197482",
"1/2/1982","-40","-6.08845996856689","587","35.05","21.993","0.56648448","5.33445622015297","0.474140916750872","25.33528458",
"1/3/1982","-40","-6.08845996856689","587","34.239","22.095","1.6513872264","4.83737313561111","0.533464946731214","22.5521442",
"1/4/1982","-40","-6.08845996856689","587","35.262","22.483","0.54245016","4.48902618015264","0.476670641725978","17.91028404",
"1/5/1982","-40","-6.08845996856689","587","35.258","21.628","0.030899052","4.23933291178989","0.448577618547567","24.63063822",
"1/6/1982","-40","-6.08845996856689","587","33.726","22.798","0.284957712","4.29309864445435","0.512694564120035","17.90127936",
"1/7/1982","-40","-6.08845996856689","587","30.066","22.578","0.151062048","4.0428472398027","0.546672806584012","14.93611911",
"1/8/1982","-40","-6.08845996856689","587","33.773","20.934","0.0308990664","5.25488860028775","0.566802814740198","18.58134402",
"1/9/1982","-40","-6.08845996856689","587","31.744","20.983","0","4.95631992386751","0.552011817424268","16.6302576",
"1/10/1982","-40","-6.08845996856689","587","31.439","21.167","0","4.19703490000105","0.531665901232933","19.264168152",
"1/11/1982","-40","-6.08845996856689","587","32.13","21.501","0.909806076","3.79981231390964","0.597376055390256","15.97134474",
"1/12/1982","-40","-6.08845996856689","587","34.766","20.951","0.50125104","3.74261751404955","0.554151297012629","21.82387833",
"1/13/1982","-40","-6.08845996856689","587","34.615","20.516","0.739860624","3.39581488645128","0.549425270626181","21.24691974",
"1/14/1982","-40","-6.08845996856689","587","31.727","21.696","1.9603745568","2.85929639932304","0.657396361028492","10.648682208",
"1/15/1982","-40","-6.08845996856689","587","34.491","20.298","0.43945308","4.35069172736108","0.566347797811332","22.12441956",
"1/16/1982","-40","-6.08845996856689","587","35.318","19.367","0","4.20443084976336","0.478584038734525","28.72699038",
"1/17/1982","-40","-6.08845996856689","587","35.145","18.916","0","4.23800926337471","0.498014841360615","27.57481578",
"1/18/1982","-40","-6.08845996856689","587","34.344","20.475","0","3.87230346893251","0.459978573495582","28.59569478",
"1/19/1982","-40","-6.08845996856689","587","34.39","20.271","0.16136172","4.29191493930983","0.484609249466465","23.52987576",
"1/20/1982","-40","-6.08845996856689","587","35.049","21.353","0.2471924664","3.89224416517802","0.482349808169318","24.12264582",
"1/21/1982","-40","-6.08845996856689","587","31.414","19.822","0.15449508","3.61291786158438","0.553395736733061","19.36608318",
"1/22/1982","-40","-6.08845996856689","587","31.991","20.353","1.761247332","4.29296446745454","0.607612416444666","19.14429213",
"1/23/1982","-40","-6.08845996856689","587","33.507","19.616","0.78964236","4.61257307371573","0.622021771044958","27.62713287",
"1/24/1982","-40","-6.08845996856689","587","33.524","21.027","2.190400812","4.83913762038883","0.634299074352609","27.8831844",
"1/25/1982","-40","-6.08845996856689","587","34.439","20.457","0.08239752","4.28163772775555","0.528721552607363","28.83931443",
"1/26/1982","-40","-6.08845996856689","587","30.836","20.855","5.438231892","3.26596269314383","0.713266174532214","13.245075",
"1/27/1982","-40","-6.08845996856689","587","32.287","20.322","1.47285432","4.22567633034741","0.622830842104465","27.646707528",
"1/28/1982","-40","-6.08845996856689","587","33.569","20.258","0.549316152","4.59249782959675","0.572328353670559","28.36710594",
"1/29/1982","-40","-6.08845996856689","587","32.853","20.918","0","4.85673208668494","0.515218355406715","28.4753232",
"1/30/1982","-40","-6.08845996856689","587","33.122","20.117","1.35612378","4.09913842703547","0.599370588102821","19.36339146",
"1/31/1982","-40","-6.08845996856689","587","33.48","20.473","0.35705592","4.77461525953491","0.60311147328847","27.53353215",
"2/1/1982","-40","-6.08845996856689","587","34.098","20.069","0","4.46409832074251","0.54112449046477","25.70270796",
"2/2/1982","-40","-6.08845996856689","587","33.477","20.587","0","4.70401137046792","0.511770378387175","26.39695068",
"2/3/1982","-40","-6.08845996856689","587","32.861","20.168","2.200698828","4.76576212764685","0.579081737055763","23.87722329",
"2/4/1982","-40","-6.08845996856689","587","34.098","19.239","3.5602568424","4.15076642522199","0.580612616423906","28.32333498",
"2/5/1982","-40","-6.08845996856689","587","34.834","20.374","0.35018928","4.73107856768559","0.48819666361319","29.0649978",
"2/6/1982","-40","-6.08845996856689","587","35.545","20.241","0","4.71025557799077","0.44343060963473","29.3474187",
"2/7/1982","-40","-6.08845996856689","587","34.825","19.597","0","4.6686939356889","0.413476187248636","29.50357869",
"2/8/1982","-40","-6.08845996856689","587","35.482","20.516","0.29182428","4.52263623338723","0.47661053688509","26.77359096",
"2/9/1982","-40","-6.08845996856689","587","35.259","19.468","1.40419368","4.08014743743949","0.522372238813741","22.57621326",
"2/10/1982","-40","-6.08845996856689","587","35.909","21.876","0.1785279456","3.34005424544583","0.416043925903412","24.16696443",
"2/11/1982","-40","-6.08845996856689","587","34.938","20.891","4.90264344","2.83418874948842","0.578514290083658","20.420219052",
"2/12/1982","-40","-6.08845996856689","587","32.602","20.813","1.896858072","3.01183440175325","0.674198456394648","10.964080998",
"2/13/1982","-40","-6.08845996856689","587","32.871","21.599","0.1956940128","4.11783730936404","0.581954293313907","16.71654384",
"2/14/1982","-40","-6.08845996856689","587","34.511","21.263","1.1518478712","4.68268597079812","0.640447334799196","17.02844937",
"2/15/1982","-40","-6.08845996856689","587","33.806","20.923","4.6108230264","3.78924576621582","0.655868702078899","17.494595928",
"2/16/1982","-40","-6.08845996856689","587","33.071","20.95","5.23051884","4.49941596697843","0.624842460981181","20.583058392",
"2/17/1982","-40","-6.08845996856689","587","32.83","20.793","0.0978470496","4.12441464402917","0.576037959100742","19.97487576",
"2/18/1982","-40","-6.08845996856689","587","34.968","20.754","0.1527786","4.63260202122927","0.557101408705647","22.62009816",
"2/19/1982","-40","-6.08845996856689","587","33.338","21.131","0","4.09795891134223","0.503515922539955","19.92700872",
"2/20/1982","-40","-6.08845996856689","587","31.524","20.592","2.192114988","2.55775028578757","0.649403615830151","13.141687968",
"2/21/1982","-40","-6.08845996856689","587","31.654","20.046","2.665901088","3.06283025885246","0.698883866297801","17.19652419",
"2/22/1982","-40","-6.08845996856689","587","33.354","19.349","0.38280492","3.63027453457609","0.566588007371991","22.5192969",
"2/23/1982","-40","-6.08845996856689","587","34.936","20.883","1.05400116","4.19400182940869","0.548409461822444","26.73764802",
"2/24/1982","-40","-6.08845996856689","587","34.766","20.81","0.4154202504","3.35241084153168","0.56603488876056","21.36143682",
"2/25/1982","-40","-6.08845996856689","587","36.091","21.357","0.932121252","3.82713341270208","0.572595835604164","21.00813822",
"2/26/1982","-40","-6.08845996856689","587","32.483","21.1","2.763748908","4.00171373104518","0.69788669772756","23.7004308",
"2/27/1982","-40","-6.08845996856689","587","33.037","20.735","4.928399568","3.4111048241787","0.695518517136314","17.02951794",
"2/28/1982","-40","-6.08845996856689","587","31.823","20.813","13.1715806184","2.33119019655596","0.774517171442589","19.162853712",
"3/1/1982","-40","-6.08845996856689","587","32.011","20.784","7.1256618","3.4949468648111","0.655489181405859","26.10658656",
"3/2/1982","-40","-6.08845996856689","587","33.368","19.86","0.436020228","3.9728510837536","0.67089417076435","20.12681232",
"3/3/1982","-40","-6.08845996856689","587","33.971","20.898","0.4969600848","4.02973981557117","0.721284192225642","16.38635247",
"3/4/1982","-40","-6.08845996856689","587","34.536","20.374","0.755310456","4.24308000660546","0.641123769688999","21.52231884",
"3/5/1982","-40","-6.08845996856689","587","34.886","20.079","0","4.20619452366054","0.563021228535363","28.32553026",
"3/6/1982","-40","-6.08845996856689","587","35.241","21.002","0.0068664528","4.33073343465879","0.531630268997379","28.35422046",
"3/7/1982","-40","-6.08845996856689","587","34.058","19.89","3.4074782856","3.02509527990429","0.638635232624109","21.07687941",
"3/8/1982","-40","-6.08845996856689","587","34.507","20.735","7.1273774664","3.47109473957858","0.688742227195882","21.26053422",
"3/9/1982","-40","-6.08845996856689","587","31.152","20.688","2.705383656","2.93322161803326","0.761281919820164","15.01419762",
"3/10/1982","-40","-6.08845996856689","587","32.048","20.849","18.2870946","3.81978293459854","0.778501325384766","20.538555192",
"3/11/1982","-40","-6.08845996856689","587","32.886","20.469","0.49095126","3.95837331480414","0.685473384518265","26.677236852",
"3/12/1982","-40","-6.08845996856689","587","25.201","20.342","10.8223900128","1.72169954736838","0.920285778860022","3.7638567",
"3/13/1982","-40","-6.08845996856689","587","28.54","20.25","9.6147565128","2.97049935461728","0.738345283166237","11.71980306",
"3/14/1982","-40","-6.08845996856689","587","33.788","19.427","0.9132396264","3.64892780731805","0.659716526837233","22.3534719",
"3/15/1982","-40","-6.08845996856689","587","27.825","20.702","8.04405384","3.53256260556446","0.873245979469187","20.3657013",
"3/16/1982","-40","-6.08845996856689","587","32.248","19.956","0.3038408568","3.93121825326997","0.751371150136228","18.27534402",
"3/17/1982","-40","-6.08845996856689","587","32.894","20.195","2.276230788","3.52600175487391","0.700885249157922","20.31935238",
"3/18/1982","-40","-6.08845996856689","587","34.141","19.628","0.49095144","3.72800677077197","0.592386132809751","28.153071",
"3/19/1982","-40","-6.08845996856689","587","34.643","20.281","0","4.46170378087037","0.567595264517894","27.82288008",
"3/20/1982","-40","-6.08845996856689","587","34.43","21.158","1.443671316","4.68466105962022","0.664289400870585","20.58507828",
"3/21/1982","-40","-6.08845996856689","587","34.086","20.178","1.0746","4.12691921685196","0.638014441978758","24.51819258",
"3/22/1982","-40","-6.08845996856689","587","35.276","19.866","0.87890616","4.4904525867956","0.614081608125524","27.72916938",
"3/23/1982","-40","-6.08845996856689","587","35.224","19.826","0","3.81387185882041","0.612937944376194","25.78269078",
"3/24/1982","-40","-6.08845996856689","587","33.037","20.079","0.665188344","3.17339726104013","0.644431369131213","20.59273116",
"3/25/1982","-40","-6.08845996856689","587","33.93","20.622","0.655748208","3.94578830944327","0.660335588257776","21.26412936",
"3/26/1982","-40","-6.08845996856689","587","34.795","20.511","1.1466981864","4.54415704309844","0.642478611484966","25.63160796",
"3/27/1982","-40","-6.08845996856689","587","35.188","21.088","1.96552188","4.53468603655009","0.608145737529375","25.09110018",
"3/28/1982","-40","-6.08845996856689","587","33.695","20.519","2.54058948","3.65595661961856","0.675521966782414","22.11609222",
"3/29/1982","-40","-6.08845996856689","587","35.093","21.037","2.947423392","4.22373710292874","0.622172037802601","26.09775198",
"3/30/1982","-40","-6.08845996856689","587","34.602","20.424","1.63078164","4.45547479526064","0.563103857706941","27.06024096",
"3/31/1982","-40","-6.08845996856689","587","34.967","20.604","0.35533908","4.35424168309941","0.509488285733175","22.36550436",
"4/1/1982","-40","-6.08845996856689","587","34.165","19.334","1.6771325184","4.04643082804342","0.60775450654593","20.58474762",
"4/2/1982","-40","-6.08845996856689","587","34.351","19.586","1.32007608","3.50993241513501","0.595315194336232","21.3113853",
"4/3/1982","-40","-6.08845996856689","587","35.042","19.838","0.1029968784","4.14725245068488","0.565078938795667","25.03445454",
"4/4/1982","-40","-6.08845996856689","587","33.487","21.649","0.0480651624","3.74122320061369","0.565159727327654","19.3376799",
"4/5/1982","-40","-6.08845996856689","587","33.572","22.109","0.09269712","4.17704785687269","0.574052684882072","19.98089784",
"4/6/1982","-40","-6.08845996856689","587","33.369","21.452","0.3124236024","4.29245095665549","0.585657946583442","23.02993278",
"4/7/1982","-40","-6.08845996856689","587","35.379","20.419","0","4.49398520224065","0.493141282813493","26.9716473",
"4/8/1982","-40","-6.08845996856689","587","34.958","20.515","0.04291524","4.58860679998043","0.557039977388805","26.2202589",
"4/9/1982","-40","-6.08845996856689","587","34.373","20.526","1.86424128","4.08216416669793","0.596152573397264","26.52125994",
"4/10/1982","-40","-6.08845996856689","587","34.546","19.745","0.13389588","4.13759961650052","0.536011050939373","26.4638304",
"4/11/1982","-40","-6.08845996856689","587","33.418","19.903","1.80072612","2.8725594157041","0.587340524487164","23.12291358",
"4/12/1982","-40","-6.08845996856689","587","34.755","19.553","0.2866744728","3.5095623669371","0.581357994856455","25.11089694",
"4/13/1982","-40","-6.08845996856689","587","27.657","20.514","3.63578814","2.27650061308399","0.827898168524792","12.0782304",
"4/14/1982","-40","-6.08845996856689","587","28.192","19.388","5.2700082984","1.988325502547","0.834900301067728","19.71489546",
"4/15/1982","-40","-6.08845996856689","587","27.331","20.482","11.472129","2.67068937710667","0.882359094295899","23.8398669",
"4/16/1982","-40","-6.08845996856689","587","28.562","20.193","1.6857156528","2.40211891885525","0.858632928575213","14.96429676",
"4/17/1982","-40","-6.08845996856689","587","25.767","19.115","8.39252484","1.77734802163942","0.907196493706075","17.83068426",
"4/18/1982","-40","-6.08845996856689","587","31.445","19.942","3.2924652048","2.60267460650982","0.720005756835597","18.34059222",
"4/19/1982","-40","-6.08845996856689","587","32.235","20.349","4.53271968","2.03153880748323","0.740474883677225","8.53722954",
"4/20/1982","-40","-6.08845996856689","587","29.428","18.747","11.5004576664","1.4194028900783","0.845650464269947","6.69735072",
"4/21/1982","-40","-6.08845996856689","587","27.239","18.572","6.912805464","1.38321426886986","0.848064530333234","5.696718408",
"4/22/1982","-40","-6.08845996856689","587","26.308","19.024","5.005643796","2.38250308945014","0.864326035819446","12.19415526",
"4/23/1982","-40","-6.08845996856689","587","22.91","19.103","13.43593584","1.26545547779793","0.946715432099256","2.747307708",
"4/24/1982","-40","-6.08845996856689","587","29.318","18.98","1.6942985784","2.04193652025371","0.828937577363052","9.95793138",
"4/25/1982","-40","-6.08845996856689","587","29.359","19.759","1.2514111488","2.33413495604751","0.826843695364678","9.6014268",
"4/26/1982","-40","-6.08845996856689","587","32.03","19.893","0.7055288352","3.10967034833638","0.661173497414717","21.56900796",
"4/27/1982","-40","-6.08845996856689","587","27.383","20.818","16.49493756","2.53615481437631","0.818078395196202","9.4404348",
"4/28/1982","-40","-6.08845996856689","587","31.141","20.306","1.229095404","3.65849689535147","0.695993917978625","15.63800544",
"4/29/1982","-40","-6.08845996856689","587","27.558","19.535","0.338173236","4.54153036382537","0.70007041941676","8.78095656",
"4/30/1982","-40","-6.08845996856689","587","31.122","19.244","0.02059938","4.645605005513","0.619396312044407","19.78903656",
"5/1/1982","-40","-6.08845996856689","587","31.377","18.889","5.8227565464","3.96553257747835","0.677869325142454","19.62399024",
"5/2/1982","-40","-6.08845996856689","587","32.238","19.715","1.5346551528","3.5854335643789","0.641601065274146","23.54462262",
"5/3/1982","-40","-6.08845996856689","587","31.492","18.57","0","3.24218540389408","0.667615587651298","23.0186214",
"5/4/1982","-40","-6.08845996856689","587","32.754","18.019","0","2.83744963040372","0.614423297126513","18.83143494",
"5/5/1982","-40","-6.08845996856689","587","32.849","20.092","1.4625562176","3.97402521003681","0.590323314816964","19.30994622",
"5/6/1982","-40","-6.08845996856689","587","29.752","18.393","3.3336649728","4.10161169448827","0.732363278053926","14.67331974",
"5/7/1982","-40","-6.08845996856689","587","31.529","18.941","0.157928472","4.66492413046847","0.632484871502302","23.55204366",
"5/8/1982","-40","-6.08845996856689","587","29.731","18.675","1.040267952","3.67191216012487","0.684683807455832","16.2196902",
"5/9/1982","-40","-6.08845996856689","587","28.186","19.604","4.92325056","3.70880826689878","0.794616497464469","10.91699928",
"5/10/1982","-40","-6.08845996856689","587","30.919","17.809","0.161361648","4.21481481258493","0.680222249103332","17.87219982",
"5/11/1982","-40","-6.08845996856689","587","30.004","19.854","0.545883516","4.19002231226291","0.658782742636746","16.17952266",
"5/12/1982","-40","-6.08845996856689","587","29.889","20.114","6.2896774968","3.74087618086775","0.775755724957208","18.8770995",
"5/13/1982","-40","-6.08845996856689","587","30.527","18.976","3.5190600912","3.797143084824","0.713837070041548","15.20938296",
"5/14/1982","-40","-6.08845996856689","587","31.021","17.886","2.1697992","4.09721989262479","0.679878101264999","23.3569206",
"5/15/1982","-40","-6.08845996856689","587","31.712","18.575","0.030899052","3.95832834301672","0.578425869431145","23.01125454",
"5/16/1982","-40","-6.08845996856689","587","31.873","18.947","0.1750947048","3.60569876940769","0.63065387521913","18.57903714",
"5/17/1982","-40","-6.08845996856689","587","31.937","18.077","1.0677339","4.38158290013379","0.64010368821929","19.31698206",
"5/18/1982","-40","-6.08845996856689","587","30.221","17.439","0.77590926","4.77068658563003","0.676087512769356","19.85034564",
"5/19/1982","-40","-6.08845996856689","587","32.095","18.313","0.49438476","4.2089057306606","0.648947206378209","23.47779564",
"5/20/1982","-40","-6.08845996856689","587","33.377","18.268","0","3.74038720528413","0.61823891072354","23.22651924",
"5/21/1982","-40","-6.08845996856689","587","33.336","19.53","0","4.56901079718219","0.595182391667166","21.1654116",
"5/22/1982","-40","-6.08845996856689","587","32.445","20.736","0.017166132","4.44860405653574","0.565285426255461","22.9567527",
"5/23/1982","-40","-6.08845996856689","587","33.276","18.893","0.24375924","4.0724037401818","0.530814867113452","23.37265872",
"5/24/1982","-40","-6.08845996856689","587","32.13","17.989","1.07803332","3.63316965845283","0.604403638124737","20.84028912",
"5/25/1982","-40","-6.08845996856689","587","32.899","17.551","0","3.19713236781754","0.519497564966039","23.41068714",
"5/26/1982","-40","-6.08845996856689","587","34.17","19.144","0","3.75842542532224","0.50464691821698","23.33047158",
"5/27/1982","-40","-6.08845996856689","587","34.312","18.72","0","3.74193382934131","0.515237337499235","23.4193428",
"5/28/1982","-40","-6.08845996856689","587","33.037","19.772","0.00686646","3.73229787780326","0.540101675549465","22.51687104",
"5/29/1982","-40","-6.08845996856689","587","32.647","20.355","0.02746584","3.84347358787638","0.516904473060638","19.03083984",
"5/30/1982","-40","-6.08845996856689","587","32.126","18.761","0.882339768","4.55800097832532","0.558663950250986","18.80510778",
"5/31/1982","-40","-6.08845996856689","587","31.347","19.144","0.52528392","4.17625187052505","0.508345134164581","18.79694676",
"6/1/1982","-40","-6.08845996856689","587","32.285","17.103","0.58193208","5.03581248381942","0.564327613890231","23.2122978",
"6/2/1982","-40","-6.08845996856689","587","32.011","16.913","0","4.72274086591686","0.563390459614582","21.7857987",
"6/3/1982","-40","-6.08845996856689","587","31.754","17.297","0","4.67955991120802","0.539195851612111","21.9278259",
"6/4/1982","-40","-6.08845996856689","587","32.044","19.536","0.539017236","4.18784196834581","0.573724577040599","22.06451052",
"6/5/1982","-40","-6.08845996856689","587","32.347","19.928","2.365493472","3.9674629051186","0.572105325495664","21.43732338",
"6/6/1982","-40","-6.08845996856689","587","31.574","19.208","0","4.76437922054032","0.579725801263145","21.6778527",
"6/7/1982","-40","-6.08845996856689","587","32.819","19.2","0.056648268","4.32416747873296","0.491517091648109","22.5467388",
"6/8/1982","-40","-6.08845996856689","587","32.6","19.073","0.078964236","4.19564910071785","0.502399191560323","22.94100036",
"6/9/1982","-40","-6.08845996856689","587","32.272","16.507","0","4.55640606575702","0.456123010182072","22.91427918",
"6/10/1982","-40","-6.08845996856689","587","31.938","20.485","0","4.35332446972355","0.481915762823464","22.4795259",
"6/11/1982","-40","-6.08845996856689","587","32.566","20.568","0.1132965144","4.97040123786144","0.499101199095188","19.0901835",
"6/12/1982","-40","-6.08845996856689","587","31.168","20.045","0.130462776","5.16612436154334","0.557567085048486","22.44482028",
"6/13/1982","-40","-6.08845996856689","587","32.274","17.4","0.5321502864","4.5015053844196","0.508320280151256","22.71008988",
"6/14/1982","-40","-6.08845996856689","587","29.779","17.138","0.0068664528","5.69808999883963","0.560854203446504","20.50284456",
"6/15/1982","-40","-6.08845996856689","587","31.806","16.432","0","5.12504281732666","0.535863921661269","21.382317",
"6/16/1982","-40","-6.08845996856689","587","32.727","17.253","0","4.39468785490002","0.471921118492551","22.46867712",
"6/17/1982","-40","-6.08845996856689","587","31.854","18.69","0.1888275096","5.0947757547226","0.574252397995438","19.12083732",
"6/18/1982","-40","-6.08845996856689","587","31.362","18.114","0.338173056","4.94541242461369","0.580223635642518","18.2918214",
"6/19/1982","-40","-6.08845996856689","587","32.148","18.555","0.2729416104","4.71876808684125","0.523198522179127","22.37984532",
"6/20/1982","-40","-6.08845996856689","587","33.132","17.361","0","3.48997440289311","0.497804951006516","22.724604",
"6/21/1982","-40","-6.08845996856689","587","32.568","18.084","0","3.8879186243821","0.578384739287","19.3682268",
"6/22/1982","-40","-6.08845996856689","587","31.709","18.291","0","3.86030492080085","0.535483928567067","18.4794156",
"6/23/1982","-40","-6.08845996856689","587","32.148","18.103","0","3.72033089420614","0.608602670722102","21.33191628",
"6/24/1982","-40","-6.08845996856689","587","32.792","19.864","3.6323554824","3.31813063584501","0.636105887015262","20.82768192",
"6/25/1982","-40","-6.08845996856689","587","32.844","20.214","1.874540952","3.74801289942677","0.624481011643893","17.19286938",
"6/26/1982","-40","-6.08845996856689","587","31.846","20.219","4.3104180024","3.81840471720743","0.654880690863311","17.20603332",
"6/27/1982","-40","-6.08845996856689","587","31.76","17.457","0.0240326064","4.38969373748424","0.551090972850864","22.83299532",
"6/28/1982","-40","-6.08845996856689","587","32.247","15.801","0","3.51441882352802","0.52275947230019","23.0485482",
"6/29/1982","-40","-6.08845996856689","587","31.974","18.343","0","4.34995379304521","0.480156546960464","22.898187",
"6/30/1982","-40","-6.08845996856689","587","32.858","17.365","0","3.94393804857497","0.459499896856101","22.948542",
"7/1/1982","-40","-6.08845996856689","587","32.169","17.509","1.1449829448","4.4363832041997","0.577217220528068","18.23608728",
"7/2/1982","-40","-6.08845996856689","587","32.038","17.652","0.897788592","4.24833736646255","0.556505430586757","22.733046",
"7/3/1982","-40","-6.08845996856689","587","31.211","17.567","0.151062156","5.05845223709916","0.514537549418444","22.00179564",
"7/4/1982","-40","-6.08845996856689","587","31.662","16.79","0","4.98179668398203","0.486232308126625","22.7149308",
"7/5/1982","-40","-6.08845996856689","587","32.262","16.346","0","4.50449260131123","0.424754091228573","22.879521",
"7/6/1982","-40","-6.08845996856689","587","31.523","18.097","0.149345496","4.67103788443333","0.507746032891993","22.63882968",
"7/7/1982","-40","-6.08845996856689","587","31.501","17.358","0.70209468","4.60949570044595","0.527217675754814","23.04821268",
"7/8/1982","-40","-6.08845996856689","587","32.234","19.779","0.1141548264","4.40883061331937","0.497652243425421","21.84676812",
"7/9/1982","-40","-6.08845996856689","587","32.323","17.748","0","3.92713391016215","0.471753295723731","23.00056272",
"7/10/1982","-40","-6.08845996856689","587","33.119","20.165","0.223160076","3.89077470482107","0.495360054884591","22.3289469",
"7/11/1982","-40","-6.08845996856689","587","31.407","18.105","0","4.35110673490991","0.567109766175827","20.36643444",
"7/12/1982","-40","-6.08845996856689","587","31.781","19.202","0","4.35096824400837","0.538049039392331","23.0324634",
"7/13/1982","-40","-6.08845996856689","587","31.704","18.925","0","4.02106877483521","0.504510803898186","23.0943888",
"7/14/1982","-40","-6.08845996856689","587","33.114","18.45","0","4.38842463092429","0.572234030750481","22.9659228",
"7/15/1982","-40","-6.08845996856689","587","33.439","18.279","0","4.128430318319","0.539581815936036","21.54510288",
"7/16/1982","-40","-6.08845996856689","587","32.095","19.129","0.0944136","5.02842364944748","0.492804687405949","23.0443362",
"7/17/1982","-40","-6.08845996856689","587","32.04","19.264","2.9345526","4.06368923065636","0.560301329277315","20.8312398",
"7/18/1982","-40","-6.08845996856689","587","32.456","17.733","1.1037826728","3.85774987524051","0.529137274505207","21.5720946",
"7/19/1982","-40","-6.08845996856689","587","30.33","19.557","3.7456478064","3.16473516043699","0.571619872370342","14.3636598",
"7/20/1982","-40","-6.08845996856689","587","31.635","19.573","1.012804452","3.62465164522152","0.545539281737778","18.4024719",
"7/21/1982","-40","-6.08845996856689","587","32.554","17.69","1.3544073864","3.9779595804352","0.5131122959602","21.4052076",
"7/22/1982","-40","-6.08845996856689","587","32.767","21.041","0.0205993584","4.4022735080467","0.434383437969231","23.3031915",
"7/23/1982","-40","-6.08845996856689","587","32.437","19.426","1.407623472","4.49897051510861","0.538662151016289","16.7145165",
"7/24/1982","-40","-6.08845996856689","587","32.309","19.393","4.26406968","4.71697418610417","0.592254780243126","22.33699074",
"7/25/1982","-40","-6.08845996856689","587","31.125","18.661","0.085830876","5.76282788271075","0.577464771967378","16.48755432",
"7/26/1982","-40","-6.08845996856689","587","31.823","17.93","0.1476288432","5.30857792520117","0.561594716488257","17.62335036",
"7/27/1982","-40","-6.08845996856689","587","31.136","18.847","0","5.90307839865009","0.522768204964069","20.17305",
"7/28/1982","-40","-6.08845996856689","587","32.061","17.741","0","4.97452001703559","0.546409323357054","19.78194672",
"7/29/1982","-40","-6.08845996856689","587","30.851","17.531","0.5630490144","4.43003331970714","0.60974714818936","17.85639096",
"7/30/1982","-40","-6.08845996856689","587","32.485","17.94","0.3227234328","3.81648444982598","0.563601541141594","19.05108192",
"7/31/1982","-40","-6.08845996856689","587","30.839","20.751","0.0171661392","5.15702688795841","0.563354877987206","21.51326376",
"8/1/1982","-40","-6.08845996856689","587","32.3","17.649","0.1871109504","4.79851919623686","0.539852793658915","23.3846424",
"8/2/1982","-40","-6.08845996856689","587","31.995","18.958","0","5.2581982462492","0.531005077900627","23.43167352",
"8/3/1982","-40","-6.08845996856689","587","33.42","17.701","0","4.3720986705676","0.47598189622671","24.40310832",
"8/4/1982","-40","-6.08845996856689","587","33.146","18.199","0","4.13960911866172","0.463883319984499","24.46712064",
"8/5/1982","-40","-6.08845996856689","587","33.264","19.776","0.0137329056","4.29183113382661","0.428222080438716","24.59508624",
"8/6/1982","-40","-6.08845996856689","587","33.198","18.955","0.0102996792","5.00629027955302","0.4778012327962","23.60244744",
"8/7/1982","-40","-6.08845996856689","587","32.185","17.565","0","3.881297267219","0.4487529675612","20.75624388",
"8/8/1982","-40","-6.08845996856689","587","31.954","20.276","0.0102996792","4.4983737381686","0.372313818501386","24.71985036",
"8/9/1982","-40","-6.08845996856689","587","30.956","19.566","8.284379652","4.46045416780258","0.573257049185088","18.484816032",
"8/10/1982","-40","-6.08845996856689","587","32.906","18.542","0","4.88473190656794","0.475866045047583","24.77334564",
"8/11/1982","-40","-6.08845996856689","587","33.311","20.189","4.552460244","4.53620985148682","0.546389252172882","20.293362",
"8/12/1982","-40","-6.08845996856689","587","32.729","20.56","0.2901075048","4.53180421324525","0.441553150905305","20.06949492",
"8/13/1982","-40","-6.08845996856689","587","33.065","19.716","0","4.65383010128115","0.419559821396394","22.97823192",
"8/14/1982","-40","-6.08845996856689","587","32.778","19.277","0","5.66810983540491","0.43513531240233","25.12400292",
"8/15/1982","-40","-6.08845996856689","587","30.744","18.61","0.0858306888","5.20944509286813","0.520317256171144","19.00822428",
"8/16/1982","-40","-6.08845996856689","587","32.712","18.116","0.020599344","4.11523628871322","0.416426632431409","24.1043634",
"8/17/1982","-40","-6.08845996856689","587","32.873","20.283","2.4822218664","4.45616861925014","0.506049170148705","18.96063966",
"8/18/1982","-40","-6.08845996856689","587","31.972","20.542","1.6616825064","4.16895984860815","0.526010051280411","18.278210448",
"8/19/1982","-40","-6.08845996856689","587","33.214","18.81","0","3.64801878647091","0.495817723958763","24.57315396",
"8/20/1982","-40","-6.08845996856689","587","34.35","19.137","0","3.94004552040894","0.437463942067763","25.72919982",
"8/21/1982","-40","-6.08845996856689","587","34.028","19.718","0","4.54503952241426","0.458282461071011","25.6119174",
"8/22/1982","-40","-6.08845996856689","587","34.507","19.105","0","4.61506858337091","0.387859816863432","26.17931286",
"8/23/1982","-40","-6.08845996856689","587","32.995","20.051","0","4.66837333332159","0.443535241182698","25.92089676",
"8/24/1982","-40","-6.08845996856689","587","30.906","18.731","0.0995636664","4.80795735018538","0.525788204730566","21.5396505",
"8/25/1982","-40","-6.08845996856689","587","31.934","18.053","1.07288352","4.94299787130972","0.555045586473372","20.7320067",
"8/26/1982","-40","-6.08845996856689","587","31.035","18.092","0","5.02575683753092","0.493644072334766","26.1291294",
"8/27/1982","-40","-6.08845996856689","587","33.048","18.449","0","4.16344498334416","0.444732969372613","26.19820962",
"8/28/1982","-40","-6.08845996856689","587","33.325","19.64","0","4.37242037909216","0.418003487974115","26.20367316",
"8/29/1982","-40","-6.08845996856689","587","33.541","20.301","0","5.17229769766352","0.442749730357734","26.01225576",
"8/30/1982","-40","-6.08845996856689","587","33.604","20.468","0","4.77813654826273","0.427248286649086","26.03390652",
"8/31/1982","-40","-6.08845996856689","587","33.642","22.328","0.07038126","4.12496501008454","0.43382719081945","20.6606808",
"9/1/1982","-40","-6.08845996856689","587","31.819","21.13","1.888276932","4.10912685652261","0.610445694703549","14.93042958",
"9/2/1982","-40","-6.08845996856689","587","33.013","20.683","0.070381152","4.58918515197857","0.521228449909908","22.14360432",
"9/3/1982","-40","-6.08845996856689","587","33.635","20.758","0.147628764","4.65390282256532","0.472373194881306","26.45347536",
"9/4/1982","-40","-6.08845996856689","587","33.81","20.556","0.037765512","4.56260989745882","0.48382339440192","25.60387464",
"9/5/1982","-40","-6.08845996856689","587","33.772","21.732","0.121021272","4.77143973506371","0.409760375058585","26.42518638",
"9/6/1982","-40","-6.08845996856689","587","33.643","19.208","0","3.35274942547768","0.40706856023199","26.64978246",
"9/7/1982","-40","-6.08845996856689","587","35.459","21.767","0.3055572792","4.38509188939554","0.451557121513956","26.12683359",
"9/8/1982","-40","-6.08845996856689","587","32.112","21.141","3.82976712","5.03193188746721","0.597984972399264","21.20951466",
"9/9/1982","-40","-6.08845996856689","587","32.787","21.098","0.96816996","5.25037421879614","0.555740417994016","20.46375198",
"9/10/1982","-40","-6.08845996856689","587","31.656","21.623","0.1321793064","5.56747442051866","0.531152810461883","16.36981893",
"9/11/1982","-40","-6.08845996856689","587","33.754","20.382","0","5.62700944563315","0.508457262299856","23.62690656",
"9/12/1982","-40","-6.08845996856689","587","33.427","20.287","0","5.80324092378224","0.475264211773833","23.12825904",
"9/13/1982","-40","-6.08845996856689","587","34.207","21.377","0.207710244","5.04363815246701","0.427495217662172","26.95083354",
"9/14/1982","-40","-6.08845996856689","587","33.311","19.92","0","4.25547480271039","0.440655774471741","20.64583062",
"9/15/1982","-40","-6.08845996856689","587","33.017","22.452","0.0274658256","3.97606371018508","0.45004834354266","20.24482176",
"9/16/1982","-40","-6.08845996856689","587","32.065","20.588","0.7055282664","5.47037603725761","0.516779803700261","26.569245168",
"9/17/1982","-40","-6.08845996856689","587","31.51","20.33","0","5.501458780026","0.5567875571923","23.142598848",
"9/18/1982","-40","-6.08845996856689","587","35","19.985","0","4.77098014820068","0.471069906573976","27.36635598",
"9/19/1982","-40","-6.08845996856689","587","34.845","20.481","0","4.84958733739546","0.473115310646404","27.38328246",
"9/20/1982","-40","-6.08845996856689","587","35.468","19.87","0","5.62547325563989","0.480069560553953","27.2282022",
"9/21/1982","-40","-6.08845996856689","587","35.18","19.915","0.0102996792","5.31087256820475","0.47554166822469","26.98520616",
"9/22/1982","-40","-6.08845996856689","587","35.027","22.083","0.2008438344","5.45029920388564","0.469780926765741","26.234550288",
"9/23/1982","-40","-6.08845996856689","587","34.581","22.129","0.508117572","5.4412702375177","0.414277763833319","27.36393624",
"9/24/1982","-40","-6.08845996856689","587","33.52","20.253","0","5.90499505810838","0.398740727981798","27.94409118",
"9/25/1982","-40","-6.08845996856689","587","33.69","20.032","0.0034332264","6.39029953846635","0.403192666456305","27.658639008",
"9/26/1982","-40","-6.08845996856689","587","34.357","20.804","0.444602988","5.02477829732145","0.415161127292165","27.770235768",
"9/27/1982","-40","-6.08845996856689","587","34.654","22.022","0","5.15757411693761","0.410966420983148","27.69108876",
"9/28/1982","-40","-6.08845996856689","587","35.655","20.369","0.113296392","4.26641078726452","0.424040096065448","26.879845608",
"9/29/1982","-40","-6.08845996856689","587","35.656","21.02","0.3055572","4.678575237296","0.430784997392605","22.8702987",
"9/30/1982","-40","-6.08845996856689","587","32.647","21.709","0.90980568","3.85615367127777","0.469064771378277","18.02655108",
"10/1/1982","-40","-6.08845996856689","587","33.611","20.772","1.093483152","4.7140503445174","0.488458112144599","22.84650666",
"10/2/1982","-40","-6.08845996856689","587","34.24","21.957","0.030899052","4.38723892888921","0.379317854693987","28.218981312",
"10/3/1982","-40","-6.08845996856689","587","34.225","20.871","0","4.32269947213846","0.395124797504812","27.82238526",
"10/4/1982","-40","-6.08845996856689","587","34.027","20.878","0","3.61185862399256","0.403058182629029","27.28434762",
"10/5/1982","-40","-6.08845996856689","587","34.912","20.666","0","4.19241123757435","0.394552731778398","28.0621584",
"10/6/1982","-40","-6.08845996856689","587","33.086","21.549","0","4.06024811641428","0.420508403827224","24.471337968",
"10/7/1982","-40","-6.08845996856689","587","35.523","20.213","0","5.24470953455871","0.48173579079041","27.602490312",
"10/8/1982","-40","-6.08845996856689","587","34.566","21.673","0","5.80743951465628","0.461427265580375","28.02499488",
"10/9/1982","-40","-6.08845996856689","587","35.223","20.946","0","5.61881611161855","0.418391461418253","28.350311328",
"10/10/1982","-40","-6.08845996856689","587","34.415","20.66","0","5.1785394566774","0.460896314724992","28.27188324",
"10/11/1982","-40","-6.08845996856689","587","34.512","21.023","0","4.44563151795978","0.463293159002864","27.948610152",
"10/12/1982","-40","-6.08845996856689","587","34.431","21.572","0.2780918712","3.35613023168702","0.458544883968358","26.0972595",
"10/13/1982","-40","-6.08845996856689","587","35.552","20.766","0.130462668","3.60059075226426","0.457872644497465","26.46230832",
"10/14/1982","-40","-6.08845996856689","587","34.215","21.826","0.0446319576","3.79883234593013","0.507299973227055","22.52947734",
"10/15/1982","-40","-6.08845996856689","587","35.158","21.591","0","4.4758878679067","0.445518323677591","23.275847952",
"10/16/1982","-40","-6.08845996856689","587","34.767","21.112","0.037765512","3.20559398357329","0.459088551538354","20.124901872",
"10/17/1982","-40","-6.08845996856689","587","34.407","21.376","0.1321794","4.39906021231298","0.383274540975973","28.05028722",
"10/18/1982","-40","-6.08845996856689","587","34.765","21.641","0","4.54539695426959","0.374200630748958","28.5165873",
"10/19/1982","-40","-6.08845996856689","587","34.018","21.165","0","4.82092303832489","0.454214990414563","27.70768026",
"10/20/1982","-40","-6.08845996856689","587","35.348","20.607","0.1424790144","5.83536746850103","0.496550684698995","27.54932922",
"10/21/1982","-40","-6.08845996856689","587","33.936","22.107","0","5.10975760375923","0.438844443528333","28.183452768",
"10/22/1982","-40","-6.08845996856689","587","35.075","20.329","0","5.30047830291792","0.397708311594713","28.5192855",
"10/23/1982","-40","-6.08845996856689","587","35.459","20.256","0","4.53316820599715","0.457343443132571","28.05069906",
"10/24/1982","-40","-6.08845996856689","587","36.476","21.601","0.0240325704","4.95399426923558","0.426009013327943","28.34350182",
"10/25/1982","-40","-6.08845996856689","587","35.114","21.054","0","4.38204478574877","0.472949799685984","23.20774272",
"10/26/1982","-40","-6.08845996856689","587","33.571","21.315","0.791358804","3.92660727772461","0.527980229514557","20.873310552",
"10/27/1982","-40","-6.08845996856689","587","30.766","21.996","0.3450398184","2.94417952598948","0.486332969182803","16.49840526",
"10/28/1982","-40","-6.08845996856689","587","29.56","21.948","2.0101567464","2.69241425048405","0.559406611265464","12.53761956",
"10/29/1982","-40","-6.08845996856689","587","32.846","21.46","1.078033752","4.21757919080548","0.574626291755415","19.7065188",
"10/30/1982","-40","-6.08845996856689","587","35.427","22.046","0","5.01002969080366","0.482086491569213","26.35334622",
"10/31/1982","-40","-6.08845996856689","587","34.907","22.385","0","5.86129613218143","0.478135025465041","23.51492118",
"11/1/1982","-40","-6.08845996856689","587","34.051","21.108","0","5.78539892430902","0.413532880158681","27.78738138",
"11/2/1982","-40","-6.08845996856689","587","35.127","20.435","0","5.16894453472382","0.469891429538521","27.00341982",
"11/3/1982","-40","-6.08845996856689","587","34.562","22.402","0.127029312","5.56676100565195","0.413168756841415","26.87613678",
"11/4/1982","-40","-6.08845996856689","587","35.382","20.994","0","5.29804013134012","0.407071042563038","27.97671762",
"11/5/1982","-40","-6.08845996856689","587","34.358","21.727","0","5.94362798356827","0.465349382432307","27.67994712",
"11/6/1982","-40","-6.08845996856689","587","35.848","22.181","0","5.17010169627531","0.462225097458976","27.86929038",
"11/7/1982","-40","-6.08845996856689","587","35.604","22.863","2.4341557032","3.99724387333546","0.492252311990283","26.3237607",
"11/8/1982","-40","-6.08845996856689","587","24.844","21.057","2.5749234936","3.65801626739283","0.672655003719212","7.22868948",
"11/9/1982","-40","-6.08845996856689","587","35.128","19.825","0.089263944","5.3021829223187","0.554690795540701","27.19169334",
"11/10/1982","-40","-6.08845996856689","587","34.052","21.547","0","6.22597980087667","0.478050524312702","27.51581142",
"11/11/1982","-40","-6.08845996856689","587","34.899","21.102","0","5.07220857720833","0.461498921201072","23.42536578",
"11/12/1982","-40","-6.08845996856689","587","34.465","21.202","0","5.22421788186023","0.399856859633555","27.97633368",
"11/13/1982","-40","-6.08845996856689","587","35.302","20.638","0","5.13576362484628","0.425856309642558","27.89398602",
"11/14/1982","-40","-6.08845996856689","587","35.968","21.032","0","5.10683514426996","0.389939504375947","28.2521745",
"11/15/1982","-40","-6.08845996856689","587","35.42","21.63","0","5.59008049890395","0.404543721513936","28.1822958",
"11/16/1982","-40","-6.08845996856689","587","34.213","21.75","0","6.1172456993772","0.438271924411601","27.91315908",
"11/17/1982","-40","-6.08845996856689","587","35.504","21.129","0","5.96398599050705","0.459240997442321","27.9632754",
"11/18/1982","-40","-6.08845996856689","587","35.346","20.892","0","5.48988712510333","0.433334415598567","28.272762",
"11/19/1982","-40","-6.08845996856689","587","35.27","21.222","0.16479504","5.58240672872913","0.442912737827853","28.08080478",
"11/20/1982","-40","-6.08845996856689","587","35.127","22.39","0.42743664","5.68144693471718","0.39856949122391","28.2081861",
"11/21/1982","-40","-6.08845996856689","587","35.881","21.323","0","5.39509404379039","0.377363767987138","28.4589576",
"11/22/1982","-40","-6.08845996856689","587","36.193","21.199","0","5.21750603023822","0.441057618209295","28.16859258",
"11/23/1982","-40","-6.08845996856689","587","36.589","21.717","0","5.52904609713882","0.415785784958773","28.37850408",
"11/24/1982","-40","-6.08845996856689","587","34.752","21.596","0.07553088","3.52058394200943","0.479979615483222","20.10706686",
"11/25/1982","-40","-6.08845996856689","587","34.019","21.76","1.829911212","3.56766083417853","0.513845573062634","20.69847864",
"11/26/1982","-40","-6.08845996856689","587","30.171","22.361","0.4291533288","3.96716594972758","0.585027265605629","10.88241066",
"11/27/1982","-40","-6.08845996856689","587","31.671","21.016","0.535583736","4.47160337487266","0.63960373355349","10.76208246",
"11/28/1982","-40","-6.08845996856689","587","34.358","20.254","0","5.23967739234974","0.517907746875961","26.47979892",
"11/29/1982","-40","-6.08845996856689","587","33.986","21.557","0","5.91789924489151","0.479843795091976","27.4510125",
"11/30/1982","-40","-6.08845996856689","587","33.867","21.391","0","4.38571984331042","0.430127089039033","25.7384223",
"12/1/1982","-40","-6.08845996856689","587","34.687","20.945","0","4.9202220606607","0.417649662147401","24.14052918",
"12/2/1982","-40","-6.08845996856689","587","35.769","21.949","0.017166132","5.56042656429358","0.519006765981384","22.86641448",
"12/3/1982","-40","-6.08845996856689","587","34.567","21.487","0.0034332264","5.65929660090699","0.509199440942199","21.79929348",
"12/4/1982","-40","-6.08845996856689","587","33.823","20.684","0.0034332264","6.07773333759743","0.433649990200814","28.0068732",
"12/5/1982","-40","-6.08845996856689","587","34.643","20.219","0","5.26529036028424","0.42616359074647","28.20774312",
"12/6/1982","-40","-6.08845996856689","587","35.22","21.446","0","5.06551645146765","0.44880643350415","27.95180868",
"12/7/1982","-40","-6.08845996856689","587","34.428","21.823","0","4.89510910932227","0.422211341028342","27.1078884",
"12/8/1982","-40","-6.08845996856689","587","32.741","22.187","0.0343323","4.00867766977555","0.421322022053614","22.75711776",
"12/9/1982","-40","-6.08845996856689","587","32.701","20.768","0.947569896","3.54338313340614","0.510116997571281","19.84611726",
"12/10/1982","-40","-6.08845996856689","587","33.957","21.319","1.33552404","5.2949735203968","0.517460532840207","26.91726228",
"12/11/1982","-40","-6.08845996856689","587","34.933","22.544","0.623131128","5.73443057538537","0.426542489017623","27.4502205",
"12/12/1982","-40","-6.08845996856689","587","35.079","22.882","0.686645496","5.02257769637012","0.425584340514977","22.83502536",
"12/13/1982","-40","-6.08845996856689","587","35.173","22.859","0.411129","5.54645139679552","0.418937417645555","27.16268022",
"12/14/1982","-40","-6.08845996856689","587","34.656","22.652","0","5.78926790607458","0.411722520603008","27.67838112",
"12/15/1982","-40","-6.08845996856689","587","34.492","21.226","0","5.94889340259509","0.432155322785556","28.00558512",
"12/16/1982","-40","-6.08845996856689","587","34.439","21.574","0","5.90936124739395","0.478027030528084","27.39757302",
"12/17/1982","-40","-6.08845996856689","587","34.612","21.261","0","5.85675514140583","0.397550190926783","27.99433062",
"12/18/1982","-40","-6.08845996856689","587","34.948","21.99","0","5.72952941247456","0.435257177841344","26.835534",
"12/19/1982","-40","-6.08845996856689","587","35.269","22.116","0.1733778","5.33559578124016","0.445810191226677","27.58072572",
"12/20/1982","-40","-6.08845996856689","587","35.957","21.696","0.151062372","5.03908752733743","0.477045564577069","27.2674764",
"12/21/1982","-40","-6.08845996856689","587","35.836","22.165","0","5.75425131861131","0.452936317488164","27.68748048",
"12/22/1982","-40","-6.08845996856689","587","35.942","21.54","0","5.56941244517314","0.463988618947225","27.58291668",
"12/23/1982","-40","-6.08845996856689","587","36.008","21.827","0.00686646","5.17401226690079","0.445652520567581","26.59719312",
"12/24/1982","-40","-6.08845996856689","587","35.457","21.452","0.0549316224","4.2606233187264","0.469945339139653","24.90474438",
"12/25/1982","-40","-6.08845996856689","587","33.351","21.726","0.051498396","4.80163101136555","0.497286502586109","19.99929528",
"12/26/1982","-40","-6.08845996856689","587","33.402","21.385","0.76560948","5.09179310959568","0.592510930148234","15.74628552",
"12/27/1982","-40","-6.08845996856689","587","34.809","20.377","1.2582787464","5.36414843460095","0.525541564130297","26.83659402",
"12/28/1982","-40","-6.08845996856689","587","34.085","21.419","0.67806252","5.27332745774334","0.525319461010146","24.20150688",
"12/29/1982","-40","-6.08845996856689","587","35.393","21.142","0.077247612","5.46115251845535","0.488721207150494","27.8723259",
"12/30/1982","-40","-6.08845996856689","587","36.072","21.738","0.8874893808","5.25441644335301","0.542949766051097","22.53857868",
"12/31/1982","-40","-6.08845996856689","587","33.744","22.016","0.7827758856","4.53620895677469","0.548461302836494","20.87577918",
"1/1/1983","-40","-6.08845996856689","587","34.452","21.578","0","5.31630726241463","0.487793640850233","27.03004038",
"1/2/1983","-40","-6.08845996856689","587","34.706","21.436","0","5.73720371158471","0.453129776516101","27.0070848",
"1/3/1983","-40","-6.08845996856689","587","34.78","20.221","0","5.5263731358644","0.471408374579088","28.3338531",
"1/4/1983","-40","-6.08845996856689","587","35.77","20.207","0","5.24773569659933","0.437619179656891","28.5469875",
"1/5/1983","-40","-6.08845996856689","587","35.038","20.862","0","5.38813643644214","0.477500847061297","28.2097161",
"1/6/1983","-40","-6.08845996856689","587","36.222","20.418","0","5.51975299075468","0.463783958103471","28.45254132",
"1/7/1983","-40","-6.08845996856689","587","35.718","20.606","0","5.63041298841144","0.454075196099846","27.67855068",
"1/8/1983","-40","-6.08845996856689","587","36.572","20.151","0","5.33912808879172","0.449059024167964","28.44539892",
"1/9/1983","-40","-6.08845996856689","587","36.284","20.142","0.01373292","3.39203466089033","0.482994358027145","22.41326214",
"1/10/1983","-40","-6.08845996856689","587","36.065","21.872","0.109863288","3.65631817016889","0.457148828254974","21.97203786",
"1/11/1983","-40","-6.08845996856689","587","33.021","21.63","0.034332264","4.92727568797533","0.479276127824281","27.268427448",
"1/12/1983","-40","-6.08845996856689","587","35.376","21.284","0","5.03020000788524","0.436731645225761","28.06424289",
"1/13/1983","-40","-6.08845996856689","587","35.793","19.886","0","5.03090034306413","0.456809722143036","28.56543858",
"1/14/1983","-40","-6.08845996856689","587","36.111","21.327","0","5.09330122003409","0.449868837511718","28.32097878",
"1/15/1983","-40","-6.08845996856689","587","36.159","21.896","0.53386704","5.10701028105714","0.503375513576523","24.79309398",
"1/16/1983","-40","-6.08845996856689","587","33.523","20.68","1.960369524","4.8427280819281","0.571847323040011","20.9649393",
"1/17/1983","-40","-6.08845996856689","587","35.516","20.507","0.0274658184","5.75113396110309","0.506729968591038","25.67468898",
"1/18/1983","-40","-6.08845996856689","587","36.295","21.072","0","5.60388352924566","0.50942718029606","26.67037716",
"1/19/1983","-40","-6.08845996856689","587","37.12","20.552","0","5.59500369810741","0.507453880051683","27.5636763",
"1/20/1983","-40","-6.08845996856689","587","37.136","20.59","0","4.64246125303965","0.533496975241007","22.01276286",
"1/21/1983","-40","-6.08845996856689","587","33.031","22.343","1.86424488","4.256075924869","0.613455735139893","19.71275301",
"1/22/1983","-40","-6.08845996856689","587","32.02","21.172","1.864244196","4.18835216506975","0.647410714261645","17.11845405",
"1/23/1983","-40","-6.08845996856689","587","34.643","20.564","0","5.05472686251338","0.561624766818015","25.2861795",
"1/24/1983","-40","-6.08845996856689","587","35.768","21.463","0.027465804","5.07971484353143","0.504862420623187","22.0949397",
"1/25/1983","-40","-6.08845996856689","587","35.184","22.009","0.1922606496","4.26676195447979","0.535939555681113","21.40318134",
"1/26/1983","-40","-6.08845996856689","587","34.397","21.353","0.401687892","5.31884742869955","0.541939490482672","22.89340755",
"1/27/1983","-40","-6.08845996856689","587","34.246","22.116","0.1270294416","4.56691099094002","0.559821990487085","20.86008129",
"1/28/1983","-40","-6.08845996856689","587","31.905","21.265","1.3320918","4.47056896668023","0.64599289126201","17.32083804",
"1/29/1983","-40","-6.08845996856689","587","26.914","19.872","3.26328678","3.99902276436849","0.774285895873229","8.729042472",
"1/30/1983","-40","-6.08845996856689","587","30.899","19.188","0.1956939984","4.51542842488926","0.670516583897503","15.474992328",
"1/31/1983","-40","-6.08845996856689","587","32.673","19.279","1.0454177304","4.24259952883195","0.640992202495178","20.73397401",
"2/1/1983","-40","-6.08845996856689","587","32.101","19.71","5.30090568","4.53338885436444","0.75880574963581","19.27535562",
"2/2/1983","-40","-6.08845996856689","587","29.896","21.031","5.055430464","2.92451004862671","0.855507019135741","9.99089523",
"2/3/1983","-40","-6.08845996856689","587","33.617","21.268","3.3044824728","3.24824413289125","0.72115757828899","16.98265701",
"2/4/1983","-40","-6.08845996856689","587","30.105","21.387","1.738930284","3.95970582515334","0.783721900609188","14.85304011",
"2/5/1983","-40","-6.08845996856689","587","27.728","20.655","7.412329296","3.12045090330777","0.873152485172819","11.546210718",
"2/6/1983","-40","-6.08845996856689","587","22.817","20.025","36.1381176","3.08746675073454","0.93752194416825","6.92100351",
"2/7/1983","-40","-6.08845996856689","587","27.8","20.094","3.3611292072","3.46242430929385","0.87038155251961","17.52564024",
"2/8/1983","-40","-6.08845996856689","587","30.561","19.817","7.309345536","2.79686213275917","0.830513676963408","22.99628952",
"2/9/1983","-40","-6.08845996856689","587","31.366","20.275","2.5011071064","3.95875160098879","0.742799326229752","26.90544888",
"2/10/1983","-40","-6.08845996856689","587","32.088","20.578","0.104713488","4.39664214193288","0.64929928109781","28.06126434",
"2/11/1983","-40","-6.08845996856689","587","32.815","19.912","0","3.86487581836037","0.59019659490186","27.30634074",
"2/12/1983","-40","-6.08845996856689","587","32.223","20.108","1.0007857584","2.98838511814392","0.724812865646793","14.015531592",
"2/13/1983","-40","-6.08845996856689","587","24.735","19.825","66.60802188","2.12170682093815","0.887445141299358","10.59986151",
"2/14/1983","-40","-6.08845996856689","587","30.363","19.712","0.0240326064","3.2400656403468","0.726410982749356","25.46909829",
"2/15/1983","-40","-6.08845996856689","587","32.048","19.648","0.0823976208","3.48586843325301","0.620170673602166","29.11089168",
"2/16/1983","-40","-6.08845996856689","587","32.596","19.627","0.0789642","3.60192062951105","0.601580334281891","28.91047347",
"2/17/1983","-40","-6.08845996856689","587","32.755","20.934","2.418707664","3.82726098619218","0.656619592782138","27.37484631",
"2/18/1983","-40","-6.08845996856689","587","32.614","20.991","0.5561828064","4.44787176403828","0.679368620336818","23.10305733",
"2/19/1983","-40","-6.08845996856689","587","32.147","19.837","1.3166424","4.50851786023715","0.698555679403361","26.41460265",
"2/20/1983","-40","-6.08845996856689","587","32.188","19.938","3.0675861","4.48274599373849","0.675635784835725","23.64643305",
"2/21/1983","-40","-6.08845996856689","587","32.987","19.102","0.74157732","4.31936523245357","0.622180126067821","28.66786857",
"2/22/1983","-40","-6.08845996856689","587","33.394","19.45","0.3313064664","4.7507670618697","0.581026057478661","28.80585189",
"2/23/1983","-40","-6.08845996856689","587","33.57","19.935","0.2471922864","4.12734191721331","0.536399704603278","24.05868804",
"2/24/1983","-40","-6.08845996856689","587","33.624","19.421","0.55789992","3.85809720824949","0.574955243357833","24.60824712",
"2/25/1983","-40","-6.08845996856689","587","33.894","20.363","0.1150131096","4.65479824177013","0.55590071760604","25.36857864",
"2/26/1983","-40","-6.08845996856689","587","33.499","19.687","0.885772872","4.0270667127133","0.64121868678166","28.10289132",
"2/27/1983","-40","-6.08845996856689","587","34.374","19.41","0.63514728","4.2087320105978","0.565866938187682","29.125638",
"2/28/1983","-40","-6.08845996856689","587","34.701","19.43","0.0034332264","4.18197951541719","0.499001968916758","28.85726376",
"3/1/1983","-40","-6.08845996856689","587","34.644","22.911","0.0205993728","4.7058147997389","0.519150635636194","27.452418552",
"3/2/1983","-40","-6.08845996856689","587","31.403","19.85","0.058364892","3.78718385579823","0.58520246661433","17.93745144",
"3/3/1983","-40","-6.08845996856689","587","31.931","19.29","0","3.98937285124362","0.623273747041356","26.37275265",
"3/4/1983","-40","-6.08845996856689","587","32.602","19.89","0","4.41998854371359","0.627505127775688","24.93568476",
"3/5/1983","-40","-6.08845996856689","587","32.637","20.792","0.940704192","4.51784398741949","0.689800649600237","20.88106749",
"3/6/1983","-40","-6.08845996856689","587","32.168","19.583","2.001569832","4.51301829808497","0.72929884567651","21.88238265",
"3/7/1983","-40","-6.08845996856689","587","31.147","19.914","16.25978196","4.22579523639184","0.747257246682158","20.4397929",
"3/8/1983","-40","-6.08845996856689","587","32.962","18.738","9.90142704","4.33119776442448","0.654862105588125","25.91606754",
"3/9/1983","-40","-6.08845996856689","587","32.185","19.127","2.19383154","4.0613629056863","0.697044122934649","19.68400818",
"3/10/1983","-40","-6.08845996856689","587","33.1","19.004","0.62484768","4.65271014440396","0.666152410205341","24.23334168",
"3/11/1983","-40","-6.08845996856689","587","33.813","19.905","0.89607096","4.69397874738496","0.658419073433649","22.25564496",
"3/12/1983","-40","-6.08845996856689","587","32.22","19.59","3.103638624","4.35489371684585","0.767405195997017","27.1118268",
"3/13/1983","-40","-6.08845996856689","587","33.1","19.296","2.379226572","4.08543688249067","0.733993921278992","23.31905778",
"3/14/1983","-40","-6.08845996856689","587","32.771","19.912","5.2082064","3.8392129777038","0.65177919578198","25.14644838",
"3/15/1983","-40","-6.08845996856689","587","32.817","21.063","0.59738166","3.93523934645949","0.607072084390612","24.78830418",
"3/16/1983","-40","-6.08845996856689","587","33.376","20.473","0.628280316","4.58978925726841","0.596603273450032","27.65931426",
"3/17/1983","-40","-6.08845996856689","587","33.846","20.259","0","4.5148648689078","0.584345703566048","24.51679488",
"3/18/1983","-40","-6.08845996856689","587","32.555","20.069","1.941491808","4.41784932163315","0.696057109508326","25.56647352",
"3/19/1983","-40","-6.08845996856689","587","32.519","19.919","9.23194998","4.53287279998846","0.739757711992858","24.38589618",
"3/20/1983","-40","-6.08845996856689","587","31.179","20.57","8.7787618992","3.95287905850123","0.807648759824308","14.148338112",
"3/21/1983","-40","-6.08845996856689","587","33.167","19.331","3.2478336","4.01369934716573","0.691110074990733","24.93865818",
"3/22/1983","-40","-6.08845996856689","587","33.102","20.597","8.81996562","3.77292705957451","0.668371438873408","26.80616466",
"3/23/1983","-40","-6.08845996856689","587","29.196","21.089","61.6779158184","2.30728662434599","0.802876917781608","13.430523672",
"3/24/1983","-40","-6.08845996856689","587","31.796","20.556","2.8873450656","4.15067344489205","0.766186699624887","15.527642868",
"3/25/1983","-40","-6.08845996856689","587","32.359","20.273","1.0694509056","3.82742317658709","0.754663029263577","17.55585522",
"3/26/1983","-40","-6.08845996856689","587","30.869","20.668","6.0579272592","4.17730065183823","0.769839533662107","20.86757532",
"3/27/1983","-40","-6.08845996856689","587","29.943","20.398","7.05528216","3.71340978151333","0.815489998281125","18.96919092",
"3/28/1983","-40","-6.08845996856689","587","30.924","20.531","4.0100075784","3.56057979832862","0.828529049403339","22.52936304",
"3/29/1983","-40","-6.08845996856689","587","30.703","20.142","0.113296536","3.26981818179825","0.749747710991846","19.3362741",
"3/30/1983","-40","-6.08845996856689","587","32.833","20.599","0.0961303464","3.29166919868538","0.6137661177922","23.8235616",
"3/31/1983","-40","-6.08845996856689","587","32.82","19.842","1.32179508","3.76945568574002","0.654339066152171","26.98610022",
"4/1/1983","-40","-6.08845996856689","587","32.898","19.6","1.713186","3.68387237471173","0.617433980952856","27.20379186",
"4/2/1983","-40","-6.08845996856689","587","33.211","19.92","0","3.66304869173879","0.582262838677906","26.4803634",
"4/3/1983","-40","-6.08845996856689","587","32.649","20.036","0","3.30740181359568","0.571769755604549","20.41987464",
"4/4/1983","-40","-6.08845996856689","587","29.236","20.509","4.68978696","2.5608729865441","0.833299566624586","13.2604263",
"4/5/1983","-40","-6.08845996856689","587","33.302","19.619","0.1407623544","4.01588455712129","0.637222897363448","26.54662104",
"4/6/1983","-40","-6.08845996856689","587","32.52","19.529","1.687431492","3.71533204945962","0.747357868913834","21.40014384",
"4/7/1983","-40","-6.08845996856689","587","30.68","20.102","2.3586281928","3.80185236537821","0.817175834098339","20.69764218",
"4/8/1983","-40","-6.08845996856689","587","32.258","20.053","2.229879528","3.83022293716884","0.749706447481376","22.57301196",
"4/9/1983","-40","-6.08845996856689","587","31.536","19.668","2.032471512","3.60139496231353","0.742466301900465","23.4052866",
"4/10/1983","-40","-6.08845996856689","587","32.79","19.029","2.72941308","3.71129294960328","0.653791305477265","24.4983411",
"4/11/1983","-40","-6.08845996856689","587","33.208","19.722","1.43508906","3.54078509139766","0.629298872459381","26.2362357",
"4/12/1983","-40","-6.08845996856689","587","32.119","20.37","0.53901666","3.0202732981852","0.622194162748679","17.488911348",
"4/13/1983","-40","-6.08845996856689","587","32.692","20.67","1.7337780864","3.79052978516323","0.612531656288936","25.027819128",
"4/14/1983","-40","-6.08845996856689","587","33.3","19.897","1.05915114","3.59852552495616","0.625873718336134","26.01377352",
"4/15/1983","-40","-6.08845996856689","587","32.918","20.816","0.5510331144","4.47482115147697","0.612911916376328","23.41703682",
"4/16/1983","-40","-6.08845996856689","587","33.305","19.412","1.9603740456","4.02142824878655","0.614584844548783","25.5376125",
"4/17/1983","-40","-6.08845996856689","587","33.16","18.68","2.2899636","4.06004771411525","0.623375883486606","20.95863462",
"4/18/1983","-40","-6.08845996856689","587","32.461","19.309","0","4.16471186004668","0.602142756943837","20.4071589",
"4/19/1983","-40","-6.08845996856689","587","33.977","19.483","0.0102996792","4.03776384950216","0.53635217237746","25.01634564",
"4/20/1983","-40","-6.08845996856689","587","32.921","19.113","0.04806522","4.03472156248023","0.579716075463412","20.56623624",
"4/21/1983","-40","-6.08845996856689","587","33.449","20.601","0.27122508","4.27861275285158","0.5963273762907","20.06156592",
"4/22/1983","-40","-6.08845996856689","587","33.994","19.577","1.1501313984","4.27983180716687","0.625601120836522","23.6391714",
"4/23/1983","-40","-6.08845996856689","587","34.575","19.451","0","4.82877351885386","0.561317952528754","20.78184888",
"4/24/1983","-40","-6.08845996856689","587","33.852","19.852","0","4.95884525785058","0.548356857827802","20.5771518",
"4/25/1983","-40","-6.08845996856689","587","33.61","19.637","0.02059938","4.4500465134567","0.539811134846802","21.30794568",
"4/26/1983","-40","-6.08845996856689","587","33.604","19.049","0.1304625456","4.30875766230582","0.513067172902914","23.1048",
"4/27/1983","-40","-6.08845996856689","587","33.485","19.092","0.27465804","3.86876758250109","0.463377460312018","25.65528462",
"4/28/1983","-40","-6.08845996856689","587","33.535","17.956","0","3.86689165271547","0.494600837167424","25.51257918",
"4/29/1983","-40","-6.08845996856689","587","34.068","19.05","0.13046256","3.84729203448936","0.518251852918228","24.51898062",
"4/30/1983","-40","-6.08845996856689","587","33.71","18.76","0.137328912","3.55449375501461","0.526043288564463","25.13514168",
"5/1/1983","-40","-6.08845996856689","587","33.784","19.686","0.054931644","3.47493013741298","0.442638905307688","24.9746616",
"5/2/1983","-40","-6.08845996856689","587","33.87","19.453","0","3.88402224212654","0.501712150267369","21.702879",
"5/3/1983","-40","-6.08845996856689","587","33.766","20.685","0.18196092","4.15202517878606","0.539679378500996","23.60936772",
"5/4/1983","-40","-6.08845996856689","587","33.634","19.218","0.52528392","4.05134896091152","0.528600037391244","24.04822932",
"5/5/1983","-40","-6.08845996856689","587","34.144","20.142","0.92353824","3.61863526772182","0.566845612873228","24.65398296",
"5/6/1983","-40","-6.08845996856689","587","29.079","20.955","0","3.87275655600103","0.612190394679475","13.61025432",
"5/7/1983","-40","-6.08845996856689","587","33.741","18.118","0","3.1674310108024","0.550870593295077","23.8109085",
"5/8/1983","-40","-6.08845996856689","587","32.427","20.232","0.17852796","4.56908044661784","0.624739399729786","22.4451054",
"5/9/1983","-40","-6.08845996856689","587","33.148","20.884","2.29339548","4.28729211724455","0.635804147525588","22.66931178",
"5/10/1983","-40","-6.08845996856689","587","31.908","19.71","0.05493168","4.50010362347911","0.635560852785629","18.05743368",
"5/11/1983","-40","-6.08845996856689","587","33.129","19.47","0.38108844","4.60728617094138","0.628377382566329","19.72299492",
"5/12/1983","-40","-6.08845996856689","587","33.708","19.12","0","4.5153343547177","0.53124929087139","23.54467608",
"5/13/1983","-40","-6.08845996856689","587","33.235","21.218","0","5.04559233292923","0.528898042745828","20.87358642",
"5/14/1983","-40","-6.08845996856689","587","33.273","19.792","0","4.2330259558513","0.561229810895265","22.80572298",
"5/15/1983","-40","-6.08845996856689","587","33.538","19.415","0","4.23899493612821","0.560385074825564","22.96529838",
"5/16/1983","-40","-6.08845996856689","587","30.547","20.583","33.1272245448","3.17204238424962","0.763665153308411","8.178977448",
"5/17/1983","-40","-6.08845996856689","587","33.448","19.51","0","3.83070126842989","0.594585919214065","20.65218786",
"5/18/1983","-40","-6.08845996856689","587","34.45","19.46","0","3.77804847980532","0.522166492509489","23.63236884",
"5/19/1983","-40","-6.08845996856689","587","33.461","20.124","0","4.31318924095713","0.550149445144271","23.52223314",
"5/20/1983","-40","-6.08845996856689","587","33.156","19.208","0","3.60547821529235","0.563407188334803","22.06574748",
"5/21/1983","-40","-6.08845996856689","587","34.907","20.223","0","3.87822743525685","0.583854284911219","23.24789892",
"5/22/1983","-40","-6.08845996856689","587","33.812","20.049","0","4.21685918935893","0.601466281102952","22.2065487",
"5/23/1983","-40","-6.08845996856689","587","33.646","20.087","0.351906012","4.45075828211857","0.576963504676738","23.27174568",
"5/24/1983","-40","-6.08845996856689","587","33.528","19.146","0","3.68910100344993","0.557925658899771","23.16690072",
"5/25/1983","-40","-6.08845996856689","587","33.405","18.995","0","3.69117033560861","0.592372796086928","22.98391308",
"5/26/1983","-40","-6.08845996856689","587","33.805","19.744","0.480651804","4.00271090721291","0.538941478956672","22.67049366",
"5/27/1983","-40","-6.08845996856689","587","33.992","19.976","0.32272344","4.17907294081863","0.5723548467124","22.96968822",
"5/28/1983","-40","-6.08845996856689","587","33.8","20.374","0.27465822","4.00336196571606","0.54269107371177","23.02712208",
"5/29/1983","-40","-6.08845996856689","587","33.709","20.886","3.24783072","3.96537404056162","0.685574552907944","21.87528858",
"5/30/1983","-40","-6.08845996856689","587","32.422","19.86","0.109863432","4.24808145936318","0.635423237235245","17.87243022",
"5/31/1983","-40","-6.08845996856689","587","32.333","18.883","0.02059938","2.87067384204262","0.650926630265464","18.6722505",
"6/1/1983","-40","-6.08845996856689","587","31.62","17.905","0.061798104","3.90246714681036","0.57653097569115","20.2394223",
"6/2/1983","-40","-6.08845996856689","587","33.234","17.238","0","3.24221388819631","0.523163632761149","22.96220274",
"6/3/1983","-40","-6.08845996856689","587","30.228","21.312","0.061798068","3.93177814482204","0.651147615812106","13.05270468",
"6/4/1983","-40","-6.08845996856689","587","30.541","19.973","3.774834","3.15874760907189","0.750976094826417","8.77950198",
"6/5/1983","-40","-6.08845996856689","587","31.079","17.7","0","3.47751805738615","0.622856466006676","21.12148368",
"6/6/1983","-40","-6.08845996856689","587","33.009","16.721","0","3.17265904159873","0.511435853814714","23.0743719",
"6/7/1983","-40","-6.08845996856689","587","33.36","17.347","0","3.87044773081256","0.47909848876892","22.7024433",
"6/8/1983","-40","-6.08845996856689","587","33.757","19.421","0","4.27897211420314","0.48898479719242","22.71790872",
"6/9/1983","-40","-6.08845996856689","587","33.719","18.966","0","4.28537225023691","0.48792736464685","22.45758822",
"6/10/1983","-40","-6.08845996856689","587","33.166","20.298","0.841140792","3.98156694760854","0.574794899777395","21.81087846",
"6/11/1983","-40","-6.08845996856689","587","33.45","19.075","0","4.49425315246334","0.462933025245479","20.36255526",
"6/12/1983","-40","-6.08845996856689","587","33.473","20.046","0.3467556144","3.82192427893252","0.50712992518095","22.3837263",
"6/13/1983","-40","-6.08845996856689","587","31.91","18.52","0","4.1053834339585","0.53998481855537","16.67002608",
"6/14/1983","-40","-6.08845996856689","587","32.277","19.547","5.678563464","3.91427454848385","0.615366653090219","19.15233948",
"6/15/1983","-40","-6.08845996856689","587","34.135","17.4","0","4.40641732831997","0.550232322652454","22.4044884",
"6/16/1983","-40","-6.08845996856689","587","33.103","19.561","0.068664528","4.60515730995104","0.610874630768122","22.23123372",
"6/17/1983","-40","-6.08845996856689","587","32.759","19.465","0","4.67352296933988","0.565378999911883","22.45708008",
"6/18/1983","-40","-6.08845996856689","587","31.661","17.052","0","5.0495816865595","0.461461902935574","22.8128076",
"6/19/1983","-40","-6.08845996856689","587","31.105","14.949","0","3.96150035303987","0.50153476264368","22.7980674",
"6/20/1983","-40","-6.08845996856689","587","31.275","16.475","0","4.0730324286558","0.462731106570358","22.9075884",
"6/21/1983","-40","-6.08845996856689","587","30.902","19.043","0","4.75838551253988","0.547509780071883","22.36550976",
"6/22/1983","-40","-6.08845996856689","587","31.121","16.275","0","3.98535193134819","0.51282482071297","18.76635396",
"6/23/1983","-40","-6.08845996856689","587","30.978","18.675","0.041198724","4.47240754713038","0.524810907068895","17.15568192",
"6/24/1983","-40","-6.08845996856689","587","32.243","17.152","0.393104808","3.92780743198367","0.537280862254108","21.05178768",
"6/25/1983","-40","-6.08845996856689","587","31.304","18.763","3.19633452","3.46114714614245","0.599306449484407","20.1854214",
"6/26/1983","-40","-6.08845996856689","587","32.161","16.488","0","3.108446971235","0.536648194720442","19.90524384",
"6/27/1983","-40","-6.08845996856689","587","33.345","17.781","0","4.19524518368652","0.429711431432414","21.23314272",
"6/28/1983","-40","-6.08845996856689","587","33.141","16.978","0","4.27725562628755","0.39820293728579","22.7695464",
"6/29/1983","-40","-6.08845996856689","587","32.828","16.513","0","3.90213150191075","0.465267598898362","22.786821",
"6/30/1983","-40","-6.08845996856689","587","32.69","17.826","0","3.78829985638518","0.573365618869359","22.63770792",
"7/1/1983","-40","-6.08845996856689","587","32.932","18.064","0","4.04090553191414","0.506020402943903","22.51266192",
"7/2/1983","-40","-6.08845996856689","587","32.176","18.824","0","4.65979992517815","0.526907653609837","22.59579312",
"7/3/1983","-40","-6.08845996856689","587","33.312","18.329","0","4.14239330420981","0.504262950899403","23.0522616",
"7/4/1983","-40","-6.08845996856689","587","33.578","17.825","0","3.73544170475345","0.517982738557993","22.77094968",
"7/5/1983","-40","-6.08845996856689","587","32.679","19.201","0.065231352","3.90562188998602","0.490395843385659","21.75823296",
"7/6/1983","-40","-6.08845996856689","587","31.967","20.139","0.109863288","5.00770223105942","0.565212610874499","21.67678512",
"7/7/1983","-40","-6.08845996856689","587","31.958","20.242","0.0102996792","4.95498490458436","0.534914849857541","22.78990692",
"7/8/1983","-40","-6.08845996856689","587","30.414","18.69","0.576782172","3.85980568349439","0.674663639677237","8.63004672",
"7/9/1983","-40","-6.08845996856689","587","31.014","18.239","1.53465408","4.30956067632785","0.643001562385561","20.2717728",
"7/10/1983","-40","-6.08845996856689","587","30.659","19.17","0.3124233","3.87100800306097","0.632010406877965","19.53826452",
"7/11/1983","-40","-6.08845996856689","587","32.594","19.825","0.0841140504","3.93363940386921","0.547833510809908","18.15046848",
"7/12/1983","-40","-6.08845996856689","587","31.936","18.478","0","4.53390764003012","0.557214292522325","20.88471852",
"7/13/1983","-40","-6.08845996856689","587","33.565","18.11","0","3.68335086105864","0.491169852791945","22.98318624",
"7/14/1983","-40","-6.08845996856689","587","32.535","19.763","2.22130062","4.74572683934505","0.508175607189127","18.30408966",
"7/15/1983","-40","-6.08845996856689","587","32.214","18.34","0","5.33384124676234","0.467967284611257","23.1362964",
"7/16/1983","-40","-6.08845996856689","587","32.555","17.122","0","4.41629051652809","0.512749245935767","22.9947786",
"7/17/1983","-40","-6.08845996856689","587","33.054","18.244","0","4.17903324619396","0.52280945480311","23.23799748",
"7/18/1983","-40","-6.08845996856689","587","33.755","17.878","0","3.93096999538004","0.495921768159625","23.4359424",
"7/19/1983","-40","-6.08845996856689","587","33.831","18.939","0.0034332264","4.1264417304447","0.504341673366611","23.39977752",
"7/20/1983","-40","-6.08845996856689","587","34.243","19.082","0","4.10728180100871","0.492157211268427","23.3808696",
"7/21/1983","-40","-6.08845996856689","587","33.704","18.771","0","4.72364322540328","0.48576133303071","23.52251052",
"7/22/1983","-40","-6.08845996856689","587","33.571","18.978","0","4.54895968411615","0.58424446584561","23.39020872",
"7/23/1983","-40","-6.08845996856689","587","31.216","17.423","0.034332264","4.25618252884756","0.590953493970914","17.50359384",
"7/24/1983","-40","-6.08845996856689","587","32.438","18.594","0.171661572","3.98069057168062","0.461933206872525","21.87657828",
"7/25/1983","-40","-6.08845996856689","587","32.851","18.049","0","4.19199272750581","0.402919601154989","24.11774856",
"7/26/1983","-40","-6.08845996856689","587","32.679","17.185","0","3.29736137192293","0.425321357648898","24.17355144",
"7/27/1983","-40","-6.08845996856689","587","33.109","17.278","0","4.59259161462131","0.43536034296408","22.95320544",
"7/28/1983","-40","-6.08845996856689","587","32.716","18.722","0","5.17180929736611","0.379269714842697","24.46958808",
"7/29/1983","-40","-6.08845996856689","587","33.036","17.218","0","4.40470003414458","0.334593774324559","24.73807248",
"7/30/1983","-40","-6.08845996856689","587","32.798","16.29","0","3.73848931490575","0.401029164329336","24.50340216",
"7/31/1983","-40","-6.08845996856689","587","33.093","17.851","0.202560156","4.07759673513658","0.421748163097073","24.4920924",
"8/1/1983","-40","-6.08845996856689","587","32.133","19.246","15.55595586","3.84547880757049","0.555384009227103","23.274222588",
"8/2/1983","-40","-6.08845996856689","587","31.995","20.031","7.765959024","3.48367282423121","0.559746921712731","22.22792046",
"8/3/1983","-40","-6.08845996856689","587","33.23","18.862","0.01373292","3.89561456810723","0.535342678584301","18.96772428",
"8/4/1983","-40","-6.08845996856689","587","32.178","19.957","0","4.49639094559203","0.498847570863653","22.8473964",
"8/5/1983","-40","-6.08845996856689","587","33.924","20.241","0.696945312","3.5268892975023","0.49919863423028","23.83464546",
"8/6/1983","-40","-6.08845996856689","587","33.159","20.664","1.34239176","5.94004676312446","0.537732814857974","23.63608494",
"8/7/1983","-40","-6.08845996856689","587","31.272","18.149","0","5.53549794233727","0.5558477194595","23.31297936",
"8/8/1983","-40","-6.08845996856689","587","30.933","17.528","0","4.39467077604595","0.603132635672911","18.7122942",
"8/9/1983","-40","-6.08845996856689","587","34.117","18.21","0","3.08870970266824","0.47247120504226","24.26338224",
"8/10/1983","-40","-6.08845996856689","587","34.351","19.911","0","4.58055610965641","0.404899126440372","24.97303296",
"8/11/1983","-40","-6.08845996856689","587","31.984","16.862","0","5.79728954158381","0.398573066145976","25.26670908",
"8/12/1983","-40","-6.08845996856689","587","32.193","17.708","0","4.8495161657559","0.456295617531877","23.93498952",
"8/13/1983","-40","-6.08845996856689","587","32.591","18.693","0","4.62385725350798","0.439285603483727","24.87206052",
"8/14/1983","-40","-6.08845996856689","587","33.595","19.726","0","4.42581585977279","0.436114180035258","23.5124946",
"8/15/1983","-40","-6.08845996856689","587","33.488","20.825","0.0034332264","4.91041073091376","0.422286850880903","24.01751052",
"8/16/1983","-40","-6.08845996856689","587","33.508","20.204","0.0343323","3.97750701623227","0.428187021171038","25.170471",
"8/17/1983","-40","-6.08845996856689","587","33.663","20.726","0.0652313088","3.68723886953973","0.501162618973426","20.8880946",
"8/18/1983","-40","-6.08845996856689","587","32.965","20.407","4.7927858184","3.19982499023036","0.572140541276181","17.6877",
"8/19/1983","-40","-6.08845996856689","587","34.714","21.096","1.218795732","4.06256474049868","0.459670202107098","19.885842162",
"8/20/1983","-40","-6.08845996856689","587","34.827","20.024","0","3.77018820573289","0.464284751345335","20.41446609",
"8/21/1983","-40","-6.08845996856689","587","34.455","21.225","0.1338958944","3.79879110079679","0.41595730423733","25.39709802",
"8/22/1983","-40","-6.08845996856689","587","34.316","20.265","0.0514984248","4.60521586254397","0.46071496361285","21.00988152",
"8/23/1983","-40","-6.08845996856689","587","33.821","19.538","0","5.20641193920052","0.450874800195918","24.59503008",
"8/24/1983","-40","-6.08845996856689","587","33.173","19.782","0","5.42013550152613","0.481424041008038","25.53777792",
"8/25/1983","-40","-6.08845996856689","587","33.745","19.062","0.0617980824","5.43259050614534","0.474891993751972","24.95125764",
"8/26/1983","-40","-6.08845996856689","587","33.385","19.321","0.106430076","5.3252763495783","0.453312288840098","26.02164294",
"8/27/1983","-40","-6.08845996856689","587","33.26","19.881","3.38172912","4.81014711876635","0.500306644800904","25.9162335",
"8/28/1983","-40","-6.08845996856689","587","32.971","20.283","4.4494614","5.18441505668936","0.562027656464582","24.0676857",
"8/29/1983","-40","-6.08845996856689","587","31.164","20.63","0","4.76458591338279","0.500592408534473","26.07699672",
"8/30/1983","-40","-6.08845996856689","587","33.346","20","0","4.72540707316529","0.432156430163816","25.11871326",
"8/31/1983","-40","-6.08845996856689","587","34.084","20.178","0","3.86916261129764","0.439805787851676","20.906946",
"9/1/1983","-40","-6.08845996856689","587","35.346","19.817","0","4.59425733250931","0.474450286030864","25.5224754",
"9/2/1983","-40","-6.08845996856689","587","36.011","19.47","0","3.72642401149541","0.474395784030191","26.514171",
"9/3/1983","-40","-6.08845996856689","587","36.344","20.6","0.0034332264","4.05474373647838","0.455444590258245","21.87129267",
"9/4/1983","-40","-6.08845996856689","587","35.364","20.625","0.61969752","4.67900770864889","0.477107969081066","26.44840791",
"9/5/1983","-40","-6.08845996856689","587","31.109","21.701","0.1201629312","5.05897600842706","0.521298331520321","14.99489586",
"9/6/1983","-40","-6.08845996856689","587","33.418","19.844","0","4.9719699246454","0.475537295733971","24.4258866",
"9/7/1983","-40","-6.08845996856689","587","33.315","20.735","0.0995635944","4.79018023273829","0.475609825680479","24.67597554",
"9/8/1983","-40","-6.08845996856689","587","34.157","19.21","0","3.64424878533224","0.434761035530241","27.08279316",
"9/9/1983","-40","-6.08845996856689","587","34.727","19.968","0.84457404","3.27930103921941","0.486222915909408","25.062244668",
"9/10/1983","-40","-6.08845996856689","587","34.714","21.477","0.2969743464","3.41369502852919","0.452273301514347","24.072858468",
"9/11/1983","-40","-6.08845996856689","587","34.979","19.651","0","3.83779422653659","0.382227653673397","27.240475968",
"9/12/1983","-40","-6.08845996856689","587","33.816","18.939","0","3.63023477547353","0.380414711391612","27.231859008",
"9/13/1983","-40","-6.08845996856689","587","35.195","20.443","0","4.44227798427098","0.412295051691896","27.196875288",
"9/14/1983","-40","-6.08845996856689","587","34.356","21.129","0","4.42246422311231","0.445685874641484","26.353676592",
"9/15/1983","-40","-6.08845996856689","587","34.568","20.458","0","5.11280927495782","0.427825496567248","27.522842832",
"9/16/1983","-40","-6.08845996856689","587","34.526","19.793","0","4.8436114334094","0.480412070259686","26.6223915",
"9/17/1983","-40","-6.08845996856689","587","32.005","20.628","0","5.65223465779574","0.523754283554659","27.485613288",
"9/18/1983","-40","-6.08845996856689","587","33.957","19.187","0","5.79610102219402","0.513842922495002","27.43717428",
"9/19/1983","-40","-6.08845996856689","587","35.199","20.444","0","4.90764845271888","0.421504816301504","27.531619848",
"9/20/1983","-40","-6.08845996856689","587","35.861","20.853","0","5.14081278138424","0.41869373865309","27.6237648",
"9/21/1983","-40","-6.08845996856689","587","35.016","21.28","0.09613026","5.82730254456324","0.448693387638631","27.773718552",
"9/22/1983","-40","-6.08845996856689","587","35.269","21.414","1.615331412","4.97792932232061","0.417045395807057","26.46263448",
"9/23/1983","-40","-6.08845996856689","587","35.052","21.822","0.31929048","5.14694461771046","0.356922824546615","27.80684946",
"9/24/1983","-40","-6.08845996856689","587","35.857","21.273","0","5.02061573907903","0.425154311204196","27.656379432",
"9/25/1983","-40","-6.08845996856689","587","35.473","20.459","0","5.27188428434823","0.441217561942434","27.70301916",
"9/26/1983","-40","-6.08845996856689","587","36.617","20.646","0","5.87833253199218","0.44586172763196","27.70722954",
"9/27/1983","-40","-6.08845996856689","587","35.966","21","0.42057054","5.46012606100629","0.446644863216627","27.194289408",
"9/28/1983","-40","-6.08845996856689","587","34.5","22.697","0.6694794","5.19828310563569","0.449366180318272","21.792372552",
"9/29/1983","-40","-6.08845996856689","587","33.843","21.333","0.434303352","4.54845784152079","0.536216875036588","21.016969848",
"9/30/1983","-40","-6.08845996856689","587","34.327","21.107","2.5800696","5.15268326793436","0.576128184629687","21.86431812",
"10/1/1983","-40","-6.08845996856689","587","33.851","21.069","0.05321502","5.83273888659134","0.507514900422331","22.32011592",
"10/2/1983","-40","-6.08845996856689","587","35.09","21.098","0.09956358","5.33731862693171","0.474563022023053","26.66222694",
"10/3/1983","-40","-6.08845996856689","587","33.534","21.665","0.0102996792","4.63071879548661","0.514476281971728","20.23655526",
"10/4/1983","-40","-6.08845996856689","587","34.196","21.506","0.2523421296","4.60851844260419","0.501873535238845","22.7178549",
"10/5/1983","-40","-6.08845996856689","587","32.564","20.943","7.007219532","4.14204328815549","0.593740382952867","16.350694668",
"10/6/1983","-40","-6.08845996856689","587","34.442","22.121","0","5.75152891812603","0.443595544490137","27.1218393",
"10/7/1983","-40","-6.08845996856689","587","34.205","22.261","0.0909805104","5.27575985623311","0.395640176044145","28.173753",
"10/8/1983","-40","-6.08845996856689","587","35.496","22.514","0.051498396","4.84112940515712","0.359892808956994","28.268069112",
"10/9/1983","-40","-6.08845996856689","587","36.417","22.815","0","4.86918207745093","0.431425496996657","27.911890728",
"10/10/1983","-40","-6.08845996856689","587","35.054","22.221","0.1424789784","4.8000598494374","0.492173786331976","24.803216352",
"10/11/1983","-40","-6.08845996856689","587","34.105","21.512","0","5.94258766231855","0.484018832469115","27.17010126",
"10/12/1983","-40","-6.08845996856689","587","34.424","20.013","0","5.6656685680387","0.452306018835384","25.286846112",
"10/13/1983","-40","-6.08845996856689","587","33.065","21.038","0","5.93949199883243","0.460933974845458","27.834208632",
"10/14/1983","-40","-6.08845996856689","587","34.87","21.142","0","5.68578863662339","0.446319622267458","28.4046813",
"10/15/1983","-40","-6.08845996856689","587","35.658","21.111","0","5.9215068718201","0.448968898231647","27.387630288",
"10/16/1983","-40","-6.08845996856689","587","35.009","21.122","0","6.12516044042219","0.465151449657877","28.0336428",
"10/17/1983","-40","-6.08845996856689","587","35.268","19.792","0","5.60515891260382","0.425221128593716","28.6289217",
"10/18/1983","-40","-6.08845996856689","587","36.076","20.608","0","5.54645542811837","0.423783213973832","23.80430124",
"10/19/1983","-40","-6.08845996856689","587","35.906","20.669","0","5.2645600700087","0.414794490529673","28.40954148",
"10/20/1983","-40","-6.08845996856689","587","35.992","20.409","0","5.67195302297993","0.41584457257899","28.3579317",
"10/21/1983","-40","-6.08845996856689","587","35.062","20.314","0","6.31169313514581","0.44588368565705","28.11219192",
"10/22/1983","-40","-6.08845996856689","587","35.023","20.154","0","5.6339256925448","0.413402839465341","28.5546402",
"10/23/1983","-40","-6.08845996856689","587","35.169","19.966","0","5.53357969147025","0.387957170798489","28.48138794",
"10/24/1983","-40","-6.08845996856689","587","35.745","19.914","0","5.03962748641538","0.421795301515341","25.56101484",
"10/25/1983","-40","-6.08845996856689","587","33.675","21.23","0.0686646","4.08058193836491","0.460180900003776","21.18335418",
"10/26/1983","-40","-6.08845996856689","587","34.627","22.779","0.6008153328","5.84618336286155","0.386984043021312","27.8670906",
"10/27/1983","-40","-6.08845996856689","587","34.531","21.903","0","6.16572646386894","0.374662197070274","28.44426222",
"10/28/1983","-40","-6.08845996856689","587","35.471","22.116","0.1665113184","5.34360902159743","0.434243418457332","27.89852058",
"10/29/1983","-40","-6.08845996856689","587","33.231","21.983","1.64623356","4.72027960045116","0.492343865527911","19.61825724",
"10/30/1983","-40","-6.08845996856689","587","33.817","21.781","0.4411698264","4.21678698284079","0.555751582096791","15.32992212",
"10/31/1983","-40","-6.08845996856689","587","34.163","21.773","2.073669624","5.72352063207301","0.514701068226123","25.65968184",
"11/1/1983","-40","-6.08845996856689","587","34.875","21.27","0","6.0684879835811","0.435637850573336","28.20427452",
"11/2/1983","-40","-6.08845996856689","587","36.004","21.097","0","5.93806710921804","0.444359033934089","28.1772567",
"11/3/1983","-40","-6.08845996856689","587","36.648","22.391","0","5.66950006972757","0.409359330920621","28.08872388",
"11/4/1983","-40","-6.08845996856689","587","36.524","21.84","0","4.90102262461158","0.413849515640928","23.23064322",
"11/5/1983","-40","-6.08845996856689","587","35.491","20.731","0","5.07292386511323","0.403146007953665","27.1366956",
"11/6/1983","-40","-6.08845996856689","587","34.648","20.967","0","5.11520989800439","0.459675194807372","21.94132734",
"11/7/1983","-40","-6.08845996856689","587","35.915","20.733","0","5.07227266306916","0.410451654297379","28.2434535",
"11/8/1983","-40","-6.08845996856689","587","35.604","20.782","0","4.88103561450154","0.426451877035585","28.12504518",
"11/9/1983","-40","-6.08845996856689","587","35.336","20.15","0","5.52491721159428","0.433053215152132","27.2224161",
"11/10/1983","-40","-6.08845996856689","587","34.378","20.958","0","5.84622016101159","0.412667763829603","27.57593898",
"11/11/1983","-40","-6.08845996856689","587","34.984","20.642","0","5.2959407086762","0.467252075341793","26.89672302",
"11/12/1983","-40","-6.08845996856689","587","35.278","20.845","0","4.41653381268346","0.408923276456115","27.56580552",
"11/13/1983","-40","-6.08845996856689","587","35.501","20.859","0.504684936","3.8503420179552","0.443464344220785","25.36240032",
"11/14/1983","-40","-6.08845996856689","587","32.626","22.166","1.3303763064","5.12054179061414","0.507542538816716","17.88069798",
"11/15/1983","-40","-6.08845996856689","587","34.112","21.24","0.0205993512","5.12910949102882","0.433081279546581","22.46793624",
"11/16/1983","-40","-6.08845996856689","587","34.883","21.165","0.058364856","5.4173596548912","0.453584086915732","28.2058731",
"11/17/1983","-40","-6.08845996856689","587","35.035","21.182","0","5.90436339220185","0.471153156964973","28.2011688",
"11/18/1983","-40","-6.08845996856689","587","35.028","20.851","0","5.57563971714898","0.433569476318302","27.87687072",
"11/19/1983","-40","-6.08845996856689","587","34.325","21.163","0","5.28990766544128","0.414380013408164","23.8761513",
"11/20/1983","-40","-6.08845996856689","587","32.597","20.8","0","4.09055314825098","0.454668761470995","19.74430998",
"11/21/1983","-40","-6.08845996856689","587","34.571","20.881","0","4.58085380023153","0.440514857597742","25.78837338",
"11/22/1983","-40","-6.08845996856689","587","35.007","21.377","0","4.91810576305031","0.416081886227367","27.4191165",
"11/23/1983","-40","-6.08845996856689","587","35.463","21.798","0","4.54477984328333","0.406226927633794","27.28922778",
"11/24/1983","-40","-6.08845996856689","587","35.153","20.986","0","4.73242723739134","0.420181490993078","26.1619371",
"11/25/1983","-40","-6.08845996856689","587","34.929","22.4","0","5.69683730722193","0.396752720921162","24.6415455",
"11/26/1983","-40","-6.08845996856689","587","35.396","21.211","0","4.74078017506836","0.403694270463034","28.13000238",
"11/27/1983","-40","-6.08845996856689","587","34.63","20.253","0.15792876","3.5814779861714","0.394528016738906","26.95398228",
"11/28/1983","-40","-6.08845996856689","587","33.819","22.547","1.04541804","4.23731583076424","0.473070373231383","20.4241446",
"11/29/1983","-40","-6.08845996856689","587","33.812","22.6","0.024032592","4.01804998633591","0.435292809393474","20.954479032",
"11/30/1983","-40","-6.08845996856689","587","32.103","21.109","0.1991271744","3.3729223867","0.507949308760444","14.934654",
"12/1/1983","-40","-6.08845996856689","587","32.861","21.124","0.0102996792","4.71268346517357","0.504394318998096","25.13604816",
"12/2/1983","-40","-6.08845996856689","587","33.13","21.65","2.2590639","3.39479271491682","0.514974590147205","19.721418372",
"12/3/1983","-40","-6.08845996856689","587","32.62","21.693","1.40762268","4.57011448117651","0.502433306725864","18.07048602",
"12/4/1983","-40","-6.08845996856689","587","34.196","21.107","0","4.64495244580992","0.424333888887326","26.80014348",
"12/5/1983","-40","-6.08845996856689","587","34.494","21.014","0","5.31544325039942","0.428005353918928","27.8436897",
"12/6/1983","-40","-6.08845996856689","587","34.602","20.575","0","5.42530661457038","0.446559777650943","24.90508476",
"12/7/1983","-40","-6.08845996856689","587","34.532","21.723","0","5.62432290167019","0.405831015867359","26.7624027",
"12/8/1983","-40","-6.08845996856689","587","35.136","20.904","0","5.66797206066693","0.415528956093129","28.3861053",
"12/9/1983","-40","-6.08845996856689","587","35.273","21.323","0","5.23164320732817","0.434117285657235","27.8107956",
"12/10/1983","-40","-6.08845996856689","587","35.747","21.428","0","5.38562122914109","0.435486462676548","27.78507918",
"12/11/1983","-40","-6.08845996856689","587","35.134","20.897","0","4.65604743976372","0.429845041118013","27.87012648",
"12/12/1983","-40","-6.08845996856689","587","35.326","21.735","0.04806504","5.33055023483071","0.433064849227588","28.18260198",
"12/13/1983","-40","-6.08845996856689","587","35.659","22.031","0.157928616","5.48011017694936","0.444522480543158","28.0268397",
"12/14/1983","-40","-6.08845996856689","587","35.07","21.429","0","4.81485479397203","0.448006819036032","27.16503912",
"12/15/1983","-40","-6.08845996856689","587","33.78","21.998","0","3.86653888660576","0.474751638567321","19.58742702",
"12/16/1983","-40","-6.08845996856689","587","34.315","23.314","0","5.59243347347824","0.471799999326917","21.35125998",
"12/17/1983","-40","-6.08845996856689","587","35.159","22.065","0.1579284","5.93789227713214","0.442798785819583","27.7681473",
"12/18/1983","-40","-6.08845996856689","587","35.798","22.478","0.8171082","5.67490317644467","0.383996342166062","28.34274222",
"12/19/1983","-40","-6.08845996856689","587","35.264","23.238","0","5.9755984197565","0.390524967744428","25.86493242",
"12/20/1983","-40","-6.08845996856689","587","35.069","21.935","0","5.63828237128128","0.451748003189581","22.11063696",
"12/21/1983","-40","-6.08845996856689","587","34.753","22.685","0.490951764","4.30591855281647","0.465234328558336","21.5164134",
"12/22/1983","-40","-6.08845996856689","587","32.468","21.91","0","3.8834481322961","0.503774937517686","14.6303415",
"12/23/1983","-40","-6.08845996856689","587","34.539","20.909","0.106430076","4.41005953749062","0.472964353752017","22.81320828",
"12/24/1983","-40","-6.08845996856689","587","33.712","21.732","0","5.16869518507662","0.444810676921574","25.9062129",
"12/25/1983","-40","-6.08845996856689","587","34.792","20.679","0","5.74867164674157","0.461150807218219","27.4191687",
"12/26/1983","-40","-6.08845996856689","587","34.566","21.542","0.051498432","5.19222225806182","0.478892995388248","23.94163404",
"12/27/1983","-40","-6.08845996856689","587","31.272","21.854","1.8470771064","4.30727455684034","0.570267081202638","19.26478296",
"12/28/1983","-40","-6.08845996856689","587","31.633","20.533","11.3399497728","4.04451740930092","0.61401917358515","18.71049636",
"12/29/1983","-40","-6.08845996856689","587","31.874","20.473","3.8864111256","3.88293182021669","0.60364300736291","16.85429964",
"12/30/1983","-40","-6.08845996856689","587","33.972","20.075","0","4.35336641045396","0.507268844200847","27.8942004",
"12/31/1983","-40","-6.08845996856689","587","34.621","20.445","0","4.60410635945681","0.481258245182523","27.89606052",
"1/1/1984","-40","-6.08845996856689","587","32.823","21.093","0.580215564","4.65535723339604","0.551059778948894","22.0235589",
"1/2/1984","-40","-6.08845996856689","587","34.076","21.47","0.33988968","4.62214218615616","0.437979375495984","24.70432302",
"1/3/1984","-40","-6.08845996856689","587","34.302","20.885","0","4.25129418040118","0.460982851516005","28.19559528",
"1/4/1984","-40","-6.08845996856689","587","34.112","21.186","2.114867772","4.12150819649131","0.543011950542892","27.3748446",
"1/5/1984","-40","-6.08845996856689","587","35.208","22.759","0.0068664528","4.92191249166831","0.450246263712403","25.89542424",
"1/6/1984","-40","-6.08845996856689","587","34.632","21.514","0.5458835304","3.78225213091753","0.507426816174058","21.58509348",
"1/7/1984","-40","-6.08845996856689","587","32.973","20.01","0.0171661392","3.48749895055386","0.555857325823142","18.93740904",
"1/8/1984","-40","-6.08845996856689","587","29.688","21.701","2.3105585952","2.7464926475592","0.602467728122718","9.71178714",
"1/9/1984","-40","-6.08845996856689","587","31.479","20.769","0.3158574984","3.8388909551718","0.557807002017158","21.19691304",
"1/10/1984","-40","-6.08845996856689","587","29.824","20.864","0.5235676272","3.88037709963039","0.541969214256594","18.58883166",
"1/11/1984","-40","-6.08845996856689","587","32.5","21.539","0.0909805104","4.09111587135762","0.47760326797429","22.89070638",
"1/12/1984","-40","-6.08845996856689","587","33.443","18.31","0","3.94395455678229","0.451816546418271","28.9549089",
"1/13/1984","-40","-6.08845996856689","587","34.123","18.264","0","4.41898010942525","0.44986677184557","26.3676897",
"1/14/1984","-40","-6.08845996856689","587","31.007","20.76","0.0343322712","3.80396721340614","0.580312416562114","14.25183444",
"1/15/1984","-40","-6.08845996856689","587","32.249","21.14","0.2240181864","4.29367146945999","0.532243736621391","24.91273296",
"1/16/1984","-40","-6.08845996856689","587","34.841","20.443","0.0274658184","4.70590601977876","0.525509559047482","22.37327802",
"1/17/1984","-40","-6.08845996856689","587","34.553","19.366","0","4.37291075936797","0.493887460030069","28.6196598",
"1/18/1984","-40","-6.08845996856689","587","32.154","19.901","0","4.50010038261196","0.517829227246379","26.8509456",
"1/19/1984","-40","-6.08845996856689","587","33.906","20.475","0.193977612","4.7723636959842","0.493204173205296","27.25239888",
"1/20/1984","-40","-6.08845996856689","587","34.491","19.591","0","3.87408483781763","0.469040051502196","28.80478746",
"1/21/1984","-40","-6.08845996856689","587","34.812","19.209","0","4.30387133724248","0.457450017502576","28.96244478",
"1/22/1984","-40","-6.08845996856689","587","34.815","18.919","0","4.43710483714704","0.457383931796961","28.9074321",
"1/23/1984","-40","-6.08845996856689","587","31.939","19.409","0","4.15801735143885","0.554186884298284","23.01812613",
"1/24/1984","-40","-6.08845996856689","587","35.409","20.002","0","4.52409949381544","0.515005445636871","27.6522201",
"1/25/1984","-40","-6.08845996856689","587","34.596","19.218","0","4.75794439249327","0.45481316918361","28.37485809",
"1/26/1984","-40","-6.08845996856689","587","35.892","20.384","0.0892638","4.87888365793849","0.489699691727213","23.92087023",
"1/27/1984","-40","-6.08845996856689","587","36.116","19.922","0.2746584","4.42144123290376","0.500023558988074","28.7546652",
"1/28/1984","-40","-6.08845996856689","587","32.974","21.477","1.4179229064","4.03001933865552","0.578049968728098","18.62533476",
"1/29/1984","-40","-6.08845996856689","587","34.672","20.927","3.17401776","5.33587646636417","0.551704662837833","28.09850796",
"1/30/1984","-40","-6.08845996856689","587","34.837","20.651","1.30462488","5.05829174887594","0.509774003088584","24.37689456",
"1/31/1984","-40","-6.08845996856689","587","35.164","19.797","0","4.29974430046581","0.489848806848913","24.5984598",
"2/1/1984","-40","-6.08845996856689","587","35.319","19.844","0","4.58742486071541","0.475948424200277","29.09644218",
"2/2/1984","-40","-6.08845996856689","587","36.186","18.626","0","3.9160025643335","0.459124130096898","29.33955153",
"2/3/1984","-40","-6.08845996856689","587","34.262","18.555","0","3.74350109225793","0.506972595388316","21.52085346",
"2/4/1984","-40","-6.08845996856689","587","33.639","20.217","0.205993656","4.65415404332073","0.545337760285059","19.8694701",
"2/5/1984","-40","-6.08845996856689","587","32.442","20.473","0.8136751464","4.14067720827242","0.599977528667944","21.32723934",
"2/6/1984","-40","-6.08845996856689","587","31.485","20.342","0.319290012","3.4900838319614","0.623569407168108","16.62198678",
"2/7/1984","-40","-6.08845996856689","587","29.202","20.26","5.7334883904","3.60664371924042","0.82731761105659","23.36574789",
"2/8/1984","-40","-6.08845996856689","587","33.932","20.032","0.604247904","4.21274716641709","0.598826076138422","26.53294815",
"2/9/1984","-40","-6.08845996856689","587","35.162","19.646","0","4.01165739074487","0.439531588137655","29.35591056",
"2/10/1984","-40","-6.08845996856689","587","33.215","20.776","1.62734904","3.84338887874279","0.624750502660406","20.455481538",
"2/11/1984","-40","-6.08845996856689","587","31.723","20.026","1.194763428","2.96835729119012","0.648765269718204","15.70826313",
"2/12/1984","-40","-6.08845996856689","587","32.745","20.369","2.25219708","2.96395185790877","0.624708543724248","20.304844578",
"2/13/1984","-40","-6.08845996856689","587","30.538","20.954","0.0308990448","3.36921891357764","0.604614045505324","20.49283215",
"2/14/1984","-40","-6.08845996856689","587","29.772","20.653","1.218795732","3.30312991617295","0.670890609350782","14.298355458",
"2/15/1984","-40","-6.08845996856689","587","32.658","20.771","0.6797789928","3.98532456101773","0.614216109031214","21.886641378",
"2/16/1984","-40","-6.08845996856689","587","35.432","20.462","0.0240326064","3.75537326974146","0.510824236622287","26.99932527",
"2/17/1984","-40","-6.08845996856689","587","35.23","22.336","0.151061976","4.21685396674409","0.471008821736773","26.92749744",
"2/18/1984","-40","-6.08845996856689","587","35.65","19.894","0.14419548","4.25290027848478","0.484641737556938","22.52351205",
"2/19/1984","-40","-6.08845996856689","587","35.356","22.064","0.322723512","4.47380540435662","0.531357191398267","21.89244177",
"2/20/1984","-40","-6.08845996856689","587","35.194","21.021","0.796509252","4.51548671530352","0.533467907720505","22.53099267",
"2/21/1984","-40","-6.08845996856689","587","35.115","20.724","0.092697012","4.52554729597007","0.471892570301827","28.76226084",
"2/22/1984","-40","-6.08845996856689","587","35.874","20.475","0","4.57543498838896","0.458908929714139","29.0041938",
"2/23/1984","-40","-6.08845996856689","587","34.582","20.034","0","4.44793320969764","0.518427310487721","21.70012392",
"2/24/1984","-40","-6.08845996856689","587","34.709","20.529","0","4.78130717295425","0.492897317902517","22.57206156",
"2/25/1984","-40","-6.08845996856689","587","35.004","19.958","0.24032592","4.5297291999665","0.515535511477612","22.23618732",
"2/26/1984","-40","-6.08845996856689","587","36.329","19.712","0.937271124","4.24877189948358","0.499029977863655","29.39745528",
"2/27/1984","-40","-6.08845996856689","587","35.745","20.965","0.05493168","4.93615168370147","0.386884902447037","29.3694354",
"2/28/1984","-40","-6.08845996856689","587","36.973","19.979","0.18539424","4.06292130568664","0.403271326310576","29.23750152",
"2/29/1984","-40","-6.08845996856689","587","32.532","20.825","1.05400152","3.74012147956559","0.593871413377253","17.58504312",
"3/1/1984","-40","-6.08845996856689","587","31.357","20.755","4.1095721448","3.76413466763114","0.738450923227676","14.484825",
"3/2/1984","-40","-6.08845996856689","587","33.034","19.551","2.791213524","3.9316299419182","0.697161160747428","22.9553406",
"3/3/1984","-40","-6.08845996856689","587","34.248","20.11","0.116729676","4.18820597335119","0.583987278851669","28.53393084",
"3/4/1984","-40","-6.08845996856689","587","35.082","20.581","0.230026284","4.33083831521645","0.561585439621874","23.65464285",
"3/5/1984","-40","-6.08845996856689","587","33.364","21.218","5.009077224","3.41254066726229","0.664492342713788","20.256300018",
"3/6/1984","-40","-6.08845996856689","587","31.242","21.06","4.5867909384","3.14335383335237","0.784501895202156","11.66630049",
"3/7/1984","-40","-6.08845996856689","587","30.811","20.853","11.870384364","2.49274380556411","0.82622123475202","10.91002707",
"3/8/1984","-40","-6.08845996856689","587","26.661","20.604","109.609194096","2.15530626273386","0.883353218219843","7.7866317",
"3/9/1984","-40","-6.08845996856689","587","28.991","18.581","2.6161210296","1.99664044013975","0.82021238043479","17.17413615",
"3/10/1984","-40","-6.08845996856689","587","32.451","20.759","9.582134472","2.00442277604061","0.854413879679389","19.29970638",
"3/11/1984","-40","-6.08845996856689","587","26.82","20.648","21.92460228","1.41779991457962","0.896597495745183","23.1104799",
"3/12/1984","-40","-6.08845996856689","587","25.397","20.867","20.76072966","1.99386186996271","0.908527697694529","13.37855508",
"3/13/1984","-40","-6.08845996856689","587","28.373","20.564","6.0150131064","1.97567641138183","0.8489953537098","18.470418912",
"3/14/1984","-40","-6.08845996856689","587","28.288","19.782","12.6960789384","2.31937206619033","0.851409711651306","17.47839384",
"3/15/1984","-40","-6.08845996856689","587","25.58","19.85","52.5936132","1.33229655748189","0.931497878430813","9.72759816",
"3/16/1984","-40","-6.08845996856689","587","28.785","19.898","13.801575096","2.30212770347744","0.837665666996273","15.181986528",
"3/17/1984","-40","-6.08845996856689","587","33.174","19.98","10.371778956","2.61526078731413","0.708535445922365","22.32320562",
"3/18/1984","-40","-6.08845996856689","587","32.872","20.668","5.218505028","2.62403378830482","0.703825223011379","21.8428299",
"3/19/1984","-40","-6.08845996856689","587","29.691","20.178","4.586791716","2.03388613819416","0.81527881111662","11.32734762",
"3/20/1984","-40","-6.08845996856689","587","32.877","20.948","4.7035250064","2.9877296064467","0.721223013327636","19.84944906",
"3/21/1984","-40","-6.08845996856689","587","31.507","20.513","3.3782962896","3.16546231824052","0.807440735132171","11.75405778",
"3/22/1984","-40","-6.08845996856689","587","25.05","21.257","83.58195168","2.14847153519796","0.940862669611625","10.896012864",
"3/23/1984","-40","-6.08845996856689","587","30.485","18.284","4.3739313984","1.8303554895573","0.796966105375585","25.9742817",
"3/24/1984","-40","-6.08845996856689","587","30.892","20.764","66.0656034","2.46072569732334","0.840090328815054","21.185492724",
"3/25/1984","-40","-6.08845996856689","587","31.474","20.675","2.544021216","3.13246358864854","0.763420875071079","25.33922478",
"3/26/1984","-40","-6.08845996856689","587","33.419","19.974","0.9544365","3.68518008997771","0.724095879935957","22.7261826",
"3/27/1984","-40","-6.08845996856689","587","33.299","20.327","1.3835916","4.12613838081146","0.674583791947097","25.30535814",
"3/28/1984","-40","-6.08845996856689","587","32.108","20.259","1.1604308472","3.93552357256698","0.688313638850818","20.6327844",
"3/29/1984","-40","-6.08845996856689","587","33.152","19.732","1.551820248","3.32648393090374","0.678770750544104","22.46000652",
"3/30/1984","-40","-6.08845996856689","587","33.693","20.878","2.51655732","3.66370396526859","0.653485156373739","27.19653642",
"3/31/1984","-40","-6.08845996856689","587","33.811","20.752","3.55510908","3.12440537330525","0.722567260220748","20.33178696",
"4/1/1984","-40","-6.08845996856689","587","29.037","21.069","5.80558932","2.83565979278584","0.849507837431072","21.035817",
"4/2/1984","-40","-6.08845996856689","587","27.475","20.1","11.274720984","2.53601075211409","0.882463243632476","18.7427862",
"4/3/1984","-40","-6.08845996856689","587","31.748","19.152","8.0303160024","2.22875687188179","0.819194835564541","20.4415857",
"4/4/1984","-40","-6.08845996856689","587","28.446","20.102","6.77375478","2.09687370143451","0.840161359153107","13.90106448",
"4/5/1984","-40","-6.08845996856689","587","29.902","20.029","3.196334484","3.3782313755613","0.758067007189887","25.9749486",
"4/6/1984","-40","-6.08845996856689","587","28.603","19.96","6.62613012","2.71633616176449","0.847956220510354","17.97041214",
"4/7/1984","-40","-6.08845996856689","587","31.708","19.494","0.295257492","3.22744971504707","0.689376823398066","26.10332208",
"4/8/1984","-40","-6.08845996856689","587","32.792","19.484","0.418853592","3.36919634323038","0.64981801896682","21.7409688",
"4/9/1984","-40","-6.08845996856689","587","32.382","20.698","1.3355249832","3.36426016322444","0.634970445600329","23.98674546",
"4/10/1984","-40","-6.08845996856689","587","29.393","19.885","5.71975488","2.4374240401091","0.790373199259316","23.22770832",
"4/11/1984","-40","-6.08845996856689","587","30.435","19.229","3.8658162024","2.84339793946557","0.781649580528763","17.46854712",
"4/12/1984","-40","-6.08845996856689","587","29.213","18.477","6.552311868","2.17591735870144","0.851793138645668","20.53315602",
"4/13/1984","-40","-6.08845996856689","587","23.467","20.393","4.373931672","1.32714572078726","0.938539721789027","6.64773822",
"4/14/1984","-40","-6.08845996856689","587","27.206","20.01","71.548523316","3.0685037110009","0.879393570698484","10.94000508",
"4/15/1984","-40","-6.08845996856689","587","27.043","20.855","19.68269364","2.0264297630257","0.899521128462918","11.57113008",
"4/16/1984","-40","-6.08845996856689","587","31.609","20.305","10.51598142","2.90520763325485","0.773621966176944","24.55959978",
"4/17/1984","-40","-6.08845996856689","587","24.952","20.862","71.0163010584","1.33650036900126","0.941412357143683","6.021671112",
"4/18/1984","-40","-6.08845996856689","587","24.016","20.345","14.350890384","2.00555716364821","0.950975485314579","6.6023406",
"4/19/1984","-40","-6.08845996856689","587","24.82","19.629","21.921152976","1.56005312359053","0.945901638303267","12.41285886",
"4/20/1984","-40","-6.08845996856689","587","25.376","19.766","30.56601708","2.0346097384047","0.927068776369733","6.79499784",
"4/21/1984","-40","-6.08845996856689","587","26.371","19.168","11.49444684","1.4961369636257","0.923622122592032","14.17342932",
"4/22/1984","-40","-6.08845996856689","587","27.515","20.144","10.735706304","2.57315687440069","0.891877095141945","16.87499982",
"4/23/1984","-40","-6.08845996856689","587","30.331","18.702","0.3467559816","1.90637748022272","0.8132052851924","16.33336362",
"4/24/1984","-40","-6.08845996856689","587","28.549","17.584","3.5568238392","1.43078377273559","0.859831831603143","21.80649024",
"4/25/1984","-40","-6.08845996856689","587","27.201","19.335","11.1064918392","1.57010982472915","0.909077829020293","22.793625",
"4/26/1984","-40","-6.08845996856689","587","28.738","19.252","2.6744840424","2.20118215939639","0.831764668129811","20.6031834",
"4/27/1984","-40","-6.08845996856689","587","30.048","19.599","0.2643585984","2.97889298084728","0.738435925120704","23.35033548",
"4/28/1984","-40","-6.08845996856689","587","30.328","19.447","1.593017784","2.99165635879696","0.728231285206184","24.82419834",
"4/29/1984","-40","-6.08845996856689","587","30.213","19.577","0.051498432","3.54183560112698","0.649775868411743","24.6727638",
"4/30/1984","-40","-6.08845996856689","587","30.022","19.257","0.308990664","2.89097009039744","0.70599259313369","20.91476142",
"5/1/1984","-40","-6.08845996856689","587","30.862","20.195","2.3740767","3.44153099004574","0.761015587007191","20.99176632",
"5/2/1984","-40","-6.08845996856689","587","30.282","19.098","0.71926164","3.6291752706603","0.701528069308371","23.91502572",
"5/3/1984","-40","-6.08845996856689","587","28.592","20.08","2.207565324","2.60708309119958","0.788815724296096","16.47821286",
"5/4/1984","-40","-6.08845996856689","587","28.42","18.76","0.0102996864","2.78237550700681","0.722598913812873","16.54312518",
"5/5/1984","-40","-6.08845996856689","587","28.125","20.035","1.4333756328","2.6760083916756","0.752184848970183","12.22104762",
"5/6/1984","-40","-6.08845996856689","587","27.122","19.311","5.9051517696","1.64206528888164","0.803632699690041","14.61127356",
"5/7/1984","-40","-6.08845996856689","587","24.712","18.568","2.813529996","1.56790518892858","0.893724983660044","6.56758008",
"5/8/1984","-40","-6.08845996856689","587","23.051","16.887","7.1359609824","1.60346278679863","0.909472480417374","6.03478368",
"5/9/1984","-40","-6.08845996856689","587","22.67","18.388","6.095697192","2.29169642889479","0.937805337812844","6.6464973",
"5/10/1984","-40","-6.08845996856689","587","28.247","18.627","0.506400912","2.30279788062015","0.789424352337507","13.05467406",
"5/11/1984","-40","-6.08845996856689","587","29.946","17.64","0","2.55461373613958","0.733382683649856","22.91596902",
"5/12/1984","-40","-6.08845996856689","587","25.14","18.971","4.3696368792","1.96836843044242","0.884011879316017","19.7107947",
"5/13/1984","-40","-6.08845996856689","587","29.349","19.104","1.7612452512","3.19837450461406","0.821646671315508","20.63160144",
"5/14/1984","-40","-6.08845996856689","587","26.58","20.191","1.812744144","2.38338641618338","0.896627127233736","8.47945872",
"5/15/1984","-40","-6.08845996856689","587","26.669","19.727","2.9130939144","1.7213482472379","0.863601397627108","15.97117284",
"5/16/1984","-40","-6.08845996856689","587","24.625","18.845","4.61941092","2.40503469361405","0.885544335290146","6.189408972",
"5/17/1984","-40","-6.08845996856689","587","29.067","19.429","2.580068844","2.7435389575083","0.85046576432348","20.3276808",
"5/18/1984","-40","-6.08845996856689","587","29.637","18.995","4.665755268","2.88393799117729","0.825764646623948","22.6193112",
"5/19/1984","-40","-6.08845996856689","587","28.3","19.943","25.11747576","2.22497130662473","0.907950878063816","18.02800782",
"5/20/1984","-40","-6.08845996856689","587","22.95","19.456","75.7095444","2.10546473864019","0.948728502630257","3.997742868",
"5/21/1984","-40","-6.08845996856689","587","28.006","19.225","17.2914531264","2.40489159329271","0.873353500976907","9.817314552",
"5/22/1984","-40","-6.08845996856689","587","27.565","17.119","0.5750659584","2.68570625528488","0.864141551984182","11.8436616",
"5/23/1984","-40","-6.08845996856689","587","29.702","19.407","0.212860332","4.00760114595994","0.750277593965936","22.6155366",
"5/24/1984","-40","-6.08845996856689","587","26.747","19.036","0.8617407984","3.95282565444007","0.824654124252214","18.59355378",
"5/25/1984","-40","-6.08845996856689","587","29.858","18.237","0.075530988","3.83552290444987","0.686759491613989","20.64909582",
"5/26/1984","-40","-6.08845996856689","587","29.358","17.299","0","3.37924379546806","0.683058304175554","22.99066722",
"5/27/1984","-40","-6.08845996856689","587","29.974","19.478","0.5270007384","3.62715797276524","0.668232374872412","22.921488",
"5/28/1984","-40","-6.08845996856689","587","30.047","17.826","0","3.43722853984992","0.66232045514027","22.8730941",
"5/29/1984","-40","-6.08845996856689","587","30.779","18.18","0","3.06869771492334","0.652579567562563","23.04208098",
"5/30/1984","-40","-6.08845996856689","587","28.938","18.439","0.15106176","3.55340854830953","0.737934625339602","21.6892719",
"5/31/1984","-40","-6.08845996856689","587","30.491","18.235","0.20427732","3.36360894783502","0.650983120154115","23.10935796",
"6/1/1984","-40","-6.08845996856689","587","30.109","17.75","2.5955208","4.0661073671148","0.656272374211426","18.97042716",
"6/2/1984","-40","-6.08845996856689","587","30.028","17.991","2.2213008","4.98066874525018","0.662731618097605","22.80020706",
"6/3/1984","-40","-6.08845996856689","587","30.211","16.657","0","3.81716576789639","0.640208299229664","21.6330804",
"6/4/1984","-40","-6.08845996856689","587","26.216","19.091","17.5643792064","2.62182021678322","0.846978276762888","10.740991068",
"6/5/1984","-40","-6.08845996856689","587","29.711","19.309","4.6932246","3.3245132395707","0.732163570494662","20.26986192",
"6/6/1984","-40","-6.08845996856689","587","30.144","19.334","0.109863288","3.18443461260245","0.662609096489689","18.56277936",
"6/7/1984","-40","-6.08845996856689","587","30.732","18.868","0.00686646","3.68972581109295","0.670317270148024","22.6094706",
"6/8/1984","-40","-6.08845996856689","587","28.863","19.663","5.97724704","3.08111940365372","0.773572057697583","13.98313062",
"6/9/1984","-40","-6.08845996856689","587","31.341","18.246","0.0137329128","2.59569014054379","0.66744755911072","19.3510143",
"6/10/1984","-40","-6.08845996856689","587","31.203","19.204","0","3.14897529593088","0.646009209663825","22.2526683",
"6/11/1984","-40","-6.08845996856689","587","28.329","18.378","0.820541052","3.0983822208868","0.760419060815491","11.00699856",
"6/12/1984","-40","-6.08845996856689","587","29.566","18.35","0.0137329128","4.36363759250678","0.63849476997431","21.75030504",
"6/13/1984","-40","-6.08845996856689","587","29.974","17.495","0","3.61436254151717","0.618667891144731","22.42051308",
"6/14/1984","-40","-6.08845996856689","587","30.07","17.922","0","3.6614023672026","0.625076675109385","22.62093012",
"6/15/1984","-40","-6.08845996856689","587","30.554","17.795","0.164794788","2.98538977147266","0.653893394472522","22.6393344",
"6/16/1984","-40","-6.08845996856689","587","30.311","19.984","0.6420132144","3.71644015578055","0.625270480829913","21.0602844",
"6/17/1984","-40","-6.08845996856689","587","30.284","17.592","0.02746584","3.52787033298406","0.631679096802304","20.83516416",
"6/18/1984","-40","-6.08845996856689","587","30.271","19.554","1.2016298448","2.84844524562712","0.637700979938884","21.25653732",
"6/19/1984","-40","-6.08845996856689","587","29.149","20.011","5.156708292","4.17616248245956","0.689029684103141","21.20754564",
"6/20/1984","-40","-6.08845996856689","587","29.65","17.311","0.096130404","3.82867763644147","0.641970691010106","22.49544312",
"6/21/1984","-40","-6.08845996856689","587","30.122","17.849","1.9174572","3.66369849554543","0.61533188348666","19.15447428",
"6/22/1984","-40","-6.08845996856689","587","30.866","19.245","0.466918848","3.86562749170107","0.581519703589969","18.71470908",
"6/23/1984","-40","-6.08845996856689","587","28.558","18.382","2.856450996","4.90844219659877","0.724909487006934","18.79576452",
"6/24/1984","-40","-6.08845996856689","587","28.783","16.715","0","5.21869993168453","0.683791074860092","22.72623372",
"6/25/1984","-40","-6.08845996856689","587","29.283","15.728","0","4.51851288895131","0.629065309018435","22.981158",
"6/26/1984","-40","-6.08845996856689","587","30.542","16.507","0","3.4495824549824","0.606899382113941","22.6436598",
"6/27/1984","-40","-6.08845996856689","587","30.959","17.141","0","3.71535321199855","0.644276546236002","22.32427392",
"6/28/1984","-40","-6.08845996856689","587","26.153","18.735","0.1270294704","3.14913089056729","0.745602715209447","7.26204258",
"6/29/1984","-40","-6.08845996856689","587","28.169","19.262","1.41105474","2.72806718528036","0.678006098446555","13.2786513",
"6/30/1984","-40","-6.08845996856689","587","29.817","17.225","0","4.38438036464539","0.563999094327512","22.540896",
"7/1/1984","-40","-6.08845996856689","587","30.599","18.214","1.0471312584","4.46604078094491","0.581383394554367","22.60102428",
"7/2/1984","-40","-6.08845996856689","587","29.734","17.382","3.065870016","4.2795940562941","0.711927333802664","16.38984312",
"7/3/1984","-40","-6.08845996856689","587","30.474","18.033","2.4925203432","4.49188533611766","0.673480503857996","20.19819492",
"7/4/1984","-40","-6.08845996856689","587","30.564","16.787","0.80337528","3.77989162110305","0.62939049931195","22.98696372",
"7/5/1984","-40","-6.08845996856689","587","30.698","19.07","0.00686646","3.88727447521865","0.61173375221882","22.62357936",
"7/6/1984","-40","-6.08845996856689","587","28.255","19.711","0.518417856","4.0801677419043","0.677371373827177","18.29306124",
"7/7/1984","-40","-6.08845996856689","587","30.81","18.455","2.5096868928","4.63668785178084","0.619368520475605","22.3543701",
"7/8/1984","-40","-6.08845996856689","587","30.258","17.673","0","4.76369967145842","0.578504006440741","22.714092",
"7/9/1984","-40","-6.08845996856689","587","30.724","17.546","0.0102996792","4.76741612798492","0.578604773764904","22.7454102",
"7/10/1984","-40","-6.08845996856689","587","29.362","18.562","0.1184463504","4.55625661801253","0.652776320326737","22.1830344",
"7/11/1984","-40","-6.08845996856689","587","29.31","16.179","0","4.75726059784189","0.645038357955826","22.77123912",
"7/12/1984","-40","-6.08845996856689","587","30.061","15.897","0","3.93509292395025","0.645048487890228","22.05669492",
"7/13/1984","-40","-6.08845996856689","587","31.163","16.808","0","3.45639299400258","0.558473957733802","22.97542392",
"7/14/1984","-40","-6.08845996856689","587","26.075","17.556","0.041198724","4.34612891196416","0.665964455215199","19.87784712",
"7/15/1984","-40","-6.08845996856689","587","30.413","17.178","0.49095108","5.03860270364809","0.570268376575022","22.23337968",
"7/16/1984","-40","-6.08845996856689","587","30.772","17.366","1.198196784","4.33261673045717","0.640030980453717","18.26470908",
"7/17/1984","-40","-6.08845996856689","587","28.02","18.114","1.8419265144","4.90163527266343","0.708486424152454","15.16842648",
"7/18/1984","-40","-6.08845996856689","587","28.38","18.039","0.394821","5.90668770850988","0.629617373497186","18.66307932",
"7/19/1984","-40","-6.08845996856689","587","29.141","17.332","0","5.0842628359405","0.593839976093061","21.0448152",
"7/20/1984","-40","-6.08845996856689","587","31.007","17.602","0","4.90780729696009","0.516206804819232","23.45045652",
"7/21/1984","-40","-6.08845996856689","587","31.809","17.963","0","3.74070918776058","0.587215635938132","19.07330616",
"7/22/1984","-40","-6.08845996856689","587","31.629","20.398","0.3742215264","4.23053134633606","0.63120474072628","18.52239528",
"7/23/1984","-40","-6.08845996856689","587","29.914","20.048","3.491589492","4.27224026714326","0.662436349543589","18.44358732",
"7/24/1984","-40","-6.08845996856689","587","30.563","19.255","2.28653028","4.67563045290372","0.589759866870012","23.6536758",
"7/25/1984","-40","-6.08845996856689","587","30.652","16.657","0.00686646","4.85803896108605","0.480095196539486","24.06746268",
"7/26/1984","-40","-6.08845996856689","587","30.488","16.514","0.0171661392","4.26085388875255","0.501731764642506","24.31524636",
"7/27/1984","-40","-6.08845996856689","587","30.775","18.382","0.01373292","3.90673660432826","0.462274801819735","21.98711232",
"7/28/1984","-40","-6.08845996856689","587","31.331","16.802","0","3.71724514127005","0.461347864888858","24.10751088",
"7/29/1984","-40","-6.08845996856689","587","31.513","19.536","0.216293472","3.52383086782159","0.500060358969354","18.5308911",
"7/30/1984","-40","-6.08845996856689","587","31.206","18.431","0","4.94614121013678","0.470738570932278","24.13682064",
"7/31/1984","-40","-6.08845996856689","587","31.477","17.319","0","5.15761709172097","0.454579403558393","24.54710328",
"8/1/1984","-40","-6.08845996856689","587","31.157","17.472","0","4.38943865738712","0.428755867015394","24.24650436",
"8/2/1984","-40","-6.08845996856689","587","31.079","19.852","0.28581624","3.93065061712187","0.495056561571387","23.49331146",
"8/3/1984","-40","-6.08845996856689","587","32.19","17.476","0","3.53528479899947","0.498560683267478","24.5423322",
"8/4/1984","-40","-6.08845996856689","587","31.17","17.849","0","4.07184610648835","0.542756916584388","24.33887028",
"8/5/1984","-40","-6.08845996856689","587","31.908","19.013","0","4.07588238032358","0.516330467797616","24.15526848",
"8/6/1984","-40","-6.08845996856689","587","32.598","19.236","0.0137329056","4.19000344396861","0.478440218534149","24.99120108",
"8/7/1984","-40","-6.08845996856689","587","32.479","18.777","0","4.90348068509425","0.449605080000118","23.90219676",
"8/8/1984","-40","-6.08845996856689","587","31.721","19.746","3.113935164","4.45651192937705","0.544533321102888","24.22754406",
"8/9/1984","-40","-6.08845996856689","587","31.721","18.972","0.2729419128","4.89218975763221","0.518582813195794","20.39545908",
"8/10/1984","-40","-6.08845996856689","587","31.791","17.643","0","5.35091258573802","0.478198838145423","25.27154676",
"8/11/1984","-40","-6.08845996856689","587","32.72","16.946","0","4.67384426680508","0.385933778447091","25.72217244",
"8/12/1984","-40","-6.08845996856689","587","32.075","17.684","0","3.97934528202091","0.512542233743853","24.9698808",
"8/13/1984","-40","-6.08845996856689","587","33.185","19.895","0","3.94373661888367","0.476872121373535","20.404179",
"8/14/1984","-40","-6.08845996856689","587","32.598","20.021","0.103855104","3.85847612389984","0.547803393903164","21.4779906",
"8/15/1984","-40","-6.08845996856689","587","33.013","20.189","0","4.56770399116161","0.522998832974421","23.58624564",
"8/16/1984","-40","-6.08845996856689","587","32.948","19.811","0","4.29279801082884","0.471115982345386","25.5170304",
"8/17/1984","-40","-6.08845996856689","587","33.9","19.176","0","3.87339631218516","0.435520050250503","25.71423786",
"8/18/1984","-40","-6.08845996856689","587","33.474","19.408","0","4.84044374293929","0.484326070703529","25.65866646",
"8/19/1984","-40","-6.08845996856689","587","32.136","19.72","0.0068664528","5.39102936814509","0.435901715666437","25.9539228",
"8/20/1984","-40","-6.08845996856689","587","31.337","17.615","0","5.52989235469198","0.469013789360425","25.91128098",
"8/21/1984","-40","-6.08845996856689","587","31.553","19.41","0.427436964","5.26785677825748","0.551951666636801","25.35891174",
"8/22/1984","-40","-6.08845996856689","587","32.493","20.038","1.5629768424","4.91861650499433","0.554047478470728","25.033447908",
"8/23/1984","-40","-6.08845996856689","587","33.613","18.819","0.0034332264","5.63336302459514","0.557391802131827","21.5161866",
"8/24/1984","-40","-6.08845996856689","587","32.924","18.449","0","4.79945919066848","0.52035257202273","25.48186686",
"8/25/1984","-40","-6.08845996856689","587","33.426","19.882","0","4.09584468962803","0.490396581595091","25.34214258",
"8/26/1984","-40","-6.08845996856689","587","35","20.713","0.12531276","3.19987434561919","0.477770591214447","21.25113732",
"8/27/1984","-40","-6.08845996856689","587","32.929","20.694","2.52857196","4.04399818018544","0.538237203413887","20.60746776",
"8/28/1984","-40","-6.08845996856689","587","34.033","20.982","0.231742872","5.01575204372828","0.479884562669934","25.40390733",
"8/29/1984","-40","-6.08845996856689","587","32.466","20.787","0.88920576","4.67872354716326","0.502041345875045","20.5106022",
"8/30/1984","-40","-6.08845996856689","587","32.511","18.878","0","6.0754860257797","0.454174466843356","26.42456736",
"8/31/1984","-40","-6.08845996856689","587","33.332","18.529","0.0291824424","4.95236292974172","0.4447685585613","26.36797446",
"9/1/1984","-40","-6.08845996856689","587","31.644","19.708","1.61533404","5.27223778309485","0.574563486862267","20.65499406",
"9/2/1984","-40","-6.08845996856689","587","31.655","19.198","0","5.42945967675324","0.537111075404858","24.27356052",
"9/3/1984","-40","-6.08845996856689","587","31.574","19.302","0","5.34597493561591","0.554288841532428","21.43693089",
"9/4/1984","-40","-6.08845996856689","587","32.982","19.522","0.07209774","5.75458688375376","0.509082278997038","22.59297972",
"9/5/1984","-40","-6.08845996856689","587","33.002","20.373","0.5338668096","4.95911892889239","0.518738059325183","21.9851397",
"9/6/1984","-40","-6.08845996856689","587","32.867","19.754","0.2489094","5.67279341959972","0.468185550353721","26.0981973",
"9/7/1984","-40","-6.08845996856689","587","32.819","19.69","0","5.490051099291","0.475213591742612","26.97091686",
"9/8/1984","-40","-6.08845996856689","587","33.111","20.454","0","4.97456071812159","0.483661118479457","26.62324074",
"9/9/1984","-40","-6.08845996856689","587","34.495","20.806","0","5.37262001227605","0.465493080202159","27.09112374",
"9/10/1984","-40","-6.08845996856689","587","34.48","20.406","0","5.11940065270907","0.503329869425604","26.86426758",
"9/11/1984","-40","-6.08845996856689","587","34.278","21.164","2.806662852","3.96745084532329","0.512855724809321","25.19032104",
"9/12/1984","-40","-6.08845996856689","587","35.047","20.709","2.80323036","4.56059044881117","0.498184647006087","26.928498168",
"9/13/1984","-40","-6.08845996856689","587","33.919","20.736","1.50890148","5.59759401026713","0.498503385987838","26.645176512",
"9/14/1984","-40","-6.08845996856689","587","33.19","20.627","0","5.26476946529414","0.440575596815083","27.29446146",
"9/15/1984","-40","-6.08845996856689","587","33.888","20.233","0","4.04453365626443","0.439237966348294","27.533026008",
"9/16/1984","-40","-6.08845996856689","587","35.097","21.125","0","4.39446089902439","0.400946305629832","27.536293008",
"9/17/1984","-40","-6.08845996856689","587","35.089","19.714","0","4.20184953822978","0.468755124839629","27.84369024",
"9/18/1984","-40","-6.08845996856689","587","34.14","19.814","0","5.58324308314617","0.441227023401448","27.72298152",
"9/19/1984","-40","-6.08845996856689","587","34.906","19.811","0","4.73972823364436","0.413259547504382","27.741486312",
"9/20/1984","-40","-6.08845996856689","587","35.75","21.664","0","4.92319201234891","0.42858583074297","27.593497368",
"9/21/1984","-40","-6.08845996856689","587","34.924","21.357","0","5.12189655910961","0.395239807168611","27.738112032",
"9/22/1984","-40","-6.08845996856689","587","34.215","20.511","0","5.13540021062995","0.455805577524632","27.73800054",
"9/23/1984","-40","-6.08845996856689","587","33.355","20.677","0","5.10376945298386","0.488991388145454","27.703400832",
"9/24/1984","-40","-6.08845996856689","587","32.154","21.043","0.00686646","4.84073279183466","0.454243352005319","23.102489808",
"9/25/1984","-40","-6.08845996856689","587","33.71","21.159","0.88920612","4.38025277164019","0.45467387498149","27.50838903",
"9/26/1984","-40","-6.08845996856689","587","34.238","21.631","0.157928436","3.87778823779618","0.473678906372536","23.57921169",
"9/27/1984","-40","-6.08845996856689","587","35.027","21.037","0","3.88209898387074","0.462813961373661","26.63561484",
"9/28/1984","-40","-6.08845996856689","587","35.171","20.931","0.417137112","3.60368764716789","0.464522347820951","22.9728429",
"9/29/1984","-40","-6.08845996856689","587","35.584","20.647","0.39653784","4.39304283399895","0.419147803662858","27.986475312",
"9/30/1984","-40","-6.08845996856689","587","35.361","19.603","0","4.10943273903124","0.425256789994312","28.05596496",
"10/1/1984","-40","-6.08845996856689","587","35.843","21.447","0","4.85868728571292","0.402228032689256","28.1552103",
"10/2/1984","-40","-6.08845996856689","587","34.97","21.67","0","4.80289943572049","0.385080527049839","28.685602728",
"10/3/1984","-40","-6.08845996856689","587","34.458","20.816","0","5.6540218862822","0.377045532461026","28.551931488",
"10/4/1984","-40","-6.08845996856689","587","34.686","21.467","0","5.33399690316972","0.427997166183439","27.8136702",
"10/5/1984","-40","-6.08845996856689","587","33.526","22.569","0","5.43074633762463","0.435737922877395","27.51350904",
"10/6/1984","-40","-6.08845996856689","587","35.504","21.05","0.26950824","4.82977881113144","0.444980412904424","23.28686856",
"10/7/1984","-40","-6.08845996856689","587","34.625","21.638","1.7131806","4.49610134905895","0.40698669825097","28.38695634",
"10/8/1984","-40","-6.08845996856689","587","34.026","20.216","0.0171661392","4.32679304788549","0.506615371673096","22.65890688",
"10/9/1984","-40","-6.08845996856689","587","33.206","21.14","0.2437593264","4.14391771210469","0.557888788199371","20.632105512",
"10/10/1984","-40","-6.08845996856689","587","33.268","21.043","1.3784403816","4.01810481019857","0.584896913936296","18.14376888",
"10/11/1984","-40","-6.08845996856689","587","32.129","22.045","4.06837296","4.59910175826276","0.607059735660761","19.75342734",
"10/12/1984","-40","-6.08845996856689","587","31.885","20.73","0.017166132","4.62161676641722","0.570571257621537","27.77405958",
"10/13/1984","-40","-6.08845996856689","587","31.5","21.443","1.477146456","3.78320629890482","0.577789873198615","17.92018476",
"10/14/1984","-40","-6.08845996856689","587","33.51","21.298","0.39825432","4.29262193300862","0.536491206828759","27.4452255",
"10/15/1984","-40","-6.08845996856689","587","33.854","20.844","0","5.58753306485702","0.460152789309963","28.36939752",
"10/16/1984","-40","-6.08845996856689","587","34.426","21.161","0","4.97506928152456","0.473489154005077","28.19938698",
"10/17/1984","-40","-6.08845996856689","587","33.881","20.796","0.34160616","5.09083510614084","0.460771224352886","28.3062051",
"10/18/1984","-40","-6.08845996856689","587","34.134","21.47","0.84285756","5.56589968814438","0.457227841697696","28.12105818",
"10/19/1984","-40","-6.08845996856689","587","35.196","22.282","0","5.54943883700263","0.450926350171331","28.12908852",
"10/20/1984","-40","-6.08845996856689","587","34.113","21.216","0","5.11722548332711","0.419758620219009","28.398516912",
"10/21/1984","-40","-6.08845996856689","587","34.83","21.315","0","4.74517063955894","0.453736753425743","28.03205592",
"10/22/1984","-40","-6.08845996856689","587","35.227","21.669","0","5.49381683445913","0.451406964527625","28.3802562",
"10/23/1984","-40","-6.08845996856689","587","36.231","21.66","0.0205993584","5.25391719313358","0.477159165765776","26.97484914",
"10/24/1984","-40","-6.08845996856689","587","35.28","22.746","0.0068664528","5.36695441988924","0.438956675233182","24.61189428",
"10/25/1984","-40","-6.08845996856689","587","35.183","21.444","0","5.29111851677832","0.471810029894355","27.0861804",
"10/26/1984","-40","-6.08845996856689","587","34.789","21.611","0","5.13666828469064","0.496144877680868","27.5407299",
"10/27/1984","-40","-6.08845996856689","587","35.251","22.062","0.2008441584","5.24946633185947","0.474074560458695","23.41547118",
"10/28/1984","-40","-6.08845996856689","587","34.582","22.593","0.1956942","5.4713467165349","0.450685048432541","27.9929673",
"10/29/1984","-40","-6.08845996856689","587","34.525","22.328","0","5.88208343320928","0.40754746450848","28.10447622",
"10/30/1984","-40","-6.08845996856689","587","35.317","21.627","0","5.78712914287707","0.41135883687367","27.9850977",
"10/31/1984","-40","-6.08845996856689","587","35.233","21.818","0","6.12699401194292","0.418438343436126","27.55158678",
"11/1/1984","-40","-6.08845996856689","587","34.671","21.446","0.6282807984","6.47861664987883","0.424367821173626","26.97503868",
"11/2/1984","-40","-6.08845996856689","587","34.6","21.291","0.55103292","6.7192382011621","0.432256165902273","27.32302764",
"11/3/1984","-40","-6.08845996856689","587","34.91","21.905","0.626563836","6.14801951336426","0.451346947770783","24.77548332",
"11/4/1984","-40","-6.08845996856689","587","34.714","23.034","0.75187692","5.75975757951376","0.415861134456494","26.87005926",
"11/5/1984","-40","-6.08845996856689","587","35.025","21.366","0","5.4918225737936","0.398182666402201","24.46514532",
"11/6/1984","-40","-6.08845996856689","587","35.371","22.143","0","5.19376768624561","0.391590658606032","27.96024672",
"11/7/1984","-40","-6.08845996856689","587","34.53","23.706","0","5.26582823920578","0.426784386635983","25.70613264",
"11/8/1984","-40","-6.08845996856689","587","35.171","22.273","0","4.81700239086254","0.400243293861591","28.2161241",
"11/9/1984","-40","-6.08845996856689","587","33.666","24.04","0.156211848","4.49980123599792","0.431023810876565","25.51899294",
"11/10/1984","-40","-6.08845996856689","587","35.662","22.826","0.1029969","4.85139220928836","0.427287666080788","22.95630576",
"11/11/1984","-40","-6.08845996856689","587","35.518","22.642","0","5.32334337784811","0.451426134195514","24.69121884",
"11/12/1984","-40","-6.08845996856689","587","35.811","22.819","0","5.55599170415603","0.382980341597172","28.33465302",
"11/13/1984","-40","-6.08845996856689","587","35.731","20.735","0","4.50085071863518","0.417847720862351","28.29318462",
"11/14/1984","-40","-6.08845996856689","587","34.512","21.801","0","3.59919724347083","0.428295611552415","22.51507518",
"11/15/1984","-40","-6.08845996856689","587","35.565","20.932","0","4.71156967347281","0.395870119497401","27.9473598",
"11/16/1984","-40","-6.08845996856689","587","35.299","22.956","0","6.19094389114681","0.424115368277154","23.63855526",
"11/17/1984","-40","-6.08845996856689","587","34.134","22.292","0","5.56968974964186","0.351020777345623","28.25115732",
"11/18/1984","-40","-6.08845996856689","587","34.566","19.985","0","4.78310448477691","0.382897799648231","28.89103032",
"11/19/1984","-40","-6.08845996856689","587","35.792","21.317","0","5.29774244702559","0.389039528507379","28.80816912",
"11/20/1984","-40","-6.08845996856689","587","35.109","21.235","0","6.01960936386188","0.397059812939634","27.90278892",
"11/21/1984","-40","-6.08845996856689","587","35.125","22.286","0","6.1089703596872","0.419232598856679","28.19615562",
"11/22/1984","-40","-6.08845996856689","587","36.041","22.048","0","5.71462697355527","0.393549837808411","28.4257197",
"11/23/1984","-40","-6.08845996856689","587","36.782","22.517","0","5.63543738972543","0.342649249172968","28.803213",
"11/24/1984","-40","-6.08845996856689","587","35.981","21.786","0","5.25198317812419","0.428624816133976","28.24165818",
"11/25/1984","-40","-6.08845996856689","587","35.292","22.022","0","5.14518550570082","0.410681418873893","28.1359143",
"11/26/1984","-40","-6.08845996856689","587","35.145","22.103","0.0171661392","5.14121329417518","0.440662132548715","27.54219888",
"11/27/1984","-40","-6.08845996856689","587","35.476","21.327","0","5.6949282965953","0.435348033467982","27.96214968",
"11/28/1984","-40","-6.08845996856689","587","35.367","20.957","0","5.59955606714608","0.454698102315755","28.0293786",
"11/29/1984","-40","-6.08845996856689","587","35.175","21.757","0","5.81439942705596","0.454013255982712","27.1564965",
"11/30/1984","-40","-6.08845996856689","587","33.806","21.882","0","5.58223887531409","0.459836034091643","26.54926992",
"12/1/1984","-40","-6.08845996856689","587","35.419","23.363","0.405120996","5.30955410981845","0.428469912656695","27.626508",
"12/2/1984","-40","-6.08845996856689","587","35.091","21.492","0","5.20505315116725","0.451972758208123","28.078137",
"12/3/1984","-40","-6.08845996856689","587","35.477","21.277","0","5.18810790121437","0.407237018881622","28.31287212",
"12/4/1984","-40","-6.08845996856689","587","35.191","21.196","0.4068369864","4.74528332106297","0.484519753227971","22.72517388",
"12/5/1984","-40","-6.08845996856689","587","35.442","22.192","5.042551392","4.37238908317973","0.518760004010262","23.27478552",
"12/6/1984","-40","-6.08845996856689","587","34.232","22.756","3.199771764","4.69548172519496","0.4854236405879","23.31685926",
"12/7/1984","-40","-6.08845996856689","587","34.241","22.689","0.115013088","5.31810735216884","0.457829894252738","26.94701142",
"12/8/1984","-40","-6.08845996856689","587","35.208","20.994","0","5.26776241124244","0.4598625256002","27.91715238",
"12/9/1984","-40","-6.08845996856689","587","35.129","22.091","0","5.5775271287788","0.466611451181587","27.828279",
"12/10/1984","-40","-6.08845996856689","587","34.914","21.734","0","5.04327529960388","0.441969379660289","27.7283259",
"12/11/1984","-40","-6.08845996856689","587","34.596","22.602","0","5.70424998478982","0.42329303287597","28.06526232",
"12/12/1984","-40","-6.08845996856689","587","35.088","21.527","0","5.42377255547917","0.435817609307916","28.261287",
"12/13/1984","-40","-6.08845996856689","587","36.165","21.585","0","5.1083475062817","0.394809495878054","28.57185342",
"12/14/1984","-40","-6.08845996856689","587","36.018","21.676","0","4.0272385563391","0.433268356001023","23.65464204",
"12/15/1984","-40","-6.08845996856689","587","35.939","21.692","0.121879836","4.98990182426835","0.454188561015262","26.78080158",
"12/16/1984","-40","-6.08845996856689","587","35.262","20.843","0","5.08527004483149","0.460735193392116","28.18287432",
"12/17/1984","-40","-6.08845996856689","587","34.757","21.316","0","5.96393770122342","0.465490241751461","27.7737651",
"12/18/1984","-40","-6.08845996856689","587","33.194","21.663","0","3.75937917470365","0.470684389438114","15.4792143",
"12/19/1984","-40","-6.08845996856689","587","35.23","20.795","0","4.17773058576851","0.430244815733958","26.42860512",
"12/20/1984","-40","-6.08845996856689","587","35.346","21.62","0","5.98333598560796","0.414143484396087","27.7810938",
"12/21/1984","-40","-6.08845996856689","587","34.87","21.029","0","5.21557605604897","0.327006864289304","28.98897408",
"12/22/1984","-40","-6.08845996856689","587","35.528","21.148","0","3.13228548939778","0.394615949849588","23.36326722",
"12/23/1984","-40","-6.08845996856689","587","36.054","21.494","0.0034332264","3.60722053907133","0.4001558760001","22.84436304",
"12/24/1984","-40","-6.08845996856689","587","33.353","21.682","0.29869056","4.27862983987957","0.481522346283598","20.46796974",
"12/25/1984","-40","-6.08845996856689","587","34.802","20.955","0","4.91310823866719","0.455734951749104","28.4706486",
"12/26/1984","-40","-6.08845996856689","587","34.623","19.851","0","5.05263879762719","0.461267896512583","28.4860071",
"12/27/1984","-40","-6.08845996856689","587","34.82","20.483","0","5.04828299107547","0.474202045052764","28.39224312",
"12/28/1984","-40","-6.08845996856689","587","32.6","21.563","0","5.67069835185512","0.507102214253395","25.21367028",
"12/29/1984","-40","-6.08845996856689","587","34.976","19.728","0","4.46151258245222","0.455735383845004","28.16617932",
"12/30/1984","-40","-6.08845996856689","587","35.042","21.194","0","4.57259739324943","0.443419931738355","27.9509598",
"12/31/1984","-40","-6.08845996856689","587","33.625","20.739","3.558542616","3.13399356419714","0.584135456922676","19.43668548",
"1/1/1985","-40","-6.08845996856689","587","32.239","20.923","0.5252839056","4.36784474367831","0.650860034290386","23.0525505",
"1/2/1985","-40","-6.08845996856689","587","33.526","20.441","0","3.93524032027252","0.565677628073775","28.29594492",
"1/3/1985","-40","-6.08845996856689","587","34.342","20.483","0","4.16529431505416","0.519195482351817","27.7705683",
"1/4/1985","-40","-6.08845996856689","587","34.456","20.515","0","4.57248188666662","0.527901541857234","26.9259732",
"1/5/1985","-40","-6.08845996856689","587","33.068","21.638","0.44631936","5.75300097852259","0.573561398689388","26.3837817",
"1/6/1985","-40","-6.08845996856689","587","33.772","22.289","1.60331652","4.457246158841","0.59504997305106","19.77649092",
"1/7/1985","-40","-6.08845996856689","587","30.523","20.816","4.25377044","3.96289751711029","0.692363362497913","16.72469748",
"1/8/1985","-40","-6.08845996856689","587","33.631","20.349","1.48315392","4.61518211510227","0.645270954677934","24.6985866",
"1/9/1985","-40","-6.08845996856689","587","33.5","21.221","0.3107072304","5.35278107247709","0.633401761679233","25.36785468",
"1/10/1985","-40","-6.08845996856689","587","33.794","20.924","0.865173276","5.16888314502886","0.63988602631938","24.50154492",
"1/11/1985","-40","-6.08845996856689","587","33.947","20.86","0","4.93308762179688","0.579226634176175","23.0899509",
"1/12/1985","-40","-6.08845996856689","587","33.367","20.979","0.6248471328","5.01592410256241","0.578143804393108","27.69350238",
"1/13/1985","-40","-6.08845996856689","587","33.984","21.293","0.054931644","4.48184710489459","0.534101388897191","26.74292814",
"1/14/1985","-40","-6.08845996856689","587","34.409","21.014","0","5.02785988720693","0.500505035936261","28.55098107",
"1/15/1985","-40","-6.08845996856689","587","35.276","21.244","0.0343323","4.78187160665489","0.506963464707966","28.22512275",
"1/16/1985","-40","-6.08845996856689","587","35.511","21.824","0","5.2039683174714","0.503467756981287","28.3608576",
"1/17/1985","-40","-6.08845996856689","587","34.899","20.865","0","4.28597424018427","0.544897531165501","22.59258111",
"1/18/1985","-40","-6.08845996856689","587","33.226","20.689","0.7484431464","4.33490729615359","0.646032124568523","19.67079168",
"1/19/1985","-40","-6.08845996856689","587","33.133","21.21","6.13174356","4.54781007526819","0.694925842837979","23.08089564",
"1/20/1985","-40","-6.08845996856689","587","33.558","20.369","1.9878408","4.67095938430023","0.643072056083518","28.00428498",
"1/21/1985","-40","-6.08845996856689","587","33.757","20.691","0.09956376","4.06575309783326","0.603942388265671","21.11625333",
"1/22/1985","-40","-6.08845996856689","587","33.41","21.242","2.911377744","4.44567120434309","0.68177141722066","19.74807936",
"1/23/1985","-40","-6.08845996856689","587","33.397","20.682","0.02059938","5.12370494572956","0.586127550000088","25.36143975",
"1/24/1985","-40","-6.08845996856689","587","33.733","20.779","0","4.78299806588669","0.592103565016794","20.75540553",
"1/25/1985","-40","-6.08845996856689","587","33.557","21.082","2.0050056","4.61697760764154","0.656212977669112","19.81923678",
"1/26/1985","-40","-6.08845996856689","587","33.13","20.475","4.7996566488","3.23443842976788","0.739384503779153","18.10305162",
"1/27/1985","-40","-6.08845996856689","587","29.502","19.952","8.119581264","3.00739452454297","0.827081947778436","19.951820172",
"1/28/1985","-40","-6.08845996856689","587","31.697","19.967","0.363921732","3.08396432267358","0.735009883583304","18.49004946",
"1/29/1985","-40","-6.08845996856689","587","32.202","20.577","0.0343322928","3.16984946128559","0.633599460876069","21.54869478",
"1/30/1985","-40","-6.08845996856689","587","31.556","20.468","1.551819024","2.99560520473144","0.676977380646253","21.56422446",
"1/31/1985","-40","-6.08845996856689","587","30.976","19.583","0.975036204","3.28353804851983","0.679877720161284","19.75123269",
"2/1/1985","-40","-6.08845996856689","587","30.066","19.913","4.404830688","2.78108533624236","0.720653435155678","24.964477128",
"2/2/1985","-40","-6.08845996856689","587","28.867","20.135","26.353475244","3.05535398190868","0.77631797160779","16.170187608",
"2/3/1985","-40","-6.08845996856689","587","32.464","19.039","1.876264164","3.50039013659159","0.617129976966878","29.09007729",
"2/4/1985","-40","-6.08845996856689","587","30.924","18.275","1.920894156","2.36304259400054","0.628450389622423","20.73278358",
"2/5/1985","-40","-6.08845996856689","587","31.336","20.27","1.2445449408","3.27756139017539","0.76647155688115","9.37654461",
"2/6/1985","-40","-6.08845996856689","587","28.861","19.513","1.455689124","3.26145076193851","0.762244165810405","16.19808921",
"2/7/1985","-40","-6.08845996856689","587","28.671","20.646","6.4295796744","3.6140633540514","0.835772317136618","15.114539718",
"2/8/1985","-40","-6.08845996856689","587","32.497","19.851","2.828979576","3.71817623524886","0.722292350134087","23.45945796",
"2/9/1985","-40","-6.08845996856689","587","30.566","20.119","7.87582764","2.86393995583882","0.795654949715615","16.09610931",
"2/10/1985","-40","-6.08845996856689","587","32.483","20.15","5.060577204","2.99606688708088","0.776559955674489","20.362444362",
"2/11/1985","-40","-6.08845996856689","587","28.411","19.319","3.5791388712","2.24992929791563","0.85440846228568","16.88675715",
"2/12/1985","-40","-6.08845996856689","587","24.963","18.857","4.058931744","2.35720733917199","0.878759388447174","14.20328952",
"2/13/1985","-40","-6.08845996856689","587","25.374","19.277","5.0416965","1.87906564290247","0.897345595324341","17.2323018",
"2/14/1985","-40","-6.08845996856689","587","29.089","18.34","14.041904004","2.26455832831184","0.851459279478932","24.09024969",
"2/15/1985","-40","-6.08845996856689","587","25.613","20.313","15.097613292","2.38168499133905","0.922730619905208","12.0560562",
"2/16/1985","-40","-6.08845996856689","587","26.827","19.438","7.9427777184","2.40764730078427","0.891620374287635","20.65010805",
"2/17/1985","-40","-6.08845996856689","587","24.098","20.164","79.70754222","2.28550524855967","0.946913218334667","10.96779906",
"2/18/1985","-40","-6.08845996856689","587","26.775","20.433","7.73849664","2.58267935568961","0.883675918564703","16.66119339",
"2/19/1985","-40","-6.08845996856689","587","22.41","19.332","73.97399034","1.21914202581542","0.955120338807822","1.6905933",
"2/20/1985","-40","-6.08845996856689","587","29.144","19.862","13.724323488","2.83816697149605","0.860764435632031","20.33094096",
"2/21/1985","-40","-6.08845996856689","587","26.92","20.747","7.5857148","2.94544377635669","0.90087437681482","15.41852019",
"2/22/1985","-40","-6.08845996856689","587","26.973","20.002","4.8940671384","2.51230742803374","0.917570152649411","11.89457316",
"2/23/1985","-40","-6.08845996856689","587","26.896","19.712","1.227378528","2.8752194666098","0.838957503894632","18.55231434",
"2/24/1985","-40","-6.08845996856689","587","29.803","19.693","0.53129232","3.01294190259627","0.760369552956823","28.1804688",
"2/25/1985","-40","-6.08845996856689","587","30.684","18.66","3.010084128","2.72828318071874","0.779708186593245","28.2256353",
"2/26/1985","-40","-6.08845996856689","587","30.399","18.646","0","3.26845756183778","0.71374792739931","28.71624204",
"2/27/1985","-40","-6.08845996856689","587","30.69","18.943","5.1017809248","2.65386717657212","0.799327826138993","22.93255944",
"2/28/1985","-40","-6.08845996856689","587","24.634","17.864","3.12938442","2.4379520707806","0.891766216725152","17.78315832",
"3/1/1985","-40","-6.08845996856689","587","26.727","17.586","3.83148216","1.94476480879156","0.905325878454684","13.28653224",
"3/2/1985","-40","-6.08845996856689","587","26.374","18.964","1.871108064","2.5827398932875","0.883306977364502","13.359938868",
"3/3/1985","-40","-6.08845996856689","587","28.159","19.987","3.4744285584","3.33540910054158","0.87313220956228","19.59575922",
"3/4/1985","-40","-6.08845996856689","587","30.048","19.022","2.7706123368","3.42666428586021","0.824704350372088","25.59886299",
"3/5/1985","-40","-6.08845996856689","587","27.95","19.95","2.756881944","3.52053435420561","0.869916067072473","20.72312109",
"3/6/1985","-40","-6.08845996856689","587","27.142","19.831","16.949841192","3.36006457930701","0.89959612976936","20.048344668",
"3/7/1985","-40","-6.08845996856689","587","29.783","19.255","3.0624381864","3.40113731511935","0.822545029621612","26.80661124",
"3/8/1985","-40","-6.08845996856689","587","30.069","19.344","1.400756148","3.3707286306927","0.744141360409446","28.47099366",
"3/9/1985","-40","-6.08845996856689","587","30.29","19.372","0","3.65884079787464","0.691850919715417","28.75899258",
"3/10/1985","-40","-6.08845996856689","587","30.702","17.819","0.0034332264","3.11714477849649","0.707125261672511","28.39150926",
"3/11/1985","-40","-6.08845996856689","587","31.017","20.885","0.1785276648","4.34743654625564","0.715547223225824","27.87856884",
"3/12/1985","-40","-6.08845996856689","587","30.567","19.246","1.2119309928","3.61781489107276","0.773283721523275","27.809937",
"3/13/1985","-40","-6.08845996856689","587","29.776","19.627","5.8502214","3.4005174910767","0.834453253174675","26.83282932",
"3/14/1985","-40","-6.08845996856689","587","30.879","20.498","1.0540000656","3.3622455876726","0.797824087895184","17.9935866",
"3/15/1985","-40","-6.08845996856689","587","31.117","20.528","0.5973814728","4.00921610418639","0.737609873365462","26.20327014",
"3/16/1985","-40","-6.08845996856689","587","30.435","20.193","1.42307244","3.9498063320243","0.787429276746926","27.46507644",
"3/17/1985","-40","-6.08845996856689","587","31.552","20.367","0.0480652128","3.93242488440311","0.744952314925759","27.96491106",
"3/18/1985","-40","-6.08845996856689","587","29.742","19.86","1.8453584664","2.9290790561822","0.832456736086373","18.250535988",
"3/19/1985","-40","-6.08845996856689","587","28.77","20.459","1.201629132","2.96070873643705","0.847843197523912","17.760712932",
"3/20/1985","-40","-6.08845996856689","587","30.357","20.333","0.659179584","3.47051506323984","0.757865222683293","25.72886304",
"3/21/1985","-40","-6.08845996856689","587","31.43","20.112","1.297759572","4.01931251214812","0.751102616459809","27.4854375",
"3/22/1985","-40","-6.08845996856689","587","29.895","20.296","5.5532473128","3.95649122055717","0.829559029925459","25.75068678",
"3/23/1985","-40","-6.08845996856689","587","27.797","19.934","6.248473128","3.79474515441679","0.857408139887209","22.37360346",
"3/24/1985","-40","-6.08845996856689","587","28.871","20.38","13.4273540592","3.07700861352415","0.898812365559424","25.0452639",
"3/25/1985","-40","-6.08845996856689","587","26.629","20.181","8.7615938232","2.76247642478117","0.911374478074403","18.11475234",
"3/26/1985","-40","-6.08845996856689","587","25.772","20.523","7.625198664","1.85238083900136","0.926066065321227","21.69270306",
"3/27/1985","-40","-6.08845996856689","587","27.661","20.372","6.10256124","1.64180588530979","0.909005117710759","21.05808174",
"3/28/1985","-40","-6.08845996856689","587","28.395","20.633","7.5977338464","2.70688532397095","0.890458494904708","23.8874598",
"3/29/1985","-40","-6.08845996856689","587","28.959","19.727","3.1980540528","3.02708825976008","0.871199728684828","19.73817846",
"3/30/1985","-40","-6.08845996856689","587","27.235","19.872","3.8160329904","2.54029335163593","0.875838642982459","20.02027194",
"3/31/1985","-40","-6.08845996856689","587","28.614","19.159","1.867676724","2.45242238762129","0.850320588552956","23.94297882",
"4/1/1985","-40","-6.08845996856689","587","26.702","19.762","3.443528016","2.73407630489559","0.898486071003104","18.76280634",
"4/2/1985","-40","-6.08845996856689","587","28.084","19.874","4.41856548","3.01948146890973","0.891519529135624","12.64707792",
"4/3/1985","-40","-6.08845996856689","587","23.759","18.618","6.4338732","2.86598949115525","0.937225633619348","8.84840616",
"4/4/1985","-40","-6.08845996856689","587","28.834","17.236","9.6456551544","1.41836570830474","0.870194480506597","18.561660012",
"4/5/1985","-40","-6.08845996856689","587","27.673","19.545","16.29753264","1.96559316969958","0.893476673345074","15.036416172",
"4/6/1985","-40","-6.08845996856689","587","24.003","20.501","15.2074728","1.42397328091267","0.949706307575433","10.11301506",
"4/7/1985","-40","-6.08845996856689","587","26.236","20.125","17.001345132","1.37487912850336","0.935156852386339","13.29148728",
"4/8/1985","-40","-6.08845996856689","587","25.409","20.335","26.9542746","1.35848414792137","0.946384698548402","18.22286448",
"4/9/1985","-40","-6.08845996856689","587","23.028","20.191","18.4947912","1.34064887124132","0.957030760525943","6.17039622",
"4/10/1985","-40","-6.08845996856689","587","26.558","19.214","16.5103913592","2.32139454518874","0.918721047481421","13.68174366",
"4/11/1985","-40","-6.08845996856689","587","21.936","19.496","36.460912248","1.17404241786224","0.950509151983212","1.769174568",
"4/12/1985","-40","-6.08845996856689","587","27.081","19.208","6.4355864184","1.76137613257617","0.909144811686152","17.06619024",
"4/13/1985","-40","-6.08845996856689","587","26.543","18.329","5.2682876424","1.45510446172614","0.920867737700658","17.53194078",
"4/14/1985","-40","-6.08845996856689","587","24.182","18.897","5.3146408392","1.47278250399687","0.939423363332611","10.21888494",
"4/15/1985","-40","-6.08845996856689","587","25.326","17.87","5.706025236","1.66019187622555","0.919688542097114","17.61682464",
"4/16/1985","-40","-6.08845996856689","587","28.755","17.375","7.395173712","1.3643872991835","0.885267859153174","23.89455378",
"4/17/1985","-40","-6.08845996856689","587","28.447","17.996","11.087612352","1.95870033413904","0.885494635959645","23.99242428",
"4/18/1985","-40","-6.08845996856689","587","26.596","19.402","28.66744944","1.74949364699262","0.914816517978951","14.013734508",
"4/19/1985","-40","-6.08845996856689","587","25.112","17.683","7.934184864","1.52212442377894","0.929894780836118","8.21436282",
"4/20/1985","-40","-6.08845996856689","587","28.184","15.81","4.2434723304","1.2835945699655","0.899250036188325","19.6402473",
"4/21/1985","-40","-6.08845996856689","587","25.163","20.097","6.7531607928","1.67953684173791","0.938675259338064","12.26019096",
"4/22/1985","-40","-6.08845996856689","587","25.426","18.442","13.142401128","1.4187052212579","0.918433331820486","13.35555054",
"4/23/1985","-40","-6.08845996856689","587","23.19","19.79","11.209491252","1.7702026225769","0.952187464720316","7.89879204",
"4/24/1985","-40","-6.08845996856689","587","27.864","19.529","6.7462920864","2.10447060968319","0.887385811403116","20.71963206",
"4/25/1985","-40","-6.08845996856689","587","27.603","19.266","3.7971520128","3.24010801853257","0.864467685745949","20.4604335",
"4/26/1985","-40","-6.08845996856689","587","29.103","20.145","4.411697868","3.52189883867387","0.827996513097706","23.38913664",
"4/27/1985","-40","-6.08845996856689","587","27.907","20.324","2.485655424","2.89341338576891","0.846853759544206","17.86415544",
"4/28/1985","-40","-6.08845996856689","587","29.593","20.236","1.97753904","3.06443340582082","0.807553658592391","23.2145469",
"4/29/1985","-40","-6.08845996856689","587","30.093","20.252","5.40390348","2.99003980428711","0.819398093223874","24.2532603",
"4/30/1985","-40","-6.08845996856689","587","28.813","20.94","10.09368684","2.4371885577789","0.866232491802511","23.91013296",
"5/1/1985","-40","-6.08845996856689","587","27.859","19.757","20.2766391864","2.91102714473851","0.909053325064324","15.2399259",
"5/2/1985","-40","-6.08845996856689","587","25.716","19.357","7.0509906","1.39658530515494","0.920611393238792","14.71100778",
"5/3/1985","-40","-6.08845996856689","587","24.348","17.11","1.943206488","1.27531949902813","0.918412430584241","9.12436542",
"5/4/1985","-40","-6.08845996856689","587","29.459","19.399","0.6111148032","2.47284334538678","0.780030321157481","23.84358372",
"5/5/1985","-40","-6.08845996856689","587","27.411","18.388","9.2319498","1.4081487813716","0.881626141674285","19.23946974",
"5/6/1985","-40","-6.08845996856689","587","29.153","19.668","6.917942952","2.49319580637684","0.818426828220708","21.9327813",
"5/7/1985","-40","-6.08845996856689","587","29.261","19.995","3.361987764","3.40941472224664","0.828952486861184","20.30096088",
"5/8/1985","-40","-6.08845996856689","587","29.1","20.15","3.867531228","3.28590995944182","0.841589890956818","22.5923067",
"5/9/1985","-40","-6.08845996856689","587","29.442","19.442","1.1844636048","3.32443192856899","0.773267581530866","23.6876094",
"5/10/1985","-40","-6.08845996856689","587","29.22","19.82","0.218009952","3.10151334778041","0.797546371840929","21.53025324",
"5/11/1985","-40","-6.08845996856689","587","29.331","19.212","0.2729417544","2.97525621544472","0.773364507758492","22.1272299",
"5/12/1985","-40","-6.08845996856689","587","25.052","19.762","6.57462564","2.5932512302007","0.91469360905308","18.29626848",
"5/13/1985","-40","-6.08845996856689","587","29.717","19.209","0.71926128","3.16388228721544","0.767277595480323","23.51711088",
"5/14/1985","-40","-6.08845996856689","587","30.224","18.891","0.0240325848","2.7506875313768","0.762827401619465","23.45490342",
"5/15/1985","-40","-6.08845996856689","587","28.103","19.304","0.6694793928","2.80036516288909","0.788977399293783","17.15608386",
"5/16/1985","-40","-6.08845996856689","587","28.729","18.972","5.8665273264","2.91797986437953","0.763810876725802","21.08654712",
"5/17/1985","-40","-6.08845996856689","587","29.683","18.031","0.168227892","3.93923939034277","0.670577082484415","23.7288393",
"5/18/1985","-40","-6.08845996856689","587","29.305","18.919","1.7131829328","3.24553665150508","0.728882463329667","22.45162644",
"5/19/1985","-40","-6.08845996856689","587","29.732","19.969","0.1441958328","3.07871217749858","0.712790220101539","18.06739056",
"5/20/1985","-40","-6.08845996856689","587","28.973","19.858","3.821181912","3.33537591309997","0.774187978650972","21.98986398",
"5/21/1985","-40","-6.08845996856689","587","29.24","19.102","6.162647148","2.311135216991","0.845828042811013","18.69844878",
"5/22/1985","-40","-6.08845996856689","587","27.769","17.843","5.4794277288","2.44719745924139","0.844287797984834","20.38111614",
"5/23/1985","-40","-6.08845996856689","587","26.559","18.454","9.7469298","1.67861057323134","0.909335462800434","21.2651424",
"5/24/1985","-40","-6.08845996856689","587","29.029","18.359","6.29139132","2.77229111832907","0.758637751152758","22.42446588",
"5/25/1985","-40","-6.08845996856689","587","29.089","17.344","0.5252838264","3.21144839600392","0.688067671454095","23.40641322",
"5/26/1985","-40","-6.08845996856689","587","29.069","18.116","0","3.11806007350166","0.668175410884419","22.67741646",
"5/27/1985","-40","-6.08845996856689","587","29.494","18.743","0.20256048","3.36669081784393","0.696638466675377","22.812804",
"5/28/1985","-40","-6.08845996856689","587","29.801","18.414","0.0892639008","3.25090219851654","0.700980613644983","22.7691531",
"5/29/1985","-40","-6.08845996856689","587","29.979","17.969","0","3.00885304574355","0.696992322029254","22.9116951",
"5/30/1985","-40","-6.08845996856689","587","29.438","19.015","0.127029492","3.87435706633004","0.698239130172052","22.1128335",
"5/31/1985","-40","-6.08845996856689","587","29.123","17.443","0.3570554952","4.23009719615037","0.70480081780982","22.58437968",
"6/1/1985","-40","-6.08845996856689","587","29.213","17.08","0.5527500264","3.78240245313581","0.72182924250288","22.7206143",
"6/2/1985","-40","-6.08845996856689","587","28.381","17.814","0.341606196","3.75184583532434","0.741534854297489","21.18470346",
"6/3/1985","-40","-6.08845996856689","587","30.015","17.712","0.0875473344","3.3112803157776","0.720545256339777","21.65162976",
"6/4/1985","-40","-6.08845996856689","587","30.695","19.083","0.102996828","2.86700124697676","0.69611822851904","18.6867603",
"6/5/1985","-40","-6.08845996856689","587","30.435","20.375","2.5543215504","2.72009797302098","0.737784037637171","20.47590072",
"6/6/1985","-40","-6.08845996856689","587","30.827","19.722","0.0137329056","3.39290632808742","0.672160307521108","21.9265335",
"6/7/1985","-40","-6.08845996856689","587","29.981","17.93","0.37593864","3.23520080723356","0.685228980467354","22.42220688",
"6/8/1985","-40","-6.08845996856689","587","29.526","19.052","4.712104404","3.22504230639721","0.732867061070721","22.23809982",
"6/9/1985","-40","-6.08845996856689","587","30.347","18.211","0","2.31576442018815","0.658620432877656","22.66593678",
"6/10/1985","-40","-6.08845996856689","587","27.932","18.511","5.46398172","2.42556620027359","0.770810556366148","21.4512165",
"6/11/1985","-40","-6.08845996856689","587","29.164","18.172","5.14983924","1.78550057325478","0.821779558346239","14.57471358",
"6/12/1985","-40","-6.08845996856689","587","25.037","17.597","11.602589184","1.9314506447162","0.895117321665677","20.38078044",
"6/13/1985","-40","-6.08845996856689","587","25.658","16.515","3.5430898248","2.08499433073021","0.892128272610448","14.05001232",
"6/14/1985","-40","-6.08845996856689","587","27.517","18.141","3.654675648","2.92132945817687","0.849579836789948","18.88605648",
"6/15/1985","-40","-6.08845996856689","587","28.536","17.643","8.2157140584","2.40988672533445","0.848306528415189","16.04666862",
"6/16/1985","-40","-6.08845996856689","587","28.788","17.429","2.5028218584","2.87410648103661","0.789011035887535","21.82449852",
"6/17/1985","-40","-6.08845996856689","587","26.342","18.259","6.0716655","3.02869431124364","0.871298247932631","17.9314362",
"6/18/1985","-40","-6.08845996856689","587","27.224","19.34","7.075878624","3.38005885406165","0.831273684273845","19.02819888",
"6/19/1985","-40","-6.08845996856689","587","25.652","19.166","26.6984995464","3.52784866612656","0.808751958399827","10.58028606",
"6/20/1985","-40","-6.08845996856689","587","27.751","16.866","0.3381732792","4.73539743189517","0.731647640947267","18.47958696",
"6/21/1985","-40","-6.08845996856689","587","27.513","15.415","5.39359956","4.3808973066549","0.743055518886337","21.62896632",
"6/22/1985","-40","-6.08845996856689","587","26.2","19.111","11.24210124","5.38086695651626","0.79451566656776","19.74746412",
"6/23/1985","-40","-6.08845996856689","587","28.623","16.686","0.025749216","3.76161392434855","0.693150179163953","22.42186416",
"6/24/1985","-40","-6.08845996856689","587","28.004","16.877","0.81882468","3.68386349766853","0.716892589484744","22.4786862",
"6/25/1985","-40","-6.08845996856689","587","29.471","17.653","2.110577004","3.60396306677693","0.751545817750936","21.19483728",
"6/26/1985","-40","-6.08845996856689","587","28.029","16.719","0.0102996864","3.99473665203136","0.701811988197762","22.36910616",
"6/27/1985","-40","-6.08845996856689","587","28.766","15.918","0","3.5942793201992","0.703527372016275","22.41770112",
"6/28/1985","-40","-6.08845996856689","587","28.763","16.354","0","3.3889728532428","0.697935700102972","22.32133848",
"6/29/1985","-40","-6.08845996856689","587","28.956","17.011","0.049781772","3.05389112780229","0.711067495599923","22.3005816",
"6/30/1985","-40","-6.08845996856689","587","28.105","18.975","2.13375042","3.93879962194106","0.802702994257904","21.24523638",
"7/1/1985","-40","-6.08845996856689","587","29.302","18.375","0.9286879752","4.18616382077199","0.760607967286203","20.68160616",
"7/2/1985","-40","-6.08845996856689","587","27.381","17.447","0","4.13190349925743","0.742667780586712","21.72172176",
"7/3/1985","-40","-6.08845996856689","587","27.344","16.902","0.1441955376","2.92250255238739","0.773882216449353","16.42320342",
"7/4/1985","-40","-6.08845996856689","587","29.429","19.09","0.3622058784","3.55186752788908","0.686947757045488","22.41118872",
"7/5/1985","-40","-6.08845996856689","587","28.701","17.346","1.1947630176","4.47819827284549","0.732528026528846","20.95289928",
"7/6/1985","-40","-6.08845996856689","587","29.591","18.017","4.413410748","3.75435925350342","0.751428497698247","22.0176072",
"7/7/1985","-40","-6.08845996856689","587","25.441","19.584","40.43996244","2.13227722909651","0.886608545481861","10.21859712",
"7/8/1985","-40","-6.08845996856689","587","29.213","19.426","2.97660852","2.94757277079742","0.721471021920299","21.9652821",
"7/9/1985","-40","-6.08845996856689","587","28.949","18.836","0","3.25341639569989","0.678372249536793","22.58752752",
"7/10/1985","-40","-6.08845996856689","587","27.79","19.149","12.601656972","2.60606215866293","0.782119570624509","14.348141532",
"7/11/1985","-40","-6.08845996856689","587","26.39","16.746","3.4950276","2.70124659609576","0.826535379222287","9.57172644",
"7/12/1985","-40","-6.08845996856689","587","26.588","18.677","2.846147544","4.53250237963732","0.798741538809804","14.75167302",
"7/13/1985","-40","-6.08845996856689","587","25.729","17.58","0.1802444184","4.92811944678909","0.732846961647678","7.22609766",
"7/14/1985","-40","-6.08845996856689","587","27.874","18.894","0.0789642","5.29019117235998","0.691170229176234","12.23077752",
"7/15/1985","-40","-6.08845996856689","587","28.585","17.883","7.611468264","4.39252265766078","0.748525920142788","19.10609496",
"7/16/1985","-40","-6.08845996856689","587","27.214","17.04","0.94413744","4.69231221967716","0.733405112506651","17.29788624",
"7/17/1985","-40","-6.08845996856689","587","27.819","16.569","0.23002596","4.99464937934374","0.68976639768767","23.05113984",
"7/18/1985","-40","-6.08845996856689","587","24.462","18.659","0.5664827664","5.15491832592003","0.75975367805595","5.1794415",
"7/19/1985","-40","-6.08845996856689","587","21.014","17.553","0.8016596064","5.13671489798887","0.778347791821794","3.95358588",
"7/20/1985","-40","-6.08845996856689","587","24.41","14.447","0","5.14498084725318","0.708234863500729","15.0621786",
"7/21/1985","-40","-6.08845996856689","587","26.648","15.535","0","4.71746988806999","0.641537300828578","20.919321",
"7/22/1985","-40","-6.08845996856689","587","23.727","18.194","0.7072450056","3.86991387213304","0.743625917618256","7.79377518",
"7/23/1985","-40","-6.08845996856689","587","27.455","18.478","0.2574922464","3.61096527800818","0.746085795556464","20.9307915",
"7/24/1985","-40","-6.08845996856689","587","28.026","17.739","0.0274657968","4.73019819628096","0.714796299764771","18.52779672",
"7/25/1985","-40","-6.08845996856689","587","27.441","17.223","0","5.42760213916298","0.67561018297137","21.24337446",
"7/26/1985","-40","-6.08845996856689","587","26.633","15.691","0.0343323","5.55222705721643","0.665179412261902","22.45820688",
"7/27/1985","-40","-6.08845996856689","587","27.897","16.073","0.0240325776","5.69772171555271","0.671499423449545","19.50491484",
"7/28/1985","-40","-6.08845996856689","587","23.902","18.57","0.683212104","6.13195646007264","0.723061724685878","9.48403494",
"7/29/1985","-40","-6.08845996856689","587","27.406","18.597","0.2334595392","5.5676615768083","0.690128820966907","13.28022864",
"7/30/1985","-40","-6.08845996856689","587","28.392","16.511","1.685714652","4.93452782190029","0.691746576841704","19.67124528",
"7/31/1985","-40","-6.08845996856689","587","29.304","16.73","1.2737286","4.58912630273173","0.58357372189552","24.34765176",
"8/1/1985","-40","-6.08845996856689","587","27.746","15.559","0","5.92688155010446","0.645715499719086","17.74630764",
"8/2/1985","-40","-6.08845996856689","587","29.227","14.966","0","5.16019152493167","0.628113682790393","22.07458332",
"8/3/1985","-40","-6.08845996856689","587","28.404","15.282","0","5.27462211811731","0.671820980436827","24.09885",
"8/4/1985","-40","-6.08845996856689","587","27.862","17.937","0","6.03032310851023","0.651969280887457","24.21477864",
"8/5/1985","-40","-6.08845996856689","587","29.079","17.007","0","5.19252862439552","0.657667941523428","24.10362864",
"8/6/1985","-40","-6.08845996856689","587","30.55","17.191","0.00686646","4.81194100825176","0.619533706851405","23.87480904",
"8/7/1985","-40","-6.08845996856689","587","29.707","17.983","0.075530988","5.48753331311396","0.616542659997785","20.30394096",
"8/8/1985","-40","-6.08845996856689","587","31.213","17.741","0","4.45047287318433","0.568976110627554","23.34426192",
"8/9/1985","-40","-6.08845996856689","587","31.03","19.268","0.116729748","5.07307548216802","0.605272309044853","21.86251992",
"8/10/1985","-40","-6.08845996856689","587","31.475","18.419","0","4.8903850357543","0.547493917206832","24.89968296",
"8/11/1985","-40","-6.08845996856689","587","31.69","18.576","0","4.42987503954813","0.516884572500831","23.48257248",
"8/12/1985","-40","-6.08845996856689","587","32.106","17.754","0","3.38046864879254","0.53060382235877","24.85929564",
"8/13/1985","-40","-6.08845996856689","587","32.59","18.68","0.343322712","3.25421876673116","0.549657050435972","21.9969504",
"8/14/1985","-40","-6.08845996856689","587","32.27","19.482","0.26435844","4.4028710236842","0.507414437730319","20.05436952",
"8/15/1985","-40","-6.08845996856689","587","31.761","19.693","0.0068664528","4.89341003718295","0.455086384875124","23.602959",
"8/16/1985","-40","-6.08845996856689","587","31.364","18.992","2.24189856","5.54728528193329","0.525323405258255","25.295346",
"8/17/1985","-40","-6.08845996856689","587","30.697","18.578","3.7645332264","5.14072222348337","0.548568386924413","25.21395072",
"8/18/1985","-40","-6.08845996856689","587","31.798","18.861","0","4.27507528496509","0.480456922025145","25.4562201",
"8/19/1985","-40","-6.08845996856689","587","31.923","18.007","0.18367776","4.5975465811869","0.502206998050166","25.53535836",
"8/20/1985","-40","-6.08845996856689","587","30.923","18.882","0.741577464","5.01280030508239","0.610913969907016","18.0641313",
"8/21/1985","-40","-6.08845996856689","587","32.173","16.911","0","4.23472154670731","0.50436858037346","25.84266444",
"8/22/1985","-40","-6.08845996856689","587","32.307","17.83","0.0034332264","3.22849170997918","0.450597886348331","25.23447882",
"8/23/1985","-40","-6.08845996856689","587","31.914","20.022","5.033108412","3.26722356938219","0.632217649813014","19.75770018",
"8/24/1985","-40","-6.08845996856689","587","31.852","20.192","2.66246424","3.6255079872826","0.616364749508676","19.22439276",
"8/25/1985","-40","-6.08845996856689","587","32.361","20.773","2.288247876","5.45787665595695","0.54659854491808","24.52370706",
"8/26/1985","-40","-6.08845996856689","587","31.275","19.73","1.9998541512","4.69369963089114","0.619763893137943","14.116896612",
"8/27/1985","-40","-6.08845996856689","587","32.487","19.57","0.19741068","3.93111337387262","0.499328365674153","26.2045098",
"8/28/1985","-40","-6.08845996856689","587","33.108","19.374","0","4.00112506848548","0.430251465497744","26.35762536",
"8/29/1985","-40","-6.08845996856689","587","31.934","19.395","0","5.62366292215251","0.551344262736722","22.2377634",
"8/30/1985","-40","-6.08845996856689","587","29.233","19.949","3.4366639464","4.79431402164053","0.612979866380901","23.44060908",
"8/31/1985","-40","-6.08845996856689","587","32.136","19.668","0.1115799264","4.38261348084462","0.541420525239878","21.36329748",
"9/1/1985","-40","-6.08845996856689","587","32.366","19.887","0","4.40781397679156","0.497281068974474","26.41893966",
"9/2/1985","-40","-6.08845996856689","587","33.412","18.317","0","3.80113981237748","0.396425484977308","26.6415723",
"9/3/1985","-40","-6.08845996856689","587","32.785","17.972","0","5.08786588408116","0.423130784168909","26.68370472",
"9/4/1985","-40","-6.08845996856689","587","32.98","17.349","0","4.56756559240284","0.448303476382735","26.9328951",
"9/5/1985","-40","-6.08845996856689","587","31.956","19.694","0.0205993584","5.34536654366841","0.50069302440871","25.63260804",
"9/6/1985","-40","-6.08845996856689","587","33.366","19.435","0","3.74122493800443","0.478866084328785","20.67721632",
"9/7/1985","-40","-6.08845996856689","587","33.548","19.727","0.025749216","4.10685916753991","0.421431426636019","26.16733422",
"9/8/1985","-40","-6.08845996856689","587","33.163","19.541","0.43430328","4.58441137414115","0.41571933578426","26.97654654",
"9/9/1985","-40","-6.08845996856689","587","33.209","20.469","0","5.11112138548873","0.427893784809268","24.32795508",
"9/10/1985","-40","-6.08845996856689","587","32.221","21.305","0.0068664528","4.70880772793117","0.503597919687139","22.54702671",
"9/11/1985","-40","-6.08845996856689","587","30.806","20.067","0.0472068864","4.19080649268564","0.541926554720889","21.41684964",
"9/12/1985","-40","-6.08845996856689","587","33.36","20.455","5.172156648","4.67195396613832","0.543317868635845","24.19521327",
"9/13/1985","-40","-6.08845996856689","587","31.968","20.512","5.53093362","5.17029250141495","0.567760353508689","22.65975018",
"9/14/1985","-40","-6.08845996856689","587","32.555","20.27","0.91152144","4.71830759857287","0.474838029796177","25.43883876",
"9/15/1985","-40","-6.08845996856689","587","32.464","19.646","0","5.57925552494502","0.493918379948483","25.68206628",
"9/16/1985","-40","-6.08845996856689","587","33.795","20.36","0.051498396","5.51715948878211","0.39541800911544","27.63096246",
"9/17/1985","-40","-6.08845996856689","587","33.729","19.849","0.21800988","5.53744408453623","0.388380195673375","27.49404384",
"9/18/1985","-40","-6.08845996856689","587","33.902","19.511","0","4.80307660511491","0.41181469684731","27.572615208",
"9/19/1985","-40","-6.08845996856689","587","30.637","21.247","1.593017748","4.13074023837671","0.606913098221626","20.37194955",
"9/20/1985","-40","-6.08845996856689","587","32.92","19.727","3.18260196","2.91716673409473","0.59460163009579","22.385754648",
"9/21/1985","-40","-6.08845996856689","587","32.106","20.114","1.4857295112","2.89496045094994","0.620278004251186","13.55000922",
"9/22/1985","-40","-6.08845996856689","587","33.973","20.922","1.13124816","3.71513604577781","0.524826714126858","22.314208032",
"9/23/1985","-40","-6.08845996856689","587","34.65","20.709","0","5.25557139345299","0.505430522434731","27.395328672",
"9/24/1985","-40","-6.08845996856689","587","33.444","20.604","0","5.92832772253035","0.516006395988739","23.15598894",
"9/25/1985","-40","-6.08845996856689","587","35.005","20.715","0","5.98886745204844","0.470225177826563","27.31988934",
"9/26/1985","-40","-6.08845996856689","587","35.024","20.747","0","5.20727576694385","0.420927575755967","27.78671988",
"9/27/1985","-40","-6.08845996856689","587","32.462","19.722","0","4.21359946959922","0.492071144313138","20.05897428",
"9/28/1985","-40","-6.08845996856689","587","34.172","20.175","0","4.67276695756905","0.44192493565808","27.72140976",
"9/29/1985","-40","-6.08845996856689","587","34.372","21.523","0.063514692","4.08557111546437","0.416978790746461","27.7077879",
"9/30/1985","-40","-6.08845996856689","587","33.891","20.649","0","4.18534176901992","0.464229069682216","22.374049608",
"10/1/1985","-40","-6.08845996856689","587","34.368","19.09","0","4.08706551012673","0.43832566945022","28.06234524",
"10/2/1985","-40","-6.08845996856689","587","34.452","19.123","0","4.00684622406177","0.483382880457847","27.35386362",
"10/3/1985","-40","-6.08845996856689","587","34.549","20.982","0","5.39393967296385","0.468156454033272","28.034061048",
"10/4/1985","-40","-6.08845996856689","587","34.825","20.938","0","5.78115755417226","0.449376966082979","28.11207942",
"10/5/1985","-40","-6.08845996856689","587","34.835","20.057","0.0034332264","4.75917574766068","0.453696732481267","27.93228822",
"10/6/1985","-40","-6.08845996856689","587","34.447","20.524","0.111580056","4.33982400576707","0.492955815448141","23.30988642",
"10/7/1985","-40","-6.08845996856689","587","34.281","20.221","0","5.17995214006929","0.45310892025169","28.13899212",
"10/8/1985","-40","-6.08845996856689","587","33.927","19.273","0","4.84673818453387","0.445541689771152","28.4210982",
"10/9/1985","-40","-6.08845996856689","587","35.553","19.952","0","4.93547108203909","0.45491216568218","28.2357351",
"10/10/1985","-40","-6.08845996856689","587","36.168","20.359","0","4.83480038678307","0.420838683795137","28.2756006",
"10/11/1985","-40","-6.08845996856689","587","34.65","20.591","0","5.08063681762076","0.324410099268315","28.79752212",
"10/12/1985","-40","-6.08845996856689","587","34.315","20.155","0","5.10034855810832","0.391547796244305","28.41361362",
"10/13/1985","-40","-6.08845996856689","587","34.644","21.694","0","4.52931144648656","0.37140864681072","28.6028703",
"10/14/1985","-40","-6.08845996856689","587","34.162","21.118","0","4.60951649122282","0.402842892522866","25.8444711",
"10/15/1985","-40","-6.08845996856689","587","36.01","21.159","0","4.98335919774306","0.378598596782229","28.54743822",
"10/16/1985","-40","-6.08845996856689","587","35.606","20.394","0","4.11089248978879","0.442965426234663","27.62324568",
"10/17/1985","-40","-6.08845996856689","587","34.191","20.59","0","4.20667538908389","0.458807303813389","21.98649294",
"10/18/1985","-40","-6.08845996856689","587","34.162","21.615","0","5.6214286904585","0.484540841566952","23.31784026",
"10/19/1985","-40","-6.08845996856689","587","34.269","21.394","0","5.40386122090349","0.438751605755443","28.4901624",
"10/20/1985","-40","-6.08845996856689","587","33.364","20.834","0","5.27834539248696","0.402319894191804","28.1444184",
"10/21/1985","-40","-6.08845996856689","587","34.622","20.29","0","4.69086803606486","0.460598920166922","28.26579348",
"10/22/1985","-40","-6.08845996856689","587","35.69","20.17","0","5.22492924846981","0.432963798001386","24.25938876",
"10/23/1985","-40","-6.08845996856689","587","35.886","20.558","0","5.16371952765674","0.385156410087641","28.56571758",
"10/24/1985","-40","-6.08845996856689","587","35.563","20.204","0","5.50848335452207","0.452540919330741","28.149078528",
"10/25/1985","-40","-6.08845996856689","587","35.015","20.757","0.31414032","5.34765352491173","0.477651213977442","23.68444446",
"10/26/1985","-40","-6.08845996856689","587","34.285","21.579","0.60768144","5.87270459295929","0.43600311694821","28.0344555",
"10/27/1985","-40","-6.08845996856689","587","34.922","21.29","0","5.1044275668484","0.417743150572281","28.0937727",
"10/28/1985","-40","-6.08845996856689","587","33.199","20.88","0","4.10564566172359","0.455324750730391","22.05612774",
"10/29/1985","-40","-6.08845996856689","587","33.289","22.888","1.6204851864","4.51489768019738","0.439699244172969","21.6324",
"10/30/1985","-40","-6.08845996856689","587","34.841","21.587","0","4.6798498647407","0.419570812415028","28.2185829",
"10/31/1985","-40","-6.08845996856689","587","33.356","21.431","0","4.97998569072482","0.464482815605942","27.74867652",
"11/1/1985","-40","-6.08845996856689","587","28.226","21.342","0","4.72165014724264","0.55773869614857","18.9378558",
"11/2/1985","-40","-6.08845996856689","587","35.089","20.371","0","5.1138634965213","0.418986659153764","28.26259542",
"11/3/1985","-40","-6.08845996856689","587","35.092","20.937","0","4.97657595373379","0.420145503914433","27.10658142",
"11/4/1985","-40","-6.08845996856689","587","34.786","20.344","0.171661572","3.61850852846326","0.456735006094208","23.67561096",
"11/5/1985","-40","-6.08845996856689","587","35","20.395","0","4.03689763810123","0.431500664660447","24.42595086",
"11/6/1985","-40","-6.08845996856689","587","33.441","20.914","0","3.37311888104365","0.444333962416838","21.68347644",
"11/7/1985","-40","-6.08845996856689","587","34.957","20.806","0.181961316","4.67917791494671","0.480326775118952","23.34504168",
"11/8/1985","-40","-6.08845996856689","587","34.864","22.907","0.7621756488","5.1423424624309","0.437793083514682","26.7192018",
"11/9/1985","-40","-6.08845996856689","587","33.61","21.502","2.423859192","4.92642393528277","0.456188888371607","25.6753674",
"11/10/1985","-40","-6.08845996856689","587","33.291","22.953","0.90293868","5.96908506738074","0.396500458285945","28.0796931",
"11/11/1985","-40","-6.08845996856689","587","33.779","21.161","0","5.3505034799528","0.31164627010817","28.78295202",
"11/12/1985","-40","-6.08845996856689","587","34.248","21.176","0.11672964","5.74144130433968","0.345420067234139","28.6654491",
"11/13/1985","-40","-6.08845996856689","587","34.02","21.302","0.336456216","6.34874026507015","0.38221115102787","28.3927581",
"11/14/1985","-40","-6.08845996856689","587","34.252","21.672","0.98190306","5.62021441547476","0.433299347705918","27.94973292",
"11/15/1985","-40","-6.08845996856689","587","34.767","21.658","1.1810304","5.58842643859387","0.424588497983369","26.81000118",
"11/16/1985","-40","-6.08845996856689","587","34.892","22.298","0","4.62506745861252","0.383159262276493","28.4449482",
"11/17/1985","-40","-6.08845996856689","587","34.799","21.625","0","4.60096504598877","0.426732785191529","28.07932932",
"11/18/1985","-40","-6.08845996856689","587","35.201","21.274","0.123596208","4.71471150902047","0.454294400584917","23.23259748",
"11/19/1985","-40","-6.08845996856689","587","34.038","22.381","0.0205993728","3.82468739610007","0.421896974342535","20.70106902",
"11/20/1985","-40","-6.08845996856689","587","34.585","22.944","0","5.05907404911707","0.423679226327221","22.71156048",
"11/21/1985","-40","-6.08845996856689","587","32.733","21.872","0.00686646","5.1811538102553","0.448884998779131","23.63664366",
"11/22/1985","-40","-6.08845996856689","587","32.906","21.459","0.04119876","5.14958964036175","0.504424251846453","23.45906628",
"11/23/1985","-40","-6.08845996856689","587","34.818","21.104","0.394821","5.04675689909145","0.484868802866358","26.89705854",
"11/24/1985","-40","-6.08845996856689","587","35.108","21.607","0","5.44131558467402","0.475835871430444","27.50692158",
"11/25/1985","-40","-6.08845996856689","587","35.248","21.314","0","5.0950045312214","0.445341710161125","28.0024866",
"11/26/1985","-40","-6.08845996856689","587","35.193","21.417","0","4.99224063145362","0.468946964912377","27.8491437",
"11/27/1985","-40","-6.08845996856689","587","34.011","22.009","0","4.7164008157157","0.47390445608865","22.55540346",
"11/28/1985","-40","-6.08845996856689","587","33.635","22.033","0","3.79153994916811","0.477808833205337","20.48141394",
"11/29/1985","-40","-6.08845996856689","587","34.475","20.234","0.051498432","3.19012201566725","0.459805002815117","22.48858134",
"11/30/1985","-40","-6.08845996856689","587","34.91","21.589","0","4.85719959819625","0.486496637154526","22.20164442",
"12/1/1985","-40","-6.08845996856689","587","34.941","21.07","0","5.00145686014011","0.479618892270171","22.40482338",
"12/2/1985","-40","-6.08845996856689","587","35.122","20.745","0","5.24756026301832","0.450629240401851","27.7176924",
"12/3/1985","-40","-6.08845996856689","587","33.685","21.235","0","4.56551205526089","0.500361682464065","20.56736052",
"12/4/1985","-40","-6.08845996856689","587","34.499","21.396","0","4.19960721083866","0.462959313323526","23.24018808",
"12/5/1985","-40","-6.08845996856689","587","34.174","22.074","0.2094267384","3.98579858525899","0.427910343172354","22.62330198",
"12/6/1985","-40","-6.08845996856689","587","32.951","21.284","1.5415177464","3.42259088370926","0.462841139017198","20.94603966",
"12/7/1985","-40","-6.08845996856689","587","33.195","22.298","0.099563616","5.39266454186072","0.505488998105399","20.09621142",
"12/8/1985","-40","-6.08845996856689","587","34.506","21.881","0.0068664528","4.82483875355704","0.499595901532323","22.7929491",
"12/9/1985","-40","-6.08845996856689","587","33.555","22.218","0","4.87353458627447","0.509355439135998","23.07711834",
"12/10/1985","-40","-6.08845996856689","587","33.716","22.413","0.35705574","5.03491949716608","0.51769298400704","21.63515598",
"12/11/1985","-40","-6.08845996856689","587","33.009","21.949","0","4.61842605219859","0.528985440121066","24.61595688",
"12/12/1985","-40","-6.08845996856689","587","33.525","22.076","3.11736852","4.39225738697782","0.530062495760663","18.41219946",
"12/13/1985","-40","-6.08845996856689","587","32.636","22.505","3.210063264","4.28326972547905","0.536920817950526","17.02114002",
"12/14/1985","-40","-6.08845996856689","587","27.954","21.28","17.74292436","3.17832368001786","0.749532319968505","12.41949132",
"12/15/1985","-40","-6.08845996856689","587","27.976","21.37","24.7913523432","2.57973613021507","0.733829742841153","14.29452684",
"12/16/1985","-40","-6.08845996856689","587","31.438","21.502","5.510328876","4.41618887377639","0.66818841069493","26.9461116",
"12/17/1985","-40","-6.08845996856689","587","24.481","21.445","10.093685472","2.35033195085866","0.81393321478747","3.8310732",
"12/18/1985","-40","-6.08845996856689","587","28.792","21.112","2.0530704744","3.37545266733596","0.696155309558703","17.27645238",
"12/19/1985","-40","-6.08845996856689","587","29.976","20.484","1.2668596776","4.08025272850347","0.634904564828941","25.26980994",
"12/20/1985","-40","-6.08845996856689","587","22.823","20.479","7.4054739312","1.99402317415551","0.784832093852509","5.932741428",
"12/21/1985","-40","-6.08845996856689","587","30.004","19.797","2.701950732","2.1477111987166","0.651327913079854","20.06324568",
"12/22/1985","-40","-6.08845996856689","587","31.241","20.099","0","3.34087778419774","0.585432352683117","20.6279433",
"12/23/1985","-40","-6.08845996856689","587","29.519","20.892","7.360833384","4.11243238359215","0.738404259155326","22.162000608",
"12/24/1985","-40","-6.08845996856689","587","21.66","19.595","23.16398148","2.79402076878581","0.911770617320269","3.37067001",
"12/25/1985","-40","-6.08845996856689","587","27.948","19.155","1.8985744584","2.2592355799884","0.792198632934588","21.68921124",
"12/26/1985","-40","-6.08845996856689","587","26.849","20.339","2.54745252","3.33199757312001","0.748439321534695","17.8409817",
"12/27/1985","-40","-6.08845996856689","587","30.04","20.138","0","3.12794494417716","0.665597335498863","27.6952464",
"12/28/1985","-40","-6.08845996856689","587","31.241","20.088","5.46569676","3.10605939212182","0.717698532299024","22.62543462",
"12/29/1985","-40","-6.08845996856689","587","26.649","20.655","23.66008308","1.82050743773831","0.838227458276841","23.4159741",
"12/30/1985","-40","-6.08845996856689","587","29.238","20.894","38.32338708","2.38288300196322","0.807352783323068","19.3203603",
"12/31/1985","-40","-6.08845996856689","587","28.67","20.063","59.78276748","3.23584398379709","0.76456254672984","20.10183516",
"1/1/1986","-40","-6.08845996856689","587","30.355","20.974","5.6682594","2.73206531007917","0.694895517208475","27.30667518",
"1/2/1986","-40","-6.08845996856689","587","30.084","20.345","0.587081772","2.97695819264944","0.690085627605982","21.178344888",
"1/3/1986","-40","-6.08845996856689","587","29.16","20.551","4.4494682904","3.04837127525404","0.783731698546473","18.15969546",
"1/4/1986","-40","-6.08845996856689","587","31.719","20.304","0","3.75931585279002","0.651169839954491","27.503889048",
"1/5/1986","-40","-6.08845996856689","587","31.71","20.564","0.21286008","4.59747694303656","0.662335446510899","22.63347882",
"1/6/1986","-40","-6.08845996856689","587","30.029","20.64","0.233459424","4.33283066122373","0.658814202608924","24.3244746",
"1/7/1986","-40","-6.08845996856689","587","31.844","19.742","0.30212406","3.83349278066313","0.596193486247606","22.04083152",
"1/8/1986","-40","-6.08845996856689","587","31.852","19.95","0.29869056","4.13228397670825","0.633101254795633","25.37178174",
"1/9/1986","-40","-6.08845996856689","587","31.591","20.066","0.3158568","4.36711315852887","0.675124121840781","24.7323996",
"1/10/1986","-40","-6.08845996856689","587","31.643","20.685","0.514984716","4.91210252825447","0.663517000873676","23.90545566",
"1/11/1986","-40","-6.08845996856689","587","32.241","19.83","0.79307532","4.52036701889081","0.627208919497749","26.7546348",
"1/12/1986","-40","-6.08845996856689","587","33.056","20.303","0","4.15469269993614","0.540034338132398","28.6339473",
"1/13/1986","-40","-6.08845996856689","587","32.696","20.002","0","4.4024461493513","0.567748573147871","28.63091628",
"1/14/1986","-40","-6.08845996856689","587","33.367","20.297","0","4.24214818769774","0.553765410482912","25.68408678",
"1/15/1986","-40","-6.08845996856689","587","30.835","20.992","0.151062084","4.9612783285402","0.579855949838689","26.6361129",
"1/16/1986","-40","-6.08845996856689","587","32.572","20.898","0","5.68362578458077","0.499194479370551","28.37744262",
"1/17/1986","-40","-6.08845996856689","587","30.841","20.455","0","5.03157125966294","0.524914934700399","21.1102389",
"1/18/1986","-40","-6.08845996856689","587","31.109","20.575","0","4.2159594259238","0.491461801510489","18.99545688",
"1/19/1986","-40","-6.08845996856689","587","33.876","19.638","0","4.45551093497727","0.478359655899983","28.69588188",
"1/20/1986","-40","-6.08845996856689","587","34.254","21.028","0.0205993728","4.55068187808418","0.470072026606765","28.70184852",
"1/21/1986","-40","-6.08845996856689","587","34.258","20.385","0","4.68264131324813","0.520952042252913","28.26696888",
"1/22/1986","-40","-6.08845996856689","587","29.819","20.539","0.992202552","5.02854193531263","0.626644801725066","24.3505647",
"1/23/1986","-40","-6.08845996856689","587","31.371","20.082","0.19226088","4.57096279462116","0.616932819195772","22.88374164",
"1/24/1986","-40","-6.08845996856689","587","32.473","20.127","0","4.44583187831668","0.576837071823016","27.50721408",
"1/25/1986","-40","-6.08845996856689","587","33.764","19.85","0.93727152","3.78019994174689","0.526238829442644","28.0753857",
"1/26/1986","-40","-6.08845996856689","587","34.327","20.065","0.041198724","3.79739662034726","0.529969375213345","28.77379344",
"1/27/1986","-40","-6.08845996856689","587","34.007","22.214","0","5.12935879164693","0.531724657565256","25.95527001",
"1/28/1986","-40","-6.08845996856689","587","32.983","20.324","0.501251364","4.21108578033851","0.641523896109651","21.97018296",
"1/29/1986","-40","-6.08845996856689","587","29.252","20.106","4.5078259464","3.38752024919246","0.770227491869762","17.722242",
"1/30/1986","-40","-6.08845996856689","587","31.302","20.218","1.62391716","3.77006721137709","0.735254237659321","20.67435648",
"1/31/1986","-40","-6.08845996856689","587","29.921","19.628","2.0633689152","3.54791850884925","0.723197772267894","20.16961992",
"2/1/1986","-40","-6.08845996856689","587","28.678","19.691","5.5583963784","4.22584147446181","0.77587621194033","24.03848781",
"2/2/1986","-40","-6.08845996856689","587","26.027","19.885","5.20820568","2.73143508513834","0.863648085084595","11.93473746",
"2/3/1986","-40","-6.08845996856689","587","30.037","19.901","2.90451078","3.17667697540011","0.732710733800428","22.63854987",
"2/4/1986","-40","-6.08845996856689","587","31.55","20.312","1.78527852","4.01743992417866","0.739599180853096","25.92207828",
"2/5/1986","-40","-6.08845996856689","587","31.43","20.509","7.783125912","3.81963305630737","0.804591035107527","27.65530872",
"2/6/1986","-40","-6.08845996856689","587","26.018","20.115","6.842422008","3.22691984155326","0.874489216865305","12.077936568",
"2/7/1986","-40","-6.08845996856689","587","31.222","19.669","3.790283976","3.38476171625334","0.807617370186372","27.24260391",
"2/8/1986","-40","-6.08845996856689","587","30.716","20.604","1.88827434","4.04454909146653","0.791028633340753","25.51859829",
"2/9/1986","-40","-6.08845996856689","587","31.359","19.46","0.3793716","3.86088361455082","0.665258677388322","29.0392209",
"2/10/1986","-40","-6.08845996856689","587","31.982","19.531","0","4.00265999833631","0.593518468967409","28.40889042",
"2/11/1986","-40","-6.08845996856689","587","32.736","19.505","0.199127016","4.11024028492562","0.659125751419652","28.54760877",
"2/12/1986","-40","-6.08845996856689","587","32.106","20.095","0.981903132","4.52891522033277","0.735011034291453","26.60107536",
"2/13/1986","-40","-6.08845996856689","587","29.75","19.94","3.7696822344","3.29695543324114","0.842352228394346","18.37737972",
"2/14/1986","-40","-6.08845996856689","587","29.846","19.964","5.9291822232","3.4266603758853","0.83124171480133","21.852734958",
"2/15/1986","-40","-6.08845996856689","587","29.877","19.715","1.112365728","3.90428129388344","0.793117771212846","22.43762073",
"2/16/1986","-40","-6.08845996856689","587","32.331","19.527","1.4900211864","4.13141510760533","0.74875466759327","26.30766807",
"2/17/1986","-40","-6.08845996856689","587","30.723","19.634","1.342391292","3.56252935187315","0.751118035213433","28.16297325",
"2/18/1986","-40","-6.08845996856689","587","32.554","19.161","1.4694207192","3.11827371342505","0.72288405999384","22.15766232",
"2/19/1986","-40","-6.08845996856689","587","31.373","19.78","0.6660459","3.72200837032109","0.70907176100886","22.52666241",
"2/20/1986","-40","-6.08845996856689","587","32.656","19.186","0.92010528","3.90450785188666","0.625102731476407","28.59929541",
"2/21/1986","-40","-6.08845996856689","587","32.011","18.748","1.2737268","3.88479490995794","0.61028081894597","22.98246012",
"2/22/1986","-40","-6.08845996856689","587","32.514","19.25","0.0137329056","4.25291783198686","0.542042386802767","28.88291016",
"2/23/1986","-40","-6.08845996856689","587","32.777","20.284","1.89514134","4.01506849244717","0.632149193987141","28.35945315",
"2/24/1986","-40","-6.08845996856689","587","31.2","19.457","1.5277866264","3.3065482003955","0.70144633671659","14.40922536",
"2/25/1986","-40","-6.08845996856689","587","31.648","19.999","1.5209208864","3.74950165142823","0.633725495039245","27.04669443",
"2/26/1986","-40","-6.08845996856689","587","31.492","20.09","1.01623572","3.75371510713157","0.649852100886114","20.12782743",
"2/27/1986","-40","-6.08845996856689","587","30.601","19.412","1.665114912","3.68451807447702","0.759535205070539","25.16529816",
"2/28/1986","-40","-6.08845996856689","587","31.293","20.047","0.1270294344","4.3793213780568","0.700340785361282","28.07706843",
"3/1/1986","-40","-6.08845996856689","587","31.125","18.665","0.57506562","3.26194889826382","0.720495577431796","27.78092064",
"3/2/1986","-40","-6.08845996856689","587","30.506","18.816","1.793862","2.86657148354519","0.749671945020939","24.61961808",
"3/3/1986","-40","-6.08845996856689","587","31.143","19.584","0.2008436616","3.96452236166809","0.703044207190213","23.95681659",
"3/4/1986","-40","-6.08845996856689","587","31.409","19.271","0.272941632","3.86558074842619","0.671123871822836","28.33430436",
"3/5/1986","-40","-6.08845996856689","587","30.243","20.553","1.9311910848","3.32886686769426","0.732359602969882","22.18365261",
"3/6/1986","-40","-6.08845996856689","587","29.918","19.344","5.9394833136","2.50865531159824","0.811185604411449","16.3153701",
"3/7/1986","-40","-6.08845996856689","587","27.98","19.556","1.1844637704","2.97779367129239","0.833371375408195","18.1742634",
"3/8/1986","-40","-6.08845996856689","587","29.221","20.042","3.5379423","2.85596325240797","0.856074530616548","13.66064973",
"3/9/1986","-40","-6.08845996856689","587","22.762","19.845","10.6584557184","1.98490811609595","0.929681269117648","2.95267572",
"3/10/1986","-40","-6.08845996856689","587","25.974","19.179","0.1321793136","2.40669722247451","0.835672846344536","9.672191802",
"3/11/1986","-40","-6.08845996856689","587","31.12","19.065","0.42743682","3.01139803856938","0.716751637253936","26.80093179",
"3/12/1986","-40","-6.08845996856689","587","30.415","20.455","12.01287204","3.83605105811966","0.789481397661024","22.7648223",
"3/13/1986","-40","-6.08845996856689","587","24.208","19.7","5.8004388648","3.82169899846503","0.902354127928505","9.44741457",
"3/14/1986","-40","-6.08845996856689","587","29.943","18.683","4.542160464","2.48809725922379","0.819647508569802","24.76789623",
"3/15/1986","-40","-6.08845996856689","587","29.528","18.996","3.18774996","2.90882199010473","0.832085788497417","25.57624968",
"3/16/1986","-40","-6.08845996856689","587","30.386","19.617","0.980186724","3.39251599503264","0.772276482347932","27.67348404",
"3/17/1986","-40","-6.08845996856689","587","31.061","19.519","0.68836176","3.45474314438642","0.701426510278109","28.11194298",
"3/18/1986","-40","-6.08845996856689","587","30.566","19.521","0.300407364","3.75171372580366","0.738864196274127","24.47043606",
"3/19/1986","-40","-6.08845996856689","587","29.811","20.491","1.98440568","3.78316359368942","0.77062950467628","22.62160764",
"3/20/1986","-40","-6.08845996856689","587","27.644","19.605","1.8093109608","2.62467894314636","0.832564790694281","16.45132572",
"3/21/1986","-40","-6.08845996856689","587","28.666","19.283","4.5593282304","1.97269882340549","0.87057815560068","20.72863224",
"3/22/1986","-40","-6.08845996856689","587","24.464","20.399","27.410033988","1.62882403190533","0.948927828359773","6.16747365",
"3/23/1986","-40","-6.08845996856689","587","25.001","19.399","40.839120864","1.62386262364989","0.943817303235126","9.383850018",
"3/24/1986","-40","-6.08845996856689","587","26.982","19.722","41.00819616","1.89607375963503","0.921960160217324","8.523169992",
"3/25/1986","-40","-6.08845996856689","587","27.775","20.142","8.8225345728","2.7374105486421","0.901903888396313","18.3049299",
"3/26/1986","-40","-6.08845996856689","587","27.9","19.734","15.6649581864","1.81098213769992","0.898732446225142","8.25642594",
"3/27/1986","-40","-6.08845996856689","587","25.325","20.558","106.85405394","1.87390190293303","0.912447351554704","7.13305971",
"3/28/1986","-40","-6.08845996856689","587","29.399","19.995","3.0109436064","3.29833753254305","0.842158321244748","23.07824766",
"3/29/1986","-40","-6.08845996856689","587","28.79","20.036","4.3335934272","3.27158747553878","0.862523431961724","26.37416268",
"3/30/1986","-40","-6.08845996856689","587","28.259","20.863","5.221941588","3.1227281617427","0.899743620720919","19.39032864",
"3/31/1986","-40","-6.08845996856689","587","28.874","19.593","1.7578120464","3.10103041020087","0.837969160288802","16.338087",
"4/1/1986","-40","-6.08845996856689","587","28.897","19.825","2.6126843904","3.62934625192278","0.820610290597031","19.0310679",
"4/2/1986","-40","-6.08845996856689","587","29.463","20.146","7.3265069232","4.06077667309772","0.852170737625148","19.66370994",
"4/3/1986","-40","-6.08845996856689","587","30.492","19.411","0.56648286","3.78312299485845","0.771572498869229","26.3767554",
"4/4/1986","-40","-6.08845996856689","587","30.945","20.553","0.0892639224","3.07743303818495","0.708314781870566","26.4332241",
"4/5/1986","-40","-6.08845996856689","587","29.853","20.535","0.9681701256","2.90024224813553","0.739183319462445","16.193697768",
"4/6/1986","-40","-6.08845996856689","587","25.333","19.384","1.1672973144","2.62011832953705","0.827486281817593","6.98354838",
"4/7/1986","-40","-6.08845996856689","587","28.231","19.497","1.991270736","3.40817393086394","0.850859433227349","17.21896308",
"4/8/1986","-40","-6.08845996856689","587","26.192","20.195","6.3205733304","3.78508187572494","0.894639317297422","11.57686236",
"4/9/1986","-40","-6.08845996856689","587","30.775","18.675","2.571486804","3.91920498805105","0.805526123887253","24.73475148",
"4/10/1986","-40","-6.08845996856689","587","29.631","18.955","0.868605984","3.59255445938127","0.799890629690831","25.68296772",
"4/11/1986","-40","-6.08845996856689","587","30.023","20.291","0.219726576","3.31254769495339","0.76984459577234","25.6264281",
"4/12/1986","-40","-6.08845996856689","587","30.389","19.409","0.8617402368","3.58544869245396","0.784126910161394","25.7551902",
"4/13/1986","-40","-6.08845996856689","587","28.133","20.063","2.338027776","3.00570153969368","0.877822851792086","11.21781978",
"4/14/1986","-40","-6.08845996856689","587","28.021","19.754","3.752516628","3.64618277689364","0.860008891401128","22.1900598",
"4/15/1986","-40","-6.08845996856689","587","29.633","20.173","5.3558356392","3.01973067986072","0.838432133876743","24.32412432",
"4/16/1986","-40","-6.08845996856689","587","26.389","19.967","4.5593253648","2.57056394777938","0.877656636025355","11.71496466",
"4/17/1986","-40","-6.08845996856689","587","25.966","19.811","3.42292914","3.30964693694769","0.898889464113684","14.84431524",
"4/18/1986","-40","-6.08845996856689","587","30.259","20.029","0.9733201704","3.67384894605986","0.731200927347929","25.0672014",
"4/19/1986","-40","-6.08845996856689","587","30.616","19.064","0","3.32340540500458","0.707068940932195","25.3871433",
"4/20/1986","-40","-6.08845996856689","587","30.704","19.309","0","3.25857326187721","0.723808124831257","25.39541322",
"4/21/1986","-40","-6.08845996856689","587","30.392","21.135","0.0789642288","3.5743840542456","0.692047495458256","25.19684334",
"4/22/1986","-40","-6.08845996856689","587","28.979","19.746","0.017166132","2.67582936075659","0.747185503471775","19.90321776",
"4/23/1986","-40","-6.08845996856689","587","32.207","17.61","13.2110568","1.70200439676018","0.784591830149691","19.55091978",
"4/24/1986","-40","-6.08845996856689","587","22.579","19.828","97.65817884","1.49759991980394","0.952615467959534","4.370741748",
"4/25/1986","-40","-6.08845996856689","587","26.905","18.493","2.307128004","1.98028693434554","0.88817989967449","17.2374786",
"4/26/1986","-40","-6.08845996856689","587","28.283","19.729","3.093339024","3.1370293590489","0.865909256530583","17.79368274",
"4/27/1986","-40","-6.08845996856689","587","27.854","19.572","0.8720397864","2.69644721344711","0.871334931171709","17.1449388",
"4/28/1986","-40","-6.08845996856689","587","29.195","19.844","1.871109288","2.50149426503346","0.858652601389725","22.36759038",
"4/29/1986","-40","-6.08845996856689","587","27.657","20.811","4.452892812","2.59129953386708","0.893619972627454","22.39301682",
"4/30/1986","-40","-6.08845996856689","587","28.839","20.827","2.66075172","3.54134642711824","0.809331897667127","19.83898674",
"5/1/1986","-40","-6.08845996856689","587","29.204","19.462","0.6660460944","2.89473723302205","0.800099698126667","19.7477982",
"5/2/1986","-40","-6.08845996856689","587","26.709","19.636","0.7141112928","2.71294131602897","0.855302792370694","10.67366214",
"5/3/1986","-40","-6.08845996856689","587","29.544","19.851","0.1544953032","3.14989506835026","0.7581466871151","22.96529568",
"5/4/1986","-40","-6.08845996856689","587","29.371","18.971","3.02810724","2.96907071331819","0.743983807214084","24.00333732",
"5/5/1986","-40","-6.08845996856689","587","29.859","17.503","0.0034332264","3.08381188966936","0.682909368948447","24.5439045",
"5/6/1986","-40","-6.08845996856689","587","29.926","19.012","0.5664823488","3.01239938096412","0.73110087716513","23.75341974",
"5/7/1986","-40","-6.08845996856689","587","29.949","20.005","1.1741636664","3.36482341254238","0.716551766697035","24.1133067",
"5/8/1986","-40","-6.08845996856689","587","30.076","20.117","2.40669432","3.21834508404286","0.722800186788133","24.05700306",
"5/9/1986","-40","-6.08845996856689","587","29.97","19.618","0.058364856","3.5761457697564","0.667358673279511","24.14828592",
"5/10/1986","-40","-6.08845996856689","587","30.877","18.179","0","3.20802916188921","0.651531489697935","24.3775116",
"5/11/1986","-40","-6.08845996856689","587","30.593","17.733","0","2.9235278348981","0.669820240784211","24.1630308",
"5/12/1986","-40","-6.08845996856689","587","30.497","19.149","0","3.08828438061223","0.695233160341483","23.39583894",
"5/13/1986","-40","-6.08845996856689","587","30.331","20.485","1.177596648","3.03264146223845","0.739168542308891","22.30514874",
"5/14/1986","-40","-6.08845996856689","587","30.775","19.663","2.324294784","3.26094986161865","0.70905042789437","23.77237968",
"5/15/1986","-40","-6.08845996856689","587","30.655","18.875","1.366425036","3.39297713880065","0.675704651385424","24.1485156",
"5/16/1986","-40","-6.08845996856689","587","30.254","17.085","0","2.953993993101","0.617616166849002","24.2322156",
"5/17/1986","-40","-6.08845996856689","587","29.923","18.465","1.519202772","3.23961424745989","0.650319280833956","23.69616012",
"5/18/1986","-40","-6.08845996856689","587","29.813","19.135","0.628280424","3.0454541113902","0.676865488936155","22.93919406",
"5/19/1986","-40","-6.08845996856689","587","30.099","17.847","0.01373292","2.91712096163356","0.668542880769312","20.43286308",
"5/20/1986","-40","-6.08845996856689","587","29.487","18.802","0.62828064","2.9502185746875","0.688249538374596","19.64126268",
"5/21/1986","-40","-6.08845996856689","587","29.296","19.606","2.331163944","3.37273819716111","0.787099454225616","21.76480962",
"5/22/1986","-40","-6.08845996856689","587","29.988","19.34","0.1356124824","3.75499032276373","0.728696080583431","22.49279712",
"5/23/1986","-40","-6.08845996856689","587","29.146","19.791","0.708961716","3.53024263618889","0.733623714652533","18.5620473",
"5/24/1986","-40","-6.08845996856689","587","29.002","19.99","0.7930757088","3.85879377666887","0.6914820319319","18.64293894",
"5/25/1986","-40","-6.08845996856689","587","28.969","18.96","3.65638932","3.63439201478319","0.716015698435108","19.0079973",
"5/26/1986","-40","-6.08845996856689","587","27.736","19.38","2.327729652","3.51777612831109","0.772961156470451","15.29678394",
"5/27/1986","-40","-6.08845996856689","587","28.414","17.652","0.072097812","3.72219972183308","0.770465632646289","18.26701668",
"5/28/1986","-40","-6.08845996856689","587","29.693","17.774","1.5964493328","4.20177478626842","0.729524221607604","21.56822082",
"5/29/1986","-40","-6.08845996856689","587","29.058","18","3.1551343848","4.00949757553227","0.744757445830746","19.36878858",
"5/31/1986","-40","-6.08845996856689","587","20.681","20.655","0","2.35726070886467","0.827599485956599","0",
"6/1/1986","-40","-6.08845996856689","587","28.66","19.424","2.5062569496","3.63806167981162","0.790033878381345","18.97863696",
"6/2/1986","-40","-6.08845996856689","587","24.846","20.146","4.75502058","2.89744241596671","0.916679352057851","9.28619838",
"6/3/1986","-40","-6.08845996856689","587","27.311","19.569","1.555252308","3.37658504328033","0.823669595316255","13.3000875",
"6/4/1986","-40","-6.08845996856689","587","28.162","18.68","1.62734922","4.09700880935308","0.76238173613794","19.01261088",
"6/5/1986","-40","-6.08845996856689","587","28.753","17.093","0.209426904","4.99614217835785","0.718893340899543","19.6222509",
"6/6/1986","-40","-6.08845996856689","587","27.876","17.574","0.089263872","4.12251423329472","0.697230408341396","18.27045",
"6/7/1986","-40","-6.08845996856689","587","28.568","15.788","0","3.50571059157055","0.684428053141638","22.6307772",
"6/8/1986","-40","-6.08845996856689","587","28.814","19.013","0","4.65293603305034","0.661801822193164","22.37468562",
"6/9/1986","-40","-6.08845996856689","587","28.621","16.81","0.02059938","4.57645083219483","0.647664262428625","22.58325558",
"6/10/1986","-40","-6.08845996856689","587","29.51","16.571","0.312423588","4.52747227554941","0.646110970826975","21.29844222",
"6/11/1986","-40","-6.08845996856689","587","28.745","16.444","0.2128601304","3.95687127208124","0.687804517584295","22.45685832",
"6/12/1986","-40","-6.08845996856689","587","29.704","17.388","0.1922609736","4.00413966137471","0.688802042639692","18.33361848",
"6/13/1986","-40","-6.08845996856689","587","28.556","18.737","0.1201629888","4.52461645883298","0.689287468684898","15.40670652",
"6/14/1986","-40","-6.08845996856689","587","28.326","16.707","0.1064301192","4.53730961171328","0.677844461688733","21.27780864",
"6/15/1986","-40","-6.08845996856689","587","28.863","15.553","0.157928472","4.07812796125518","0.62915219014557","22.6253754",
"6/16/1986","-40","-6.08845996856689","587","29.551","16.109","0.336456252","4.61986946357697","0.620053618910036","22.68904968",
"6/17/1986","-40","-6.08845996856689","587","28.459","16.461","0.696945276","4.4603815281745","0.668338634575316","21.4977348",
"6/18/1986","-40","-6.08845996856689","587","29.243","15.918","1.0162350144","4.56115291689514","0.669258222085409","17.98627644",
"6/19/1986","-40","-6.08845996856689","587","29.916","18.851","0.082397484","4.14615266887888","0.610220292301294","21.150846",
"6/20/1986","-40","-6.08845996856689","587","29.411","17.17","0.0240326064","4.06866004649913","0.589537243247156","22.76465508",
"6/21/1986","-40","-6.08845996856689","587","29.245","17.389","0.552748752","4.08155094038948","0.608825927250472","22.708296",
"6/22/1986","-40","-6.08845996856689","587","29.302","16.383","3.834911664","4.6397789187542","0.694171032483737","21.79597896",
"6/23/1986","-40","-6.08845996856689","587","26.87","16.427","3.0349700712","4.15718578402573","0.762117447869773","14.97206052",
"6/24/1986","-40","-6.08845996856689","587","28.709","16.326","0.95787036","4.20055425731395","0.66968354128982","22.5070308",
"6/25/1986","-40","-6.08845996856689","587","29.425","17.096","0.3089904984","4.14485959205337","0.704053385160492","15.11066538",
"6/26/1986","-40","-6.08845996856689","587","29.692","18.168","0.0171661392","3.98494619798254","0.599117227726886","22.50196704",
"6/27/1986","-40","-6.08845996856689","587","30.262","17.02","0.2506257864","3.12861596117466","0.644251111731661","22.5864576",
"6/28/1986","-40","-6.08845996856689","587","31.129","19.439","3.56712372","3.33537622846638","0.682678561577061","20.81745216",
"6/29/1986","-40","-6.08845996856689","587","28.04","19.679","0.8102421","3.80008584613605","0.722594938856975","11.32622406",
"6/30/1986","-40","-6.08845996856689","587","30.135","18.674","0","4.41791775422463","0.620784828877636","22.54893588",
"7/1/1986","-40","-6.08845996856689","587","29.824","18.3","0","4.39690009108124","0.637255516721681","22.4011692",
"7/2/1986","-40","-6.08845996856689","587","29.718","19.288","0.219726288","4.97006581120941","0.664330058696788","21.6766692",
"7/3/1986","-40","-6.08845996856689","587","30.645","17.372","0","4.1676057699263","0.654528531507552","21.92556672",
"7/4/1986","-40","-6.08845996856689","587","29.94","19.889","0.147628764","5.06850874278156","0.608414589505687","22.16356434",
"7/5/1986","-40","-6.08845996856689","587","30.641","17.976","0","4.20424404186261","0.596170169098687","22.6439424",
"7/6/1986","-40","-6.08845996856689","587","30.63","19.513","0","4.03038475376216","0.618248648054615","22.41185688",
"7/7/1986","-40","-6.08845996856689","587","30.099","19.399","0.1270294344","3.64657704342659","0.626998242260936","18.96811254",
"7/8/1986","-40","-6.08845996856689","587","30.173","17.589","0.796508892","4.14820378850596","0.629312880233927","22.8105486",
"7/9/1986","-40","-6.08845996856689","587","29.772","17.493","0.4737852576","4.65969639602687","0.578604085810757","23.01344532",
"7/10/1986","-40","-6.08845996856689","587","29.634","16.969","0.0137329056","4.6352961589896","0.597062314835549","22.83311232",
"7/11/1986","-40","-6.08845996856689","587","26.575","17.505","0.0102996792","4.94335243602952","0.691536098034735","15.93320868",
"7/12/1986","-40","-6.08845996856689","587","28.86","17.075","0","4.63164606857341","0.686884801476041","20.550438",
"7/13/1986","-40","-6.08845996856689","587","28.965","17.436","0.91667178","5.21466046865821","0.679421424762549","13.68765288",
"7/14/1986","-40","-6.08845996856689","587","25.988","17.356","0.8342743176","5.42340013177363","0.685317318050493","9.75065796",
"7/15/1986","-40","-6.08845996856689","587","23.302","17.765","0.1922607936","4.94115695490219","0.728035934509219","6.04012284",
"7/16/1986","-40","-6.08845996856689","587","27.349","17.371","2.1251672928","5.24448346293138","0.704069736720508","15.0327",
"7/17/1986","-40","-6.08845996856689","587","26.45","18.427","1.9535065488","2.9796872837055","0.729722719001168","13.4458848",
"7/18/1986","-40","-6.08845996856689","587","30.671","18.862","0.2609252424","3.20313313680513","0.58247347864605","21.13740504",
"7/19/1986","-40","-6.08845996856689","587","30.586","18.4","0.0171661392","4.77123635734733","0.557571637572786","23.33953188",
"7/20/1986","-40","-6.08845996856689","587","30.729","19.939","1.2977604","3.94876296820809","0.584264334308746","17.93142828",
"7/21/1986","-40","-6.08845996856689","587","30.141","18.861","0.87890616","4.67825768297749","0.568293122722028","23.46058116",
"7/22/1986","-40","-6.08845996856689","587","30.681","17.874","0.0720977544","3.86302085492616","0.496818190521874","23.91417936",
"7/23/1986","-40","-6.08845996856689","587","30.873","17.587","0","3.44467645494507","0.477752207430715","23.9108058",
"7/24/1986","-40","-6.08845996856689","587","30.942","17.406","0","4.06000325480894","0.515034705157834","22.4411022",
"7/25/1986","-40","-6.08845996856689","587","31.347","17.974","0","4.62717228847219","0.532684517581831","23.73417576",
"7/26/1986","-40","-6.08845996856689","587","30.684","17.969","0","3.90926640813883","0.488852094485273","24.21865728",
"7/27/1986","-40","-6.08845996856689","587","31.136","17.049","0","2.89438195665213","0.488619086465754","24.0008616",
"7/28/1986","-40","-6.08845996856689","587","31.737","17.231","0","2.81514141865437","0.485061054146448","23.8832424",
"7/29/1986","-40","-6.08845996856689","587","31.065","17.665","0.034332264","3.43800643561939","0.519132215700193","23.9046786",
"7/30/1986","-40","-6.08845996856689","587","30.622","17.131","0.09956358","4.73077673676559","0.446727468613537","24.64149348",
"7/31/1986","-40","-6.08845996856689","587","30.259","18.81","0","3.44925768146677","0.45262593491665","24.42470652",
"8/1/1986","-40","-6.08845996856689","587","30.628","16.325","0","3.18337272632685","0.453657704929594","24.52539348",
"8/2/1986","-40","-6.08845996856689","587","31.287","19.752","0","3.70921434144035","0.372242804126957","24.6543192",
"8/3/1986","-40","-6.08845996856689","587","31.402","16.401","0.09956376","4.39827227211295","0.45345103311964","24.46435908",
"8/4/1986","-40","-6.08845996856689","587","31.774","19.031","1.72348056","4.67531667129019","0.520516220592398","24.30640998",
"8/5/1986","-40","-6.08845996856689","587","31.55","17.53","0","5.0323324685399","0.474159562558133","24.693471",
"8/6/1986","-40","-6.08845996856689","587","28.815","19.519","0.00686646","4.96808903771838","0.540640616868725","22.84301664",
"8/7/1986","-40","-6.08845996856689","587","30.668","18.184","1.098633132","4.13508190975578","0.605569431789864","20.08389636",
"8/8/1986","-40","-6.08845996856689","587","27.235","18.904","15.7516517664","3.52421897456793","0.685302116407083","15.41007486",
"8/9/1986","-40","-6.08845996856689","587","31.477","16.951","0","4.52817241693615","0.500658078159625","24.97302252",
"8/10/1986","-40","-6.08845996856689","587","32.036","16.956","0","4.30842096970628","0.463958914861077","25.1885844",
"8/11/1986","-40","-6.08845996856689","587","32.06","17.485","0.01373292","4.33827155468385","0.507163543379132","24.55914852",
"8/12/1986","-40","-6.08845996856689","587","32.659","18.501","0.55274976","4.50628730732293","0.540667570088067","24.93247572",
"8/13/1986","-40","-6.08845996856689","587","32.295","19.767","0.142478964","4.38560981730135","0.543944237452502","24.467958",
"8/14/1986","-40","-6.08845996856689","587","32.489","19.136","0.11329668","4.99236805542144","0.492358065895858","25.07238108",
"8/15/1986","-40","-6.08845996856689","587","31.994","18.736","0","4.93563103576326","0.52556124222935","25.28561412",
"8/16/1986","-40","-6.08845996856689","587","32.497","19.399","0","5.23258549599153","0.498580461604542","24.94276776",
"8/17/1986","-40","-6.08845996856689","587","32.656","19.02","0","5.25196475234542","0.505838778019402","25.37133408",
"8/18/1986","-40","-6.08845996856689","587","33.384","18.482","0","4.94062560101676","0.503418014008881","25.64173278",
"8/19/1986","-40","-6.08845996856689","587","31.339","19.799","0.3364562232","3.80826036966337","0.532288963163733","22.04786322",
"8/20/1986","-40","-6.08845996856689","587","26.851","20.055","10.373496012","2.85895823516721","0.764547480839602","10.51959888",
"8/21/1986","-40","-6.08845996856689","587","23.202","18.392","9.00535608","2.52859416807029","0.837656403763448","2.875162428",
"8/22/1986","-40","-6.08845996856689","587","27.023","19.105","0","3.33256131013021","0.663676009552738","12.58155234",
"8/23/1986","-40","-6.08845996856689","587","32.846","18.269","0","3.18943915753829","0.522655371438888","24.536025",
"8/24/1986","-40","-6.08845996856689","587","33.109","19.992","0","5.25396368003816","0.541372996163021","21.66924006",
"8/25/1986","-40","-6.08845996856689","587","32.553","19.22","0","4.85646331300583","0.467643001643189","26.29091808",
"8/26/1986","-40","-6.08845996856689","587","32.215","18.648","0","3.97946932157003","0.509527891138286","26.2497933",
"8/27/1986","-40","-6.08845996856689","587","33.079","18.897","0.0068664528","3.11723653406928","0.524951609384004","24.4175094",
"8/28/1986","-40","-6.08845996856689","587","32.45","21.371","0.0205993584","3.90434968793803","0.430507400824772","24.5370969",
"8/29/1986","-40","-6.08845996856689","587","29.585","19.691","0.0686645784","4.77275662892634","0.531801820309083","13.94308188",
"8/30/1986","-40","-6.08845996856689","587","32.575","18.559","0.4875182064","4.3512203403354","0.507676618288843","26.28769806",
"8/31/1986","-40","-6.08845996856689","587","33.272","19.599","0","5.04235116239585","0.486398406378852","25.93259892",
"9/1/1986","-40","-6.08845996856689","587","31.158","20.281","2.32772598","5.17043004756004","0.556918070509426","22.0431897",
"9/2/1986","-40","-6.08845996856689","587","30.314","19.44","6.430434516","5.55539412173199","0.599547124008412","20.297979",
"9/3/1986","-40","-6.08845996856689","587","28.45","18.101","0.0102996792","5.79958494059181","0.625804863197199","21.15995886",
"9/4/1986","-40","-6.08845996856689","587","32.065","17.369","0","5.29787940236807","0.55898303408334","26.59207752",
"9/5/1986","-40","-6.08845996856689","587","31.539","19.488","0.0102996792","4.29614938855093","0.519626782553255","16.202588148",
"9/6/1986","-40","-6.08845996856689","587","33.269","18.336","0","5.11966701123556","0.461350369805252","26.70171156",
"9/7/1986","-40","-6.08845996856689","587","28.697","20.417","0.3690720144","5.21176415228607","0.589635082017383","7.412170068",
"9/8/1986","-40","-6.08845996856689","587","28.604","18.819","1.8213276744","4.98409477059978","0.584121722478233","19.7744022",
"9/9/1986","-40","-6.08845996856689","587","31.794","19.736","1.47285432","4.66648958896619","0.55780395742129","16.36430274",
"9/10/1986","-40","-6.08845996856689","587","32.198","19.789","1.34239212","5.10601046441492","0.550029693754146","25.19841672",
"9/11/1986","-40","-6.08845996856689","587","32.258","19.068","0.0102996792","5.54401900731277","0.50981487893643","26.305155072",
"9/12/1986","-40","-6.08845996856689","587","32.086","19.526","0.60596496","5.09518828254082","0.500966981432756","26.994037392",
"9/13/1986","-40","-6.08845996856689","587","32.892","20.593","0.40512096","5.25995067414733","0.455576257831831","26.729380008",
"9/14/1986","-40","-6.08845996856689","587","32.257","19.378","0","5.17262021025831","0.51097496374536","26.48609406",
"9/15/1986","-40","-6.08845996856689","587","33.133","20.028","0","4.8172414497589","0.473335374870395","22.353751152",
"9/16/1986","-40","-6.08845996856689","587","32.822","20.704","0.084114072","5.47555648205052","0.506088641208697","24.54890805",
"9/17/1986","-40","-6.08845996856689","587","32.932","19.554","0","5.25124317007712","0.468801654236207","25.25147514",
"9/18/1986","-40","-6.08845996856689","587","31.391","20.149","0","4.67928539073416","0.512271114542521","23.26578894",
"9/19/1986","-40","-6.08845996856689","587","33.581","19.582","0","4.55078197879585","0.455751780187613","27.54129186",
"9/20/1986","-40","-6.08845996856689","587","32.999","19.789","0","4.58848866208004","0.400340853207746","27.80403336",
"9/21/1986","-40","-6.08845996856689","587","32.552","20.17","0","3.89030051130017","0.460177966860109","24.015710952",
"9/22/1986","-40","-6.08845996856689","587","34.087","20.469","0.25920864","4.69664939424853","0.46051610192113","26.7766344",
"9/23/1986","-40","-6.08845996856689","587","33.496","21.503","2.2384661976","4.73456329002468","0.494865945060364","27.390942",
"9/24/1986","-40","-6.08845996856689","587","34.232","21.908","0.968169744","4.88203202651159","0.449517910534757","26.1933183",
"9/25/1986","-40","-6.08845996856689","587","33.618","21.964","0.4154204376","5.14736989781607","0.474982029148642","21.762502272",
"9/26/1986","-40","-6.08845996856689","587","33.435","21.654","0","4.62700383034376","0.481515499885875","20.60448642",
"9/27/1986","-40","-6.08845996856689","587","34.199","21.634","1.6496676","4.52399344237634","0.502674322908663","22.00803264",
"9/28/1986","-40","-6.08845996856689","587","34.816","21.846","0.24204276","5.48040218538804","0.501620628826233","22.7305647",
"9/29/1986","-40","-6.08845996856689","587","33.438","21.338","1.986122592","5.18146851458342","0.529178411376352","26.475858306",
"9/30/1986","-40","-6.08845996856689","587","32.138","21.04","3.1723065","4.32696406491961","0.573539716259003","20.158420122",
"10/1/1986","-40","-6.08845996856689","587","30.211","20.964","0","5.2842085340864","0.587814430061372","26.622607032",
"10/2/1986","-40","-6.08845996856689","587","32.562","20.011","0","4.34524316990656","0.514282921295127","23.42266596",
"10/3/1986","-40","-6.08845996856689","587","33.63","21.258","0","4.40037787164751","0.473789190068018","25.11697662",
"10/4/1986","-40","-6.08845996856689","587","33.3","21.748","0.5115508272","3.75493158933006","0.502096961670935","19.44416304",
"10/5/1986","-40","-6.08845996856689","587","33.722","21.092","8.04061584","3.9992654511825","0.59660854550135","21.66800679",
"10/6/1986","-40","-6.08845996856689","587","31.333","20.705","4.4837977464","3.23930998531032","0.573096031597559","21.51196488",
"10/7/1986","-40","-6.08845996856689","587","31.36","21.338","5.7197588904","3.44568849243766","0.615535263563433","18.893027142",
"10/8/1986","-40","-6.08845996856689","587","29.903","21.569","2.6504501328","3.12879700360722","0.638050400795506","12.23504838",
"10/9/1986","-40","-6.08845996856689","587","32.459","20.748","0.0411987168","4.56561825743632","0.593834972398573","20.754901872",
"10/10/1986","-40","-6.08845996856689","587","29.642","20.378","0","4.08488586628728","0.585647474308133","13.5254232",
"10/11/1986","-40","-6.08845996856689","587","33.883","20.941","0","4.20494752615082","0.520900173935106","20.11364622",
"10/12/1986","-40","-6.08845996856689","587","34.317","21.607","0.0171661392","4.88673430148488","0.544931894221706","21.86234856",
"10/13/1986","-40","-6.08845996856689","587","33.704","21.202","0.02746584","5.25551593166597","0.520797838793979","21.649611168",
"10/14/1986","-40","-6.08845996856689","587","34.352","20.469","0","5.45024752319884","0.468745255431448","26.9776584",
"10/15/1986","-40","-6.08845996856689","587","34.559","21.38","0","4.17378010145195","0.413371460517192","23.10416496",
"10/16/1986","-40","-6.08845996856689","587","33.916","22.315","0.0102996792","4.41109587045726","0.47855414225483","21.049197768",
"10/17/1986","-40","-6.08845996856689","587","33.698","21.993","0.32272362","4.69158079244965","0.483473257066973","22.85966142",
"10/18/1986","-40","-6.08845996856689","587","33.517","22.46","0.164794968","5.33583400241519","0.446216883902956","26.366395032",
"10/19/1986","-40","-6.08845996856689","587","34.455","20.239","0","4.82920406837217","0.382136002237539","28.602024552",
"10/20/1986","-40","-6.08845996856689","587","35.285","21.315","0","5.24639200603067","0.425426592320637","28.409108832",
"10/21/1986","-40","-6.08845996856689","587","31.905","21.212","14.18609628","4.47144227907761","0.595839519491921","17.27966583",
"10/22/1986","-40","-6.08845996856689","587","33.568","21.759","2.212716852","4.96854420528228","0.506121912307613","27.6305436",
"10/23/1986","-40","-6.08845996856689","587","34.163","20.584","0","4.58460058102491","0.45015533245059","28.342935",
"10/24/1986","-40","-6.08845996856689","587","34.556","20.568","0","4.78995473230784","0.451838187591283","28.4941404",
"10/25/1986","-40","-6.08845996856689","587","34.241","20.795","0","4.76320192443616","0.465535111240996","23.25735288",
"10/26/1986","-40","-6.08845996856689","587","33.46","21.892","0","4.81255278606721","0.463681166778435","19.71574092",
"10/27/1986","-40","-6.08845996856689","587","33.019","20.6","4.68292032","4.55228928639081","0.501428750708224","26.73431748",
"10/28/1986","-40","-6.08845996856689","587","34.168","21.849","0.4154202","3.74353988002275","0.411160392985997","25.69943826",
"10/29/1986","-40","-6.08845996856689","587","33.287","21.15","0","4.32282588137952","0.425374192116751","21.62098404",
"10/30/1986","-40","-6.08845996856689","587","32.497","22.474","0.1235961864","5.07952969178773","0.48404965513434","20.77874982",
"10/31/1986","-40","-6.08845996856689","587","34.278","21.351","0.082397448","5.0180560327912","0.416532334141742","27.527279112",
"11/1/1986","-40","-6.08845996856689","587","34.457","22.067","0","4.65332986983698","0.39704250760351","28.284318",
"11/2/1986","-40","-6.08845996856689","587","34.672","22.647","0","4.66053627980261","0.413138986694285","24.43303386",
"11/3/1986","-40","-6.08845996856689","587","35.277","21.509","0","5.64483703382871","0.435535521103508","28.34855928",
"11/4/1986","-40","-6.08845996856689","587","34.278","21.199","0","5.38335121913027","0.445088134699015","23.55680268",
"11/5/1986","-40","-6.08845996856689","587","32.462","21.528","0","5.73900811406375","0.454754758870914","28.0251783",
"11/6/1986","-40","-6.08845996856689","587","31.941","21.254","0","5.37932068217423","0.506963623202675","27.6383682",
"11/7/1986","-40","-6.08845996856689","587","33.678","21.542","0.072097776","4.92841762128569","0.496479755264726","26.377362",
"11/8/1986","-40","-6.08845996856689","587","32.417","22.181","0.0377655264","5.2658764842355","0.500438627133797","21.39631614",
"11/9/1986","-40","-6.08845996856689","587","33.971","20.672","0","5.5993235908468","0.467517004174259","26.78072346",
"11/10/1986","-40","-6.08845996856689","587","34.895","21.154","0","5.29492877826651","0.427588659899152","26.54015706",
"11/11/1986","-40","-6.08845996856689","587","34.658","21.104","0","5.17346652900301","0.440807995717989","26.3714625",
"11/12/1986","-40","-6.08845996856689","587","34.993","21.609","0","5.77151201328066","0.47689150219748","28.032246",
"11/13/1986","-40","-6.08845996856689","587","35.1","20.949","0","5.69464165194224","0.443614474892845","28.23676578",
"11/14/1986","-40","-6.08845996856689","587","34.256","22.746","0","5.53789391836923","0.378311848189247","28.52380242",
"11/15/1986","-40","-6.08845996856689","587","33.839","21.535","0.0463484664","5.76446412765905","0.458153174320508","28.0490463",
"11/16/1986","-40","-6.08845996856689","587","35.049","23.608","0.3158571312","5.24421168292371","0.413595812631533","27.15879564",
"11/17/1986","-40","-6.08845996856689","587","35.112","22.483","0","5.86943950515415","0.398288398821375","28.08478242",
"11/18/1986","-40","-6.08845996856689","587","34.688","21.584","0","6.26851547149017","0.419679130370607","28.03033008",
"11/19/1986","-40","-6.08845996856689","587","34.223","21.829","0","6.19169075563492","0.434347473735896","27.84413142",
"11/20/1986","-40","-6.08845996856689","587","33.817","21.778","0.49095144","5.16328555993283","0.439413444576565","21.61743372",
"11/21/1986","-40","-6.08845996856689","587","32.789","22.597","1.4522552424","5.17014645383336","0.526110406091486","17.81313966",
"11/22/1986","-40","-6.08845996856689","587","33.292","21.263","0.7947924264","5.57391943912316","0.541169699567047","22.04853498",
"11/23/1986","-40","-6.08845996856689","587","33.119","21.759","3.486441672","5.11493837885021","0.503748378534715","20.77903062",
"11/24/1986","-40","-6.08845996856689","587","32.544","21.895","3.483011124","4.69533504941384","0.553934734027813","23.04224442",
"11/25/1986","-40","-6.08845996856689","587","30.101","21.621","0.3210067584","4.79572696475667","0.590949076486914","21.63189222",
"11/26/1986","-40","-6.08845996856689","587","30.296","21.469","1.1115077328","4.70367524329373","0.585634495532835","19.85760468",
"11/27/1986","-40","-6.08845996856689","587","32.035","20.896","0.528717528","5.45127493542642","0.566839159969165","27.08606718",
"11/28/1986","-40","-6.08845996856689","587","32.551","20.498","0.0034332264","5.48408330454442","0.49811778582299","27.4133286",
"11/29/1986","-40","-6.08845996856689","587","33.272","21.467","0.0171661392","5.80648545795131","0.516986495309308","27.0269901",
"11/30/1986","-40","-6.08845996856689","587","33.708","21.735","0.20771028","6.78137441425512","0.531401197987109","25.28549982",
"12/1/1986","-40","-6.08845996856689","587","32.393","21.519","2.068520508","5.80201008384836","0.583728803745809","22.020235848",
"12/2/1986","-40","-6.08845996856689","587","30.784","20.94","0.995635944","5.09556162502076","0.62363545794976","22.78108818",
"12/3/1986","-40","-6.08845996856689","587","31.647","21.197","0.4823689104","4.96910349482738","0.589389459514244","20.11944474",
"12/4/1986","-40","-6.08845996856689","587","32.897","21.141","0.52871724","5.09943515215308","0.559918221186587","26.03823336",
"12/5/1986","-40","-6.08845996856689","587","32.904","21.616","0","5.29499523915846","0.510685328179763","25.49430072",
"12/6/1986","-40","-6.08845996856689","587","34.211","21.779","0","4.87482949591372","0.4595562831157","27.99797922",
"12/7/1986","-40","-6.08845996856689","587","34.051","21.357","0","5.24739172980637","0.472305753744313","27.99984852",
"12/8/1986","-40","-6.08845996856689","587","35.056","21.153","0","5.73823848771154","0.469526835190312","27.5409513",
"12/9/1986","-40","-6.08845996856689","587","34.615","21.795","0","5.63136757782667","0.476430016524592","26.9009991",
"12/10/1986","-40","-6.08845996856689","587","34.721","21.614","0","4.85785382429065","0.453948320753468","27.41112828",
"12/11/1986","-40","-6.08845996856689","587","34.899","21.03","0","4.1663756229183","0.434112445307768","28.157853312",
"12/12/1986","-40","-6.08845996856689","587","33.748","21.57","1.6273496664","2.91244717092937","0.485502081712039","23.54022522",
"12/13/1986","-40","-6.08845996856689","587","33.142","22.424","2.5448805864","3.97725704484607","0.522090883213886","15.91205148",
"12/14/1986","-40","-6.08845996856689","587","34.734","21.526","0.65403","5.14877303010363","0.405526388301855","28.5487875",
"12/15/1986","-40","-6.08845996856689","587","33.744","20.992","0","5.64700149125365","0.438960307268425","27.6492375",
"12/16/1986","-40","-6.08845996856689","587","33.576","21.17","0","5.99559844387118","0.423513561066519","28.2141",
"12/17/1986","-40","-6.08845996856689","587","34.244","21.797","0","5.46074853275743","0.384756204779915","28.48927338",
"12/18/1986","-40","-6.08845996856689","587","34.582","21.582","0","5.31922749567693","0.383990928941461","28.6580817",
"12/19/1986","-40","-6.08845996856689","587","34.215","22.406","0","4.88215045651838","0.444398329396974","21.4488621",
"12/20/1986","-40","-6.08845996856689","587","32.422","21.575","0.0034332264","4.3867129974603","0.467837163538818","19.11341808",
"12/21/1986","-40","-6.08845996856689","587","34.231","21.541","0.3055572","4.77735202067696","0.465784970165621","25.48299348",
"12/22/1986","-40","-6.08845996856689","587","34.822","22.534","1.721763","5.55437409079883","0.479651271651621","26.6415723",
"12/23/1986","-40","-6.08845996856689","587","35.039","21.491","0","6.10600140675308","0.517667421628786","22.2034527",
"1/1/1987","-40","-6.08845996856689","587","35.189","21.813","0","5.31464744654965","0.493300891682699","28.414300968",
"1/2/1987","-40","-6.08845996856689","587","33.33","21.866","0.092697012","5.29938956242699","0.551102829783094","25.43017824",
"1/3/1987","-40","-6.08845996856689","587","34.783","20.866","0.2969739","4.76353642851255","0.565592555889533","26.321392728",
"1/4/1987","-40","-6.08845996856689","587","33.367","21.509","2.118302532","4.56138424233092","0.561406696029071","24.20262837",
"1/5/1987","-40","-6.08845996856689","587","32.388","21.406","0.66604644","4.83584098848867","0.600369338768566","16.65714411",
"1/6/1987","-40","-6.08845996856689","587","33.54","21.085","1.512336816","5.4048643634464","0.612286497560592","23.82254586",
"1/7/1987","-40","-6.08845996856689","587","31.718","20.696","0.0720977904","5.65321831642541","0.597958620827228","21.18081816",
"1/8/1987","-40","-6.08845996856689","587","32.448","20.154","0","4.83961299965034","0.554044711121013","23.3761482",
"1/9/1987","-40","-6.08845996856689","587","32.804","20.875","0.1064299032","4.53226047114607","0.558306177461485","25.02079398",
"1/10/1987","-40","-6.08845996856689","587","34.07","20.951","0","4.76163729379302","0.500655213499874","24.67006596",
"1/11/1987","-40","-6.08845996856689","587","35.104","21.48","0","5.64888237137634","0.442145137980151","28.82862972",
"1/12/1987","-40","-6.08845996856689","587","34.245","20.907","0","5.42958340581924","0.48191603217626","28.38234402",
"1/13/1987","-40","-6.08845996856689","587","34.262","21.001","0.0034332264","4.68110598661936","0.470060408813683","21.00802482",
"1/14/1987","-40","-6.08845996856689","587","34.276","20.106","0","5.1501730871006","0.440042816630292","27.3837339",
"1/15/1987","-40","-6.08845996856689","587","34.924","20.09","0","5.43145135310434","0.48317627930888","28.44725895",
"1/16/1987","-40","-6.08845996856689","587","35.519","20.793","1.150131204","5.17927556724553","0.574435539668954","22.1674491",
"1/17/1987","-40","-6.08845996856689","587","33.595","19.868","1.13296572","4.6206269253644","0.620653192870931","24.02898516",
"1/18/1987","-40","-6.08845996856689","587","35.176","20.67","0","5.43450004167032","0.568611815938935","27.03504078",
"1/19/1987","-40","-6.08845996856689","587","34.526","20.357","0","5.21333916545418","0.55580477179253","24.4680138",
"1/20/1987","-40","-6.08845996856689","587","35.395","21.118","0","5.2987537287146","0.523992935073919","22.01158332",
"1/21/1987","-40","-6.08845996856689","587","34.807","20.888","0","5.39229000522138","0.504005603371422","28.49928534",
"1/22/1987","-40","-6.08845996856689","587","34.403","20.072","0.4068378","4.91315811147026","0.507341553947216","28.0366254",
"1/23/1987","-40","-6.08845996856689","587","33.949","20.866","0","5.14691987272667","0.487637358135418","26.77331232",
"1/24/1987","-40","-6.08845996856689","587","34.839","20.323","0","5.1190644052513","0.445712098914903","28.9757745",
"1/25/1987","-40","-6.08845996856689","587","34.844","21.246","0","5.81179135533034","0.443503509646931","28.84950261",
"1/26/1987","-40","-6.08845996856689","587","35.096","19.764","0","4.83498864080004","0.444828305691631","27.43638318",
"1/27/1987","-40","-6.08845996856689","587","35.062","20.707","0","4.7633909601824","0.460633910064836","28.66629735",
"1/28/1987","-40","-6.08845996856689","587","35.396","20.874","0.0755309592","3.95140368609813","0.476166688124338","22.664133",
"1/29/1987","-40","-6.08845996856689","587","34.53","20.267","0.43602012","3.41712351748684","0.52389629985572","22.9663683",
"1/30/1987","-40","-6.08845996856689","587","33.701","20.998","0","4.54349855380104","0.520579749924364","22.33164177",
"1/31/1987","-40","-6.08845996856689","587","34.948","19.926","0","5.69741111056122","0.503573281220301","28.9478808",
"2/1/1987","-40","-6.08845996856689","587","35.242","19.84","0","5.87166406064533","0.480433285009981","28.79836857",
"2/2/1987","-40","-6.08845996856689","587","34.456","19.951","0.40340412","5.25144238804496","0.483210696439967","29.14701156",
"2/3/1987","-40","-6.08845996856689","587","36.428","20.975","0","4.86023249567515","0.430543585380468","29.29927302",
"2/4/1987","-40","-6.08845996856689","587","36.017","21.484","0","5.53214085003326","0.460540144167238","29.16107253",
"2/5/1987","-40","-6.08845996856689","587","35.478","20.444","0","5.20143588914784","0.473946568767399","29.13158988",
"2/6/1987","-40","-6.08845996856689","587","36.115","21.202","0.0858305592","5.01570484674918","0.492764570751503","23.94567918",
"2/7/1987","-40","-6.08845996856689","587","32.271","19.798","1.388740608","3.84215723465819","0.688795727164276","9.66183372",
"2/8/1987","-40","-6.08845996856689","587","34.681","19.532","0","4.86467765979411","0.580962716934533","21.93812352",
"2/9/1987","-40","-6.08845996856689","587","35.431","19.599","1.60331724","4.45086315060236","0.641666060240425","24.48585054",
"2/10/1987","-40","-6.08845996856689","587","33.547","19.302","1.375007508","4.72664497331563","0.663651428787279","23.28254397",
"2/11/1987","-40","-6.08845996856689","587","31.699","19.824","0.38280474","4.51396627080766","0.710456249602309","22.48053597",
"2/12/1987","-40","-6.08845996856689","587","32.361","20.203","2.0942691048","4.58512979651347","0.668895587589164","21.928221",
"2/13/1987","-40","-6.08845996856689","587","32.13","19.872","3.4212130632","4.01762753059249","0.736186405122839","15.157575",
"2/14/1987","-40","-6.08845996856689","587","29.984","20.025","1.4694215328","3.81529086293035","0.717474983446538","17.35035903",
"2/15/1987","-40","-6.08845996856689","587","31.435","20.489","1.709748","3.56062336522275","0.653965626908624","26.86764168",
"2/16/1987","-40","-6.08845996856689","587","29.645","20.309","1.390457412","2.78959019712598","0.715382213007041","12.313690398",
"2/17/1987","-40","-6.08845996856689","587","31.884","19.535","0.8703232704","3.93828189718912","0.731150928241194","21.56743053",
"2/18/1987","-40","-6.08845996856689","587","31.296","20.027","0.230026356","3.6616739589768","0.631290005274793","20.95380081",
"2/19/1987","-40","-6.08845996856689","587","33.47","19.968","3.081321","4.4567468530935","0.627061067016448","26.58678633",
"2/20/1987","-40","-6.08845996856689","587","33.882","19.779","0.3046988736","4.29563678300481","0.556177860805164","29.19442824",
"2/21/1987","-40","-6.08845996856689","587","34.308","20.83","1.614474936","4.4729413855415","0.545914319224935","28.25037792",
"2/22/1987","-40","-6.08845996856689","587","34.543","20.51","0.411129144","4.21458090921542","0.557924450352539","24.58647792",
"2/23/1987","-40","-6.08845996856689","587","31.722","21.329","2.5560391032","4.12723998562034","0.693861033075607","20.19312738",
"2/24/1987","-40","-6.08845996856689","587","32.424","19.675","1.943208","4.50941671930029","0.632029060287679","25.6745826",
"2/25/1987","-40","-6.08845996856689","587","34.195","19.867","0","4.19980493646955","0.487889901088536","29.2201812",
"2/26/1987","-40","-6.08845996856689","587","34.112","21.221","0","4.8576685695493","0.48007485771544","28.8794286",
"2/27/1987","-40","-6.08845996856689","587","34.947","20.43","0","4.89240303220394","0.503012821025934","27.05732388",
"2/28/1987","-40","-6.08845996856689","587","34.588","20.718","0","4.97497738510225","0.469720027520359","28.6401402",
"3/1/1987","-40","-6.08845996856689","587","35.179","21.151","0","4.52569432655604","0.515890570895124","25.15927428",
"3/2/1987","-40","-6.08845996856689","587","35.385","21.351","0.684928944","3.73025707246089","0.536104036807642","22.1509692",
"3/3/1987","-40","-6.08845996856689","587","32.46","21.135","2.0015718264","3.43970583224247","0.656803063943786","13.617217332",
"3/4/1987","-40","-6.08845996856689","587","33.17","20.581","1.6445165544","3.98159878971161","0.682552131333754","21.58661322",
"3/5/1987","-40","-6.08845996856689","587","32.316","19.274","0.494384544","2.85529791897909","0.662854730012451","20.20157064",
"3/6/1987","-40","-6.08845996856689","587","30.8","20.084","1.7166144384","3.66298345834448","0.750889363685468","20.9730897",
"3/7/1987","-40","-6.08845996856689","587","32.591","20.714","0.6789208392","3.91957872098286","0.692771261187725","21.837663",
"3/8/1987","-40","-6.08845996856689","587","33.42","20.718","0.59480856","4.43561371893782","0.664290196653717","21.54807378",
"3/9/1987","-40","-6.08845996856689","587","32.708","19.961","2.14748298","3.87797621821658","0.682199556117712","23.01845094",
"3/10/1987","-40","-6.08845996856689","587","33.267","20.813","0.2368926792","3.88388063321721","0.651894928804731","21.61776915",
"3/11/1987","-40","-6.08845996856689","587","26.351","20.592","6.6587437584","3.04725717256372","0.859850519773739","14.33311839",
"3/12/1987","-40","-6.08845996856689","587","31.261","19.658","4.8734662464","2.35902296091372","0.791341920689647","15.86424456",
"3/13/1987","-40","-6.08845996856689","587","24.118","20.442","15.8031378","1.57505910912123","0.910598222450822","10.459799424",
"3/14/1987","-40","-6.08845996856689","587","26.402","20.299","27.53619912","2.35374561150433","0.902608790688347","11.26170288",
"3/15/1987","-40","-6.08845996856689","587","25.47","19.162","22.0713600744","1.54088546008272","0.924215275228805","11.95171866",
"3/16/1987","-40","-6.08845996856689","587","27.331","18.018","2.0599370568","2.44524477107039","0.864631581070306","15.652019808",
"3/17/1987","-40","-6.08845996856689","587","27.175","20.555","23.759651196","2.70822879136604","0.907544581140916","20.02112244",
"3/18/1987","-40","-6.08845996856689","587","31.682","20.302","6.9265386","4.14425897245316","0.765310563721173","23.1014754",
"3/19/1987","-40","-6.08845996856689","587","33.045","20.611","10.2601994328","3.67936881851041","0.706359854073795","22.65440958",
"3/20/1987","-40","-6.08845996856689","587","33.376","21.148","1.399039812","3.08340659658701","0.708848627189013","21.645396252",
"3/21/1987","-40","-6.08845996856689","587","28.596","20.668","11.242102896","2.40363372825207","0.870022941786493","16.14571542",
"3/22/1987","-40","-6.08845996856689","587","29.7","21.37","94.363165152","3.54880642981105","0.843213470104564","18.227536812",
"3/23/1987","-40","-6.08845996856689","587","31.574","20.573","2.2813812648","3.96867055430196","0.79254121581161","23.52865338",
"3/24/1987","-40","-6.08845996856689","587","32.594","19.955","1.8144598968","3.52251704262079","0.771500041182451","26.54167842",
"3/25/1987","-40","-6.08845996856689","587","32.768","21.518","12.32014104","3.02360300867354","0.794797294560083","21.09448062",
"3/26/1987","-40","-6.08845996856689","587","29.775","21.049","8.3993942664","3.61647517794368","0.777405022186097","18.7668",
"3/27/1987","-40","-6.08845996856689","587","33.143","19.909","0.7553088","3.60633187590656","0.683052305066725","27.05647176",
"3/28/1987","-40","-6.08845996856689","587","32.263","20.302","1.46942136","4.11869536856069","0.709216661480456","26.9352081",
"3/29/1987","-40","-6.08845996856689","587","30.411","20.825","2.590372152","3.98098073917291","0.783579208921418","23.64569766",
"3/30/1987","-40","-6.08845996856689","587","27.809","19.949","0.3338817264","3.31006384093955","0.856124597633374","12.732020748",
"3/31/1987","-40","-6.08845996856689","587","28.734","20.793","5.994413676","3.47437744554072","0.870453601263815","15.14789802",
"4/1/1987","-40","-6.08845996856689","587","28.897","20.128","2.7208320912","3.85940022197249","0.826000931198668","14.7832371",
"4/2/1987","-40","-6.08845996856689","587","31.395","18.815","0.0549316224","3.68999141642664","0.685608974298329","26.61434838",
"4/3/1987","-40","-6.08845996856689","587","30.822","20.827","1.3647086424","3.27919515395347","0.704518985099374","20.812725",
"4/4/1987","-40","-6.08845996856689","587","24.668","17.982","2.81009988","1.96246333943337","0.867193505233782","5.353818228",
"4/5/1987","-40","-6.08845996856689","587","32.137","19.456","0.3776549544","3.59295937267299","0.71211355163285","24.20274312",
"4/6/1987","-40","-6.08845996856689","587","31.682","19.583","0.202560444","3.72548110604091","0.658372629865224","23.01400854",
"4/7/1987","-40","-6.08845996856689","587","32.744","18.318","0","3.72519424922442","0.573103141540684","23.28772428",
"4/8/1987","-40","-6.08845996856689","587","31.973","19.243","0.3072737448","3.85490538678472","0.66994607293623","25.65016902",
"4/9/1987","-40","-6.08845996856689","587","32.145","20.356","0.22315968","3.99018556977376","0.691683202351351","20.5600518",
"4/10/1987","-40","-6.08845996856689","587","26.055","20.723","5.3978934744","3.26561839103473","0.90612860580508","11.8771353",
"4/11/1987","-40","-6.08845996856689","587","31.311","20.162","0.1579285512","4.18594134190307","0.750893199329923","24.21646974",
"4/12/1987","-40","-6.08845996856689","587","32.187","19.088","0","3.93035796784435","0.690595176961369","25.94868534",
"4/13/1987","-40","-6.08845996856689","587","31.706","19.271","0","4.13441955618628","0.626612156509057","25.71569442",
"4/14/1987","-40","-6.08845996856689","587","31.935","17.797","0","4.08038099347421","0.590472074504421","26.36848188",
"4/15/1987","-40","-6.08845996856689","587","29.285","19.964","0","3.68241240956105","0.620918752665616","16.61889528",
"4/16/1987","-40","-6.08845996856689","587","31.435","18.283","0.09613044","4.07744618336079","0.56823437958055","24.6952728",
"4/17/1987","-40","-6.08845996856689","587","31.208","19.581","1.0351179","4.05400049875777","0.639343716275781","22.31010432",
"4/18/1987","-40","-6.08845996856689","587","32.527","19.678","2.609254728","3.67577149427454","0.608507359171908","25.95622842",
"4/19/1987","-40","-6.08845996856689","587","32.475","17.877","0.010299672","3.5239598330026","0.580075864431337","25.9885143",
"4/20/1987","-40","-6.08845996856689","587","32.161","18.85","0.7724759184","3.56697159901235","0.664207243876361","23.88605148",
"4/21/1987","-40","-6.08845996856689","587","32.654","18.641","0.9372708","4.09288663893833","0.681304325633468","24.34364442",
"4/22/1987","-40","-6.08845996856689","587","31.978","18.429","2.3757939864","4.23780958160079","0.716507623310476","18.5118183",
"4/23/1987","-40","-6.08845996856689","587","31.702","18.815","2.108004192","4.06060017636022","0.666705915277068","22.4327187",
"4/24/1987","-40","-6.08845996856689","587","32.171","20.986","0.1682283888","4.0402976084164","0.659057445116258","21.63792042",
"4/25/1987","-40","-6.08845996856689","587","31.344","19.899","0.030899052","4.44094884843938","0.710893270804589","23.75898246",
"4/26/1987","-40","-6.08845996856689","587","31.41","20.432","0.9510040008","4.51013128566318","0.776657127883075","24.22192932",
"4/27/1987","-40","-6.08845996856689","587","31.031","19.634","0.044631936","3.88885599146243","0.693810506754589","20.33324748",
"4/28/1987","-40","-6.08845996856689","587","32.206","19.408","1.138113432","3.94589981140267","0.675598130136929","22.66031214",
"4/29/1987","-40","-6.08845996856689","587","32.083","19.436","3.09676626","3.55586588347571","0.687511366290192","22.48897014",
"4/30/1987","-40","-6.08845996856689","587","33.18","19.173","2.2195836","3.30799428527592","0.638159885414118","24.67141848",
"5/1/1987","-40","-6.08845996856689","587","33.219","20.313","0.25405866","3.59070769782286","0.627802803794154","19.940121",
"5/2/1987","-40","-6.08845996856689","587","32.552","21.271","5.9909817528","4.38749277758816","0.739471751604666","20.65320054",
"5/3/1987","-40","-6.08845996856689","587","31.759","20.138","0.0205993656","3.94409404063168","0.742965878353419","21.33028278",
"5/4/1987","-40","-6.08845996856689","587","32.003","19.825","0.0926971056","3.97679101499047","0.711929831786311","20.60887878",
"5/5/1987","-40","-6.08845996856689","587","31.374","19.545","1.047135564","3.92711907959591","0.711165087629574","20.64126852",
"5/6/1987","-40","-6.08845996856689","587","32.446","18.452","1.2668598864","3.71787382461984","0.645025501574445","23.52672828",
"5/7/1987","-40","-6.08845996856689","587","33.134","18.224","0.0068664528","3.41518606446851","0.569540211603139","24.4963197",
"5/8/1987","-40","-6.08845996856689","587","32.65","18.441","0","3.42443079026694","0.574316766260602","24.42735576",
"5/9/1987","-40","-6.08845996856689","587","33.866","19.294","0","3.85026686851689","0.543427328781957","23.50878372",
"5/10/1987","-40","-6.08845996856689","587","33.562","19.413","0","3.86255541340155","0.510578540940039","24.4891674",
"5/11/1987","-40","-6.08845996856689","587","32.466","19.342","0","3.86488606793381","0.554118867968081","18.67972248",
"5/12/1987","-40","-6.08845996856689","587","31.902","19.452","0.17509446","3.92737630252984","0.548050665873585","22.0583241",
"5/13/1987","-40","-6.08845996856689","587","33.543","18.986","0.35018892","3.28001618168894","0.535655370423424","24.19392042",
"5/14/1987","-40","-6.08845996856689","587","32.738","18.53","0","3.51439143264917","0.515859068254686","23.965704",
"5/15/1987","-40","-6.08845996856689","587","32.919","18.248","0","3.81069444738154","0.530846411884568","24.256512",
"5/16/1987","-40","-6.08845996856689","587","32.781","19.431","0.037765512","3.94119601258177","0.560828262507196","23.87243772",
"5/17/1987","-40","-6.08845996856689","587","30.576","18.545","0.061798104","3.77465724585676","0.582528836411596","16.70242212",
"5/18/1987","-40","-6.08845996856689","587","33.468","18.719","0.28152468","3.49106729269588","0.494590982569782","23.95957158",
"5/19/1987","-40","-6.08845996856689","587","33.373","18.049","0","3.39790991690031","0.492688946469385","23.6992464",
"5/20/1987","-40","-6.08845996856689","587","32.964","18.886","0","4.04047782948992","0.57016362111673","23.1347322",
"5/21/1987","-40","-6.08845996856689","587","33.423","19.755","0","4.37699012214915","0.552677449371827","21.368979",
"5/22/1987","-40","-6.08845996856689","587","32.677","19.088","0","4.30977148466051","0.559626737548256","23.08736214",
"5/23/1987","-40","-6.08845996856689","587","33.414","18.73","0","3.98413394520416","0.551681940224641","22.68314676",
"5/24/1987","-40","-6.08845996856689","587","33.533","19.972","0","3.89260019694233","0.585755717240376","21.95549982",
"5/25/1987","-40","-6.08845996856689","587","33.387","20.849","0","3.94550662020408","0.533478181020679","22.9258125",
"5/26/1987","-40","-6.08845996856689","587","33.508","19.356","0","3.69885787246362","0.527648804160176","23.1507531",
"5/27/1987","-40","-6.08845996856689","587","33.154","18.144","0.85830642","3.16470538569113","0.577354944209526","22.4471781",
"5/28/1987","-40","-6.08845996856689","587","31.928","19.736","0","3.87127676268118","0.574788104447944","22.66329618",
"5/29/1987","-40","-6.08845996856689","587","33.176","18.138","0","3.35384215239894","0.573303101734233","22.90652478",
"5/30/1987","-40","-6.08845996856689","587","31.988","17.953","0.6729127704","2.50945551132215","0.661074503261876","18.46332846",
"5/31/1987","-40","-6.08845996856689","587","28.424","18.117","2.2727968992","2.59173167157498","0.81764071605142","14.31466992",
"6/1/1987","-40","-6.08845996856689","587","29.402","18.021","1.2359616984","2.4060649045934","0.803015011245045","9.0413442",
"6/2/1987","-40","-6.08845996856689","587","31.813","19.122","1.877976108","3.32245764253954","0.648355192232803","19.50193494",
"6/3/1987","-40","-6.08845996856689","587","32.285","19.612","0.2815245792","3.89151151033259","0.571203940066077","22.72162572",
"6/4/1987","-40","-6.08845996856689","587","32.451","20.28","0.0446319576","4.25038719094338","0.544313363353237","22.80527298",
"6/5/1987","-40","-6.08845996856689","587","32.485","19.205","0.161361612","4.20307959612268","0.538896516736834","21.6055683",
"6/6/1987","-40","-6.08845996856689","587","33.127","20.258","0.2506256928","3.95367563889068","0.573423559751681","20.8284741",
"6/7/1987","-40","-6.08845996856689","587","30.639","19.488","0.144195444","3.92659592409839","0.679428857488282","20.02083066",
"6/8/1987","-40","-6.08845996856689","587","32.743","17.454","0","3.74360568630313","0.566493677967832","22.727079",
"6/9/1987","-40","-6.08845996856689","587","32.282","20.077","0","4.82531384261956","0.565525818520329","22.5592317",
"6/10/1987","-40","-6.08845996856689","587","32.647","18.554","0","3.90174016842301","0.543322471277586","22.30143462",
"6/11/1987","-40","-6.08845996856689","587","31.084","21.13","0.2248767504","4.22445735948393","0.596172874408058","18.46395162",
"6/12/1987","-40","-6.08845996856689","587","31.272","20.311","0.4858018848","4.8327421473607","0.714336321545599","18.93458844",
"6/13/1987","-40","-6.08845996856689","587","31.915","18.654","1.023102","4.37777347285341","0.680339924097973","21.52518444",
"6/14/1987","-40","-6.08845996856689","587","31.593","19.055","6.2553367152","4.06064619305453","0.678592057473222","22.59062172",
"6/15/1987","-40","-6.08845996856689","587","31.303","18.619","4.8185367912","3.77702460421979","0.631123105433327","22.58111052",
"6/16/1987","-40","-6.08845996856689","587","32.458","17.288","0","2.96930556770215","0.592448094532785","19.86885",
"6/17/1987","-40","-6.08845996856689","587","32.309","19.55","0","4.221762586263","0.580508728708621","19.29284748",
"6/18/1987","-40","-6.08845996856689","587","32.861","18.993","0","4.92227079472913","0.578047298686175","21.48750036",
"6/19/1987","-40","-6.08845996856689","587","32.203","19.067","0","4.67870841234176","0.587081970534457","19.56611232",
"6/20/1987","-40","-6.08845996856689","587","30.626","20.022","0.0034332264","4.40770347608952","0.5877497263152","22.32399312",
"6/21/1987","-40","-6.08845996856689","587","31.026","19.708","1.622201796","3.47044937410488","0.618062731186586","21.51517734",
"6/22/1987","-40","-6.08845996856689","587","31.079","19.534","1.23596208","3.82096688711325","0.60054077659493","22.14051192",
"6/23/1987","-40","-6.08845996856689","587","31.989","20.345","0.017166132","3.68740608629749","0.569815680333123","16.7252022",
"6/24/1987","-40","-6.08845996856689","587","32.488","18.212","0","3.62493733791793","0.557381621340867","22.4312616",
"6/25/1987","-40","-6.08845996856689","587","31.748","18.976","0","4.44105599575511","0.479711416150417","22.69682136",
"6/26/1987","-40","-6.08845996856689","587","31.608","16.876","0","4.60353429853004","0.528808514908251","22.7592018",
"6/27/1987","-40","-6.08845996856689","587","30.793","17.632","0","5.10673117396271","0.593145850455053","22.6584036",
"6/28/1987","-40","-6.08845996856689","587","31.674","17.143","0","4.3932168436705","0.659283533600498","17.31487644",
"6/29/1987","-40","-6.08845996856689","587","31.398","18.841","0.041198724","5.47937019691171","0.583399356422057","19.86406668",
"6/30/1987","-40","-6.08845996856689","587","30.869","17.428","0.6385805928","4.67739081727938","0.605713035370708","22.44188988",
"7/1/1987","-40","-6.08845996856689","587","31.734","17.267","0.075530988","4.27422320527569","0.563907449204679","22.59382068",
"7/2/1987","-40","-6.08845996856689","587","31.787","18.136","0.0034332264","4.5368644864798","0.538086444581981","22.40206704",
"7/3/1987","-40","-6.08845996856689","587","31.249","18.99","0.0205993728","4.42635567126203","0.579111163983898","18.86979204",
"7/4/1987","-40","-6.08845996856689","587","31.128","18.063","0.2351760264","4.71143344271645","0.612586740632463","18.63404712",
"7/5/1987","-40","-6.08845996856689","587","30.003","17.666","1.7629630128","4.62591007841476","0.692892418537735","18.07953624",
"7/6/1987","-40","-6.08845996856689","587","30.159","19.134","1.75438026","4.51028338183921","0.647875537772864","20.16118818",
"7/7/1987","-40","-6.08845996856689","587","30.128","17.104","0.1304627328","4.55061197388976","0.653750319895068","17.61620544",
"7/8/1987","-40","-6.08845996856689","587","30.505","17.366","1.8436453344","4.0413256907654","0.63146819345787","17.56198728",
"7/9/1987","-40","-6.08845996856689","587","31.779","18.079","3.141406872","3.83090322114415","0.625845966949947","22.74997968",
"7/10/1987","-40","-6.08845996856689","587","29.543","19.759","9.21392064","3.81580524814209","0.670099319366952","21.9468897",
"7/11/1987","-40","-6.08845996856689","587","30.314","18.584","0.01373292","4.09950197762941","0.61108618297727","21.9972888",
"7/12/1987","-40","-6.08845996856689","587","29.708","18.482","2.7809154","4.38039426156271","0.636710547585945","23.0573214",
"7/13/1987","-40","-6.08845996856689","587","31.108","18.935","0","4.66651585715987","0.548151290595066","23.08977648",
"7/14/1987","-40","-6.08845996856689","587","32.306","17.435","0","3.81903514219103","0.504522329488146","22.93087572",
"7/15/1987","-40","-6.08845996856689","587","32.34","19.015","0","4.47092627761804","0.522199259991427","22.9965192",
"7/16/1987","-40","-6.08845996856689","587","31.506","19.041","0","4.81879625328936","0.524690005049163","23.14979496",
"7/17/1987","-40","-6.08845996856689","587","29.655","18.94","2.156067864","4.26069482944883","0.604537827450797","20.60156232",
"7/18/1987","-40","-6.08845996856689","587","30.118","17.931","1.6393669128","4.46862350850198","0.634078662167519","22.30419744",
"7/19/1987","-40","-6.08845996856689","587","30.899","19.007","1.647951156","4.56945426452907","0.564259013318456","22.54185468",
"7/20/1987","-40","-6.08845996856689","587","29.581","18.77","2.6985145464","4.32902650658943","0.60240739717363","19.53529002",
"7/21/1987","-40","-6.08845996856689","587","31.675","19.937","0.161361972","4.03223707685186","0.482449747388307","23.60222532",
"7/22/1987","-40","-6.08845996856689","587","32.769","17.397","0","4.36211228527486","0.515086122279289","23.44691412",
"7/23/1987","-40","-6.08845996856689","587","32.405","18.309","0","5.11549579246544","0.473850540099089","23.78385108",
"7/24/1987","-40","-6.08845996856689","587","30.011","17.822","0","5.87199328611862","0.594584562377262","23.4172152",
"7/25/1987","-40","-6.08845996856689","587","31.631","17.566","0","5.89478459524982","0.591318805110571","23.56217028",
"7/26/1987","-40","-6.08845996856689","587","32.775","17.973","0","5.13916169622782","0.523935902112643","23.82311592",
"7/27/1987","-40","-6.08845996856689","587","32.682","18.498","0","4.58639344764902","0.436247068505178","22.75143876",
"7/28/1987","-40","-6.08845996856689","587","32.661","20.431","0.0034332264","5.0051821194571","0.458907887330936","23.87992284",
"7/29/1987","-40","-6.08845996856689","587","31.577","18.989","0.144195696","5.49616973370597","0.573227932221574","22.2320844",
"7/30/1987","-40","-6.08845996856689","587","32.86","18.888","0","4.91727948169437","0.526272701455006","23.80454784",
"7/31/1987","-40","-6.08845996856689","587","33.038","19.105","0","4.49235130926742","0.511478083156843","24.067458",
"8/1/1987","-40","-6.08845996856689","587","34.203","18.966","0","4.56580717386711","0.500702710890731","24.4011852",
"8/2/1987","-40","-6.08845996856689","587","34.038","18.847","0.12531276","4.47109375904353","0.511185760618951","24.2000964",
"8/3/1987","-40","-6.08845996856689","587","33.443","20.234","0.082397448","4.72974702214569","0.483040857378044","22.3762482",
"8/4/1987","-40","-6.08845996856689","587","33.031","19.498","0.030899052","5.44342089431664","0.489333410965196","24.5062692",
"8/5/1987","-40","-6.08845996856689","587","32.192","18.706","0.037765512","5.80315942103547","0.481224602610157","24.71344272",
"8/6/1987","-40","-6.08845996856689","587","32.071","18.225","0","4.48353704782952","0.506829276526414","19.87076196",
"8/7/1987","-40","-6.08845996856689","587","33.722","19.448","0","3.92595860697645","0.44381451966821","24.78768552",
"8/8/1987","-40","-6.08845996856689","587","33.433","18.774","0","3.80008359930437","0.460054095358889","24.6191112",
"8/9/1987","-40","-6.08845996856689","587","33.774","18.811","0","4.12687498311454","0.501477972655541","24.811317",
"8/10/1987","-40","-6.08845996856689","587","34.206","18.44","0","4.47109231929233","0.44598206201474","25.1579304",
"8/11/1987","-40","-6.08845996856689","587","33.657","18.915","0","4.42851892748043","0.397005563079983","25.07220756",
"8/12/1987","-40","-6.08845996856689","587","32.864","18.566","0","4.91033051108601","0.431415576956409","25.39114092",
"8/13/1987","-40","-6.08845996856689","587","32.701","17.431","0","4.62053589287691","0.418376897731618","25.39006812",
"8/14/1987","-40","-6.08845996856689","587","31.877","18.649","0.099563652","5.23442452430625","0.422002940177224","24.44495652",
"8/15/1987","-40","-6.08845996856689","587","33.547","20.093","0.41885352","4.6847187870186","0.409352985618257","25.5646188",
"8/16/1987","-40","-6.08845996856689","587","33.147","19.61","0","4.27496796317209","0.431674480031922","25.48119168",
"8/17/1987","-40","-6.08845996856689","587","31.61","19.328","0","3.9218580944532","0.519065883257484","20.13153588",
"8/18/1987","-40","-6.08845996856689","587","34.082","18.625","0","3.21278827615782","0.46903398291233","25.29112014",
"8/19/1987","-40","-6.08845996856689","587","33.773","20.404","0","4.19149992904119","0.489070547297522","25.16956434",
"8/20/1987","-40","-6.08845996856689","587","33.809","21.24","0.42915312","3.30261917686562","0.441677622830275","24.85653354",
"8/21/1987","-40","-6.08845996856689","587","33.292","19.88","0","3.63958022207734","0.435931610674857","25.66219914",
"8/22/1987","-40","-6.08845996856689","587","31.243","20.551","2.0942694","3.12648880372089","0.569900556242863","20.76080256",
"8/23/1987","-40","-6.08845996856689","587","32.855","19.508","1.78184556","3.54137931812273","0.549406089834796","18.413547192",
"8/24/1987","-40","-6.08845996856689","587","33.162","19.596","0","5.48572116195643","0.451558350806584","22.20969906",
"8/25/1987","-40","-6.08845996856689","587","32.467","18.031","0","6.18532358423681","0.486948828042367","25.78364514",
"8/26/1987","-40","-6.08845996856689","587","33.354","18.647","0","5.16014310053624","0.444948766467956","26.19737154",
"8/27/1987","-40","-6.08845996856689","587","33.729","19.531","0","4.86926713495776","0.432076662872556","21.23144856",
"8/28/1987","-40","-6.08845996856689","587","34.012","20.183","0","5.03922072815864","0.455290503344299","25.86302046",
"8/29/1987","-40","-6.08845996856689","587","33.607","21.225","0.1665116424","4.98708431600861","0.443830231293414","25.27143768",
"8/30/1987","-40","-6.08845996856689","587","33.246","20.233","0.2162934576","5.0626371086391","0.403450824135975","26.55033858",
"8/31/1987","-40","-6.08845996856689","587","33.282","20.136","0","4.05196057461717","0.429819592954808","21.90088116",
"9/1/1987","-40","-6.08845996856689","587","33.456","20.706","0.042915348","4.79741696937757","0.411071951984147","26.3526786",
"9/2/1987","-40","-6.08845996856689","587","34.459","20.475","0.0274658184","5.39641386124851","0.427332609598517","26.60985504",
"9/3/1987","-40","-6.08845996856689","587","34.42","20.337","0","4.9882992289881","0.414849356646363","26.38344276",
"9/4/1987","-40","-6.08845996856689","587","34.555","20.817","0","4.26061841741933","0.409098725531991","26.85847248",
"9/5/1987","-40","-6.08845996856689","587","33.785","19.886","0","5.13581748047196","0.468615365691384","26.68674366",
"9/6/1987","-40","-6.08845996856689","587","34.171","19.945","0","4.78575725936131","0.452927155977355","26.8514442",
"9/7/1987","-40","-6.08845996856689","587","36.846","20.24","0","3.90036148361896","0.414939455636607","26.98644132",
"9/8/1987","-40","-6.08845996856689","587","34.227","19.761","0","4.4741881243654","0.3577003383361","27.34880202",
"9/9/1987","-40","-6.08845996856689","587","33.047","19.021","0","5.14579900580125","0.378150861952579","27.12897576",
"9/10/1987","-40","-6.08845996856689","587","33.266","18.753","0","4.84455393634722","0.361769900218205","27.38903256",
"9/11/1987","-40","-6.08845996856689","587","34.427","19.637","0","4.80786390217849","0.414772126105734","25.18722918",
"9/12/1987","-40","-6.08845996856689","587","35.04","20.271","0","5.09066652243965","0.408277106714689","27.17735562",
"9/13/1987","-40","-6.08845996856689","587","34.315","22.229","0.077247612","5.21833796217842","0.427091456618841","26.90138619",
"9/14/1987","-40","-6.08845996856689","587","34.271","22.525","0","5.66338708962838","0.439347137447678","26.117210592",
"9/15/1987","-40","-6.08845996856689","587","33.993","20.968","0.0274658184","5.1321575297394","0.482175342438746","27.22629348",
"9/16/1987","-40","-6.08845996856689","587","34.985","20.986","0","4.24855638739695","0.452835140449353","23.84460162",
"9/17/1987","-40","-6.08845996856689","587","34.116","21.274","0","3.84070051438394","0.477755798557466","21.307663008",
"9/18/1987","-40","-6.08845996856689","587","31.014","21.551","4.20656328","3.50755885410913","0.574228852074112","18.45230571",
"9/19/1987","-40","-6.08845996856689","587","35.285","21.902","0","4.59110902323432","0.471983666014198","26.86286178",
"9/20/1987","-40","-6.08845996856689","587","35.536","21.885","1.37500812","4.77642557215291","0.464612292988852","26.95775832",
"9/21/1987","-40","-6.08845996856689","587","35.356","21.826","0.6523129152","4.72622876782861","0.509284586253642","18.431210088",
"9/22/1987","-40","-6.08845996856689","587","34.682","21.73","0","4.77646387071902","0.442161116599505","27.353306592",
"9/23/1987","-40","-6.08845996856689","587","34.862","22.2","0.0205993728","4.41955782058782","0.430706937319475","26.940718152",
"9/24/1987","-40","-6.08845996856689","587","35.519","21.9","0.0394821144","3.94364041283332","0.473174838791318","23.81163678",
"9/25/1987","-40","-6.08845996856689","587","34.592","21.567","0.0343323","3.98353058419095","0.462157887592568","21.735559368",
"9/26/1987","-40","-6.08845996856689","587","33.43","22.091","0.8823407184","5.03840084058673","0.526420451183959","20.54475351",
"9/27/1987","-40","-6.08845996856689","587","32.144","21.067","2.9165276664","4.67213594259299","0.57156441484037","19.96497954",
"9/28/1987","-40","-6.08845996856689","587","34.016","20.539","0","4.50489727058517","0.432935304045035","28.113512832",
"9/29/1987","-40","-6.08845996856689","587","30.96","21.028","0.191402496","4.44295974630058","0.563207459162859","16.6038705",
"9/30/1987","-40","-6.08845996856689","587","34.312","20.496","0","4.97954051815328","0.431129624656095","28.279173168",
"10/1/1987","-40","-6.08845996856689","587","34.089","21.437","0","5.19153356438635","0.41946734850114","28.0361106",
"10/2/1987","-40","-6.08845996856689","587","34.179","21.446","0","3.82514617206742","0.42766267621568","22.15940598",
"10/3/1987","-40","-6.08845996856689","587","34.815","20.773","1.450540152","3.35934553747838","0.495339537819155","22.4303598",
"10/4/1987","-40","-6.08845996856689","587","34.149","22.175","1.019668392","4.16333040466675","0.474962768300245","21.86994618",
"10/5/1987","-40","-6.08845996856689","587","34.606","22.101","0.1321793784","4.56015956217391","0.411591401661885","27.55787814",
"10/6/1987","-40","-6.08845996856689","587","32.187","21.675","2.859875568","4.12711883497575","0.558623732092048","16.12215315",
"10/7/1987","-40","-6.08845996856689","587","34.389","21.625","0.32443992","3.7971014688134","0.509279020627909","21.788041968",
"10/8/1987","-40","-6.08845996856689","587","35.572","23.129","1.14841476","4.37362318094474","0.462667531208454","25.52568498",
"10/9/1987","-40","-6.08845996856689","587","33.247","23.63","0.063514692","5.16820837942504","0.452713835781586","22.51085688",
"10/10/1987","-40","-6.08845996856689","587","35.628","22.019","0.230026284","4.59535392308284","0.497109449766193","22.939480728",
"10/11/1987","-40","-6.08845996856689","587","33.781","22.178","0.374221872","4.30706479135659","0.505516963465627","20.32998534",
"10/12/1987","-40","-6.08845996856689","587","32.78","22.265","0","5.02835094106802","0.503526197418857","25.288544808",
"10/13/1987","-40","-6.08845996856689","587","35.186","21.507","0","4.79063125405009","0.457463662247063","22.857338952",
"10/14/1987","-40","-6.08845996856689","587","33.971","21.295","0","4.37276109593256","0.457769988006581","25.09487208",
"10/15/1987","-40","-6.08845996856689","587","33.963","22.847","0","5.07900005791707","0.426772722717723","24.74392968",
"10/16/1987","-40","-6.08845996856689","587","33.783","22.549","0.1819610424","4.89162464690314","0.398348893023456","28.08691812",
"10/17/1987","-40","-6.08845996856689","587","35.179","21.248","0","5.28420905655604","0.388815613022936","28.40542578",
"10/18/1987","-40","-6.08845996856689","587","34.877","21.937","0","5.25244962119592","0.436627760261394","28.00925136",
"10/19/1987","-40","-6.08845996856689","587","35.946","21.295","0","4.89909001942512","0.427345195066855","28.4525568",
"10/20/1987","-40","-6.08845996856689","587","35.858","22.599","0","4.28923783015332","0.377800996816108","27.97731108",
"10/21/1987","-40","-6.08845996856689","587","36.484","21.257","0","4.61189225680145","0.401945509015222","23.77647054",
"10/22/1987","-40","-6.08845996856689","587","34.812","23.999","0","5.54401558906268","0.415694393071661","27.7218639",
"10/23/1987","-40","-6.08845996856689","587","35.411","22.979","0","5.44656432535923","0.420164617961171","27.833967",
"10/24/1987","-40","-6.08845996856689","587","34.406","22.581","0","5.31633298152819","0.404046518910121","27.62600598",
"10/25/1987","-40","-6.08845996856689","587","35.734","21.664","0","5.59132733836741","0.412421955897453","28.45793592",
"10/26/1987","-40","-6.08845996856689","587","35.541","21.731","0","5.40758175333718","0.392177612111353","28.62481482",
"10/27/1987","-40","-6.08845996856689","587","36.747","22.504","0","5.14000953111106","0.381951972013264","28.39954932",
"10/28/1987","-40","-6.08845996856689","587","36.102","22.403","0","4.34321752151722","0.429399962553428","25.14565764",
"10/29/1987","-40","-6.08845996856689","587","32.032","22.889","0.4480365888","3.11552489499776","0.503554865138467","21.4445781",
"10/30/1987","-40","-6.08845996856689","587","33.552","21.425","0","3.20632990947774","0.466553349620845","22.4480259",
"10/31/1987","-40","-6.08845996856689","587","35.948","21.937","0","4.30160714344868","0.459740253847608","21.3885522",
"11/1/1987","-40","-6.08845996856689","587","36.507","21.241","1.20162924","3.66147534828187","0.494937051200459","23.0055219",
"11/2/1987","-40","-6.08845996856689","587","31.305","21.468","0","3.84361447422422","0.571250859338731","15.682214088",
"11/3/1987","-40","-6.08845996856689","587","36.004","22.031","0","4.95701165040725","0.417948667663225","27.794592",
"11/4/1987","-40","-6.08845996856689","587","35.165","21.608","0.0034332264","5.81713710062291","0.451019852951588","28.23172812",
"11/5/1987","-40","-6.08845996856689","587","35.46","21.95","0.048065184","5.40635687761698","0.439437595210007","28.13703948",
"11/6/1987","-40","-6.08845996856689","587","36.116","22.159","0","5.71583066187989","0.390122328366957","28.3005567",
"11/7/1987","-40","-6.08845996856689","587","36.351","22.304","0","5.79966039869664","0.398488189322673","28.3330134",
"11/8/1987","-40","-6.08845996856689","587","35.679","21.023","0","5.50774952295538","0.429256849351128","28.2130857",
"11/9/1987","-40","-6.08845996856689","587","34.006","21.301","0","6.1756680784612","0.450150757225255","24.22490202",
"11/10/1987","-40","-6.08845996856689","587","34.921","21.073","0","4.48991320998748","0.465488065844579","23.64969132",
"11/11/1987","-40","-6.08845996856689","587","33.955","23.251","0.08583084","4.44498374981227","0.426925489276318","24.0585687",
"11/12/1987","-40","-6.08845996856689","587","30.648","21.959","1.85394312","3.0730502819746","0.536238135623724","13.7952567",
"11/13/1987","-40","-6.08845996856689","587","34.14","21.803","0.06179814","5.24850718505947","0.501665640325605","26.5527027",
"11/14/1987","-40","-6.08845996856689","587","35.146","21.284","0","5.55419191175793","0.443971392972943","28.19835",
"11/15/1987","-40","-6.08845996856689","587","35.408","22.906","0","6.2369370140643","0.441123029326687","28.00153638",
"11/16/1987","-40","-6.08845996856689","587","35.291","21.773","0","5.17111313792522","0.428470269407249","28.24588062",
"11/17/1987","-40","-6.08845996856689","587","35.968","21.281","0","6.21896004497684","0.438895984759147","27.02368224",
"11/18/1987","-40","-6.08845996856689","587","35.663","21.571","0","5.24430230284668","0.425013760082423","27.696042",
"11/19/1987","-40","-6.08845996856689","587","35.471","22.373","0.1716615","4.99586697884696","0.42751542312899","22.67010216",
"11/20/1987","-40","-6.08845996856689","587","34.694","23.077","0.31242384","4.87495825243196","0.435226603407789","22.11694614",
"11/21/1987","-40","-6.08845996856689","587","35.204","22.771","0","5.06104574696967","0.39892543715992","27.45174978",
"11/22/1987","-40","-6.08845996856689","587","35.78","21.55","0","5.61561386734364","0.45622710258481","28.02324132",
"11/23/1987","-40","-6.08845996856689","587","36","21.973","0","5.75961421753689","0.438894354711434","27.95760108",
"11/24/1987","-40","-6.08845996856689","587","35.658","21.479","0","4.87864688061688","0.441450524914412","28.1739951",
"11/25/1987","-40","-6.08845996856689","587","35.862","22.218","0","5.43996554841656","0.409433126253398","28.294029",
"11/26/1987","-40","-6.08845996856689","587","35.077","21.867","0","5.79692510841698","0.426971023677557","24.07747698",
"11/27/1987","-40","-6.08845996856689","587","35.725","22.156","0","5.88956718435701","0.441476896138147","27.3528",
"11/28/1987","-40","-6.08845996856689","587","35.97","21.524","0","5.48407361564387","0.409597972686796","28.3791915",
"11/29/1987","-40","-6.08845996856689","587","36.507","22.287","0","5.86297456969789","0.452245521500208","22.81899798",
"11/30/1987","-40","-6.08845996856689","587","37.008","22.508","0","4.82968441980408","0.396141945775899","27.1028835",
"12/1/1987","-40","-6.08845996856689","587","34.195","22.095","0","5.46792746602003","0.437004345257368","23.45726394",
"12/2/1987","-40","-6.08845996856689","587","34.854","22.307","0.06179814","5.67270691395149","0.439452741208705","27.8020656",
"12/3/1987","-40","-6.08845996856689","587","31.397","23.377","0.1682280864","5.17282264526095","0.540041415632674","16.44969942",
"12/4/1987","-40","-6.08845996856689","587","34.804","21.117","0","5.50940446797275","0.447693399481176","28.0364031",
"12/5/1987","-40","-6.08845996856689","587","35.244","20.897","0","5.60440911940772","0.419627693098458","27.81146358",
"12/6/1987","-40","-6.08845996856689","587","35.701","22.604","0","5.202175513858","0.381823425451354","28.17934632",
"12/7/1987","-40","-6.08845996856689","587","35.605","20.536","0","4.08354432279888","0.408535221996313","28.05716592",
"12/8/1987","-40","-6.08845996856689","587","32.084","23.446","0.2128600584","4.56463390578424","0.50521034616419","13.36011066",
"12/9/1987","-40","-6.08845996856689","587","35.092","22.618","0.07553106","5.60711911782967","0.44501483070395","27.59360778",
"12/10/1987","-40","-6.08845996856689","587","35.954","21.541","0","5.34553096145362","0.393781847933835","27.96047208",
"12/11/1987","-40","-6.08845996856689","587","35.634","21.755","0","5.54413236703169","0.428288622288547","27.70874532",
"12/12/1987","-40","-6.08845996856689","587","35.685","21.946","0","5.52604013228761","0.46179306350535","27.3855996",
"12/13/1987","-40","-6.08845996856689","587","36.016","21.785","0.024032592","3.92996065778676","0.429249644753282","26.47198548",
"12/14/1987","-40","-6.08845996856689","587","35.542","24.135","0.044631936","5.05952214710506","0.380725335202173","27.03571722",
"12/15/1987","-40","-6.08845996856689","587","33.181","22.797","0.53558352","5.41346222516361","0.474423509746699","21.86949438",
"12/16/1987","-40","-6.08845996856689","587","32.574","22.514","2.60925192","5.3009077030914","0.547342745059427","21.28095324",
"12/17/1987","-40","-6.08845996856689","587","31.255","23.077","0.054931644","5.00856958249831","0.480497849772551","15.33082392",
"12/18/1987","-40","-6.08845996856689","587","34.357","22.318","0","5.42560899573613","0.413990557030897","27.6375933",
"12/19/1987","-40","-6.08845996856689","587","35.332","21.227","0","5.57378399864725","0.485698465034187","27.61328808",
"12/20/1987","-40","-6.08845996856689","587","34.211","21.865","0","4.127567675939","0.473400852925972","21.95685666",
"12/21/1987","-40","-6.08845996856689","587","35.641","22.692","0","5.42208608801129","0.430460909382689","27.3384045",
"12/22/1987","-40","-6.08845996856689","587","34.629","22.095","0.0549316584","5.08590175551034","0.518759221414379","17.81493876",
"12/23/1987","-40","-6.08845996856689","587","35.57","21.959","0","5.3459678130864","0.452694514801613","26.6689089",
"12/24/1987","-40","-6.08845996856689","587","35.239","21.672","0","3.99078017612314","0.448853634898656","24.49214748",
"12/25/1987","-40","-6.08845996856689","587","34.945","22.671","0","3.4380638797535","0.459387468424216","20.72126268",
"12/26/1987","-40","-6.08845996856689","587","35.888","21.954","0","4.66947105111207","0.452556261170851","27.42108552",
"12/27/1987","-40","-6.08845996856689","587","35.796","22.222","0","5.43534547868241","0.444264601476619","26.710254",
"12/28/1987","-40","-6.08845996856689","587","36.037","22.486","0","5.52136763473452","0.447812398903326","25.65156852",
"12/29/1987","-40","-6.08845996856689","587","35.383","23.069","0","5.45797380354354","0.410880304307102","28.1385036",
"12/30/1987","-40","-6.08845996856689","587","35.787","21.638","0","5.01640701956776","0.41095598006748","28.5499746",
"12/31/1987","-40","-6.08845996856689","587","35.67","22.855","0","4.21780773304281","0.409522317566542","22.09921866",
"1/1/1988","-40","-6.08845996856689","587","26.808","22.173","9.77440104","2.37406201624343","0.735632608542038","2.93270418",
"1/2/1988","-40","-6.08845996856689","587","33.304","21.953","5.6948625144","3.16300452141273","0.67965314387696","15.93191016",
"1/3/1988","-40","-6.08845996856689","587","31.927","21.46","2.6006702328","3.72409879835233","0.649057120494966","14.47847478",
"1/4/1988","-40","-6.08845996856689","587","34.328","20.471","0.0034332264","4.51365691905276","0.551802092542999","27.7447509",
"1/5/1988","-40","-6.08845996856689","587","35.354","20.925","0","4.08482250674438","0.478536778241619","28.486629",
"1/6/1988","-40","-6.08845996856689","587","34.882","21.534","0.2626419384","3.66548654993811","0.564795111353865","20.587107888",
"1/7/1988","-40","-6.08845996856689","587","32.79","21.105","0.4669191","3.40705632045234","0.628261155408327","15.41491434",
"1/8/1988","-40","-6.08845996856689","587","30.561","20.247","2.4796485864","3.86919022291342","0.651371596707826","19.46603988",
"1/9/1988","-40","-6.08845996856689","587","34.878","20.652","0.0171661392","4.78991367519862","0.577877316211436","19.295556552",
"1/10/1988","-40","-6.08845996856689","587","34.018","22.602","0.0755309952","5.25888017858706","0.533104515890343","23.07211596",
"1/11/1988","-40","-6.08845996856689","587","33.845","20.946","0.070381152","5.07985154251268","0.54498744540093","20.1404844",
"1/12/1988","-40","-6.08845996856689","587","35.082","21.456","0.164794896","4.65505708901863","0.560752601167044","16.831287",
"1/13/1988","-40","-6.08845996856689","587","31.316","20.842","0.7209779544","3.1735242784712","0.690365010916177","7.23970998",
"1/14/1988","-40","-6.08845996856689","587","33.122","20.937","1.148415012","4.25972128644496","0.591532894794361","26.9195661",
"1/15/1988","-40","-6.08845996856689","587","34.277","21.643","1.48315572","3.81807809804271","0.565541127131334","23.44471794",
"1/16/1988","-40","-6.08845996856689","587","34.659","20.947","0.058365","4.06066487199369","0.537736025598287","26.95168638",
"1/17/1988","-40","-6.08845996856689","587","34.73","21.241","3.81517488","4.16798077364755","0.594531737216205","27.29835684",
"1/18/1988","-40","-6.08845996856689","587","34.958","21.28","1.74064608","4.89210264500131","0.575523243155756","24.11173044",
"1/19/1988","-40","-6.08845996856689","587","33.485","22.5","0","5.03914019871768","0.512240404115614","23.40450279",
"1/20/1988","-40","-6.08845996856689","587","34.361","21.048","0.7020948456","4.24097107273482","0.543272003037742","22.79429622",
"1/21/1988","-40","-6.08845996856689","587","35.278","21.005","2.49939144","4.0314646424435","0.574496441867238","22.38424218",
"1/22/1988","-40","-6.08845996856689","587","31.51","21.484","1.71747216","3.25703833872927","0.594724320972114","16.92899874",
"1/23/1988","-40","-6.08845996856689","587","33.195","22.05","0.1948356","4.23781127112554","0.530031347010384","25.34748624",
"1/24/1988","-40","-6.08845996856689","587","35.012","21.353","0.8085254904","4.32044570327665","0.557901187958414","26.2742067",
"1/25/1988","-40","-6.08845996856689","587","33.169","21.403","3.648658716","2.71253217214985","0.604679226513728","17.29113444",
"1/26/1988","-40","-6.08845996856689","587","33.936","21.301","2.80323036","1.94583827488194","0.663972992106312","14.47492608",
"1/27/1988","-40","-6.08845996856689","587","30.912","20.979","6.0836796","3.7092475848576","0.741893636459998","18.40376142",
"1/28/1988","-40","-6.08845996856689","587","28.733","20.045","3.2770161864","3.63418159695917","0.831063148748188","19.07094096",
"1/29/1988","-40","-6.08845996856689","587","33.666","20.254","1.3981824864","3.57411183859474","0.724449110275925","18.61975854",
"1/30/1988","-40","-6.08845996856689","587","35.063","20.771","0.42572016","3.6030767190057","0.577337335229747","22.15896192",
"1/31/1988","-40","-6.08845996856689","587","35.718","20.754","0","3.72383592441384","0.515550684042069","26.45786664",
"2/1/1988","-40","-6.08845996856689","587","32.7","21.659","3.12766884","2.81724969665421","0.599370635472423","18.06547689",
"2/2/1988","-40","-6.08845996856689","587","34.467","21.018","1.326942","4.09219605658621","0.604287210462395","19.82430018",
"2/3/1988","-40","-6.08845996856689","587","35.859","21.176","0.0034332264","4.47841028642782","0.519074015994592","26.83631574",
"2/4/1988","-40","-6.08845996856689","587","34.131","21.343","0","5.18973535431243","0.493555386621289","28.62163206",
"2/5/1988","-40","-6.08845996856689","587","35.156","21.343","0","4.83604540567063","0.543173012592709","22.23726264",
"2/6/1988","-40","-6.08845996856689","587","32.909","22.102","0.169944696","4.67178609619739","0.599172120401579","21.77662788",
"2/7/1988","-40","-6.08845996856689","587","34.283","21.574","0.17166132","4.39395133325585","0.526617219644747","24.62068017",
"2/8/1988","-40","-6.08845996856689","587","34.556","19.99","0","4.73585281704736","0.493842980176876","26.64376992",
"2/9/1988","-40","-6.08845996856689","587","35.397","20.725","0.00686646","4.27964203068456","0.483316328699869","28.97015742",
"2/10/1988","-40","-6.08845996856689","587","31.713","21.075","3.33023292","2.3672179728646","0.598888799999782","18.98358993",
"2/11/1988","-40","-6.08845996856689","587","33.415","18.724","0","3.08669346079339","0.569883845666914","21.47912145",
"2/12/1988","-40","-6.08845996856689","587","32.052","19.452","0","3.1880274283137","0.554499578138706","21.4847424",
"2/13/1988","-40","-6.08845996856689","587","34.211","19.414","0.3519060264","3.39108305397252","0.681748898369937","19.61735436",
"2/14/1988","-40","-6.08845996856689","587","26.85","20.05","7.541091036","2.89199803040888","0.846855682939485","8.386147962",
"2/15/1988","-40","-6.08845996856689","587","31.441","20.139","1.033401636","3.56767496513316","0.703681472016991","18.58489245",
"2/16/1988","-40","-6.08845996856689","587","32.479","20.888","4.32071532","3.5665420935232","0.749008494098794","22.53723849",
"2/17/1988","-40","-6.08845996856689","587","33.387","20.335","1.012802256","3.38376016511704","0.758441662109386","20.08867428",
"2/18/1988","-40","-6.08845996856689","587","28.731","20.095","0.4205704968","3.83931334045818","0.78193260569847","14.28907653",
"2/19/1988","-40","-6.08845996856689","587","33.434","21.047","0.2712250368","4.87703363434225","0.631260637544363","27.18990027",
"2/20/1988","-40","-6.08845996856689","587","33.665","19.752","0.118446588","4.16478312247054","0.540937629976538","29.34269964",
"2/21/1988","-40","-6.08845996856689","587","35.285","19.462","0","3.47603397959844","0.516850606877763","29.01842136",
"2/22/1988","-40","-6.08845996856689","587","34.057","20.881","0.281524968","3.30245695859708","0.573303764880417","20.24217936",
"2/23/1988","-40","-6.08845996856689","587","35.102","20.292","1.22566248","3.53921511768447","0.639306403602378","23.0071464",
"2/24/1988","-40","-6.08845996856689","587","27.694","20.575","6.6235536","2.88190832847871","0.855757778036364","10.757983248",
"2/25/1988","-40","-6.08845996856689","587","27.843","18.552","3.663256536","2.98784613996755","0.822565936900568","11.05779375",
"2/26/1988","-40","-6.08845996856689","587","33.127","20.167","3.5568204264","4.10031944402872","0.66053069278746","27.37361088",
"2/27/1988","-40","-6.08845996856689","587","33.731","20.897","0","4.52538102050089","0.583871770760334","26.14511412",
"2/28/1988","-40","-6.08845996856689","587","33.692","21.875","0","4.60104834581296","0.567167916853224","26.79659919",
"2/29/1988","-40","-6.08845996856689","587","35.046","20.991","0","4.07560612515457","0.56175866392871","26.44520184",
"3/1/1988","-40","-6.08845996856689","587","32.742","21.54","0","3.79408644784152","0.588315139788984","18.98796708",
"3/2/1988","-40","-6.08845996856689","587","35.578","21.323","0.1407624192","2.64376318142208","0.596620799383154","20.98305351",
"3/3/1988","-40","-6.08845996856689","587","32.412","20.865","1.462554972","3.40215291354144","0.698768703804538","22.320113148",
"3/4/1988","-40","-6.08845996856689","587","31.062","20.325","9.98039268","2.31583714646233","0.845697984520838","11.657529612",
"3/5/1988","-40","-6.08845996856689","587","32.421","20.189","2.774050308","2.94581289988182","0.696763226930777","24.62123943",
"3/6/1988","-40","-6.08845996856689","587","33.906","21.674","0.841140504","3.62690834484598","0.668257790377202","16.044809832",
"3/7/1988","-40","-6.08845996856689","587","34.722","20.644","0.01373292","3.67162860401729","0.612615112315143","21.83844465",
"3/8/1988","-40","-6.08845996856689","587","32.877","20.678","6.86645892","3.03783515720063","0.759228903084656","26.74495593",
"3/9/1988","-40","-6.08845996856689","587","26.976","20.908","13.84964532","1.96154645739667","0.882850192855076","22.07339982",
"3/10/1988","-40","-6.08845996856689","587","32.384","20.56","6.9763167","3.44487511397306","0.807721933989762","25.92843498",
"3/11/1988","-40","-6.08845996856689","587","29.689","20.683","0.65574612","3.30196104893507","0.808271032592283","12.79822194",
"3/12/1988","-40","-6.08845996856689","587","32.081","20.121","0.9338382144","3.05116331153352","0.715581519849004","24.75118278",
"3/13/1988","-40","-6.08845996856689","587","31.597","20.865","1.754379432","2.35394821160454","0.673701001748339","23.91643854",
"3/14/1988","-40","-6.08845996856689","587","33.686","21.749","0.1682281224","3.14701155635052","0.63918772884144","21.2509746",
"3/15/1988","-40","-6.08845996856689","587","28.336","21.019","1.720046952","3.5498877194857","0.781791771515399","11.92646772",
"3/16/1988","-40","-6.08845996856689","587","32.535","19.956","0.072097812","3.42555991601136","0.622625385928108","25.12901592",
"3/17/1988","-40","-6.08845996856689","587","32.715","19.961","0.223160076","2.55026075074525","0.645851866290915","19.81912626",
"3/18/1988","-40","-6.08845996856689","587","28.701","20.856","7.3625560704","2.11927687500789","0.796877584334286","18.08561196",
"3/19/1988","-40","-6.08845996856689","587","23.077","18.996","23.534798076","1.42963380296038","0.951332975097814","1.9143",
"3/20/1988","-40","-6.08845996856689","587","26.849","18.593","3.5705565504","1.55141811934145","0.872083240031408","18.41135814",
"3/21/1988","-40","-6.08845996856689","587","28.692","18.538","3.958512912","2.12809897300487","0.873721010569977","26.20411506",
"3/22/1988","-40","-6.08845996856689","587","24.89","18.432","5.01766254","1.20329692284655","0.923731947005348","7.38455598",
"3/23/1988","-40","-6.08845996856689","587","27.781","19.891","58.299606","2.83692950859186","0.904952785241091","10.865025936",
"3/24/1988","-40","-6.08845996856689","587","30.985","19.159","3.388591944","3.39625517304611","0.803225223543643","24.68041974",
"3/25/1988","-40","-6.08845996856689","587","31.513","20.008","5.9223150864","3.3216568546126","0.748841659423538","23.30674236",
"3/26/1988","-40","-6.08845996856689","587","30.591","21.016","21.0010572","3.29488861653481","0.773620044319067","20.99244132",
"3/27/1988","-40","-6.08845996856689","587","31.258","20.795","3.7490868","3.81762792941692","0.740957749270622","23.03228844",
"3/28/1988","-40","-6.08845996856689","587","31.707","19.895","5.0605748856","3.53784527291387","0.665871328134968","27.5233527",
"3/29/1988","-40","-6.08845996856689","587","32.305","20.887","3.57570864","3.4482535387336","0.713623268434015","19.49035212",
"3/30/1988","-40","-6.08845996856689","587","30.419","19.572","0.6626125944","3.03713773591008","0.697138117274379","18.81449388",
"3/31/1988","-40","-6.08845996856689","587","31.881","19.841","0.080680932","4.1128890914708","0.644389070507157","25.1614134",
"4/1/1988","-40","-6.08845996856689","587","28.681","21.562","4.629712968","3.972879327922","0.843092848219614","21.16468152",
"4/2/1988","-40","-6.08845996856689","587","30.339","20.706","1.99298808","3.69728196669989","0.806633976962377","23.48015598",
"4/3/1988","-40","-6.08845996856689","587","31.289","19.674","0.2283097032","3.63536795881962","0.769099849893895","26.10409662",
"4/4/1988","-40","-6.08845996856689","587","31.746","20.157","0.109863432","3.65493972342974","0.679554177097765","26.4711366",
"4/5/1988","-40","-6.08845996856689","587","31.773","19.745","0.41198724","2.9561670330674","0.68738534837172","24.37205202",
"4/6/1988","-40","-6.08845996856689","587","31.054","18.743","1.6222003056","2.21515038874866","0.77774460151206","15.77649348",
"4/7/1988","-40","-6.08845996856689","587","32.497","19.719","0.3536226","3.57629641376016","0.74101452835096","25.98366978",
"4/8/1988","-40","-6.08845996856689","587","32.082","20.746","0.6866455464","3.61700786111212","0.706029501784014","24.12129564",
"4/9/1988","-40","-6.08845996856689","587","30.99","20.976","3.022955532","3.64697485404739","0.795692704470256","24.15442914",
"4/10/1988","-40","-6.08845996856689","587","32.775","21.2","1.247978556","3.82166783132268","0.686064690519047","26.03524662",
"4/11/1988","-40","-6.08845996856689","587","31.622","20.8","6.06307644","3.52632957763985","0.712506379985724","25.37454258",
"4/12/1988","-40","-6.08845996856689","587","30.846","21.1","3.647805912","3.20490549993208","0.802851603428915","13.38153768",
"4/13/1988","-40","-6.08845996856689","587","32.644","20.659","1.4419557864","3.60988985206322","0.77058957573702","21.97597662",
"4/14/1988","-40","-6.08845996856689","587","28.626","21.053","3.8349162432","2.96372517988923","0.892405794434053","13.48913808",
"4/15/1988","-40","-6.08845996856689","587","29.813","21.05","0.4119876144","3.17612853694526","0.811545260194967","16.16709708",
"4/16/1988","-40","-6.08845996856689","587","31.76","21.11","0.6900785784","3.73247147861207","0.734783181191402","24.68520252",
"4/17/1988","-40","-6.08845996856689","587","31.276","19.822","0.619697556","3.09238071337141","0.762371931070168","16.77993786",
"4/18/1988","-40","-6.08845996856689","587","30.998","18.312","1.8453611592","2.86420532139405","0.741597255520911","21.7150857",
"4/19/1988","-40","-6.08845996856689","587","30.457","20.652","5.816746872","2.16612625291124","0.819752184656627","16.46016012",
"4/20/1988","-40","-6.08845996856689","587","28.956","20.554","9.714326148","2.1297571229536","0.887909151420892","15.060098988",
"4/21/1988","-40","-6.08845996856689","587","27.786","20.066","9.3435266592","2.50089542145327","0.888263754562312","22.9351518",
"4/22/1988","-40","-6.08845996856689","587","26.932","20.616","17.14897872","1.69027122918578","0.922775442260801","15.97960998",
"4/23/1988","-40","-6.08845996856689","587","24.972","19.96","6.8887719504","1.69283043093984","0.930307121409069","7.4380455",
"4/24/1988","-40","-6.08845996856689","587","25.012","20.412","14.10026148","1.5762036191524","0.93831757736559","16.15353606",
"4/25/1988","-40","-6.08845996856689","587","24.361","20.555","10.64987424","1.61295378524494","0.946387905990917","12.98053584",
"4/26/1988","-40","-6.08845996856689","587","26.3","19.897","14.1277387464","1.94818817659081","0.909297556723259","19.75303296",
"4/27/1988","-40","-6.08845996856689","587","23.365","18.092","6.81152148","1.73900222178955","0.939189450184729","3.82106448",
"4/28/1988","-40","-6.08845996856689","587","25.335","17.231","9.0087854904","2.00831283316","0.928161981791854","18.89550648",
"4/29/1988","-40","-6.08845996856689","587","27.943","20.699","3.870960588","3.44066670195309","0.857510365813762","15.26810382",
"4/30/1988","-40","-6.08845996856689","587","28.342","20.499","18.63040824","3.38480310176097","0.87698830852322","19.30505148",
"5/1/1988","-40","-6.08845996856689","587","27.642","19.623","28.361890404","3.83784870502314","0.835770453206408","14.88965364",
"5/2/1988","-40","-6.08845996856689","587","27.203","19.476","1.4007568968","3.24631142103079","0.831562477165348","11.79973512",
"5/3/1988","-40","-6.08845996856689","587","27.901","20.071","1.1295324","3.34667760216414","0.827544851261184","15.99918984",
"5/4/1988","-40","-6.08845996856689","587","30.212","19.201","0.6111146592","3.4508858656303","0.786997364074001","23.87216448",
"5/5/1988","-40","-6.08845996856689","587","30.661","19.161","0.30899016","3.2955030913981","0.736425276247238","24.09098148",
"5/6/1988","-40","-6.08845996856689","587","30.162","19.252","0.181961064","3.28945157182364","0.689738733107488","23.66398692",
"5/7/1988","-40","-6.08845996856689","587","27.733","20.511","2.3826609504","2.87022988585797","0.788532695957988","10.0780911",
"5/8/1988","-40","-6.08845996856689","587","30.242","18.974","0","3.63131011603166","0.663736550648195","23.4765585",
"5/9/1988","-40","-6.08845996856689","587","30.644","18.397","0.02059938","2.47160639902627","0.70270166431584","20.68245288",
"5/10/1988","-40","-6.08845996856689","587","31.674","17.921","0.250625592","1.86529539356778","0.710523645452439","18.99764856",
"5/11/1988","-40","-6.08845996856689","587","30.231","19.724","0.7656096168","1.99966765611737","0.732794601415643","16.0819848",
"5/12/1988","-40","-6.08845996856689","587","30.521","19.044","0","3.05613456047402","0.554450084106807","19.41553188",
"5/13/1988","-40","-6.08845996856689","587","29.894","18.102","0","2.60586095545819","0.609084802083567","17.10224892",
"5/14/1988","-40","-6.08845996856689","587","30.752","18.815","0","2.94028716332908","0.666035275312033","23.3149464",
"5/15/1988","-40","-6.08845996856689","587","30.777","19.255","0.31585698","3.6074211751242","0.732293361022215","23.02514388",
"5/16/1988","-40","-6.08845996856689","587","30.268","19.906","0.8205414192","3.76580529354477","0.754834880044663","23.3148933",
"5/17/1988","-40","-6.08845996856689","587","30.541","19.303","0","3.36988369636739","0.688030217120282","23.7159",
"5/18/1988","-40","-6.08845996856689","587","30.275","18.212","0.0514984248","2.49173068446384","0.7110671821034","18.62875692",
"5/19/1988","-40","-6.08845996856689","587","31.738","18.226","0","2.91407900059634","0.698821370681709","23.27541192",
"5/20/1988","-40","-6.08845996856689","587","30.061","20.026","4.4116965","3.04601866896477","0.783074613472376","13.738156668",
"5/21/1988","-40","-6.08845996856689","587","30.707","20.255","0.5664824496","3.43082657875445","0.710464440051012","19.8365049",
"5/22/1988","-40","-6.08845996856689","587","30.276","19.927","1.383590592","3.92662885423854","0.722198688770284","19.2402027",
"5/23/1988","-40","-6.08845996856689","587","29.371","20.094","0.209427048","3.66343001858017","0.708892578225049","18.3585357",
"5/24/1988","-40","-6.08845996856689","587","30.303","19.828","1.5758512848","3.36825422990464","0.766821392985577","22.46101542",
"5/25/1988","-40","-6.08845996856689","587","30.519","19.937","0","3.61028535510914","0.706612866599645","22.62723606",
"5/26/1988","-40","-6.08845996856689","587","30.568","19.178","0","3.57758331643462","0.695436730129033","22.217121",
"5/27/1988","-40","-6.08845996856689","587","30.258","20.145","2.0359017864","2.46293081916749","0.729987578829488","11.76553224",
"5/28/1988","-40","-6.08845996856689","587","31.286","20.185","0.027465804","3.56413409513845","0.619493606692959","22.8136545",
"5/29/1988","-40","-6.08845996856689","587","30.265","19.362","0","3.89672244736921","0.617174722333144","22.8361509",
"5/30/1988","-40","-6.08845996856689","587","31.357","18.012","0","3.22065332669829","0.613652854567731","22.87484676",
"5/31/1988","-40","-6.08845996856689","587","31.33","18.65","0","3.40660283604124","0.664027480100267","22.73192262",
"6/1/1988","-40","-6.08845996856689","587","31.994","18.7","0","3.19241615297972","0.613144263734516","20.48118678",
"6/2/1988","-40","-6.08845996856689","587","31.237","18.199","0","3.11147837185763","0.593591875476668","22.4423901",
"6/3/1988","-40","-6.08845996856689","587","29.856","17.947","0","4.05515698533715","0.586417857388264","20.16298476",
"6/4/1988","-40","-6.08845996856689","587","29.978","15.699","0","3.66860091603159","0.554014673208724","23.50710828",
"6/5/1988","-40","-6.08845996856689","587","29.788","14.454","0","2.46306188909067","0.533781250791665","23.0672277",
"6/6/1988","-40","-6.08845996856689","587","30.276","16.081","0","3.52867089146923","0.560443126980986","22.80009294",
"6/7/1988","-40","-6.08845996856689","587","30.413","17.61","0.03604896","4.56853221551298","0.534496825633713","22.6994094",
"6/8/1988","-40","-6.08845996856689","587","30.353","18.307","2.180100456","3.89062005400191","0.705269341181624","21.61620054",
"6/9/1988","-40","-6.08845996856689","587","30.55","18.314","0.9046556352","3.71652328928838","0.660280863724371","14.45528898",
"6/10/1988","-40","-6.08845996856689","587","31.138","16.788","1.170730944","4.62628204745614","0.605228205444042","22.24625598",
"6/11/1988","-40","-6.08845996856689","587","30.627","16.983","1.22051268","3.97567163292463","0.635670478069117","19.69532532",
"6/12/1988","-40","-6.08845996856689","587","30.023","16.711","0.583648704","4.55832404696673","0.593587620530678","19.6922214",
"6/13/1988","-40","-6.08845996856689","587","29.605","17.015","0.384521436","4.22151712426303","0.638215883154005","22.27387428",
"6/14/1988","-40","-6.08845996856689","587","31.173","17.614","0.051498396","3.87396411730852","0.577115810526649","22.19444424",
"6/15/1988","-40","-6.08845996856689","587","31.876","18.492","0.81367488","3.55591297693633","0.671785930745596","18.26932284",
"6/16/1988","-40","-6.08845996856689","587","27.802","20.525","0.551033316","3.9478395522159","0.742535991083893","16.09678116",
"6/17/1988","-40","-6.08845996856689","587","30.509","19.461","0.873756468","3.4764072188332","0.709640029655112","11.48985162",
"6/18/1988","-40","-6.08845996856689","587","28.041","17.532","0.281524536","4.64328310130351","0.705542728942524","12.26683296",
"6/19/1988","-40","-6.08845996856689","587","29.951","15.415","0","3.57226995884918","0.659311038076726","20.56033764",
"6/20/1988","-40","-6.08845996856689","587","30.706","16.282","0","3.43295468706852","0.598863857795882","21.2013684",
"6/21/1988","-40","-6.08845996856689","587","31.682","19.512","0","3.99391203507598","0.562116200263239","22.1387094",
"6/22/1988","-40","-6.08845996856689","587","29.171","20.641","0.0772476984","4.07497190373399","0.625513806034057","15.12562806",
"6/23/1988","-40","-6.08845996856689","587","29.9","20.267","5.0794587792","4.12764846237135","0.706746065344968","16.58637342",
"6/24/1988","-40","-6.08845996856689","587","30.53","18.721","0","3.68078496355487","0.620447926781488","17.95725036",
"6/25/1988","-40","-6.08845996856689","587","29.534","18.651","0.0137329056","4.34896589433756","0.631085580138091","21.83968656",
"6/26/1988","-40","-6.08845996856689","587","30.276","19.745","1.115798832","4.03825470460479","0.636777700463087","21.24608022",
"6/27/1988","-40","-6.08845996856689","587","30.231","18.33","0.4858015464","4.29185823136907","0.590684963013243","17.62599456",
"6/28/1988","-40","-6.08845996856689","587","29.644","16.515","0.42743664","4.95770568035094","0.652064799807595","18.585504",
"6/29/1988","-40","-6.08845996856689","587","30.078","17.151","0.3055571064","4.42204093674391","0.640585543786984","18.99444168",
"6/30/1988","-40","-6.08845996856689","587","30.15","17.31","0.0068664528","4.65682009833762","0.606481691603235","21.57710544",
"7/1/1988","-40","-6.08845996856689","587","30.492","17.182","0.00686646","4.72048845086116","0.600056350026964","22.6703772",
"7/2/1988","-40","-6.08845996856689","587","29.683","16.767","0.02746584","5.13397317920738","0.621274436458418","22.71403728",
"7/3/1988","-40","-6.08845996856689","587","28.816","16.749","0.1682283528","5.83220382750132","0.633296228529955","20.07522864",
"7/4/1988","-40","-6.08845996856689","587","30.105","16.057","0.109863324","5.0057098172684","0.553793209946425","22.57819668",
"7/5/1988","-40","-6.08845996856689","587","30.097","16.53","0.048065184","4.60202019717423","0.587621549007207","22.5917388",
"7/6/1988","-40","-6.08845996856689","587","28.346","19.985","0.8445742056","4.34019966237438","0.619127960949459","16.6959009",
"7/7/1988","-40","-6.08845996856689","587","31.155","17.82","0.9338382","4.37792442957239","0.635756674218912","21.8781522",
"7/8/1988","-40","-6.08845996856689","587","29.528","19.512","0.1235961864","5.09124278699343","0.62185617967318","17.7566652",
"7/9/1988","-40","-6.08845996856689","587","28.441","19.233","0.78620922","4.81945223962349","0.659123977460185","18.38097288",
"7/10/1988","-40","-6.08845996856689","587","28.111","19.614","0.3089907","4.57225913933447","0.661226996391841","15.93985014",
"7/11/1988","-40","-6.08845996856689","587","30.287","19.194","1.1707303392","4.37887687523423","0.647417284537449","20.73127608",
"7/12/1988","-40","-6.08845996856689","587","30.915","19.185","0","4.19199739333257","0.557255076190231","19.20886164",
"7/13/1988","-40","-6.08845996856689","587","31.263","18.95","0.2506255704","3.88985691997275","0.578446735179988","17.00071344",
"7/14/1988","-40","-6.08845996856689","587","30.067","17.773","0.123596172","5.23864328459197","0.635539467097568","22.01950926",
"7/15/1988","-40","-6.08845996856689","587","28.559","18.139","0","6.39015202797188","0.653074658530036","16.76413188",
"7/16/1988","-40","-6.08845996856689","587","23.979","18.235","0.5252837184","5.85832432221126","0.73878527067069","4.81735692",
"7/17/1988","-40","-6.08845996856689","587","28.413","18.975","0.2300262624","6.63772227713617","0.644857994769786","11.76052806",
"7/18/1988","-40","-6.08845996856689","587","23.301","19.182","0.923538888","5.47869050895266","0.741732733685345","4.36471272",
"7/19/1988","-40","-6.08845996856689","587","28.303","16.158","0.0102996792","4.87630426487285","0.667295043392668","21.53008476",
"7/20/1988","-40","-6.08845996856689","587","31.466","16.823","0","3.93043012567496","0.55044489801476","22.96068156",
"7/21/1988","-40","-6.08845996856689","587","30.618","17.315","0","4.95721578818941","0.517917756622492","23.23715904",
"7/22/1988","-40","-6.08845996856689","587","29.421","17.015","0","5.63673818770059","0.538385447806741","23.86209276",
"7/23/1988","-40","-6.08845996856689","587","31.204","16.404","0","3.5974338419836","0.537434970290556","21.20979258",
"7/24/1988","-40","-6.08845996856689","587","32.103","18.997","0","3.78350659855969","0.523696176073995","20.42094636",
"7/25/1988","-40","-6.08845996856689","587","31.156","20.007","0.26092512","3.42063421000459","0.595433713319985","16.45407972",
"7/26/1988","-40","-6.08845996856689","587","31.917","20.427","0.9681703632","3.39144203973295","0.58214579932983","10.58827734",
"7/27/1988","-40","-6.08845996856689","587","30.154","19.874","0.08239752","5.21602500202803","0.483351840632922","14.9897808",
"7/28/1988","-40","-6.08845996856689","587","28.043","17.402","0.0102996792","5.55023007805042","0.621672503217978","17.22194568",
"7/29/1988","-40","-6.08845996856689","587","28.688","15.125","0","5.32827827563217","0.629646208465377","23.98512132",
"7/30/1988","-40","-6.08845996856689","587","29.68","15.252","0","5.12170735262719","0.551243192056565","24.15566088",
"7/31/1988","-40","-6.08845996856689","587","29.155","15.684","0","5.37393464481044","0.562277576019714","24.0932862",
"8/1/1988","-40","-6.08845996856689","587","28.843","16.378","0","6.3560512443824","0.554365459349641","23.62685832",
"8/2/1988","-40","-6.08845996856689","587","30.73","15.548","0","5.4321903585048","0.554542625284274","22.9016862",
"8/3/1988","-40","-6.08845996856689","587","31.915","16.958","0","4.15639231768334","0.509609886686121","23.98769496",
"8/4/1988","-40","-6.08845996856689","587","31.96","18.082","1.390456584","4.622017134815","0.579844545579894","19.35899856",
"8/5/1988","-40","-6.08845996856689","587","31.083","17.045","1.42479216","5.40787229435901","0.583253738604807","20.1898116",
"8/6/1988","-40","-6.08845996856689","587","31.569","17.576","0","5.38019748105497","0.516553639908148","19.57781376",
"8/7/1988","-40","-6.08845996856689","587","31.524","17.108","0","4.69704221621046","0.55101012503661","20.30872284",
"8/8/1988","-40","-6.08845996856689","587","31.8","19.589","0.0926971128","4.68486721607592","0.530101762814059","19.31568192",
"8/9/1988","-40","-6.08845996856689","587","32.505","18.416","0","3.72102347422167","0.440082297631687","21.65889744",
"8/10/1988","-40","-6.08845996856689","587","32.197","18.513","1.9878400296","2.32465072171936","0.538797495879962","20.6403714",
"8/11/1988","-40","-6.08845996856689","587","27.082","21.059","3.874399596","2.02847913668406","0.667843442779165","6.34106232",
"8/12/1988","-40","-6.08845996856689","587","31.872","18.086","0","5.73073019768892","0.438831342870056","25.262433",
"8/13/1988","-40","-6.08845996856689","587","31.893","17.383","0","5.94871267401715","0.499320324023023","25.2406116",
"8/14/1988","-40","-6.08845996856689","587","30.835","17.248","0","6.26384427962005","0.558997447596342","24.81328332",
"8/15/1988","-40","-6.08845996856689","587","31.373","15.603","0","6.0876844344483","0.569138062517455","24.87920832",
"8/16/1988","-40","-6.08845996856689","587","27.701","16.326","0","5.92669156514823","0.604931203526097","19.33795836",
"8/17/1988","-40","-6.08845996856689","587","30.127","17.202","0.14076234","6.120842158878","0.558725424404142","24.67546506",
"8/18/1988","-40","-6.08845996856689","587","29.702","15.9","0","5.93115389075584","0.578768546495869","25.33871286",
"8/19/1988","-40","-6.08845996856689","587","31.769","16.242","0.041198724","5.62778982169684","0.51355515424488","25.68177576",
"8/20/1988","-40","-6.08845996856689","587","32.311","19.199","0.2660749704","5.44684026104423","0.512057611364572","23.857312788",
"8/21/1988","-40","-6.08845996856689","587","32.744","17.81","0","4.67063408907709","0.47934840281205","25.58172024",
"8/22/1988","-40","-6.08845996856689","587","32.668","19.842","0.068664492","3.84194809475169","0.47545241332398","24.15724038",
"8/23/1988","-40","-6.08845996856689","587","31.719","21.239","0.197410572","5.34861329174693","0.503178798546067","19.91446812",
"8/24/1988","-40","-6.08845996856689","587","31.534","17.841","0","5.60883197503486","0.47105113189455","25.8073326",
"8/25/1988","-40","-6.08845996856689","587","32.568","17.48","0","4.87961507896228","0.465606640735468","26.35425126",
"8/26/1988","-40","-6.08845996856689","587","33.315","18.5","0","4.25406858844883","0.429237401307303","25.71417864",
"8/27/1988","-40","-6.08845996856689","587","33.333","18.996","0","4.24013885874388","0.397158604344482","25.5777831",
"8/28/1988","-40","-6.08845996856689","587","32.301","18.508","0","5.64858513374848","0.420031813315492","20.73341322",
"8/29/1988","-40","-6.08845996856689","587","30.359","20.118","0","5.7755525038272","0.467824084388938","23.50810512",
"8/30/1988","-40","-6.08845996856689","587","31.519","19.719","0","4.25387724432681","0.458224204602713","19.51099056",
"8/31/1988","-40","-6.08845996856689","587","33.721","19.176","0","4.51884437935027","0.417758693682408","26.56626048",
"9/1/1988","-40","-6.08845996856689","587","31.487","21.117","1.1947635","4.80403882466185","0.540866841822253","16.86678912",
"9/2/1988","-40","-6.08845996856689","587","32.95","19.583","1.2977613792","4.5156268302188","0.568742341708442","25.21811736",
"9/3/1988","-40","-6.08845996856689","587","33.295","20.746","14.27192964","4.35890586501991","0.522874593343368","25.564783428",
"9/4/1988","-40","-6.08845996856689","587","31.481","19.017","0.5664827664","6.67488666942969","0.522910494815405","25.96556916",
"9/5/1988","-40","-6.08845996856689","587","32.531","17.162","0.71067816","5.44690397878608","0.504841002269774","21.83343588",
"9/6/1988","-40","-6.08845996856689","587","32.288","18.146","0","7.00122234793671","0.442579498191457","26.25902172",
"9/7/1988","-40","-6.08845996856689","587","31.5","17.216","0","6.27189935875152","0.491025241379841","27.17290962",
"9/8/1988","-40","-6.08845996856689","587","33.289","18.095","0","5.75646892913687","0.51048422439686","22.59573858",
"9/9/1988","-40","-6.08845996856689","587","32.058","18.327","0","4.98878967628848","0.454916484288011","23.1957",
"9/10/1988","-40","-6.08845996856689","587","33.085","18.751","0","5.44379558744108","0.443738262623548","27.07700904",
"9/11/1988","-40","-6.08845996856689","587","32.392","19.951","2.207564172","5.48736953859532","0.505193808405693","23.656835448",
"9/12/1988","-40","-6.08845996856689","587","32.141","20.288","2.502824256","4.97145058326378","0.500273026507343","26.55331848",
"9/13/1988","-40","-6.08845996856689","587","32.942","19.549","0.590514876","4.71573192689128","0.439660321400902","26.300026872",
"9/14/1988","-40","-6.08845996856689","587","33.117","18.811","0","4.29071293508101","0.391041294948913","27.4494321",
"9/15/1988","-40","-6.08845996856689","587","34.144","19.337","0","4.51742404103865","0.483213062628598","27.439089408",
"9/16/1988","-40","-6.08845996856689","587","34.806","20.272","0","4.81195083005907","0.477005585004144","27.126058248",
"9/17/1988","-40","-6.08845996856689","587","34.765","21.697","0","5.36504318375801","0.413864303626785","27.4688469",
"9/18/1988","-40","-6.08845996856689","587","34.348","18.98","0","5.72776374265964","0.434547480905184","27.6958683",
"9/19/1988","-40","-6.08845996856689","587","33.278","18.58","0","5.71759868069392","0.407754889825175","27.6381018",
"9/20/1988","-40","-6.08845996856689","587","31.795","18.566","0","6.3231350205803","0.456832340411375","27.578986488",
"9/21/1988","-40","-6.08845996856689","587","34.161","19.548","0.127029528","5.87066553908506","0.4418345849596","27.6126201",
"9/22/1988","-40","-6.08845996856689","587","33.351","19.482","0","5.29675036313435","0.421071858982594","28.26482364",
"9/23/1988","-40","-6.08845996856689","587","33.756","22.192","0.0205993728","4.4115047230752","0.369163457385936","27.65299536",
"9/24/1988","-40","-6.08845996856689","587","34.419","19.096","0","4.58287256154331","0.387638823433646","28.00543644",
"9/25/1988","-40","-6.08845996856689","587","34.555","19.484","0","5.29090285307948","0.383565302694565","27.46857474",
"9/26/1988","-40","-6.08845996856689","587","35.258","21.534","0","5.04391105084767","0.345737379072214","28.219443912",
"9/27/1988","-40","-6.08845996856689","587","35.537","21.172","0.09613044","4.20122793269308","0.39045296281866","27.775681992",
"9/28/1988","-40","-6.08845996856689","587","35.163","21.243","2.14233372","3.57438259328096","0.525900035875641","22.8018978",
"9/29/1988","-40","-6.08845996856689","587","27.564","21.086","12.105557928","3.58721028692668","0.714365776828489","9.81450018",
"9/30/1988","-40","-6.08845996856689","587","31.644","21.392","0.3398895504","4.86019757343754","0.592143769965619","15.872735952",
"10/1/1988","-40","-6.08845996856689","587","33.824","21.208","0","5.52309551617275","0.491140227282818","27.61722918",
"10/2/1988","-40","-6.08845996856689","587","33.661","21.394","0","5.96543554543946","0.482554664149961","28.0209879",
"10/3/1988","-40","-6.08845996856689","587","34.225","21.587","0","4.75900014430719","0.460105273561427","27.567729072",
"10/4/1988","-40","-6.08845996856689","587","34.312","20.077","0","4.05326211186689","0.418552148514258","28.230648048",
"10/5/1988","-40","-6.08845996856689","587","35.066","19.92","0","4.73731075453265","0.413382668220356","28.095354",
"10/6/1988","-40","-6.08845996856689","587","34.641","21.172","0","5.35718997401527","0.432630334159316","27.91732176",
"10/7/1988","-40","-6.08845996856689","587","35.76","22.36","0.037765512","5.32740001636369","0.404975723843483","28.334823408",
"10/8/1988","-40","-6.08845996856689","587","35.04","22.146","0.0171661392","4.98633438437958","0.384707551061849","27.33126642",
"10/9/1988","-40","-6.08845996856689","587","34.839","21.975","0","4.35055176950332","0.348306588043117","28.45440072",
"10/10/1988","-40","-6.08845996856689","587","35.205","22.32","0.679779108","4.13759535259843","0.405656244150258","28.126179",
"10/11/1988","-40","-6.08845996856689","587","35.801","21.152","0.70209504","3.76826571455538","0.469280453161169","25.16810148",
"10/12/1988","-40","-6.08845996856689","587","34.387","22.475","3.05042256","4.04221162020893","0.48831914192847","21.82696866",
"10/13/1988","-40","-6.08845996856689","587","35.332","21.92","1.292610564","3.80508042837499","0.496875594136266","23.21864712",
"10/14/1988","-40","-6.08845996856689","587","31.169","22.324","1.5586853256","4.36650808810479","0.610943089244803","10.0012005",
"10/15/1988","-40","-6.08845996856689","587","35.387","19.306","0.2592083304","3.61802517657694","0.459460132169598","26.76241944",
"10/16/1988","-40","-6.08845996856689","587","34.973","21.802","0.7020951192","4.23225998578544","0.47373765464661","21.526933752",
"10/17/1988","-40","-6.08845996856689","587","35.027","22.68","0","5.99470529513421","0.483741747028984","23.268205008",
"10/18/1988","-40","-6.08845996856689","587","33.615","22.128","0","5.66541731219327","0.495606912929916","27.656320032",
"10/19/1988","-40","-6.08845996856689","587","34.87","20.22","0","5.30937175683099","0.395927857148506","28.5020334",
"10/20/1988","-40","-6.08845996856689","587","34.183","21.442","0.21801042","5.35077009151454","0.5165646047686","27.73894302",
"10/21/1988","-40","-6.08845996856689","587","34.408","21.97","0","5.271574917658","0.423670511015738","28.4742486",
"10/22/1988","-40","-6.08845996856689","587","34.72","20.987","0","5.24216411673474","0.46124040778816","28.370736",
"10/23/1988","-40","-6.08845996856689","587","32.675","22.043","0","4.37494778470324","0.457066168204901","20.32992756",
"10/24/1988","-40","-6.08845996856689","587","35.436","21.683","0.353622528","3.11065472355495","0.491331196268129","23.30055",
"10/25/1988","-40","-6.08845996856689","587","36.011","21.515","0.0669479184","4.75143664562718","0.470853926689022","26.97154524",
"10/26/1988","-40","-6.08845996856689","587","35.553","22.224","0.8840561904","4.91548176655603","0.508140638071409","26.91625266",
"10/27/1988","-40","-6.08845996856689","587","33.957","21.82","1.1604312","5.35965442733552","0.485637694593109","28.01333448",
"10/28/1988","-40","-6.08845996856689","587","33.615","21.928","0.080680824","3.94330153549507","0.506213091295481","21.31076178",
"10/29/1988","-40","-6.08845996856689","587","31.602","21.976","2.444456376","3.77713333676694","0.607082606488196","13.0426893",
"10/30/1988","-40","-6.08845996856689","587","32.325","22.565","1.01623536","5.57297870531218","0.470387368139648","24.77676762",
"10/31/1988","-40","-6.08845996856689","587","34.465","20.311","0","4.55002761021708","0.442825739107627","27.2365596",
"11/1/1988","-40","-6.08845996856689","587","35.937","22.837","0.6471634464","3.87169919908831","0.480753571294729","22.39649046",
"11/2/1988","-40","-6.08845996856689","587","33.975","22.608","1.35097506","3.87535540792927","0.495019690586963","23.41085652",
"11/3/1988","-40","-6.08845996856689","587","34.505","21.998","0.39997116","4.46017418112931","0.461541833219453","24.76406232",
"11/4/1988","-40","-6.08845996856689","587","35.191","22.214","0","5.28799348780214","0.42914942752026","28.03074408",
"11/5/1988","-40","-6.08845996856689","587","35.231","22.379","0","5.43363856429034","0.458128701077727","28.1838285",
"11/6/1988","-40","-6.08845996856689","587","33.749","21.74","0.54416664","5.48147651957914","0.46962587083014","23.7602223",
"11/7/1988","-40","-6.08845996856689","587","35.285","21.002","0.47378556","5.16180705249229","0.425621824282045","28.24669728",
"11/8/1988","-40","-6.08845996856689","587","35.913","22.057","0.109863252","5.37249669890672","0.441044386326557","26.1058698",
"11/9/1988","-40","-6.08845996856689","587","36.415","22.316","0","5.28260632308205","0.471733274700736","27.87203412",
"11/10/1988","-40","-6.08845996856689","587","35.905","22.288","0","5.55457243597074","0.462841735107513","28.25031798",
"11/11/1988","-40","-6.08845996856689","587","34.317","22.383","0","5.43063049297819","0.447339291779721","25.51302828",
"11/12/1988","-40","-6.08845996856689","587","35.418","22.91","0.00686646","5.37609568300082","0.412389363886857","27.9090108",
"11/13/1988","-40","-6.08845996856689","587","33.801","22.341","0.2557752264","5.59688849549101","0.485869508638278","27.6937335",
"11/14/1988","-40","-6.08845996856689","587","35.472","21.986","0","5.68243216130217","0.46725325417018","22.99505346",
"11/15/1988","-40","-6.08845996856689","587","35.08","21.884","0","4.81340688426138","0.436853060236843","27.72432918",
"11/16/1988","-40","-6.08845996856689","587","35.423","21.993","0","5.64891340419909","0.456771084816344","27.8519013",
"11/17/1988","-40","-6.08845996856689","587","32.568","23.524","0.7038113184","4.58726373431966","0.490860992360894","14.92087446",
"11/18/1988","-40","-6.08845996856689","587","34.649","21.812","0","4.82608688515106","0.492223600080479","21.8435067",
"11/19/1988","-40","-6.08845996856689","587","33.534","22.687","0","5.19873206352601","0.484624832896703","22.65378876",
"11/20/1988","-40","-6.08845996856689","587","34.759","21.88","0","5.6506313380667","0.440049879658487","26.7485031",
"11/21/1988","-40","-6.08845996856689","587","33.122","22.504","0","5.54619996811873","0.443647591014982","24.03804312",
"11/22/1988","-40","-6.08845996856689","587","34.639","21.252","0","5.44959107415088","0.372707109659929","28.2773394",
"11/23/1988","-40","-6.08845996856689","587","35.457","21.642","0","4.93498098780008","0.40531793277314","28.29786228",
"11/24/1988","-40","-6.08845996856689","587","35.77","21.942","0","5.74180279155385","0.489257536070777","23.9142429",
"11/25/1988","-40","-6.08845996856689","587","35.674","21.944","0","5.64451657213469","0.449149578534259","28.1540799",
"11/26/1988","-40","-6.08845996856689","587","35.96","21.537","0","5.49494725497584","0.450960092598721","27.77917392",
"11/27/1988","-40","-6.08845996856689","587","35.814","22.104","0","5.02583890562597","0.477653544230113","23.82912792",
"11/28/1988","-40","-6.08845996856689","587","32.388","22.721","1.50890508","3.64631372937591","0.531636636387367","14.9672826",
"11/29/1988","-40","-6.08845996856689","587","33.174","23.291","0.4446032184","4.66221850980535","0.530183121026013","19.63979802",
"11/30/1988","-40","-6.08845996856689","587","31.025","21.999","0.0068664528","4.84171769106016","0.544786691754366","15.42532374",
"12/1/1988","-40","-6.08845996856689","587","31.31","21.771","0","3.88830537244991","0.525867653003042","15.4888308",
"12/2/1988","-40","-6.08845996856689","587","33.276","22.61","0","3.05451984196261","0.428207251256809","21.0301308",
"12/3/1988","-40","-6.08845996856689","587","35.091","21.189","0","3.69443250924264","0.421467309247837","23.25549006",
"12/4/1988","-40","-6.08845996856689","587","35.057","21.377","0","4.73668794172746","0.462156555176714","22.82310216",
"12/5/1988","-40","-6.08845996856689","587","35.325","20.862","0.03261564","4.62012918700088","0.407495183408016","26.9596737",
"12/6/1988","-40","-6.08845996856689","587","35.031","22.37","0.0171661392","4.10907000521484","0.440339950490652","22.46489604",
"12/7/1988","-40","-6.08845996856689","587","33.564","22.618","1.141548372","1.95316014422883","0.477898586867401","14.29351668",
"12/8/1988","-40","-6.08845996856689","587","30.818","22.946","7.3110560328","2.55032837627045","0.607150485168633","11.415827772",
"12/9/1988","-40","-6.08845996856689","587","28.759","20.874","0.519275952","3.54309219595075","0.585428032428875","8.65687248",
"12/10/1988","-40","-6.08845996856689","587","33.318","21.941","0.058364856","4.94132078841619","0.47126986712339","24.7957308",
"12/11/1988","-40","-6.08845996856689","587","33.937","21.06","0","4.8759129122568","0.42129929581354","28.2583728",
"12/12/1988","-40","-6.08845996856689","587","33.92","21.421","0","4.27322044503126","0.417215285532287","28.0886076",
"12/13/1988","-40","-6.08845996856689","587","32.941","21.965","0.38280492","3.44217586475586","0.509022461469733","20.35771632",
"12/14/1988","-40","-6.08845996856689","587","33.98","23.449","0.3948209784","3.91584780516911","0.456601737518945","21.31869438",
"12/15/1988","-40","-6.08845996856689","587","31.242","22.545","1.0273934664","4.87163587795239","0.546248881046225","15.83443674",
"12/16/1988","-40","-6.08845996856689","587","30.431","21.733","0.3364564464","5.2435714819715","0.546166589552178","17.55742158",
"12/17/1988","-40","-6.08845996856689","587","30.483","21.69","0.6969456","4.02414981744244","0.566798585804546","13.2816402",
"12/18/1988","-40","-6.08845996856689","587","31.341","21.134","0","4.23841633367497","0.539006137291989","17.83642176",
"12/19/1988","-40","-6.08845996856689","587","32.346","22.112","1.635074856","3.52424440454563","0.562651607520294","18.91620072",
"12/20/1988","-40","-6.08845996856689","587","30.385","21.305","0","4.45066484315279","0.555435880842017","27.7287687",
"12/21/1988","-40","-6.08845996856689","587","33.227","20.191","0.0068664528","3.58375932561238","0.508606840749888","21.76442082",
"12/22/1988","-40","-6.08845996856689","587","33.813","21.062","0","4.90559791284203","0.537623632451384","23.952096072",
"12/23/1988","-40","-6.08845996856689","587","31.419","21.468","0.0875473272","4.36611655564867","0.592323373669736","16.59200346",
"12/24/1988","-40","-6.08845996856689","587","33.316","22.048","0.17166168","4.86729778973165","0.563782156920153","22.71071646",
"12/25/1988","-40","-6.08845996856689","587","34.189","21.968","0","4.89367479981338","0.490458686360052","27.06181578",
"12/26/1988","-40","-6.08845996856689","587","34.045","21.464","0","4.04253148748755","0.466306284901359","22.56496722",
"12/27/1988","-40","-6.08845996856689","587","34.061","22.822","0.569057688","4.83844656741894","0.473812871551551","27.6416991",
"12/28/1988","-40","-6.08845996856689","587","33.484","21.961","0","4.80738207301145","0.483741681186818","21.65383188",
"12/29/1988","-40","-6.08845996856689","587","33.112","22.225","0.0411987384","4.19151300148219","0.480231149578835","25.59661686",
"12/30/1988","-40","-6.08845996856689","587","34.796","20.882","0","4.529964309623","0.476590907005081","26.28590652",
"12/31/1988","-40","-6.08845996856689","587","34.59","23.26","0.0377654832","4.81581891995339","0.463062801758468","23.31118008",
"1/1/1989","-40","-6.08845996856689","587","31.998","22.396","0.04119876","4.52712835738368","0.526748479719612","21.5582103",
"1/2/1989","-40","-6.08845996856689","587","34.37","21.776","0","5.03962201100323","0.492212591082568","24.40574586",
"1/3/1989","-40","-6.08845996856689","587","33.894","22.329","0","5.6017170859572","0.461178072318829","28.2897054",
"1/4/1989","-40","-6.08845996856689","587","34.247","21.248","0","5.54245929097108","0.446609750756044","28.3977621",
"1/5/1989","-40","-6.08845996856689","587","34.791","20.517","0","4.90860505743832","0.438400590847019","28.68125382",
"1/6/1989","-40","-6.08845996856689","587","33.367","20.765","0","4.71713246317135","0.449383577351448","28.54698948",
"1/7/1989","-40","-6.08845996856689","587","33.403","20.297","0","3.66501481251872","0.510655163349631","20.89136304",
"1/8/1989","-40","-6.08845996856689","587","34.534","19.887","0","5.05093523717812","0.462833195398054","28.0160964",
"1/9/1989","-40","-6.08845996856689","587","34.23","21.926","0","5.8451717211552","0.420718369941496","28.66847922",
"1/10/1989","-40","-6.08845996856689","587","35.055","20.323","0","4.9138454444386","0.40743930492242","29.0221353",
"1/11/1989","-40","-6.08845996856689","587","33.763","20.868","0.0137329128","3.99685910780091","0.478416524631618","21.07495854",
"1/12/1989","-40","-6.08845996856689","587","33.658","21.868","0.133895772","3.79215590222347","0.518021299141407","19.80855288",
"1/13/1989","-40","-6.08845996856689","587","32.405","20.587","1.2977600544","4.66961721985274","0.622089527645984","19.39449582",
"1/14/1989","-40","-6.08845996856689","587","31.631","21.085","0.8548733304","4.75965003718272","0.675635908476858","13.4946585",
"1/15/1989","-40","-6.08845996856689","587","31.918","20.702","1.5586847064","5.15959784863834","0.602477308460239","28.27175625",
"1/16/1989","-40","-6.08845996856689","587","32.242","19.037","0","4.05551718618014","0.565438029459692","22.3842438",
"1/17/1989","-40","-6.08845996856689","587","34.194","18.933","0","4.05275913169426","0.50263881081918","28.9453545",
"1/18/1989","-40","-6.08845996856689","587","34.262","19.566","0","4.86046006188149","0.56320006231181","27.9522513",
"1/19/1989","-40","-6.08845996856689","587","31.821","20.654","0","4.79232406576589","0.572959305424167","23.12792352",
"1/20/1989","-40","-6.08845996856689","587","34.494","20.027","0","4.58960886135292","0.503136821026595","26.94195279",
"1/21/1989","-40","-6.08845996856689","587","32.613","21.2","0","5.35606308991489","0.500501069581847","28.59541992",
"1/22/1989","-40","-6.08845996856689","587","34.939","19.799","0","4.87698814395757","0.502433945965672","28.7282763",
"1/23/1989","-40","-6.08845996856689","587","35.168","20.045","1.016235036","3.9265953586859","0.525076165224818","24.37283844",
"1/24/1989","-40","-6.08845996856689","587","32.639","21.003","0.7141117464","3.03539193589375","0.567343468228106","19.40327424",
"1/25/1989","-40","-6.08845996856689","587","31.206","20.801","3.646082592","4.06146250657877","0.654092088482992","15.7328964",
"1/26/1989","-40","-6.08845996856689","587","33.93","20.828","0.085830696","4.85619552275639","0.591460495973501","18.92019744",
"1/27/1989","-40","-6.08845996856689","587","30.333","21.363","0.3484726848","4.31231876877045","0.606853409478959","15.86261844",
"1/28/1989","-40","-6.08845996856689","587","32.408","19.789","0.7690433832","4.91248829554091","0.600804274771891","24.27069636",
"1/29/1989","-40","-6.08845996856689","587","34.786","20.585","0.3158568648","4.45714770133327","0.515651225061163","27.37242936",
"1/30/1989","-40","-6.08845996856689","587","31.382","20.438","3.316499244","3.68326694562803","0.60065432109703","10.48016088",
"1/31/1989","-40","-6.08845996856689","587","31.301","21.108","0.0858307392","3.90345333564364","0.527508974846455","17.39109294",
"2/1/1989","-40","-6.08845996856689","587","35.223","21.117","0.1098632808","4.54073642445361","0.471739967629755","23.79987936",
"2/2/1989","-40","-6.08845996856689","587","34.619","21.074","0","5.77462773321646","0.447527094976535","28.02234492",
"2/3/1989","-40","-6.08845996856689","587","34.053","20.241","0","5.5228808088784","0.492677002138659","28.30539474",
"2/4/1989","-40","-6.08845996856689","587","34.802","20.637","0","5.48194767666973","0.482401366892793","28.68283476",
"2/5/1989","-40","-6.08845996856689","587","35.01","19.36","0","4.57566964666072","0.480178970369992","29.09722554",
"2/6/1989","-40","-6.08845996856689","587","34.938","19.185","0","4.45774659915727","0.478601776648199","29.4498549",
"2/7/1989","-40","-6.08845996856689","587","31.437","18.279","0.027465804","2.99157526463176","0.563496920097413","22.28113404",
"2/8/1989","-40","-6.08845996856689","587","27.628","18.85","9.09462096","3.11586811138743","0.774147545550537","25.86167226",
"2/9/1989","-40","-6.08845996856689","587","33.78","18.49","0.326156472","3.73366145236964","0.610590331383745","20.80704195",
"2/10/1989","-40","-6.08845996856689","587","35.268","19.252","0","4.47342325302743","0.515928040044164","22.23641889",
"2/11/1989","-40","-6.08845996856689","587","34.458","21.733","0","4.2610133505347","0.474046843497931","26.4594384",
"2/12/1989","-40","-6.08845996856689","587","31.859","21.595","0","3.58036552279824","0.504950989595339","14.06992869",
"2/13/1989","-40","-6.08845996856689","587","32.033","19.444","0.926971452","3.09597529344671","0.583066989549415","14.14558008",
"2/14/1989","-40","-6.08845996856689","587","33.18","19.391","2.863313244","3.56144382822952","0.671690297225989","17.75908575",
"2/15/1989","-40","-6.08845996856689","587","33.955","20.415","0.453185748","5.4126989374103","0.580171333358191","21.76717716",
"2/16/1989","-40","-6.08845996856689","587","35.078","20.793","0","4.85937783175735","0.455501293928961","25.39479474",
"2/17/1989","-40","-6.08845996856689","587","35.489","20.46","0","4.07478030523526","0.402079561428592","27.70599546",
"2/18/1989","-40","-6.08845996856689","587","35.221","20.295","0.16479504","3.33422896416502","0.466804788379277","22.31100198",
"2/19/1989","-40","-6.08845996856689","587","32.866","21.232","1.4934545064","4.171994604738","0.535651112327471","19.92999528",
"2/20/1989","-40","-6.08845996856689","587","34.733","19.418","0","4.52525140676852","0.487194920115559","27.19839348",
"2/21/1989","-40","-6.08845996856689","587","33.191","20.87","0","4.96333995270394","0.499649822574733","28.92296088",
"2/22/1989","-40","-6.08845996856689","587","34.972","19.936","0","4.75913711938134","0.5454187347059","24.18778368",
"2/23/1989","-40","-6.08845996856689","587","36.148","19.802","0","4.29259473957108","0.501401620048681","22.01788044",
"2/24/1989","-40","-6.08845996856689","587","35.394","19.592","0","3.95674308926122","0.518653952671264","21.1231098",
"2/25/1989","-40","-6.08845996856689","587","34.254","20.829","0.178527924","3.9094162022609","0.559289518495404","20.35344456",
"2/26/1989","-40","-6.08845996856689","587","36.135","20.485","2.89078056","4.20141115427196","0.55131055040675","23.20863534",
"2/27/1989","-40","-6.08845996856689","587","34.591","21.51","0","5.04494972200808","0.450585583330648","28.94753556",
"2/28/1989","-40","-6.08845996856689","587","36.275","20.368","0.149345244","4.03643161755373","0.461459792725972","23.43116232",
"3/1/1989","-40","-6.08845996856689","587","32.024","19.993","0.405120888","3.97350839577539","0.575974575879603","21.0023406",
"3/2/1989","-40","-6.08845996856689","587","34.585","21.486","0.3124235304","3.89387707372397","0.540982427650614","19.99339056",
"3/3/1989","-40","-6.08845996856689","587","34.849","21.301","0","4.98995404058324","0.467647506306428","26.30210364",
"3/4/1989","-40","-6.08845996856689","587","35.86","22.038","0","4.82184806138222","0.421699122667425","25.82539218",
"3/5/1989","-40","-6.08845996856689","587","35.101","21.329","0","4.8527414373638","0.47752747260849","21.99195126",
"3/6/1989","-40","-6.08845996856689","587","35.425","20.658","0","4.57937139148764","0.479653236826662","25.31216466",
"3/7/1989","-40","-6.08845996856689","587","35.198","19","0","4.68306421394931","0.530538617637607","22.52784402",
"3/8/1989","-40","-6.08845996856689","587","36.405","20.035","1.187898732","3.6087246005074","0.560930501524689","23.54759883",
"3/9/1989","-40","-6.08845996856689","587","32.87","20.946","4.89578076","3.41154203672482","0.704316663149245","18.426992418",
"3/10/1989","-40","-6.08845996856689","587","34.391","20.749","6.93168696","4.20056851303627","0.59659654420731","28.04894703",
"3/11/1989","-40","-6.08845996856689","587","34.408","21.661","0.0308990664","4.59579217030982","0.494436825125425","27.16920099",
"3/12/1989","-40","-6.08845996856689","587","36.152","21.555","0.2197265832","3.59158593736733","0.51951834790635","21.26125926",
"3/13/1989","-40","-6.08845996856689","587","35.833","20.108","0.082397484","3.30842159379409","0.534775480332255","22.23776412",
"3/14/1989","-40","-6.08845996856689","587","30.69","18.437","0","2.45506593628334","0.558077987849671","7.96719384",
"3/15/1989","-40","-6.08845996856689","587","34.794","18.533","0.0137329128","3.19987070339874","0.550418024980239","23.83245126",
"3/16/1989","-40","-6.08845996856689","587","33.155","20.941","2.1217349376","2.75918822962794","0.665050301492756","10.82919456",
"3/17/1989","-40","-6.08845996856689","587","30.218","20.719","19.044110772","2.84218557951298","0.690028641522423","15.715463112",
"3/18/1989","-40","-6.08845996856689","587","34.658","20.368","4.01344074","3.5630612837013","0.637264541814032","24.45154002",
"3/19/1989","-40","-6.08845996856689","587","33.574","19.966","1.194763356","3.33560849043897","0.608650528540987","23.8434219",
"3/20/1989","-40","-6.08845996856689","587","32.444","19.418","2.49938928","2.89127784191444","0.659486318971722","13.674996108",
"3/21/1989","-40","-6.08845996856689","587","30.308","19.402","3.120801084","2.85955742122862","0.77481672851368","14.275913868",
"3/22/1989","-40","-6.08845996856689","587","30.418","20.021","6.28623864","2.8075079938608","0.827819436452095","25.498800108",
"3/23/1989","-40","-6.08845996856689","587","26.684","19.683","7.9925493168","1.91565972227481","0.87833502469585","20.69415666",
"3/24/1989","-40","-6.08845996856689","587","29.085","19.784","6.23130786","2.06337261772002","0.828106135572024","19.596659508",
"3/25/1989","-40","-6.08845996856689","587","32.768","20.249","3.9791112624","3.66349161188908","0.67667098298678","23.98572918",
"3/26/1989","-40","-6.08845996856689","587","32.767","19.744","1.68914736","4.49699901135691","0.640045806589813","27.45101394",
"3/27/1989","-40","-6.08845996856689","587","32.686","19.173","0.837706752","3.88676885282456","0.642226646353384","24.99862914",
"3/28/1989","-40","-6.08845996856689","587","31.138","20.005","3.505325904","4.12864139632112","0.75653709413805","25.98912954",
"3/29/1989","-40","-6.08845996856689","587","29.435","20.115","11.64207654","2.33260004741372","0.797005359915947","16.40959254",
"3/30/1989","-40","-6.08845996856689","587","30.485","19.431","4.942134072","3.97945943728736","0.730939641600067","22.66081848",
"3/31/1989","-40","-6.08845996856689","587","31.962","20.046","1.701162936","4.14452478115983","0.706316913804358","26.46134748",
"4/1/1989","-40","-6.08845996856689","587","28.939","19.987","12.589647624","2.4742116720855","0.863352261308935","16.80238242",
"4/2/1989","-40","-6.08845996856689","587","28.201","20.78","21.10404492","2.33453983405077","0.876670532551267","21.83630616",
"4/3/1989","-40","-6.08845996856689","587","32.528","20.663","6.0768153","3.89861240722399","0.737423477395268","21.71120328",
"4/4/1989","-40","-6.08845996856689","587","28.279","20.153","2.2624963272","3.31244454752189","0.815924203042688","12.848794452",
"4/5/1989","-40","-6.08845996856689","587","25.908","20.243","15.69671748","2.46516271705756","0.907473629176312","12.96748422",
"4/6/1989","-40","-6.08845996856689","587","26.324","20.36","6.72225984","2.69739074518003","0.906095572053618","19.3274937",
"4/7/1989","-40","-6.08845996856689","587","25.494","19.857","9.813885804","2.73313503048222","0.927697743000846","16.23628602",
"4/8/1989","-40","-6.08845996856689","587","21.754","18.777","131.121845748","1.15128897245822","0.961765397282718","1.439943696",
"4/9/1989","-40","-6.08845996856689","587","28.401","20.081","49.647900564","3.1695085594773","0.863922675197204","17.77618512",
"4/10/1989","-40","-6.08845996856689","587","29.616","20.562","6.05621232","3.37179994346305","0.845099707828121","22.0130955",
"4/11/1989","-40","-6.08845996856689","587","29.848","20.094","4.8820493304","3.76328772855727","0.82628810239814","22.52148768",
"4/12/1989","-40","-6.08845996856689","587","30.108","20.372","1.359558324","3.45385659836777","0.787251736674418","16.4724201",
"4/13/1989","-40","-6.08845996856689","587","29.286","19.429","0.42572052","3.89311033210262","0.806176432850707","19.60312446",
"4/14/1989","-40","-6.08845996856689","587","29.724","19.249","0.120163104","4.23449627354681","0.743850402579346","23.00248566",
"4/15/1989","-40","-6.08845996856689","587","30.851","20.855","2.9010757968","3.706308550496","0.778165334342013","23.47278228",
"4/16/1989","-40","-6.08845996856689","587","31.969","20.154","6.5883667104","2.99229828809647","0.783198229603768","21.45538278",
"4/17/1989","-40","-6.08845996856689","587","25.47","19.698","32.22773604","1.9932873479424","0.90094111519543","6.489564912",
"4/18/1989","-40","-6.08845996856689","587","28.326","17.401","4.9060806912","1.50266514743161","0.855829150297007","16.3497915",
"4/19/1989","-40","-6.08845996856689","587","25.845","19.922","4.095843048","1.4192300641282","0.882245647086129","8.75486106",
"4/20/1989","-40","-6.08845996856689","587","25.473","19.184","1.338958296","2.24802124906242","0.878264254434609","13.60439622",
"4/21/1989","-40","-6.08845996856689","587","27.917","20.837","1.93805676","2.72875920504312","0.887171543615212","11.57905458",
"4/22/1989","-40","-6.08845996856689","587","30.062","20.788","0.899505648","3.53450184332118","0.785790482169545","20.2872348",
"4/23/1989","-40","-6.08845996856689","587","31.338","20.5","0.34675596","3.68050012071355","0.754364875918739","24.67288242",
"4/24/1989","-40","-6.08845996856689","587","31.603","19.978","0.230026212","3.81011646663911","0.738582756658691","24.2316018",
"4/25/1989","-40","-6.08845996856689","587","30.361","19.719","1.6719819048","2.8091313670922","0.821816137072204","15.1781652",
"4/26/1989","-40","-6.08845996856689","587","26.588","20.608","5.963519484","2.43550202942218","0.914162960389064","11.835170532",
"4/27/1989","-40","-6.08845996856689","587","27.391","20.36","6.275934216","2.42037719370746","0.910972472298557","13.93621578",
"4/28/1989","-40","-6.08845996856689","587","29.793","20.712","4.8408503544","2.81176380102442","0.853871348666214","20.7727281",
"4/29/1989","-40","-6.08845996856689","587","31.029","20.077","0.878906376","3.79135233366318","0.775759232103811","23.63923098",
"4/30/1989","-40","-6.08845996856689","587","31.403","20.026","0.226592748","3.25017938391177","0.733201609827014","21.78388602",
"5/1/1989","-40","-6.08845996856689","587","27.375","18.294","5.644229616","2.54487082215661","0.848733376563628","19.91750148",
"5/2/1989","-40","-6.08845996856689","587","25.396","20.226","6.962581836","2.1899988194814","0.929516405798878","8.67695292",
"5/3/1989","-40","-6.08845996856689","587","30.257","20.211","1.792146564","3.51920452642205","0.766087857950602","23.11576398",
"5/4/1989","-40","-6.08845996856689","587","29.336","19.646","4.379079564","3.01412317001325","0.856516438054602","21.53862864",
"5/5/1989","-40","-6.08845996856689","587","28.475","18.908","1.8848423664","2.22678574330531","0.831024323110688","19.84308174",
"5/6/1989","-40","-6.08845996856689","587","26.581","16.884","2.082251052","2.36659001302759","0.845466693536344","12.97243368",
"5/7/1989","-40","-6.08845996856689","587","23.142","19.022","5.704309944","1.37168678685941","0.953046824440399","3.632068188",
"5/8/1989","-40","-6.08845996856689","587","28.889","18.78","2.0616546888","2.50072717649393","0.861416820043402","21.95285976",
"5/9/1989","-40","-6.08845996856689","587","28.249","20.407","1.0110860568","3.12652375379151","0.873506173458907","12.9653946",
"5/10/1989","-40","-6.08845996856689","587","27.911","20.387","1.3801571208","3.53703676826395","0.828919914142029","15.63839784",
"5/11/1989","-40","-6.08845996856689","587","29.254","19.884","3.59458992","3.77715051712786","0.761198631174299","23.50923012",
"5/12/1989","-40","-6.08845996856689","587","29.196","18.752","1.30806108","3.10810183607633","0.768333478840471","20.60931996",
"5/13/1989","-40","-6.08845996856689","587","28.837","19.071","4.7412871128","2.68907028460677","0.82324790221407","23.25886632",
"5/14/1989","-40","-6.08845996856689","587","24.65","19.556","11.77253676","2.28213437792333","0.914312177291806","9.12864654",
"5/15/1989","-40","-6.08845996856689","587","24.848","20.006","13.58184816","2.84329670980648","0.912169973622599","15.5876112",
"5/16/1989","-40","-6.08845996856689","587","28.458","19.483","4.257199008","3.7915391510274","0.774955260164001","18.85179654",
"5/17/1989","-40","-6.08845996856689","587","30.059","18.426","0.3484723464","3.67581083005071","0.728065519367842","22.82912064",
"5/18/1989","-40","-6.08845996856689","587","28.975","18.565","0","3.29013301753769","0.736033733457019","19.7123058",
"5/19/1989","-40","-6.08845996856689","587","29.567","18.782","0.2386095048","3.8156145373554","0.702655624574023","22.98145014",
"5/20/1989","-40","-6.08845996856689","587","27.015","18.851","2.2032719568","4.05590360408423","0.782496362360564","17.66098188",
"5/21/1989","-40","-6.08845996856689","587","28.464","17.742","3.5533933992","3.96081247504633","0.781610762437515","15.61809294",
"5/22/1989","-40","-6.08845996856689","587","29.84","18.65","1.352690064","4.22295433394954","0.704929217757655","22.97446596",
"5/23/1989","-40","-6.08845996856689","587","29.363","16.92","4.6348512264","3.58012409826176","0.742870908211897","22.3324848",
"5/24/1989","-40","-6.08845996856689","587","29.408","18.238","7.2475452","3.34821305001646","0.705795917903033","23.25087702",
"5/25/1989","-40","-6.08845996856689","587","29.418","18.569","0.0308990664","3.47447890143111","0.678983738756716","23.01008022",
"5/26/1989","-40","-6.08845996856689","587","30.329","17.526","0","3.095453365897","0.687593333754052","22.42619982",
"5/27/1989","-40","-6.08845996856689","587","30.553","18.92","0.324440028","2.90050048101372","0.726576354019234","22.3620246",
"5/28/1989","-40","-6.08845996856689","587","30.702","19.136","1.70631432","2.83009225439169","0.763930136638228","22.3947018",
"5/29/1989","-40","-6.08845996856689","587","30.523","20.522","3.5533863864","3.32733899893972","0.770753993659115","22.10771412",
"5/30/1989","-40","-6.08845996856689","587","30.092","19.932","0.4240045584","3.63300092879997","0.755768451311709","21.7832607",
"5/31/1989","-40","-6.08845996856689","587","30.06","19.243","2.63500488","3.64238102258347","0.737551208847651","20.1991509",
"6/1/1989","-40","-6.08845996856689","587","28.519","19.584","2.6401510728","4.21729590957454","0.804611256350906","17.03756106",
"6/2/1989","-40","-6.08845996856689","587","29.62","17.899","0.2077100784","4.5192425011045","0.698255047820952","21.84575526",
"6/3/1989","-40","-6.08845996856689","587","29.607","17.448","0.168228504","3.74047690456313","0.685546020452322","19.48680036",
"6/4/1989","-40","-6.08845996856689","587","30.407","17.756","0.041198724","2.98425786551174","0.674771559392588","22.73051502",
"6/5/1989","-40","-6.08845996856689","587","28.572","19.289","0.3192900984","2.44710582673216","0.754371163980994","8.80368066",
"6/6/1989","-40","-6.08845996856689","587","26.764","18.225","0.030899052","2.63406731780773","0.71407566308606","5.58365616",
"6/7/1989","-40","-6.08845996856689","587","30.719","17.16","0","3.37752714340934","0.643814043273936","22.42113912",
"6/8/1989","-40","-6.08845996856689","587","29.949","19.849","0.367355124","3.56732274705709","0.675860128061639","22.3109433",
"6/9/1989","-40","-6.08845996856689","587","29.74","19.583","3.45554388","2.68178784536533","0.788865768004241","21.1332897",
"6/10/1989","-40","-6.08845996856689","587","29.659","19.982","2.9302596","2.98511409060026","0.799283773226895","11.94131484",
"6/11/1989","-40","-6.08845996856689","587","28.376","19.76","0.9939194568","3.40595897690867","0.751658627113979","17.65051884",
"6/12/1989","-40","-6.08845996856689","587","30.542","18.867","0.398254716","2.83041261270316","0.738357201406048","12.6583893",
"6/13/1989","-40","-6.08845996856689","587","21.989","19.883","3.5156271744","2.95349213417038","0.917984514005","2.96977572",
"6/14/1989","-40","-6.08845996856689","587","28.928","18.957","2.04448428","4.72975758726964","0.728829382041792","18.2166714",
"6/15/1989","-40","-6.08845996856689","587","23.437","18.803","0.2643588","5.29725858168425","0.765609219196545","5.96177028",
"6/16/1989","-40","-6.08845996856689","587","28.829","16.517","0.1656531864","5.03519396722509","0.693544511746323","22.17543228",
"6/17/1989","-40","-6.08845996856689","587","28.57","17.978","0.5184172512","4.03330161471362","0.706926034142868","18.29519712",
"6/18/1989","-40","-6.08845996856689","587","29.918","18.693","0.937271232","4.54796879713154","0.732433350968092","20.90278116",
"6/19/1989","-40","-6.08845996856689","587","28.767","17.66","0.0205993728","3.93376361851346","0.761951789749657","17.04048732",
"6/20/1989","-40","-6.08845996856689","587","29","17.867","0.2154350664","4.31751277564543","0.702775127040646","22.38311088",
"6/21/1989","-40","-6.08845996856689","587","29.024","18.577","1.2685774824","3.43648129581825","0.707305950485953","22.49184168",
"6/22/1989","-40","-6.08845996856689","587","29.109","18.063","2.60581896","4.086176549245","0.734486128502368","22.22932788",
"6/23/1989","-40","-6.08845996856689","587","28.917","17.77","0.84114108","4.00667997597382","0.715558070928493","22.09072392",
"6/24/1989","-40","-6.08845996856689","587","29.842","17.441","0","3.35302953058856","0.654153240383811","22.39744752",
"6/25/1989","-40","-6.08845996856689","587","30.356","17.08","0","3.18746255706654","0.644555974225684","22.38215292",
"6/26/1989","-40","-6.08845996856689","587","30.788","17.585","0.3124237464","3.52764082213793","0.674637924693935","20.75281812",
"6/27/1989","-40","-6.08845996856689","587","28.412","19.737","2.5217069904","4.25227208978003","0.76531710881981","17.85019968",
"6/28/1989","-40","-6.08845996856689","587","29.882","19.875","2.175809904","3.74989530806579","0.66842668015022","22.38114348",
"6/29/1989","-40","-6.08845996856689","587","30.422","17.375","0.36048852","3.5427104945782","0.619370741077101","22.4763264",
"6/30/1989","-40","-6.08845996856689","587","29.767","18.172","0.401687712","3.56100180668552","0.627972545153433","22.39796088",
"7/1/1989","-40","-6.08845996856689","587","28.39","18.657","2.676200184","4.17311650267376","0.646698028087766","17.73691632",
"7/2/1989","-40","-6.08845996856689","587","30.715","15.99","0","3.42008769432835","0.568331346000801","22.7769786",
"7/3/1989","-40","-6.08845996856689","587","29.465","17.053","0","4.09016331927877","0.611250032500277","20.12804856",
"7/4/1989","-40","-6.08845996856689","587","28.409","17.322","0.017166132","4.46894714021504","0.645560910804596","16.73262756",
"7/5/1989","-40","-6.08845996856689","587","28.017","17.774","0.7656092064","3.88053632282808","0.71194739597907","12.83366304",
"7/6/1989","-40","-6.08845996856689","587","22.429","17.961","15.9095791872","2.65052733014727","0.864599488645053","7.705746",
"7/7/1989","-40","-6.08845996856689","587","23.672","18.823","1.75609584","2.4306909001895","0.842812264168941","7.75366776",
"7/8/1989","-40","-6.08845996856689","587","26.835","17.294","0.139045716","4.59895193517579","0.746760145101259","13.57526124",
"7/9/1989","-40","-6.08845996856689","587","26.512","18.477","0.2798082432","4.12551294083214","0.718920285890169","17.34378948",
"7/10/1989","-40","-6.08845996856689","587","28.566","17.612","0.0926970984","4.10425667778242","0.662215983644096","21.91398228",
"7/11/1989","-40","-6.08845996856689","587","26.843","17.783","0.1270293912","2.45190589159771","0.738059933509436","6.91053552",
"7/12/1989","-40","-6.08845996856689","587","26.131","16.818","0","4.72680735230469","0.705201813036124","13.76280396",
"7/13/1989","-40","-6.08845996856689","587","28.631","16.648","0","5.10043027264686","0.652159573271532","22.64867352",
"7/14/1989","-40","-6.08845996856689","587","29.06","16.513","0","4.51121045491541","0.633144423472449","22.3284384",
"7/15/1989","-40","-6.08845996856689","587","29.961","15.834","0.0034332264","3.4382455063376","0.593432439058267","23.04264024",
"7/16/1989","-40","-6.08845996856689","587","29.686","18.789","3.3748632504","4.6590656412402","0.682355988899325","18.78305598",
"7/17/1989","-40","-6.08845996856689","587","28.173","17.634","0.0171661464","5.63574590787932","0.621654739478357","18.8101134",
"7/18/1989","-40","-6.08845996856689","587","28.016","16.93","0","5.56466142475001","0.658064437632001","22.94083548",
"7/19/1989","-40","-6.08845996856689","587","28.606","15.951","0","5.45106227966351","0.669556948882705","22.25014056",
"7/20/1989","-40","-6.08845996856689","587","28.25","17.382","0.0377655048","5.19731609788032","0.677897110504523","13.47592482",
"7/21/1989","-40","-6.08845996856689","587","25.276","18.142","0.269508456","4.47169725668557","0.735112223271004","5.89871484",
"7/22/1989","-40","-6.08845996856689","587","28.239","17.561","0","4.65338146222026","0.691981607886451","21.30300972",
"7/23/1989","-40","-6.08845996856689","587","27.486","19.536","0.4652024184","3.87255000574583","0.69587983968489","13.00590108",
"7/24/1989","-40","-6.08845996856689","587","23.92","18.303","0.978469848","3.55862240398314","0.836754586723081","4.275279828",
"7/25/1989","-40","-6.08845996856689","587","29.286","17.027","0","4.14670432458798","0.713818528789934","22.85392176",
"7/26/1989","-40","-6.08845996856689","587","30.896","17.266","0.317573784","3.88929833771236","0.681299856804344","20.25135396",
"7/27/1989","-40","-6.08845996856689","587","30.928","18.629","0","4.72524530655656","0.619652887204381","23.5041732",
"7/28/1989","-40","-6.08845996856689","587","31.399","18.158","0","4.28470955769335","0.606135593977299","24.08990868",
"7/29/1989","-40","-6.08845996856689","587","32.408","18.466","0","4.41666000077937","0.606459838482643","23.9295402",
"7/30/1989","-40","-6.08845996856689","587","32.401","18.967","0","4.41428545849479","0.591346601177767","23.40967212",
"7/31/1989","-40","-6.08845996856689","587","31.983","18.702","0","3.79731591631139","0.60261668007561","23.9655924",
"8/1/1989","-40","-6.08845996856689","587","33.394","17.856","0","3.62485078260315","0.539854807043514","24.40170612",
"8/2/1989","-40","-6.08845996856689","587","30.391","17.062","0","3.94637321019521","0.453367640203062","24.6467844",
"8/3/1989","-40","-6.08845996856689","587","31.42","17.601","0.188827524","4.2685502099052","0.439744475047076","24.43769532",
"8/4/1989","-40","-6.08845996856689","587","31.331","17.573","0.844573932","4.3440536467557","0.51652354797231","23.72466996",
"8/5/1989","-40","-6.08845996856689","587","30.109","19.415","1.3046265","4.35410406829612","0.590655583668262","23.6588688",
"8/6/1989","-40","-6.08845996856689","587","29.382","19.92","0.951003684","4.97724055349969","0.621399246506013","18.9219987",
"8/7/1989","-40","-6.08845996856689","587","30.895","18.703","0","4.89397102614693","0.525450703783752","24.58017936",
"8/8/1989","-40","-6.08845996856689","587","31.496","17.018","0","4.4040219917841","0.522580114298829","23.9503464",
"8/9/1989","-40","-6.08845996856689","587","31.858","19.398","0.048065184","3.41475948159138","0.499324729621924","20.1209085",
"8/10/1989","-40","-6.08845996856689","587","30.993","20.092","0.3948211584","2.25779638270812","0.538600046688741","17.12183058",
"8/11/1989","-40","-6.08845996856689","587","31.749","19.64","0.25405884","2.8627404059742","0.520532584887823","18.05462172",
"8/12/1989","-40","-6.08845996856689","587","31.763","19.199","0.339889644","3.79610885112116","0.574194051806677","19.85940036",
"8/13/1989","-40","-6.08845996856689","587","32.702","19.966","0.41198688","4.65727333402807","0.51829233227336","22.49730036",
"8/14/1989","-40","-6.08845996856689","587","31.505","18.995","1.81617966","5.17551296286948","0.512036627032639","25.1576424",
"8/15/1989","-40","-6.08845996856689","587","29.312","17.989","5.115510684","4.25373335916166","0.629988366614383","15.33661812",
"8/16/1989","-40","-6.08845996856689","587","30.246","19.248","2.622987468","4.66509902331022","0.5963868375643","25.097121",
"8/17/1989","-40","-6.08845996856689","587","30.525","18.131","0.46005246","4.74482056684399","0.533697606517441","25.57028592",
"8/18/1989","-40","-6.08845996856689","587","31.124","17.953","0.19226052","5.17288690839884","0.533738521174244","25.38432918",
"8/19/1989","-40","-6.08845996856689","587","30.261","17.496","0.0343323","4.37485075896443","0.557256670850492","24.99491088",
"8/20/1989","-40","-6.08845996856689","587","30.898","17.97","0.199127412","4.60398886434042","0.509154906847334","21.76981866",
"8/21/1989","-40","-6.08845996856689","587","28.922","18.78","0.353622528","4.30015421265965","0.572544720170783","17.58425724",
"8/22/1989","-40","-6.08845996856689","587","30.929","18.435","0.082397448","4.28222571555464","0.51671709630676","25.8417009",
"8/23/1989","-40","-6.08845996856689","587","32.025","18.277","0.0171661392","3.88925207325001","0.470531239791486","26.20687608",
"8/24/1989","-40","-6.08845996856689","587","30.903","20.112","5.91888168","3.86552517373659","0.59818003647463","23.469244308",
"8/25/1989","-40","-6.08845996856689","587","31.332","20.088","5.35754826","4.38993346936393","0.584526080471355","25.1852562",
"8/26/1989","-40","-6.08845996856689","587","31.921","20.19","1.6410847464","5.156370338522","0.551105148441246","25.096217004",
"8/27/1989","-40","-6.08845996856689","587","32.662","19.192","0","4.84728965481834","0.499277700710161","22.99865418",
"8/28/1989","-40","-6.08845996856689","587","33.486","19.982","0.0137329056","4.52403318025008","0.406011875311948","26.38056672",
"8/29/1989","-40","-6.08845996856689","587","32.842","19.68","0","5.29426867715607","0.417332904763261","26.45820216",
"8/30/1989","-40","-6.08845996856689","587","31.806","19.701","0","6.03961305022878","0.444347969180047","26.42225382",
"8/31/1989","-40","-6.08845996856689","587","32.006","17.815","0","4.70658126641916","0.413279415880822","27.05557428",
"9/1/1989","-40","-6.08845996856689","587","32.216","19.905","0.0068664528","4.33191270756309","0.408632388391032","26.15955912",
"9/2/1989","-40","-6.08845996856689","587","32.732","18.823","0","2.98775525043513","0.436618355051582","26.22222594",
"9/3/1989","-40","-6.08845996856689","587","32.785","20.27","1.4968874664","3.60692614600954","0.492497186749078","24.59559744",
"9/4/1989","-40","-6.08845996856689","587","34.132","19.113","0","3.83159644206024","0.456528026080168","26.54566938",
"9/5/1989","-40","-6.08845996856689","587","34.068","20.962","0","5.29342593437095","0.461720748499163","26.9148438",
"9/6/1989","-40","-6.08845996856689","587","33.642","21.28","0","5.98270032770064","0.421864178898049","26.18240148",
"9/7/1989","-40","-6.08845996856689","587","31.013","21.883","0.0308990592","5.37048493074554","0.551357784264231","22.05894384",
"9/8/1989","-40","-6.08845996856689","587","32.325","20.559","0","5.16469410122485","0.540963427500618","22.27156938",
"9/9/1989","-40","-6.08845996856689","587","32.348","19.412","0","4.48764348136109","0.480637739587382","27.13774716",
"9/10/1989","-40","-6.08845996856689","587","33.466","19.505","0","3.95991952051628","0.434486159147729","27.38509092",
"9/11/1989","-40","-6.08845996856689","587","34.739","19.651","0","4.38741135759806","0.411416352877561","27.523244088",
"9/12/1989","-40","-6.08845996856689","587","34.653","19.831","0","4.01727007985625","0.457508125597591","27.027789192",
"9/13/1989","-40","-6.08845996856689","587","34.507","18.441","0","3.3935828703482","0.451742791279458","27.5822469",
"9/14/1989","-40","-6.08845996856689","587","34.435","19.371","0","4.39171259368562","0.480756870174661","27.55411992",
"9/15/1989","-40","-6.08845996856689","587","34.344","21.822","0.0102996792","4.12020221703467","0.486710819891843","25.16788116",
"9/16/1989","-40","-6.08845996856689","587","34.222","20.539","0","4.6121033282895","0.463449249358198","26.219140632",
"9/17/1989","-40","-6.08845996856689","587","36.208","21.693","0.01373292","3.33629593053425","0.422801160649906","27.2581875",
"9/18/1989","-40","-6.08845996856689","587","34.884","21.025","0.424003608","3.79455933927808","0.442839688384499","21.515122728",
"9/19/1989","-40","-6.08845996856689","587","30.092","21.562","0.5939484192","3.80027593115627","0.531552883918426","16.622273448",
"9/20/1989","-40","-6.08845996856689","587","30.976","21.427","0.0034332264","3.49588758023415","0.539520450229826","16.34546232",
"9/21/1989","-40","-6.08845996856689","587","29.457","20.364","10.136602008","3.5188428698994","0.63045649231187","13.0193442",
"9/22/1989","-40","-6.08845996856689","587","32.199","21.883","0.0102996792","4.77070107530058","0.474175416411336","20.427407712",
"9/23/1989","-40","-6.08845996856689","587","33.952","20.878","0.6969456144","5.13083449975546","0.426348572115551","23.123144808",
"9/24/1989","-40","-6.08845996856689","587","33.652","20.722","1.48830804","4.62812487827371","0.41937353782562","28.030442472",
"9/25/1989","-40","-6.08845996856689","587","34.215","22.324","0.47206908","4.9016213796639","0.407853873455596","28.06757658",
"9/26/1989","-40","-6.08845996856689","587","34.935","21.008","0","5.16551209805873","0.449870120605435","27.224489448",
"9/27/1989","-40","-6.08845996856689","587","33.98","21.27","0","4.2933474502093","0.448137856795475","25.496717328",
"9/28/1989","-40","-6.08845996856689","587","35.176","22.278","0.0686646","5.01217810962349","0.420762898359377","26.737423632",
"9/29/1989","-40","-6.08845996856689","587","34.138","21.709","0","5.47937861833385","0.448202659086629","27.20620764",
"9/30/1989","-40","-6.08845996856689","587","33.9","21.398","0","5.13599061434136","0.423510261722824","27.891454032",
"10/1/1989","-40","-6.08845996856689","587","35.116","19.944","0","3.77354076152212","0.43385792537289","22.99961322",
"10/2/1989","-40","-6.08845996856689","587","34.116","22.104","0","4.98480490155312","0.383129331607147","27.921542832",
"10/3/1989","-40","-6.08845996856689","587","33.974","20.946","0.6145479","4.75789222464709","0.437610299462192","22.633653168",
"10/4/1989","-40","-6.08845996856689","587","34.671","21.025","2.8118115","4.84842619409324","0.487185699465821","23.510256768",
"10/5/1989","-40","-6.08845996856689","587","35.492","22.019","0.621414","5.14083357165051","0.385697685097682","28.26929322",
"10/6/1989","-40","-6.08845996856689","587","35.125","21.675","1.0128024","4.74907363004442","0.413120133691616","28.330121952",
"10/7/1989","-40","-6.08845996856689","587","34.888","21.596","0","4.11819557470636","0.438012718757296","21.93013152",
"10/8/1989","-40","-6.08845996856689","587","35.399","21.823","0.37422162","4.97672740186814","0.472696873028558","27.26216964",
"10/9/1989","-40","-6.08845996856689","587","34.887","21.18","0","4.49166445146657","0.470800867718911","23.17483548",
"10/10/1989","-40","-6.08845996856689","587","35.398","21.1","0","4.46153888907843","0.457340181446509","27.3918843",
"10/11/1989","-40","-6.08845996856689","587","35.486","21.612","0","4.93900130975739","0.486266681460668","23.1474366",
"10/12/1989","-40","-6.08845996856689","587","35.084","21.37","0","5.13600618318935","0.456437991605398","27.556494768",
"10/13/1989","-40","-6.08845996856689","587","35.183","21.1","0","4.92515980677243","0.450291606157865","28.202177448",
"10/14/1989","-40","-6.08845996856689","587","36.274","20.154","0.041198724","3.80417815897231","0.405607300431627","27.84752352",
"10/15/1989","-40","-6.08845996856689","587","35.691","21.982","0.933838848","3.51073935204649","0.418022920521784","22.370742648",
"10/16/1989","-40","-6.08845996856689","587","35.12","22.312","0.85830696","4.39936038839263","0.404933447393387","28.20396924",
"10/17/1989","-40","-6.08845996856689","587","32.911","22.321","0.0377654904","4.7338899617701","0.483698205044154","20.966738112",
"10/18/1989","-40","-6.08845996856689","587","34.786","21.451","0","4.23009904092952","0.45086905206714","27.8113365",
"10/19/1989","-40","-6.08845996856689","587","33.862","20.904","0.4943848464","3.52668751619747","0.523378029335049","21.53593062",
"10/20/1989","-40","-6.08845996856689","587","32.788","22.175","1.74407904","4.27631899139993","0.53044970682273","9.10912518",
"10/21/1989","-40","-6.08845996856689","587","31.83","22.161","0.089263944","5.47644674536949","0.517623254399712","19.03606812",
"10/22/1989","-40","-6.08845996856689","587","32.319","21.693","1.98440496","5.26499655438379","0.548149996710378","24.9316299",
"10/23/1989","-40","-6.08845996856689","587","34.347","20.733","0","5.44357320696615","0.515226779790252","22.999545",
"10/24/1989","-40","-6.08845996856689","587","35.317","20.788","0","5.31659101005532","0.484273591240091","27.8714178",
"10/25/1989","-40","-6.08845996856689","587","34.982","21.177","0","5.4790129953767","0.448239990803561","28.41833268",
"10/26/1989","-40","-6.08845996856689","587","33.983","21.746","0","5.80732580643432","0.427534905354219","28.33140402",
"10/27/1989","-40","-6.08845996856689","587","33.239","21.71","0","5.90596835265891","0.439887072427848","28.2637602",
"10/28/1989","-40","-6.08845996856689","587","35.477","22.3","0.02746584","5.36004307257905","0.420914244810035","26.76982878",
"10/29/1989","-40","-6.08845996856689","587","36.219","23.181","0","5.78738808135377","0.380627298135321","28.1300157",
"10/30/1989","-40","-6.08845996856689","587","34.618","23.121","0.151062156","5.88964322424443","0.457582453218991","24.81260004",
"10/31/1989","-40","-6.08845996856689","587","34.956","22.48","0.36392184","5.34877025252583","0.453158287092827","27.3718161",
"11/1/1989","-40","-6.08845996856689","587","35.478","22.245","0.051498432","4.56128800197266","0.426622743488624","24.77356866",
"11/2/1989","-40","-6.08845996856689","587","35.157","22.779","0","4.95500440754415","0.428241514883154","27.30373254",
"11/3/1989","-40","-6.08845996856689","587","35.364","22.806","0","5.93382994897075","0.451133340450119","28.03167702",
"11/4/1989","-40","-6.08845996856689","587","36.284","22.446","0","5.74949830104389","0.457973176111405","27.88212888",
"11/5/1989","-40","-6.08845996856689","587","35.067","22.094","0","5.96830103613566","0.447567462892685","28.0649826",
"11/6/1989","-40","-6.08845996856689","587","35.435","21.303","0","5.90984191855057","0.456499866152633","26.83998036",
"11/7/1989","-40","-6.08845996856689","587","34.441","21.858","0","6.36478856752161","0.474123290096644","27.7160004",
"11/8/1989","-40","-6.08845996856689","587","34.838","22.013","0","6.26701258251148","0.465577209765084","27.28506762",
"11/9/1989","-40","-6.08845996856689","587","34.897","22.709","0","6.1349522782585","0.439051469108314","27.8058357",
"11/10/1989","-40","-6.08845996856689","587","34.695","23.324","0.017166132","5.91331985957518","0.420403402745846","25.53660126",
"11/11/1989","-40","-6.08845996856689","587","35.147","22.946","0.34332264","5.531449978445","0.431681672255611","28.0351602",
"11/12/1989","-40","-6.08845996856689","587","35.332","23.3","0","5.98129231140709","0.440874009295431","27.60142842",
"11/13/1989","-40","-6.08845996856689","587","35.616","23.371","0","6.24604243006516","0.455989934763157","27.51963732",
"11/14/1989","-40","-6.08845996856689","587","35.099","21.552","0","5.49975535225605","0.463364922788099","27.43357788",
"11/15/1989","-40","-6.08845996856689","587","34.717","21.405","0","5.83363294689361","0.468184235896567","26.48249874",
"11/16/1989","-40","-6.08845996856689","587","33.642","22.198","0","5.66476710394101","0.492979895176525","26.4750219",
"11/17/1989","-40","-6.08845996856689","587","30.512","22.496","0","5.15625951313393","0.547267117727482","22.0924152",
"11/18/1989","-40","-6.08845996856689","587","33.252","22.685","0.2986908264","5.42289873801055","0.487082429560007","27.5276763",
"11/19/1989","-40","-6.08845996856689","587","33.418","23.61","0.109863252","5.7561134441141","0.500565464829396","17.32612302",
"11/20/1989","-40","-6.08845996856689","587","32.98","21.854","0","5.87695417846384","0.484987233665044","22.36685148",
"11/21/1989","-40","-6.08845996856689","587","34.274","20.042","0","5.48396670399348","0.441338579263361","28.20234618",
"11/22/1989","-40","-6.08845996856689","587","35.307","21.531","0","5.31725951292754","0.402005811528603","28.42919208",
"11/23/1989","-40","-6.08845996856689","587","35.701","21.989","0","4.59501815342674","0.402560906065122","28.55203272",
"11/24/1989","-40","-6.08845996856689","587","35.058","21.957","0","4.8427051482621","0.43710256871878","28.28592972",
"11/25/1989","-40","-6.08845996856689","587","34.738","20.903","0.360488952","3.37836991960486","0.465095254246497","21.16923516",
"11/26/1989","-40","-6.08845996856689","587","36.457","21.639","0.755309916","4.30790045588028","0.495538832954169","26.23285332",
"11/27/1989","-40","-6.08845996856689","587","36.437","22.191","0.38108844","5.08354991365825","0.479194860972845","27.86720328",
"11/28/1989","-40","-6.08845996856689","587","35.463","21.841","0","5.30124651490893","0.468413463650434","26.38822122",
"11/29/1989","-40","-6.08845996856689","587","32.535","21.557","0","4.07913824955499","0.465333910958019","20.01200292",
"11/30/1989","-40","-6.08845996856689","587","31.509","23.188","0.017166132","3.80781191894843","0.485998415454712","13.86331506",
"12/1/1989","-40","-6.08845996856689","587","35.583","22.145","0","4.81673461783939","0.412593562163549","22.6537911",
"12/2/1989","-40","-6.08845996856689","587","35.038","20.964","0","4.37832858507611","0.416463398134072","24.89878296",
"12/3/1989","-40","-6.08845996856689","587","32.306","22.154","0.0566482464","4.05776183010628","0.509590051033675","16.42027824",
"12/4/1989","-40","-6.08845996856689","587","35.272","22.462","0.271224936","4.82785960202543","0.4805652369974","20.74865814",
"12/5/1989","-40","-6.08845996856689","587","34.131","22.672","0","5.97423466795647","0.474420102836833","22.42720818",
"12/6/1989","-40","-6.08845996856689","587","34.213","22.329","0","5.77825907704106","0.462359430384729","26.11102248",
"12/7/1989","-40","-6.08845996856689","587","34.044","23.137","0.6008148","5.79509500904183","0.498011098586792","21.57317334",
"12/8/1989","-40","-6.08845996856689","587","30.213","21.965","0.952720956","4.89621199830546","0.608967673184351","13.45517028",
"12/9/1989","-40","-6.08845996856689","587","29.412","21.389","3.34911024","3.94907218719236","0.615220782886827","17.72549856",
"12/10/1989","-40","-6.08845996856689","587","34.3","21.499","0","5.24180995535409","0.452999448622068","27.87586722",
"12/11/1989","-40","-6.08845996856689","587","34.118","21.561","0","5.24953960023429","0.487940875066447","22.46164092",
"12/12/1989","-40","-6.08845996856689","587","33.71","21.563","0","4.85674129252555","0.516225376958914","21.89384946",
"12/13/1989","-40","-6.08845996856689","587","33.236","22.287","0","4.85591547058878","0.493675018671753","21.6380232",
"12/14/1989","-40","-6.08845996856689","587","34.779","23.663","0.0102996792","4.97270141719088","0.438675938139543","18.199802952",
"12/15/1989","-40","-6.08845996856689","587","31.545","21.683","0.224876484","4.87696945804452","0.581631965323248","16.5689973",
"12/16/1989","-40","-6.08845996856689","587","29.892","22.021","1.6419411","4.50443201223347","0.661506940950643","14.349377448",
"12/17/1989","-40","-6.08845996856689","587","31.394","21.415","1.086616836","5.24560195778523","0.608452386492113","19.56684906",
"12/18/1989","-40","-6.08845996856689","587","29.48","21.385","0.5424499584","4.33392611552394","0.613193651710231","15.760790928",
"12/19/1989","-40","-6.08845996856689","587","29.281","21.556","3.227234112","3.72294532107643","0.698534723009515","15.92786556",
"12/20/1989","-40","-6.08845996856689","587","30.911","20.786","4.8992166","3.57867082369791","0.742501637613096","22.706442072",
"12/21/1989","-40","-6.08845996856689","587","24.825","21.421","25.7440557312","1.97485773093033","0.836980637443149","9.63872199",
"12/22/1989","-40","-6.08845996856689","587","24.117","20.898","26.3929358232","1.03406272870491","0.891918940787741","5.14754928",
"12/23/1989","-40","-6.08845996856689","587","26.709","19.345","3.592873944","1.92988083217455","0.783579105815631","18.66504114",
"12/24/1989","-40","-6.08845996856689","587","24.703","20.961","4.197123036","2.42626727137819","0.856597307585446","7.24235544",
"12/25/1989","-40","-6.08845996856689","587","24.192","20.29","5.330943252","2.98768141995539","0.887545723660083","8.6196339",
"12/26/1989","-40","-6.08845996856689","587","25.95","20.192","8.22773304","3.11982577539524","0.848407826985547","12.9220254",
"12/27/1989","-40","-6.08845996856689","587","27.801","19.647","10.3451701464","3.59845328705645","0.794934774331258","22.9564152",
"12/28/1989","-40","-6.08845996856689","587","25.641","20.207","19.549653948","2.72027421785708","0.842685234084985","13.4978031",
"12/29/1989","-40","-6.08845996856689","587","28.072","19.714","13.1853086856","1.88441195402215","0.788951436506159","18.43200036",
"12/30/1989","-40","-6.08845996856689","587","30.51","19.795","1.1295306","4.53736740953441","0.679766999750319","26.489978712",
"12/31/1989","-40","-6.08845996856689","587","30.812","19.584","0","4.71428280109804","0.626312233671868","25.42691124",
"1/1/1990","-40","-6.08845996856689","587","32.174","19.717","0","3.92271975609922","0.558686797052885","28.345956408",
"1/2/1990","-40","-6.08845996856689","587","31.845","21.145","3.45039768","4.0441101581182","0.612612550854049","25.81947882",
"1/3/1990","-40","-6.08845996856689","587","33.063","20.405","0.7535933784","3.9867787517481","0.53476770393435","28.23733026",
"1/4/1990","-40","-6.08845996856689","587","31.277","21.149","0.9424209384","4.68044762624675","0.591571944157253","25.674305112",
"1/5/1990","-40","-6.08845996856689","587","33.185","20.338","0.305557488","4.11713645689853","0.510161730445397","27.74255652",
"1/6/1990","-40","-6.08845996856689","587","33.105","20.887","0.25234236","4.84993314089072","0.512111683415379","28.502945712",
"1/7/1990","-40","-6.08845996856689","587","32.9","21.272","0.73814328","4.17948141511809","0.528509025737328","28.05013512",
"1/8/1990","-40","-6.08845996856689","587","32.392","20.781","1.8230442048","4.41819924393511","0.616247213095363","19.8564228",
"1/9/1990","-40","-6.08845996856689","587","32.938","20.036","0","4.87364152968659","0.487104197193988","27.5838192",
"1/10/1990","-40","-6.08845996856689","587","33.657","21.211","0","5.00910428881069","0.433792781579231","28.90254312",
"1/11/1990","-40","-6.08845996856689","587","32.271","20.605","0","5.06056488410228","0.470284180462088","26.93509218",
"1/12/1990","-40","-6.08845996856689","587","33.95","20.171","0","4.69424061017668","0.480694613852423","27.9165411",
"1/13/1990","-40","-6.08845996856689","587","32.657","20.162","1.0986326784","4.17645089083323","0.515203293298425","27.03999618",
"1/14/1990","-40","-6.08845996856689","587","33.828","19.753","0","4.17790720276924","0.468902398776151","28.56173715",
"1/15/1990","-40","-6.08845996856689","587","32.697","20.984","0.02746584","4.11749900073955","0.564253821816206","20.11820652",
"1/16/1990","-40","-6.08845996856689","587","33.137","20.062","0","4.46641120928062","0.514976775618436","28.528029",
"1/17/1990","-40","-6.08845996856689","587","34.121","20.217","0","5.10266859918317","0.490816229389089","28.8463509",
"1/18/1990","-40","-6.08845996856689","587","34.699","20.235","0","5.05502084223739","0.420735358252185","29.4563286",
"1/19/1990","-40","-6.08845996856689","587","34.269","20.078","0","4.16657748491054","0.435518233552473","29.22261012",
"1/20/1990","-40","-6.08845996856689","587","34.654","20.585","0","4.58975809195873","0.444571660368247","28.5945174",
"1/21/1990","-40","-6.08845996856689","587","34.532","20.356","0.247192092","4.63397546437455","0.470976992644383","27.26150013",
"1/22/1990","-40","-6.08845996856689","587","34.262","21.298","0.073814364","4.86887386900928","0.461878652068846","26.477388",
"1/23/1990","-40","-6.08845996856689","587","34.928","20.438","0.2162934","4.77032079541254","0.550452890763858","22.96406232",
"1/24/1990","-40","-6.08845996856689","587","33.609","20.285","0.527000544","4.30453923540989","0.543276509320348","27.50490648",
"1/25/1990","-40","-6.08845996856689","587","33.958","20.279","0","4.67889138508984","0.500980763092681","28.40242212",
"1/26/1990","-40","-6.08845996856689","587","34.02","20.038","0.147628944","4.23057549058372","0.496530306557261","25.86223512",
"1/27/1990","-40","-6.08845996856689","587","34.367","20.551","2.005004232","3.256593022642","0.598473749523151","22.5017433",
"1/28/1990","-40","-6.08845996856689","587","34.158","20.179","4.25720034","3.70324611388885","0.607604925829929","20.6891982",
"1/29/1990","-40","-6.08845996856689","587","34.376","19.068","0.39825432","4.85079919761541","0.492320518881743","28.8295893",
"1/30/1990","-40","-6.08845996856689","587","34.377","19.615","0.0034332264","5.16257865580956","0.484151853039542","22.48121196",
"1/31/1990","-40","-6.08845996856689","587","34.735","20.24","0.061798068","4.77309431352181","0.527249491591045","24.53906142",
"2/1/1990","-40","-6.08845996856689","587","35.928","20.361","0.0789642504","3.66113840959137","0.441197092072029","22.96484928",
"2/2/1990","-40","-6.08845996856689","587","35.955","21.021","0.075531024","4.68552171143125","0.430216847864231","29.21456106",
"2/3/1990","-40","-6.08845996856689","587","34.983","20.991","0.302124096","5.14435773213716","0.468472265474913","29.13243165",
"2/4/1990","-40","-6.08845996856689","587","34.642","19.798","1.99470672","4.72821944256063","0.539700978919641","29.05599312",
"2/5/1990","-40","-6.08845996856689","587","34.193","22.124","0","5.15464197738892","0.460814617487997","29.04451938",
"2/6/1990","-40","-6.08845996856689","587","32.953","20.873","0","4.71876992988868","0.45259563714016","28.16426097",
"2/7/1990","-40","-6.08845996856689","587","34.673","20.676","0.159645024","3.64230713139531","0.484765730043698","23.35072104",
"2/8/1990","-40","-6.08845996856689","587","30.1","20.741","2.471066316","3.52298054097493","0.672674187012408","19.730420298",
"2/9/1990","-40","-6.08845996856689","587","32.455","20.541","0.0068664528","4.7445969249028","0.596361767665694","22.52914542",
"2/10/1990","-40","-6.08845996856689","587","31.38","20.135","1.1724469128","4.118211201142","0.639039488538715","26.21458233",
"2/11/1990","-40","-6.08845996856689","587","33.652","21.269","0.879764724","4.35583287761634","0.667820905448945","21.07546992",
"2/12/1990","-40","-6.08845996856689","587","33.82","20.892","0.4428867672","3.83658004983219","0.620262908208246","19.47628431",
"2/13/1990","-40","-6.08845996856689","587","34.008","20.255","0.01373292","4.87792390671874","0.512005265161939","25.17738444",
"2/14/1990","-40","-6.08845996856689","587","34.138","20.474","0.152778708","4.86433946539734","0.503666393004834","28.99091214",
"2/15/1990","-40","-6.08845996856689","587","34.442","19.616","0","4.74274712062585","0.509628991020684","23.82091506",
"2/16/1990","-40","-6.08845996856689","587","33.823","20.297","0","4.54484913786598","0.529756024742641","21.23825922",
"2/17/1990","-40","-6.08845996856689","587","34.146","22.606","0.0274658328","3.32780248474006","0.552325697628195","18.67708341",
"2/18/1990","-40","-6.08845996856689","587","32.8","20.324","0","2.05669034316794","0.581797169827746","16.50060072",
"2/19/1990","-40","-6.08845996856689","587","31.698","21.827","0.2815251552","2.6500074305638","0.570418994359138","16.533054738",
"2/20/1990","-40","-6.08845996856689","587","33.109","19.173","0","3.37787253575128","0.561851535998219","22.01444892",
"2/21/1990","-40","-6.08845996856689","587","32.101","20.001","0","3.98482023620292","0.551550513779334","23.0633424",
"2/22/1990","-40","-6.08845996856689","587","31.732","19.291","0","3.03451858641116","0.564534501603958","20.55537648",
"2/23/1990","-40","-6.08845996856689","587","22.789","19.662","3.89328246","2.21982080569853","0.836491502935927","3.17795544",
"2/24/1990","-40","-6.08845996856689","587","31.204","18.187","0.2746584864","3.65866136966033","0.700753275132023","22.5161478",
"2/25/1990","-40","-6.08845996856689","587","31.347","19.274","2.3963916744","3.57518262477955","0.736763131985029","22.9594518",
"2/26/1990","-40","-6.08845996856689","587","29.056","19.877","13.41704772","2.65104713209334","0.869791726747406","10.398941442",
"2/27/1990","-40","-6.08845996856689","587","26.176","20.19","10.70995968","2.99756622927316","0.911811485031152","16.498461618",
"2/28/1990","-40","-6.08845996856689","587","26.704","19.936","1.356124752","3.07987042430085","0.806329761538717","9.23563557",
"3/1/1990","-40","-6.08845996856689","587","29.866","19.939","0.260925336","3.85872569851864","0.653275534417549","20.56320441",
"3/2/1990","-40","-6.08845996856689","587","32.003","20.6","0.803375172","4.07473747552216","0.645609947531719","23.02441794",
"3/3/1990","-40","-6.08845996856689","587","31.388","19.593","0.71411148","4.42187077033033","0.643905881771719","23.0518728",
"3/4/1990","-40","-6.08845996856689","587","32.797","19.631","2.942275896","3.91410035650878","0.631592737141068","27.9937674",
"3/5/1990","-40","-6.08845996856689","587","32.783","18.518","0.33645636","4.44215558299746","0.608216092203729","26.61159393",
"3/6/1990","-40","-6.08845996856689","587","33.446","19.128","0.40855428","4.70498065415847","0.560844679344121","25.00503777",
"3/7/1990","-40","-6.08845996856689","587","33.657","19.23","0","5.26919032633642","0.49480320503689","28.46181537",
"3/8/1990","-40","-6.08845996856689","587","34.262","18.693","0","5.26015273112001","0.479318772228779","28.92874635",
"3/9/1990","-40","-6.08845996856689","587","34.37","19.797","0","4.66138705548813","0.490363784589914","27.54460926",
"3/10/1990","-40","-6.08845996856689","587","34.159","21.397","0.048065184","3.91582579882793","0.473737295723214","22.43711115",
"3/11/1990","-40","-6.08845996856689","587","33.088","20.884","0","3.9427888570833","0.529639787511778","21.76419168",
"3/12/1990","-40","-6.08845996856689","587","33.961","20.047","0","4.21060513123526","0.514927712048682","28.53231192",
"3/13/1990","-40","-6.08845996856689","587","35.328","20.018","0","4.3089647916543","0.480515334472805","28.58090292",
"3/14/1990","-40","-6.08845996856689","587","34.459","20.621","0","4.89302358644977","0.508109916322546","28.16071821",
"3/15/1990","-40","-6.08845996856689","587","35.271","20.172","0","4.96150680256866","0.468529086389498","28.57584438",
"3/16/1990","-40","-6.08845996856689","587","35.247","19.91","0","4.53098416300479","0.465018175104331","28.47003426",
"3/17/1990","-40","-6.08845996856689","587","35.477","20.616","0","4.81892551901975","0.492036058626114","28.29493278",
"3/18/1990","-40","-6.08845996856689","587","32.305","22.066","0.065231316","4.79088064558867","0.561002219928146","16.0660125",
"3/19/1990","-40","-6.08845996856689","587","33.601","20.103","0","4.7503475602593","0.572892353361788","27.47396664",
"3/20/1990","-40","-6.08845996856689","587","33.975","21.24","0.5218504344","4.02545127505094","0.595085920779287","22.38491646",
"3/21/1990","-40","-6.08845996856689","587","33.454","21.229","2.14576866","4.19595029521425","0.615966461110163","22.408931988",
"3/22/1990","-40","-6.08845996856689","587","34.649","21.365","0.7930755","4.06400626236878","0.551543636845492","27.45658512",
"3/23/1990","-40","-6.08845996856689","587","35.322","20.512","0","4.16666453262445","0.574091105533849","22.98769182",
"3/24/1990","-40","-6.08845996856689","587","33.854","20.986","0.236892744","4.59780263572534","0.640558412890265","21.08401866",
"3/25/1990","-40","-6.08845996856689","587","33.7","21.307","2.1457656","3.77398355041974","0.619581767161998","21.0278196",
"3/26/1990","-40","-6.08845996856689","587","33.641","19.871","0.044631972","4.08695141495867","0.54848280305827","27.42907158",
"3/27/1990","-40","-6.08845996856689","587","33.349","19.029","0","3.40038489968093","0.567534366755548","22.20592626",
"3/28/1990","-40","-6.08845996856689","587","31.897","18.512","0.04806522","2.80756515965002","0.603424209612681","18.15530994",
"3/29/1990","-40","-6.08845996856689","587","32.629","21.279","0","4.40022240745772","0.550082989738668","27.32793642",
"3/30/1990","-40","-6.08845996856689","587","31.041","19.044","0","2.60970398541377","0.590597598435178","17.25519168",
"3/31/1990","-40","-6.08845996856689","587","31.555","17.565","0.714110904","2.33842175528619","0.599252586350276","16.3069839",
"4/1/1990","-40","-6.08845996856689","587","32.17","20.876","0.281524572","3.43570977013473","0.584289689600755","17.7705549",
"4/2/1990","-40","-6.08845996856689","587","33.211","19.968","0.3639222","4.23215587650036","0.593863971569507","19.92459978",
"4/3/1990","-40","-6.08845996856689","587","33.33","20.572","3.71475324","4.02872796309438","0.684756872761023","20.9932281",
"4/4/1990","-40","-6.08845996856689","587","34.382","19.771","1.30119336","3.4975828242736","0.708121602993724","20.62906812",
"4/5/1990","-40","-6.08845996856689","587","33.096","20.327","0.501251436","4.00315290113174","0.646571725656692","21.30806484",
"4/6/1990","-40","-6.08845996856689","587","31.393","19.838","0.102996828","4.01688677926425","0.63305215028233","20.06729784",
"4/7/1990","-40","-6.08845996856689","587","33.032","20.06","0.501251148","3.8164030866413","0.665583557435575","17.7847299",
"4/8/1990","-40","-6.08845996856689","587","34.03","20.92","1.407623364","4.1088097686636","0.654384909788542","18.80972352",
"4/9/1990","-40","-6.08845996856689","587","33.543","19.547","0","4.2140437687518","0.606236872685959","24.11791668",
"4/10/1990","-40","-6.08845996856689","587","33.541","20.85","4.02031026","3.5668935835903","0.650652108324617","20.68852446",
"4/11/1990","-40","-6.08845996856689","587","34.54","20.336","0.048065184","2.99241918444447","0.607331181699343","20.70759096",
"4/12/1990","-40","-6.08845996856689","587","33.531","19.824","0.078964236","3.95006136497458","0.527825293742364","26.6222763",
"4/13/1990","-40","-6.08845996856689","587","33.966","20.074","0","3.80284759749594","0.50803886864432","26.46191178",
"4/14/1990","-40","-6.08845996856689","587","34.394","20.46","0","3.55620949039271","0.513070619733222","26.11463094",
"4/15/1990","-40","-6.08845996856689","587","34.342","19.247","0","3.431933699085","0.529810592676177","24.28514748",
"4/16/1990","-40","-6.08845996856689","587","32.889","20.812","0.1647948024","4.52504141115717","0.606009584307951","24.29319654",
"4/17/1990","-40","-6.08845996856689","587","33.484","20.791","1.019668284","4.10289065591112","0.625152890617329","19.900179",
"4/18/1990","-40","-6.08845996856689","587","33.973","20.249","0","4.07358493849802","0.568961245550419","21.72273552",
"4/19/1990","-40","-6.08845996856689","587","34.583","21.724","0","4.79347130976602","0.575222534787223","21.00397554",
"4/20/1990","-40","-6.08845996856689","587","33.984","19.534","0.02746584","5.06595039817961","0.548154413148226","22.1274018",
"4/21/1990","-40","-6.08845996856689","587","33.639","19.288","0.072097632","4.62764900317739","0.463786332569186","26.0888634",
"4/22/1990","-40","-6.08845996856689","587","34.291","18.755","0.58193226","3.8106814057929","0.530333315768875","25.95149892",
"4/23/1990","-40","-6.08845996856689","587","34.43","20.092","1.184463432","4.43012404300977","0.594430318164656","24.57815202",
"4/24/1990","-40","-6.08845996856689","587","32.299","19.506","2.93540742","4.86405763800627","0.724023579514891","18.03566394",
"4/25/1990","-40","-6.08845996856689","587","31.248","19.656","0.9716035104","3.73857633076896","0.679008481142152","16.5225924",
"4/26/1990","-40","-6.08845996856689","587","33.503","20.145","0.755309952","3.54639882698033","0.630801984887455","20.88489618",
"4/27/1990","-40","-6.08845996856689","587","33.706","20.626","0.2094267528","3.98590738330283","0.619765284540189","20.7358254",
"4/28/1990","-40","-6.08845996856689","587","31.224","21.111","5.1704377992","3.86314627268422","0.688702072642888","13.28501106",
"4/29/1990","-40","-6.08845996856689","587","33.928","20.78","0.2025603","3.14409936382765","0.589971978885651","21.8518299",
"4/30/1990","-40","-6.08845996856689","587","34.497","21.5","4.4752149648","3.20550966796975","0.685669909784258","17.80188714",
"5/1/1990","-40","-6.08845996856689","587","30.712","20.802","3.9859782264","3.48553115836506","0.794497244930183","23.21944218",
"5/2/1990","-40","-6.08845996856689","587","31.937","20.542","6.39953856","3.22813752400124","0.675714647118616","21.5197857",
"5/3/1990","-40","-6.08845996856689","587","33.176","20.137","0","3.23551956881442","0.586172947065131","24.5274741",
"5/4/1990","-40","-6.08845996856689","587","33.377","19.733","0","3.23317103311865","0.607659656160673","24.54440742",
"5/5/1990","-40","-6.08845996856689","587","33.126","19","0","3.23236570604058","0.57744490493268","24.8616549",
"5/6/1990","-40","-6.08845996856689","587","33.512","20.882","0.2609253","3.3285203153662","0.577771047122072","24.5786058",
"5/7/1990","-40","-6.08845996856689","587","33.756","19.455","0","3.2520154364703","0.554967906574498","24.58563372",
"5/8/1990","-40","-6.08845996856689","587","33.779","19.506","0","3.36970976065441","0.587749822581126","24.04074024",
"5/9/1990","-40","-6.08845996856689","587","33.284","19.957","0","3.73514620083921","0.566359008938358","24.6948768",
"5/10/1990","-40","-6.08845996856689","587","32.831","19.497","0","4.10948160722113","0.585826923135879","24.42627936",
"5/11/1990","-40","-6.08845996856689","587","33.486","18.349","0","3.64609862458027","0.56612833095624","24.2319915",
"5/12/1990","-40","-6.08845996856689","587","30.411","19.369","0.0480651912","3.1517516247132","0.722403693928921","11.37121776",
"5/13/1990","-40","-6.08845996856689","587","31.318","18.749","0.2918243232","3.25758904835118","0.73094426496762","15.02662464",
"5/14/1990","-40","-6.08845996856689","587","31.929","19.823","7.47070524","3.25435576903391","0.752301153546764","18.4634946",
"5/15/1990","-40","-6.08845996856689","587","31.879","20.828","2.3895258192","3.98029783530905","0.690731831663298","19.9018755",
"5/16/1990","-40","-6.08845996856689","587","32.512","19.75","2.0359008","3.40403949746772","0.61762361513265","23.79932478",
"5/17/1990","-40","-6.08845996856689","587","33.828","17.142","0","3.08704851915394","0.507049510083889","23.95518102",
"5/18/1990","-40","-6.08845996856689","587","33.636","19.238","0","3.63366085005915","0.511607713507936","23.9307696",
"5/19/1990","-40","-6.08845996856689","587","34.945","17.631","0","3.29894581021991","0.535192072425636","24.0659928",
"5/20/1990","-40","-6.08845996856689","587","32.616","20.239","0.30212424","4.75570137454308","0.607991809099122","22.24383948",
"5/21/1990","-40","-6.08845996856689","587","32.195","19.291","0.87890616","3.73472069976895","0.555750446895689","23.52329694",
"5/22/1990","-40","-6.08845996856689","587","32.49","20.209","0","3.76071748191123","0.468830956401889","23.584275",
"5/23/1990","-40","-6.08845996856689","587","32.817","18.303","0","3.41373922074379","0.574338834184455","17.56243044",
"5/24/1990","-40","-6.08845996856689","587","33.125","19.154","0.5664816","4.1148840084879","0.515646522824642","23.33014362",
"5/25/1990","-40","-6.08845996856689","587","32.68","18.559","2.50968852","4.13512726843535","0.584134103261564","21.7955241",
"5/26/1990","-40","-6.08845996856689","587","31.131","19.927","0.655746192","4.32840019906845","0.618955153975793","13.80639348",
"5/27/1990","-40","-6.08845996856689","587","31.309","18.761","0.6832124928","4.51856399749021","0.624492348440704","19.79954928",
"5/28/1990","-40","-6.08845996856689","587","30.77","18.61","0.60768144","3.77243830626522","0.588868300729923","16.92258714",
"5/29/1990","-40","-6.08845996856689","587","29.096","17.475","1.841927364","3.86081047481284","0.693591846114864","14.54726034",
"5/30/1990","-40","-6.08845996856689","587","29.845","18.632","1.0917661392","3.98887918461063","0.664790258487135","16.16242086",
"5/31/1990","-40","-6.08845996856689","587","30.16","17.2","1.45568844","3.86238455137987","0.638795846963629","17.87950602",
"6/1/1990","-40","-6.08845996856689","587","32.184","17.178","0.619697232","4.52025636812513","0.585214846812319","21.05515458",
"6/2/1990","-40","-6.08845996856689","587","28.924","18.576","1.6273498464","3.77308287747673","0.740300896622116","13.87051902",
"6/3/1990","-40","-6.08845996856689","587","31.908","17.853","0.4686359112","4.81273266623115","0.701600249136998","17.39649528",
"6/4/1990","-40","-6.08845996856689","587","28.92","19.47","0.1338957","5.15796047875452","0.65189783315961","15.04609092",
"6/5/1990","-40","-6.08845996856689","587","32.178","17.539","0","4.19786071804824","0.540788979968947","22.4901549",
"6/6/1990","-40","-6.08845996856689","587","32.372","18.406","0","4.35778755569391","0.528208009988849","19.2346857",
"6/7/1990","-40","-6.08845996856689","587","32.786","20.009","0.0532150272","4.08048372157017","0.512646658096191","22.3368228",
"6/8/1990","-40","-6.08845996856689","587","32.602","19.539","0.044631972","4.15666529840405","0.470611924852947","22.60895112",
"6/9/1990","-40","-6.08845996856689","587","32.752","20.344","0.56991582","4.39349262276944","0.497518303712643","20.3688567",
"6/10/1990","-40","-6.08845996856689","587","32.416","18.149","1.32866028","4.13495146931684","0.601027624462168","19.77434982",
"6/11/1990","-40","-6.08845996856689","587","33.062","18.706","0.04634856","4.11898365098321","0.464892924141745","22.6904094",
"6/12/1990","-40","-6.08845996856689","587","31.183","18.297","1.7440748928","5.06532973774061","0.596533325563591","22.51041336",
"6/13/1990","-40","-6.08845996856689","587","32.003","17.134","0","4.7725124548529","0.521564337699873","22.796325",
"6/14/1990","-40","-6.08845996856689","587","31.954","17.996","0.3192905376","4.23000730965512","0.544516096042564","22.5941616",
"6/15/1990","-40","-6.08845996856689","587","32.201","18.46","0.7329940632","3.72325396976876","0.565707610279865","21.82938552",
"6/16/1990","-40","-6.08845996856689","587","32.3","18.245","0","3.22109119648018","0.511190567387999","22.48632936",
"6/17/1990","-40","-6.08845996856689","587","32.684","18.479","0.0034332264","3.62912949432792","0.51340479553481","22.3350174",
"6/18/1990","-40","-6.08845996856689","587","32.851","18.832","0","4.63755375240631","0.434750518762472","20.5841808",
"6/19/1990","-40","-6.08845996856689","587","31.956","18.758","0","4.73843474822694","0.463956035487372","22.55529168",
"6/20/1990","-40","-6.08845996856689","587","31.595","16.969","0.0034332264","3.90714905045433","0.488962625823749","22.1318964",
"6/21/1990","-40","-6.08845996856689","587","32.65","18.368","0.0240326064","4.25272145113558","0.506381327948329","22.59360468",
"6/22/1990","-40","-6.08845996856689","587","31.059","19.285","0","3.90393144517991","0.595409843692118","22.20068592",
"6/23/1990","-40","-6.08845996856689","587","28.482","17.233","0.0068664528","3.50562386553647","0.658771934676663","17.41404348",
"6/24/1990","-40","-6.08845996856689","587","32.539","17.088","0.0652313448","3.65271186656283","0.504171558213374","22.3654518",
"6/25/1990","-40","-6.08845996856689","587","32.249","20.553","0.094413744","4.50720944473681","0.516773677698794","22.48030944",
"6/26/1990","-40","-6.08845996856689","587","32.412","19.883","0.46520244","3.82848027960424","0.544903471165539","22.2996987",
"6/27/1990","-40","-6.08845996856689","587","31.854","19.641","0.358772256","4.37313306217295","0.509567746216381","21.84789654",
"6/28/1990","-40","-6.08845996856689","587","32.32","16.769","0.0926970264","4.37674726566273","0.47594188194435","22.81820832",
"6/29/1990","-40","-6.08845996856689","587","31.804","17.462","1.1672973864","4.66452141933924","0.558595299538102","22.36955472",
"6/30/1990","-40","-6.08845996856689","587","30.976","18.261","0.1647948168","4.66053830783958","0.561251029540399","19.41069564",
"7/1/1990","-40","-6.08845996856689","587","32.35","18.67","1.0711668384","4.87610067291235","0.597625660886232","21.52293768",
"7/2/1990","-40","-6.08845996856689","587","30.374","18.642","1.69086474","4.11434585723069","0.634356408347661","16.92826776",
"7/3/1990","-40","-6.08845996856689","587","31.984","18.672","3.721621932","4.00948408485139","0.659387041362321","17.95364064",
"7/4/1990","-40","-6.08845996856689","587","31.873","20.559","0.5922314064","3.41621025801858","0.640060426607925","12.18554712",
"7/5/1990","-40","-6.08845996856689","587","31.233","18.41","0","3.22686076628748","0.560486947515406","18.00089856",
"7/6/1990","-40","-6.08845996856689","587","31.76","19.275","0.0205993728","3.41434219325157","0.59799936649282","16.338321",
"7/7/1990","-40","-6.08845996856689","587","31.886","19.581","1.7612474544","4.06769943855639","0.647506639227627","16.97135472",
"7/8/1990","-40","-6.08845996856689","587","28.623","19.05","0.37078812","3.56948085746153","0.657471134334827","14.9356656",
"7/9/1990","-40","-6.08845996856689","587","29.914","18.62","0.8874895464","4.35548683113078","0.676253907808853","16.86515256",
"7/10/1990","-40","-6.08845996856689","587","30.238","17.853","0.34332264","3.75322410305949","0.64163286247836","20.6022348",
"7/11/1990","-40","-6.08845996856689","587","29.651","18.45","0","4.03378743761458","0.567503652172487","19.09935036",
"7/12/1990","-40","-6.08845996856689","587","32.216","19.752","0.9836196624","3.56991264503326","0.523840097567927","22.93137792",
"7/13/1990","-40","-6.08845996856689","587","32.341","17.546","0","3.93999391803256","0.472932881613975","23.37485292",
"7/14/1990","-40","-6.08845996856689","587","29.07","20.484","0.0343322784","3.81376309139972","0.553904191825159","12.99516174",
"7/15/1990","-40","-6.08845996856689","587","30.903","18.085","0.6368638392","4.06032640296468","0.554923394768712","20.71665252",
"7/16/1990","-40","-6.08845996856689","587","31.723","17.339","1.04026788","3.52495230974597","0.51004820802003","23.65189308",
"7/17/1990","-40","-6.08845996856689","587","31.876","18.589","0.3484728","3.79376986994005","0.576838653251452","23.0322339",
"7/18/1990","-40","-6.08845996856689","587","25.457","19.653","3.8486493864","2.62224394469837","0.7970785349338","7.803504288",
"7/19/1990","-40","-6.08845996856689","587","32.685","19.399","1.6805648664","3.60445598564144","0.560544694193629","21.78292158",
"7/20/1990","-40","-6.08845996856689","587","32.077","18.703","0.0738144","3.64939079559284","0.554868474322888","23.17854312",
"7/21/1990","-40","-6.08845996856689","587","32.237","19.69","0.082397556","3.81692284575591","0.517962345439752","23.2445844",
"7/22/1990","-40","-6.08845996856689","587","32.864","19.956","0.377655084","4.04692473588482","0.531692854713368","23.38419168",
"7/23/1990","-40","-6.08845996856689","587","31.553","19.45","4.8786196464","4.92512294455502","0.58508926032862","21.44070252",
"7/24/1990","-40","-6.08845996856689","587","31.335","18.384","0.030899052","4.13927997115525","0.421363388415114","24.07415688",
"7/25/1990","-40","-6.08845996856689","587","31.435","18.487","0","4.2792608447058","0.509180645251735","13.36544496",
"7/26/1990","-40","-6.08845996856689","587","31.418","18.185","1.02996846","4.56153532192105","0.547816839018229","19.2955536",
"7/27/1990","-40","-6.08845996856689","587","31.551","18.006","0.3913880256","4.97484671805529","0.47920933454638","23.92616412",
"7/28/1990","-40","-6.08845996856689","587","32.817","17.993","2.48565888","3.98815613008671","0.491636745834536","23.2824942",
"7/29/1990","-40","-6.08845996856689","587","32.343","19.805","0.16136172","5.29414118820722","0.499389179746996","19.55536668",
"7/30/1990","-40","-6.08845996856689","587","31.346","19.601","7.25269104","3.97807573248482","0.587565710094752","20.83043826",
"7/31/1990","-40","-6.08845996856689","587","32.266","17.93","0","4.17805041647385","0.453936819884346","20.73099456",
"8/1/1990","-40","-6.08845996856689","587","32.558","17.998","0","4.57188443991279","0.418351672173627","24.40828116",
"8/2/1990","-40","-6.08845996856689","587","31.412","18.369","0.034332264","4.87780914231929","0.52617582303429","23.93229348",
"8/3/1990","-40","-6.08845996856689","587","32.015","19.319","5.71288716","4.36487862380485","0.576560890525742","23.61763224",
"8/4/1990","-40","-6.08845996856689","587","32.231","19.074","0.266075136","4.86340913601707","0.455190947458765","24.68284056",
"8/5/1990","-40","-6.08845996856689","587","32.557","18.293","0","5.10381514798425","0.46413625575366","24.6188286",
"8/6/1990","-40","-6.08845996856689","587","31.682","18.404","0","5.38199618988558","0.482725619068248","19.71866232",
"8/7/1990","-40","-6.08845996856689","587","31.128","17.213","0","6.01891031700698","0.442367614367077","24.5388996",
"8/8/1990","-40","-6.08845996856689","587","31.681","17.05","0.041198724","5.09226285234267","0.482008635434739","24.93719748",
"8/9/1990","-40","-6.08845996856689","587","32.213","18.837","1.647950184","5.07801348418088","0.549161043041899","24.65522136",
"8/10/1990","-40","-6.08845996856689","587","24.241","18.468","7.467273792","3.96960766267279","0.773893500925203","4.901791788",
"8/11/1990","-40","-6.08845996856689","587","33.577","17.696","0.01373292","4.30246767203336","0.481789790817837","24.65802792",
"8/12/1990","-40","-6.08845996856689","587","33.17","19.857","0.24719256","5.17230467735695","0.431256674555421","25.09734852",
"8/13/1990","-40","-6.08845996856689","587","31.819","18.917","0.06179814","5.22385721705916","0.477603573051263","25.09081956",
"8/14/1990","-40","-6.08845996856689","587","29.938","19.652","4.428863352","4.66432047616274","0.60653443157765","20.3396598",
"8/15/1990","-40","-6.08845996856689","587","31.616","18.173","0.0823974552","5.08916206521206","0.550481322424686","22.13145396",
"8/16/1990","-40","-6.08845996856689","587","32.255","18.556","0","4.79023829744133","0.473078225348406","25.46719308",
"8/17/1990","-40","-6.08845996856689","587","33.825","19.466","0","4.88832118039933","0.478227933228447","25.33212612",
"8/18/1990","-40","-6.08845996856689","587","33.873","19.718","0","5.00993867964559","0.465061125285312","25.62839946",
"8/19/1990","-40","-6.08845996856689","587","33.233","20.972","0","4.68938761652489","0.415369876632331","25.76211354",
"8/20/1990","-40","-6.08845996856689","587","33.626","19.005","0","4.22495701592144","0.423303331669952","25.85008134",
"8/21/1990","-40","-6.08845996856689","587","34.2","18.856","0","3.63528892536109","0.382120591339339","25.8634053",
"8/22/1990","-40","-6.08845996856689","587","33.95","19.766","0","4.2089568648328","0.414630646862135","26.07305166",
"8/23/1990","-40","-6.08845996856689","587","33.765","20.248","0","4.38546841376425","0.419447983039124","25.81891866",
"8/24/1990","-40","-6.08845996856689","587","33.184","19.659","0","5.81812387685046","0.450593376212599","25.05593898",
"8/25/1990","-40","-6.08845996856689","587","33.4","20.396","0.01373292","6.3519869231041","0.44391629221568","25.0500438",
"8/26/1990","-40","-6.08845996856689","587","32.498","19.755","0.01373292","5.48365412851879","0.441540924184968","26.10326682",
"8/27/1990","-40","-6.08845996856689","587","33.249","20.38","0.137329272","5.08460711297881","0.476182553446762","26.27257104",
"8/28/1990","-40","-6.08845996856689","587","32.782","19.754","0","5.39806753505386","0.503816158945966","26.1889254",
"8/29/1990","-40","-6.08845996856689","587","34.311","19.046","0","4.30803424678566","0.487957978890527","26.21114676",
"8/30/1990","-40","-6.08845996856689","587","33.208","21.624","0.144195516","4.7136810043199","0.461813198254592","25.91134056",
"8/31/1990","-40","-6.08845996856689","587","33.107","20.9","0.25062588","3.92535575272375","0.428802940249034","26.42826798",
"9/1/1990","-40","-6.08845996856689","587","32.029","20.148","1.42307316","2.74972311806466","0.51507226132686","20.51955009",
"9/2/1990","-40","-6.08845996856689","587","30.364","18.647","0","3.65500657795892","0.504076325983926","19.01373444",
"9/3/1990","-40","-6.08845996856689","587","34.207","19.08","0","4.73402887163236","0.402184819505891","27.00765306",
"9/4/1990","-40","-6.08845996856689","587","34.085","21.278","0","4.55534926425162","0.403622261561917","26.01585072",
"9/5/1990","-40","-6.08845996856689","587","33.016","21.771","0.2574923904","4.10256404928826","0.401978675136663","26.271678528",
"9/6/1990","-40","-6.08845996856689","587","33.35","20.773","0.0102996792","3.98256843647718","0.366675708637565","26.77646898",
"9/7/1990","-40","-6.08845996856689","587","33.993","19.44","0","4.11008021049361","0.409833609825756","27.15963678",
"9/8/1990","-40","-6.08845996856689","587","31.976","21.778","0.2540588904","4.80278532335807","0.479479827544918","23.116669488",
"9/9/1990","-40","-6.08845996856689","587","33.853","21.04","0","4.45500384329764","0.471326809241985","25.14430674",
"9/10/1990","-40","-6.08845996856689","587","32.834","20.088","0","4.18496034001466","0.499029323248807","22.16447298",
"9/11/1990","-40","-6.08845996856689","587","35.099","20.935","0.27294156","4.63164335439962","0.480773957005839","21.89705688",
"9/12/1990","-40","-6.08845996856689","587","33.593","21.875","0.0514984176","5.49106784240352","0.43350229704009","26.96360796",
"9/13/1990","-40","-6.08845996856689","587","33.254","20.46","0","4.45781953294368","0.434427351259606","27.20941614",
"9/14/1990","-40","-6.08845996856689","587","33.613","20.147","0","3.86857820065914","0.423697791461353","27.31010526",
"9/15/1990","-40","-6.08845996856689","587","34.085","20.221","0","3.81266949168088","0.42078509510022","27.325630008",
"9/16/1990","-40","-6.08845996856689","587","34.879","20.151","1.32865902","4.23086566228864","0.395352361813332","27.286934472",
"9/17/1990","-40","-6.08845996856689","587","33.706","19.006","0","3.73461724664253","0.334949229434612","28.156276008",
"9/18/1990","-40","-6.08845996856689","587","33.465","20.765","2.0376233064","3.30648175844841","0.482684001454522","14.479707348",
"9/19/1990","-40","-6.08845996856689","587","34.325","22.561","0","4.470022709313","0.388194906874146","27.480045168",
"9/20/1990","-40","-6.08845996856689","587","34.499","21.717","0","5.06334094314269","0.413955871130453","27.71482464",
"9/21/1990","-40","-6.08845996856689","587","33.44","20.897","0","5.74196275027125","0.518611579062015","27.22196232",
"9/22/1990","-40","-6.08845996856689","587","33.78","21.065","0","5.45101695231304","0.491108006817757","23.602783392",
"9/23/1990","-40","-6.08845996856689","587","35.045","22.053","1.294326792","4.72487342536547","0.4766467881024","21.61755045",
"9/24/1990","-40","-6.08845996856689","587","31.674","21.108","0.478935504","2.73141541361736","0.542261469523898","15.69690378",
"9/25/1990","-40","-6.08845996856689","587","32.361","20.168","0.101280276","3.01334242509452","0.522156619795734","18.4019103",
"9/26/1990","-40","-6.08845996856689","587","29.651","22.782","0","2.88571478111991","0.511530928167481","11.7347049",
"9/27/1990","-40","-6.08845996856689","587","30.822","21.259","1.1209488192","4.22717874429938","0.615427293916525","14.340195468",
"9/28/1990","-40","-6.08845996856689","587","22.903","20.081","26.808364332","4.21372909440796","0.809590426971368","3.84226731",
"9/29/1990","-40","-6.08845996856689","587","30.264","18.43","0.087547284","5.02997810950842","0.596503342429447","21.932560368",
"9/30/1990","-40","-6.08845996856689","587","32.525","20.923","1.9895558472","4.44118536585185","0.522222371559181","24.1018875",
"10/1/1990","-40","-6.08845996856689","587","33.455","20.862","0","5.42723204991155","0.447524404074523","28.045001592",
"10/2/1990","-40","-6.08845996856689","587","32.922","20.573","0.0034332264","6.03820033478318","0.463590960442571","25.31323152",
"10/3/1990","-40","-6.08845996856689","587","33.844","20.849","0.23517612","4.62450822024576","0.41024894880939","23.97616902",
"10/4/1990","-40","-6.08845996856689","587","34.821","21.346","1.170731124","4.92371592781223","0.449946770881137","27.359835768",
"10/5/1990","-40","-6.08845996856689","587","35.288","21.068","0.88233984","5.54017524684291","0.414950997287445","26.05155426",
"10/6/1990","-40","-6.08845996856689","587","35.027","21.084","0.0102996792","5.33523820417623","0.417341270747747","24.90891426",
"10/7/1990","-40","-6.08845996856689","587","34.671","22.163","0","5.78213179671825","0.471161030370482","23.0108589",
"10/8/1990","-40","-6.08845996856689","587","33.884","22.146","0","5.36299412558834","0.477268818854055","22.93183044",
"10/9/1990","-40","-6.08845996856689","587","35.623","22.131","0","5.55622727058285","0.423413388212816","27.66426822",
"10/10/1990","-40","-6.08845996856689","587","35.634","21.729","0","5.42014904650376","0.39387298598265","28.23423192",
"10/11/1990","-40","-6.08845996856689","587","35.201","21.631","0","5.85213767971911","0.425095577269425","27.51086358",
"10/12/1990","-40","-6.08845996856689","587","35.091","21.668","0","5.27639359089","0.417299889827878","28.22439222",
"10/13/1990","-40","-6.08845996856689","587","35.077","21.445","0","4.57654213448997","0.455391357221348","27.16493058",
"10/14/1990","-40","-6.08845996856689","587","32.76","22.45","0","4.68806296888039","0.485509468465917","19.06869348",
"10/15/1990","-40","-6.08845996856689","587","35.106","21.923","0","4.84962986781143","0.431290221752742","26.7495561",
"10/16/1990","-40","-6.08845996856689","587","34.687","21.852","0","4.31189834543675","0.447285767648519","24.9330321",
"10/17/1990","-40","-6.08845996856689","587","27.094","22.621","1.2994768368","3.96553410243138","0.597807977222297","4.92007644",
"10/18/1990","-40","-6.08845996856689","587","29.628","20.55","0.2883910464","2.99591831994961","0.600144266080639","14.58186282",
"10/19/1990","-40","-6.08845996856689","587","33.199","20.43","0.0068664528","3.04409303691594","0.509972426010087","19.04871834",
"10/20/1990","-40","-6.08845996856689","587","31.479","21.616","1.998137772","3.3620392236526","0.545087868606603","19.67647374",
"10/21/1990","-40","-6.08845996856689","587","31.876","20.814","0.3707884656","4.64268772511009","0.554659813373047","21.97608804",
"10/22/1990","-40","-6.08845996856689","587","35.757","21.281","0","5.48785909751669","0.463177338331646","28.19951262",
"10/23/1990","-40","-6.08845996856689","587","35.289","20.574","0","4.87932025660488","0.439059507505389","27.74424942",
"10/24/1990","-40","-6.08845996856689","587","36.129","20.857","0.01373292","4.96752767205016","0.425422184695174","27.37299168",
"10/25/1990","-40","-6.08845996856689","587","35.911","21.899","0.037765512","5.30463815757361","0.417289755122964","28.32516",
"10/26/1990","-40","-6.08845996856689","587","36.177","21.943","0","5.46933272162504","0.451376001868652","24.88017276",
"10/27/1990","-40","-6.08845996856689","587","35.677","21.658","0","5.66730993814875","0.452436469626479","27.98908722",
"10/28/1990","-40","-6.08845996856689","587","35.144","21.297","0","4.38001697689596","0.427696580314179","27.35859942",
"10/29/1990","-40","-6.08845996856689","587","35.67","22.409","0","5.25271333356761","0.396989940910363","25.19023194",
"10/30/1990","-40","-6.08845996856689","587","34.929","22.623","0","5.3151362247895","0.482603447384892","26.77550148",
"10/31/1990","-40","-6.08845996856689","587","35.858","22.252","0","5.61765024801532","0.465050906658329","27.52927002",
"11/1/1990","-40","-6.08845996856689","587","36.13","21.12","0","5.24665293120929","0.425392592296211","28.4233464",
"11/2/1990","-40","-6.08845996856689","587","35.734","21.535","0","5.96599330230518","0.467335758618247","27.10794888",
"11/3/1990","-40","-6.08845996856689","587","35.592","21.583","0","5.80554257112388","0.438205424025804","27.0477162",
"11/4/1990","-40","-6.08845996856689","587","36.352","21.544","0.446319432","5.13366300999787","0.425130705920896","24.6103857",
"11/5/1990","-40","-6.08845996856689","587","35.781","22.804","3.132821916","4.78223593770254","0.487116372275805","23.13804294",
"11/6/1990","-40","-6.08845996856689","587","34.862","22.063","0","5.51742268001282","0.442427789532432","27.53825652",
"11/7/1990","-40","-6.08845996856689","587","34.456","21.591","0","6.24124597950914","0.434986863918444","27.53370828",
"11/8/1990","-40","-6.08845996856689","587","34.744","21.644","0","5.40571091717863","0.40181662620395","27.79394382",
"11/9/1990","-40","-6.08845996856689","587","36.356","22.394","0","5.26740477462319","0.400716093661942","26.9668683",
"11/10/1990","-40","-6.08845996856689","587","36.443","22.758","0","5.28426669860648","0.44952467652221","26.89402968",
"11/11/1990","-40","-6.08845996856689","587","35.925","21.808","0","5.35030844146005","0.42049851343388","28.21038588",
"11/12/1990","-40","-6.08845996856689","587","33.059","21.057","0","4.74432508437288","0.453172059716924","20.03005008",
"11/13/1990","-40","-6.08845996856689","587","33.357","21.598","0","5.2013966178444","0.407511451808002","28.4727933",
"11/14/1990","-40","-6.08845996856689","587","35.002","21.35","0","4.95851706358835","0.384451930373295","28.42763652",
"11/15/1990","-40","-6.08845996856689","587","35.54","22.714","0.3175735104","4.77025517274718","0.388881139695717","24.76319958",
"11/16/1990","-40","-6.08845996856689","587","35.432","21.892","0.31585716","5.18316637950121","0.435112560646999","25.31312226",
"11/17/1990","-40","-6.08845996856689","587","33.513","22.734","0","5.1410371549497","0.457999051918988","23.4599562",
"11/18/1990","-40","-6.08845996856689","587","35.606","21.444","0.00686646","4.85744240420906","0.431911273055057","27.8061867",
"11/19/1990","-40","-6.08845996856689","587","35.966","22.669","0.19741068","5.21757037028274","0.376036291011486","28.34036172",
"11/20/1990","-40","-6.08845996856689","587","35.212","23.135","0.7141113864","2.6221037062109","0.444860519320535","21.10494312",
"11/21/1990","-40","-6.08845996856689","587","32.474","23.39","2.2058491464","3.3142512741982","0.498636562301476","18.53516304",
"11/22/1990","-40","-6.08845996856689","587","35.41","23.008","0.1321792704","5.17273696187915","0.440887940970897","13.12475058",
"11/23/1990","-40","-6.08845996856689","587","34.65","22.609","0.0137329128","5.8321902991827","0.44939372912418","26.51434218",
"11/24/1990","-40","-6.08845996856689","587","34.869","21.429","0","5.68922803722554","0.434283158485589","27.99540072",
"11/25/1990","-40","-6.08845996856689","587","35.883","22.362","0","4.52245785112302","0.402915315890057","27.9827415",
"11/26/1990","-40","-6.08845996856689","587","35.696","22.599","0","5.58121140269278","0.455523482041675","27.7408692",
"11/27/1990","-40","-6.08845996856689","587","35.762","22.095","0","4.93212076951371","0.453614718371476","21.71475108",
"11/28/1990","-40","-6.08845996856689","587","35.839","21.649","0","5.34566156221458","0.441089565691391","27.96586902",
"11/29/1990","-40","-6.08845996856689","587","35.767","21.492","0","5.57273251117558","0.481296095813378","27.460404",
"11/30/1990","-40","-6.08845996856689","587","34.872","22.057","0","5.29539564411222","0.423880728925952","28.1255022",
"12/1/1990","-40","-6.08845996856689","587","35.655","21.577","0","4.82319764444653","0.40323942531365","26.09375706",
"12/2/1990","-40","-6.08845996856689","587","35.776","21.743","0","4.73664782213771","0.426944588309227","27.97205688",
"12/3/1990","-40","-6.08845996856689","587","36.002","22.201","0","5.36566581220524","0.435661447445745","23.9745393",
"12/4/1990","-40","-6.08845996856689","587","35.611","23.55","0.00686646","5.11214340140648","0.420963677245054","26.61592752",
"12/5/1990","-40","-6.08845996856689","587","33.403","22.424","1.050567804","3.65378237291203","0.483827404077972","21.29264784",
"12/6/1990","-40","-6.08845996856689","587","33.121","22.242","7.3230768","4.08961875733522","0.55398294798187","17.95848678",
"12/7/1990","-40","-6.08845996856689","587","33.629","22.306","0","5.04374099297146","0.453148048071244","22.63168566",
"12/8/1990","-40","-6.08845996856689","587","32.029","21.524","0","4.17197870751843","0.509280813765083","17.07120252",
"12/9/1990","-40","-6.08845996856689","587","32.547","22.493","0","4.74918457498873","0.522321017413458","18.90484218",
"12/10/1990","-40","-6.08845996856689","587","32.17","21.642","0","5.30482917228759","0.50843274449757","19.08905742",
"12/11/1990","-40","-6.08845996856689","587","34.043","21.265","0.0171661392","5.28994065059287","0.432503195487701","27.91344258",
"12/12/1990","-40","-6.08845996856689","587","35.013","20.848","0","4.72148808496688","0.397203342104418","28.40017482",
"12/13/1990","-40","-6.08845996856689","587","35.163","21.443","0","4.00330568100447","0.392693354532","27.8891406",
"12/14/1990","-40","-6.08845996856689","587","33.072","22.145","0","3.31913098075036","0.409219981574409","16.98384636",
"12/15/1990","-40","-6.08845996856689","587","34.823","22.366","1.78871436","3.95235867542621","0.434004153033353","22.8304098",
"12/16/1990","-40","-6.08845996856689","587","34.759","20.429","0","4.48052551235803","0.396054132570111","28.1716875",
"12/17/1990","-40","-6.08845996856689","587","34.068","21.574","0","5.13576288259948","0.444798317370621","28.0803357",
"12/18/1990","-40","-6.08845996856689","587","34.446","21.889","0.92010492","4.86163054204458","0.504292996491981","24.2389656",
"12/19/1990","-40","-6.08845996856689","587","34.57","22.878","0.0686646","4.50799201673342","0.42513774062374","26.09093934",
"12/20/1990","-40","-6.08845996856689","587","34.078","23.273","0","4.24493288609998","0.411807814317991","26.32708458",
"12/21/1990","-40","-6.08845996856689","587","33.909","22.985","0.0034332264","2.92520673222485","0.425101362421939","22.19282208",
"12/22/1990","-40","-6.08845996856689","587","32.403","23.14","0.051498432","3.99656758035188","0.51012696610601","16.12608588",
"12/23/1990","-40","-6.08845996856689","587","35.266","21.888","2.715680952","4.183854575915","0.468076838953845","24.73812396",
"12/24/1990","-40","-6.08845996856689","587","35.791","21.552","0","4.70950749594943","0.418771080670232","28.29312162",
"12/25/1990","-40","-6.08845996856689","587","35.408","21.958","0.2746583784","4.05988110538498","0.4076748747679","21.58515018",
"12/26/1990","-40","-6.08845996856689","587","37.034","23.154","0.717544584","3.35749498180647","0.453951908873161","18.15198678",
"12/27/1990","-40","-6.08845996856689","587","35.643","21.874","7.1617194","4.27461368908692","0.4911497459624","26.31673008",
"12/28/1990","-40","-6.08845996856689","587","35.811","21.576","0","4.15949824796818","0.415249153789539","28.00114038",
"12/29/1990","-40","-6.08845996856689","587","33.679","20.546","0","3.82945801610664","0.495230146571353","25.03772802",
"12/30/1990","-40","-6.08845996856689","587","34.207","20.913","0.23860944","2.96887682350455","0.528624612880257","20.38871574",
"12/31/1990","-40","-6.08845996856689","587","35.441","22.265","0.50640084","5.08602710890145","0.423909201135979","28.1205531",
"1/1/1991","-40","-6.08845996856689","587","35.134","21.12","0","4.73036515818341","0.439838488704157","28.34628912",
"1/2/1991","-40","-6.08845996856689","587","35.442","21.791","0","4.97964924199443","0.465529489629457","28.29976632",
"1/3/1991","-40","-6.08845996856689","587","35.887","21.871","0.102996828","5.02295463909696","0.457232983447603","26.54791398",
"1/4/1991","-40","-6.08845996856689","587","35.867","21.794","0","4.92345821061119","0.437677885877342","28.33644528",
"1/5/1991","-40","-6.08845996856689","587","35.509","22.73","0.0102996792","4.56925260875734","0.438540084696095","25.21614132",
"1/6/1991","-40","-6.08845996856689","587","35.883","20.936","0","4.59922332403921","0.436553534830103","28.4666643",
"1/7/1991","-40","-6.08845996856689","587","35.568","21.484","0","5.24847606910134","0.523422962073286","22.97508894",
"1/8/1991","-40","-6.08845996856689","587","35.266","21.108","0","5.26549022414385","0.47018201719165","25.4957634",
"1/9/1991","-40","-6.08845996856689","587","35.798","22.93","0","5.24455690901687","0.395895294911948","28.27012932",
"1/10/1991","-40","-6.08845996856689","587","34.411","21.992","0.054931644","4.40192731442636","0.467094826056577","20.94502734",
"1/11/1991","-40","-6.08845996856689","587","35.983","21.514","0.034332264","5.16877164263171","0.500857980133974","24.08349564",
"1/12/1991","-40","-6.08845996856689","587","35.436","20.855","0","5.69866393037045","0.437448894839617","26.57772972",
"1/13/1991","-40","-6.08845996856689","587","36.116","20.647","0.0068664528","5.64432364511294","0.456331269078917","28.1586357",
"1/14/1991","-40","-6.08845996856689","587","35.346","21.566","0","5.14035842279957","0.481160586124627","27.379692",
"1/15/1991","-40","-6.08845996856689","587","36.198","19.22","0","3.67143374019706","0.479307984043172","28.53691578",
"1/16/1991","-40","-6.08845996856689","587","36.022","20.391","0","3.53485325766561","0.513225062098693","27.89302122",
"1/17/1991","-40","-6.08845996856689","587","34.65","21.541","5.4863004744","3.38608783630627","0.644584285861384","19.072629",
"1/18/1991","-40","-6.08845996856689","587","33.971","21.052","4.646871","4.16306248463731","0.673205883380131","16.95430656",
"1/19/1991","-40","-6.08845996856689","587","31.871","20.435","0.91323882","4.08890236474089","0.610708257239055","23.10783156",
"1/20/1991","-40","-6.08845996856689","587","32.051","21.81","1.3286593008","3.11642035605309","0.594305171279542","11.59503732",
"1/21/1991","-40","-6.08845996856689","587","24.565","20.476","4.84085412","2.04345446011427","0.819932134768041","3.8248326",
"1/22/1991","-40","-6.08845996856689","587","33.056","19.254","0.0343322784","3.25408477574206","0.565623912353108","20.74618386",
"1/23/1991","-40","-6.08845996856689","587","32.089","20.388","0.9321212448","3.24958468104761","0.609086086765797","20.00075706",
"1/24/1991","-40","-6.08845996856689","587","34.946","20.368","0.46176894","4.16529048666445","0.571524783107316","28.40067504",
"1/25/1991","-40","-6.08845996856689","587","34.171","20.994","3.5671232664","4.85316785866668","0.578339806870622","28.13934987",
"1/26/1991","-40","-6.08845996856689","587","34.184","20.771","0","5.28443870562536","0.523680631884784","29.06797185",
"1/27/1991","-40","-6.08845996856689","587","34.72","20.403","0","5.05254667433814","0.53614972797149","27.72483588",
"1/28/1991","-40","-6.08845996856689","587","35.073","21.098","0","4.85496260225729","0.496157039614281","28.91166516",
"1/29/1991","-40","-6.08845996856689","587","35.737","22.654","0","4.16107535725614","0.454464239895462","22.52036178",
"1/30/1991","-40","-6.08845996856689","587","35.027","21.299","0","4.37663016522732","0.52798468728479","28.34353458",
"1/31/1991","-40","-6.08845996856689","587","31.6","21.184","1.484870616","3.8342969528697","0.637953634966994","16.50318498",
"2/1/1991","-40","-6.08845996856689","587","34.829","21.008","0.923538312","4.46380708639855","0.563084875303608","23.06740023",
"2/2/1991","-40","-6.08845996856689","587","33.328","20.213","0.405120672","3.78737700986033","0.593611103829821","18.93037554",
"2/3/1991","-40","-6.08845996856689","587","31.922","20.679","1.603317492","3.56412867758557","0.632120963443123","21.28060476",
"2/4/1991","-40","-6.08845996856689","587","29.167","20.705","7.048415304","2.52367212436621","0.7665777908468","20.8414116",
"2/5/1991","-40","-6.08845996856689","587","29.236","20.666","4.7515848624","3.18188220205198","0.76269891212331","12.09375369",
"2/6/1991","-40","-6.08845996856689","587","33.618","19.754","5.448529692","3.34342364540862","0.719528998219171","20.20888242",
"2/7/1991","-40","-6.08845996856689","587","32.928","20.741","5.55839676","4.1790720148818","0.650665596247554","23.09939964",
"2/8/1991","-40","-6.08845996856689","587","33.865","20.861","1.05743448","4.21835104625399","0.558128878248116","22.02052392",
"2/9/1991","-40","-6.08845996856689","587","33.344","20.167","0","4.34656876311222","0.508437660626346","26.3573937",
"2/10/1991","-40","-6.08845996856689","587","35.823","19.984","0","3.81171515308001","0.483957313471752","29.5250139",
"2/11/1991","-40","-6.08845996856689","587","36.521","19.552","0","3.80727119519804","0.502752675345922","28.20700917",
"2/12/1991","-40","-6.08845996856689","587","34.797","20.211","0.41542056","2.85735601295829","0.519123632045987","21.77004474",
"2/13/1991","-40","-6.08845996856689","587","31.738","18.729","0.5733491904","2.71149600712757","0.635535690258679","18.65615886",
"2/14/1991","-40","-6.08845996856689","587","36.027","18.613","0","4.08249147852031","0.554668829165617","27.52166043",
"2/15/1991","-40","-6.08845996856689","587","34.874","19.361","0.0274658184","2.83440783379575","0.599746497452431","17.13386106",
"2/16/1991","-40","-6.08845996856689","587","33.695","21.002","0.0583648632","3.66444682499906","0.622463917888334","19.9086759",
"2/17/1991","-40","-6.08845996856689","587","33.714","20.534","2.219580864","3.02084340451183","0.672515593417708","19.720743012",
"2/18/1991","-40","-6.08845996856689","587","30.274","20.453","7.515332532","2.59419015780319","0.818442645458514","14.82536502",
"2/19/1991","-40","-6.08845996856689","587","33.22","19.288","0.611114184","2.78276237401788","0.777100940209301","9.387727668",
"2/20/1991","-40","-6.08845996856689","587","33.581","19.6","0","4.50499920397471","0.603660442608078","26.35537572",
"2/21/1991","-40","-6.08845996856689","587","34.947","19.878","0","4.51937839353757","0.461002331438862","29.35755",
"2/22/1991","-40","-6.08845996856689","587","33.669","20.103","0","3.91702503321854","0.511267845171082","23.66437356",
"2/23/1991","-40","-6.08845996856689","587","33.994","22.345","0.1338957576","3.38748888184032","0.541759666814428","18.457534368",
"2/24/1991","-40","-6.08845996856689","587","36.13","20.977","0.075530988","4.90133038891149","0.488568816377407","26.90965944",
"2/25/1991","-40","-6.08845996856689","587","34.808","21.379","0.17852796","5.36766366944853","0.586151712020101","24.06706704",
"2/26/1991","-40","-6.08845996856689","587","34.38","20.678","0.068664564","4.57530265932119","0.577619397243864","24.6108924",
"2/27/1991","-40","-6.08845996856689","587","35.139","20.707","0.98876988","4.59693039725858","0.575298348096569","22.41264384",
"2/28/1991","-40","-6.08845996856689","587","34.603","21.139","0.24032592","4.86602386577309","0.511220809252364","26.14314708",
"3/1/1991","-40","-6.08845996856689","587","33.641","20.779","4.18510548","4.63538049191939","0.579313251472241","26.07081282",
"3/2/1991","-40","-6.08845996856689","587","33.996","21.488","0","4.30002412472243","0.491896448532456","22.2083478",
"3/3/1991","-40","-6.08845996856689","587","30.952","21.135","0.242042688","4.8884567810591","0.582797673147558","22.14354132",
"3/4/1991","-40","-6.08845996856689","587","34.617","19.741","3.8855582064","4.62621159496222","0.587964961676841","28.25156088",
"3/5/1991","-40","-6.08845996856689","587","35.156","19.386","0.64716336","5.01722425199404","0.537316917220619","27.34098849",
"3/6/1991","-40","-6.08845996856689","587","35.313","20.942","0","4.78436978226375","0.489855738762189","28.81389285",
"3/7/1991","-40","-6.08845996856689","587","36.418","20.881","0","4.58498572547434","0.436218594504648","28.06182837",
"3/8/1991","-40","-6.08845996856689","587","36.377","22.011","0","5.33183644573611","0.435433363500882","27.81917622",
"3/9/1991","-40","-6.08845996856689","587","30.827","20.473","0.2180100528","4.335001332051","0.590006173809199","17.29586331",
"3/10/1991","-40","-6.08845996856689","587","33.519","21.191","0.3175736328","4.19001564666688","0.579858283623244","24.5978433",
"3/11/1991","-40","-6.08845996856689","587","33.273","21.387","2.396392884","3.88373543023245","0.626958854890258","22.86506322",
"3/12/1991","-40","-6.08845996856689","587","33.85","20.77","0.19397736","3.82410495964066","0.598639019024814","20.56297752",
"3/13/1991","-40","-6.08845996856689","587","32.323","21.711","2.281380084","3.84240844198259","0.723896385396629","17.74451142",
"3/14/1991","-40","-6.08845996856689","587","32.939","20.748","0.4566187944","3.99817073754412","0.680018654819128","21.80323008",
"3/15/1991","-40","-6.08845996856689","587","35.028","20.135","0.082397448","4.47468195737686","0.614192588953795","25.74584946",
"3/16/1991","-40","-6.08845996856689","587","34.948","20.005","0.123596244","4.04377200661696","0.63118080785002","21.98924982",
"3/17/1991","-40","-6.08845996856689","587","32.126","20.307","3.498461244","3.65393325400902","0.723310842215675","13.56885558",
"3/18/1991","-40","-6.08845996856689","587","28.808","20.201","2.6006698584","2.59011172365309","0.836436760220827","13.6841076",
"3/19/1991","-40","-6.08845996856689","587","32.155","20.388","2.0273184","3.85561186899376","0.665846537627027","22.85842842",
"3/20/1991","-40","-6.08845996856689","587","32.439","20.476","0","3.84002098199399","0.577418998506382","27.40955418",
"3/21/1991","-40","-6.08845996856689","587","33.92","19.08","0","3.28169876808236","0.517239683572696","27.88363098",
"3/22/1991","-40","-6.08845996856689","587","33.569","18.217","0.6883625232","2.78413615844213","0.664704943333763","23.28119802",
"3/23/1991","-40","-6.08845996856689","587","30.801","20.82","9.56497428","3.25867071537537","0.822769562504005","19.0328661",
"3/24/1991","-40","-6.08845996856689","587","31.378","20.26","1.0703084904","4.08245552401985","0.776678160698377","18.83412828",
"3/25/1991","-40","-6.08845996856689","587","33.948","19.979","0.048065184","3.58970553244996","0.60568490103653","21.7114884",
"3/26/1991","-40","-6.08845996856689","587","31.091","21.295","0","2.77857393888101","0.579205281038133","15.01728498",
"3/27/1991","-40","-6.08845996856689","587","30.626","20.14","3.3130641384","2.92616007560486","0.795498774188715","14.38942374",
"3/28/1991","-40","-6.08845996856689","587","27.441","20.902","7.2492639264","2.62307230466504","0.847513360755547","11.77402302",
"3/29/1991","-40","-6.08845996856689","587","21.716","19.31","31.606295616","2.30090224258709","0.949417423959655","1.379362608",
"3/30/1991","-40","-6.08845996856689","587","25.4","18.455","27.458941032","1.72470156540106","0.880390946805521","10.125561888",
"3/31/1991","-40","-6.08845996856689","587","28.984","18.839","30.097406808","2.07943850641765","0.866745850832531","17.216658252",
"4/1/1991","-40","-6.08845996856689","587","26.343","19.498","1.7646778224","2.49147727667752","0.891524306054717","11.36762244",
"4/2/1991","-40","-6.08845996856689","587","31.292","19.923","0.8033750064","3.37555701680595","0.790963814336092","24.750783108",
"4/3/1991","-40","-6.08845996856689","587","31.396","20.178","0.08926398","4.29403946945997","0.731847661933258","23.550579252",
"4/4/1991","-40","-6.08845996856689","587","31.84","19.848","1.059150564","4.12760983955389","0.690403040007706","25.96966776",
"4/5/1991","-40","-6.08845996856689","587","30.713","20.198","0.995635944","3.17070154770416","0.664308359433921","21.608321832",
"4/6/1991","-40","-6.08845996856689","587","32.857","18.79","0","3.26261009719718","0.615717724869323","26.8844058",
"4/7/1991","-40","-6.08845996856689","587","32.166","20.337","0","3.92473910713315","0.572927457884377","26.61356646",
"4/8/1991","-40","-6.08845996856689","587","33.588","20.04","0","3.56707338306862","0.583639782863448","25.85536452",
"4/9/1991","-40","-6.08845996856689","587","33.584","21.071","0.61798086","3.90985582533683","0.574235431345095","24.75928062",
"4/10/1991","-40","-6.08845996856689","587","33.572","19.783","0","3.32883957648238","0.574877023109896","24.59154006",
"4/11/1991","-40","-6.08845996856689","587","30.788","18.46","0","2.38734966748955","0.642564656665315","19.62467676",
"4/12/1991","-40","-6.08845996856689","587","32.796","19.501","0.0171661392","2.98283692249642","0.536020499078791","22.9503339",
"4/13/1991","-40","-6.08845996856689","587","31.066","17.779","0.0068664528","2.31692814270229","0.623779687018226","21.67065198",
"4/14/1991","-40","-6.08845996856689","587","32.175","19.426","1.74751272","3.17253215933902","0.668311113818772","20.32700652",
"4/15/1991","-40","-6.08845996856689","587","31.76","17.672","0.1167296184","2.91370675052581","0.640186504717061","22.10315112",
"4/16/1991","-40","-6.08845996856689","587","32.385","19.379","1.1672971992","3.39604785680075","0.695218049033611","17.20547406",
"4/17/1991","-40","-6.08845996856689","587","30.319","20.347","1.057434804","3.83966836183708","0.768328533362267","20.01560688",
"4/18/1991","-40","-6.08845996856689","587","30.604","20.934","11.7725350104","3.69578837504788","0.752928750131128","16.57422864",
"4/19/1991","-40","-6.08845996856689","587","31.619","19.837","1.6960147488","3.97767273407755","0.70678803047214","18.99956592",
"4/20/1991","-40","-6.08845996856689","587","30.785","20.207","2.19383622","4.11599461117169","0.742243133019676","20.55919968",
"4/21/1991","-40","-6.08845996856689","587","32.16","19.436","0.84800754","3.89787817022945","0.66230466624487","21.94340796",
"4/22/1991","-40","-6.08845996856689","587","30.808","19.028","0.1270294272","4.04281448124112","0.655518274309377","18.43030764",
"4/23/1991","-40","-6.08845996856689","587","30.747","18.207","0","3.60726045879234","0.621206271841309","21.07423386",
"4/24/1991","-40","-6.08845996856689","587","32.047","20.832","0.748443204","3.3171104182895","0.690091064204008","18.4793067",
"4/25/1991","-40","-6.08845996856689","587","33.089","19.859","0.06866442","3.82645337866854","0.635082958203658","23.3477379",
"4/26/1991","-40","-6.08845996856689","587","33.354","20.635","2.32086132","3.6283962359014","0.620251573414613","21.99633714",
"4/27/1991","-40","-6.08845996856689","587","33.768","20.521","0.0034332264","3.89368884549621","0.571080957250694","25.06735548",
"4/28/1991","-40","-6.08845996856689","587","33.175","19.706","0.346755744","3.76241322974948","0.651370428618802","22.08195108",
"4/29/1991","-40","-6.08845996856689","587","32.466","19.871","0.453186","2.57586473446071","0.695007841854411","18.55197756",
"4/30/1991","-40","-6.08845996856689","587","23.187","19.003","4.6657542672","1.69078754059029","0.940522780560577","4.4282862",
"5/1/1991","-40","-6.08845996856689","587","29.11","17.997","2.1629321064","2.3850094009019","0.82655709048392","15.61730994",
"5/2/1991","-40","-6.08845996856689","587","27.911","20.325","3.410913996","2.52999547743134","0.862775902432111","16.67317482",
"5/3/1991","-40","-6.08845996856689","587","30.715","21.002","9.0259523784","3.65712403135123","0.800113630998846","18.06390342",
"5/4/1991","-40","-6.08845996856689","587","28.584","21.138","4.047774768","3.08202581007548","0.889744703367452","9.16194204",
"5/5/1991","-40","-6.08845996856689","587","28.703","20.555","1.211929344","3.5550700841339","0.798929718232976","16.70304168",
"5/6/1991","-40","-6.08845996856689","587","31.93","19.201","0","3.60448909893125","0.677584193987116","23.00602248",
"5/7/1991","-40","-6.08845996856689","587","31.103","21.185","0.480651552","3.30125732900946","0.701381685051829","19.33520418",
"5/8/1991","-40","-6.08845996856689","587","32.508","19.773","0.02059938","3.77633773778946","0.620643251063409","24.11797572",
"5/9/1991","-40","-6.08845996856689","587","32.057","20.224","0","4.16995484043734","0.642831883472532","23.954346",
"5/10/1991","-40","-6.08845996856689","587","31.657","19.219","0","3.52405686566963","0.625838381534574","24.18705288",
"5/11/1991","-40","-6.08845996856689","587","31.19","20.761","0.8342741304","3.33768276306593","0.651051975409023","17.25355692",
"5/12/1991","-40","-6.08845996856689","587","32.018","19.42","0.1064299464","4.40697825686002","0.621193447742186","22.33928862",
"5/13/1991","-40","-6.08845996856689","587","30.625","18.947","0.4737858984","4.51983636813961","0.668413854093355","16.70585238",
"5/14/1991","-40","-6.08845996856689","587","28.673","19.751","0.1613617344","4.74859338572948","0.679705887102753","15.03320598",
"5/15/1991","-40","-6.08845996856689","587","31.11","19.025","0.01373292","4.45494495120262","0.638510327068903","18.84133206",
"5/16/1991","-40","-6.08845996856689","587","31.261","19.176","0.0446319864","3.30830264200873","0.614624479201925","17.79665724",
"5/17/1991","-40","-6.08845996856689","587","32.007","20.15","0.1544953464","3.29067327527027","0.622467695052456","23.37328602",
"5/18/1991","-40","-6.08845996856689","587","30.414","19.13","1.6273498968","2.78399310339608","0.728810949108022","15.1853616",
"5/19/1991","-40","-6.08845996856689","587","28.972","20.141","6.869890548","3.2390742186182","0.787039659021036","10.65245922",
"5/20/1991","-40","-6.08845996856689","587","31.526","18.614","0.054931644","3.97751261488736","0.635623038210968","21.7859616",
"5/21/1991","-40","-6.08845996856689","587","31.684","19.309","0.26092548","3.51818453273912","0.652064439812225","22.49786268",
"5/22/1991","-40","-6.08845996856689","587","31.9","19.636","0.0102996792","3.34107743557836","0.656621571353179","23.08500396",
"5/23/1991","-40","-6.08845996856689","587","33.249","20.001","0","3.72364095180753","0.620962769666245","22.989429",
"5/24/1991","-40","-6.08845996856689","587","28.711","20.673","10.83869748","2.54523608011123","0.812327698465484","19.93342104",
"5/25/1991","-40","-6.08845996856689","587","31.423","20.636","0.205993584","4.01069825672212","0.66516766132772","22.61351304",
"5/26/1991","-40","-6.08845996856689","587","31.018","18.482","0","3.91145334389585","0.587420944989008","23.0966991",
"5/27/1991","-40","-6.08845996856689","587","31.242","17.709","0.2197264464","4.0368616498218","0.565014050856678","23.09354928",
"5/28/1991","-40","-6.08845996856689","587","31.645","18.182","0.0377655264","4.57239759489945","0.568726116912638","21.07799874",
"5/29/1991","-40","-6.08845996856689","587","31.603","18.373","0.168228","4.79646916173395","0.587780399220035","22.63404906",
"5/30/1991","-40","-6.08845996856689","587","29.972","19.581","0.9183884904","4.90502288029878","0.671371228190316","18.13078548",
"5/31/1991","-40","-6.08845996856689","587","31.792","19.224","0.1132963416","5.05453732456756","0.583804154023633","18.10688148",
"6/1/1991","-40","-6.08845996856689","587","31.202","18.824","0.1338959088","4.88967996056288","0.665206379921703","16.79984748",
"6/2/1991","-40","-6.08845996856689","587","30.997","19.055","0.2815245792","4.85793722239263","0.618747856170917","22.07385018",
"6/3/1991","-40","-6.08845996856689","587","27.908","17.716","0.51498432","4.97698377650001","0.683265196254969","18.84898062",
"6/4/1991","-40","-6.08845996856689","587","30.361","17.289","0.113296536","4.71932088836818","0.624760209083038","18.90073296",
"6/5/1991","-40","-6.08845996856689","587","31.174","17.702","0.387954792","4.19312365958428","0.618078244726132","21.28382046",
"6/6/1991","-40","-6.08845996856689","587","27.889","19.602","0.80680806","3.92982689278617","0.736740276191318","15.2951139",
"6/7/1991","-40","-6.08845996856689","587","30.787","19.786","0.185394024","4.81647405372378","0.674657226402253","19.84697352",
"6/8/1991","-40","-6.08845996856689","587","30.982","19.004","0.24719238","4.06035282593361","0.624354152803925","19.18929924",
"6/9/1991","-40","-6.08845996856689","587","31.417","19.294","1.404189864","3.41063600486577","0.606151692416355","22.21857882",
"6/10/1991","-40","-6.08845996856689","587","32.264","18.286","0","3.87624007049187","0.512307328601321","19.72754874",
"6/11/1991","-40","-6.08845996856689","587","30.209","19.88","0.202560336","5.31109277675165","0.624518011373363","22.21070256",
"6/12/1991","-40","-6.08845996856689","587","31.11","17.75","0","4.65372655215628","0.608327561155385","21.57575184",
"6/13/1991","-40","-6.08845996856689","587","31.421","17.62","0","4.02250470817541","0.565371112139819","21.08638296",
"6/14/1991","-40","-6.08845996856689","587","24.515","18.181","0.4875182568","3.05454471938903","0.700815042787298","3.42123786",
"6/15/1991","-40","-6.08845996856689","587","31.169","19.691","0.5252838264","3.84184109482753","0.61105090608043","20.19790998",
"6/16/1991","-40","-6.08845996856689","587","30.671","20.297","1.2084957","3.75660967700113","0.65880366541346","18.87727644",
"6/17/1991","-40","-6.08845996856689","587","31.485","19.291","1.18446354","4.01408040075176","0.600796238138756","22.40375688",
"6/18/1991","-40","-6.08845996856689","587","31.648","17.717","0","4.13050011771873","0.53517558572413","22.6073826",
"6/19/1991","-40","-6.08845996856689","587","32.333","18.324","0.113296572","4.08564606890863","0.511041878523622","22.97644164",
"6/20/1991","-40","-6.08845996856689","587","32.212","18.772","0.896072364","4.45527437916571","0.567817267878091","22.43188584",
"6/21/1991","-40","-6.08845996856689","587","30.816","20.513","0.068664528","5.03313134852703","0.552846540558096","19.18304604",
"6/22/1991","-40","-6.08845996856689","587","30.862","17.011","0.06179814","4.81260294511673","0.549614040650443","22.59607824",
"6/23/1991","-40","-6.08845996856689","587","32.083","16.457","0","3.93925412148364","0.456038990866656","22.96147104",
"6/24/1991","-40","-6.08845996856689","587","30.345","17.408","0.0171661392","4.55126648570927","0.531381954784025","22.47283008",
"6/25/1991","-40","-6.08845996856689","587","31.777","17.773","0.2506255776","4.6337487766018","0.544450166313161","22.5320616",
"6/26/1991","-40","-6.08845996856689","587","31.072","19.332","0","5.16960705854304","0.513380986743173","18.46715724",
"6/27/1991","-40","-6.08845996856689","587","30.756","16.884","0.28495782","4.27659315421491","0.593081983647493","16.872408",
"6/28/1991","-40","-6.08845996856689","587","29.244","17.989","1.20506274","4.50843357769204","0.614521971114212","16.37943606",
"6/29/1991","-40","-6.08845996856689","587","31.697","16.749","0","4.2298290967772","0.489602310623285","22.77798408",
"6/30/1991","-40","-6.08845996856689","587","31.446","20.2","0.357055668","4.00985086423762","0.560827251171119","22.3921053",
"7/1/1991","-40","-6.08845996856689","587","30.882","19.226","3.84349788","4.31376216938412","0.666372701467205","19.2202866",
"7/2/1991","-40","-6.08845996856689","587","30.155","18.054","4.5421621992","3.88117818619762","0.635436208629737","20.87622576",
"7/3/1991","-40","-6.08845996856689","587","31.174","17.939","0.085830696","4.44438962830867","0.556292939312086","21.71536632",
"7/4/1991","-40","-6.08845996856689","587","27.54","19.526","0.0034332264","4.41791005155046","0.685271655242926","15.30331722",
"7/5/1991","-40","-6.08845996856689","587","31.342","17.83","0","3.81430221979804","0.574783950600925","21.50218512",
"7/6/1991","-40","-6.08845996856689","587","31.936","20.267","0.024032592","5.00461927530412","0.515281105857884","22.4294094",
"7/7/1991","-40","-6.08845996856689","587","31.172","18.408","0.0841139784","5.30576664870986","0.525275770372418","22.65508548",
"7/8/1991","-40","-6.08845996856689","587","30.892","17.599","0.39653784","5.43168858119739","0.57378214322868","18.65458548",
"7/9/1991","-40","-6.08845996856689","587","31.683","16.634","0","4.50940681381852","0.539441024745984","22.4843634",
"7/10/1991","-40","-6.08845996856689","587","31.794","17.657","0","4.00864514341909","0.504056127179739","23.14079712",
"7/11/1991","-40","-6.08845996856689","587","32.149","15.855","0","4.07322234599632","0.500440936410511","23.21532",
"7/12/1991","-40","-6.08845996856689","587","31.639","16.776","0.142479","3.94266607983823","0.467837766623054","22.468554",
"7/13/1991","-40","-6.08845996856689","587","26.331","18.936","1.877120532","4.16402356457238","0.664549102925092","8.62852068",
"7/14/1991","-40","-6.08845996856689","587","31.864","17.176","1.8796932","4.62400075130873","0.532929785147203","23.19986376",
"7/15/1991","-40","-6.08845996856689","587","29.526","18.422","0.1716615432","5.09867003679157","0.552514102781499","22.12661268",
"7/16/1991","-40","-6.08845996856689","587","31.685","15.72","0","4.9649918685009","0.499275105090175","22.88570652",
"7/17/1991","-40","-6.08845996856689","587","30.881","16.546","0","4.89865269916224","0.518470858709179","23.4272304",
"7/18/1991","-40","-6.08845996856689","587","31.721","17.769","0","4.92088340319288","0.46702391124285","23.50260108",
"7/19/1991","-40","-6.08845996856689","587","31.677","18.808","0","5.12836840977455","0.413513161968967","23.43200544",
"7/20/1991","-40","-6.08845996856689","587","31.992","16.751","0","5.18132449236015","0.46512759763979","23.54382864",
"7/21/1991","-40","-6.08845996856689","587","31.129","18.054","0","5.54624306122057","0.52264198581685","22.73737572",
"7/22/1991","-40","-6.08845996856689","587","31.998","16.084","0","5.00086382563095","0.504346581160327","23.51485692",
"7/23/1991","-40","-6.08845996856689","587","30.999","16.659","0","4.72266483290579","0.521468610487345","17.92834164",
"7/24/1991","-40","-6.08845996856689","587","31.49","16.198","0","4.41052167213023","0.489966812292423","22.66442208",
"7/25/1991","-40","-6.08845996856689","587","31.591","17.139","0","4.28500361873011","0.437615239352881","23.77721664",
"7/26/1991","-40","-6.08845996856689","587","31.422","17.041","0","5.49133897632403","0.452344623450878","20.31131196",
"7/27/1991","-40","-6.08845996856689","587","31.016","19.262","0","6.1446956997902","0.503889458124695","23.35909572",
"7/28/1991","-40","-6.08845996856689","587","30.7","17.477","0","6.19445816027861","0.508385266125577","23.62297032",
"7/29/1991","-40","-6.08845996856689","587","31.298","15.772","0","4.91290137234531","0.470132538856222","24.11967168",
"7/30/1991","-40","-6.08845996856689","587","31.849","18.322","3.11909004","4.73065300124668","0.585251021505275","18.59749308",
"7/31/1991","-40","-6.08845996856689","587","30.223","18.944","2.9817606024","4.392633688727","0.668419391743599","10.0973223",
"8/1/1991","-40","-6.08845996856689","587","31.261","19.971","0.0875472768","4.83667265879911","0.544441013844652","16.70423112",
"8/2/1991","-40","-6.08845996856689","587","28.648","18.593","0.3587725728","3.59450615727134","0.526876621879751","5.67770346",
"8/3/1991","-40","-6.08845996856689","587","30.729","17.035","2.0290404528","3.72196424541495","0.557291904015807","19.12809888",
"8/4/1991","-40","-6.08845996856689","587","31.993","19.379","0.175952808","4.51604153014538","0.472949925306482","22.8855906",
"8/5/1991","-40","-6.08845996856689","587","30.496","19.586","0","5.67462286199671","0.481778888179061","23.33221848",
"8/6/1991","-40","-6.08845996856689","587","31.598","18.569","0","5.32679883027102","0.47603465771252","24.37577064",
"8/7/1991","-40","-6.08845996856689","587","31.212","17.262","0","4.18789673287147","0.505231527379707","24.39686592",
"8/8/1991","-40","-6.08845996856689","587","30.663","18.653","0","3.84768996991048","0.477208813616148","24.5806848",
"8/9/1991","-40","-6.08845996856689","587","32.232","17.05","0","3.51827898308012","0.413247763102314","24.69043116",
"8/10/1991","-40","-6.08845996856689","587","33.615","16.789","0","3.72317388808446","0.374366156771737","24.7427388",
"8/11/1991","-40","-6.08845996856689","587","32.903","16.972","0","3.74145824832459","0.412487073747416","24.91638264",
"8/12/1991","-40","-6.08845996856689","587","32.554","16.55","0","3.86151153387113","0.424575038298976","24.90789492",
"8/13/1991","-40","-6.08845996856689","587","31.902","17.71","0","5.53095294099242","0.488877549463941","24.83527752",
"8/14/1991","-40","-6.08845996856689","587","31.45","17.045","0","5.76063677099172","0.496087161071208","23.21826156",
"8/15/1991","-40","-6.08845996856689","587","28.94","17.598","0","7.07461336147854","0.53730664508623","24.74313228",
"8/16/1991","-40","-6.08845996856689","587","22.167","18.554","0.5038258968","5.20249789318397","0.73699983193324","5.70132828",
"8/17/1991","-40","-6.08845996856689","587","28.441","17.718","2.108001672","6.74782276168248","0.660415214788868","19.855971144",
"8/18/1991","-40","-6.08845996856689","587","31.543","17.519","0.9149554944","5.97253186099616","0.56496989438372","23.6390625",
"8/19/1991","-40","-6.08845996856689","587","32.023","17.849","2.2281624","4.89479574329254","0.56270920834934","24.25280076",
"8/20/1991","-40","-6.08845996856689","587","32.385","17.825","0","5.36725539665532","0.502458719033883","24.91239042",
"8/21/1991","-40","-6.08845996856689","587","32.825","19.348","0","3.97117178982426","0.48276225261418","19.90417428",
"8/22/1991","-40","-6.08845996856689","587","30.968","19.362","0","5.55752545694469","0.503550954090864","19.96537698",
"8/23/1991","-40","-6.08845996856689","587","31.953","17.601","0","5.48129179126549","0.518256276160543","25.40356326",
"8/24/1991","-40","-6.08845996856689","587","31.293","17.961","0","5.68996121573354","0.572696754158406","25.295184",
"8/25/1991","-40","-6.08845996856689","587","32.584","17.595","0","4.85595482172068","0.470541116432982","24.68947338",
"8/26/1991","-40","-6.08845996856689","587","31.87","20.144","2.143192392","4.94261076987315","0.541170320999927","22.31229042",
"8/27/1991","-40","-6.08845996856689","587","31.405","20.195","5.00650524","4.64176107710769","0.575273688614842","22.65378282",
"8/28/1991","-40","-6.08845996856689","587","32.114","18.754","0.7587431424","5.01817160446328","0.511823444863324","25.58750832",
"8/29/1991","-40","-6.08845996856689","587","31.328","18.817","2.56977468","4.63577238226469","0.525814436205404","22.69991178",
"8/30/1991","-40","-6.08845996856689","587","32.974","20.02","1.417924116","4.06473364858954","0.47139066625226","25.90869672",
"8/31/1991","-40","-6.08845996856689","587","32.578","18.606","0","4.10608999345965","0.43957076766093","25.90521192",
"9/1/1991","-40","-6.08845996856689","587","33.277","19.53","0","2.50138705046154","0.394758080782449","20.74832163",
"9/2/1991","-40","-6.08845996856689","587","32.413","20.234","0.0034332264","3.65075645330673","0.443553124304512","20.28633561",
"9/3/1991","-40","-6.08845996856689","587","32.539","20.399","0","5.14115849558013","0.419151030408005","22.1851143",
"9/4/1991","-40","-6.08845996856689","587","32.735","19.5","0","5.10881172028338","0.444175905462423","21.92715108",
"9/5/1991","-40","-6.08845996856689","587","31.518","20.343","0.0308990664","5.41942974098792","0.504116450417115","18.90905958",
"9/6/1991","-40","-6.08845996856689","587","33.04","18.389","0","5.58256363342913","0.466904100098584","25.54194294",
"9/7/1991","-40","-6.08845996856689","587","32.019","19.526","0.223159644","5.69034353893055","0.500794667776567","25.670814318",
"9/8/1991","-40","-6.08845996856689","587","32.596","20.272","0.00686646","5.39830077734793","0.502279050979668","26.2493424",
"9/9/1991","-40","-6.08845996856689","587","32.994","18.554","0.8153901864","5.05894902221938","0.504676127256468","25.39670436",
"9/10/1991","-40","-6.08845996856689","587","33.431","19.577","3.0710220264","4.96994774334912","0.486011169658761","26.35070724",
"9/11/1991","-40","-6.08845996856689","587","33.491","20.409","0.233459568","5.33361130840698","0.455718881194542","22.399658208",
"9/12/1991","-40","-6.08845996856689","587","33.074","21.458","1.057434012","3.28926614451058","0.543526056474341","12.637178982",
"9/13/1991","-40","-6.08845996856689","587","34.788","19.944","0","4.02078933652651","0.454497197106386","22.795986312",
"9/14/1991","-40","-6.08845996856689","587","35.431","22.039","0.0068664528","4.66011440502343","0.442699251956366","26.37883476",
"9/15/1991","-40","-6.08845996856689","587","35.291","22.469","0.0205993584","4.332195183044","0.44637735669816","26.24500755",
"9/16/1991","-40","-6.08845996856689","587","34.991","20.904","0.0102996864","4.945896124134","0.475296427241798","26.500942872",
"9/17/1991","-40","-6.08845996856689","587","34.522","20.794","0","5.43453828047606","0.45820504277554","26.773316352",
"9/18/1991","-40","-6.08845996856689","587","34.662","20.71","0","5.26352628184321","0.478577256437088","26.59398228",
"9/19/1991","-40","-6.08845996856689","587","35.19","20.518","0","4.67358403465765","0.491392530214153","26.65906974",
"9/20/1991","-40","-6.08845996856689","587","34.427","21.754","0","5.11240008433499","0.46945846408021","26.7656022",
"9/21/1991","-40","-6.08845996856689","587","34.182","20.782","0","5.60318546538414","0.476092054990137","26.97462936",
"9/22/1991","-40","-6.08845996856689","587","33.709","20.591","0","5.72980603061959","0.478766603044254","26.4657393",
"9/23/1991","-40","-6.08845996856689","587","33.894","21.302","0","5.38092070942254","0.448597605768477","26.92575126",
"9/24/1991","-40","-6.08845996856689","587","33.664","21.281","0","4.82559487114458","0.46770488291933","26.267342832",
"9/25/1991","-40","-6.08845996856689","587","31.946","21.866","0.583648344","4.12973898605951","0.530656377857907","20.429947512",
"9/26/1991","-40","-6.08845996856689","587","31.102","20.989","11.96651448","2.98829078649703","0.660720478915387","14.047596882",
"9/27/1991","-40","-6.08845996856689","587","30.885","21.955","2.8667465856","2.26061697747068","0.590905867625043","11.67052716",
"9/28/1991","-40","-6.08845996856689","587","34.441","21.499","0.5149839024","3.87044601666407","0.528369103369058","17.740011672",
"9/29/1991","-40","-6.08845996856689","587","33.757","22.15","0.054931644","5.02758421137519","0.393742440205797","24.8318946",
"9/30/1991","-40","-6.08845996856689","587","35.054","18.985","0","5.10573650532555","0.454190335205027","27.40409676",
"10/1/1991","-40","-6.08845996856689","587","34.91","19.789","0","5.37866793984266","0.45815201568133","27.68434056",
"10/2/1991","-40","-6.08845996856689","587","34.993","19.825","0","5.16658816906262","0.445181911172396","27.647550072",
"10/3/1991","-40","-6.08845996856689","587","35.189","19.911","0","4.08069856288196","0.472017064311705","27.437173488",
"10/4/1991","-40","-6.08845996856689","587","35.597","19.64","0","4.18553036952505","0.471465666011783","25.9256736",
"10/5/1991","-40","-6.08845996856689","587","33.457","22.088","0.260925084","4.09787733325608","0.523171504356938","22.90189797",
"10/6/1991","-40","-6.08845996856689","587","33.624","20.342","1.702880532","5.19502085350458","0.504313073595851","26.98959456",
"10/7/1991","-40","-6.08845996856689","587","35.115","19.663","0","4.17993114984439","0.463100192892251","27.30634056",
"10/8/1991","-40","-6.08845996856689","587","32.511","20.197","0.130462704","3.88266425908314","0.590849923203276","15.733128672",
"10/9/1991","-40","-6.08845996856689","587","34.543","21.847","0.2300259744","4.74469945166323","0.435982115213179","26.84197584",
"10/10/1991","-40","-6.08845996856689","587","30.907","19.941","0","3.45977168565054","0.494260391362447","16.817066928",
"10/11/1991","-40","-6.08845996856689","587","34.168","19.247","0","4.42018290124722","0.458307282611224","27.80208648",
"10/12/1991","-40","-6.08845996856689","587","32.562","20.797","0","5.58601288316851","0.481807004829098","27.417260088",
"10/13/1991","-40","-6.08845996856689","587","32.11","20.476","0","4.77787423402032","0.464773862084579","24.826614912",
"10/14/1991","-40","-6.08845996856689","587","26.974","20.027","4.507828272","3.22467033686016","0.634612086334944","5.50428678",
"10/15/1991","-40","-6.08845996856689","587","33.216","19.569","0","4.97190814561381","0.520410340209401","27.066885912",
"10/16/1991","-40","-6.08845996856689","587","34.674","20.198","0.336456","5.21843038376431","0.469255323300745","27.258184152",
"10/17/1991","-40","-6.08845996856689","587","35.248","21.115","0.078964236","4.98862413633748","0.413343710540993","26.51905296",
"10/18/1991","-40","-6.08845996856689","587","32.999","19.176","0","3.3373943048964","0.450090251343855","23.469866928",
"10/19/1991","-40","-6.08845996856689","587","34.599","20.106","0","3.68782107157559","0.377012785250417","28.091878488",
"10/20/1991","-40","-6.08845996856689","587","32.548","20.593","0","3.9095597782188","0.468363933314518","22.34278134",
"10/21/1991","-40","-6.08845996856689","587","30.042","20.474","4.476926232","4.27086051347822","0.616664926197371","12.813074982",
"10/22/1991","-40","-6.08845996856689","587","31.967","20.333","14.08653288","4.58464871220125","0.623330598244861","17.19275562",
"10/23/1991","-40","-6.08845996856689","587","34.297","21.123","1.520921052","5.40261099946623","0.502324436918595","26.84041992",
"10/24/1991","-40","-6.08845996856689","587","33.835","21.405","4.7172537792","5.32807477346559","0.556874478164365","22.65069258",
"10/25/1991","-40","-6.08845996856689","587","32.531","21.019","13.2728598","4.46510323834236","0.603283203826588","22.7906991",
"10/26/1991","-40","-6.08845996856689","587","34.749","21.695","2.57835528","4.82224115753789","0.485846790711071","27.61919028",
"10/27/1991","-40","-6.08845996856689","587","34.428","21.796","0.15449526","5.49592825486218","0.535711588827989","23.536351008",
"10/28/1991","-40","-6.08845996856689","587","34.025","21.623","0.058364856","5.27378431867075","0.501007461590026","22.5840942",
"10/29/1991","-40","-6.08845996856689","587","31.447","22.965","0.0617980896","4.97871491777178","0.51428040322125","22.80003552",
"10/30/1991","-40","-6.08845996856689","587","32.943","21.92","0.0308990592","5.26291350745052","0.485240697655194","26.84081232",
"10/31/1991","-40","-6.08845996856689","587","34.79","20.957","0","5.15812626775912","0.453913128159008","27.7561692",
"11/1/1991","-40","-6.08845996856689","587","35.238","21.401","0","4.19258470426867","0.466010367081376","22.47429258",
"11/2/1991","-40","-6.08845996856689","587","33.989","21.954","0.01373292","4.97554605630274","0.481589799005033","20.417059512",
"11/3/1991","-40","-6.08845996856689","587","34.265","20.834","0","5.51199136662673","0.456661285752114","27.3346929",
"11/4/1991","-40","-6.08845996856689","587","34.541","20.102","0","5.1681895960577","0.450316425024326","28.07701362",
"11/5/1991","-40","-6.08845996856689","587","34.14","20.712","0","5.14897892338644","0.524601860195212","24.7186098",
"11/6/1991","-40","-6.08845996856689","587","35.122","20.593","0","5.89067518665927","0.445052926214825","27.47773908",
"11/7/1991","-40","-6.08845996856689","587","35.433","20.048","0","5.11415431282601","0.397966058102262","27.93654612",
"11/8/1991","-40","-6.08845996856689","587","35.815","19.898","0","4.95353780851974","0.448237187273866","27.82091808",
"11/9/1991","-40","-6.08845996856689","587","35.854","20.782","0","5.63782183486475","0.474320180688965","27.73412172",
"11/10/1991","-40","-6.08845996856689","587","35.039","21.508","0.0171661464","3.92837206502325","0.477958123156867","22.42991304",
"11/11/1991","-40","-6.08845996856689","587","35.455","20.871","0.0171661464","4.36104658889101","0.470189066926132","26.91270162",
"11/12/1991","-40","-6.08845996856689","587","33.143","21.501","0","5.214028103936","0.498474722738407","26.81679492",
"11/13/1991","-40","-6.08845996856689","587","34.192","20.674","0","5.33829288440913","0.479606584227486","27.15648948",
"11/14/1991","-40","-6.08845996856689","587","34.417","21.423","0","5.57992948813561","0.485848110461407","24.39984564",
"11/15/1991","-40","-6.08845996856689","587","34.185","21.528","0.5458832856","4.31079150712382","0.521026719133461","22.10152482",
"11/16/1991","-40","-6.08845996856689","587","32.893","21.507","5.3163523584","4.28422429240053","0.542025536618704","20.036421",
"11/17/1991","-40","-6.08845996856689","587","35.122","20.631","0.41885352","5.36860453431316","0.460359917122244","26.47277208",
"11/18/1991","-40","-6.08845996856689","587","33.448","20.837","0","4.53173348114098","0.534024999519159","19.99057194",
"11/19/1991","-40","-6.08845996856689","587","34.439","22.309","0.0137329056","4.97811033422076","0.514961206058987","20.92758894",
"11/20/1991","-40","-6.08845996856689","587","34.594","22.302","0","5.98720283927737","0.437459566809205","26.8539795",
"11/21/1991","-40","-6.08845996856689","587","33.765","20.309","0","5.59011523811092","0.467630308526749","25.0585875",
"11/22/1991","-40","-6.08845996856689","587","34.504","21.203","0","5.44301452351326","0.453273352624842","27.25030962",
"11/23/1991","-40","-6.08845996856689","587","34.249","21.638","1.325225664","4.92099614099786","0.501247803202737","27.0808308",
"11/24/1991","-40","-6.08845996856689","587","35.015","22.887","0.485801712","5.08068422784709","0.441432885249925","26.05056066",
"11/25/1991","-40","-6.08845996856689","587","34.214","22.498","0.058364892","5.53316397146495","0.449963079862176","27.37299132",
"11/26/1991","-40","-6.08845996856689","587","31.091","21.375","0","4.3399170558855","0.520768030862694","16.34776596",
"11/27/1991","-40","-6.08845996856689","587","33.04","22.185","1.187896572","4.11223329387628","0.522302014653916","15.60728934",
"11/28/1991","-40","-6.08845996856689","587","35.211","22.93","0.0274658256","4.81849349073261","0.460993135333433","24.99918534",
"11/29/1991","-40","-6.08845996856689","587","35.408","22.164","0","5.32173104712213","0.440731504252586","25.71688278",
"11/30/1991","-40","-6.08845996856689","587","33.547","23.034","0","4.77487123573248","0.462761129385824","21.14674614",
"12/1/1991","-40","-6.08845996856689","587","34.239","23.516","0","4.78057748503506","0.427020733571247","20.99694456",
"12/2/1991","-40","-6.08845996856689","587","34.4","21.021","0","3.96412075425899","0.462553554321695","21.54819204",
"12/3/1991","-40","-6.08845996856689","587","35.165","21.48","0","4.51207521403851","0.462188470672052","22.14551844",
"12/4/1991","-40","-6.08845996856689","587","35.257","20.765","0","4.62072090211638","0.424742510796285","27.0302625",
"12/5/1991","-40","-6.08845996856689","587","35.955","21.689","0","5.18181995263533","0.420800428120999","26.5376826",
"12/6/1991","-40","-6.08845996856689","587","35.859","22.431","0","5.45558333775705","0.458619687994175","26.751771",
"12/7/1991","-40","-6.08845996856689","587","34.707","21.903","0","5.05391898856022","0.458583667319881","23.8393098",
"12/8/1991","-40","-6.08845996856689","587","35.029","21.456","0","5.27341281558714","0.429317664202584","23.5514313",
"12/9/1991","-40","-6.08845996856689","587","35.28","21.624","0","5.72932854971204","0.44805149512769","27.19935162",
"12/10/1991","-40","-6.08845996856689","587","35.194","22.078","0","5.81711190319473","0.476490152380349","26.26739982",
"12/11/1991","-40","-6.08845996856689","587","34.894","21.763","0","5.81403067230094","0.437447979866049","27.00072558",
"12/12/1991","-40","-6.08845996856689","587","35.245","22.435","0","4.75320833528305","0.441327085959844","25.096670928",
"12/13/1991","-40","-6.08845996856689","587","35.515","21.104","0","4.80090161253486","0.437537053846458","27.4997223",
"12/14/1991","-40","-6.08845996856689","587","34.453","22.256","0","4.93985798936336","0.429074271727264","27.240750432",
"12/15/1991","-40","-6.08845996856689","587","34.445","21.404","0","5.15026471033862","0.420646475051874","22.76774892",
"12/16/1991","-40","-6.08845996856689","587","35.654","22.277","0","4.8155630670605","0.428118694992797","25.58997774",
"12/17/1991","-40","-6.08845996856689","587","35.799","22.62","0.053215092","4.85303777142582","0.447921762413627","21.867807312",
"12/18/1991","-40","-6.08845996856689","587","33.84","22.709","0.2660751504","3.93794062120432","0.468697619429191","19.28475072",
"12/19/1991","-40","-6.08845996856689","587","33.74","21.694","0.647163","3.42445859971268","0.446395890149899","21.33955944",
"12/20/1991","-40","-6.08845996856689","587","35.076","20.872","0.65402982","2.92383979498591","0.449451000803214","20.31806232",
"12/21/1991","-40","-6.08845996856689","587","31.687","20.877","0.101280276","4.22179081374514","0.507708594253777","16.69916484",
"12/22/1991","-40","-6.08845996856689","587","34.346","19.837","0","4.69317448971251","0.446072020300603","23.962608",
"12/23/1991","-40","-6.08845996856689","587","34.539","19.908","0","4.85407841587468","0.431849434219186","28.13456448",
"12/24/1991","-40","-6.08845996856689","587","34.4","20.196","0","5.34800021671406","0.404261647965224","28.07819982",
"12/25/1991","-40","-6.08845996856689","587","34.281","19.534","0","4.75448448628294","0.456296373220997","27.87142878",
"12/26/1991","-40","-6.08845996856689","587","34.59","19.954","0","4.59814734460113","0.435408861692806","27.06316938",
"12/27/1991","-40","-6.08845996856689","587","32.847","22.153","0.2609253432","3.61500711027229","0.502303519786313","8.347842",
"12/28/1991","-40","-6.08845996856689","587","34.003","21.247","0","4.94230039475979","0.437875916971363","24.21416664",
"12/29/1991","-40","-6.08845996856689","587","34.521","20.456","0","6.06528509265321","0.445400173539494","27.7835625",
"12/30/1991","-40","-6.08845996856689","587","33.73","20.19","0","5.41452192341309","0.461946900455483","27.6948549",
"12/31/1991","-40","-6.08845996856689","587","34.93","20.338","0","5.34833910707316","0.425893308307502","27.8336799",
"1/1/1992","-40","-6.08845996856689","587","34.181","21.713","0","5.16479306319698","0.47182082296773","26.764649568",
"1/2/1992","-40","-6.08845996856689","587","34.952","22.138","1.13468148","5.03675918436072","0.473675185201972","27.37366794",
"1/3/1992","-40","-6.08845996856689","587","35.256","20.642","0","5.55650206539551","0.479593638227284","27.89420256",
"1/4/1992","-40","-6.08845996856689","587","35.549","20.424","0","5.62360388328309","0.508119908055705","26.59365972",
"1/5/1992","-40","-6.08845996856689","587","35.698","21.139","0","5.15814298612275","0.463106141031587","27.759488328",
"1/6/1992","-40","-6.08845996856689","587","36.186","20.516","0","5.25182661326853","0.455812365610897","27.294971472",
"1/7/1992","-40","-6.08845996856689","587","35.055","20.593","0.231742908","3.89551600485284","0.519952479815014","19.697176728",
"1/8/1992","-40","-6.08845996856689","587","33.883","21.601","0.37078884","4.18881099631531","0.53465670581156","21.2957469",
"1/9/1992","-40","-6.08845996856689","587","34.797","21","0.2368926","5.01994410032804","0.508695244418955","22.062422592",
"1/10/1992","-40","-6.08845996856689","587","33.218","20.03","0","4.74702919213938","0.552117919716544","21.44575998",
"1/11/1992","-40","-6.08845996856689","587","34.41","21.252","0","6.284642918118","0.483158057123081","26.718924672",
"1/12/1992","-40","-6.08845996856689","587","32.723","21.485","0","6.09138256591089","0.486840800990918","20.215751328",
"1/13/1992","-40","-6.08845996856689","587","34.415","21.274","0","5.12547967445782","0.437342106485551","25.05059496",
"1/14/1992","-40","-6.08845996856689","587","34.457","20.189","0","5.75104494448726","0.405424715119079","25.177328568",
"1/15/1992","-40","-6.08845996856689","587","32.494","20.718","0.180244764","4.84704209294783","0.423029870539524","22.34075247",
"1/16/1992","-40","-6.08845996856689","587","35.138","19.396","0.133895808","4.42197524380916","0.469928259777066","21.6112482",
"1/17/1992","-40","-6.08845996856689","587","32.378","19.697","0.118446372","3.5193490783179","0.532966317650863","16.03828044",
"1/18/1992","-40","-6.08845996856689","587","34.42","18.579","0.193977396","3.34986506813853","0.589689290140606","20.77537626",
"1/19/1992","-40","-6.08845996856689","587","34.15","21.072","1.0299683664","4.26545672047291","0.565444911218166","20.43308781",
"1/20/1992","-40","-6.08845996856689","587","33.676","21.231","1.6479495","4.88085067936283","0.602934759465037","25.83641664",
"1/21/1992","-40","-6.08845996856689","587","31.293","20.823","4.67949168","3.44669205800243","0.737568559726824","10.8628884",
"1/22/1992","-40","-6.08845996856689","587","27.287","20.673","20.8328037264","3.48413543004712","0.809374262795267","8.012477772",
"1/23/1992","-40","-6.08845996856689","587","24.819","20.74","11.56826556","2.50402903183152","0.887274442828883","5.47632963",
"1/24/1992","-40","-6.08845996856689","587","27.107","19.992","7.0123718664","3.68394982275559","0.713715143083329","14.64637824",
"1/25/1992","-40","-6.08845996856689","587","30.046","19.756","2.2418976528","2.78350151936634","0.7343524799735","14.83200162",
"1/26/1992","-40","-6.08845996856689","587","25.486","20.834","21.192456276","3.11777324523489","0.892836605324493","8.944647498",
"1/27/1992","-40","-6.08845996856689","587","30.748","19.921","3.1826049984","3.1231956487078","0.788801979571187","10.97837262",
"1/28/1992","-40","-6.08845996856689","587","31.192","20.433","14.457320316","3.06442879561535","0.823580485187493","19.06537572",
"1/29/1992","-40","-6.08845996856689","587","25.113","20.784","31.719588048","2.91507016408068","0.898321265664314","8.598263922",
"1/30/1992","-40","-6.08845996856689","587","23.445","19.331","5.1378241464","1.88573936152279","0.906382222427335","8.8811487",
"1/31/1992","-40","-6.08845996856689","587","22.471","20.194","11.616324804","2.54582583594092","0.940144325861895","6.234751908",
"2/1/1992","-40","-6.08845996856689","587","31.551","19.503","0.37422162","4.17870732327141","0.74678456499687","24.56364258",
"2/2/1992","-40","-6.08845996856689","587","30.246","20.384","3.531073212","4.16965760369962","0.787119191181854","22.43621124",
"2/3/1992","-40","-6.08845996856689","587","29.083","20.098","0.7244109","4.25393212724963","0.736605488692959","13.0667067",
"2/4/1992","-40","-6.08845996856689","587","33.015","19.384","0.181961028","4.55510741473076","0.606033624545977","28.09772172",
"2/5/1992","-40","-6.08845996856689","587","33.348","20.46","0.31242384","4.86559583019431","0.584924060609348","27.54258525",
"2/6/1992","-40","-6.08845996856689","587","33.175","20.948","2.643587424","4.81898408386103","0.688696792862726","17.57430207",
"2/7/1992","-40","-6.08845996856689","587","30.824","20.863","1.59988356","4.15747960562747","0.689857533906339","15.28177617",
"2/8/1992","-40","-6.08845996856689","587","33.344","20.733","0.02059938","4.5685316069286","0.581642947640267","23.76123309",
"2/9/1992","-40","-6.08845996856689","587","32.205","20.916","2.2212972504","4.41992954486198","0.652701049243108","23.83289712",
"2/10/1992","-40","-6.08845996856689","587","31.716","19.932","2.705385924","4.33243258621164","0.700966710924232","21.3021558",
"2/11/1992","-40","-6.08845996856689","587","27.486","19.513","11.4910164","4.67179723944937","0.781207575074537","17.00713089",
"2/12/1992","-40","-6.08845996856689","587","23.185","19.309","1.6960134744","3.11746679242404","0.854066314859799","4.752166518",
"2/13/1992","-40","-6.08845996856689","587","31.388","17.803","0.6694793064","3.50652508883354","0.636931722711676","26.11563849",
"2/14/1992","-40","-6.08845996856689","587","32.727","19.354","0.44631972","3.51679849796702","0.550545678655514","27.39870225",
"2/15/1992","-40","-6.08845996856689","587","32.161","20.959","0.655746804","3.83435858688335","0.627850819101976","22.74873012",
"2/16/1992","-40","-6.08845996856689","587","30.485","20.73","8.15048604","3.54907393904564","0.707540689983783","21.564449658",
"2/17/1992","-40","-6.08845996856689","587","30.977","20.202","1.95350616","3.61452683536965","0.770211503027636","14.361805692",
"2/18/1992","-40","-6.08845996856689","587","25.479","19.739","5.084610588","3.46590811900768","0.853813488954597","10.60205625",
"2/19/1992","-40","-6.08845996856689","587","25.646","20.198","12.87803592","3.51339641750817","0.894725517131815","12.43985643",
"2/20/1992","-40","-6.08845996856689","587","28.078","18.99","4.6108227888","3.77923900875615","0.829261896858122","14.04787545",
"2/21/1992","-40","-6.08845996856689","587","30.585","19.298","2.8221107256","3.69399910040695","0.742152957489516","21.64871061",
"2/22/1992","-40","-6.08845996856689","587","29.559","19.097","3.1345392672","3.44614733610806","0.804855250887697","20.10627981",
"2/23/1992","-40","-6.08845996856689","587","31.373","19.332","2.180098296","4.1480884680034","0.708345500473964","24.13040418",
"2/24/1992","-40","-6.08845996856689","587","32.766","18.86","0.56648232","4.00547164082373","0.619376808586857","28.35528462",
"2/25/1992","-40","-6.08845996856689","587","32.658","19.845","0.34332264","3.44947862819186","0.640966078466735","21.4604982",
"2/26/1992","-40","-6.08845996856689","587","32.267","20.49","2.126883816","3.80329043954544","0.715585075461693","20.601279",
"2/27/1992","-40","-6.08845996856689","587","32.75","20.166","1.9672408584","4.06254739824445","0.64899698026978","25.94194128",
"2/28/1992","-40","-6.08845996856689","587","33.401","20.085","0.1373292864","4.03574746578062","0.58689911998493","25.36200396",
"2/29/1992","-40","-6.08845996856689","587","33.94","21.956","0.048065184","3.64775529289238","0.560304399318531","25.64381052",
"3/1/1992","-40","-6.08845996856689","587","33.633","20.044","0","3.93946722862766","0.570537953613241","25.28353404",
"3/2/1992","-40","-6.08845996856689","587","33.039","20.333","1.2548451528","3.42389775320849","0.654175102643609","19.75179312",
"3/3/1992","-40","-6.08845996856689","587","34.017","19.615","0","4.03764416470329","0.548901177907872","28.60104222",
"3/4/1992","-40","-6.08845996856689","587","34.009","21.072","0.48923496","4.22774805581213","0.573296716789864","26.87788314",
"3/5/1992","-40","-6.08845996856689","587","33.474","19.997","1.072883628","4.54936775215981","0.606277817238901","26.87934654",
"3/6/1992","-40","-6.08845996856689","587","33.091","22.222","0.0892640016","4.49855464214823","0.583289599539172","21.20945706",
"3/7/1992","-40","-6.08845996856689","587","31.2","20.154","0.973320228","3.5424665206094","0.659089243777611","16.46347698",
"3/8/1992","-40","-6.08845996856689","587","33.78","20.321","0.9063720864","4.6340753306011","0.624065098247286","25.66918242",
"3/9/1992","-40","-6.08845996856689","587","34.033","19.539","0.70724484","4.55928363553458","0.594002541662074","26.5387518",
"3/10/1992","-40","-6.08845996856689","587","34.109","19.125","0.66261276","4.39532324825459","0.586487527012244","25.41161844",
"3/11/1992","-40","-6.08845996856689","587","33.141","19.375","0.74844306","4.49714619175324","0.583769572287825","23.69733066",
"3/12/1992","-40","-6.08845996856689","587","32.419","19.939","2.914810812","4.33601854263804","0.672214664411497","23.69519586",
"3/13/1992","-40","-6.08845996856689","587","32.721","19.991","2.827259604","4.34771582454013","0.715650256444259","23.21662482",
"3/14/1992","-40","-6.08845996856689","587","27.014","21.018","7.66639656","2.22799028089078","0.889374995450037","7.38489744",
"3/15/1992","-40","-6.08845996856689","587","33.285","18.557","0.2059938","4.11025524389183","0.636282752680355","23.84438436",
"3/16/1992","-40","-6.08845996856689","587","30.56","20.56","2.210998356","4.0501185691","0.787001147407495","18.0946161",
"3/17/1992","-40","-6.08845996856689","587","31.44","20.97","0.9887699088","4.48001480515465","0.743917316731415","18.84347478",
"3/18/1992","-40","-6.08845996856689","587","33.442","19.113","0.48236868","4.24728842671684","0.65408671694303","24.69330126",
"3/19/1992","-40","-6.08845996856689","587","33.926","19.377","0.75359376","3.99646257643274","0.586898910847246","26.06624874",
"3/20/1992","-40","-6.08845996856689","587","34.179","21.229","0.3776552064","4.46374197086834","0.565512743653203","25.73459766",
"3/21/1992","-40","-6.08845996856689","587","32.863","20.891","0.444603024","3.9435428337455","0.606535868493746","21.73961178",
"3/22/1992","-40","-6.08845996856689","587","30.651","20.732","0.379372248","3.40811339673002","0.619710747908397","16.41015144",
"3/23/1992","-40","-6.08845996856689","587","30.191","20.3","0","3.57731632366168","0.555793078980148","16.0554987",
"3/24/1992","-40","-6.08845996856689","587","32.896","21.213","5.59958994","3.52143331692869","0.662213894078331","19.45253862",
"3/25/1992","-40","-6.08845996856689","587","24.887","20.024","39.6143002008","2.74862560494377","0.922341172389072","8.619077628",
"3/26/1992","-40","-6.08845996856689","587","33.213","19.465","0.0377655048","3.71867862592719","0.656346322237893","25.28088858",
"3/27/1992","-40","-6.08845996856689","587","32.636","19.14","0.65917944","3.3457309879277","0.676758273972766","18.94988844",
"3/28/1992","-40","-6.08845996856689","587","32.892","20.207","4.349900556","3.77977036212086","0.719846339464311","22.15209996",
"3/29/1992","-40","-6.08845996856689","587","31.663","19.487","10.81123056","3.6822670481974","0.70595522144824","18.87271704",
"3/30/1992","-40","-6.08845996856689","587","31.972","19.639","0.55618308","3.81096392907284","0.699796049031242","23.44493898",
"3/31/1992","-40","-6.08845996856689","587","32.118","20.394","2.1466255464","3.20484836065069","0.771545139163143","9.516882852",
"4/1/1992","-40","-6.08845996856689","587","27.309","20.534","4.617692892","2.76376465575436","0.877109439064044","17.19483858",
"4/2/1992","-40","-6.08845996856689","587","24.743","20.235","27.002323476","1.71831485223484","0.935427999010741","10.556716248",
"4/3/1992","-40","-6.08845996856689","587","27.021","21.098","54.0286979328","2.3585243372937","0.911550307988785","19.28801898",
"4/4/1992","-40","-6.08845996856689","587","23.76","20.965","43.57796382","1.8065351614374","0.960027354260103","3.686005512",
"4/5/1992","-40","-6.08845996856689","587","29.725","20.764","1.726913304","4.08260825030117","0.815902864088832","20.26063314",
"4/6/1992","-40","-6.08845996856689","587","31.118","20.339","0.2883906576","4.24921085109906","0.770602340960325","25.2962388",
"4/7/1992","-40","-6.08845996856689","587","31.767","19.42","0.2815245","4.06877508143378","0.693049192038456","21.58014132",
"4/8/1992","-40","-6.08845996856689","587","31.082","19.59","2.24189568","4.3124409572681","0.722541538877519","22.92721974",
"4/9/1992","-40","-6.08845996856689","587","31.604","18.832","1.93977036","4.25535119652502","0.708826185226149","24.86424708",
"4/10/1992","-40","-6.08845996856689","587","31.735","19.17","0","4.01106265828208","0.692765247337049","25.3371888",
"4/11/1992","-40","-6.08845996856689","587","31.904","20.542","3.470994504","3.42010857072399","0.690175016116474","23.6278674",
"4/12/1992","-40","-6.08845996856689","587","31.959","17.54","0.45661932","3.91989777280353","0.617790447091783","26.19696978",
"4/13/1992","-40","-6.08845996856689","587","32.305","19.165","0","4.20969749952461","0.579506902906135","25.62817428",
"4/14/1992","-40","-6.08845996856689","587","30.995","20.924","0.889205976","4.16922275476756","0.761695644522034","14.9967",
"4/15/1992","-40","-6.08845996856689","587","32.206","19.678","0.4669191864","4.00798937406946","0.674859473055904","24.31991376",
"4/16/1992","-40","-6.08845996856689","587","31.461","19.841","0","3.71927852152282","0.651316988707151","18.68597244",
"4/17/1992","-40","-6.08845996856689","587","32.217","20.826","0.0068664528","3.90849971896612","0.630492242540267","23.88684402",
"4/18/1992","-40","-6.08845996856689","587","32.649","21.028","0.151061904","4.14472998546239","0.621862635387776","24.83561448",
"4/19/1992","-40","-6.08845996856689","587","32.779","20.868","0.017166132","4.3193365578166","0.634580806007102","25.2196308",
"4/20/1992","-40","-6.08845996856689","587","32.582","19.35","0","4.49893817989521","0.622676954395689","23.88082842",
"4/21/1992","-40","-6.08845996856689","587","32.927","19.287","1.0505675304","4.10576285240759","0.677958453089693","21.54949182",
"4/22/1992","-40","-6.08845996856689","587","33.509","18.985","1.30291092","3.8819605614037","0.637107690122621","25.11911646",
"4/23/1992","-40","-6.08845996856689","587","32.849","22.109","0.02059938","3.95534030491203","0.555561347241135","24.5242602",
"4/24/1992","-40","-6.08845996856689","587","32.089","19.642","0","3.7411688032282","0.585629943828324","23.4254286",
"4/25/1992","-40","-6.08845996856689","587","32.762","19.691","0","4.11013886882809","0.569617946361056","24.51172644",
"4/26/1992","-40","-6.08845996856689","587","33.357","20.799","0.0102996864","3.90829905678435","0.528413696558561","24.83308278",
"4/27/1992","-40","-6.08845996856689","587","33.698","19.693","0","3.32418648154889","0.575121347994067","24.58400454",
"4/28/1992","-40","-6.08845996856689","587","31.962","19.184","0.154495332","2.5911448319083","0.650991395522374","17.8086942",
"4/29/1992","-40","-6.08845996856689","587","33.187","20.047","0","4.20038483627109","0.607698393349011","23.7323232",
"4/30/1992","-40","-6.08845996856689","587","32.614","19.95","0.324439848","4.25441467746401","0.625097279618059","21.4715808",
"5/1/1992","-40","-6.08845996856689","587","32.707","21.009","0.12016296","4.35784518568832","0.635173814374335","23.17471794",
"5/2/1992","-40","-6.08845996856689","587","27.979","20.382","3.9748211064","3.28074374291362","0.793530615419267","14.59501614",
"5/3/1992","-40","-6.08845996856689","587","32.023","18.881","0.7055279568","3.14771584645466","0.725118311840331","18.99590832",
"5/4/1992","-40","-6.08845996856689","587","32.49","19.647","0.684929052","3.49251300128272","0.662041611005967","22.57307118",
"5/5/1992","-40","-6.08845996856689","587","30.694","19.348","0.135612432","3.90232333404988","0.635303625217005","19.53500688",
"5/6/1992","-40","-6.08845996856689","587","32.198","18.107","0","4.09953664498244","0.605827099880333","23.89179204",
"5/7/1992","-40","-6.08845996856689","587","32.331","18.198","0","3.86025065049443","0.590179255468142","24.14170656",
"5/8/1992","-40","-6.08845996856689","587","31.938","19.402","0.010299672","4.39912715687764","0.658868543662103","21.97816506",
"5/9/1992","-40","-6.08845996856689","587","32.443","18.586","0.0171661392","3.42621502365844","0.672129842896371","21.0334482",
"5/10/1992","-40","-6.08845996856689","587","33.652","19.773","0","3.35054270051388","0.601998694717407","23.36607684",
"5/11/1992","-40","-6.08845996856689","587","32.569","17.835","0","3.15724294658781","0.571349493168307","23.76450018",
"5/12/1992","-40","-6.08845996856689","587","31.396","19.137","0.0720977832","3.34913513169496","0.606599207152869","20.3764482",
"5/13/1992","-40","-6.08845996856689","587","30.62","18.702","0.0935554392","3.16901556234245","0.646789745535842","18.81882648",
"5/14/1992","-40","-6.08845996856689","587","29.705","19.794","3.7336369464","2.560452144601","0.729538812309989","17.7820839",
"5/15/1992","-40","-6.08845996856689","587","30.608","20.701","0.0446319792","3.86120635047433","0.650534052156813","16.73814312",
"5/16/1992","-40","-6.08845996856689","587","31.667","19.103","0","3.60753307672739","0.597887305233583","20.04430446",
"5/17/1992","-40","-6.08845996856689","587","32.285","19.079","0","4.24397738677502","0.600109137870254","23.0022594",
"5/18/1992","-40","-6.08845996856689","587","32.857","17.765","0","3.93332080519594","0.609662127588962","22.91096088",
"5/19/1992","-40","-6.08845996856689","587","30.554","18.631","0","3.52156382105972","0.65715574850858","20.81323602",
"5/20/1992","-40","-6.08845996856689","587","30.372","19.198","0.1373290848","3.56672418017927","0.643446158562219","21.2272821",
"5/21/1992","-40","-6.08845996856689","587","32.554","18.543","0","3.78900099093221","0.554272251502613","23.16290868",
"5/22/1992","-40","-6.08845996856689","587","30.923","18.305","0","3.42499731271279","0.55633782647291","21.7130076",
"5/23/1992","-40","-6.08845996856689","587","31.042","19.204","5.366133468","3.2421728638502","0.677181456586832","15.99063408",
"5/24/1992","-40","-6.08845996856689","587","32.79","19.03","0","3.36460793762317","0.560631783532716","22.81043844",
"5/25/1992","-40","-6.08845996856689","587","31.924","17.759","0","3.51963631310073","0.462845740879692","23.1046398",
"5/26/1992","-40","-6.08845996856689","587","31.594","17.648","0","3.56957951435567","0.549300102546006","22.58853642",
"5/27/1992","-40","-6.08845996856689","587","28.441","16.858","0.017166132","3.48579647292523","0.675379851814776","19.02200958",
"5/28/1992","-40","-6.08845996856689","587","32.012","17.281","0","3.19315766154606","0.623292781859717","22.3724286",
"5/29/1992","-40","-6.08845996856689","587","31.632","18.781","0","4.21824178845788","0.589038321424514","22.48385112",
"5/30/1992","-40","-6.08845996856689","587","31.818","19.643","0","4.44171306932595","0.539829352576329","22.4919027",
"5/31/1992","-40","-6.08845996856689","587","30.878","19.038","4.1971221144","2.92343025583199","0.690315641132578","12.04942176",
"6/1/1992","-40","-6.08845996856689","587","30.812","19.998","3.1808844648","4.11846309801877","0.694797810351901","15.36851538",
"6/2/1992","-40","-6.08845996856689","587","31.764","19.249","0.137328948","3.73766487261293","0.59863567320817","18.57200436",
"6/3/1992","-40","-6.08845996856689","587","31.638","20.196","3.434943168","3.30255907416584","0.695380998610965","16.10713062",
"6/4/1992","-40","-6.08845996856689","587","31.575","19.063","0.08068086","2.67186070146621","0.658348268720931","16.78010256",
"6/5/1992","-40","-6.08845996856689","587","32.247","18.216","0.0102996792","3.7158360405374","0.578371504811543","21.6105183",
"6/6/1992","-40","-6.08845996856689","587","32.131","18.109","0","3.82311173753863","0.57437319425192","22.4976411",
"6/7/1992","-40","-6.08845996856689","587","30.897","16.902","0.0514984248","3.31959684938147","0.588123779845519","20.61585252",
"6/8/1992","-40","-6.08845996856689","587","28.166","18.606","2.2951158696","3.5971470505754","0.713569650740833","14.44173966",
"6/9/1992","-40","-6.08845996856689","587","30.662","17.902","3.0658752","4.28796361334628","0.671033197154761","19.9790991",
"6/10/1992","-40","-6.08845996856689","587","30.825","18.309","0.08583066","3.62947919326863","0.630445099901963","15.41047284",
"6/11/1992","-40","-6.08845996856689","587","31.32","18.806","0","3.60071215124226","0.575287648408875","17.75627604",
"6/12/1992","-40","-6.08845996856689","587","31.075","18.194","0","3.54313442604604","0.624211624389504","20.6145054",
"6/13/1992","-40","-6.08845996856689","587","31.839","17.504","0","3.76441693153992","0.547886842634537","22.0531482",
"6/14/1992","-40","-6.08845996856689","587","31.951","19.443","0.391388004","5.12196444036248","0.502653754408678","22.49808624",
"6/15/1992","-40","-6.08845996856689","587","30.618","15.518","0","5.17353653366242","0.510757519250173","22.64541228",
"6/16/1992","-40","-6.08845996856689","587","28.541","18.204","0.0523567224","5.66078846762484","0.596735817539244","21.2322375",
"6/17/1992","-40","-6.08845996856689","587","31.659","16.918","0","4.82568265780734","0.521246610553555","22.46990868",
"6/18/1992","-40","-6.08845996856689","587","30.818","15.494","0.00686646","4.64244533380207","0.471289068718669","22.44165624",
"6/19/1992","-40","-6.08845996856689","587","29.565","15.466","0.10643004","4.28137357760832","0.56955176017803","20.575296",
"6/20/1992","-40","-6.08845996856689","587","29.121","19.27","1.4694195024","4.46731911004161","0.648312900759578","13.94595036",
"6/21/1992","-40","-6.08845996856689","587","30.408","16.403","1.64193984","3.90946454528585","0.672827075399886","18.03791448",
"6/22/1992","-40","-6.08845996856689","587","30.333","17.221","0.54416664","4.00039457217347","0.66519936553496","19.58495364",
"6/23/1992","-40","-6.08845996856689","587","31.055","19.429","3.1517028","4.28014750500919","0.661373571864232","20.57416668",
"6/24/1992","-40","-6.08845996856689","587","31.299","19.112","1.9165986","4.01985494131551","0.651166546779293","18.67224348",
"6/25/1992","-40","-6.08845996856689","587","30.504","18.969","5.3764351344","4.48412436804406","0.665677020020129","19.96638408",
"6/26/1992","-40","-6.08845996856689","587","30.548","18.005","2.157784956","4.63232231630681","0.65772279971599","18.61582608",
"6/27/1992","-40","-6.08845996856689","587","31.086","17.679","2.19726486","3.6382315816203","0.64143956689768","22.27066272",
"6/28/1992","-40","-6.08845996856689","587","28.177","19.228","3.246117228","2.57873807218275","0.734329352014707","10.261740168",
"6/29/1992","-40","-6.08845996856689","587","29.955","18.201","0.634288896","3.59121781683517","0.671955100586417","14.632140528",
"6/30/1992","-40","-6.08845996856689","587","29.887","17.949","0.0205993584","3.65566348056308","0.647939262352768","16.79883588",
"7/1/1992","-40","-6.08845996856689","587","29.836","18.648","0.779343012","3.4181867533916","0.676994879844194","20.90784654",
"7/2/1992","-40","-6.08845996856689","587","30.483","18.453","0.1029968568","4.16778757779502","0.591956960915165","19.6546482",
"7/3/1992","-40","-6.08845996856689","587","31.478","17.635","0.38452176","3.77569000243617","0.546012929125087","22.01782716",
"7/4/1992","-40","-6.08845996856689","587","29.617","18.976","0.0240326064","3.84838550400385","0.558736532306327","19.76906556",
"7/5/1992","-40","-6.08845996856689","587","30.35","18.437","0.0137329056","4.32775285687617","0.500013803520266","17.47153296",
"7/6/1992","-40","-6.08845996856689","587","29.432","18.271","0","3.66342322605918","0.506999027031587","17.86674996",
"7/7/1992","-40","-6.08845996856689","587","30.842","17.733","0.9510039","3.23904202435163","0.489555476148511","22.380192",
"7/8/1992","-40","-6.08845996856689","587","30.922","18.931","1.409340204","4.23826440419873","0.562806032587953","17.87681358",
"7/9/1992","-40","-6.08845996856689","587","31.108","16.999","0.085830696","4.5070918380283","0.578311786467013","18.06839748",
"7/10/1992","-40","-6.08845996856689","587","31.323","16.135","0","4.60798627693519","0.549199568420469","22.7945826",
"7/11/1992","-40","-6.08845996856689","587","31.536","15.554","0","4.47527852763722","0.427780635814349","23.30544348",
"7/12/1992","-40","-6.08845996856689","587","30.995","16.254","0.54244998","4.21636631219182","0.549235391826687","22.46113152",
"7/13/1992","-40","-6.08845996856689","587","30.023","16.809","7.1891784","3.66657095227005","0.604814771845439","21.97923858",
"7/14/1992","-40","-6.08845996856689","587","30.53","17.248","0","3.35363372593643","0.529775037295242","18.10772028",
"7/15/1992","-40","-6.08845996856689","587","31.005","18.569","0.600814584","3.87417215495319","0.610758896840674","18.15351192",
"7/16/1992","-40","-6.08845996856689","587","32.068","17.664","0","3.82913844309205","0.53042255733034","22.7974464",
"7/17/1992","-40","-6.08845996856689","587","31.39","19.046","0","4.22501297556911","0.473853394142958","22.42603386",
"7/18/1992","-40","-6.08845996856689","587","30.669","19.477","0","5.37632480986871","0.456499401180944","23.22033552",
"7/19/1992","-40","-6.08845996856689","587","31.563","16.949","0.0308990664","4.73427629761069","0.506339512391469","23.30572572",
"7/20/1992","-40","-6.08845996856689","587","30.099","16.733","0","5.034666045898","0.551753914786539","21.80728116",
"7/21/1992","-40","-6.08845996856689","587","30.221","14.946","0","4.49018865192443","0.486734835880678","23.76270108",
"7/22/1992","-40","-6.08845996856689","587","30.513","15.052","0","3.34701329659648","0.501733201897387","23.56048044",
"7/23/1992","-40","-6.08845996856689","587","32.006","14.763","0","3.35763060429208","0.511833568935389","23.35387392",
"7/24/1992","-40","-6.08845996856689","587","31.702","17.475","0.0583649064","4.716575494053","0.48904069741479","19.57910472",
"7/25/1992","-40","-6.08845996856689","587","32.537","18.677","1.2702942","5.09563547344636","0.523621555249051","20.9863071",
"7/26/1992","-40","-6.08845996856689","587","31.523","18.576","0","5.63432971088424","0.474777502101784","23.57718264",
"7/27/1992","-40","-6.08845996856689","587","31.554","18.259","0.0308990664","5.56652775543348","0.530770902450206","22.82034078",
"7/28/1992","-40","-6.08845996856689","587","32.199","19.085","0.017166132","4.98912143781298","0.483416051157108","23.07987468",
"7/29/1992","-40","-6.08845996856689","587","30.91","16.948","0.68321232","5.41320934331488","0.591886547826775","22.6998576",
"7/30/1992","-40","-6.08845996856689","587","31.056","19.294","0.2918244024","5.03700369836371","0.510251892465982","21.28900284",
"7/31/1992","-40","-6.08845996856689","587","32.135","19.057","0.0102996792","3.74373506709904","0.462253370413742","23.47155396",
"8/1/1992","-40","-6.08845996856689","587","31.649","19.57","0.0308990592","4.00907230516712","0.510103293209009","23.81147424",
"8/2/1992","-40","-6.08845996856689","587","32.25","17.643","0","3.8064036166302","0.436320417056735","24.17489676",
"8/3/1992","-40","-6.08845996856689","587","32.329","17.558","0","3.67109978548393","0.42712129478011","24.1858692",
"8/4/1992","-40","-6.08845996856689","587","31.065","18.026","0","4.856611861576","0.455562502764952","21.59330724",
"8/5/1992","-40","-6.08845996856689","587","32.724","17.357","0","5.1637255687885","0.466078819492931","24.19042392",
"8/6/1992","-40","-6.08845996856689","587","31.573","17.33","0.17681112","5.31110139051364","0.484215753227481","24.19723224",
"8/7/1992","-40","-6.08845996856689","587","31.004","17.526","1.4728541256","5.70939303660878","0.582488717930589","21.9351366",
"8/8/1992","-40","-6.08845996856689","587","31.248","16.39","0","5.50599183446669","0.540420227330814","24.57955908",
"8/9/1992","-40","-6.08845996856689","587","31.526","18.644","0.0755310024","4.11784240562214","0.509573111170725","14.534269092",
"8/10/1992","-40","-6.08845996856689","587","30.634","19.754","0.2780917344","5.17439567265366","0.557909513219572","22.37523804",
"8/11/1992","-40","-6.08845996856689","587","32.192","18.365","1.4780043648","5.00053790509313","0.600081261582432","20.34461232",
"8/12/1992","-40","-6.08845996856689","587","20.969","17.285","19.09046772","3.16900564714675","0.851966163260435","2.542669272",
"8/13/1992","-40","-6.08845996856689","587","31.904","17.119","0.0772476048","3.60111576048058","0.572649749928603","17.594834688",
"8/14/1992","-40","-6.08845996856689","587","33.431","18.794","0.0137329056","4.31242652180796","0.49791024275701","24.72666336",
"8/15/1992","-40","-6.08845996856689","587","33.677","19.903","0","4.97731997304883","0.472924034122965","24.99069384",
"8/16/1992","-40","-6.08845996856689","587","33.354","18.473","0","4.99223710262455","0.474814290424981","24.9558768",
"8/17/1992","-40","-6.08845996856689","587","31.857","20.907","0.233459316","4.99898460094411","0.46289415459648","25.12934874",
"8/18/1992","-40","-6.08845996856689","587","30.958","20.161","1.4591219184","4.64968132814122","0.511831504014508","24.74730378",
"8/19/1992","-40","-6.08845996856689","587","31.42","19.431","5.952358764","3.80252255644546","0.592033833852196","21.7352268",
"8/20/1992","-40","-6.08845996856689","587","33.326","18.739","0.57506544","3.70125922881692","0.487162872211842","25.38162972",
"8/21/1992","-40","-6.08845996856689","587","33.323","18.779","0","4.21786078436689","0.389780816311513","25.69663314",
"8/22/1992","-40","-6.08845996856689","587","32.603","18.359","0","4.31271150004416","0.436890371547796","25.86099384",
"8/23/1992","-40","-6.08845996856689","587","33.051","17.935","0","3.65559552910979","0.419018040354618","25.95667158",
"8/24/1992","-40","-6.08845996856689","587","34.196","17.47","0","3.18694538130931","0.399603964985561","25.73386434",
"8/25/1992","-40","-6.08845996856689","587","33.673","20.287","0.0308990376","3.54964065301981","0.47602137869551","25.72295616",
"8/26/1992","-40","-6.08845996856689","587","31.436","19.664","0.02059938","2.93393702117891","0.516283284479678","16.98046596",
"8/27/1992","-40","-6.08845996856689","587","32.255","17.623","0","3.75748392724212","0.482730863452249","24.20848008",
"8/28/1992","-40","-6.08845996856689","587","32.305","18.313","0","4.38151309132693","0.433889773130565","26.29406349",
"8/29/1992","-40","-6.08845996856689","587","32.602","19.841","0","4.81455227175561","0.472437112106629","25.87758624",
"8/30/1992","-40","-6.08845996856689","587","31.852","21.018","0.3158568","5.46131218458396","0.520463350328296","24.537881988",
"8/31/1992","-40","-6.08845996856689","587","32.736","17.817","0","5.56942145369514","0.43870051189174","26.35195014",
"9/1/1992","-40","-6.08845996856689","587","32.623","18.124","0","4.9060173775971","0.450938131858087","26.42478498",
"9/2/1992","-40","-6.08845996856689","587","32.26","19.86","1.4419568664","4.07372810988505","0.539593161202404","21.1439781",
"9/3/1992","-40","-6.08845996856689","587","33.797","18.948","0","4.55671343582555","0.429000219905598","26.64045648",
"9/4/1992","-40","-6.08845996856689","587","32.89","19.97","0","5.26562539791526","0.48194411517388","26.37770427",
"9/5/1992","-40","-6.08845996856689","587","33.565","19.608","0","4.8183319079899","0.439979445718293","26.71430796",
"9/6/1992","-40","-6.08845996856689","587","33.902","19.449","0.36048888","4.85544714932665","0.508614722895715","26.5416174",
"9/7/1992","-40","-6.08845996856689","587","29.75","20.727","5.048561412","3.3851280871452","0.684263648025642","8.96596722",
"9/8/1992","-40","-6.08845996856689","587","33.432","19.676","0.9149552064","3.93408495980414","0.547788147911983","19.66292019",
"9/9/1992","-40","-6.08845996856689","587","33.89","19.996","0.3896714232","3.37912981503648","0.517931097606558","21.614456808",
"9/10/1992","-40","-6.08845996856689","587","31.651","20.541","0.6282807984","3.49912791106545","0.548654801127511","15.6063924",
"9/11/1992","-40","-6.08845996856689","587","33.214","19.875","0.4943844","4.90726614405038","0.499092768250245","25.924727592",
"9/12/1992","-40","-6.08845996856689","587","32.753","19.976","0.0248908968","4.91256766688441","0.508612537471205","20.287344528",
"9/13/1992","-40","-6.08845996856689","587","31.657","19.957","2.0255997024","3.70412795025228","0.553467092288388","17.495603352",
"9/14/1992","-40","-6.08845996856689","587","33.089","20.455","0.0308990592","5.14519985145636","0.478820005203098","22.15355715",
"9/15/1992","-40","-6.08845996856689","587","31.665","20.127","0.0068664528","6.31328468093177","0.49553668718253","22.837379832",
"9/16/1992","-40","-6.08845996856689","587","30.101","19.805","0.12016296","5.63237132940657","0.588364369122773","22.994657802",
"9/17/1992","-40","-6.08845996856689","587","33.692","19.81","0.396537696","3.96670418108533","0.515027507772413","25.97208354",
"9/18/1992","-40","-6.08845996856689","587","34.283","20.883","0.0283241304","4.73423114415735","0.454090739523722","27.07869402",
"9/19/1992","-40","-6.08845996856689","587","34.622","22.011","0.09269712","4.07540853995843","0.416521845952424","25.89108417",
"9/20/1992","-40","-6.08845996856689","587","34.052","20.833","3.5327952","4.93968641017085","0.500102799282544","26.480029068",
"9/21/1992","-40","-6.08845996856689","587","32.846","21.012","2.40669486","5.23778040780419","0.558559843988994","23.905234098",
"9/22/1992","-40","-6.08845996856689","587","31.369","20.274","11.69872812","5.07140032659128","0.576580479689711","24.714847728",
"9/23/1992","-40","-6.08845996856689","587","32.436","21.314","0.0532149984","5.40468379831956","0.450135744323797","26.248279752",
"9/24/1992","-40","-6.08845996856689","587","34.177","21.285","0.0411987456","5.56714297093403","0.438992210688904","27.40251564",
"9/25/1992","-40","-6.08845996856689","587","34.305","21.399","0","5.19087336121411","0.401696940308435","27.787552848",
"9/26/1992","-40","-6.08845996856689","587","34.013","21.065","0","5.01027489407438","0.465164958296842","24.26849388",
"9/27/1992","-40","-6.08845996856689","587","32.414","20.009","0","5.41393217394955","0.496426581471536","26.15714982",
"9/28/1992","-40","-6.08845996856689","587","33.315","19.563","0","4.98045629435082","0.479108919354717","27.515138328",
"9/29/1992","-40","-6.08845996856689","587","34.218","19.045","0","4.98191912751483","0.526177053825132","27.460012248",
"9/30/1992","-40","-6.08845996856689","587","34.676","20.723","0.1905444","4.88133645537035","0.48324246531026","27.365682168",
"10/1/1992","-40","-6.08845996856689","587","33.312","21.303","1.898574372","4.88368275218818","0.524992119557042","21.189034008",
"10/2/1992","-40","-6.08845996856689","587","33.071","21.525","0","5.33676114562514","0.475513280605337","27.21346848",
"10/3/1992","-40","-6.08845996856689","587","34.357","20.426","0","4.61019307629586","0.465250594194871","26.6535594",
"10/4/1992","-40","-6.08845996856689","587","34.668","19.765","0","4.97098785264957","0.442760505352024","28.0503585",
"10/5/1992","-40","-6.08845996856689","587","35.18","19.617","0","5.76120456591186","0.414734705143991","28.307226168",
"10/6/1992","-40","-6.08845996856689","587","33.901","20.399","0","5.93984703051492","0.446198277053633","27.447848712",
"10/7/1992","-40","-6.08845996856689","587","34.343","20.76","0","5.53147134140437","0.445907978681239","27.8722215",
"10/8/1992","-40","-6.08845996856689","587","35.272","20.124","0","5.01416395596897","0.40207491933813","28.34256762",
"10/9/1992","-40","-6.08845996856689","587","34.832","20.083","0","5.06519647436208","0.412614285405188","28.3968684",
"10/10/1992","-40","-6.08845996856689","587","35.162","19.472","0","4.69679038790329","0.430612542475483","28.219111632",
"10/11/1992","-40","-6.08845996856689","587","34.913","20.299","0","5.24776595764372","0.443583493812529","27.98298612",
"10/12/1992","-40","-6.08845996856689","587","34.706","20.534","0","4.99730359282616","0.409284663680365","28.386993312",
"10/13/1992","-40","-6.08845996856689","587","34.246","20.907","0","4.20577485699972","0.439780151813211","22.57492824",
"10/14/1992","-40","-6.08845996856689","587","34.99","19.889","0","4.77571835027479","0.430805940190466","28.37277018",
"10/15/1992","-40","-6.08845996856689","587","34.311","19.865","0","4.8249359778894","0.432332993760431","27.80134488",
"10/16/1992","-40","-6.08845996856689","587","34.225","20.415","0","5.46270665524495","0.371924350208628","28.39206222",
"10/17/1992","-40","-6.08845996856689","587","34.57","21.709","0","5.40245855784738","0.374573903646365","27.7895304",
"10/18/1992","-40","-6.08845996856689","587","34.543","20.94","0","5.36875464820853","0.394806328297646","28.2157335",
"10/19/1992","-40","-6.08845996856689","587","35.12","19.854","0","4.98768439784024","0.449351374779997","28.2040794",
"10/20/1992","-40","-6.08845996856689","587","35.599","20.607","0","5.07336370496352","0.449117416034759","24.52310694",
"10/21/1992","-40","-6.08845996856689","587","33.263","21.327","0","4.11733783222407","0.47230178048025","19.99907154",
"10/22/1992","-40","-6.08845996856689","587","34.507","20.413","0","4.59825488554853","0.451065762873596","20.93455818",
"10/23/1992","-40","-6.08845996856689","587","33.793","20.724","0","5.57618281003055","0.460370602352024","25.8069321",
"10/24/1992","-40","-6.08845996856689","587","35.214","21.234","0","4.871202315926","0.425190750613107","28.09394712",
"10/25/1992","-40","-6.08845996856689","587","35.118","21.509","0","5.12288620177708","0.459712491507547","24.81456096",
"10/26/1992","-40","-6.08845996856689","587","35.435","22.206","0","4.53116368003919","0.435424382723746","27.66734208",
"10/27/1992","-40","-6.08845996856689","587","31.122","22.339","0.1527786144","4.76368384191045","0.52305440861311","9.7429509",
"10/28/1992","-40","-6.08845996856689","587","34.079","20.653","0","6.32895886687089","0.535732671395715","24.89164326",
"10/29/1992","-40","-6.08845996856689","587","34.429","20.483","0","6.23107197092455","0.522107103081272","25.47269154",
"10/30/1992","-40","-6.08845996856689","587","34.317","20.994","0","5.83686669773655","0.496893364726163","27.2729745",
"10/31/1992","-40","-6.08845996856689","587","35.13","21.328","0","5.148531154097","0.461711554740953","25.85294856",
"11/1/1992","-40","-6.08845996856689","587","34.528","20.299","0","4.77288957070254","0.423970550064588","27.69316488",
"11/2/1992","-40","-6.08845996856689","587","33.503","21.206","0","5.63194131106314","0.448658922817639","23.73203952",
"11/3/1992","-40","-6.08845996856689","587","34.258","20.695","0","5.85566760938555","0.447857459603437","27.91756242",
"11/4/1992","-40","-6.08845996856689","587","34.408","21.341","0","5.37929716435744","0.417263637318414","28.005111",
"11/5/1992","-40","-6.08845996856689","587","35.682","21.52","0","4.94802310662827","0.444733529314524","25.73133894",
"11/6/1992","-40","-6.08845996856689","587","34.768","22.187","0","3.71067436810545","0.429652426854282","22.61041614",
"11/7/1992","-40","-6.08845996856689","587","30.993","21.677","0","4.77650014242004","0.485180562921647","17.27082756",
"11/8/1992","-40","-6.08845996856689","587","33.395","21.371","0.01373292","5.07923521602072","0.464576162673309","26.25850728",
"11/9/1992","-40","-6.08845996856689","587","35.484","20.831","0","4.14308071204339","0.473846796433953","22.55382882",
"11/10/1992","-40","-6.08845996856689","587","35.38","23.335","0.0171661392","4.55815760830771","0.415978784431111","27.82513422",
"11/11/1992","-40","-6.08845996856689","587","31.887","21.363","0.0274658184","4.5451646203754","0.499208527383684","20.94322122",
"11/12/1992","-40","-6.08845996856689","587","32.288","20.466","0.0411987312","4.80144056351129","0.478455403273722","24.4959201",
"11/13/1992","-40","-6.08845996856689","587","33.614","20.281","0","5.26007103362633","0.388791107113819","28.260342",
"11/14/1992","-40","-6.08845996856689","587","34.946","19.852","0","5.10546028132944","0.434264655788452","28.186803",
"11/15/1992","-40","-6.08845996856689","587","34.674","20.575","0","5.71409435504778","0.453797184497345","27.8335224",
"11/16/1992","-40","-6.08845996856689","587","34.329","21.057","0","5.96481225321554","0.463858969103687","27.28896048",
"11/17/1992","-40","-6.08845996856689","587","34.539","20.668","0","5.35066124591193","0.466979845433863","27.0484875",
"11/18/1992","-40","-6.08845996856689","587","35.109","19.9","0","4.5397104996496","0.444018510327595","27.86405238",
"11/19/1992","-40","-6.08845996856689","587","34.015","21.324","0","5.0768239365382","0.499158378401771","20.61613026",
"11/20/1992","-40","-6.08845996856689","587","34.713","20.574","0","5.36320828861416","0.465778765266655","27.2682027",
"11/21/1992","-40","-6.08845996856689","587","34.823","20.874","1.79042868","5.06483110196538","0.481987213975068","27.18242118",
"11/22/1992","-40","-6.08845996856689","587","33.839","22.115","2.6538876","4.55167143349423","0.52137820188727","21.56985126",
"11/23/1992","-40","-6.08845996856689","587","31.902","22.667","0.0617980896","5.6324723321335","0.502512847795765","25.68970512",
"11/24/1992","-40","-6.08845996856689","587","32.521","22.337","0.36048888","4.96218856134895","0.502487414147501","19.86294528",
"11/25/1992","-40","-6.08845996856689","587","35.279","22.178","2.265932592","4.91243723683864","0.473308094379767","25.9662447",
"11/26/1992","-40","-6.08845996856689","587","35.196","22.565","3.3096312","5.37185742900038","0.473637430076332","26.77623372",
"11/27/1992","-40","-6.08845996856689","587","34.962","21.688","0","5.57628971313341","0.431020660840162","27.58893822",
"11/28/1992","-40","-6.08845996856689","587","35.255","20.261","0","4.64948310079721","0.456660471814066","27.3047598",
"11/29/1992","-40","-6.08845996856689","587","33.948","21.195","0.36735516","4.62996703455812","0.474277578643635","21.66682158",
"11/30/1992","-40","-6.08845996856689","587","32.679","22.547","1.5689852856","5.66913763908788","0.517487807837143","19.55440638",
"12/1/1992","-40","-6.08845996856689","587","33.756","21.879","0","5.54456661156787","0.462200716851349","25.63767738",
"12/2/1992","-40","-6.08845996856689","587","34.357","21.099","0","5.13876950038554","0.464410308113508","25.39119654",
"12/3/1992","-40","-6.08845996856689","587","34.51","21.857","0","5.27726679207726","0.434010548179126","27.8048844",
"12/4/1992","-40","-6.08845996856689","587","33.975","21.081","0","5.95005031340051","0.438186825823645","27.60395922",
"12/5/1992","-40","-6.08845996856689","587","33.853","20.736","0","5.6355913379524","0.479518389181333","24.55210836",
"12/6/1992","-40","-6.08845996856689","587","34.827","21.394","0","5.35121889007876","0.465030924605017","27.16003008",
"12/7/1992","-40","-6.08845996856689","587","34.512","21.391","0","5.15873040828829","0.429584053869564","25.9162299",
"12/8/1992","-40","-6.08845996856689","587","34.759","22.634","1.80244404","5.65543845449151","0.471327386670956","22.8098223",
"12/9/1992","-40","-6.08845996856689","587","34.259","21.408","0.096130368","5.46808725508879","0.480798568675742","24.15583044",
"12/10/1992","-40","-6.08845996856689","587","32.278","22.011","0.1235961","4.9481107435983","0.517171953962303","18.78867936",
"12/11/1992","-40","-6.08845996856689","587","33.178","22.224","0.484085232","5.3076301684733","0.496744092091454","23.60182482",
"12/12/1992","-40","-6.08845996856689","587","34.186","21.993","0.0205993728","5.65014878338331","0.444744582551149","26.38912212",
"12/13/1992","-40","-6.08845996856689","587","35.015","21.642","0.12702942","4.6365541353526","0.465486652825333","22.9836933",
"12/14/1992","-40","-6.08845996856689","587","27.666","22.57","3.7044549144","3.28888418961317","0.631650263615113","8.71295292",
"12/15/1992","-40","-6.08845996856689","587","29.5","21.059","1.7063141904","3.65473438614712","0.636394966405478","8.0513964",
"12/16/1992","-40","-6.08845996856689","587","32.731","21.176","0.35362224","4.50576861531705","0.493677176226198","23.56835454",
"12/17/1992","-40","-6.08845996856689","587","34.086","21.378","0","3.59485007138275","0.426563164688366","27.49218552",
"12/18/1992","-40","-6.08845996856689","587","33.68","21.611","0","5.71344479152733","0.486472807013841","27.1206621",
"12/19/1992","-40","-6.08845996856689","587","33.292","21.049","0","5.60635996598952","0.476327690658059","28.0423143",
"12/20/1992","-40","-6.08845996856689","587","34.06","20.608","0","5.35010763176836","0.476280484228743","27.91113552",
"12/21/1992","-40","-6.08845996856689","587","34.374","22.045","0","5.06147234628791","0.426860550812492","27.1573884",
"12/22/1992","-40","-6.08845996856689","587","35.002","20.915","0","5.19163419794768","0.44431983337656","28.06121142",
"12/23/1992","-40","-6.08845996856689","587","34.416","21.315","0","5.89287087653892","0.436215764273495","28.0356687",
"12/24/1992","-40","-6.08845996856689","587","34.736","21.64","0","5.22547679442767","0.427941150765428","28.1169495",
"12/25/1992","-40","-6.08845996856689","587","35.697","21.717","0","4.88304410972311","0.502273848562468","23.26336722",
"12/26/1992","-40","-6.08845996856689","587","34.377","21.885","0","3.6107388890644","0.463512266512574","13.60585728",
"12/27/1992","-40","-6.08845996856689","587","35.268","20.218","0","4.60548193855359","0.427742982512651","28.0867446",
"12/28/1992","-40","-6.08845996856689","587","35.208","19.568","0.144195588","4.21002094385629","0.502451400541686","21.24415944",
"12/29/1992","-40","-6.08845996856689","587","34.501","20.678","0.247192092","5.11449686356575","0.493938677153976","26.2826442",
"12/30/1992","-40","-6.08845996856689","587","34.363","21.59","1.012801788","4.91399610732882","0.481733120852996","27.3355362",
"12/31/1992","-40","-6.08845996856689","587","34.342","20.505","0","4.54064842127422","0.351574800313802","28.29611142",
"1/1/1993","-40","-6.08845996856689","587","35.456","21.677","0","4.58248858117979","0.389895358655884","28.1883933",
"1/2/1993","-40","-6.08845996856689","587","36.254","22.361","0","5.20947606763285","0.408286608755945","27.982854",
"1/3/1993","-40","-6.08845996856689","587","35.069","20.544","0","4.81539107733862","0.46066160369447","26.938185048",
"1/4/1993","-40","-6.08845996856689","587","36.117","21.001","0","5.28898974303206","0.486624166040831","21.93272172",
"1/5/1993","-40","-6.08845996856689","587","35.077","21.032","0","4.90481409240905","0.458011833927504","24.9917058",
"1/6/1993","-40","-6.08845996856689","587","32.646","21.658","0.24032592","4.64143535562848","0.491499299499668","19.90428444",
"1/7/1993","-40","-6.08845996856689","587","35.48","20.808","0","5.16378545139929","0.422442142993306","27.66886992",
"1/8/1993","-40","-6.08845996856689","587","35.011","20.031","0","4.60382727484088","0.424243765620434","24.61253022",
"1/9/1993","-40","-6.08845996856689","587","36.143","18.399","0","3.50383059486235","0.432857826819476","28.1907567",
"1/10/1993","-40","-6.08845996856689","587","32.58","20.589","0.2643588","3.14983525676995","0.50075149204128","16.79461812",
"1/11/1993","-40","-6.08845996856689","587","34.011","20.342","4.4082648","4.11327705674138","0.54595558172019","21.44941776",
"1/12/1993","-40","-6.08845996856689","587","33.317","21.904","0","4.89235208128586","0.492187990520708","18.02216358",
"1/13/1993","-40","-6.08845996856689","587","31.133","22.497","0.29182428","4.32651952894963","0.493983609612783","16.65404334",
"1/14/1993","-40","-6.08845996856689","587","35.478","19.348","0.27809172","4.29132009931664","0.402654913966772","28.60458642",
"1/15/1993","-40","-6.08845996856689","587","35.426","20.531","0.102996864","3.5690257458104","0.453363403096222","27.64856124",
"1/16/1993","-40","-6.08845996856689","587","31.69","20.496","6.20727984","3.16354542056532","0.672225304819291","17.51152347",
"1/17/1993","-40","-6.08845996856689","587","29.204","20.456","39.559335228","3.5411420254943","0.835275406164616","14.308253388",
"1/18/1993","-40","-6.08845996856689","587","30.544","18.966","1.0814665104","3.53854658054783","0.73904728037532","17.41972482",
"1/19/1993","-40","-6.08845996856689","587","33.834","19.601","0","4.01055892578849","0.576079113186702","21.11400126",
"1/20/1993","-40","-6.08845996856689","587","34.72","21.004","0.7038117","4.36242577940435","0.563583017307197","21.65085207",
"1/21/1993","-40","-6.08845996856689","587","33.404","20.604","0.3913879176","5.00237491482369","0.579283192349949","18.97582734",
"1/22/1993","-40","-6.08845996856689","587","33.832","18.496","0","4.77863573675943","0.492916654291055","28.21297878",
"1/23/1993","-40","-6.08845996856689","587","34.115","20.178","0","4.81435019361445","0.447951172460699","26.35155171",
"1/24/1993","-40","-6.08845996856689","587","34.858","19.997","0","4.77222302783686","0.490660787631232","28.4081049",
"1/25/1993","-40","-6.08845996856689","587","33.874","21.091","5.12237808","5.31765432485828","0.513036893418514","25.44373107",
"1/26/1993","-40","-6.08845996856689","587","32.327","20.11","12.363051024","4.18273531366136","0.578512825887055","22.30329285",
"1/27/1993","-40","-6.08845996856689","587","34.166","20.716","0","4.6294672584427","0.434264496453867","24.0656589",
"1/28/1993","-40","-6.08845996856689","587","32.225","21.106","0.10986336","4.49875748599196","0.527794936405259","18.21094173",
"1/29/1993","-40","-6.08845996856689","587","32.568","21.362","0.0411987168","4.05841205303419","0.562484318903851","16.42645827",
"1/30/1993","-40","-6.08845996856689","587","32.862","20.084","1.7440793784","3.69592710085647","0.538211806244371","20.0325321",
"1/31/1993","-40","-6.08845996856689","587","25.153","20.301","5.719758588","2.84764161670185","0.747903612431299","8.9143308",
"2/1/1993","-40","-6.08845996856689","587","33.652","19.528","1.94492412","3.73264433697491","0.590430765557949","17.74468584",
"2/2/1993","-40","-6.08845996856689","587","34.094","20.738","0.5819323536","4.1985076966283","0.590352108036441","21.44441574",
"2/3/1993","-40","-6.08845996856689","587","34.118","22.109","0","4.89123301095445","0.467148268727911","27.24941124",
"2/4/1993","-40","-6.08845996856689","587","34.473","20.28","0","4.48111619745755","0.416186454586769","25.30878237",
"2/5/1993","-40","-6.08845996856689","587","34.982","19.56","0","4.87125350108722","0.458189991858038","28.72389528",
"2/6/1993","-40","-6.08845996856689","587","35.941","20.16","0","4.68570604946827","0.410513336022907","28.36006182",
"2/7/1993","-40","-6.08845996856689","587","34.745","20.974","0","4.96482760093163","0.464936535932395","25.07512653",
"2/8/1993","-40","-6.08845996856689","587","36.2","20.524","0","5.0234484858186","0.478870222640797","29.01088305",
"2/9/1993","-40","-6.08845996856689","587","35.824","20.636","0","5.05748672598974","0.453028908901511","28.57280148",
"2/10/1993","-40","-6.08845996856689","587","35.999","21.143","0","5.24583581675753","0.432291366768579","28.88432334",
"2/11/1993","-40","-6.08845996856689","587","35.09","21.786","0","5.03461739229988","0.458106707600724","28.46869308",
"2/12/1993","-40","-6.08845996856689","587","35.913","19.613","0","3.76560598493061","0.467306112164092","27.82766421",
"2/13/1993","-40","-6.08845996856689","587","34.79","21.408","0.048065184","3.88292993757786","0.502457052624674","21.9281598",
"2/14/1993","-40","-6.08845996856689","587","35.924","18.639","0","3.66580029026898","0.446459898469299","27.35847864",
"2/15/1993","-40","-6.08845996856689","587","33.681","20.181","3.404044152","2.84100936037846","0.573606914004529","20.86593867",
"2/16/1993","-40","-6.08845996856689","587","34.191","20.366","4.839130296","3.96759924869342","0.5885318604391","21.15370953",
"2/17/1993","-40","-6.08845996856689","587","32.352","20.372","0","4.1584871727103","0.474351798928173","23.64294501",
"2/18/1993","-40","-6.08845996856689","587","30.442","21.696","0.0034332264","3.26466776846479","0.495128007082525","19.70679636",
"2/19/1993","-40","-6.08845996856689","587","32.662","20.125","0","2.93210641191298","0.482148420147385","18.52774281",
"2/20/1993","-40","-6.08845996856689","587","34.042","20.497","0","3.23232827293744","0.44064790271907","20.83910013",
"2/21/1993","-40","-6.08845996856689","587","35.593","19.602","0","2.84232279109998","0.463420711689979","22.4714862",
"2/22/1993","-40","-6.08845996856689","587","33.469","19.934","0","3.02092716376529","0.514856770606539","19.40085144",
"2/23/1993","-40","-6.08845996856689","587","33.258","20.654","0.259208496","3.67292820187711","0.571141941251896","17.84857347",
"2/24/1993","-40","-6.08845996856689","587","32.889","20.311","1.943208612","3.85928061195979","0.637498034435756","15.62360697",
"2/25/1993","-40","-6.08845996856689","587","32.533","20.116","0.0137329056","3.903049576289","0.595406837170362","21.18329892",
"2/26/1993","-40","-6.08845996856689","587","32.181","20.205","0","5.28605373000581","0.594400303651078","24.86396664",
"2/27/1993","-40","-6.08845996856689","587","33.366","20.416","0.145912248","4.98141391727819","0.584169825747232","21.44615436",
"2/28/1993","-40","-6.08845996856689","587","34.775","19.381","0.6488802","4.02251423187006","0.532093003862535","28.73716308",
"3/1/1993","-40","-6.08845996856689","587","33.617","19.635","0.0068664528","3.67093781064979","0.520870505875161","20.9472192",
"3/2/1993","-40","-6.08845996856689","587","34.065","20.365","2.204133336","3.9980070306543","0.634985549506355","17.395146612",
"3/3/1993","-40","-6.08845996856689","587","33.059","19.936","2.438451432","3.08420515279817","0.636795000255242","14.22523584",
"3/4/1993","-40","-6.08845996856689","587","34.238","19.373","1.50890364","3.9071330995805","0.533234522954439","24.69015657",
"3/5/1993","-40","-6.08845996856689","587","34.67","19.884","1.471137588","4.00376486030576","0.516602129056589","27.94860207",
"3/6/1993","-40","-6.08845996856689","587","34.201","18.871","0","4.44941502507074","0.449091672379641","27.9025371",
"3/7/1993","-40","-6.08845996856689","587","34.84","19.684","0","4.4847821996105","0.40304737702233","28.89556686",
"3/8/1993","-40","-6.08845996856689","587","35.929","20.371","0","4.51043245271256","0.390623836597271","28.95395418",
"3/9/1993","-40","-6.08845996856689","587","35.579","19.997","0","4.58394627632104","0.438030947161418","28.22895396",
"3/10/1993","-40","-6.08845996856689","587","35.362","19.385","0","4.51883083460339","0.448204951164558","27.04325868",
"3/11/1993","-40","-6.08845996856689","587","34.83","20.246","0","5.06015155637723","0.492838208585212","28.5166116",
"3/12/1993","-40","-6.08845996856689","587","35.578","20.358","0","4.79551409880191","0.486728069476941","28.33847469",
"3/13/1993","-40","-6.08845996856689","587","33.797","20.921","0","4.77858539606155","0.487385925918655","27.09032985",
"3/14/1993","-40","-6.08845996856689","587","36.249","20.255","0","4.69317103617463","0.448577940811899","27.56036898",
"3/15/1993","-40","-6.08845996856689","587","34.07","19.679","0","4.34267941130908","0.509485248479048","24.3601263",
"3/16/1993","-40","-6.08845996856689","587","35.104","20.21","0","4.51337417694812","0.493323397269112","21.92968026",
"3/17/1993","-40","-6.08845996856689","587","34.917","21.209","0","5.11432810396579","0.451429952895837","28.08584532",
"3/18/1993","-40","-6.08845996856689","587","35.462","19.767","0.03261564","4.95044845212624","0.459973850856604","28.22354946",
"3/19/1993","-40","-6.08845996856689","587","33.201","20.642","0.037765512","4.2883535305078","0.518556065018845","20.84777046",
"3/20/1993","-40","-6.08845996856689","587","34.946","21.981","0.0102996792","4.25217994743014","0.492030774688201","20.71322046",
"3/21/1993","-40","-6.08845996856689","587","33.388","20.696","0","4.61376370271878","0.514453636643919","22.72641282",
"3/22/1993","-40","-6.08845996856689","587","36.226","19.975","0","4.46015629701841","0.455034631236501","27.7648308",
"3/23/1993","-40","-6.08845996856689","587","35.627","19.946","0.061798068","3.98297680310071","0.506039113683083","27.3026808",
"3/24/1993","-40","-6.08845996856689","587","35.263","19.485","0","4.24546361239015","0.504327982936532","27.34813602",
"3/25/1993","-40","-6.08845996856689","587","35.675","18.411","0.414562392","3.06701596715392","0.536603722823435","22.10489946",
"3/26/1993","-40","-6.08845996856689","587","36.228","21.03","3.48815844","3.78639407165903","0.570841135145037","24.4273491",
"3/27/1993","-40","-6.08845996856689","587","32.101","20.899","1.3372418448","4.40815044863721","0.697141276683685","12.77544042",
"3/28/1993","-40","-6.08845996856689","587","33.565","20.425","1.89342504","4.31895218722336","0.679790637200192","17.580655368",
"3/29/1993","-40","-6.08845996856689","587","32.769","20.727","1.211929704","4.59978157822688","0.671505560579489","23.86073754",
"3/30/1993","-40","-6.08845996856689","587","30.81","21.052","0.2283096384","4.05830864901802","0.647874432754113","18.3933009",
"3/31/1993","-40","-6.08845996856689","587","34.604","20.255","0.087547428","3.4790991484838","0.564512574232735","21.28561776",
"4/1/1993","-40","-6.08845996856689","587","34.729","19.763","0.05321502","3.61960919029196","0.570032494754209","22.87372194",
"4/2/1993","-40","-6.08845996856689","587","34.242","20.826","0.3038409","4.07934216600176","0.548759929426933","27.02542716",
"4/3/1993","-40","-6.08845996856689","587","35.156","19.967","0","4.35203369522438","0.541346417159155","24.73548552",
"4/4/1993","-40","-6.08845996856689","587","34.841","20.856","0","4.81469309901614","0.536490309103993","26.89216272",
"4/5/1993","-40","-6.08845996856689","587","33.041","21.016","0","5.1790341378966","0.575638228198815","21.69759834",
"4/6/1993","-40","-6.08845996856689","587","34.978","20.757","0","4.99425619240041","0.495968250119334","25.26412104",
"4/7/1993","-40","-6.08845996856689","587","33.665","19.978","0","4.77861166969498","0.580052827002494","23.14248768",
"4/8/1993","-40","-6.08845996856689","587","33.016","20.119","0","4.45894318512315","0.591737885246649","19.58478156",
"4/9/1993","-40","-6.08845996856689","587","34.077","19.186","0","4.12068953882617","0.561235787244677","22.98437262",
"4/10/1993","-40","-6.08845996856689","587","35.951","19.355","0","3.96334237968862","0.483088998114036","26.79603822",
"4/11/1993","-40","-6.08845996856689","587","35.672","19.744","0","4.05874756028416","0.497759894480379","25.24438674",
"4/12/1993","-40","-6.08845996856689","587","34.917","19.98","0.271225404","4.34180295719508","0.498682593256492","25.6763232",
"4/13/1993","-40","-6.08845996856689","587","34.949","19.839","0","4.27882482980191","0.428640967481509","26.40808728",
"4/14/1993","-40","-6.08845996856689","587","35.392","21.199","0","4.32859060585098","0.466372209860316","25.3639728",
"4/15/1993","-40","-6.08845996856689","587","34.04","20.964","0.3570558984","4.60961890211031","0.588889157781715","21.5365536",
"4/16/1993","-40","-6.08845996856689","587","30.95","20.377","2.36206224","3.90811234044701","0.626982130104492","19.09360764",
"4/17/1993","-40","-6.08845996856689","587","34.455","18.085","0","3.37570829388768","0.570447396053355","21.52440018",
"4/18/1993","-40","-6.08845996856689","587","32.663","18.782","3.6083220624","2.15105265435119","0.748335779369328","10.17472608",
"4/19/1993","-40","-6.08845996856689","587","35.025","20.762","3.610040868","3.9487279283323","0.583433480791803","21.80362608",
"4/20/1993","-40","-6.08845996856689","587","34.462","20.462","3.46069008","3.8377742846368","0.577673112292934","20.53316016",
"4/21/1993","-40","-6.08845996856689","587","34.466","19.556","0","3.06045639881022","0.527550707347229","20.13767316",
"4/22/1993","-40","-6.08845996856689","587","33.087","20.718","0","3.0661299381457","0.546150215392307","19.16184024",
"4/23/1993","-40","-6.08845996856689","587","28.975","20.714","0.3639224664","3.07504535817718","0.646221155654206","14.60986938",
"4/24/1993","-40","-6.08845996856689","587","34.517","20.383","0.363922416","2.61630843533529","0.575045820330199","18.93633768",
"4/25/1993","-40","-6.08845996856689","587","33.892","20.523","1.847077812","3.64136419620244","0.608498713079621","22.07227032",
"4/26/1993","-40","-6.08845996856689","587","32.774","20.952","0.7570268424","4.06321603935041","0.733375870356884","16.41487842",
"4/27/1993","-40","-6.08845996856689","587","31.727","20.799","1.5844347","4.06415536979306","0.693363426862086","18.43148916",
"4/28/1993","-40","-6.08845996856689","587","29.232","20.785","1.73721348","3.46766606151637","0.690555434643958","13.36719456",
"4/29/1993","-40","-6.08845996856689","587","31.202","20.557","1.4213558448","2.58189943660143","0.708586475878622","9.61149366",
"4/30/1993","-40","-6.08845996856689","587","33.255","20.654","2.14576884","3.08232086726417","0.665375776230262","17.49442104",
"5/1/1993","-40","-6.08845996856689","587","31.016","20.956","12.3493212","2.93078261699257","0.770974081409949","6.062401368",
"5/2/1993","-40","-6.08845996856689","587","32.81","20.592","3.3302322","4.45963542312466","0.688177820944251","20.22795306",
"5/3/1993","-40","-6.08845996856689","587","31.462","20.631","2.073669588","3.37016046559469","0.721003372775214","12.012970428",
"5/4/1993","-40","-6.08845996856689","587","34.6","20.154","1.733780052","3.55579221049832","0.60431139589586","20.76474474",
"5/5/1993","-40","-6.08845996856689","587","34.374","20.692","2.24876448","3.89475420397733","0.611423774121223","23.9181696",
"5/6/1993","-40","-6.08845996856689","587","34.327","20.094","0","4.24504395920172","0.501789384085164","24.567021",
"5/7/1993","-40","-6.08845996856689","587","34.415","19.209","0","3.4770888130123","0.513399888432657","24.56567028",
"5/8/1993","-40","-6.08845996856689","587","34.446","20.759","0.051498396","3.1474772675261","0.507932477541276","23.412654",
"5/9/1993","-40","-6.08845996856689","587","34.725","21.331","0.099563544","3.98533659230464","0.452092508013288","23.94410382",
"5/10/1993","-40","-6.08845996856689","587","33.472","21.042","0.439453044","4.28106688260932","0.492054325052789","19.435671",
"5/11/1993","-40","-6.08845996856689","587","30.944","19.762","0","3.84500828857296","0.548811932756641","15.69740544",
"5/12/1993","-40","-6.08845996856689","587","33.726","19.857","0.01373292","3.96088120778979","0.53856801982688","20.46667896",
"5/13/1993","-40","-6.08845996856689","587","32.449","20.23","4.07867796","3.37732376411867","0.638082249415087","22.4742393",
"5/14/1993","-40","-6.08845996856689","587","34.502","18.925","0","3.68023250790053","0.522248067651037","22.61160198",
"5/15/1993","-40","-6.08845996856689","587","35.101","19.496","0","4.31612732192521","0.504868685357893","23.09242356",
"5/16/1993","-40","-6.08845996856689","587","33.896","21.161","0","4.23130522492531","0.493378771050926","23.60424618",
"5/17/1993","-40","-6.08845996856689","587","33.966","20.635","0","4.15554254777065","0.516040482801325","21.5817165",
"5/18/1993","-40","-6.08845996856689","587","31.071","21.761","0","4.07857384172357","0.551362467609859","11.05166088",
"5/19/1993","-40","-6.08845996856689","587","32.078","21.034","0.085830732","3.16741731782011","0.550746643385361","16.4570049",
"5/20/1993","-40","-6.08845996856689","587","32.862","19.168","0.044631936","3.67442082506079","0.562137771262637","17.50140036",
"5/21/1993","-40","-6.08845996856689","587","31.262","20.173","0.28839114","3.50029398525685","0.65819875858523","10.85726718",
"5/22/1993","-40","-6.08845996856689","587","29.136","19.301","1.7904284568","3.02097399794238","0.758264694433328","14.8843116",
"5/23/1993","-40","-6.08845996856689","587","25.565","18.928","1.6410832344","2.81775418490157","0.857582057591636","6.5850201",
"5/24/1993","-40","-6.08845996856689","587","30.284","18.639","0.6488803584","4.18952853674508","0.676771939360179","17.57356704",
"5/25/1993","-40","-6.08845996856689","587","31.961","17.767","0.4978180224","4.25778709925648","0.598838266899211","22.68286578",
"5/26/1993","-40","-6.08845996856689","587","32.76","18.292","0.034332264","4.13405290689391","0.4815563830644","23.32282518",
"5/27/1993","-40","-6.08845996856689","587","33.427","18.477","0","4.02677540893647","0.499235207194084","23.18477994",
"5/28/1993","-40","-6.08845996856689","587","33.621","19.144","0","3.72566721945245","0.476424167821741","23.1882786",
"5/29/1993","-40","-6.08845996856689","587","33.233","19.592","0.106430076","4.54178411402192","0.516525839171357","18.92446974",
"5/30/1993","-40","-6.08845996856689","587","33.237","19.906","0.034332264","4.84521160594376","0.447239282610002","20.85046722",
"5/31/1993","-40","-6.08845996856689","587","33.653","19.481","0","3.92339193125078","0.455337742726077","22.84920162",
"6/1/1993","-40","-6.08845996856689","587","31.472","20.241","0.01373292","3.49620724084776","0.551284862137958","19.6623549",
"6/2/1993","-40","-6.08845996856689","587","33.728","19.04","0.0068664528","3.79139082109548","0.496106004431948","23.03746542",
"6/3/1993","-40","-6.08845996856689","587","32.48","20.282","0","4.40262588396032","0.414576554115482","23.14940832",
"6/4/1993","-40","-6.08845996856689","587","32.296","17.256","0","3.45332927270911","0.450016910650373","23.15817864",
"6/5/1993","-40","-6.08845996856689","587","32.816","18.22","0","3.90351220464425","0.4982182325494","22.89594942",
"6/6/1993","-40","-6.08845996856689","587","33.411","17.654","0","3.73422478001852","0.484994117476262","22.67505126",
"6/7/1993","-40","-6.08845996856689","587","33.358","18.941","0","3.93741586564968","0.451932672831826","19.49642478",
"6/8/1993","-40","-6.08845996856689","587","33.219","19.506","0.12531276","4.57541208851038","0.466367200122299","22.01855634",
"6/9/1993","-40","-6.08845996856689","587","33.236","18.597","0.36048852","4.75237429746823","0.541746476798584","22.32725742",
"6/10/1993","-40","-6.08845996856689","587","32.678","20.405","4.18338792","4.58160660368735","0.669445064579273","14.80021902",
"6/11/1993","-40","-6.08845996856689","587","29.506","20.553","32.995031796","3.25017410707176","0.78582282292634","11.62788408",
"6/12/1993","-40","-6.08845996856689","587","31.732","20.075","1.8221864904","4.32922164072041","0.621528463257076","21.45004164",
"6/13/1993","-40","-6.08845996856689","587","33.012","18.317","0.63343044","4.33865785629815","0.508961941192267","16.89317352",
"6/14/1993","-40","-6.08845996856689","587","32.208","17.887","0.12702942","4.638175278296","0.479137709305363","22.67454492",
"6/15/1993","-40","-6.08845996856689","587","31.958","17.819","0.22316004","5.73555620350215","0.518967771419536","21.83861484",
"6/16/1993","-40","-6.08845996856689","587","31.235","18.363","0.896072472","5.59088140308029","0.629850007665211","18.15824016",
"6/17/1993","-40","-6.08845996856689","587","28.122","18.925","1.228236732","4.75155923439251","0.677413331983527","11.22165126",
"6/18/1993","-40","-6.08845996856689","587","32.165","17.642","0.0274658184","4.32664250669257","0.50084002989978","22.32084312",
"6/19/1993","-40","-6.08845996856689","587","33.522","17.474","0","3.4052324187236","0.503932137945333","22.39762608",
"6/20/1993","-40","-6.08845996856689","587","34.114","19.928","0","4.35767789112394","0.532880754093667","17.51456124",
"6/21/1993","-40","-6.08845996856689","587","32.698","20.255","0.161361576","4.93054140809682","0.526808215202543","21.13144164",
"6/22/1993","-40","-6.08845996856689","587","31.197","17.898","0.216293364","4.76806513474391","0.608551819406888","17.42129964",
"6/23/1993","-40","-6.08845996856689","587","31.442","17.839","0.3673554624","4.92364238467342","0.577827384843617","22.20064344",
"6/24/1993","-40","-6.08845996856689","587","32.093","16.958","1.34925588","4.41965286661019","0.590640790319864","22.3777656",
"6/25/1993","-40","-6.08845996856689","587","33.09","17.429","0","4.42276966435303","0.477811888012358","22.57205184",
"6/26/1993","-40","-6.08845996856689","587","32.628","18.796","0.00686646","4.74560951200301","0.485467529033422","21.770433",
"6/27/1993","-40","-6.08845996856689","587","32.501","19.608","0.20942676","4.13251924899645","0.508390787848869","22.41844128",
"6/28/1993","-40","-6.08845996856689","587","32.97","20.514","0.0137329128","3.51875350853698","0.509406696547817","21.56197896",
"6/29/1993","-40","-6.08845996856689","587","33.417","17.714","0","3.63276277393026","0.517053890179888","22.79880612",
"6/30/1993","-40","-6.08845996856689","587","32.264","19.881","1.7509484664","3.36349876151686","0.559944731753172","20.5581375",
"7/1/1993","-40","-6.08845996856689","587","31.294","18.353","0.31242384","4.10544334465569","0.604082769573867","19.60633368",
"7/2/1993","-40","-6.08845996856689","587","32.323","17.335","0","4.05118142393168","0.498176460205593","22.93874532",
"7/3/1993","-40","-6.08845996856689","587","33.791","16.701","0","3.97496815353716","0.374087380267969","23.155029",
"7/4/1993","-40","-6.08845996856689","587","33.557","16.836","0","3.92368126852604","0.317237655615493","23.2256214",
"7/5/1993","-40","-6.08845996856689","587","32.057","16.094","0","3.40318563600189","0.451959927740127","22.87029852",
"7/6/1993","-40","-6.08845996856689","587","32.462","16.881","0","3.14267796481311","0.511007276517182","21.52602756",
"7/7/1993","-40","-6.08845996856689","587","33.299","18.445","0.0926973864","2.82588655861326","0.457564489191253","21.16321776",
"7/8/1993","-40","-6.08845996856689","587","32.668","19.293","0.720977148","3.6298389130314","0.484168346929652","22.01293152",
"7/9/1993","-40","-6.08845996856689","587","31.842","19.772","0.22745124","5.16247438412986","0.570350422597647","19.3292442",
"7/10/1993","-40","-6.08845996856689","587","31.479","19.628","1.893426696","5.02935838573836","0.593137629063181","22.03813026",
"7/11/1993","-40","-6.08845996856689","587","32.078","16.818","0","4.12546896965219","0.446226413012986","23.2436808",
"7/12/1993","-40","-6.08845996856689","587","32.284","16.458","0","4.16049642173329","0.523969650346733","23.26781628",
"7/13/1993","-40","-6.08845996856689","587","32.009","17.376","0","4.78645465505789","0.546550638071852","22.23089532",
"7/14/1993","-40","-6.08845996856689","587","32.276","19.302","0.0034332264","4.5797787971109","0.528112725439697","22.96220472",
"7/15/1993","-40","-6.08845996856689","587","30.797","18.981","1.0437012","4.34613348168372","0.552943977194436","22.5960687",
"7/16/1993","-40","-6.08845996856689","587","31.006","17.747","0","3.84744591854117","0.48415212098877","20.26220328",
"7/17/1993","-40","-6.08845996856689","587","31.466","16.441","0.0102996792","4.741185128808","0.487402337256881","23.25026088",
"7/18/1993","-40","-6.08845996856689","587","31.483","18.101","0.7561683864","4.72527475410091","0.512508876288335","23.1225732",
"7/19/1993","-40","-6.08845996856689","587","31.62","16.428","0","4.838421837401","0.473468709388051","23.69812896",
"7/20/1993","-40","-6.08845996856689","587","32.061","15.915","0","4.34590830662953","0.388727143894511","23.89950252",
"7/21/1993","-40","-6.08845996856689","587","31.409","17.825","0.0240326064","4.98189410624115","0.493848510690561","18.56992716",
"7/22/1993","-40","-6.08845996856689","587","30.755","19.751","1.694298492","4.88255265739178","0.57501795335511","18.46507014",
"7/23/1993","-40","-6.08845996856689","587","31.905","16.598","1.22051304","4.64058237126686","0.533092169818767","23.41788948",
"7/24/1993","-40","-6.08845996856689","587","32.707","18.352","0","4.19547872799958","0.437202638914461","23.56233768",
"7/25/1993","-40","-6.08845996856689","587","32.265","19.563","0.048065184","3.29432659277041","0.473772111530124","19.41210504",
"7/26/1993","-40","-6.08845996856689","587","33.454","18.731","0","3.45466709702047","0.454880812991676","23.772717",
"7/27/1993","-40","-6.08845996856689","587","32.623","18.195","0.0034332264","3.81382770525431","0.486277889789441","23.83537032",
"7/28/1993","-40","-6.08845996856689","587","32.06","19.155","0","4.71717047836707","0.423647710635734","24.11004636",
"7/29/1993","-40","-6.08845996856689","587","33.246","16.723","0","5.04332110664814","0.435321981580413","24.44304132",
"7/30/1993","-40","-6.08845996856689","587","31.742","16.576","0","4.68623502944713","0.420619651936031","24.5829276",
"7/31/1993","-40","-6.08845996856689","587","33.117","17.024","0.1356126984","4.68119040990873","0.486181764854205","23.71843152",
"8/1/1993","-40","-6.08845996856689","587","32.4","19.234","0.18196092","5.38120886347172","0.469168727379828","23.57330472",
"8/2/1993","-40","-6.08845996856689","587","32.741","18.655","0","4.88210559913081","0.403313119142552","24.52938696",
"8/3/1993","-40","-6.08845996856689","587","32.596","17.687","0","4.69716936004435","0.42159971572964","24.76580508",
"8/4/1993","-40","-6.08845996856689","587","31.535","18.103","0","5.55948894481067","0.488117859928502","23.0128326",
"8/5/1993","-40","-6.08845996856689","587","32.694","19.56","0","4.86227681566387","0.432604986687104","22.18269744",
"8/6/1993","-40","-6.08845996856689","587","33.356","17.881","0","4.48889917178898","0.399845833385629","24.7317174",
"8/7/1993","-40","-6.08845996856689","587","33.22","19.731","0","4.81253697328347","0.412221348631104","24.76704024",
"8/8/1993","-40","-6.08845996856689","587","33.333","20.811","0.180244548","4.27398755094487","0.464681366944432","23.84831052",
"8/9/1993","-40","-6.08845996856689","587","33.193","20.607","0.051498396","4.52016419092436","0.520017705776328","23.0140152",
"8/10/1993","-40","-6.08845996856689","587","33.266","20.496","0","4.35267930620227","0.491123846602343","24.19329384",
"8/11/1993","-40","-6.08845996856689","587","34.361","19.288","0","4.09389208646848","0.490807671930852","23.95834236",
"8/12/1993","-40","-6.08845996856689","587","34.452","20.082","0.2377509264","4.49175581373995","0.531126922468945","21.1824576",
"8/13/1993","-40","-6.08845996856689","587","32.348","20.432","0.084114072","5.35675885693489","0.541218745441889","24.08320908",
"8/14/1993","-40","-6.08845996856689","587","33.047","20.78","0","5.52641764395805","0.47351104238954","23.31517212",
"8/15/1993","-40","-6.08845996856689","587","32.623","21.257","0.082397484","4.45328341482101","0.533635961719931","21.75867216",
"8/16/1993","-40","-6.08845996856689","587","33.926","20.383","0","4.58929753130038","0.447751794167701","22.33383984",
"8/17/1993","-40","-6.08845996856689","587","33.123","20.306","0.0274658256","4.31115886919045","0.464031230940907","25.197471",
"8/18/1993","-40","-6.08845996856689","587","33.719","19.365","0","3.80611610834869","0.470456371995719","21.2055741",
"8/19/1993","-40","-6.08845996856689","587","34.249","19.95","0","4.61189982657291","0.46587273494872","25.00171704",
"8/20/1993","-40","-6.08845996856689","587","34.412","19.648","0","4.8018222058259","0.481324653121548","25.5871107",
"8/21/1993","-40","-6.08845996856689","587","34.923","20.104","0.209426688","4.45782033801045","0.434471363649323","25.79242392",
"8/22/1993","-40","-6.08845996856689","587","34.55","19.832","0","4.74957169529366","0.374913283746008","26.05240962",
"8/23/1993","-40","-6.08845996856689","587","33.479","19.69","0","5.18709822775026","0.449141304781707","21.11748354",
"8/24/1993","-40","-6.08845996856689","587","31.488","20.022","1.1260997064","5.05462970014573","0.540640213292905","20.25759366",
"8/25/1993","-40","-6.08845996856689","587","31.939","18.562","4.1988397392","5.06591904438565","0.506869782926374","25.95060306",
"8/26/1993","-40","-6.08845996856689","587","33.776","20.062","0","5.36578907436729","0.428903724789844","25.96775616",
"8/27/1993","-40","-6.08845996856689","587","33.043","21.163","0","4.71217414380969","0.455033469898766","25.74320904",
"8/28/1993","-40","-6.08845996856689","587","34.374","19.342","0","3.70746756509562","0.416211027283155","26.20563426",
"8/29/1993","-40","-6.08845996856689","587","34.045","19.497","0","4.08197203417487","0.421614182838535","26.36718876",
"8/30/1993","-40","-6.08845996856689","587","33.448","18.973","0","3.56597558786745","0.421072973148151","26.15281668",
"8/31/1993","-40","-6.08845996856689","587","34.218","19.079","0","3.66065482108352","0.45112018057929","21.17070144",
"9/1/1993","-40","-6.08845996856689","587","34.219","20.171","0","4.70130858173479","0.466677463346869","26.3093607",
"9/2/1993","-40","-6.08845996856689","587","33.606","21.695","0.1235962584","4.62116695346864","0.47809070995393","22.38659946",
"9/3/1993","-40","-6.08845996856689","587","34.211","20.859","0","4.16468938605296","0.352952656114274","25.90363611",
"9/4/1993","-40","-6.08845996856689","587","34.286","19.563","0","3.5194184434328","0.385381389320133","26.78191074",
"9/5/1993","-40","-6.08845996856689","587","33.916","19.81","0","4.1501117639678","0.331845814062591","26.94026367",
"9/6/1993","-40","-6.08845996856689","587","34.245","20.702","0","5.40466565120761","0.452426309086025","26.56063458",
"9/7/1993","-40","-6.08845996856689","587","34.085","20.924","0","6.18851973141945","0.475366863217108","22.1043321",
"9/8/1993","-40","-6.08845996856689","587","34.8","20.755","0","4.7154155552454","0.384767425292287","27.10378134",
"9/9/1993","-40","-6.08845996856689","587","33.718","19.243","0","4.16338024370254","0.401500737702215","27.3630951",
"9/10/1993","-40","-6.08845996856689","587","34.286","20.118","0","4.36203858291419","0.430332519219302","27.007369848",
"9/11/1993","-40","-6.08845996856689","587","34.523","21.866","0.21972672","4.64792371280423","0.451809458990803","25.92347895",
"9/12/1993","-40","-6.08845996856689","587","33.177","21.774","3.440093832","4.12160494199612","0.515156909137969","19.75438575",
"9/13/1993","-40","-6.08845996856689","587","31.028","21.179","0.0377655192","4.97832462962627","0.538753338110126","16.252369272",
"9/14/1993","-40","-6.08845996856689","587","34.063","20.291","0","4.65528581489166","0.41954129587518","27.30155958",
"9/15/1993","-40","-6.08845996856689","587","34.424","20.351","0.67977882","4.55305381590274","0.437920627822163","27.232599888",
"9/16/1993","-40","-6.08845996856689","587","34.694","20.371","0","5.16963109755605","0.484261763818559","26.795079288",
"9/17/1993","-40","-6.08845996856689","587","35.674","21.273","0","5.24204017371975","0.467660744521777","27.3308031",
"9/18/1993","-40","-6.08845996856689","587","36.629","20.388","0","5.00614154412768","0.443865186830078","27.72169092",
"9/19/1993","-40","-6.08845996856689","587","36.947","20.074","0","4.94127465079159","0.400582803590539","27.603568368",
"9/20/1993","-40","-6.08845996856689","587","34.058","22.204","0","3.79915510170981","0.422749432029645","17.18926956",
"9/21/1993","-40","-6.08845996856689","587","35.502","21.625","0.267791652","3.71931471197245","0.40411308330025","22.489705872",
"9/22/1993","-40","-6.08845996856689","587","35.669","20.313","0","3.61222538104181","0.400759447735727","24.098514552",
"9/23/1993","-40","-6.08845996856689","587","32.734","21.189","2.08053864","3.52961080798498","0.530294527930398","19.450123956",
"9/24/1993","-40","-6.08845996856689","587","33.829","21.54","3.041842068","3.06601325557865","0.488387348827129","25.5796317",
"9/25/1993","-40","-6.08845996856689","587","34.404","20.465","0","4.67505774421807","0.494357235708703","26.41905306",
"9/26/1993","-40","-6.08845996856689","587","35.659","20.563","0","4.04088699320735","0.441743088124491","22.842731808",
"9/27/1993","-40","-6.08845996856689","587","30.879","21.113","0.2506257864","2.26403216798547","0.49721341788555","15.15740958",
"9/28/1993","-40","-6.08845996856689","587","33.177","21.485","5.04684684","2.93061417588943","0.558116892931249","19.17641178",
"9/29/1993","-40","-6.08845996856689","587","31.168","22.276","0","4.14767611941301","0.495705347472212","19.677205872",
"9/30/1993","-40","-6.08845996856689","587","33.594","19.661","0","4.72911297022766","0.449526691863372","27.253239048",
"10/1/1993","-40","-6.08845996856689","587","35.288","21.949","0","4.56257156113256","0.416156134003016","27.98275392",
"10/2/1993","-40","-6.08845996856689","587","35.286","20.615","0","3.52546538335277","0.455777056501029","25.8208965",
"10/3/1993","-40","-6.08845996856689","587","35.679","21.017","0","4.2626907569876","0.45246112972937","27.9259353",
"10/4/1993","-40","-6.08845996856689","587","36.072","21.278","0","4.64547342909369","0.458240640525619","22.79874888",
"10/5/1993","-40","-6.08845996856689","587","33.434","21.519","0","3.53034247832643","0.445027559557544","18.08932212",
"10/6/1993","-40","-6.08845996856689","587","35.791","20.318","0","3.083408173297","0.399962610744699","23.15502774",
"10/7/1993","-40","-6.08845996856689","587","37.418","20.81","0.00686646","3.50542004833098","0.379122788030187","28.0910439",
"10/8/1993","-40","-6.08845996856689","587","33.493","22.411","0.442886652","3.07887962471956","0.441734178620211","18.890218368",
"10/9/1993","-40","-6.08845996856689","587","31.554","22.49","3.33709686","4.13434682054147","0.524657867643227","17.318699532",
"10/10/1993","-40","-6.08845996856689","587","34.942","20.284","3.2032008","4.35006498441556","0.476019705617701","28.2746268",
"10/11/1993","-40","-6.08845996856689","587","35.188","21.481","0","5.0183115773773","0.398915576759701","26.79559902",
"10/12/1993","-40","-6.08845996856689","587","35.076","22.569","0","4.9290950450266","0.341869695560349","28.6392141",
"10/13/1993","-40","-6.08845996856689","587","35.228","21.588","0","4.79335950352652","0.357158831994839","27.97008192",
"10/14/1993","-40","-6.08845996856689","587","35.382","21.776","0","4.79086248491732","0.354884840772935","28.2754773",
"10/15/1993","-40","-6.08845996856689","587","35.623","22.958","0","4.9919092621209","0.307783939619399","28.6469163",
"10/16/1993","-40","-6.08845996856689","587","35.539","21.42","0.52871724","4.79782130722405","0.400801154637163","27.9395865",
"10/17/1993","-40","-6.08845996856689","587","35.768","23.115","0.95443704","5.2742933621045","0.424970879295997","25.44161292",
"10/18/1993","-40","-6.08845996856689","587","33.885","21.96","6.111143064","5.39780579609772","0.536386577738199","23.91868188",
"10/19/1993","-40","-6.08845996856689","587","34.993","22.452","0","5.37206358148026","0.463956344368676","24.42920814",
"10/20/1993","-40","-6.08845996856689","587","35.335","21.994","0","3.90704157205155","0.448137213708928","23.38785324",
"10/21/1993","-40","-6.08845996856689","587","35.864","21.713","0.274658292","4.60535550950675","0.472940974136416","23.56165098",
"10/22/1993","-40","-6.08845996856689","587","32.638","22.799","0.9578705328","5.19950278665225","0.535358696185126","18.9995625",
"10/23/1993","-40","-6.08845996856689","587","35.93","22.181","0","4.80480946714806","0.481623117565142","22.72561218",
"10/24/1993","-40","-6.08845996856689","587","36.541","22.083","0","4.93077045862067","0.409563784819121","26.76189978",
"10/25/1993","-40","-6.08845996856689","587","36.148","22.401","0","5.6287500156632","0.399877045601055","28.1248848",
"10/26/1993","-40","-6.08845996856689","587","36.399","21.631","0","6.25655854878591","0.436220169440058","28.3879089",
"10/27/1993","-40","-6.08845996856689","587","32.783","22.262","0.099563616","5.33724838957214","0.511361695229788","23.83009164",
"10/28/1993","-40","-6.08845996856689","587","35.393","22.188","0.940704012","5.4014336711458","0.433709767223931","28.0956447",
"10/29/1993","-40","-6.08845996856689","587","33.806","22.074","0","5.21003201233266","0.43112095879401","20.92280238",
"10/30/1993","-40","-6.08845996856689","587","34.4","22.001","0.2059938","5.51994048938351","0.364684285138093","24.5760741",
"10/31/1993","-40","-6.08845996856689","587","35.102","22.853","0.37078884","5.50883900804272","0.392267584513845","26.9733978",
"11/1/1993","-40","-6.08845996856689","587","35.416","23.137","0","5.71540872903462","0.396131816054327","28.0095021",
"11/2/1993","-40","-6.08845996856689","587","36.44","22.899","0","5.51210410867417","0.376161726866166","28.50731028",
"11/3/1993","-40","-6.08845996856689","587","36.119","21.871","0","4.999873935245","0.401555662062501","28.25663778",
"11/4/1993","-40","-6.08845996856689","587","34.54","22.094","0.981902844","4.14042108172704","0.465772568489322","21.40767972",
"11/5/1993","-40","-6.08845996856689","587","34.345","22.484","3.10020156","4.85798019519693","0.486183264488389","27.1841616",
"11/6/1993","-40","-6.08845996856689","587","35.717","22.59","1.143264744","5.0654072945443","0.457282358191839","27.9512955",
"11/7/1993","-40","-6.08845996856689","587","36.727","22.351","0","5.44626307946557","0.43664874958434","27.8712585",
"11/8/1993","-40","-6.08845996856689","587","35.298","23.551","0","5.67783895159168","0.463740043034251","25.78213152",
"11/9/1993","-40","-6.08845996856689","587","33.332","22.835","0.71411148","5.41912375753137","0.463250503469143","23.64272424",
"11/10/1993","-40","-6.08845996856689","587","33.053","23.271","0.3639221064","5.17996791387413","0.431439465218184","26.0782335",
"11/11/1993","-40","-6.08845996856689","587","35.02","22.478","0","6.0020049548354","0.414319426122092","25.09818192",
"11/12/1993","-40","-6.08845996856689","587","34.981","21.839","0","5.48538855730278","0.398062166350769","23.7606174",
"11/13/1993","-40","-6.08845996856689","587","35.528","22.181","0","5.05826763387138","0.379213084553317","27.6918192",
"11/14/1993","-40","-6.08845996856689","587","35.795","23.379","0","5.31247181918135","0.367092212428956","23.66088498",
"11/15/1993","-40","-6.08845996856689","587","32.745","23.412","0","4.8069045811252","0.431476203020282","21.5443152",
"11/16/1993","-40","-6.08845996856689","587","34.497","22.54","0","4.99765319108075","0.437121185106344","22.81455828",
"11/17/1993","-40","-6.08845996856689","587","35.948","21.102","0","3.76514450633546","0.425900725026736","27.9582741",
"11/18/1993","-40","-6.08845996856689","587","35.161","22.381","0.13046256","3.28566830589749","0.460500523901274","20.97038952",
"11/19/1993","-40","-6.08845996856689","587","34.643","23.036","1.249694748","3.45014888010559","0.489136346692022","21.19094964",
"11/20/1993","-40","-6.08845996856689","587","34.242","22.877","3.89328192","3.62717336224982","0.560623940948295","16.19667756",
"11/21/1993","-40","-6.08845996856689","587","31.555","23.153","0.302124276","4.49901691950649","0.515761717192406","17.57604672",
"11/22/1993","-40","-6.08845996856689","587","34.373","21.585","0","4.92636952031004","0.496261363144459","22.5848304",
"11/23/1993","-40","-6.08845996856689","587","32.785","22.066","0","5.5095197455941","0.497121812138544","26.3273085",
"11/24/1993","-40","-6.08845996856689","587","34.846","21.742","0","5.81985452831335","0.450179939026089","28.13913612",
"11/25/1993","-40","-6.08845996856689","587","35.289","22.531","0","5.33337518053922","0.40118905286028","28.1791701",
"11/26/1993","-40","-6.08845996856689","587","37.083","22.991","0","4.68650722952926","0.417196185752874","28.11875472",
"11/27/1993","-40","-6.08845996856689","587","35.576","23.031","0","5.70707406142098","0.468616985238964","26.4178656",
"11/28/1993","-40","-6.08845996856689","587","35.959","21.947","0.60768108","4.83245319547162","0.436305512097467","27.57031542",
"11/29/1993","-40","-6.08845996856689","587","34.286","22.535","0","3.6877099253466","0.435135937483918","20.97590256",
"11/30/1993","-40","-6.08845996856689","587","32","22.102","0","4.49033855602298","0.526442722701708","16.44069636",
"12/1/1993","-40","-6.08845996856689","587","35.576","21.802","0","4.95289339386842","0.461723286337419","27.50293062",
"12/2/1993","-40","-6.08845996856689","587","36.347","22.023","0.585365292","4.37805659642763","0.426697379232278","27.95934582",
"12/3/1993","-40","-6.08845996856689","587","33.16","22.957","0.79479234","4.1068764309909","0.511716254360124","20.81846304",
"12/4/1993","-40","-6.08845996856689","587","34.011","22.235","0.786209472","3.83109658508454","0.516982437477369","21.77380872",
"12/5/1993","-40","-6.08845996856689","587","29.879","22.591","3.144840372","4.08560416242127","0.561749997018799","9.64659006",
"12/6/1993","-40","-6.08845996856689","587","34.413","21.752","0","5.66615844026643","0.42241872698205","27.843633",
"12/7/1993","-40","-6.08845996856689","587","34.581","22.218","0","6.31013777058085","0.438808045445135","27.3828996",
"12/8/1993","-40","-6.08845996856689","587","33.184","22.455","0","5.274353022343","0.470084452308693","27.57841938",
"12/9/1993","-40","-6.08845996856689","587","35.457","21.425","0","4.99897294276825","0.444479754621372","28.2125232",
"12/10/1993","-40","-6.08845996856689","587","35.515","21.84","0","5.66178233282159","0.463374818552667","28.0125522",
"12/11/1993","-40","-6.08845996856689","587","35.738","22.074","0","5.24171545374674","0.473116983629484","26.78974164",
"12/12/1993","-40","-6.08845996856689","587","34.979","22.557","0","3.76140279983203","0.461189989505629","21.44665512",
"12/13/1993","-40","-6.08845996856689","587","34.123","22.709","0.0034332264","4.24777173646171","0.462375471210244","23.61853368",
"12/14/1993","-40","-6.08845996856689","587","35.667","22.337","0.128746368","5.19948702560253","0.408231674766991","26.9725446",
"12/15/1993","-40","-6.08845996856689","587","35.344","22.182","0","5.51700280446117","0.44362593700606","27.7486362",
"12/16/1993","-40","-6.08845996856689","587","35.939","22.235","0.136470744","4.99256636642264","0.409429282580629","27.8421192",
"12/17/1993","-40","-6.08845996856689","587","36.154","23.356","0.60768108","5.05732787986403","0.398889836294176","27.9174411",
"12/18/1993","-40","-6.08845996856689","587","34.426","21.758","0","4.45945005850302","0.49390473239618","22.33940328",
"12/19/1993","-40","-6.08845996856689","587","34.795","21.554","0","5.55155952172022","0.440309890073149","28.0122156",
"12/20/1993","-40","-6.08845996856689","587","35.644","20.842","0","5.5726928514205","0.428501350519454","27.84713202",
"12/21/1993","-40","-6.08845996856689","587","36.061","22.224","0","5.38518478861336","0.424085474946901","26.460450792",
"12/22/1993","-40","-6.08845996856689","587","35.735","21.595","0","5.44294328371501","0.43065980428518","27.11154618",
"12/23/1993","-40","-6.08845996856689","587","35.492","22.004","0.147628872","5.41164797424587","0.389199031656364","27.9767826",
"12/24/1993","-40","-6.08845996856689","587","34.999","23.072","0.8068086","5.57911351870243","0.382488772871973","27.6140259",
"12/25/1993","-40","-6.08845996856689","587","35.362","22.845","0","5.27505226769713","0.416500989426689","27.5438835",
"12/26/1993","-40","-6.08845996856689","587","35.119","22.378","0.765609912","5.29311053731474","0.455173458820304","26.9278857",
"12/27/1993","-40","-6.08845996856689","587","35.172","22.117","2.2384643544","2.64447760710596","0.513504128240507","19.64301174",
"12/28/1993","-40","-6.08845996856689","587","34.71","22.88","1.9414900728","3.43429636538282","0.49145248170433","19.2620763",
"12/29/1993","-40","-6.08845996856689","587","36.245","21.817","0","4.78606355306735","0.39189669045777","27.76538772",
"12/30/1993","-40","-6.08845996856689","587","37.34","21.393","0","4.87318223821863","0.427171103110988","28.21162842",
"12/31/1993","-40","-6.08845996856689","587","35.33","22.392","0.317573748","3.55835182535934","0.540552886386074","18.52115328",
"1/1/1994","-40","-6.08845996856689","587","33.868","22.045","4.68978876","2.95200512843389","0.599740783506861","15.39010494",
"1/2/1994","-40","-6.08845996856689","587","34.08","21.753","1.8676786104","4.38238139407557","0.565187811848889","22.74395112",
"1/3/1994","-40","-6.08845996856689","587","35.487","21.789","1.647949068","4.17855285699755","0.566209083431184","19.16414604",
"1/4/1994","-40","-6.08845996856689","587","33.141","21.844","2.8049451264","4.16392678735674","0.674317044146494","17.45915553",
"1/5/1994","-40","-6.08845996856689","587","30.31","20.981","3.692433564","3.22132950360098","0.720742517228091","8.842329",
"1/6/1994","-40","-6.08845996856689","587","30.989","20.056","2.04963714","3.52876004722668","0.661892141604017","21.13065162",
"1/7/1994","-40","-6.08845996856689","587","32.352","21.584","0.0034332264","3.46243330154561","0.540921432173247","22.72617639",
"1/8/1994","-40","-6.08845996856689","587","33.789","21.434","2.0153061288","3.5009555088824","0.593897641725743","21.42044388",
"1/9/1994","-40","-6.08845996856689","587","31.654","21.579","3.004074324","3.56719806621727","0.653748052874732","14.62640634",
"1/10/1994","-40","-6.08845996856689","587","34.206","20.688","0","4.23923372028923","0.567554021795146","24.49057986",
"1/11/1994","-40","-6.08845996856689","587","32.981","21.108","0","4.12769711786793","0.551161759183103","23.24452698",
"1/12/1994","-40","-6.08845996856689","587","35.283","21.784","0","3.62322095519527","0.455870305399828","22.9835259",
"1/13/1994","-40","-6.08845996856689","587","33.537","21.275","0.082397484","4.33154330174","0.517259974066549","23.8391982",
"1/14/1994","-40","-6.08845996856689","587","35.367","21.08","0","4.16008051088307","0.510617755576912","21.88856196",
"1/15/1994","-40","-6.08845996856689","587","32.736","20.859","0.082397304","3.95696588186922","0.550286473974661","21.50617644",
"1/16/1994","-40","-6.08845996856689","587","31.613","21.127","1.067733576","3.20930045191839","0.588471923631241","14.70369438",
"1/17/1994","-40","-6.08845996856689","587","32.152","20.936","0.6420135384","3.65838069625838","0.64813748631388","21.72403674",
"1/18/1994","-40","-6.08845996856689","587","31.8","20.79","0.446319612","3.1250827978058","0.652529581943757","20.3307129",
"1/19/1994","-40","-6.08845996856689","587","30.002","18.815","0.0823974624","3.43065835503905","0.728174656047488","19.82166012",
"1/20/1994","-40","-6.08845996856689","587","29.614","19.106","4.60567728","2.77852191353762","0.737913883203781","21.93119316",
"1/21/1994","-40","-6.08845996856689","587","26.73","19.699","6.928254216","3.31979366046795","0.806312458158996","24.30326799",
"1/22/1994","-40","-6.08845996856689","587","30.044","19.133","1.4831546544","3.54437966635882","0.799201784647212","19.05040917",
"1/23/1994","-40","-6.08845996856689","587","31.313","19.148","0","3.95072385432895","0.670518232174307","24.37053327",
"1/24/1994","-40","-6.08845996856689","587","33.71","19.473","0","4.67255184900803","0.534245546732597","29.05267446",
"1/25/1994","-40","-6.08845996856689","587","34.681","19.55","0","3.67767412292987","0.53581372260232","27.20757231",
"1/26/1994","-40","-6.08845996856689","587","34.784","22.529","0.0343322712","4.38061265608138","0.50106438285879","27.42164352",
"1/27/1994","-40","-6.08845996856689","587","34.953","21.681","0.305557272","3.67452101259674","0.55346696001053","23.01002262",
"1/28/1994","-40","-6.08845996856689","587","30.257","21.356","0.2506254264","4.08624559060958","0.616833236529104","17.46550854",
"1/29/1994","-40","-6.08845996856689","587","34.266","20.651","0","3.90573262676859","0.549578091688904","20.39540436",
"1/30/1994","-40","-6.08845996856689","587","35.922","20.207","0","3.88183681828791","0.477413213432865","22.5885393",
"1/31/1994","-40","-6.08845996856689","587","35.315","21.973","0.04119876","4.73708802025688","0.481827419915976","28.4409",
"2/1/1994","-40","-6.08845996856689","587","36.197","21.089","0","3.81397395107961","0.463295405775461","23.18596569",
"2/2/1994","-40","-6.08845996856689","587","34.582","22.741","0.085830696","4.44990260668258","0.454522194139214","26.561367",
"2/3/1994","-40","-6.08845996856689","587","34.84","20.564","0","4.08073142087366","0.505487339624964","22.09679838",
"2/4/1994","-40","-6.08845996856689","587","35.308","19.929","3.460696884","3.13815054871147","0.605254838904377","18.05029083",
"2/5/1994","-40","-6.08845996856689","587","25.179","20.603","10.196683128","2.51920569035327","0.856676307537884","4.281749298",
"2/6/1994","-40","-6.08845996856689","587","29.693","20.279","14.898489984","2.44987258555093","0.802128993309104","10.98540225",
"2/7/1994","-40","-6.08845996856689","587","31.628","18.956","0.8445735432","2.96474553302654","0.72748282106939","10.39072374",
"2/8/1994","-40","-6.08845996856689","587","31.312","19.974","0.305557344","4.15248110761065","0.652046100264917","15.917463",
"2/9/1994","-40","-6.08845996856689","587","31.944","20.358","0.4222872","4.48479035022399","0.62005111806817","21.82725846",
"2/10/1994","-40","-6.08845996856689","587","32.318","19.94","0.2712249864","2.99835296104552","0.553664188646143","19.68052329",
"2/11/1994","-40","-6.08845996856689","587","30.513","19.63","2.74658184","2.72851065064858","0.674973362140088","17.2193094",
"2/12/1994","-40","-6.08845996856689","587","32.111","20.082","2.351760228","2.88857588347831","0.740329298573176","17.899425648",
"2/13/1994","-40","-6.08845996856689","587","32.081","20.667","1.2977598384","3.65109221841164","0.747490059810054","18.17555607",
"2/14/1994","-40","-6.08845996856689","587","32.106","19.802","0.8102412576","3.61739076247195","0.731178644775651","21.127953222",
"2/15/1994","-40","-6.08845996856689","587","32.487","20.418","1.74751344","4.04163205109095","0.662344440804609","23.67247941",
"2/16/1994","-40","-6.08845996856689","587","33.659","20.737","0","4.08211947378743","0.57082071131368","28.79589735",
"2/17/1994","-40","-6.08845996856689","587","32.174","20.826","0.57678228","3.94110781995098","0.665721133268872","20.01521673",
"2/18/1994","-40","-6.08845996856689","587","32.474","20.502","2.3139988056","3.93220775429553","0.702379943121044","23.25205881",
"2/19/1994","-40","-6.08845996856689","587","30.339","20.272","0.933837912","3.35866045769133","0.690741715229207","16.06477167",
"2/20/1994","-40","-6.08845996856689","587","32.317","20.554","0","4.1952903878955","0.63402370811875","22.0212018",
"2/21/1994","-40","-6.08845996856689","587","32.6","19.877","0","4.43188980440749","0.627282449204423","22.89498444",
"2/22/1994","-40","-6.08845996856689","587","33.649","20.335","0","4.56173839726096","0.595143395855139","25.06296708",
"2/23/1994","-40","-6.08845996856689","587","34.449","20.974","0.48580236","4.36898250167881","0.543006235943836","24.41879793",
"2/24/1994","-40","-6.08845996856689","587","33.908","20.208","0","3.93617124815649","0.465031197873985","23.9503014",
"2/25/1994","-40","-6.08845996856689","587","34.009","18.969","0","3.22309563823858","0.508819777254743","22.7834982",
"2/26/1994","-40","-6.08845996856689","587","35.036","20.656","0.120162996","4.3510695387613","0.582894478333038","21.61963116",
"2/27/1994","-40","-6.08845996856689","587","33.717","20.743","0","4.80246151667727","0.606768693167644","21.59403876",
"2/28/1994","-40","-6.08845996856689","587","32.849","21.321","0.1235961936","4.52663086402024","0.58933886289591","22.07548332",
"3/1/1994","-40","-6.08845996856689","587","33.378","21.523","0.928688004","4.15418214017765","0.597403427204089","20.59199676",
"3/2/1994","-40","-6.08845996856689","587","34.326","20.535","0","4.54541677097022","0.529481877096519","24.92308512",
"3/3/1994","-40","-6.08845996856689","587","35.091","20.676","0","4.95719750181864","0.507440637704249","28.8282321",
"3/4/1994","-40","-6.08845996856689","587","34.777","20.811","0","5.1707581332339","0.521998473468853","25.64954766",
"3/5/1994","-40","-6.08845996856689","587","34.562","20.199","0","5.03345742423048","0.523779244702462","21.7698183",
"3/6/1994","-40","-6.08845996856689","587","33.902","20.489","0.78620976","3.50287953761617","0.56730429787386","20.54694978",
"3/7/1994","-40","-6.08845996856689","587","30.424","18.184","0.652312692","1.34931841790193","0.708590247899672","13.88271942",
"3/8/1994","-40","-6.08845996856689","587","31.228","18.436","2.1320357904","2.16552378209611","0.757677193099768","13.69220454",
"3/9/1994","-40","-6.08845996856689","587","30.857","19.953","4.696654716","2.2488955559928","0.770623662920844","12.83844438",
"3/10/1994","-40","-6.08845996856689","587","29.848","19.749","11.45324376","2.46225084830006","0.772659499019417","25.59391884",
"3/11/1994","-40","-6.08845996856689","587","31.612","18.893","1.103783688","2.94004573821831","0.754173795249849","22.04988786",
"3/12/1994","-40","-6.08845996856689","587","31.415","19","6.0665120064","3.25468391537965","0.813055746391114","27.29221938",
"3/13/1994","-40","-6.08845996856689","587","33.84","18.914","0.123596208","3.96662987334401","0.684329727666179","23.12723754",
"3/14/1994","-40","-6.08845996856689","587","32.646","20.948","0.360489276","4.61910518907344","0.708806521711391","25.94295198",
"3/15/1994","-40","-6.08845996856689","587","32.813","21.206","0.85487382","4.67640784650669","0.705870908101117","26.727129",
"3/16/1994","-40","-6.08845996856689","587","33.636","19.842","0.0446319288","4.01813522291743","0.651495345598643","23.13624744",
"3/17/1994","-40","-6.08845996856689","587","33.82","19.584","0","3.95963428599708","0.578096356489123","28.27276632",
"3/18/1994","-40","-6.08845996856689","587","34.783","19.011","0","3.60364921823421","0.560233388239394","27.4348656",
"3/19/1994","-40","-6.08845996856689","587","31.571","19.773","2.197268064","3.41781896345181","0.710958549134353","17.767012752",
"3/20/1994","-40","-6.08845996856689","587","34.18","20.088","1.273726764","4.32840382492439","0.641053779520096","23.06581794",
"3/21/1994","-40","-6.08845996856689","587","33.605","20.641","2.736285228","4.05056827730024","0.672049295111839","23.01766092",
"3/22/1994","-40","-6.08845996856689","587","32.933","20.848","1.39732362","3.92095955449933","0.721564924498526","21.94093134",
"3/23/1994","-40","-6.08845996856689","587","32.258","19.463","0.638580204","4.14283339458785","0.723016813656948","19.14868638",
"3/24/1994","-40","-6.08845996856689","587","33.132","21.068","2.8873435464","4.41706193050273","0.691035733947734","21.794909508",
"3/25/1994","-40","-6.08845996856689","587","32.021","20.044","2.49938892","4.37294723250826","0.747729750889702","19.87981956",
"3/26/1994","-40","-6.08845996856689","587","33.809","20.227","2.547452376","4.22976722319514","0.670483527372739","21.62075778",
"3/27/1994","-40","-6.08845996856689","587","32.935","19.581","0.123596244","3.81721283595818","0.635758827186172","20.47117302",
"3/28/1994","-40","-6.08845996856689","587","31.998","20.143","0.1991273184","4.08935285728292","0.61817723883393","18.4951116",
"3/29/1994","-40","-6.08845996856689","587","33.234","20.683","0.755310024","3.8945312843595","0.63635006900716","21.83906574",
"3/30/1994","-40","-6.08845996856689","587","28.548","19.551","3.738784212","3.01264709276245","0.823122473021704","16.85958966",
"3/31/1994","-40","-6.08845996856689","587","33.005","20.014","0.28839078","4.22996868326831","0.670503159921124","25.6631058",
"4/1/1994","-40","-6.08845996856689","587","32.254","19.813","0.06523128","4.08063670032572","0.628246061080187","20.42550054",
"4/2/1994","-40","-6.08845996856689","587","31.065","20.384","2.858162472","3.73671191866446","0.803961949858679","22.52447028",
"4/3/1994","-40","-6.08845996856689","587","31.015","21.017","3.8907059184","3.3876195061458","0.811176074878633","24.88815252",
"4/4/1994","-40","-6.08845996856689","587","32.5","20.273","4.618544976","3.06561956980129","0.778683922445279","20.78870778",
"4/5/1994","-40","-6.08845996856689","587","29.792","20.624","3.19290192","3.30449856471557","0.806002313691831","15.73419006",
"4/6/1994","-40","-6.08845996856689","587","32.276","19.871","0.2128602672","3.49968238938664","0.712434142540749","21.09859092",
"4/7/1994","-40","-6.08845996856689","587","31.426","20.835","12.369061692","2.85483078737118","0.833022922172411","24.87627918",
"4/8/1994","-40","-6.08845996856689","587","30.45","18.617","6.9952053024","1.48869968738595","0.89974036023753","18.10091196",
"4/9/1994","-40","-6.08845996856689","587","29.166","20.839","16.51897476","1.73268360010355","0.89519419735098","20.45846322",
"4/10/1994","-40","-6.08845996856689","587","30.881","20.658","18.5617481832","4.0055076232421","0.786006673134496","21.60995814",
"4/11/1994","-40","-6.08845996856689","587","32.666","20.108","2.973174876","2.53866914570448","0.689477213874726","21.53772864",
"4/12/1994","-40","-6.08845996856689","587","29.888","20.508","9.968375088","1.81751163834761","0.848075766769099","14.21870832",
"4/13/1994","-40","-6.08845996856689","587","32.177","20.554","1.44195624","3.93526659449278","0.718449716279805","21.29607612",
"4/14/1994","-40","-6.08845996856689","587","26.158","19.34","2.6083933272","3.1673903895653","0.76164491025717","7.42039236",
"4/15/1994","-40","-6.08845996856689","587","25.441","19.395","10.3520448","1.76487532739955","0.902592729208098","8.13228156",
"4/16/1994","-40","-6.08845996856689","587","21.895","18.985","16.179085656","1.59031027334744","0.951612588249131","4.84199766",
"4/17/1994","-40","-6.08845996856689","587","27.143","18.976","4.8408542064","2.30069872860726","0.890858392118215","12.71958678",
"4/18/1994","-40","-6.08845996856689","587","30.359","18.846","4.34131614","3.32198829954317","0.793573378368071","21.74090364",
"4/19/1994","-40","-6.08845996856689","587","30.983","19.865","0.7261276392","3.07245829249024","0.768376426169156","19.2254094",
"4/20/1994","-40","-6.08845996856689","587","32.219","19.203","0.3742218","3.26232862726499","0.660308122737356","22.90415526",
"4/21/1994","-40","-6.08845996856689","587","31.916","20.494","2.16979992","3.59895663925723","0.64278327550948","25.526367",
"4/22/1994","-40","-6.08845996856689","587","32.573","19.013","0.655746192","3.35553965988059","0.609876699574122","24.69368916",
"4/23/1994","-40","-6.08845996856689","587","33.351","20.69","1.697729328","3.01482042824791","0.596783695339098","25.27222194",
"4/24/1994","-40","-6.08845996856689","587","32.497","19.041","0","3.36912140942729","0.598477292765034","25.28583894",
"4/25/1994","-40","-6.08845996856689","587","32.885","19.637","0.0532150128","3.41030792457767","0.573050736559043","24.9579594",
"4/26/1994","-40","-6.08845996856689","587","30.25","19.195","0","3.3666073850067","0.643863148218839","19.06172208",
"4/27/1994","-40","-6.08845996856689","587","33.482","20.128","0.336456432","3.23748351380452","0.670579704212977","18.73057626",
"4/28/1994","-40","-6.08845996856689","587","29.984","20.86","2.492523468","3.79703371450338","0.738031565968453","14.85810144",
"4/29/1994","-40","-6.08845996856689","587","26.637","20.443","3.376580976","3.04310645262874","0.88045080650357","10.83762918",
"4/30/1994","-40","-6.08845996856689","587","31.544","20.686","1.502037468","3.7063349679998","0.669053804161561","20.23880868",
"5/1/1994","-40","-6.08845996856689","587","31.886","20.039","2.446175772","3.82543013451876","0.652125713372693","24.07752972",
"5/2/1994","-40","-6.08845996856689","587","31.139","20.427","1.36127448","4.23076187865167","0.719855216277682","20.12720958",
"5/3/1994","-40","-6.08845996856689","587","27.462","19.56","0.212860044","3.04663605520022","0.740143167148918","8.7744375",
"5/4/1994","-40","-6.08845996856689","587","29.042","20.37","9.3795714144","2.71319269583227","0.801522865928372","13.3637679",
"5/5/1994","-40","-6.08845996856689","587","32.091","20.745","5.05371132","3.53037662790921","0.690602865105881","22.91028678",
"5/6/1994","-40","-6.08845996856689","587","32.426","19.46","0","3.64011676328216","0.681816154464148","19.4465808",
"5/7/1994","-40","-6.08845996856689","587","30.949","20.077","0.4016875896","3.3362608685198","0.708177113064975","15.63811956",
"5/8/1994","-40","-6.08845996856689","587","31.184","19.268","2.9027919528","3.77846746503563","0.728425347779457","18.10440108",
"5/9/1994","-40","-6.08845996856689","587","27.556","19.692","3.3439657464","2.57517286390641","0.844402266984339","8.69979744",
"5/10/1994","-40","-6.08845996856689","587","31.467","20.118","5.938625088","3.59058829936978","0.705660522937439","19.92825144",
"5/11/1994","-40","-6.08845996856689","587","31.36","20.766","5.010791328","3.75435810291398","0.720006319282298","20.63530242",
"5/12/1994","-40","-6.08845996856689","587","32.194","19.908","1.567268172","3.6332587340129","0.649185660794513","22.71161628",
"5/13/1994","-40","-6.08845996856689","587","32.517","20.848","0.2042768952","3.87212018032221","0.648487908385665","22.08296178",
"5/14/1994","-40","-6.08845996856689","587","32.391","19.923","0.7432936056","3.78690533231959","0.684842006008152","23.1455304",
"5/15/1994","-40","-6.08845996856689","587","30.516","19.777","0.3398893704","4.21367327991758","0.695916203336072","23.06300508",
"5/16/1994","-40","-6.08845996856689","587","31.246","19.946","11.5734159864","3.4129736118348","0.680800021340127","23.2335027",
"5/17/1994","-40","-6.08845996856689","587","29.77","20.223","1.42993872","3.32488024321954","0.681025793217605","18.28923642",
"5/18/1994","-40","-6.08845996856689","587","32.135","19.168","0","3.54120259733023","0.548122145415679","20.01419838",
"5/19/1994","-40","-6.08845996856689","587","32.665","19.665","0","3.39225867366728","0.567510999397252","23.35590468",
"5/20/1994","-40","-6.08845996856689","587","29.639","20.2","1.23768036","3.56739234334324","0.718963606414467","11.4730902",
"5/21/1994","-40","-6.08845996856689","587","29.631","20.082","1.344109176","3.91544003894048","0.798508587951747","16.69927482",
"5/22/1994","-40","-6.08845996856689","587","30.243","18.619","0","3.71216843451989","0.696412655734012","18.30774564",
"5/23/1994","-40","-6.08845996856689","587","31.611","20.428","0.2128603176","4.10366486829498","0.616646798652905","22.39998534",
"5/24/1994","-40","-6.08845996856689","587","29.419","19.55","0.0205993728","3.5439554219816","0.634426360261287","16.73589312",
"5/25/1994","-40","-6.08845996856689","587","32.097","18.995","0","3.8805731682207","0.612869384671729","22.9568661",
"5/26/1994","-40","-6.08845996856689","587","30.89","21.237","0","4.16327377682169","0.6094529066491","16.98395868",
"5/27/1994","-40","-6.08845996856689","587","28.26","20.68","3.9190283928","2.64774182962524","0.804468910209007","5.167573452",
"5/28/1994","-40","-6.08845996856689","587","29.734","19.473","0.746727372","2.70787807193376","0.743897306632721","10.43920818",
"5/29/1994","-40","-6.08845996856689","587","31.428","19.735","0.0806808528","3.5707248378833","0.679432557623903","16.21192842",
"5/30/1994","-40","-6.08845996856689","587","31.261","20.312","0.580215312","4.00802893037167","0.687765267949012","19.83178782",
"5/31/1994","-40","-6.08845996856689","587","31.439","19.641","0.0171661464","4.65695635523039","0.599733968732694","22.7368674",
"6/1/1994","-40","-6.08845996856689","587","31.55","19.174","0.065231352","4.26177725122247","0.608692682353594","21.1062969",
"6/2/1994","-40","-6.08845996856689","587","32.524","19.734","2.945710188","3.41831872860876","0.695801918210886","19.97341686",
"6/3/1994","-40","-6.08845996856689","587","31.46","19.171","2.368926036","3.78392593735591","0.683502484299924","21.96062316",
"6/4/1994","-40","-6.08845996856689","587","26.539","20.681","7.69385808","3.06427997491718","0.867344296986381","10.04601654",
"6/5/1994","-40","-6.08845996856689","587","26.972","20.165","5.9772503448","3.1072553038517","0.864271126101343","7.50875598",
"6/6/1994","-40","-6.08845996856689","587","29.581","19.366","2.73972042","3.63793226934206","0.727506480322963","20.95745346",
"6/7/1994","-40","-6.08845996856689","587","30.915","20","0.01373292","4.02441995401994","0.564649073977256","22.20187518",
"6/8/1994","-40","-6.08845996856689","587","30.946","18.316","0","3.52935917099796","0.551219741602786","22.8144438",
"6/9/1994","-40","-6.08845996856689","587","30.198","18.867","1.1466983088","2.95398011231118","0.743489229850912","13.6594179",
"6/10/1994","-40","-6.08845996856689","587","31.272","20.344","1.6616841984","3.66697651252309","0.659277714481704","21.26531016",
"6/11/1994","-40","-6.08845996856689","587","30.81","19.695","5.8261852368","3.98333201825441","0.680570390940899","17.67999024",
"6/12/1994","-40","-6.08845996856689","587","29.916","18.143","0","3.81495174042047","0.635526467200397","17.8786152",
"6/13/1994","-40","-6.08845996856689","587","29.884","20.135","0.12702942","3.81652377879781","0.636144252128516","19.26157176",
"6/14/1994","-40","-6.08845996856689","587","30.644","20.093","3.14139924","4.20307124062218","0.69937065916375","21.24387576",
"6/15/1994","-40","-6.08845996856689","587","30.582","18.988","0.0137329056","4.13261542673552","0.673137756248652","22.60017144",
"6/16/1994","-40","-6.08845996856689","587","31.434","18.972","1.002502152","3.70961951504836","0.760683795433012","19.63023336",
"6/17/1994","-40","-6.08845996856689","587","25.892","19.835","7.08961788","2.90793769092377","0.905152777858797","10.8618156",
"6/18/1994","-40","-6.08845996856689","587","29.274","19.814","3.944778732","4.36129828824877","0.772661680175497","17.4389571",
"6/19/1994","-40","-6.08845996856689","587","30.371","19.663","1.8024449904","4.11826992801398","0.699375882076728","22.2157728",
"6/20/1994","-40","-6.08845996856689","587","27.887","20.113","6.636423636","3.32691977561865","0.819495754636242","15.65426322",
"6/21/1994","-40","-6.08845996856689","587","27.938","19.606","8.761598928","3.80144526319015","0.852102965778101","9.92278602",
"6/22/1994","-40","-6.08845996856689","587","28.991","18.608","1.11923172","3.8173147743165","0.747391088809553","21.86482464",
"6/23/1994","-40","-6.08845996856689","587","27.871","19.406","1.5174866088","4.07910122644229","0.820988881776693","21.25574928",
"6/24/1994","-40","-6.08845996856689","587","29.864","19.344","0.60424794","3.74231750311094","0.733460976587816","21.39001488",
"6/25/1994","-40","-6.08845996856689","587","30.549","18.616","0","4.03929560333948","0.695851843593437","22.177179",
"6/26/1994","-40","-6.08845996856689","587","30.575","19.336","0.2231595288","4.78060337267675","0.734750441073576","21.96236016",
"6/27/1994","-40","-6.08845996856689","587","30.271","19.552","0.5458832424","4.57886999461695","0.75457142462417","21.671262",
"6/28/1994","-40","-6.08845996856689","587","28.971","19.481","1.205063892","3.856785033028","0.742942788946769","18.7753482",
"6/29/1994","-40","-6.08845996856689","587","29.55","18.633","3.337093944","4.43373609801523","0.743758108948194","20.56668984",
"6/30/1994","-40","-6.08845996856689","587","29.341","17.525","4.61769318","4.46825142945166","0.681453175330593","22.5615348",
"7/1/1994","-40","-6.08845996856689","587","29.3","17.321","3.38688144","4.34655803716858","0.653083962582736","22.75272504",
"7/2/1994","-40","-6.08845996856689","587","29.932","17.122","3.8641023432","3.85746918154116","0.629517109391067","22.64428008",
"7/3/1994","-40","-6.08845996856689","587","29.604","18.535","1.095199632","3.64749207191914","0.617741163976231","22.39937118",
"7/4/1994","-40","-6.08845996856689","587","27.703","17.567","1.799010504","4.26361398799556","0.715467892823505","18.54567972",
"7/5/1994","-40","-6.08845996856689","587","29.946","17.497","0.3570552","4.88796170639721","0.573053878926061","22.61857212",
"7/6/1994","-40","-6.08845996856689","587","30.185","17.62","0","4.4484153485336","0.571328783684437","22.06080396",
"7/7/1994","-40","-6.08845996856689","587","30.254","18.815","0.6402965904","4.46355382451831","0.630828555659802","22.33355184",
"7/8/1994","-40","-6.08845996856689","587","29.151","18.894","3.6598184712","3.86454637645279","0.715023607718231","12.79637496",
"7/9/1994","-40","-6.08845996856689","587","29.193","19.934","0.175094568","3.65937566980934","0.637787537941078","17.4841272",
"7/10/1994","-40","-6.08845996856689","587","31.537","19.271","0","3.61963792770164","0.556461645945038","14.6340522",
"7/11/1994","-40","-6.08845996856689","587","30.203","19.041","0","4.89790390679033","0.487167407240823","22.95887868",
"7/12/1994","-40","-6.08845996856689","587","30.912","16.947","0.0034332264","4.78197921168383","0.554625739789977","23.15008008",
"7/13/1994","-40","-6.08845996856689","587","30.389","19.006","0.54245034","4.19474174606391","0.563189066220081","21.26980908",
"7/14/1994","-40","-6.08845996856689","587","30.655","17.848","0.085830696","4.48745496510633","0.53306055362121","23.2005402",
"7/15/1994","-40","-6.08845996856689","587","30.517","18.846","0.1888275384","4.65618629835958","0.611689257380139","19.12662972",
"7/16/1994","-40","-6.08845996856689","587","26.256","18.909","0.0480651912","5.15454782558821","0.695750379948142","12.88197684",
"7/17/1994","-40","-6.08845996856689","587","28.611","19.631","0.036048888","4.28054252020952","0.606662380050974","9.16295904",
"7/18/1994","-40","-6.08845996856689","587","30.049","18.725","0.295257312","4.58214650002533","0.589275127675229","20.76564096",
"7/19/1994","-40","-6.08845996856689","587","30.641","18.628","0.708961608","4.77347238253772","0.608598608877594","22.456296",
"7/20/1994","-40","-6.08845996856689","587","30.437","19.332","0.0068664528","4.53369293514044","0.559817282140106","18.74159784",
"7/21/1994","-40","-6.08845996856689","587","30.605","20.126","0.0137329128","4.79027023414783","0.53035435537024","23.5722348",
"7/22/1994","-40","-6.08845996856689","587","31.083","17.449","0","4.53545605740019","0.541532018430232","23.63467392",
"7/23/1994","-40","-6.08845996856689","587","31.093","17.795","0","4.42929995641037","0.534145543740776","23.69953512",
"7/24/1994","-40","-6.08845996856689","587","32.223","17.696","0","4.19154806348338","0.560316331008329","23.71601088",
"7/25/1994","-40","-6.08845996856689","587","31.56","19.788","1.3286587464","4.51152473017754","0.50909434134799","23.51385306",
"7/26/1994","-40","-6.08845996856689","587","31.651","17.854","0","4.77053105884709","0.493229998198019","24.07185648",
"7/27/1994","-40","-6.08845996856689","587","31.794","17.728","0.19054404","4.8533086692928","0.499223289893493","24.095475",
"7/28/1994","-40","-6.08845996856689","587","29.453","18.034","3.0212376048","4.23132078150202","0.659698516057502","12.5079174",
"7/29/1994","-40","-6.08845996856689","587","31.449","17.075","0.71926128","5.22196240915773","0.563338559044405","24.33672972",
"7/30/1994","-40","-6.08845996856689","587","31.055","16.97","0","4.9522571933972","0.494461937927883","24.46323876",
"7/31/1994","-40","-6.08845996856689","587","31.025","17.492","0","4.98868131761747","0.469014427761116","24.407442",
"8/1/1994","-40","-6.08845996856689","587","31.441","18.826","0.0034332264","4.87650426597301","0.471193883722954","24.00417396",
"8/2/1994","-40","-6.08845996856689","587","32.342","18.943","0","4.26703660582727","0.45207247776139","23.41726884",
"8/3/1994","-40","-6.08845996856689","587","32.087","19.823","0","3.64254715580054","0.490434239569219","23.04280764",
"8/4/1994","-40","-6.08845996856689","587","30.503","20.06","0.1905442344","3.74006135507341","0.551388649621655","15.79916754",
"8/5/1994","-40","-6.08845996856689","587","27.981","19.011","0","4.53898810377318","0.632776657025279","17.35239888",
"8/6/1994","-40","-6.08845996856689","587","32.136","17.149","0","4.27321123168236","0.48171214498478","25.13412828",
"8/7/1994","-40","-6.08845996856689","587","30.542","16.877","0","3.97156997347041","0.461668328315214","19.3131576",
"8/8/1994","-40","-6.08845996856689","587","30.923","17.98","0.0034332264","3.34343807724339","0.478532457363003","19.09406736",
"8/9/1994","-40","-6.08845996856689","587","31.861","19.312","0.0137329056","4.17681839060155","0.488119913196366","24.35382756",
"8/10/1994","-40","-6.08845996856689","587","31.17","19.68","0.0892640304","3.80012519976708","0.523232324836561","20.55628134",
"8/11/1994","-40","-6.08845996856689","587","32.116","19.55","0.2351763864","3.76298629530583","0.470763705749012","23.23827864",
"8/12/1994","-40","-6.08845996856689","587","32.371","20.615","0.0137329128","4.49321746018083","0.460011747062121","25.00182936",
"8/13/1994","-40","-6.08845996856689","587","32.037","20.013","0.175094568","4.88111525898922","0.454957096654387","22.74074712",
"8/14/1994","-40","-6.08845996856689","587","31.596","18.782","0","5.20409109098117","0.457544078963224","21.81076704",
"8/15/1994","-40","-6.08845996856689","587","31.398","16.974","0","4.96970656915218","0.477481561396607","22.46676048",
"8/16/1994","-40","-6.08845996856689","587","32.428","17.528","0","4.87617034156866","0.457726698584858","25.390917",
"8/17/1994","-40","-6.08845996856689","587","33.254","17.093","0","4.06789392779111","0.420267578611537","24.70551012",
"8/18/1994","-40","-6.08845996856689","587","30.771","20.623","1.5123367728","5.38935522939693","0.575155359619242","18.78311592",
"8/19/1994","-40","-6.08845996856689","587","32.18","18.789","1.4453888328","5.20053746692494","0.522959482106287","25.41240162",
"8/20/1994","-40","-6.08845996856689","587","32.712","19.39","1.7715456504","5.41709801327908","0.518649559956999","25.44412392",
"8/21/1994","-40","-6.08845996856689","587","31.176","19.431","0.70209504","6.93228127209552","0.502617899109815","25.34293314",
"8/22/1994","-40","-6.08845996856689","587","32.721","17.989","0","4.83646090049183","0.458133308203618","25.77470742",
"8/23/1994","-40","-6.08845996856689","587","30.912","20.13","0.0205993512","3.71209216890966","0.568975241842669","18.46957014",
"8/24/1994","-40","-6.08845996856689","587","32.273","19.414","0","3.43105243767844","0.556595480875983","18.8996031",
"8/25/1994","-40","-6.08845996856689","587","33.27","20.416","0.0308990304","3.85441710387591","0.545877819490288","13.0966317",
"8/26/1994","-40","-6.08845996856689","587","33.431","20.473","0.109004976","3.34580492821157","0.43790787889459","26.08211412",
"8/27/1994","-40","-6.08845996856689","587","33.627","19.721","0.0068664528","3.76462348274791","0.464022261789034","24.9478326",
"8/28/1994","-40","-6.08845996856689","587","33.812","20.143","0","4.32380594436831","0.553214577740774","20.30692644",
"8/29/1994","-40","-6.08845996856689","587","33.312","20.865","0.0935554464","4.96422615062504","0.448603161355865","24.42993948",
"8/30/1994","-40","-6.08845996856689","587","33.395","20.27","0.09784728","4.32714970040472","0.397015020684286","26.63526996",
"8/31/1994","-40","-6.08845996856689","587","32.867","20.194","0","4.34967091670994","0.437041649032413","26.4376647",
"9/1/1994","-40","-6.08845996856689","587","30.898","21.544","0.0411987168","4.70856322678168","0.488214628769034","25.9174683",
"9/2/1994","-40","-6.08845996856689","587","34.125","20.399","0","4.61042452350536","0.417462076364322","26.03925324",
"9/3/1994","-40","-6.08845996856689","587","33.889","22.281","0.0137329056","4.33737221152294","0.404409494309937","26.50010904",
"9/4/1994","-40","-6.08845996856689","587","34.965","21.052","0.017166132","3.39119594200161","0.417297690246971","21.17256039",
"9/5/1994","-40","-6.08845996856689","587","34","21.174","3.6572467464","4.19909362575197","0.465055804533815","25.66991376",
"9/6/1994","-40","-6.08845996856689","587","33.039","21.673","0","3.95195729743945","0.424328660947968","22.30453152",
"9/7/1994","-40","-6.08845996856689","587","34.484","20.465","0","4.38306851361581","0.397181022698611","26.8632486",
"9/8/1994","-40","-6.08845996856689","587","34.289","22.36","0","5.16751250028192","0.480867798477778","22.58167194",
"9/9/1994","-40","-6.08845996856689","587","33.238","20.29","0","5.80015868585667","0.51137168298572","26.74766439",
"9/10/1994","-40","-6.08845996856689","587","33.19","20.913","0.036048888","4.84072118232052","0.523305757898521","15.09400818",
"9/11/1994","-40","-6.08845996856689","587","33.308","20.524","0.24032628","5.57069161252012","0.425684804453829","26.711606952",
"9/12/1994","-40","-6.08845996856689","587","33.084","19.548","0.00686646","5.46079110549745","0.390262940336193","27.336712392",
"9/13/1994","-40","-6.08845996856689","587","32.618","20.458","2.33974332","5.15565686995519","0.5155075027877","26.48339622",
"9/14/1994","-40","-6.08845996856689","587","33.365","20.62","0.0102996792","5.3509565832559","0.458110561675814","26.55478476",
"9/15/1994","-40","-6.08845996856689","587","33.355","21.109","0.127029384","5.63884265777245","0.475334003507533","25.442990712",
"9/16/1994","-40","-6.08845996856689","587","32.85","20.844","0","5.05228667177752","0.438904381969274","27.567394272",
"9/17/1994","-40","-6.08845996856689","587","33.777","21.072","0","5.37880948616669","0.464220922768362","27.450680832",
"9/18/1994","-40","-6.08845996856689","587","34.246","22","0","5.55058693891348","0.368446605083866","27.914395608",
"9/19/1994","-40","-6.08845996856689","587","34.073","20.723","0","5.81447864968003","0.42281703813873","23.747293152",
"9/20/1994","-40","-6.08845996856689","587","34.049","20.89","0","5.08175922142818","0.376458557087341","21.951500202",
"9/21/1994","-40","-6.08845996856689","587","33.402","20.651","0.25920864","6.52492464977989","0.475032073784277","27.441785592",
"9/22/1994","-40","-6.08845996856689","587","34.85","21.347","0","6.43170872384843","0.429877540584876","27.57982626",
"9/23/1994","-40","-6.08845996856689","587","34.827","20.965","0","5.36329095302282","0.418786324789753","27.929867832",
"9/24/1994","-40","-6.08845996856689","587","31.18","21.7","0","5.18867216368598","0.53741664455767","22.61621862",
"9/25/1994","-40","-6.08845996856689","587","32.095","21.52","0.95272128","4.92914811396678","0.551347488808492","23.08634811",
"9/26/1994","-40","-6.08845996856689","587","32.459","21.77","0.048065184","5.51690047671361","0.55247863447195","22.891054968",
"9/27/1994","-40","-6.08845996856689","587","35.482","19.98","1.9329074784","3.06533071201239","0.486479589531076","25.083220752",
"9/28/1994","-40","-6.08845996856689","587","33.3","21.554","3.318214572","3.66694538962345","0.547166706310768","19.72198215",
"9/29/1994","-40","-6.08845996856689","587","30.938","21.243","4.69494","4.09697971219594","0.628541801601507","13.222064988",
"9/30/1994","-40","-6.08845996856689","587","31.965","20.76","6.0768170064","4.09303063620085","0.58314811547448","18.690130548",
"10/1/1994","-40","-6.08845996856689","587","33.485","20.9","3.9207437928","4.04760468907296","0.592880629723834","16.96691673",
"10/2/1994","-40","-6.08845996856689","587","33.751","21.785","0.0034332264","5.01924396845476","0.458401288261668","27.82405998",
"10/3/1994","-40","-6.08845996856689","587","34.092","21.13","0","4.45931569706926","0.460712908753165","27.2951973",
"10/4/1994","-40","-6.08845996856689","587","34.441","21.295","0","4.04466995937142","0.439566651927478","25.1750817",
"10/5/1994","-40","-6.08845996856689","587","34.574","21.793","0.362205432","3.82224607637803","0.484523260104753","22.87845252",
"10/6/1994","-40","-6.08845996856689","587","34.96","21.484","2.531149992","4.25429917224775","0.48521700878298","26.231167368",
"10/7/1994","-40","-6.08845996856689","587","34.378","21.645","2.7440073864","4.24837651496126","0.514830946300978","24.960379752",
"10/8/1994","-40","-6.08845996856689","587","34.185","21.774","2.3603472","5.37295505157333","0.479708185394306","24.468185898",
"10/9/1994","-40","-6.08845996856689","587","35.071","20.071","0","4.8035481077313","0.427996468400224","28.37915172",
"10/10/1994","-40","-6.08845996856689","587","34.947","21.284","0.032615676","5.60687441803568","0.411382072509398","28.29558816",
"10/11/1994","-40","-6.08845996856689","587","35.196","21.336","0.137329164","5.03142874222553","0.481372255863773","24.29740836",
"10/12/1994","-40","-6.08845996856689","587","34.818","21.186","0","4.8718886991294","0.421994714246532","28.4070015",
"10/13/1994","-40","-6.08845996856689","587","35.577","21.017","0.00686646","4.9112725878928","0.42186412767917","26.45156088",
"10/14/1994","-40","-6.08845996856689","587","36.104","23.121","2.64015","4.60805803888985","0.41316365324836","26.452584072",
"10/15/1994","-40","-6.08845996856689","587","35.935","22.631","0","4.45180059816695","0.442697055788153","23.564304",
"10/16/1994","-40","-6.08845996856689","587","35.451","22.486","0","4.82622224832508","0.440960414619431","28.010468088",
"10/17/1994","-40","-6.08845996856689","587","35.627","21.79","1.2617125056","4.0507408475617","0.44699323320388","24.69407076",
"10/18/1994","-40","-6.08845996856689","587","34.54","22.396","1.967238792","4.56479325717064","0.482564688207253","20.25944514",
"10/19/1994","-40","-6.08845996856689","587","34.125","21.313","0","5.87078502978545","0.455122344034481","27.89092962",
"10/20/1994","-40","-6.08845996856689","587","31.257","22.341","0.4514695992","5.98485108929939","0.575794261244695","18.44634582",
"10/21/1994","-40","-6.08845996856689","587","33.807","20.525","0","5.90515842169537","0.460514443081232","27.29486052",
"10/22/1994","-40","-6.08845996856689","587","34.601","21.206","0","5.76956189455758","0.422647463859384","28.4145795",
"10/23/1994","-40","-6.08845996856689","587","35.426","21.614","0","5.45901408266993","0.439246801469833","28.46153682",
"10/24/1994","-40","-6.08845996856689","587","34.824","21.682","0","6.15668170443436","0.452150212823486","28.27881252",
"10/25/1994","-40","-6.08845996856689","587","34.892","21.747","0","5.36132464339674","0.45659769911457","28.07227152",
"10/26/1994","-40","-6.08845996856689","587","34.311","22.053","0.108146664","3.15518858227615","0.468037451711555","19.20442194",
"10/27/1994","-40","-6.08845996856689","587","34.695","20.971","0","3.87806428235559","0.472166679751615","22.1297607",
"10/28/1994","-40","-6.08845996856689","587","34.208","21.639","0","4.13112838968454","0.480628501282538","20.56421124",
"10/29/1994","-40","-6.08845996856689","587","34.655","21.074","0","4.63191818227003","0.467518858375292","25.93530126",
"10/30/1994","-40","-6.08845996856689","587","36.093","22.421","0","5.07569445161964","0.45685571914947","27.9275076",
"10/31/1994","-40","-6.08845996856689","587","34.684","21.135","0.0480652128","5.29633951621778","0.434449680889585","27.25796844",
"11/1/1994","-40","-6.08845996856689","587","34.079","21.288","0.0068664528","5.24537611974934","0.45877652538113","23.4305451",
"11/2/1994","-40","-6.08845996856689","587","35.175","20.423","0","3.68391151949075","0.410853892173772","28.7218251",
"11/3/1994","-40","-6.08845996856689","587","31.522","21.683","0.0068664528","2.85279092577659","0.519511617552247","17.16063876",
"11/4/1994","-40","-6.08845996856689","587","25.984","20.97","7.486152624","3.61475986574819","0.693126759194041","7.85047356",
"11/5/1994","-40","-6.08845996856689","587","32.925","21.147","0.296974224","4.91927254513159","0.466387260182457","27.5485365",
"11/6/1994","-40","-6.08845996856689","587","35.01","20.667","0","5.00948662182558","0.37938364733158","28.7782317",
"11/7/1994","-40","-6.08845996856689","587","32.683","21.912","0","4.74407114391661","0.429508038799967","27.7115643",
"11/8/1994","-40","-6.08845996856689","587","35.622","20.298","0","4.52242279306247","0.424543005749589","28.08917262",
"11/9/1994","-40","-6.08845996856689","587","35.444","21.529","0.053215092","3.88909322428919","0.45165093262013","22.81978404",
"11/10/1994","-40","-6.08845996856689","587","35.618","21.499","0.034332264","5.07401636159614","0.43837225308447","27.7531317",
"11/11/1994","-40","-6.08845996856689","587","35.342","21.571","0.041198724","5.36234960728253","0.473587759866143","27.00562212",
"11/12/1994","-40","-6.08845996856689","587","36.385","21.835","0","5.12444928415723","0.461571946374713","27.72960912",
"11/13/1994","-40","-6.08845996856689","587","35.102","21.724","0.0686646","4.68505029050246","0.473161990398043","22.7974482",
"11/14/1994","-40","-6.08845996856689","587","34.552","22.735","3.122520948","4.51266428373846","0.498384194840658","20.76721884",
"11/15/1994","-40","-6.08845996856689","587","31.18","22.587","4.0975596","3.02049180545016","0.523002533378169","17.55770778",
"11/16/1994","-40","-6.08845996856689","587","32.199","22.716","0.4488944256","4.88842430107097","0.501760141038018","17.12177064",
"11/17/1994","-40","-6.08845996856689","587","34.289","22.089","0.20084364","5.33008370744657","0.456773172090167","24.95992536",
"11/18/1994","-40","-6.08845996856689","587","29.69","22.227","0.8454323592","3.73789421452233","0.559828057652279","13.63398102",
"11/19/1994","-40","-6.08845996856689","587","29.134","22.288","0.3381732","3.55320363354188","0.574497067172354","14.10327288",
"11/20/1994","-40","-6.08845996856689","587","36.119","22.87","0.327873348","4.59931465411028","0.47340586513047","26.9372259",
"11/21/1994","-40","-6.08845996856689","587","35.251","21.879","0.190544436","5.24811886280206","0.456510886290101","27.12712122",
"11/22/1994","-40","-6.08845996856689","587","35.674","21.901","0","4.89511710315615","0.438205323799683","24.53006322",
"11/23/1994","-40","-6.08845996856689","587","35.001","22.208","0","4.73804082540848","0.453921969530163","21.6798165",
"11/24/1994","-40","-6.08845996856689","587","34.53","22.01","0","4.91050191509145","0.432537812774857","28.0989567",
"11/25/1994","-40","-6.08845996856689","587","35.608","22.254","0","5.15961482492708","0.364149254791983","28.57921902",
"11/26/1994","-40","-6.08845996856689","587","35.565","21.839","0","5.23987989547249","0.429491552141694","28.22124798",
"11/27/1994","-40","-6.08845996856689","587","36.05","22.967","0","5.28397932617542","0.441121403602214","27.8984736",
"11/28/1994","-40","-6.08845996856689","587","33.714","23.88","0.0034332264","4.42975786330525","0.431647446884375","21.93750018",
"11/29/1994","-40","-6.08845996856689","587","34.454","21.072","0","4.964519340331","0.439130646367512","26.8669656",
"11/30/1994","-40","-6.08845996856689","587","34.893","21.335","0","5.71242917621092","0.446281200901922","28.3823883",
"12/1/1994","-40","-6.08845996856689","587","33.582","21.239","0","5.4940783613288","0.461929962477136","27.90815562",
"12/2/1994","-40","-6.08845996856689","587","34.816","21.879","0","5.42651225976373","0.367244672523015","28.5878241",
"12/3/1994","-40","-6.08845996856689","587","34.307","20.897","0","5.35642848633386","0.390971784430679","28.00074078",
"12/4/1994","-40","-6.08845996856689","587","34.902","21.486","0","4.91440159602744","0.42080138574316","27.70824348",
"12/5/1994","-40","-6.08845996856689","587","35.899","21.68","0","5.31829742501429","0.41323650804249","27.83919438",
"12/6/1994","-40","-6.08845996856689","587","35.488","21.545","0","5.28287283255874","0.42498656484608","28.1216817",
"12/7/1994","-40","-6.08845996856689","587","35.758","21.837","0","5.04077179800917","0.432722397464874","27.4541058",
"12/8/1994","-40","-6.08845996856689","587","35.93","20.911","0.044631972","4.11664759560262","0.415485254248578","26.75795238",
"12/9/1994","-40","-6.08845996856689","587","36.385","23.352","0.6660463392","3.08211908544469","0.404631138279611","21.37156614",
"12/10/1994","-40","-6.08845996856689","587","33.275","22.287","3.13625412","3.98099440007077","0.549948696261977","14.2544799",
"12/11/1994","-40","-6.08845996856689","587","33.094","22.271","0","5.6761064978778","0.463745448255949","25.9445205",
"12/12/1994","-40","-6.08845996856689","587","35.032","22.725","1.2702942","4.96422925535597","0.442111110151447","27.1144062",
"12/13/1994","-40","-6.08845996856689","587","35.318","22.017","0","4.58744263443114","0.39634460501648","23.91288372",
"12/14/1994","-40","-6.08845996856689","587","34.03","23.328","0.312423768","5.14260511096177","0.475174770205911","20.17845036",
"12/15/1994","-40","-6.08845996856689","587","35.133","22.312","0.0926971416","5.97730795992171","0.481167140056245","24.15528036",
"12/16/1994","-40","-6.08845996856689","587","34.779","21.948","0","6.00882420216979","0.466819406893763","27.4343679",
"12/17/1994","-40","-6.08845996856689","587","34.083","21.861","0","5.31517074569738","0.471568314883635","23.07183174",
"12/18/1994","-40","-6.08845996856689","587","35.322","21.601","0","5.19983396183806","0.460756608159394","27.14473638",
"12/19/1994","-40","-6.08845996856689","587","33.906","22.143","0","4.48245598051837","0.479003189578277","19.54934352",
"12/20/1994","-40","-6.08845996856689","587","35.862","21.89","1.091766852","3.6614375676895","0.486310498673158","21.81532302",
"12/21/1994","-40","-6.08845996856689","587","27.14","22.643","4.123305828","2.70078900930064","0.670998241993596","8.96838678",
"12/22/1994","-40","-6.08845996856689","587","32.579","21.693","0.0566482464","4.33072740818292","0.556839635891493","22.24462032",
"12/23/1994","-40","-6.08845996856689","587","32.56","22.074","0","4.53093912132816","0.544086873196966","18.60254928",
"12/24/1994","-40","-6.08845996856689","587","34.022","21.905","0","4.93138715795732","0.546092987606546","21.41577756",
"12/25/1994","-40","-6.08845996856689","587","33.475","22.419","0.7518774528","4.90501831881967","0.552287539713549","19.64440854",
"12/26/1994","-40","-6.08845996856689","587","31.928","21.592","2.32429608","4.08515691384249","0.591927435826929","17.83620324",
"12/27/1994","-40","-6.08845996856689","587","31.432","21.148","1.701164592","3.93398912600335","0.622660983484358","18.1963647",
"12/28/1994","-40","-6.08845996856689","587","33.101","20.95","1.045417788","4.5404323207683","0.613111794783678","24.5049786",
"12/29/1994","-40","-6.08845996856689","587","31.94","20.868","0.545883156","4.90632603909529","0.65825706034365","22.72483206",
"12/30/1994","-40","-6.08845996856689","587","32.307","20.947","0.2471924232","4.65153784428488","0.663834031958734","24.21332658",
"12/31/1994","-40","-6.08845996856689","587","30.939","21.543","9.4671216","3.82947406485251","0.740782817086304","17.83299672",
"1/1/1995","-40","-6.08845996856689","587","31.778","20.63","0.0858306528","4.72686465004779","0.689722781179881","18.76443642",
"1/2/1995","-40","-6.08845996856689","587","30.056","21.47","0.0274658328","4.47148906385816","0.662193538185555","15.95423772",
"1/3/1995","-40","-6.08845996856689","587","33.221","20.965","0.0034332264","4.47447091587181","0.590267350228428","21.79395144",
"1/4/1995","-40","-6.08845996856689","587","32.485","20.723","0.0034332264","4.11369783060848","0.590096894412419","15.15729708",
"1/5/1995","-40","-6.08845996856689","587","25.615","21.351","3.140546076","2.50575763708206","0.725363150768248","5.383289088",
"1/6/1995","-40","-6.08845996856689","587","25.485","20.408","3.8194660584","1.69724386631473","0.804265443561758","10.59862356",
"1/7/1995","-40","-6.08845996856689","587","31.231","20.335","1.63764954","2.94085227799069","0.698118077850326","17.51687118",
"1/8/1995","-40","-6.08845996856689","587","28.095","20.153","8.66718054","2.53297021634598","0.78841037468699","17.61058089",
"1/9/1995","-40","-6.08845996856689","587","30.703","19.481","1.9054418328","3.14250286830217","0.701608199805311","21.08171475",
"1/10/1995","-40","-6.08845996856689","587","31.037","20.563","0.7673267664","3.86475231397104","0.601256749172623","23.46985944",
"1/11/1995","-40","-6.08845996856689","587","32.788","21.287","0.288391032","4.390551877337","0.5681059643001","26.1829197",
"1/12/1995","-40","-6.08845996856689","587","32.777","21.242","1.790427708","4.70939044455001","0.581636385019964","26.46956133",
"1/13/1995","-40","-6.08845996856689","587","32.055","20.61","0.0137329056","4.70755185615439","0.549407239472747","24.99733242",
"1/14/1995","-40","-6.08845996856689","587","34.081","21.01","1.70974872","4.06563716648094","0.534314546568611","28.48606515",
"1/15/1995","-40","-6.08845996856689","587","34.927","20.115","0","3.88800315017487","0.467307149250427","24.09496704",
"1/16/1995","-40","-6.08845996856689","587","34.802","19.996","0","4.37299888510682","0.4883023780268","27.49275558",
"1/17/1995","-40","-6.08845996856689","587","35.017","20.884","0","4.32590082879805","0.519149164809487","21.77927199",
"1/18/1995","-40","-6.08845996856689","587","33.728","20.527","0","4.48998836382705","0.560966440563409","23.20413948",
"1/19/1995","-40","-6.08845996856689","587","35.177","20.934","0","5.15918337049158","0.497200301857145","28.65577932",
"1/20/1995","-40","-6.08845996856689","587","35.103","20.461","0","4.7363643470462","0.480245526175461","24.51172518",
"1/21/1995","-40","-6.08845996856689","587","35.031","20.358","0.037765476","4.41934595806413","0.541418642232755","23.2403625",
"1/22/1995","-40","-6.08845996856689","587","34.584","20.818","0.065231316","4.19272840052697","0.620316706767551","20.2846005",
"1/23/1995","-40","-6.08845996856689","587","34.284","19.722","0.94757076","3.69927600602646","0.665308836402213","18.852129",
"1/24/1995","-40","-6.08845996856689","587","35.265","20.051","0.0034332264","4.82094050153615","0.549919992066084","21.96669177",
"1/25/1995","-40","-6.08845996856689","587","32.897","22.324","0","4.91615932406326","0.50286829833831","20.39922846",
"1/26/1995","-40","-6.08845996856689","587","36.104","20.453","0.03948228","4.64050618316502","0.549278583131797","23.03128845",
"1/27/1995","-40","-6.08845996856689","587","33.619","21.073","0.2943991728","4.27406730695161","0.578604583785955","20.72312046",
"1/28/1995","-40","-6.08845996856689","587","35.197","20.957","0.8377075584","4.43857123527261","0.553920135602485","24.76180926",
"1/29/1995","-40","-6.08845996856689","587","33.787","20.423","1.3853069784","4.12869781395983","0.659370421203824","16.88405598",
"1/30/1995","-40","-6.08845996856689","587","35.441","19.875","0","5.13894333997362","0.573778257365301","23.34144636",
"1/31/1995","-40","-6.08845996856689","587","34.826","19.698","0","4.88876288392315","0.525006805994077","28.77964416",
"2/1/1995","-40","-6.08845996856689","587","34.093","21.101","0","4.70081972909573","0.530516110712623","21.49002918",
"2/2/1995","-40","-6.08845996856689","587","33.443","21.23","1.8161772264","4.28384267910084","0.623523862220789","17.01000333",
"2/3/1995","-40","-6.08845996856689","587","32.958","21.849","0.4119871248","4.08763111622964","0.60503771222998","18.37428732",
"2/4/1995","-40","-6.08845996856689","587","32.303","20.65","6.5437291224","2.89746979013717","0.696586391209921","17.571101112",
"2/5/1995","-40","-6.08845996856689","587","31.571","20.558","4.36707252","3.68328074112171","0.722242726100817","17.24737212",
"2/6/1995","-40","-6.08845996856689","587","29.376","21.005","5.0262477984","3.50990145290187","0.810123943540797","9.391275666",
"2/7/1995","-40","-6.08845996856689","587","31.883","20.022","1.651384692","4.42897986840196","0.690506599927895","23.20098552",
"2/8/1995","-40","-6.08845996856689","587","33.177","20.259","0.54931644","3.88727154290614","0.69027825453083","18.49309164",
"2/9/1995","-40","-6.08845996856689","587","31.108","19.639","0.7484430744","3.78710629578741","0.770177959806857","16.42217922",
"2/10/1995","-40","-6.08845996856689","587","31.337","19.136","0.1853941824","3.53744534172159","0.74807277556766","17.83794609",
"2/11/1995","-40","-6.08845996856689","587","31.142","19.715","0.2489090184","3.30811954275449","0.748925880138035","10.13849865",
"2/12/1995","-40","-6.08845996856689","587","33.687","18.579","0","3.97350729405008","0.62103492741819","28.55738664",
"2/13/1995","-40","-6.08845996856689","587","33.706","20.55","0.52185024","3.65613579049288","0.636861328806749","19.64886381",
"2/14/1995","-40","-6.08845996856689","587","33.65","19.667","0.058364856","4.23939168494172","0.657201165805064","24.23329407",
"2/15/1995","-40","-6.08845996856689","587","33.085","19.005","1.18188846","3.02064811838425","0.693127686591991","19.69706259",
"2/16/1995","-40","-6.08845996856689","587","30.103","19.671","5.3901688104","2.49123153185839","0.811613821305548","25.541660358",
"2/17/1995","-40","-6.08845996856689","587","31.02","18.513","6.3995348664","2.74809573498594","0.827648925385727","23.40697356",
"2/18/1995","-40","-6.08845996856689","587","29.447","20.426","6.260487588","3.05286438560081","0.838411842053354","19.3233384",
"2/19/1995","-40","-6.08845996856689","587","32.646","20.843","13.7912819328","2.81390770121482","0.800343664306536","17.37495288",
"2/20/1995","-40","-6.08845996856689","587","26.864","20.843","8.17279344","2.19476562966961","0.856437930607855","16.00706466",
"2/21/1995","-40","-6.08845996856689","587","32.329","21.073","2.22473196","3.95558279288444","0.647437888408433","22.15602945",
"2/22/1995","-40","-6.08845996856689","587","31.868","21.52","0.137328948","3.92548536034993","0.584181304529319","25.37296785",
"2/23/1995","-40","-6.08845996856689","587","33.8","21.06","0","3.32011937812925","0.556411425881586","19.30179591",
"2/24/1995","-40","-6.08845996856689","587","34.137","19.216","0.96130368","2.58910771200505","0.609231927012695","20.74151196",
"2/25/1995","-40","-6.08845996856689","587","31.588","20.196","2.82210984","2.55083091983042","0.667061720604735","20.11555899",
"2/26/1995","-40","-6.08845996856689","587","34.087","19.817","1.09176624","3.27981037674422","0.615117350515616","23.02284915",
"2/27/1995","-40","-6.08845996856689","587","29.567","19.863","1.544953032","3.04834909230866","0.710539235069747","19.77243651",
"2/28/1995","-40","-6.08845996856689","587","33.418","20.841","1.87282512","3.5302240703848","0.637485484651127","24.813115488",
"3/1/1995","-40","-6.08845996856689","587","34.716","20.396","0.799942104","3.52610727168619","0.566080322904963","27.18793143",
"3/2/1995","-40","-6.08845996856689","587","32.549","20.301","0","3.83856389059092","0.611527666839067","20.29095252",
"3/3/1995","-40","-6.08845996856689","587","33.979","21.137","1.77669504","4.71547364164003","0.603823810074309","22.5009513",
"3/4/1995","-40","-6.08845996856689","587","34.382","20.112","0","4.32380103210422","0.497633265953266","29.03698098",
"3/5/1995","-40","-6.08845996856689","587","35.19","20.256","0","4.727059905438","0.494893641572342","28.82289978",
"3/6/1995","-40","-6.08845996856689","587","35.409","20.054","0","4.43084964260178","0.506252002519675","28.81659942",
"3/7/1995","-40","-6.08845996856689","587","31.4","19.954","0.88233984","3.49475816243455","0.651097140703734","18.67663278",
"3/8/1995","-40","-6.08845996856689","587","33.126","20.266","0","3.9360429218274","0.582963240799941","24.6404241",
"3/9/1995","-40","-6.08845996856689","587","35.146","20.653","0","4.06864839788866","0.504718386045187","26.37601605",
"3/10/1995","-40","-6.08845996856689","587","34.228","20.861","0","4.95071865654103","0.498415001679452","24.03663867",
"3/11/1995","-40","-6.08845996856689","587","34.308","21.731","0","4.36657974358155","0.472502593312859","27.60299559",
"3/12/1995","-40","-6.08845996856689","587","33.55","20.677","0","3.83006059932249","0.512620084433757","22.93655319",
"3/13/1995","-40","-6.08845996856689","587","34.183","20.897","0","4.37074405657782","0.518079254291779","24.60386268",
"3/14/1995","-40","-6.08845996856689","587","35.189","21.681","0.7347108528","5.17561046746953","0.588071373645377","21.68257284",
"3/15/1995","-40","-6.08845996856689","587","35.076","20.688","0.64029672","4.30924359117407","0.623891346340777","22.6038951",
"3/16/1995","-40","-6.08845996856689","587","33.084","20.947","1.31664492","3.60622466193491","0.654714842788747","19.26056646",
"3/17/1995","-40","-6.08845996856689","587","33.69","21.404","11.4274944","3.76102201417851","0.637561815975366","27.63455526",
"3/18/1995","-40","-6.08845996856689","587","33.557","21.273","2.00157228","2.68821753431201","0.643436708013538","20.82824838",
"3/19/1995","-40","-6.08845996856689","587","30.139","20.203","0.8119585224","2.45877559160753","0.662016989536305","14.54861196",
"3/20/1995","-40","-6.08845996856689","587","30.561","21.322","0.410270688","2.25770601468118","0.650626157457941","12.44103498",
"3/21/1995","-40","-6.08845996856689","587","29.962","18.916","2.26421352","3.16595912986906","0.725941512174307","17.8782795",
"3/22/1995","-40","-6.08845996856689","587","30.732","20.309","3.9336196392","3.23861074057554","0.817857574927176","18.45467082",
"3/23/1995","-40","-6.08845996856689","587","31.16","19.201","5.385019752","3.00644416341152","0.783098463643995","26.91169164",
"3/24/1995","-40","-6.08845996856689","587","31.228","19.937","2.465059536","3.78733757151981","0.798701125654767","23.1143076",
"3/25/1995","-40","-6.08845996856689","587","29.891","19.342","3.397178196","3.34835191082307","0.818439500907578","20.16404928",
"3/26/1995","-40","-6.08845996856689","587","31.768","18.926","2.27108016","2.77169493140571","0.796061474675183","18.03695256",
"3/27/1995","-40","-6.08845996856689","587","30.821","18.972","1.520061696","2.50854602035706","0.798805640933305","21.36825234",
"3/28/1995","-40","-6.08845996856689","587","32.069","20.293","1.218795696","3.67933473450296","0.706900485185908","24.64374474",
"3/29/1995","-40","-6.08845996856689","587","33.112","20.768","1.378440288","3.77232686279607","0.67416741662266","26.5817754",
"3/30/1995","-40","-6.08845996856689","587","34.217","19.675","0.5870816928","3.47535336308141","0.71232719631616","24.12275454",
"3/31/1995","-40","-6.08845996856689","587","29.275","21.201","1.9500751872","3.39224978309886","0.817300276848703","18.01490706",
"4/1/1995","-40","-6.08845996856689","587","34.337","21.102","0.089264016","3.07226504686394","0.675293572789004","20.85935562",
"4/2/1995","-40","-6.08845996856689","587","33.55","21.433","0.549316224","3.77273282707974","0.646308685999151","24.515604",
"4/3/1995","-40","-6.08845996856689","587","32.529","20.286","2.0702332728","2.82168838517745","0.745443961095708","18.04252248",
"4/4/1995","-40","-6.08845996856689","587","29.742","19.162","3.100202568","2.27323169067552","0.825165458448978","12.864151728",
"4/5/1995","-40","-6.08845996856689","587","28.158","21.458","34.788884904","2.45469897322104","0.908557558296048","11.1377214",
"4/6/1995","-40","-6.08845996856689","587","32.766","20.667","6.2278760952","3.58718722285185","0.804435866799328","17.9840745",
"4/7/1995","-40","-6.08845996856689","587","32.105","21.264","11.87553456","2.93079356648543","0.794150855487456","18.395379612",
"4/8/1995","-40","-6.08845996856689","587","31.794","21.348","3.711316392","3.73113507283258","0.75621734866164","19.44151866",
"4/9/1995","-40","-6.08845996856689","587","28.766","21.095","4.346462088","3.69243598703222","0.85689711512881","19.26393768",
"4/10/1995","-40","-6.08845996856689","587","27.857","20.55","7.398604404","3.85248829200193","0.864968544648544","13.364433",
"4/11/1995","-40","-6.08845996856689","587","25.392","20.534","6.6535956","2.84698068240093","0.90274998538615","9.35026686",
"4/12/1995","-40","-6.08845996856689","587","31.283","19.927","3.4778601576","3.92201941447732","0.797202132693694","23.17573476",
"4/13/1995","-40","-6.08845996856689","587","26.477","20.291","7.4123384904","2.79406273329829","0.91162200338779","13.27235256",
"4/14/1995","-40","-6.08845996856689","587","24.923","20.682","13.5560980584","2.45829329540326","0.947872776429734","10.91092716",
"4/15/1995","-40","-6.08845996856689","587","26.324","21.178","83.37592728","3.18899249779446","0.911286838587432","12.341697588",
"4/16/1995","-40","-6.08845996856689","587","30.615","20.241","0.679779252","2.66544577159429","0.776824469804602","23.09034042",
"4/17/1995","-40","-6.08845996856689","587","31.708","20.581","3.3027644592","2.52727958529231","0.77905434818069","17.2302777",
"4/18/1995","-40","-6.08845996856689","587","29.863","20.242","0.96130404","3.54023399740354","0.728844138549042","22.98948552",
"4/19/1995","-40","-6.08845996856689","587","30.05","19.514","0.164794788","3.34975088561589","0.736464434340908","24.69245832",
"4/20/1995","-40","-6.08845996856689","587","31.872","20.774","1.321793136","3.1837486226722","0.679570962729536","24.87864942",
"4/21/1995","-40","-6.08845996856689","587","32.561","20.27","0.041198724","3.25606340732048","0.669315728674804","25.2915696",
"4/22/1995","-40","-6.08845996856689","587","29.743","18.22","2.8873447344","2.05819024775799","0.803898090849768","12.42354582",
"4/23/1995","-40","-6.08845996856689","587","26.522","19.766","5.355833796","2.51856916422173","0.888738737354663","16.38359064",
"4/24/1995","-40","-6.08845996856689","587","30.482","20.159","0.5905151784","2.62529068818349","0.796237057583129","16.20107046",
"4/25/1995","-40","-6.08845996856689","587","27.695","19.069","4.588506072","2.22992972649611","0.873690147252077","8.0071893",
"4/26/1995","-40","-6.08845996856689","587","23.027","18.02","4.01001336","1.53421939351705","0.938719218368748","3.151744452",
"4/27/1995","-40","-6.08845996856689","587","22.9","16.748","8.6105401848","1.4107597397476","0.947500190804599","2.460205512",
"4/28/1995","-40","-6.08845996856689","587","28.569","19.941","4.7962229976","2.66038307100303","0.850276061477716","17.9403138",
"4/29/1995","-40","-6.08845996856689","587","28.496","21.078","11.3536812384","3.3331564714144","0.856753561030303","18.50124006",
"4/30/1995","-40","-6.08845996856689","587","29.618","21.249","5.191041096","2.9646182098082","0.87267108925717","9.63388314",
"5/1/1995","-40","-6.08845996856689","587","27.858","21.353","8.7581646","2.76149191830064","0.916342217060704","9.52481754",
"5/2/1995","-40","-6.08845996856689","587","28.205","21.16","35.678085984","2.66038535058682","0.867818891732482","9.65205378",
"5/3/1995","-40","-6.08845996856689","587","28.814","20.524","2.746581912","2.52633833701882","0.816730655088004","15.5921076",
"5/4/1995","-40","-6.08845996856689","587","31.333","20.943","1.747512432","3.48411699409368","0.782111515485611","20.97275328",
"5/5/1995","-40","-6.08845996856689","587","30.187","20.858","1.7234796456","3.13255718735887","0.773538328180243","12.691848888",
"5/6/1995","-40","-6.08845996856689","587","31.521","19.268","1.20506112","3.50160296493985","0.71660692680206","24.31703772",
"5/7/1995","-40","-6.08845996856689","587","31.689","20.414","1.29432708","3.49509656125361","0.734693302435224","23.7393",
"5/8/1995","-40","-6.08845996856689","587","28.692","18.712","0","3.01474861779767","0.75003860373383","21.36408768",
"5/9/1995","-40","-6.08845996856689","587","31.546","18.641","0","3.38770678330445","0.635797997211071","24.17726412",
"5/10/1995","-40","-6.08845996856689","587","32.493","17.958","0","2.28338397138532","0.641467372058902","23.09652936",
"5/11/1995","-40","-6.08845996856689","587","30.709","19.495","0.3227233752","2.07478937018006","0.729941683369281","10.0325223",
"5/12/1995","-40","-6.08845996856689","587","30.693","17.071","0.0446319504","1.93437988239739","0.74365960331822","16.13559132",
"5/13/1995","-40","-6.08845996856689","587","30.238","19.455","2.090835936","3.00517299150503","0.784598333043076","10.41659892",
"5/14/1995","-40","-6.08845996856689","587","29.697","19.673","0.0652313448","2.75276394717977","0.747325400759689","17.17678188",
"5/15/1995","-40","-6.08845996856689","587","29.898","19.478","0.4428863064","3.06175361440176","0.71012572579988","17.7870888",
"5/16/1995","-40","-6.08845996856689","587","31.522","20.657","0.2986906248","3.9399323916611","0.699337488814734","20.44619928",
"5/17/1995","-40","-6.08845996856689","587","31.433","20.854","1.829909196","3.74091026299175","0.746972864628087","22.01096214",
"5/18/1995","-40","-6.08845996856689","587","30.205","21.261","6.93511812","3.60773474911554","0.829214209407698","20.1758049",
"5/19/1995","-40","-6.08845996856689","587","30.113","20.68","3.687287004","3.3629577784871","0.85878156282576","22.30767486",
"5/20/1995","-40","-6.08845996856689","587","24.599","21.139","8.8165273104","2.864924411141","0.942814561396297","10.1830491",
"5/21/1995","-40","-6.08845996856689","587","29.712","20.709","1.1913292296","3.29674748360943","0.807050601282071","16.77853296",
"5/22/1995","-40","-6.08845996856689","587","31.303","19.876","0.7003783728","2.54914251471109","0.730699436383276","18.97520184",
"5/23/1995","-40","-6.08845996856689","587","26.642","19.01","2.4959565504","2.05748122451876","0.848246387603528","10.77221268",
"5/24/1995","-40","-6.08845996856689","587","22.415","17.883","5.94291384","1.11132792246372","0.936193204683243","2.07461358",
"5/25/1995","-40","-6.08845996856689","587","22.594","18.065","9.8739610704","1.5255488483827","0.949288820273051","2.518762932",
"5/26/1995","-40","-6.08845996856689","587","27.099","16.542","6.420139956","1.43930164622443","0.916222765599679","16.72323264",
"5/27/1995","-40","-6.08845996856689","587","26.049","19.331","24.307254","1.69464156823553","0.924171636427549","6.300726372",
"5/28/1995","-40","-6.08845996856689","587","29.048","19.954","5.30090658","3.55091318705523","0.748004467693114","22.07070054",
"5/29/1995","-40","-6.08845996856689","587","30.183","19.504","0.810241596","3.11157431251749","0.703459093544257","22.8066777",
"5/30/1995","-40","-6.08845996856689","587","29.679","17.804","1.088333424","2.81983564878491","0.770145830747202","20.7513009",
"5/31/1995","-40","-6.08845996856689","587","29.247","19.581","3.635786052","2.31565056993059","0.808974134920877","12.281958",
"6/1/1995","-40","-6.08845996856689","587","30.584","20.038","0.1210212504","3.69324575889082","0.618106336324564","20.84423256",
"6/2/1995","-40","-6.08845996856689","587","30.406","18.927","0.0205993728","3.79719323843946","0.642247776658468","22.52429838",
"6/3/1995","-40","-6.08845996856689","587","29.44","19.784","0.181961172","4.08398410386787","0.670604694025739","17.3494674",
"6/4/1995","-40","-6.08845996856689","587","30.965","18.763","1.13296536","4.32424644019531","0.651513186951741","22.31150094",
"6/5/1995","-40","-6.08845996856689","587","30.122","17.703","0.065231316","4.66436108801591","0.580448288987325","22.5741879",
"6/6/1995","-40","-6.08845996856689","587","29.644","17.02","0.1167298128","4.49491424760036","0.607664528422934","18.72489726",
"6/7/1995","-40","-6.08845996856689","587","29.524","17.321","0.7913588328","4.3394075286857","0.679684631827106","22.52924748",
"6/8/1995","-40","-6.08845996856689","587","30.21","18.099","0.173377836","4.57863013281728","0.645073364668012","22.16603736",
"6/9/1995","-40","-6.08845996856689","587","30.573","18.186","1.6067515104","3.94571305121561","0.687622594844783","19.67495778",
"6/10/1995","-40","-6.08845996856689","587","30.421","19.094","0.27294174","4.26341571513238","0.645958249966543","22.28415822",
"6/11/1995","-40","-6.08845996856689","587","31.022","17.865","0.09355572","4.33380675943508","0.593909722282894","22.91658624",
"6/12/1995","-40","-6.08845996856689","587","29.526","19.865","0.528717312","4.15160708700952","0.644611319845441","22.3474428",
"6/13/1995","-40","-6.08845996856689","587","30.686","19.026","0.6746292864","2.98571423522585","0.665866517011868","21.9135942",
"6/14/1995","-40","-6.08845996856689","587","28.132","19.807","1.32350922","2.92158900082279","0.723510334668152","15.004746",
"6/15/1995","-40","-6.08845996856689","587","29.423","18.877","0.7930754712","3.93270640828202","0.698078470782086","16.89266304",
"6/16/1995","-40","-6.08845996856689","587","30.553","17.151","0.5699159064","4.17326172055988","0.637082584184651","20.52596052",
"6/17/1995","-40","-6.08845996856689","587","30.156","18.417","0.2265930288","4.07673662775093","0.621535627665223","19.01829096",
"6/18/1995","-40","-6.08845996856689","587","30.036","20.534","0.61798104","3.44817480068825","0.638111844289886","18.65643426",
"6/19/1995","-40","-6.08845996856689","587","31.74","20.032","0.068664528","3.07307793038358","0.573900657405147","18.18123804",
"6/20/1995","-40","-6.08845996856689","587","31.036","18.857","0.521850852","3.37474256648863","0.640741015731581","20.28493026",
"6/21/1995","-40","-6.08845996856689","587","28.232","20.189","6.0733805184","3.19397830827596","0.784008148256564","16.1303067",
"6/22/1995","-40","-6.08845996856689","587","30.912","19.85","3.29418288","3.37809984556153","0.667592839562026","21.74720796",
"6/23/1995","-40","-6.08845996856689","587","29.905","19.615","3.685568328","3.47466004520502","0.68367959990302","15.73278714",
"6/24/1995","-40","-6.08845996856689","587","30.386","18.298","0","3.76572797726704","0.556600488394777","22.6845558",
"6/25/1995","-40","-6.08845996856689","587","30.843","19.254","0.1922608728","3.78736121402196","0.617263728645634","22.1853312",
"6/26/1995","-40","-6.08845996856689","587","26.467","20.041","2.247047496","3.1723490176055","0.839924842577955","13.23309276",
"6/27/1995","-40","-6.08845996856689","587","30.334","19.587","2.465058312","3.83810194134583","0.672447485031675","20.80316196",
"6/28/1995","-40","-6.08845996856689","587","29.428","17.771","0.3965382","4.21223031322743","0.605083173167829","22.67752392",
"6/29/1995","-40","-6.08845996856689","587","30.505","17.952","0","2.95027459135437","0.58629890572333","22.52560212",
"6/30/1995","-40","-6.08845996856689","587","29.929","19.604","0.49781808","4.15124531685356","0.649626522373469","17.75261466",
"7/1/1995","-40","-6.08845996856689","587","23.621","19.932","1.2290960448","4.18614239944494","0.785649674219293","5.00839182",
"7/2/1995","-40","-6.08845996856689","587","28.421","19.763","1.5689856168","4.36124533290687","0.750972346182791","18.37631412",
"7/3/1995","-40","-6.08845996856689","587","27.29","19.598","2.2075640712","3.94516173291338","0.771498205858704","14.76315126",
"7/4/1995","-40","-6.08845996856689","587","29.68","18.016","0.078964236","3.75044083682567","0.667063765494794","19.60898184",
"7/5/1995","-40","-6.08845996856689","587","28.792","19.906","2.77748082","4.06585382719018","0.684811018708558","21.9125817",
"7/6/1995","-40","-6.08845996856689","587","29.838","17.933","1.47972132","4.17965688327895","0.687798160810122","22.26830688",
"7/7/1995","-40","-6.08845996856689","587","30.825","17.217","0","3.67484791871375","0.609026034023565","22.7867076",
"7/8/1995","-40","-6.08845996856689","587","30.908","18.064","0","4.05031076821569","0.505644824872407","23.25240432",
"7/9/1995","-40","-6.08845996856689","587","29.01","17.687","0","3.64847133429126","0.588663921703059","20.82521412",
"7/10/1995","-40","-6.08845996856689","587","29.806","18.875","0.1750944672","3.77740294805412","0.590602290237499","22.8841848",
"7/11/1995","-40","-6.08845996856689","587","31.121","18.833","0.024032592","3.6537395279535","0.489216274904442","23.1794442",
"7/12/1995","-40","-6.08845996856689","587","30.179","16.415","0","4.47542981012171","0.486825521639619","23.55012612",
"7/13/1995","-40","-6.08845996856689","587","31.487","15.967","0","4.32464473607489","0.518035253377216","23.39561268",
"7/14/1995","-40","-6.08845996856689","587","29.961","18.354","0.1888276104","5.23554341592311","0.598559406708279","18.92969856",
"7/15/1995","-40","-6.08845996856689","587","23.977","19.703","0.775909188","4.97957088885614","0.699183743059146","4.39734348",
"7/16/1995","-40","-6.08845996856689","587","29.044","18.794","0.6454468728","4.10756946985124","0.655538396608765","9.8876772",
"7/17/1995","-40","-6.08845996856689","587","30.074","16.775","0.0240326064","5.43667412116302","0.590460937475677","20.03535216",
"7/18/1995","-40","-6.08845996856689","587","27.946","18.098","0.817107912","4.67416197445667","0.660936651971986","9.81956196",
"7/19/1995","-40","-6.08845996856689","587","30.109","18.112","0.387954468","4.65339896609974","0.582959694063863","22.62116412",
"7/20/1995","-40","-6.08845996856689","587","29.935","17.62","0.0137329128","5.16118547827666","0.578944499905513","23.12555688",
"7/21/1995","-40","-6.08845996856689","587","30.369","18.595","0.02746584","4.71084950797465","0.530694420071732","23.60952864",
"7/22/1995","-40","-6.08845996856689","587","30.361","17.938","0.00686646","3.95323755248821","0.531984127359872","23.7267576",
"7/23/1995","-40","-6.08845996856689","587","31.442","17.902","1.16729676","3.98201994324299","0.599393852477908","23.60542932",
"7/24/1995","-40","-6.08845996856689","587","31.216","18.344","3.0212388","5.19918207084675","0.662042136382812","22.14967176",
"7/25/1995","-40","-6.08845996856689","587","30.923","17.953","0.02746584","5.41413363398801","0.567095877294513","22.79098332",
"7/26/1995","-40","-6.08845996856689","587","31.264","17.984","0","5.39817301509664","0.53578047593267","22.83839964",
"7/27/1995","-40","-6.08845996856689","587","29.732","18.531","0.044631972","5.41640738948289","0.576267748462101","23.0041692",
"7/28/1995","-40","-6.08845996856689","587","31.541","19.788","0.4205710152","4.90942560429178","0.549501273122497","22.9980924",
"7/29/1995","-40","-6.08845996856689","587","31.336","17.538","0.62484732","5.31674752568194","0.559057797140338","23.83784784",
"7/30/1995","-40","-6.08845996856689","587","30.125","17.617","0","5.40022807139738","0.543195178297435","23.651604",
"7/31/1995","-40","-6.08845996856689","587","31.262","19.15","0.2540588544","4.16770754169644","0.565153546565683","22.92198696",
"8/1/1995","-40","-6.08845996856689","587","32.267","18.022","0.01373292","2.57980213986287","0.489421743541267","20.40412608",
"8/2/1995","-40","-6.08845996856689","587","31.364","19.577","0.9012222","3.5559208409718","0.500242070929295","21.63447972",
"8/3/1995","-40","-6.08845996856689","587","31.609","18.665","0","3.84533837397168","0.439294716425133","23.954229",
"8/4/1995","-40","-6.08845996856689","587","31.478","17.894","0","3.31629422706304","0.51230754162583","18.85426632",
"8/5/1995","-40","-6.08845996856689","587","31.45","20.479","0","4.32204616478225","0.576257693678918","18.874008",
"8/6/1995","-40","-6.08845996856689","587","32.683","19.988","0.0480651912","4.87970697224647","0.503812878143532","24.06346596",
"8/7/1995","-40","-6.08845996856689","587","32.087","18.76","0","5.89320306827049","0.459172673523849","24.97741488",
"8/8/1995","-40","-6.08845996856689","587","31.347","17.374","0","4.20133802590108","0.487420322663012","25.28538732",
"8/9/1995","-40","-6.08845996856689","587","32.107","19.198","0.0308990376","3.9116531397524","0.437037948763975","25.03411848",
"8/10/1995","-40","-6.08845996856689","587","31.633","20.924","0.0480651912","3.7185813933258","0.504450035901082","24.853446",
"8/11/1995","-40","-6.08845996856689","587","32.16","20.44","0.1450538424","4.5560209668456","0.515860536838361","24.69588678",
"8/12/1995","-40","-6.08845996856689","587","32.164","18.972","0","4.07188786411541","0.431056273343676","25.43680584",
"8/13/1995","-40","-6.08845996856689","587","32.302","17.317","0","4.03824778027377","0.447015630086934","25.2235692",
"8/14/1995","-40","-6.08845996856689","587","32.244","19.223","0","4.20320459808245","0.431568948237019","25.6230072",
"8/15/1995","-40","-6.08845996856689","587","32.657","18.117","0","3.91665044082788","0.448746026720215","25.65517104",
"8/16/1995","-40","-6.08845996856689","587","32.559","19.635","0","4.40772866175371","0.452178555732831","25.63846884",
"8/17/1995","-40","-6.08845996856689","587","32.511","18.732","0","4.81447390409445","0.398245387213638","25.88906412",
"8/18/1995","-40","-6.08845996856689","587","31.501","18.19","0.2403258768","5.07207364312494","0.457075460748497","25.24607478",
"8/19/1995","-40","-6.08845996856689","587","32.687","19.896","0","4.65807937688318","0.43830421610855","25.16772186",
"8/20/1995","-40","-6.08845996856689","587","33.158","20.294","0","4.52446549432378","0.445798505766041","25.42118058",
"8/21/1995","-40","-6.08845996856689","587","31.779","20.328","0.02059938","5.24249045564583","0.469879614435081","24.54609312",
"8/22/1995","-40","-6.08845996856689","587","32.579","18.469","0","4.27028367037424","0.418329944523867","23.5127817",
"8/23/1995","-40","-6.08845996856689","587","32.249","19.704","0","4.55356545384916","0.41749652614137","26.01590706",
"8/24/1995","-40","-6.08845996856689","587","32.559","20.764","0.336456288","4.44410392917481","0.429731980658456","25.514606772",
"8/25/1995","-40","-6.08845996856689","587","31.931","20.019","0.0034332264","5.88824344275381","0.417651122774148","25.34039586",
"8/26/1995","-40","-6.08845996856689","587","30.451","19.679","0.3587726736","5.75475782098161","0.50689503311133","21.50111304",
"8/27/1995","-40","-6.08845996856689","587","32.097","18.799","0.147628764","5.19950814800434","0.481986235600362","24.64380612",
"8/28/1995","-40","-6.08845996856689","587","33.031","20.343","2.1165834528","4.26892398207343","0.531942372384384","19.8986607",
"8/29/1995","-40","-6.08845996856689","587","32.536","20.955","0.405120888","4.95145380074583","0.442541076838443","25.65933444",
"8/30/1995","-40","-6.08845996856689","587","33.221","20.806","0.1356124968","4.9673493163347","0.428115827963766","26.32454676",
"8/31/1995","-40","-6.08845996856689","587","30.694","19.515","0.145912032","5.59460613972438","0.509996822839987","23.6663982",
"9/1/1995","-40","-6.08845996856689","587","33.548","18.455","1.32522804","5.0197736854546","0.475028002307013","26.09296164",
"9/2/1995","-40","-6.08845996856689","587","34.325","21.374","0","5.14379020732724","0.405266327801595","26.7148152",
"9/3/1995","-40","-6.08845996856689","587","35.108","20.627","0","4.52459723131853","0.414353508574687","26.64011052",
"9/4/1995","-40","-6.08845996856689","587","34.087","21.083","0.02059938","4.80628421543951","0.409080772234271","24.1903116",
"9/5/1995","-40","-6.08845996856689","587","32.002","19.222","0.62484768","5.75503144662585","0.46068225339427","25.83382068",
"9/6/1995","-40","-6.08845996856689","587","32.533","18.984","0.010299672","5.46404606648031","0.441375005050112","26.63723952",
"9/7/1995","-40","-6.08845996856689","587","32.98","20.78","0.181961028","5.74156932168867","0.431749007641243","23.20515306",
"9/8/1995","-40","-6.08845996856689","587","33.769","20.17","0.8308410984","4.84868618703701","0.443819922304942","25.2415728",
"9/9/1995","-40","-6.08845996856689","587","33.605","20.864","2.4032574","4.73606265285016","0.495135807431306","21.98109384",
"9/10/1995","-40","-6.08845996856689","587","34.065","20.595","0.954437472","4.86728024335183","0.491924188949792","26.54808246",
"9/11/1995","-40","-6.08845996856689","587","33.487","20.309","0","4.25045540808718","0.433955875069293","26.97654312",
"9/12/1995","-40","-6.08845996856689","587","33.275","19.449","0.0068664528","3.15135589118175","0.441782202483695","26.97642639",
"9/13/1995","-40","-6.08845996856689","587","34.211","20.18","0","4.71723094055429","0.474876370403589","27.35241408",
"9/14/1995","-40","-6.08845996856689","587","33.193","19.735","0","4.37520812487994","0.485602266880605","26.03626794",
"9/15/1995","-40","-6.08845996856689","587","35.563","21.059","0","4.18314721926509","0.417595407586896","23.8946103",
"9/16/1995","-40","-6.08845996856689","587","35.788","20.77","0","4.8835850850625","0.455653115775495","27.2503701",
"9/17/1995","-40","-6.08845996856689","587","34.079","20.335","0","4.85806667449411","0.431475504005692","22.472268912",
"9/18/1995","-40","-6.08845996856689","587","33.741","20.146","0","5.03800740118981","0.452429003262941","27.711961128",
"9/19/1995","-40","-6.08845996856689","587","33.629","19.563","0","4.52416220744975","0.475902315054277","23.031001008",
"9/20/1995","-40","-6.08845996856689","587","33.523","19.394","0","3.49185788306876","0.430858940882133","27.57774114",
"9/21/1995","-40","-6.08845996856689","587","33.351","21.59","0.147628728","4.57954850807026","0.510902181465294","22.36477635",
"9/22/1995","-40","-6.08845996856689","587","32.078","21.424","0.271224972","5.31205420313277","0.490972642042756","25.15635072",
"9/23/1995","-40","-6.08845996856689","587","33.885","21.065","0.08239752","5.21705841871203","0.436416942643405","27.454275792",
"9/24/1995","-40","-6.08845996856689","587","33.116","21.406","0.065231316","4.45155404915208","0.465228131241238","25.758004392",
"9/25/1995","-40","-6.08845996856689","587","35.739","20.886","0","3.6685480366244","0.395869974497302","27.948601368",
"9/26/1995","-40","-6.08845996856689","587","35.38","22.81","0.322723512","3.5410724920928","0.392784286526435","27.12042945",
"9/27/1995","-40","-6.08845996856689","587","34.223","22.386","0.1029967992","4.7651406130281","0.430476180659508","27.8286714",
"9/28/1995","-40","-6.08845996856689","587","33.962","20.672","0","5.4049910754766","0.433657423212119","27.8843571",
"9/29/1995","-40","-6.08845996856689","587","35.197","21.475","0","5.24266899676832","0.373204056809878","25.769193552",
"9/30/1995","-40","-6.08845996856689","587","35.009","22.149","0.1785276","4.90483246396712","0.423426555219693","28.060466832",
"10/1/1995","-40","-6.08845996856689","587","34.241","21.08","2.7774819864","4.46786487532854","0.48210329676729","25.75372518",
"10/2/1995","-40","-6.08845996856689","587","34.652","20.606","0","3.71471285061928","0.433003665805599","25.6029696",
"10/3/1995","-40","-6.08845996856689","587","35.781","21.411","0.08583084","3.54453576885373","0.448846759384508","22.830525288",
"10/4/1995","-40","-6.08845996856689","587","33.913","22.733","0.7724761776","3.48127432224667","0.490066701136206","17.99830908",
"10/5/1995","-40","-6.08845996856689","587","32.572","22.445","1.18789632","3.33491209626159","0.517227606575206","18.775802232",
"10/6/1995","-40","-6.08845996856689","587","35.972","20.444","0.0205993728","4.2197025887763","0.446090382232444","28.0394613",
"10/7/1995","-40","-6.08845996856689","587","36.024","19.257","0","4.39883568535501","0.464966519757426","28.4300307",
"10/8/1995","-40","-6.08845996856689","587","36.454","20.75","0","4.07601931877576","0.488463939325332","27.8599464",
"10/9/1995","-40","-6.08845996856689","587","36.842","21.976","0.063514692","4.93812743660052","0.458007783440504","27.11507922",
"10/10/1995","-40","-6.08845996856689","587","35.895","22.015","0.082397448","5.24792068957384","0.465494236793921","27.68092614",
"10/11/1995","-40","-6.08845996856689","587","35.924","20.265","0.017166132","3.73911450817429","0.466119094245101","22.6228392",
"10/12/1995","-40","-6.08845996856689","587","35.811","20.91","0","5.17536988275466","0.40008796203173","28.2791592",
"10/13/1995","-40","-6.08845996856689","587","34.758","20.552","0.0034332264","6.61467932914209","0.442063713001882","23.69579832",
"10/14/1995","-40","-6.08845996856689","587","34.679","21.676","0.0137329056","6.01900491476649","0.435192493821052","28.1874024",
"10/15/1995","-40","-6.08845996856689","587","35.36","21.155","0","5.58420210156526","0.39694024167669","28.34033508",
"10/16/1995","-40","-6.08845996856689","587","33.898","20.446","0","5.71054044457127","0.387754799589735","28.82615742",
"10/17/1995","-40","-6.08845996856689","587","34.639","22.917","0","4.22344503757953","0.345401722939692","28.5780384",
"10/18/1995","-40","-6.08845996856689","587","35.467","21.238","0","3.80096468003984","0.392630081978215","24.71659218",
"10/19/1995","-40","-6.08845996856689","587","35.306","21.862","0.30384072","5.0134585649251","0.479250628597995","25.68184578",
"10/20/1995","-40","-6.08845996856689","587","35.193","21.263","0.963020664","4.95591326621417","0.48199640345805","27.80229888",
"10/21/1995","-40","-6.08845996856689","587","33.785","23.008","0","4.4790288891946","0.440211624811342","23.8628799",
"10/22/1995","-40","-6.08845996856689","587","35.877","22.452","0","4.46514401330552","0.458048398609511","24.18647994",
"10/23/1995","-40","-6.08845996856689","587","31.267","21.992","0.4669190064","4.2654688539589","0.535641617301941","9.36168354",
"10/24/1995","-40","-6.08845996856689","587","31.739","21.931","0.724411044","5.17089453264322","0.522044145798107","27.1099152",
"10/25/1995","-40","-6.08845996856689","587","35.287","21.038","0","5.03224929824573","0.419577156692333","28.40190462",
"10/26/1995","-40","-6.08845996856689","587","35.809","22.786","0","5.32659425557346","0.394928130093857","28.48071258",
"10/27/1995","-40","-6.08845996856689","587","34.271","21.892","0","5.46978724573691","0.43250519999536","28.3480335",
"10/28/1995","-40","-6.08845996856689","587","34.447","20.2","0","3.88068390166101","0.427750829877756","22.8662541",
"10/29/1995","-40","-6.08845996856689","587","32.069","22.225","1.7732617128","3.718244062109","0.544497957560599","16.84535688",
"10/30/1995","-40","-6.08845996856689","587","33.17","21.563","1.021386528","2.42531213105553","0.530832664548716","14.62421754",
"10/31/1995","-40","-6.08845996856689","587","25.217","21.23","14.0573484","3.10850791201134","0.773678327128015","5.91418332",
"11/1/1995","-40","-6.08845996856689","587","32.737","19.356","0.017166132","4.53577927157957","0.565922985795047","27.2437245",
"11/2/1995","-40","-6.08845996856689","587","30.993","21.489","6.4664836272","4.4011558123886","0.615052704484862","15.54700068",
"11/3/1995","-40","-6.08845996856689","587","34.321","20.709","0","4.86610600117277","0.484561237467691","28.34839008",
"11/4/1995","-40","-6.08845996856689","587","32.16","21.307","0","4.31339354436746","0.522032056087946","20.06032086",
"11/5/1995","-40","-6.08845996856689","587","34.307","22.402","0.0137329056","4.03868619130984","0.418058345173182","27.62926758",
"11/6/1995","-40","-6.08845996856689","587","34.627","22.6","0.422286876","4.62346870085307","0.46366232816148","26.8959384",
"11/7/1995","-40","-6.08845996856689","587","34.911","22.838","0.5235672024","5.0494803277791","0.474325302079766","26.67531888",
"11/8/1995","-40","-6.08845996856689","587","32.249","21.429","1.41620652","4.96865966218367","0.582188552247967","26.2661094",
"11/9/1995","-40","-6.08845996856689","587","32.297","20.294","0","4.72768295165945","0.537296086538628","26.01118512",
"11/10/1995","-40","-6.08845996856689","587","34.477","20.929","0","4.43417667585373","0.505636534276982","28.22559138",
"11/11/1995","-40","-6.08845996856689","587","34.255","22.23","0","5.2365702405099","0.513574888405467","27.32511852",
"11/12/1995","-40","-6.08845996856689","587","32.342","21.532","0","5.61616259290728","0.531255597945984","22.58971794",
"11/13/1995","-40","-6.08845996856689","587","33.767","21.031","0","5.37878290233781","0.508894585469513","25.6821777",
"11/14/1995","-40","-6.08845996856689","587","34.844","21.503","0","5.12094491286305","0.431241153260104","28.5195699",
"11/15/1995","-40","-6.08845996856689","587","35.891","22.252","0","5.05920052460718","0.473161090888044","27.45445338",
"11/16/1995","-40","-6.08845996856689","587","36.094","22.616","0","4.15176860259114","0.470127910756722","22.43930922",
"11/17/1995","-40","-6.08845996856689","587","33.309","22.71","0.0308990448","4.75949654775028","0.530418634728691","15.23682648",
"11/18/1995","-40","-6.08845996856689","587","33.917","20.862","0","4.99291618223766","0.492510974395263","27.5954076",
"11/19/1995","-40","-6.08845996856689","587","35.429","20.846","0","4.92855317117799","0.429636927038825","28.3152285",
"11/20/1995","-40","-6.08845996856689","587","35.053","21.148","0","4.27609176778288","0.445684005484082","26.64168786",
"11/21/1995","-40","-6.08845996856689","587","34.88","21.736","1.740647124","3.24190735717187","0.50842256880424","22.16914038",
"11/22/1995","-40","-6.08845996856689","587","30.324","22.57","0.7973668296","3.75199046235097","0.572666888894204","16.25771178",
"11/23/1995","-40","-6.08845996856689","587","31.947","21.484","2.26764486","4.01606427314309","0.613796700935453","13.44318678",
"11/24/1995","-40","-6.08845996856689","587","30.984","22.241","3.192901668","4.87180252406666","0.60540719391242","18.62758584",
"11/25/1995","-40","-6.08845996856689","587","33.188","21.017","0.048065184","4.40808329694402","0.509783513596786","22.46670342",
"11/26/1995","-40","-6.08845996856689","587","34.061","22.281","0","4.7592513690355","0.472967124147568","26.19141138",
"11/27/1995","-40","-6.08845996856689","587","34.472","20.957","0","4.72490379016542","0.5061414602485","22.47074586",
"11/28/1995","-40","-6.08845996856689","587","35.062","22.845","0","4.64492962863607","0.457815728852785","24.4985598",
"11/29/1995","-40","-6.08845996856689","587","35.127","23.613","0","4.67704481191534","0.423446226761966","27.6768567",
"11/30/1995","-40","-6.08845996856689","587","35.384","22.55","0","4.87193276682029","0.412010555617406","26.28562374",
"12/1/1995","-40","-6.08845996856689","587","34.561","22.206","0","4.81872055296395","0.39863833245542","28.47043062",
"12/2/1995","-40","-6.08845996856689","587","34.141","22.562","0","3.90367742069259","0.412213843116688","21.01240674",
"12/3/1995","-40","-6.08845996856689","587","34.282","21.771","0","4.02463495054183","0.463024507103548","25.0859826",
"12/4/1995","-40","-6.08845996856689","587","33.442","22.386","0","3.51334622657785","0.472667709892236","20.44636686",
"12/5/1995","-40","-6.08845996856689","587","32.266","22.009","0","3.83658040451559","0.465200428757858","18.08527608",
"12/6/1995","-40","-6.08845996856689","587","35.294","21.312","0","5.14249298562984","0.45089443983321","24.2522397",
"12/7/1995","-40","-6.08845996856689","587","34.672","22.311","0","5.60329930985438","0.458170711701054","27.5485464",
"12/8/1995","-40","-6.08845996856689","587","35.336","22.307","0","5.24361856795097","0.426737457266122","27.5002254",
"12/9/1995","-40","-6.08845996856689","587","35.376","22.219","0","4.89809845534243","0.424509207899251","27.7688736",
"12/10/1995","-40","-6.08845996856689","587","35.67","21.297","0","3.78340759468827","0.431889075142386","27.398694168",
"12/11/1995","-40","-6.08845996856689","587","35.178","21.567","0","4.3495289294713","0.428149471653033","27.69789078",
"12/12/1995","-40","-6.08845996856689","587","34.925","21.868","0","4.00690368772467","0.442080716430699","27.3852018",
"12/13/1995","-40","-6.08845996856689","587","35.183","22.025","0.654029928","4.81742778207168","0.453516337166953","27.87559038",
"12/14/1995","-40","-6.08845996856689","587","35.169","20.183","0","3.87379955884803","0.413790537077368","28.16802792",
"12/15/1995","-40","-6.08845996856689","587","35.969","20.489","0","4.26132909384441","0.427780072622355","28.0348893",
"12/16/1995","-40","-6.08845996856689","587","35.409","23.003","0","5.73166242709146","0.432300696348588","27.49971834",
"12/17/1995","-40","-6.08845996856689","587","35.146","21.769","0","6.17562094978199","0.412794055388171","28.4702049",
"12/18/1995","-40","-6.08845996856689","587","35.913","21.336","0","5.40278960791972","0.416264088598925","27.8574183",
"12/19/1995","-40","-6.08845996856689","587","36.04","22.302","0.2626417944","3.85735456749294","0.432382451448331","22.08954294",
"12/20/1995","-40","-6.08845996856689","587","34.883","22.081","1.4059097136","4.71711064597755","0.526303870644912","22.53357828",
"12/21/1995","-40","-6.08845996856689","587","35.481","21.887","0.772476516","5.3517988529745","0.500851889987942","27.41253822",
"12/22/1995","-40","-6.08845996856689","587","35.397","21.882","0","5.63101013155707","0.479395632190512","23.27467932",
"12/23/1995","-40","-6.08845996856689","587","33.652","21.952","0","4.63807801459145","0.500729368071045","22.40375436",
"12/24/1995","-40","-6.08845996856689","587","33.686","22.255","0.0068664528","4.41209889600582","0.484281931169836","20.1075165",
"12/25/1995","-40","-6.08845996856689","587","34.276","22.084","0","4.76595880901157","0.482533885023489","22.173017328",
"12/26/1995","-40","-6.08845996856689","587","33.529","22.492","0","4.62101632958215","0.494952164280781","20.810410128",
"12/27/1995","-40","-6.08845996856689","587","31.396","22.256","0.805091904","3.98360558375993","0.599030242767968","17.760483108",
"12/28/1995","-40","-6.08845996856689","587","33.214","22.123","0.8548734312","4.29241361568762","0.57372598777154","17.41466394",
"12/29/1995","-40","-6.08845996856689","587","35.154","20.742","0","4.56288954049527","0.49188087950137","24.07494132",
"12/30/1995","-40","-6.08845996856689","587","34.086","21.322","0.310707072","3.17312893247648","0.527637051998669","21.34434942",
"12/31/1995","-40","-6.08845996856689","587","35.49","22.189","0.79307568","4.22767907545134","0.487047393106682","27.73080288",
"1/1/1996","-40","-6.08845996856689","587","35.113","21.458","0.051498432","5.38186068028657","0.485109146380778","28.124097912",
"1/2/1996","-40","-6.08845996856689","587","34.902","21.354","0","5.62768170370479","0.464799114813782","28.353430152",
"1/3/1996","-40","-6.08845996856689","587","36.059","21.494","0","5.30830066431652","0.468977571996223","28.408334328",
"1/4/1996","-40","-6.08845996856689","587","34.892","21.555","0.05149836","5.21141189852712","0.488330422923521","23.16487536",
"1/5/1996","-40","-6.08845996856689","587","31.585","20.917","2.458192392","4.62839841138993","0.614193998763557","18.940614408",
"1/6/1996","-40","-6.08845996856689","587","30.051","20.66","2.0256059664","4.80395880147963","0.678329913953742","18.0830826",
"1/7/1996","-40","-6.08845996856689","587","31.466","20.622","2.3036991048","4.44846818434064","0.609855048383194","24.3803178",
"1/8/1996","-40","-6.08845996856689","587","33.245","21.71","0","5.15049935490872","0.521287586166096","26.29603224",
"1/9/1996","-40","-6.08845996856689","587","34.606","21.102","0.061798104","5.25376515405263","0.427544130256557","28.6467219",
"1/10/1996","-40","-6.08845996856689","587","35.48","21.029","0","5.23463192159061","0.468837077039906","28.62039132",
"1/11/1996","-40","-6.08845996856689","587","33.474","21.997","0.0308990376","4.67410389131375","0.528687611443771","19.371875112",
"1/12/1996","-40","-6.08845996856689","587","34.035","20.972","0.969887088","3.28446559876931","0.57156358182463","18.81787698",
"1/13/1996","-40","-6.08845996856689","587","33.102","22.067","0.3536226792","4.07021899485858","0.584624620738105","15.4150875",
"1/14/1996","-40","-6.08845996856689","587","31.309","21.334","0.724411008","4.02793657978036","0.639221205112769","14.5702071",
"1/15/1996","-40","-6.08845996856689","587","33.301","20.32","2.05135236","3.0176628150543","0.60669840866385","24.4779174",
"1/16/1996","-40","-6.08845996856689","587","24.217","20.777","7.1926130304","2.26092569744961","0.880512612315915","7.22373534",
"1/17/1996","-40","-6.08845996856689","587","27.951","20.306","4.12673724","2.59479366015326","0.773731702792737","9.74424582",
"1/18/1996","-40","-6.08845996856689","587","32.902","18.882","0.1270295424","3.3132027764654","0.61549734465005","22.31707887",
"1/19/1996","-40","-6.08845996856689","587","32.842","20.596","0","4.21078600666772","0.610075706985583","23.46992712",
"1/20/1996","-40","-6.08845996856689","587","29.917","20.328","3.43323072","3.50707137769773","0.69150286844471","24.76985994",
"1/21/1996","-40","-6.08845996856689","587","26.288","21.478","8.301546","2.27483161111234","0.812067633954993","15.556330602",
"1/22/1996","-40","-6.08845996856689","587","23.798","19.694","7.819173828","2.15983482205232","0.877802107848432","4.718137698",
"1/23/1996","-40","-6.08845996856689","587","25.795","19.708","6.188393052","2.69707447990209","0.843601099967692","7.47224901",
"1/24/1996","-40","-6.08845996856689","587","32.181","20.546","0.27122526","4.51817182998997","0.621153449231907","28.37228094",
"1/25/1996","-40","-6.08845996856689","587","32.233","20.569","0","4.25744123691907","0.549051602847286","28.6523424",
"1/26/1996","-40","-6.08845996856689","587","34.35","19.775","0","3.55955436471475","0.502597365048165","29.19065778",
"1/27/1996","-40","-6.08845996856689","587","32.993","18.891","0","2.42668404006403","0.558061350196504","21.20236623",
"1/28/1996","-40","-6.08845996856689","587","31.159","20.777","2.53200528","2.78732217665176","0.684979174731945","11.11426875",
"1/29/1996","-40","-6.08845996856689","587","32.725","20.158","0","4.66157572708117","0.5683919488806","28.5886647",
"1/30/1996","-40","-6.08845996856689","587","34.384","20.436","0.00686646","5.04317677616504","0.520073088316033","28.92487221",
"1/31/1996","-40","-6.08845996856689","587","33.215","20.772","1.12609872","4.15625947913415","0.623801949229351","20.45210652",
"2/1/1996","-40","-6.08845996856689","587","34.049","20.188","0","4.5415285456039","0.560401574835781","21.34580589",
"2/2/1996","-40","-6.08845996856689","587","34.909","20.665","0","4.70127723794336","0.510178369395451","26.401383",
"2/3/1996","-40","-6.08845996856689","587","33.566","20.449","0","4.25514981520656","0.522295594703585","24.42301578",
"2/4/1996","-40","-6.08845996856689","587","32.922","20.177","0","4.39308861356787","0.537230024491692","22.18365225",
"2/5/1996","-40","-6.08845996856689","587","34.913","20.156","0","4.2321538038976","0.51889082944107","24.60819456",
"2/6/1996","-40","-6.08845996856689","587","30.255","20.973","0.52528392","3.75214319998628","0.600484551681636","17.48986353",
"2/7/1996","-40","-6.08845996856689","587","35.272","19.82","0","4.35566553157771","0.482223918342313","29.02769901",
"2/8/1996","-40","-6.08845996856689","587","35.784","20.191","0","4.66277066394218","0.456703789780857","27.7737822",
"2/9/1996","-40","-6.08845996856689","587","34.649","21.472","0","4.58292869783101","0.464523157711777","28.84308714",
"2/10/1996","-40","-6.08845996856689","587","35.69","20.626","0","4.69992311686052","0.490521066072596","26.23449006",
"2/11/1996","-40","-6.08845996856689","587","34.356","19.951","0.0034332264","3.5515504102985","0.523297849254751","22.49966565",
"2/12/1996","-40","-6.08845996856689","587","35.325","21.127","0.9218217744","3.73508968871092","0.568631717893243","22.0869576",
"2/13/1996","-40","-6.08845996856689","587","33.678","19.926","0.38108844","4.14400998293303","0.572298943141325","28.87031664",
"2/14/1996","-40","-6.08845996856689","587","32.155","19.619","0.1579286448","2.69586936915824","0.572340009495607","18.26246727",
"2/15/1996","-40","-6.08845996856689","587","32.781","20.244","2.6899340544","3.62956555296853","0.651875990779192","23.12184024",
"2/16/1996","-40","-6.08845996856689","587","32.623","20.459","4.31899848","3.97911403927148","0.645948576863784","23.948775072",
"2/17/1996","-40","-6.08845996856689","587","34.613","20.434","0.454902444","3.3925763962024","0.584618675264199","19.84955751",
"2/18/1996","-40","-6.08845996856689","587","30.64","20.941","0.5029676424","3.6235309279039","0.611761416055831","15.20105229",
"2/19/1996","-40","-6.08845996856689","587","29.984","20.74","10.287660852","3.51660204906909","0.81976743782074","14.06474892",
"2/20/1996","-40","-6.08845996856689","587","33.861","18.665","0","3.56123242836119","0.567624634668064","28.69559613",
"2/21/1996","-40","-6.08845996856689","587","34.551","18.848","0","3.73543267887548","0.516442965775693","24.54142176",
"2/22/1996","-40","-6.08845996856689","587","32.974","20.189","0","4.24943214091036","0.547231567121831","23.66943264",
"2/23/1996","-40","-6.08845996856689","587","35.268","20.239","0.2454759","4.09680510617914","0.58033971770383","27.9615978",
"2/24/1996","-40","-6.08845996856689","587","33.983","20.546","0.28324116","3.95031627263396","0.624435213908655","22.84306272",
"2/25/1996","-40","-6.08845996856689","587","33.797","21.277","0.78792552","4.47942824267409","0.585499058657456","21.15354366",
"2/26/1996","-40","-6.08845996856689","587","33.738","20.937","0.477218916","4.58189380498563","0.580418091534048","28.24723539",
"2/27/1996","-40","-6.08845996856689","587","34.356","21.085","0","4.51233724679551","0.510174390810859","28.97798076",
"2/28/1996","-40","-6.08845996856689","587","32.578","20.164","0.295257384","3.41425327354978","0.555278844672846","18.0305946",
"2/29/1996","-40","-6.08845996856689","587","33.196","20.895","0.089263944","3.49721252823095","0.53125217443073","18.64170324",
"3/1/1996","-40","-6.08845996856689","587","31.366","22.222","0.1785280248","4.12288563723569","0.611903517759094","17.571995388",
"3/2/1996","-40","-6.08845996856689","587","31.986","21.82","0.235176084","3.50312631156483","0.579649957583103","18.905173308",
"3/3/1996","-40","-6.08845996856689","587","32.207","20.943","1.5535373832","3.35128994953901","0.68301716000477","16.25838426",
"3/4/1996","-40","-6.08845996856689","587","27.89","20.117","5.1223736304","2.80052597351854","0.838262876930429","9.49826304",
"3/5/1996","-40","-6.08845996856689","587","29.77","20.355","3.7868506344","3.48134789707679","0.809081048704491","15.65797788",
"3/6/1996","-40","-6.08845996856689","587","32.569","20.078","0.9630200592","3.90221844360279","0.745547858919371","19.8963567",
"3/7/1996","-40","-6.08845996856689","587","33.921","20.219","0.647163","3.89167264186973","0.630683985367443","28.38520926",
"3/8/1996","-40","-6.08845996856689","587","35.609","20.535","0","3.34776934058204","0.553566935098994","22.04966466",
"3/9/1996","-40","-6.08845996856689","587","34.509","20.387","0","2.91821676359366","0.57418063594585","20.4476571",
"3/10/1996","-40","-6.08845996856689","587","30.014","19.942","3.034973232","3.05441909317109","0.725237626127074","19.70408646",
"3/11/1996","-40","-6.08845996856689","587","30.596","19.622","4.35161448","2.15468685945887","0.802703509321356","19.96897158",
"3/12/1996","-40","-6.08845996856689","587","26.415","20.54","6.511113756","1.96705410769732","0.90785708443807","10.389996288",
"3/13/1996","-40","-6.08845996856689","587","24.276","19.961","1.7552382912","2.23598200724368","0.90066620765936","5.93561556",
"3/14/1996","-40","-6.08845996856689","587","32.741","19.683","0","3.26381947957913","0.667600606320144","25.38736362",
"3/15/1996","-40","-6.08845996856689","587","30.999","20.258","1.88655858","2.92412247405016","0.680765289795119","22.94454312",
"3/16/1996","-40","-6.08845996856689","587","32.598","19.61","3.888126","2.8190227142104","0.7269396047459","13.784909364",
"3/17/1996","-40","-6.08845996856689","587","31.216","20.954","0.82054134","3.60078037785173","0.763848246548513","16.348612428",
"3/18/1996","-40","-6.08845996856689","587","25.646","19.844","6.143759964","2.44887663917398","0.876181919795483","14.828623092",
"3/19/1996","-40","-6.08845996856689","587","25.347","19.61","12.79563516","2.19420524355281","0.891282091610461","7.091661978",
"3/20/1996","-40","-6.08845996856689","587","30.923","19.881","8.236309248","3.11587374310902","0.800086137626821","20.50525998",
"3/21/1996","-40","-6.08845996856689","587","31.002","19.237","0.71754426","2.1817739547478","0.733231943062276","20.55544002",
"3/22/1996","-40","-6.08845996856689","587","33.241","18.607","0.854015544","2.92745840394185","0.722284976261271","14.93223786",
"3/23/1996","-40","-6.08845996856689","587","29.509","20.793","8.32557564","3.29466848027961","0.861205344487863","21.39593094",
"3/24/1996","-40","-6.08845996856689","587","30.428","20.279","0.796508676","3.46632269028364","0.833035377219212","16.34259006",
"3/25/1996","-40","-6.08845996856689","587","33.247","20.026","0.120162996","3.72227844538068","0.727229991516458","20.2717071",
"3/26/1996","-40","-6.08845996856689","587","29.752","21.26","6.3291552264","2.89095912586629","0.859720405013688","14.363383608",
"3/27/1996","-40","-6.08845996856689","587","27.774","21.055","6.615829836","3.06755663772324","0.880883660117379","10.70695944",
"3/28/1996","-40","-6.08845996856689","587","29.772","20.175","0.1287460512","2.87461221651859","0.741598650895057","14.89359492",
"3/29/1996","-40","-6.08845996856689","587","28.05","19.19","1.563835464","2.29238727795602","0.828935970085991","11.606562",
"3/30/1996","-40","-6.08845996856689","587","30.431","20.024","3.469275792","2.78431498320218","0.767261866470759","24.233454828",
"3/31/1996","-40","-6.08845996856689","587","32.403","19.801","1.06258446","3.80037499183835","0.720061133032017","24.24475872",
"4/1/1996","-40","-6.08845996856689","587","31.381","20.694","2.808381744","3.78325902727296","0.740937500131461","18.81714312",
"4/2/1996","-40","-6.08845996856689","587","29.66","20.577","2.0599387848","3.44644107412521","0.722578538217101","16.0705107",
"4/3/1996","-40","-6.08845996856689","587","32.089","19.516","0.3870965304","3.18681433230621","0.666962147012917","24.0589134",
"4/4/1996","-40","-6.08845996856689","587","33.48","20.431","0.8359908264","3.15596687991743","0.665887977351081","21.28213566",
"4/5/1996","-40","-6.08845996856689","587","29.743","19.508","3.11050368","2.88840576269883","0.82824504224025","18.85336884",
"4/6/1996","-40","-6.08845996856689","587","33.134","19.259","1.4179230072","2.82380770573083","0.784336096831142","15.98765598",
"4/7/1996","-40","-6.08845996856689","587","29.835","19.352","3.167153352","2.72181400371223","0.824136830455473","20.50751214",
"4/8/1996","-40","-6.08845996856689","587","30.531","21.073","6.990055596","3.7650350358706","0.800714390596446","21.69641214",
"4/9/1996","-40","-6.08845996856689","587","32.124","20.042","1.1140807392","3.61311912725415","0.739666915183276","21.42906012",
"4/10/1996","-40","-6.08845996856689","587","31.394","20.754","0.0858308544","3.50611434785689","0.676037198562703","21.99166776",
"4/11/1996","-40","-6.08845996856689","587","33.021","20.145","0.219726936","3.20414367541431","0.604034197185714","25.92465966",
"4/12/1996","-40","-6.08845996856689","587","31.065","18.842","0.06523128","2.19523235424389","0.610527294343666","18.7973451",
"4/13/1996","-40","-6.08845996856689","587","31.855","20.562","5.290603488","3.36564287437001","0.801685680659875","23.29390998",
"4/14/1996","-40","-6.08845996856689","587","29.695","20.889","3.052139256","3.51300696449875","0.846280745020389","14.0464125",
"4/15/1996","-40","-6.08845996856689","587","32.49","19.973","1.539804204","3.35301964415009","0.692468914602694","22.73236956",
"4/16/1996","-40","-6.08845996856689","587","32.783","20.766","1.4608385784","3.16543806962875","0.703491909597026","24.12393624",
"4/17/1996","-40","-6.08845996856689","587","29.897","20.354","13.09089204","2.36715898143778","0.856063788071788","17.49751488",
"4/18/1996","-40","-6.08845996856689","587","29.612","20.528","7.7539402512","2.4177907376064","0.870722444337098","23.17111848",
"4/19/1996","-40","-6.08845996856689","587","24.841","20.613","4.1353218","1.82509868318341","0.93328922875427","6.89759982",
"4/20/1996","-40","-6.08845996856689","587","23.729","20.513","50.60236356","1.3654013906727","0.949488096846049","7.676102988",
"4/21/1996","-40","-6.08845996856689","587","21.998","18.427","19.2123432","1.90086419000825","0.956706058657457","2.998631952",
"4/22/1996","-40","-6.08845996856689","587","23.238","18.594","9.255977964","1.507716153696","0.938343264664562","4.009167288",
"4/23/1996","-40","-6.08845996856689","587","23.242","19.909","13.9354668","2.23331048320285","0.952646981333879","6.24206034",
"4/24/1996","-40","-6.08845996856689","587","20.862","19.845","27.7061395248","1.93352557915548","0.959129643877135","1.659994092",
"4/25/1996","-40","-6.08845996856689","587","25.092","18.719","5.996130948","1.39543042980667","0.931714759577808","9.00944406",
"4/26/1996","-40","-6.08845996856689","587","24.293","20.182","7.97195412","1.58545413098952","0.954075422735675","8.25445944",
"4/27/1996","-40","-6.08845996856689","587","21.232","19.424","83.5716636","1.36606940184211","0.961931942361832","2.312381592",
"4/28/1996","-40","-6.08845996856689","587","25.664","18.851","10.1984004","2.89025188458265","0.919807420593351","6.63536016",
"4/29/1996","-40","-6.08845996856689","587","26.139","19.159","5.6931510024","1.87693541012356","0.91648159209129","6.74809506",
"4/30/1996","-40","-6.08845996856689","587","30.316","20.812","4.7292732","2.97804724387955","0.807465751172715","19.0220004",
"5/1/1996","-40","-6.08845996856689","587","30.337","20.939","6.56776332","3.00421107183751","0.736005908936665","23.86361322",
"5/2/1996","-40","-6.08845996856689","587","30.494","19.175","4.4048315232","2.62777907013171","0.796257551578647","17.02046268",
"5/3/1996","-40","-6.08845996856689","587","29.936","21.036","6.638143716","3.0590471713423","0.861521269288965","16.52321394",
"5/4/1996","-40","-6.08845996856689","587","31.639","20.839","0.0308990448","3.18448277578447","0.729331566456296","20.32092792",
"5/5/1996","-40","-6.08845996856689","587","31.602","20.427","2.12688576","3.30369892376405","0.767113844271102","20.36581812",
"5/6/1996","-40","-6.08845996856689","587","31.915","19.37","0.34160616","2.53626791064585","0.724192704776894","21.96820404",
"5/7/1996","-40","-6.08845996856689","587","30.757","20.974","3.3010478928","3.38751352737676","0.716749448728008","22.25592558",
"5/8/1996","-40","-6.08845996856689","587","30.318","20.528","4.3704998424","3.33245875881449","0.718421228072365","19.78610508",
"5/9/1996","-40","-6.08845996856689","587","26.388","19.438","4.45633146","2.15731371432377","0.902122183406695","7.00936434",
"5/10/1996","-40","-6.08845996856689","587","31.045","20.402","6.22615572","2.39023116702497","0.822674673942513","21.89424024",
"5/11/1996","-40","-6.08845996856689","587","31.948","17.849","0","3.09296831207722","0.671619237919013","23.61661668",
"5/12/1996","-40","-6.08845996856689","587","31.614","19.307","0","3.64744271595592","0.636721631993504","23.8294134",
"5/13/1996","-40","-6.08845996856689","587","31.41","18.558","0","3.75581664301797","0.598308384049029","23.81742828",
"5/14/1996","-40","-6.08845996856689","587","30.362","19.423","1.0591505784","3.65096552939694","0.639805844851893","20.15510112",
"5/15/1996","-40","-6.08845996856689","587","31.351","19.403","1.65309768","2.9357659422865","0.680703698083319","21.53958876",
"5/16/1996","-40","-6.08845996856689","587","32.442","20.163","0","3.02373029895306","0.615817560670471","23.4447705",
"5/17/1996","-40","-6.08845996856689","587","33.205","18.818","0","2.91921275296607","0.626650682051644","21.19387356",
"5/18/1996","-40","-6.08845996856689","587","32.299","20.269","0.047206908","3.28222327443016","0.642236625970358","23.40376866",
"5/19/1996","-40","-6.08845996856689","587","30.826","18.526","2.1457669464","2.53232613221039","0.701890353824049","20.75012082",
"5/20/1996","-40","-6.08845996856689","587","32.018","18.087","0.0034332264","2.64284097514775","0.608129897656864","22.57958484",
"5/21/1996","-40","-6.08845996856689","587","32.472","18.949","0","3.11838972986083","0.623609210162231","22.27494222",
"5/22/1996","-40","-6.08845996856689","587","33.143","18.171","0","2.85908389210687","0.590270670818154","21.77865396",
"5/23/1996","-40","-6.08845996856689","587","32.881","18.345","0","2.66047048768943","0.60051392604811","23.4840978",
"5/24/1996","-40","-6.08845996856689","587","32.57","17.066","0","1.93849835898579","0.607978999511939","17.51242698",
"5/25/1996","-40","-6.08845996856689","587","31.861","18.396","0","2.38293345374713","0.587287526444409","21.06630486",
"5/26/1996","-40","-6.08845996856689","587","29.557","20.267","0.09956358","3.79726503735958","0.641411843545848","20.02601358",
"5/27/1996","-40","-6.08845996856689","587","31.463","19.378","0.1287460224","3.75920099989345","0.612712134097104","22.14827064",
"5/28/1996","-40","-6.08845996856689","587","30.714","18.585","0","3.36774079334519","0.624699933620923","15.23103462",
"5/29/1996","-40","-6.08845996856689","587","31.279","17.752","0.0102996792","3.73056053922346","0.650097662492063","22.20692958",
"5/30/1996","-40","-6.08845996856689","587","26.046","19.017","9.649093464","3.24041529685431","0.844715451356565","6.13856304",
"5/31/1996","-40","-6.08845996856689","587","28.083","18.459","0.25062588","3.98776845443017","0.698305581652485","19.27400634",
"6/1/1996","-40","-6.08845996856689","587","28.905","18.617","0.0446319648","3.81188662937984","0.69567294523485","13.88834982",
"6/2/1996","-40","-6.08845996856689","587","28.696","18.211","0.9956361888","3.85484450315077","0.763888654420462","14.82142554",
"6/3/1996","-40","-6.08845996856689","587","29.416","19.4","1.167297408","3.72477193975915","0.651036856769894","11.93326686",
"6/4/1996","-40","-6.08845996856689","587","29.848","19.608","0.178527852","4.75063209490078","0.633524846035706","20.52433458",
"6/5/1996","-40","-6.08845996856689","587","28.844","17.873","0.2918240928","4.67069405190458","0.632925613313316","16.81992666",
"6/6/1996","-40","-6.08845996856689","587","28.848","17.26","0","3.59383065032494","0.670046523597108","18.39476466",
"6/7/1996","-40","-6.08845996856689","587","26.604","19.181","0.2077102656","3.65640731740775","0.706226998619126","9.32686722",
"6/8/1996","-40","-6.08845996856689","587","27.56","19.742","2.246189184","3.43390768736724","0.740535204743524","8.8712478",
"6/9/1996","-40","-6.08845996856689","587","30.572","17.306","0","5.31460136410208","0.533142049894894","22.82754762",
"6/10/1996","-40","-6.08845996856689","587","26.011","18.273","0.058364856","5.45147428238479","0.681549927549076","9.72888696",
"6/11/1996","-40","-6.08845996856689","587","29.299","15.953","0.3072736944","4.99872095036066","0.651247141538378","17.802054",
"6/12/1996","-40","-6.08845996856689","587","30.127","17.916","0.00686646","4.75249403684049","0.605530717766114","17.6085522",
"6/13/1996","-40","-6.08845996856689","587","29.639","19.291","0.0274658256","4.72278966275335","0.633275981575945","15.18682644",
"6/14/1996","-40","-6.08845996856689","587","29.755","17.749","0.049781772","5.55997289776119","0.637732213038223","20.71349496",
"6/15/1996","-40","-6.08845996856689","587","30.477","17.659","0.3038408208","4.87907689311803","0.637881350719999","20.75664204",
"6/16/1996","-40","-6.08845996856689","587","31.212","17.464","0.32444028","3.95452955038844","0.615424029933064","22.361688",
"6/17/1996","-40","-6.08845996856689","587","31.639","19.296","0.0137329056","3.82419882696734","0.561657065609534","22.3333308",
"6/18/1996","-40","-6.08845996856689","587","31.629","19.363","0.4016874312","4.05640116733649","0.642581572257021","18.41411196",
"6/19/1996","-40","-6.08845996856689","587","29.497","20.315","3.177451296","5.10303249270956","0.718620002810313","16.07540688",
"6/20/1996","-40","-6.08845996856689","587","31.689","17.19","1.62734904","4.30948090746969","0.57664079511055","22.80301344",
"6/21/1996","-40","-6.08845996856689","587","31.888","17.021","0","3.49318492600986","0.549628687417859","22.7385576",
"6/22/1996","-40","-6.08845996856689","587","28.769","20.073","2.1629335032","3.32412863137228","0.668808662871867","10.72625346",
"6/23/1996","-40","-6.08845996856689","587","30.845","17.381","3.586003956","4.379691886094","0.600329271297332","22.41320868",
"6/24/1996","-40","-6.08845996856689","587","31","17.663","0.010299672","4.34087984903572","0.511415229547218","22.86944208",
"6/25/1996","-40","-6.08845996856689","587","30.304","17.165","0.25405884","4.91430045675118","0.563662152968839","22.793454",
"6/26/1996","-40","-6.08845996856689","587","31.804","16.01","0","3.49555488815901","0.491737490273979","22.97930508",
"6/27/1996","-40","-6.08845996856689","587","30.892","18.907","0.3175737264","3.54495954464733","0.566086843501394","20.74984272",
"6/28/1996","-40","-6.08845996856689","587","31.476","18.013","0","3.7173575287056","0.559052560221677","22.58415612",
"6/29/1996","-40","-6.08845996856689","587","31.908","17.666","0.0102996792","2.78508200179789","0.569174129472035","18.07414056",
"6/30/1996","-40","-6.08845996856689","587","31.582","18.598","0","3.93605250675996","0.529797423448299","21.6445014",
"7/1/1996","-40","-6.08845996856689","587","30.461","19.71","0.0068664528","4.63550597825158","0.544676717008299","21.3836058",
"7/2/1996","-40","-6.08845996856689","587","29.326","15.191","0","4.86837527992888","0.603874570327438","22.83997608",
"7/3/1996","-40","-6.08845996856689","587","30.512","15.477","0","3.73986142341706","0.567848133022317","23.126796",
"7/4/1996","-40","-6.08845996856689","587","31.539","16.925","0","3.48892358533007","0.491805256828563","22.35526272",
"7/5/1996","-40","-6.08845996856689","587","31.915","17.53","0","3.86779161065673","0.509103985232583","18.79109784",
"7/6/1996","-40","-6.08845996856689","587","31.092","17.719","0.0102996792","4.2463088289946","0.527773111003357","20.1423978",
"7/7/1996","-40","-6.08845996856689","587","31.592","18.928","0.0446319504","4.26967195150956","0.499157397670136","22.6580607",
"7/8/1996","-40","-6.08845996856689","587","31.063","17.583","0","4.69838728417857","0.512991432825963","22.23342864",
"7/9/1996","-40","-6.08845996856689","587","31.092","15.196","0","4.28687651616459","0.473380529103749","23.2719804",
"7/10/1996","-40","-6.08845996856689","587","30.895","16.313","0","4.45710144754763","0.496278766077462","23.09338728",
"7/11/1996","-40","-6.08845996856689","587","31.637","17.048","0","3.22521722186321","0.444266247720007","22.9737888",
"7/12/1996","-40","-6.08845996856689","587","31.927","19.938","1.108934172","3.13292659003387","0.573269030348616","17.50488624",
"7/13/1996","-40","-6.08845996856689","587","28.443","20.078","6.468201","4.17158483276235","0.762963565407491","9.47502954",
"7/14/1996","-40","-6.08845996856689","587","31.548","18.776","1.483155684","4.58685147941909","0.642748314813001","20.9614518",
"7/15/1996","-40","-6.08845996856689","587","31.731","18.402","1.9054428264","4.76367152002813","0.586736466635251","22.44262464",
"7/16/1996","-40","-6.08845996856689","587","31.117","18.817","2.5302887784","5.00326403227247","0.585752153717489","22.43238084",
"7/17/1996","-40","-6.08845996856689","587","32.419","18.329","2.828981556","4.83884348920501","0.625250275515733","21.21559344",
"7/18/1996","-40","-6.08845996856689","587","30.119","19.152","1.338958584","4.64906588145098","0.630283062851438","15.99013188",
"7/19/1996","-40","-6.08845996856689","587","31.783","18.131","0.0068664528","4.30063169886674","0.501825930551064","23.3022384",
"7/20/1996","-40","-6.08845996856689","587","30.845","18.678","1.414489248","3.80743842324068","0.61140581160183","19.26893808",
"7/21/1996","-40","-6.08845996856689","587","33.465","17.973","0","2.90940934692479","0.514177099902547","23.6466",
"7/22/1996","-40","-6.08845996856689","587","29.747","20.483","4.5335744928","4.08971026664331","0.709865926578009","19.56240468",
"7/23/1996","-40","-6.08845996856689","587","31.247","20.103","3.87954432","4.84491818196242","0.611426723094358","17.89278804",
"7/24/1996","-40","-6.08845996856689","587","25.16","17.89","0.054931608","5.65549065030401","0.658468096780264","10.61229204",
"7/25/1996","-40","-6.08845996856689","587","29.804","16.573","0","5.46506455645417","0.588711450016873","23.42766888",
"7/26/1996","-40","-6.08845996856689","587","31.466","17.378","0.0240325848","4.8832395284678","0.559807615397464","20.57529312",
"7/27/1996","-40","-6.08845996856689","587","30.295","20.183","0.0652313304","5.55017848677315","0.594293116600005","18.44549604",
"7/28/1996","-40","-6.08845996856689","587","31.756","18.363","0","5.08919507186638","0.514328171020093","23.6449134",
"7/29/1996","-40","-6.08845996856689","587","31.819","17.893","0","4.5468210559424","0.476017450801544","24.28385868",
"7/30/1996","-40","-6.08845996856689","587","32.514","18.074","0.092697264","4.24883030650008","0.485576483400061","22.43981664",
"7/31/1996","-40","-6.08845996856689","587","32.314","19.325","0.607681296","4.71386843066174","0.47247814185785","24.03686016",
"8/1/1996","-40","-6.08845996856689","587","32.173","17.424","0","4.88282358326163","0.467085285268756","24.39230436",
"8/2/1996","-40","-6.08845996856689","587","31.853","17.859","0.0789642","4.90356153663304","0.560080353709647","23.96570616",
"8/3/1996","-40","-6.08845996856689","587","28.717","18.995","0.97160382","5.5233843405126","0.652243219710681","18.54719748",
"8/4/1996","-40","-6.08845996856689","587","24.049","19.345","2.0092962528","4.57490890433183","0.785325445349458","8.77331088",
"8/5/1996","-40","-6.08845996856689","587","28.31","17.069","0","3.96493902633763","0.671396412608113","24.2828424",
"8/6/1996","-40","-6.08845996856689","587","31.488","20.502","0.1338960168","3.76797062665459","0.515610345287309","24.73115256",
"8/7/1996","-40","-6.08845996856689","587","31.472","20.004","7.9831134","3.83338873168399","0.609311458032446","23.69199528",
"8/8/1996","-40","-6.08845996856689","587","32.569","19.885","0","4.2136274619743","0.459754013164261","24.7193496",
"8/9/1996","-40","-6.08845996856689","587","30.806","20.476","3.39546042","4.33249401986282","0.636922027119793","18.22280796",
"8/10/1996","-40","-6.08845996856689","587","32.97","18.528","0","4.09523142894522","0.534881981033394","24.77121084",
"8/11/1996","-40","-6.08845996856689","587","33.405","19.514","0","4.41369355019966","0.491432821075191","25.18992792",
"8/12/1996","-40","-6.08845996856689","587","33.74","19.837","0","4.88349899985401","0.51181273483605","24.91717824",
"8/13/1996","-40","-6.08845996856689","587","33.5","19.685","0","4.4327257857931","0.430478668960898","25.44822864",
"8/14/1996","-40","-6.08845996856689","587","32.757","18.406","0","4.57507154093957","0.478438489496368","21.0758094",
"8/15/1996","-40","-6.08845996856689","587","31.996","19.264","0","4.70632981509767","0.545616042513613","25.16827644",
"8/16/1996","-40","-6.08845996856689","587","32.224","19.04","0","3.48083134296236","0.54789192316926","19.80849204",
"8/17/1996","-40","-6.08845996856689","587","30.368","20.469","4.1456196648","4.26369198596653","0.645943441514791","13.833621108",
"8/18/1996","-40","-6.08845996856689","587","31.674","19.561","0.0583648632","5.29577440115371","0.497213268183314","23.1927777",
"8/19/1996","-40","-6.08845996856689","587","32.509","18.5","0.0034332264","5.76298244503563","0.503069548302442","25.5801978",
"8/20/1996","-40","-6.08845996856689","587","31.012","18.713","0.0583648776","5.30107583855691","0.595900723741246","17.62497486",
"8/21/1996","-40","-6.08845996856689","587","32.085","17.565","0","4.96731147299924","0.51534503214199","25.92967248",
"8/22/1996","-40","-6.08845996856689","587","32.59","19.715","0","4.81708274430147","0.442891463963139","25.88389182",
"8/23/1996","-40","-6.08845996856689","587","33.07","21.266","0.109863324","4.56999583551626","0.404203688287227","25.83567954",
"8/24/1996","-40","-6.08845996856689","587","32.775","19.4","0","5.39941617399526","0.431564166976046","25.98659766",
"8/25/1996","-40","-6.08845996856689","587","32.463","20.202","0.109863432","5.6749154077077","0.464422400985147","25.6320576",
"8/26/1996","-40","-6.08845996856689","587","32.775","18.075","1.7294906664","4.65176198456195","0.531812252320769","21.02810544",
"8/27/1996","-40","-6.08845996856689","587","32.178","19.243","2.2401828","4.8708960472251","0.537279586058324","21.94588116",
"8/28/1996","-40","-6.08845996856689","587","34.2","20.009","0","4.47014991371498","0.459612957939269","20.93315832",
"8/29/1996","-40","-6.08845996856689","587","34.319","21.851","0.959586912","4.15539311475183","0.446454167377281","24.64256538",
"8/30/1996","-40","-6.08845996856689","587","34.026","21.492","0.0858306888","4.82869713752877","0.419579507353604","26.3790027",
"8/31/1996","-40","-6.08845996856689","587","33.548","19.708","0.0377654904","5.24848706158068","0.429654921201855","26.67133458",
"9/1/1996","-40","-6.08845996856689","587","32.874","18.703","0","4.58459952810941","0.427605142094943","26.8627464",
"9/2/1996","-40","-6.08845996856689","587","31.948","19.19","0","4.19985666568511","0.46347833305106","26.4847527",
"9/3/1996","-40","-6.08845996856689","587","32.95","19.528","0","4.42843728199185","0.476284231789263","22.3273134",
"9/4/1996","-40","-6.08845996856689","587","32.639","19.554","0.1321793064","4.69601437357341","0.506974570105481","26.85735054",
"9/5/1996","-40","-6.08845996856689","587","34.331","20.031","0.67291272","4.81497540849979","0.406032110057741","27.4482594",
"9/6/1996","-40","-6.08845996856689","587","34.36","18.944","0","3.89427105375189","0.412000336689126","26.70749586",
"9/7/1996","-40","-6.08845996856689","587","33.348","22.192","0.8565903864","4.61955602276255","0.463856415661046","25.925115708",
"9/8/1996","-40","-6.08845996856689","587","33.692","21.238","0.4712103864","5.14265289953026","0.420662051893455","23.03330274",
"9/9/1996","-40","-6.08845996856689","587","33.908","21.701","1.7131790376","5.2771383143878","0.460759250207468","23.32451295",
"9/10/1996","-40","-6.08845996856689","587","32.561","21.429","1.2814530696","5.87002578454218","0.47918133663908","24.52854303",
"9/11/1996","-40","-6.08845996856689","587","34.411","20.561","0","5.29146262449959","0.384043129451148","26.6209326",
"9/12/1996","-40","-6.08845996856689","587","34.829","21.603","0.79908408","5.38491827747767","0.454372750391736","26.1777969",
"9/13/1996","-40","-6.08845996856689","587","33.225","21.164","3.94864596","4.80506776324732","0.478418328401818","26.77865832",
"9/14/1996","-40","-6.08845996856689","587","34.785","20.437","0","5.25721894154181","0.349731932389277","27.44307684",
"9/15/1996","-40","-6.08845996856689","587","34.448","20.061","0","5.3272348838642","0.372140740439999","26.326965528",
"9/16/1996","-40","-6.08845996856689","587","33.513","19.924","0.226593","4.22704912952548","0.427320915300142","22.375177272",
"9/17/1996","-40","-6.08845996856689","587","33.734","21.456","3.875255748","4.72939586687862","0.611050554526965","20.73166722",
"9/18/1996","-40","-6.08845996856689","587","31.717","21.102","9.8276076","4.97488348592552","0.60991496771043","19.29830922",
"9/19/1996","-40","-6.08845996856689","587","34.077","20.969","0.0472068","5.13837281155337","0.488347478703158","27.420129792",
"9/20/1996","-40","-6.08845996856689","587","35.072","21.885","0.649738116","5.45564811680443","0.443267477178836","27.577178208",
"9/21/1996","-40","-6.08845996856689","587","34.466","20.423","0.4609107864","4.99914292897262","0.393758509865808","28.21234464",
"9/22/1996","-40","-6.08845996856689","587","34.387","21.731","0.034332264","4.84396594478878","0.411184150778289","22.37788512",
"9/23/1996","-40","-6.08845996856689","587","32.91","21.127","13.80500784","3.79295325848722","0.585434698423292","15.919142598",
"9/24/1996","-40","-6.08845996856689","587","34.124","21.521","3.772266228","5.1452295143297","0.551362751567913","25.546613112",
"9/25/1996","-40","-6.08845996856689","587","34.212","22.07","0.0540733608","4.45329586460293","0.52557516114979","25.97906106",
"9/26/1996","-40","-6.08845996856689","587","34.607","21.052","0","5.20364444884469","0.513412434087881","26.53880886",
"9/27/1996","-40","-6.08845996856689","587","35.416","22.021","0.33044832","5.02115698551453","0.486457047144623","27.54669222",
"9/28/1996","-40","-6.08845996856689","587","33.745","21.971","2.5053966432","4.4149952825733","0.556191077633391","18.5982201",
"9/29/1996","-40","-6.08845996856689","587","34.706","21.841","0.79650864","4.26898854266058","0.427513634460842","27.40813974",
"9/30/1996","-40","-6.08845996856689","587","32.604","21.676","2.427290424","3.89848271907458","0.532009274608414","20.20252428",
"10/1/1996","-40","-6.08845996856689","587","34.844","22.106","0.3725050176","4.24272047261701","0.480508390922275","23.09163984",
"10/2/1996","-40","-6.08845996856689","587","31.266","22.121","3.616904232","3.76750288002358","0.564724434335487","15.18992235",
"10/3/1996","-40","-6.08845996856689","587","30.488","21.985","1.59645078","4.69256019587821","0.578246912060986","13.55293296",
"10/4/1996","-40","-6.08845996856689","587","32.015","21.458","0","5.34549480221488","0.538295172113823","22.63978242",
"10/5/1996","-40","-6.08845996856689","587","32.746","20.893","0","5.01314156088383","0.49808525481444","25.56247626",
"10/6/1996","-40","-6.08845996856689","587","33.645","21.358","0","4.66351671422385","0.477543409462179","27.53707932",
"10/7/1996","-40","-6.08845996856689","587","33.174","22.785","0","4.25710226663727","0.484284054337466","21.5432451",
"10/8/1996","-40","-6.08845996856689","587","33.413","21.206","0.08583084","5.50142116429075","0.499872649013799","27.8441946",
"10/9/1996","-40","-6.08845996856689","587","33.597","21.519","1.4728545","5.1201035069806","0.516241298357897","27.51081318",
"10/10/1996","-40","-6.08845996856689","587","34.374","21.583","0.106430112","4.5670935590123","0.465531149428868","28.0077669",
"10/11/1996","-40","-6.08845996856689","587","35.226","21.372","0.738143856","4.85502279463886","0.459388444745671","28.30264398",
"10/12/1996","-40","-6.08845996856689","587","35.411","21.795","1.30290984","5.09399489451182","0.495301180180943","28.0459773",
"10/13/1996","-40","-6.08845996856689","587","34.495","22.477","0.41542074","5.27391499070677","0.492894561700168","24.92477406",
"10/14/1996","-40","-6.08845996856689","587","35.4","21.588","0","5.1321500730831","0.495334598956715","23.90027274",
"10/15/1996","-40","-6.08845996856689","587","35.498","21.113","0","4.89350471815","0.442223140774869","26.98962984",
"10/16/1996","-40","-6.08845996856689","587","33.388","22.571","0.5338666584","3.88957881003236","0.493249683464092","19.99946511",
"10/17/1996","-40","-6.08845996856689","587","32.994","21.984","3.28388184","4.56628961592633","0.586837527244046","21.70833516",
"10/18/1996","-40","-6.08845996856689","587","33.62","22.496","0.72097812","5.41260270225563","0.505955686875179","19.29757482",
"10/19/1996","-40","-6.08845996856689","587","34.747","22.169","0.089263908","5.50161255063017","0.496287075893541","22.824485352",
"10/20/1996","-40","-6.08845996856689","587","33.139","22.736","0.0858306744","5.57625771206787","0.486490045449119","22.02214428",
"10/21/1996","-40","-6.08845996856689","587","34.423","21.723","0.070381188","5.41882838697711","0.405483205578655","28.45911762",
"10/22/1996","-40","-6.08845996856689","587","35.271","21.975","0","5.76070558144848","0.387739772090532","27.66239928",
"10/23/1996","-40","-6.08845996856689","587","35.362","23.761","0.06694794","5.23797756500903","0.375889041477458","28.5667299",
"10/24/1996","-40","-6.08845996856689","587","35.477","21.973","0","6.1245281551672","0.45204009911108","27.20324124",
"10/25/1996","-40","-6.08845996856689","587","36.144","21.79","0.33130656","5.94598737363938","0.482982502378021","27.36055368",
"10/26/1996","-40","-6.08845996856689","587","35.44","22.365","0.22830948","5.70376033237287","0.461515441259735","28.164753",
"10/27/1996","-40","-6.08845996856689","587","35.233","21.156","0","5.70593060569612","0.419148479785802","28.3526559",
"10/28/1996","-40","-6.08845996856689","587","35.252","20.647","0","5.57083660921337","0.434492298825306","27.33359724",
"10/29/1996","-40","-6.08845996856689","587","35.761","20.704","0","5.0452398808354","0.431581952301672","28.3695228",
"10/30/1996","-40","-6.08845996856689","587","36.093","21.951","0","5.36686261439212","0.403190665014552","28.04236992",
"10/31/1996","-40","-6.08845996856689","587","36.134","21.916","0","5.39872995903524","0.467807127089524","23.92443198",
"11/1/1996","-40","-6.08845996856689","587","36.072","21.57","0.0102996864","4.37185575200495","0.468854233834136","23.49404658",
"11/2/1996","-40","-6.08845996856689","587","35.679","21.954","0.078964236","5.72298245894753","0.457050808933584","27.9555723",
"11/3/1996","-40","-6.08845996856689","587","35.253","21.889","0.576782244","5.48652619465332","0.470789451932415","26.92754784",
"11/4/1996","-40","-6.08845996856689","587","35.746","21.992","0.65574648","5.23170182094761","0.440051357184559","27.9544437",
"11/5/1996","-40","-6.08845996856689","587","35.596","22.938","0","5.55472368527282","0.421342490383317","28.0465632",
"11/6/1996","-40","-6.08845996856689","587","34.922","22.278","0","5.15890079123341","0.375624736799989","28.2882888",
"11/7/1996","-40","-6.08845996856689","587","35.946","21.738","0","4.1694988976018","0.360405964738092","28.3358448",
"11/8/1996","-40","-6.08845996856689","587","35.948","22.346","0","5.15175519600973","0.409433434171973","27.4350375",
"11/9/1996","-40","-6.08845996856689","587","35.021","22.486","0","6.67527083764088","0.464194374438873","27.6695424",
"11/10/1996","-40","-6.08845996856689","587","31.833","22.554","0.1047135024","5.84383232569134","0.520714962958725","20.58041358",
"11/11/1996","-40","-6.08845996856689","587","35.623","22.14","0.0343323","5.18238975662686","0.498242069515364","27.27421488",
"11/12/1996","-40","-6.08845996856689","587","32.957","22.266","0","4.39823240046704","0.50319212062773","18.79211052",
"11/13/1996","-40","-6.08845996856689","587","34.746","21.929","0.12702942","4.50592519953501","0.495945047731774","21.1115232",
"11/14/1996","-40","-6.08845996856689","587","34.303","22.409","0.22315968","5.17276410663354","0.392672686088032","24.13940094",
"11/15/1996","-40","-6.08845996856689","587","34.976","21.621","0","5.69820911268612","0.493956514755715","24.09113898",
"11/16/1996","-40","-6.08845996856689","587","32.959","22.662","0","5.66927153392145","0.545079226435118","19.65273318",
"11/17/1996","-40","-6.08845996856689","587","33.561","21.653","0.02059938","5.62105135247192","0.513144366397861","25.78100202",
"11/18/1996","-40","-6.08845996856689","587","33.724","22.814","0","4.78805034661155","0.538979046483392","19.74026394",
"11/19/1996","-40","-6.08845996856689","587","33.487","22.254","0","5.14010305750721","0.548774878747644","20.80772082",
"11/20/1996","-40","-6.08845996856689","587","33.971","22.656","0","5.61068730727488","0.543543151602067","22.85324874",
"11/21/1996","-40","-6.08845996856689","587","32.964","22.765","0.648879624","5.77139914758581","0.565183910243145","27.48723588",
"11/22/1996","-40","-6.08845996856689","587","35.09","21.67","0","5.24076868111217","0.498238308203944","27.81034452",
"11/23/1996","-40","-6.08845996856689","587","35.045","21.861","0","3.53127594933113","0.484059589222371","25.77402936",
"11/24/1996","-40","-6.08845996856689","587","34.319","23.274","0","3.29659875920015","0.459020172160101","22.14815364",
"11/25/1996","-40","-6.08845996856689","587","34.646","22.374","0","4.09494965651854","0.453365074124929","23.44117338",
"11/26/1996","-40","-6.08845996856689","587","34.555","21.065","0","4.60862186673987","0.448834433538513","26.36785728",
"11/27/1996","-40","-6.08845996856689","587","33.133","21.684","0","4.67632549548226","0.454522130154115","21.61254816",
"11/28/1996","-40","-6.08845996856689","587","34.881","21.009","0","4.62343883868173","0.430288535848949","27.6747174",
"11/29/1996","-40","-6.08845996856689","587","35.058","22.633","0.2437591464","4.31939383654346","0.394703002841319","27.65744928",
"11/30/1996","-40","-6.08845996856689","587","34.883","21.412","0","4.17311810971578","0.399645626889777","28.1823786",
"12/1/1996","-40","-6.08845996856689","587","34.622","20.909","0","4.77161051726599","0.445153926869952","27.9745281",
"12/2/1996","-40","-6.08845996856689","587","33.03","21.513","0","5.55669061944146","0.478692390963792","27.7998183",
"12/3/1996","-40","-6.08845996856689","587","34.318","21.77","0","5.56224603923977","0.448015669876773","28.2354183",
"12/4/1996","-40","-6.08845996856689","587","34.515","20.771","0","4.80163626313275","0.368419662676657","28.65609648",
"12/5/1996","-40","-6.08845996856689","587","35.139","21.24","0","4.72983616665475","0.414341084116703","28.24936938",
"12/6/1996","-40","-6.08845996856689","587","34.977","22.037","0","4.65317007443133","0.45300111815478","22.25863332",
"12/7/1996","-40","-6.08845996856689","587","35.909","22.423","0","4.53640850557309","0.413618103491933","23.4370116",
"12/8/1996","-40","-6.08845996856689","587","35.673","22.089","0","5.49137699964332","0.452642187548989","26.8926831",
"12/9/1996","-40","-6.08845996856689","587","35.983","21.43","0","4.60705430036317","0.463884273506804","27.7803585",
"12/10/1996","-40","-6.08845996856689","587","36.178","22.056","0","4.5405875807679","0.40423840104351","28.01086128",
"12/11/1996","-40","-6.08845996856689","587","36.168","21.224","0","4.17812529644524","0.428756062349581","27.57898062",
"12/12/1996","-40","-6.08845996856689","587","34.161","22.185","0","4.33804432400087","0.484045501664177","21.54741156",
"12/13/1996","-40","-6.08845996856689","587","35.452","22.898","0","5.62748647160951","0.420634821566521","27.7317621",
"12/14/1996","-40","-6.08845996856689","587","35.15","21.884","0","5.88381213681495","0.465083199538431","27.64253898",
"12/15/1996","-40","-6.08845996856689","587","36","22.367","0","5.95620376559147","0.415043799652494","28.0653768",
"12/16/1996","-40","-6.08845996856689","587","34.804","21.769","0","5.98913813669194","0.36291005431268","28.4844978",
"12/17/1996","-40","-6.08845996856689","587","35.299","21.808","0.0532152","5.78338146467352","0.430097662911289","28.38222648",
"12/18/1996","-40","-6.08845996856689","587","35.775","23.351","0.33474024","5.94259792094962","0.445355624772348","24.72896754",
"12/19/1996","-40","-6.08845996856689","587","36.524","23.227","1.244545632","4.86648162077217","0.44853351604616","26.83293642",
"12/20/1996","-40","-6.08845996856689","587","35.652","21.766","2.4410221128","4.12242836874087","0.491018297094604","24.33852576",
"12/21/1996","-40","-6.08845996856689","587","32.202","22.681","2.600671212","4.76013591461497","0.521989887693351","17.78174712",
"12/22/1996","-40","-6.08845996856689","587","34.184","22.041","2.6719094376","4.99320315243635","0.515995722709418","20.98383732",
"12/23/1996","-40","-6.08845996856689","587","34.909","22.019","0","4.45912896219808","0.45371221142433","21.28736358",
"12/24/1996","-40","-6.08845996856689","587","34.954","21.715","0","5.0959787305268","0.49902537327289","23.55401214",
"12/25/1996","-40","-6.08845996856689","587","34.406","22.31","0","5.18231708510223","0.489597780705572","23.82861546",
"12/26/1996","-40","-6.08845996856689","587","33.974","22.906","0.072097776","5.03258680309374","0.461246639382467","23.170388688",
"12/27/1996","-40","-6.08845996856689","587","35.473","22.187","0","5.37665114977447","0.476558775190402","27.18568026",
"12/28/1996","-40","-6.08845996856689","587","32.282","22.027","0.1424788992","4.81495032762605","0.581978760890361","11.7739107",
"12/29/1996","-40","-6.08845996856689","587","32.642","21.188","0","4.26764304274338","0.541914525728635","22.408647192",
"12/30/1996","-40","-6.08845996856689","587","35.671","21.033","0","4.80137574572461","0.493337550985975","27.749754",
"12/31/1996","-40","-6.08845996856689","587","34.255","22.579","0","4.20538608231584","0.49917838795595","15.59440746",
"1/1/1997","-40","-6.08845996856689","587","35.476","21.223","0","5.1273649194108","0.514369931720094","26.0779509",
"1/2/1997","-40","-6.08845996856689","587","35.656","22.16","0.017166132","6.04982370746371","0.514497686310143","25.05633534",
"1/3/1997","-40","-6.08845996856689","587","35.862","23.122","0.08239752","5.56190843324031","0.475757579185531","27.52346322",
"1/4/1997","-40","-6.08845996856689","587","36.743","22.301","0","5.47645047624959","0.415880212011781","28.4200335",
"1/5/1997","-40","-6.08845996856689","587","33.469","22.838","0","5.30181394586193","0.514600884666087","24.6287241",
"1/6/1997","-40","-6.08845996856689","587","35.646","21.372","0","5.17396281951335","0.475372855215177","27.87575436",
"1/7/1997","-40","-6.08845996856689","587","33.469","20.4","0.1544951952","3.87619023145723","0.533239746473855","21.79547208",
"1/8/1997","-40","-6.08845996856689","587","34.563","20.812","0.477218448","4.98115586312521","0.526576407376829","27.5943906",
"1/9/1997","-40","-6.08845996856689","587","34.38","21.816","0.061798068","4.59749510649517","0.539107029592546","21.53644038",
"1/10/1997","-40","-6.08845996856689","587","33.845","21.064","0","4.9120161845823","0.560980216453921","21.82551138",
"1/11/1997","-40","-6.08845996856689","587","34.223","21.402","0","4.88298361455777","0.547955992707798","19.61465562",
"1/12/1997","-40","-6.08845996856689","587","34.053","21.098","0","4.34556809858674","0.513043706328137","21.69444042",
"1/13/1997","-40","-6.08845996856689","587","33.732","19.644","0.235176228","3.32348149708313","0.566285629638061","20.05008822",
"1/14/1997","-40","-6.08845996856689","587","30.851","22.116","0.0171661392","4.38076268717654","0.537714748765201","15.58158723",
"1/15/1997","-40","-6.08845996856689","587","34.982","21.129","0.1991267784","4.71761494080201","0.474689446126905","27.745434",
"1/16/1997","-40","-6.08845996856689","587","34.981","21.786","0","5.11527701998449","0.446751656992834","27.52537068",
"1/17/1997","-40","-6.08845996856689","587","35.336","20.84","0","4.91303679971038","0.437746592600693","27.0613782",
"1/18/1997","-40","-6.08845996856689","587","35.619","21.334","0","3.99145352944069","0.44554425778853","28.18670994",
"1/19/1997","-40","-6.08845996856689","587","35.525","19.077","0","3.93145800286383","0.46878810521551","26.76662082",
"1/20/1997","-40","-6.08845996856689","587","36.155","21.204","0.205993512","5.18488220690177","0.519916828893767","21.7804491",
"1/21/1997","-40","-6.08845996856689","587","35.318","21.945","0.106430184","4.55718069333373","0.502962762901299","24.06279069",
"1/22/1997","-40","-6.08845996856689","587","30.199","21.108","6.481931544","3.11074597979088","0.672232246345785","10.163696886",
"1/23/1997","-40","-6.08845996856689","587","30.127","21.121","6.346323864","2.61212391086043","0.687392575511853","9.6848469",
"1/24/1997","-40","-6.08845996856689","587","33.048","20.314","4.827118644","3.00565922655731","0.667956998108302","16.58998278",
"1/25/1997","-40","-6.08845996856689","587","30.287","20.614","2.3517610704","1.6881484542664","0.666100389059414","9.18039105",
"1/26/1997","-40","-6.08845996856689","587","33.76","20.132","0","3.51892461647702","0.515860197674827","23.00675265",
"1/27/1997","-40","-6.08845996856689","587","30.353","19.819","0.813674844","2.50425339663078","0.635621094289751","8.39109618",
"1/28/1997","-40","-6.08845996856689","587","33.528","20.012","0.37078884","4.51556608678611","0.573539928001385","27.02604366",
"1/29/1997","-40","-6.08845996856689","587","34.27","19.866","2.042770572","4.83222691719242","0.599257219879136","28.50007401",
"1/30/1997","-40","-6.08845996856689","587","33.713","19.757","1.44195588","4.65012580496707","0.537980719735995","27.3670281",
"1/31/1997","-40","-6.08845996856689","587","33.922","21.312","0","4.7617192991366","0.441991516250434","26.9949888",
"2/1/1997","-40","-6.08845996856689","587","32.284","21.229","0","5.04969455746988","0.508917399093577","27.59411277",
"2/2/1997","-40","-6.08845996856689","587","30.853","21.479","0.037765476","3.78276947082688","0.540940817266209","16.5150531",
"2/3/1997","-40","-6.08845996856689","587","32.81","20.613","11.3399495424","2.71849823799163","0.652855639564387","15.9546366",
"2/4/1997","-40","-6.08845996856689","587","34.36","20.506","3.5053259184","3.49039663030004","0.586590871485807","22.53487896",
"2/5/1997","-40","-6.08845996856689","587","35.425","20.958","1.34582508","3.86211732814594","0.509506845275213","28.93629555",
"2/6/1997","-40","-6.08845996856689","587","34.668","20.957","0.05493168","4.94515324510693","0.486509127489089","29.13209829",
"2/7/1997","-40","-6.08845996856689","587","34.925","21.134","0","4.75586233415237","0.433921925545255","29.51515872",
"2/8/1997","-40","-6.08845996856689","587","32.815","20.609","0","4.13307098252177","0.535718744557347","19.93646448",
"2/9/1997","-40","-6.08845996856689","587","30.334","20.038","1.617049584","4.88361340875317","0.725787294261191","17.19675441",
"2/10/1997","-40","-6.08845996856689","587","30.09","19.963","2.595522528","4.13669466055326","0.648480488525707","18.91507266",
"2/11/1997","-40","-6.08845996856689","587","34.022","19.518","0","3.95224701189874","0.521637449918427","25.48479681",
"2/12/1997","-40","-6.08845996856689","587","33.902","21.017","0","4.61511564155829","0.546333264097401","20.05852941",
"2/13/1997","-40","-6.08845996856689","587","32.014","20.788","0","4.54148696947113","0.557849655132712","26.300754",
"2/14/1997","-40","-6.08845996856689","587","34.149","19.571","0.0034332264","5.33075977710457","0.535950079601734","25.03457127",
"2/15/1997","-40","-6.08845996856689","587","34.088","19.433","0.70037856","5.11013169414777","0.567072954157832","23.18428395",
"2/16/1997","-40","-6.08845996856689","587","33.584","20.243","0","4.81789953401727","0.483310274369796","24.28025346",
"2/17/1997","-40","-6.08845996856689","587","34.742","20.177","0","5.05567679143664","0.479564979377842","28.91114937",
"2/18/1997","-40","-6.08845996856689","587","34.711","22.218","0.27465804","5.543878402237","0.551212699643402","27.26499204",
"2/19/1997","-40","-6.08845996856689","587","32.128","20.602","0.992202876","4.95612375926711","0.681055968927283","20.19639348",
"2/20/1997","-40","-6.08845996856689","587","35.163","18.97","0","4.33202075241117","0.556194350871312","25.48479456",
"2/21/1997","-40","-6.08845996856689","587","34.635","20.109","0.1819610064","4.8501382436971","0.583289512661376","21.36431196",
"2/22/1997","-40","-6.08845996856689","587","35.151","20.04","0.0137329056","4.96403721353357","0.556952765297809","21.55117824",
"2/23/1997","-40","-6.08845996856689","587","34.008","20.067","0","4.1835732650992","0.512168387738887","24.81918192",
"2/24/1997","-40","-6.08845996856689","587","34.106","20.855","0.168228","4.62867452592731","0.553703758816423","22.44898062",
"2/25/1997","-40","-6.08845996856689","587","35.274","20.194","0","4.90600099416653","0.488947707158524","27.55895472",
"2/26/1997","-40","-6.08845996856689","587","35.572","20.181","0","5.47851159256034","0.43915493679765","29.24146224",
"2/27/1997","-40","-6.08845996856689","587","35.667","20.219","0","5.11507147972353","0.462730157804464","29.0170134",
"2/28/1997","-40","-6.08845996856689","587","35.808","18.948","0","4.1238496593228","0.461004275743294","26.77742388",
"3/1/1997","-40","-6.08845996856689","587","32.84","20.28","0.4858018344","2.77798910551907","0.537115317591212","17.29456704",
"3/2/1997","-40","-6.08845996856689","587","32.784","20.511","0.6608962008","2.70174884488851","0.612429454462952","18.12836124",
"3/3/1997","-40","-6.08845996856689","587","32.024","19.621","0.4892350464","3.75398711111866","0.675588596075931","17.48502576",
"3/4/1997","-40","-6.08845996856689","587","33.213","20.396","0.0248908896","4.45911603435661","0.5989909427134","20.50491996",
"3/5/1997","-40","-6.08845996856689","587","32.993","20.371","2.07795924","4.21921853035014","0.606801592990304","22.7728125",
"3/6/1997","-40","-6.08845996856689","587","34.91","21.566","0.690078636","4.66604845375917","0.54047338104823","21.57209838",
"3/7/1997","-40","-6.08845996856689","587","33.871","21.201","0.509834448","4.27229080317585","0.523988710175709","25.10746866",
"3/8/1997","-40","-6.08845996856689","587","34.003","21.863","0.0308990376","3.63540187988098","0.495588586776206","23.60030706",
"3/9/1997","-40","-6.08845996856689","587","36.312","20.058","0.086688864","4.20380106930512","0.524847213313904","23.01503094",
"3/10/1997","-40","-6.08845996856689","587","31.831","20.42","1.3303739664","4.35364815879959","0.60911640180901","18.76781394",
"3/11/1997","-40","-6.08845996856689","587","34.992","19.666","1.68914736","4.52422610405879","0.576917264927425","26.71138386",
"3/12/1997","-40","-6.08845996856689","587","34.952","20.329","0.17852796","5.01626954656724","0.516338196541108","21.36521448",
"3/13/1997","-40","-6.08845996856689","587","33.279","21.127","2.434157712","4.70172837960863","0.590205229939755","21.41617932",
"3/14/1997","-40","-6.08845996856689","587","33.077","20.393","5.8828357008","3.95363135949137","0.696975034201648","17.16519402",
"3/15/1997","-40","-6.08845996856689","587","33.889","20.318","2.1964080528","4.74411581482096","0.634167233120485","23.14322226",
"3/16/1997","-40","-6.08845996856689","587","35.773","21.043","0","4.83097717357165","0.534986290956762","22.5700299",
"3/17/1997","-40","-6.08845996856689","587","34.534","19.741","0.0034332264","3.43127063327206","0.519175614989122","21.67593642",
"3/18/1997","-40","-6.08845996856689","587","35.801","22.23","0.20771028","4.51745249256521","0.512044086788774","20.59368768",
"3/19/1997","-40","-6.08845996856689","587","33.248","20.338","1.1226654","3.16433592778686","0.634444513839197","13.46721228",
"3/20/1997","-40","-6.08845996856689","587","35.442","20.871","1.300335372","2.82501750141642","0.640704240465006","20.77385814",
"3/21/1997","-40","-6.08845996856689","587","35.335","21.304","2.351762856","2.51859797325555","0.66220695284621","20.6750826",
"3/22/1997","-40","-6.08845996856689","587","34.223","20.941","7.185744216","2.49843485231713","0.764530928913508","9.91113102",
"3/23/1997","-40","-6.08845996856689","587","32.885","19.835","9.7675326648","2.46428520604401","0.796786942874465","15.52741938",
"3/24/1997","-40","-6.08845996856689","587","30.315","20.805","14.5972296","2.34022974172422","0.867669865481091","15.522245172",
"3/25/1997","-40","-6.08845996856689","587","23.293","19.632","100.9042924032","1.38772945034843","0.945885252423493","4.93194591",
"3/26/1997","-40","-6.08845996856689","587","22.405","20.203","23.72531688","0.968990834303004","0.955467944611672","2.47151286",
"3/27/1997","-40","-6.08845996856689","587","21.951","19.445","96.544003968","0.959188370238453","0.953049663171039","3.353573178",
"3/28/1997","-40","-6.08845996856689","587","30.078","19.331","1.0814666328","2.25381107149902","0.763187773366367","19.454178132",
"3/29/1997","-40","-6.08845996856689","587","31.275","18.824","0.86174028","2.89328954248361","0.70684936674508","21.58188156",
"3/30/1997","-40","-6.08845996856689","587","31.145","20.404","6.91108704","3.3156943978289","0.68512553079591","26.55591048",
"3/31/1997","-40","-6.08845996856689","587","27.11","19.275","3.3456815064","1.9935198003284","0.844977173880893","9.050963292",
"4/1/1997","-40","-6.08845996856689","587","27.404","18.212","19.483563348","1.5906221222604","0.91255774168182","22.69187226",
"4/2/1997","-40","-6.08845996856689","587","26.366","19.338","74.29678272","2.31976686752365","0.911783564854282","22.482335592",
"4/3/1997","-40","-6.08845996856689","587","29.584","20.109","68.3469639","3.03928600881905","0.867741738571878","25.01072496",
"4/4/1997","-40","-6.08845996856689","587","27.141","20.029","9.68256288","2.71454852929596","0.889328814768722","20.52488862",
"4/5/1997","-40","-6.08845996856689","587","29.446","19.379","1.5020372664","2.31689647481341","0.849229890978851","15.3156357",
"4/6/1997","-40","-6.08845996856689","587","31.331","19.383","0.949288032","3.08240708251506","0.72704860439929","18.2723031",
"4/7/1997","-40","-6.08845996856689","587","32.259","20.175","1.714897584","3.74384598409036","0.713188129611774","24.54637194",
"4/8/1997","-40","-6.08845996856689","587","31.803","20.124","0.458335764","4.05289771853851","0.660111925696668","26.4122946",
"4/9/1997","-40","-6.08845996856689","587","32.738","20.294","0.8171083944","3.21198475261281","0.640913949126361","26.3865852",
"4/10/1997","-40","-6.08845996856689","587","29.498","20.506","4.8374163","2.61744657742346","0.758135245279094","16.4433339",
"4/11/1997","-40","-6.08845996856689","587","30.315","20.215","7.208060796","3.60834671008316","0.799877140430571","21.23442882",
"4/12/1997","-40","-6.08845996856689","587","30.73","20.61","9.6774088176","3.19330997936191","0.814420438560938","10.22057046",
"4/13/1997","-40","-6.08845996856689","587","22.693","20.915","6.118011432","2.80278032644583","0.942275565982615","3.09819654",
"4/14/1997","-40","-6.08845996856689","587","27.796","20.851","4.335312636","3.49725193021992","0.856960825400554","16.75619766",
"4/15/1997","-40","-6.08845996856689","587","29.16","20.095","0.4978177776","4.13049089616545","0.738303371582052","14.96716812",
"4/16/1997","-40","-6.08845996856689","587","30.607","18.785","0.112438224","3.87082178611876","0.676069274204614","21.74669316",
"4/17/1997","-40","-6.08845996856689","587","30.886","18.735","0.6042480624","3.76838482943239","0.694946249680613","24.15296088",
"4/18/1997","-40","-6.08845996856689","587","31.461","19.127","0.854874","3.79203480215899","0.694226686785756","25.522821",
"4/19/1997","-40","-6.08845996856689","587","31.446","19.253","0.83427408","3.77587623374803","0.691450659640046","25.2900576",
"4/20/1997","-40","-6.08845996856689","587","31.028","20.024","0.9664535304","3.08575653999163","0.711873490204444","16.8175134",
"4/21/1997","-40","-6.08845996856689","587","32.249","19.657","0.0205993728","3.56609390185877","0.651380379510459","25.35992082",
"4/22/1997","-40","-6.08845996856689","587","32.449","20.062","0","3.91045445445381","0.633992904124436","25.50785652",
"4/23/1997","-40","-6.08845996856689","587","33.248","19.823","0.08068086","3.53383784751721","0.65354078647504","20.8183509",
"4/24/1997","-40","-6.08845996856689","587","31.839","20.309","7.3325162664","3.28374293781556","0.793552175855859","22.98982374",
"4/25/1997","-40","-6.08845996856689","587","31.562","20.31","11.4892985088","2.46208605093848","0.8270965502307","20.75326956",
"4/26/1997","-40","-6.08845996856689","587","24.161","20.472","14.73885072","1.93364641465301","0.938915340195741","8.4574629",
"4/27/1997","-40","-6.08845996856689","587","27.569","19.629","8.105847552","2.82020068752368","0.821168580262213","12.9322692",
"4/28/1997","-40","-6.08845996856689","587","30.789","19.66","11.13567012","3.09379845109598","0.701893527271009","24.7554",
"4/29/1997","-40","-6.08845996856689","587","31.581","19.704","0.35362224","3.74672347149897","0.727009367551618","24.46542954",
"4/30/1997","-40","-6.08845996856689","587","31.766","20.333","2.86502868","2.90215223038378","0.676032375001788","21.26531052",
"5/1/1997","-40","-6.08845996856689","587","31.93","19.134","0.305556984","2.48445696205328","0.700423666548997","24.05210112",
"5/2/1997","-40","-6.08845996856689","587","27.225","20.708","8.97102666","2.4628437655335","0.900335371043464","11.3115897",
"5/3/1997","-40","-6.08845996856689","587","27.666","20.169","3.591156708","2.91982503099435","0.879390616322152","14.80454874",
"5/4/1997","-40","-6.08845996856689","587","30.387","20.204","4.79793942","3.18009125724584","0.794609145738215","23.14534374",
"5/5/1997","-40","-6.08845996856689","587","29.582","20.551","8.65001088","3.74637737182338","0.760388001537342","23.7159531",
"5/6/1997","-40","-6.08845996856689","587","28.721","20.292","19.442369196","3.82243431684711","0.827942177508425","21.03986916",
"5/7/1997","-40","-6.08845996856689","587","29.753","20.238","4.979894508","3.99532923377843","0.749145848535026","21.14172846",
"5/8/1997","-40","-6.08845996856689","587","24.274","20.256","4.6056759624","2.91607712708344","0.931416251392134","4.50989946",
"5/9/1997","-40","-6.08845996856689","587","25.983","19.469","1.4642714376","3.22186904329766","0.855725515442258","15.69088494",
"5/10/1997","-40","-6.08845996856689","587","30.217","19.694","0.35877222","3.18919909710625","0.703634397824099","21.8290536",
"5/11/1997","-40","-6.08845996856689","587","30.409","19.695","2.368925172","3.44853254962259","0.693944209559062","23.8009581",
"5/12/1997","-40","-6.08845996856689","587","31.097","19.012","0.0240325992","3.03995583680159","0.619368423950661","23.73226452",
"5/13/1997","-40","-6.08845996856689","587","28.633","19.076","0.2386095048","2.71395242607981","0.734063780928521","12.14572446",
"5/14/1997","-40","-6.08845996856689","587","25.235","19.791","10.706517252","2.33630419837186","0.888292135010483","17.43383988",
"5/15/1997","-40","-6.08845996856689","587","24.298","19.532","12.3184221264","2.2952378982172","0.934820470742899","5.42722518",
"5/16/1997","-40","-6.08845996856689","587","30.24","19.569","3.4349455584","3.85679463795871","0.712020286799179","20.18609946",
"5/17/1997","-40","-6.08845996856689","587","27.688","18.663","1.6779882744","4.06911717363927","0.750044947488563","17.06681448",
"5/18/1997","-40","-6.08845996856689","587","30.061","20.373","2.2453297272","4.27292297960575","0.663056321011154","23.34470832",
"5/19/1997","-40","-6.08845996856689","587","30.226","19.173","3.5568248976","4.00358375921042","0.739710801288597","20.97438948",
"5/20/1997","-40","-6.08845996856689","587","30.65","18.627","1.5810012","3.87196425926567","0.632615810229042","23.71617468",
"5/21/1997","-40","-6.08845996856689","587","31.197","17.866","0.07209792","3.65025348395677","0.56425848110804","22.7033955",
"5/22/1997","-40","-6.08845996856689","587","31.406","18.808","0.9441377064","3.57836173562411","0.667000458303625","22.95230796",
"5/23/1997","-40","-6.08845996856689","587","29.704","18.028","0.9441378","4.18407199890262","0.717156762991383","17.12035944",
"5/24/1997","-40","-6.08845996856689","587","31.305","19.439","0.121879584","5.07091402874823","0.654699420249365","20.65117248",
"5/25/1997","-40","-6.08845996856689","587","29.609","19.065","0.3810881664","3.72835014695789","0.672621477492743","20.68644672",
"5/26/1997","-40","-6.08845996856689","587","30.852","19.349","0.2223014328","3.74944617315326","0.618581864391021","21.11422788",
"5/27/1997","-40","-6.08845996856689","587","30.728","18.7","0.8025169464","3.89023784712584","0.640503120118993","22.81505544",
"5/28/1997","-40","-6.08845996856689","587","30.752","18.957","0.5132673","3.94773721295266","0.636896763462358","23.0639706",
"5/29/1997","-40","-6.08845996856689","587","31.093","20.237","0.0274658184","3.07836109401346","0.58977763549865","23.10890382",
"5/30/1997","-40","-6.08845996856689","587","29.488","17.637","0","2.38618959657984","0.66256396727308","22.15203804",
"5/31/1997","-40","-6.08845996856689","587","29.406","18.406","1.17244692","3.02920000874947","0.689934900400362","19.34415288",
"6/1/1997","-40","-6.08845996856689","587","30.639","17.451","0","3.18991655097052","0.617674025767335","22.99668498",
"6/2/1997","-40","-6.08845996856689","587","29.796","18.391","0.2695082544","3.43273717953848","0.623433535097595","19.1347884",
"6/3/1997","-40","-6.08845996856689","587","29.473","18.987","0.3845213424","2.93960154880933","0.6435672218378","15.8670045",
"6/4/1997","-40","-6.08845996856689","587","30.346","19.279","2.60410356","3.44049034455763","0.646339910253207","22.61188116",
"6/5/1997","-40","-6.08845996856689","587","31.268","18.4","0","3.41730824476845","0.553586416778524","23.14794762",
"6/6/1997","-40","-6.08845996856689","587","31.139","17.321","0","3.01246497350328","0.65078980550963","22.9040451",
"6/7/1997","-40","-6.08845996856689","587","31.647","18.3","0","3.58102381671146","0.627518620726854","22.87158804",
"6/8/1997","-40","-6.08845996856689","587","31.838","18.468","0","3.98892124105242","0.634029595621715","22.8666429",
"6/9/1997","-40","-6.08845996856689","587","32.366","17.697","0","3.10026644972774","0.548362403831331","23.04793098",
"6/10/1997","-40","-6.08845996856689","587","32.562","16.751","0","3.83005279581946","0.513008012617748","22.9489893",
"6/11/1997","-40","-6.08845996856689","587","32.226","16.898","0","4.36446496328086","0.506995335793298","22.8597732",
"6/12/1997","-40","-6.08845996856689","587","30.655","16.704","0","3.73594442575145","0.555986100284975","22.90606848",
"6/13/1997","-40","-6.08845996856689","587","31.05","16.761","0","3.00699437802311","0.610663180524442","22.67826192",
"6/14/1997","-40","-6.08845996856689","587","31.09","14.991","0","3.16058183859479","0.504882805303817","23.39088948",
"6/15/1997","-40","-6.08845996856689","587","30.561","15.397","0","3.62417320213666","0.627007857661452","22.0503942",
"6/16/1997","-40","-6.08845996856689","587","29.805","17.293","0.173378196","3.48750953012973","0.682099296058251","17.15242644",
"6/17/1997","-40","-6.08845996856689","587","31.577","18.769","0.0583648704","3.08935963399585","0.58921305570855","21.76509222",
"6/18/1997","-40","-6.08845996856689","587","30.368","19.856","0.1476288432","3.81574365475766","0.561834480352456","22.40342388",
"6/19/1997","-40","-6.08845996856689","587","30.845","17.424","0.259208964","3.40466293991148","0.523420963496334","22.29125382",
"6/20/1997","-40","-6.08845996856689","587","31.561","16.497","0","3.78566361998792","0.5224903455145","22.532346",
"6/21/1997","-40","-6.08845996856689","587","31.444","19.405","0.66089466","4.37763098695836","0.570836460369195","22.60659024",
"6/22/1997","-40","-6.08845996856689","587","31.026","18.873","2.28309444","4.13111001170216","0.586641447045284","22.65429564",
"6/23/1997","-40","-6.08845996856689","587","30.621","19.656","0","3.8163265902708","0.56257337696702","21.76712424",
"6/24/1997","-40","-6.08845996856689","587","29.286","17.775","0.6505965","2.96834793461102","0.664685781254828","20.89107954",
"6/25/1997","-40","-6.08845996856689","587","30.294","18.011","0.0274658328","2.7937669863866","0.582503785442041","19.09788192",
"6/26/1997","-40","-6.08845996856689","587","31.379","17.181","0","3.21212605552655","0.499944401714605","22.8652884",
"6/27/1997","-40","-6.08845996856689","587","31.255","15.786","0","3.10119050853448","0.543356052223216","22.88587608",
"6/28/1997","-40","-6.08845996856689","587","31.82","15.543","0","3.44892096676223","0.500854147600094","23.04495252",
"6/29/1997","-40","-6.08845996856689","587","32.359","19.246","0.5149847592","4.40459358392549","0.53405357249681","22.37771124",
"6/30/1997","-40","-6.08845996856689","587","29.365","19.662","0.2111433696","4.01512994497139","0.658858068595202","12.10359924",
"7/1/1997","-40","-6.08845996856689","587","30.441","19.26","2.00157084","4.4139507341714","0.64752691483947","21.8142513",
"7/2/1997","-40","-6.08845996856689","587","30.314","18.377","0.1956942144","4.82575777494275","0.51712286414151","22.39492356",
"7/3/1997","-40","-6.08845996856689","587","31.728","15.534","0","3.48469990826442","0.461899200064884","22.8449844",
"7/4/1997","-40","-6.08845996856689","587","29.244","18.887","0.59051484","3.82213371970119","0.631307983975103","16.63768044",
"7/5/1997","-40","-6.08845996856689","587","31.016","19.816","0.415420416","4.09087221663893","0.557026048800533","18.70408224",
"7/6/1997","-40","-6.08845996856689","587","31.741","17.749","0.0926971776","5.04601356657495","0.51418623262403","23.18619312",
"7/7/1997","-40","-6.08845996856689","587","31.516","18.671","0.1441955592","4.03059886045065","0.494505993158678","23.12926992",
"7/8/1997","-40","-6.08845996856689","587","32.143","18.661","0.391388076","4.34668924723189","0.5209200119967","23.01986088",
"7/9/1997","-40","-6.08845996856689","587","30.905","17.791","0.60424812","4.82583943303406","0.494054392493102","23.51942316",
"7/10/1997","-40","-6.08845996856689","587","30.72","17.062","0.010299672","4.66315562425912","0.50565707446913","23.18051052",
"7/11/1997","-40","-6.08845996856689","587","32.077","18.282","0.20256048","3.78920097067118","0.54265017388346","23.23856628",
"7/12/1997","-40","-6.08845996856689","587","30.386","18.747","1.387023732","3.13122978589925","0.647923554769888","10.45625598",
"7/13/1997","-40","-6.08845996856689","587","30.741","18.669","0","4.34546497017487","0.535767229585333","20.2754772",
"7/14/1997","-40","-6.08845996856689","587","31.708","19.375","2.537158644","3.75489464824439","0.524109399930416","22.99961538",
"7/15/1997","-40","-6.08845996856689","587","32.268","16.531","0","3.50602733469377","0.429031598788848","23.69356992",
"7/16/1997","-40","-6.08845996856689","587","31.658","16.628","0","4.51410663382471","0.458083394657679","23.70599748",
"7/17/1997","-40","-6.08845996856689","587","30.595","17.948","0","5.71415559851586","0.542872144892484","22.76673768",
"7/18/1997","-40","-6.08845996856689","587","30.741","16.01","0","4.61324300356622","0.507836907564229","23.98657572",
"7/19/1997","-40","-6.08845996856689","587","30.784","17.069","0.74157876","4.31013432427158","0.529936274835916","21.20287734",
"7/20/1997","-40","-6.08845996856689","587","28.838","17.959","1.6445200392","4.97511996216437","0.618214595531956","22.02445872",
"7/21/1997","-40","-6.08845996856689","587","30.895","16.82","0.137329164","4.70223426672636","0.508964282651174","23.70768588",
"7/22/1997","-40","-6.08845996856689","587","30.476","18.697","0","4.86155713597026","0.519289952304644","23.57644644",
"7/23/1997","-40","-6.08845996856689","587","30.874","19.833","0.017166132","4.85128752862974","0.510015982601625","23.0325723",
"7/24/1997","-40","-6.08845996856689","587","31.403","18.14","0.02746584","4.96091634728153","0.489317646892652","22.59703584",
"7/25/1997","-40","-6.08845996856689","587","30.949","18.278","0","5.57936528731587","0.491823017318185","23.08517064",
"7/26/1997","-40","-6.08845996856689","587","30.98","18.73","0.051498432","5.17235145694741","0.454470251820705","23.92526448",
"7/27/1997","-40","-6.08845996856689","587","31.954","19.063","0","5.40475159474252","0.474695774888487","23.3978634",
"7/28/1997","-40","-6.08845996856689","587","31.4","18.16","0.034332264","5.22560636032728","0.504711562793255","23.3335026",
"7/29/1997","-40","-6.08845996856689","587","32.528","18.709","0.3948211728","4.33569098631233","0.474478203129986","23.99130252",
"7/30/1997","-40","-6.08845996856689","587","31.678","20.313","0.5081175144","4.86448399561521","0.53438544995842","23.2851978",
"7/31/1997","-40","-6.08845996856689","587","31.956","19.276","0.102996792","4.92824899511818","0.57095611479668","21.61614312",
"8/1/1997","-40","-6.08845996856689","587","30.379","18.247","2.0341872","4.77888689027803","0.621391935702798","23.94151524",
"8/2/1997","-40","-6.08845996856689","587","29.741","18.423","0.0978469848","4.33151665699824","0.591651957198409","14.05203588",
"8/3/1997","-40","-6.08845996856689","587","30.97","18.686","2.50024698","4.90171045497153","0.507563131257672","24.7819455",
"8/4/1997","-40","-6.08845996856689","587","30.755","17.576","0","3.85987857178646","0.492048135853824","24.7427424",
"8/5/1997","-40","-6.08845996856689","587","32.201","19.563","0.02059938","5.17951041202819","0.458346160797009","23.6293866",
"8/6/1997","-40","-6.08845996856689","587","31.031","19.158","0.0514984104","5.33377163732496","0.567372869847293","17.81904276",
"8/7/1997","-40","-6.08845996856689","587","30.689","21.016","0.7965090504","4.47551836122766","0.582433125669579","7.66186182",
"8/8/1997","-40","-6.08845996856689","587","32.502","19.756","0","3.79938086411744","0.475997284808232","24.8853276",
"8/9/1997","-40","-6.08845996856689","587","31.598","20.165","5.25283848","1.99864271135383","0.603944338424601","13.12976106",
"8/10/1997","-40","-6.08845996856689","587","33.913","19.595","0.12702924","4.13064548140872","0.470055206120756","24.32204424",
"8/11/1997","-40","-6.08845996856689","587","31.103","20.837","0.3313064664","5.24019855564358","0.535680674832751","19.0761714",
"8/12/1997","-40","-6.08845996856689","587","32.185","19.494","1.3269427704","4.93336231955711","0.559644719032206","23.63804712",
"8/13/1997","-40","-6.08845996856689","587","29.095","19.714","6.2004074112","4.34364466956464","0.669339213458833","13.64062842",
"8/14/1997","-40","-6.08845996856689","587","28.711","19.608","5.702588712","3.77744109545238","0.632127120187792","14.67601938",
"8/15/1997","-40","-6.08845996856689","587","31.249","19.631","0.250625988","4.47806086850345","0.51561863678536","21.25147608",
"8/16/1997","-40","-6.08845996856689","587","32.049","17.954","0.37422162","5.09369688951532","0.486790397327374","25.27768368",
"8/17/1997","-40","-6.08845996856689","587","30.265","19.321","0.8703227664","5.35856073686721","0.548532187460624","17.57828952",
"8/18/1997","-40","-6.08845996856689","587","29.847","17.752","1.78527924","5.27322392811293","0.583082124986648","21.92163678",
"8/19/1997","-40","-6.08845996856689","587","30.398","18.889","2.379230856","5.40882061700528","0.551293158356007","22.58836794",
"8/20/1997","-40","-6.08845996856689","587","31.295","17.137","0.54588312","5.33018066476927","0.525491732914341","25.7811219",
"8/21/1997","-40","-6.08845996856689","587","33.107","19.379","2.07023832","4.81078049653059","0.515707880773332","25.12085616",
"8/22/1997","-40","-6.08845996856689","587","34.08","19.417","0","4.08854086109691","0.398417089718132","26.08627806",
"8/23/1997","-40","-6.08845996856689","587","33.88","20.061","0","3.74540484214326","0.419765237258959","26.014392",
"8/24/1997","-40","-6.08845996856689","587","32.827","19.328","0","3.31724491226423","0.491845202103108","24.60053898",
"8/25/1997","-40","-6.08845996856689","587","34.876","20.634","0.059223168","4.08855603227947","0.472077796447002","25.7556456",
"8/26/1997","-40","-6.08845996856689","587","34.167","21.363","0.1665114264","4.9611894465942","0.531522471275797","22.12824546",
"8/27/1997","-40","-6.08845996856689","587","31.426","20.795","4.986764532","3.9495085239283","0.571433145366473","13.567563072",
"8/28/1997","-40","-6.08845996856689","587","32.641","19.293","0","3.82815469858666","0.423040581880194","26.4411",
"8/29/1997","-40","-6.08845996856689","587","31.709","20.616","0.45661914","3.8688232458577","0.462406023480031","19.13484708",
"8/30/1997","-40","-6.08845996856689","587","33.092","19.851","0","4.24056415603953","0.437945838487457","21.27274452",
"8/31/1997","-40","-6.08845996856689","587","33.555","20.277","0.2746579392","5.09407568385063","0.430727120819638","25.9017768",
"9/1/1997","-40","-6.08845996856689","587","31.911","20.063","2.8512954","4.3018271469651","0.524126609878038","24.8052906",
"9/2/1997","-40","-6.08845996856689","587","34.004","21.232","0.144195552","4.09029041353971","0.38210894238699","26.57559366",
"9/3/1997","-40","-6.08845996856689","587","33.683","19.871","0","4.42081662106829","0.436529568571498","23.01761106",
"9/4/1997","-40","-6.08845996856689","587","34.527","21.916","0","4.99243883454577","0.409099618381643","26.71414065",
"9/5/1997","-40","-6.08845996856689","587","35.206","20.704","0.06179814","3.77670528287972","0.479314156161907","21.91842954",
"9/6/1997","-40","-6.08845996856689","587","35.142","21.554","0.432586764","3.11843165342464","0.498606661562396","21.78871866",
"9/7/1997","-40","-6.08845996856689","587","34.808","21.228","1.445389092","4.43871329654367","0.550323800974098","14.0015808",
"9/8/1997","-40","-6.08845996856689","587","34.979","21.988","0.607681584","5.51988085316445","0.513679504536603","24.52343004",
"9/9/1997","-40","-6.08845996856689","587","35.522","19.696","0","4.63385536503563","0.459545396242907","27.1205478",
"9/10/1997","-40","-6.08845996856689","587","34.873","19.673","0","4.58898687887102","0.471838185718141","27.073638072",
"9/11/1997","-40","-6.08845996856689","587","35.717","19.759","0","2.29956948319626","0.442397007512953","22.09039164",
"9/12/1997","-40","-6.08845996856689","587","36.229","21.467","0","4.96540092051573","0.378363988238012","27.21087324",
"9/13/1997","-40","-6.08845996856689","587","34.408","21.19","0.00686646","5.54026358124296","0.406928251571216","27.61554078",
"9/14/1997","-40","-6.08845996856689","587","34.729","20.573","0.4394532456","5.32828829207758","0.482921449876447","27.0983268",
"9/15/1997","-40","-6.08845996856689","587","35.728","20.425","2.16980208","4.49928029670081","0.493146232321061","27.4220505",
"9/16/1997","-40","-6.08845996856689","587","35.743","21.426","0.0205993728","3.76257794998583","0.471960030955382","27.300877272",
"9/17/1997","-40","-6.08845996856689","587","35.379","22.475","0.0480651696","4.29708465645966","0.450959963648506","26.72881884",
"9/18/1997","-40","-6.08845996856689","587","35.197","21.552","0.205993692","3.90637871979833","0.448054442983272","27.02531574",
"9/19/1997","-40","-6.08845996856689","587","36.145","19.529","0","3.22893368902479","0.429994611821959","23.4241902",
"9/20/1997","-40","-6.08845996856689","587","36.011","20.344","0","4.63011595021338","0.414431965618406","26.8715304",
"9/21/1997","-40","-6.08845996856689","587","35.593","21.455","0.099563616","4.5710855928117","0.483144161606127","26.89464591",
"9/22/1997","-40","-6.08845996856689","587","35.909","20.76","0.2162934","4.60709013372527","0.476587268792835","27.44988426",
"9/23/1997","-40","-6.08845996856689","587","35.54","20.233","0","5.52391315011318","0.46612511180467","27.880095528",
"9/24/1997","-40","-6.08845996856689","587","34.86","20.655","0","5.95378343035801","0.463197581112716","27.996809112",
"9/25/1997","-40","-6.08845996856689","587","34.829","20.156","0","5.44870506733583","0.416592909550902","28.396011528",
"9/26/1997","-40","-6.08845996856689","587","35.093","19.968","0","4.92506670481233","0.493320897924091","27.67652226",
"9/27/1997","-40","-6.08845996856689","587","36.4","20.406","0","5.32253121687125","0.42221736766861","27.766726992",
"9/28/1997","-40","-6.08845996856689","587","34.486","19.906","0","4.79688639776204","0.407162782793197","28.65123144",
"9/29/1997","-40","-6.08845996856689","587","34.058","19.252","0","4.32489012911972","0.466120529511561","28.1814903",
"9/30/1997","-40","-6.08845996856689","587","35.759","20.174","0","5.10284467282894","0.460133679368625","27.859105368",
"10/1/1997","-40","-6.08845996856689","587","36.321","19.873","0","3.90422557317042","0.407475986726753","28.13349402",
"10/2/1997","-40","-6.08845996856689","587","35.851","19.959","0","4.3827348338819","0.421589325570647","28.0420434",
"10/3/1997","-40","-6.08845996856689","587","35.19","20.232","0","3.03082454226424","0.419685455430333","21.43743678",
"10/4/1997","-40","-6.08845996856689","587","32.872","22.34","0.53558352","3.96151536719742","0.47089670752869","14.81214348",
"10/5/1997","-40","-6.08845996856689","587","34.514","22.968","1.359558396","5.27324210895093","0.483020475478267","27.13111902",
"10/6/1997","-40","-6.08845996856689","587","34.876","22.024","1.577569068","4.48741347398804","0.454435818191281","26.398463112",
"10/7/1997","-40","-6.08845996856689","587","35.547","20.6","0","4.14142703979633","0.401941926195003","27.9607023",
"10/8/1997","-40","-6.08845996856689","587","35.388","21.545","0","5.20874618854561","0.422150581909053","24.6682791",
"10/9/1997","-40","-6.08845996856689","587","34.492","22.475","0","5.50427912345521","0.430656092815988","23.749986168",
"10/10/1997","-40","-6.08845996856689","587","33.919","21.459","0","5.27717348459302","0.439812019771959","23.20250544",
"10/11/1997","-40","-6.08845996856689","587","35.462","21.708","0","4.42350439812809","0.430567417204419","23.16398418",
"10/12/1997","-40","-6.08845996856689","587","36.206","22.422","0","4.49954117155492","0.385009008417262","28.29540438",
"10/13/1997","-40","-6.08845996856689","587","36.29","21.125","0","4.37187249208264","0.42233388364391","28.31888988",
"10/14/1997","-40","-6.08845996856689","587","34.943","21.307","0.1381875984","3.68741356601117","0.475917264729851","23.26449582",
"10/15/1997","-40","-6.08845996856689","587","33.997","22.678","0.0506401128","4.76958884771014","0.491034173139547","25.01825742",
"10/16/1997","-40","-6.08845996856689","587","36.266","21.279","0.010299672","4.4790486839445","0.445130212045866","23.20644492",
"10/17/1997","-40","-6.08845996856689","587","32.33","23.232","0.424003608","2.5648487497414","0.480286262733463","15.68019276",
"10/18/1997","-40","-6.08845996856689","587","37.086","22.382","0.058364856","3.32443832145033","0.387413944317086","22.67301492",
"10/19/1997","-40","-6.08845996856689","587","35.455","22.207","1.53808452","4.55456753792572","0.447625266057611","22.99038426",
"10/20/1997","-40","-6.08845996856689","587","34.948","23.275","1.4419569312","5.26563756234586","0.452440157072422","25.142735808",
"10/21/1997","-40","-6.08845996856689","587","34.193","21.413","0","5.37848127720329","0.475861686659892","25.722073008",
"10/22/1997","-40","-6.08845996856689","587","34.829","21.101","0","5.28401706133247","0.479434825315338","28.27744506",
"10/23/1997","-40","-6.08845996856689","587","34.603","21.223","0","5.15161798742919","0.435999919449388","28.56845772",
"10/24/1997","-40","-6.08845996856689","587","35.246","20.977","0","4.53701861592012","0.439238458232466","28.15837128",
"10/25/1997","-40","-6.08845996856689","587","35.562","21.316","0","4.57441861602799","0.455394314497312","27.9152361",
"10/26/1997","-40","-6.08845996856689","587","35.63","21.257","0","5.03887610804103","0.453881126812281","27.90304632",
"10/27/1997","-40","-6.08845996856689","587","36.017","21.036","0","5.39739471014536","0.457645870261803","28.27406808",
"10/28/1997","-40","-6.08845996856689","587","35.453","21.201","0","4.00262968376986","0.492881144808702","22.45106286",
"10/29/1997","-40","-6.08845996856689","587","34.683","22.161","0","4.72981050197228","0.421560141392579","26.56507842",
"10/30/1997","-40","-6.08845996856689","587","35.057","20.696","0","5.91094654799475","0.462267433843321","27.6786405",
"10/31/1997","-40","-6.08845996856689","587","35.123","21.482","0","5.55456351341993","0.372507958975669","28.6971921",
"11/1/1997","-40","-6.08845996856689","587","35.184","20.577","0","5.06856872601142","0.409273118373301","28.7455239",
"11/2/1997","-40","-6.08845996856689","587","35.313","21.958","0","4.88317419698885","0.404397425436532","27.07812198",
"11/3/1997","-40","-6.08845996856689","587","35.597","22.161","0","4.32623550556579","0.353487618619176","28.57269582",
"11/4/1997","-40","-6.08845996856689","587","36.055","21.282","0","4.8724486001398","0.425271222673562","28.5026049",
"11/5/1997","-40","-6.08845996856689","587","35.905","21.078","0","4.73361523374464","0.433339031546283","22.72049892",
"11/6/1997","-40","-6.08845996856689","587","34.297","22.54","0","4.59335401606571","0.447885464744102","27.7105491",
"11/7/1997","-40","-6.08845996856689","587","36.077","23.458","0","4.57372124670377","0.420791786748837","23.0081049",
"11/8/1997","-40","-6.08845996856689","587","36.422","21.754","0","4.07328407024517","0.405804777260737","27.33463242",
"11/9/1997","-40","-6.08845996856689","587","36.15","21.581","0","4.43138530164852","0.422375077983614","25.08244578",
"11/10/1997","-40","-6.08845996856689","587","33.686","21.585","0","3.20027151494047","0.435690147637005","20.90081628",
"11/11/1997","-40","-6.08845996856689","587","34.126","22.562","1.13639886","3.51098608787215","0.453113041105129","20.333979",
"11/12/1997","-40","-6.08845996856689","587","27.582","22.751","2.006720496","2.77047082298056","0.602304901842233","3.75131088",
"11/13/1997","-40","-6.08845996856689","587","34.676","21.748","0","5.09431501153931","0.515608834103075","20.72154258",
"11/14/1997","-40","-6.08845996856689","587","32.108","21.798","0","4.86899801244123","0.489383761213364","23.2755732",
"11/15/1997","-40","-6.08845996856689","587","34.588","22.395","0.3124236456","3.89141542606978","0.421039674033467","24.37150374",
"11/16/1997","-40","-6.08845996856689","587","35.073","22.521","2.492521344","4.08742024130461","0.419118960007173","26.59218444",
"11/17/1997","-40","-6.08845996856689","587","33.131","23.567","1.4282241768","3.8563440995492","0.454833945066741","19.199814192",
"11/18/1997","-40","-6.08845996856689","587","32.813","22.073","0.7947919008","3.49503085130716","0.494531540156321","17.9016777",
"11/19/1997","-40","-6.08845996856689","587","35.457","21.491","0","4.95980214106314","0.435178558015095","27.74559222",
"11/20/1997","-40","-6.08845996856689","587","36.38","21.787","1.58271642","4.25024128676527","0.47822199957266","25.0922826",
"11/21/1997","-40","-6.08845996856689","587","33.11","23.284","1.77841584","5.24044904676471","0.49391558124307","26.4478473",
"11/22/1997","-40","-6.08845996856689","587","32.577","21.283","0","5.50316693810138","0.47784924171879","24.80203584",
"11/23/1997","-40","-6.08845996856689","587","30.055","22.861","0.04634874","4.40007487414829","0.514616282571184","16.46448732",
"11/24/1997","-40","-6.08845996856689","587","35.859","22.878","0.2780912592","4.42058115586923","0.41423371724717","22.92952644",
"11/25/1997","-40","-6.08845996856689","587","35.964","21.659","0","4.47962481076347","0.451368755962635","27.7090299",
"11/26/1997","-40","-6.08845996856689","587","35.971","21.778","0","5.02238238452287","0.402821074201261","28.2917232",
"11/27/1997","-40","-6.08845996856689","587","35.181","21.167","0","5.93122420425397","0.418407260289167","27.7169607",
"11/28/1997","-40","-6.08845996856689","587","34.79","21.109","0","5.39931854832095","0.446002713116178","23.8794768",
"11/29/1997","-40","-6.08845996856689","587","34.814","22.543","0","4.17698954679579","0.441257950974125","22.4355366",
"11/30/1997","-40","-6.08845996856689","587","36.083","22.043","0","4.35064920097499","0.410858480794081","23.28282738",
"12/1/1997","-40","-6.08845996856689","587","36.235","21.514","0","5.36198711692332","0.417441626199973","23.53106304",
"12/2/1997","-40","-6.08845996856689","587","36.078","22.513","0","6.12473735770864","0.44427172864401","27.66718008",
"12/3/1997","-40","-6.08845996856689","587","36.736","22.806","0","5.28218613053884","0.452230833904575","22.7148786",
"12/4/1997","-40","-6.08845996856689","587","36.711","21.946","0","4.94443830997409","0.422613658559157","27.6050259",
"12/5/1997","-40","-6.08845996856689","587","35.512","22.278","0","4.45083328290933","0.432554733640316","21.37174038",
"12/6/1997","-40","-6.08845996856689","587","33.691","21.78","0.0034332264","3.94387116015392","0.476643632471255","20.41802388",
"12/7/1997","-40","-6.08845996856689","587","35.679","23.623","0.336456864","5.5023060646594","0.415039370682703","28.21651452",
"12/8/1997","-40","-6.08845996856689","587","35.857","21.24","0","4.78906146927257","0.389249218770058","28.57753512",
"12/9/1997","-40","-6.08845996856689","587","35.571","20.986","0","4.48175359965517","0.395176400454462","27.8267688",
"12/10/1997","-40","-6.08845996856689","587","35.755","21.01","0","3.59642636312251","0.397086871278268","22.81342716",
"12/11/1997","-40","-6.08845996856689","587","35.975","22.275","0.0343322856","5.69573005513322","0.464442872255858","25.27407036",
"12/12/1997","-40","-6.08845996856689","587","35.357","22.178","0.2128602384","5.51153631938742","0.459368503928779","23.92295634",
"12/13/1997","-40","-6.08845996856689","587","35.078","22.555","0.161361936","5.21235345192545","0.436537978182384","23.82728076",
"12/14/1997","-40","-6.08845996856689","587","33.072","23.239","0.030899052","4.20959307016817","0.486999766684353","12.90510396",
"12/15/1997","-40","-6.08845996856689","587","30.791","21.455","0","2.99436798569212","0.488330134998493","13.7577366",
"12/16/1997","-40","-6.08845996856689","587","30.668","21.528","0","2.58374117732244","0.511538556859431","9.72730998",
"12/17/1997","-40","-6.08845996856689","587","31.075","20.805","0","4.18048694446111","0.464435252517696","20.46369852",
"12/18/1997","-40","-6.08845996856689","587","34.531","20.048","0","4.84408774112995","0.455221297172249","26.12750472",
"12/19/1997","-40","-6.08845996856689","587","35.903","21.139","0","4.57651844230554","0.365715774610947","26.081775",
"12/20/1997","-40","-6.08845996856689","587","32.966","24.805","0.0326156544","4.41377758905269","0.451928669757466","18.40039164",
"12/21/1997","-40","-6.08845996856689","587","33.501","22.943","3.22895196","4.17426770027569","0.509859541782553","22.18157658",
"12/22/1997","-40","-6.08845996856689","587","32.066","22.737","1.148414436","4.0866504758813","0.558272001971795","17.31245292",
"12/23/1997","-40","-6.08845996856689","587","31.027","21.831","0.4325865552","4.31190223635193","0.627802971125913","13.72365126",
"12/24/1997","-40","-6.08845996856689","587","33.535","21.563","0.072097776","4.10772258662091","0.593404390848659","15.82289856",
"12/25/1997","-40","-6.08845996856689","587","32.747","22.942","0.037765512","4.56612575393508","0.552033752869919","21.2888817",
"12/26/1997","-40","-6.08845996856689","587","33.317","21.843","0","4.45230750768431","0.544938966380919","18.04027212",
"12/27/1997","-40","-6.08845996856689","587","31.512","23.422","0.0205993584","3.89234487894743","0.505981018053869","10.07820405",
"12/28/1997","-40","-6.08845996856689","587","33.245","22.622","0","3.74708778351507","0.508201610804925","21.75716592",
"12/29/1997","-40","-6.08845996856689","587","26.822","20.845","7.22694096","2.79452415552346","0.748111042782476","4.38165198",
"12/30/1997","-40","-6.08845996856689","587","34.343","19.576","0.05664834","2.80728310529682","0.497610141028465","21.72937518",
"12/31/1997","-40","-6.08845996856689","587","32.962","22.316","3.91387788","3.16093866884282","0.575406626384804","19.0176192",
"1/1/1998","-40","-6.08845996856689","587","32.371","22.286","0.88233984","3.58914003211541","0.567625875516127","15.9365808",
"1/2/1998","-40","-6.08845996856689","587","33.391","22.443","1.476287532","3.52468085277205","0.588082766845082","18.1887174",
"1/3/1998","-40","-6.08845996856689","587","32.623","20.953","0","3.72231270118184","0.550131123707813","17.94335508",
"1/4/1998","-40","-6.08845996856689","587","32.915","22.715","0.0034332264","5.62572853683944","0.500067174244817","28.11926628",
"1/5/1998","-40","-6.08845996856689","587","34.643","20.452","0","5.01590139989821","0.466698541410773","28.1165076",
"1/6/1998","-40","-6.08845996856689","587","35.359","22.02","0.0566482608","5.187949530251","0.448596360290979","21.8141433",
"1/7/1998","-40","-6.08845996856689","587","35.299","22.171","0","4.41349461324747","0.503458156581608","20.52922716",
"1/8/1998","-40","-6.08845996856689","587","34.571","21.214","0.0137328984","3.62053197070433","0.521401387708809","20.274022152",
"1/9/1998","-40","-6.08845996856689","587","32.486","22.213","0.030899052","3.38807911323473","0.558357091374265","17.2415196",
"1/10/1998","-40","-6.08845996856689","587","31.367","22.666","0.575065728","1.98652517705086","0.629332877755549","8.14449348",
"1/11/1998","-40","-6.08845996856689","587","31.897","22.157","3.694156452","2.12283900632593","0.680797017797452","6.70117536",
"1/12/1998","-40","-6.08845996856689","587","34.152","21.4","1.90544148","3.29208160020764","0.624082309330851","17.42175234",
"1/13/1998","-40","-6.08845996856689","587","34.819","21.313","2.1886813656","4.20158531269722","0.620079375472601","21.41673948",
"1/14/1998","-40","-6.08845996856689","587","34.065","21.369","0.0720978264","4.75569839636738","0.568778450630115","26.0224245",
"1/15/1998","-40","-6.08845996856689","587","34.366","21.928","0.199127484","4.7989534730418","0.55965556051569","21.11619456",
"1/16/1998","-40","-6.08845996856689","587","35.358","22.069","0","5.62817762115673","0.50668818744276","22.97424474",
"1/17/1998","-40","-6.08845996856689","587","35.101","21.486","0","4.36947758214102","0.559466535296237","21.7264482",
"1/18/1998","-40","-6.08845996856689","587","34.054","22.462","0.672913332","3.92290865935981","0.625479663299225","19.0918683",
"1/19/1998","-40","-6.08845996856689","587","33.056","21.696","1.864242756","4.52545710841937","0.689768925544717","9.59107581",
"1/20/1998","-40","-6.08845996856689","587","34.913","21.915","0.29182428","4.80512327748649","0.580932840471525","21.95167419",
"1/21/1998","-40","-6.08845996856689","587","33.205","22.134","6.3849438","4.18540360980365","0.676979066058747","22.05978615",
"1/22/1998","-40","-6.08845996856689","587","32.955","21.807","1.811027664","4.29666521402089","0.630887092637658","20.91307428",
"1/23/1998","-40","-6.08845996856689","587","33.862","22.076","0.9115217712","3.79136794850427","0.56234043921068","25.66603413",
"1/24/1998","-40","-6.08845996856689","587","32.471","21.495","0.137328948","4.05093424022738","0.554317952286142","18.96047217",
"1/25/1998","-40","-6.08845996856689","587","32.929","21.932","3.1002054264","4.43833472820231","0.60778131504659","24.0072156",
"1/26/1998","-40","-6.08845996856689","587","33.693","21.397","1.617052824","4.65395815556515","0.606767220053388","24.86840526",
"1/27/1998","-40","-6.08845996856689","587","33.194","21.633","5.688861984","3.84078722150094","0.662848903149908","14.24340576",
"1/28/1998","-40","-6.08845996856689","587","35.924","20.787","0.06008148","3.77840125800533","0.533908916043736","28.49928156",
"1/29/1998","-40","-6.08845996856689","587","35.293","21.041","2.6435844","3.81810609752959","0.595443890850072","22.54663413",
"1/30/1998","-40","-6.08845996856689","587","33.157","21.55","0.4840853184","4.68163067439865","0.596518515493544","22.09883022",
"1/31/1998","-40","-6.08845996856689","587","35.083","21.041","1.43336988","4.4338981654241","0.57976008036931","28.5684741",
"2/1/1998","-40","-6.08845996856689","587","32.24","22.04","0.633430368","4.3866116612162","0.622370846243818","18.25818417",
"2/2/1998","-40","-6.08845996856689","587","33.871","20.745","1.314926172","4.21655440316774","0.662563574947088","20.90756394",
"2/3/1998","-40","-6.08845996856689","587","35.369","20.823","0.93383784","4.30226594730543","0.613851557874599","21.97535589",
"2/4/1998","-40","-6.08845996856689","587","35.574","21.854","0","4.92630750095226","0.533070144601798","22.78142316",
"2/5/1998","-40","-6.08845996856689","587","35.392","21.271","0.24547608","4.34940923018091","0.540464216334659","24.40642194",
"2/6/1998","-40","-6.08845996856689","587","35.525","23.352","0","4.75910531956357","0.488214411696726","23.62786353",
"2/7/1998","-40","-6.08845996856689","587","36.309","22.967","0","5.53949770834548","0.473945104694335","28.57747473",
"2/8/1998","-40","-6.08845996856689","587","35.071","21.517","0","5.37490700259427","0.517980101644939","28.86305544",
"2/9/1998","-40","-6.08845996856689","587","35.986","21.196","0","5.50741675959056","0.508492933778971","28.96582122",
"2/10/1998","-40","-6.08845996856689","587","34.588","20.63","0","4.6418821927374","0.528926003219086","20.83550301",
"2/11/1998","-40","-6.08845996856689","587","34.342","20.432","0","3.70598657498563","0.467650272758686","23.03988264",
"2/12/1998","-40","-6.08845996856689","587","36.608","20.166","0","4.86795076153307","0.453834097856914","29.25017208",
"2/13/1998","-40","-6.08845996856689","587","37.286","21.153","1.050566328","4.25115109480805","0.505883757687823","23.41119348",
"2/14/1998","-40","-6.08845996856689","587","30.518","20.981","7.2200796264","2.8720348710799","0.700916174246679","10.45681704",
"2/15/1998","-40","-6.08845996856689","587","32.95","19.858","1.26171072","4.23840666543283","0.618276929323116","27.39594663",
"2/16/1998","-40","-6.08845996856689","587","34.336","20.217","0","3.64247617926379","0.562168621944642","27.53927217",
"2/17/1998","-40","-6.08845996856689","587","30.011","20.13","3.484729728","2.82074455644384","0.732678547726117","15.29814465",
"2/18/1998","-40","-6.08845996856689","587","31.943","21.432","9.4104837","3.6292421726026","0.791763494671289","18.603281592",
"2/19/1998","-40","-6.08845996856689","587","32.272","20.406","9.8241786216","3.99881886779841","0.67616876440505","26.69163885",
"2/20/1998","-40","-6.08845996856689","587","33.449","20.466","0.0343322928","4.89772718561385","0.590442651164657","25.33741956",
"2/21/1998","-40","-6.08845996856689","587","31.427","21.234","0.9750367584","3.82670569462438","0.649250588563563","18.11103795",
"2/22/1998","-40","-6.08845996856689","587","34.249","21.498","1.407623184","3.79257828549344","0.625015175676788","21.64860171",
"2/23/1998","-40","-6.08845996856689","587","34.301","21.211","0.2231598744","3.97591796484137","0.562753440866444","26.1454014",
"2/24/1998","-40","-6.08845996856689","587","34.167","21.662","1.256560848","4.15308752486934","0.561597980075136","27.07981839",
"2/25/1998","-40","-6.08845996856689","587","33.382","20.421","0","3.84669392439116","0.554117587430778","23.10350652",
"2/26/1998","-40","-6.08845996856689","587","36.003","20.673","0","3.71454314043939","0.499655043399839","22.2998076",
"2/27/1998","-40","-6.08845996856689","587","33.856","21.69","0","4.25749488617303","0.559690635341802","20.69932788",
"2/28/1998","-40","-6.08845996856689","587","34.492","21.555","1.0917660744","4.31983211779765","0.594725162493667","19.73272338",
"3/1/1998","-40","-6.08845996856689","587","32.385","22.588","0.0205993656","3.84632750493184","0.590460538525219","14.54361228",
"3/2/1998","-40","-6.08845996856689","587","32.816","21.442","1.015377948","3.70381029516728","0.668646124832038","18.39673296",
"3/3/1998","-40","-6.08845996856689","587","35.275","20.653","1.75781124","4.5405711303544","0.621813447584669","23.32096524",
"3/4/1998","-40","-6.08845996856689","587","35.338","21.578","0","4.61545434025506","0.541884026741471","26.3081232",
"3/5/1998","-40","-6.08845996856689","587","34.338","21.844","0.305557236","4.49224096940443","0.571946408822167","23.1505281",
"3/6/1998","-40","-6.08845996856689","587","33.595","20.876","0.70552836","4.06339866393646","0.624758687872095","16.19207145",
"3/7/1998","-40","-6.08845996856689","587","34.238","21.519","1.208495772","4.14852214694045","0.630166305808201","21.90498435",
"3/8/1998","-40","-6.08845996856689","587","35.821","21.143","0","4.32679613617006","0.517341046183053","28.07104986",
"3/9/1998","-40","-6.08845996856689","587","34.871","21.497","2.12001732","4.86751306227747","0.593033642760965","27.5987322",
"3/10/1998","-40","-6.08845996856689","587","35.048","21.453","3.73535028","4.13004853543225","0.603912978878756","26.09634474",
"3/11/1998","-40","-6.08845996856689","587","32.8","21.422","7.8535091664","3.58806751720104","0.677951958405317","25.10201502",
"3/12/1998","-40","-6.08845996856689","587","35.292","21.061","0","3.89960466873068","0.578064468378863","23.06401812",
"3/13/1998","-40","-6.08845996856689","587","34.437","21.756","0.161361684","3.47354480114858","0.596562529782036","23.95547442",
"3/14/1998","-40","-6.08845996856689","587","33.565","21.954","0.9475708392","3.21586400319372","0.614254773173951","20.80197648",
"3/15/1998","-40","-6.08845996856689","587","33.821","22.741","0.140762376","3.53374665521864","0.584358551079027","19.81378332",
"3/16/1998","-40","-6.08845996856689","587","30.562","21.951","8.73241452","3.81651886621642","0.832222099419371","17.919004932",
"3/17/1998","-40","-6.08845996856689","587","33.003","21.176","3.939633756","4.05839488375738","0.684372797132799","22.33328238",
"3/18/1998","-40","-6.08845996856689","587","34.698","21.245","3.707886132","4.49416549061354","0.627080931285112","27.64743426",
"3/19/1998","-40","-6.08845996856689","587","35.117","21.133","0.63686358","4.48129802410491","0.601130995410605","25.14779784",
"3/20/1998","-40","-6.08845996856689","587","35.14","20.772","1.3166424","4.18194609497169","0.607531665219251","25.22221632",
"3/21/1998","-40","-6.08845996856689","587","31.971","21.06","2.3620600944","3.51379682779339","0.727887682966037","18.06451902",
"3/22/1998","-40","-6.08845996856689","587","31.451","21.153","1.1724484752","4.20329920534903","0.71874814569111","19.57646124",
"3/23/1998","-40","-6.08845996856689","587","30.692","21.844","4.5164106","3.87701060300434","0.77188862656786","17.6558652",
"3/24/1998","-40","-6.08845996856689","587","33.587","21.956","5.20133724","3.96393776181276","0.689914249708929","25.478778168",
"3/25/1998","-40","-6.08845996856689","587","34.565","21.607","2.34661068","3.733367375576","0.625011600834039","26.14769712",
"3/26/1998","-40","-6.08845996856689","587","34.578","19.882","0","3.7333956397195","0.593178236966666","27.58662306",
"3/27/1998","-40","-6.08845996856689","587","34.81","20.623","0","4.24278951005179","0.590065923953336","26.3885121",
"3/28/1998","-40","-6.08845996856689","587","33.201","20.802","1.833344244","3.89586942910545","0.679885777478414","21.05229402",
"3/29/1998","-40","-6.08845996856689","587","34.01","20.326","2.2487652","4.33393348789706","0.599762839859044","25.85790288",
"3/30/1998","-40","-6.08845996856689","587","34.637","21.23","2.51484228","3.75988715239499","0.616532485823876","26.0801451",
"3/31/1998","-40","-6.08845996856689","587","34.44","20.797","0.030899052","3.53793942000017","0.561245526680397","21.22306812",
"4/1/1998","-40","-6.08845996856689","587","32.99","22.081","1.9380566016","4.20154178849072","0.699597726952793","14.59215018",
"4/2/1998","-40","-6.08845996856689","587","29.156","22.096","11.84120982","3.11655790597831","0.84836836053137","13.32202212",
"4/3/1998","-40","-6.08845996856689","587","32.186","21.56","11.00006064","3.70768613043217","0.683235351817699","21.12817842",
"4/4/1998","-40","-6.08845996856689","587","35.011","21.495","0.83770704","3.86537438001825","0.574672721674244","26.0899362",
"4/5/1998","-40","-6.08845996856689","587","33.759","21.171","4.03060464","3.96461016928719","0.616616959148999","26.77927788",
"4/6/1998","-40","-6.08845996856689","587","34.861","20.465","0.144195588","4.06099791886035","0.54893704535176","27.10603422",
"4/7/1998","-40","-6.08845996856689","587","35.108","21.382","0.09956376","4.63140146329773","0.526201059686923","23.85584928",
"4/8/1998","-40","-6.08845996856689","587","35.356","20.775","2.6779203","4.33473732299725","0.667675402222334","22.71819474",
"4/9/1998","-40","-6.08845996856689","587","34.507","21.088","2.787781104","4.27811066533167","0.659150220645451","22.6249911",
"4/10/1998","-40","-6.08845996856689","587","34.623","21.196","0.5252837688","4.17867085376283","0.576126810278606","26.40965292",
"4/11/1998","-40","-6.08845996856689","587","35.919","21.896","0.00686646","4.39769814542686","0.493506214794304","25.75001016",
"4/12/1998","-40","-6.08845996856689","587","34.753","20.896","0.53558316","4.47200642770309","0.603640837745025","24.26360256",
"4/13/1998","-40","-6.08845996856689","587","34.485","21.885","0","4.32196529800049","0.574058898580874","24.11927316",
"4/14/1998","-40","-6.08845996856689","587","35.34","22.049","0.061798068","4.36920956121697","0.555231337545634","24.86103318",
"4/15/1998","-40","-6.08845996856689","587","35.693","20.757","0.657463032","3.75676120768565","0.610005544212108","22.93222464",
"4/16/1998","-40","-6.08845996856689","587","33.754","21.446","0.02746584","4.2883985857853","0.611132155418951","21.1591125",
"4/17/1998","-40","-6.08845996856689","587","34.949","21.676","0.247192272","4.46811942497093","0.582705194401958","25.44288696",
"4/18/1998","-40","-6.08845996856689","587","35.158","22.223","0.817108128","4.43222859235311","0.596082705336406","24.67721376",
"4/19/1998","-40","-6.08845996856689","587","32.176","22.243","0.521850636","4.2624735754708","0.630615170634896","19.784529",
"4/20/1998","-40","-6.08845996856689","587","35.06","21.245","0","4.29069481064397","0.528748795501243","25.55156682",
"4/21/1998","-40","-6.08845996856689","587","34.507","21.114","0","3.80153332635257","0.479990568937158","25.97512284",
"4/22/1998","-40","-6.08845996856689","587","34.569","21.479","0.096130332","3.63974561312546","0.459704638177958","25.21068354",
"4/23/1998","-40","-6.08845996856689","587","35.79","20.379","0.50811804","3.65409892224181","0.445098962308609","25.70625504",
"4/24/1998","-40","-6.08845996856689","587","35.3","22.204","0.034332264","3.86394994601337","0.468814624279246","21.10854798",
"4/25/1998","-40","-6.08845996856689","587","33.008","22.287","0.0755310528","3.21423899418373","0.581442876559396","15.70848768",
"4/26/1998","-40","-6.08845996856689","587","34.641","21.043","0.3467558664","3.32998234608202","0.593608475273026","20.22417846",
"4/27/1998","-40","-6.08845996856689","587","34.266","21.81","3.02123988","3.44097206667344","0.647548862634129","19.20459438",
"4/28/1998","-40","-6.08845996856689","587","34.273","21.632","0.796508784","3.8991545549731","0.615649244135967","22.04223804",
"4/29/1998","-40","-6.08845996856689","587","34.595","21.133","0.5836482","3.69464593738641","0.614480186502191","22.31494092",
"4/30/1998","-40","-6.08845996856689","587","36.164","21.05","0","3.70957983116432","0.54925486581192","23.5335366",
"5/1/1998","-40","-6.08845996856689","587","35.728","19.861","0","3.53497021282578","0.539102773658772","24.65668008",
"5/2/1998","-40","-6.08845996856689","587","35.236","19.21","0","3.57860979943984","0.54919977318053","23.5230255",
"5/3/1998","-40","-6.08845996856689","587","34.966","21.711","1.01967048","4.44149233268891","0.556625652987124","23.87041578",
"5/4/1998","-40","-6.08845996856689","587","33.634","20.899","1.771545744","4.07991915326022","0.635819145287948","23.73260598",
"5/5/1998","-40","-6.08845996856689","587","34.874","21.516","0","3.76621061645758","0.527706322299284","24.2337348",
"5/6/1998","-40","-6.08845996856689","587","31.517","19.733","0","2.03655050669467","0.626355409056354","13.12166124",
"5/7/1998","-40","-6.08845996856689","587","34.493","20.497","0.408554028","2.61587977541194","0.537042865228209","23.03537904",
"5/8/1998","-40","-6.08845996856689","587","34.385","20.329","2.32429536","3.528652311441","0.552359730728519","24.11353188",
"5/9/1998","-40","-6.08845996856689","587","33.193","20.271","2.111434092","4.36809314986593","0.615269460834592","22.905117",
"5/10/1998","-40","-6.08845996856689","587","29.959","19.911","3.1379703408","4.44827186062538","0.709802106512851","11.29415526",
"5/11/1998","-40","-6.08845996856689","587","32.356","19","0.0995635728","4.6115255609643","0.587891332099679","20.57962626",
"5/12/1998","-40","-6.08845996856689","587","34.604","19.024","0.70037838","3.51143123961815","0.554470497463893","23.40888804",
"5/13/1998","-40","-6.08845996856689","587","34.858","19.81","0.068664564","3.53172954679389","0.526259822410851","21.52394388",
"5/14/1998","-40","-6.08845996856689","587","34.223","20.03","0.21286026","3.83682055539603","0.570988975401217","19.23457608",
"5/15/1998","-40","-6.08845996856689","587","34.859","22.249","0.037765512","4.1295869548873","0.542964538928233","20.05430706",
"5/16/1998","-40","-6.08845996856689","587","33.904","20.493","0.01373292","3.56008483699449","0.515439518679353","24.00873426",
"5/17/1998","-40","-6.08845996856689","587","33.647","18.134","0","3.37089444954939","0.51273484038906","19.04343966",
"5/18/1998","-40","-6.08845996856689","587","33.811","20.162","0.230025996","3.45748943759287","0.609546561221087","18.13753152",
"5/19/1998","-40","-6.08845996856689","587","32.864","21.03","0.806808384","4.48915323065466","0.603683337178806","13.58246304",
"5/20/1998","-40","-6.08845996856689","587","33.783","21.089","0","4.51055209373741","0.484530806879632","22.43885202",
"5/21/1998","-40","-6.08845996856689","587","33.84","21.509","0.078964272","3.32568816231622","0.494078973201678","19.45754928",
"5/22/1998","-40","-6.08845996856689","587","31.629","19.944","3.18260196","3.29341108823721","0.704525828057393","10.195814952",
"5/23/1998","-40","-6.08845996856689","587","28.254","20.124","11.46011508","3.95378291832991","0.761877609861608","7.7853942",
"5/24/1998","-40","-6.08845996856689","587","30.754","20.339","0.041198724","4.60929882829919","0.61432917242238","17.62177374",
"5/25/1998","-40","-6.08845996856689","587","33.596","20.454","0.5664825864","4.23967257850254","0.542169883732508","18.84171978",
"5/26/1998","-40","-6.08845996856689","587","33.936","19.456","1.4728554576","3.9356687496085","0.565921386641354","20.03219658",
"5/27/1998","-40","-6.08845996856689","587","34.709","20.467","0","3.65927768382119","0.486307414919458","23.25931848",
"5/28/1998","-40","-6.08845996856689","587","34.827","20.909","0","4.44740781323088","0.560647479205915","22.93671942",
"5/29/1998","-40","-6.08845996856689","587","34.165","21.208","0","4.25068748001922","0.528313295339213","18.85589982",
"5/30/1998","-40","-6.08845996856689","587","33.419","20.173","0.151061868","3.20409863489785","0.609032649451469","16.24252788",
"5/31/1998","-40","-6.08845996856689","587","34.595","21.5","0.638579628","3.3885261127462","0.604405921130178","15.95570508",
"6/1/1998","-40","-6.08845996856689","587","35.261","19.775","0","4.33316775237841","0.473905978654511","23.16785382",
"6/2/1998","-40","-6.08845996856689","587","34.342","18.974","0","3.65865290799829","0.444083015114641","23.32283058",
"6/3/1998","-40","-6.08845996856689","587","34.092","18.191","0","4.05365845647444","0.413818856557355","23.30696088",
"6/4/1998","-40","-6.08845996856689","587","33.178","21.987","0","4.72452793428317","0.41537842788114","22.79384982",
"6/5/1998","-40","-6.08845996856689","587","33.367","19.772","0.0137329056","4.58856855112983","0.475884102126361","22.7783223",
"6/6/1998","-40","-6.08845996856689","587","31.997","19.726","0","6.14810939082865","0.55386611909919","21.21310602",
"6/7/1998","-40","-6.08845996856689","587","24.993","18.543","0.0823974552","5.1789196847974","0.689871756892629","7.715034",
"6/8/1998","-40","-6.08845996856689","587","28.383","20.041","0.024032592","5.09441485091991","0.610310952393735","13.57582482",
"6/9/1998","-40","-6.08845996856689","587","33.988","18.788","0.2918242944","4.38604126043801","0.592584353105363","21.53997414",
"6/10/1998","-40","-6.08845996856689","587","33.473","20.216","0.587081592","4.80375928393484","0.636332297570679","18.83671254",
"6/11/1998","-40","-6.08845996856689","587","28.827","19.91","2.0118748824","4.25260302275503","0.710974719209356","18.86962896",
"6/12/1998","-40","-6.08845996856689","587","28.577","20.085","2.121736932","3.30972316326571","0.668886199231968","9.25306776",
"6/13/1998","-40","-6.08845996856689","587","29.877","20.421","0.9252547776","4.56509776802222","0.652355887724522","12.67610976",
"6/14/1998","-40","-6.08845996856689","587","30.327","18.95","0.109863432","4.92924162527919","0.561704080288259","14.43633696",
"6/15/1998","-40","-6.08845996856689","587","31.916","17.957","0.8960719104","4.58568610563422","0.576835471217993","18.0683964",
"6/16/1998","-40","-6.08845996856689","587","30.063","18.455","2.5388716104","4.58893360198137","0.672102632425628","15.77627046",
"6/17/1998","-40","-6.08845996856689","587","33.272","19.1","1.47628818","3.88434902746687","0.592226942583097","22.29929928",
"6/18/1998","-40","-6.08845996856689","587","32.932","20.905","0.049781808","5.10667467632909","0.57435810367706","21.6497304",
"6/19/1998","-40","-6.08845996856689","587","33.44","18.683","0.202560336","4.6633457482781","0.602487767395769","21.92546664",
"6/20/1998","-40","-6.08845996856689","587","33.328","18.941","0","4.49528727784642","0.55002639904424","22.1997942",
"6/21/1998","-40","-6.08845996856689","587","30.431","19.593","1.668549888","3.94582016272045","0.629399644956183","18.3112794",
"6/22/1998","-40","-6.08845996856689","587","32.221","18.596","0.32100696","5.08547098120178","0.492098423683042","22.562217",
"6/23/1998","-40","-6.08845996856689","587","32.39","17.569","0.386238312","5.07884749827411","0.493815776149001","22.66306812",
"6/24/1998","-40","-6.08845996856689","587","34.147","18.866","0.39310488","4.45104467821049","0.404232572002173","23.15897568",
"6/25/1998","-40","-6.08845996856689","587","33.164","17.607","0","3.40724802375605","0.472370938275969","22.40960508",
"6/26/1998","-40","-6.08845996856689","587","31.908","21.071","0","4.97380324743977","0.535657254071392","22.0322268",
"6/27/1998","-40","-6.08845996856689","587","32.286","21.193","0.1682282088","5.088862269299","0.495797589971238","20.99047734",
"6/28/1998","-40","-6.08845996856689","587","31.546","18.747","0.47035224","5.86497588610971","0.52964049270632","22.72668912",
"6/29/1998","-40","-6.08845996856689","587","29.823","18.455","0","5.23896865530839","0.600324075461222","19.8841446",
"6/30/1998","-40","-6.08845996856689","587","30.924","18.187","0.105571764","4.70894720300741","0.536617694022649","22.8424464",
"7/1/1998","-40","-6.08845996856689","587","32.794","15.826","0","3.73317099812763","0.537674354878892","22.9872402",
"7/2/1998","-40","-6.08845996856689","587","33.376","19.567","0","4.53321886182655","0.420556534028017","22.94060508",
"7/3/1998","-40","-6.08845996856689","587","32.327","19.366","0.0068664528","5.29666531098768","0.401995999943809","22.33873224",
"7/4/1998","-40","-6.08845996856689","587","32.022","18.787","0.133895916","5.6177404727184","0.459129092136709","22.40240112",
"7/5/1998","-40","-6.08845996856689","587","32.388","17.258","0.69694524","4.86673025097552","0.510652127027293","22.17808152",
"7/6/1998","-40","-6.08845996856689","587","32.381","18.686","0","4.55509766967152","0.443807579932007","18.14664312",
"7/7/1998","-40","-6.08845996856689","587","33.314","20.881","0.0343322856","4.43169327749572","0.482571954691225","18.44578008",
"7/8/1998","-40","-6.08845996856689","587","31.551","20.434","0","5.17771752559482","0.573866000503995","21.11490108",
"7/9/1998","-40","-6.08845996856689","587","32.075","19.692","2.8495785456","5.17462253952666","0.652626617173922","18.7525152",
"7/10/1998","-40","-6.08845996856689","587","31.683","19.836","5.76438696","4.63925873212323","0.665400589573263","15.36778224",
"7/11/1998","-40","-6.08845996856689","587","33.272","19.043","3.9688146","4.19130938965345","0.598131337146375","19.0378674",
"7/12/1998","-40","-6.08845996856689","587","32.565","18.857","0.4806520128","4.95158324911483","0.525672570150998","22.9961808",
"7/13/1998","-40","-6.08845996856689","587","31.467","17.651","0","5.22886730757283","0.516488648474458","22.9744116",
"7/14/1998","-40","-6.08845996856689","587","32.103","17.628","0","4.26595406556229","0.530492459374123","17.63724672",
"7/15/1998","-40","-6.08845996856689","587","31.144","19.854","4.10099148","3.7328595323417","0.559316503230506","19.23457734",
"7/16/1998","-40","-6.08845996856689","587","33.732","19.078","0.2094268464","4.20128214525797","0.406519387261766","23.6504268",
"7/17/1998","-40","-6.08845996856689","587","32.746","21.137","0","4.46355135050216","0.416302316030889","23.29396992",
"7/18/1998","-40","-6.08845996856689","587","33.076","21.474","0.0446319432","4.59526249167118","0.40823163172669","23.2867152",
"7/19/1998","-40","-6.08845996856689","587","33.727","20.144","0.6179809824","5.53544324399514","0.521621896720224","20.59340868",
"7/20/1998","-40","-6.08845996856689","587","33.371","18.414","0.089263944","4.22056783619852","0.497396355618804","23.56318296",
"7/21/1998","-40","-6.08845996856689","587","33.148","18.774","0.130462704","4.36368827869635","0.440497637748478","23.80168224",
"7/22/1998","-40","-6.08845996856689","587","33.072","20.391","0","4.63916319989265","0.387575006888631","24.1242732",
"7/23/1998","-40","-6.08845996856689","587","34.16","18.511","0","3.89406832763527","0.36130428184672","23.41276812",
"7/24/1998","-40","-6.08845996856689","587","33.453","20.342","0.851440176","5.0806421790735","0.468967221906745","23.90613408",
"7/25/1998","-40","-6.08845996856689","587","33.197","18.763","0","5.96674341668817","0.516676002466784","22.81297608",
"7/26/1998","-40","-6.08845996856689","587","32.504","19.776","0","4.90789191673074","0.519684084098074","17.93688678",
"7/27/1998","-40","-6.08845996856689","587","30.779","18.219","0","5.69482558943745","0.597957044361394","22.40668908",
"7/28/1998","-40","-6.08845996856689","587","31.076","18.741","0.1201626792","5.97302419828077","0.614993672208833","17.50319784",
"7/29/1998","-40","-6.08845996856689","587","31.442","19.336","0.4566192048","4.89745031912862","0.593271203515443","16.54014132",
"7/30/1998","-40","-6.08845996856689","587","31.768","19.893","0.353622276","4.48408069994224","0.5696822762146","16.5713022",
"7/31/1998","-40","-6.08845996856689","587","31.448","20.701","0.98190288","5.08107597548519","0.544335583538856","20.47196556",
"8/1/1998","-40","-6.08845996856689","587","33.8","17.935","0","5.45776949632198","0.430757413980933","24.41249856",
"8/2/1998","-40","-6.08845996856689","587","32.861","19.292","0","5.56258095397583","0.463227133397508","23.26455144",
"8/3/1998","-40","-6.08845996856689","587","34.048","19.407","0","4.84621616825185","0.433285256022924","24.46976376",
"8/4/1998","-40","-6.08845996856689","587","34.412","19.481","0","4.62558302377435","0.400772312629714","24.71383188",
"8/5/1998","-40","-6.08845996856689","587","33.654","19.116","0","4.90932955149176","0.370459972725265","24.9352344",
"8/6/1998","-40","-6.08845996856689","587","34.041","19.557","0","5.21285395800039","0.351100867172153","25.21760544",
"8/7/1998","-40","-6.08845996856689","587","33.751","20.009","0.024032592","4.5943620008937","0.444339884167856","24.67918116",
"8/8/1998","-40","-6.08845996856689","587","33.891","22.149","0.102996864","4.53268287682951","0.41357043643763","24.75641232",
"8/9/1998","-40","-6.08845996856689","587","33.751","21","0.0068664528","4.9021605521151","0.432226384977877","24.87723192",
"8/10/1998","-40","-6.08845996856689","587","34.033","20.552","0","4.05046976046134","0.388108823483663","21.7539648",
"8/11/1998","-40","-6.08845996856689","587","34.387","19.125","0","4.09618137171287","0.39699647037249","25.0693956",
"8/12/1998","-40","-6.08845996856689","587","34.833","19.244","0","4.46381267474225","0.399612395206647","25.46403156",
"8/13/1998","-40","-6.08845996856689","587","32.022","20.631","0.061798032","5.24642734654509","0.407466699470426","25.417512",
"8/14/1998","-40","-6.08845996856689","587","30.119","20.711","2.1646503","4.53050900561307","0.599587969509734","17.84722752",
"8/15/1998","-40","-6.08845996856689","587","27.657","18.623","1.4076229248","3.83542268324431","0.629835333871328","13.21160436",
"8/16/1998","-40","-6.08845996856689","587","32.43","19.995","1.220512644","5.44136966719172","0.520670005823287","25.15668624",
"8/17/1998","-40","-6.08845996856689","587","33.952","20.932","0","5.188527462768","0.438196694156717","25.16248008",
"8/18/1998","-40","-6.08845996856689","587","33.815","20.663","0.0137329056","4.72950566217829","0.423425031321453","22.93616646",
"8/19/1998","-40","-6.08845996856689","587","34.423","19.416","0","4.62495457597933","0.382222454282464","25.722954",
"8/20/1998","-40","-6.08845996856689","587","34.948","20.37","0","4.60835397240836","0.423700001592363","25.76919798",
"8/21/1998","-40","-6.08845996856689","587","34.946","20.442","0","5.07379559791165","0.413537627795524","25.94508426",
"8/22/1998","-40","-6.08845996856689","587","33.572","19.286","0","4.90164835435653","0.379416864860059","26.43102954",
"8/23/1998","-40","-6.08845996856689","587","33.212","18.77","3.156852456","4.93118092525737","0.437959886989125","24.91104168",
"8/24/1998","-40","-6.08845996856689","587","33.721","20.064","1.9123064928","5.74123430190037","0.459432914900575","24.92088948",
"8/25/1998","-40","-6.08845996856689","587","32.088","19.553","0","5.64730224675487","0.498642668397707","21.69089892",
"8/26/1998","-40","-6.08845996856689","587","33.712","20.528","0","4.64969726824824","0.458804566393207","22.61069802",
"8/27/1998","-40","-6.08845996856689","587","35.371","21.177","0.0240325848","4.24865296605624","0.368938591826344","26.16277608",
"8/28/1998","-40","-6.08845996856689","587","36.142","20.392","0","4.48910471826574","0.366916178667409","26.4482424",
"8/29/1998","-40","-6.08845996856689","587","33.13","21.132","0.2197266048","4.84300362778103","0.487302989531811","18.8361459",
"8/30/1998","-40","-6.08845996856689","587","32.868","19.913","0","5.29945015524356","0.502563248168838","24.11949546",
"8/31/1998","-40","-6.08845996856689","587","34.739","20.45","0.010299672","5.23275646188299","0.451003932221245","26.18904096",
"9/1/1998","-40","-6.08845996856689","587","34.624","20.489","0.31929012","5.30618714653956","0.395073223516263","26.8178094",
"9/2/1998","-40","-6.08845996856689","587","34.588","19.961","0.02059938","5.72088157186336","0.388152226164245","26.675325",
"9/3/1998","-40","-6.08845996856689","587","33.776","19.796","0.078964236","5.49331728892872","0.423654285331408","26.4988674",
"9/4/1998","-40","-6.08845996856689","587","35.172","20.547","0","5.24136817350654","0.388896916976183","26.59696056",
"9/5/1998","-40","-6.08845996856689","587","35.173","22.846","0.0068664528","4.99498020502745","0.407576215880033","26.51535324",
"9/6/1998","-40","-6.08845996856689","587","35.813","21.953","0","4.59398208474037","0.402474067216961","26.85037527",
"9/7/1998","-40","-6.08845996856689","587","34.685","20.574","0","4.24950301010919","0.443492503639619","27.08263116",
"9/8/1998","-40","-6.08845996856689","587","34.982","20.353","0","4.17778223603761","0.361531853633644","27.400105008",
"9/9/1998","-40","-6.08845996856689","587","35.359","19.376","0","3.76598733414738","0.373677336871655","27.33627024",
"9/10/1998","-40","-6.08845996856689","587","35.883","20.465","0","4.0298448289262","0.375413718538831","27.392001768",
"9/11/1998","-40","-6.08845996856689","587","33.846","21.382","0.0205993656","5.44195275331512","0.399997822589593","27.1022067",
"9/12/1998","-40","-6.08845996856689","587","33.639","22.837","0.0343322928","4.47797258574785","0.414216357182311","26.03475225",
"9/13/1998","-40","-6.08845996856689","587","34.203","22.167","0.0068664528","4.17973869297842","0.374037487996602","27.459287352",
"9/14/1998","-40","-6.08845996856689","587","34.53","21.108","0","4.76602931825146","0.427079939947973","27.4612527",
"9/15/1998","-40","-6.08845996856689","587","34.797","20.772","0","4.44956358628334","0.403533687800142","27.503212608",
"9/16/1998","-40","-6.08845996856689","587","35.373","20.869","0","3.89344658397547","0.427202535148561","26.169073632",
"9/17/1998","-40","-6.08845996856689","587","35.726","21.08","0","4.15289221055813","0.420537113696066","27.490776048",
"9/18/1998","-40","-6.08845996856689","587","34.902","22.506","0","4.16789823688948","0.392064339075532","27.6549705",
"9/19/1998","-40","-6.08845996856689","587","34.949","20.276","0","4.15088186138774","0.428952018928746","27.69282756",
"9/20/1998","-40","-6.08845996856689","587","34.998","21.322","0","4.58792323029313","0.475055506926654","22.713300432",
"9/21/1998","-40","-6.08845996856689","587","33.641","21.373","0.4583358648","3.25610321382226","0.480652795259348","22.507032528",
"9/22/1998","-40","-6.08845996856689","587","35.772","21.055","0.68321232","4.51664849246888","0.473802306556026","27.7963929",
"9/23/1998","-40","-6.08845996856689","587","35.172","21.177","0.1441956528","5.3176898873511","0.469408874305808","27.678034872",
"9/24/1998","-40","-6.08845996856689","587","34.584","22.262","1.4574051864","5.20941995483883","0.439153954272838","27.61047657",
"9/25/1998","-40","-6.08845996856689","587","34.419","21.547","6.432150132","4.75863254631579","0.469204358697116","27.55299465",
"9/26/1998","-40","-6.08845996856689","587","34.1","20.929","2.0256062472","5.23413065588992","0.496927279180285","23.168985048",
"9/27/1998","-40","-6.08845996856689","587","35.417","22.022","0","5.74510909435401","0.446020913232944","25.35518952",
"9/28/1998","-40","-6.08845996856689","587","35.654","21.83","0","5.51678329883317","0.397635800588217","28.26932598",
"9/29/1998","-40","-6.08845996856689","587","36.208","20.975","0","4.79324512586961","0.371617299832735","28.226529072",
"9/30/1998","-40","-6.08845996856689","587","36.312","21.641","0","4.41772686221155","0.360645875825145","28.47501882",
"10/1/1998","-40","-6.08845996856689","587","35.222","21.81","0","3.74771968774686","0.363140729191356","27.430827048",
"10/2/1998","-40","-6.08845996856689","587","35.743","21.944","0","4.27238588717538","0.353872719487439","25.539297192",
"10/3/1998","-40","-6.08845996856689","587","36.112","23.494","0.0446319576","4.69576614803733","0.402545823884598","23.138881632",
"10/4/1998","-40","-6.08845996856689","587","33.748","22.417","0.0102996792","5.36183920256689","0.48117523514152","23.51559024",
"10/5/1998","-40","-6.08845996856689","587","35.193","23.013","0","4.95104503651365","0.435980846347709","26.0065629",
"10/6/1998","-40","-6.08845996856689","587","35.029","21.837","0","4.71473127468822","0.446854211824911","22.009671792",
"10/7/1998","-40","-6.08845996856689","587","36.21","20.937","0","5.00839789400452","0.411770514038286","28.67923782",
"10/8/1998","-40","-6.08845996856689","587","35.54","21.923","0.1922607","5.72643703400982","0.509652985081826","23.828680152",
"10/9/1998","-40","-6.08845996856689","587","35.531","21.875","0.257492016","5.05363786714775","0.507572775802175","21.2426397",
"10/10/1998","-40","-6.08845996856689","587","36.332","21.839","0.022315968","4.89244890185819","0.439389656677956","27.7448202",
"10/11/1998","-40","-6.08845996856689","587","31.596","22.75","0.063514692","3.59281488788955","0.465875829460178","13.48498224",
"10/12/1998","-40","-6.08845996856689","587","32.261","22.185","0.88920612","3.77820177155415","0.486467525742605","18.13718916",
"10/13/1998","-40","-6.08845996856689","587","35.409","21.222","0","5.16690316359041","0.460483142133878","28.06854012",
"10/14/1998","-40","-6.08845996856689","587","35.629","20.77","0","5.2521345651817","0.416575689973829","28.5854778",
"10/15/1998","-40","-6.08845996856689","587","36.363","20.697","0","4.72349453227674","0.400849108964642","28.472778",
"10/16/1998","-40","-6.08845996856689","587","36.905","21.968","0","4.97769078219013","0.462804250730409","28.05455988",
"10/17/1998","-40","-6.08845996856689","587","36.826","22.192","0","5.86636470815675","0.45369322250122","28.28068272",
"10/18/1998","-40","-6.08845996856689","587","36.467","20.833","0","5.04286791429566","0.433688532475976","28.3418325",
"10/19/1998","-40","-6.08845996856689","587","36.415","20.7","0","4.8117544314686","0.450350210927527","28.144563768",
"10/20/1998","-40","-6.08845996856689","587","36.656","21.641","0","5.12404376295511","0.441074330534261","28.07516448",
"10/21/1998","-40","-6.08845996856689","587","35.837","22.204","0","5.28898804435796","0.417480656341164","28.63913112",
"10/22/1998","-40","-6.08845996856689","587","33.645","21.642","0","6.30051541049813","0.460935340341619","28.13769522",
"10/23/1998","-40","-6.08845996856689","587","33.899","21.476","0","5.76467900701241","0.43323711311148","28.15608582",
"10/24/1998","-40","-6.08845996856689","587","35.72","22.564","0.73127754","4.39257946645463","0.414553673839044","27.438714",
"10/25/1998","-40","-6.08845996856689","587","35.265","21.591","0","4.9247465213016","0.480428755611549","20.8152558",
"10/26/1998","-40","-6.08845996856689","587","35.199","22.749","0.0068664528","5.21741006660028","0.480438848141041","23.56937388",
"10/27/1998","-40","-6.08845996856689","587","35.963","21.594","0.29182392","5.45311850120826","0.457207626389822","28.4363181",
"10/28/1998","-40","-6.08845996856689","587","36.241","22.158","0","5.68815879936437","0.409580483362364","28.6100955",
"10/29/1998","-40","-6.08845996856689","587","36.626","22.026","0","5.31464219823789","0.446964956277116","28.33168518",
"10/30/1998","-40","-6.08845996856689","587","37.288","21.994","0","5.09406744207839","0.439661991101512","28.4752854",
"10/31/1998","-40","-6.08845996856689","587","37.5","22.304","0.037765476","5.47383001382195","0.436045532347877","28.6115472",
"11/1/1998","-40","-6.08845996856689","587","37.041","21.82","0","5.30264969859053","0.439074926578932","28.354815",
"11/2/1998","-40","-6.08845996856689","587","36.753","22.062","0.058364712","5.96259799438172","0.464048905823308","27.77091642",
"11/3/1998","-40","-6.08845996856689","587","35.365","23.168","0.4222870632","5.36933420354341","0.480621342889254","25.79214078",
"11/4/1998","-40","-6.08845996856689","587","35.828","22.079","0","5.25968862310007","0.484103092883266","27.926721",
"11/5/1998","-40","-6.08845996856689","587","36.665","21.86","0","4.93898966776994","0.450282692364245","28.2550356",
"11/6/1998","-40","-6.08845996856689","587","35.179","21.17","0","4.52270084430355","0.492795333724285","27.16300728",
"11/7/1998","-40","-6.08845996856689","587","35.034","22.139","0","4.59519800514384","0.455661705553083","27.9535527",
"11/8/1998","-40","-6.08845996856689","587","37.098","22.72","0","3.65837854118749","0.411834545879128","27.5397822",
"11/9/1998","-40","-6.08845996856689","587","36.295","22.916","0","4.08998686274153","0.411974029943301","27.94652028",
"11/10/1998","-40","-6.08845996856689","587","36.338","21.071","0","4.57623455372689","0.452588428203533","24.08202252",
"11/11/1998","-40","-6.08845996856689","587","34.842","21.721","0","4.79428061566409","0.473215759057198","22.390254",
"11/12/1998","-40","-6.08845996856689","587","36.43","21.373","0","4.50504429176016","0.423049026150995","27.9338769",
"11/13/1998","-40","-6.08845996856689","587","35.879","21.894","0","5.37517777272224","0.415999546408194","27.23383062",
"11/14/1998","-40","-6.08845996856689","587","36.063","22.262","0","5.31546907994391","0.40687647199733","28.3104621",
"11/15/1998","-40","-6.08845996856689","587","36.465","22.866","0.0137329128","4.61706824176076","0.453329429880043","27.9449991",
"11/16/1998","-40","-6.08845996856689","587","35.736","22.946","0","5.27021681923482","0.440281851679521","24.63260796",
"11/17/1998","-40","-6.08845996856689","587","35.306","23.302","0","5.55334985669975","0.47824909416035","27.80245692",
"11/18/1998","-40","-6.08845996856689","587","35.96","22.621","0","4.48981198499388","0.425152453775643","22.64067288",
"11/19/1998","-40","-6.08845996856689","587","36.566","22.866","0","4.74301359981615","0.426527253706428","27.98302752",
"11/20/1998","-40","-6.08845996856689","587","35.519","22.379","0","4.45713350707229","0.428862925255205","24.4272879",
"11/21/1998","-40","-6.08845996856689","587","36.725","22.788","0","4.68769246051936","0.475574046806891","21.55180302",
"11/22/1998","-40","-6.08845996856689","587","36.554","22.847","0.096130332","4.20180970460797","0.449298221864154","26.89543782",
"11/23/1998","-40","-6.08845996856689","587","33.642","22.419","0.09956358","3.94376440722091","0.457637866699932","19.49237316",
"11/24/1998","-40","-6.08845996856689","587","36.363","23.283","0","4.99600124612683","0.425564174338949","26.45904672",
"11/25/1998","-40","-6.08845996856689","587","35.896","22.387","0.06523128","5.47054082876271","0.478528120680455","27.5877594",
"11/26/1998","-40","-6.08845996856689","587","35.781","23.216","0.43086996","5.38558953304841","0.485957579378382","22.61615598",
"11/27/1998","-40","-6.08845996856689","587","35.515","23.759","0","5.50824557149823","0.477247992124877","24.37819218",
"11/28/1998","-40","-6.08845996856689","587","35.555","23.148","0","5.17113742177","0.468174400138728","25.76480508",
"11/29/1998","-40","-6.08845996856689","587","33.987","23.214","0.319290084","4.71631304167662","0.490769968153792","22.64799438",
"11/30/1998","-40","-6.08845996856689","587","35.971","21.698","0","4.99966929108453","0.469243548462895","27.8343009",
"12/1/1998","-40","-6.08845996856689","587","36.138","22.048","0","5.69034236932265","0.457705052224113","26.70142068",
"12/2/1998","-40","-6.08845996856689","587","36.45","21.956","0","5.11856565113274","0.443271871125728","26.12284038",
"12/3/1998","-40","-6.08845996856689","587","35.52","22.126","0","5.99959423223289","0.47339249348547","24.9856884",
"12/4/1998","-40","-6.08845996856689","587","35.608","22.337","0","5.73974077185743","0.408301188493312","27.4918482",
"12/5/1998","-40","-6.08845996856689","587","36.112","21.298","0","4.83910609542907","0.426346312305605","28.2363759",
"12/6/1998","-40","-6.08845996856689","587","36.147","22.203","0","5.01659740136782","0.430411988976023","23.61166002",
"12/7/1998","-40","-6.08845996856689","587","36.137","23.008","0","5.52073479620118","0.431615176420239","26.8748442",
"12/8/1998","-40","-6.08845996856689","587","35.217","22.406","0","5.15702825251006","0.400225763363619","28.257243768",
"12/9/1998","-40","-6.08845996856689","587","35.999","21.656","0","5.34907654266894","0.434235288641108","28.366029",
"12/10/1998","-40","-6.08845996856689","587","35.899","22.129","0","5.12916911796998","0.419324871663788","23.3169786",
"12/11/1998","-40","-6.08845996856689","587","35.803","22.554","0","5.20330211116304","0.431386638226266","27.92261142",
"12/12/1998","-40","-6.08845996856689","587","36.317","21.661","0","4.39090418387916","0.43763281665127","26.64657522",
"12/13/1998","-40","-6.08845996856689","587","35.03","23.442","0","4.53330932783451","0.468067753390604","21.65951664",
"12/14/1998","-40","-6.08845996856689","587","36.251","22.943","0","4.63815170542671","0.449297982155548","25.10736012",
"12/15/1998","-40","-6.08845996856689","587","30.67","23.795","0.1647951408","4.33888791399666","0.519907368845635","13.65705",
"12/16/1998","-40","-6.08845996856689","587","36.408","22.844","0","4.98934274324978","0.432819611888552","27.24446448",
"12/17/1998","-40","-6.08845996856689","587","36.353","22.661","0.080680824","4.35460461846679","0.472865174542586","26.60270292",
"12/18/1998","-40","-6.08845996856689","587","35.721","23.953","0.0446319576","5.05683967240411","0.452166336901849","21.78450558",
"12/19/1998","-40","-6.08845996856689","587","34.915","22.187","0","3.90873877785402","0.401815364974226","26.3733777",
"12/20/1998","-40","-6.08845996856689","587","35.277","21.437","0","4.58373931257727","0.430610905289628","24.83662572",
"12/21/1998","-40","-6.08845996856689","587","31.89","22.539","1.3698573192","5.25926500558598","0.542093582233025","19.76023404",
"12/22/1998","-40","-6.08845996856689","587","34.798","22.826","2.2367448","5.82031946936391","0.491585809932243","25.17373278",
"12/23/1998","-40","-6.08845996856689","587","34.952","22.457","0","4.61496682999338","0.456484600604526","27.9121509",
"12/24/1998","-40","-6.08845996856689","587","36.178","22.447","0","4.639181202286","0.4343100948227","27.8379018",
"12/25/1998","-40","-6.08845996856689","587","35.934","23.044","0","5.05558651352419","0.423044707739467","25.00295328",
"12/26/1998","-40","-6.08845996856689","587","35.289","22.916","1.2067794","4.99164673807416","0.459697812522052","28.2970728",
"12/27/1998","-40","-6.08845996856689","587","34.839","22.227","0","4.22423172955415","0.470986589755781","27.7089687",
"12/28/1998","-40","-6.08845996856689","587","35.553","21.982","0","3.95691702910524","0.492291491823391","22.18465872",
"12/29/1998","-40","-6.08845996856689","587","32.744","22.78","1.102065552","4.46044896011538","0.567220763288631","17.4926187",
"12/30/1998","-40","-6.08845996856689","587","30.445","22.475","0.5287172544","4.91245571016415","0.648970353380921","11.56212576",
"12/31/1998","-40","-6.08845996856689","587","35.29","21.364","0","5.0583858856538","0.479064599861452","28.12803912",
"1/1/1999","-40","-6.08845996856689","587","35.885","22.261","0","5.27323483222462","0.442889751489527","28.5458652",
"1/2/1999","-40","-6.08845996856689","587","35.895","22.072","0","5.60884323239281","0.459540905682804","27.9435933",
"1/3/1999","-40","-6.08845996856689","587","35.454","21.804","0","5.35047642972501","0.454504405951666","28.05761034",
"1/4/1999","-40","-6.08845996856689","587","36.33","22.05","0.113296644","4.85130701505465","0.44613550695356","27.5878629",
"1/5/1999","-40","-6.08845996856689","587","36.196","22.974","0.188827704","5.42545955699872","0.460281585414317","28.32975",
"1/6/1999","-40","-6.08845996856689","587","35.756","22.646","0","5.16105220876422","0.478907055467258","26.794069128",
"1/7/1999","-40","-6.08845996856689","587","34.425","21.213","0","3.29671428944284","0.48819146126794","21.3579612",
"1/8/1999","-40","-6.08845996856689","587","31.951","22.083","2.46162492","1.77229777368636","0.641722179693898","10.21083786",
"1/9/1999","-40","-6.08845996856689","587","22.669","21.297","12.620542104","2.00750273748501","0.883670545014479","1.82514294",
"1/10/1999","-40","-6.08845996856689","587","27.679","20.486","3.5430912","2.5617509018297","0.81449847666409","13.9383027",
"1/11/1999","-40","-6.08845996856689","587","31.348","20.678","0.9338378184","3.95316075367613","0.702328870744485","18.03628143",
"1/12/1999","-40","-6.08845996856689","587","31.259","20.78","0.1579283424","4.10034803224673","0.603906189833417","23.5852389",
"1/13/1999","-40","-6.08845996856689","587","31.049","21.479","0.34332282","4.65991528482456","0.602443809960809","27.15924078",
"1/14/1999","-40","-6.08845996856689","587","31.901","21.035","6.835555224","4.04832465435171","0.658512050997328","18.09945252",
"1/15/1999","-40","-6.08845996856689","587","33.471","20.371","0","4.2018335517274","0.558122665401712","28.37132478",
"1/16/1999","-40","-6.08845996856689","587","34.685","20.194","0","4.18942663495478","0.512832375308216","28.77148278",
"1/17/1999","-40","-6.08845996856689","587","34.837","20.714","0","4.51758802547817","0.535741122545375","28.6682067",
"1/18/1999","-40","-6.08845996856689","587","32.644","21.643","0.854874","5.24098856702399","0.593185158853744","27.06766992",
"1/19/1999","-40","-6.08845996856689","587","33.025","20.558","1.63765008","2.99747303913406","0.645828060987237","19.59497136",
"1/20/1999","-40","-6.08845996856689","587","32.405","20.805","2.471926788","3.40626191253176","0.613980476848841","17.45167356",
"1/21/1999","-40","-6.08845996856689","587","33.25","20.531","0.4634858304","4.09722072212093","0.660375242657968","12.74400252",
"1/22/1999","-40","-6.08845996856689","587","30.515","20.939","3.19976802","4.24603915786924","0.737363053264527","16.15077216",
"1/23/1999","-40","-6.08845996856689","587","33.381","20.877","0.0411987168","4.53258454796956","0.597796307798596","28.52786286",
"1/24/1999","-40","-6.08845996856689","587","34.095","21.526","0.274658148","4.52242622703967","0.594030367112037","28.1483451",
"1/25/1999","-40","-6.08845996856689","587","30.937","21.197","0.1201629816","3.84085768334733","0.646156091195626","12.67211268",
"1/26/1999","-40","-6.08845996856689","587","33.148","20.841","0","5.08357334901916","0.588586601152235","23.82913872",
"1/27/1999","-40","-6.08845996856689","587","34.975","21.704","0","4.81692112562732","0.52709438521705","27.6199893",
"1/28/1999","-40","-6.08845996856689","587","33.318","21.175","0","4.94042637050308","0.486185296860575","28.588887",
"1/29/1999","-40","-6.08845996856689","587","33.908","20.848","0","4.39971123033602","0.565406682583896","23.98066866",
"1/30/1999","-40","-6.08845996856689","587","31.303","20.951","3.23753436","3.79440810362886","0.667702801381913","20.14565508",
"1/31/1999","-40","-6.08845996856689","587","32.789","20.408","0.7553106","3.98466657528142","0.586807616324974","27.92677797",
"2/1/1999","-40","-6.08845996856689","587","33.462","21.079","0","4.36618914116263","0.56291523706285","22.15985769",
"2/2/1999","-40","-6.08845996856689","587","34.017","21.072","0.41885352","4.02981660099081","0.594091806392627","20.54081268",
"2/3/1999","-40","-6.08845996856689","587","32.375","21.443","1.095199812","3.14135074439518","0.598013678639753","20.01684357",
"2/4/1999","-40","-6.08845996856689","587","26.484","21.087","3.4915929552","3.0081773051379","0.747160941842971","11.857052142",
"2/5/1999","-40","-6.08845996856689","587","33.38","18.821","1.3664232","3.70899956304612","0.655989112807504","21.24967869",
"2/6/1999","-40","-6.08845996856689","587","32.33","19.633","1.28402712","4.77875550249463","0.628965347462536","12.7546245",
"2/7/1999","-40","-6.08845996856689","587","29.347","20.56","0.2643583752","3.29290995968523","0.634300940668583","9.96806376",
"2/8/1999","-40","-6.08845996856689","587","33.992","20.323","0.65231352","3.50120640085121","0.625351913962618","25.8071058",
"2/9/1999","-40","-6.08845996856689","587","34.81","21.443","0.075531024","4.06616846305729","0.503483917987685","29.62575081",
"2/10/1999","-40","-6.08845996856689","587","33.196","21.228","0","3.98701737502929","0.54291630934149","28.89652617",
"2/11/1999","-40","-6.08845996856689","587","34.489","21.257","0","3.54046980423883","0.498791732499974","22.94319717",
"2/12/1999","-40","-6.08845996856689","587","33.26","20.326","1.59301764","3.44271797367241","0.631483407066604","19.85917572",
"2/13/1999","-40","-6.08845996856689","587","34.233","21.196","0.46691928","5.050375930182","0.598101335745052","26.78956812",
"2/14/1999","-40","-6.08845996856689","587","34.735","21.444","0.082397448","4.60659826063989","0.531724053565356","27.90191835",
"2/15/1999","-40","-6.08845996856689","587","34.535","23.129","0","4.35688755906356","0.475634166560949","26.46709029",
"2/16/1999","-40","-6.08845996856689","587","32.154","21.36","2.59551918","3.56161542491531","0.624318238569649","13.6225125",
"2/17/1999","-40","-6.08845996856689","587","32.479","21.56","0.5733485568","3.34606586354451","0.618618214297619","9.062886312",
"2/18/1999","-40","-6.08845996856689","587","32.937","20.471","0","3.58167426866124","0.564654829451307","20.54924928",
"2/19/1999","-40","-6.08845996856689","587","34.744","21.087","0","4.05962635224358","0.521444044906299","22.03593777",
"2/20/1999","-40","-6.08845996856689","587","35.019","20.967","0","4.90505364408361","0.441688501168298","29.1284478",
"2/21/1999","-40","-6.08845996856689","587","36.246","20.491","0","4.53723219557034","0.483728584720041","28.54316448",
"2/22/1999","-40","-6.08845996856689","587","33.582","20.902","0.87204006","4.60541994235932","0.62763183294316","22.45022172",
"2/23/1999","-40","-6.08845996856689","587","29.795","21.432","13.6882760904","2.93774038538837","0.84652491170813","21.42393642",
"2/24/1999","-40","-6.08845996856689","587","30.894","21.005","5.1601428","3.24646210594181","0.699988230160596","21.3024438",
"2/25/1999","-40","-6.08845996856689","587","33.71","19.97","1.36642464","3.6392729882802","0.657008739949876","24.22096992",
"2/26/1999","-40","-6.08845996856689","587","32.587","21.068","7.50675096","4.0322914626725","0.773698981225106","20.1767643",
"2/27/1999","-40","-6.08845996856689","587","33.943","19.925","2.420424","4.22448576207301","0.67967641617374","24.04732284",
"2/28/1999","-40","-6.08845996856689","587","34.241","20.706","0.02059938","4.82452953866287","0.64408968189322","26.78535036",
"3/1/1999","-40","-6.08845996856689","587","33.49","20.993","0.0720977904","4.52655206990316","0.675222318797285","23.85675468",
"3/2/1999","-40","-6.08845996856689","587","34.367","20.389","0","4.32181339143908","0.620696749809064","27.81720072",
"3/3/1999","-40","-6.08845996856689","587","34.379","20.63","0","4.03176636966648","0.592128442795453","26.40251376",
"3/4/1999","-40","-6.08845996856689","587","34.707","20.737","1.1672948664","3.74165332474594","0.612233857247851","23.20228368",
"3/5/1999","-40","-6.08845996856689","587","31.703","21.402","1.436805936","3.03314489367452","0.642074381617116","19.13309892",
"3/6/1999","-40","-6.08845996856689","587","33.169","19.362","0.0171661392","3.50842143909457","0.554984597094251","27.45641646",
"3/7/1999","-40","-6.08845996856689","587","34.717","20.438","0.55446624","4.91970931991362","0.551234848628793","27.98105922",
"3/8/1999","-40","-6.08845996856689","587","34.12","20.944","0.00686646","4.28244037737373","0.553938830042946","23.11852626",
"3/9/1999","-40","-6.08845996856689","587","35.294","20.73","0.818824356","4.24553722172009","0.557565784609742","28.59541902",
"3/10/1999","-40","-6.08845996856689","587","34.781","20.265","0","3.56747155099688","0.522934997103978","14.33937006",
"3/11/1999","-40","-6.08845996856689","587","33.472","20.79","0.719261244","3.87233758040565","0.671133761286045","19.50198534",
"3/12/1999","-40","-6.08845996856689","587","29.681","21.44","8.4766419864","3.83624152677944","0.825490643683488","21.088578132",
"3/13/1999","-40","-6.08845996856689","587","32.808","20.964","0.2609253072","3.56550135499529","0.729197136055485","23.115600072",
"3/14/1999","-40","-6.08845996856689","587","27.978","20.538","4.9455613512","2.8222716002302","0.834787761541615","24.28475472",
"3/15/1999","-40","-6.08845996856689","587","26.896","20.522","3.089909628","2.28682895786988","0.875337015744385","9.70149096",
"3/16/1999","-40","-6.08845996856689","587","26.928","19.469","4.25204802","2.36468272843208","0.84774295449571","11.639297088",
"3/17/1999","-40","-6.08845996856689","587","28.881","21.322","2.226447864","3.37318099010731","0.766656606923513","19.15171956",
"3/18/1999","-40","-6.08845996856689","587","29.649","20.182","4.8648867624","3.24959446460831","0.847716293546537","20.24104788",
"3/19/1999","-40","-6.08845996856689","587","31.883","20.268","2.100277116","3.60524549170384","0.760174967297667","22.23191178",
"3/20/1999","-40","-6.08845996856689","587","31.718","20.688","0.0961303608","3.59178546278425","0.646156825080967","24.33144438",
"3/21/1999","-40","-6.08845996856689","587","33.269","20.219","0.0137328984","3.6396792579325","0.63361043121419","22.9500531",
"3/22/1999","-40","-6.08845996856689","587","30.888","21.18","1.1724465096","3.5121353040598","0.673027872347586","16.47073044",
"3/23/1999","-40","-6.08845996856689","587","34.862","20.768","2.071950768","3.2341293071557","0.593557124524279","21.86230014",
"3/24/1999","-40","-6.08845996856689","587","34.666","19.758","0.514984284","3.10245867511719","0.56965583210813","25.3310076",
"3/25/1999","-40","-6.08845996856689","587","33.075","20.015","0.405121104","3.16912718403726","0.621935414180746","22.80549348",
"3/26/1999","-40","-6.08845996856689","587","32.448","21.137","0.065231352","3.80760037402207","0.669210046853772","17.44942734",
"3/27/1999","-40","-6.08845996856689","587","31.474","21.636","0.10643004","3.59652445243507","0.659941483874888","15.25320234",
"3/28/1999","-40","-6.08845996856689","587","26.376","20.573","0.2557754568","2.8114216673683","0.81057843392024","7.21316088",
"3/29/1999","-40","-6.08845996856689","587","32.432","20.124","0.0137329056","3.83409612736444","0.682428391686457","24.89754654",
"3/30/1999","-40","-6.08845996856689","587","32.989","20.233","0.5252841","3.34285095136659","0.637440608362059","21.29309784",
"3/31/1999","-40","-6.08845996856689","587","34.153","20.718","1.55696922","4.09345991709113","0.58563755455321","26.92884258",
"4/1/1999","-40","-6.08845996856689","587","33.454","20.369","1.68914736","4.20880150508892","0.548064450997677","27.24001542",
"4/2/1999","-40","-6.08845996856689","587","33.382","20.913","1.785277332","4.19756760512406","0.570938325999363","25.2931482",
"4/3/1999","-40","-6.08845996856689","587","31.023","20.256","0","3.91197204677816","0.560088118158381","17.943075",
"4/4/1999","-40","-6.08845996856689","587","33.481","21.514","0.075531024","3.58364481172181","0.575728687891682","18.04168008",
"4/5/1999","-40","-6.08845996856689","587","33.3","21.426","0","4.35799085866376","0.581163839793741","25.6808817",
"4/6/1999","-40","-6.08845996856689","587","32.146","21.197","2.413559844","3.92694837340706","0.634985216846842","20.44394802",
"4/7/1999","-40","-6.08845996856689","587","34.201","19.529","0.23002596","3.83162302935747","0.534000680873466","24.05711664",
"4/8/1999","-40","-6.08845996856689","587","34.813","20.141","0","3.81892282458531","0.546634294053634","23.83796754",
"4/9/1999","-40","-6.08845996856689","587","32.067","19.337","0","3.40766872217826","0.610060171955041","17.49346704",
"4/10/1999","-40","-6.08845996856689","587","33.334","19.725","0","3.86244781133672","0.548068801489535","24.21185292",
"4/11/1999","-40","-6.08845996856689","587","32.879","21.629","0.4566204792","4.02663220973466","0.508571623063936","19.14941664",
"4/12/1999","-40","-6.08845996856689","587","31.228","20.17","4.7618885592","3.7605158117694","0.711082781463426","18.79531776",
"4/13/1999","-40","-6.08845996856689","587","32.768","20.483","7.134248412","3.80923189244126","0.779552180395656","11.3372982",
"4/14/1999","-40","-6.08845996856689","587","32.73","19.877","1.08146664","3.77561771826987","0.686877030446909","25.58756538",
"4/15/1999","-40","-6.08845996856689","587","32.431","20.124","0.2059934256","3.83030681874978","0.655721031717119","20.54503332",
"4/16/1999","-40","-6.08845996856689","587","34.131","19.368","0","3.52737327548574","0.57079809505388","25.9473366",
"4/17/1999","-40","-6.08845996856689","587","34.976","18.111","0","3.65311095335878","0.514157355115585","26.51787288",
"4/18/1999","-40","-6.08845996856689","587","34.272","19.707","0","3.7541132785168","0.532767595149464","19.7862777",
"4/19/1999","-40","-6.08845996856689","587","33.612","21.261","1.0951994664","2.61976338584129","0.555012264183298","21.04115202",
"4/20/1999","-40","-6.08845996856689","587","32.765","20.534","3.24439452","3.09647634202681","0.621363309427829","23.6044161",
"4/21/1999","-40","-6.08845996856689","587","33.664","19.474","0.2162930328","3.11437406608555","0.547674318837072","25.7375799",
"4/22/1999","-40","-6.08845996856689","587","33.917","18.991","0.06523128","3.34601297314147","0.553760222271156","21.47304798",
"4/23/1999","-40","-6.08845996856689","587","33.387","20.401","1.72348056","3.40339362365918","0.633783363284698","21.53688786",
"4/24/1999","-40","-6.08845996856689","587","29.566","20.582","1.3973242464","3.5587778517914","0.69612225707861","12.34260234",
"4/25/1999","-40","-6.08845996856689","587","32.843","21.067","6.47163324","3.62253419773683","0.785410911198933","21.6063045",
"4/26/1999","-40","-6.08845996856689","587","31.478","21.331","3.556824444","3.43020350354452","0.751191644508135","13.74204132",
"4/27/1999","-40","-6.08845996856689","587","34.383","21.177","1.57241754","3.45349634430014","0.622649108706186","23.4223839",
"4/28/1999","-40","-6.08845996856689","587","33.032","21.156","3.35426508","3.25478156308143","0.668013864714241","18.14765364",
"4/29/1999","-40","-6.08845996856689","587","32.397","20.776","9.482578524","3.40155410964072","0.688825754125297","19.64795688",
"4/30/1999","-40","-6.08845996856689","587","28.596","20.434","5.136110064","3.38486807353832","0.848395574071384","12.61130544",
"5/1/1999","-40","-6.08845996856689","587","32.696","19.713","1.7560962","3.9925761510433","0.669603125423783","21.72723498",
"5/2/1999","-40","-6.08845996856689","587","32.141","20.881","0.8694653184","3.93177280657524","0.642701663800324","23.97184182",
"5/3/1999","-40","-6.08845996856689","587","33.609","20.179","0.3810884688","4.01140217575883","0.603421736861695","24.52527972",
"5/4/1999","-40","-6.08845996856689","587","32.83","20.883","2.87361324","4.0989639464418","0.634496504094628","24.2474697",
"5/5/1999","-40","-6.08845996856689","587","30.764","20.265","5.0193783288","3.70163912692276","0.798909944863775","14.55507702",
"5/6/1999","-40","-6.08845996856689","587","30.505","20.527","7.439802156","3.52522248314164","0.809545842541639","20.63598174",
"5/7/1999","-40","-6.08845996856689","587","32.375","20.35","0.30212424","3.19112515596444","0.672003071987056","19.03269672",
"5/8/1999","-40","-6.08845996856689","587","33.645","18.839","0.310707108","3.10723381903476","0.603906674304533","23.11143894",
"5/9/1999","-40","-6.08845996856689","587","28.976","19.811","3.677844312","2.7355531950611","0.861443089796726","10.52504406",
"5/10/1999","-40","-6.08845996856689","587","31.615","20.315","1.4608369656","3.97900846481788","0.718514892145821","18.69553692",
"5/11/1999","-40","-6.08845996856689","587","32.471","20.847","2.37579516","4.01269089336692","0.69949151990902","22.83390486",
"5/12/1999","-40","-6.08845996856689","587","31.755","20.844","2.89764342","3.76673822615249","0.765072958738546","20.00649888",
"5/13/1999","-40","-6.08845996856689","587","30.974","19.666","0.7707599208","3.70455410644734","0.750043584015994","22.64968422",
"5/14/1999","-40","-6.08845996856689","587","31.773","19.724","3.7713991536","3.27675359702284","0.805762337718273","22.55101308",
"5/15/1999","-40","-6.08845996856689","587","25.238","20.905","50.96623968","1.76377176338846","0.925120721878988","8.44841178",
"5/16/1999","-40","-6.08845996856689","587","26.228","20.336","15.10104528","2.36451351521433","0.895692790524515","9.35111214",
"5/17/1999","-40","-6.08845996856689","587","28.723","20.396","13.96894392","2.42523288282189","0.841481591184015","13.0278384",
"5/18/1999","-40","-6.08845996856689","587","30.638","20.428","7.194330432","2.86109234251686","0.7283999178974","15.32525508",
"5/19/1999","-40","-6.08845996856689","587","31.62","20.503","0.101280204","3.61106388145889","0.620422177911653","23.45225418",
"5/20/1999","-40","-6.08845996856689","587","31.876","19.589","0.0102996864","3.02179880055505","0.638171699584279","19.42261794",
"5/21/1999","-40","-6.08845996856689","587","30.485","19.052","2.2075638624","2.37766971645198","0.814567057897643","16.91116758",
"5/22/1999","-40","-6.08845996856689","587","31.234","20.021","3.150845856","3.12478048627333","0.825934617698672","22.41022284",
"5/23/1999","-40","-6.08845996856689","587","25.244","19.859","3.438378684","2.01106212951745","0.91781985289328","7.62750054",
"5/24/1999","-40","-6.08845996856689","587","25.771","19.726","4.55503392","4.01553121920286","0.821036653422231","7.59459582",
"5/25/1999","-40","-6.08845996856689","587","31.444","18.749","0.0034332264","4.41766340935885","0.613159477168017","23.2345161",
"5/26/1999","-40","-6.08845996856689","587","31.796","20.144","1.6582501944","3.67351169714263","0.604930353060989","22.8443553",
"5/27/1999","-40","-6.08845996856689","587","32.031","19.612","0","4.1967324368441","0.587020704784125","19.89062568",
"5/28/1999","-40","-6.08845996856689","587","31.79","18.313","0","4.77096830260049","0.510517064973026","23.4312732",
"5/29/1999","-40","-6.08845996856689","587","31.873","17.582","0","3.69123918734859","0.459295902281196","20.87904546",
"5/30/1999","-40","-6.08845996856689","587","31.995","18.018","0.0240325848","2.45437084595237","0.535034889893562","22.51028808",
"5/31/1999","-40","-6.08845996856689","587","32.136","19.657","0.0068664528","1.96749453862904","0.584031059624653","18.27938952",
"6/1/1999","-40","-6.08845996856689","587","30.707","20.783","1.007652276","2.7508482489224","0.670812032463328","8.44379694",
"6/2/1999","-40","-6.08845996856689","587","32.615","19.282","0.020599344","3.5485365856356","0.528162257666702","22.9009509",
"6/3/1999","-40","-6.08845996856689","587","32.697","18.973","0.120162924","3.72956115192607","0.499520091176027","22.49533584",
"6/4/1999","-40","-6.08845996856689","587","32.416","19.718","2.40154596","3.70880029381465","0.578442906325343","22.3300755",
"6/5/1999","-40","-6.08845996856689","587","31.938","19.816","0.1132965864","3.47111213158602","0.538366789686907","22.66722918",
"6/6/1999","-40","-6.08845996856689","587","32.78","18.584","0","3.78641530646733","0.480037567061477","22.41709398",
"6/7/1999","-40","-6.08845996856689","587","32.629","18.006","0","3.2636669349394","0.575890380134468","22.8045348",
"6/8/1999","-40","-6.08845996856689","587","32.233","18.052","0","4.53769061852478","0.491363082496793","22.74857172",
"6/9/1999","-40","-6.08845996856689","587","31.453","19.206","0.234317772","4.69170991427425","0.56825836040238","22.58718786",
"6/10/1999","-40","-6.08845996856689","587","29.79","18.406","0.288390888","4.89558831462527","0.600426165472835","22.1003451",
"6/11/1999","-40","-6.08845996856689","587","29.964","19.602","0.7733348496","4.05687629545704","0.644070637007344","15.88983588",
"6/12/1999","-40","-6.08845996856689","587","29.975","19.773","0.044631936","5.00289536106482","0.557623606708383","16.18857918",
"6/13/1999","-40","-6.08845996856689","587","31.47","17.123","0","4.2288169121131","0.537370187071316","22.94414748",
"6/14/1999","-40","-6.08845996856689","587","31.877","18.368","0","3.16234204251445","0.571946439729534","21.173508",
"6/15/1999","-40","-6.08845996856689","587","33.094","16.868","0.0034332264","2.46588703748715","0.545413598860806","19.58355252",
"6/16/1999","-40","-6.08845996856689","587","32.419","18.946","0.2128602024","3.39908341318575","0.585107104391715","22.1294232",
"6/17/1999","-40","-6.08845996856689","587","31.188","20.383","0.611972928","3.64738253519999","0.644113354104908","16.90469766",
"6/18/1999","-40","-6.08845996856689","587","31.688","19.491","0.0566482608","3.71635243675137","0.580591753753088","18.77147028",
"6/19/1999","-40","-6.08845996856689","587","32.179","18.776","0","4.1167219306569","0.551421539891677","22.53234096",
"6/20/1999","-40","-6.08845996856689","587","31.233","18.612","0.0343322784","3.99298073116228","0.611456686790013","19.48972356",
"6/21/1999","-40","-6.08845996856689","587","32.619","19.364","1.975822092","3.58567650083631","0.583367749010438","22.60377468",
"6/22/1999","-40","-6.08845996856689","587","33.326","20.564","0","4.5934659986062","0.482996880832526","22.84660548",
"6/23/1999","-40","-6.08845996856689","587","32.367","21.423","0.0171661392","4.11860921384906","0.498284404340347","22.5739656",
"6/24/1999","-40","-6.08845996856689","587","32.682","19.803","0","4.19833608002589","0.52807495936027","20.45846304",
"6/25/1999","-40","-6.08845996856689","587","32.367","20.423","2.9731743","3.98709749056917","0.651318619544008","21.9839616",
"6/26/1999","-40","-6.08845996856689","587","32.5","18.794","0.6437300184","4.27960029639944","0.549379162980293","21.67823628",
"6/27/1999","-40","-6.08845996856689","587","31.054","19.56","1.08146664","4.63754120443876","0.593410785612075","19.70471088",
"6/28/1999","-40","-6.08845996856689","587","32.212","17.954","0","4.96049441811201","0.505448703899221","22.7229156",
"6/29/1999","-40","-6.08845996856689","587","32.01","18.775","0","4.50877070350535","0.487968182949674","22.08391524",
"6/30/1999","-40","-6.08845996856689","587","32.428","20.071","0","4.01647792507673","0.444289937691068","22.80859092",
"7/1/1999","-40","-6.08845996856689","587","32.467","18.406","0","3.64926527213418","0.484127218536679","22.5580536",
"7/2/1999","-40","-6.08845996856689","587","32.089","18.245","0","4.42758794407951","0.427450788418424","23.20273584",
"7/3/1999","-40","-6.08845996856689","587","32.799","16.534","0","3.73703324504515","0.352891145023738","23.44713192",
"7/4/1999","-40","-6.08845996856689","587","32.476","17.984","0","3.65605976491507","0.42060540038658","22.7570076",
"7/5/1999","-40","-6.08845996856689","587","32.787","17.791","0","3.38916379881222","0.430732714300279","22.79182752",
"7/6/1999","-40","-6.08845996856689","587","32.002","19.362","0","4.81130887052104","0.41843065496363","22.52722896",
"7/7/1999","-40","-6.08845996856689","587","31.78","18.156","0","5.33537226104585","0.526308607392142","18.68906736",
"7/8/1999","-40","-6.08845996856689","587","31.668","19.938","0.0068664528","4.60032241908332","0.462368693352343","22.974363",
"7/9/1999","-40","-6.08845996856689","587","32.698","16.205","0","3.98053645996073","0.380256364798637","23.5144062",
"7/10/1999","-40","-6.08845996856689","587","32.541","15.708","0","2.97452897255008","0.38932754612272","23.59208772",
"7/11/1999","-40","-6.08845996856689","587","31.943","16.51","0","4.26873672643385","0.476845893806588","23.32007208",
"7/12/1999","-40","-6.08845996856689","587","31.876","17.527","0","4.79488530726375","0.547944173433788","19.6040808",
"7/13/1999","-40","-6.08845996856689","587","30.912","19.017","0","5.62517050252473","0.52110068364249","22.8771018",
"7/14/1999","-40","-6.08845996856689","587","32.775","17.348","0","4.63601054055132","0.477691737684954","23.31737604",
"7/15/1999","-40","-6.08845996856689","587","32.918","17.573","0","3.47938836052042","0.478398481026747","23.31039852",
"7/16/1999","-40","-6.08845996856689","587","32.955","18.634","0.0034332264","4.68395957983434","0.472245437849959","18.84408552",
"7/17/1999","-40","-6.08845996856689","587","32.957","20.197","3.4297947216","4.70392733127912","0.561150222154449","19.02796776",
"7/18/1999","-40","-6.08845996856689","587","31.573","19.265","3.470994","5.02651075930438","0.59666137333071","20.03490288",
"7/19/1999","-40","-6.08845996856689","587","29.483","18.58","1.55181888","4.36474790115101","0.655679298825779","13.0783482",
"7/20/1999","-40","-6.08845996856689","587","31.474","18.758","0.147628656","4.73735315302315","0.572222808972425","21.68166978",
"7/21/1999","-40","-6.08845996856689","587","32.433","18.976","0.830841012","4.54773588075011","0.535343623567537","19.53708732",
"7/22/1999","-40","-6.08845996856689","587","32.466","17.769","0","4.405563968095","0.404981470887759","22.09735656",
"7/23/1999","-40","-6.08845996856689","587","32.029","18.81","0","4.25946914783905","0.454256568163245","18.47064024",
"7/24/1999","-40","-6.08845996856689","587","32.1","19.47","0","5.08565056435464","0.481788534371277","19.12972824",
"7/25/1999","-40","-6.08845996856689","587","32","18.811","0","6.45197644576321","0.473891943617993","23.4086598",
"7/26/1999","-40","-6.08845996856689","587","32.482","18.259","0","5.76063151305083","0.448231448013186","23.93420328",
"7/27/1999","-40","-6.08845996856689","587","30.451","17.033","0","5.75591408301918","0.495208117242213","23.15149272",
"7/28/1999","-40","-6.08845996856689","587","33.158","17.673","0.041198724","5.01825111665265","0.441896528923591","24.09496776",
"7/29/1999","-40","-6.08845996856689","587","32.334","17.647","0","5.11247131946997","0.439487050880365","24.5430504",
"7/30/1999","-40","-6.08845996856689","587","32.5","17.752","0","5.13003920654042","0.4298608230764","24.7053888",
"7/31/1999","-40","-6.08845996856689","587","32.308","17.206","0","4.19435951670901","0.406239794954398","24.27603696",
"8/1/1999","-40","-6.08845996856689","587","32.775","17.957","0","4.67236188352797","0.351002682850162","24.66748296",
"8/2/1999","-40","-6.08845996856689","587","32.136","17.792","0","5.16716479314647","0.424947876071556","24.08602572",
"8/3/1999","-40","-6.08845996856689","587","31.703","18.597","0","5.24228355405741","0.463539909940169","24.10925868",
"8/4/1999","-40","-6.08845996856689","587","32.827","17.919","0","5.16884546906262","0.420703317372631","23.3519004",
"8/5/1999","-40","-6.08845996856689","587","31.51","17.753","0","5.06189570431225","0.423980227291478","19.06408296",
"8/6/1999","-40","-6.08845996856689","587","32.916","19.096","0","4.48908032025284","0.361563505399451","24.33554712",
"8/7/1999","-40","-6.08845996856689","587","32.434","17.571","0","5.06936372383108","0.420445950370026","24.68075292",
"8/8/1999","-40","-6.08845996856689","587","32.644","19.522","0.563049252","5.78833663207357","0.483567267230963","22.73494572",
"8/9/1999","-40","-6.08845996856689","587","33.028","20.841","0.0034332264","4.81860235745289","0.430225166846972","24.87841308",
"8/10/1999","-40","-6.08845996856689","587","33.882","20.514","0.09956358","5.32723320442692","0.383660783656809","24.11240328",
"8/11/1999","-40","-6.08845996856689","587","33.789","20.328","0.04119876","4.97895365119164","0.408476865750054","25.05717504",
"8/12/1999","-40","-6.08845996856689","587","33.143","18.257","0","4.46661537388089","0.384642336904679","25.58008692",
"8/13/1999","-40","-6.08845996856689","587","33.148","17.476","0","3.43374239283156","0.377552192777035","25.44452028",
"8/14/1999","-40","-6.08845996856689","587","33.719","16.916","0","3.38124536526951","0.433018034396951","25.3063152",
"8/15/1999","-40","-6.08845996856689","587","34.369","19.721","0","3.52309714046974","0.451536678415092","21.37854276",
"8/16/1999","-40","-6.08845996856689","587","34.062","21.167","1.884842712","4.60930334739039","0.418504316143855","25.32520926",
"8/17/1999","-40","-6.08845996856689","587","32.654","19.047","0","6.03244062612338","0.418044219128411","25.7757192",
"8/18/1999","-40","-6.08845996856689","587","33.003","19.444","0","5.21576081073522","0.433229239182645","25.55854038",
"8/19/1999","-40","-6.08845996856689","587","33.459","20.621","0","4.46712841571889","0.384361295702211","25.63098678",
"8/20/1999","-40","-6.08845996856689","587","33.071","18.999","0","4.49242841575236","0.369476385833252","26.03143278",
"8/21/1999","-40","-6.08845996856689","587","32.51","18.966","0.1029968064","5.28546947827472","0.408831703768703","25.60859946",
"8/22/1999","-40","-6.08845996856689","587","31.867","18.56","0","5.83407028689443","0.51641060142836","22.47738552",
"8/23/1999","-40","-6.08845996856689","587","31.745","17.173","0","5.77943536789064","0.483967913847611","25.74642006",
"8/24/1999","-40","-6.08845996856689","587","32.781","17.917","0.0034332264","5.63450482661776","0.474950750946868","26.00206146",
"8/25/1999","-40","-6.08845996856689","587","30.249","19.584","0.1235961648","5.60837872087653","0.566254964537558","18.36529038",
"8/26/1999","-40","-6.08845996856689","587","29.014","20.569","0.6385801392","5.26266326557267","0.570195906755858","17.77382298",
"8/27/1999","-40","-6.08845996856689","587","32.695","18.529","0","5.61261384748851","0.489580098291897","26.12424924",
"8/28/1999","-40","-6.08845996856689","587","33.989","18.61","0","4.72691528133943","0.452778689380903","26.13065886",
"8/29/1999","-40","-6.08845996856689","587","34.451","19.578","0","4.72997938120384","0.414324593943226","25.07524002",
"8/30/1999","-40","-6.08845996856689","587","32.092","21.926","0.0926971344","5.67025437438748","0.513755781522445","16.7768973",
"8/31/1999","-40","-6.08845996856689","587","33.418","19.708","0.137329092","5.84389712796165","0.479774561833618","21.52204236",
"9/1/1999","-40","-6.08845996856689","587","33.712","19.04","0","5.20403888690711","0.39582462270805","27.02886129",
"9/2/1999","-40","-6.08845996856689","587","33.546","19.339","0.6179816664","5.73479400581437","0.404589883000117","26.76160656",
"9/3/1999","-40","-6.08845996856689","587","33.442","20.561","3.570557688","5.00040707193984","0.493885122159802","26.4380058",
"9/4/1999","-40","-6.08845996856689","587","34.485","21.917","0.0034332264","4.64546199192844","0.360957219936378","24.26044968",
"9/5/1999","-40","-6.08845996856689","587","33.712","20.426","0","4.9720719660238","0.346780100973083","26.60866812",
"9/6/1999","-40","-6.08845996856689","587","33.46","19.455","0","4.17286673356387","0.367156364793565","27.1968174",
"9/7/1999","-40","-6.08845996856689","587","34.089","20.411","0","4.86957020071271","0.454389413395948","23.50136358",
"9/8/1999","-40","-6.08845996856689","587","34.879","20.717","0","4.84733008236453","0.411075075085781","26.91663984",
"9/9/1999","-40","-6.08845996856689","587","35.044","21.996","0","4.76820298003616","0.414754784958128","21.75840036",
"9/10/1999","-40","-6.08845996856689","587","35.214","21.574","1.184464368","4.19417763415896","0.430729154458557","25.22210364",
"9/11/1999","-40","-6.08845996856689","587","34.215","21.341","0","4.30971410649167","0.415924561675381","21.876243768",
"9/12/1999","-40","-6.08845996856689","587","33.418","21.847","1.18703844","4.85225974572855","0.487098660462529","20.462570928",
"9/13/1999","-40","-6.08845996856689","587","34.467","21.129","0.0240325992","5.08489039597305","0.47745589294146","22.343960592",
"9/14/1999","-40","-6.08845996856689","587","34.243","21.828","0.604248588","4.46131585448897","0.4670252412515","22.14107064",
"9/15/1999","-40","-6.08845996856689","587","35.329","21.292","0.096130512","4.73439437136207","0.417263091444075","27.51705324",
"9/16/1999","-40","-6.08845996856689","587","34.528","21.757","0.0068664528","5.31180952630884","0.465442134218059","27.29981196",
"9/17/1999","-40","-6.08845996856689","587","35.423","21.88","0.0068664528","4.83156529992027","0.445918347465831","24.666579792",
"9/18/1999","-40","-6.08845996856689","587","34.914","21.211","2.5852189464","4.27073656925114","0.505469570079959","19.3305933",
"9/19/1999","-40","-6.08845996856689","587","35.001","21.382","1.46856186","4.3796169493434","0.43513101206403","26.257837032",
"9/20/1999","-40","-6.08845996856689","587","35.569","21.246","2.21958","4.38387532399271","0.460014743229554","27.3354156",
"9/21/1999","-40","-6.08845996856689","587","36.122","23.169","0.1175880384","4.37995784188523","0.381611109367921","25.40716785",
"9/22/1999","-40","-6.08845996856689","587","35.392","22.002","0.50125104","4.47681584317085","0.452812420381022","27.240525432",
"9/23/1999","-40","-6.08845996856689","587","36.109","22.169","0.0411987312","4.91493569134937","0.467533481263181","23.98274676",
"9/24/1999","-40","-6.08845996856689","587","31.55","22.16","2.0307513096","3.02283409974757","0.561512924635826","13.03424568",
"9/25/1999","-40","-6.08845996856689","587","34.591","21.462","3.6632557584","4.79671703434091","0.503605700252548","26.256036312",
"9/26/1999","-40","-6.08845996856689","587","32.428","21.724","5.501749968","5.25770057423489","0.568372935238152","19.81962702",
"9/27/1999","-40","-6.08845996856689","587","35.086","20.546","1.4848706664","5.12835809389186","0.478380192039339","25.23206106",
"9/28/1999","-40","-6.08845996856689","587","35.047","22.669","0.59051538","5.58320524351372","0.476996567743519","27.27196236",
"9/29/1999","-40","-6.08845996856689","587","34.236","21.918","0.9733203864","5.51639223448337","0.492066028360919","26.6313456",
"9/30/1999","-40","-6.08845996856689","587","34.979","20.976","0","4.9492307204169","0.352901477987329","28.65883572",
"10/1/1999","-40","-6.08845996856689","587","35.697","19.492","0","4.32968040989129","0.38689948487486","28.6120035",
"10/2/1999","-40","-6.08845996856689","587","35.182","21.688","0.1476288","4.49721947856333","0.460262243212139","27.3025818",
"10/3/1999","-40","-6.08845996856689","587","34.745","21.598","1.56727008","4.74021624993303","0.48049537485062","25.617222072",
"10/4/1999","-40","-6.08845996856689","587","34.959","21.748","0","5.01077759181103","0.408901312819703","28.016648712",
"10/5/1999","-40","-6.08845996856689","587","34.83","20.505","0","4.37042821740696","0.333763102428423","28.652824728",
"10/6/1999","-40","-6.08845996856689","587","33.913","19.696","0","4.70129830583429","0.309801227389402","29.021871528",
"10/7/1999","-40","-6.08845996856689","587","32.964","20.474","0","5.16324961835297","0.427041931028954","20.67552774",
"10/8/1999","-40","-6.08845996856689","587","33.133","20.356","0","6.09115481464521","0.509348981654635","23.41310472",
"10/9/1999","-40","-6.08845996856689","587","34.852","20.045","0","3.92295952525118","0.432290566864837","24.24744468",
"10/10/1999","-40","-6.08845996856689","587","35.631","21.195","1.44710478","4.70725953261592","0.47743439481791","27.9730188",
"10/11/1999","-40","-6.08845996856689","587","35.486","21.939","0","5.56005112133999","0.429405207487021","28.27916118",
"10/12/1999","-40","-6.08845996856689","587","35.641","22.883","0.04806522","5.71394128241915","0.432305183159218","23.93040762",
"10/13/1999","-40","-6.08845996856689","587","35.21","21.598","7.7342043384","4.70660923657489","0.469864970242411","26.49656124",
"10/14/1999","-40","-6.08845996856689","587","34.379","21.885","2.217865104","4.74433935844554","0.495311512913162","22.52503188",
"10/15/1999","-40","-6.08845996856689","587","33.962","21.518","4.068380304","3.48757087794131","0.505335934299094","23.11470486",
"10/16/1999","-40","-6.08845996856689","587","35.207","22.04","0.76046004","4.43983468485099","0.413340292533736","26.75947248",
"10/17/1999","-40","-6.08845996856689","587","35.351","22.293","0.354480624","4.53234109983596","0.391210699393067","28.2722202",
"10/18/1999","-40","-6.08845996856689","587","36.057","22.127","0.1235962584","4.77084688250314","0.478115397064087","27.18832194",
"10/19/1999","-40","-6.08845996856689","587","36.078","21.742","0.041198724","4.9436598702663","0.446389871692413","28.3716738",
"10/20/1999","-40","-6.08845996856689","587","35.81","22.304","0.781059168","4.75191138635457","0.466430742675763","23.34407616",
"10/21/1999","-40","-6.08845996856689","587","36.047","23.394","2.020456116","5.8296715839479","0.502514026330608","23.74958286",
"10/22/1999","-40","-6.08845996856689","587","34.985","22.142","0.25749216","6.46071439377167","0.437109218265809","28.14271128",
"10/23/1999","-40","-6.08845996856689","587","36.051","20.557","0","4.52461368937549","0.400684167473459","28.58882292",
"10/24/1999","-40","-6.08845996856689","587","36.553","20.5","0.058365","3.95078563370268","0.433603483067722","27.9328455",
"10/25/1999","-40","-6.08845996856689","587","32.141","22.682","0.47035224","2.54274258995546","0.540064538045985","16.04013768",
"10/26/1999","-40","-6.08845996856689","587","30.996","23.169","2.4564768696","1.7700182711812","0.530746827553779","13.48138746",
"10/27/1999","-40","-6.08845996856689","587","32.204","22.614","4.7447216064","3.04823812713414","0.575563472971125","15.94951614",
"10/28/1999","-40","-6.08845996856689","587","32.586","21.604","0.683212248","4.43073590191321","0.521812558214686","20.7816246",
"10/29/1999","-40","-6.08845996856689","587","34.682","21.151","0","4.95959844991544","0.457091091525936","27.1696185",
"10/30/1999","-40","-6.08845996856689","587","35.006","20.847","0","4.61518232632905","0.453255137008328","24.38811666",
"10/31/1999","-40","-6.08845996856689","587","32.331","22.652","1.266002316","3.24383679331025","0.528898416191215","13.67173134",
"11/1/1999","-40","-6.08845996856689","587","32.252","23.015","0.0137329056","3.21597459123287","0.493838249543865","15.4528884",
"11/2/1999","-40","-6.08845996856689","587","34.38","22.57","0.0755310168","4.56364975654778","0.46528473803736","24.30720036",
"11/3/1999","-40","-6.08845996856689","587","34.331","22.278","3.973100112","4.20571013915382","0.524698174438958","26.31228606",
"11/4/1999","-40","-6.08845996856689","587","35.405","22.801","0.630855972","5.15209813004711","0.461719365914391","28.10761308",
"11/5/1999","-40","-6.08845996856689","587","35.433","21.784","0","5.70232630197568","0.45557662269054","28.2377277",
"11/6/1999","-40","-6.08845996856689","587","35.317","20.96","0","5.39745060303103","0.409067419790242","28.33954398",
"11/7/1999","-40","-6.08845996856689","587","35.312","21.736","0","6.11571433708383","0.423646319968627","27.84971322",
"11/8/1999","-40","-6.08845996856689","587","35.849","22.221","0","5.31864693349898","0.47806157171637","26.0297379",
"11/9/1999","-40","-6.08845996856689","587","36.353","23.217","0","5.33834225182462","0.453068918315751","27.86945472",
"11/10/1999","-40","-6.08845996856689","587","36.013","23.195","0.075531096","3.94191515447559","0.420366098034082","23.09078448",
"11/11/1999","-40","-6.08845996856689","587","31.201","22.692","3.849508836","3.0525884863018","0.563649260040068","18.29548314",
"11/12/1999","-40","-6.08845996856689","587","32.694","21.999","7.0209548928","3.68840274086475","0.590884741843838","17.63701956",
"11/13/1999","-40","-6.08845996856689","587","32.92","22.142","3.584290032","4.35197777954613","0.599824768240603","14.18287356",
"11/14/1999","-40","-6.08845996856689","587","35.65","23.067","0","5.00065482235001","0.456110227573466","27.62988408",
"11/15/1999","-40","-6.08845996856689","587","35.887","22.126","0.022315968","5.12557954406624","0.432658861905951","26.7341013",
"11/16/1999","-40","-6.08845996856689","587","34.706","23.655","0.405121212","4.43175398324907","0.46785135163206","19.833579",
"11/17/1999","-40","-6.08845996856689","587","35.764","21.894","0","4.26146075416622","0.424941885558735","28.07808642",
"11/18/1999","-40","-6.08845996856689","587","35.771","20.935","0","4.28255240631111","0.440085222391605","24.84150336",
"11/19/1999","-40","-6.08845996856689","587","35.477","22.603","0","4.54097271970995","0.419714545234378","27.95265252",
"11/20/1999","-40","-6.08845996856689","587","34.161","22.615","0.094413744","5.30340611411854","0.400665572120678","23.47143624",
"11/21/1999","-40","-6.08845996856689","587","35.132","22.61","0","4.93987245128546","0.437241957633213","25.07658552",
"11/22/1999","-40","-6.08845996856689","587","35.031","21.945","0.063514692","5.28138634346388","0.515168149062979","22.1036625",
"11/23/1999","-40","-6.08845996856689","587","34.999","21.087","0","5.08167907530121","0.428265702489932","28.1145852",
"11/24/1999","-40","-6.08845996856689","587","35.469","21.326","0.4755019824","2.8459662104072","0.487327564462951","22.382885988",
"11/25/1999","-40","-6.08845996856689","587","31.619","22.166","3.1783086792","3.03988217085176","0.559020572983914","17.21014074",
"11/26/1999","-40","-6.08845996856689","587","31.802","22.776","0.511551","3.86141610147581","0.540946900854648","11.53440054",
"11/27/1999","-40","-6.08845996856689","587","32.483","22.492","0.5184178704","4.51088041345521","0.610249703298881","8.7496848",
"11/28/1999","-40","-6.08845996856689","587","35.254","21.452","0.051498396","4.73845376450204","0.474878628604542","22.75216686",
"11/29/1999","-40","-6.08845996856689","587","35.406","21.45","0","4.97148064895208","0.437071574490822","27.71319438",
"11/30/1999","-40","-6.08845996856689","587","35.453","22.028","0","5.27948430500406","0.452717180266815","27.91153242",
"12/1/1999","-40","-6.08845996856689","587","35.565","21.981","0","5.53179531232501","0.439392247534443","28.0625634",
"12/2/1999","-40","-6.08845996856689","587","36.077","22.519","0.14076216","5.25614526016805","0.477815623314609","22.9836411",
"12/3/1999","-40","-6.08845996856689","587","34.698","22.965","0.901222092","4.75928072870699","0.47841659785805","24.18193206",
"12/4/1999","-40","-6.08845996856689","587","32.041","23.126","0.168228108","5.00722399094452","0.486520271545262","17.61024546",
"12/5/1999","-40","-6.08845996856689","587","34.629","21.722","0","5.46871476841459","0.457726206959975","28.16831142",
"12/6/1999","-40","-6.08845996856689","587","34.805","22.563","0","5.6320705298736","0.457007683354568","27.7255134",
"12/7/1999","-40","-6.08845996856689","587","34.804","21.794","0","4.91415005964695","0.418263674960828","27.6784281",
"12/8/1999","-40","-6.08845996856689","587","35.62","22.175","0.738144612","5.01719850857458","0.437195341424776","22.90341852",
"12/9/1999","-40","-6.08845996856689","587","35.411","22.404","1.04370084","5.2151957094832","0.408230554188169","27.1429821",
"12/10/1999","-40","-6.08845996856689","587","35.737","23.416","1.40419116","4.94124033338336","0.449956888833262","23.81338278",
"12/11/1999","-40","-6.08845996856689","587","36.033","23.073","0.18539406","4.52805595957937","0.446150178412972","25.26209316",
"12/12/1999","-40","-6.08845996856689","587","35.434","22.935","0.36735516","4.85615417190287","0.471873807843181","24.991649568",
"12/13/1999","-40","-6.08845996856689","587","35.092","22.694","0","5.3832390674687","0.484144098281417","25.67221632",
"12/14/1999","-40","-6.08845996856689","587","35.909","22.632","0.42915348","5.89371928565461","0.485416002028987","27.707454",
"12/15/1999","-40","-6.08845996856689","587","36.268","23.361","1.431655776","5.14845414034065","0.463158594881515","27.0018531",
"12/16/1999","-40","-6.08845996856689","587","32.762","23.416","0.70037892","4.20945319453531","0.52814744247311","10.76028786",
"12/17/1999","-40","-6.08845996856689","587","35.52","21.702","0.837707544","3.80985081755582","0.492658497473277","23.33323026",
"12/18/1999","-40","-6.08845996856689","587","33.879","23.155","0.8136747864","3.91974044957221","0.547003668864532","11.12146614",
"12/19/1999","-40","-6.08845996856689","587","34.931","21.947","0.7209774","3.44572476438716","0.498112776764048","21.7800576",
"12/20/1999","-40","-6.08845996856689","587","31.297","23.416","0.5458829472","4.12898061558911","0.56830097826773","13.58752068",
"12/21/1999","-40","-6.08845996856689","587","33.265","22.583","1.146697992","4.14763499188536","0.568902904814351","20.20010202",
"12/22/1999","-40","-6.08845996856689","587","28.937","21.388","9.75723444","3.07702866981496","0.72396835387245","15.35614164",
"12/23/1999","-40","-6.08845996856689","587","27.854","20.885","2.166366636","2.58355960549772","0.755796956284463","12.77145576",
"12/24/1999","-40","-6.08845996856689","587","31.353","20.158","0.50468436","4.00169266514969","0.611206831215364","26.69659092",
"12/25/1999","-40","-6.08845996856689","587","33.219","21.59","1.443672","4.33504879441714","0.581606180867743","26.6719482",
"12/26/1999","-40","-6.08845996856689","587","33.701","22.35","1.761246972","3.75716932162039","0.53934002000911","27.74874168",
"12/27/1999","-40","-6.08845996856689","587","32.234","22.021","0.1098633024","2.74885697252868","0.612740996885444","19.25876646",
"12/28/1999","-40","-6.08845996856689","587","26.052","21.721","10.7305578","3.02268779433316","0.805127750367218","14.6178549",
"12/29/1999","-40","-6.08845996856689","587","31.915","20.909","0.9578704824","3.77428404912822","0.654519385379115","16.65393912",
"12/30/1999","-40","-6.08845996856689","587","29.489","20.864","1.0213857144","2.33541665082805","0.663777307178281","17.88254964",
"12/31/1999","-40","-6.08845996856689","587","28.366","21.171","37.63845972","3.86328945669528","0.763861755308081","14.912661852",
"1/1/2000","-40","-6.08845996856689","587","32.263","20.498","0","3.77469629607583","0.606803335906667","26.1997866",
"1/2/2000","-40","-6.08845996856689","587","33.885","21.1","0","4.44071862546219","0.531974032629819","28.0609839",
"1/3/2000","-40","-6.08845996856689","587","35.02","20.377","0","3.69925951736633","0.576612986637149","24.95373642",
"1/4/2000","-40","-6.08845996856689","587","26.958","21.775","1.1089324872","3.68520487160837","0.68776941517714","10.77924888",
"1/5/2000","-40","-6.08845996856689","587","31.392","21.049","2.684783556","2.97801562984822","0.676263322796316","19.78509438",
"1/6/2000","-40","-6.08845996856689","587","28.692","20.608","6.50081664","2.74800218200972","0.801908370867981","17.53869708",
"1/7/2000","-40","-6.08845996856689","587","27.063","21.367","11.90986416","3.17420453684609","0.856398289436726","13.31066196",
"1/8/2000","-40","-6.08845996856689","587","31.175","20.6","6.7016586024","4.34825112843158","0.78347245733774","19.6554888",
"1/9/2000","-40","-6.08845996856689","587","29.791","20.48","11.46697074","3.52731297153635","0.802207290831807","21.54133494",
"1/10/2000","-40","-6.08845996856689","587","29.848","20.898","42.3797923368","2.28993118098668","0.807830201477522","20.2478589",
"1/11/2000","-40","-6.08845996856689","587","29.587","20.873","3.59287758","3.26880698565417","0.754315471357076","16.16782428",
"1/12/2000","-40","-6.08845996856689","587","30.856","19.226","0","3.80067786081784","0.680885274017096","21.23268642",
"1/13/2000","-40","-6.08845996856689","587","32.535","20.859","3.00407796","3.7671718984449","0.649101404415608","27.12104937",
"1/14/2000","-40","-6.08845996856689","587","33.487","21.559","0.219726576","3.71232962314782","0.584281387097565","26.2552482",
"1/15/2000","-40","-6.08845996856689","587","27.646","21.551","2.907943488","2.82640975127836","0.742760532316216","10.43370297",
"1/16/2000","-40","-6.08845996856689","587","29.978","20.623","2.427292008","3.4965209525075","0.799508323431805","22.98351951",
"1/17/2000","-40","-6.08845996856689","587","28.832","19.659","2.904511608","3.97657928775412","0.806436940851047","25.20145998",
"1/18/2000","-40","-6.08845996856689","587","33.146","20.591","0","4.08498418195968","0.643888829702875","23.60081439",
"1/19/2000","-40","-6.08845996856689","587","33.759","21.128","1.980973044","3.27217581839882","0.621190564595357","23.0515893",
"1/20/2000","-40","-6.08845996856689","587","34.47","19.054","0.056648232","2.75383202903852","0.581078198594407","21.84244074",
"1/21/2000","-40","-6.08845996856689","587","33.305","18.895","0.0205993728","2.49974892215378","0.62578320123122","20.39236632",
"1/22/2000","-40","-6.08845996856689","587","34.03","19.961","0.21972636","3.48347618499335","0.637844004543822","21.55994982",
"1/23/2000","-40","-6.08845996856689","587","32.158","19.796","0","3.15986826312024","0.626028880342978","20.80613772",
"1/24/2000","-40","-6.08845996856689","587","33.508","21.698","0","4.10621104745007","0.516729300763115","24.6959991",
"1/25/2000","-40","-6.08845996856689","587","33.629","20.692","0","4.43408281494022","0.502396757433388","29.03613012",
"1/26/2000","-40","-6.08845996856689","587","34.685","19.17","0","3.54106057400784","0.501294930248481","29.12653368",
"1/27/2000","-40","-6.08845996856689","587","34.93","20.709","0.81882378","3.215869359998","0.56442200891297","21.76009083",
"1/28/2000","-40","-6.08845996856689","587","34.941","20.642","2.09083572","3.86758915863093","0.559558062345018","28.68384636",
"1/29/2000","-40","-6.08845996856689","587","35.115","20.612","0","4.81675447124568","0.495955354187407","29.35990818",
"1/30/2000","-40","-6.08845996856689","587","34.271","20.61","0","4.84027150390316","0.500565894390269","27.01546677",
"1/31/2000","-40","-6.08845996856689","587","34.982","21.125","0","4.61460016975605","0.458167211250606","23.19423696",
"2/1/2000","-40","-6.08845996856689","587","35.737","20.594","0.082397484","3.83912219765797","0.491671148787813","28.83229641",
"2/2/2000","-40","-6.08845996856689","587","35.242","20.616","1.3011939","3.88197620962839","0.556567869096995","23.54787846",
"2/3/2000","-40","-6.08845996856689","587","34.632","23.077","0.1304626824","3.96367873053594","0.54922804224026","19.34493669",
"2/4/2000","-40","-6.08845996856689","587","32.372","21.857","0.219726432","3.83706015930246","0.610329713158304","12.49267608",
"2/5/2000","-40","-6.08845996856689","587","33.989","18.942","0.13389588","4.11867888560076","0.581892591660491","22.75042464",
"2/6/2000","-40","-6.08845996856689","587","35.179","19.618","0.291824064","3.24278501177085","0.567069942705154","22.6919205",
"2/7/2000","-40","-6.08845996856689","587","34.074","21.391","1.7818452648","1.69180042070974","0.64824256237578","10.19514708",
"2/8/2000","-40","-6.08845996856689","587","30.731","20.706","10.299683844","2.76437126621742","0.754113591259498","22.452641982",
"2/9/2000","-40","-6.08845996856689","587","30.522","19.769","0.2815245","3.38250117810963","0.654730826600313","20.15977023",
"2/10/2000","-40","-6.08845996856689","587","33.82","19.679","0.113296644","4.53627386490615","0.618629411664203","26.46917253",
"2/11/2000","-40","-6.08845996856689","587","31.526","21.038","8.22429972","3.67492381920075","0.687916078564863","20.34618831",
"2/12/2000","-40","-6.08845996856689","587","33.654","19.89","0.449752644","4.54447281496878","0.58117860186587","29.06449056",
"2/13/2000","-40","-6.08845996856689","587","34.864","18.602","0","3.33768174135616","0.504531643525533","29.26822176",
"2/14/2000","-40","-6.08845996856689","587","30.608","18.427","2.0496337632","1.89459077378658","0.650177133683448","17.94335985",
"2/15/2000","-40","-6.08845996856689","587","30.607","19.366","12.05749476","1.42756366284209","0.852960416422143","14.56520184",
"2/16/2000","-40","-6.08845996856689","587","29.591","19.898","2.732847156","1.87704554190198","0.841929131259899","14.02312653",
"2/17/2000","-40","-6.08845996856689","587","32.313","19.738","8.054347752","2.09023101856683","0.817733574959406","11.65128624",
"2/18/2000","-40","-6.08845996856689","587","31.276","18.932","7.0243856064","2.40706028159987","0.789040629872743","16.99520517",
"2/19/2000","-40","-6.08845996856689","587","31.895","20.287","16.26834852","3.37422670728987","0.764047635021513","27.685852992",
"2/20/2000","-40","-6.08845996856689","587","27.806","20.506","9.06199776","2.89296613326967","0.864197468690537","22.430523672",
"2/21/2000","-40","-6.08845996856689","587","24.219","19.735","4.820253084","1.6641320235963","0.928893874046304","6.183953226",
"2/22/2000","-40","-6.08845996856689","587","27.786","19.258","3.409197192","1.77062361109357","0.861317538306404","11.86874919",
"2/23/2000","-40","-6.08845996856689","587","27.77","20.113","2.005004952","2.45176515494317","0.860284411552664","13.011691122",
"2/24/2000","-40","-6.08845996856689","587","29.888","19.978","3.004075008","3.18132685469561","0.837334964706642","19.954688742",
"2/25/2000","-40","-6.08845996856689","587","31.634","19.633","0.157928328","3.08994534181731","0.698715354945139","26.34643143",
"2/26/2000","-40","-6.08845996856689","587","32.621","20.026","0.19912716","3.61921696306435","0.651625352665762","28.542546",
"2/27/2000","-40","-6.08845996856689","587","32.664","20.34","0.308990772","4.30342583947433","0.698735745503621","24.58641888",
"2/28/2000","-40","-6.08845996856689","587","31.985","20.763","1.92260664","3.77288774461215","0.650492107799803","27.31045113",
"2/29/2000","-40","-6.08845996856689","587","31.779","20.238","0.07553106","3.28314671004746","0.631886463644323","21.53008224",
"3/1/2000","-40","-6.08845996856689","587","31.514","20.13","0","3.57806113628138","0.667019674392987","25.21029564",
"3/2/2000","-40","-6.08845996856689","587","32.562","21.015","0.4617690264","3.98786127174109","0.691915138388881","23.284461132",
"3/3/2000","-40","-6.08845996856689","587","33.722","21.233","0","4.04309475187367","0.60374079793269","27.90466866",
"3/4/2000","-40","-6.08845996856689","587","33.028","20.032","0","3.931544459781","0.609063988310842","28.14074532",
"3/5/2000","-40","-6.08845996856689","587","33.754","20.545","0","3.78190343773984","0.574794805255416","28.33419474",
"3/6/2000","-40","-6.08845996856689","587","33.731","21.98","0.233459208","3.4895482535704","0.573621883890789","19.15711326",
"3/7/2000","-40","-6.08845996856689","587","30.569","21.296","0.954437292","3.79072223012048","0.632209241327291","20.232172908",
"3/8/2000","-40","-6.08845996856689","587","33.144","20.128","0","4.48175719764526","0.657362411958189","25.69686399",
"3/9/2000","-40","-6.08845996856689","587","32.41","21.231","2.1972654","4.2664752132978","0.726531773741878","25.21383516",
"3/10/2000","-40","-6.08845996856689","587","33.915","20.63","1.15699752","4.26753197027355","0.6848775465363","24.37531974",
"3/11/2000","-40","-6.08845996856689","587","33.47","20.142","1.366424532","4.33445551195119","0.628092755411846","28.15868862",
"3/12/2000","-40","-6.08845996856689","587","33.302","20.075","0","3.36870527338754","0.589438637776133","24.86424222",
"3/13/2000","-40","-6.08845996856689","587","33.01","19.09","0.0926971704","3.09956036247826","0.639304714052859","15.5070531",
"3/14/2000","-40","-6.08845996856689","587","32.836","20.897","0.336456288","4.50364768411998","0.64518878119968","19.7389125",
"3/15/2000","-40","-6.08845996856689","587","32.476","20.437","1.088333352","4.03443357815539","0.678451531197188","19.50536214",
"3/16/2000","-40","-6.08845996856689","587","33.771","19.804","0.04806522","3.73106719953992","0.605892357780128","24.33627558",
"3/17/2000","-40","-6.08845996856689","587","32.672","19.642","2.17666728","2.93036062751306","0.636184383875649","23.6145303",
"3/18/2000","-40","-6.08845996856689","587","32.02","19.723","2.8564451424","3.04236105582612","0.676794513779407","12.879008172",
"3/19/2000","-40","-6.08845996856689","587","32.281","19.372","2.672766324","3.201281810569","0.75920216493745","26.49386178",
"3/20/2000","-40","-6.08845996856689","587","32.413","20.626","3.93963066","3.01009508012372","0.720513967934905","17.32944384",
"3/21/2000","-40","-6.08845996856689","587","33.128","20.524","2.483941284","2.98700635956943","0.655961330191518","22.4623701",
"3/22/2000","-40","-6.08845996856689","587","31.187","20.019","25.340640732","2.68073555395125","0.730333307333202","16.1334531",
"3/23/2000","-40","-6.08845996856689","587","31.578","20.369","1.88140986","3.62903082455243","0.666388160820796","22.17931902",
"3/24/2000","-40","-6.08845996856689","587","32.857","20.605","2.739713904","3.85080146438354","0.698445567932156","21.67773858",
"3/25/2000","-40","-6.08845996856689","587","32.252","21.222","10.6258392","3.84046306289324","0.716079439977959","20.02123548",
"3/26/2000","-40","-6.08845996856689","587","29.607","21.046","5.048564436","2.86823225097243","0.82535181745357","10.80529038",
"3/27/2000","-40","-6.08845996856689","587","29.179","20.76","5.355834624","2.38732301136167","0.802170937214729","15.5635272",
"3/28/2000","-40","-6.08845996856689","587","32.961","18.973","0","1.99498758285705","0.660878279362985","19.92436794",
"3/29/2000","-40","-6.08845996856689","587","31.179","20.828","3.82461822","1.92602389818314","0.721229013161139","19.18068804",
"3/30/2000","-40","-6.08845996856689","587","29.367","20.108","1.14154848","2.72615856611443","0.811081815567168","18.08129052",
"3/31/2000","-40","-6.08845996856689","587","30.571","20.115","1.6891480152","3.53291768907499","0.815402129411029","17.80306686",
"4/1/2000","-40","-6.08845996856689","587","31.974","20.972","0.1424789424","3.81133648014226","0.682850524722096","22.86646938",
"4/2/2000","-40","-6.08845996856689","587","32.703","19.377","0.0617980824","3.74196902647417","0.644871926321421","25.3862991",
"4/3/2000","-40","-6.08845996856689","587","33.005","20.909","0.27465858","4.19665074896322","0.595307987329371","26.99016192",
"4/4/2000","-40","-6.08845996856689","587","33.428","20.016","1.124381988","3.90713192884367","0.615023916680229","26.65592064",
"4/5/2000","-40","-6.08845996856689","587","33.478","21.154","1.82990988","3.73902291317667","0.598086401453518","27.19788588",
"4/6/2000","-40","-6.08845996856689","587","33.659","19.45","0.358772688","3.24611137889342","0.583181283231724","26.88282972",
"4/7/2000","-40","-6.08845996856689","587","32.77","20.802","1.49517072","3.41741476087086","0.648008496548018","21.8622393",
"4/8/2000","-40","-6.08845996856689","587","33.82","19.613","0.17166132","3.57494642599841","0.614057156926464","26.11833768",
"4/9/2000","-40","-6.08845996856689","587","30.212","21.122","12.380223924","3.2783779072998","0.780253654962604","22.61159892",
"4/10/2000","-40","-6.08845996856689","587","30.093","21.046","14.65988022","3.04876609922337","0.794575583434524","16.91448534",
"4/11/2000","-40","-6.08845996856689","587","32.464","19.555","0.3278731824","3.06596688098438","0.681075419685776","22.90415256",
"4/12/2000","-40","-6.08845996856689","587","32.038","20.559","0.6282807912","3.65352264898994","0.74077261702985","19.9925442",
"4/13/2000","-40","-6.08845996856689","587","30.26","21.474","15.76709712","3.74594222700752","0.853291730122347","21.85042446",
"4/14/2000","-40","-6.08845996856689","587","32.076","20.538","4.84943328","3.10375807521208","0.710747389149307","23.89674258",
"4/15/2000","-40","-6.08845996856689","587","29.503","18.221","2.9474291592","1.48524729349425","0.796102195618617","19.03365072",
"4/16/2000","-40","-6.08845996856689","587","28.485","19.78","8.970166476","1.75790529716973","0.898183859480877","14.72939964",
"4/17/2000","-40","-6.08845996856689","587","27.232","19.58","1.029967992","1.38400006807145","0.878641123514101","10.30410036",
"4/18/2000","-40","-6.08845996856689","587","27.607","18.321","5.699159352","1.53617348421921","0.904657117193483","21.41674128",
"4/19/2000","-40","-6.08845996856689","587","29.768","20.934","1.97410554","3.75553581387446","0.832085256577358","23.6369268",
"4/20/2000","-40","-6.08845996856689","587","31.061","20.472","0.4119874488","3.57266663776957","0.783736595511401","24.86131668",
"4/21/2000","-40","-6.08845996856689","587","31.503","20.303","0.0034332264","3.59498634627607","0.7219012148782","25.17457374",
"4/22/2000","-40","-6.08845996856689","587","32.03","20.69","0.20771028","3.21267493164837","0.664729174024113","25.1958357",
"4/23/2000","-40","-6.08845996856689","587","32.185","19.613","0.17166168","3.92103559460414","0.740370817799828","25.0351299",
"4/24/2000","-40","-6.08845996856689","587","31.317","20.646","1.6324998408","3.5653972586735","0.793159392576475","22.33654092",
"4/25/2000","-40","-6.08845996856689","587","31.353","21.132","11.91329892","3.52494771888212","0.703734855387252","24.2692272",
"4/26/2000","-40","-6.08845996856689","587","30.306","19.843","6.614115372","3.14487635723309","0.825024182125722","13.0370076",
"4/27/2000","-40","-6.08845996856689","587","31.234","19.392","0.1553537304","2.95448139116705","0.689478558532518","24.1473384",
"4/28/2000","-40","-6.08845996856689","587","32.45","18.599","0.0274658256","2.66301043267529","0.63844765439022","24.348654",
"4/29/2000","-40","-6.08845996856689","587","31.743","20.895","1.1810304144","3.69595611036809","0.68367718515544","24.25375998",
"4/30/2000","-40","-6.08845996856689","587","32.001","20.032","0.06008148","4.27931765912815","0.647263905651306","21.9969045",
"5/1/2000","-40","-6.08845996856689","587","32.079","20.408","0.60768144","3.3192148254307","0.650760908810825","24.41992392",
"5/2/2000","-40","-6.08845996856689","587","32.348","21.02","0.1716612624","3.46755243336945","0.611993769899916","23.95591866",
"5/3/2000","-40","-6.08845996856689","587","31.39","21.167","0","3.51138640139692","0.633974253936604","20.21720472",
"5/4/2000","-40","-6.08845996856689","587","32.527","20.349","1.0814665824","4.17218898010662","0.623711748884156","21.522546",
"5/5/2000","-40","-6.08845996856689","587","32.13","20.202","0.4703525928","3.80152732759992","0.635754731770484","24.10768692",
"5/6/2000","-40","-6.08845996856689","587","30.77","20.841","1.1295313992","3.50105829001861","0.751889465413157","15.64374366",
"5/7/2000","-40","-6.08845996856689","587","32.064","21.269","5.27686794","3.66342002003159","0.714198290398721","22.37451192",
"5/8/2000","-40","-6.08845996856689","587","32.135","20.338","1.24626168","3.77789773832158","0.682469554017016","23.84477118",
"5/9/2000","-40","-6.08845996856689","587","32.642","19.625","0.123596244","2.96499388545856","0.592254557032073","24.3047331",
"5/10/2000","-40","-6.08845996856689","587","33.084","19.67","0","2.48765467339547","0.5575022800733","19.89556758",
"5/11/2000","-40","-6.08845996856689","587","33.251","19.274","0.0274658184","2.44152130154452","0.60464993533331","13.59162972",
"5/12/2000","-40","-6.08845996856689","587","32.173","20.02","0","4.55559983062575","0.556972964071028","23.52566322",
"5/13/2000","-40","-6.08845996856689","587","29.873","19.2","0.0205993584","4.47075649634812","0.657398422954501","18.17049618",
"5/14/2000","-40","-6.08845996856689","587","30.692","18.846","0.181960812","4.39026679887071","0.653116609923057","21.22115292",
"5/15/2000","-40","-6.08845996856689","587","31.066","18.627","0.048065184","4.00920325420043","0.610292702798459","20.5133067",
"5/16/2000","-40","-6.08845996856689","587","31.64","20.781","0.1853943624","4.13019906365059","0.637366927047096","22.80909402",
"5/17/2000","-40","-6.08845996856689","587","33.339","19.949","0.02746584","3.99591100544684","0.673644055899458","19.60205544",
"5/18/2000","-40","-6.08845996856689","587","32.175","21.27","0.5081178168","4.03884359110803","0.718018896124011","20.5996527",
"5/19/2000","-40","-6.08845996856689","587","31.631","19.921","0.137328912","4.04201666384138","0.643356934039042","22.7503629",
"5/20/2000","-40","-6.08845996856689","587","32.796","19.644","0.178527852","2.84317283348319","0.583839805865526","23.37553062",
"5/21/2000","-40","-6.08845996856689","587","32.292","18.011","0","3.07643849510055","0.598558813025303","22.7758536",
"5/22/2000","-40","-6.08845996856689","587","31.719","20.329","0.769043016","4.00681294302413","0.587075216121046","21.5140545",
"5/23/2000","-40","-6.08845996856689","587","30.441","21.148","0.0892639584","4.59246047472","0.586178618169767","21.55168242",
"5/24/2000","-40","-6.08845996856689","587","29.195","18.598","0.068664564","4.74245543205251","0.658911210682296","23.33717262",
"5/25/2000","-40","-6.08845996856689","587","31.448","19.442","0.0961303464","3.88360691046319","0.555792998864328","22.7989665",
"5/26/2000","-40","-6.08845996856689","587","32.067","19.411","0","3.04305525303215","0.545978875800852","22.58617266",
"5/27/2000","-40","-6.08845996856689","587","32.208","17.215","0","2.9355324029455","0.580118028870803","21.36110886",
"5/28/2000","-40","-6.08845996856689","587","32.494","17.382","0","3.06715922788491","0.572012708615428","22.81022118",
"5/29/2000","-40","-6.08845996856689","587","32.754","18.225","0","2.93564132351304","0.587222494556085","19.80005418",
"5/30/2000","-40","-6.08845996856689","587","31.961","21.088","0.0034332264","3.75862495055179","0.663342306629828","21.63876138",
"5/31/2000","-40","-6.08845996856689","587","32.43","19.377","0","3.64766137290427","0.578086085804949","19.60065414",
"6/1/2000","-40","-6.08845996856689","587","29.014","20.199","2.784348072","2.66808266135953","0.823825534938072","13.3667928",
"6/2/2000","-40","-6.08845996856689","587","32.045","19.299","2.815246728","3.24347633270399","0.619758912051218","22.957254",
"6/3/2000","-40","-6.08845996856689","587","31.75","20.003","0.010299672","3.871705003737","0.486775541654081","23.1724656",
"6/4/2000","-40","-6.08845996856689","587","31.595","16.953","0.28839132","4.0569364008182","0.494032068292406","23.4254295",
"6/5/2000","-40","-6.08845996856689","587","32.17","17.882","0.15449508","3.82647629054204","0.507436227596502","23.2910415",
"6/6/2000","-40","-6.08845996856689","587","30.917","18.652","0.4016874744","4.31735503322211","0.621298887709116","16.77425832",
"6/7/2000","-40","-6.08845996856689","587","29.355","18.675","0.42743682","4.92939975255695","0.6367582290519","16.32521484",
"6/8/2000","-40","-6.08845996856689","587","31.476","18.349","0.181961172","4.36176364524462","0.614182510815461","19.45349982",
"6/9/2000","-40","-6.08845996856689","587","28.84","19.761","2.2899626784","3.73993352681685","0.744984612675044","9.2084643",
"6/10/2000","-40","-6.08845996856689","587","31.193","17.821","0.00686646","4.27903788628957","0.634888383404328","19.57286412",
"6/11/2000","-40","-6.08845996856689","587","32.209","20.076","4.5936555984","3.50520667686861","0.65279672323252","20.79224982",
"6/12/2000","-40","-6.08845996856689","587","31.698","20.649","3.752520804","3.69494853579791","0.640651122818026","21.73268988",
"6/13/2000","-40","-6.08845996856689","587","31.946","20.55","1.7372141784","4.16814539874879","0.60651463546414","19.82767338",
"6/14/2000","-40","-6.08845996856689","587","31.499","18.758","0.092697156","5.2508536122833","0.631159872184798","19.06374312",
"6/15/2000","-40","-6.08845996856689","587","27.299","19.236","0.5287173768","4.097807211272","0.70489060738145","15.37706376",
"6/16/2000","-40","-6.08845996856689","587","27.772","19.266","8.69293656","2.68252761511754","0.834923570667883","9.03588444",
"6/17/2000","-40","-6.08845996856689","587","30.561","18.676","9.6473698776","2.92604814143071","0.819050139711585","13.4408268",
"6/18/2000","-40","-6.08845996856689","587","31.027","20.486","2.691648","3.5145213444587","0.666503697205642","21.99481848",
"6/19/2000","-40","-6.08845996856689","587","32.785","19.267","0","3.65627707646979","0.595449802289682","18.22601232",
"6/20/2000","-40","-6.08845996856689","587","32.257","19.528","0","4.09141588134643","0.613407774692384","22.3515648",
"6/21/2000","-40","-6.08845996856689","587","32.883","18.965","0","3.78417180086373","0.56181685744401","22.43356344",
"6/22/2000","-40","-6.08845996856689","587","33.071","18.657","0","3.16906288701995","0.623985163248664","17.88659712",
"6/23/2000","-40","-6.08845996856689","587","31.468","20.38","2.447891604","4.53482288752303","0.631824881368093","22.27606272",
"6/24/2000","-40","-6.08845996856689","587","31.034","17.635","2.92167756","4.68593281611976","0.607951483308776","18.55529604",
"6/25/2000","-40","-6.08845996856689","587","29.599","17.44","0.6660460368","4.71231378528783","0.62908232603576","17.86601484",
"6/26/2000","-40","-6.08845996856689","587","26.122","20.072","12.5484640488","4.09969404461213","0.780795378132467","10.67737806",
"6/27/2000","-40","-6.08845996856689","587","29.089","18.82","17.0081977392","4.72043241053582","0.743152282035601","16.2722826",
"6/28/2000","-40","-6.08845996856689","587","29.529","19.894","0.9647367192","3.68695264955449","0.70685046217022","9.55541196",
"6/29/2000","-40","-6.08845996856689","587","28.622","18.409","1.385307144","4.45264929753247","0.709068309072145","15.6251268",
"6/30/2000","-40","-6.08845996856689","587","31.146","19.071","0.0549316656","4.13530345918532","0.596767722753519","17.49475836",
"7/1/2000","-40","-6.08845996856689","587","30.199","18.053","0.4840849584","4.64067902146603","0.67938480043168","17.6085036",
"7/2/2000","-40","-6.08845996856689","587","29.198","19.313","0.973320048","3.90325258427862","0.632604154984556","18.5217732",
"7/3/2000","-40","-6.08845996856689","587","31.683","19.759","0","4.92069795217492","0.572271715066975","21.93458202",
"7/4/2000","-40","-6.08845996856689","587","29.248","19.3","0","5.9033825849233","0.627521484722247","19.74645",
"7/5/2000","-40","-6.08845996856689","587","30","17.527","0","5.36970250271509","0.604476027348875","17.97232896",
"7/6/2000","-40","-6.08845996856689","587","30.507","17.049","0.0137329128","4.35781160276274","0.536553326695527","21.60556776",
"7/7/2000","-40","-6.08845996856689","587","31.739","18.537","0.0102996864","4.36481686814691","0.541868137246101","22.705371",
"7/8/2000","-40","-6.08845996856689","587","31.558","19.574","0.2162935512","4.78419388604339","0.604487673557358","12.54802428",
"7/9/2000","-40","-6.08845996856689","587","29.411","18.303","0.030899052","4.50630978743436","0.586458313548848","20.35985364",
"7/10/2000","-40","-6.08845996856689","587","24.6","19.723","2.6332846704","3.76400722132086","0.747931457027431","3.64286448",
"7/11/2000","-40","-6.08845996856689","587","23.862","19.887","12.0077109576","3.17884114518399","0.871135673085229","6.51588444",
"7/12/2000","-40","-6.08845996856689","587","31.12","19.648","1.7835607584","4.53720781182756","0.679222481831044","17.3456982",
"7/13/2000","-40","-6.08845996856689","587","30.719","19.532","0.68149548","3.91758889721086","0.661410239589434","17.82455382",
"7/14/2000","-40","-6.08845996856689","587","31.244","17.554","0","4.49286679465206","0.590450383701343","22.36140252",
"7/15/2000","-40","-6.08845996856689","587","31.75","19.407","0.0326156544","4.26243162796585","0.574890627394608","19.42284816",
"7/16/2000","-40","-6.08845996856689","587","32.11","19.717","0.155353464","2.58832024557255","0.589551863463615","20.72058552",
"7/17/2000","-40","-6.08845996856689","587","30.906","19.962","2.20413204","2.60104217480234","0.651126382110643","19.13242788",
"7/18/2000","-40","-6.08845996856689","587","30.625","18.969","4.1765218128","2.74746686419985","0.733228675427429","18.51001596",
"7/19/2000","-40","-6.08845996856689","587","32.082","18.969","0.55961604","4.00244641458839","0.592372734898482","23.496462",
"7/20/2000","-40","-6.08845996856689","587","27.212","20.073","1.314067536","4.32915632150194","0.726787929219125","17.81713188",
"7/21/2000","-40","-6.08845996856689","587","29.2","19.285","2.0513546568","4.21941021607997","0.758436757865464","17.26638696",
"7/22/2000","-40","-6.08845996856689","587","31.459","18.074","1.3810143384","5.01390235217604","0.619399743829168","18.90196488",
"7/23/2000","-40","-6.08845996856689","587","32.35","18.176","0.2540592","4.2140637482756","0.496448956292981","24.046083",
"7/24/2000","-40","-6.08845996856689","587","33.266","18.974","0.030899052","3.53434719228191","0.431465492559136","24.16713552",
"7/25/2000","-40","-6.08845996856689","587","32.68","18.537","0","3.92130778531353","0.546825650815647","21.61732536",
"7/26/2000","-40","-6.08845996856689","587","31.867","20.089","1.75695534","4.50986610179839","0.619459252733723","18.5600241",
"7/27/2000","-40","-6.08845996856689","587","29.845","19.5","0.0274658184","4.51536141741316","0.62957930323043","19.76715216",
"7/28/2000","-40","-6.08845996856689","587","31.462","20.033","0.0205993656","5.79272084663509","0.539689444523333","21.28747482",
"7/29/2000","-40","-6.08845996856689","587","31.422","17.796","0","4.9673984026887","0.476755213608662","24.29465616",
"7/30/2000","-40","-6.08845996856689","587","31.265","18.423","0","4.57775172509917","0.5024717244606","23.1892236",
"7/31/2000","-40","-6.08845996856689","587","28.559","20.873","0.2111436864","4.2914611872987","0.59013832818198","11.12951052",
"8/1/2000","-40","-6.08845996856689","587","28.571","20.649","0.775909764","5.59186312659325","0.673870068609432","14.96570652",
"8/2/2000","-40","-6.08845996856689","587","28.868","19.687","3.5465186664","5.11380018600234","0.66978247032444","16.55453988",
"8/3/2000","-40","-6.08845996856689","587","31.174","19.443","0.0308990304","4.23328326549301","0.583171527878116","20.45845908",
"8/4/2000","-40","-6.08845996856689","587","32.182","20.169","0.4566190464","3.4511110187095","0.574645836256539","24.21669816",
"8/5/2000","-40","-6.08845996856689","587","31.063","19.665","0.4497529824","4.1427789885434","0.61845609235164","19.31259744",
"8/6/2000","-40","-6.08845996856689","587","26.747","19.276","5.7412140984","4.17578428534224","0.757719234329998","7.49548188",
"8/7/2000","-40","-6.08845996856689","587","30.022","18.36","0.1716613992","4.05110385399104","0.669062572356542","21.94919712",
"8/8/2000","-40","-6.08845996856689","587","29.922","18.788","8.988190092","4.1645437789258","0.73333105113234","19.25741376",
"8/9/2000","-40","-6.08845996856689","587","25.002","19.841","16.696643004","3.46181311181769","0.887283325559735","8.345921652",
"8/10/2000","-40","-6.08845996856689","587","31.635","18.478","2.1423384","4.40726385079137","0.592800821745155","25.36689672",
"8/11/2000","-40","-6.08845996856689","587","31.442","18.664","0","3.73891959518595","0.532309558959669","24.84601488",
"8/12/2000","-40","-6.08845996856689","587","32.239","19.087","0","3.67890435789138","0.474945600968161","22.57413804",
"8/13/2000","-40","-6.08845996856689","587","33.292","18.354","0","3.98102259862125","0.454266273717048","25.28758656",
"8/14/2000","-40","-6.08845996856689","587","30.377","18.834","0","6.77479502610313","0.562476785774185","24.88950144",
"8/15/2000","-40","-6.08845996856689","587","31.246","17.5","0","5.63127212544004","0.528422080152018","25.24673592",
"8/16/2000","-40","-6.08845996856689","587","32.403","17.265","0","4.79621763755666","0.47896420629169","25.5506058",
"8/17/2000","-40","-6.08845996856689","587","32.69","17.628","0","4.26026174474794","0.438823533047117","25.01718498",
"8/18/2000","-40","-6.08845996856689","587","33.691","19.499","0","4.86422690387709","0.47766857745478","25.61017626",
"8/19/2000","-40","-6.08845996856689","587","33.523","19.086","0","4.318705738146","0.538559798004961","20.6175924",
"8/20/2000","-40","-6.08845996856689","587","32.202","20.754","1.151847828","4.70565209782866","0.561264302042176","16.8801102",
"8/21/2000","-40","-6.08845996856689","587","34.15","20.24","0.05493168","5.16471662016816","0.416089365121734","25.68869928",
"8/22/2000","-40","-6.08845996856689","587","34.2","19.731","0","4.72721286369308","0.422151066106644","25.83973494",
"8/23/2000","-40","-6.08845996856689","587","33.486","20.765","0","4.50901575579281","0.41645077854532","26.1599634",
"8/24/2000","-40","-6.08845996856689","587","31.672","20.353","0","5.02619110834101","0.516577694468775","22.90527882",
"8/25/2000","-40","-6.08845996856689","587","32.954","19.634","0","4.87813355511971","0.53181678686836","25.8765237",
"8/26/2000","-40","-6.08845996856689","587","33.485","20.355","0","4.62503860545959","0.47926409775169","25.99261758",
"8/27/2000","-40","-6.08845996856689","587","34.015","18.713","0","3.94433684192673","0.384506384221638","27.018567",
"8/28/2000","-40","-6.08845996856689","587","34.574","19.465","0","4.33375000469893","0.475871659291877","26.58836718",
"8/29/2000","-40","-6.08845996856689","587","35.046","19.894","0","5.27869822884289","0.483697157190299","26.58032505",
"8/30/2000","-40","-6.08845996856689","587","34.923","20.741","0.1716613344","4.96248293342423","0.484910487986604","26.5644",
"8/31/2000","-40","-6.08845996856689","587","33.793","19.991","0","4.19362810666086","0.379152271781832","27.29767437",
"9/1/2000","-40","-6.08845996856689","587","33.706","20.326","0","4.44745981975056","0.360894147650662","27.0665406",
"9/2/2000","-40","-6.08845996856689","587","34.509","20.626","0","4.38507921006431","0.408902238006023","25.04639268",
"9/3/2000","-40","-6.08845996856689","587","35.298","21.156","0","3.91749454506705","0.402850735842418","26.5542795",
"9/4/2000","-40","-6.08845996856689","587","35.936","21.143","0","4.51036542759274","0.442226205442555","26.7809643",
"9/5/2000","-40","-6.08845996856689","587","34.528","21.178","0","5.15211575533636","0.513550218965133","24.85456722",
"9/6/2000","-40","-6.08845996856689","587","32.668","21.404","5.051133108","3.89160074506612","0.591664799625112","25.15072203",
"9/7/2000","-40","-6.08845996856689","587","33.341","21.361","9.055997676","3.83907405335556","0.633294524419765","23.03656506",
"9/8/2000","-40","-6.08845996856689","587","32.891","21.343","5.40046476","4.26838575905859","0.629700327059799","16.08891633",
"9/9/2000","-40","-6.08845996856689","587","33.39","22.442","0.130462524","5.48691413452154","0.548658181763442","22.82613966",
"9/10/2000","-40","-6.08845996856689","587","32.857","21.05","1.7784134928","5.1726974371606","0.560200758818427","21.82921542",
"9/11/2000","-40","-6.08845996856689","587","31.975","21.305","12.5750594304","4.60394793776674","0.638087661136127","15.41384838",
"9/12/2000","-40","-6.08845996856689","587","31.602","21.294","3.784277484","4.44242308629469","0.71973206085544","17.161312572",
"9/13/2000","-40","-6.08845996856689","587","33.308","19.759","0.144195624","4.73523556597968","0.540036917940168","23.043595392",
"9/14/2000","-40","-6.08845996856689","587","31.935","20.91","0.15449526","5.46611074069776","0.509616848010433","26.425968912",
"9/15/2000","-40","-6.08845996856689","587","33.413","20.325","0.130462632","5.2107035537232","0.5173191567184","22.28939658",
"9/16/2000","-40","-6.08845996856689","587","33.157","20.842","0.811958292","4.99944112186674","0.582382284147897","23.46164694",
"9/17/2000","-40","-6.08845996856689","587","31.534","20.491","1.50375366","4.96835228773841","0.643136149586116","16.88271354",
"9/18/2000","-40","-6.08845996856689","587","31.426","20.611","0.6282807048","5.2054162851033","0.594299398417946","19.76664114",
"9/19/2000","-40","-6.08845996856689","587","32.352","19.533","0.27809172","5.25765835461151","0.538347838833063","22.615874928",
"9/20/2000","-40","-6.08845996856689","587","33.596","21.232","0.0343322712","5.03098465091203","0.501109239603247","22.271738112",
"9/21/2000","-40","-6.08845996856689","587","32.991","21.109","0.0446319576","5.67078214526019","0.488191481603171","26.28630306",
"9/22/2000","-40","-6.08845996856689","587","34.725","20.162","0.0068664528","4.89924475534309","0.416441601762577","27.8698005",
"9/23/2000","-40","-6.08845996856689","587","34.567","20.631","0.104713488","5.00668679275668","0.467059953303688","27.69480594",
"9/24/2000","-40","-6.08845996856689","587","33.668","21.368","0","5.19836677133892","0.48452210986435","27.15968394",
"9/25/2000","-40","-6.08845996856689","587","35.438","21.298","0.14419548","5.00135063916711","0.472657865524266","27.8197353",
"9/26/2000","-40","-6.08845996856689","587","35.483","21.288","1.42993944","5.03606860999898","0.45805814263158","27.65419074",
"9/27/2000","-40","-6.08845996856689","587","34.493","21.474","3.2607099","5.3560915371025","0.487025649436144","27.136965132",
"9/28/2000","-40","-6.08845996856689","587","34.364","22.514","0.2626417728","5.45405948770477","0.442355814870243","27.86375718",
"9/29/2000","-40","-6.08845996856689","587","34.052","21.811","1.87797636","4.98563470782442","0.458227216464236","27.58978188",
"9/30/2000","-40","-6.08845996856689","587","33.362","23.179","0.2111433984","5.47603468762838","0.45270420730571","26.613455238",
"10/1/2000","-40","-6.08845996856689","587","35.291","21.563","0","5.24005794190473","0.397338853975679","28.18372338",
"10/2/2000","-40","-6.08845996856689","587","35.774","21.494","0","4.6622315876465","0.388119385213953","28.51319034",
"10/3/2000","-40","-6.08845996856689","587","35.499","21.12","0","3.51085779422453","0.422363347446171","23.4133497",
"10/4/2000","-40","-6.08845996856689","587","35.571","21.532","0","4.45401825951781","0.418246977737538","28.040342328",
"10/5/2000","-40","-6.08845996856689","587","35.176","21.009","0","4.05637741849611","0.450675207725102","23.806510272",
"10/6/2000","-40","-6.08845996856689","587","35.798","22.765","0.0068664528","4.70644830932487","0.413623693408678","27.89163",
"10/7/2000","-40","-6.08845996856689","587","35.439","21.735","0","5.41592799222115","0.438460607652961","28.1504403",
"10/8/2000","-40","-6.08845996856689","587","35.674","21.281","0","5.44881177874003","0.422420958963536","28.48800492",
"10/9/2000","-40","-6.08845996856689","587","35.189","21.494","0","5.30501293599647","0.401855459498058","28.27237338",
"10/10/2000","-40","-6.08845996856689","587","35.952","22.096","0","5.28328311025442","0.353473369677287","28.52523",
"10/11/2000","-40","-6.08845996856689","587","36.364","21.938","1.0291117392","5.80726070216397","0.422346985435694","26.53474374",
"10/12/2000","-40","-6.08845996856689","587","34.369","21.851","0.3501889992","5.62551415219288","0.477542006293594","20.89963782",
"10/13/2000","-40","-6.08845996856689","587","34.974","22.224","1.0437012","5.2318731187597","0.432302112344798","25.5798189",
"10/14/2000","-40","-6.08845996856689","587","36.046","22.542","0","4.9719104159612","0.348283123413226","28.73407662",
"10/15/2000","-40","-6.08845996856689","587","35.779","21.793","0","4.26064107989521","0.353758314164221","28.86961608",
"10/16/2000","-40","-6.08845996856689","587","35.506","21.99","0.010299672","4.34097753614876","0.393445403598716","24.70899744",
"10/17/2000","-40","-6.08845996856689","587","36.101","22.961","0.09441378","5.08670070179226","0.360521969373986","27.04831596",
"10/18/2000","-40","-6.08845996856689","587","35.564","23.951","0.5887984392","5.45752402818456","0.397688959916616","27.7835166",
"10/19/2000","-40","-6.08845996856689","587","35.631","23.01","0","4.93067266645285","0.390373025649934","28.353016512",
"10/20/2000","-40","-6.08845996856689","587","35.213","22.561","0.14419566","4.16520049107528","0.41709286067111","24.81927534",
"10/21/2000","-40","-6.08845996856689","587","35.681","22.492","0","4.85198655542174","0.417374294984058","24.32853936",
"10/22/2000","-40","-6.08845996856689","587","35.693","21.882","0.566482536","4.05637202029989","0.482076347336094","22.83205986",
"10/23/2000","-40","-6.08845996856689","587","34.349","23.238","0.57163212","4.31489005523119","0.441426666738842","21.91752828",
"10/24/2000","-40","-6.08845996856689","587","33.222","22.779","0","4.59963389838439","0.474418270045284","20.05886772",
"10/25/2000","-40","-6.08845996856689","587","34.548","22.438","0","4.76000285851683","0.430002304934958","22.7729214",
"10/26/2000","-40","-6.08845996856689","587","35.336","24.116","0.13389588","4.76455614793625","0.383944463853257","24.34961574",
"10/27/2000","-40","-6.08845996856689","587","34.013","22.47","0.98276148","5.01329557151295","0.459028469829235","20.76553062",
"10/28/2000","-40","-6.08845996856689","587","35.045","21.063","1.048850568","3.17872618791365","0.475823282466952","22.66661502",
"10/29/2000","-40","-6.08845996856689","587","36.31","22.247","0.037765512","4.56594119874541","0.42016221482098","27.8227161",
"10/30/2000","-40","-6.08845996856689","587","35.944","22.908","0","4.24847840299948","0.460413693031574","22.56598188",
"10/31/2000","-40","-6.08845996856689","587","36.271","23.728","0","4.70113397614921","0.432721055756959","22.59792972",
"11/1/2000","-40","-6.08845996856689","587","35.353","22.951","0","5.01013916798199","0.442253596423886","28.10710422",
"11/2/2000","-40","-6.08845996856689","587","35.819","22.48","0.0240325848","4.60028697841309","0.459344316822635","25.89322212",
"11/3/2000","-40","-6.08845996856689","587","31.421","23.088","0","3.9101321849064","0.515617204809194","14.7862719",
"11/4/2000","-40","-6.08845996856689","587","35.629","21.778","0.0411987312","4.03858121203762","0.453412804434921","23.25195324",
"11/5/2000","-40","-6.08845996856689","587","34.544","21.638","0","4.57146983402152","0.455284587859251","25.45216974",
"11/6/2000","-40","-6.08845996856689","587","35.921","21.799","0","5.12380359663296","0.480743763003647","27.6190911",
"11/7/2000","-40","-6.08845996856689","587","35.971","21.777","0","4.53406956242096","0.452136503157188","26.48942082",
"11/8/2000","-40","-6.08845996856689","587","35.294","22.583","0.20256048","2.60816615662303","0.450977157711406","20.99975238",
"11/9/2000","-40","-6.08845996856689","587","33.399","22.315","1.121806656","3.42630076002753","0.492018134974677","19.38408372",
"11/10/2000","-40","-6.08845996856689","587","33.303","22.357","0.69351192","3.69719453210824","0.532000950995612","19.96615944",
"11/11/2000","-40","-6.08845996856689","587","34.844","21.629","0","4.30641666995791","0.505526358251837","25.75153656",
"11/12/2000","-40","-6.08845996856689","587","35.253","22.166","0","4.75023697426947","0.462642981607294","27.9088299",
"11/13/2000","-40","-6.08845996856689","587","34.64","21.481","0","3.86101875174505","0.458499617597434","23.67764694",
"11/14/2000","-40","-6.08845996856689","587","34.54","21.899","0","4.88156096858791","0.428754365477626","26.94915162",
"11/15/2000","-40","-6.08845996856689","587","35.252","20.623","0","4.5610723136075","0.402334705285264","28.14805332",
"11/16/2000","-40","-6.08845996856689","587","35.697","20.827","0","5.47301087050379","0.41178178509311","28.4541381",
"11/17/2000","-40","-6.08845996856689","587","35.118","22.104","0","5.81997306157471","0.42996125066882","27.86765238",
"11/18/2000","-40","-6.08845996856689","587","34.189","22.559","0","5.28782352566533","0.427438583376853","25.29253224",
"11/19/2000","-40","-6.08845996856689","587","34.262","23.669","0.0102996792","4.56650513164804","0.384775409439141","28.2982572",
"11/20/2000","-40","-6.08845996856689","587","35.301","21.836","0","5.1167049100796","0.45707679078202","27.6316407",
"11/21/2000","-40","-6.08845996856689","587","34.673","23.754","0.0068664528","5.5465559085637","0.429159014371472","28.24384932",
"11/22/2000","-40","-6.08845996856689","587","35.266","21.876","0","5.23223912964343","0.420936365095605","28.5377616",
"11/23/2000","-40","-6.08845996856689","587","35.644","22.827","0","4.57239732648273","0.347132287200048","28.3179375",
"11/24/2000","-40","-6.08845996856689","587","35.178","21.368","0","4.15952599711807","0.335847863196776","28.7136801",
"11/25/2000","-40","-6.08845996856689","587","36.662","22.172","0","4.61313234002088","0.368702796103935","28.24707168",
"11/26/2000","-40","-6.08845996856689","587","34.372","22.49","0.561332988","4.01327817093359","0.50221154681789","20.41582176",
"11/27/2000","-40","-6.08845996856689","587","34.647","21.925","0","4.90392033566567","0.467199269191685","27.6561",
"11/28/2000","-40","-6.08845996856689","587","34.285","23.03","0","5.66789443995341","0.47672393047132","22.59805014",
"11/29/2000","-40","-6.08845996856689","587","35.645","22.177","0","5.25195467248044","0.4204334115803","28.2528549",
"11/30/2000","-40","-6.08845996856689","587","35.572","22.798","0","5.06915144732925","0.444079657232982","28.25988588",
"12/1/2000","-40","-6.08845996856689","587","35.878","23.238","0","5.30413626447466","0.427984947536224","23.7699531",
"12/2/2000","-40","-6.08845996856689","587","35.256","22.018","0","3.87038126113095","0.439827365153085","23.59648422",
"12/3/2000","-40","-6.08845996856689","587","35.974","21.923","0","4.68910974436931","0.445557070525213","27.9275076",
"12/4/2000","-40","-6.08845996856689","587","35.378","21.609","0","5.05929645208845","0.439475620247507","28.1199339",
"12/5/2000","-40","-6.08845996856689","587","36.15","21.586","0.01373292","4.18900166263972","0.431446782748498","22.90764726",
"12/6/2000","-40","-6.08845996856689","587","33.139","23.573","0.7329942504","2.7535454719335","0.479318592021603","10.33582122",
"12/7/2000","-40","-6.08845996856689","587","34.959","23.952","1.3046263272","3.51708315572049","0.467242744703012","19.59512976",
"12/8/2000","-40","-6.08845996856689","587","35.513","23.362","1.517486436","3.90730739569562","0.472055596407531","24.47842626",
"12/9/2000","-40","-6.08845996856689","587","33.521","23.265","3.75938676","3.37703364376915","0.496970559290429","19.8401625",
"12/10/2000","-40","-6.08845996856689","587","35","22.648","0","4.50835132504018","0.428553228108245","27.8647308",
"12/11/2000","-40","-6.08845996856689","587","33.93","23.723","1.551818124","3.35993076659165","0.456632295394905","19.29386808",
"12/12/2000","-40","-6.08845996856689","587","33.721","22.255","2.053070244","3.93765430840981","0.522899714208025","18.80910072",
"12/13/2000","-40","-6.08845996856689","587","25.366","21.812","10.06278786","3.95574006641292","0.78842192955636","7.00740234",
"12/14/2000","-40","-6.08845996856689","587","24.873","20.285","5.994414648","2.36765376810665","0.772562959297563","5.53421268",
"12/15/2000","-40","-6.08845996856689","587","27.57","21.184","3.905294184","2.24364968909124","0.770588038344817","10.83189618",
"12/16/2000","-40","-6.08845996856689","587","25.398","20.515","10.42328088","2.43389923926551","0.833583690417964","8.77494456",
"12/17/2000","-40","-6.08845996856689","587","27.227","20.762","17.516338092","1.83826289359211","0.849676227060097","8.05117788",
"12/18/2000","-40","-6.08845996856689","587","27.916","20.39","0.8119583352","2.96848436494587","0.755894496861663","20.2100634",
"12/19/2000","-40","-6.08845996856689","587","32.457","21.019","0.216293076","3.60627966164498","0.625888143514301","21.47951358",
"12/20/2000","-40","-6.08845996856689","587","32.892","21.085","0.5458832856","3.87526036304312","0.538879792809896","27.99967752",
"12/21/2000","-40","-6.08845996856689","587","33.525","20.06","0","3.71679667930377","0.534763766466041","27.0381969",
"12/22/2000","-40","-6.08845996856689","587","32.641","21.286","0.017166132","3.64367034500591","0.562715915255398","22.58909766",
"12/23/2000","-40","-6.08845996856689","587","32.318","22.506","2.6144064","4.03157860825519","0.573423552170394","23.215948812",
"12/24/2000","-40","-6.08845996856689","587","32.379","21.876","2.001570984","3.98533867414085","0.624551989221599","17.997074892",
"12/25/2000","-40","-6.08845996856689","587","33.747","20.344","0.2368926","3.94668149645175","0.498361940959435","28.224729",
"12/26/2000","-40","-6.08845996856689","587","34.329","21.019","0","4.0274078501707","0.455739933300255","28.24458642",
"12/27/2000","-40","-6.08845996856689","587","34.355","21.659","0.81367524","3.89951969036987","0.508337192680672","26.354421",
"12/28/2000","-40","-6.08845996856689","587","35.512","23.284","0","4.62992235184591","0.423441406347702","28.2200625",
"12/29/2000","-40","-6.08845996856689","587","35.418","21.49","0","5.38512029822437","0.492407005120271","26.69242482",
"12/30/2000","-40","-6.08845996856689","587","35.065","21.99","0","5.75684124539362","0.513589127985474","28.10986092",
"12/31/2000","-40","-6.08845996856689","587","34.6","21.578","0","4.41387008791768","0.506810338371768","21.20500728",
"1/1/2001","-40","-6.08845996856689","587","33.397","22.451","0.284958","3.01717577972414","0.493027758960848","19.7697366",
"1/2/2001","-40","-6.08845996856689","587","31.825","21.554","1.2136456584","2.24863825943857","0.553243401792667","17.756379",
"1/3/2001","-40","-6.08845996856689","587","34.006","19.67","1.118373948","3.33800647894458","0.504477590602981","25.64797248",
"1/4/2001","-40","-6.08845996856689","587","31.917","21.812","0","3.44716786674384","0.520727266067792","18.74666106",
"1/5/2001","-40","-6.08845996856689","587","34.96","21.561","0.8377073928","4.10140044479493","0.485173778806611","25.937608032",
"1/6/2001","-40","-6.08845996856689","587","33.403","21.54","0.321006708","3.40152833862984","0.534024183575747","21.47377446",
"1/7/2001","-40","-6.08845996856689","587","32.538","21.18","1.2951855","3.69782942915954","0.62784208276235","18.66993768",
"1/8/2001","-40","-6.08845996856689","587","34.624","21.416","0.95787072","4.45861683152636","0.519266003756381","26.45690211",
"1/9/2001","-40","-6.08845996856689","587","34.223","21.318","2.020454208","4.15047396166466","0.561793631088086","27.27505728",
"1/10/2001","-40","-6.08845996856689","587","35.257","22.005","0.0308990376","4.75762731246795","0.503868919766901","24.12618444",
"1/11/2001","-40","-6.08845996856689","587","34.541","22.415","0.10128024","4.75683463025356","0.453611917223493","21.29040486",
"1/12/2001","-40","-6.08845996856689","587","30.798","21.175","6.37722504","4.06327697618043","0.723053040366579","19.40231268",
"1/13/2001","-40","-6.08845996856689","587","31.038","20.155","1.7732599344","4.05068939810357","0.656053503147384","18.10237518",
"1/14/2001","-40","-6.08845996856689","587","33.031","20.337","2.207565792","4.69724242127445","0.613345124548959","27.63647352",
"1/15/2001","-40","-6.08845996856689","587","32.824","20.047","3.91302072","4.27827704995173","0.578921906440801","28.94642406",
"1/16/2001","-40","-6.08845996856689","587","32.425","20.636","8.07495084","4.15774933321253","0.624903731944838","27.891111042",
"1/17/2001","-40","-6.08845996856689","587","33.416","20.224","0.017166132","4.40047661537954","0.478135365713746","28.71838134",
"1/18/2001","-40","-6.08845996856689","587","34.506","20.43","0","4.20767616243622","0.423044080990761","28.62775863",
"1/19/2001","-40","-6.08845996856689","587","33.316","20.289","0.072097956","4.60247502787474","0.483496098767985","28.24998606",
"1/20/2001","-40","-6.08845996856689","587","34.759","20.92","0","4.07239441657598","0.521997185503096","24.68750958",
"1/21/2001","-40","-6.08845996856689","587","34.899","21.402","0","5.39172537748139","0.522453854624779","27.30572271",
"1/22/2001","-40","-6.08845996856689","587","34.974","21.032","0","4.93941563413021","0.529799041072849","28.90282977",
"1/23/2001","-40","-6.08845996856689","587","35.505","21.489","0","4.68458145595052","0.497385242046496","28.66426578",
"1/24/2001","-40","-6.08845996856689","587","34.018","19.982","1.677133476","2.57931939030792","0.574591430285504","20.74376502",
"1/25/2001","-40","-6.08845996856689","587","31.664","20.025","0.7913587464","3.65920621464179","0.559067932501944","25.25326218",
"1/26/2001","-40","-6.08845996856689","587","32.309","20.207","0.685787184","3.57396792482708","0.584609173842562","20.91819294",
"1/27/2001","-40","-6.08845996856689","587","31.24","21.108","5.067446796","2.93655598880035","0.706212073380654","9.25925949",
"1/28/2001","-40","-6.08845996856689","587","33.097","21.169","0.91581336","3.03239913661905","0.612289294838769","16.10494146",
"1/29/2001","-40","-6.08845996856689","587","31.017","19.151","0.175094568","2.55208391859738","0.585701675626149","14.19946713",
"1/30/2001","-40","-6.08845996856689","587","34.977","20.837","0","4.13631516677518","0.505171875557693","28.6944174",
"1/31/2001","-40","-6.08845996856689","587","35.093","20.486","1.103782392","3.6706564046433","0.55514510901186","27.60361848",
"2/1/2001","-40","-6.08845996856689","587","30.915","20.357","0.7450104384","2.0992186885399","0.65014595686269","15.07606416",
"2/2/2001","-40","-6.08845996856689","587","32.156","19.037","4.0117290552","2.79505711612068","0.719585059986713","19.06205958",
"2/3/2001","-40","-6.08845996856689","587","32.252","20.575","7.3265120064","2.62722387562832","0.754621076341829","21.08750634",
"2/4/2001","-40","-6.08845996856689","587","30.757","20.859","9.917737128","2.78857279065866","0.809438019788817","13.28686938",
"2/5/2001","-40","-6.08845996856689","587","32.9","19.648","0","3.2484190665649","0.617115213951393","28.40563341",
"2/6/2001","-40","-6.08845996856689","587","32.591","20.999","0","3.24719040108977","0.604175612869209","22.07187522",
"2/7/2001","-40","-6.08845996856689","587","34.174","19.977","0","3.646243732383","0.525109020236118","29.25810288",
"2/8/2001","-40","-6.08845996856689","587","34.53","19.466","0","3.45819683795233","0.574032489088606","23.05519398",
"2/9/2001","-40","-6.08845996856689","587","33.52","21.044","0","3.95875772922341","0.587517585857941","24.79185378",
"2/10/2001","-40","-6.08845996856689","587","31.332","20.967","0","3.22505430209646","0.656346970191989","19.24791237",
"2/11/2001","-40","-6.08845996856689","587","33.488","18.868","0","3.32731300282575","0.570975753439659","24.08332554",
"2/12/2001","-40","-6.08845996856689","587","33.091","19.852","0.547599312","3.60859671487919","0.64553949613911","21.65883462",
"2/13/2001","-40","-6.08845996856689","587","31.574","20.922","1.414490472","3.94429435660859","0.67696362269945","18.77405247",
"2/14/2001","-40","-6.08845996856689","587","30.437","21.125","1.69944768","3.31275558177376","0.662485228722487","23.20093701",
"2/15/2001","-40","-6.08845996856689","587","33.76","19.626","0","3.42402525070309","0.563834634078364","24.44743143",
"2/16/2001","-40","-6.08845996856689","587","33.461","19.918","0","3.71423054217856","0.526969143453983","29.21872131",
"2/17/2001","-40","-6.08845996856689","587","32.76","20.088","0","2.86427172439672","0.593218100052455","20.92499685",
"2/18/2001","-40","-6.08845996856689","587","34.583","20.194","0.104713632","3.36913660223536","0.526587472775865","24.97010337",
"2/19/2001","-40","-6.08845996856689","587","33.051","21.375","1.6874295264","3.09537618381667","0.572202496164198","20.609041338",
"2/20/2001","-40","-6.08845996856689","587","33.989","20.988","1.318359564","2.94244142152002","0.609042642718043","20.050031592",
"2/21/2001","-40","-6.08845996856689","587","35.002","21.237","2.196407052","3.67940123137342","0.574861220769679","28.11628548",
"2/22/2001","-40","-6.08845996856689","587","35.011","20.083","1.02996828","4.20826616330827","0.569795522695803","27.96046848",
"2/23/2001","-40","-6.08845996856689","587","34.951","20.51","0.8274078","3.68240714889741","0.582120233884789","28.66415544",
"2/24/2001","-40","-6.08845996856689","587","35.084","20.99","0.69007896","3.28857239915307","0.552564849064695","24.17866992",
"2/25/2001","-40","-6.08845996856689","587","33.693","21.354","1.0265351472","3.03348878845565","0.605363156612732","22.27938462",
"2/26/2001","-40","-6.08845996856689","587","32.74","21.051","2.4599090592","3.82885203906654","0.65132730005707","18.670893282",
"2/27/2001","-40","-6.08845996856689","587","31.94","19.757","0.595665","2.55447064971556","0.595345129083446","18.28051776",
"2/28/2001","-40","-6.08845996856689","587","33.012","19.949","1.2805938","2.22899183576367","0.653598727315994","18.67595022",
"3/1/2001","-40","-6.08845996856689","587","35.404","19.596","1.80244548","2.69583728685371","0.67850393148728","21.33129456",
"3/2/2001","-40","-6.08845996856689","587","34.17","20.37","1.5106192344","3.93078009070516","0.647398638894156","23.69840868",
"3/3/2001","-40","-6.08845996856689","587","33.72","20.571","0.27980784","3.99104661961681","0.606456332690614","27.05198544",
"3/4/2001","-40","-6.08845996856689","587","34.37","21.868","0","3.74535425302582","0.526076393975887","28.17421785",
"3/5/2001","-40","-6.08845996856689","587","33.972","21.181","1.08490014","3.82071514168025","0.588317706861838","28.6796754",
"3/6/2001","-40","-6.08845996856689","587","34.692","21.259","0.547599996","4.01602715626868","0.550720560976622","26.16609339",
"3/7/2001","-40","-6.08845996856689","587","34.834","20.732","0","4.33673520476384","0.51148814907614","28.28120778",
"3/8/2001","-40","-6.08845996856689","587","34.594","21.393","0.40855428","4.07283695951483","0.551440822792674","25.02882621",
"3/9/2001","-40","-6.08845996856689","587","31.718","20.677","1.02996828","3.27385036085484","0.692812502360859","16.04311533",
"3/10/2001","-40","-6.08845996856689","587","32.674","20.167","2.674483632","3.16494583132057","0.760836895709674","23.41693224",
"3/11/2001","-40","-6.08845996856689","587","31.598","19.008","2.672767908","2.83138168476615","0.790843693096955","20.69128134",
"3/12/2001","-40","-6.08845996856689","587","31.09","19.192","2.9199604824","2.72393016330724","0.823348428706154","14.997039462",
"3/13/2001","-40","-6.08845996856689","587","31.288","20.539","5.906869272","2.70962559712334","0.762277935322785","23.6691576",
"3/14/2001","-40","-6.08845996856689","587","28.951","21.01","21.55552686","2.00028408267345","0.860461344960014","17.702774172",
"3/15/2001","-40","-6.08845996856689","587","28.006","20.431","15.7670928","1.83210707565716","0.894776813594115","7.685833932",
"3/16/2001","-40","-6.08845996856689","587","30.544","19.056","11.321068212","2.15837441406038","0.821557827307178","17.3879451",
"3/17/2001","-40","-6.08845996856689","587","32.736","18.462","0.0068664528","2.636309813284","0.662687186007333","27.2237652",
"3/18/2001","-40","-6.08845996856689","587","33.217","19.498","0.0171661392","3.09073274290806","0.588273678610669","24.71045832",
"3/19/2001","-40","-6.08845996856689","587","27.033","19.707","1.1801724264","2.45525330600958","0.788331128120697","9.42496848",
"3/20/2001","-40","-6.08845996856689","587","32.365","18.807","0.0635147064","3.18108025175676","0.666857274895119","26.59859784",
"3/21/2001","-40","-6.08845996856689","587","31.604","21.813","0.2557755936","3.7680309386481","0.639236757782249","25.04014614",
"3/22/2001","-40","-6.08845996856689","587","31.159","21.02","4.2160016376","3.3473223105149","0.727433894290118","16.866675432",
"3/23/2001","-40","-6.08845996856689","587","32.033","20.962","0.49438476","3.46979695143621","0.634494204546297","23.784642468",
"3/24/2001","-40","-6.08845996856689","587","33.352","20.592","0","3.70582806230657","0.563547408255647","26.10494658",
"3/25/2001","-40","-6.08845996856689","587","33.695","20.316","0","4.18699731501871","0.625693462454224","26.65760688",
"3/26/2001","-40","-6.08845996856689","587","33.465","20.927","0.990485892","3.44737816357297","0.668690953013462","18.42041106",
"3/27/2001","-40","-6.08845996856689","587","32.939","20.606","0.0068664528","3.53034662288869","0.593897054686541","22.79019798",
"3/28/2001","-40","-6.08845996856689","587","31.106","20.147","6.2501832","3.25697283743928","0.738541099413355","24.86047878",
"3/29/2001","-40","-6.08845996856689","587","33.053","21.149","6.3240000264","3.45694087884666","0.735777425094583","19.81947258",
"3/30/2001","-40","-6.08845996856689","587","33.161","20.073","0","3.75113282809948","0.628845982257645","26.45263404",
"3/31/2001","-40","-6.08845996856689","587","29.822","19.352","3.6083214","2.37581392444794","0.732085690687331","25.05443364",
"4/1/2001","-40","-6.08845996856689","587","31.669","19.464","1.843642656","2.8780987317226","0.791263618874268","13.45022298",
"4/2/2001","-40","-6.08845996856689","587","30.313","20.145","3.3096321864","3.07852414221564","0.836676340984337","17.044929",
"4/3/2001","-40","-6.08845996856689","587","33.112","20.659","1.785279528","4.10065790488532","0.721632210407649","21.79412334",
"4/4/2001","-40","-6.08845996856689","587","32.612","21.035","2.60581896","3.42030663463076","0.685943148481646","25.5942558",
"4/5/2001","-40","-6.08845996856689","587","33.075","19.544","1.634216832","3.23006599203316","0.612065485041603","26.7028263",
"4/6/2001","-40","-6.08845996856689","587","33.203","20.48","0.0291824208","3.56952418131284","0.524023382391088","26.78287608",
"4/7/2001","-40","-6.08845996856689","587","32.314","21.073","1.593017568","3.49750042883698","0.631556432924674","19.44945756",
"4/8/2001","-40","-6.08845996856689","587","32.316","20.44","0.1132965648","3.75999888746959","0.560775332598079","20.6209638",
"4/9/2001","-40","-6.08845996856689","587","31.144","20.561","0.1356124896","2.98430288347537","0.633173258190131","15.09237846",
"4/10/2001","-40","-6.08845996856689","587","34.004","20.457","0","3.02719408609589","0.541213652473669","23.89415508",
"4/11/2001","-40","-6.08845996856689","587","30.489","21.4","5.2253736264","2.75422878974919","0.68469799687252","16.27014222",
"4/12/2001","-40","-6.08845996856689","587","34.09","21.278","0.0377654832","1.25683417789212","0.62476881232702","18.16037064",
"4/13/2001","-40","-6.08845996856689","587","27.317","19.992","6.53858442","2.16082382511914","0.882793950160318","14.73969834",
"4/14/2001","-40","-6.08845996856689","587","30.518","19.238","2.6624684952","2.75889375879728","0.750865384269897","18.05377734",
"4/15/2001","-40","-6.08845996856689","587","24.215","18.277","5.045130864","1.30292386374051","0.920728073520446","9.07234038",
"4/16/2001","-40","-6.08845996856689","587","30.536","19.862","0.3544808616","2.90445205748327","0.789331519858131","15.87852648",
"4/17/2001","-40","-6.08845996856689","587","27.259","19.516","1.999855512","2.15880917596596","0.855422148555758","16.8286968",
"4/18/2001","-40","-6.08845996856689","587","30.439","20.259","6.262206408","2.11478013164394","0.873306904718777","9.18601182",
"4/19/2001","-40","-6.08845996856689","587","26.816","19.071","3.57570612","1.23140575998202","0.853726945333552","8.6667741",
"4/20/2001","-40","-6.08845996856689","587","32.313","19.892","1.502036892","3.1909674925242","0.710107074661669","24.71805018",
"4/21/2001","-40","-6.08845996856689","587","31.443","20.191","2.73714192","3.98328273076913","0.71453716914215","21.44233332",
"4/22/2001","-40","-6.08845996856689","587","32.267","18.963","0.151062264","3.87813484107487","0.635051337706926","25.6435335",
"4/23/2001","-40","-6.08845996856689","587","33.021","20.362","0","3.68825299179659","0.524882815057386","25.42414842",
"4/24/2001","-40","-6.08845996856689","587","33.581","20.03","0.00686646","4.02078341474969","0.514920033666741","25.45999092",
"4/25/2001","-40","-6.08845996856689","587","31.035","20.287","0.99391914","3.26038011896336","0.606314270498818","18.13162356",
"4/26/2001","-40","-6.08845996856689","587","33.316","20.142","0","3.46527442999161","0.48503125052668","24.02977392",
"4/27/2001","-40","-6.08845996856689","587","31.275","21.058","12.3055522344","3.51563530850684","0.806924276817729","17.72527302",
"4/28/2001","-40","-6.08845996856689","587","29.41","20.162","11.83605516","3.59886314192795","0.71741155702956","10.92111372",
"4/29/2001","-40","-6.08845996856689","587","30.26","20.342","0.0137329128","4.22016961139277","0.616640702195111","18.28153566",
"4/30/2001","-40","-6.08845996856689","587","32.979","19.707","0","3.57878034388316","0.591963786267686","20.40311124",
"5/1/2001","-40","-6.08845996856689","587","33.765","21.098","0","3.92101670879376","0.550768582947527","25.09841142",
"5/2/2001","-40","-6.08845996856689","587","32.723","19.794","0","3.46158640324495","0.512237410005622","20.8921518",
"5/3/2001","-40","-6.08845996856689","587","33.932","18.637","0","3.41546409763976","0.517702652574801","24.74442918",
"5/4/2001","-40","-6.08845996856689","587","33.889","21.345","0.041198724","3.73599925637085","0.511746817810413","21.72256668",
"5/5/2001","-40","-6.08845996856689","587","31.911","19.239","0","3.06274587168296","0.604411495763202","17.83861488",
"5/6/2001","-40","-6.08845996856689","587","33.717","20.844","1.788709356","3.35498172196388","0.624408684044918","23.31303714",
"5/7/2001","-40","-6.08845996856689","587","34.482","19.035","0.794792664","3.13139317624936","0.642322858695119","23.4836334",
"5/8/2001","-40","-6.08845996856689","587","34.638","19.363","0","3.476786923641","0.604707148312172","24.18199308",
"5/9/2001","-40","-6.08845996856689","587","33.658","20.746","0.1647951192","2.994483418402","0.62487270942914","18.9064098",
"5/10/2001","-40","-6.08845996856689","587","31.288","21.458","4.43916504","3.12377705579289","0.687397710493689","18.21689568",
"5/11/2001","-40","-6.08845996856689","587","33.089","19.639","0","3.4964140695998","0.619260153580892","23.50625076",
"5/12/2001","-40","-6.08845996856689","587","33.892","20.677","0.010299672","4.07609749382609","0.576137762327753","23.0298678",
"5/13/2001","-40","-6.08845996856689","587","34.038","19.894","0.23345928","3.70118988840835","0.578783896624566","24.13063692",
"5/14/2001","-40","-6.08845996856689","587","34.031","19.91","0","3.77281418195308","0.539586908948802","24.175683",
"5/15/2001","-40","-6.08845996856689","587","33.997","19.049","0","3.64043432829742","0.548203027669328","24.10104348",
"5/16/2001","-40","-6.08845996856689","587","33.692","18.086","0","3.03802083822439","0.50293557294033","24.13169658",
"5/17/2001","-40","-6.08845996856689","587","34.513","18.696","0","3.0576474309833","0.454702051069862","24.05007882",
"5/18/2001","-40","-6.08845996856689","587","34.347","18.409","0","2.80991620276433","0.528367382205906","23.24120436",
"5/19/2001","-40","-6.08845996856689","587","33.507","20.802","0","1.90376274045989","0.548666416411365","17.63786502",
"5/20/2001","-40","-6.08845996856689","587","29.784","19.288","0.861739848","3.24490026107977","0.683195537826359","22.66643538",
"5/21/2001","-40","-6.08845996856689","587","30.854","18.215","2.997209088","2.37106127717022","0.76040691290534","9.90314712",
"5/22/2001","-40","-6.08845996856689","587","32.212","17.298","0.357056064","2.74454999803193","0.620078285176899","17.18729946",
"5/23/2001","-40","-6.08845996856689","587","31.907","19.018","0","3.70092185720475","0.519290519201467","18.62887284",
"5/24/2001","-40","-6.08845996856689","587","32.406","20.256","0.300407364","4.1383500907117","0.609271746850632","17.3400183",
"5/25/2001","-40","-6.08845996856689","587","32.487","19.633","0","4.2186047010459","0.598129197948447","22.89240288",
"5/26/2001","-40","-6.08845996856689","587","32.398","20.611","0.089263944","3.50431902849776","0.604313145005496","22.46489658",
"5/27/2001","-40","-6.08845996856689","587","33.195","18.537","0","3.68451797219783","0.555238895249552","23.06981538",
"5/28/2001","-40","-6.08845996856689","587","33.634","19.616","0.099563652","3.88785849972702","0.626130101304901","21.3114915",
"5/29/2001","-40","-6.08845996856689","587","33.76","19.592","0.38967156","3.77839282286246","0.628671388202651","22.87535382",
"5/30/2001","-40","-6.08845996856689","587","32.723","20.72","0","3.83722347140949","0.577151002150097","22.16880036",
"5/31/2001","-40","-6.08845996856689","587","32.067","20.042","3.956796108","2.79942795369859","0.675321539176058","12.47940612",
"6/1/2001","-40","-6.08845996856689","587","29.307","19.666","1.124382816","3.03455565586306","0.707321231452731","15.19036236",
"6/2/2001","-40","-6.08845996856689","587","31.5","20.322","9.719463492","3.99273959045109","0.7030304869166","20.57754528",
"6/3/2001","-40","-6.08845996856689","587","32.217","19.28","1.35440874","4.20061462782882","0.593467423239932","22.811508",
"6/4/2001","-40","-6.08845996856689","587","32.096","19.576","1.75438242","3.77087899156359","0.601854901996251","22.7985777",
"6/5/2001","-40","-6.08845996856689","587","32.387","19.947","0.3793718232","4.11690002551422","0.523048193599463","20.16663696",
"6/6/2001","-40","-6.08845996856689","587","32.597","20.197","0.597381624","3.93827700519502","0.561798322851799","20.21783058",
"6/7/2001","-40","-6.08845996856689","587","27.275","20.082","2.219582088","3.72082463220249","0.775578989544868","10.90575306",
"6/8/2001","-40","-6.08845996856689","587","29.634","18.831","1.857375","4.87619033157258","0.641155570556355","19.59784038",
"6/9/2001","-40","-6.08845996856689","587","32.163","19.202","0.0068664528","4.44250147558747","0.530900154016459","22.19450418",
"6/10/2001","-40","-6.08845996856689","587","32.043","19.663","0.051498396","4.52577267994571","0.567155881900146","22.01051376",
"6/11/2001","-40","-6.08845996856689","587","30.963","18.281","0.0360489024","4.85433063205986","0.614043316515874","17.31594636",
"6/12/2001","-40","-6.08845996856689","587","29.793","17.204","0.348472476","5.62058918367201","0.60385263517166","22.6541754",
"6/13/2001","-40","-6.08845996856689","587","31.813","17.005","0.2738001384","4.71042897508887","0.572328653952291","22.52621736",
"6/14/2001","-40","-6.08845996856689","587","30.603","19.689","0.923538492","3.54299589391088","0.631970708308836","8.11929366",
"6/15/2001","-40","-6.08845996856689","587","32.061","18.428","0","4.50392401152648","0.476593838069014","22.39520544",
"6/16/2001","-40","-6.08845996856689","587","32.88","18.247","0","3.84354906073086","0.490458903290524","22.69665108",
"6/17/2001","-40","-6.08845996856689","587","32.266","20.194","1.4453892864","3.87209467644795","0.544040253078269","22.2424299",
"6/18/2001","-40","-6.08845996856689","587","32.895","20.081","3.3328062144","4.08038498614005","0.564506543121696","18.07638588",
"6/19/2001","-40","-6.08845996856689","587","32.309","17.981","0","4.65626708057839","0.490055312624534","22.64309856",
"6/20/2001","-40","-6.08845996856689","587","28.602","20.033","0.0514984032","4.14104902432951","0.612187056726343","14.85595998",
"6/21/2001","-40","-6.08845996856689","587","28.764","17.517","0","2.98143849160042","0.632505794680419","10.30280544",
"6/22/2001","-40","-6.08845996856689","587","33.001","19.495","0.058364856","3.82326046682523","0.603525832219978","18.09854946",
"6/23/2001","-40","-6.08845996856689","587","29.658","19.49","0.463485636","4.16326409517561","0.653883201157181","16.35429762",
"6/24/2001","-40","-6.08845996856689","587","32.185","19.326","3.956797332","3.94484738166841","0.572364571403961","22.3442451",
"6/25/2001","-40","-6.08845996856689","587","31.996","19.522","1.443672","4.47714937291177","0.54602039371361","21.7773558",
"6/26/2001","-40","-6.08845996856689","587","31.685","17.929","0","4.5862839531465","0.523105310045921","18.00247176",
"6/27/2001","-40","-6.08845996856689","587","32.402","21.081","2.2109994792","3.90931049691542","0.651317123763331","15.85541448",
"6/28/2001","-40","-6.08845996856689","587","30.079","20.578","7.10163216","4.07819102529275","0.707200279185734","15.74802828",
"6/29/2001","-40","-6.08845996856689","587","32.282","20.152","0.108146844","4.42596827804894","0.547378900992418","22.5381384",
"6/30/2001","-40","-6.08845996856689","587","31.132","18.976","0.1150133472","4.68366182543266","0.531240191792781","19.22130468",
"7/1/2001","-40","-6.08845996856689","587","29.974","20.021","0.4789350648","3.58319637524667","0.669677347424356","9.25031178",
"7/2/2001","-40","-6.08845996856689","587","30.503","19.529","2.1423334824","3.20642995691761","0.677341482701742","6.497382708",
"7/3/2001","-40","-6.08845996856689","587","32.613","17.945","0.02746584","4.79963864419492","0.536395644048778","18.9086598",
"7/4/2001","-40","-6.08845996856689","587","31.491","20.156","0.0240325992","4.61423754124577","0.601492043356094","21.12558696",
"7/5/2001","-40","-6.08845996856689","587","33.168","18.753","0","4.11152505250204","0.52927541209937","18.61098696",
"7/6/2001","-40","-6.08845996856689","587","29.085","18.827","0.14076234","3.95091554755292","0.637412377216245","13.73562936",
"7/7/2001","-40","-6.08845996856689","587","31.367","17.806","1.160431092","4.38210851636478","0.553535533425142","23.02414056",
"7/8/2001","-40","-6.08845996856689","587","32.996","18.323","0.41885388","4.71079257791036","0.554778021299213","18.7717518",
"7/9/2001","-40","-6.08845996856689","587","31.605","17.251","0.24032556","5.49110969874981","0.600470573617896","22.56057792",
"7/10/2001","-40","-6.08845996856689","587","31.579","17.734","0","5.17078018968105","0.572666619896676","22.9875696",
"7/11/2001","-40","-6.08845996856689","587","34.236","17.743","0.075531024","4.01769968997227","0.501263057535196","23.2563924",
"7/12/2001","-40","-6.08845996856689","587","33.488","20.924","0.326156508","4.30115527325466","0.552899790272174","22.89217608",
"7/13/2001","-40","-6.08845996856689","587","31.637","21.18","0.2300261904","3.8628738034614","0.640208341967374","15.78031758",
"7/14/2001","-40","-6.08845996856689","587","32.089","19.248","0.030899052","4.98128151468946","0.538393250444165","22.0730022",
"7/15/2001","-40","-6.08845996856689","587","30.15","18.282","0","5.52997680638403","0.585483406915666","17.56046304",
"7/16/2001","-40","-6.08845996856689","587","28.896","17.681","0","5.0852963956967","0.629337521185282","14.0219478",
"7/17/2001","-40","-6.08845996856689","587","32.559","19.117","0.1647948024","4.4419906635967","0.554532979998568","21.66643116",
"7/18/2001","-40","-6.08845996856689","587","32.857","19.14","0.1115799048","4.13446887789437","0.551114308908892","23.11924896",
"7/19/2001","-40","-6.08845996856689","587","32.859","19.592","1.1466981","4.84435403923146","0.568605811062247","19.83960036",
"7/20/2001","-40","-6.08845996856689","587","26.832","19.096","1.2222290304","4.70955517818223","0.727748594789171","10.60717464",
"7/21/2001","-40","-6.08845996856689","587","30.482","20.264","1.016234928","4.48431128215244","0.672232480040085","18.68028552",
"7/22/2001","-40","-6.08845996856689","587","33.118","18.487","0.212859972","3.59191452661841","0.560504190143505","19.24261812",
"7/23/2001","-40","-6.08845996856689","587","33.854","18.259","0","3.97349762576833","0.459017697651536","20.4684192",
"7/24/2001","-40","-6.08845996856689","587","32.304","17.259","0","5.08824795978216","0.486279737435361","24.1639956",
"7/25/2001","-40","-6.08845996856689","587","32.596","16.389","0","4.57678026224508","0.506275949504379","24.03934056",
"7/26/2001","-40","-6.08845996856689","587","32.101","18.631","0.0102996864","5.51578722523005","0.493788624892552","22.7198268",
"7/27/2001","-40","-6.08845996856689","587","32.589","16.788","0","4.63596404612705","0.442064356911215","24.69701232",
"7/28/2001","-40","-6.08845996856689","587","32.529","18.872","0","4.51286012930146","0.397760287736712","24.17017788",
"7/29/2001","-40","-6.08845996856689","587","33.028","18.322","0.01373292","4.98579989139208","0.470602226783538","19.58793732",
"7/30/2001","-40","-6.08845996856689","587","31.206","18.444","0.50125104","5.96916052821466","0.554081325415743","22.39115364",
"7/31/2001","-40","-6.08845996856689","587","32.074","16.829","0","4.96563285007734","0.489588205853492","24.51538008",
"8/1/2001","-40","-6.08845996856689","587","31.798","17.068","0","5.4267736557072","0.430764522344445","24.90154128",
"8/2/2001","-40","-6.08845996856689","587","32.22","15.581","0","4.45681380699058","0.390215752105908","24.5836728",
"8/3/2001","-40","-6.08845996856689","587","27.82","19.972","0.058364892","5.15572916647503","0.540510575765926","8.18116272",
"8/4/2001","-40","-6.08845996856689","587","31.126","15.78","0.082397448","5.08405363891583","0.481385052560581","24.97207896",
"8/5/2001","-40","-6.08845996856689","587","33.245","17.152","0","4.97092624378405","0.481417806518756","25.00369452",
"8/6/2001","-40","-6.08845996856689","587","32.215","17.477","0","5.65971825072399","0.402009121689834","25.42516668",
"8/7/2001","-40","-6.08845996856689","587","31.867","16.624","0.8754731784","5.7913860759893","0.539491344697455","19.44134892",
"8/8/2001","-40","-6.08845996856689","587","32.716","17.411","0.50125104","5.26924132036589","0.481290730316222","25.05966588",
"8/9/2001","-40","-6.08845996856689","587","32.555","18.055","0","6.06618686971137","0.536098098496733","24.92150796",
"8/10/2001","-40","-6.08845996856689","587","31.959","18.146","0","5.35448371400088","0.50951367979121","25.06961016",
"8/11/2001","-40","-6.08845996856689","587","33.483","16.08","0","4.3670817813067","0.437450177297545","25.65410616",
"8/12/2001","-40","-6.08845996856689","587","33.846","18.381","0","5.08420051058891","0.503035707954121","25.48620612",
"8/13/2001","-40","-6.08845996856689","587","33.029","20.554","0","5.97727492014823","0.446848580580572","25.36639308",
"8/14/2001","-40","-6.08845996856689","587","31.82","18.072","0.0102996792","6.11501575039719","0.490101002626355","25.3582812",
"8/15/2001","-40","-6.08845996856689","587","31.798","18.427","0.1150130808","5.62128334439249","0.544922525429019","22.3202178",
"8/16/2001","-40","-6.08845996856689","587","32.554","18.411","0.041198724","5.29292512116586","0.516625577824037","22.06327464",
"8/17/2001","-40","-6.08845996856689","587","33.118","18.126","0.0738144216","5.5329413222446","0.467807302332536","25.6373424",
"8/18/2001","-40","-6.08845996856689","587","32.734","17.887","0","5.25868742419155","0.441235044560693","25.76913066",
"8/19/2001","-40","-6.08845996856689","587","33.38","18.814","0.55103256","5.07441099304042","0.443360700499207","25.46819856",
"8/20/2001","-40","-6.08845996856689","587","31.594","18.131","2.2264488","5.69254473214245","0.538399883205457","25.49756466",
"8/21/2001","-40","-6.08845996856689","587","34.255","18.732","0.061798104","4.71624520377896","0.415983903953923","25.9052004",
"8/22/2001","-40","-6.08845996856689","587","34.743","19.686","0.0240326064","4.9530872034412","0.395631124783684","26.19775638",
"8/23/2001","-40","-6.08845996856689","587","34.23","20.261","0.102996828","5.08759558371803","0.412952984727522","26.11990728",
"8/24/2001","-40","-6.08845996856689","587","33.653","19.309","0","5.07523988952322","0.416005581458096","26.26419474",
"8/25/2001","-40","-6.08845996856689","587","34.465","20.884","0.0068664528","4.71604009576499","0.424372867823335","26.3250549",
"8/26/2001","-40","-6.08845996856689","587","34.067","20.109","0","4.58189790219283","0.425558935147994","25.6422906",
"8/27/2001","-40","-6.08845996856689","587","33.662","21.808","0","4.79460559090584","0.405755768549806","26.41123206",
"8/28/2001","-40","-6.08845996856689","587","35.26","19.76","0","4.57726368530284","0.424337487513601","26.39306412",
"8/29/2001","-40","-6.08845996856689","587","34.106","21.41","1.3492584","4.38808224336048","0.503238495811191","22.89633498",
"8/30/2001","-40","-6.08845996856689","587","34.174","21.2","0","5.42998582190006","0.41130671043618","26.66678094",
"8/31/2001","-40","-6.08845996856689","587","34.26","20.305","0","5.37548050219731","0.431989714924919","24.6546567",
"9/1/2001","-40","-6.08845996856689","587","34.434","21.027","0.0909805176","4.58591950507815","0.387322438105217","26.89166088",
"9/2/2001","-40","-6.08845996856689","587","33.427","21.372","0","4.97661732923678","0.401924595624777","22.04240706",
"9/3/2001","-40","-6.08845996856689","587","33.167","21.016","0","5.79531105513416","0.443925736944949","22.43165049",
"9/4/2001","-40","-6.08845996856689","587","35.026","20.606","0","4.5075727584498","0.426976466929524","26.7125076",
"9/5/2001","-40","-6.08845996856689","587","34.917","20.656","0","5.17805055856539","0.430772984103682","25.23178836",
"9/6/2001","-40","-6.08845996856689","587","35.019","21.034","0","3.78623059079964","0.37983679183089","24.5564451",
"9/7/2001","-40","-6.08845996856689","587","34.78","21.302","0","4.37823220808296","0.372275472542753","24.597621",
"9/8/2001","-40","-6.08845996856689","587","34.675","21.197","0","3.92643127869444","0.389149010437615","27.1013625",
"9/9/2001","-40","-6.08845996856689","587","35.011","20.716","0.00686646","4.05990153481938","0.436396098886771","26.99173251",
"9/10/2001","-40","-6.08845996856689","587","35.319","20.916","0","4.52470094979985","0.47378668841677","26.8802415",
"9/11/2001","-40","-6.08845996856689","587","35.474","22.096","0.0102996792","5.03766776338252","0.477269427321511","26.54398143",
"9/12/2001","-40","-6.08845996856689","587","35.977","21.134","0","5.54778745787217","0.426646638804872","27.45331308",
"9/13/2001","-40","-6.08845996856689","587","34.333","20.299","0.03604896","5.13272669064117","0.42821720541084","27.357135192",
"9/14/2001","-40","-6.08845996856689","587","35.473","21.677","0.42057","4.25389550156189","0.396958627480972","27.65497536",
"9/15/2001","-40","-6.08845996856689","587","35.763","21.12","0","4.39842148035454","0.404884496719566","27.682481448",
"9/16/2001","-40","-6.08845996856689","587","35.967","21.04","0","3.80661360104701","0.449483166177354","27.5165982",
"9/17/2001","-40","-6.08845996856689","587","36.24","21.307","0.0532152","3.26018357110412","0.428666888580011","27.4220469",
"9/18/2001","-40","-6.08845996856689","587","35.069","21.495","1.015377012","4.18517006540904","0.465983278985599","22.12886124",
"9/19/2001","-40","-6.08845996856689","587","34.138","21.841","2.267643384","5.00723239935786","0.453163290144497","26.52575103",
"9/20/2001","-40","-6.08845996856689","587","34.752","22.17","0.4188538224","4.7656793833356","0.402435210533425","27.728377128",
"9/21/2001","-40","-6.08845996856689","587","34.036","22.651","0.0034332264","4.800635779995","0.420274223697559","21.70176264",
"9/22/2001","-40","-6.08845996856689","587","34.848","21.861","0.0171661392","5.31366533598603","0.457949705681907","25.26665688",
"9/23/2001","-40","-6.08845996856689","587","34.665","22.362","0.00686646","4.87906808327565","0.381479429467233","27.713805912",
"9/24/2001","-40","-6.08845996856689","587","35.149","21.68","0.0137329056","4.7401734551403","0.367100745001657","27.95574168",
"9/25/2001","-40","-6.08845996856689","587","34.393","21.606","0","5.53234942670632","0.449196021151252","27.810055728",
"9/26/2001","-40","-6.08845996856689","587","35.709","21.488","0.037765512","5.13624888157405","0.429004038283825","28.05309108",
"9/27/2001","-40","-6.08845996856689","587","35.613","21.465","0","5.06346545507004","0.434097473995336","28.148348448",
"9/28/2001","-40","-6.08845996856689","587","35.499","22.064","0","5.27667793368374","0.42892551498304","28.1350134",
"9/29/2001","-40","-6.08845996856689","587","34.963","21.584","0","5.33619148565691","0.45151879608739","28.050582528",
"9/30/2001","-40","-6.08845996856689","587","36.176","22.248","0","5.41008086581406","0.400675571350926","28.410539688",
"10/1/2001","-40","-6.08845996856689","587","35.636","22.621","0.06008148","5.10155702094497","0.357241402461585","28.56330378",
"10/2/2001","-40","-6.08845996856689","587","35.537","21.4","0","5.01149734089528","0.383775171073766","28.468465992",
"10/3/2001","-40","-6.08845996856689","587","35.419","20.972","0","4.98547322792202","0.432679173077981","28.3439115",
"10/4/2001","-40","-6.08845996856689","587","35.589","20.488","0","4.76102543384281","0.457843516820619","28.28691",
"10/5/2001","-40","-6.08845996856689","587","36.605","21.123","0","4.63306397257938","0.408687980944815","28.72013958",
"10/6/2001","-40","-6.08845996856689","587","36.899","20.925","0","5.06884530299352","0.418298079260951","28.6239051",
"10/7/2001","-40","-6.08845996856689","587","36.865","21.092","0","4.18262826316343","0.442455382067185","28.3126797",
"10/8/2001","-40","-6.08845996856689","587","36.152","21.223","0","4.28211482879293","0.436199195034999","28.23694308",
"10/9/2001","-40","-6.08845996856689","587","36.454","22.239","0","4.66461354409667","0.451432964102342","28.15599852",
"10/10/2001","-40","-6.08845996856689","587","36.502","22.381","0.06008148","4.6733243274544","0.430166348608973","28.3793652",
"10/11/2001","-40","-6.08845996856689","587","36.601","22.048","0","4.86114033898081","0.376460390087793","28.4042295",
"10/12/2001","-40","-6.08845996856689","587","36.539","21.923","0","5.19892581007436","0.425853966518713","23.12832564",
"10/13/2001","-40","-6.08845996856689","587","33.99","23.102","1.9895550192","4.95969051029452","0.563933157053566","13.340642868",
"10/14/2001","-40","-6.08845996856689","587","34.765","21.477","0.43086996","3.84857564247264","0.494630459652676","22.840879968",
"10/15/2001","-40","-6.08845996856689","587","33.32","22.131","0.4823690328","4.08046685950453","0.500973944389521","18.4418424",
"10/16/2001","-40","-6.08845996856689","587","31.475","22.913","0.1338958944","4.77151926272022","0.521684693538794","12.01916592",
"10/17/2001","-40","-6.08845996856689","587","35.155","21.88","0","4.74426347569795","0.445326790511508","27.523899",
"10/18/2001","-40","-6.08845996856689","587","34.846","22.873","0","4.95674159877409","0.447942231040387","28.24588998",
"10/19/2001","-40","-6.08845996856689","587","35.689","21.333","0","5.06905814601535","0.436083839687051","28.5295977",
"10/20/2001","-40","-6.08845996856689","587","36.256","21.547","0","5.80703555622679","0.407558501535696","28.728225",
"10/21/2001","-40","-6.08845996856689","587","36.456","21.575","0","4.73601184895522","0.35273867941993","28.63190178",
"10/22/2001","-40","-6.08845996856689","587","37.174","21.135","0","4.40564663200473","0.385912338376258","28.7137296",
"10/23/2001","-40","-6.08845996856689","587","36.851","21.899","0","5.60147452920242","0.427228042992059","28.47977622",
"10/24/2001","-40","-6.08845996856689","587","37.127","22.684","0","5.46187784171415","0.42262122296101","23.454729288",
"10/25/2001","-40","-6.08845996856689","587","35.755","24.121","0.051498396","4.85311722296504","0.353161425518945","28.6036497",
"10/26/2001","-40","-6.08845996856689","587","35.289","21.667","0","4.3417522489647","0.421731029423846","23.98307328",
"10/27/2001","-40","-6.08845996856689","587","32.209","23.328","0.204277104","3.03371797913827","0.485461358042279","19.84814784",
"10/28/2001","-40","-6.08845996856689","587","35.592","22.446","0","4.64170112268271","0.464627932661976","26.94881322",
"10/29/2001","-40","-6.08845996856689","587","35.368","22.424","0.3381727392","5.36809994734046","0.513488222615407","25.01347572",
"10/30/2001","-40","-6.08845996856689","587","33.854","23.157","0","5.74452815425423","0.479412787871059","27.5708763",
"10/31/2001","-40","-6.08845996856689","587","36.79","22.44","0","4.393708490508","0.405238731058316","28.4896638",
"11/1/2001","-40","-6.08845996856689","587","36.895","21.728","0","3.94822380081974","0.407037014434984","28.56063708",
"11/2/2001","-40","-6.08845996856689","587","37.356","21.939","0","4.91940907369718","0.434295514558653","28.43632908",
"11/3/2001","-40","-6.08845996856689","587","36.619","22.688","0.0068664528","6.00131562812975","0.474385909928824","28.30602618",
"11/4/2001","-40","-6.08845996856689","587","36.257","22.056","0","5.34193126927417","0.423117443829509","28.6070544",
"11/5/2001","-40","-6.08845996856689","587","36.328","21.828","0","5.25498593727755","0.452350564877692","28.3989159",
"11/6/2001","-40","-6.08845996856689","587","36.521","22.18","0","4.65927095453416","0.464956829558764","28.13116968",
"11/7/2001","-40","-6.08845996856689","587","36.766","23.543","0.044631972","4.92371432435121","0.451970392461782","28.4427837",
"11/8/2001","-40","-6.08845996856689","587","35.919","21.99","0","5.44935505008985","0.428879028328302","28.6696656",
"11/9/2001","-40","-6.08845996856689","587","34.481","21.944","0","4.97968813339828","0.465124271726065","27.8146674",
"11/10/2001","-40","-6.08845996856689","587","35.302","23.11","0","4.78667776949079","0.387764693451456","27.62355582",
"11/11/2001","-40","-6.08845996856689","587","36.143","21.774","0","4.78867875371481","0.477325428731008","24.77559564",
"11/12/2001","-40","-6.08845996856689","587","36.91","22.225","0","4.64129163483063","0.447375478117304","28.2074031",
"11/13/2001","-40","-6.08845996856689","587","36.724","22.249","0","5.23394067718075","0.435546586841066","28.2447702",
"11/14/2001","-40","-6.08845996856689","587","36.326","21.837","0","5.36430107139592","0.438068739019289","28.1832255",
"11/15/2001","-40","-6.08845996856689","587","36.559","21.545","0","5.05938236946458","0.459713372916688","26.95620942",
"11/16/2001","-40","-6.08845996856689","587","36.316","22.523","0","5.19903473396983","0.450927523731","28.09844892",
"11/17/2001","-40","-6.08845996856689","587","36.158","22.764","0","5.39105219301447","0.442315517814839","28.400553",
"11/18/2001","-40","-6.08845996856689","587","36.35","22.468","0","5.59992253153961","0.453876333275517","28.2204027",
"11/19/2001","-40","-6.08845996856689","587","36.224","22.185","0","5.44547513647973","0.438896469915198","24.65729748",
"11/20/2001","-40","-6.08845996856689","587","35.736","22.505","0","4.69097516640479","0.446171611580842","28.18101852",
"11/21/2001","-40","-6.08845996856689","587","33.991","21.997","0","5.24611844483641","0.511620410559077","27.8495406",
"11/22/2001","-40","-6.08845996856689","587","36.04","22.886","0","4.96540183690591","0.463322411006017","27.75397608",
"11/23/2001","-40","-6.08845996856689","587","35.765","23.747","0.2712250656","4.13611774109248","0.463939280786785","23.47070706",
"11/24/2001","-40","-6.08845996856689","587","35.507","23.259","0.281524572","4.62178984603704","0.449736947572297","27.6413661",
"11/25/2001","-40","-6.08845996856689","587","36.302","22.907","1.4076216","4.98974990981668","0.460237276637952","23.14597788",
"11/26/2001","-40","-6.08845996856689","587","34.627","23.004","3.79200168","5.74793237903076","0.551264919002023","19.88145306",
"11/27/2001","-40","-6.08845996856689","587","33.35","23.231","0.411987456","5.42272291002223","0.524344600495204","26.72375382",
"11/28/2001","-40","-6.08845996856689","587","35.449","22.43","0.072097776","4.38995750273099","0.504043718485145","27.048762",
"11/29/2001","-40","-6.08845996856689","587","35.643","23.289","0","5.06691154492567","0.480251292399192","22.7551527",
"11/30/2001","-40","-6.08845996856689","587","35.598","23.011","0","5.58353854798834","0.479925095739798","26.77539888",
"12/1/2001","-40","-6.08845996856689","587","35.893","22.588","0","5.39531010515305","0.482141288410321","27.7764786",
"12/2/2001","-40","-6.08845996856689","587","34.764","23.358","2.0719536264","4.3362155912024","0.510853799437482","21.81436902",
"12/3/2001","-40","-6.08845996856689","587","33.012","23.217","3.0984894","4.69476170396527","0.54725644118845","19.74543948",
"12/4/2001","-40","-6.08845996856689","587","34.102","22.568","2.5577543592","4.69832178326586","0.552060469255833","24.05970252",
"12/5/2001","-40","-6.08845996856689","587","32.345","21.715","1.3492582128","4.55201673370332","0.604502833920702","20.2978098",
"12/6/2001","-40","-6.08845996856689","587","30.991","21.611","0","4.61858739405416","0.563441888251233","27.4908951",
"12/7/2001","-40","-6.08845996856689","587","32.512","21.823","0","4.79714376771087","0.531087049228041","27.25813692",
"12/8/2001","-40","-6.08845996856689","587","32.395","22.627","2.7362785464","4.79288326503813","0.555979195817924","23.99872266",
"12/9/2001","-40","-6.08845996856689","587","32.95","22.129","0.6608961864","4.84258299407113","0.596578173071252","22.0842594",
"12/10/2001","-40","-6.08845996856689","587","34.311","22.748","0.0343322856","4.94487220912556","0.507417329314873","27.6846147",
"12/11/2001","-40","-6.08845996856689","587","33.599","23.148","0","5.38350956721392","0.509396129824279","24.88264146",
"12/12/2001","-40","-6.08845996856689","587","33.767","22.176","0.0034332264","5.42064834037671","0.531204505802958","23.85607482",
"12/13/2001","-40","-6.08845996856689","587","34.221","22.531","0","5.47453259238837","0.478305692084373","28.04967882",
"12/14/2001","-40","-6.08845996856689","587","34.479","22.617","0","5.65843838105492","0.50311335102114","27.92751138",
"12/15/2001","-40","-6.08845996856689","587","34.571","22.601","0.1047134448","5.12311387034108","0.541190257722662","15.14069982",
"12/16/2001","-40","-6.08845996856689","587","33.105","22.564","0","5.43489278721218","0.54554272887401","22.10084334",
"12/17/2001","-40","-6.08845996856689","587","33.853","22.36","0","5.15789070568022","0.558889684797097","22.83362136",
"12/18/2001","-40","-6.08845996856689","587","35.023","22.321","0","5.30615109238429","0.507755427682962","27.05455998",
"12/19/2001","-40","-6.08845996856689","587","34.491","22.936","0","5.06532277801256","0.525788291919164","22.6038906",
"12/20/2001","-40","-6.08845996856689","587","35.034","22.97","0.0137329056","5.47438253464834","0.481509378086522","22.79041218",
"12/21/2001","-40","-6.08845996856689","587","35.884","22.955","0","5.11538827598685","0.505456061021603","22.35223062",
"12/22/2001","-40","-6.08845996856689","587","35.219","22.725","0.9338382","5.47191132953198","0.475311012097875","28.0428759",
"12/23/2001","-40","-6.08845996856689","587","35.984","23.215","0","5.31523085981657","0.441928153611454","28.38662082",
"12/24/2001","-40","-6.08845996856689","587","33.865","22.401","0.24719256","5.12526140341482","0.500870350414419","22.8269727",
"12/25/2001","-40","-6.08845996856689","587","35.486","22.749","1.502037","4.8243902130441","0.467697450448134","28.07015202",
"12/26/2001","-40","-6.08845996856689","587","35.337","22.55","0.710678124","5.17629275895032","0.512699436102004","23.62769442",
"12/27/2001","-40","-6.08845996856689","587","36.363","22.519","0.4566195144","5.28696014905321","0.514195635400242","26.3945304",
"12/28/2001","-40","-6.08845996856689","587","35.73","22.349","1.165580532","5.66333580865724","0.561213033669227","24.8851116",
"12/29/2001","-40","-6.08845996856689","587","33.967","22.263","1.299476844","4.84954192269234","0.615533792436063","26.097358392",
"12/30/2001","-40","-6.08845996856689","587","34.146","22.227","1.5947326656","4.72973052201515","0.607726882910145","21.55375998",
"12/31/2001","-40","-6.08845996856689","587","33.049","22.151","0","4.43934758189073","0.577674700644971","26.89289424",
"1/1/2002","-40","-6.08845996856689","587","30.373","22.907","2.5174140264","3.87175140653809","0.730472614978653","15.709835808",
"1/2/2002","-40","-6.08845996856689","587","29.944","21.53","1.0128023064","4.16964537895692","0.747875516629958","14.166329328",
"1/3/2002","-40","-6.08845996856689","587","30.495","21.338","6.157491228","3.4321701914158","0.693834126219086","18.439136568",
"1/4/2002","-40","-6.08845996856689","587","28.476","21.712","7.32307608","2.81818849161208","0.827588785218817","11.14858512",
"1/5/2002","-40","-6.08845996856689","587","30.797","21.749","1.314926172","2.88415869182987","0.704670503861603","19.17702882",
"1/6/2002","-40","-6.08845996856689","587","24.71","21.039","13.396451436","2.2183680633547","0.856295570287526","7.99806996",
"1/7/2002","-40","-6.08845996856689","587","27.6","19.754","1.401615108","2.79531003942018","0.802013954402341","18.73744182",
"1/8/2002","-40","-6.08845996856689","587","31.217","20.448","0.4240038528","2.51925857717224","0.701748664805562","14.9495049",
"1/9/2002","-40","-6.08845996856689","587","28.398","20.908","6.38236764","2.94326832994578","0.777266171696853","20.05880382",
"1/10/2002","-40","-6.08845996856689","587","30.524","20.415","3.33537948","3.32081438218711","0.768388708718859","23.3561808",
"1/11/2002","-40","-6.08845996856689","587","31.409","20.193","3.4907366376","4.16715625619121","0.766585268138123","25.5319317",
"1/12/2002","-40","-6.08845996856689","587","31.49","21.229","5.9154461064","4.03385705587184","0.784150951381104","20.6616384",
"1/13/2002","-40","-6.08845996856689","587","32.236","20.794","3.9018618","4.14577173085806","0.719560957069986","25.3620531",
"1/14/2002","-40","-6.08845996856689","587","31.393","20.921","7.811451972","3.3463316371162","0.779635210848917","26.10697428",
"1/15/2002","-40","-6.08845996856689","587","30.087","20.215","10.375216776","2.71626030140125","0.79743765113982","21.98238606",
"1/16/2002","-40","-6.08845996856689","587","25.943","20.905","22.963142052","2.24394551761727","0.878394990506534","9.959679",
"1/17/2002","-40","-6.08845996856689","587","26.432","19.891","9.00879408","1.9952152533519","0.893590866015691","14.88774258",
"1/18/2002","-40","-6.08845996856689","587","28.884","20.657","1.8951416712","3.18374399384329","0.759341781116151","16.7320107",
"1/19/2002","-40","-6.08845996856689","587","29.985","20.361","8.86202244","2.62638950297244","0.784287368532662","22.1691906",
"1/20/2002","-40","-6.08845996856689","587","32.341","19.594","0","3.49385908425637","0.615261752746937","28.65082968",
"1/21/2002","-40","-6.08845996856689","587","33.545","19.936","0.1218798","3.38078040615733","0.63138789609127","22.55641632",
"1/22/2002","-40","-6.08845996856689","587","30.9","21.078","2.025606276","3.6478523528995","0.665638827601658","23.75229528",
"1/23/2002","-40","-6.08845996856689","587","32.664","21.208","0.309848508","3.50563583348155","0.6146301118186","25.56404658",
"1/24/2002","-40","-6.08845996856689","587","33.177","20.565","0.18882756","3.96097230798125","0.596226100348653","25.31193192",
"1/25/2002","-40","-6.08845996856689","587","32.94","21.266","0","4.60563982525608","0.617621458938458","23.09821884",
"1/26/2002","-40","-6.08845996856689","587","33.268","21.051","0","5.0265154572854","0.654690957713513","25.43911119",
"1/27/2002","-40","-6.08845996856689","587","32.593","20.503","0.0068664528","4.29145611193702","0.665296776284786","25.20388188",
"1/28/2002","-40","-6.08845996856689","587","32.215","20.72","0.3330231624","3.43598315563346","0.728989017571303","9.9290232",
"1/29/2002","-40","-6.08845996856689","587","33.89","20.077","0","4.84935158719747","0.680972214987861","28.28840553",
"1/30/2002","-40","-6.08845996856689","587","32.064","20.487","0.2197265328","3.8773801322529","0.710579818521108","14.0916969",
"1/31/2002","-40","-6.08845996856689","587","32.047","20.233","0","4.34164489712396","0.623317690028922","27.02969946",
"2/1/2002","-40","-6.08845996856689","587","34.005","21.404","1.8814095144","4.11924940886906","0.58475038713613","27.95833773",
"2/2/2002","-40","-6.08845996856689","587","31.687","20.467","0","3.60717917002913","0.560698402478859","18.60581682",
"2/3/2002","-40","-6.08845996856689","587","32.475","20.064","0.0205993728","4.52763639505617","0.6314182577907","27.64614762",
"2/4/2002","-40","-6.08845996856689","587","33.586","19.778","0.69866172","4.30214659879861","0.676299744177549","25.47365346",
"2/5/2002","-40","-6.08845996856689","587","34.287","20.303","0","4.5701883033695","0.603261417118114","22.87834002",
"2/6/2002","-40","-6.08845996856689","587","33.295","19.954","2.660754204","3.6989699463082","0.669794231645273","21.00363633",
"2/7/2002","-40","-6.08845996856689","587","32.612","19.842","2.368926","4.34694363635769","0.622356188753537","20.36643129",
"2/8/2002","-40","-6.08845996856689","587","34.194","21.895","0.40683744","4.10205188725125","0.499580359420295","28.8282933",
"2/9/2002","-40","-6.08845996856689","587","33.058","21.173","1.1243816856","3.56867943177987","0.594877447341228","24.92572905",
"2/10/2002","-40","-6.08845996856689","587","33.338","20.624","0.665187336","3.70291820326485","0.564228864014336","22.72489065",
"2/11/2002","-40","-6.08845996856689","587","32.835","20.29","0","3.91096418559066","0.628065428559791","23.87244816",
"2/12/2002","-40","-6.08845996856689","587","33.488","19.395","3.58943688","2.879579793729","0.698661319181032","17.49723264",
"2/13/2002","-40","-6.08845996856689","587","32.005","20.706","13.1269425984","3.50079449286866","0.723785084810418","25.744611168",
"2/14/2002","-40","-6.08845996856689","587","31.435","20.827","1.0299680136","3.93528554268839","0.724679797044716","17.29592037",
"2/15/2002","-40","-6.08845996856689","587","31.628","20.523","0.1029968568","3.96764772696116","0.687373385433896","25.15410063",
"2/16/2002","-40","-6.08845996856689","587","33.562","20.422","0","4.06221497616892","0.574202237824034","28.76776605",
"2/17/2002","-40","-6.08845996856689","587","33.692","20.908","0.50640138","3.28875446745857","0.614098017379605","22.07891385",
"2/18/2002","-40","-6.08845996856689","587","35.979","20.197","0","3.60563760675898","0.56952385194104","29.01493233",
"2/19/2002","-40","-6.08845996856689","587","35.157","21.109","0.94585482","3.94848188646007","0.590237617815218","28.99732716",
"2/20/2002","-40","-6.08845996856689","587","32.411","21.626","0","4.23842186241353","0.547376594926749","24.9303402",
"2/21/2002","-40","-6.08845996856689","587","34.875","20.64","0","3.4070955197733","0.510170340463681","26.51788152",
"2/22/2002","-40","-6.08845996856689","587","35.72","21.682","2.2350303288","2.96109278555654","0.484956352198466","28.644745536",
"2/23/2002","-40","-6.08845996856689","587","36.034","19.705","0","3.40047713854649","0.500841290628812","29.30930136",
"2/24/2002","-40","-6.08845996856689","587","35.852","20.726","0","3.7516224826038","0.533546919026769","28.6295634",
"2/25/2002","-40","-6.08845996856689","587","36.154","21.882","0.010299672","4.53765629956255","0.500051481343442","29.24397648",
"2/26/2002","-40","-6.08845996856689","587","33.545","20.961","5.25283776","4.58667262648355","0.603867694733813","26.40223044",
"2/27/2002","-40","-6.08845996856689","587","35.709","20.135","0.2214431856","3.62873664148894","0.457936133569095","29.27423268",
"2/28/2002","-40","-6.08845996856689","587","35.614","22.569","0.1974107304","4.46054535937912","0.412352842076924","29.23442334",
"3/1/2002","-40","-6.08845996856689","587","36.71","21.792","0","4.1503943788634","0.404902274385874","29.19264012",
"3/2/2002","-40","-6.08845996856689","587","34.822","19.913","0","3.18086163271141","0.542064517194415","23.99844456",
"3/3/2002","-40","-6.08845996856689","587","35.369","20.889","1.79386128","4.0912237096895","0.574442528487359","25.94249892",
"3/4/2002","-40","-6.08845996856689","587","32.829","21.043","1.3046269464","3.74201154849827","0.683543723929467","16.11235944",
"3/5/2002","-40","-6.08845996856689","587","28.917","21.082","4.119873228","2.93871553360051","0.826115015770694","12.44818566",
"3/6/2002","-40","-6.08845996856689","587","30.641","20.203","27.797190228","2.3889185322359","0.841017258601553","13.129989732",
"3/7/2002","-40","-6.08845996856689","587","27.525","21.64","5.335235748","3.18399176454465","0.854463614487764","12.03356178",
"3/8/2002","-40","-6.08845996856689","587","31.19","21.258","20.13758136","3.6641962194949","0.766528213918597","17.58807954",
"3/9/2002","-40","-6.08845996856689","587","32.429","21.324","3.24268452","3.44822955874529","0.69213393626468","23.30241264",
"3/10/2002","-40","-6.08845996856689","587","32.845","20.7","1.6342164","4.03990061387286","0.679162226919769","25.96882446",
"3/11/2002","-40","-6.08845996856689","587","32.543","20.64","0.3055568904","3.70505878276247","0.668613622516036","22.32854622",
"3/12/2002","-40","-6.08845996856689","587","33.769","21.79","0.45318672","4.50714318106291","0.651004256397289","25.26935292",
"3/13/2002","-40","-6.08845996856689","587","33.953","20.107","0.8651739528","3.82911903331604","0.561035147820672","28.83762756",
"3/14/2002","-40","-6.08845996856689","587","33.708","19.445","0","2.85108925384044","0.565877233565499","27.63089712",
"3/15/2002","-40","-6.08845996856689","587","33.013","18.883","0","2.94529845842186","0.638192947223476","23.30938629",
"3/16/2002","-40","-6.08845996856689","587","32.939","19.529","0.1115798544","2.96438549719761","0.736500313757014","20.18767365",
"3/17/2002","-40","-6.08845996856689","587","34.087","19.22","0","3.42544506436752","0.655019286750566","22.39424946",
"3/18/2002","-40","-6.08845996856689","587","34.614","21.01","0.163078164","3.7782840990143","0.694557157430946","18.57076506",
"3/19/2002","-40","-6.08845996856689","587","33.526","21.642","1.8573762744","4.67347757268466","0.731056109388123","23.56340274",
"3/20/2002","-40","-6.08845996856689","587","32.572","21.161","1.9929889656","3.6675479170206","0.68999359165407","25.32279816",
"3/21/2002","-40","-6.08845996856689","587","32.459","20.684","0","4.22364523929793","0.639634993249564","27.73101762",
"3/22/2002","-40","-6.08845996856689","587","33.151","19.767","0","4.08446544886022","0.60263833323812","27.45067734",
"3/23/2002","-40","-6.08845996856689","587","30.071","20.821","1.1999127168","4.33854704729056","0.778815827566212","22.826187108",
"3/24/2002","-40","-6.08845996856689","587","32.67","20.186","0","3.69204355833635","0.650206767082246","24.47701974",
"3/25/2002","-40","-6.08845996856689","587","32.688","21.202","3.695868324","3.29522702717089","0.652535877987045","22.58966646",
"3/26/2002","-40","-6.08845996856689","587","32.217","20.179","0","3.86217477205206","0.588772716141918","27.86709186",
"3/27/2002","-40","-6.08845996856689","587","31.766","20.375","0.04634856","3.71190576316448","0.618052800251255","22.3646589",
"3/28/2002","-40","-6.08845996856689","587","34.19","20.342","0.13647096","3.95621365217045","0.575629185528268","21.63509244",
"3/29/2002","-40","-6.08845996856689","587","33.281","20.704","2.53801404","4.08582355754139","0.631840764770544","24.89737806",
"3/30/2002","-40","-6.08845996856689","587","33.895","21.438","3.15341712","4.10110281761927","0.615011025187526","26.753797332",
"3/31/2002","-40","-6.08845996856689","587","33.63","20.591","0","4.08648662118545","0.645415721381311","24.75281124",
"4/1/2002","-40","-6.08845996856689","587","30.483","20.776","0.1785278664","4.0623163749229","0.699634596713924","18.47751246",
"4/2/2002","-40","-6.08845996856689","587","30.412","20.747","1.38702438","3.94794724961656","0.771399283047794","19.8151281",
"4/3/2002","-40","-6.08845996856689","587","32.07","20.477","3.26156454","3.95994269540495","0.71738441418078","21.14887158",
"4/4/2002","-40","-6.08845996856689","587","31.532","20.889","9.681699096","3.5336604646861","0.752815403847514","21.04817778",
"4/5/2002","-40","-6.08845996856689","587","29.003","21.108","81.27135468","2.54147634398221","0.812006444694634","12.970465308",
"4/6/2002","-40","-6.08845996856689","587","30","21.183","7.5462345","3.20248941650748","0.740102447307797","14.553735228",
"4/7/2002","-40","-6.08845996856689","587","27.085","20.851","9.08431794","2.47586062273416","0.826815854718691","5.548052988",
"4/8/2002","-40","-6.08845996856689","587","30.201","20.362","8.66889864","2.40292352806057","0.883618048912935","13.6884375",
"4/9/2002","-40","-6.08845996856689","587","32.577","21.071","2.7877793256","3.17927097420815","0.745703991535682","16.27098102",
"4/10/2002","-40","-6.08845996856689","587","32.469","21.448","1.613616804","4.12871791225717","0.748714717070644","24.15071196",
"4/11/2002","-40","-6.08845996856689","587","32.778","20.736","2.98004202","3.09768548824603","0.660519514628488","25.4863674",
"4/12/2002","-40","-6.08845996856689","587","32.988","20.304","0.95100372","3.26392654702557","0.663293220124707","19.60481322",
"4/13/2002","-40","-6.08845996856689","587","32.773","19.853","0.109863288","3.2565829929888","0.676657016355732","21.70833624",
"4/14/2002","-40","-6.08845996856689","587","30.513","20.689","1.187896644","2.60852790202563","0.801134440540294","10.89146736",
"4/15/2002","-40","-6.08845996856689","587","32.797","20.062","3.62892024","2.93636835658455","0.644903290218949","25.9957062",
"4/16/2002","-40","-6.08845996856689","587","33.337","20.496","1.66511592","3.21732315149583","0.591023387216763","21.587571",
"4/17/2002","-40","-6.08845996856689","587","31.422","20.452","2.92510962","2.67152359895644","0.599480274826041","16.30063278",
"4/18/2002","-40","-6.08845996856689","587","31.42","18.7","0","3.57806471500735","0.574518116147736","25.69910328",
"4/19/2002","-40","-6.08845996856689","587","33.213","20.056","1.6067511","3.52447888935469","0.597833183269759","24.85957428",
"4/20/2002","-40","-6.08845996856689","587","32.102","20.684","3.0933414","3.72946340361473","0.648384040830632","25.32965958",
"4/21/2002","-40","-6.08845996856689","587","32.477","20.473","0","3.77766665488862","0.565545393106361","24.54007032",
"4/22/2002","-40","-6.08845996856689","587","33.053","19.848","0","3.45223866838931","0.544532536914079","21.51848826",
"4/23/2002","-40","-6.08845996856689","587","32.471","20.765","0.1304624664","4.47631694004009","0.547684019070742","24.01796664",
"4/24/2002","-40","-6.08845996856689","587","31.77","20.014","0.4909516992","3.66344765461545","0.580998031849432","18.63691956",
"4/25/2002","-40","-6.08845996856689","587","32.123","20.175","0.89950572","2.91133739627594","0.64071698588699","19.28030886",
"4/26/2002","-40","-6.08845996856689","587","29.893","20.284","6.80122278","2.2942395974003","0.823161428848426","11.17636326",
"4/27/2002","-40","-6.08845996856689","587","30.687","20.129","4.483792836","2.00391002458902","0.786766624123948","10.65796632",
"4/28/2002","-40","-6.08845996856689","587","29.951","18.084","0.0205993728","2.86983113965078","0.598882726635861","19.86997572",
"4/29/2002","-40","-6.08845996856689","587","31.522","18.932","0.2986905096","2.97443263855903","0.659576570907386","16.62008058",
"4/30/2002","-40","-6.08845996856689","587","33.231","19.096","0","3.4015183119698","0.580499518211701","24.59103642",
"5/1/2002","-40","-6.08845996856689","587","32.396","20.891","1.6136172","3.11733372386447","0.776739704303209","11.3228424",
"5/2/2002","-40","-6.08845996856689","587","29.589","20.989","4.70008836","2.53069397002551","0.828655733369279","11.19510054",
"5/3/2002","-40","-6.08845996856689","587","29.449","18.912","7.46040402","1.64710480655463","0.831391536908547","12.25957374",
"5/4/2002","-40","-6.08845996856689","587","32.935","17.371","0","2.64187871143681","0.632452103118023","23.69103588",
"5/5/2002","-40","-6.08845996856689","587","33.506","18.083","0","2.69782641992526","0.583408070573972","24.5967201",
"5/6/2002","-40","-6.08845996856689","587","33.382","18.762","0.2746579176","2.98719224374067","0.633294028965233","13.77292572",
"5/7/2002","-40","-6.08845996856689","587","30.103","20.889","1.5277856904","3.55785696055085","0.744395189103698","14.56610886",
"5/8/2002","-40","-6.08845996856689","587","32.314","20.041","1.85051304","3.71306372544971","0.615404304028801","23.754996",
"5/9/2002","-40","-6.08845996856689","587","32.686","18.396","0.3639222","3.12089099815917","0.621507414287912","23.96615616",
"5/10/2002","-40","-6.08845996856689","587","32.987","20.67","3.903579324","3.33211373706317","0.698593765418337","22.6078839",
"5/11/2002","-40","-6.08845996856689","587","32.208","20.148","1.95350742","3.77930250648114","0.668034880648219","22.51698984",
"5/12/2002","-40","-6.08845996856689","587","32.614","19.104","1.18789704","3.72495050146929","0.622117423799227","24.0335406",
"5/13/2002","-40","-6.08845996856689","587","31.985","17.728","0","4.07612339601278","0.539747714165185","23.92515018",
"5/14/2002","-40","-6.08845996856689","587","31.989","18.792","0","3.53748897457741","0.536567540192096","22.09691844",
"5/15/2002","-40","-6.08845996856689","587","31.696","20.396","0.872039772","3.27820520778905","0.661689081808477","15.49940976",
"5/16/2002","-40","-6.08845996856689","587","32.694","20.997","5.136110064","3.39151068517138","0.743172620887371","19.78031142",
"5/17/2002","-40","-6.08845996856689","587","33.141","20.712","0.09956358","3.04893212889631","0.666090148409871","16.86088584",
"5/18/2002","-40","-6.08845996856689","587","32.31","20.971","0.82740816","4.10094605838248","0.617335573491495","22.34762334",
"5/19/2002","-40","-6.08845996856689","587","32.672","19.746","0.394821","4.10711375031731","0.641087511176755","23.35089456",
"5/20/2002","-40","-6.08845996856689","587","33.044","20.281","0.120163104","3.49619471333305","0.610527716036704","22.90972626",
"5/21/2002","-40","-6.08845996856689","587","32.417","20.162","0.96817122","3.67208972546429","0.646670183403971","23.05625652",
"5/22/2002","-40","-6.08845996856689","587","32.911","20.883","0.8239748184","4.06967592302787","0.646013567414578","23.22421218",
"5/23/2002","-40","-6.08845996856689","587","32.936","20.51","0.0308990592","4.07907127714368","0.651271792915726","22.4258067",
"5/24/2002","-40","-6.08845996856689","587","29.222","20.436","6.93855432","2.66712450485286","0.874441243569179","15.68199168",
"5/25/2002","-40","-6.08845996856689","587","27.576","19.115","6.17980788","2.48690816771113","0.837920538169898","8.53667154",
"5/26/2002","-40","-6.08845996856689","587","31.751","18.83","0.212860152","4.18583818044029","0.653429823011853","19.62501102",
"5/27/2002","-40","-6.08845996856689","587","30.5","18.763","0","5.01332063059375","0.650794606226538","19.29380886",
"5/28/2002","-40","-6.08845996856689","587","28.942","19.121","0.1716613488","3.64364689153388","0.669630951665462","8.78012442",
"5/29/2002","-40","-6.08845996856689","587","31.123","18.744","0.0377655264","3.86125042801813","0.621324826090392","18.90292482",
"5/30/2002","-40","-6.08845996856689","587","28.73","20.461","0.2368928664","4.18992758438463","0.656974379239119","13.50675108",
"5/31/2002","-40","-6.08845996856689","587","31.643","19.196","4.47177672","4.14627183981987","0.722332563992487","20.76158862",
"6/1/2002","-40","-6.08845996856689","587","29.111","19.8","6.1111441512","3.80621040680433","0.784374323771522","10.09265202",
"6/2/2002","-40","-6.08845996856689","587","31.123","20.109","0.3467560104","3.96762317958932","0.601533700671813","16.72311726",
"6/3/2002","-40","-6.08845996856689","587","31.671","18.038","0","3.93864813268571","0.573462925612808","22.66722972",
"6/4/2002","-40","-6.08845996856689","587","32.596","20.46","0.0652313232","3.49590505653827","0.583396055833553","22.5745326",
"6/5/2002","-40","-6.08845996856689","587","32.037","20.527","0.374221476","3.64296140724408","0.621683334919045","20.76406488",
"6/6/2002","-40","-6.08845996856689","587","31.76","20.173","3.28903416","4.26547754430596","0.653685277425005","20.47302702",
"6/7/2002","-40","-6.08845996856689","587","30.567","19.305","2.2762290024","4.34715976956635","0.702867933838533","17.62588458",
"6/8/2002","-40","-6.08845996856689","587","29.815","18.175","0.672913044","4.27437954172154","0.757185061987897","16.03029762",
"6/9/2002","-40","-6.08845996856689","587","31.979","17.234","0.01373292","3.98756905865012","0.667595712029047","22.2785973",
"6/10/2002","-40","-6.08845996856689","587","32.415","18.973","0","4.35606707810012","0.554312245765994","19.24998246",
"6/11/2002","-40","-6.08845996856689","587","32.141","16.707","0","3.43284671340221","0.555064610831543","22.5200862",
"6/12/2002","-40","-6.08845996856689","587","32.516","20.693","1.29775968","3.96072756986234","0.66513309215111","17.16929874",
"6/13/2002","-40","-6.08845996856689","587","28.6","20.742","15.95763486","3.02546437227041","0.856182488540991","8.88564042",
"6/14/2002","-40","-6.08845996856689","587","29.548","18.585","7.4878685424","4.22385809454077","0.694197317844972","22.2973956",
"6/15/2002","-40","-6.08845996856689","587","31.67","18.681","0.1682282304","4.50309604759355","0.625484939294871","18.36956592",
"6/16/2002","-40","-6.08845996856689","587","31.669","19.65","0.736427484","4.66985869562911","0.597524977142266","20.40277104",
"6/17/2002","-40","-6.08845996856689","587","31.025","17.903","0.1613617632","4.11534224444783","0.57886887013807","22.65761124",
"6/18/2002","-40","-6.08845996856689","587","27.765","17.491","0.0720977904","4.55692128866915","0.632504501318561","18.09657576",
"6/19/2002","-40","-6.08845996856689","587","31.21","16.273","0","4.89689620549585","0.579793245855959","22.52637972",
"6/20/2002","-40","-6.08845996856689","587","30.482","18.873","0.05493168","4.97406410533427","0.596059402387215","18.49083804",
"6/21/2002","-40","-6.08845996856689","587","30.875","18.103","0.4943847384","4.37219616464413","0.646656678781815","21.21761664",
"6/22/2002","-40","-6.08845996856689","587","29.849","17.994","0.370788552","4.33151749709724","0.65770667915049","14.5634688",
"6/23/2002","-40","-6.08845996856689","587","31.274","16.977","0.034332264","4.91661893413684","0.56936677037897","22.9492728",
"6/24/2002","-40","-6.08845996856689","587","31.165","17.989","0.75874266","4.00558842588221","0.568233691173078","22.50736452",
"6/25/2002","-40","-6.08845996856689","587","31.971","18.735","4.803085368","3.2943573734598","0.607882750070839","19.89426924",
"6/26/2002","-40","-6.08845996856689","587","32.139","19.429","0.02746584","4.74533563461898","0.546989283536147","19.15571268",
"6/27/2002","-40","-6.08845996856689","587","31.451","18.639","1.187897184","4.21984902611894","0.621399472578394","22.3233786",
"6/28/2002","-40","-6.08845996856689","587","32.403","17.219","0","4.03888973364052","0.540145826922149","22.16693304",
"6/29/2002","-40","-6.08845996856689","587","31.8","18.838","0.0034332264","4.75416585997885","0.5386313273834","22.6724004",
"6/30/2002","-40","-6.08845996856689","587","30.49","19.051","1.699446672","4.59245326604565","0.684202478830195","14.57003232",
"7/1/2002","-40","-6.08845996856689","587","30.908","19.859","4.265787852","4.81700247712018","0.728007803402042","15.60881736",
"7/2/2002","-40","-6.08845996856689","587","30.906","18.459","1.3896018","5.35436800712733","0.596753783590335","22.49313588",
"7/3/2002","-40","-6.08845996856689","587","30.909","16.491","0","4.72152681835684","0.559655952017846","19.9513134",
"7/4/2002","-40","-6.08845996856689","587","31.327","16.983","0.22316004","4.55055507716452","0.595676742715218","18.28918224",
"7/5/2002","-40","-6.08845996856689","587","29.496","18.85","0.1270296864","4.0630688549614","0.652635446054207","15.25691088",
"7/6/2002","-40","-6.08845996856689","587","30.185","18.376","0.223159788","5.23328113743282","0.617474016535227","21.9147741",
"7/7/2002","-40","-6.08845996856689","587","32.843","15.869","0","4.21083676969829","0.485901490290358","23.09967792",
"7/8/2002","-40","-6.08845996856689","587","33.245","16.661","0","3.63684612020917","0.497998298167635","22.98475692",
"7/9/2002","-40","-6.08845996856689","587","32.283","20.297","0","4.21958615232849","0.595750617005115","22.68112788",
"7/10/2002","-40","-6.08845996856689","587","31.988","18.475","0","4.43674221173655","0.630502617353307","22.50292248",
"7/11/2002","-40","-6.08845996856689","587","32.309","18.692","0.0377654904","4.70077084647604","0.584938527801823","19.87858404",
"7/12/2002","-40","-6.08845996856689","587","31.903","19.927","0.135612648","4.03319152008045","0.501648216789451","23.36265108",
"7/13/2002","-40","-6.08845996856689","587","32.057","17.029","0","2.82165571569001","0.548229237827753","23.21993808",
"7/14/2002","-40","-6.08845996856689","587","32.572","17.01","0","2.77077259294602","0.540745538963898","22.95939132",
"7/15/2002","-40","-6.08845996856689","587","32.825","20.047","0.0308990376","4.13260968496328","0.561273809266826","21.768642",
"7/16/2002","-40","-6.08845996856689","587","32.751","19.752","0","3.55573907897009","0.509297070002511","23.34015828",
"7/17/2002","-40","-6.08845996856689","587","33.024","19.215","0","3.79004926890208","0.472788216289955","23.70791412",
"7/18/2002","-40","-6.08845996856689","587","33.135","18.09","0","3.4149384190389","0.511872469791729","23.45045832",
"7/19/2002","-40","-6.08845996856689","587","32.775","20.204","0","4.37040805890599","0.469380380120421","23.61172932",
"7/20/2002","-40","-6.08845996856689","587","32.772","17.376","0","4.8480631860013","0.488272135526271","23.84538984",
"7/21/2002","-40","-6.08845996856689","587","32.816","18.625","0.0171661392","4.14769639191623","0.520032999529994","23.33531556",
"7/22/2002","-40","-6.08845996856689","587","32.753","18.686","0","3.66867492749114","0.521068401888214","22.40983044",
"7/23/2002","-40","-6.08845996856689","587","33.342","20.946","0","3.90623938224649","0.485179837389177","23.64468552",
"7/24/2002","-40","-6.08845996856689","587","33.588","20.868","0","4.29197579113617","0.515357097489776","21.9297384",
"7/25/2002","-40","-6.08845996856689","587","32.181","20.048","0.0102996864","4.87797938710737","0.570329031787428","21.68673912",
"7/26/2002","-40","-6.08845996856689","587","32.426","19.923","0.8153908344","4.90036209197052","0.581638397318075","20.08518012",
"7/27/2002","-40","-6.08845996856689","587","32.61","19.198","1.83849372","3.98028085226365","0.61455803830594","21.27740616",
"7/28/2002","-40","-6.08845996856689","587","32.762","19.706","1.031685012","3.66103698726031","0.617662104939121","22.99741848",
"7/29/2002","-40","-6.08845996856689","587","33.007","19.133","0","4.00270014547757","0.504225835725505","24.18086808",
"7/30/2002","-40","-6.08845996856689","587","32.091","19.205","0","5.22728237605864","0.536464876178093","20.74826196",
"7/31/2002","-40","-6.08845996856689","587","32.098","18.104","0","4.31087988297783","0.509240859030896","24.51167172",
"8/1/2002","-40","-6.08845996856689","587","32.494","19.778","1.108932372","3.62643671180048","0.496368202854223","24.30090576",
"8/2/2002","-40","-6.08845996856689","587","32.679","20.682","3.13797474","3.63321307282953","0.54707406773591","18.17819928",
"8/3/2002","-40","-6.08845996856689","587","32.924","20.766","2.55088908","3.73133638674863","0.542794445719865","20.47662648",
"8/4/2002","-40","-6.08845996856689","587","33.25","20.322","0.15792858","3.79402393259913","0.469317805840766","24.4570518",
"8/5/2002","-40","-6.08845996856689","587","32.962","17.651","0","3.23292818269089","0.408996552931334","25.031808",
"8/6/2002","-40","-6.08845996856689","587","32.733","17.955","0","3.79417717933757","0.385998374917368","25.22211228",
"8/7/2002","-40","-6.08845996856689","587","33.162","18.017","0","4.25683693224135","0.368239433910057","25.24184712",
"8/8/2002","-40","-6.08845996856689","587","33.247","20.09","0","4.49518522569738","0.396835909127167","25.04480292",
"8/9/2002","-40","-6.08845996856689","587","31.523","19.816","0","4.98011515250524","0.496333160856812","24.59879604",
"8/10/2002","-40","-6.08845996856689","587","32.884","18.448","0","4.61557777267264","0.431395806562036","25.29135252",
"8/11/2002","-40","-6.08845996856689","587","32.482","18.311","0","4.76618406350734","0.438216732375117","25.14876228",
"8/12/2002","-40","-6.08845996856689","587","32.954","19.727","0","4.85771715914799","0.504163865699043","20.62445076",
"8/13/2002","-40","-6.08845996856689","587","33.106","19.345","1.074600252","4.53418558512623","0.527500060997785","25.11315144",
"8/14/2002","-40","-6.08845996856689","587","33.321","20.161","2.241894384","4.5387165419483","0.480320460154427","25.39418328",
"8/15/2002","-40","-6.08845996856689","587","32.319","19.548","0.68149602","4.77735614074292","0.542412696049099","23.7537",
"8/16/2002","-40","-6.08845996856689","587","33.883","21.022","2.2418974584","5.01578816623652","0.495695832618637","23.70510954",
"8/17/2002","-40","-6.08845996856689","587","32.644","19.548","0.0686645568","5.86980158945518","0.501155660158063","25.21867464",
"8/18/2002","-40","-6.08845996856689","587","30.781","20.745","0.133895916","5.11139328939547","0.534306933170671","20.3007942",
"8/19/2002","-40","-6.08845996856689","587","32.436","19.269","0","5.95560940559464","0.468589012993819","25.98952356",
"8/20/2002","-40","-6.08845996856689","587","32.075","18.568","0.7656079464","4.94799793628482","0.515252024274832","20.75816214",
"8/21/2002","-40","-6.08845996856689","587","32.414","21.184","1.242826956","6.03633482198062","0.509965599549035","25.29427716",
"8/22/2002","-40","-6.08845996856689","587","32.82","18.446","0","5.23196248128077","0.463190570108748","26.03733822",
"8/23/2002","-40","-6.08845996856689","587","31.408","19.162","0.030899052","4.94091130268895","0.517059118198364","25.56258498",
"8/24/2002","-40","-6.08845996856689","587","32.554","18.025","0.048065184","4.75041663623066","0.410955765875868","26.52462702",
"8/25/2002","-40","-6.08845996856689","587","33.5","17.891","0","4.53678334453075","0.438451727914525","26.26819164",
"8/26/2002","-40","-6.08845996856689","587","34.443","19.108","0","4.23471600771757","0.375376181806176","26.3656125",
"8/27/2002","-40","-6.08845996856689","587","33.573","20.262","0.0137329056","4.39729856171022","0.435034422080497","25.73449182",
"8/28/2002","-40","-6.08845996856689","587","33.849","19.455","0","5.81186405231283","0.422481295844114","26.3270214",
"8/29/2002","-40","-6.08845996856689","587","34.057","19.143","0","6.18588587551309","0.453119528823377","26.61726888",
"8/30/2002","-40","-6.08845996856689","587","34.588","19.263","0","5.16655421148654","0.426916388916407","26.73050814",
"8/31/2002","-40","-6.08845996856689","587","34.329","21.216","0.0961303536","4.69330869473016","0.446548144995309","26.63257509",
"9/1/2002","-40","-6.08845996856689","587","34.772","20.284","0","4.48351304030973","0.4941192869182","26.84739789",
"9/2/2002","-40","-6.08845996856689","587","35.591","19.933","0","4.54353003511436","0.48720562366721","26.83743471",
"9/3/2002","-40","-6.08845996856689","587","37.101","20.672","0","5.52192266006063","0.462379221000812","26.6328036",
"9/4/2002","-40","-6.08845996856689","587","35.426","22.875","0.0892638864","5.41861911617045","0.492031729042071","25.88973606",
"9/5/2002","-40","-6.08845996856689","587","33.802","20.382","0","4.78766992120945","0.467227331134129","26.92310976",
"9/6/2002","-40","-6.08845996856689","587","34.104","19.692","0","4.31359078756504","0.463235499623755","26.93160288",
"9/7/2002","-40","-6.08845996856689","587","34.891","21.892","2.0856824784","3.66867417626974","0.450665799954471","25.6309893",
"9/8/2002","-40","-6.08845996856689","587","35.058","20.93","0","4.04019928267676","0.427542232874704","27.0397692",
"9/9/2002","-40","-6.08845996856689","587","34.07","21.662","0.0102996792","5.79163764614724","0.444607141986432","25.64061048",
"9/10/2002","-40","-6.08845996856689","587","34.425","21.082","0.00686646","5.25147952978239","0.389030000798734","22.72326354",
"9/11/2002","-40","-6.08845996856689","587","34.306","20.578","0.030899052","4.86716289691968","0.396515467016063","27.05107122",
"9/12/2002","-40","-6.08845996856689","587","33.999","20.919","0.1750946904","4.81452984703476","0.393820866046272","27.12921066",
"9/13/2002","-40","-6.08845996856689","587","34.639","21.394","0","4.29736991745546","0.360750363839003","27.3035817",
"9/14/2002","-40","-6.08845996856689","587","35.857","20.432","0","3.78810768402392","0.399250586210539","27.357129072",
"9/15/2002","-40","-6.08845996856689","587","35.407","20.841","0","4.80475619421202","0.441946365088762","27.610934688",
"9/16/2002","-40","-6.08845996856689","587","33.728","21.9","0.0823974408","6.00604972319071","0.504897127806544","27.5509179",
"9/17/2002","-40","-6.08845996856689","587","33.851","21.001","0","5.25208531498716","0.439980484677658","27.657907992",
"9/18/2002","-40","-6.08845996856689","587","33.58","20.996","0","4.79852545432547","0.404925207160528","27.6658335",
"9/19/2002","-40","-6.08845996856689","587","34.142","21.272","0","4.1395792412823","0.377850925121638","27.907317",
"9/20/2002","-40","-6.08845996856689","587","35.309","20.233","0","3.52942496652472","0.322098788219036","28.1805228",
"9/21/2002","-40","-6.08845996856689","587","36.111","20.226","0","2.58457254884013","0.416553905075759","27.686135232",
"9/22/2002","-40","-6.08845996856689","587","35.616","22.558","0.0892639224","4.61048162831835","0.453636780434297","27.17870796",
"9/23/2002","-40","-6.08845996856689","587","35.742","20.868","0","4.9685822336829","0.491088082412704","27.501518952",
"9/24/2002","-40","-6.08845996856689","587","35.117","21.084","0","5.1752693599279","0.470652649782266","27.463836168",
"9/25/2002","-40","-6.08845996856689","587","35.289","20.589","0","4.27583792259856","0.48767819094463","27.59647806",
"9/26/2002","-40","-6.08845996856689","587","35.802","20.468","0","4.95257099584509","0.434136960564677","27.976555368",
"9/27/2002","-40","-6.08845996856689","587","35.653","21.287","0","5.84850187669545","0.464623409217113","25.560952488",
"9/28/2002","-40","-6.08845996856689","587","33.895","21.878","0.425720016","3.88287946025017","0.547443936088398","14.61065337",
"9/29/2002","-40","-6.08845996856689","587","34.447","21.622","0.3021241104","4.41125008565133","0.478882271198255","26.93526282",
"9/30/2002","-40","-6.08845996856689","587","34.977","21.477","0","4.49269081866964","0.426535085570435","28.137454272",
"10/1/2002","-40","-6.08845996856689","587","35.407","20.562","0","4.51948446825235","0.40623898557746","28.380537432",
"10/2/2002","-40","-6.08845996856689","587","34.756","21.166","0","4.29823270522301","0.519555456259828","22.726122192",
"10/3/2002","-40","-6.08845996856689","587","35.678","22.198","0.0068664528","4.80887774921961","0.491273705780863","23.06863674",
"10/4/2002","-40","-6.08845996856689","587","35.923","21.657","0.4325868","4.28852277233382","0.471446659846402","26.681734368",
"10/5/2002","-40","-6.08845996856689","587","35.517","22.347","0.6162642","5.46688557887688","0.439931340547587","27.8979246",
"10/6/2002","-40","-6.08845996856689","587","34.912","21.876","0","6.28719480717283","0.443964144468951","28.020893832",
"10/7/2002","-40","-6.08845996856689","587","34.906","21.315","0.025749216","5.48472753124894","0.455002838705401","23.1602877",
"10/8/2002","-40","-6.08845996856689","587","33.577","21.93","1.4625552024","5.59853428772874","0.50470782547361","22.724445672",
"10/9/2002","-40","-6.08845996856689","587","35.489","21.265","0.0137329056","5.00564597650689","0.453833740778901","22.34509236",
"10/10/2002","-40","-6.08845996856689","587","35.697","23.228","0.260925516","5.09306567620812","0.408589883591576","27.47564694",
"10/11/2002","-40","-6.08845996856689","587","36.184","22.191","0","5.29592339760684","0.39481032534609","28.20476916",
"10/12/2002","-40","-6.08845996856689","587","35.77","21.681","0","5.34864822665624","0.35038655481139","28.5313914",
"10/13/2002","-40","-6.08845996856689","587","35.864","22.826","0","5.13685834632306","0.44955082937602","28.0895535",
"10/14/2002","-40","-6.08845996856689","587","36.002","21.909","0","4.88398240853841","0.413320688584559","28.343544192",
"10/15/2002","-40","-6.08845996856689","587","36.102","23.123","0.063514692","4.94084026040051","0.429825178599188","27.946567512",
"10/16/2002","-40","-6.08845996856689","587","35.532","22.591","0","5.09799413062781","0.449830948886495","28.00798542",
"10/17/2002","-40","-6.08845996856689","587","36.769","21.927","0.132179436","4.6459413325205","0.446610805363863","27.80062092",
"10/18/2002","-40","-6.08845996856689","587","37.301","22.744","0.29869056","5.01919075943133","0.420007295862383","28.2964356",
"10/19/2002","-40","-6.08845996856689","587","35.29","23.003","0.159645168","5.70121409513635","0.425030456692975","23.43847284",
"10/20/2002","-40","-6.08845996856689","587","34.227","21.547","0.2952576","6.20211191693625","0.427935994737466","28.1859246",
"10/21/2002","-40","-6.08845996856689","587","35.334","22.354","0.0068664528","5.47569435387976","0.427195763755393","27.151195752",
"10/22/2002","-40","-6.08845996856689","587","35.373","23.027","0","5.22845902248933","0.406434394472885","28.33797114",
"10/23/2002","-40","-6.08845996856689","587","36.207","22.991","0.173377872","5.55989025982878","0.450452813889119","28.2586707",
"10/24/2002","-40","-6.08845996856689","587","35.668","23.381","0.116729892","5.69542182164813","0.439655269545436","28.09995642",
"10/25/2002","-40","-6.08845996856689","587","35.427","23.213","0","5.11920696558044","0.389610237746334","27.25729038",
"10/26/2002","-40","-6.08845996856689","587","36.337","22.285","0","4.68668169509475","0.371639540060899","28.3771476",
"10/27/2002","-40","-6.08845996856689","587","36.167","21.983","0","5.07802850407155","0.446603559306197","28.1894715",
"10/28/2002","-40","-6.08845996856689","587","36.247","22.806","0","5.41332781138413","0.440241329376252","26.32885812",
"10/29/2002","-40","-6.08845996856689","587","36.275","22.478","0","5.68219472615934","0.440714907750173","24.5175138",
"10/30/2002","-40","-6.08845996856689","587","36.221","22.193","0","5.32940077171449","0.392156399218147","28.4726808",
"10/31/2002","-40","-6.08845996856689","587","36.645","21.738","0","5.21862104485496","0.407204383267349","28.68034248",
"11/1/2002","-40","-6.08845996856689","587","36.776","21.414","0","5.20652973045674","0.441906573973962","28.27497258",
"11/2/2002","-40","-6.08845996856689","587","36.951","22.103","0","5.46667215901481","0.415957032946493","28.3327812",
"11/3/2002","-40","-6.08845996856689","587","35.917","22.162","0","5.27510776317283","0.436877296005994","27.0155988",
"11/4/2002","-40","-6.08845996856689","587","34.917","21.828","0","3.70750608956046","0.441813973192077","23.73007176",
"11/5/2002","-40","-6.08845996856689","587","35.546","22.864","0","4.3024665372422","0.44380654202534","28.21556772",
"11/6/2002","-40","-6.08845996856689","587","36.301","21.241","0","4.07011856293988","0.441086282350063","28.1854323",
"11/7/2002","-40","-6.08845996856689","587","35.887","21.572","0","3.89776154204378","0.455996245104772","23.37891228",
"11/8/2002","-40","-6.08845996856689","587","35.689","23.304","0.0068664528","5.06859887713239","0.451155875180805","23.90028516",
"11/9/2002","-40","-6.08845996856689","587","34.973","21.93","8.40797316","4.33161485624598","0.498295891389404","24.0344964",
"11/10/2002","-40","-6.08845996856689","587","35.349","21.446","0","4.47327142676876","0.388285038268577","28.6127271",
"11/11/2002","-40","-6.08845996856689","587","35.567","21.808","0","4.71695002916662","0.436952152099925","28.35056538",
"11/12/2002","-40","-6.08845996856689","587","34.836","22.156","0","5.03252314810604","0.444607827297968","28.3180986",
"11/13/2002","-40","-6.08845996856689","587","33.813","22.4","0","5.4985157934264","0.466716290497067","28.1615103",
"11/14/2002","-40","-6.08845996856689","587","35.479","22.439","0","4.42507016044859","0.425791843768848","28.4558967",
"11/15/2002","-40","-6.08845996856689","587","35.981","23.306","0.0686646","4.56728234549923","0.370212612412599","28.220112",
"11/16/2002","-40","-6.08845996856689","587","36.218","23.384","0","4.81021657343406","0.330516523403701","28.6345962",
"11/17/2002","-40","-6.08845996856689","587","35.491","22.585","0","5.35478233773652","0.459073820131373","28.06260588",
"11/18/2002","-40","-6.08845996856689","587","35.977","22.364","0","5.77339391115666","0.442555424572168","28.28221812",
"11/19/2002","-40","-6.08845996856689","587","36.377","22.143","0","5.4829868826705","0.433218038709423","28.2981879",
"11/20/2002","-40","-6.08845996856689","587","36.201","22.571","0","5.27166466569244","0.446424840707577","26.33738418",
"11/21/2002","-40","-6.08845996856689","587","36.37","22.577","0","5.41030062802518","0.452740143860585","28.0086741",
"11/22/2002","-40","-6.08845996856689","587","36.454","22.629","0","5.70801343982961","0.45203474145535","24.59159892",
"11/23/2002","-40","-6.08845996856689","587","33.821","22.818","0.10986336","5.04873125266825","0.521727401756669","22.9236219",
"11/24/2002","-40","-6.08845996856689","587","34.296","22.703","0.46348524","5.0508131873169","0.506484273088705","23.02840962",
"11/25/2002","-40","-6.08845996856689","587","34.542","22.622","0.185394024","5.2588520523834","0.459113950449555","28.1685933",
"11/26/2002","-40","-6.08845996856689","587","34.865","22.265","0.0068664528","5.10569455108975","0.463156154205356","28.2725469",
"11/27/2002","-40","-6.08845996856689","587","30.835","22.426","0.0240325848","5.05493468083054","0.602992771703172","12.8400777",
"11/28/2002","-40","-6.08845996856689","587","34.674","22.511","0.027465804","4.34263572056133","0.474536074821524","25.8481674",
"11/29/2002","-40","-6.08845996856689","587","35.527","22.673","0.085830696","4.99147551312928","0.463394381691779","28.13129892",
"11/30/2002","-40","-6.08845996856689","587","35.414","22.613","0.078964236","5.08693918356461","0.460737423764477","28.03657698",
"12/1/2002","-40","-6.08845996856689","587","34.467","23.431","0.83599128","3.62120874967019","0.475653951555704","22.16221956",
"12/2/2002","-40","-6.08845996856689","587","31.646","23.531","1.936341252","3.16435712241816","0.581175215858598","9.32129496",
"12/3/2002","-40","-6.08845996856689","587","34.631","22.367","0","4.67225848510842","0.490758837269717","24.67973934",
"12/4/2002","-40","-6.08845996856689","587","35.687","22.13","0","4.87090897156963","0.459231220653112","28.0095777",
"12/5/2002","-40","-6.08845996856689","587","36.338","23.177","0","4.92757895201191","0.408322230301709","27.87728292",
"12/6/2002","-40","-6.08845996856689","587","37.167","22.874","0","4.29571631719237","0.3586119302439","28.3781835",
"12/7/2002","-40","-6.08845996856689","587","36.811","22.828","0","3.79728094403647","0.422875840790929","24.27503022",
"12/8/2002","-40","-6.08845996856689","587","34.192","23.298","2.50968996","4.38686306116206","0.541776976493538","20.49704766",
"12/9/2002","-40","-6.08845996856689","587","30.749","22.323","16.9910444304","3.65349238674367","0.691894152811117","13.45021722",
"12/10/2002","-40","-6.08845996856689","587","33.514","22.034","4.8717453744","3.82202628627594","0.629869654647435","21.86921142",
"12/11/2002","-40","-6.08845996856689","587","33.734","22.438","4.28123268","3.83686812812325","0.578572824346119","27.47379348",
"12/12/2002","-40","-6.08845996856689","587","34.647","22.651","0.738144","4.02204148248981","0.494303092012025","28.08753318",
"12/13/2002","-40","-6.08845996856689","587","35.084","22.474","0","5.03544737664417","0.513543895380098","26.60028228",
"12/14/2002","-40","-6.08845996856689","587","33.99","23.114","0.46691928","5.2526454108487","0.524011208252225","25.779667032",
"12/15/2002","-40","-6.08845996856689","587","34.921","23.059","0.29182392","5.50158438677173","0.520420233782573","23.10767082",
"12/16/2002","-40","-6.08845996856689","587","35.826","23.349","0.4051206","4.89747670825424","0.487999507050931","23.68338516",
"12/17/2002","-40","-6.08845996856689","587","36.117","23.703","0.87547284","4.97002724491703","0.478638315149695","26.459545392",
"12/18/2002","-40","-6.08845996856689","587","36.091","23.106","0","5.78370510153026","0.466969562487029","27.70059762",
"12/19/2002","-40","-6.08845996856689","587","36.061","24.329","0","5.49621577717926","0.448303615906881","26.4237714",
"12/20/2002","-40","-6.08845996856689","587","35.541","24.266","0.044631936","4.8632301941722","0.436040120010226","25.775829",
"12/21/2002","-40","-6.08845996856689","587","35.815","24.036","0.55618308","4.95396632984571","0.460152439192929","27.7474509",
"12/22/2002","-40","-6.08845996856689","587","35.301","22.287","0","5.18880061256345","0.486673592633726","23.48308224",
"12/23/2002","-40","-6.08845996856689","587","35.98","22.072","0","3.6687706410011","0.464129086569671","22.6906929",
"12/24/2002","-40","-6.08845996856689","587","32.463","24.069","0.0789642792","2.90897157221538","0.541117933202064","9.9649125",
"12/25/2002","-40","-6.08845996856689","587","34.612","22.61","0.3227232168","4.28016027718091","0.547835024396815","21.23392644",
"12/26/2002","-40","-6.08845996856689","587","32.963","22.166","0.178527528","4.84460742106301","0.574359987408618","19.1703942",
"12/27/2002","-40","-6.08845996856689","587","35.688","22.338","1.490022792","4.89824247922013","0.552982332797667","24.73363458",
"12/28/2002","-40","-6.08845996856689","587","33.331","22.439","1.5209199","5.40085698675144","0.563391319198949","17.74760472",
"12/29/2002","-40","-6.08845996856689","587","34.337","21.683","1.41449112","4.83927513696197","0.543692096337924","22.14641934",
"12/30/2002","-40","-6.08845996856689","587","35.037","22.475","0","5.21252911252861","0.454275798216903","25.51466196",
"12/31/2002","-40","-6.08845996856689","587","33.063","22.903","0","3.83434569628137","0.470794408016562","21.69978552",
"1/1/2003","-40","-6.08845996856689","587","36.05","21.955","0.254058696","4.5783842640278","0.493635817440537","25.360485048",
"1/2/2003","-40","-6.08845996856689","587","35.597","21.933","0","4.35694381825386","0.472200867208418","27.9732357",
"1/3/2003","-40","-6.08845996856689","587","35.202","21.367","0","4.39092782081458","0.435464945884829","28.5377589",
"1/4/2003","-40","-6.08845996856689","587","35.795","20.9","0","4.35238168810018","0.437276080962105","28.3066875",
"1/5/2003","-40","-6.08845996856689","587","36.616","22.04","0","4.96222779466424","0.472655251247558","26.424679392",
"1/6/2003","-40","-6.08845996856689","587","36.78","21.871","0","4.45733449342631","0.463030246732087","28.495072008",
"1/7/2003","-40","-6.08845996856689","587","36.998","20.715","0","3.73305817819705","0.509997528893086","27.698676912",
"1/8/2003","-40","-6.08845996856689","587","36.826","21.691","0.0068664528","3.60532442505757","0.538364371065116","20.78549748",
"1/9/2003","-40","-6.08845996856689","587","33.273","22.276","2.677919112","3.32707710427429","0.600640789066708","12.131777448",
"1/10/2003","-40","-6.08845996856689","587","33.357","22.138","0.096130404","4.53335064157712","0.5261971491325","23.6044692",
"1/11/2003","-40","-6.08845996856689","587","35.645","20.607","0","3.72541524613036","0.448055437247459","28.41400242",
"1/12/2003","-40","-6.08845996856689","587","36.313","20.794","0","3.61196995013402","0.405537643064276","28.01255562",
"1/13/2003","-40","-6.08845996856689","587","30.916","22.259","1.1535644664","3.55531942245436","0.574069777341799","13.82254074",
"1/14/2003","-40","-6.08845996856689","587","33.132","20.166","0.951004116","2.88651213961161","0.538676437105052","18.5275134",
"1/15/2003","-40","-6.08845996856689","587","35.962","19.468","2.3448924","3.00922773835768","0.516208974074418","27.609408",
"1/16/2003","-40","-6.08845996856689","587","36.107","21.026","0","4.25679542155981","0.439332441235691","27.04730328",
"1/17/2003","-40","-6.08845996856689","587","32.751","20.202","0.738144432","2.74732961847174","0.550550277654979","16.68324582",
"1/18/2003","-40","-6.08845996856689","587","35.353","20.259","4.00657824","2.95393197336082","0.635782719111924","20.07371538",
"1/19/2003","-40","-6.08845996856689","587","27.369","21.798","38.393802","1.40489674096367","0.886101888571042","9.82271052",
"1/20/2003","-40","-6.08845996856689","587","22.337","19.481","71.6068242","1.27132166681251","0.946304286346211","1.492030962",
"1/21/2003","-40","-6.08845996856689","587","26.026","18.991","12.888331272","1.37551261013624","0.911832420721682","7.0787799",
"1/22/2003","-40","-6.08845996856689","587","31.326","20.39","5.4262230552","3.53825038353757","0.767816448335675","15.00350193",
"1/23/2003","-40","-6.08845996856689","587","32.134","20.449","2.64015018","4.05897454269394","0.690171658657783","25.33955643",
"1/24/2003","-40","-6.08845996856689","587","31.023","21.149","5.6339293824","3.46029163032567","0.750106884597081","23.82783363",
"1/25/2003","-40","-6.08845996856689","587","28.125","20.687","5.343817572","2.34642002870586","0.807307159099744","21.58660683",
"1/26/2003","-40","-6.08845996856689","587","28.387","20.12","2.84786064","2.84491951940003","0.824335220993768","7.29494685",
"1/27/2003","-40","-6.08845996856689","587","25.448","19.897","2.046204288","3.83350744415424","0.847739639747905","11.65230882",
"1/28/2003","-40","-6.08845996856689","587","29.754","18.92","0.0343323","3.37771926432452","0.740247936883589","18.52919433",
"1/29/2003","-40","-6.08845996856689","587","32.191","20.211","0.7896427128","3.93586743103652","0.710278022716869","23.43414888",
"1/30/2003","-40","-6.08845996856689","587","32.977","20.306","1.709748252","3.52830475142171","0.693634571770017","23.522112",
"1/31/2003","-40","-6.08845996856689","587","31.724","21.054","11.4429443184","3.93903809588408","0.697177183362505","20.5013205",
"2/1/2003","-40","-6.08845996856689","587","24.728","20.249","17.95406508","3.11071966681788","0.873765042443575","8.003812032",
"2/2/2003","-40","-6.08845996856689","587","32.93","20.027","0.6557463864","3.79796152136067","0.681000717763102","24.28520724",
"2/3/2003","-40","-6.08845996856689","587","33.683","21.003","1.201629492","4.29091537630435","0.659166795404554","27.19777761",
"2/4/2003","-40","-6.08845996856689","587","34.107","20.397","0.964736892","4.10697801443948","0.648855816587702","23.51773737",
"2/5/2003","-40","-6.08845996856689","587","31.411","20.999","0.4703524128","4.17971283324753","0.68951790741405","23.05631394",
"2/6/2003","-40","-6.08845996856689","587","33.552","20.378","0.964736532","4.13826948423231","0.638619769275754","29.10200517",
"2/7/2003","-40","-6.08845996856689","587","32.228","20.826","2.169800532","3.49708462135558","0.639774351329081","24.29584101",
"2/8/2003","-40","-6.08845996856689","587","34.321","20.775","0.0411987096","3.17481718260122","0.563133754837051","24.04327653",
"2/9/2003","-40","-6.08845996856689","587","33.859","19.484","0.370788732","3.07406768104171","0.557570473844212","28.37144241",
"2/10/2003","-40","-6.08845996856689","587","30.986","21.202","0","3.03150570845013","0.564648895900131","19.45766385",
"2/11/2003","-40","-6.08845996856689","587","30.786","21.224","7.144552368","2.37425858407584","0.730867664455481","13.20316803",
"2/12/2003","-40","-6.08845996856689","587","29.702","21.423","3.100202028","2.54272352557116","0.77467108366597","9.681361938",
"2/13/2003","-40","-6.08845996856689","587","30.076","21.111","0.62656416","2.96537153405788","0.708990185993869","14.88498867",
"2/14/2003","-40","-6.08845996856689","587","33.495","21.969","0.178527852","3.60284502664187","0.562930851875071","28.03050369",
"2/15/2003","-40","-6.08845996856689","587","33.314","21.14","0.034332264","3.77611655368857","0.581207969375963","23.60767473",
"2/16/2003","-40","-6.08845996856689","587","34.669","20.697","1.95693894","3.2356880495841","0.622144959380165","26.43851223",
"2/17/2003","-40","-6.08845996856689","587","34.286","20.956","4.42199628","2.68688960242453","0.648817109641379","25.34828049",
"2/18/2003","-40","-6.08845996856689","587","35.187","21.123","1.28059416","3.35099012776713","0.584344464014681","28.39589946",
"2/19/2003","-40","-6.08845996856689","587","35.106","19.957","0.1167295896","4.00227893458507","0.595228813851645","23.49202545",
"2/20/2003","-40","-6.08845996856689","587","33.486","21.844","5.55153066","4.15274207729484","0.691398638573866","23.53674123",
"2/21/2003","-40","-6.08845996856689","587","30.79","21.538","11.8206020376","2.51068172501468","0.680478371235647","15.20404065",
"2/22/2003","-40","-6.08845996856689","587","30.398","21.152","0.484085052","3.51448194142433","0.635979779113808","23.585343318",
"2/23/2003","-40","-6.08845996856689","587","34.423","21.086","2.022171408","3.02924630745813","0.64523858074493","23.25352374",
"2/24/2003","-40","-6.08845996856689","587","33.631","21.139","4.627987848","3.91248807711122","0.728635382845161","22.298624892",
"2/25/2003","-40","-6.08845996856689","587","30.646","20.649","6.6587517","3.01231838479076","0.806494625504888","17.48424186",
"2/26/2003","-40","-6.08845996856689","587","32.841","21.066","1.860810588","3.66755544711621","0.665409946717426","26.11249551",
"2/27/2003","-40","-6.08845996856689","587","30.077","21.877","2.777480964","4.47428783613274","0.770597787026304","26.05954986",
"2/28/2003","-40","-6.08845996856689","587","32.245","21.284","2.6744873184","4.2586307511007","0.723674120176084","21.5497728",
"3/1/2003","-40","-6.08845996856689","587","34.432","19.778","0","3.45115106099837","0.561277695406265","27.9469044",
"3/2/2003","-40","-6.08845996856689","587","34.02","19.966","0","3.26934263260541","0.595274108132833","24.65634384",
"3/3/2003","-40","-6.08845996856689","587","34.699","20.884","0","4.13877376490107","0.588124985577898","28.0380366",
"3/4/2003","-40","-6.08845996856689","587","34.067","21.055","1.520919396","4.1222080619625","0.714158294805738","20.76631911",
"3/5/2003","-40","-6.08845996856689","587","32.733","20.71","0","4.27714013887737","0.68357956141937","22.35132972",
"3/6/2003","-40","-6.08845996856689","587","33.41","20.539","0.02746584","3.85610481547295","0.586833426896879","27.18725481",
"3/7/2003","-40","-6.08845996856689","587","31.906","21.264","2.296828224","3.98769135008721","0.64846127363767","22.655422242",
"3/8/2003","-40","-6.08845996856689","587","32.687","20.489","0","4.25056372504145","0.569655620752352","27.56227266",
"3/9/2003","-40","-6.08845996856689","587","33.299","21.166","0","4.09332085803298","0.538113511675971","28.5069933",
"3/10/2003","-40","-6.08845996856689","587","33.901","20.602","0.95100444","4.29232886295259","0.663924474929359","25.9487361",
"3/11/2003","-40","-6.08845996856689","587","34.577","21.377","2.11486824","4.56279831020849","0.658553637390849","27.92502918",
"3/12/2003","-40","-6.08845996856689","587","35.384","20.335","0","4.0176160978081","0.568000116405566","28.41845715",
"3/13/2003","-40","-6.08845996856689","587","35.055","20.547","0.106430184","4.07338742943777","0.643360712887798","23.0346",
"3/14/2003","-40","-6.08845996856689","587","34.978","20.941","0.345039336","4.73773908978256","0.615927616460582","23.1949692",
"3/15/2003","-40","-6.08845996856689","587","33.485","21.598","2.8942071624","4.98679501132195","0.664188800427655","24.516393642",
"3/16/2003","-40","-6.08845996856689","587","31.799","20.833","8.2500462","2.88138996954386","0.749699273064955","22.215825",
"3/17/2003","-40","-6.08845996856689","587","28.788","21.172","12.80937528","1.99603523896255","0.877598780976222","19.832856912",
"3/18/2003","-40","-6.08845996856689","587","30.9","20.653","18.9651544704","2.61030561229091","0.836742691098513","19.19069982",
"3/19/2003","-40","-6.08845996856689","587","27.856","21.19","12.146760648","2.60093052070121","0.892511817725857","12.01724892",
"3/20/2003","-40","-6.08845996856689","587","32.494","21.562","20.9598555456","2.60916352835052","0.778757899785629","21.790631952",
"3/21/2003","-40","-6.08845996856689","587","27.527","21.204","27.3113208","2.91442780226993","0.895791606885798","15.608084652",
"3/22/2003","-40","-6.08845996856689","587","31.688","20.236","4.858016364","3.1294724648506","0.796734157219031","24.31940724",
"3/23/2003","-40","-6.08845996856689","587","29.643","20.216","8.1882468504","3.21526927777916","0.837909200748945","24.83825994",
"3/24/2003","-40","-6.08845996856689","587","31.99","19.925","2.9800404","3.61917299432239","0.67779264192775","27.45078804",
"3/25/2003","-40","-6.08845996856689","587","31.728","20.054","1.35612468","4.10334640738208","0.701568548308617","23.56020288",
"3/26/2003","-40","-6.08845996856689","587","32.786","20.441","4.66232328","3.62532387617875","0.691186067971793","27.0462384",
"3/27/2003","-40","-6.08845996856689","587","33.398","21.232","0.583648488","3.88449016742703","0.668348478963039","27.02289528",
"3/28/2003","-40","-6.08845996856689","587","33.1","22.01","1.2084965424","3.33567016527249","0.696839288548046","18.66313422",
"3/29/2003","-40","-6.08845996856689","587","32.714","20.132","0.240325956","3.22992436353074","0.715826958301876","26.25975234",
"3/30/2003","-40","-6.08845996856689","587","32.99","21.142","1.187896608","3.38420446817527","0.733070521398661","20.2544964",
"3/31/2003","-40","-6.08845996856689","587","30.876","21.697","5.106925332","3.3090515247704","0.810800867141274","21.2288031",
"4/1/2003","-40","-6.08845996856689","587","32.029","21.666","2.61268776","3.72035500248991","0.743695609974748","22.22499762",
"4/2/2003","-40","-6.08845996856689","587","32.412","20.989","1.5827157","3.76963200307106","0.674943019767183","26.8219656",
"4/3/2003","-40","-6.08845996856689","587","33.859","21.994","0","3.26555682476895","0.611722704405732","23.3083143",
"4/4/2003","-40","-6.08845996856689","587","31.838","21.295","0","3.57261200793636","0.633751986608608","20.83528098",
"4/5/2003","-40","-6.08845996856689","587","33.589","20.543","0","3.50902848432214","0.632042402028117","22.86647172",
"4/6/2003","-40","-6.08845996856689","587","33.504","19.742","0","2.41655305345284","0.702667143496608","20.75861016",
"4/7/2003","-40","-6.08845996856689","587","33.142","19.943","2.5646218992","1.56642825380696","0.760289240544734","13.04561268",
"4/8/2003","-40","-6.08845996856689","587","26.348","21.493","6.71539428","2.78860992438124","0.865414348114757","7.83534456",
"4/9/2003","-40","-6.08845996856689","587","32.627","20.311","0.0034332264","3.99733902186194","0.641817798372775","26.64342612",
"4/10/2003","-40","-6.08845996856689","587","30.809","20.623","2.0942691192","3.44238510162066","0.775571646152954","23.54827392",
"4/11/2003","-40","-6.08845996856689","587","33.43","20.52","0","3.57797714726199","0.65164585169221","25.2923652",
"4/12/2003","-40","-6.08845996856689","587","33.73","19.815","0","3.59562392834648","0.616401160119813","25.6999518",
"4/13/2003","-40","-6.08845996856689","587","33.397","20.974","0.83084112","3.66836996064483","0.615515671834956","25.46842392",
"4/14/2003","-40","-6.08845996856689","587","33.754","21.034","0","3.34533879960524","0.559533359822386","23.65750728",
"4/15/2003","-40","-6.08845996856689","587","34.59","18.577","0.511550604","2.62398214953504","0.596836194884668","25.12840068",
"4/16/2003","-40","-6.08845996856689","587","32.537","18.349","0.106430076","2.71269880094728","0.590194547382476","23.91378084",
"4/17/2003","-40","-6.08845996856689","587","33.403","17.997","0","2.89530242586748","0.638072899920339","25.69674132",
"4/18/2003","-40","-6.08845996856689","587","32.839","19.189","0.0343323","3.31307910947537","0.658221035827331","21.00825288",
"4/19/2003","-40","-6.08845996856689","587","32.582","21.02","0.992202768","4.12010003458567","0.66612285738823","22.66638678",
"4/20/2003","-40","-6.08845996856689","587","32.541","20.838","2.286529344","3.13259186896932","0.643354071009415","23.49186444",
"4/21/2003","-40","-6.08845996856689","587","33.036","19.951","2.592087804","4.29010995914132","0.610948811278931","21.04110234",
"4/22/2003","-40","-6.08845996856689","587","32.814","19.538","2.9422763928","4.45307741254907","0.658612311799451","20.56539528",
"4/23/2003","-40","-6.08845996856689","587","32.5","19.068","0.5012514","3.59774626923249","0.589043306440876","22.72427244",
"4/24/2003","-40","-6.08845996856689","587","32.713","20.047","1.023101676","3.16970887871402","0.60936669184515","23.16566826",
"4/25/2003","-40","-6.08845996856689","587","31.608","18.684","0","3.60979523581524","0.552110550058429","24.1741647",
"4/26/2003","-40","-6.08845996856689","587","31.412","20.416","0.171661212","3.2053615256477","0.648891791298582","17.46450738",
"4/27/2003","-40","-6.08845996856689","587","29.947","21.541","6.4647665424","2.57904689366034","0.884453772662624","13.98785688",
"4/28/2003","-40","-6.08845996856689","587","30.13","20.42","0.22659282","3.7442376264063","0.680825203284965","23.576517",
"4/29/2003","-40","-6.08845996856689","587","33.594","20.781","0.769042764","3.21202171336003","0.702748180992837","19.18552176",
"4/30/2003","-40","-6.08845996856689","587","33.353","21.194","3.5877232728","3.82960218117866","0.734917348526547","18.133929",
"5/1/2003","-40","-6.08845996856689","587","29.655","21.172","1.9758224664","3.23347734494289","0.829255989546472","14.7456027",
"5/2/2003","-40","-6.08845996856689","587","32.098","20.462","1.325225304","3.14311890908185","0.72178384354896","19.17175248",
"5/3/2003","-40","-6.08845996856689","587","29.514","19.409","5.2631370576","2.41033076458673","0.862751021964982","23.75848098",
"5/4/2003","-40","-6.08845996856689","587","30.517","20.665","14.846136156","2.62831619185504","0.832709631068171","23.4616473",
"5/5/2003","-40","-6.08845996856689","587","32.006","20.559","10.359764568","3.67239902269823","0.791434221089086","16.48760724",
"5/6/2003","-40","-6.08845996856689","587","31.741","19.593","1.3681404","3.07571320844298","0.674441483234391","24.31485144",
"5/7/2003","-40","-6.08845996856689","587","32.946","20.118","0","2.90450064732131","0.643339419254734","24.29167932",
"5/8/2003","-40","-6.08845996856689","587","33.649","18.663","0","2.65356960835203","0.602065904392266","24.56246412",
"5/9/2003","-40","-6.08845996856689","587","33.147","18.509","0.0171661464","3.05389090924919","0.632291229968443","24.06043314",
"5/10/2003","-40","-6.08845996856689","587","31.984","19.317","0","3.4209737156719","0.644070630515928","24.185025",
"5/11/2003","-40","-6.08845996856689","587","33.271","19.577","0.0137329056","3.44654976608117","0.563268303492095","24.41739204",
"5/12/2003","-40","-6.08845996856689","587","32.05","20.114","0.3819465504","2.96236697597863","0.632117952724357","17.56063224",
"5/13/2003","-40","-6.08845996856689","587","32.295","20.385","0.575065692","3.34948029344682","0.663313681700131","19.59789528",
"5/14/2003","-40","-6.08845996856689","587","32.826","20.901","0","3.40087669836362","0.527572473469668","23.62201632",
"5/15/2003","-40","-6.08845996856689","587","32.386","20.316","0.1836776664","3.67906775001751","0.529100871274052","22.44279672",
"5/16/2003","-40","-6.08845996856689","587","31.858","19.041","1.2702942","3.87360287343562","0.597752209020534","21.40661196",
"5/17/2003","-40","-6.08845996856689","587","31.821","19.476","0.796508892","4.37629972899662","0.615288526685021","19.6165116",
"5/18/2003","-40","-6.08845996856689","587","33.342","19.716","0.0274658328","3.79176157496603","0.53248138825104","23.60249748",
"5/19/2003","-40","-6.08845996856689","587","29.93","21.776","0.048065184","3.58083467003176","0.595944416031655","13.2003603",
"5/20/2003","-40","-6.08845996856689","587","31.598","20.85","0.0669479544","3.83034419178854","0.58723207126111","17.62323552",
"5/21/2003","-40","-6.08845996856689","587","31.55","20.093","2.892490128","3.29870465082218","0.676751103985999","20.62209528",
"5/22/2003","-40","-6.08845996856689","587","32.039","20.433","1.4831541","3.20130921356555","0.642394213815963","22.2386616",
"5/23/2003","-40","-6.08845996856689","587","33.1","20.617","1.45053864","3.229362906484","0.619687150207581","22.23979002",
"5/24/2003","-40","-6.08845996856689","587","32.183","20.679","1.2857434344","2.61555189997577","0.714035225106823","8.71363026",
"5/25/2003","-40","-6.08845996856689","587","33.162","19.33","0","3.27568771809143","0.618004014311008","20.17136034",
"5/26/2003","-40","-6.08845996856689","587","34.324","19.517","0","3.93407576629141","0.590378664966643","23.09608098",
"5/27/2003","-40","-6.08845996856689","587","32.718","20.783","2.27107728","4.19105613642132","0.656031998114501","22.6325817",
"5/28/2003","-40","-6.08845996856689","587","33.104","20.254","0.964735092","3.2476672274134","0.629748282476822","22.62150018",
"5/29/2003","-40","-6.08845996856689","587","31.622","19.791","0.10643004","3.00390853622608","0.635762698837608","12.25710198",
"5/30/2003","-40","-6.08845996856689","587","31.628","20.035","0.0205993656","3.95124801878798","0.609559814984832","22.1174433",
"5/31/2003","-40","-6.08845996856689","587","32.906","20.795","1.9706724864","3.68270643264167","0.588092335229932","22.2456411",
"6/1/2003","-40","-6.08845996856689","587","32.031","20.77","2.6882172","3.61883457229595","0.618964622582975","22.3032942",
"6/2/2003","-40","-6.08845996856689","587","32.53","20.213","1.0746","3.18060471414296","0.582409765427246","22.31347734",
"6/3/2003","-40","-6.08845996856689","587","33.439","19.213","0.0480652128","3.57509984184211","0.520010635136456","22.95950652",
"6/4/2003","-40","-6.08845996856689","587","32.745","20.921","3.045273084","4.45604353281838","0.627392296146112","20.91509766",
"6/5/2003","-40","-6.08845996856689","587","31.801","20.73","2.959442352","4.06732102095326","0.630039330657702","17.14590288",
"6/6/2003","-40","-6.08845996856689","587","32.651","18.64","0.6008148","3.8851950338608","0.543209059103995","23.13404766",
"6/7/2003","-40","-6.08845996856689","587","32.524","21.288","0.058364856","3.93751779347948","0.530491774306145","19.51834698",
"6/8/2003","-40","-6.08845996856689","587","31.632","18.126","0","4.30443084492373","0.53720393728974","22.6662111",
"6/9/2003","-40","-6.08845996856689","587","31.805","20.261","0.04806522","4.5036311055948","0.549566730437182","21.93570342",
"6/10/2003","-40","-6.08845996856689","587","30.657","18.909","0.24032574","4.52470851349112","0.630712957983357","16.76390814",
"6/11/2003","-40","-6.08845996856689","587","27.035","19.271","0.1613616768","3.71804351715344","0.684995182842936","9.33536592",
"6/12/2003","-40","-6.08845996856689","587","30.051","20.293","18.1240126128","3.07445477004703","0.725313084566225","16.6287375",
"6/13/2003","-40","-6.08845996856689","587","32.586","19.703","0","3.7347615345156","0.550986806843397","22.572621",
"6/14/2003","-40","-6.08845996856689","587","30.459","19.652","0.058364856","4.66802486132994","0.594569425840767","22.24917972",
"6/15/2003","-40","-6.08845996856689","587","27.411","20.49","0.2506257864","4.42396141515721","0.732789888818617","14.25274236",
"6/16/2003","-40","-6.08845996856689","587","22.754","19.747","4.2177213144","3.88598606993846","0.867212884486895","4.445494128",
"6/17/2003","-40","-6.08845996856689","587","30.452","18.633","0.130462668","3.97939827989583","0.622976693259139","22.40240688",
"6/18/2003","-40","-6.08845996856689","587","31.939","17.767","0","3.78581923483114","0.498455835149334","21.71329128",
"6/19/2003","-40","-6.08845996856689","587","30.927","21.356","0","4.48337169962437","0.491432984202632","21.72138624",
"6/20/2003","-40","-6.08845996856689","587","28.747","19.88","0.2574919584","4.25887280702303","0.648002062995552","20.05913898",
"6/21/2003","-40","-6.08845996856689","587","29.732","19.875","3.1242378456","3.74832782053009","0.746178476680178","15.67366686",
"6/22/2003","-40","-6.08845996856689","587","32.143","20.505","0.7999422264","3.41434400723279","0.58684773799931","20.63683512",
"6/23/2003","-40","-6.08845996856689","587","31.698","17.795","0","3.7969895385383","0.517746718494466","22.6507518",
"6/24/2003","-40","-6.08845996856689","587","33.056","17.45","0","3.46326724905167","0.486541100506113","22.6464246",
"6/25/2003","-40","-6.08845996856689","587","31.345","18.335","0","4.29807735494348","0.54319227151046","22.59292968",
"6/26/2003","-40","-6.08845996856689","587","31.485","19.374","0.0343323","4.09929739186431","0.519288868337975","22.7424924",
"6/27/2003","-40","-6.08845996856689","587","31.828","16.41","0","4.10484807420889","0.410369960610507","23.1292188",
"6/28/2003","-40","-6.08845996856689","587","31.757","16.923","0","3.85596075921768","0.533710893741325","20.75917968",
"6/29/2003","-40","-6.08845996856689","587","32.069","18.119","0","4.84517469669006","0.539448213413067","22.8407076",
"6/30/2003","-40","-6.08845996856689","587","30.376","17.841","0","4.55163496044964","0.628748274713446","22.54567536",
"7/1/2003","-40","-6.08845996856689","587","30.426","20.521","0","4.78160833591011","0.527356251247634","19.59716124",
"7/2/2003","-40","-6.08845996856689","587","30.261","17.848","0","5.40447607765752","0.563313081639751","22.6069362",
"7/3/2003","-40","-6.08845996856689","587","31.953","18.47","0.0755310024","4.75302251985782","0.545877157679187","22.66110288",
"7/4/2003","-40","-6.08845996856689","587","31.507","18.298","0","4.64266007111681","0.53705965019795","22.79407212",
"7/5/2003","-40","-6.08845996856689","587","32.626","16.842","0","3.91397852640131","0.465521646992981","23.32125108",
"7/6/2003","-40","-6.08845996856689","587","31.01","17.372","0","4.1356467231976","0.515283130391579","20.07017028",
"7/7/2003","-40","-6.08845996856689","587","31.724","19.05","0","4.7965435811597","0.51003838964106","22.83451344",
"7/8/2003","-40","-6.08845996856689","587","30.404","20.013","0.2918241504","5.12282113206238","0.599435070527355","18.7518357",
"7/9/2003","-40","-6.08845996856689","587","31.591","16.497","0","3.78278393787996","0.536097457357662","23.46389928",
"7/10/2003","-40","-6.08845996856689","587","31.823","17.082","0","3.48076815677653","0.474275883214198","23.6190348",
"7/11/2003","-40","-6.08845996856689","587","32.427","18.271","0.5424493464","4.05417699253512","0.490778750696634","23.47025472",
"7/12/2003","-40","-6.08845996856689","587","31.419","19.27","2.010151404","2.95203408684991","0.652969415600082","8.47957842",
"7/13/2003","-40","-6.08845996856689","587","31.574","17.693","0.365638644","4.91693429429354","0.512001664160696","23.31669456",
"7/14/2003","-40","-6.08845996856689","587","30.887","17.529","0.37250532","5.00927052366109","0.531389359175817","23.16588696",
"7/15/2003","-40","-6.08845996856689","587","31.341","16.499","0","4.23115956334793","0.433180679732864","23.7636558",
"7/16/2003","-40","-6.08845996856689","587","31.918","16.486","0","5.19259773217507","0.465439617051209","23.77135872",
"7/17/2003","-40","-6.08845996856689","587","30.899","17.288","0.5115509064","4.63395851461214","0.519275068106934","23.71826268",
"7/18/2003","-40","-6.08845996856689","587","32.831","17.55","1.2462606","4.69327755884046","0.518998281866146","23.76799128",
"7/19/2003","-40","-6.08845996856689","587","30.752","17.812","0.0137329056","5.38998798020688","0.615290128982287","23.04494838",
"7/20/2003","-40","-6.08845996856689","587","31.221","17.52","0","5.52207911657466","0.578845972041248","23.39977644",
"7/21/2003","-40","-6.08845996856689","587","31.76","17.482","0","4.49292988639445","0.531437998532602","23.48138916",
"7/22/2003","-40","-6.08845996856689","587","31.415","18.692","0","5.08655838151438","0.550965133034967","22.16136996",
"7/23/2003","-40","-6.08845996856689","587","31.934","17.422","0","5.66284267740774","0.478073521788907","23.99883768",
"7/24/2003","-40","-6.08845996856689","587","32.271","18.87","0.286674552","5.32305890537441","0.563730516558907","18.74682828",
"7/25/2003","-40","-6.08845996856689","587","30.644","19.348","1.0334016792","4.90086382452018","0.587512812392049","20.05043076",
"7/26/2003","-40","-6.08845996856689","587","31.637","19.108","0.39138768","5.51522052184883","0.527060584467136","23.01648264",
"7/27/2003","-40","-6.08845996856689","587","31.051","19.136","0","5.6763800525932","0.524646265597089","23.81428296",
"7/28/2003","-40","-6.08845996856689","587","31.222","17.665","0","5.40619666112734","0.563507666729988","23.64407064",
"7/29/2003","-40","-6.08845996856689","587","30.484","20.68","0.4325867424","4.34153692944003","0.578764785569813","11.8420272",
"7/30/2003","-40","-6.08845996856689","587","32.459","20.254","0.0068664528","3.60401629245909","0.429580392838162","23.33396988",
"7/31/2003","-40","-6.08845996856689","587","32.482","20.864","0","3.00696589386151","0.415791219747466","23.89573836",
"8/1/2003","-40","-6.08845996856689","587","33.106","19.249","0","3.97987520691303","0.421412079133761","24.31164492",
"8/2/2003","-40","-6.08845996856689","587","33.411","19.293","0","4.7848262228309","0.44168968792463","24.15493872",
"8/3/2003","-40","-6.08845996856689","587","33.044","19.636","0","4.71523292388198","0.460384799623227","24.36356268",
"8/4/2003","-40","-6.08845996856689","587","32.585","18.85","0","5.90368761621117","0.430505170732112","24.8780862",
"8/5/2003","-40","-6.08845996856689","587","32.548","18.227","0","5.29810074224704","0.465015652833273","24.92730288",
"8/6/2003","-40","-6.08845996856689","587","33.469","18.193","0","4.430353072735","0.452440938012925","24.95041668",
"8/7/2003","-40","-6.08845996856689","587","33.812","19.747","0.085830696","4.78004903030861","0.442329941555794","24.6955464",
"8/8/2003","-40","-6.08845996856689","587","33.715","19.657","0","4.39153371876116","0.419722515499798","25.00345836",
"8/9/2003","-40","-6.08845996856689","587","32.892","19.051","0.0205993728","5.13623621583798","0.422772829370187","25.0719768",
"8/10/2003","-40","-6.08845996856689","587","32.905","19.474","0","4.78520617269141","0.469957820466895","24.83972028",
"8/11/2003","-40","-6.08845996856689","587","33.412","19.872","0","4.40613847134677","0.438930633851904","25.09621452",
"8/12/2003","-40","-6.08845996856689","587","33.712","20.981","0","4.16044657447588","0.400926112512303","25.28735868",
"8/13/2003","-40","-6.08845996856689","587","32.813","21.745","0.05493168","4.53702260864458","0.452959696857248","22.7901906",
"8/14/2003","-40","-6.08845996856689","587","33.139","19.503","0","4.97203942533645","0.405496686037362","25.3550844",
"8/15/2003","-40","-6.08845996856689","587","33.868","19.055","0","3.85508308970135","0.41415279829701","25.37566668",
"8/16/2003","-40","-6.08845996856689","587","35.24","21.242","0.05493168","5.149945737168","0.489150078566288","19.93303692",
"8/17/2003","-40","-6.08845996856689","587","34.187","20.783","0.80337564","5.21509472700011","0.585275069143384","23.81642064",
"8/18/2003","-40","-6.08845996856689","587","34.695","20.706","0","4.72212112483261","0.509571709456293","25.48023426",
"8/19/2003","-40","-6.08845996856689","587","33.342","20.218","0","6.28388580444051","0.390078888692935","25.87241538",
"8/20/2003","-40","-6.08845996856689","587","33.008","19.361","0","6.57282541796457","0.402787428981633","25.32257442",
"8/21/2003","-40","-6.08845996856689","587","33.716","19.74","0","4.82290440950768","0.45191137168891","26.18066754",
"8/22/2003","-40","-6.08845996856689","587","33.032","20.431","0.157928292","4.61516264144966","0.4936089144453","25.65455616",
"8/23/2003","-40","-6.08845996856689","587","33.239","20.433","0","5.56634098857901","0.44903353332294","24.78853422",
"8/24/2003","-40","-6.08845996856689","587","33.701","19.237","0","4.43986150800403","0.441892504023127","26.33197518",
"8/25/2003","-40","-6.08845996856689","587","34.022","20.892","0.0137329128","3.42190372605216","0.451021463683016","25.88546106",
"8/26/2003","-40","-6.08845996856689","587","34.881","19.443","0","4.23591030701374","0.43871905213955","26.2717947",
"8/27/2003","-40","-6.08845996856689","587","35.437","20.697","0","5.38993901914974","0.495105469747439","25.94558844",
"8/28/2003","-40","-6.08845996856689","587","32.057","21.167","0","4.64927760090635","0.544196530815979","21.3715197",
"8/29/2003","-40","-6.08845996856689","587","34.596","20.955","0","3.99282881851721","0.452732939616401","20.87657046",
"8/30/2003","-40","-6.08845996856689","587","34.772","21.717","0","4.53480974699227","0.454588472168537","21.28713624",
"8/31/2003","-40","-6.08845996856689","587","34.536","21.018","0.28495782","4.88010111339872","0.447662636456102","26.43963732",
"9/1/2003","-40","-6.08845996856689","587","33.743","21.41","0","5.24326657588714","0.406843347524594","26.76391668",
"9/2/2003","-40","-6.08845996856689","587","33.414","21.466","0.1373289696","5.33482142643128","0.433297448234777","26.77140648",
"9/3/2003","-40","-6.08845996856689","587","34.203","20.461","0","5.1561606326847","0.394936479668988","26.8628589",
"9/4/2003","-40","-6.08845996856689","587","32.442","19.897","0","6.34811741064461","0.49436937162591","23.18360976",
"9/5/2003","-40","-6.08845996856689","587","32.461","20.628","0.0102996792","6.38760439143857","0.516047194275566","19.34848125",
"9/6/2003","-40","-6.08845996856689","587","33.486","19.606","0","6.15480985841075","0.468838167284278","26.98211196",
"9/7/2003","-40","-6.08845996856689","587","33.658","20.086","0.2265929064","5.83187685234246","0.461722931642357","26.2293165",
"9/8/2003","-40","-6.08845996856689","587","33.299","20.06","0.144195804","5.76677904232404","0.47549161521839","26.88244146",
"9/9/2003","-40","-6.08845996856689","587","33.465","20.985","0.2789499384","4.70003248472532","0.459514436832409","26.8407009",
"9/10/2003","-40","-6.08845996856689","587","34.889","21.772","0","3.97155253644548","0.388122911488313","27.09686043",
"9/11/2003","-40","-6.08845996856689","587","35.59","21.955","0","4.66137937082465","0.381833542189399","27.155764008",
"9/12/2003","-40","-6.08845996856689","587","34.086","22.283","0","5.85561651328371","0.455833202505567","24.642449208",
"9/13/2003","-40","-6.08845996856689","587","35.243","22.343","0","4.50062165469157","0.405253478328712","25.06398993",
"9/14/2003","-40","-6.08845996856689","587","35.277","21.676","0.116729532","4.08210502049789","0.439827237587689","26.68696506",
"9/15/2003","-40","-6.08845996856689","587","35.333","22.614","2.26936494","4.67064827881405","0.468735243407343","21.338326152",
"9/16/2003","-40","-6.08845996856689","587","34.1","20.889","0","4.65189210358163","0.396226629057668","27.5636799",
"9/17/2003","-40","-6.08845996856689","587","34.615","21.842","0","4.62137990042451","0.420218682840446","27.080547192",
"9/18/2003","-40","-6.08845996856689","587","33.792","20.475","0.123596028","3.63544262084223","0.479231020692291","23.94027828",
"9/19/2003","-40","-6.08845996856689","587","35.664","21.849","1.0282518","4.95318716784483","0.430350481603216","27.811070928",
"9/20/2003","-40","-6.08845996856689","587","34.43","20.771","0","4.76970223996968","0.393022190682825","28.104504408",
"9/21/2003","-40","-6.08845996856689","587","34.151","21.583","0","4.29662603951189","0.330075062088587","27.899443152",
"9/22/2003","-40","-6.08845996856689","587","35.188","21.174","0","5.19517098631817","0.418825781378794","22.495781592",
"9/23/2003","-40","-6.08845996856689","587","35.377","20.142","0","5.06394711368473","0.402302262573562","27.85618296",
"9/24/2003","-40","-6.08845996856689","587","34.637","21.352","0","3.63461612139275","0.373358072942429","27.90759258",
"9/25/2003","-40","-6.08845996856689","587","35.403","21.814","0","4.22767377476835","0.444494372421204","27.166949928",
"9/26/2003","-40","-6.08845996856689","587","35.988","22.542","0.0377654976","5.18022282912945","0.47572648717395","27.657392688",
"9/27/2003","-40","-6.08845996856689","587","36.204","22.126","0","5.29795984115956","0.442500641193699","27.984427272",
"9/28/2003","-40","-6.08845996856689","587","36.719","22.152","0","5.54364947296529","0.410233545210229","28.075778568",
"9/29/2003","-40","-6.08845996856689","587","36.259","21.742","0","5.67987295417174","0.455088209770914","27.998569728",
"9/30/2003","-40","-6.08845996856689","587","36.015","22.118","0","5.48897998113602","0.453451768919558","28.176406272",
"10/1/2003","-40","-6.08845996856689","587","35.695","21.981","0","5.8248173061994","0.414402071323064","28.234901232",
"10/2/2003","-40","-6.08845996856689","587","34.156","22.843","0","6.15341338933941","0.428863655631017","27.8610021",
"10/3/2003","-40","-6.08845996856689","587","33.262","21.036","0","5.58268825829061","0.410180771246271","28.2788964",
"10/4/2003","-40","-6.08845996856689","587","34.808","20.989","0","4.73725228465351","0.387164228336899","28.2827439",
"10/5/2003","-40","-6.08845996856689","587","35.342","21.978","0","4.8664048219354","0.383221508347426","28.33345818",
"10/6/2003","-40","-6.08845996856689","587","35.641","23.206","0","5.05263495751142","0.372065735870614","25.73945478",
"10/7/2003","-40","-6.08845996856689","587","35.821","22.373","0","5.30688590326108","0.399522413849147","28.1370978",
"10/8/2003","-40","-6.08845996856689","587","36.177","21.972","0","5.77234098607574","0.389600636023492","28.4958405",
"10/9/2003","-40","-6.08845996856689","587","34.698","21.407","0","5.70756510436445","0.43811726998188","28.37215368",
"10/10/2003","-40","-6.08845996856689","587","34.315","21.841","0","4.87063023005261","0.43389756984243","28.54358298",
"10/11/2003","-40","-6.08845996856689","587","35.38","22.056","0","4.29288087304853","0.411717138639973","28.45477962",
"10/12/2003","-40","-6.08845996856689","587","36.477","21.422","0","4.37328452789605","0.414881171710911","28.4987016",
"10/13/2003","-40","-6.08845996856689","587","36.725","23.007","0.1167297336","4.31777086185357","0.453200639171581","25.12657458",
"10/14/2003","-40","-6.08845996856689","587","36.684","22.043","0","4.49460792331816","0.394095126693543","28.2164751",
"10/15/2003","-40","-6.08845996856689","587","36.4","22.198","0","4.83141379788813","0.389681867928012","28.33768368",
"10/16/2003","-40","-6.08845996856689","587","35.377","21.907","0.11672964","5.44709433086638","0.412149596786878","28.0553067",
"10/17/2003","-40","-6.08845996856689","587","34.936","22.548","2.05650324","5.60344612457741","0.485870798096456","24.49198368",
"10/18/2003","-40","-6.08845996856689","587","35.12","22.647","0.590514912","5.53429987145226","0.476843414036875","23.03330814",
"10/19/2003","-40","-6.08845996856689","587","36.302","22.971","0","6.11296283601091","0.416042871693325","28.28639088",
"10/20/2003","-40","-6.08845996856689","587","36.624","23.936","0","5.20564125670586","0.375914711557149","28.6130196",
"10/21/2003","-40","-6.08845996856689","587","36.171","22.424","0","5.2591394215239","0.398533037715123","28.6939422",
"10/22/2003","-40","-6.08845996856689","587","35.83","22.166","0","5.51554174212136","0.406824384578406","28.8100845",
"10/23/2003","-40","-6.08845996856689","587","36.463","21.997","0","5.31403064823777","0.433096988836026","28.7572203",
"10/24/2003","-40","-6.08845996856689","587","36.565","22.194","0.02059938","5.08641533638602","0.409653546550577","28.50085008",
"10/25/2003","-40","-6.08845996856689","587","36.755","22.712","0.47206872","4.70656694585739","0.401232284454609","27.9707904",
"10/26/2003","-40","-6.08845996856689","587","36.17","22.949","0.030899052","4.48328551511767","0.36998844333878","27.26056782",
"10/27/2003","-40","-6.08845996856689","587","35.5","23.27","0.33302286","4.6276926201567","0.389096234484757","28.1178981",
"10/28/2003","-40","-6.08845996856689","587","35.598","22.827","0.145912284","5.06793104182522","0.398291225879618","27.66510072",
"10/29/2003","-40","-6.08845996856689","587","35.791","22.449","2.89078128","4.91440933920256","0.47373707289012","27.0096201",
"10/30/2003","-40","-6.08845996856689","587","36.399","22.185","0","3.75365537759869","0.433852006271091","23.48211186",
"10/31/2003","-40","-6.08845996856689","587","36.542","22.646","0","4.71016878190677","0.450531311626892","28.31944032",
"11/1/2003","-40","-6.08845996856689","587","36.091","22.995","0.892639836","4.80582263228693","0.481599474033028","27.9479286",
"11/2/2003","-40","-6.08845996856689","587","36.468","21.991","0.0137329056","4.43439815799951","0.47962097228103","26.99769744",
"11/3/2003","-40","-6.08845996856689","587","36.164","22.929","0","4.97700091080624","0.434444493535388","27.7224642",
"11/4/2003","-40","-6.08845996856689","587","34.144","22.173","0","3.90434886393052","0.48625784095698","20.10583188",
"11/5/2003","-40","-6.08845996856689","587","36.064","22.008","0.0892638","3.86346169465111","0.386574035613118","27.91046088",
"11/6/2003","-40","-6.08845996856689","587","32.249","22.47","10.847279664","3.40415368832606","0.611096702633586","11.51459874",
"11/7/2003","-40","-6.08845996856689","587","36.256","23.046","0.1699447608","4.06136092627857","0.462386980394418","25.43764914",
"11/8/2003","-40","-6.08845996856689","587","34.921","22.166","0","5.83355023726241","0.468458406000936","27.6821928",
"11/9/2003","-40","-6.08845996856689","587","35.236","22.215","0","5.27407169646172","0.447666012929442","28.28873268",
"11/10/2003","-40","-6.08845996856689","587","36.677","22.048","0","4.92523492658087","0.396361093821908","28.6741116",
"11/11/2003","-40","-6.08845996856689","587","35.974","22.936","0.1029969","4.83180525824188","0.42259380566175","28.2832947",
"11/12/2003","-40","-6.08845996856689","587","35.66","23.348","0.20427732","5.26298383407791","0.456013672135587","27.76460148",
"11/13/2003","-40","-6.08845996856689","587","35.969","22.387","0","5.75033854470347","0.459646852885825","28.10232558",
"11/14/2003","-40","-6.08845996856689","587","35.401","21.96","0","5.61342295425896","0.434249306734232","28.3937067",
"11/15/2003","-40","-6.08845996856689","587","36.812","22.128","0.022315968","4.98873494541367","0.415189108709644","28.21991058",
"11/16/2003","-40","-6.08845996856689","587","36.498","24.863","0.164794824","5.45525518096599","0.369967589683113","28.24257708",
"11/17/2003","-40","-6.08845996856689","587","35.147","23.875","0.2746584","5.19917538255541","0.440006852705775","24.50278494",
"11/18/2003","-40","-6.08845996856689","587","36.511","23.421","0","4.32761475051477","0.396897976854219","28.34971182",
"11/19/2003","-40","-6.08845996856689","587","36.412","23.101","0","4.71708375764599","0.415267019553349","28.4562",
"11/20/2003","-40","-6.08845996856689","587","35.696","22.208","0","5.16718117376502","0.46262945785192","28.1508183",
"11/21/2003","-40","-6.08845996856689","587","35.298","22.733","0","5.20475056799512","0.482743962959182","27.49662648",
"11/22/2003","-40","-6.08845996856689","587","36.163","24.234","0.44116956","4.84390460116426","0.425716640904437","23.35804164",
"11/23/2003","-40","-6.08845996856689","587","33.834","24.123","0.078964236","4.33460759666551","0.430824163285635","21.9719817",
"11/24/2003","-40","-6.08845996856689","587","36.019","23.767","0.017166132","5.16024321297412","0.402445501347904","27.4337469",
"11/25/2003","-40","-6.08845996856689","587","36.724","23.205","0","5.00790996683131","0.424278592507021","28.14102882",
"11/26/2003","-40","-6.08845996856689","587","36.436","23.53","0","5.79856677561639","0.48861307486768","28.00384362",
"11/27/2003","-40","-6.08845996856689","587","36.009","23.197","0","5.42613257183297","0.42295990263233","28.39172778",
"11/28/2003","-40","-6.08845996856689","587","36.191","21.789","0","4.81418211076005","0.437119663058747","26.04200742",
"11/29/2003","-40","-6.08845996856689","587","35.398","22.539","0","3.90277393186381","0.449777635579174","22.10230926",
"11/30/2003","-40","-6.08845996856689","587","34.788","23.416","0.144195696","3.97099572674457","0.459694877232615","22.57161444",
"12/1/2003","-40","-6.08845996856689","587","36.19","23.243","1.273727592","4.65202039650552","0.485401531605956","26.36780382",
"12/2/2003","-40","-6.08845996856689","587","33.205","23.075","0.2986912152","4.26688333309144","0.523966370524083","17.4326076",
"12/3/2003","-40","-6.08845996856689","587","35.881","22.586","0","4.92533466105316","0.469743786337755","27.7255674",
"12/4/2003","-40","-6.08845996856689","587","36.334","22.14","0","4.56054139551321","0.415173835020105","28.16116002",
"12/5/2003","-40","-6.08845996856689","587","36.503","22.939","0","5.53809517248689","0.462672600032521","27.71892558",
"12/6/2003","-40","-6.08845996856689","587","36.998","23.097","0","4.91516238978996","0.441320706866169","24.07370922",
"12/7/2003","-40","-6.08845996856689","587","36.167","22.604","0","4.88236083080931","0.474360768401629","27.91478952",
"12/8/2003","-40","-6.08845996856689","587","36.818","23.083","0","5.60008735484332","0.466155637794541","27.7009281",
"12/9/2003","-40","-6.08845996856689","587","36.172","23.944","0","5.70045761079324","0.437830902157017","23.7383478",
"12/10/2003","-40","-6.08845996856689","587","36.17","22.096","0","5.39051609491704","0.406572328734695","28.39663062",
"12/11/2003","-40","-6.08845996856689","587","35.343","22.526","0","5.42916449069484","0.461266816631971","26.58099762",
"12/12/2003","-40","-6.08845996856689","587","35.286","23.181","0","4.45282517473821","0.411520113753061","25.2176625",
"12/13/2003","-40","-6.08845996856689","587","35.878","22.358","0.370788264","4.67878633572086","0.49630743807148","22.67392158",
"12/14/2003","-40","-6.08845996856689","587","35.358","23.424","0.782774892","5.22657505573659","0.498316922760575","26.9551206",
"12/15/2003","-40","-6.08845996856689","587","33.654","23.23","3.29589972","4.37421250452613","0.559791450328704","20.21973642",
"12/16/2003","-40","-6.08845996856689","587","34.399","22.322","0.81882468","4.40778097698229","0.567258441259981","21.055104",
"12/17/2003","-40","-6.08845996856689","587","33.488","22.674","0.0240326064","4.40055151011408","0.498544415274196","22.70160288",
"12/18/2003","-40","-6.08845996856689","587","31.822","22.318","4.56104304","3.81544302713038","0.626627548456457","14.91705432",
"12/19/2003","-40","-6.08845996856689","587","33.497","22.548","0.1304626176","3.82432294525399","0.488030041897182","18.6474942",
"12/20/2003","-40","-6.08845996856689","587","35.866","24.419","0.31242384","4.70025202320091","0.414403338551075","27.29215512",
"12/21/2003","-40","-6.08845996856689","587","36.204","22.989","0","4.40344006643399","0.461186327488377","27.8482527",
"12/22/2003","-40","-6.08845996856689","587","36.534","22.868","0.0429155064","3.9306959715695","0.43818780750202","26.84351808",
"12/23/2003","-40","-6.08845996856689","587","35.984","23.282","0","4.52077010107976","0.465745045750311","22.7064942",
"12/24/2003","-40","-6.08845996856689","587","35.582","23.104","3.646084788","3.45443514292989","0.463164458966455","23.95473156",
"12/25/2003","-40","-6.08845996856689","587","34.496","24.098","1.033404372","3.82859292654787","0.467015329535887","21.05662932",
"12/26/2003","-40","-6.08845996856689","587","33.623","22.734","5.410766952","4.23933985401328","0.570159137255656","25.1255286",
"12/27/2003","-40","-6.08845996856689","587","35.856","22.902","0.841140684","4.3797539921561","0.460291892514702","27.2274273",
"12/28/2003","-40","-6.08845996856689","587","34.095","22.524","3.441810024","4.90581055307558","0.630742289916457","17.64276354",
"12/29/2003","-40","-6.08845996856689","587","32.667","21.393","1.297760688","4.45490558859554","0.626361286764464","19.10227032",
"12/30/2003","-40","-6.08845996856689","587","34.591","22.098","0.54588312","4.6106401460707","0.550230142931127","24.6939696",
"12/31/2003","-40","-6.08845996856689","587","36.648","23.177","0","4.57828978682043","0.455825672557858","28.1966067",
"1/1/2004","-40","-6.08845996856689","587","34.891","22.878","0","4.64199716556434","0.484142498891597","25.9021638",
"1/2/2004","-40","-6.08845996856689","587","36.249","22.39","0","4.67374750140542","0.470231835466352","25.964382312",
"1/3/2004","-40","-6.08845996856689","587","34.914","22.724","1.05743412","4.94131212375341","0.545585785711086","22.13318988",
"1/4/2004","-40","-6.08845996856689","587","35.489","22.792","0.017166132","5.27261171112751","0.518339199181353","28.0448415",
"1/5/2004","-40","-6.08845996856689","587","34.517","23.539","0.12016296","4.86851814788202","0.46740446056565","28.4936589",
"1/6/2004","-40","-6.08845996856689","587","35.631","22.317","0","4.92592541988772","0.461943394715346","28.365183288",
"1/7/2004","-40","-6.08845996856689","587","34.781","23.837","0","4.64902552152332","0.439800862581867","28.275463872",
"1/8/2004","-40","-6.08845996856689","587","37.11","22.64","0","4.11968425665185","0.432123167260101","23.33193804",
"1/9/2004","-40","-6.08845996856689","587","34.95","23.114","0.0480651624","3.67508976858568","0.553390526569196","23.88431052",
"1/10/2004","-40","-6.08845996856689","587","36.389","22.101","5.591010924","3.11685680965742","0.609425007632184","19.50232338",
"1/11/2004","-40","-6.08845996856689","587","32.193","22.716","8.9770296096","2.77120835206526","0.762892315170295","13.63027554",
"1/12/2004","-40","-6.08845996856689","587","31.212","22.242","2.2247314776","3.76778283326515","0.75022553059942","12.82804812",
"1/13/2004","-40","-6.08845996856689","587","31.252","21.581","4.715539308","3.86298765961474","0.814655687011982","19.60233012",
"1/14/2004","-40","-6.08845996856689","587","28.778","21.716","2.0771029584","3.49971202447584","0.81339025222793","12.2074875",
"1/15/2004","-40","-6.08845996856689","587","29.114","21.374","7.72475832","3.31290689239906","0.840143452066105","13.98915306",
"1/16/2004","-40","-6.08845996856689","587","29.53","20.389","3.352545468","2.9116931952453","0.807359034722661","15.27608952",
"1/17/2004","-40","-6.08845996856689","587","30.782","21.961","16.319849904","2.24756629201913","0.857115913783112","14.6197179",
"1/18/2004","-40","-6.08845996856689","587","30.654","21.533","24.9423950664","1.98250095999501","0.843265327639331","19.85614092",
"1/19/2004","-40","-6.08845996856689","587","27.771","21.287","5.834769264","1.84361727707734","0.831788043317628","12.956851098",
"1/20/2004","-40","-6.08845996856689","587","27.019","20.165","8.389098576","2.08602626803771","0.86425045969354","19.35803565",
"1/21/2004","-40","-6.08845996856689","587","22.748","20.119","50.75333172","1.2147877955864","0.951656992368379","3.30913125",
"1/22/2004","-40","-6.08845996856689","587","31.414","18.49","12.4025364","1.117695480344","0.838276087836706","24.13412658",
"1/23/2004","-40","-6.08845996856689","587","22.645","20.86","111.6159444","1.90091896807493","0.955548575087794","1.512956358",
"1/24/2004","-40","-6.08845996856689","587","30.129","19.918","48.2660229312","2.77947196643343","0.840594540995239","20.83831614",
"1/25/2004","-40","-6.08845996856689","587","22.384","20.124","55.0071144","3.45234368941907","0.94493211953118","3.00077019",
"1/26/2004","-40","-6.08845996856689","587","27.163","19.365","7.53678828","2.07539367461685","0.859993818383958","18.5557518",
"1/27/2004","-40","-6.08845996856689","587","25.507","20.462","36.46259352","2.04147887172838","0.916562947415405","8.595225882",
"1/28/2004","-40","-6.08845996856689","587","25.865","19.05","11.1562713864","2.32248181374424","0.926200033522081","14.21527941",
"1/29/2004","-40","-6.08845996856689","587","21.654","20.382","13.080593592","4.88464225357302","0.954328910670416","2.569611978",
"1/30/2004","-40","-6.08845996856689","587","27.647","19.292","4.365350712","1.63901535038404","0.882391028510879","17.0314299",
"1/31/2004","-40","-6.08845996856689","587","25.698","20.071","3.985976592","1.83248697572273","0.918749822000566","10.136076678",
"2/1/2004","-40","-6.08845996856689","587","26.658","20.45","5.3558333784","2.7593890380228","0.908266624729729","14.30077302",
"2/2/2004","-40","-6.08845996856689","587","30.329","21.284","5.52406338","3.35083502613663","0.839843802381882","25.665414462",
"2/3/2004","-40","-6.08845996856689","587","27.606","20.568","3.9310452504","2.97287533056728","0.881295096869315","16.38242532",
"2/4/2004","-40","-6.08845996856689","587","30.074","21.343","4.724122212","3.40601526440468","0.824686786146963","24.90974658",
"2/5/2004","-40","-6.08845996856689","587","27.948","21.321","6.711958944","2.78986834468775","0.891882825937153","18.1187532",
"2/6/2004","-40","-6.08845996856689","587","22.134","20.397","10.81294704","2.14315983970849","0.956063829708568","2.78268795",
"2/7/2004","-40","-6.08845996856689","587","28.92","20.234","0.820541664","3.17257465073403","0.830057021276655","25.32858462",
"2/8/2004","-40","-6.08845996856689","587","29.966","20.15","0","3.55621272124572","0.794866129986527","27.5029893",
"2/9/2004","-40","-6.08845996856689","587","30.484","20.363","0.017166132","3.36201373395483","0.742853694543347","28.73609973",
"2/10/2004","-40","-6.08845996856689","587","31.233","17.92","0","2.51151144967888","0.693627020453968","28.5321897",
"2/11/2004","-40","-6.08845996856689","587","31.293","19.181","0","3.1140863150274","0.643219719617506","28.99445877",
"2/12/2004","-40","-6.08845996856689","587","30.319","19.608","0.5527498464","3.76238102783084","0.679304131044451","28.1292768",
"2/13/2004","-40","-6.08845996856689","587","31.696","20.801","2.47535784","3.56376028351326","0.708966439004992","26.87175243",
"2/14/2004","-40","-6.08845996856689","587","30.744","21.029","0.42915348","4.24518431312554","0.738401579684822","27.6046866",
"2/15/2004","-40","-6.08845996856689","587","30.968","20.857","1.86767514","3.67931851240888","0.793180241993412","25.62209721",
"2/16/2004","-40","-6.08845996856689","587","29.147","20.723","0.799941456","4.3115891944117","0.802564284172914","23.30071677",
"2/17/2004","-40","-6.08845996856689","587","30.79","20.244","0.1476288504","3.39538877161568","0.743759983709196","28.84387032",
"2/18/2004","-40","-6.08845996856689","587","31.387","19.737","0.1476287064","3.18658421062637","0.68928956182914","28.91458125",
"2/19/2004","-40","-6.08845996856689","587","31.568","21.166","1.4007564","3.28896879196732","0.699947161372488","28.3512384",
"2/20/2004","-40","-6.08845996856689","587","29.533","19.915","0.154495296","3.02755376334414","0.72503340257822","27.04572252",
"2/21/2004","-40","-6.08845996856689","587","30.205","20.987","2.61612234","3.42343701630392","0.724910081613678","24.91897491",
"2/22/2004","-40","-6.08845996856689","587","30.806","20.932","9.7778328984","3.25193934103896","0.754895657877529","23.316019236",
"2/23/2004","-40","-6.08845996856689","587","31.506","19.389","6.44416578","2.64178350748665","0.784904836256307","28.33137792",
"2/24/2004","-40","-6.08845996856689","587","29.371","20.844","4.549026996","2.45830990017019","0.802287542417216","22.6265607",
"2/25/2004","-40","-6.08845996856689","587","30.588","21.448","1.6685487","3.49407790284864","0.709230312613882","24.668542908",
"2/26/2004","-40","-6.08845996856689","587","28.096","20.975","0.2334594528","3.21121021254091","0.773787156869785","14.13360234",
"2/27/2004","-40","-6.08845996856689","587","28.115","20.399","4.58851374","2.51439592346876","0.875602399897719","18.8639424",
"2/28/2004","-40","-6.08845996856689","587","30.066","20.881","3.162001536","3.14296138329947","0.844106419355926","22.93858746",
"2/29/2004","-40","-6.08845996856689","587","31.062","20.666","1.732061808","3.75700929211687","0.797064569716057","27.20773692",
"3/1/2004","-40","-6.08845996856689","587","31.347","20.328","0.62656416","2.98972592085767","0.732661276217128","27.20036448",
"3/2/2004","-40","-6.08845996856689","587","31.887","21.315","0.0102996792","3.32075943461303","0.7028522071356","28.38492324",
"3/3/2004","-40","-6.08845996856689","587","27.552","19.906","1.88484246","2.1234820585367","0.849371844280724","10.41935418",
"3/4/2004","-40","-6.08845996856689","587","29.315","18.465","0.9355545864","3.25878145745331","0.76495677479869","28.11149928",
"3/5/2004","-40","-6.08845996856689","587","31.534","19.824","0.284958108","3.59881738190947","0.720634703925862","28.2289482",
"3/6/2004","-40","-6.08845996856689","587","26.463","20.208","2.5886534328","2.13321751636662","0.886715901403867","11.154037428",
"3/7/2004","-40","-6.08845996856689","587","30.435","20.935","0.7621772328","3.09162196740663","0.756718046678896","15.681376728",
"3/8/2004","-40","-6.08845996856689","587","30.331","20.87","20.01570552","3.2079100886546","0.774810892962343","20.795790672",
"3/9/2004","-40","-6.08845996856689","587","30.538","20.597","2.949143328","2.91980354039586","0.734869454254979","21.318307992",
"3/10/2004","-40","-6.08845996856689","587","28.506","21.585","4.1902546104","3.18403608086742","0.830696381587619","23.22753768",
"3/11/2004","-40","-6.08845996856689","587","31.565","21.266","6.6982302","3.47172581297779","0.814964829418659","26.4156723",
"3/12/2004","-40","-6.08845996856689","587","31.115","20.661","4.2160035024","2.99844120704789","0.80966439351256","26.11204182",
"3/13/2004","-40","-6.08845996856689","587","31.682","19.942","0.0034332264","3.25740454915796","0.706711680244422","27.997371",
"3/14/2004","-40","-6.08845996856689","587","31.812","19.933","0","3.70901892852711","0.677992940967483","28.27158642",
"3/15/2004","-40","-6.08845996856689","587","32.013","20.649","0.803375604","3.74914943532253","0.715043858070832","27.93756798",
"3/16/2004","-40","-6.08845996856689","587","30.763","21.305","2.7603162576","3.34091249733521","0.812696877899505","16.07196744",
"3/17/2004","-40","-6.08845996856689","587","31.71","20.182","1.5192030528","3.17469656323425","0.749092328409969","26.26571106",
"3/18/2004","-40","-6.08845996856689","587","31.991","20.167","0.728702784","3.74476766428418","0.700002691719693","27.69029586",
"3/19/2004","-40","-6.08845996856689","587","31.803","20.271","0","3.67327827370313","0.693722137602428","27.39504636",
"3/20/2004","-40","-6.08845996856689","587","31.94","20.065","0","3.46002066717248","0.617455577621317","28.05030558",
"3/21/2004","-40","-6.08845996856689","587","32.434","19.849","0.9578701584","3.87558085079945","0.677686212666862","27.72399474",
"3/22/2004","-40","-6.08845996856689","587","32.339","21.391","4.0220241264","3.90560782814618","0.716484878974209","25.60551228",
"3/23/2004","-40","-6.08845996856689","587","32.184","20.881","1.8333449424","3.81658673515872","0.717085145076255","27.2401353",
"3/24/2004","-40","-6.08845996856689","587","31.701","20.89","0.078964236","3.39853873654893","0.694143987699984","23.58826056",
"3/25/2004","-40","-6.08845996856689","587","31.288","21.322","1.4007577464","3.47258790326259","0.678353429078878","25.11275742",
"3/26/2004","-40","-6.08845996856689","587","31.738","20.483","1.19819664","3.92310324141803","0.717704373982717","26.66599398",
"3/27/2004","-40","-6.08845996856689","587","32.326","20.04","0.85144032","3.85542605269019","0.691312409613126","27.28619982",
"3/28/2004","-40","-6.08845996856689","587","32.118","20.139","0.1184464224","3.40763012465184","0.655624576572699","27.22831956",
"3/29/2004","-40","-6.08845996856689","587","32.552","20.976","0.034332264","3.23699533793242","0.56001620417439","27.4830192",
"3/30/2004","-40","-6.08845996856689","587","33.132","19.302","0","3.0224765370822","0.552561709071422","27.29070684",
"3/31/2004","-40","-6.08845996856689","587","31.631","21.078","0","3.31709258656152","0.639832619549842","24.46317774",
"4/1/2004","-40","-6.08845996856689","587","32.667","19.902","0","3.43461713011344","0.667530384851715","24.25747068",
"4/2/2004","-40","-6.08845996856689","587","31.026","20.761","1.0110853728","3.15318105109235","0.717391234920656","18.32276376",
"4/3/2004","-40","-6.08845996856689","587","31.843","19.905","0","3.91801587216871","0.667661583073846","24.89782104",
"4/4/2004","-40","-6.08845996856689","587","29.167","20.751","3.017807388","3.64874879832747","0.808896004351415","14.1920442",
"4/5/2004","-40","-6.08845996856689","587","32.7","20.614","0.968170356","3.60236100567711","0.675267972792541","26.60433948",
"4/6/2004","-40","-6.08845996856689","587","32.433","20.723","0","3.62583335181562","0.677257464539922","25.91274924",
"4/7/2004","-40","-6.08845996856689","587","29.751","21.583","0.494385084","3.37162601320048","0.751016417417549","10.5992991",
"4/8/2004","-40","-6.08845996856689","587","31.276","20.941","1.0711682712","3.73030274737823","0.748417809274164","22.70548062",
"4/9/2004","-40","-6.08845996856689","587","32.392","21.841","0.017166132","3.98481362145649","0.677962731688445","26.1548991",
"4/10/2004","-40","-6.08845996856689","587","32.702","20.21","0","3.40541676449785","0.649732947269105","26.36994168",
"4/11/2004","-40","-6.08845996856689","587","32.825","19.921","0","3.67714977196871","0.659551223010324","26.41938912",
"4/12/2004","-40","-6.08845996856689","587","32.039","20.757","0","3.86504882007397","0.663048973192182","25.67412792",
"4/13/2004","-40","-6.08845996856689","587","32.061","20.239","0.109863288","3.94226846778319","0.590775531327979","22.56580656",
"4/14/2004","-40","-6.08845996856689","587","32.73","19.1","1.19819412","3.31257620517942","0.616383604755056","25.10016732",
"4/15/2004","-40","-6.08845996856689","587","29.764","21.018","9.827610912","2.5171965422029","0.77308307535035","17.75987334",
"4/16/2004","-40","-6.08845996856689","587","31.352","20.762","4.84085268","2.45831404509174","0.775119641886647","10.23659784",
"4/17/2004","-40","-6.08845996856689","587","32.083","21.162","3.62033928","3.31704866280118","0.663462910797455","25.21581012",
"4/18/2004","-40","-6.08845996856689","587","32.49","21.625","0.6711963264","4.11729461652375","0.648130655234538","22.9703121",
"4/19/2004","-40","-6.08845996856689","587","32.026","20.697","2.64701484","3.58986785571128","0.665828772645708","25.08474672",
"4/20/2004","-40","-6.08845996856689","587","32.931","20.98","0.0617980752","3.50238907504191","0.584556695354907","25.43202972",
"4/21/2004","-40","-6.08845996856689","587","32.017","21.034","1.3732911","4.04121547091882","0.679019533372261","24.20656272",
"4/22/2004","-40","-6.08845996856689","587","31.54","19.93","0.0102996864","4.13950397983059","0.609993423314581","21.64663026",
"4/23/2004","-40","-6.08845996856689","587","33.017","20.991","0.6291389304","3.58579443928325","0.620528219893483","20.9786067",
"4/24/2004","-40","-6.08845996856689","587","32.244","20.883","0.034332264","3.92122834481778","0.62421462138793","25.13868444",
"4/25/2004","-40","-6.08845996856689","587","29.249","20.755","9.3023268192","2.53896800823768","0.83424547097159","22.4722116",
"4/26/2004","-40","-6.08845996856689","587","27.31","19.875","28.3241484","1.80601445114693","0.90916062688407","11.069208",
"4/27/2004","-40","-6.08845996856689","587","30.32","18.935","0.4583360952","2.57963350177433","0.770842203104726","17.45234172",
"4/28/2004","-40","-6.08845996856689","587","31.176","20.267","1.53121932","2.87455351551158","0.713522925725048","24.43494618",
"4/29/2004","-40","-6.08845996856689","587","31.194","19.026","0","2.88983124789403","0.687380266730071","22.69310166",
"4/30/2004","-40","-6.08845996856689","587","28.995","19.026","0.0171661464","3.30655980614719","0.622824677915416","20.52005904",
"5/1/2004","-40","-6.08845996856689","587","31.239","19.224","0.3639222","3.49205812276032","0.658280283211263","24.609204",
"5/2/2004","-40","-6.08845996856689","587","32.304","20.24","0","3.82807225729918","0.554755981811066","24.8127768",
"5/3/2004","-40","-6.08845996856689","587","31.826","18.696","0.01373292","3.77721058391397","0.538999344488553","24.65920764",
"5/4/2004","-40","-6.08845996856689","587","29.617","21.025","0.405120888","3.51441819173313","0.635140829902402","18.53960508",
"5/5/2004","-40","-6.08845996856689","587","28.263","20.129","0.5664823056","2.96282147166277","0.80146181080869","12.83073804",
"5/6/2004","-40","-6.08845996856689","587","30.97","19.052","0.061798104","3.60867370150324","0.693886716543866","22.54669002",
"5/7/2004","-40","-6.08845996856689","587","29.794","20.894","0.4755020832","3.49700223553901","0.777315901244157","12.734946",
"5/8/2004","-40","-6.08845996856689","587","31.102","21.056","0","3.95736856853563","0.729577518219864","22.03492734",
"5/9/2004","-40","-6.08845996856689","587","30.817","20.736","0","3.24758271842224","0.724223532155071","19.0686384",
"5/10/2004","-40","-6.08845996856689","587","30.414","19.77","0.2128601304","3.19584219045966","0.753525960596083","23.06080854",
"5/11/2004","-40","-6.08845996856689","587","29.545","19.533","0.1768110984","3.17570985792901","0.759315889128193","20.70134028",
"5/12/2004","-40","-6.08845996856689","587","25.755","19.659","0.3484727424","2.87033784658531","0.817183105618474","7.73752806",
"5/13/2004","-40","-6.08845996856689","587","31.785","18.894","0.0137329056","2.79377978570808","0.703275426459376","19.87627392",
"5/14/2004","-40","-6.08845996856689","587","31.95","18.817","0","2.98417483381797","0.702247250978089","21.6842049",
"5/15/2004","-40","-6.08845996856689","587","32.13","19.482","3.62548818","3.11186984377422","0.676553040927695","23.4033174",
"5/16/2004","-40","-6.08845996856689","587","32.936","20.075","0","3.26638556124165","0.60896659243935","23.7270996",
"5/17/2004","-40","-6.08845996856689","587","27.049","19.734","1.35269064","3.4690819039502","0.739069101029229","18.72129708",
"5/18/2004","-40","-6.08845996856689","587","30.696","20.387","16.56188856","2.99800977494003","0.757886676988776","18.74559168",
"5/19/2004","-40","-6.08845996856689","587","31.613","19.388","0.1098633528","3.55009268055912","0.635075550232836","23.50890252",
"5/20/2004","-40","-6.08845996856689","587","29.102","20.339","2.549171484","3.34717972650545","0.842078311514601","14.84184564",
"5/21/2004","-40","-6.08845996856689","587","31.715","19.411","0.109863288","3.55104434257196","0.643210786598618","22.83361596",
"5/22/2004","-40","-6.08845996856689","587","31.621","19.107","0.082397484","3.95985608877957","0.558591588339155","23.533767",
"5/23/2004","-40","-6.08845996856689","587","31.283","20.078","0.360489024","3.31923577577033","0.632276377882985","23.33778588",
"5/24/2004","-40","-6.08845996856689","587","31.736","18.903","0.137329164","3.37372818650252","0.68523579851187","22.45966722",
"5/25/2004","-40","-6.08845996856689","587","29.708","19.205","2.834130744","2.71331012725329","0.824232558429399","11.00862918",
"5/26/2004","-40","-6.08845996856689","587","28.992","19.666","0.813675024","3.06630610382862","0.763954757934357","19.23097608",
"5/27/2004","-40","-6.08845996856689","587","31.574","18.936","0.01373292","3.33348341144353","0.681947926582343","22.7281023",
"5/28/2004","-40","-6.08845996856689","587","31.531","20.922","0.185394168","3.84488901503795","0.653194312200563","22.83288498",
"5/29/2004","-40","-6.08845996856689","587","31.129","20.2","0.230026212","3.96533155958186","0.617784966649637","22.3896375",
"5/30/2004","-40","-6.08845996856689","587","30.271","18.501","0.09956358","3.88698577330779","0.621169607937313","18.2849598",
"5/31/2004","-40","-6.08845996856689","587","31.148","18.43","0","3.87645259190059","0.634890651202806","22.7509929",
"6/1/2004","-40","-6.08845996856689","587","25.715","19.761","6.928256124","3.18334317377898","0.866668934884116","4.21464078",
"6/2/2004","-40","-6.08845996856689","587","30.244","19.039","15.710454","3.12733289083597","0.7589133245568","21.00312342",
"6/3/2004","-40","-6.08845996856689","587","31.183","18.344","0.1132965","3.34410527234516","0.700665991401569","18.1705536",
"6/4/2004","-40","-6.08845996856689","587","31.692","18.655","0","3.56254064252267","0.607396318599538","22.6249263",
"6/5/2004","-40","-6.08845996856689","587","31.39","20.172","0.868608072","4.41477968749258","0.668863247535221","21.0383955",
"6/6/2004","-40","-6.08845996856689","587","29.007","20.082","1.3904570376","4.17108659431599","0.73163147524059","17.9731674",
"6/7/2004","-40","-6.08845996856689","587","31.121","17.131","0.02059938","4.12350128324416","0.564752711029709","23.08680468",
"6/8/2004","-40","-6.08845996856689","587","30.648","17.77","0.144195732","4.48570578880441","0.554670437882624","23.18349438",
"6/9/2004","-40","-6.08845996856689","587","31.074","15.571","0.47721834","4.02655556423889","0.577837893038085","22.8302433",
"6/10/2004","-40","-6.08845996856689","587","31.123","17.582","0.73471068","4.68083151906495","0.579046055783752","22.7773782",
"6/11/2004","-40","-6.08845996856689","587","29.189","16.861","0","4.65001181255707","0.672864629608131","18.52998768",
"6/12/2004","-40","-6.08845996856689","587","30.93","17.837","0.0411987384","3.76646371575589","0.626108518369647","22.86539928",
"6/13/2004","-40","-6.08845996856689","587","31.145","16.956","0.0034332264","3.89299267006015","0.569120145877357","22.60406448",
"6/14/2004","-40","-6.08845996856689","587","27.322","19.396","2.7483008256","3.56395331396112","0.719805427056668","11.66945238",
"6/15/2004","-40","-6.08845996856689","587","29.636","20.188","0.4119872904","4.42033722102997","0.674635870343005","18.01850814",
"6/16/2004","-40","-6.08845996856689","587","29.418","19.303","0.0480652128","4.49817518751363","0.667522832046686","18.30290652",
"6/17/2004","-40","-6.08845996856689","587","28.6","18.401","0.7381443168","4.54260675093435","0.737011706514354","12.33186012",
"6/18/2004","-40","-6.08845996856689","587","26.616","19.977","0.2403259128","4.05673738778143","0.727858404044914","6.7520817",
"6/19/2004","-40","-6.08845996856689","587","28.157","19.266","0.6248475432","3.50361234020028","0.700700019616552","14.4868482",
"6/20/2004","-40","-6.08845996856689","587","29.936","18.734","0.9046554768","4.85998068552454","0.681268011856001","19.01784366",
"6/21/2004","-40","-6.08845996856689","587","28.948","17.935","0.3776550912","5.30890118843053","0.674479768019608","18.0480924",
"6/22/2004","-40","-6.08845996856689","587","28.213","17.583","1.16043102","4.38675191511805","0.695576087298994","22.1959692",
"6/23/2004","-40","-6.08845996856689","587","29.875","18.557","0.04806522","4.53141897785568","0.627960628419918","21.53104452",
"6/24/2004","-40","-6.08845996856689","587","30.086","16.984","0.030899052","4.48062240018703","0.620455103734401","22.5924174",
"6/25/2004","-40","-6.08845996856689","587","28.854","18.272","0.075531024","4.60114252662644","0.649797211883685","20.23806852",
"6/26/2004","-40","-6.08845996856689","587","26.715","19.13","2.4616241064","4.44406258846684","0.801638665836623","7.78112208",
"6/27/2004","-40","-6.08845996856689","587","28.296","19.445","1.685714832","4.50531254727377","0.757713372147017","9.46023354",
"6/28/2004","-40","-6.08845996856689","587","29.802","17.38","0.01373292","4.34347558832828","0.642737431276676","22.29923772",
"6/29/2004","-40","-6.08845996856689","587","29.595","19.197","2.97660924","4.02385187043118","0.695125944256145","16.74011034",
"6/30/2004","-40","-6.08845996856689","587","28.808","18.433","0.068664564","3.9062574989896","0.695895459806509","11.70714528",
"7/1/2004","-40","-6.08845996856689","587","30.788","17.864","0.082397448","3.94594206946563","0.615542281515425","22.5382572",
"7/2/2004","-40","-6.08845996856689","587","30.698","17.819","0","3.54749323929859","0.588386922852899","22.5941076",
"7/3/2004","-40","-6.08845996856689","587","26.979","18.79","1.8462185136","3.94596007632194","0.729575565554608","5.76854802",
"7/4/2004","-40","-6.08845996856689","587","28.762","19.95","5.2734366","3.96811718605368","0.725748691238822","14.63270616",
"7/5/2004","-40","-6.08845996856689","587","31.11","20.212","0.4274374464","2.99546569694879","0.62884122060924","22.0332906",
"7/6/2004","-40","-6.08845996856689","587","31.396","18.919","0.360488808","3.05309307051565","0.678444461987164","18.388125",
"7/7/2004","-40","-6.08845996856689","587","31.148","18.79","1.4659881912","3.38204725360543","0.706090088049761","18.7818174",
"7/8/2004","-40","-6.08845996856689","587","29.132","19.461","0.3124239264","4.00994128098619","0.732519858716838","14.37682482",
"7/9/2004","-40","-6.08845996856689","587","30.998","18.095","0","3.50795077706639","0.695485518826877","16.95121776",
"7/10/2004","-40","-6.08845996856689","587","32.175","19.2","0","3.83199514072863","0.605595497117605","22.57470108",
"7/11/2004","-40","-6.08845996856689","587","31.163","18.909","0","3.54332138988753","0.57834409118718","20.1854268",
"7/12/2004","-40","-6.08845996856689","587","31.357","17.594","0","3.46933743765287","0.481213825048994","23.67584964",
"7/13/2004","-40","-6.08845996856689","587","30.899","18.576","0.0171661392","4.16690889078535","0.550079914802839","19.51199352",
"7/14/2004","-40","-6.08845996856689","587","29.812","18.683","0.4961012184","4.89735885683716","0.561461653918979","22.08549312",
"7/15/2004","-40","-6.08845996856689","587","29.023","18.521","1.7114665176","4.59721110957309","0.676719792189719","18.15266358",
"7/16/2004","-40","-6.08845996856689","587","26.827","20.093","1.196480592","4.35374782874474","0.694561224609298","10.0583388",
"7/17/2004","-40","-6.08845996856689","587","32.502","20.396","0.2300265","3.99530615760292","0.568876213747044","18.42648804",
"7/18/2004","-40","-6.08845996856689","587","29.816","20.405","1.902008016","3.81184324496641","0.615376608678749","20.7329013",
"7/19/2004","-40","-6.08845996856689","587","30.586","18.177","0","4.3196133137228","0.564601526482307","23.28317388",
"7/20/2004","-40","-6.08845996856689","587","31.879","17.042","0","4.12302992456871","0.543818431879557","23.52065832",
"7/21/2004","-40","-6.08845996856689","587","31.729","16.832","0","3.66222437427403","0.540326532020848","23.4119826",
"7/22/2004","-40","-6.08845996856689","587","31.732","18.531","0","4.5541926159427","0.486562620160514","21.26722284",
"7/23/2004","-40","-6.08845996856689","587","30.621","16.922","0","5.16266789695601","0.50970490165701","23.73840252",
"7/24/2004","-40","-6.08845996856689","587","29.49","16.831","0","5.72259785807932","0.620260929836103","17.17543296",
"7/25/2004","-40","-6.08845996856689","587","26.104","19.284","0.2849580792","6.73242257640988","0.674416220997454","10.38572532",
"7/26/2004","-40","-6.08845996856689","587","25.534","18.549","0.0926971704","6.51016289458966","0.66081710198845","9.51384744",
"7/27/2004","-40","-6.08845996856689","587","27.285","18.073","0.1579285584","5.54156302050991","0.636963184074806","11.02139568",
"7/28/2004","-40","-6.08845996856689","587","28.281","16.782","0.0068664528","5.7376878070295","0.606735086360405","18.54073494",
"7/29/2004","-40","-6.08845996856689","587","25.689","19.28","0.1270294344","5.83152125108504","0.671818720023619","10.56284982",
"7/30/2004","-40","-6.08845996856689","587","31.317","19.676","0.703811592","4.31904796207317","0.574780947822529","23.4204237",
"7/31/2004","-40","-6.08845996856689","587","31.913","19.815","3.0126523824","3.63466220282366","0.593402760515866","22.76414856",
"8/1/2004","-40","-6.08845996856689","587","31.577","18.321","1.716613776","4.04391614625823","0.670503452261414","18.27151524",
"8/2/2004","-40","-6.08845996856689","587","30.424","18.89","4.62970764","4.81989711735636","0.63756195640405","23.65599816",
"8/3/2004","-40","-6.08845996856689","587","31.599","17.107","0","4.82315230072158","0.530632268488483","24.70893372",
"8/4/2004","-40","-6.08845996856689","587","31.215","18.971","0","5.00905435904844","0.487978301590819","24.60707172",
"8/5/2004","-40","-6.08845996856689","587","31.755","17.701","0.104713416","4.75227066324762","0.554948761424249","23.21200764",
"8/6/2004","-40","-6.08845996856689","587","31.113","18.925","2.243614176","4.94250774279674","0.593258705397806","20.7586134",
"8/7/2004","-40","-6.08845996856689","587","31.93","19.785","3.3748655328","4.94712991942855","0.624126457948452","19.37008404",
"8/8/2004","-40","-6.08845996856689","587","31.811","19.379","3.4881622272","4.30728958324755","0.569325201504256","24.72193332",
"8/9/2004","-40","-6.08845996856689","587","33.497","19.531","0.0274658184","3.82637629799773","0.480969700955651","24.81407352",
"8/10/2004","-40","-6.08845996856689","587","31.555","19.347","0","5.77900965147349","0.542739305507245","20.51302356",
"8/11/2004","-40","-6.08845996856689","587","28.141","19.051","0","6.27372614119563","0.61144549464155","21.48986088",
"8/12/2004","-40","-6.08845996856689","587","31.829","16.986","0","5.13408315417522","0.549859296868583","23.28024528",
"8/13/2004","-40","-6.08845996856689","587","31.837","17.66","0","5.87291813603245","0.535259718285818","25.0249446",
"8/14/2004","-40","-6.08845996856689","587","31.948","16.511","0","5.31526162169879","0.474276945032865","25.32965472",
"8/15/2004","-40","-6.08845996856689","587","30.713","18.27","0.0205993728","5.75627920388199","0.560772705966956","21.1448844",
"8/16/2004","-40","-6.08845996856689","587","29.381","19.128","1.7114662728","5.38477014731664","0.622734143685565","24.38476596",
"8/17/2004","-40","-6.08845996856689","587","32.254","18.088","4.052924604","4.73469357798617","0.550552528073049","25.66428066",
"8/18/2004","-40","-6.08845996856689","587","33.042","19.369","0.054931644","4.72626339279641","0.490648344224281","25.29230382",
"8/19/2004","-40","-6.08845996856689","587","33.895","21.12","0","4.7008020906075","0.432603020152315","25.47742752",
"8/20/2004","-40","-6.08845996856689","587","32.609","21.625","0.343322856","5.21612641176601","0.444094297032657","25.75856574",
"8/21/2004","-40","-6.08845996856689","587","34.433","19.396","0","4.83398390916858","0.402182225319968","26.23213584",
"8/22/2004","-40","-6.08845996856689","587","34.112","20.24","0","4.94270294256768","0.444182490729671","25.65021834",
"8/23/2004","-40","-6.08845996856689","587","34.006","19.895","0","4.31488279137805","0.418454400191839","25.65072756",
"8/24/2004","-40","-6.08845996856689","587","35.142","20.488","0","3.79319377876324","0.420334777565369","25.97057046",
"8/25/2004","-40","-6.08845996856689","587","35.238","20.828","0","4.33135148787821","0.406597898063709","25.23921102",
"8/26/2004","-40","-6.08845996856689","587","34.311","21.388","0","4.06781382878074","0.413968007599755","26.0930709",
"8/27/2004","-40","-6.08845996856689","587","33.883","20.043","0","4.46651058998593","0.433876442566848","26.26065306",
"8/28/2004","-40","-6.08845996856689","587","34.851","21.591","0","4.49176209215209","0.395483666676544","26.1693072",
"8/29/2004","-40","-6.08845996856689","587","34.338","20.425","0","2.90635255736167","0.49942905127374","20.48057028",
"8/30/2004","-40","-6.08845996856689","587","35.369","21.111","0","3.61810992054636","0.491604408165221","25.42162842",
"8/31/2004","-40","-6.08845996856689","587","35.285","21.084","0.154495476","4.99637426313268","0.490772416804611","26.37078444",
"9/1/2004","-40","-6.08845996856689","587","33.572","21.112","0.058365","4.43617222842356","0.395606188962315","26.85476016",
"9/2/2004","-40","-6.08845996856689","587","26.85","20.373","0.8128164024","5.02246245812808","0.609526595119329","5.70543768",
"9/3/2004","-40","-6.08845996856689","587","31.075","18.634","0","4.58982118971835","0.522142366967761","26.31206502",
"9/4/2004","-40","-6.08845996856689","587","33.704","19.914","0.0446319576","4.32989792280431","0.409838253608955","27.0676647",
"9/5/2004","-40","-6.08845996856689","587","33.535","20.045","0.0240325992","5.05682669370368","0.431197399989228","25.98012864",
"9/6/2004","-40","-6.08845996856689","587","34.147","19.838","0","5.03272698301701","0.432315753686935","26.72426178",
"9/7/2004","-40","-6.08845996856689","587","34.754","20.951","0","5.20313404353401","0.402236541204014","26.83096758",
"9/8/2004","-40","-6.08845996856689","587","33.943","20.871","0.0068664528","5.61554448673459","0.404139453241109","27.27022257",
"9/9/2004","-40","-6.08845996856689","587","34.022","20.32","0","5.4298363758507","0.42471493308026","26.96715423",
"9/10/2004","-40","-6.08845996856689","587","34.786","21.542","0.0034332264","5.13177346628517","0.419813625781886","27.281589048",
"9/11/2004","-40","-6.08845996856689","587","33.911","21.181","0.410270616","4.84389611589302","0.463039856972826","26.69214015",
"9/12/2004","-40","-6.08845996856689","587","33.95","21.466","0","4.74123389549813","0.423724148422418","26.74242954",
"9/13/2004","-40","-6.08845996856689","587","34.146","20.204","0","4.98713174718983","0.405170617253624","27.2996442",
"9/14/2004","-40","-6.08845996856689","587","33.937","21.395","0.048065184","5.12139219710807","0.40702043967811","27.3861576",
"9/15/2004","-40","-6.08845996856689","587","33.941","20.654","0","4.64071462214654","0.389546123845502","27.693674568",
"9/16/2004","-40","-6.08845996856689","587","34.622","21.097","0","3.96709898389017","0.386776977378543","27.75127626",
"9/17/2004","-40","-6.08845996856689","587","35.727","21.888","0","4.67867162632485","0.411134868304392","27.51576552",
"9/18/2004","-40","-6.08845996856689","587","35.081","23.041","0.0532151064","4.81948708106364","0.395409448117147","27.153003528",
"9/19/2004","-40","-6.08845996856689","587","34.964","21.969","0.4411692","6.00658652185524","0.420619710332015","22.54196412",
"9/20/2004","-40","-6.08845996856689","587","35.153","21.416","0","5.18028158076463","0.414826325590746","23.64688224",
"9/21/2004","-40","-6.08845996856689","587","34.815","22.315","0","4.90007677310142","0.415504583220271","27.115872048",
"9/22/2004","-40","-6.08845996856689","587","31.86","22.214","3.54223638","4.78234455622609","0.55767972876325","19.16921349",
"9/23/2004","-40","-6.08845996856689","587","33.967","21.47","0","3.66161038266626","0.479851940348026","21.7413612",
"9/24/2004","-40","-6.08845996856689","587","34.8","22.48","0.382804452","4.16704323080052","0.501857425344969","16.698935034",
"9/25/2004","-40","-6.08845996856689","587","33.158","22.333","0.061798104","5.21080110532661","0.459534453542516","27.601765848",
"9/26/2004","-40","-6.08845996856689","587","34.576","21.457","0","4.68636821257071","0.478589647129215","20.687399712",
"9/27/2004","-40","-6.08845996856689","587","35.146","22.002","0.082397448","5.05234270733285","0.421939907995046","25.89626016",
"9/28/2004","-40","-6.08845996856689","587","35.844","23.237","0","5.29531718465692","0.374075776095626","27.8975862",
"9/29/2004","-40","-6.08845996856689","587","35.22","22.647","0","4.77290322538499","0.392509120617405","28.022980392",
"9/30/2004","-40","-6.08845996856689","587","35.713","21.79","0","4.51290902613512","0.389978264415738","24.95182644",
"10/1/2004","-40","-6.08845996856689","587","35.716","22.556","0","4.69884095885951","0.388478076154791","28.20285792",
"10/2/2004","-40","-6.08845996856689","587","35.604","22.625","0.0102996792","4.62576818222804","0.39506880416522","28.064433672",
"10/3/2004","-40","-6.08845996856689","587","35.66","22.303","0","4.75311702733924","0.416861536143637","25.2879201",
"10/4/2004","-40","-6.08845996856689","587","36.33","22.502","0.832558428","4.80030670070714","0.460172735709581","27.279226368",
"10/5/2004","-40","-6.08845996856689","587","35.819","23.205","1.1329654392","5.46441276472406","0.453946954207028","27.71156448",
"10/6/2004","-40","-6.08845996856689","587","34.621","21.867","0","5.15823476514115","0.472181879474098","26.62914186",
"10/7/2004","-40","-6.08845996856689","587","35.697","21.839","0","5.30390718605017","0.471215003659167","27.68282532",
"10/8/2004","-40","-6.08845996856689","587","36.199","22.451","0","5.98684648177505","0.459440898169351","25.27413426",
"10/9/2004","-40","-6.08845996856689","587","35.186","22.84","0","5.92075402231388","0.428775242428417","28.14518592",
"10/10/2004","-40","-6.08845996856689","587","35.033","22.025","0","5.47521032025447","0.43918957773317","28.315850688",
"10/11/2004","-40","-6.08845996856689","587","34.968","20.926","0","5.33920238996693","0.436510364075179","28.616967",
"10/12/2004","-40","-6.08845996856689","587","34.819","21.273","0","5.18925375598926","0.39423882131986","28.8757449",
"10/13/2004","-40","-6.08845996856689","587","35.714","22.055","0","4.44883545305424","0.35656539300543","28.9088055",
"10/14/2004","-40","-6.08845996856689","587","35.739","22.08","0","4.86845476233542","0.449111680399907","28.49332608",
"10/15/2004","-40","-6.08845996856689","587","35.75","21.976","0","5.57029786459845","0.426718669156972","28.475247888",
"10/16/2004","-40","-6.08845996856689","587","35.061","22.112","0","5.1474432009269","0.407541644099616","28.4560605",
"10/17/2004","-40","-6.08845996856689","587","35.24","22.836","0","5.12376747920918","0.3910556743088","28.362215232",
"10/18/2004","-40","-6.08845996856689","587","35.98","21.553","0","4.70441014507598","0.424597588278771","28.2667401",
"10/19/2004","-40","-6.08845996856689","587","35.608","21.831","0","5.20651785796337","0.457611640207944","26.4657402",
"10/20/2004","-40","-6.08845996856689","587","36.234","22.551","0","5.25788741543118","0.454657964066381","28.18524816",
"10/21/2004","-40","-6.08845996856689","587","36.146","21.918","0","5.17337313435276","0.473964600093756","27.85779522",
"10/22/2004","-40","-6.08845996856689","587","36.119","22.263","0","4.83058031991918","0.428281705603154","27.8994339",
"10/23/2004","-40","-6.08845996856689","587","36.794","22.971","0","4.98325355532183","0.370311102768048","28.6811055",
"10/24/2004","-40","-6.08845996856689","587","36.387","22.846","0.06179796","4.51530535200319","0.396551152122035","28.47273804",
"10/25/2004","-40","-6.08845996856689","587","35.568","22.307","1.983547152","4.59751827625817","0.501751887785833","27.89772192",
"10/26/2004","-40","-6.08845996856689","587","35.861","23.083","0.44975268","5.17561489125683","0.418716838227964","27.1340406",
"10/27/2004","-40","-6.08845996856689","587","35.971","21.563","0","4.77811254995776","0.443058609745413","27.5467464",
"10/28/2004","-40","-6.08845996856689","587","35.976","23.467","0.193977468","4.83805374232666","0.472979551833549","27.34093584",
"10/29/2004","-40","-6.08845996856689","587","35.359","22.546","0","5.97084835748062","0.438931859707023","28.4528187",
"10/30/2004","-40","-6.08845996856689","587","35.971","22.64","0","5.49230728363203","0.390070668307231","28.38354372",
"10/31/2004","-40","-6.08845996856689","587","36.223","22.405","0","5.66063127311141","0.387951845029066","28.56095352",
"11/1/2004","-40","-6.08845996856689","587","36.089","22.619","0","5.16076132970062","0.435648441945506","24.81512436",
"11/2/2004","-40","-6.08845996856689","587","35.911","22.732","0","4.64823802038242","0.394619026041713","28.32669108",
"11/3/2004","-40","-6.08845996856689","587","35.543","22.169","0","4.91229409715851","0.383665011401724","28.41011118",
"11/4/2004","-40","-6.08845996856689","587","35.616","21.886","0","5.2550155875725","0.386001225047787","28.4806476",
"11/5/2004","-40","-6.08845996856689","587","35.698","21.814","0","5.17777205947067","0.402614933622319","28.86150798",
"11/6/2004","-40","-6.08845996856689","587","35.805","21.469","0","4.43046388018843","0.421973284558955","28.65735",
"11/7/2004","-40","-6.08845996856689","587","36.25","21.034","0","4.81962246149557","0.495665075160274","28.1434464",
"11/8/2004","-40","-6.08845996856689","587","35.745","22.708","1.03340124","5.23592356171311","0.437372044979832","28.1500974",
"11/9/2004","-40","-6.08845996856689","587","35.928","22.961","0.048065184","4.6231209859101","0.351180654016741","28.54230822",
"11/10/2004","-40","-6.08845996856689","587","35.609","22.331","0","4.47920623578757","0.407915084403281","28.3179915",
"11/11/2004","-40","-6.08845996856689","587","35.791","22.613","0","5.1232181713518","0.469375401655315","27.9223839",
"11/12/2004","-40","-6.08845996856689","587","36.114","21.519","0","5.12725227548348","0.431142128980992","28.5256161",
"11/13/2004","-40","-6.08845996856689","587","36.354","22.155","0","5.52383808815767","0.46582331971845","28.11952602",
"11/14/2004","-40","-6.08845996856689","587","36.804","22.385","0","5.35537718682783","0.45201113751789","28.432791",
"11/15/2004","-40","-6.08845996856689","587","34.813","23.317","0.0274658184","5.6175913555512","0.403845069287526","28.4797287",
"11/16/2004","-40","-6.08845996856689","587","35.057","22.451","0","5.00852402245659","0.322257817987772","29.20820562",
"11/17/2004","-40","-6.08845996856689","587","34.978","21.94","0","4.45569703599155","0.415614149867298","28.263663",
"11/18/2004","-40","-6.08845996856689","587","35.796","21.746","0","5.36285090003769","0.451186767222914","28.37323692",
"11/19/2004","-40","-6.08845996856689","587","36.576","21.902","0","5.21413150750315","0.442094925107496","28.04501178",
"11/20/2004","-40","-6.08845996856689","587","35.59","22.617","0","4.00047433271155","0.446934698014521","21.51056142",
"11/21/2004","-40","-6.08845996856689","587","32.957","23.852","0.0034332264","3.91950786851867","0.465292182185137","16.67003076",
"11/22/2004","-40","-6.08845996856689","587","34.412","22.535","0.0137329056","4.08429557223629","0.480749268415245","20.87668062",
"11/23/2004","-40","-6.08845996856689","587","35.302","22.183","0","4.84953259775397","0.432254303360598","28.13963202",
"11/24/2004","-40","-6.08845996856689","587","35.665","22.054","0","5.33999576455959","0.456350535920734","28.16718822",
"11/25/2004","-40","-6.08845996856689","587","33.634","22.994","0.279808452","3.12477071256727","0.499406833704479","20.92415742",
"11/26/2004","-40","-6.08845996856689","587","31.314","23.091","3.35941488","3.00638920789626","0.578947055455289","12.758175",
"11/27/2004","-40","-6.08845996856689","587","30.786","22.569","3.6495181728","2.44728381135385","0.591301295696984","14.03308188",
"11/28/2004","-40","-6.08845996856689","587","34.562","21.696","0","4.12055871065028","0.48141783324645","27.47751228",
"11/29/2004","-40","-6.08845996856689","587","35.545","22.443","0","5.10679413373309","0.495099360044088","26.90303058",
"11/30/2004","-40","-6.08845996856689","587","34.99","22.804","0","5.46050393947351","0.484784041683273","27.5754384",
"12/1/2004","-40","-6.08845996856689","587","35.866","21.207","0","4.0436483402126","0.401977050671153","28.45851372",
"12/2/2004","-40","-6.08845996856689","587","36.543","21.53","0","4.28094208224444","0.437766437760027","27.986283",
"12/3/2004","-40","-6.08845996856689","587","36.122","22.628","0.01373292","4.79499797155765","0.438109960878074","27.6972183",
"12/4/2004","-40","-6.08845996856689","587","35.61","23.129","0.24032592","5.25712120151556","0.44865329578029","27.91592172",
"12/5/2004","-40","-6.08845996856689","587","35.658","23.264","0","4.15024248525038","0.398709744670079","28.2803625",
"12/6/2004","-40","-6.08845996856689","587","33.992","21.925","0","3.83103624970901","0.44386148374548","26.03379312",
"12/7/2004","-40","-6.08845996856689","587","35.392","22.25","1.2187962","3.83887884383698","0.486028155995401","21.93693588",
"12/8/2004","-40","-6.08845996856689","587","35.785","22.535","0.09613044","4.69699675665289","0.471143866512467","23.4847764",
"12/9/2004","-40","-6.08845996856689","587","36.525","23.694","0.0034332264","4.84848179690676","0.434203441992657","27.9925326",
"12/10/2004","-40","-6.08845996856689","587","34.098","22.477","0","3.80472826371691","0.493271546355357","21.08638458",
"12/11/2004","-40","-6.08845996856689","587","36.453","22.44","0","3.97093115784003","0.428200230259397","25.87623246",
"12/12/2004","-40","-6.08845996856689","587","36.025","22.508","0","3.20551923960568","0.43914650342078","22.90899726",
"12/13/2004","-40","-6.08845996856689","587","36.335","23.019","0","4.49757471382046","0.456968788560944","27.95788152",
"12/14/2004","-40","-6.08845996856689","587","36.402","23.263","0.0205993656","4.89676384698188","0.464859305268976","28.03933008",
"12/15/2004","-40","-6.08845996856689","587","35.648","22.248","0","5.07841045930581","0.457400843925081","28.1258496",
"12/16/2004","-40","-6.08845996856689","587","35.493","21.749","0","4.33653311732767","0.424425799845048","27.39909168",
"12/17/2004","-40","-6.08845996856689","587","35.048","22.272","0","3.4509061717064","0.405447567183827","23.781601368",
"12/18/2004","-40","-6.08845996856689","587","36.256","22.502","0.0978470424","5.24507900909612","0.440567829857745","26.456909832",
"12/19/2004","-40","-6.08845996856689","587","35.135","22.919","0.3845214","5.48452813698812","0.50013279808277","26.73651834",
"12/20/2004","-40","-6.08845996856689","587","35.652","23.312","0","5.72306400156909","0.449153007127223","27.7823322",
"12/21/2004","-40","-6.08845996856689","587","35.632","22.477","0","4.86889138005381","0.450197773314571","27.94168008",
"12/22/2004","-40","-6.08845996856689","587","35.971","21.736","0","4.28237422955368","0.440533192457754","28.09530576",
"12/23/2004","-40","-6.08845996856689","587","35.567","21.103","0","4.73213547948229","0.438825458805716","28.19171358",
"12/24/2004","-40","-6.08845996856689","587","35.678","21.621","0","5.28538512075181","0.420710077232038","28.6414875",
"12/25/2004","-40","-6.08845996856689","587","34.954","22.175","0.121879728","4.8883966364354","0.567026794803563","19.3955607",
"12/26/2004","-40","-6.08845996856689","587","33.799","22.457","0.5270004864","3.45400721517749","0.52879113526423","18.14866308",
"12/27/2004","-40","-6.08845996856689","587","36.13","21.867","0","3.60496681220592","0.45082254170637","22.056408432",
"12/28/2004","-40","-6.08845996856689","587","32.041","22.592","6.08539104","2.76109232309751","0.559261399238887","16.38450234",
"12/29/2004","-40","-6.08845996856689","587","33.459","22.002","7.16085504","3.32026464899695","0.610440486051199","13.88345031",
"12/30/2004","-40","-6.08845996856689","587","33.573","21.798","12.8849030856","3.09409538299147","0.652127738843424","15.07511835",
"12/31/2004","-40","-6.08845996856689","587","31.141","21.648","10.2121339464","2.6554025170984","0.689337139862913","10.985622966",
"1/1/2005","-40","-6.08845996856689","587","35.709","22.207","0.037765476","4.36487213749361","0.443795228350442","28.2016674",
"1/2/2005","-40","-6.08845996856689","587","35.842","23.244","0.230026212","5.11531366805149","0.452048764506462","28.38819258",
"1/3/2005","-40","-6.08845996856689","587","34.426","21.718","0","4.94619279430972","0.477532124583049","26.73353988",
"1/4/2005","-40","-6.08845996856689","587","35.731","21.55","0.446319504","5.0083172844872","0.467511780963609","28.61859924",
"1/5/2005","-40","-6.08845996856689","587","34.323","22.953","0","5.11952611513767","0.432654170431048","28.581188832",
"1/6/2005","-40","-6.08845996856689","587","35.834","21.514","0","4.35831749154719","0.419258593443814","28.837178352",
"1/7/2005","-40","-6.08845996856689","587","36.589","21.68","0","4.14313885331628","0.375594620720162","29.158312968",
"1/8/2005","-40","-6.08845996856689","587","36.627","21.561","0","4.6561896635434","0.467328169660505","28.67940108",
"1/9/2005","-40","-6.08845996856689","587","35.235","22.411","0.0446319504","4.52021333450333","0.534305413509865","20.41537626",
"1/10/2005","-40","-6.08845996856689","587","34.979","20.458","0.0137329056","2.55800096574171","0.51860406727512","17.92253826",
"1/11/2005","-40","-6.08845996856689","587","34.702","22.227","0.83427408","4.15912596841316","0.55296567151973","15.72935544",
"1/12/2005","-40","-6.08845996856689","587","36.043","22.328","0","5.05501424129619","0.48532076336572","27.371143368",
"1/13/2005","-40","-6.08845996856689","587","35.891","21.982","0.751876056","3.6140411866282","0.535252449679645","23.7534183",
"1/14/2005","-40","-6.08845996856689","587","35.532","22.139","30.45616416","2.76720672442316","0.666560170272901","19.87059294",
"1/15/2005","-40","-6.08845996856689","587","27.431","20.779","37.7208612","2.7338498708098","0.779490310252329","7.91723988",
"1/16/2005","-40","-6.08845996856689","587","32.962","20.748","0.99563508","3.25570478085667","0.610358820461811","18.8701866",
"1/17/2005","-40","-6.08845996856689","587","35.836","22.088","0","4.20477207381163","0.513769409059802","22.60389294",
"1/18/2005","-40","-6.08845996856689","587","35.031","21.306","0.463485456","2.81264583798741","0.505831484332749","23.1357924",
"1/19/2005","-40","-6.08845996856689","587","33.452","20.371","0.796508496","3.34071092722735","0.601056590254301","17.07215184",
"1/20/2005","-40","-6.08845996856689","587","35.402","20.669","1.38015648","4.49369038457229","0.539694659648096","28.48028022",
"1/21/2005","-40","-6.08845996856689","587","35.97","23.514","0","5.22844984381088","0.487844543715451","27.93773871",
"1/22/2005","-40","-6.08845996856689","587","34.337","22.565","0","3.85119956185431","0.527842849132066","22.71953916",
"1/23/2005","-40","-6.08845996856689","587","29.249","22.268","0.308990556","2.77649540539685","0.656296889099231","9.40117581",
"1/24/2005","-40","-6.08845996856689","587","29.419","20.196","1.91745702","2.44159222923314","0.765608442462583","16.02517158",
"1/25/2005","-40","-6.08845996856689","587","33.466","20.268","2.125168884","3.12901191380704","0.727389811875613","22.21869024",
"1/26/2005","-40","-6.08845996856689","587","28.452","21.062","5.82275358","2.33553851911256","0.805599489057253","21.02405652",
"1/27/2005","-40","-6.08845996856689","587","34.401","20.1","0","3.30010987008778","0.637576508885162","28.36980414",
"1/28/2005","-40","-6.08845996856689","587","32.341","22.547","0","4.21219103155447","0.574623694351382","21.99887325",
"1/29/2005","-40","-6.08845996856689","587","34.22","21.677","0.73127772","4.19733488813611","0.606436395034662","26.89751826",
"1/30/2005","-40","-6.08845996856689","587","35.096","21.678","0","4.92649874773912","0.531039146018652","28.07601165",
"1/31/2005","-40","-6.08845996856689","587","34.987","19.713","0","3.65758466108286","0.497678497376468","28.88246853",
"2/1/2005","-40","-6.08845996856689","587","36.052","20.269","0","4.25274551677727","0.490757196805837","28.83903552",
"2/2/2005","-40","-6.08845996856689","587","35.626","22.278","0.00686646","4.96459420173901","0.514240935504301","23.7086451",
"2/3/2005","-40","-6.08845996856689","587","33.932","22.317","0.902939724","4.61857134002009","0.560549283586827","22.87946421",
"2/4/2005","-40","-6.08845996856689","587","35.534","20.126","1.59988464","4.27601936863571","0.537619756406733","25.2171612",
"2/5/2005","-40","-6.08845996856689","587","36.096","22.001","0","4.30300849098869","0.421248573265445","29.19475656",
"2/6/2005","-40","-6.08845996856689","587","35.676","21.955","0.01373292","3.77285189724724","0.507638922352602","21.81031317",
"2/7/2005","-40","-6.08845996856689","587","36.644","21.29","0.17509464","3.55651140557077","0.506346530461589","25.95616956",
"2/8/2005","-40","-6.08845996856689","587","34.737","22.542","1.6548155064","3.7395311571778","0.594941446116873","21.78590985",
"2/9/2005","-40","-6.08845996856689","587","31.608","21.961","0.4634857224","3.21626817694527","0.637742335605108","15.11510661",
"2/10/2005","-40","-6.08845996856689","587","30.528","20.536","0.2265930864","2.76431230093299","0.631668455970434","15.541922862",
"2/11/2005","-40","-6.08845996856689","587","30.778","20.777","0.765609588","3.00313123746264","0.646282450979388","18.84054672",
"2/12/2005","-40","-6.08845996856689","587","32.639","20.776","1.20849624","3.49488413942691","0.674641877536964","17.45404308",
"2/13/2005","-40","-6.08845996856689","587","34.574","20.515","0.164794968","3.65309694754154","0.601591269882912","22.90021695",
"2/14/2005","-40","-6.08845996856689","587","29.871","21.465","1.46598804","2.27582551221565","0.692465950764245","12.66935742",
"2/15/2005","-40","-6.08845996856689","587","27.667","20.61","3.84864678","2.05332281058793","0.781534382297033","13.61171403",
"2/16/2005","-40","-6.08845996856689","587","31.243","21.147","2.4152769","3.33790667275073","0.764566643832317","20.262997422",
"2/17/2005","-40","-6.08845996856689","587","32.328","21.509","1.57928418","4.09966079116065","0.747969390468874","22.69557792",
"2/18/2005","-40","-6.08845996856689","587","34.071","21.268","1.02310182","3.81068500743992","0.626479354099004","25.14745737",
"2/19/2005","-40","-6.08845996856689","587","35.034","22.006","0.19569384","3.91440822483061","0.547469116919827","28.69396848",
"2/20/2005","-40","-6.08845996856689","587","33.906","22.436","2.51998866","2.41916319834265","0.614503753810925","17.08548723",
"2/21/2005","-40","-6.08845996856689","587","36.138","22.403","0.360488808","3.26089691545554","0.519156551594977","28.51627365",
"2/22/2005","-40","-6.08845996856689","587","32.722","20.863","0.27465858","1.46345308652048","0.580395748909956","15.171469722",
"2/23/2005","-40","-6.08845996856689","587","32.022","21.721","4.6932195024","2.15318671821877","0.770150492214864","7.26204276",
"2/24/2005","-40","-6.08845996856689","587","34.345","21.435","2.600671212","4.09885389658006","0.646594049979219","26.50702203",
"2/25/2005","-40","-6.08845996856689","587","34.82","22.399","3.783420108","3.47433691193393","0.679065645624298","20.85355458",
"2/26/2005","-40","-6.08845996856689","587","36.437","21.478","5.78498616","3.53727958356563","0.715889907465986","22.48244928",
"2/27/2005","-40","-6.08845996856689","587","36.09","21.661","0.398254572","4.10148437196005","0.671640861445919","23.68620072",
"2/28/2005","-40","-6.08845996856689","587","36.314","22.366","0","4.73585745522227","0.556772245076804","28.65650508",
"3/1/2005","-40","-6.08845996856689","587","35.935","22.393","0.0034332264","3.77034957024514","0.520592879104611","27.4393098",
"3/2/2005","-40","-6.08845996856689","587","36.974","21.991","0.1476288","3.33751903922252","0.530000294462836","25.7910237",
"3/3/2005","-40","-6.08845996856689","587","34.559","22.37","0.4325864904","4.44342867237264","0.592777015471919","26.16446304",
"3/4/2005","-40","-6.08845996856689","587","35.456","22.462","0","5.17937069948269","0.521877742200335","28.10621565",
"3/5/2005","-40","-6.08845996856689","587","36.093","22.015","0","4.63602159052101","0.500617795332567","27.08702793",
"3/6/2005","-40","-6.08845996856689","587","37.082","21.974","0","4.44725947269447","0.462523056010134","28.79954577",
"3/7/2005","-40","-6.08845996856689","587","37.213","21.644","0","4.13887483107184","0.480421658363611","28.68682473",
"3/8/2005","-40","-6.08845996856689","587","37.156","20.712","0","2.90867059372157","0.475274933681861","27.98707581",
"3/9/2005","-40","-6.08845996856689","587","36.049","21.442","0.473785452","4.41940793579639","0.497486381189424","28.12229631",
"3/10/2005","-40","-6.08845996856689","587","35.08","21.892","1.0643004","3.73308629751465","0.60498958627373","18.99174645",
"3/11/2005","-40","-6.08845996856689","587","36.591","21.364","1.589584968","4.87316149890937","0.626067726667843","24.44253462",
"3/12/2005","-40","-6.08845996856689","587","36.048","21.763","1.462553028","4.15919010107544","0.601105120400475","22.19742936",
"3/13/2005","-40","-6.08845996856689","587","34.684","22.694","0.501250896","4.04220008292439","0.557828351154174","27.62443026",
"3/14/2005","-40","-6.08845996856689","587","35.654","23.239","0.0240326064","3.52314308430631","0.519532413439328","23.7005964",
"3/15/2005","-40","-6.08845996856689","587","35.898","20.985","0.25405866","3.85096196967102","0.528263472702486","27.30870018",
"3/16/2005","-40","-6.08845996856689","587","35.352","22.24","0","4.71035236782944","0.46722929976164","26.71582374",
"3/17/2005","-40","-6.08845996856689","587","32.794","22.914","1.036835388","2.50698483579948","0.600614194181728","14.48645976",
"3/18/2005","-40","-6.08845996856689","587","31.477","21.392","9.207915264","2.65797069131113","0.777708991166146","19.55069766",
"3/19/2005","-40","-6.08845996856689","587","27.68","21.445","5.5927333728","2.61849109596363","0.875092183820857","15.97189968",
"3/20/2005","-40","-6.08845996856689","587","30.52","19.581","0.6523131168","2.80203626230512","0.769493805578018","14.27973678",
"3/21/2005","-40","-6.08845996856689","587","30.199","21.352","7.75565964","3.519933279302","0.831481993245848","22.81336614",
"3/22/2005","-40","-6.08845996856689","587","33.589","21.209","3.35426562","3.74310140502755","0.696810442930587","26.29372266",
"3/23/2005","-40","-6.08845996856689","587","31.982","21.435","3.39889356","2.88409412592453","0.730725298379996","16.53389892",
"3/24/2005","-40","-6.08845996856689","587","28.254","20.77","4.051207692","2.0423378113496","0.882833976048592","13.67122554",
"3/25/2005","-40","-6.08845996856689","587","31.739","21.38","8.977887684","2.42853233347547","0.831926093521695","25.5376107",
"3/26/2005","-40","-6.08845996856689","587","26.757","21.282","10.38207276","2.08412477268177","0.88626069139198","8.83366938",
"3/27/2005","-40","-6.08845996856689","587","27.204","20.641","6.104278512","2.03374698255026","0.9110802420489","18.67803678",
"3/28/2005","-40","-6.08845996856689","587","28.609","19.78","10.7357043744","2.14773242066924","0.904613600862976","22.6832058",
"3/29/2005","-40","-6.08845996856689","587","30.246","20.655","4.44602826","2.82816511113169","0.85716774294554","18.18556416",
"3/30/2005","-40","-6.08845996856689","587","31.076","21.116","5.1292398744","3.18780700210622","0.768469867832341","19.6001487",
"3/31/2005","-40","-6.08845996856689","587","32.004","21.346","5.80043232","3.65489622311447","0.725264496016737","26.53222212",
"4/1/2005","-40","-6.08845996856689","587","32.777","20.489","0.94413744","3.6161722134147","0.681744285392667","27.077004",
"4/2/2005","-40","-6.08845996856689","587","33.143","21.358","0.168228216","3.75928465809692","0.640334766120213","26.8648353",
"4/3/2005","-40","-6.08845996856689","587","32.284","21.061","1.04370102","3.12008561097032","0.674730651977898","24.4566558",
"4/4/2005","-40","-6.08845996856689","587","32.228","21.731","1.8865584","3.83913966907827","0.68243814691131","22.38154722",
"4/5/2005","-40","-6.08845996856689","587","33.121","20.079","0.0240326064","3.97829054507675","0.580287335419467","26.34254568",
"4/6/2005","-40","-6.08845996856689","587","33.762","20.81","0.2780915472","3.77168954548788","0.622227992518867","20.76175998",
"4/7/2005","-40","-6.08845996856689","587","33.263","22.688","0.034332264","3.8717102636618","0.548075141149741","26.59573692",
"4/8/2005","-40","-6.08845996856689","587","32.959","20.928","6.7909230864","3.79610381799093","0.641057617669857","26.23427532",
"4/9/2005","-40","-6.08845996856689","587","33.545","20.646","0.0102996792","3.78477482271694","0.558970146272694","26.6920308",
"4/10/2005","-40","-6.08845996856689","587","32.722","21.483","2.43415548","3.70877044542275","0.645641592640381","21.72346848",
"4/11/2005","-40","-6.08845996856689","587","33.246","21.201","0.4892349744","3.88772658574255","0.583203994565198","26.39249712",
"4/12/2005","-40","-6.08845996856689","587","33.445","21.515","4.97989332","3.11430237416521","0.666445163438521","25.8189192",
"4/13/2005","-40","-6.08845996856689","587","31.334","21.117","5.34038688","2.18558820810656","0.777028362019767","18.13038624",
"4/14/2005","-40","-6.08845996856689","587","33.026","21.537","4.5524606328","2.49537423402365","0.717038817022921","15.75882846",
"4/15/2005","-40","-6.08845996856689","587","33.7","21.485","0.448036416","3.45089009742868","0.659391738758836","22.17020922",
"4/16/2005","-40","-6.08845996856689","587","33.013","21.448","0.8651736","3.59597037257951","0.656659549070006","20.93861916",
"4/17/2005","-40","-6.08845996856689","587","33.714","20.151","0","3.620182009076","0.596216418094715","25.47427752",
"4/18/2005","-40","-6.08845996856689","587","35.077","21.818","0","3.82380619227309","0.533092411818399","25.7659866",
"4/19/2005","-40","-6.08845996856689","587","33.244","21.41","0.6454467144","4.11784646539587","0.66037191998762","25.04677302",
"4/20/2005","-40","-6.08845996856689","587","34.035","22.031","0.5355834264","4.15564082110744","0.609788228111938","20.8091817",
"4/21/2005","-40","-6.08845996856689","587","34.325","20.302","0","3.37733933144872","0.570844086127151","25.49756106",
"4/22/2005","-40","-6.08845996856689","587","34.411","21.486","0.4343031504","3.58424370205912","0.595923575566025","25.10865486",
"4/23/2005","-40","-6.08845996856689","587","34.619","21.618","0","3.70384788772523","0.550395214352787","25.20263664",
"4/24/2005","-40","-6.08845996856689","587","33.461","20.956","0","3.19937848172543","0.564567019488567","19.15593984",
"4/25/2005","-40","-6.08845996856689","587","31.821","20.703","0.410270724","2.996427123574","0.641375713182225","23.2036281",
"4/26/2005","-40","-6.08845996856689","587","32.443","20.738","0.145912032","2.57979968838941","0.672577977921736","8.65304964",
"4/27/2005","-40","-6.08845996856689","587","33.431","21.409","1.362991464","1.97801327169805","0.620378439804912","14.37069366",
"4/28/2005","-40","-6.08845996856689","587","23.283","20.42","27.56537676","1.84775328902699","0.951663107918583","2.356650612",
"4/29/2005","-40","-6.08845996856689","587","30.598","20.54","4.954152744","3.28099454029694","0.838195423892994","24.00665868",
"4/30/2005","-40","-6.08845996856689","587","33.115","20.844","0.6385800312","3.02019856557184","0.689481369074078","23.25892104",
"5/1/2005","-40","-6.08845996856689","587","32.04","21.657","0.281525184","2.66166541986068","0.684161482501271","19.04051592",
"5/2/2005","-40","-6.08845996856689","587","28.845","19.042","0.92954574","1.88053078946252","0.731843182566936","15.05368458",
"5/3/2005","-40","-6.08845996856689","587","27.938","19.71","3.45554262","1.93800548474741","0.856328786310337","6.9764598",
"5/4/2005","-40","-6.08845996856689","587","27.378","19.931","4.72068972","3.45189422933809","0.832227443718424","16.9972308",
"5/5/2005","-40","-6.08845996856689","587","28.585","19.807","1.029967452","3.0193358368013","0.782913382804561","11.72120958",
"5/6/2005","-40","-6.08845996856689","587","27.139","19.839","0.980186256","2.39761927722172","0.803218114078042","5.51559708",
"5/7/2005","-40","-6.08845996856689","587","32.35","19.262","0.417137472","4.0105908220641","0.652088784796289","20.71698948",
"5/8/2005","-40","-6.08845996856689","587","31.78","19.216","1.287460548","3.6767993470539","0.696307351599707","19.1496924",
"5/9/2005","-40","-6.08845996856689","587","32.954","18.421","0.20427732","3.14135421688947","0.619232721319354","24.4832076",
"5/10/2005","-40","-6.08845996856689","587","33.176","19.469","0","3.74127774287782","0.632195883000625","23.97769218",
"5/11/2005","-40","-6.08845996856689","587","31.904","20.007","1.122663672","4.28436869096552","0.655141892174905","20.77487802",
"5/12/2005","-40","-6.08845996856689","587","31.778","20.415","4.446029088","3.46354120411106","0.753208234950571","18.00686448",
"5/13/2005","-40","-6.08845996856689","587","30.796","19.777","2.8633113864","4.05562907259926","0.709599679851343","20.12619204",
"5/14/2005","-40","-6.08845996856689","587","29.065","19.799","1.326942936","3.93591961943074","0.726388975600709","9.45478494",
"5/15/2005","-40","-6.08845996856689","587","32.291","19.706","0.6025318056","3.59972581798976","0.613140645470714","23.7446442",
"5/16/2005","-40","-6.08845996856689","587","31.877","18.915","2.5886557008","3.46386425534279","0.681112020453811","19.41193458",
"5/17/2005","-40","-6.08845996856689","587","33.225","19.9","0.9922025592","3.52791780087556","0.676112478533671","19.28390256",
"5/18/2005","-40","-6.08845996856689","587","32.081","20.114","0","3.8154082907396","0.643325359095354","20.04035796",
"5/19/2005","-40","-6.08845996856689","587","31.535","20.982","0.1287460152","3.36503341259276","0.677185341064514","10.9168317",
"5/20/2005","-40","-6.08845996856689","587","28.415","21.323","10.52885052","2.70481040984308","0.886527333473263","5.190975",
"5/21/2005","-40","-6.08845996856689","587","31.57","21.199","8.2140007536","3.01577375431372","0.797779744417584","19.65329946",
"5/22/2005","-40","-6.08845996856689","587","31.394","20.615","2.3139953712","3.8764660238273","0.787802415268807","18.85331448",
"5/23/2005","-40","-6.08845996856689","587","32.025","20.592","0.0102996792","4.56373601267911","0.739385340811196","22.71976992",
"5/24/2005","-40","-6.08845996856689","587","31.676","20.442","0.0755311392","4.12923789490201","0.691236816402431","22.14731088",
"5/25/2005","-40","-6.08845996856689","587","31.354","20.223","0.6866455464","4.00839260960879","0.72767726027752","20.01713148",
"5/26/2005","-40","-6.08845996856689","587","31.839","20.199","0.0034332264","4.19697453084918","0.677464918314305","22.31027028",
"5/27/2005","-40","-6.08845996856689","587","30.962","21.309","0.0944137944","3.87603564656032","0.59940069502334","17.1983799",
"5/28/2005","-40","-6.08845996856689","587","31.82","18.728","1.1690129664","4.17241900234045","0.637442498719128","20.5764165",
"5/29/2005","-40","-6.08845996856689","587","31.135","18.185","2.9800424664","4.27361038627474","0.648406859527096","23.01227082",
"5/30/2005","-40","-6.08845996856689","587","30.393","18.323","1.0196684064","5.03406669582745","0.711659197536228","19.6093656",
"5/31/2005","-40","-6.08845996856689","587","30.914","18.965","0.327873564","4.45602090672848","0.627058278583526","22.68427698",
"6/1/2005","-40","-6.08845996856689","587","28.743","20.863","0.3158567352","4.37598986212765","0.66364693027907","8.97592104",
"6/2/2005","-40","-6.08845996856689","587","26.516","19.231","0.339889608","4.51003744410652","0.718650247429857","7.66884096",
"6/3/2005","-40","-6.08845996856689","587","31.419","20.121","0.2274513768","4.64072560950376","0.613405702690011","22.12402608",
"6/4/2005","-40","-6.08845996856689","587","31.196","18.73","0.02746584","4.38528021465469","0.601450689012436","21.82246974",
"6/5/2005","-40","-6.08845996856689","587","31.046","20.246","0.7913592072","4.10420214203548","0.674835381261048","19.035783",
"6/6/2005","-40","-6.08845996856689","587","31.486","18.281","0.3501891864","4.4301624427528","0.624703651315992","22.32584748",
"6/7/2005","-40","-6.08845996856689","587","28.152","20.287","1.4213564208","4.11007012405146","0.768206752478216","16.11692226",
"6/8/2005","-40","-6.08845996856689","587","29.365","19.955","0.466918776","4.44946193315693","0.686464365026742","21.42428076",
"6/9/2005","-40","-6.08845996856689","587","31.463","19.068","0.087547284","4.46221024843251","0.581754837877741","18.2081205",
"6/10/2005","-40","-6.08845996856689","587","31.381","18.181","0","5.00231197071794","0.586121055924368","20.82621978",
"6/11/2005","-40","-6.08845996856689","587","29.948","18.557","0.0617980968","4.12174103951607","0.682675126100809","11.18081538",
"6/12/2005","-40","-6.08845996856689","587","30.81","20.005","2.3466121848","4.11973525157921","0.73087056551159","15.454745712",
"6/13/2005","-40","-6.08845996856689","587","32.024","18.913","1.01280222","5.0087808167833","0.655670920345603","20.8221714",
"6/14/2005","-40","-6.08845996856689","587","31.965","19.674","0.2489094","4.29241570735039","0.617759859985197","22.34255688",
"6/15/2005","-40","-6.08845996856689","587","32.135","20.362","0.6643295064","4.04528213868899","0.629010116400199","20.13699312",
"6/16/2005","-40","-6.08845996856689","587","32.287","19.457","0.0171661392","4.44000781945768","0.545611002180356","22.5027018",
"6/17/2005","-40","-6.08845996856689","587","32.051","19.411","0.024032592","3.58327868268171","0.629292167928388","18.9973656",
"6/18/2005","-40","-6.08845996856689","587","30.052","20.003","0.5578994304","3.98445848434472","0.697130656967461","19.7418366",
"6/19/2005","-40","-6.08845996856689","587","30.952","20.656","2.5594686","3.84454114913249","0.679741093371008","19.78886142",
"6/20/2005","-40","-6.08845996856689","587","31.734","19.376","0.0274658112","3.76749201794785","0.645550818734313","21.85143408",
"6/21/2005","-40","-6.08845996856689","587","31.97","19.512","1.3698578304","4.10844560816086","0.636593800478207","22.25896812",
"6/22/2005","-40","-6.08845996856689","587","31.048","21.595","0.0446319432","4.01516931775613","0.587428080633558","17.16036012",
"6/23/2005","-40","-6.08845996856689","587","31.335","20.949","0.3450392856","5.17749906458167","0.578467875583314","22.4960616",
"6/24/2005","-40","-6.08845996856689","587","32.137","18.822","0.62828064","3.9416985690888","0.614593421600581","21.40110288",
"6/25/2005","-40","-6.08845996856689","587","30.406","20.608","8.0629376472","3.52114724587263","0.769352492871706","13.069969452",
"6/26/2005","-40","-6.08845996856689","587","31.659","20.236","0.3330229176","4.10418840103322","0.649662320168453","15.8814054",
"6/27/2005","-40","-6.08845996856689","587","31.973","19.024","0.1476288","4.07500542142767","0.572444135519586","22.37214492",
"6/28/2005","-40","-6.08845996856689","587","31.812","18.533","1.06172568","4.7656587750842","0.611476932845876","22.41872388",
"6/29/2005","-40","-6.08845996856689","587","28.344","18.252","0.369071928","5.04289530347069","0.638595083049375","15.18648408",
"6/30/2005","-40","-6.08845996856689","587","27.551","18.567","0.9887697504","4.68218500333287","0.650782823389952","15.77052756",
"7/1/2005","-40","-6.08845996856689","587","31.133","19.241","3.360271356","4.34424672865979","0.682416403086551","18.9171018",
"7/2/2005","-40","-6.08845996856689","587","32.103","18.177","0","4.97448663044642","0.584907965369819","21.89947464",
"7/3/2005","-40","-6.08845996856689","587","31.792","18.698","0","5.80487925108376","0.611034217223326","22.44228948",
"7/4/2005","-40","-6.08845996856689","587","30.963","20.379","0.2549174544","4.67116630041089","0.557470255108126","19.52352774",
"7/5/2005","-40","-6.08845996856689","587","32.536","16.739","0","3.13609678338309","0.484169391379526","23.0954112",
"7/6/2005","-40","-6.08845996856689","587","31.592","18.836","0.0720977904","3.01499423008433","0.630259117681536","18.89286084",
"7/7/2005","-40","-6.08845996856689","587","32.644","18.598","0","4.50470830214188","0.574913154343151","21.93498072",
"7/8/2005","-40","-6.08845996856689","587","33.011","19.475","0.2042772264","5.08610756301054","0.588762862153063","18.0423558",
"7/9/2005","-40","-6.08845996856689","587","28.412","18.772","0.247192452","5.46134759652647","0.675945342952734","8.2026",
"7/10/2005","-40","-6.08845996856689","587","27.424","18.23","0.1853943552","5.26075224357134","0.685531753284075","12.63470202",
"7/11/2005","-40","-6.08845996856689","587","26.833","18.177","0.0034332264","5.15453288076787","0.695526911595061","12.08694816",
"7/12/2005","-40","-6.08845996856689","587","31.675","16.917","0","5.15107464475046","0.58914828553996","22.8959424",
"7/13/2005","-40","-6.08845996856689","587","31.176","17.15","0","5.44362327954162","0.550670076308119","23.22585",
"7/14/2005","-40","-6.08845996856689","587","30.199","16.63","0","4.94685667450553","0.584505543745054","23.33266704",
"7/15/2005","-40","-6.08845996856689","587","31.741","17.607","0.010299672","5.11620318439167","0.587170939401423","21.52130652",
"7/16/2005","-40","-6.08845996856689","587","32.055","17.121","0.127029492","5.10284724364302","0.509590256082728","23.5707246",
"7/17/2005","-40","-6.08845996856689","587","32.006","17.5","0","4.56098389347451","0.540842748228312","23.4699192",
"7/18/2005","-40","-6.08845996856689","587","32.249","17.554","0.0068664528","4.35911385661114","0.536121223835139","22.95460692",
"7/19/2005","-40","-6.08845996856689","587","30.511","18.878","0.3673555272","3.4414578798783","0.611010324022562","19.38172968",
"7/20/2005","-40","-6.08845996856689","587","30.793","20.184","0.0308990664","4.35568843324582","0.607580671034485","16.0254054",
"7/21/2005","-40","-6.08845996856689","587","31.904","17.681","0","5.27764299952931","0.545617846184619","23.9586102",
"7/22/2005","-40","-6.08845996856689","587","32.172","16.807","0","5.35492738158248","0.577006282428438","23.45074344",
"7/23/2005","-40","-6.08845996856689","587","31.723","19.705","0.0308990592","5.0911182025452","0.539481242579152","23.56295742",
"7/24/2005","-40","-6.08845996856689","587","32.782","17.227","0","4.54879743151995","0.526336182726178","24.50491776",
"7/25/2005","-40","-6.08845996856689","587","32.445","17.103","0","4.91121125504756","0.538885698049312","23.8925772",
"7/26/2005","-40","-6.08845996856689","587","33.004","17.514","0","4.47095680552254","0.506605040134216","23.6781648",
"7/27/2005","-40","-6.08845996856689","587","32.402","19.139","0","5.27360568403673","0.493087553657434","23.81574528",
"7/28/2005","-40","-6.08845996856689","587","31.925","17.089","0","5.21370256812279","0.508517461566432","24.22760328",
"7/29/2005","-40","-6.08845996856689","587","32.291","17.07","0","5.00122503602033","0.495332237619131","24.49361232",
"7/30/2005","-40","-6.08845996856689","587","31.8","16.76","0","5.57184309164534","0.482416267494672","24.05638548",
"7/31/2005","-40","-6.08845996856689","587","31.398","18.171","0","6.00776721199204","0.517382199496675","22.50449712",
"8/1/2005","-40","-6.08845996856689","587","31.66","17.379","0","5.14501685854987","0.503909490375202","24.60217968",
"8/2/2005","-40","-6.08845996856689","587","32.593","17.765","1.4900210856","4.7253883169999","0.566630578920941","21.19556412",
"8/3/2005","-40","-6.08845996856689","587","32.262","18.416","6.1660766664","4.79282600321768","0.590322631016009","20.11899888",
"8/4/2005","-40","-6.08845996856689","587","33.456","18.101","5.8605196176","4.64692069972307","0.563883603206057","23.39803152",
"8/5/2005","-40","-6.08845996856689","587","31.462","19.347","0","6.33335841407342","0.561013823504813","21.56433048",
"8/6/2005","-40","-6.08845996856689","587","29.884","20.53","0.2540588328","5.58259633124416","0.597218083980777","13.9086567",
"8/7/2005","-40","-6.08845996856689","587","32.525","17.975","0","5.44156656410863","0.557665144041059","24.80557176",
"8/8/2005","-40","-6.08845996856689","587","33.039","17.715","0","5.04722675632443","0.505183653764788","25.07450076",
"8/9/2005","-40","-6.08845996856689","587","32.667","18.535","0","4.45537968671521","0.495249396751841","21.88524312",
"8/10/2005","-40","-6.08845996856689","587","33.226","18.924","0","3.63589682651117","0.45900264249863","22.61379564",
"8/11/2005","-40","-6.08845996856689","587","34.167","20.179","0","4.0728903798408","0.464369870535514","24.80528988",
"8/12/2005","-40","-6.08845996856689","587","34.464","20.653","0","4.17563331594069","0.429358189748077","24.96960216",
"8/13/2005","-40","-6.08845996856689","587","33.706","19.894","0.078964236","4.83211175496628","0.469984901220035","24.95170944",
"8/14/2005","-40","-6.08845996856689","587","33.803","20.043","0","4.51903532820594","0.465260674360431","24.8394366",
"8/15/2005","-40","-6.08845996856689","587","33.874","21.014","1.994705892","4.17344799625824","0.496186311677648","25.024781448",
"8/16/2005","-40","-6.08845996856689","587","31.595","21.112","8.641437732","4.3135937414123","0.560446950182984","20.9184741",
"8/17/2005","-40","-6.08845996856689","587","32.727","18.748","0","5.61126872401876","0.438682436150023","25.99931592",
"8/18/2005","-40","-6.08845996856689","587","32.981","18.25","0.027465804","5.20956232423795","0.458227960492491","25.84569618",
"8/19/2005","-40","-6.08845996856689","587","31.036","18.849","1.07116704","5.04271142155781","0.508151555434649","25.67396412",
"8/20/2005","-40","-6.08845996856689","587","32.577","18.599","0","5.85835356137273","0.461088983237951","24.77637954",
"8/21/2005","-40","-6.08845996856689","587","32.411","17.709","0","5.69819633012962","0.516016787161157","25.92207828",
"8/22/2005","-40","-6.08845996856689","587","29.346","19.232","0.161361792","5.44989946569617","0.579692762046209","16.79191866",
"8/23/2005","-40","-6.08845996856689","587","31.525","19.263","0.151061976","5.26606303200558","0.522111512761382","22.4641062",
"8/24/2005","-40","-6.08845996856689","587","28.685","20.703","0.0274658328","4.53935414340212","0.584775654098966","16.27014366",
"8/25/2005","-40","-6.08845996856689","587","32.812","18.55","0","5.03700103063153","0.558744130579698","25.86707532",
"8/26/2005","-40","-6.08845996856689","587","34.726","18.501","0","4.29008976545874","0.454899832830188","24.23818278",
"8/27/2005","-40","-6.08845996856689","587","33.44","19.816","0","5.17106275187312","0.415922175768267","26.15748894",
"8/28/2005","-40","-6.08845996856689","587","31.647","19.44","0.12359628","4.238500902747","0.4775651912111","20.41390476",
"8/29/2005","-40","-6.08845996856689","587","32.51","19.696","1.853943084","4.31793064830583","0.508637396294352","21.34350252",
"8/30/2005","-40","-6.08845996856689","587","33.817","18.526","3.7525212","4.69016839277373","0.472507560546004","26.65698696",
"8/31/2005","-40","-6.08845996856689","587","33.011","18.684","0","5.43725755806772","0.460256618822696","27.03155508",
"9/1/2005","-40","-6.08845996856689","587","33.209","18.006","0","4.51011752967301","0.469787049699783","25.5889062",
"9/2/2005","-40","-6.08845996856689","587","34.324","20.005","0","4.18591114112168","0.437894793449936","26.81544726",
"9/3/2005","-40","-6.08845996856689","587","35.146","20.9","0.06523128","5.37645710555564","0.417701904433341","26.05651794",
"9/4/2005","-40","-6.08845996856689","587","34.531","20.485","0.3570552","5.08553989412705","0.423798408738884","23.07931722",
"9/5/2005","-40","-6.08845996856689","587","34.3","20.182","0","4.44651758277304","0.392157720102198","27.2378754",
"9/6/2005","-40","-6.08845996856689","587","35.096","20.607","0","4.87828926027025","0.439528118282787","27.13538934",
"9/7/2005","-40","-6.08845996856689","587","34.41","20.948","0","5.48148101360516","0.469133864369951","26.9444313",
"9/8/2005","-40","-6.08845996856689","587","33.638","20.199","0","5.09777830446532","0.457093694666499","27.14856138",
"9/9/2005","-40","-6.08845996856689","587","33.386","20.172","0","5.71207010228374","0.419292853015208","26.78574222",
"9/10/2005","-40","-6.08845996856689","587","33.605","18.915","0","5.46787793631806","0.387247568893902","27.717581808",
"9/11/2005","-40","-6.08845996856689","587","33.852","18.459","0","4.63945841525799","0.384487523947068","27.8245116",
"9/12/2005","-40","-6.08845996856689","587","33.961","21.592","0.0377654976","4.17871364625447","0.406190800193806","27.475192368",
"9/13/2005","-40","-6.08845996856689","587","35.247","20.127","0.28839096","5.38442884016041","0.457669941397772","23.75656236",
"9/14/2005","-40","-6.08845996856689","587","34.559","20.103","0.90980568","5.53598301690148","0.470999477793369","27.381431232",
"9/15/2005","-40","-6.08845996856689","587","34.755","19.948","0","6.3101348525686","0.454844609829772","27.226122192",
"9/16/2005","-40","-6.08845996856689","587","34.946","20.166","0","5.20280311344755","0.436944389186889","27.753747768",
"9/17/2005","-40","-6.08845996856689","587","34.675","20.34","0","3.85757374938072","0.368501917427547","27.850391712",
"9/18/2005","-40","-6.08845996856689","587","35.467","20.195","0","3.89821127455014","0.400862733024265","27.56137248",
"9/19/2005","-40","-6.08845996856689","587","35.577","22.065","0","4.82220142222365","0.434076441472888","27.49082886",
"9/20/2005","-40","-6.08845996856689","587","34.679","22.419","0","4.72249323764343","0.426077106240202","27.843246792",
"9/21/2005","-40","-6.08845996856689","587","35.553","20.083","0","4.35418044418157","0.449213080563915","28.03004694",
"9/22/2005","-40","-6.08845996856689","587","36.598","19.656","0","4.63251347733909","0.471982368751561","25.22762028",
"9/23/2005","-40","-6.08845996856689","587","36.04","20.925","0","5.0012939148366","0.434980968676868","23.019468552",
"9/24/2005","-40","-6.08845996856689","587","35.191","20.878","0","4.73475902218912","0.455705209167559","26.342097912",
"9/25/2005","-40","-6.08845996856689","587","34.458","21.078","0","5.69740386227703","0.427965435147235","27.98728614",
"9/26/2005","-40","-6.08845996856689","587","35.495","20.466","0","4.90276956412433","0.425165922901316","28.262916",
"9/27/2005","-40","-6.08845996856689","587","34.516","21.144","0","5.1366508740124","0.483652565172442","27.929079",
"9/28/2005","-40","-6.08845996856689","587","34.342","22.64","0.109863288","5.33122909855808","0.437217503790643","27.04663629",
"9/29/2005","-40","-6.08845996856689","587","35.018","22.437","0","4.51812247674469","0.351148664999253","28.59825564",
"9/30/2005","-40","-6.08845996856689","587","35.236","21.603","0","4.61540830117938","0.43193818808242","28.058779008",
"10/1/2005","-40","-6.08845996856689","587","36.019","21.688","0","5.07434266599745","0.439789553134583","27.949102632",
"10/2/2005","-40","-6.08845996856689","587","36.636","23.298","0","5.04228582807134","0.378519398999492","28.15593714",
"10/3/2005","-40","-6.08845996856689","587","35.071","22.681","0","5.17717982830557","0.433702838252725","27.630165888",
"10/4/2005","-40","-6.08845996856689","587","34.885","22.715","0.041198724","5.16652679350148","0.496697390620454","15.388033788",
"10/5/2005","-40","-6.08845996856689","587","35.916","21.665","0","5.25918588579663","0.435888967021081","28.026039672",
"10/6/2005","-40","-6.08845996856689","587","35.82","22.166","0","6.26345507040103","0.389753888195152","26.9524035",
"10/7/2005","-40","-6.08845996856689","587","33.944","21.26","0","6.06128733015925","0.410384377454608","28.1895894",
"10/8/2005","-40","-6.08845996856689","587","34.905","20.868","0.02059938","5.25458967484332","0.405488014397467","27.518793408",
"10/9/2005","-40","-6.08845996856689","587","36.665","21.93","0.32958972","5.34604057274062","0.366617805214487","28.24460388",
"10/10/2005","-40","-6.08845996856689","587","36.517","22.107","0","4.38807119461375","0.374424602526232","28.02811662",
"10/11/2005","-40","-6.08845996856689","587","33.828","23.632","0.1218795264","4.61657255282348","0.462668345856863","16.02225324",
"10/12/2005","-40","-6.08845996856689","587","34.386","22.119","0","4.95982517713914","0.446515545931793","24.4711125",
"10/13/2005","-40","-6.08845996856689","587","35.698","22.273","0.25749216","5.13805840047932","0.401718695882523","28.6228944",
"10/14/2005","-40","-6.08845996856689","587","35.193","21.626","0.078964236","5.26119501755226","0.440406371882693","28.33058232",
"10/15/2005","-40","-6.08845996856689","587","35.457","21.328","0","5.07534366395928","0.398464595742825","28.55210688",
"10/16/2005","-40","-6.08845996856689","587","35.319","20.393","0","4.86453000445449","0.427889510437495","28.75344138",
"10/17/2005","-40","-6.08845996856689","587","35.146","21.586","0","4.5685043140855","0.430871665795184","28.434879",
"10/18/2005","-40","-6.08845996856689","587","35.985","21.505","0","5.07274493728868","0.384059806850051","28.66162212",
"10/19/2005","-40","-6.08845996856689","587","36.3","21.438","0","5.45220788024383","0.449759787485118","28.3946103",
"10/20/2005","-40","-6.08845996856689","587","35.44","22.16","0","5.9238013695456","0.376555268857459","28.52257698",
"10/21/2005","-40","-6.08845996856689","587","34.76","21.319","0","5.26299046720857","0.393546692639223","28.4956497",
"10/22/2005","-40","-6.08845996856689","587","35.678","22.558","0","5.29307300638625","0.388605214951386","27.64627686",
"10/23/2005","-40","-6.08845996856689","587","36.178","22.725","0","4.92407564784229","0.3727009676987","27.69065532",
"10/24/2005","-40","-6.08845996856689","587","36.424","22.555","0","4.64297111314788","0.392799967513182","28.02279348",
"10/25/2005","-40","-6.08845996856689","587","36.218","21.7","0","4.0794488454755","0.389763486455557","28.5731604",
"10/26/2005","-40","-6.08845996856689","587","36.022","22.237","0","4.50638338772321","0.394198425646927","27.7649577",
"10/27/2005","-40","-6.08845996856689","587","35.233","22.384","0","4.692495048459","0.420449689947652","27.24830298",
"10/28/2005","-40","-6.08845996856689","587","36.361","21.85","0","5.27313158611006","0.423161024210888","27.1972125",
"10/29/2005","-40","-6.08845996856689","587","36.143","21.481","0","4.83866241371251","0.438702053085028","28.5609807",
"10/30/2005","-40","-6.08845996856689","587","36.907","20.415","0","4.54562482096059","0.404316471228929","28.48534992",
"10/31/2005","-40","-6.08845996856689","587","35.305","21.914","0","4.6162063110674","0.425826548438172","23.74284222",
"11/1/2005","-40","-6.08845996856689","587","34.32","22.51","0","5.29249824877453","0.46721356780212","27.73434492",
"11/2/2005","-40","-6.08845996856689","587","35.225","20.869","0","4.64244100363132","0.43448387424036","28.5981129",
"11/3/2005","-40","-6.08845996856689","587","36.711","22.222","0","4.75239892044491","0.384344712425454","28.65923568",
"11/4/2005","-40","-6.08845996856689","587","35.235","22.037","0","5.71130357775321","0.375426951325204","28.5849702",
"11/5/2005","-40","-6.08845996856689","587","35.314","21.119","0","5.3776137313933","0.39842780607523","28.8488925",
"11/6/2005","-40","-6.08845996856689","587","35.251","21.464","0","4.3741821397509","0.431797769008278","28.44921438",
"11/7/2005","-40","-6.08845996856689","587","36.22","21.669","0","4.74546208627801","0.394418488000975","28.74825702",
"11/8/2005","-40","-6.08845996856689","587","36.039","21.609","0","4.74151560698144","0.385634965054388","28.84189302",
"11/9/2005","-40","-6.08845996856689","587","36.051","21.812","0","5.54474559342581","0.47595961230315","28.3883544",
"11/10/2005","-40","-6.08845996856689","587","35.566","22.658","0","5.14108137965466","0.466750273457711","27.9877536",
"11/11/2005","-40","-6.08845996856689","587","36.793","22.285","0","4.78560493483003","0.407811987003927","28.07993952",
"11/12/2005","-40","-6.08845996856689","587","36.13","22.783","0.0034332264","4.67329012570549","0.413903471854624","28.11585258",
"11/13/2005","-40","-6.08845996856689","587","36.174","22.219","0","3.89082557702064","0.427966791425891","26.42551632",
"11/14/2005","-40","-6.08845996856689","587","35.926","22.708","0.04978188","5.49404543361756","0.444568111110219","27.715671",
"11/15/2005","-40","-6.08845996856689","587","35.482","22.151","0.092697156","5.25183816299432","0.443808165935314","28.39392918",
"11/16/2005","-40","-6.08845996856689","587","36.777","22.234","0","5.20044448931773","0.425099083267746","28.3978296",
"11/17/2005","-40","-6.08845996856689","587","35.7","22.627","0","5.51824681497287","0.413298436244058","28.2250152",
"11/18/2005","-40","-6.08845996856689","587","35.695","21.832","0","5.50563725700355","0.39750559460523","28.5375537",
"11/19/2005","-40","-6.08845996856689","587","35.941","21.867","0","4.99078762454478","0.443958471720766","28.16751708",
"11/20/2005","-40","-6.08845996856689","587","37.169","22.492","0","4.89344532800385","0.437254493079472","28.33170192",
"11/21/2005","-40","-6.08845996856689","587","36.662","22.546","0","5.43039342958162","0.406099737857605","28.4387652",
"11/22/2005","-40","-6.08845996856689","587","36.721","22.34","0","5.99051379841015","0.448342044186435","28.248579",
"11/23/2005","-40","-6.08845996856689","587","35.99","22.462","0","5.76206287396275","0.477768006538542","23.30646246",
"11/24/2005","-40","-6.08845996856689","587","36.367","23.662","0","5.64349671024826","0.462523226403091","23.3061732",
"11/25/2005","-40","-6.08845996856689","587","35.15","22.926","0","4.70837751740677","0.469801001247951","25.55640468",
"11/26/2005","-40","-6.08845996856689","587","35.674","22.483","1.9517889024","4.50851680370676","0.459903020555576","27.2102607",
"11/27/2005","-40","-6.08845996856689","587","33.542","23.827","2.0410530408","4.73079112240351","0.530394822076068","17.6213808",
"11/28/2005","-40","-6.08845996856689","587","33.73","22.296","0.6145473528","5.39418311922011","0.542957705141273","22.1467005",
"11/29/2005","-40","-6.08845996856689","587","34.707","23.036","0","6.05918299047976","0.438579860608393","24.3043875",
"11/30/2005","-40","-6.08845996856689","587","35.541","23.39","0","5.75868858671232","0.444671543315726","27.26454078",
"12/1/2005","-40","-6.08845996856689","587","36.137","23.135","0","4.79843597075286","0.401985908969049","28.2234303",
"12/2/2005","-40","-6.08845996856689","587","35.986","23.702","0.0652313304","4.25756597894749","0.474211966377719","27.08329878",
"12/3/2005","-40","-6.08845996856689","587","32.355","23.524","0.072097812","2.85891972028128","0.531919810986437","17.90442738",
"12/4/2005","-40","-6.08845996856689","587","34.096","23.23","0.528716988","3.41383541375006","0.507304853610458","18.27287028",
"12/5/2005","-40","-6.08845996856689","587","32.136","23.546","2.8152477","3.69565215748663","0.570400091210025","11.98737936",
"12/6/2005","-40","-6.08845996856689","587","28.172","22.443","2.643584976","2.09383983751168","0.728938144958346","13.21964802",
"12/7/2005","-40","-6.08845996856689","587","25.661","21.884","1.74064662","3.35523906877007","0.792733806285153","5.99293188",
"12/8/2005","-40","-6.08845996856689","587","31.577","21.683","1.630782792","4.40200367210146","0.702323828552202","26.8623576",
"12/9/2005","-40","-6.08845996856689","587","31.068","21.675","0.113296536","4.81435387648318","0.637054350102564","25.17108822",
"12/10/2005","-40","-6.08845996856689","587","31.718","22.185","0.0034332264","4.69914550218483","0.552583558949387","27.54646992",
"12/11/2005","-40","-6.08845996856689","587","31.835","22.164","0","5.21945552472765","0.554708711130464","26.4166839",
"12/12/2005","-40","-6.08845996856689","587","34.231","21.56","0","5.18954764233963","0.534958975385141","27.8151291",
"12/13/2005","-40","-6.08845996856689","587","33.317","22.314","0","5.38779637266473","0.497157736981584","27.6486795",
"12/14/2005","-40","-6.08845996856689","587","34.377","21.313","0","5.00602672921459","0.462601043672639","28.4715036",
"12/15/2005","-40","-6.08845996856689","587","34.212","22.07","0","5.15450536715926","0.493800458599526","27.2211714",
"12/16/2005","-40","-6.08845996856689","587","34.933","22.541","0","5.16321494249963","0.419621245343092","27.7305714",
"12/17/2005","-40","-6.08845996856689","587","35.284","22.434","0","4.71687175061182","0.41955413460909","28.26528552",
"12/18/2005","-40","-6.08845996856689","587","35.615","23.226","0","4.96395973237119","0.468639585918364","27.6663879",
"12/19/2005","-40","-6.08845996856689","587","33.172","23.21","0.041198724","4.12316877050028","0.466106357412037","22.00550886",
"12/20/2005","-40","-6.08845996856689","587","35.442","22.671","2.72598228","4.60065498737849","0.468133186461751","28.0009737",
"12/21/2005","-40","-6.08845996856689","587","35.969","22.976","0.240325704","4.45686825096487","0.433553404059508","28.27490562",
"12/22/2005","-40","-6.08845996856689","587","35.987","23.157","0","4.70429908171101","0.397291198389915","28.2881313",
"12/23/2005","-40","-6.08845996856689","587","35.307","23.624","0","4.32086166654128","0.413544331834088","22.17144654",
"12/24/2005","-40","-6.08845996856689","587","33.798","22.992","0","4.35956737787299","0.46429562134036","21.93615792",
"12/25/2005","-40","-6.08845996856689","587","35.009","22.594","0.10299672","4.2636391714849","0.47835098068074","22.07502522",
"12/26/2005","-40","-6.08845996856689","587","34.324","22.883","0.350189388","4.55619965705509","0.465101080428577","26.1828054",
"12/27/2005","-40","-6.08845996856689","587","33.816","21.674","0.26435844","3.65006532008355","0.542284437195185","20.57034582",
"12/28/2005","-40","-6.08845996856689","587","32.671","22.031","2.427293484","5.05822215883808","0.618354956733889","13.23135072",
"12/29/2005","-40","-6.08845996856689","587","32.955","22.772","0.1304626536","5.18926721928215","0.46788106009879","21.03542712",
"12/30/2005","-40","-6.08845996856689","587","35.168","23.524","0.109863216","4.67922185524804","0.432338279267557","25.30457388",
"12/31/2005","-40","-6.08845996856689","587","34.993","22.922","1.088332992","4.54507854166086","0.532396071050228","23.79054384",
"1/1/2006","-40","-6.08845996856689","587","34.927","21.624","1.840209984","4.84104155109026","0.550674204200246","26.31999096",
"1/2/2006","-40","-6.08845996856689","587","34.859","21.963","0.3604888584","4.21181009019302","0.521808461678079","21.453017112",
"1/3/2006","-40","-6.08845996856689","587","33.789","21.823","0","4.76496410262072","0.520338820194893","22.2084576",
"1/4/2006","-40","-6.08845996856689","587","36.047","22.67","0","4.54179315727606","0.434896053878623","28.3151223",
"1/5/2006","-40","-6.08845996856689","587","36.314","21.564","0","4.50057394792586","0.439258945542882","28.4504076",
"1/6/2006","-40","-6.08845996856689","587","35.908","22.668","0","5.23351880054932","0.440992550789371","28.42554438",
"1/7/2006","-40","-6.08845996856689","587","35.079","21.664","0.10986336","4.20986011305431","0.480378348805512","28.32975468",
"1/8/2006","-40","-6.08845996856689","587","31.379","21.336","1.59645078","3.09431320702302","0.541200157855291","17.19388026",
"1/9/2006","-40","-6.08845996856689","587","35.163","20.561","1.5174864","2.97093176489562","0.473166675557088","24.81739074",
"1/10/2006","-40","-6.08845996856689","587","33.389","21.636","5.795281944","3.94450474214755","0.60957014328301","19.78875288",
"1/11/2006","-40","-6.08845996856689","587","35.269","22.038","0","5.2063529104267","0.436470906124049","28.69531542",
"1/12/2006","-40","-6.08845996856689","587","34.651","21.682","2.581789932","4.76191275635918","0.526569334248143","26.4835098",
"1/13/2006","-40","-6.08845996856689","587","35.447","20.667","0.54931644","4.65363439358518","0.501510101526474","24.00755652",
"1/14/2006","-40","-6.08845996856689","587","36.005","23.144","0","5.0758254139828","0.42562273968639","27.9558486",
"1/15/2006","-40","-6.08845996856689","587","35.693","22.996","0.075531024","4.34888484221935","0.45553593891744","28.0590786",
"1/16/2006","-40","-6.08845996856689","587","36.037","21.512","0","4.21462924746356","0.438442407183302","28.6430085",
"1/17/2006","-40","-6.08845996856689","587","36.489","22.359","0.00686646","4.71059776030913","0.469858353086263","28.58417568",
"1/18/2006","-40","-6.08845996856689","587","33.344","21.707","2.011871412","3.96580893279959","0.636483750876828","14.0241366",
"1/19/2006","-40","-6.08845996856689","587","32.971","21.21","3.546525168","3.02020124312318","0.644208967602624","13.3416576",
"1/20/2006","-40","-6.08845996856689","587","35.035","21.273","0.14419548","4.17207988179049","0.497692592559634","28.15306722",
"1/21/2006","-40","-6.08845996856689","587","35.849","21.306","2.75687856","4.43302917175441","0.511951852854244","27.83098098",
"1/22/2006","-40","-6.08845996856689","587","36.34","22.371","0.030899052","4.63942495085543","0.483165605470151","28.72963053",
"1/23/2006","-40","-6.08845996856689","587","36.312","21.901","1.86767424","4.84692446195956","0.56400072444156","24.79011102",
"1/24/2006","-40","-6.08845996856689","587","35.612","22.62","0.0274658256","5.0790952536506","0.519810477051985","22.17364038",
"1/25/2006","-40","-6.08845996856689","587","36.937","22.977","0","5.16887575784721","0.459289475227588","27.55530063",
"1/26/2006","-40","-6.08845996856689","587","37.189","22.154","0","4.53617015178858","0.432786687346959","29.27564865",
"1/27/2006","-40","-6.08845996856689","587","37.436","21.012","0","4.38823769307441","0.462739664609592","29.1830625",
"1/28/2006","-40","-6.08845996856689","587","37.169","22.145","0","4.23560618119801","0.479249325080446","29.00334996",
"1/29/2006","-40","-6.08845996856689","587","35.896","22.706","0.460052712","4.36992201023023","0.537522255438633","21.05386614",
"1/30/2006","-40","-6.08845996856689","587","35.965","21.443","0","4.43606810719853","0.525812199835172","25.62378516",
"1/31/2006","-40","-6.08845996856689","587","32.387","21.416","0.02059938","2.69020334347562","0.572814006059189","16.98839937",
"2/1/2006","-40","-6.08845996856689","587","33.981","22.456","0.0506401344","4.08734723075497","0.581118197577833","18.6152625",
"2/2/2006","-40","-6.08845996856689","587","34.207","21.536","0.2926828944","4.14619659257763","0.554949076664598","27.10068858",
"2/3/2006","-40","-6.08845996856689","587","35.297","21.616","0","4.51573961824913","0.503313938436187","26.94184326",
"2/4/2006","-40","-6.08845996856689","587","34.59","21.606","0.224876412","3.90564044979405","0.568189329176734","16.18937136",
"2/5/2006","-40","-6.08845996856689","587","36.135","22.263","0.0823974408","4.14837957414979","0.514322048118997","20.77115796",
"2/6/2006","-40","-6.08845996856689","587","34.234","22.079","0.017166132","4.13966250663908","0.498450243994168","22.36443534",
"2/7/2006","-40","-6.08845996856689","587","35.53","23.284","0.260067132","4.09658455513476","0.462635145967119","21.89531151",
"2/8/2006","-40","-6.08845996856689","587","35.367","20.828","0","3.8737638334676","0.478727200159572","25.85165058",
"2/9/2006","-40","-6.08845996856689","587","35.374","21.342","0","3.39170804589881","0.512674804932531","20.3941107",
"2/10/2006","-40","-6.08845996856689","587","35.048","22.123","1.633358952","3.75621668489338","0.564589349001705","18.89527752",
"2/11/2006","-40","-6.08845996856689","587","35.519","20.114","0.72784404","3.8957728475462","0.55700605006253","22.01051349",
"2/12/2006","-40","-6.08845996856689","587","35.273","20.419","0","3.80386679565991","0.549612247092567","20.71997208",
"2/13/2006","-40","-6.08845996856689","587","30.386","22.778","0.0068664528","3.69201419773936","0.541955964407211","10.35737181",
"2/14/2006","-40","-6.08845996856689","587","32.22","21.456","0.7767679536","3.6757316838291","0.59015280815642","18.731419488",
"2/15/2006","-40","-6.08845996856689","587","30.571","19.403","12.6201095064","1.95803294081889","0.775163162632528","27.92166003",
"2/16/2006","-40","-6.08845996856689","587","28.692","20.39","9.15684588","1.80043214767691","0.836268012914971","28.11898629",
"2/17/2006","-40","-6.08845996856689","587","27.549","20.985","11.6901416664","1.81931848896208","0.895304744234578","13.07874096",
"2/18/2006","-40","-6.08845996856689","587","25.856","21.217","56.96154","2.76581763137999","0.926009589444599","11.76046992",
"2/19/2006","-40","-6.08845996856689","587","33.127","20.357","5.3790062256","3.58459918278445","0.7896268188616","16.12979865",
"2/20/2006","-40","-6.08845996856689","587","33.486","20.897","3.7894248","3.76780967057812","0.628273497392141","28.90276344",
"2/21/2006","-40","-6.08845996856689","587","34.318","19.628","0","3.57663068476166","0.563929129783561","28.26264348",
"2/22/2006","-40","-6.08845996856689","587","27.799","20.912","3.012653664","3.02453176407285","0.808695267953744","11.65342428",
"2/23/2006","-40","-6.08845996856689","587","24.088","20.411","2.6676185616","2.00528950395488","0.907289258800273","3.4832817",
"2/24/2006","-40","-6.08845996856689","587","32.6","19.875","5.28330924","3.65320994213878","0.787400138228237","27.45759078",
"2/25/2006","-40","-6.08845996856689","587","33.329","20.9","0.3261565296","3.75279356244564","0.738164779747292","15.64470198",
"2/26/2006","-40","-6.08845996856689","587","31.121","20.167","5.7515131224","2.97956775036125","0.787042979588187","23.74206552",
"2/27/2006","-40","-6.08845996856689","587","32.859","20.333","3.6370770264","2.99663270372121","0.756594074302352","23.7592692",
"2/28/2006","-40","-6.08845996856689","587","30.305","20.895","8.0183060928","2.5127050458754","0.894891571465064","8.33844087",
"3/1/2006","-40","-6.08845996856689","587","26.399","20.956","4.470063048","2.50956630884697","0.88414987522351","17.029628802",
"3/2/2006","-40","-6.08845996856689","587","27.681","20.917","4.394535912","2.65986035228196","0.850381048293477","9.48982779",
"3/3/2006","-40","-6.08845996856689","587","28.774","20.707","8.18824716","3.33191504699452","0.857388451052555","26.1961335",
"3/4/2006","-40","-6.08845996856689","587","31.345","20.235","3.36113298","3.59820589671611","0.791185338879055","24.34808952",
"3/5/2006","-40","-6.08845996856689","587","32.64","20.683","0.1373290848","3.45784334289356","0.689659556858876","21.61361052",
"3/6/2006","-40","-6.08845996856689","587","33.437","22.277","0.02746584","4.08891215176217","0.583395358092789","28.19576439",
"3/7/2006","-40","-6.08845996856689","587","34.278","20.92","0","4.59583536533522","0.569965298625582","27.93600441",
"3/8/2006","-40","-6.08845996856689","587","32.565","20.19","0","3.47158921524334","0.610489122569298","19.97319528",
"3/9/2006","-40","-6.08845996856689","587","33.187","21.792","0.3364564824","3.57238824125943","0.593051335286775","21.58189065",
"3/10/2006","-40","-6.08845996856689","587","26.346","20.2","1.05056784","2.21909650158103","0.754076659214704","5.98438431",
"3/11/2006","-40","-6.08845996856689","587","32.283","19.92","1.0951997112","2.66991706445504","0.688597436825453","23.17414914",
"3/12/2006","-40","-6.08845996856689","587","33.961","18.76","0.659179404","2.50582963859721","0.671998439909106","22.2618402",
"3/13/2006","-40","-6.08845996856689","587","30.139","21.008","5.5480932","2.5600358395254","0.802847636419092","16.4879451",
"3/14/2006","-40","-6.08845996856689","587","29.497","21.229","55.0243602","2.07441712263397","0.874689331444784","14.888144268",
"3/15/2006","-40","-6.08845996856689","587","31.507","21.429","11.99054664","2.73349422820022","0.771537824212064","12.551967612",
"3/16/2006","-40","-6.08845996856689","587","32.947","20.648","0.0102996792","3.67536089320378","0.592801771771702","28.22709582",
"3/17/2006","-40","-6.08845996856689","587","33.976","22.041","0.0823974624","4.02902174807356","0.591672483284021","22.1778036",
"3/18/2006","-40","-6.08845996856689","587","31.493","21.211","0.02059938","4.13413165332686","0.641632409839486","19.8186777",
"3/19/2006","-40","-6.08845996856689","587","31.672","21.11","0.693512388","3.75759356332015","0.701629439769324","18.1025397",
"3/20/2006","-40","-6.08845996856689","587","31.118","21.283","15.440944824","2.73628375881191","0.825554678860061","21.97934316",
"3/21/2006","-40","-6.08845996856689","587","33.39","21.257","12.80250504","3.33862357261541","0.739319452999138","22.2907536",
"3/22/2006","-40","-6.08845996856689","587","33.063","21.63","5.27343516","4.19626762101088","0.674654442526062","26.727468372",
"3/23/2006","-40","-6.08845996856689","587","29.647","21.189","4.737855852","3.53143405279023","0.774205900834179","18.16667262",
"3/24/2006","-40","-6.08845996856689","587","32.23","21.295","54.2964757464","3.14911813238565","0.688773999902896","21.153035772",
"3/25/2006","-40","-6.08845996856689","587","34.269","20.531","0.2471922","3.78197841283542","0.607116528026644","22.13617266",
"3/26/2006","-40","-6.08845996856689","587","32.631","21.587","6.7325576184","3.96177999648516","0.772122081648385","22.077787932",
"3/27/2006","-40","-6.08845996856689","587","33.135","20.912","0.127029492","4.17428803987716","0.70715532028428","25.98367554",
"3/28/2006","-40","-6.08845996856689","587","33.071","20.502","1.28059398","3.58656036860271","0.713521691794834","18.23292414",
"3/29/2006","-40","-6.08845996856689","587","33.675","21.427","2.4616242504","3.99034888205921","0.715669963693333","19.40438736",
"3/30/2006","-40","-6.08845996856689","587","30.232","20.711","7.77969468","2.12356488088687","0.832189562213097","18.7089768",
"3/31/2006","-40","-6.08845996856689","587","32.066","21.209","3.23753382","2.84746894131636","0.741296856447191","18.0053973",
"4/1/2006","-40","-6.08845996856689","587","31.913","20.38","0.0034332264","3.49350771830869","0.686943982248546","20.27340126",
"4/2/2006","-40","-6.08845996856689","587","33.197","19.711","0","3.2416685587145","0.610218761467895","26.76661794",
"4/3/2006","-40","-6.08845996856689","587","32.28","19.125","0.15106176","3.18025585024163","0.637193782103207","21.73303278",
"4/4/2006","-40","-6.08845996856689","587","29.565","21.318","1.9569402","3.01600551971543","0.769420118271584","14.84713062",
"4/5/2006","-40","-6.08845996856689","587","30.341","20.071","5.733489024","2.88631040875429","0.823372508688173","23.93426088",
"4/6/2006","-40","-6.08845996856689","587","32.993","21.431","18.6595902","3.68040709521565","0.732937031926607","24.229183788",
"4/7/2006","-40","-6.08845996856689","587","33.16","21.926","1.896857136","4.06539505202297","0.736660306815443","25.02415818",
"4/8/2006","-40","-6.08845996856689","587","33.407","20.967","1.387023372","3.61724356267522","0.704440936495877","23.789358",
"4/9/2006","-40","-6.08845996856689","587","32.227","20.609","4.29325632","2.27213567208291","0.73536407983422","18.83705652",
"4/10/2006","-40","-6.08845996856689","587","28.765","21.336","11.15541324","2.13689145408642","0.893904961785093","11.95323642",
"4/11/2006","-40","-6.08845996856689","587","33.154","20.299","0.236892816","3.24038894447941","0.706415910212198","22.2992406",
"4/12/2006","-40","-6.08845996856689","587","32.562","20.325","2.914810776","2.4806432740643","0.714309543766386","18.57762828",
"4/13/2006","-40","-6.08845996856689","587","29.307","19.233","1.65910716","2.33124092422991","0.778386110278066","14.7836844",
"4/14/2006","-40","-6.08845996856689","587","33.113","19.615","1.9088745624","2.66875435470888","0.77174485102454","23.66077608",
"4/15/2006","-40","-6.08845996856689","587","29.542","21.215","3.651237756","3.06048563787735","0.841279703825326","17.76802158",
"4/16/2006","-40","-6.08845996856689","587","32.536","21.01","0.444603096","3.17003078597445","0.745786627951431","14.90433822",
"4/17/2006","-40","-6.08845996856689","587","33.436","20.651","3.34911132","3.24852163040129","0.67679232787606","24.85935702",
"4/18/2006","-40","-6.08845996856689","587","30.651","20.485","5.108639256","2.44865531476842","0.834553531071771","20.77784946",
"4/19/2006","-40","-6.08845996856689","587","30.41","20.567","7.659528912","2.42368761685044","0.82509237108616","22.27207428",
"4/20/2006","-40","-6.08845996856689","587","31.059","19.527","3.278733624","1.85717487143538","0.830806027268685","13.50590688",
"4/21/2006","-40","-6.08845996856689","587","29.762","19.045","4.732702992","2.07776181263342","0.832867625911418","18.1383732",
"4/22/2006","-40","-6.08845996856689","587","32.929","21.402","8.0663708664","2.68579488713831","0.764165235872183","22.91743296",
"4/23/2006","-40","-6.08845996856689","587","28.656","21.267","14.38264764","2.26282975583504","0.899333060588189","7.56820872",
"4/24/2006","-40","-6.08845996856689","587","31.184","20.636","1.4848698096","3.48426427037586","0.756584945074796","20.53220616",
"4/25/2006","-40","-6.08845996856689","587","31.766","21.325","4.26406428","3.71480584744984","0.700881895586858","24.5788245",
"4/26/2006","-40","-6.08845996856689","587","32.636","21.306","3.644368272","2.00671671189641","0.745931383054062","13.58561394",
"4/27/2006","-40","-6.08845996856689","587","32.41","21.475","6.308555508","1.93730486100379","0.768039210119737","19.49293872",
"4/28/2006","-40","-6.08845996856689","587","26.22","20.996","9.42077538","1.87525758134125","0.933243299505306","11.1124116",
"4/29/2006","-40","-6.08845996856689","587","22.396","19.889","41.496565464","1.62625436605022","0.959162444531282","1.48494438",
"4/30/2006","-40","-6.08845996856689","587","31.476","20.14","3.9825450864","3.11915035868686","0.78398506935038","20.00891448",
"5/1/2006","-40","-6.08845996856689","587","31.721","20.044","0.0102996792","3.17143624950687","0.718389271471776","22.51626282",
"5/2/2006","-40","-6.08845996856689","587","32.106","20.449","0.0497818224","3.2129285157007","0.631340602708294","24.68733696",
"5/3/2006","-40","-6.08845996856689","587","32.759","20.113","0.52871724","3.42580646095079","0.665718175563818","24.40147518",
"5/4/2006","-40","-6.08845996856689","587","32.595","21.1","0.21972654","3.47004468150994","0.670434012776449","24.23649312",
"5/5/2006","-40","-6.08845996856689","587","32.383","20.756","0","3.55503087465891","0.668965980005056","23.80241628",
"5/6/2006","-40","-6.08845996856689","587","33.115","21.415","0.7175448","3.37282164072161","0.669611200557496","22.30846434",
"5/7/2006","-40","-6.08845996856689","587","32.69","20.848","1.256561352","3.12545010093286","0.694998323511247","23.3142741",
"5/8/2006","-40","-6.08845996856689","587","31.872","20.113","4.082108292","2.78030189494407","0.753686297649783","17.8460964",
"5/9/2006","-40","-6.08845996856689","587","25.014","19.789","12.778477452","2.09591385889053","0.907278833791191","4.47991848",
"5/10/2006","-40","-6.08845996856689","587","27.251","20.034","11.48071356","2.11476463935655","0.8486685373795","5.179671972",
"5/11/2006","-40","-6.08845996856689","587","31.717","20.211","1.93290768","2.86760975854549","0.703935950940487","22.55715342",
"5/12/2006","-40","-6.08845996856689","587","32.488","20.808","1.8968591664","2.78428013582925","0.730080009289931","21.86725068",
"5/13/2006","-40","-6.08845996856689","587","25.728","20.551","7.295606676","2.13522459574964","0.900152147076577","19.51340778",
"5/14/2006","-40","-6.08845996856689","587","29.345","20.698","3.36627936","2.95406444708238","0.830451927682208","19.96818714",
"5/15/2006","-40","-6.08845996856689","587","30.856","20.11","0.2094270336","3.24857101064807","0.737757620361959","19.2643884",
"5/16/2006","-40","-6.08845996856689","587","31.442","20.289","2.93712336","3.46567540674233","0.714215921674611","19.00911924",
"5/17/2006","-40","-6.08845996856689","587","27.901","19.366","6.7737622464","2.8346741695741","0.862717797583814","7.50323988",
"5/18/2006","-40","-6.08845996856689","587","30.107","18.789","0.0901222128","3.63774967442875","0.703378453841858","22.88604492",
"5/19/2006","-40","-6.08845996856689","587","30.324","17.623","0.0789642288","4.34310009908078","0.688850586665804","20.1689451",
"5/20/2006","-40","-6.08845996856689","587","31.036","18.506","0.0102996792","4.02397474761217","0.676591332556021","22.84346232",
"5/21/2006","-40","-6.08845996856689","587","31.806","15.338","0","2.23378817485569","0.661072333542064","21.3598152",
"5/22/2006","-40","-6.08845996856689","587","32.156","18.667","0.0137329128","3.68498702857524","0.563082993079317","22.84638336",
"5/23/2006","-40","-6.08845996856689","587","31.977","20.064","0.5990985","3.30495767709457","0.651078627387742","19.47667392",
"5/24/2006","-40","-6.08845996856689","587","31.827","20.802","1.4943118824","3.18036501309379","0.694108474975351","17.51040288",
"5/25/2006","-40","-6.08845996856689","587","31.856","20.414","0.0789642","3.39997249924987","0.674665444780791","19.7422893",
"5/26/2006","-40","-6.08845996856689","587","31.561","19.547","0","4.02699182750752","0.652108447313171","18.90443916",
"5/27/2006","-40","-6.08845996856689","587","31.115","20.119","0.35190576","3.63243208374697","0.649543129643049","20.15730324",
"5/28/2006","-40","-6.08845996856689","587","31.066","20.624","1.96895556","3.54523918767316","0.698798522450131","20.37880998",
"5/29/2006","-40","-6.08845996856689","587","32.27","19.416","0.051498432","3.6579520520351","0.619019580965492","22.8287277",
"5/30/2006","-40","-6.08845996856689","587","28.851","19.117","0.8085249072","4.63553365393892","0.688611330647807","11.47246452",
"5/31/2006","-40","-6.08845996856689","587","29.5","17.736","0.51155064","4.84685321523684","0.63806653909764","22.2910272",
"6/1/2006","-40","-6.08845996856689","587","31.113","17.376","0","4.16295873241158","0.511325844632844","22.57323642",
"6/2/2006","-40","-6.08845996856689","587","30.445","17.042","0","4.46468993034642","0.627727594267814","19.53636066",
"6/3/2006","-40","-6.08845996856689","587","31.266","18.047","0.0034332264","5.51077348710136","0.582479839210534","22.39936668",
"6/4/2006","-40","-6.08845996856689","587","30.667","17.685","0.01373292","5.78333472553845","0.559451022553691","20.40463242",
"6/5/2006","-40","-6.08845996856689","587","29.165","18.256","0","4.86451808224664","0.658418173101844","17.56530306",
"6/6/2006","-40","-6.08845996856689","587","30.579","18.185","0","4.04163282954616","0.65174114982079","18.02953458",
"6/7/2006","-40","-6.08845996856689","587","31.214","20.11","2.581786548","4.16856584521705","0.72412179232301","15.78554838",
"6/8/2006","-40","-6.08845996856689","587","28.087","19.673","6.74286048","4.09094268601208","0.799908140264013","10.9815759",
"6/9/2006","-40","-6.08845996856689","587","30.22","17.84","0","4.43425136633855","0.647109238067083","18.36298566",
"6/10/2006","-40","-6.08845996856689","587","30.157","18.569","0","4.03940943248276","0.642548925537429","18.07785162",
"6/11/2006","-40","-6.08845996856689","587","31.726","17.921","0.0034332264","3.67712330261514","0.586668834241701","20.452158",
"6/12/2006","-40","-6.08845996856689","587","31.786","19.536","3.144837492","2.15039996775476","0.656154955774078","16.04913948",
"6/13/2006","-40","-6.08845996856689","587","28.372","19.258","13.484006568","3.92840914173714","0.836369685218234","20.21923476",
"6/14/2006","-40","-6.08845996856689","587","30.476","16.367","0","5.03171409862169","0.67389461122049","22.34970072",
"6/15/2006","-40","-6.08845996856689","587","31.511","17.985","0.0034332264","4.91916593694026","0.580359898432817","22.52475288",
"6/16/2006","-40","-6.08845996856689","587","30.712","19.437","0.896072508","4.02434817824398","0.664308921395353","19.91452356",
"6/17/2006","-40","-6.08845996856689","587","31.761","18.584","0.2471920632","4.65417133615075","0.590142462417862","22.40527608",
"6/18/2006","-40","-6.08845996856689","587","31.084","19.169","0.22315968","5.53080894411117","0.628567094095752","20.54655252",
"6/19/2006","-40","-6.08845996856689","587","31.135","19.206","0.2746584","6.09196702158092","0.617047204510902","19.54051236",
"6/20/2006","-40","-6.08845996856689","587","30.338","17.219","0.264358692","5.48267404030592","0.62348268803768","19.94040288",
"6/21/2006","-40","-6.08845996856689","587","27.035","18.311","0.3055572504","4.84903360847549","0.722164236712233","6.49726884",
"6/22/2006","-40","-6.08845996856689","587","30.855","18.437","0.0171661392","5.08196838512449","0.612973958342628","20.91150324",
"6/23/2006","-40","-6.08845996856689","587","28.848","18.114","0","5.18149104638991","0.622918985114491","19.22455944",
"6/24/2006","-40","-6.08845996856689","587","30.522","18.345","0","5.02371419202915","0.604778166637684","22.39598628",
"6/25/2006","-40","-6.08845996856689","587","29.479","18.714","0.106430076","4.71375504541359","0.632659339652891","16.57321992",
"6/26/2006","-40","-6.08845996856689","587","31.247","19.747","0.50468454","3.80745930159955","0.580584597076763","20.0643786",
"6/27/2006","-40","-6.08845996856689","587","31.967","19.232","0","3.56033734199157","0.593006216548608","20.4338718",
"6/28/2006","-40","-6.08845996856689","587","28.104","20.828","9.24225156","3.61612809300397","0.846108884103202","7.941939192",
"6/29/2006","-40","-6.08845996856689","587","32.054","20.257","2.1801032784","4.43221430812811","0.620938841893416","19.1372085",
"6/30/2006","-40","-6.08845996856689","587","30.713","18.247","0.0171661392","5.45223324770863","0.621036706392658","22.48863624",
"7/1/2006","-40","-6.08845996856689","587","28.922","18.162","0.0068664528","5.45610212491637","0.691266987881033","19.18551888",
"7/2/2006","-40","-6.08845996856689","587","30.495","17.433","0.1922605992","5.1055632587588","0.662588347927871","19.9927674",
"7/3/2006","-40","-6.08845996856689","587","31.552","19.015","1.3492588032","4.57712852401266","0.674994384047648","16.263333",
"7/4/2006","-40","-6.08845996856689","587","31.335","17.934","0","5.50527240688779","0.627152952083621","22.245975",
"7/5/2006","-40","-6.08845996856689","587","31.249","19.09","0.0102996864","4.62690643382404","0.582693462972853","22.96614132",
"7/6/2006","-40","-6.08845996856689","587","31.941","19.43","3.67870212","4.00230319499906","0.665095527711121","21.29377014",
"7/7/2006","-40","-6.08845996856689","587","31.454","19.816","5.563544328","4.47009748563918","0.637442476554882","19.65167604",
"7/8/2006","-40","-6.08845996856689","587","30.326","18.348","0.4514693256","4.76546263969848","0.639746511382821","22.48880508",
"7/9/2006","-40","-6.08845996856689","587","30.484","18.546","0","5.04701343548266","0.632655196993372","20.60937936",
"7/10/2006","-40","-6.08845996856689","587","30.937","16.168","0","4.83238004544328","0.557169974840685","23.05883988",
"7/11/2006","-40","-6.08845996856689","587","30.228","19.962","0.21972654","5.84193755118692","0.594800625907705","21.41505216",
"7/12/2006","-40","-6.08845996856689","587","28.151","19.409","0.0137329056","6.5294946486787","0.67514581863525","15.65690184",
"7/13/2006","-40","-6.08845996856689","587","28.207","18.998","0.0720977688","5.43568868707069","0.632588046859165","16.46240238",
"7/14/2006","-40","-6.08845996856689","587","29.958","15.394","0","4.96999056457581","0.574877856573429","23.4325116",
"7/15/2006","-40","-6.08845996856689","587","32.593","16.438","0.01373292","4.31145762028898","0.598839490546117","18.90309852",
"7/16/2006","-40","-6.08845996856689","587","32.601","18.967","1.7183316384","3.99359138635072","0.620354321809783","21.73044708",
"7/17/2006","-40","-6.08845996856689","587","30.422","19.938","3.2804441064","5.01324389302716","0.687961115448231","13.50894384",
"7/18/2006","-40","-6.08845996856689","587","30.332","18.394","0.017166132","5.7890184624244","0.590995015517048","23.00557392",
"7/19/2006","-40","-6.08845996856689","587","31.675","17.205","0","4.29289907555817","0.574490708295255","23.3664192",
"7/20/2006","-40","-6.08845996856689","587","32.658","15.988","0","2.62769225036987","0.538562690606133","21.75322248",
"7/21/2006","-40","-6.08845996856689","587","32.636","20.34","0","4.1762464599919","0.481235131946571","22.6123344",
"7/22/2006","-40","-6.08845996856689","587","32.026","17.737","0","5.24984995207436","0.537404927817678","23.6334402",
"7/23/2006","-40","-6.08845996856689","587","32.397","17.847","0","5.0556111888042","0.560560439025562","23.4028134",
"7/24/2006","-40","-6.08845996856689","587","32.871","19.234","0","4.55868900918886","0.512633336976394","23.27220576",
"7/25/2006","-40","-6.08845996856689","587","32.033","18.919","0.109863144","5.07297138467584","0.567409363741581","19.97179056",
"7/26/2006","-40","-6.08845996856689","587","33.561","18.629","0","4.71845900035761","0.575109207972542","19.73424456",
"7/27/2006","-40","-6.08845996856689","587","28.396","20.781","0.3707887824","4.44059878255517","0.654235616787256","12.87927774",
"7/28/2006","-40","-6.08845996856689","587","33.064","19.596","0","4.62636709917921","0.476958879683536","24.0636942",
"7/29/2006","-40","-6.08845996856689","587","33.357","19.324","0","3.88249619360208","0.489782446500275","21.24259236",
"7/30/2006","-40","-6.08845996856689","587","33.222","21.788","0.2883909744","4.73472651064323","0.526191711314935","24.0106473",
"7/31/2006","-40","-6.08845996856689","587","33.827","18.328","0.20256048","3.9803390237442","0.494469554264564","24.1511688",
"8/1/2006","-40","-6.08845996856689","587","32.604","20.115","0.28324152","5.71400965315236","0.511172478548","23.87322828",
"8/2/2006","-40","-6.08845996856689","587","31.641","18.301","0","5.08561683311578","0.538370416966826","24.74662644",
"8/3/2006","-40","-6.08845996856689","587","32.236","17.056","0","4.45215970929039","0.4996208832539","23.1558714",
"8/4/2006","-40","-6.08845996856689","587","33.056","19.507","0.0068664528","4.68849396582461","0.443142689532688","23.290596",
"8/5/2006","-40","-6.08845996856689","587","32.49","17.535","0","5.31240119775927","0.413600379976669","25.1618598",
"8/6/2006","-40","-6.08845996856689","587","31.973","17.28","0","6.02070726471956","0.467772850484072","24.9328728",
"8/7/2006","-40","-6.08845996856689","587","26.685","17.422","0.0034332264","5.50714088384595","0.642343121904547","14.60401632",
"8/8/2006","-40","-6.08845996856689","587","33.331","17.02","0","4.33801616480666","0.476446163974345","24.90220908",
"8/9/2006","-40","-6.08845996856689","587","29.289","21.334","0.2798081208","4.34808598372247","0.588796465521832","9.52593624",
"8/10/2006","-40","-6.08845996856689","587","29.346","21.067","0.386238312","5.37501583043043","0.621436611500479","10.7248509",
"8/11/2006","-40","-6.08845996856689","587","31.99","19.509","0.089263908","5.24187581085384","0.484428373841698","25.2011844",
"8/12/2006","-40","-6.08845996856689","587","32.882","20.682","0.078964236","5.094722371106","0.465023161970904","23.84156664",
"8/13/2006","-40","-6.08845996856689","587","32.244","21.142","0.278091756","5.58025090901379","0.499274913925099","20.07039546",
"8/14/2006","-40","-6.08845996856689","587","32.944","17.717","0","4.38494947474129","0.444902146006605","25.8543576",
"8/15/2006","-40","-6.08845996856689","587","33.014","17.69","0","4.59640764066775","0.497730062463667","25.44277932",
"8/16/2006","-40","-6.08845996856689","587","33.491","19.688","0.0137329056","5.92307861377083","0.500822712554556","24.48708624",
"8/17/2006","-40","-6.08845996856689","587","31.19","20.501","0.097846992","5.52708271740135","0.489494019065057","24.43073004",
"8/18/2006","-40","-6.08845996856689","587","33.599","18.586","0","4.81395248393138","0.474435436406005","25.55049114",
"8/19/2006","-40","-6.08845996856689","587","33.758","18.931","0","4.22482019834467","0.476782246692161","25.7113098",
"8/20/2006","-40","-6.08845996856689","587","34.908","19.787","0","3.67469310500809","0.41504039819178","25.7293089",
"8/21/2006","-40","-6.08845996856689","587","35.724","19.76","0","3.64339929171324","0.361570644990303","25.4152611",
"8/22/2006","-40","-6.08845996856689","587","35.037","22.18","0.112438188","4.66099847673567","0.431363732355542","25.34552172",
"8/23/2006","-40","-6.08845996856689","587","32.966","19.769","0.0034332264","5.15075917328648","0.444027394021772","25.81683642",
"8/24/2006","-40","-6.08845996856689","587","33.401","20.063","0.06008148","4.64757919171844","0.435418893172447","25.87578462",
"8/25/2006","-40","-6.08845996856689","587","33.017","19.904","0","5.26947107917505","0.406828521470907","26.41911192",
"8/26/2006","-40","-6.08845996856689","587","31.956","18.498","0.063514692","5.35017295426648","0.463832348359415","26.36555382",
"8/27/2006","-40","-6.08845996856689","587","33.217","18.453","0","4.03472307659295","0.413961489140367","26.64309276",
"8/28/2006","-40","-6.08845996856689","587","34.439","18.983","0","3.9707333632238","0.38268351554531","26.74777392",
"8/29/2006","-40","-6.08845996856689","587","34.302","20.872","0.0686645424","2.97824872739082","0.463634819510429","26.12485962",
"8/30/2006","-40","-6.08845996856689","587","34.199","21.857","0.073814544","3.57258378888161","0.472163677213355","21.06961524",
"8/31/2006","-40","-6.08845996856689","587","33.015","21.432","1.1844632592","5.25449888754762","0.472870069878113","25.01713656",
"9/1/2006","-40","-6.08845996856689","587","31.907","19.937","0","5.51103107142781","0.514633226134407","26.17245783",
"9/2/2006","-40","-6.08845996856689","587","34.69","18.345","0","4.03401655596824","0.477692681540567","26.5652478",
"9/3/2006","-40","-6.08845996856689","587","35.342","20.736","0","4.2837050369625","0.443090463773791","26.7409152",
"9/4/2006","-40","-6.08845996856689","587","34.925","21.267","0.0034332264","5.0279452127754","0.510975792962693","26.6666508",
"9/5/2006","-40","-6.08845996856689","587","34.38","21.12","0","5.64001411229633","0.470066122498438","26.55134532",
"9/6/2006","-40","-6.08845996856689","587","35.024","20.439","0","4.97464464902706","0.468951968973689","25.4830509",
"9/7/2006","-40","-6.08845996856689","587","33.555","20.238","0","5.8797995605733","0.3971594274177","27.0847161",
"9/8/2006","-40","-6.08845996856689","587","34.186","18.06","0","5.07335016106463","0.327134553602489","27.6170661",
"9/9/2006","-40","-6.08845996856689","587","32.567","19.509","0.010299672","6.29591630153697","0.491699552486055","27.0930897",
"9/10/2006","-40","-6.08845996856689","587","30.377","19.923","0.47721852","5.5569752286722","0.564294680567879","23.83880418",
"9/11/2006","-40","-6.08845996856689","587","34.142","19.584","1.0608677136","5.54515829022731","0.504030380890169","25.99976232",
"9/12/2006","-40","-6.08845996856689","587","34.577","19.55","0.089263944","5.54173950054096","0.43024757472262","27.135509832",
"9/13/2006","-40","-6.08845996856689","587","33.623","19.345","0","5.0746048993672","0.418206210988035","27.18303858",
"9/14/2006","-40","-6.08845996856689","587","34.846","19.636","0","4.67444246545239","0.413084686162281","27.2923281",
"9/15/2006","-40","-6.08845996856689","587","35.107","21.918","0","4.71789180842143","0.402238487420716","25.14448062",
"9/16/2006","-40","-6.08845996856689","587","34.501","22.152","0.1579284936","5.29492990727423","0.56956264574573","18.981619272",
"9/17/2006","-40","-6.08845996856689","587","34.814","21.1","0","4.92451126328096","0.476438938724837","26.252664768",
"9/18/2006","-40","-6.08845996856689","587","35.667","21.954","0","4.72293053507799","0.397363244203198","27.46412424",
"9/19/2006","-40","-6.08845996856689","587","36.229","21.425","0","5.3041734683744","0.441190745031933","27.811864728",
"9/20/2006","-40","-6.08845996856689","587","35.217","21.558","0.054931644","5.3014810568216","0.503904063739985","27.280408392",
"9/21/2006","-40","-6.08845996856689","587","35.391","21.459","0.0137329056","5.04295476289777","0.469767158273332","27.624483792",
"9/22/2006","-40","-6.08845996856689","587","35.562","20.742","0","4.4415769153878","0.480519148831969","27.60278274",
"9/23/2006","-40","-6.08845996856689","587","35.189","22.026","0.024032592","4.85259890859709","0.456040420231713","27.9534357",
"9/24/2006","-40","-6.08845996856689","587","34.538","21.248","0","5.14361104356602","0.457813843598649","27.948541752",
"9/25/2006","-40","-6.08845996856689","587","36.27","19.714","0","3.86996761761503","0.43817603692647","27.812810088",
"9/26/2006","-40","-6.08845996856689","587","36.52","21.969","0","4.97625057137037","0.422063738956539","27.986854248",
"9/27/2006","-40","-6.08845996856689","587","34.548","22.443","0","5.60623875759343","0.387191603814444","27.858318408",
"9/28/2006","-40","-6.08845996856689","587","34.91","21.181","0","4.79670327635732","0.381591538943421","28.32259356",
"9/29/2006","-40","-6.08845996856689","587","35.084","21.378","0.0068664528","4.49293300862313","0.381791062805073","28.376205552",
"9/30/2006","-40","-6.08845996856689","587","34.858","21.498","0","5.10755077199209","0.395495170199471","28.192371048",
"10/1/2006","-40","-6.08845996856689","587","35.956","22.538","0.0102996864","4.51215710820701","0.403119776833909","27.90793728",
"10/2/2006","-40","-6.08845996856689","587","35.953","22.746","0","5.02068045225787","0.405798367462307","27.91260918",
"10/3/2006","-40","-6.08845996856689","587","36.088","22.147","0","5.05980915490214","0.421822503877687","27.993379968",
"10/4/2006","-40","-6.08845996856689","587","36.415","21.725","0","4.83868119846627","0.412522618320449","28.21381218",
"10/5/2006","-40","-6.08845996856689","587","36.191","22.733","0","4.8911473468112","0.420287198344823","28.283066352",
"10/6/2006","-40","-6.08845996856689","587","36.244","22.439","0","5.11906843762698","0.421444473038219","28.4201037",
"10/7/2006","-40","-6.08845996856689","587","36.043","22.784","0","5.07841120780359","0.432433790939876","28.06441038",
"10/8/2006","-40","-6.08845996856689","587","36.598","23.355","0","4.8323757881218","0.388213435122283","28.131172992",
"10/9/2006","-40","-6.08845996856689","587","36.167","22.196","0","5.94485815421788","0.445520403433682","28.31516424",
"10/10/2006","-40","-6.08845996856689","587","35.603","21.753","0","4.90613612707708","0.41649207356764","28.357564248",
"10/11/2006","-40","-6.08845996856689","587","35.751","22.655","0","4.66182475894875","0.361376369653048","28.4348385",
"10/12/2006","-40","-6.08845996856689","587","35.302","23.799","0","4.82057038048212","0.378859192976151","28.31736798",
"10/13/2006","-40","-6.08845996856689","587","35.608","21.472","0","4.88018735194945","0.478352633223892","28.0727496",
"10/14/2006","-40","-6.08845996856689","587","36.513","21.366","0","5.84166176521905","0.437612272777544","28.53552852",
"10/15/2006","-40","-6.08845996856689","587","36.101","22.017","0","5.74945417589657","0.469168518932428","28.297173168",
"10/16/2006","-40","-6.08845996856689","587","36.68","22.993","0","5.27049883217226","0.445784369043553","28.19301984",
"10/17/2006","-40","-6.08845996856689","587","36.476","22.12","0","4.67040400635956","0.450611561233779","28.10158938",
"10/18/2006","-40","-6.08845996856689","587","36.097","21.71","0","4.88663048128568","0.457397812725983","26.77780836",
"10/19/2006","-40","-6.08845996856689","587","35.166","22.959","0","5.87250136637932","0.45999190357294","28.1559951",
"10/20/2006","-40","-6.08845996856689","587","35.506","21.227","0","5.28762795055352","0.464771268013641","28.42667208",
"10/21/2006","-40","-6.08845996856689","587","36.585","20.957","0","4.06579051145052","0.428443522513806","28.03373712",
"10/22/2006","-40","-6.08845996856689","587","36.326","20.746","0","3.99614347630883","0.431607654199284","25.01864964",
"10/23/2006","-40","-6.08845996856689","587","33.396","23.524","0.2677918392","4.52211576158498","0.500774041307086","16.658217",
"10/24/2006","-40","-6.08845996856689","587","30.764","22.656","3.55510602","4.2904952871195","0.621217170173515","13.71312756",
"10/25/2006","-40","-6.08845996856689","587","35.162","22.107","0.3810883392","4.70013970665447","0.45260599249561","28.66895622",
"10/26/2006","-40","-6.08845996856689","587","35.149","21.922","3.132819828","4.72577553143502","0.479407795685862","27.05136372",
"10/27/2006","-40","-6.08845996856689","587","36.294","22.176","0","3.98188990715968","0.429122441136903","28.3799178",
"10/28/2006","-40","-6.08845996856689","587","36.357","20.547","0","3.76238809538171","0.40417667841695","27.37674666",
"10/29/2006","-40","-6.08845996856689","587","35.037","22.95","0","3.89000512578865","0.457245689600172","22.5861741",
"10/30/2006","-40","-6.08845996856689","587","35.05","23.429","0","5.25494291728204","0.443727620874361","26.6609799",
"10/31/2006","-40","-6.08845996856689","587","34.839","22.091","0","5.55115855733484","0.456553572642531","26.66649438",
"11/1/2006","-40","-6.08845996856689","587","35.534","22.336","0","5.23668252365585","0.393259120461574","28.46648898",
"11/2/2006","-40","-6.08845996856689","587","35.074","22.001","0","4.68492082985783","0.40292951968702","28.3903848",
"11/3/2006","-40","-6.08845996856689","587","34.769","22.208","0","4.57995759982966","0.440605066493947","27.43799562",
"11/4/2006","-40","-6.08845996856689","587","36.092","22.859","0.0034332264","3.81788278687597","0.419893026755283","27.32873778",
"11/5/2006","-40","-6.08845996856689","587","35.409","22.99","0.250625808","4.56304931197772","0.479501185118554","27.5744673",
"11/6/2006","-40","-6.08845996856689","587","35.707","22.364","0","5.34878804053762","0.469244443272464","27.9695052",
"11/7/2006","-40","-6.08845996856689","587","36.203","21.685","0","3.87593687759064","0.411791093939593","28.42823412",
"11/8/2006","-40","-6.08845996856689","587","36.771","21.809","0","5.19493162859527","0.471109055032266","25.928841888",
"11/9/2006","-40","-6.08845996856689","587","36.827","21.989","0","5.46266837940267","0.439710596669083","27.3530331",
"11/10/2006","-40","-6.08845996856689","587","36.272","22.314","0","5.00233892858933","0.444519514363981","27.77118678",
"11/11/2006","-40","-6.08845996856689","587","35.998","22.096","0","4.35091237417116","0.45496169779188","26.83479348",
"11/12/2006","-40","-6.08845996856689","587","35.874","21.626","0","4.9875070923406","0.482782093635587","22.9226616",
"11/13/2006","-40","-6.08845996856689","587","35.472","22.454","0","5.87070068170511","0.460323839058116","27.5179698",
"11/14/2006","-40","-6.08845996856689","587","34.66","22.461","0","5.48016326200337","0.40969543180431","28.60824402",
"11/15/2006","-40","-6.08845996856689","587","35.495","21.119","0","5.33650979770646","0.412061505726881","26.54791956",
"11/16/2006","-40","-6.08845996856689","587","34.479","23.05","1.270294668","5.54219391982963","0.473947321990339","23.06294532",
"11/17/2006","-40","-6.08845996856689","587","35.292","22.402","0.63171342","5.71604851337199","0.453614267065564","23.33553552",
"11/18/2006","-40","-6.08845996856689","587","35.801","23.314","0.540733464","4.83751063397741","0.426074993516664","27.79104708",
"11/19/2006","-40","-6.08845996856689","587","35.904","24.013","1.34754264","4.12371938970963","0.433699012911253","21.97569456",
"11/20/2006","-40","-6.08845996856689","587","33.761","23.367","0","4.62834144524282","0.47215190169529","19.1882232",
"11/21/2006","-40","-6.08845996856689","587","35.583","23.493","0.034332264","5.04613631757408","0.474912851710724","26.36336322",
"11/22/2006","-40","-6.08845996856689","587","36.212","22.375","0.0068664528","4.96200065702036","0.465150394890369","23.49197226",
"11/23/2006","-40","-6.08845996856689","587","36.227","22.862","0","5.40072271276905","0.475423293417715","27.83536488",
"11/24/2006","-40","-6.08845996856689","587","36.099","22.918","0","5.71312581005941","0.437159920206289","28.0383687",
"11/25/2006","-40","-6.08845996856689","587","35.066","22.825","0","5.63627780912802","0.427016158226841","27.97791138",
"11/26/2006","-40","-6.08845996856689","587","35.57","21.844","0","5.0294190229731","0.373283149211748","28.45823472",
"11/27/2006","-40","-6.08845996856689","587","35.528","21.048","0","4.50596816596256","0.428291866768147","28.1836143",
"11/28/2006","-40","-6.08845996856689","587","36.375","22.278","0","4.97487040408312","0.448338454421878","27.32073462",
"11/29/2006","-40","-6.08845996856689","587","35.112","23.412","0.0102996792","5.49144653415244","0.513827102790812","26.90274654",
"11/30/2006","-40","-6.08845996856689","587","35.44","22.479","0.0549316224","5.24447898703565","0.511632835036988","26.4256272",
"12/1/2006","-40","-6.08845996856689","587","35.678","21.748","0","4.91962562675822","0.39537554395705","27.6229143",
"12/2/2006","-40","-6.08845996856689","587","33.854","21.867","0","5.06325500023417","0.44326034763115","24.74201448",
"12/3/2006","-40","-6.08845996856689","587","34.887","22.56","0","4.24626250446996","0.493787470328336","17.48525814",
"12/4/2006","-40","-6.08845996856689","587","35.928","24.846","0","5.33100021215847","0.377464071139716","27.94752972",
"12/5/2006","-40","-6.08845996856689","587","35.572","22.067","0","5.4356632557738","0.426161908265195","28.0234692",
"12/6/2006","-40","-6.08845996856689","587","35.855","22.281","0","5.03670555839187","0.424526451244293","28.07718948",
"12/7/2006","-40","-6.08845996856689","587","36.153","21.558","0","4.97365691169391","0.430205257244502","28.1893536",
"12/8/2006","-40","-6.08845996856689","587","36.616","23.532","0","5.36144538387084","0.466458077132073","22.25834622",
"12/9/2006","-40","-6.08845996856689","587","35.283","22.984","0","4.31298287208229","0.461751087077077","20.81604456",
"12/10/2006","-40","-6.08845996856689","587","36.046","23.121","0.923539824","4.79575827975289","0.487302861737181","21.89519712",
"12/11/2006","-40","-6.08845996856689","587","35.215","23.055","1.3561253784","4.06696030696836","0.521515341076951","17.32370832",
"12/12/2006","-40","-6.08845996856689","587","35.499","23.766","0.7587428904","5.67041574387531","0.477339929797699","26.16001182",
"12/13/2006","-40","-6.08845996856689","587","36.313","22.398","0","5.01082541695507","0.431806034712291","28.21292208",
"12/14/2006","-40","-6.08845996856689","587","35.963","23.07","0.024032592","5.88944418742326","0.502355500211729","25.12861506",
"12/15/2006","-40","-6.08845996856689","587","35.824","23.618","0.820541196","4.38592120452116","0.448888281852368","24.15155472",
"12/16/2006","-40","-6.08845996856689","587","35.581","23.448","0.7793424","4.96952909627843","0.475143149235756","27.27258498",
"12/17/2006","-40","-6.08845996856689","587","36.296","23.493","0","5.77877465679538","0.476370419512343","26.31043494",
"12/18/2006","-40","-6.08845996856689","587","35.838","22.88","0","6.26490380828617","0.487168950372335","27.9774045",
"12/19/2006","-40","-6.08845996856689","587","36.333","22.963","0","5.51395684244585","0.443761683708521","28.0690272",
"12/20/2006","-40","-6.08845996856689","587","35.722","23.446","0.0343322856","5.47392770552573","0.465087808979083","27.4745745",
"12/21/2006","-40","-6.08845996856689","587","35.392","22.648","0","5.15557701883672","0.490641241440775","26.2441728",
"12/22/2006","-40","-6.08845996856689","587","35.388","22.292","0","4.7615174237629","0.432159489117407","28.3397139",
"12/23/2006","-40","-6.08845996856689","587","34.789","21.654","0","3.75960573629745","0.45816602260255","28.07482842",
"12/24/2006","-40","-6.08845996856689","587","33.462","22.542","0.0789642504","3.56923351396043","0.455765725237383","25.7516487",
"12/25/2006","-40","-6.08845996856689","587","34.425","22.851","2.7809138664","3.55831212302759","0.529709681850324","17.0152344",
"12/26/2006","-40","-6.08845996856689","587","32.938","22.104","4.87518696","4.03425655591489","0.617024924537884","17.999326962",
"12/27/2006","-40","-6.08845996856689","587","35.59","21.235","0.0686646","3.63059735058621","0.544338064331005","19.53883368",
"12/28/2006","-40","-6.08845996856689","587","34.798","21.65","0","3.26852918121657","0.491281818341422","20.4425505",
"12/29/2006","-40","-6.08845996856689","587","35.057","22.076","1.6719800112","2.99443046371548","0.568662021086843","18.9675072",
"12/30/2006","-40","-6.08845996856689","587","29.775","21.694","3.570556572","3.33950767081495","0.681432965071501","18.29198898",
"12/31/2006","-40","-6.08845996856689","587","27.728","21.221","4.785921828","3.35100394505274","0.784179074578849","9.53004798",
"1/1/2007","-40","-6.08845996856689","587","30.254","20.892","1.112366052","3.83214185944177","0.764031178585218","13.16216574",
"1/2/2007","-40","-6.08845996856689","587","31.391","21.566","0.903797136","4.21097261391302","0.710062624809344","20.101729968",
"1/3/2007","-40","-6.08845996856689","587","32.988","21.798","1.646233164","4.18836084202272","0.682878704820133","18.2727045",
"1/4/2007","-40","-6.08845996856689","587","31.266","21.654","2.70795888","5.16053674667461","0.681294901284899","25.72115976",
"1/5/2007","-40","-6.08845996856689","587","34.173","20.173","0.3570552","4.48282352616348","0.60202561662729","25.9278678",
"1/6/2007","-40","-6.08845996856689","587","34.32","22.693","0","4.84660753354338","0.549003600506189","26.21766834",
"1/7/2007","-40","-6.08845996856689","587","35.839","21.877","0.111580092","4.93978308622695","0.547836117883413","25.361552448",
"1/8/2007","-40","-6.08845996856689","587","36.194","21.922","0","3.81093666339567","0.495019523617873","24.133548672",
"1/9/2007","-40","-6.08845996856689","587","35.884","21.986","1.30720158","4.21172015422365","0.535601775548709","26.386708968",
"1/10/2007","-40","-6.08845996856689","587","32.575","23.041","0","4.50030598634643","0.56923875591393","20.39686875",
"1/11/2007","-40","-6.08845996856689","587","33.741","22.13","0","4.28163400877746","0.557078806762619","19.76895144",
"1/12/2007","-40","-6.08845996856689","587","33.704","22.754","0.0102996792","4.65214304304688","0.569320748421482","15.19352415",
"1/13/2007","-40","-6.08845996856689","587","35.16","21.543","0","5.87823445297188","0.472453705273866","28.488608928",
"1/14/2007","-40","-6.08845996856689","587","35.381","20.716","0","5.47489679514175","0.516202561031541","28.34415072",
"1/15/2007","-40","-6.08845996856689","587","36.169","21.562","0","5.2279123007494","0.517740269790223","28.20881223",
"1/16/2007","-40","-6.08845996856689","587","36.938","22.171","0","5.21984470304022","0.489157408556031","28.75336875",
"1/17/2007","-40","-6.08845996856689","587","35.623","22.272","0.26435844","4.7004122207965","0.521315923043592","26.58481938",
"1/18/2007","-40","-6.08845996856689","587","36.033","20.708","0.176811156","4.8519881985049","0.443059148027483","29.17169316",
"1/19/2007","-40","-6.08845996856689","587","36.726","21.415","0","4.71409775695388","0.435657626484105","29.03799996",
"1/20/2007","-40","-6.08845996856689","587","35.801","22.174","0","5.52743438711516","0.493121575954153","27.77872491",
"1/21/2007","-40","-6.08845996856689","587","36.677","21.417","0","4.33882833975431","0.455685648428303","29.11168206",
"1/22/2007","-40","-6.08845996856689","587","37.374","21.84","0","4.66407677235772","0.408461465176572","29.11826547",
"1/23/2007","-40","-6.08845996856689","587","36.688","19.718","0","4.35829636162053","0.46368164700523","28.76220297",
"1/24/2007","-40","-6.08845996856689","587","34.455","20.405","0","4.28583848714621","0.506555139979984","22.11355746",
"1/25/2007","-40","-6.08845996856689","587","36.264","21.323","0","4.96769265497305","0.511099465338628","28.76354874",
"1/26/2007","-40","-6.08845996856689","587","36.755","21.612","0","4.79053184823374","0.483048785992911","28.77631965",
"1/27/2007","-40","-6.08845996856689","587","37.527","22.112","0","4.68527569085792","0.423543401653607","29.23037343",
"1/28/2007","-40","-6.08845996856689","587","37.275","20.705","0","4.31149926205489","0.461782049716968","29.03517909",
"1/29/2007","-40","-6.08845996856689","587","36.347","21.635","0","4.77353528772516","0.502189989664745","27.9158643",
"1/30/2007","-40","-6.08845996856689","587","35.872","21.497","2.9714603256","3.8193808201949","0.600794193735536","19.609989408",
"1/31/2007","-40","-6.08845996856689","587","34.331","20.403","2.313137808","3.46810502975865","0.650758230540097","19.94023413",
"2/1/2007","-40","-6.08845996856689","587","33.196","20.969","0.54759996","3.76783334478594","0.645869038043712","17.26593714",
"2/2/2007","-40","-6.08845996856689","587","36.81","20.755","0.7123946184","4.13446436462835","0.592738430454036","21.74934114",
"2/3/2007","-40","-6.08845996856689","587","33.029","21.31","6.334305624","2.84666867740163","0.723770714870944","10.836676062",
"2/4/2007","-40","-6.08845996856689","587","35.889","20.475","5.3421044328","3.29967536532861","0.656849825154777","20.91740724",
"2/5/2007","-40","-6.08845996856689","587","34.2","21.803","2.30026284","3.77019915950362","0.596450204117161","20.15290701",
"2/6/2007","-40","-6.08845996856689","587","34.779","21.542","0.9750362904","3.9970418087486","0.570496966208625","24.4539612",
"2/7/2007","-40","-6.08845996856689","587","33.406","21.626","5.0056452","2.59757688656121","0.641124141335953","13.663065042",
"2/8/2007","-40","-6.08845996856689","587","35.053","20.315","2.5122651264","3.04603756257724","0.592618034441155","22.70717325",
"2/9/2007","-40","-6.08845996856689","587","35.548","21.378","2.71396692","3.82214897392231","0.613191065293575","22.04426187",
"2/10/2007","-40","-6.08845996856689","587","36.511","21.963","0.027465804","4.02660531464464","0.49314038963595","28.903496958",
"2/11/2007","-40","-6.08845996856689","587","36.322","20.844","0.91495476","3.65229310250112","0.580307768149678","23.85844065",
"2/12/2007","-40","-6.08845996856689","587","34.064","20.316","1.100349396","2.25356736360929","0.67666858472146","13.17346452",
"2/13/2007","-40","-6.08845996856689","587","29.907","20.351","5.20134084","2.61160747989945","0.777662940840143","27.74486196",
"2/14/2007","-40","-6.08845996856689","587","27.927","20.148","3.1705858584","2.60932478065042","0.83730330067368","12.5271",
"2/15/2007","-40","-6.08845996856689","587","34.435","19.835","0.176811156","3.31779977677339","0.656424338349645","24.27947073",
"2/16/2007","-40","-6.08845996856689","587","33.857","20.283","2.50968852","2.4290893745675","0.708890556815637","14.97234537",
"2/17/2007","-40","-6.08845996856689","587","26.798","21.833","41.215881492","1.25382283400467","0.893837205889084","7.36284177",
"2/18/2007","-40","-6.08845996856689","587","21.779","19.055","67.311910584","1.26086352331553","0.939299984527501","4.022157942",
"2/19/2007","-40","-6.08845996856689","587","33.014","18.297","7.292176956","1.8744845153435","0.795291607649912","9.68180625",
"2/20/2007","-40","-6.08845996856689","587","28.433","19.717","8.4165582672","1.73284509701073","0.860545768875773","14.38233453",
"2/21/2007","-40","-6.08845996856689","587","28.662","21.023","8.47835496","1.74447630173361","0.832850584822813","23.50631313",
"2/22/2007","-40","-6.08845996856689","587","26.961","20.92","7.37285292","2.53736872312865","0.875561312677543","17.76814029",
"2/23/2007","-40","-6.08845996856689","587","32.28","20.596","11.0189473992","3.87200490054181","0.778467500640464","22.74041124",
"2/24/2007","-40","-6.08845996856689","587","32.393","20.128","6.1746588","3.0168039296262","0.683341783780284","28.72175364",
"2/25/2007","-40","-6.08845996856689","587","33.37","20.32","0.193977504","3.23124090178291","0.632500693250474","21.88209528",
"2/26/2007","-40","-6.08845996856689","587","33.222","21.51","1.546668756","4.27225691669351","0.657201003148538","28.30803453",
"2/27/2007","-40","-6.08845996856689","587","34.281","20.556","0","4.10356817780371","0.578876725447248","28.7625834",
"2/28/2007","-40","-6.08845996856689","587","33.385","21.63","9.1564195464","3.94823088882332","0.640962066691409","28.113192648",
"3/1/2007","-40","-6.08845996856689","587","32.147","20.773","7.40203974","4.19040441807261","0.71454665721433","21.57603975",
"3/2/2007","-40","-6.08845996856689","587","32.812","20.488","6.19354224","3.92061125412743","0.614706931579687","28.050243642",
"3/3/2007","-40","-6.08845996856689","587","34.09","20.094","0","3.26094508699578","0.542186210838556","22.45489056",
"3/4/2007","-40","-6.08845996856689","587","34.4","21.1","0","4.16018096287225","0.572088063359321","24.82857828",
"3/5/2007","-40","-6.08845996856689","587","34.665","21.096","0.413704116","3.89401097889222","0.560966596088963","24.17923134",
"3/6/2007","-40","-6.08845996856689","587","34.505","21.677","0.259208928","4.18058016276999","0.567726893347599","23.81472756",
"3/7/2007","-40","-6.08845996856689","587","34.911","21.297","2.83928184","4.20908749784412","0.567646260328636","28.24250526",
"3/8/2007","-40","-6.08845996856689","587","31.946","21.534","2.815246152","3.03276513910682","0.670773826814567","17.200520748",
"3/9/2007","-40","-6.08845996856689","587","29.707","20.235","1.181030364","3.0347517418316","0.683177880792058","19.0089549",
"3/10/2007","-40","-6.08845996856689","587","31.276","19.95","2.513124072","3.376046747382","0.709779418021132","20.07304362",
"3/11/2007","-40","-6.08845996856689","587","29.857","20.399","0.4360197528","3.64649036310045","0.745984743738082","22.2174603",
"3/12/2007","-40","-6.08845996856689","587","33.245","20.991","11.85321672","3.34769683776625","0.678821894317796","25.78595508",
"3/13/2007","-40","-6.08845996856689","587","32.605","21.447","0.338172732","3.87429245976722","0.615262817786851","24.52634838",
"3/14/2007","-40","-6.08845996856689","587","33.588","21.48","1.6410824064","4.02027082367083","0.612665423273882","23.74926111",
"3/15/2007","-40","-6.08845996856689","587","33.626","20.189","2.9972087064","4.0092969910742","0.666700778200335","24.27215562",
"3/16/2007","-40","-6.08845996856689","587","34.169","20.216","1.15527996","3.28902193014631","0.612698235384308","22.55050494",
"3/17/2007","-40","-6.08845996856689","587","35.09","22.24","0.0102996792","3.86378927553828","0.55500950926508","23.0614299",
"3/18/2007","-40","-6.08845996856689","587","32.931","21.946","0.6368642136","3.88197934426569","0.705449291495843","19.327047012",
"3/19/2007","-40","-6.08845996856689","587","32.739","20.999","3.0881885328","3.13597367191704","0.751979927969617","15.40181052",
"3/20/2007","-40","-6.08845996856689","587","33.923","21.404","3.113941572","3.36266580365602","0.640956660245338","23.587648452",
"3/21/2007","-40","-6.08845996856689","587","34.324","21.023","4.21600032","2.73485929061056","0.59879099280484","27.07424244",
"3/22/2007","-40","-6.08845996856689","587","35.007","18.186","0.2901079728","2.89033420537343","0.540043065701734","27.8298495",
"3/23/2007","-40","-6.08845996856689","587","34.847","21.562","0.0308990376","3.76644726043675","0.541364755720954","24.282171",
"3/24/2007","-40","-6.08845996856689","587","35.185","20.757","0","3.79448538882182","0.562946710386915","24.09187266",
"3/25/2007","-40","-6.08845996856689","587","34.589","21.358","0.7484438664","4.56460516328124","0.582254948257974","27.72016398",
"3/26/2007","-40","-6.08845996856689","587","33.146","20.778","1.84879152","4.02887891692222","0.615357610389331","25.82527716",
"3/27/2007","-40","-6.08845996856689","587","34.217","20.428","0","3.7928827255527","0.54112583023335","20.5990371",
"3/28/2007","-40","-6.08845996856689","587","33.958","22.031","0.350189352","4.37771441437464","0.544365164801391","21.346425",
"3/29/2007","-40","-6.08845996856689","587","34.859","19.693","2.0341856232","4.03602572806286","0.553700693154861","25.7330763",
"3/30/2007","-40","-6.08845996856689","587","34.98","22.406","0.034332264","4.27851190657323","0.467083397469047","25.41127626",
"3/31/2007","-40","-6.08845996856689","587","32.339","21.229","0.1570702464","4.26849255657475","0.618761353077302","20.00924964",
"4/1/2007","-40","-6.08845996856689","587","32.676","21.053","1.2608531064","3.88900344114506","0.627810442720318","21.1668183",
"4/2/2007","-40","-6.08845996856689","587","35.878","20.378","0.360488772","3.75497115583107","0.535398340641941","26.87355",
"4/3/2007","-40","-6.08845996856689","587","33.408","22.265","0.338172912","4.00078276340226","0.555051554414184","22.02243696",
"4/4/2007","-40","-6.08845996856689","587","35.635","19.862","0","3.66271508455474","0.527654955678503","25.93001808",
"4/5/2007","-40","-6.08845996856689","587","36.449","19.78","0.0386238024","3.30235063900892","0.513494728174605","22.76955324",
"4/6/2007","-40","-6.08845996856689","587","36.445","21.117","0","3.82420341237197","0.485766912671414","26.85802824",
"4/7/2007","-40","-6.08845996856689","587","34.292","20.884","0","3.89079828138971","0.545186092832368","23.07583476",
"4/8/2007","-40","-6.08845996856689","587","36.133","21.964","0.87375672","4.35278090368513","0.536258374766161","23.41895418",
"4/9/2007","-40","-6.08845996856689","587","35.782","20.397","0.2763746928","3.36629092100912","0.609630958786307","21.6314424",
"4/10/2007","-40","-6.08845996856689","587","31.672","21.271","6.165220284","3.71022001859368","0.790974424010632","24.56268678",
"4/11/2007","-40","-6.08845996856689","587","33.558","21.14","0.2617834896","3.70681506733405","0.64771484112849","21.268125",
"4/12/2007","-40","-6.08845996856689","587","34.185","20.37","0.0729561096","3.89589332085682","0.546610603744248","26.2592964",
"4/13/2007","-40","-6.08845996856689","587","34.241","20.353","2.38695048","3.45712907599446","0.644808218461787","19.78981812",
"4/14/2007","-40","-6.08845996856689","587","32.583","21.503","0.252342288","3.7976159526951","0.631624404429821","18.74457504",
"4/15/2007","-40","-6.08845996856689","587","34.278","20.79","0.0643730112","4.06948209900606","0.616894840873858","24.78447846",
"4/16/2007","-40","-6.08845996856689","587","31.633","21.23","2.1337514712","3.11317432622135","0.693458365199014","14.87857626",
"4/17/2007","-40","-6.08845996856689","587","32.451","21.407","13.365558","2.22396321343858","0.830286901987383","16.03130706",
"4/18/2007","-40","-6.08845996856689","587","31.893","21.449","5.6879996544","3.81841215311616","0.798265299436742","22.91344362",
"4/19/2007","-40","-6.08845996856689","587","32.291","21.398","8.3659166928","3.53121800180723","0.808405854214361","18.7028424",
"4/20/2007","-40","-6.08845996856689","587","33.771","21.445","8.23717044","3.75918781329811","0.677876100420195","24.57079308",
"4/21/2007","-40","-6.08845996856689","587","29.622","21.454","4.056359004","3.42971312808439","0.824844080045037","7.28055396",
"4/22/2007","-40","-6.08845996856689","587","33.608","21.092","3.37744116","3.04121973186042","0.684070504440616","19.9900656",
"4/23/2007","-40","-6.08845996856689","587","33.792","20.233","1.628208072","2.76089206722825","0.675757505724389","22.2550335",
"4/24/2007","-40","-6.08845996856689","587","31.356","20.382","6.61754628","2.28703517415107","0.814903364013135","10.61476794",
"4/25/2007","-40","-6.08845996856689","587","26.882","20.986","27.3336534864","1.76511637963435","0.898679775103108","6.6885714",
"4/26/2007","-40","-6.08845996856689","587","28.199","20.963","9.38559204","2.04339360837362","0.888652631656807","19.62466992",
"4/27/2007","-40","-6.08845996856689","587","28.088","20.87","10.34259696","1.92045155528981","0.889081518400261","6.93624078",
"4/28/2007","-40","-6.08845996856689","587","29.911","20.995","6.709383216","3.06895677974988","0.850866926850217","23.37300072",
"4/29/2007","-40","-6.08845996856689","587","32.501","21.108","5.03911836","3.48711454321013","0.683348660010552","21.27138588",
"4/30/2007","-40","-6.08845996856689","587","32.344","20.47","2.4367332744","3.3615881574836","0.692622819508901","22.020075",
"5/1/2007","-40","-6.08845996856689","587","29.302","21.469","14.7869154","2.97723835296391","0.866786925631572","12.48215616",
"5/2/2007","-40","-6.08845996856689","587","32.473","21.351","5.00907888","3.6623336476237","0.772704555669192","23.10507954",
"5/3/2007","-40","-6.08845996856689","587","34.298","20.603","1.02653478","3.00470790537522","0.596293167984411","23.0581161",
"5/4/2007","-40","-6.08845996856689","587","33.951","20.361","0.065231316","3.87874055373672","0.550626106398668","23.03527464",
"5/5/2007","-40","-6.08845996856689","587","30.819","20.568","0.823976064","4.01008876907624","0.639515126044859","15.60245148",
"5/6/2007","-40","-6.08845996856689","587","29.425","19.421","1.66168386","4.39293489331578","0.705716069619411","12.13588062",
"5/7/2007","-40","-6.08845996856689","587","32.402","19.356","0","4.30577496163123","0.611595420051614","23.75342172",
"5/8/2007","-40","-6.08845996856689","587","34.161","20.083","0","3.72184777605824","0.528151248395052","23.5229634",
"5/9/2007","-40","-6.08845996856689","587","34.459","20.022","0","3.27356934520727","0.506679911553214","24.24358368",
"5/10/2007","-40","-6.08845996856689","587","32.896","19.394","0","2.96832879588288","0.438888834133842","17.01798696",
"5/11/2007","-40","-6.08845996856689","587","32.956","19.926","0","4.14504989759758","0.469311421528504","23.1212286",
"5/12/2007","-40","-6.08845996856689","587","32.348","20.838","0.1785278664","4.59314104295401","0.608227298900788","23.34627612",
"5/13/2007","-40","-6.08845996856689","587","33.421","20.35","0.0652313664","4.17461081007591","0.588794563876394","20.96612262",
"5/14/2007","-40","-6.08845996856689","587","33.975","20.805","0.25405848","4.03470665027884","0.583477503079036","23.52234456",
"5/15/2007","-40","-6.08845996856689","587","33.046","19.4","0","2.95412421755129","0.585763931349822","19.06289838",
"5/16/2007","-40","-6.08845996856689","587","33.84","19.625","0.758742552","3.53943640802596","0.572106075735857","23.59322226",
"5/17/2007","-40","-6.08845996856689","587","33.428","18.661","1.22909544","4.45321143956334","0.567847623723675","23.87913786",
"5/18/2007","-40","-6.08845996856689","587","33.206","18.274","1.01451852","3.6902007348977","0.554583919909881","23.80826232",
"5/19/2007","-40","-6.08845996856689","587","34.823","18.261","0.04806504","3.39396103592661","0.544548959839541","23.582979",
"5/20/2007","-40","-6.08845996856689","587","33.737","20.363","3.84865236","4.11305800491317","0.557314037506655","22.68703134",
"5/21/2007","-40","-6.08845996856689","587","33.684","20.639","0.132179292","4.34501474264185","0.490900500651573","21.48513804",
"5/22/2007","-40","-6.08845996856689","587","31.47","20.88","0.01373292","4.74761251533956","0.574051170651644","22.92322248",
"5/23/2007","-40","-6.08845996856689","587","33.966","19.771","0.267791904","3.49671996052141","0.579018576400167","22.62307608",
"5/24/2007","-40","-6.08845996856689","587","32.221","20.02","0","3.23070528343993","0.629716332427706","17.26222014",
"5/25/2007","-40","-6.08845996856689","587","33.883","18.245","0","2.65282717609454","0.614902727161062","17.98026102",
"5/26/2007","-40","-6.08845996856689","587","34.393","18.948","0","3.381304722772","0.477249410102551","23.1124572",
"5/27/2007","-40","-6.08845996856689","587","30.223","22.002","0.0755310024","2.7794288817489","0.561387341864823","15.13085814",
"5/28/2007","-40","-6.08845996856689","587","32.25","19.571","0.1167297048","2.94887011865141","0.564939099345806","16.3888875",
"5/29/2007","-40","-6.08845996856689","587","33.996","18.969","0","3.58108816216897","0.519542352797312","22.83609438",
"5/30/2007","-40","-6.08845996856689","587","34.661","19.833","0","3.47820880551783","0.52525603853088","23.09146974",
"5/31/2007","-40","-6.08845996856689","587","33.035","19.359","0.02059938","3.49085934697723","0.528954179611558","17.52035454",
"6/1/2007","-40","-6.08845996856689","587","32.452","18.148","0.78964272","4.82349823538779","0.588240518846001","20.82656106",
"6/2/2007","-40","-6.08845996856689","587","26.13","18.666","1.0505678688","3.96876848933521","0.707450123101673","7.34782698",
"6/3/2007","-40","-6.08845996856689","587","33.081","18.916","3.2409643464","3.28705899574265","0.724107974450505","17.26582464",
"6/4/2007","-40","-6.08845996856689","587","34.34","18.936","0.4978179864","3.34159392687559","0.637496716043984","22.16104146",
"6/5/2007","-40","-6.08845996856689","587","33.895","20.866","0.168228108","3.96867508834748","0.59902827118074","21.24381402",
"6/6/2007","-40","-6.08845996856689","587","32.571","20.35","5.49659412","3.94100902205689","0.608769023845384","22.40442918",
"6/7/2007","-40","-6.08845996856689","587","33.247","19.4","0","4.37532740017611","0.521527380223187","22.8957786",
"6/8/2007","-40","-6.08845996856689","587","32.323","18.437","0","4.73372988318109","0.532620530005467","22.8616857",
"6/9/2007","-40","-6.08845996856689","587","31.45","19.312","0.048065184","4.55572036533587","0.574362780514695","19.69779726",
"6/10/2007","-40","-6.08845996856689","587","31.721","19.317","2.1903982704","3.95855813248832","0.639241514744506","18.02508714",
"6/11/2007","-40","-6.08845996856689","587","33.36","18.039","0.89950572","4.67073651711769","0.522090209262236","22.7841192",
"6/12/2007","-40","-6.08845996856689","587","31.113","20.134","0.3055571568","4.20853290929397","0.583978906276495","16.31204388",
"6/13/2007","-40","-6.08845996856689","587","31.249","19.608","0.779342148","4.09728257317387","0.688571824339223","15.51330414",
"6/14/2007","-40","-6.08845996856689","587","32.418","19.469","0.02746584","4.73140738547202","0.524537827218908","20.69904528",
"6/15/2007","-40","-6.08845996856689","587","32.33","18.041","0.0205993728","4.57761811699651","0.514684340107684","22.16384748",
"6/16/2007","-40","-6.08845996856689","587","33.667","18.981","0","3.69785379431286","0.508851600558688","22.6620594",
"6/17/2007","-40","-6.08845996856689","587","32.279","19.267","0.0205993728","4.90395790882431","0.543861776981281","17.2287522",
"6/18/2007","-40","-6.08845996856689","587","32.137","19.299","0","5.22452123707359","0.565797114507551","19.42655544",
"6/19/2007","-40","-6.08845996856689","587","32.961","19.312","0.130462524","4.87898500898149","0.491652245013716","22.314771",
"6/20/2007","-40","-6.08845996856689","587","32.468","18.549","0.57334896","5.25717076765484","0.529065792795304","22.68427896",
"6/21/2007","-40","-6.08845996856689","587","32.467","16.669","0","5.73775817448517","0.492217146493262","23.25019824",
"6/22/2007","-40","-6.08845996856689","587","32.746","17.149","0","5.20816796274819","0.46434312381341","23.1162786",
"6/23/2007","-40","-6.08845996856689","587","32.349","16.824","0","4.69876454086803","0.529186518961313","22.7429424",
"6/24/2007","-40","-6.08845996856689","587","33.529","18.936","3.6031784904","4.18971796256789","0.569830277827022","22.3413777",
"6/25/2007","-40","-6.08845996856689","587","32.735","19.044","0.92010528","4.77422323846442","0.460200364484866","22.39003476",
"6/26/2007","-40","-6.08845996856689","587","27.704","17.265","0.054931644","5.07560152209084","0.678644022041377","13.7958732",
"6/27/2007","-40","-6.08845996856689","587","30.245","16.828","0","4.85913692632001","0.659074138114169","19.38628872",
"6/28/2007","-40","-6.08845996856689","587","29.96","18.689","0.034332264","5.06039833351028","0.640413215711576","17.15742828",
"6/29/2007","-40","-6.08845996856689","587","32.903","17.791","0.530433972","4.38506768992619","0.578667126436602","22.8192786",
"6/30/2007","-40","-6.08845996856689","587","33.306","18.087","0","4.12203314557423","0.566380229785539","21.26492172",
"7/1/2007","-40","-6.08845996856689","587","33.768","19.028","0","3.60242275957795","0.489678478346855","19.32863112",
"7/2/2007","-40","-6.08845996856689","587","33.458","20.73","0","5.19432742053171","0.45080934182168","19.67321484",
"7/3/2007","-40","-6.08845996856689","587","33.056","20.155","0","5.52321845839396","0.487444764975411","22.1064768",
"7/4/2007","-40","-6.08845996856689","587","32.102","17.971","0","5.58568456310342","0.494875951572309","22.95641232",
"7/5/2007","-40","-6.08845996856689","587","31.924","16.177","0","5.53468638889691","0.553803051265998","21.9619134",
"7/6/2007","-40","-6.08845996856689","587","32.606","16.805","0.24032592","5.16137550192553","0.528574358214822","22.96052496",
"7/7/2007","-40","-6.08845996856689","587","33.125","16.617","0.7621764264","4.8861751556566","0.521085270888483","22.89701376",
"7/8/2007","-40","-6.08845996856689","587","30.731","19.746","0.1682280792","5.66478589649906","0.603358834200858","17.54572392",
"7/9/2007","-40","-6.08845996856689","587","32.32","18.41","0.030899052","5.12933536483171","0.537515533503109","18.8710308",
"7/10/2007","-40","-6.08845996856689","587","30.29","18.143","0","5.81219753135547","0.633762149163319","22.77472428",
"7/11/2007","-40","-6.08845996856689","587","32.468","18.966","0","4.77830794077455","0.555879980391227","22.86567864",
"7/12/2007","-40","-6.08845996856689","587","33.526","18.214","0","4.84688124242206","0.487581377931077","21.39136812",
"7/13/2007","-40","-6.08845996856689","587","30.543","18.565","0.054931644","5.15846709719523","0.594456319236109","19.55143044",
"7/14/2007","-40","-6.08845996856689","587","31.704","20.941","0.256633884","4.54042431377376","0.597528774712293","15.11076924",
"7/15/2007","-40","-6.08845996856689","587","33.711","17.609","0","4.24868541324228","0.506422664294788","23.2548768",
"7/16/2007","-40","-6.08845996856689","587","33.675","18.677","0","4.19596290532665","0.505722024864781","22.7702268",
"7/17/2007","-40","-6.08845996856689","587","33.523","19.797","0","4.41816531090007","0.481232328534577","23.5411848",
"7/18/2007","-40","-6.08845996856689","587","34.405","16.352","0","3.10538679938919","0.403299777932912","24.00761808",
"7/19/2007","-40","-6.08845996856689","587","34.292","17.499","0","3.5052305420617","0.418155848656526","23.60210976",
"7/20/2007","-40","-6.08845996856689","587","33.322","18.097","0","4.43079406141878","0.450193107487288","23.68344312",
"7/21/2007","-40","-6.08845996856689","587","33.291","17.921","0","4.23475464605318","0.456383963714554","23.9066928",
"7/22/2007","-40","-6.08845996856689","587","30.606","19.795","0.0377654976","3.41626502891156","0.527867081716758","16.41853008",
"7/23/2007","-40","-6.08845996856689","587","31.954","20.443","0.7432934544","2.72885141436888","0.626300389313833","6.80444946",
"7/24/2007","-40","-6.08845996856689","587","33.609","19.894","0.1373290776","3.48248695271775","0.498745472095548","17.79176682",
"7/25/2007","-40","-6.08845996856689","587","33.577","18.102","0","3.85758127216011","0.499039731344542","23.90354856",
"7/26/2007","-40","-6.08845996856689","587","34.559","20.018","0.024032592","3.91544170687203","0.508715205637421","23.274",
"7/27/2007","-40","-6.08845996856689","587","25.685","20.723","2.71482588","3.67894247017487","0.712123222951909","3.35497464",
"7/28/2007","-40","-6.08845996856689","587","32.688","18.448","0","4.90818891844861","0.463589532179456","23.79189726",
"7/29/2007","-40","-6.08845996856689","587","33.41","17.018","0","4.44873527883764","0.473847365764533","24.30461268",
"7/30/2007","-40","-6.08845996856689","587","33.589","18.562","0","6.19336552280809","0.468723422437839","24.32283732",
"7/31/2007","-40","-6.08845996856689","587","30.626","19.192","0.0137329056","6.73191221090857","0.593923752161853","23.8417911",
"8/1/2007","-40","-6.08845996856689","587","27.29","18.934","0.829124748","5.62673328505404","0.67547366540306","10.15031448",
"8/2/2007","-40","-6.08845996856689","587","26.999","18.178","0.1630784304","5.24805877126054","0.667033477551582","9.34385004",
"8/3/2007","-40","-6.08845996856689","587","32.484","17.455","0.185394492","5.19497251525608","0.58745236333863","24.39258228",
"8/4/2007","-40","-6.08845996856689","587","33.983","18.755","0.00686646","5.39417586851758","0.568542060354297","18.871425",
"8/5/2007","-40","-6.08845996856689","587","32.41","18.984","0.089263908","5.53227752833876","0.484992030614096","24.8285772",
"8/6/2007","-40","-6.08845996856689","587","30.206","17.8","0","5.39847911061216","0.533437321568945","19.531413",
"8/7/2007","-40","-6.08845996856689","587","33.219","17.527","0","4.98393527618777","0.490541245961065","24.7451634",
"8/8/2007","-40","-6.08845996856689","587","33.542","20.083","0.017166132","5.68689103472701","0.461552269421699","24.52443264",
"8/9/2007","-40","-6.08845996856689","587","32.749","17.68","0","5.59529084266564","0.451023858332158","25.2982062",
"8/10/2007","-40","-6.08845996856689","587","32.65","17.462","0","5.56678449012594","0.49955296478843","25.11821736",
"8/11/2007","-40","-6.08845996856689","587","32.895","18.181","0.0926971704","5.54570625304585","0.531164972730275","22.24569744",
"8/12/2007","-40","-6.08845996856689","587","33.564","18.277","0.07553088","5.64779163459584","0.436772837088894","25.34923152",
"8/13/2007","-40","-6.08845996856689","587","32.16","17.647","0.187111116","6.69141633180818","0.508377700681621","23.19885252",
"8/14/2007","-40","-6.08845996856689","587","32.524","18.281","0","6.40684608466432","0.51076485815147","20.2971942",
"8/15/2007","-40","-6.08845996856689","587","30.744","17.237","0","6.42029951918735","0.480001483769439","25.24331772",
"8/16/2007","-40","-6.08845996856689","587","31.954","17.298","0","6.33494047472169","0.517762567222999","24.67091376",
"8/17/2007","-40","-6.08845996856689","587","29.985","19.339","0.1407623328","5.887068313471","0.557106042222774","21.45903192",
"8/18/2007","-40","-6.08845996856689","587","31.747","16.246","0","5.25484935718672","0.466611873335661","26.03586474",
"8/19/2007","-40","-6.08845996856689","587","32.429","17.102","0","5.1967004563538","0.477252552114551","23.71877118",
"8/20/2007","-40","-6.08845996856689","587","32.268","19.832","0.0789642144","5.45547556646894","0.586352686314077","22.84599816",
"8/21/2007","-40","-6.08845996856689","587","30.02","19.589","0.1098632808","5.11849839278741","0.631207706938043","10.98686142",
"8/22/2007","-40","-6.08845996856689","587","33.121","18.514","0.0137329056","5.53374324770291","0.48687076732921","25.8618393",
"8/23/2007","-40","-6.08845996856689","587","33.415","18.293","0","5.53186814208632","0.438670774412257","26.11175634",
"8/24/2007","-40","-6.08845996856689","587","33.722","18.745","0","4.89110391081491","0.429120888617423","26.06258898",
"8/25/2007","-40","-6.08845996856689","587","35.16","20.604","0","4.93063926975244","0.4243222551747","24.22861398",
"8/26/2007","-40","-6.08845996856689","587","33.996","19.422","0","4.8046245965528","0.441001051056117","26.17301034",
"8/27/2007","-40","-6.08845996856689","587","34.121","19.394","0","3.84170009409673","0.40733960193134","26.49831012",
"8/28/2007","-40","-6.08845996856689","587","35.701","18.943","0","3.97684244456169","0.396988228448019","26.70513084",
"8/29/2007","-40","-6.08845996856689","587","33.98","18.76","0","5.42350118945065","0.367236861382772","26.8000866",
"8/30/2007","-40","-6.08845996856689","587","32.797","19.267","0.017166132","5.9274107759362","0.475039539367479","26.21300508",
"8/31/2007","-40","-6.08845996856689","587","31.972","21.333","0.2901078144","6.21298740942118","0.495580156544465","20.86165701",
"9/1/2007","-40","-6.08845996856689","587","33.448","19.361","0.5441663376","5.65685002685625","0.458901619340335","26.63808831",
"9/2/2007","-40","-6.08845996856689","587","32.892","19.299","0","5.94372523757037","0.508444616886053","24.28525575",
"9/3/2007","-40","-6.08845996856689","587","33.115","18.553","0","6.13393348977114","0.449073998071564","27.10586853",
"9/4/2007","-40","-6.08845996856689","587","32.496","18.557","0","6.57113696066589","0.483273795665233","26.67037239",
"9/5/2007","-40","-6.08845996856689","587","27.233","19.162","0.219726288","5.53925442788872","0.615409768171101","6.21506403",
"9/6/2007","-40","-6.08845996856689","587","32.443","20.049","0.1647953064","5.54463987307154","0.53877471775575","15.30702936",
"9/7/2007","-40","-6.08845996856689","587","33.078","18.73","0.108146808","5.50121626253373","0.478074633314804","26.92552374",
"9/8/2007","-40","-6.08845996856689","587","34.675","19.209","0.0137329056","5.16680021597876","0.416078043509515","25.6957803",
"9/9/2007","-40","-6.08845996856689","587","34.678","19.053","0","5.44963492900346","0.417380343048204","25.19573058",
"9/10/2007","-40","-6.08845996856689","587","33.96","19.405","0","5.99399410082253","0.445144957529057","22.86354546",
"9/11/2007","-40","-6.08845996856689","587","33.02","19.185","0","6.23754007647421","0.425379972592646","27.388693008",
"9/12/2007","-40","-6.08845996856689","587","31.867","19.373","0","6.53743812044476","0.524362286952627","23.986234008",
"9/13/2007","-40","-6.08845996856689","587","33.002","18.036","0","4.8275260412514","0.461009910131099","27.473238072",
"9/14/2007","-40","-6.08845996856689","587","34.243","19.719","0.18711108","5.85797611114151","0.447501015417101","23.3309259",
"9/15/2007","-40","-6.08845996856689","587","34.255","19.918","1.2496951728","5.37139313364487","0.473941799678146","27.05732136",
"9/16/2007","-40","-6.08845996856689","587","36.107","20.123","0","4.86576161032257","0.409921417742226","27.41292666",
"9/17/2007","-40","-6.08845996856689","587","36.683","21.282","0","4.55705131040498","0.41574810562456","27.362919528",
"9/18/2007","-40","-6.08845996856689","587","35.921","22.706","0.1253127816","4.39731336321184","0.467168818159496","21.16541511",
"9/19/2007","-40","-6.08845996856689","587","34.91","22.278","0.0034332264","4.83608751860543","0.394930436526924","27.582126048",
"9/20/2007","-40","-6.08845996856689","587","35.439","21.239","0","4.06746460378148","0.383784353080763","27.788518008",
"9/21/2007","-40","-6.08845996856689","587","35.109","21.534","0","4.88315877839279","0.36397251258427","27.910468512",
"9/22/2007","-40","-6.08845996856689","587","34.928","20.185","0","5.02658182989383","0.367816020672797","28.114144272",
"9/23/2007","-40","-6.08845996856689","587","34.994","20.021","0","4.55862009835002","0.378913344462006","28.034830872",
"9/24/2007","-40","-6.08845996856689","587","35.802","21.553","0","4.82697097732008","0.363011581807086","27.92947302",
"9/25/2007","-40","-6.08845996856689","587","37.241","21.042","0","4.57374409885795","0.370302998531913","28.08590436",
"9/26/2007","-40","-6.08845996856689","587","35.255","21.535","0.0446319504","5.42019037927181","0.37512327670349","28.04090913",
"9/27/2007","-40","-6.08845996856689","587","34.028","20.428","0","5.88892617664916","0.435848928530748","27.865705248",
"9/28/2007","-40","-6.08845996856689","587","33.914","20.902","0.0926971416","5.93787203369671","0.391934648551198","27.044613648",
"9/29/2007","-40","-6.08845996856689","587","34.654","20.124","0","4.97134576927535","0.412107285216981","28.126415088",
"9/30/2007","-40","-6.08845996856689","587","34.196","21.833","0.0102996792","5.44943530967193","0.380619525245139","27.916477272",
"10/1/2007","-40","-6.08845996856689","587","34.799","21.557","0","4.83625446786603","0.361788711018441","28.05630696",
"10/2/2007","-40","-6.08845996856689","587","35.401","20.83","0","4.99318154639659","0.372092369459297","27.961856712",
"10/3/2007","-40","-6.08845996856689","587","36.603","21.786","0","4.44696060855949","0.351345786239733","27.974885328",
"10/4/2007","-40","-6.08845996856689","587","35.169","22.627","0","4.2375629582177","0.426010288192402","21.2664366",
"10/5/2007","-40","-6.08845996856689","587","34.174","23.28","0.0308990592","4.61236707342052","0.424180615571535","21.269810808",
"10/6/2007","-40","-6.08845996856689","587","35.557","21.412","0.030899052","4.37832242035585","0.409657141990909","26.81869932",
"10/7/2007","-40","-6.08845996856689","587","34.838","23.441","0.1304626176","5.02787948723429","0.408070104389028","27.660372912",
"10/8/2007","-40","-6.08845996856689","587","36","21.142","0.0926972064","5.431744120441","0.380324766236894","28.06643772",
"10/9/2007","-40","-6.08845996856689","587","35.641","21.741","1.359558144","5.71581559381121","0.435978424053604","26.5254183",
"10/10/2007","-40","-6.08845996856689","587","35.215","22.652","0.037765512","6.16776919009787","0.428650599696568","27.41199372",
"10/11/2007","-40","-6.08845996856689","587","36.144","21.31","0","5.60495282326421","0.396585712706618","28.36240992",
"10/12/2007","-40","-6.08845996856689","587","36.448","22.381","0","4.9720714523745","0.386290805220228","28.289871",
"10/13/2007","-40","-6.08845996856689","587","36.323","22.009","0","5.28929131259445","0.412293302557625","28.46412828",
"10/14/2007","-40","-6.08845996856689","587","35.363","20.702","0","5.22080298086208","0.411689589489882","28.74037968",
"10/15/2007","-40","-6.08845996856689","587","35.197","20.392","0","4.8953060851201","0.398454067524466","28.57863996",
"10/16/2007","-40","-6.08845996856689","587","35.245","19.82","0","4.59901447666861","0.429355644147607","28.56707892",
"10/17/2007","-40","-6.08845996856689","587","34.568","22.671","0","5.08522617317655","0.425686828050702","28.41874128",
"10/18/2007","-40","-6.08845996856689","587","36.171","20.626","0","5.16230200356187","0.46575673947436","28.5554862",
"10/19/2007","-40","-6.08845996856689","587","36.918","21.12","0","5.90024074652244","0.458452300510366","28.1531907",
"10/20/2007","-40","-6.08845996856689","587","36.121","21.531","0","5.48296793362542","0.461754775889388","24.01998408",
"10/21/2007","-40","-6.08845996856689","587","34.912","22.063","0","5.23052061437437","0.454093256559856","27.03566592",
"10/22/2007","-40","-6.08845996856689","587","36.173","21.724","0","5.50692376070917","0.435592594940556","28.39414698",
"10/23/2007","-40","-6.08845996856689","587","34.694","21.713","0","5.12838941783235","0.460848423483013","21.5389251",
"10/24/2007","-40","-6.08845996856689","587","35.787","22.869","0","5.55704574650739","0.386432440943138","28.5387525",
"10/25/2007","-40","-6.08845996856689","587","35.419","21.881","0","5.86334002126863","0.357274320505737","28.76106906",
"10/26/2007","-40","-6.08845996856689","587","35.675","21.885","0","5.28862354831203","0.353661186415103","28.621044",
"10/27/2007","-40","-6.08845996856689","587","35.81","21.906","0","5.34521255961391","0.438285603865523","28.27625202",
"10/28/2007","-40","-6.08845996856689","587","36.847","22.885","0","5.413963205082","0.43766098508434","28.2976461",
"10/29/2007","-40","-6.08845996856689","587","37.183","22.731","0","5.6137513086999","0.410559418303797","28.4932332",
"10/30/2007","-40","-6.08845996856689","587","36.932","22.596","0","5.7558813377482","0.398033421075998","28.8888156",
"10/31/2007","-40","-6.08845996856689","587","36.592","22.189","0","5.45750778336035","0.412220101533004","24.46244604",
"11/1/2007","-40","-6.08845996856689","587","36.844","23.503","0","6.07921865287641","0.437245541625348","28.154277",
"11/2/2007","-40","-6.08845996856689","587","35.878","21.785","0","5.48452125127934","0.432659079828935","28.26782352",
"11/3/2007","-40","-6.08845996856689","587","36.754","21.821","0","5.59690336710821","0.405674981630105","28.5620436",
"11/4/2007","-40","-6.08845996856689","587","36.312","21.621","0","5.4200835004964","0.426750302534226","28.5054192",
"11/5/2007","-40","-6.08845996856689","587","36.445","21.684","0","5.81049006499019","0.417952911820685","28.49230242",
"11/6/2007","-40","-6.08845996856689","587","36.344","21.819","0","5.64188904807277","0.398318768648226","28.66716738",
"11/7/2007","-40","-6.08845996856689","587","36.402","22.391","0","5.86107269416229","0.353596406385174","28.71662058",
"11/8/2007","-40","-6.08845996856689","587","36.303","23.222","0","5.33963638814494","0.412172953764275","28.267407",
"11/9/2007","-40","-6.08845996856689","587","36.834","21.483","0","5.0195865713889","0.356854107639907","28.7452746",
"11/10/2007","-40","-6.08845996856689","587","36.757","21.487","0","4.56454319026233","0.345540600772376","28.59198642",
"11/11/2007","-40","-6.08845996856689","587","37.26","21.283","0","3.85409766933956","0.412807166663416","27.9009162",
"11/12/2007","-40","-6.08845996856689","587","36.289","21.437","0","4.50547469558186","0.428030341159217","28.48265802",
"11/13/2007","-40","-6.08845996856689","587","35.77","20.638","0","5.39749042694871","0.403598940699342","28.4921478",
"11/14/2007","-40","-6.08845996856689","587","34.4","23.212","0.32443992","6.00353432470201","0.471004023297114","25.5326976",
"11/15/2007","-40","-6.08845996856689","587","35.833","21.624","0","5.29254793273101","0.416347646684053","28.3503249",
"11/16/2007","-40","-6.08845996856689","587","36.02","22.032","0","5.32433818139484","0.374498266644015","26.96738418",
"11/17/2007","-40","-6.08845996856689","587","34.78","21.882","0","6.65245230906335","0.407333565067753","24.09520914",
"11/18/2007","-40","-6.08845996856689","587","35.164","20.911","0","4.69575843609257","0.4053805799127","28.41463998",
"11/19/2007","-40","-6.08845996856689","587","36.004","22.743","0","3.96662050766577","0.399019086058906","27.98453952",
"11/20/2007","-40","-6.08845996856689","587","36.765","22.321","0","4.95763815784176","0.402492780731961","28.19361942",
"11/21/2007","-40","-6.08845996856689","587","37.765","23.605","0.1235961","5.83601030084411","0.450144666037443","28.02285108",
"11/22/2007","-40","-6.08845996856689","587","36.783","22.697","0","5.96065073750067","0.425428628341794","28.11216798",
"11/23/2007","-40","-6.08845996856689","587","34.688","21.414","0.089263764","3.43539062443202","0.488278136923589","21.15837774",
"11/24/2007","-40","-6.08845996856689","587","33.803","22.422","2.451324564","4.03464644658968","0.601969581618107","11.74848516",
"11/25/2007","-40","-6.08845996856689","587","33.883","22.447","0.22058496","3.44261977257232","0.516811612068723","11.95632738",
"11/26/2007","-40","-6.08845996856689","587","35.556","22.543","0","4.93378660051826","0.428674692527258","27.1646487",
"11/27/2007","-40","-6.08845996856689","587","35.373","22.183","0","4.64607283489652","0.449894033272562","27.7317558",
"11/28/2007","-40","-6.08845996856689","587","36.15","22.378","0","4.15618244766329","0.430721527383683","27.860445",
"11/29/2007","-40","-6.08845996856689","587","35.779","22.16","0","3.82234149894294","0.450665454761459","27.41163948",
"11/30/2007","-40","-6.08845996856689","587","35.611","23.231","0","4.17822677342115","0.484782743858268","27.23692518",
"12/1/2007","-40","-6.08845996856689","587","35.802","22.088","0","4.70438677349948","0.429383767864497","28.2788469",
"12/2/2007","-40","-6.08845996856689","587","35.931","22.015","0","4.75346504253159","0.432898946478903","28.20228408",
"12/3/2007","-40","-6.08845996856689","587","36.553","22.324","0","4.46098761258597","0.422086786216752","28.04085522",
"12/4/2007","-40","-6.08845996856689","587","36.145","21.923","0","4.54722382058696","0.41776671250293","28.2349683",
"12/5/2007","-40","-6.08845996856689","587","34.82","22.654","0","4.017871270862","0.465573661246516","21.50684982",
"12/6/2007","-40","-6.08845996856689","587","32.052","23.342","3.2649961464","3.91478936182066","0.547158247632872","21.05601408",
"12/7/2007","-40","-6.08845996856689","587","35.092","22.67","0.8857725192","4.18272076968914","0.536713516909014","23.4076518",
"12/8/2007","-40","-6.08845996856689","587","34.326","22.604","1.5792844464","4.71488038051696","0.559561799709441","20.70016344",
"12/9/2007","-40","-6.08845996856689","587","35.845","22.183","0","5.23912838526792","0.468727929055496","25.39776852",
"12/10/2007","-40","-6.08845996856689","587","35.409","22.604","0.3519058392","4.2782344903742","0.504256720988135","24.00626358",
"12/11/2007","-40","-6.08845996856689","587","36.605","24.338","0.69952032","5.02220081519389","0.446090387403347","26.93170782",
"12/12/2007","-40","-6.08845996856689","587","34.851","23.979","0","5.29824958637022","0.412567983398047","27.5910237",
"12/13/2007","-40","-6.08845996856689","587","34.427","22.912","0","5.31991907789963","0.457653089232138","23.07346866",
"12/14/2007","-40","-6.08845996856689","587","33.931","21.137","0","3.11119700763956","0.465692041423525","22.89161376",
"12/15/2007","-40","-6.08845996856689","587","34.462","22.743","1.144979784","3.49829140486615","0.516777768642549","20.045420568",
"12/16/2007","-40","-6.08845996856689","587","33.931","22.376","1.9672383312","3.86191827853707","0.557617122993887","21.3447429",
"12/17/2007","-40","-6.08845996856689","587","34.34","23.733","0.8325576","4.5786033658552","0.485476591781239","19.9634634",
"12/18/2007","-40","-6.08845996856689","587","35.082","22.048","0","4.64879604427478","0.474899293360772","26.7242049",
"12/19/2007","-40","-6.08845996856689","587","35.282","22.44","0","4.90545948706737","0.453120328611739","27.87159582",
"12/20/2007","-40","-6.08845996856689","587","35.446","22.44","0","4.60131764877985","0.449748699187882","28.2091464",
"12/21/2007","-40","-6.08845996856689","587","35.248","22.336","0","5.29122160183572","0.438429776484966","28.29200418",
"12/22/2007","-40","-6.08845996856689","587","36.092","22.648","0","5.2543130518251","0.447625753584908","28.26518112",
"12/23/2007","-40","-6.08845996856689","587","35.923","23.099","0","5.3051252171666","0.482170502710994","28.04360742",
"12/24/2007","-40","-6.08845996856689","587","34.195","21.975","0","5.16973717492948","0.447783467004685","28.49720778",
"12/25/2007","-40","-6.08845996856689","587","34.654","22.148","0","4.35299167900168","0.436266402596909","27.6796674",
"12/26/2007","-40","-6.08845996856689","587","35.126","22.041","0.0755310528","3.93279364977431","0.469546668370003","21.4840665",
"12/27/2007","-40","-6.08845996856689","587","33.475","23.52","0.2780912304","4.474513863042","0.509743666008043","17.734616568",
"12/28/2007","-40","-6.08845996856689","587","35.875","22.382","0","4.32496141733283","0.431074176865518","27.40584312",
"12/29/2007","-40","-6.08845996856689","587","36.059","22.023","0.30040722","4.50909804875536","0.447402393846244","28.4786496",
"12/30/2007","-40","-6.08845996856689","587","34.901","21.662","1.5157707192","4.53550185134092","0.536435552131468","25.5350781",
"12/31/2007","-40","-6.08845996856689","587","31.036","22.076","2.756881944","4.93440743495105","0.64457193866588","16.9202241",
"1/1/2008","-40","-6.08845996856689","587","35.494","21.48","0.1716615","3.82183061810408","0.510276063543327","24.98096304",
"1/2/2008","-40","-6.08845996856689","587","33.434","21.712","0","4.61576473165591","0.473522908758615","26.61305598",
"1/3/2008","-40","-6.08845996856689","587","33.453","21.142","0.281524788","4.16349286445298","0.543028772912999","24.26968098",
"1/4/2008","-40","-6.08845996856689","587","32.573","21.985","0.37422144","4.05567601478026","0.5974819399851","17.95404492",
"1/5/2008","-40","-6.08845996856689","587","35.346","22.193","0.981903132","4.57221433104967","0.466484029574829","26.8922781",
"1/6/2008","-40","-6.08845996856689","587","36.047","22.312","0","4.75799956886914","0.429748688530662","28.05862338",
"1/7/2008","-40","-6.08845996856689","587","35.425","21.93","0.7793424","3.53810496373105","0.508836257721872","20.50194276",
"1/8/2008","-40","-6.08845996856689","587","35.106","22.012","2.50625736","4.29393093876407","0.58691788617057","22.32702936",
"1/9/2008","-40","-6.08845996856689","587","36.622","21.699","0.22315986","4.72864566717201","0.451015598929022","28.734529032",
"1/10/2008","-40","-6.08845996856689","587","35.914","21.573","0","4.38114478824121","0.428161027571265","28.58517738",
"1/11/2008","-40","-6.08845996856689","587","35.451","20.526","3.824613684","3.21864680129483","0.539368024630379","22.70722824",
"1/12/2008","-40","-6.08845996856689","587","31.867","21.961","6.196980996","3.35819343705891","0.624380229294847","20.2788513",
"1/13/2008","-40","-6.08845996856689","587","33.381","21.327","1.0848998088","4.48632249274877","0.623629060008122","21.09651138",
"1/14/2008","-40","-6.08845996856689","587","34.006","21.633","1.22222916","5.39921177287961","0.631749301305097","26.27567037",
"1/15/2008","-40","-6.08845996856689","587","33.811","21.124","1.338958944","4.25401790888276","0.653544194924806","11.20753368",
"1/16/2008","-40","-6.08845996856689","587","35.617","21.543","0.044631972","5.1236987743782","0.549854359854556","24.0605442",
"1/17/2008","-40","-6.08845996856689","587","35.36","21.388","0.5836482","5.25168328984582","0.580475292470884","25.6732857",
"1/18/2008","-40","-6.08845996856689","587","35.147","20.83","2.1698012664","4.48049007995098","0.604021084620261","22.38154146",
"1/19/2008","-40","-6.08845996856689","587","31.77","21.83","2.3706434376","3.7094574142641","0.606803223192","16.07529681",
"1/20/2008","-40","-6.08845996856689","587","33.236","20.825","0.1922606784","3.37587695516725","0.636512878695949","18.12510018",
"1/21/2008","-40","-6.08845996856689","587","28.929","21.131","10.237881204","2.6776899775787","0.781341759342097","26.37016938",
"1/22/2008","-40","-6.08845996856689","587","28.264","20.927","11.0189412","2.78278061428114","0.856880287648145","26.64174708",
"1/23/2008","-40","-6.08845996856689","587","27.831","21.212","3.136253508","3.07379768296455","0.83686458719201","17.08115598",
"1/24/2008","-40","-6.08845996856689","587","34.012","20.506","0.628280784","3.77098253638514","0.718662473684944","16.84558512",
"1/25/2008","-40","-6.08845996856689","587","25.41","19.693","3.2375376","2.99723865021038","0.799921654464323","12.57367248",
"1/26/2008","-40","-6.08845996856689","587","32.814","18.874","0.0961303968","3.1996477777808","0.63641712831169","21.57519672",
"1/27/2008","-40","-6.08845996856689","587","30.932","21.778","2.5131211704","3.33952910252028","0.715246588447068","16.69876317",
"1/28/2008","-40","-6.08845996856689","587","31.649","21.42","4.65545412","3.05925392576012","0.728598915065184","16.46004231",
"1/29/2008","-40","-6.08845996856689","587","34.317","21.459","4.63829148","3.31898301845351","0.717245986640066","17.879905692",
"1/30/2008","-40","-6.08845996856689","587","27.105","21.859","11.696998284","2.52458004206329","0.861107256640347","17.00852985",
"1/31/2008","-40","-6.08845996856689","587","28.958","21.24","10.224154008","2.53601973888428","0.840958977042666","15.49462257",
"2/1/2008","-40","-6.08845996856689","587","25.443","20.085","19.2767184","1.88024953023926","0.886537972129744","5.717415888",
"2/2/2008","-40","-6.08845996856689","587","32.422","18.558","0","3.03165465116858","0.628466521400399","28.14934545",
"2/3/2008","-40","-6.08845996856689","587","33.78","18.529","0","3.21968712890174","0.617725976863239","22.95410346",
"2/4/2008","-40","-6.08845996856689","587","34.013","21.443","5.471703756","3.69463853181312","0.590256247484233","27.89257185",
"2/5/2008","-40","-6.08845996856689","587","33.337","20.837","0","4.24855944617086","0.528194322462495","28.95406578",
"2/6/2008","-40","-6.08845996856689","587","34.418","20.095","0","3.99945863811998","0.520345833406635","29.32081974",
"2/7/2008","-40","-6.08845996856689","587","35.126","21.267","0","4.5132996323132","0.525203439253671","29.21270913",
"2/8/2008","-40","-6.08845996856689","587","33.55","20.368","0.84543264","3.85955583851544","0.5792625021042","22.40955036",
"2/9/2008","-40","-6.08845996856689","587","32.102","21.761","0.78449292","4.18768557017583","0.582464178152959","24.47836767",
"2/10/2008","-40","-6.08845996856689","587","34.363","20.425","0.87847704","3.86321007373745","0.584873639694211","24.61922469",
"2/11/2008","-40","-6.08845996856689","587","34.05","20.284","0","3.66096338805554","0.574653531536998","21.85773345",
"2/12/2008","-40","-6.08845996856689","587","32.412","21.667","0","4.54790087086032","0.583509348898518","20.94001956",
"2/13/2008","-40","-6.08845996856689","587","34.955","22.09","0.526142124","3.86043891366809","0.555813366061242","21.3825942",
"2/14/2008","-40","-6.08845996856689","587","35.186","21.021","0.4883767992","3.11277729744318","0.520928320823946","22.31617671",
"2/15/2008","-40","-6.08845996856689","587","30.102","21.142","2.68907724","2.20843581734143","0.717129051764701","8.559564462",
"2/16/2008","-40","-6.08845996856689","587","31.108","19.874","1.593014688","4.12185950765238","0.672097641354557","22.20570207",
"2/17/2008","-40","-6.08845996856689","587","33.891","20.379","1.6226329104","3.99993069426655","0.627632230783081","28.18777473",
"2/18/2008","-40","-6.08845996856689","587","33.301","20.711","1.72777176","4.45007854713994","0.630565670692126","28.32614793",
"2/19/2008","-40","-6.08845996856689","587","33.839","19.996","0.96816996","3.9901794431575","0.602610356628776","23.89213341",
"2/20/2008","-40","-6.08845996856689","587","35.676","20.158","0","3.96178906515291","0.550147118791712","27.53982828",
"2/21/2008","-40","-6.08845996856689","587","34.757","20.828","1.76639724","4.035408714172","0.580530926581945","28.41885243",
"2/22/2008","-40","-6.08845996856689","587","34.641","20.36","1.0162352592","3.72597103737485","0.576952665332802","24.88910355",
"2/23/2008","-40","-6.08845996856689","587","35.615","19.78","0.083255796","3.19003635137711","0.543788206657449","23.28789672",
"2/24/2008","-40","-6.08845996856689","587","32.609","20.084","0","3.17249626735565","0.53579391678078","19.06104204",
"2/25/2008","-40","-6.08845996856689","587","33.432","18.873","0","3.00379438153634","0.475818572091444","19.09547208",
"2/26/2008","-40","-6.08845996856689","587","33.24","20.797","4.8580163784","3.51143968313787","0.632601475665462","17.112426408",
"2/27/2008","-40","-6.08845996856689","587","31.969","20.341","4.967020548","2.31088470636418","0.660241839639116","16.21676052",
"2/28/2008","-40","-6.08845996856689","587","33.075","19.447","1.205921088","2.93388645624547","0.626082670271828","19.01238768",
"2/29/2008","-40","-6.08845996856689","587","32.608","18.646","6.6467324664","2.68376968038296","0.740684830460914","19.20071052",
"3/1/2008","-40","-6.08845996856689","587","34.716","20.26","3.5267856552","3.77921285746983","0.705225531559538","21.26969856",
"3/2/2008","-40","-6.08845996856689","587","33.588","19.893","0.56819934","3.92796927472553","0.618644731573076","28.5446178",
"3/3/2008","-40","-6.08845996856689","587","35.453","20.953","0.06694794","4.07395984559947","0.538316217244148","28.86204024",
"3/4/2008","-40","-6.08845996856689","587","34.414","20.168","0.731277288","2.61363065178628","0.632288592477759","21.01330944",
"3/5/2008","-40","-6.08845996856689","587","31.974","20.719","10.0730916","2.70790877600132","0.791621887402961","24.12264096",
"3/6/2008","-40","-6.08845996856689","587","32.714","18.679","0.7261275528","2.62830280446923","0.724654584284878","16.87309254",
"3/7/2008","-40","-6.08845996856689","587","32.82","20.67","8.74614132","3.77743138184693","0.708989700471574","23.417661672",
"3/8/2008","-40","-6.08845996856689","587","33.238","20.053","2.1989846664","3.33648678608549","0.706774714593569","20.74156686",
"3/9/2008","-40","-6.08845996856689","587","32.367","20.848","1.78527924","3.32617050606466","0.681748866011936","20.61647784",
"3/10/2008","-40","-6.08845996856689","587","34.161","21.079","1.069450272","3.73585897024524","0.595186383292034","25.50493314",
"3/11/2008","-40","-6.08845996856689","587","30.769","20.501","1.450539144","3.62994980140939","0.638719794940088","19.08792135",
"3/12/2008","-40","-6.08845996856689","587","28.586","20.523","7.505032284","3.48000046017886","0.83473170987757","22.89302046",
"3/13/2008","-40","-6.08845996856689","587","33.934","21.143","1.75266234","3.12337534482579","0.682251938243989","21.50088534",
"3/14/2008","-40","-6.08845996856689","587","30.559","19.079","1.016236656","2.3072744140396","0.780007963465705","21.85425252",
"3/15/2008","-40","-6.08845996856689","587","28.895","20.112","10.0353216528","1.28306400649185","0.86608463098078","25.7763888",
"3/16/2008","-40","-6.08845996856689","587","29.074","20.964","12.85744176","1.22925441776653","0.896046372400654","12.9585933",
"3/17/2008","-40","-6.08845996856689","587","28.355","20.298","5.6030252184","2.05904437705436","0.836246485490556","21.07569546",
"3/18/2008","-40","-6.08845996856689","587","32.586","17.39","13.54751352","1.28357950128744","0.756602638613477","22.27837212",
"3/19/2008","-40","-6.08845996856689","587","26.454","20.408","13.51575612","1.34209557241194","0.886125265841722","14.11570548",
"3/20/2008","-40","-6.08845996856689","587","24.781","20.183","79.41744072","1.66055519506535","0.924207591162517","7.61839434",
"3/21/2008","-40","-6.08845996856689","587","25.195","20.193","13.096044144","1.73371451489993","0.931558542230473","13.19056038",
"3/22/2008","-40","-6.08845996856689","587","32.574","20.86","10.1795141304","2.57540941697349","0.787179433429226","23.05602882",
"3/23/2008","-40","-6.08845996856689","587","26.842","19.905","11.2850184024","1.86586130710727","0.910874448755429","13.4839089",
"3/24/2008","-40","-6.08845996856689","587","26.499","19.756","54.8029206","1.63102819567505","0.922614922194347","15.1517277",
"3/25/2008","-40","-6.08845996856689","587","27.061","19.108","8.38480446","1.06954051710296","0.914715842453171","15.688017",
"3/26/2008","-40","-6.08845996856689","587","25.335","21.137","15.46240176","1.96566049478701","0.934089876703864","12.14983422",
"3/27/2008","-40","-6.08845996856689","587","23.04","19.641","35.3124787824","1.38087589334639","0.957879113795714","2.49733116",
"3/28/2008","-40","-6.08845996856689","587","24.79","19.988","14.984323416","1.91108806795001","0.917882639496405","11.1929049",
"3/29/2008","-40","-6.08845996856689","587","24.478","20.885","11.035253772","1.44173283471349","0.926844036628219","7.2514143",
"3/30/2008","-40","-6.08845996856689","587","25.231","19.918","6.1798126464","1.67122501620887","0.928611293756335","7.40323278",
"3/31/2008","-40","-6.08845996856689","587","23.226","20.021","85.45132476","1.58037178249678","0.961086113184986","3.691796112",
"4/1/2008","-40","-6.08845996856689","587","24.657","18.989","23.03866692","1.13747965679068","0.947293472185549","5.83475868",
"4/2/2008","-40","-6.08845996856689","587","23.413","20.213","24.643704636","1.22594576058767","0.945197682374159","5.228106444",
"4/3/2008","-40","-6.08845996856689","587","24.866","19.17","9.1306716192","1.09168346311102","0.938838364808854","10.37193966",
"4/4/2008","-40","-6.08845996856689","587","29.68","17.445","13.9869706248","1.54977490734356","0.894423643429202","25.13142756",
"4/5/2008","-40","-6.08845996856689","587","25.344","20.396","16.06063284","1.90295955302932","0.942149689219783","14.6237652",
"4/6/2008","-40","-6.08845996856689","587","26.545","20.291","6.170373756","2.12939010570893","0.912192087204228","20.59447878",
"4/7/2008","-40","-6.08845996856689","587","27.079","21.068","5.245971336","2.58928125204209","0.914196290711256","16.79563098",
"4/8/2008","-40","-6.08845996856689","587","28.014","20.221","2.7139667112","3.45168863038447","0.864846127862414","23.11171398",
"4/9/2008","-40","-6.08845996856689","587","29.853","20.013","0.5098347576","2.80931570149848","0.807553865757094","20.10060054",
"4/10/2008","-40","-6.08845996856689","587","30.987","19.632","0.171661392","3.13491817124305","0.705086898929344","25.75631754",
"4/11/2008","-40","-6.08845996856689","587","31.422","19.021","0.8574486192","2.98410848248378","0.763355059357857","19.3162491",
"4/12/2008","-40","-6.08845996856689","587","25.524","19.85","11.6798345064","2.48020639894513","0.938722893941887","16.07135598",
"4/13/2008","-40","-6.08845996856689","587","29.477","18.169","2.7517316904","2.30540706106713","0.87459965377944","21.88496178",
"4/14/2008","-40","-6.08845996856689","587","29.999","20.327","4.7206850904","2.66721775765614","0.873768757097549","17.42287428",
"4/15/2008","-40","-6.08845996856689","587","29.122","20.206","2.489948892","3.17079654795524","0.850562877733722","25.01865108",
"4/16/2008","-40","-6.08845996856689","587","31.201","20.69","0.192260664","3.20893063169057","0.751708731849499","25.07118606",
"4/17/2008","-40","-6.08845996856689","587","31.418","19.455","0.377655264","2.90968690152887","0.691104971117408","25.07197572",
"4/18/2008","-40","-6.08845996856689","587","31.337","19.475","0.065231352","2.74863485431874","0.722751347966396","20.39770926",
"4/19/2008","-40","-6.08845996856689","587","32.028","19.116","0.0137329056","2.8984653294797","0.714721824472552","25.6648482",
"4/20/2008","-40","-6.08845996856689","587","32.252","19.537","1.07631684","3.22134115218005","0.743555469057099","25.19673768",
"4/21/2008","-40","-6.08845996856689","587","30.631","20.891","1.289177388","3.73007450821151","0.767612131087693","23.88413592",
"4/22/2008","-40","-6.08845996856689","587","29.877","20.198","4.4357369328","2.85092558181363","0.769422653547351","20.36171736",
"4/23/2008","-40","-6.08845996856689","587","31.618","19.757","0.089263944","3.02204452791871","0.662536325311374","25.0426089",
"4/24/2008","-40","-6.08845996856689","587","29.526","21.248","2.5234223112","2.37355251520718","0.776356763530686","10.87998876",
"4/25/2008","-40","-6.08845996856689","587","30.302","20.549","1.0969168104","3.39707001515131","0.796146627801321","18.14050998",
"4/26/2008","-40","-6.08845996856689","587","29.19","20.331","0.0034332264","2.91238106609913","0.732549498194013","11.77689618",
"4/27/2008","-40","-6.08845996856689","587","31.886","18.208","0","2.89012223874068","0.679423103198114","24.9220755",
"4/28/2008","-40","-6.08845996856689","587","30.875","19.607","0.2008436256","3.53957283554735","0.764074369816505","22.41562032",
"4/29/2008","-40","-6.08845996856689","587","25.822","21.177","15.69843054","2.25107688019853","0.921196276430242","7.0436817",
"4/30/2008","-40","-6.08845996856689","587","31.451","21.142","2.60410392","3.12319458306837","0.725510432692649","24.4286982",
"5/1/2008","-40","-6.08845996856689","587","29.44","19.598","1.560401388","2.41368003745354","0.810218121105135","10.21067154",
"5/2/2008","-40","-6.08845996856689","587","30.249","20.027","3.4812915048","3.65858698629655","0.804301843693429","22.2287643",
"5/3/2008","-40","-6.08845996856689","587","30.556","20.44","0.4085540928","2.86209503613212","0.724343714179122","24.1464924",
"5/4/2008","-40","-6.08845996856689","587","31.163","19.441","0.0549316584","2.39799859667202","0.728142361295989","16.73111322",
"5/5/2008","-40","-6.08845996856689","587","27.933","19.834","4.4528975064","1.74158255348992","0.88619969166668","7.80384654",
"5/6/2008","-40","-6.08845996856689","587","28.732","19.191","3.7851330744","1.42068254068271","0.88963482305277","19.01508516",
"5/7/2008","-40","-6.08845996856689","587","30.915","19.941","0.9218220408","1.16516562461873","0.832816887936339","11.09142756",
"5/8/2008","-40","-6.08845996856689","587","31.507","17.873","2.8049497992","2.00305479267791","0.702984350296691","19.6499214",
"5/9/2008","-40","-6.08845996856689","587","26.55","20.497","20.788209","1.66329751712639","0.907782945144662","9.417432312",
"5/10/2008","-40","-6.08845996856689","587","24.807","20.448","4.298398704","2.44616120776493","0.929714458158919","11.42892702",
"5/11/2008","-40","-6.08845996856689","587","29.552","20.422","5.977252332","3.61557022381749","0.859242877526985","18.05191596",
"5/12/2008","-40","-6.08845996856689","587","29.709","19.536","3.7937171016","4.09267705947703","0.831399381630568","21.85639056",
"5/13/2008","-40","-6.08845996856689","587","27.947","19.468","0.2197265544","4.55727128457791","0.7441214079427","19.67546718",
"5/14/2008","-40","-6.08845996856689","587","28.243","17.847","0.0171661464","4.17984187995209","0.737695355848798","20.3837031",
"5/15/2008","-40","-6.08845996856689","587","25.117","18.412","0.2506257144","2.96107302438173","0.79534584808068","7.64268858",
"5/16/2008","-40","-6.08845996856689","587","30.005","19.319","0.5630492304","3.48019769302358","0.764866069097452","18.53183988",
"5/17/2008","-40","-6.08845996856689","587","26.762","19.533","0.48065166","3.65046139423182","0.80590624193999","15.80731092",
"5/18/2008","-40","-6.08845996856689","587","28.653","19.238","0.2094269184","3.65392292996782","0.780795852339088","11.34388422",
"5/19/2008","-40","-6.08845996856689","587","30.678","18.484","0","3.46866270089396","0.709814172209647","23.59035828",
"5/20/2008","-40","-6.08845996856689","587","31.378","18.153","0","3.12602563057612","0.70895627640597","22.3437951",
"5/21/2008","-40","-6.08845996856689","587","30.313","18.415","0.429153516","2.38584610160733","0.763450011364815","20.1243321",
"5/22/2008","-40","-6.08845996856689","587","31.478","18.376","0.020599344","3.02241601601154","0.683274874516081","23.13360252",
"5/23/2008","-40","-6.08845996856689","587","30.916","19.456","0.0343322784","2.95615710233399","0.693507860323003","22.69671282",
"5/24/2008","-40","-6.08845996856689","587","30.9","19.406","0.0617980824","2.74246742687966","0.688664149761857","22.16081448",
"5/25/2008","-40","-6.08845996856689","587","30.386","20.364","1.400757084","3.30886446139665","0.707315457206055","22.2548067",
"5/26/2008","-40","-6.08845996856689","587","29.174","18.537","0.926971596","1.24686519819298","0.799090178272218","8.64258966",
"5/27/2008","-40","-6.08845996856689","587","29.378","20.528","5.784985944","2.90736437999097","0.838585412773094","15.2221464",
"5/28/2008","-40","-6.08845996856689","587","30.313","18.62","0.147628908","4.08873853432072","0.655072595873403","22.90421574",
"5/29/2008","-40","-6.08845996856689","587","29.886","17.512","0.5149836","3.93086328370554","0.66207292699818","22.84442262",
"5/30/2008","-40","-6.08845996856689","587","30.689","19.321","3.354262164","3.50516228342728","0.69282950974056","22.37624838",
"5/31/2008","-40","-6.08845996856689","587","29.084","18.854","0.8411409864","3.8846856362439","0.739433289283411","21.57485562",
"6/1/2008","-40","-6.08845996856689","587","29.245","17.242","0","4.46036464380186","0.676725660364005","22.7015973",
"6/2/2008","-40","-6.08845996856689","587","29.484","17.289","0","4.35234388116994","0.601027491701258","22.5487665",
"6/3/2008","-40","-6.08845996856689","587","29.158","15.867","0","3.54621555222581","0.662471087592745","22.81876992",
"6/4/2008","-40","-6.08845996856689","587","30.899","19.565","2.4375908664","3.64431120396316","0.730471167282571","19.7288442",
"6/5/2008","-40","-6.08845996856689","587","29.313","19.623","2.286530712","3.65564355069264","0.759679234590015","12.56113224",
"6/6/2008","-40","-6.08845996856689","587","29.822","19.871","0.6900786504","3.80244446019927","0.721714924916251","21.01360158",
"6/7/2008","-40","-6.08845996856689","587","29.563","17.898","0.089263944","4.35081472366804","0.681544146468554","14.4081558",
"6/8/2008","-40","-6.08845996856689","587","28.949","15.984","0.0446319864","4.67907852967371","0.683297424429163","18.33721866",
"6/9/2008","-40","-6.08845996856689","587","30.361","19.418","0.02746584","4.91459855591436","0.640726172968776","15.22574964",
"6/10/2008","-40","-6.08845996856689","587","30.037","19.104","0.0343323","5.19182313728067","0.652008848139943","21.18273408",
"6/11/2008","-40","-6.08845996856689","587","30.53","18.137","0","3.78875524942285","0.644760077223439","22.38131628",
"6/12/2008","-40","-6.08845996856689","587","29.44","19.773","0","3.74516784062692","0.623427369183512","14.35285872",
"6/13/2008","-40","-6.08845996856689","587","30.661","18.082","0","4.57173806283042","0.608505041644472","22.26431268",
"6/14/2008","-40","-6.08845996856689","587","29.245","17.552","0","4.65901553545716","0.664390639823664","22.06788732",
"6/15/2008","-40","-6.08845996856689","587","31.117","18.547","0.0308990664","4.17509628596016","0.625870798550499","22.12148952",
"6/16/2008","-40","-6.08845996856689","587","27.958","20.373","4.061507076","3.56616790257199","0.833095526776849","12.65096034",
"6/17/2008","-40","-6.08845996856689","587","30.242","19.632","0.6454470168","4.36822601687549","0.72613675083099","14.52627756",
"6/18/2008","-40","-6.08845996856689","587","29.595","17.303","0","4.60079952660532","0.628739409034526","22.4109612",
"6/19/2008","-40","-6.08845996856689","587","30.996","15.847","0","3.78158669693072","0.589924808636183","22.644108",
"6/20/2008","-40","-6.08845996856689","587","29.281","17.76","0","4.76084320011673","0.717485976864124","22.32736668",
"6/21/2008","-40","-6.08845996856689","587","29.371","16.724","0","4.41849635216245","0.575364561946899","22.21627068",
"6/22/2008","-40","-6.08845996856689","587","30.617","15.261","0","3.00673441616894","0.599130450788757","22.87647792",
"6/23/2008","-40","-6.08845996856689","587","31.534","17.54","0.60768162","3.07644726579074","0.654735745026005","21.72295944",
"6/24/2008","-40","-6.08845996856689","587","30.866","20.026","2.58522228","3.99040305007142","0.655898863904926","17.20085526",
"6/25/2008","-40","-6.08845996856689","587","30.359","17.758","0","5.07858003260358","0.615041027649317","22.57863372",
"6/26/2008","-40","-6.08845996856689","587","30.203","17.07","0","5.10563322374032","0.627031587864114","22.6057428",
"6/27/2008","-40","-6.08845996856689","587","31.304","16.657","0","4.63299761016103","0.547456179452783","22.84965216",
"6/28/2008","-40","-6.08845996856689","587","29.479","17.252","0","5.54939823542984","0.639654282854282","21.99813624",
"6/29/2008","-40","-6.08845996856689","587","24.513","17.006","0.0446319432","4.45547594452469","0.720558503763182","10.89669888",
"6/30/2008","-40","-6.08845996856689","587","30.907","15.661","0","4.42683357268846","0.603759084500332","22.19304708",
"7/1/2008","-40","-6.08845996856689","587","27.361","19.946","5.1961879944","4.59913202325158","0.766634286807101","7.37168076",
"7/2/2008","-40","-6.08845996856689","587","29.101","18.008","1.2805934328","5.14598889709745","0.675587863673424","19.4746464",
"7/3/2008","-40","-6.08845996856689","587","29.112","16.724","0.0137329056","4.72345288808551","0.659447871746979","21.51765252",
"7/4/2008","-40","-6.08845996856689","587","30.569","16.703","0","3.71990393647394","0.621120578835187","17.08013952",
"7/5/2008","-40","-6.08845996856689","587","31.203","19.155","0.1373292","3.75783773087572","0.594867879673385","20.3476428",
"7/6/2008","-40","-6.08845996856689","587","26.903","18.423","0.67205448","4.78056608464281","0.716373371107165","8.98830252",
"7/7/2008","-40","-6.08845996856689","587","28.914","18.187","0.2746580328","5.36818989566531","0.687773964088203","16.47584784",
"7/8/2008","-40","-6.08845996856689","587","28.548","17.343","0.3690722304","5.62525178603954","0.665224650843083","20.74983336",
"7/9/2008","-40","-6.08845996856689","587","29.378","15.904","0","5.23879088531784","0.659583505782956","21.57277284",
"7/10/2008","-40","-6.08845996856689","587","29.092","19.416","0.0720977688","5.0305807258415","0.624437966570406","19.14013008",
"7/11/2008","-40","-6.08845996856689","587","29.846","19.172","0.2454758064","4.92079024447649","0.659599802456742","17.81741088",
"7/12/2008","-40","-6.08845996856689","587","29.724","17.355","0.0274658112","5.08358101516493","0.649337080806056","18.02542698",
"7/13/2008","-40","-6.08845996856689","587","29.923","17.246","0","4.98643760565297","0.58274907537697","23.02690068",
"7/14/2008","-40","-6.08845996856689","587","29.099","15.699","0","4.83176590905347","0.60877827553498","22.88694852",
"7/15/2008","-40","-6.08845996856689","587","31.125","17.582","0","5.18932631592894","0.500403408568311","23.27641812",
"7/16/2008","-40","-6.08845996856689","587","27.381","17.819","0.0102996792","5.75165374358517","0.659753661486845","17.15164236",
"7/17/2008","-40","-6.08845996856689","587","24.871","18.839","0.619697952","4.8757482593984","0.725625899359746","4.57706232",
"7/18/2008","-40","-6.08845996856689","587","30.732","17.737","0.15106212","4.11090277825501","0.65603072792353","18.07908768",
"7/19/2008","-40","-6.08845996856689","587","29.339","18.894","0.5270004864","3.9381466813811","0.67581804978404","15.97758984",
"7/20/2008","-40","-6.08845996856689","587","31.328","17.001","0.343322712","4.88417825465998","0.563205165270227","23.51024928",
"7/21/2008","-40","-6.08845996856689","587","30.223","17.832","0.8342743104","5.13256905868164","0.629849554050694","17.22307356",
"7/22/2008","-40","-6.08845996856689","587","29.454","17.908","0.3313070064","4.77052277349964","0.670957181037344","16.17047064",
"7/23/2008","-40","-6.08845996856689","587","31.56","16.707","0.118446372","4.6987616359873","0.585680991770598","23.5558656",
"7/24/2008","-40","-6.08845996856689","587","32.608","16.922","0","4.07175885009964","0.527861810056888","23.73192936",
"7/25/2008","-40","-6.08845996856689","587","31.842","17.342","0","3.99148166542881","0.543403505363685","23.74673184",
"7/26/2008","-40","-6.08845996856689","587","31.325","18.81","1.287460872","4.62901089124096","0.623774295487296","23.3132112",
"7/27/2008","-40","-6.08845996856689","587","28.988","19.102","3.3165000792","5.4732715792623","0.658083654812813","15.33380688",
"7/28/2008","-40","-6.08845996856689","587","29.78","18.121","0.1622200176","5.82968128106835","0.577154188898432","13.5297",
"7/29/2008","-40","-6.08845996856689","587","31.9","16.264","0","4.49038507518815","0.467727330845542","22.8198942",
"7/30/2008","-40","-6.08845996856689","587","30.085","18.919","0.0034332264","4.31570126916299","0.529727000468515","12.94374024",
"7/31/2008","-40","-6.08845996856689","587","32.051","18.465","0","5.31493202641785","0.49450497229807","24.26888988",
"8/1/2008","-40","-6.08845996856689","587","31.893","17.249","0","4.55743993346854","0.506811097676869","24.63451704",
"8/2/2008","-40","-6.08845996856689","587","32.484","17.798","0","3.86735211818393","0.507071807306118","21.59167248",
"8/3/2008","-40","-6.08845996856689","587","30.893","20.742","0.0137329056","3.80094637812719","0.664471606703151","13.36285872",
"8/4/2008","-40","-6.08845996856689","587","31.642","18.602","0","3.3007820973586","0.595844490619846","18.1823058",
"8/5/2008","-40","-6.08845996856689","587","32.196","20.783","0.068664564","4.7196408500346","0.535187350682325","23.76636084",
"8/6/2008","-40","-6.08845996856689","587","31.003","16.55","0.017166132","4.52439696187982","0.515044003369397","25.06578228",
"8/7/2008","-40","-6.08845996856689","587","29.213","19.65","1.004219172","4.71581146420201","0.66477728290503","12.87888768",
"8/8/2008","-40","-6.08845996856689","587","29.403","19.964","8.8731738","3.29231775633597","0.808994127661537","9.238386528",
"8/9/2008","-40","-6.08845996856689","587","32.131","18.318","0.0102996792","4.42266156198126","0.533515094282802","24.55329168",
"8/10/2008","-40","-6.08845996856689","587","32.079","17.901","0","4.89334022862718","0.51904769058157","25.27936776",
"8/11/2008","-40","-6.08845996856689","587","31.771","18.639","0","4.89866036835894","0.497105492924865","25.02534708",
"8/12/2008","-40","-6.08845996856689","587","31.442","18.221","0.7604595432","4.68720060501846","0.573744661629948","20.31012828",
"8/13/2008","-40","-6.08845996856689","587","31.169","17.907","1.0282518","5.30746016642484","0.543463150414361","25.17508152",
"8/14/2008","-40","-6.08845996856689","587","31.736","17.073","0","5.11582565764974","0.529934286537412","25.26344928",
"8/15/2008","-40","-6.08845996856689","587","32.309","18.554","0","4.82108300701022","0.506783808922313","25.31812248",
"8/16/2008","-40","-6.08845996856689","587","32.792","18.806","0","5.06241228677054","0.486332878162123","25.46516952",
"8/17/2008","-40","-6.08845996856689","587","30.474","19.324","0.024032592","4.83356355468969","0.606724907360871","15.51250998",
"8/18/2008","-40","-6.08845996856689","587","31.998","18.707","0","5.9372896299129","0.485500862081868","25.83528642",
"8/19/2008","-40","-6.08845996856689","587","32.076","17.605","0","4.95258198796203","0.463515672449857","25.89255108",
"8/20/2008","-40","-6.08845996856689","587","32.179","18.483","0","4.60930830081797","0.507965140896482","20.47634802",
"8/21/2008","-40","-6.08845996856689","587","32.621","20.516","0","5.6837338142274","0.522187689966182","19.85545944",
"8/22/2008","-40","-6.08845996856689","587","31.526","21.354","0.140762304","5.16398900616369","0.581805509843807","17.80734852",
"8/23/2008","-40","-6.08845996856689","587","34.046","19.494","0","4.57842301408783","0.458053763034511","23.10969132",
"8/24/2008","-40","-6.08845996856689","587","31.858","21.443","0.0995635944","5.66729149928038","0.51092898279992","20.97235314",
"8/25/2008","-40","-6.08845996856689","587","32.547","18.165","0","5.2184781286276","0.488835563192555","26.31757302",
"8/26/2008","-40","-6.08845996856689","587","33.719","17.793","0","4.58563884979867","0.482932664670082","26.27881884",
"8/27/2008","-40","-6.08845996856689","587","26.772","20.978","0.5424499944","4.44750781496377","0.669255577604698","8.256935052",
"8/28/2008","-40","-6.08845996856689","587","33.648","19.187","0.133896024","3.83533077057281","0.506019056658908","25.8833772",
"8/29/2008","-40","-6.08845996856689","587","34.152","21.974","0","4.50338050410104","0.443299514950294","21.6495045",
"8/30/2008","-40","-6.08845996856689","587","34.637","20.443","0","4.79673870855442","0.528421907245794","25.31238174",
"8/31/2008","-40","-6.08845996856689","587","34.883","21.814","0.154495368","4.63339459469576","0.478456308549895","21.41403534",
"9/1/2008","-40","-6.08845996856689","587","33.167","21.28","0.0308990664","4.78771018673856","0.483939618538601","18.6451866",
"9/2/2008","-40","-6.08845996856689","587","33.431","21.82","0.09269712","5.63864532575441","0.421670104747871","26.48440854",
"9/3/2008","-40","-6.08845996856689","587","33.573","20.44","0.065231316","4.78195050783725","0.47541898365744","24.12439002",
"9/4/2008","-40","-6.08845996856689","587","33.599","20.965","0.32958954","5.54961709642345","0.531886451383286","22.4832897",
"9/5/2008","-40","-6.08845996856689","587","33.375","19.668","0.24032592","4.49943084699714","0.486978777492465","19.88307972",
"9/6/2008","-40","-6.08845996856689","587","34.209","20.165","0","4.74940942439032","0.453285887092379","26.91566946",
"9/7/2008","-40","-6.08845996856689","587","34.199","21.641","0.089263908","5.54236169302653","0.503897903373557","21.22728534",
"9/8/2008","-40","-6.08845996856689","587","33.767","20.194","0.0858306744","5.84439649984845","0.489669085124332","26.8688214",
"9/9/2008","-40","-6.08845996856689","587","33.74","20.126","0.343322712","5.38120667499791","0.429086510855618","27.04747419",
"9/10/2008","-40","-6.08845996856689","587","34.471","20.349","0.26435844","6.19460948319726","0.471901038413539","26.440192872",
"9/11/2008","-40","-6.08845996856689","587","27.845","20.821","0.4016877984","5.10151928821878","0.639989108611154","9.872773668",
"9/12/2008","-40","-6.08845996856689","587","34.302","18.832","0.034332264","4.95092826999764","0.470077729983382","27.302122368",
"9/13/2008","-40","-6.08845996856689","587","34.378","21.218","0.01373292","4.30880917493088","0.405782612015158","27.3646017",
"9/14/2008","-40","-6.08845996856689","587","35.026","21.706","0","4.77240352732297","0.416853901546431","27.54320004",
"9/15/2008","-40","-6.08845996856689","587","34.123","20.998","0.00686646","4.80775104704873","0.405405855065012","27.584093088",
"9/16/2008","-40","-6.08845996856689","587","34.274","20.317","0.0171661392","4.77271192310289","0.402921217104896","27.923062608",
"9/17/2008","-40","-6.08845996856689","587","34.659","21.744","0","4.68532821100554","0.393920744798751","27.470191968",
"9/18/2008","-40","-6.08845996856689","587","35.675","21.645","0","4.59451329850806","0.380792361888274","27.6994728",
"9/19/2008","-40","-6.08845996856689","587","35.145","22.098","0","5.078696789312","0.458947708824875","27.5625",
"9/20/2008","-40","-6.08845996856689","587","34.399","22.852","0.123596208","4.66283772750934","0.411658344279626","27.64715436",
"9/21/2008","-40","-6.08845996856689","587","34.714","22.818","0","4.69148591905564","0.390882456560714","27.672749928",
"9/22/2008","-40","-6.08845996856689","587","35.646","22.301","0","4.59104333458788","0.387767349742947","27.70081164",
"9/23/2008","-40","-6.08845996856689","587","36.672","21.455","0","4.65524327327763","0.39688645647319","28.03511466",
"9/24/2008","-40","-6.08845996856689","587","36.097","21.361","0","5.57703555670225","0.447929233476052","27.936674568",
"9/25/2008","-40","-6.08845996856689","587","35.588","21.69","0","5.36110607575288","0.432130391888666","27.81068166",
"9/26/2008","-40","-6.08845996856689","587","35.059","23.088","0.0514984176","4.47200351301631","0.390573927198969","23.861480688",
"9/27/2008","-40","-6.08845996856689","587","35.08","21.099","0","4.17062926023723","0.362720843907787","28.0614852",
"9/28/2008","-40","-6.08845996856689","587","35.404","20.473","0","4.18942001561905","0.428132832831939","27.97914312",
"9/29/2008","-40","-6.08845996856689","587","36.024","22.373","0.0102996792","4.90165287208309","0.494468614241286","25.86605346",
"9/30/2008","-40","-6.08845996856689","587","37.114","22.358","0","5.19103232691848","0.450138205758975","26.7810138",
"10/1/2008","-40","-6.08845996856689","587","35.818","22.921","0","5.05562648322833","0.391555533171361","27.97419078",
"10/2/2008","-40","-6.08845996856689","587","33.956","22.025","0","5.58070640181792","0.465965406453782","28.015818768",
"10/3/2008","-40","-6.08845996856689","587","36.033","21.031","0.1012803264","4.57872901007096","0.477419796721591","27.7664652",
"10/4/2008","-40","-6.08845996856689","587","36.047","21.838","0.137329164","5.53947646817511","0.428894200724497","28.04051448",
"10/5/2008","-40","-6.08845996856689","587","33.798","21.051","0","5.05254390044927","0.468085501244157","27.79246008",
"10/6/2008","-40","-6.08845996856689","587","35.181","21.019","0","4.65479855311958","0.390851276404729","28.2682953",
"10/7/2008","-40","-6.08845996856689","587","35.069","21.508","0","4.77243890917615","0.385543912970513","28.423090872",
"10/8/2008","-40","-6.08845996856689","587","34.23","21.003","0","5.1694251631531","0.390039219467031","26.03870172",
"10/9/2008","-40","-6.08845996856689","587","31.118","22.011","0.1373291136","4.23914067214639","0.534217647087996","12.038841792",
"10/10/2008","-40","-6.08845996856689","587","34.308","21.293","0.0102996792","5.88741799032056","0.442435388694889","27.18291996",
"10/11/2008","-40","-6.08845996856689","587","34.58","20.885","0","5.70853203667107","0.414173107788263","28.406869992",
"10/12/2008","-40","-6.08845996856689","587","34.858","21.128","0.04291524","5.51992655940635","0.386751307304379","28.43874828",
"10/13/2008","-40","-6.08845996856689","587","34.43","21.657","0.374222052","5.73098783261667","0.423174691106304","28.19482542",
"10/14/2008","-40","-6.08845996856689","587","35.242","20.868","0.0171661392","5.91411073538371","0.401277112891055","28.0736235",
"10/15/2008","-40","-6.08845996856689","587","34.735","20.857","0","5.91509821151981","0.448535256338675","28.4425272",
"10/16/2008","-40","-6.08845996856689","587","35.435","21.264","0","4.84343901592301","0.429587090965844","28.15200108",
"10/17/2008","-40","-6.08845996856689","587","35.711","22.346","0","4.36308633800738","0.488733920803184","23.78897118",
"10/18/2008","-40","-6.08845996856689","587","34.671","22.766","0","5.22167890200077","0.463748199283731","25.70191938",
"10/19/2008","-40","-6.08845996856689","587","35.851","22.166","0","4.81530082469982","0.450117554384602","27.86423652",
"10/20/2008","-40","-6.08845996856689","587","36.379","21.614","0.04806504","4.9178437704809","0.417008005601743","28.41248268",
"10/21/2008","-40","-6.08845996856689","587","35.348","23.322","0.25749216","6.01307500138044","0.425831094312945","27.1555461",
"10/22/2008","-40","-6.08845996856689","587","35.048","21.731","0.010299672","6.18547651499456","0.360777398181922","28.55284128",
"10/23/2008","-40","-6.08845996856689","587","34.355","21.557","0.137329236","5.72469350305451","0.372232549272227","28.633095432",
"10/24/2008","-40","-6.08845996856689","587","35.413","21.153","0.46348596","5.57815207025288","0.385473158575092","28.5494292",
"10/25/2008","-40","-6.08845996856689","587","35.199","22.33","0","4.90857619162699","0.403627849214836","28.31640552",
"10/26/2008","-40","-6.08845996856689","587","36.628","23.394","0.070381152","5.35502766197582","0.37194913952909","28.288591848",
"10/27/2008","-40","-6.08845996856689","587","36.295","22.157","0","5.06753093630598","0.368908177724434","28.55502288",
"10/28/2008","-40","-6.08845996856689","587","36.321","21.897","0","5.21702459692949","0.407803518492954","28.6009911",
"10/29/2008","-40","-6.08845996856689","587","36.037","21.474","0","4.96879232166071","0.422040806004763","28.52225568",
"10/30/2008","-40","-6.08845996856689","587","34.011","22.481","0","5.95692330175743","0.477192285091523","27.6717348",
"10/31/2008","-40","-6.08845996856689","587","35.739","21.733","0","5.1256274595939","0.473308903168487","28.4338089",
"11/1/2008","-40","-6.08845996856689","587","33.797","22.804","0","5.35471861573136","0.431409727388267","28.47232332",
"11/2/2008","-40","-6.08845996856689","587","36.042","21.041","0","4.92260906723746","0.398057930455424","28.7233164",
"11/3/2008","-40","-6.08845996856689","587","35.299","23.22","0.0137328984","5.10566589004719","0.478107043585225","24.60425922",
"11/4/2008","-40","-6.08845996856689","587","36.873","22.837","0","4.56015081931713","0.417439679179055","28.0751004",
"11/5/2008","-40","-6.08845996856689","587","36.915","23.824","0","5.79476462693236","0.388837454495709","27.99723942",
"11/6/2008","-40","-6.08845996856689","587","36.023","23.37","0","6.43611278122982","0.358685745163348","27.94082958",
"11/7/2008","-40","-6.08845996856689","587","36.756","22.506","0","5.16356515166283","0.381231599138434","28.4029515",
"11/8/2008","-40","-6.08845996856689","587","37.011","21.855","0","4.19775318007693","0.412447207059461","28.30781592",
"11/9/2008","-40","-6.08845996856689","587","36.17","22.609","0","5.45132903437007","0.41879881768044","28.3741686",
"11/10/2008","-40","-6.08845996856689","587","36.115","21.573","0","5.47430760179884","0.451846762299523","28.1605023",
"11/11/2008","-40","-6.08845996856689","587","34.901","21.807","0","4.40921638224254","0.472561488727317","21.40667334",
"11/12/2008","-40","-6.08845996856689","587","36.061","22.367","0.054931644","4.61135319723304","0.485607768481141","22.82348772",
"11/13/2008","-40","-6.08845996856689","587","34.314","23.215","0","6.14694962038861","0.513132732746788","24.20420958",
"11/14/2008","-40","-6.08845996856689","587","34.745","21.805","0","5.58030070296069","0.497909451044082","28.02616308",
"11/15/2008","-40","-6.08845996856689","587","34.916","22.798","0","5.28860577804736","0.411877247869546","28.3505544",
"11/16/2008","-40","-6.08845996856689","587","35.071","22.24","0","5.44403788805346","0.42923705903305","28.4588397",
"11/17/2008","-40","-6.08845996856689","587","35.909","21.449","0","4.71495681097012","0.465432769859168","27.81095652",
"11/18/2008","-40","-6.08845996856689","587","34.038","23.645","0","4.91659508753351","0.4727253474257","23.65217568",
"11/19/2008","-40","-6.08845996856689","587","35.172","23.59","0","5.03747376614905","0.424504211350576","24.29240814",
"11/20/2008","-40","-6.08845996856689","587","36.026","22.203","0","5.59215896333061","0.45202255745378","27.8822259",
"11/21/2008","-40","-6.08845996856689","587","34.91","21.714","0","5.60045193900099","0.418103852799422","28.1572236",
"11/22/2008","-40","-6.08845996856689","587","35.015","21.296","0","4.8583300552647","0.423724177400713","28.385604",
"11/23/2008","-40","-6.08845996856689","587","36.039","22.416","0","5.14467232841848","0.424947408437512","28.3788108",
"11/24/2008","-40","-6.08845996856689","587","34.413","22.439","0","5.63807848195324","0.454847082553818","28.1617848",
"11/25/2008","-40","-6.08845996856689","587","35.21","22.376","0","5.68527757878403","0.492204066949022","24.95340234",
"11/26/2008","-40","-6.08845996856689","587","35.969","22.193","0","5.62798502757363","0.48777829723269","27.6970482",
"11/27/2008","-40","-6.08845996856689","587","35.288","22.285","0","5.28819269260086","0.441428056689161","28.29274092",
"11/28/2008","-40","-6.08845996856689","587","35.827","21.893","0","5.12869856739461","0.434605117255699","27.36185292",
"11/29/2008","-40","-6.08845996856689","587","34.068","21.782","0","3.8205926675345","0.461561861399289","20.51454582",
"11/30/2008","-40","-6.08845996856689","587","34.563","22.045","0","3.63174775912654","0.504983146816029","18.74846484",
"12/1/2008","-40","-6.08845996856689","587","35.233","22.424","0.063514692","3.09320357555339","0.479870426801172","23.5186236",
"12/2/2008","-40","-6.08845996856689","587","35.3","24.196","0.0308990592","4.70793143162553","0.471010460658112","20.50109514",
"12/3/2008","-40","-6.08845996856689","587","34.362","23.314","0","4.40305676202081","0.452591050269663","17.16283044",
"12/4/2008","-40","-6.08845996856689","587","35.626","22.041","0","3.92430847595839","0.414556943237681","27.1812978",
"12/5/2008","-40","-6.08845996856689","587","36.361","22.367","0","3.43606398107121","0.431424361631527","24.19841898",
"12/6/2008","-40","-6.08845996856689","587","36.168","23.568","0","4.79653976613853","0.397591393532132","27.83659752",
"12/7/2008","-40","-6.08845996856689","587","36.472","21.323","0.082397484","4.83233731629052","0.44691214626665","28.1809179",
"12/8/2008","-40","-6.08845996856689","587","35.32","22.875","8.06465052","4.5294279408866","0.457761107206856","27.23118372",
"12/9/2008","-40","-6.08845996856689","587","35.065","22.159","1.345825512","3.32014776740666","0.495683438199116","21.28505652",
"12/10/2008","-40","-6.08845996856689","587","33.405","22.063","0.236892816","4.16412154713409","0.560617704124739","19.822554",
"12/11/2008","-40","-6.08845996856689","587","33.141","21.452","1.297759896","4.03707014004796","0.605668136317364","20.36334402",
"12/12/2008","-40","-6.08845996856689","587","33.842","21.741","0.62484714","5.00390218711081","0.553606177512934","27.54821268",
"12/13/2008","-40","-6.08845996856689","587","34.875","22.743","0","5.26944726388261","0.466579645031637","27.8903232",
"12/14/2008","-40","-6.08845996856689","587","35.185","22.324","0","4.89819864536665","0.50523578004945","27.41900958",
"12/15/2008","-40","-6.08845996856689","587","34.114","22.373","0","3.74922526739958","0.446158276908336","20.7952857",
"12/16/2008","-40","-6.08845996856689","587","35.518","22.977","0","4.59892892836905","0.411659567228065","26.46309528",
"12/17/2008","-40","-6.08845996856689","587","35.057","22.251","0","5.08410144915812","0.442154667441643","27.3352455",
"12/18/2008","-40","-6.08845996856689","587","35.687","23.528","0","5.22570222643602","0.461230986892158","28.05480018",
"12/19/2008","-40","-6.08845996856689","587","35.613","22.299","0","4.15763859845303","0.460267478468369","23.71319964",
"12/20/2008","-40","-6.08845996856689","587","32.914","22.791","3.704451552","3.10786648626274","0.517031907617844","19.01846502",
"12/21/2008","-40","-6.08845996856689","587","33.253","23.016","4.3430338584","4.55311967154657","0.533130421112002","21.320495388",
"12/22/2008","-40","-6.08845996856689","587","33.238","22.678","0.5733486","5.06860000629603","0.487196690270871","21.42832446",
"12/23/2008","-40","-6.08845996856689","587","35.315","21.552","0","3.98593167869601","0.41421769476597","27.943029",
"12/24/2008","-40","-6.08845996856689","587","34.822","22.316","0","4.80658196036031","0.45296795140867","27.73378278",
"12/25/2008","-40","-6.08845996856689","587","35.065","22.431","0","5.26254426878845","0.444360272986578","25.7893902",
"12/26/2008","-40","-6.08845996856689","587","34.509","23.252","0.2506257864","4.96895199992486","0.491652572952041","25.78894038",
"12/27/2008","-40","-6.08845996856689","587","35.813","21.478","0","4.72345791827382","0.469056394702049","28.2472857",
"12/28/2008","-40","-6.08845996856689","587","34.474","22.79","0.24375924","5.00908568743869","0.515965494745065","27.9080433",
"12/29/2008","-40","-6.08845996856689","587","33.544","22.451","0.034332264","4.091745263099","0.524882493973877","19.56842244",
"12/30/2008","-40","-6.08845996856689","587","33.008","22.865","0","4.62722329190322","0.50107935245165","27.2126835",
"12/31/2008","-40","-6.08845996856689","587","34.224","21.46","0","4.71167898393784","0.471957117980915","27.12206052",
"1/1/2009","-40","-6.08845996856689","587","34.444","22.722","0.0034332264","4.68216933625499","0.50596715465488","20.75624928",
"1/2/2009","-40","-6.08845996856689","587","35.268","21.628","0","4.26853973468364","0.479529375449201","24.41891538",
"1/3/2009","-40","-6.08845996856689","587","34.451","21.375","0","4.58635064005144","0.508196968707913","24.33420108",
"1/4/2009","-40","-6.08845996856689","587","36.228","21.415","0","5.12064907139531","0.512937082158023","28.1080062",
"1/5/2009","-40","-6.08845996856689","587","36.183","22.03","0","5.02344500046031","0.479222045370931","23.89476762",
"1/6/2009","-40","-6.08845996856689","587","36.106","22.666","0","5.61587311132287","0.48455336519908","27.709712712",
"1/7/2009","-40","-6.08845996856689","587","34.64","22.175","0","4.29191079714867","0.483095646123188","19.63620126",
"1/8/2009","-40","-6.08845996856689","587","32.177","21.144","0","4.11681196940804","0.503411648102717","18.998775",
"1/9/2009","-40","-6.08845996856689","587","31.395","20.778","1.994704524","2.21552295318744","0.655693415300987","8.37152352",
"1/10/2009","-40","-6.08845996856689","587","32.295","21.151","0.1321792128","3.70958988634547","0.599080834908569","15.6378906",
"1/11/2009","-40","-6.08845996856689","587","34.481","21.599","7.7316275304","3.97792579061263","0.539901504095781","27.83890692",
"1/12/2009","-40","-6.08845996856689","587","34.862","20.578","0","3.43069423388535","0.496482107352382","27.39127698",
"1/13/2009","-40","-6.08845996856689","587","35.349","20.601","0","2.92136418233247","0.515939295201846","24.40147446",
"1/14/2009","-40","-6.08845996856689","587","32.306","21.247","0","3.34858558704694","0.536622288311177","19.60971498",
"1/15/2009","-40","-6.08845996856689","587","32.154","20.587","0.72956088","3.5505807800642","0.573890555948339","18.79971012",
"1/16/2009","-40","-6.08845996856689","587","31.178","20.097","6.287957352","3.23703531387502","0.738379151070109","23.06272608",
"1/17/2009","-40","-6.08845996856689","587","33.64","20.729","0.017166132","3.75491535441718","0.656678301376228","26.02434483",
"1/18/2009","-40","-6.08845996856689","587","34.75","21.962","0.518417424","4.284058859551","0.597196548874875","23.79318867",
"1/19/2009","-40","-6.08845996856689","587","34.031","21.553","0.303840504","3.8503139965484","0.562164477778238","28.5177411",
"1/20/2009","-40","-6.08845996856689","587","33.877","19.818","2.59552008","3.29195380778995","0.690912599393259","22.43396358",
"1/21/2009","-40","-6.08845996856689","587","31.602","21.281","4.474354356","3.84112267278721","0.793377790133061","17.964054",
"1/22/2009","-40","-6.08845996856689","587","30.775","20.586","3.9851212824","3.14066963195327","0.743315926887845","22.15310004",
"1/23/2009","-40","-6.08845996856689","587","29.762","21.203","31.62687768","1.38855997102693","0.831395882417635","12.59948673",
"1/24/2009","-40","-6.08845996856689","587","28.244","20.952","1.914024888","3.44074571441801","0.802305083249899","16.64724789",
"1/25/2009","-40","-6.08845996856689","587","29.278","20.188","0.1184463792","3.61586143806046","0.74699950021884","14.31848556",
"1/26/2009","-40","-6.08845996856689","587","32.827","19.394","0","4.26986831923036","0.576617108659692","28.56481839",
"1/27/2009","-40","-6.08845996856689","587","34.174","19.499","0","3.90826522919734","0.5498963912484","29.17254438",
"1/28/2009","-40","-6.08845996856689","587","33.814","21.054","0","3.90640956192638","0.563029198148403","28.7877942",
"1/29/2009","-40","-6.08845996856689","587","33.551","22.483","0","4.28796427239751","0.591522660046335","21.49773156",
"1/30/2009","-40","-6.08845996856689","587","28.392","21.497","11.075594364","3.2359503774918","0.849342575329918","11.6619174",
"1/31/2009","-40","-6.08845996856689","587","31.013","20.003","6.1025624928","3.38180606927301","0.823607160879219","14.9168844",
"2/1/2009","-40","-6.08845996856689","587","33.224","19.503","1.665114948","2.96953057881293","0.737109023644284","22.04302176",
"2/2/2009","-40","-6.08845996856689","587","30.282","20.374","3.134538324","3.75672960777476","0.784620262173397","25.97282118",
"2/3/2009","-40","-6.08845996856689","587","30.75","20.608","1.6822817856","4.07964532669278","0.78356853909318","21.26891637",
"2/4/2009","-40","-6.08845996856689","587","32.614","20.432","0.542449692","3.84966267512536","0.713120537962082","23.71623948",
"2/5/2009","-40","-6.08845996856689","587","32.634","20.842","0.0480651912","3.65042172005839","0.663449624891071","26.23736583",
"2/6/2009","-40","-6.08845996856689","587","32.158","21.086","0","4.43608196302472","0.630010455710679","27.78575481",
"2/7/2009","-40","-6.08845996856689","587","32.055","21.825","0","4.34126439226014","0.575007678902395","27.56249766",
"2/8/2009","-40","-6.08845996856689","587","34.183","19.505","0","3.04896877157538","0.548943087464897","28.94692662",
"2/9/2009","-40","-6.08845996856689","587","34.536","19.884","0","3.98252366769662","0.54956734239385","29.10543714",
"2/10/2009","-40","-6.08845996856689","587","34.629","21.028","0","4.02356705215302","0.55187231602839","28.59840189",
"2/11/2009","-40","-6.08845996856689","587","34.608","21.285","0","3.68803554386697","0.531549510875033","21.52637037",
"2/12/2009","-40","-6.08845996856689","587","29.275","20.608","0.77934258","2.6665255952859","0.701551450224436","16.41014568",
"2/13/2009","-40","-6.08845996856689","587","29.18","19.709","6.37379208","3.41563050782377","0.812801173721145","24.79871187",
"2/14/2009","-40","-6.08845996856689","587","33.149","20.246","1.026536112","4.31627851999539","0.68989406473688","27.87041115",
"2/15/2009","-40","-6.08845996856689","587","31.481","20.566","1.84020894","4.46526156526552","0.68093448695539","22.06344843",
"2/16/2009","-40","-6.08845996856689","587","31.309","20.636","1.1192328","3.75205536378636","0.713222785999852","19.56526677",
"2/17/2009","-40","-6.08845996856689","587","34.498","20.697","0","3.81041663926007","0.554573204250696","27.78175305",
"2/18/2009","-40","-6.08845996856689","587","32.87","21.418","0.07553088","3.43192039803335","0.58852779411947","22.65097212",
"2/19/2009","-40","-6.08845996856689","587","30.877","20.735","0.9407034792","3.17233837513325","0.698102192467387","18.99135288",
"2/20/2009","-40","-6.08845996856689","587","28.493","20.189","7.067301624","2.22236793041124","0.866298887282831","9.381264048",
"2/21/2009","-40","-6.08845996856689","587","27.552","19.39","0.896072616","2.72261326524422","0.778938461958289","14.051478042",
"2/22/2009","-40","-6.08845996856689","587","33.495","19.43","8.4011043024","2.99383662365977","0.744308807417908","17.84919546",
"2/23/2009","-40","-6.08845996856689","587","27.143","20.928","68.583854736","2.85966059673724","0.884355257227597","9.3561201",
"2/24/2009","-40","-6.08845996856689","587","32.382","19.338","0.73127754","3.416297609057","0.701334986134062","28.09237896",
"2/25/2009","-40","-6.08845996856689","587","28.669","20.775","75.568803984","2.96120061166223","0.782669027856814","12.11748984",
"2/26/2009","-40","-6.08845996856689","587","32.552","20.815","0.178527744","4.02835053778854","0.654167735965727","27.67100418",
"2/27/2009","-40","-6.08845996856689","587","26.202","20.625","4.674342384","2.0866132700804","0.838079896965021","8.566929468",
"2/28/2009","-40","-6.08845996856689","587","24.673","20.222","3.426360444","1.88256393220446","0.904657921713036","6.161793588",
"3/1/2009","-40","-6.08845996856689","587","30.845","21.365","6.26907348","3.28816085962556","0.845379380426651","17.66998908",
"3/2/2009","-40","-6.08845996856689","587","27.821","20.725","5.373000684","2.97034112020393","0.880542954638208","15.02195544",
"3/3/2009","-40","-6.08845996856689","587","29.474","19.942","3.589438716","2.70431496381355","0.865071636395477","17.88788934",
"3/4/2009","-40","-6.08845996856689","587","31.894","20.3","0.085830732","3.97616879177573","0.733590256858913","27.85556376",
"3/5/2009","-40","-6.08845996856689","587","32.912","21.029","0","3.83208820544676","0.660733370805748","27.31444236",
"3/6/2009","-40","-6.08845996856689","587","33.075","20.995","0.0446319864","3.95926328577154","0.641543438973731","28.05564168",
"3/7/2009","-40","-6.08845996856689","587","31.949","20.334","0.13389588","3.06410552878739","0.630307695711544","22.30098498",
"3/8/2009","-40","-6.08845996856689","587","32.231","20.074","1.057434084","3.23702805512107","0.628221419858846","24.365865708",
"3/9/2009","-40","-6.08845996856689","587","32.321","20.258","0","3.59094958059539","0.608166384189535","22.40021178",
"3/10/2009","-40","-6.08845996856689","587","33.038","20.856","0","3.62075259211917","0.615404457461402","27.15316443",
"3/11/2009","-40","-6.08845996856689","587","33.204","19.902","0.93727116","3.15570621536771","0.6461356554721","18.40905432",
"3/12/2009","-40","-6.08845996856689","587","31.526","21.224","6.190112232","2.71437974312467","0.805344040884156","12.389285682",
"3/13/2009","-40","-6.08845996856689","587","27.559","21.206","7.70416488","2.97279150924401","0.857520924962945","23.79093885",
"3/14/2009","-40","-6.08845996856689","587","26.617","21.79","5.802159024","2.55760248564008","0.891606615133688","13.61823975",
"3/15/2009","-40","-6.08845996856689","587","27.15","21.098","3.62205432","2.80738102321003","0.869574045106183","9.26009649",
"3/16/2009","-40","-6.08845996856689","587","30.241","20.788","1.0162353816","3.56583801660985","0.801964160972525","20.19784824",
"3/17/2009","-40","-6.08845996856689","587","29.651","20.496","3.764534652","2.75688120275051","0.851478502513337","18.22871844",
"3/18/2009","-40","-6.08845996856689","587","31.771","19.634","7.1170800624","2.89985620083131","0.801288049640497","20.76513678",
"3/19/2009","-40","-6.08845996856689","587","31.072","19.13","0.3673551384","2.79917440948501","0.7518357200762","19.601212248",
"3/20/2009","-40","-6.08845996856689","587","32.926","18.375","0","3.36617893363183","0.655754101593935","27.47536452",
"3/21/2009","-40","-6.08845996856689","587","32.635","19.489","0","3.6779865560305","0.657904001666877","27.61689618",
"3/22/2009","-40","-6.08845996856689","587","33.617","20.724","0","4.36327267695425","0.654489331167201","27.5632299",
"3/23/2009","-40","-6.08845996856689","587","33.446","21.741","0.518417172","4.47708508322894","0.729703594349181","22.43086938",
"3/24/2009","-40","-6.08845996856689","587","33.536","21.38","1.1690138376","4.55674618735663","0.732140704277179","27.29041812",
"3/25/2009","-40","-6.08845996856689","587","33.218","20.982","0.6231306024","4.44756549848307","0.71722938679247","27.18405414",
"3/26/2009","-40","-6.08845996856689","587","33.192","20.983","0.0171661392","4.11626941559669","0.65848197269893","27.11834928",
"3/27/2009","-40","-6.08845996856689","587","33.224","21.027","0.6488798904","3.92376306837004","0.640479406265741","25.2267129",
"3/28/2009","-40","-6.08845996856689","587","33.661","20.15","0.0137329056","4.08160028231319","0.596868275157364","27.37169802",
"3/29/2009","-40","-6.08845996856689","587","30.953","21.468","2.0942689824","2.95838519302776","0.745113416256387","22.56424254",
"3/30/2009","-40","-6.08845996856689","587","29.958","21.039","4.51641186","2.82617971729403","0.828431448106527","14.36670324",
"3/31/2009","-40","-6.08845996856689","587","32.74","19.487","0.2609252928","3.83785270316301","0.732747440971389","26.87697126",
"4/1/2009","-40","-6.08845996856689","587","29.824","19.767","5.54466366","2.60246326213217","0.847135677805984","25.71789564",
"4/2/2009","-40","-6.08845996856689","587","26.939","20.722","10.4181327288","1.69530181545901","0.904661179073153","24.3188946",
"4/3/2009","-40","-6.08845996856689","587","28.041","20.816","6.0390520344","2.08608588281772","0.883783134598052","24.53333004",
"4/4/2009","-40","-6.08845996856689","587","29.492","20.356","3.76968168","2.52206823597995","0.887537015707954","12.50273862",
"4/5/2009","-40","-6.08845996856689","587","30.717","19.661","1.991272104","2.59965651201188","0.780194878670999","26.09021052",
"4/6/2009","-40","-6.08845996856689","587","29.966","18.479","0.36048852","2.59266451237539","0.788769951878802","19.4110299",
"4/7/2009","-40","-6.08845996856689","587","28.671","19.904","2.3345939664","1.91230162933646","0.865280310356777","8.42276268",
"4/8/2009","-40","-6.08845996856689","587","32.019","20.107","6.4578998664","2.4642157470723","0.826463492551162","24.46053588",
"4/9/2009","-40","-6.08845996856689","587","33.468","20.369","7.40203578","2.49871838953526","0.793928659122042","21.23195634",
"4/10/2009","-40","-6.08845996856689","587","27.656","20.661","23.936466888","1.97569038013233","0.90615820007709","20.66141484",
"4/11/2009","-40","-6.08845996856689","587","23.628","20.793","4.46662782","1.48023289429046","0.932178180888643","4.60310742",
"4/12/2009","-40","-6.08845996856689","587","27.771","19.961","4.80651822","2.29386070944853","0.898171245546219","14.09005926",
"4/13/2009","-40","-6.08845996856689","587","27.52","21.099","17.777248452","2.56422259760609","0.912036269094503","14.69828934",
"4/14/2009","-40","-6.08845996856689","587","30.07","20.561","2.5577544024","3.07009490371517","0.812942661340702","22.9926339",
"4/15/2009","-40","-6.08845996856689","587","29.497","20.7","3.4194961728","2.62281318910819","0.852577468089476","18.50856066",
"4/16/2009","-40","-6.08845996856689","587","31.403","20.575","5.0880402","3.08141148980151","0.820444065166526","24.00199038",
"4/17/2009","-40","-6.08845996856689","587","31.118","20.704","0.5527500264","3.59622012586417","0.740663179820687","23.57459712",
"4/18/2009","-40","-6.08845996856689","587","28.95","20.817","0.666046332","3.18932117784487","0.744417267013623","17.90470656",
"4/19/2009","-40","-6.08845996856689","587","31.473","19.534","1.42822314","3.09347866793803","0.779386743969703","24.162525",
"4/20/2009","-40","-6.08845996856689","587","26.792","21.477","10.9348272","2.28423806108635","0.906601481510596","14.23940562",
"4/21/2009","-40","-6.08845996856689","587","24.169","20.322","21.3512323104","1.26576600289758","0.941054159247325","6.62337972",
"4/22/2009","-40","-6.08845996856689","587","29.5","20.38","15.7894127784","2.14110087414508","0.871186135102708","18.48188934",
"4/23/2009","-40","-6.08845996856689","587","25.145","21.034","29.2510989864","1.78693812664181","0.935669949285929","9.9481536",
"4/24/2009","-40","-6.08845996856689","587","28.623","20.473","6.111147996","2.09639788114009","0.885720143568148","15.17889546",
"4/25/2009","-40","-6.08845996856689","587","26.109","19.298","3.162001824","1.98766590913725","0.910044490677362","11.4144192",
"4/26/2009","-40","-6.08845996856689","587","29.02","17.65","6.03218304","1.41361141578477","0.870418860168105","21.29501052",
"4/27/2009","-40","-6.08845996856689","587","26.716","21.029","8.28094644","1.65741524602544","0.922216422591497","23.15486466",
"4/28/2009","-40","-6.08845996856689","587","30.213","21.732","8.469775404","2.37654344611891","0.870945168371339","18.3229335",
"4/29/2009","-40","-6.08845996856689","587","24.679","21.34","10.98632412","1.62599821706898","0.956365343248182","9.64260126",
"4/30/2009","-40","-6.08845996856689","587","24.593","20.767","3.553391232","2.04146396686767","0.949233304355275","7.83871614",
"5/1/2009","-40","-6.08845996856689","587","27.012","19.558","3.9276141624","1.89821312046478","0.910761851556312","13.78540728",
"5/2/2009","-40","-6.08845996856689","587","22.636","20.237","28.7360982","2.54114816784073","0.956440405171025","3.908757528",
"5/3/2009","-40","-6.08845996856689","587","25.679","19.886","13.16642814","2.01782390286276","0.912591711351067","11.69178678",
"5/4/2009","-40","-6.08845996856689","587","23.104","18.445","7.8552270504","1.19289323701477","0.959473384600091","3.96556614",
"5/5/2009","-40","-6.08845996856689","587","22.685","18.873","11.133949896","1.78334698137949","0.938772436274027","3.80143386",
"5/6/2009","-40","-6.08845996856689","587","27.789","18.303","2.329444512","1.73343635201837","0.85720809476112","16.57917954",
"5/7/2009","-40","-6.08845996856689","587","29.87","19.936","1.692580788","1.99665792891737","0.869482620666576","21.87124038",
"5/8/2009","-40","-6.08845996856689","587","27.768","20.213","3.83148216","2.84382385710491","0.872068545076293","20.3385366",
"5/9/2009","-40","-6.08845996856689","587","30.191","17.458","6.2210106","2.12728903931673","0.82742843953896","21.8730375",
"5/10/2009","-40","-6.08845996856689","587","27.415","18.734","12.517544844","1.65400492534654","0.903558486912655","16.88637024",
"5/11/2009","-40","-6.08845996856689","587","23.122","19.517","7.2818694","1.92745334688425","0.952130519979165","3.62784312",
"5/12/2009","-40","-6.08845996856689","587","28.06","18.604","2.37579426","1.4101392345614","0.903277587104886","11.42347374",
"5/13/2009","-40","-6.08845996856689","587","28.929","19.93","2.0805344928","2.27812710354046","0.834950021292599","23.07678732",
"5/14/2009","-40","-6.08845996856689","587","28.626","19.366","0.3948210288","2.14136160040707","0.820521036053411","17.8527933",
"5/15/2009","-40","-6.08845996856689","587","29.229","19.039","2.1011371488","1.48507039209611","0.847045815495625","18.61526466",
"5/16/2009","-40","-6.08845996856689","587","29.407","17.414","0.4978179504","1.76645232764454","0.858436938629651","20.70702828",
"5/17/2009","-40","-6.08845996856689","587","29.037","19.115","1.5861508992","2.6522332757946","0.846332652620864","15.9590232",
"5/18/2009","-40","-6.08845996856689","587","28.096","21.101","4.0100089464","3.25501616938239","0.868779427721155","15.4169406",
"5/19/2009","-40","-6.08845996856689","587","29.133","19.577","0.7106784048","2.83938024416812","0.770949662688627","21.91797612",
"5/20/2009","-40","-6.08845996856689","587","27.224","18.444","2.48565438","1.83689650407351","0.877775209264895","9.77579856",
"5/21/2009","-40","-6.08845996856689","587","29.207","18.843","2.4959555136","2.91202151877527","0.825984096919617","17.9523018",
"5/22/2009","-40","-6.08845996856689","587","25.488","20.325","3.093337476","2.7778367996765","0.885101796750573","9.72427212",
"5/23/2009","-40","-6.08845996856689","587","28.7","20.184","3.323363184","3.7408248902051","0.83164383072946","16.99762194",
"5/24/2009","-40","-6.08845996856689","587","28.073","19.118","0.7965091584","3.2605487252572","0.760816532817446","17.65096812",
"5/25/2009","-40","-6.08845996856689","587","29.122","20.711","7.467264792","3.28922982505805","0.785356013894421","20.72328336",
"5/26/2009","-40","-6.08845996856689","587","29.003","19.707","2.403261828","2.1044349457767","0.855042978486359","21.70282482",
"5/27/2009","-40","-6.08845996856689","587","26.254","18.498","2.1286017","2.73966041594555","0.905625495645039","12.4185906",
"5/28/2009","-40","-6.08845996856689","587","29.446","20.154","2.8152502704","3.05912065364712","0.851763459302014","20.60353458",
"5/29/2009","-40","-6.08845996856689","587","27.73","19.535","0.872039628","2.87018676283117","0.848314938189948","11.71074582",
"5/30/2009","-40","-6.08845996856689","587","28.817","20.046","0.7999417728","2.99885427398195","0.779911887397478","20.595375",
"5/31/2009","-40","-6.08845996856689","587","28.943","19.583","1.19819592","2.53437616513635","0.781006602669975","12.85774146",
"6/1/2009","-40","-6.08845996856689","587","30.613","19.06","0","2.65259819413031","0.684585857084895","22.6958643",
"6/2/2009","-40","-6.08845996856689","587","27.14","17.452","3.8984315688","2.32156138569202","0.884852890370609","21.3240924",
"6/3/2009","-40","-6.08845996856689","587","28.543","20.494","1.4591223216","2.30854065832797","0.838838504953505","20.35304946",
"6/4/2009","-40","-6.08845996856689","587","27.17","19.462","0.8531570736","2.55829919055831","0.863891868026666","14.9281893",
"6/5/2009","-40","-6.08845996856689","587","28.971","20.248","2.2127152464","3.34300956529389","0.82924843603379","16.12299276",
"6/6/2009","-40","-6.08845996856689","587","29.793","20.273","4.495805532","3.13024230646575","0.814557255264666","20.7551232",
"6/7/2009","-40","-6.08845996856689","587","29.216","19.587","1.58958396","3.67636564135292","0.724893045659699","22.41923652",
"6/8/2009","-40","-6.08845996856689","587","27.951","18.657","0.4531859784","3.89115848564546","0.73151131659864","15.18294582",
"6/9/2009","-40","-6.08845996856689","587","28.702","18.963","2.0513556","3.73738404443048","0.76000930447476","10.7152839",
"6/10/2009","-40","-6.08845996856689","587","24.998","18.698","3.3388121448","2.82661747749667","0.86360595410543","9.73147212",
"6/11/2009","-40","-6.08845996856689","587","28.68","19.933","2.120016096","3.35590711370522","0.73995905610488","21.768642",
"6/12/2009","-40","-6.08845996856689","587","28.495","19.635","1.1544226272","2.63697460449982","0.763898431768575","16.45644492",
"6/13/2009","-40","-6.08845996856689","587","28.472","18.037","0.0652313088","2.15256663418669","0.794639627828553","13.17037464",
"6/14/2009","-40","-6.08845996856689","587","27.828","18.55","0","3.74866524326174","0.753464424341006","21.02850576",
"6/15/2009","-40","-6.08845996856689","587","27.842","17.851","0","4.61357229583532","0.698891303454185","22.11282504",
"6/16/2009","-40","-6.08845996856689","587","29.469","17.041","0","4.23543905105533","0.683096366414287","22.45859748",
"6/17/2009","-40","-6.08845996856689","587","30.422","18.665","0","3.18481506167397","0.668151752727903","22.38587028",
"6/18/2009","-40","-6.08845996856689","587","30.12","19.449","0.07209774","2.40194597727242","0.697446811733677","21.95893332",
"6/19/2009","-40","-6.08845996856689","587","29.754","18.956","0.0377654904","2.89407354534191","0.684932894206268","21.5754696",
"6/20/2009","-40","-6.08845996856689","587","29.247","19.479","4.430583108","3.73335240751027","0.727955282391958","18.67499532",
"6/21/2009","-40","-6.08845996856689","587","30.087","18.165","0.9707450544","3.7152051143238","0.67619188696616","21.30592896",
"6/22/2009","-40","-6.08845996856689","587","29.282","19.85","0.1819612944","4.19035371258322","0.681353269114093","21.06534744",
"6/23/2009","-40","-6.08845996856689","587","25.697","19.42","0.0068664528","4.67998690988783","0.75082935417367","9.72681066",
"6/24/2009","-40","-6.08845996856689","587","30.314","17.971","0.010299672","3.235599997551","0.67599870652564","22.37894928",
"6/25/2009","-40","-6.08845996856689","587","29.666","19.097","0.62656416","3.19764378777686","0.7018898803837","22.44505248",
"6/26/2009","-40","-6.08845996856689","587","27.287","19.882","3.8357756136","2.94917822949614","0.80257129648573","19.69037334",
"6/27/2009","-40","-6.08845996856689","587","29.904","18.935","0.1012801824","2.94462918950507","0.714636468602531","20.82633948",
"6/28/2009","-40","-6.08845996856689","587","28.399","19.857","13.1286594024","3.0859129859408","0.78167648092384","14.909289768",
"6/29/2009","-40","-6.08845996856689","587","29.57","19.69","1.05228378","3.49833183499531","0.682203378593486","22.447746",
"6/30/2009","-40","-6.08845996856689","587","29.864","19.51","0.5081179464","3.55184129847836","0.653315417395407","22.1822478",
"7/1/2009","-40","-6.08845996856689","587","29.093","19.981","0.46863558","3.33716436855527","0.698545669544187","16.62985872",
"7/2/2009","-40","-6.08845996856689","587","30.042","20.079","0.525284028","3.39442552358405","0.693135905503684","22.21048692",
"7/3/2009","-40","-6.08845996856689","587","29.803","20.376","0.2574927504","3.66924538938143","0.673487675441581","19.88871192",
"7/4/2009","-40","-6.08845996856689","587","29.924","18.609","0.024032592","4.42699827752666","0.615934317772967","19.0056348",
"7/5/2009","-40","-6.08845996856689","587","30.482","18.906","0","3.91590171175912","0.5948920575695","19.21263804",
"7/6/2009","-40","-6.08845996856689","587","28.161","20.142","0.054931644","4.37431697813923","0.605896824701632","17.14292262",
"7/7/2009","-40","-6.08845996856689","587","28.599","20.241","0.0240325992","4.36930799371304","0.706988113458219","16.72689546",
"7/8/2009","-40","-6.08845996856689","587","29.765","18.256","0.76045986","4.11132852539409","0.636720543018983","22.9821768",
"7/9/2009","-40","-6.08845996856689","587","30.178","18.692","0.0411987456","4.00827850162459","0.583161975110039","23.08916268",
"7/10/2009","-40","-6.08845996856689","587","29.678","17.466","0.092697156","3.82029887454947","0.611959295320228","22.996575",
"7/11/2009","-40","-6.08845996856689","587","30.576","18.937","0.4360197024","2.92606643929379","0.65428740216313","22.90309092",
"7/12/2009","-40","-6.08845996856689","587","28.022","19.245","1.075458672","2.48235395355529","0.806320226024944","8.1837549",
"7/13/2009","-40","-6.08845996856689","587","31.667","18.892","0.010299672","3.60182644024742","0.645126485317167","21.89874132",
"7/14/2009","-40","-6.08845996856689","587","30.731","20.462","15.06671532","3.3471879322524","0.656779973910858","21.01967388",
"7/15/2009","-40","-6.08845996856689","587","31.233","19.861","0.0377655048","3.76278474232348","0.570583862533209","23.05271772",
"7/16/2009","-40","-6.08845996856689","587","30.847","20.267","5.345536356","3.83743637946532","0.679745198108805","17.7879402",
"7/17/2009","-40","-6.08845996856689","587","31.132","18.862","0.3055572792","4.79086039350705","0.627201602122527","20.20111308",
"7/18/2009","-40","-6.08845996856689","587","31.046","16.526","0.7999416","3.89370607021406","0.541208702230007","23.79098988",
"7/19/2009","-40","-6.08845996856689","587","29.295","17.322","0.0068664528","2.72162653559969","0.70630244535296","14.66099496",
"7/20/2009","-40","-6.08845996856689","587","30.217","17.782","0.0068664528","2.41512327858098","0.690652518468118","16.58514456",
"7/21/2009","-40","-6.08845996856689","587","30.907","19.79","2.4358773384","4.29891512103082","0.655202707967521","19.40383584",
"7/22/2009","-40","-6.08845996856689","587","28.581","20.182","4.93612344","4.40744840105615","0.75256625600844","20.8816362",
"7/23/2009","-40","-6.08845996856689","587","29.01","19.969","6.09397812","3.98894811385568","0.772562762542309","21.7872108",
"7/24/2009","-40","-6.08845996856689","587","29.178","18.535","3.7353528","3.71250861899223","0.735164674932131","23.71815216",
"7/25/2009","-40","-6.08845996856689","587","30.615","18.487","0","3.13349287573091","0.601615127348608","24.1570728",
"7/26/2009","-40","-6.08845996856689","587","29.428","17.838","0","3.39415266822747","0.606659303312698","23.973804",
"7/27/2009","-40","-6.08845996856689","587","30.858","17.018","0","3.2825908501989","0.584553808778803","24.1598862",
"7/28/2009","-40","-6.08845996856689","587","30.893","18.95","0.0429153408","3.90241063560906","0.574400906629857","24.0805152",
"7/29/2009","-40","-6.08845996856689","587","31.206","17.917","0","3.82757893882166","0.58945303350144","24.17956632",
"7/30/2009","-40","-6.08845996856689","587","30.082","20.149","0.1733778864","4.08779789127457","0.584023919739862","22.05882792",
"7/31/2009","-40","-6.08845996856689","587","30.346","20.259","3.11908572","3.21827832074973","0.597878052204677","23.40737208",
"8/1/2009","-40","-6.08845996856689","587","28.711","20.881","0.0514984104","3.44306536420643","0.574694713567422","12.74990832",
"8/2/2009","-40","-6.08845996856689","587","30.147","18.438","0.135612612","3.69149502092044","0.619181940129043","18.3552768",
"8/3/2009","-40","-6.08845996856689","587","31.17","18.741","0.133895844","4.40811978403258","0.516579129146511","24.71838624",
"8/4/2009","-40","-6.08845996856689","587","31.853","18.096","0.3570554664","4.46447210861461","0.54061821029355","24.4711152",
"8/5/2009","-40","-6.08845996856689","587","30.819","18.267","1.8316296","3.83820026527339","0.578356978646322","24.84494964",
"8/6/2009","-40","-6.08845996856689","587","29.389","19.977","6.471639072","3.62196861469515","0.699062646158278","11.7332955",
"8/7/2009","-40","-6.08845996856689","587","26.191","20.637","1.472854068","5.14513872729013","0.709916959565397","7.36380414",
"8/8/2009","-40","-6.08845996856689","587","30.888","19.704","0.6059648304","5.24101292404698","0.596043577926881","20.2919634",
"8/9/2009","-40","-6.08845996856689","587","31.523","17.848","0.76732668","4.369332776279","0.562293669664936","22.76848188",
"8/10/2009","-40","-6.08845996856689","587","30.825","21.386","0.5209923384","4.01776797181448","0.587977917676855","17.19100818",
"8/11/2009","-40","-6.08845996856689","587","33.583","20.704","0.1459123488","3.90719409993131","0.492900301385154","24.92764164",
"8/12/2009","-40","-6.08845996856689","587","30.798","20.499","0","5.15877579585894","0.563096945021195","24.5847384",
"8/13/2009","-40","-6.08845996856689","587","32.103","18.292","0","5.4852540192156","0.445503600431211","25.37983476",
"8/14/2009","-40","-6.08845996856689","587","32.039","19.72","0.0034332264","5.37669449929027","0.51344098550526","24.99390036",
"8/15/2009","-40","-6.08845996856689","587","31.204","18.834","0","4.77282257826083","0.538304690918755","21.6573192",
"8/16/2009","-40","-6.08845996856689","587","31.613","19.546","0.02059938","5.67645604260272","0.552333669493682","24.42172716",
"8/17/2009","-40","-6.08845996856689","587","32.731","18.119","0","4.2012598675349","0.456605467368518","25.88360508",
"8/18/2009","-40","-6.08845996856689","587","32.841","20.436","0.0102996792","3.56079299720279","0.465043805276909","25.59346218",
"8/19/2009","-40","-6.08845996856689","587","33.335","19.481","0","3.68469788124046","0.513923941696128","25.7429826",
"8/20/2009","-40","-6.08845996856689","587","32.477","21.166","0","5.01002586778053","0.547980142877254","25.54650198",
"8/21/2009","-40","-6.08845996856689","587","34.086","20.144","0.38280492","3.34579337086506","0.565296161968241","21.50071956",
"8/22/2009","-40","-6.08845996856689","587","34.639","20.983","0.05493168","4.20435260004387","0.504357114264626","25.37033274",
"8/23/2009","-40","-6.08845996856689","587","32.3","20.798","1.02138516","5.4431646371665","0.536540248961435","25.87679856",
"8/24/2009","-40","-6.08845996856689","587","32.143","20.163","0","3.33522193980347","0.529584771386191","26.17847082",
"8/25/2009","-40","-6.08845996856689","587","32.183","20.525","0.8377077456","3.53843479305374","0.675639963939196","14.10732936",
"8/26/2009","-40","-6.08845996856689","587","28.158","20.972","0.827407512","4.27965871141612","0.695095598808055","12.9656223",
"8/27/2009","-40","-6.08845996856689","587","28.897","20.698","8.320428","3.66003875780074","0.71106124531921","19.21995198",
"8/28/2009","-40","-6.08845996856689","587","32.778","21.193","1.016235144","3.08704479565118","0.588001210657767","23.57690994",
"8/29/2009","-40","-6.08845996856689","587","32.362","21.13","0","4.16886223492321","0.539900051843648","24.36924924",
"8/30/2009","-40","-6.08845996856689","587","32.679","20.552","0","4.36249195072127","0.427064118492373","26.7043518",
"8/31/2009","-40","-6.08845996856689","587","32.99","20.007","0.0034332264","3.97010210598362","0.465109333701663","26.60299038",
"9/1/2009","-40","-6.08845996856689","587","33.115","20.388","0.0068664528","3.73427018021116","0.448164801927135","26.97024834",
"9/2/2009","-40","-6.08845996856689","587","32.969","19.165","0","3.58738661744352","0.442317362854043","26.9813259",
"9/3/2009","-40","-6.08845996856689","587","32.995","20.454","0","4.31252878177359","0.483324457912017","26.78107158",
"9/4/2009","-40","-6.08845996856689","587","33.905","20.498","0","4.25524605618783","0.514820912448767","26.64726264",
"9/5/2009","-40","-6.08845996856689","587","34.376","20.774","0","5.07417305196993","0.506622634012356","26.94149262",
"9/6/2009","-40","-6.08845996856689","587","33.651","20.695","0","5.60627559703066","0.509987030075819","27.0323397",
"9/7/2009","-40","-6.08845996856689","587","32.451","20.639","0","5.36467409173447","0.51991608021935","27.00584622",
"9/8/2009","-40","-6.08845996856689","587","33.374","19.991","0","4.64011629853785","0.48480874816466","27.28344348",
"9/9/2009","-40","-6.08845996856689","587","32.524","21.623","0","4.66219037225125","0.48206163641994","26.34856848",
"9/10/2009","-40","-6.08845996856689","587","33.097","20.59","0.116729748","4.82002273009896","0.477236413897364","27.1330866",
"9/11/2009","-40","-6.08845996856689","587","33.709","20.721","0","4.87871665221983","0.420258375366835","27.445485312",
"9/12/2009","-40","-6.08845996856689","587","34.119","22.06","0","5.01861989545313","0.489182445448351","20.89760301",
"9/13/2009","-40","-6.08845996856689","587","33.683","21.566","0","4.00025339316878","0.459164269405799","18.57943188",
"9/14/2009","-40","-6.08845996856689","587","34.205","22.297","0.2334596256","4.3735628231073","0.507090416126523","21.92507226",
"9/15/2009","-40","-6.08845996856689","587","34.492","21.716","0","5.07906636505156","0.505613813151512","22.255086312",
"9/16/2009","-40","-6.08845996856689","587","34.755","22.361","0.120162924","4.90781299444144","0.539326922911423","23.573253222",
"9/17/2009","-40","-6.08845996856689","587","34.806","22.003","0.089263944","4.85452635065871","0.501197615609547","25.36177626",
"9/18/2009","-40","-6.08845996856689","587","35.794","21.722","0","4.50132083005896","0.463416932020974","27.24204438",
"9/19/2009","-40","-6.08845996856689","587","35.028","21.53","0","5.73765097821965","0.48427683714798","27.433745568",
"9/20/2009","-40","-6.08845996856689","587","34.189","22.004","0.0995636304","5.96777898522063","0.505049449576247","27.2416455",
"9/21/2009","-40","-6.08845996856689","587","34.866","20.654","0","4.52765862446038","0.501983204348699","27.517049928",
"9/22/2009","-40","-6.08845996856689","587","35.668","21.027","0","4.53366026210089","0.45077338483729","27.797566032",
"9/23/2009","-40","-6.08845996856689","587","34.516","22.286","0","5.13973228339989","0.465129510783913","27.746105832",
"9/24/2009","-40","-6.08845996856689","587","34.853","20.602","0","4.57090767830911","0.474890990801047","28.027910592",
"9/25/2009","-40","-6.08845996856689","587","35.95","20.688","0","5.010721466309","0.490650557387466","27.984877128",
"9/26/2009","-40","-6.08845996856689","587","34.855","22.288","0.0583648488","5.2140223594963","0.493044573240122","27.14400612",
"9/27/2009","-40","-6.08845996856689","587","34.389","20.957","0","5.04618696154825","0.476602189720889","27.960861312",
"9/28/2009","-40","-6.08845996856689","587","35.318","21.517","0","5.28052952890129","0.457162834823343","27.907820568",
"9/29/2009","-40","-6.08845996856689","587","35.85","22.409","0","5.02874947612084","0.463420058637226","28.00845036",
"9/30/2009","-40","-6.08845996856689","587","36.02","21.246","0","4.70622847945098","0.424781851336792","28.5442641",
"10/1/2009","-40","-6.08845996856689","587","35.518","20.863","0","4.51153306730425","0.408482276760005","28.34225856",
"10/2/2009","-40","-6.08845996856689","587","34.877","20.35","0","3.7961124878392","0.422508876655246","28.606037832",
"10/3/2009","-40","-6.08845996856689","587","36.009","20.123","0","3.52992334699999","0.40174034932905","28.3631256",
"10/4/2009","-40","-6.08845996856689","587","35.873","20.281","0","4.28264387443472","0.447793638924144","27.773604288",
"10/5/2009","-40","-6.08845996856689","587","36.044","21.088","0","4.2942800241064","0.425693960740835","27.101424312",
"10/6/2009","-40","-6.08845996856689","587","33.423","21.639","0.221443272","4.34200413267078","0.51483227557462","20.174853168",
"10/7/2009","-40","-6.08845996856689","587","35.269","23.384","0.0514984392","4.94438553813381","0.442657900883938","26.240797872",
"10/8/2009","-40","-6.08845996856689","587","35.481","21.793","0","4.45126144579888","0.448823050944708","27.864345528",
"10/9/2009","-40","-6.08845996856689","587","36.411","20.85","0","3.11120379232632","0.402009335815721","28.03389246",
"10/10/2009","-40","-6.08845996856689","587","35.569","21.543","0.109863324","4.50027483349994","0.468608057055033","24.97437684",
"10/11/2009","-40","-6.08845996856689","587","33.746","21.832","0.604247652","4.36230188567015","0.521116115806862","20.97590724",
"10/12/2009","-40","-6.08845996856689","587","35.085","21.018","0.0240326064","3.94932850893638","0.489394924592701","23.78964006",
"10/13/2009","-40","-6.08845996856689","587","34.931","20.931","0.0068664528","5.10333333036763","0.493186348836588","27.53166222",
"10/14/2009","-40","-6.08845996856689","587","34.518","21.25","0","6.0257347540275","0.460390617979717","27.01282968",
"10/15/2009","-40","-6.08845996856689","587","35.26","21.666","0","5.35374982681535","0.476608712474578","28.1778759",
"10/16/2009","-40","-6.08845996856689","587","35.969","22.039","0","5.22878092593584","0.432838995285636","25.57692342",
"10/17/2009","-40","-6.08845996856689","587","32.356","22.237","0","4.45679285293735","0.476593503792719","23.49961182",
"10/18/2009","-40","-6.08845996856689","587","35.531","22.383","0.0205993728","4.28244287474598","0.446077719766283","28.53891558",
"10/19/2009","-40","-6.08845996856689","587","34.551","21.717","0.0858307464","5.22209091707574","0.497615027850321","24.64755966",
"10/20/2009","-40","-6.08845996856689","587","35.033","21.037","0","5.15267382888111","0.481328831234455","27.9780462",
"10/21/2009","-40","-6.08845996856689","587","34.85","20.457","0","4.90087037418169","0.464157688899425","28.52926992",
"10/22/2009","-40","-6.08845996856689","587","35.263","21.03","0","5.084654356544","0.454570673750857","28.3901121",
"10/23/2009","-40","-6.08845996856689","587","35.822","22.33","0","4.99793084558961","0.448124880817675","27.9263223",
"10/24/2009","-40","-6.08845996856689","587","34.17","21.172","0","3.85789646042727","0.506702531199079","20.97095544",
"10/25/2009","-40","-6.08845996856689","587","32.274","22.791","0.834274332","4.09539509034633","0.513281570369492","16.80272046",
"10/26/2009","-40","-6.08845996856689","587","32.348","21.743","0.717545052","2.9777991521559","0.589060789939239","15.799500252",
"10/27/2009","-40","-6.08845996856689","587","32.808","22.522","0.442886148","5.55956433875027","0.608549130379246","17.22025836",
"10/28/2009","-40","-6.08845996856689","587","33.215","22.463","0.4566192264","5.32354186277484","0.559527904816657","24.845283",
"10/29/2009","-40","-6.08845996856689","587","32.469","22.531","0","5.74924385272002","0.513477185227487","28.2757239",
"10/30/2009","-40","-6.08845996856689","587","33.902","21.8","0.00686646","5.43260492474015","0.483639279674222","27.88885908",
"10/31/2009","-40","-6.08845996856689","587","34.381","21.059","0","5.13667917351028","0.469244347220548","28.089072",
"11/1/2009","-40","-6.08845996856689","587","34.148","22.428","0","5.11555432608911","0.460314100610312","27.13094352",
"11/2/2009","-40","-6.08845996856689","587","35.134","23.467","0","4.81803303246795","0.433614339110871","28.0686285",
"11/3/2009","-40","-6.08845996856689","587","30.36","21.106","1.290035448","3.96887108042664","0.592860479839509","8.19371772",
"11/4/2009","-40","-6.08845996856689","587","32.076","21.391","0.93212118","5.03732422311088","0.553502847608962","15.93365652",
"11/5/2009","-40","-6.08845996856689","587","33.646","21.483","0.25920882","4.13471762534226","0.499591874712919","25.55617212",
"11/6/2009","-40","-6.08845996856689","587","35.451","22.44","0","4.41221191223616","0.453303080710607","28.36536948",
"11/7/2009","-40","-6.08845996856689","587","35.26","22.412","0","4.86357576058712","0.432091706857123","28.41001542",
"11/8/2009","-40","-6.08845996856689","587","35.142","22.212","0","4.57676502644377","0.453163116369087","25.55875746",
"11/9/2009","-40","-6.08845996856689","587","35.676","21.954","0","4.68965303222341","0.485878173244515","28.083987",
"11/10/2009","-40","-6.08845996856689","587","35.688","22.003","0","4.75000771426363","0.444997591924063","28.2699639",
"11/11/2009","-40","-6.08845996856689","587","35.346","21.905","0","4.76772184068964","0.446263665080538","28.36974582",
"11/12/2009","-40","-6.08845996856689","587","32.93","22.57","0","5.09792374720903","0.525764960971353","25.87522338",
"11/13/2009","-40","-6.08845996856689","587","33.941","21.953","0.0686645424","5.11800470480463","0.52683948280367","21.66271812",
"11/14/2009","-40","-6.08845996856689","587","30.902","21.541","0","4.72600201587697","0.527222964365894","14.31939546",
"11/15/2009","-40","-6.08845996856689","587","34.922","21.764","0","3.97701839895596","0.4624244851233","25.49654784",
"11/16/2009","-40","-6.08845996856689","587","33.623","23.027","0.849723804","3.86991873770656","0.507093582573879","19.80218898",
"11/17/2009","-40","-6.08845996856689","587","31.158","23.544","0.0274658256","3.72330023918204","0.519114341207805","13.77191268",
"11/18/2009","-40","-6.08845996856689","587","31.868","23.157","0.0480651984","4.4699201162783","0.55350107688687","17.10539478",
"11/19/2009","-40","-6.08845996856689","587","35.26","21.49","0","5.33831310811117","0.501719533862423","26.01331992",
"11/20/2009","-40","-6.08845996856689","587","34.202","21.732","0","5.69022549121626","0.418630835128494","27.8621991",
"11/21/2009","-40","-6.08845996856689","587","34.444","21.155","0","5.68359914318391","0.428395215812676","28.2550914",
"11/22/2009","-40","-6.08845996856689","587","34.853","22.781","0","4.98074093289833","0.423450089510761","28.2887415",
"11/23/2009","-40","-6.08845996856689","587","35.119","22.861","0","4.79604573111496","0.440839576080963","27.81371628",
"11/24/2009","-40","-6.08845996856689","587","33.7","22.624","0.082397448","4.23095392557997","0.489876265744073","21.42466956",
"11/25/2009","-40","-6.08845996856689","587","34.87","21.586","0","5.30796294197323","0.448702693947999","28.11403062",
"11/26/2009","-40","-6.08845996856689","587","35.899","24.537","0","5.60768259897022","0.368200593389089","28.12302918",
"11/27/2009","-40","-6.08845996856689","587","35.145","22.008","0","5.59652058722331","0.44751688435106","25.66175868",
"11/28/2009","-40","-6.08845996856689","587","35.776","22.945","0","5.61264924020181","0.436646220317118","24.33037626",
"11/29/2009","-40","-6.08845996856689","587","35.066","22.822","0","5.73807283916138","0.463673641380943","27.3322701",
"11/30/2009","-40","-6.08845996856689","587","33.87","22.784","0","5.79951395274656","0.507095100148168","23.43234006",
"12/1/2009","-40","-6.08845996856689","587","33.876","22.575","0.509834664","5.37902247793947","0.545329453441954","22.66419114",
"12/2/2009","-40","-6.08845996856689","587","31.967","22.891","0.192260556","5.95634990335423","0.516271015026031","22.87035504",
"12/3/2009","-40","-6.08845996856689","587","34.068","20.83","0.0274658184","4.31824850131177","0.490670275327566","18.33772464",
"12/4/2009","-40","-6.08845996856689","587","34.121","23.941","0.00686646","5.72630746959965","0.474388652534067","22.88351358",
"12/5/2009","-40","-6.08845996856689","587","33.567","22.403","0","5.80658231807455","0.563419021118182","21.98863008",
"12/6/2009","-40","-6.08845996856689","587","34.217","22.369","0","5.59593376944125","0.541039421519968","25.13688462",
"12/7/2009","-40","-6.08845996856689","587","34.836","22.21","0.06179814","5.39043233731017","0.540751289107992","22.44594366",
"12/8/2009","-40","-6.08845996856689","587","34.491","22.489","0.41198724","4.72804321552202","0.482591926628242","27.7110063",
"12/9/2009","-40","-6.08845996856689","587","34.895","22.633","0","5.33882933002407","0.441945035997387","28.1010897",
"12/10/2009","-40","-6.08845996856689","587","35.964","23.583","0.250625556","5.84439919765634","0.450381119724809","26.869446",
"12/11/2009","-40","-6.08845996856689","587","34.709","22.838","0","5.50983412646523","0.482637820821034","27.66549708",
"12/12/2009","-40","-6.08845996856689","587","33.723","22.828","0","4.89550540190663","0.458001500702516","26.7004116",
"12/13/2009","-40","-6.08845996856689","587","32.838","22.198","0.04119876","4.26583511971187","0.530353617395978","17.42259996",
"12/14/2009","-40","-6.08845996856689","587","30.713","22.816","0.0137329056","4.49873395673911","0.581963878383447","18.0457227",
"12/15/2009","-40","-6.08845996856689","587","34.963","22.407","0","5.61112624325864","0.448981886169725","28.1865411",
"12/16/2009","-40","-6.08845996856689","587","34.678","22.476","0","5.09415397904934","0.449307414131036","28.09079712",
"12/17/2009","-40","-6.08845996856689","587","34.712","22.762","0.0137329128","5.50083581827808","0.48224224532319","22.99038498",
"12/18/2009","-40","-6.08845996856689","587","34.555","22.525","0.0617980968","5.1704824665977","0.487494575046057","21.9378933",
"12/19/2009","-40","-6.08845996856689","587","35.409","23.992","0.178527888","4.95006087848526","0.48143382643129","22.74546798",
"12/20/2009","-40","-6.08845996856689","587","35.557","22.91","0.484085232","4.79892505708676","0.474477201300215","23.01902046",
"12/21/2009","-40","-6.08845996856689","587","35.17","24.007","0.0034332264","5.66939694811294","0.456286538207399","25.69753008",
"12/22/2009","-40","-6.08845996856689","587","31.444","22.709","8.0062845624","4.67631319836919","0.588465556850976","13.99511034",
"12/23/2009","-40","-6.08845996856689","587","29.284","21.645","24.568164756","3.40649370909908","0.713669223385449","15.68733858",
"12/24/2009","-40","-6.08845996856689","587","33.634","22.069","1.7921448","4.73012819171061","0.600838691066338","25.91447922",
"12/25/2009","-40","-6.08845996856689","587","33.262","22.003","0.446319756","4.41768785193677","0.644591642748399","21.79507842",
"12/26/2009","-40","-6.08845996856689","587","33.172","21.734","1.4419533312","4.62893873911337","0.648909876326091","20.8307871",
"12/27/2009","-40","-6.08845996856689","587","32.885","21.604","2.228165424","5.00009574131211","0.641865008950491","26.27730018",
"12/28/2009","-40","-6.08845996856689","587","32.273","21.452","1.56555","4.5008594027048","0.648675359241131","26.24202792",
"12/29/2009","-40","-6.08845996856689","587","32.718","22.336","0.051498396","3.87419618738496","0.598418395002191","22.27212648",
"12/30/2009","-40","-6.08845996856689","587","33.067","22.003","0","3.78037401290056","0.586530912901414","21.98975778",
"12/31/2009","-40","-6.08845996856689","587","32.709","21.111","2.1148668","3.06603958569828","0.644410847583276","16.69207068",
"1/1/2010","-40","-6.08845996856689","587","28.178","20.75","4.634855388","2.57740827616311","0.789577071405448","18.37575414",
"1/2/2010","-40","-6.08845996856689","587","27.613","20.985","5.987548872","3.13318871737906","0.821930128726581","13.10675958",
"1/3/2010","-40","-6.08845996856689","587","27.942","20.849","5.25283578","3.68111963824717","0.829850205130815","18.32821668",
"1/4/2010","-40","-6.08845996856689","587","29.953","21.072","2.097701928","3.97441789453659","0.776089436165774","21.63667842",
"1/5/2010","-40","-6.08845996856689","587","32.248","20.176","0.183677652","3.65147823023617","0.640130648920461","27.83491182",
"1/6/2010","-40","-6.08845996856689","587","33.328","20.626","0","3.74296024104321","0.59155715552447","27.9956808",
"1/7/2010","-40","-6.08845996856689","587","33.083","21.017","0","4.39117655187573","0.598173504571957","24.26568552",
"1/8/2010","-40","-6.08845996856689","587","31.167","22.39","0.5304334248","4.35013488875387","0.640970403951571","20.346470712",
"1/9/2010","-40","-6.08845996856689","587","29.135","21.542","1.62048384","3.09185999950333","0.709795765256199","13.458881952",
"1/10/2010","-40","-6.08845996856689","587","26.602","21.136","4.291536924","3.33378550261497","0.825287620768719","14.33519991",
"1/11/2010","-40","-6.08845996856689","587","32.734","20.138","0.6059646072","3.28592484216547","0.685951926792626","20.9151603",
"1/12/2010","-40","-6.08845996856689","587","32.271","20.607","0.164795148","3.78368538892556","0.635333117035903","23.561096688",
"1/13/2010","-40","-6.08845996856689","587","33.455","22.319","0.43258644","4.29831582708137","0.563874256044482","24.01684452",
"1/14/2010","-40","-6.08845996856689","587","33.442","20.887","0","3.94090346536443","0.536878414551162","27.08363907",
"1/15/2010","-40","-6.08845996856689","587","34.254","21.571","0","4.30089870558702","0.558268624185981","24.57185058",
"1/16/2010","-40","-6.08845996856689","587","34.942","20.875","0.09269712","4.86076829044811","0.533593113093175","28.5264594",
"1/17/2010","-40","-6.08845996856689","587","34.329","21.377","2.468489616","4.4646336621758","0.595762050619465","28.57516335",
"1/18/2010","-40","-6.08845996856689","587","25.133","19.852","8.929826532","2.56246285872056","0.870336351356009","4.178417868",
"1/19/2010","-40","-6.08845996856689","587","32.795","19.533","3.80229768","3.35364240441389","0.754453936609316","28.21393944",
"1/20/2010","-40","-6.08845996856689","587","28.234","20.579","9.522061884","3.18848426940941","0.825795091604133","26.46708993",
"1/21/2010","-40","-6.08845996856689","587","31.008","20.789","2.001571776","3.75700449793979","0.750859511727439","24.86980422",
"1/22/2010","-40","-6.08845996856689","587","32.967","20.461","0","3.61965283168106","0.606534126089756","28.58586039",
"1/23/2010","-40","-6.08845996856689","587","33.694","20.433","0","3.73919670207711","0.576137006486832","28.4824143",
"1/24/2010","-40","-6.08845996856689","587","33.649","21.062","0.8205412248","4.0964004685112","0.599162281438749","26.05122963",
"1/25/2010","-40","-6.08845996856689","587","32.563","20.913","1.79214516","3.51909776664465","0.667413141870691","19.07094366",
"1/26/2010","-40","-6.08845996856689","587","29.605","20.464","5.13954288","3.30341867049506","0.795668386542233","21.43377855",
"1/27/2010","-40","-6.08845996856689","587","27.682","21.063","4.8614505984","2.57795148182572","0.87855149608143","9.155868714",
"1/28/2010","-40","-6.08845996856689","587","28.449","21.417","5.0142276","3.21175937002015","0.819810526592028","23.34858777",
"1/29/2010","-40","-6.08845996856689","587","32.629","20.601","1.208496384","4.39951037036818","0.683637205309272","25.98541497",
"1/30/2010","-40","-6.08845996856689","587","34.325","21.011","0.0308990592","4.10940962478166","0.592465480800311","27.00028116",
"1/31/2010","-40","-6.08845996856689","587","33.746","21.208","0.937270908","4.16302630364175","0.661169368907226","23.0311125",
"2/1/2010","-40","-6.08845996856689","587","33.915","21.257","0.971603496","4.4196239642863","0.659370327729247","24.13372716",
"2/2/2010","-40","-6.08845996856689","587","33.601","21.543","0.477218736","4.31988011772996","0.655694698417227","22.65203916",
"2/3/2010","-40","-6.08845996856689","587","34.367","21.14","0.3639222","4.25855006617515","0.604979206393447","28.11200661",
"2/4/2010","-40","-6.08845996856689","587","35.091","21.894","0.0240325848","4.06935000759273","0.572947993972816","22.51653876",
"2/5/2010","-40","-6.08845996856689","587","36.085","21.742","0.3055574304","4.13123615856728","0.538723901285137","28.69644258",
"2/6/2010","-40","-6.08845996856689","587","34.768","22.304","1.47113784","4.74169686060285","0.612173256647885","27.61189173",
"2/7/2010","-40","-6.08845996856689","587","31.958","21.608","1.4402390184","3.50094264399264","0.674781601278897","16.01769438",
"2/8/2010","-40","-6.08845996856689","587","33.879","21.109","3.039264756","3.89076926650842","0.701305596177871","20.84176098",
"2/9/2010","-40","-6.08845996856689","587","30.57","21.747","6.2742186576","2.91743615155919","0.790416828115161","14.496809238",
"2/10/2010","-40","-6.08845996856689","587","29.265","20.927","4.045198284","1.91548124311001","0.858900029298518","11.59982208",
"2/11/2010","-40","-6.08845996856689","587","33.117","21.579","3.6100368","3.36701583384211","0.688050903184878","25.93631691",
"2/12/2010","-40","-6.08845996856689","587","33.487","21.452","1.5106206528","4.59080920607849","0.645510891269162","26.91090324",
"2/13/2010","-40","-6.08845996856689","587","30.404","20.441","4.2829518528","3.11769153482469","0.692602016301017","22.80211524",
"2/14/2010","-40","-6.08845996856689","587","33.404","20.214","1.850509224","3.23273008783669","0.720657456982713","27.47367855",
"2/15/2010","-40","-6.08845996856689","587","28.55","21.5","42.3489174264","3.79755588779173","0.833157084058071","11.67546771",
"2/16/2010","-40","-6.08845996856689","587","30.201","21.187","0.334739592","3.83945485389101","0.670350651879078","14.37316659",
"2/17/2010","-40","-6.08845996856689","587","31.333","21.734","0.3355979904","3.4828933407279","0.669680107116948","15.75866457",
"2/18/2010","-40","-6.08845996856689","587","34.15","22.358","0.065231388","4.69800733079492","0.59578726535113","25.27649415",
"2/19/2010","-40","-6.08845996856689","587","35.401","21.102","2.804947596","4.45411313128002","0.607494295985346","27.64131012",
"2/20/2010","-40","-6.08845996856689","587","34.443","21.606","6.05106036","4.26414681316179","0.665151431391857","28.42509528",
"2/21/2010","-40","-6.08845996856689","587","33.501","21.315","1.59988356","3.81154778996267","0.655521491299153","22.23405108",
"2/22/2010","-40","-6.08845996856689","587","34.173","22.092","1.99470492","4.42617514105414","0.64965128830167","22.12824699",
"2/23/2010","-40","-6.08845996856689","587","33.669","22.187","1.857373956","3.86818898021877","0.650453123468396","18.942405282",
"2/24/2010","-40","-6.08845996856689","587","31.806","22.518","0.9544372704","4.29095010430215","0.671568659729426","20.58575391",
"2/25/2010","-40","-6.08845996856689","587","29.877","21.826","0.47721816","3.43634774871518","0.739131446621009","12.64601421",
"2/26/2010","-40","-6.08845996856689","587","34.065","21.481","0.0926971344","3.01828717549482","0.647190939092439","26.26942203",
"2/27/2010","-40","-6.08845996856689","587","34.766","20.157","0.010299672","3.58856925023127","0.610326408654212","28.31602464",
"2/28/2010","-40","-6.08845996856689","587","34.685","21.911","0","4.4033593348913","0.567492841918477","28.39527828",
"3/1/2010","-40","-6.08845996856689","587","35.608","19.908","0","3.82302159596003","0.556826706112615","28.518021",
"3/2/2010","-40","-6.08845996856689","587","35.812","20.057","0","3.64579848336835","0.527179248989036","28.73908332",
"3/3/2010","-40","-6.08845996856689","587","35.713","20.559","0","4.25678443264936","0.55530895339561","28.7570826",
"3/4/2010","-40","-6.08845996856689","587","35.447","19.482","0","2.96763641769073","0.580628694296378","22.91355198",
"3/5/2010","-40","-6.08845996856689","587","33.569","20.404","0.2660752512","2.4027377929946","0.591911695544159","18.64440549",
"3/6/2010","-40","-6.08845996856689","587","36.782","19.95","0.345039624","3.04265625699253","0.574077195556492","25.21715517",
"3/7/2010","-40","-6.08845996856689","587","33.393","20.928","0.109863324","3.20117803547682","0.604053176831633","13.57998795",
"3/8/2010","-40","-6.08845996856689","587","35.589","20.95","0","4.05571333197845","0.580114067027488","26.60428233",
"3/9/2010","-40","-6.08845996856689","587","36.65","21.839","0.02059938","4.09048715585461","0.563094274080991","25.96713426",
"3/10/2010","-40","-6.08845996856689","587","34.775","20.67","0","3.51909149470893","0.593765466537046","24.32345526",
"3/11/2010","-40","-6.08845996856689","587","34.38","19.327","0","2.59547849340866","0.606048958705731","20.34669627",
"3/12/2010","-40","-6.08845996856689","587","31.389","21.495","9.1238049","2.38349976571177","0.762653957495124","19.9304964",
"3/13/2010","-40","-6.08845996856689","587","36.033","22.125","3.357698436","3.43868747086875","0.680396555952877","18.35651079",
"3/14/2010","-40","-6.08845996856689","587","35.391","21.169","0.4085539704","3.82850259763147","0.643895012638235","21.06477774",
"3/15/2010","-40","-6.08845996856689","587","34.019","21.007","1.354408092","3.87364164425246","0.679243068531073","19.82632806",
"3/16/2010","-40","-6.08845996856689","587","35.858","22.179","1.17416394","4.31954527038047","0.553148413283098","27.97638984",
"3/17/2010","-40","-6.08845996856689","587","35.791","21.831","0.25405884","4.06420310333823","0.542542032936948","27.34772886",
"3/18/2010","-40","-6.08845996856689","587","35.044","21.375","0","4.38487497718338","0.534197585096511","23.5655955",
"3/19/2010","-40","-6.08845996856689","587","35.439","21.277","0.116729856","4.64948104721315","0.593651501718285","25.02894636",
"3/20/2010","-40","-6.08845996856689","587","31.532","21.959","4.985046144","3.12497962945283","0.79470781478369","17.99336394",
"3/21/2010","-40","-6.08845996856689","587","29.599","21.88","1.788711516","3.62326024174399","0.807084496224802","16.6859424",
"3/22/2010","-40","-6.08845996856689","587","33.741","21.171","1.788711048","2.99697028252304","0.695495352841957","22.3662969",
"3/23/2010","-40","-6.08845996856689","587","34.406","21.094","6.74285742","2.61995578673134","0.620835656295199","26.80599366",
"3/24/2010","-40","-6.08845996856689","587","35.044","20.76","0.497817792","2.71156920774073","0.607518664257379","25.36638588",
"3/25/2010","-40","-6.08845996856689","587","34.169","21.891","4.796220528","2.83928772851044","0.699774431182078","23.2944174",
"3/26/2010","-40","-6.08845996856689","587","25.896","20.289","8.459469756","1.85475585497828","0.867531270007911","11.23402356",
"3/27/2010","-40","-6.08845996856689","587","25.792","20.463","9.3280785984","1.47233189237541","0.923952591166561","5.694750072",
"3/28/2010","-40","-6.08845996856689","587","27.991","21.11","3.61862208","2.9632751123994","0.885525129288117","17.25491718",
"3/29/2010","-40","-6.08845996856689","587","27.587","20.946","10.8798980688","2.36731994020326","0.88033193062381","13.2926013",
"3/30/2010","-40","-6.08845996856689","587","32.495","21.52","9.973530468","2.7062482345377","0.803235706260909","18.138939012",
"3/31/2010","-40","-6.08845996856689","587","33.183","22.146","4.9644486","3.7351899628798","0.722869542265803","25.52461992",
"4/1/2010","-40","-6.08845996856689","587","32.656","21.672","4.039193808","3.84012932699789","0.787069154014806","26.17318134",
"4/2/2010","-40","-6.08845996856689","587","33.156","21.155","3.24526086","3.73875786584152","0.746676779710668","25.94227698",
"4/3/2010","-40","-6.08845996856689","587","32.807","21.228","1.46770452","3.52554237638452","0.716848004372688","26.15000148",
"4/4/2010","-40","-6.08845996856689","587","32.976","22.225","1.584434844","3.68160605099135","0.733109601889584","24.254496",
"4/5/2010","-40","-6.08845996856689","587","31.291","21.731","2.8564455024","3.21297039399615","0.785586815527384","23.3359317",
"4/6/2010","-40","-6.08845996856689","587","33.631","20.711","0.822258","3.64736213874853","0.75779649330442","26.21553732",
"4/7/2010","-40","-6.08845996856689","587","33.923","19.661","3.88727208","2.82456426526364","0.785063676837127","23.29751232",
"4/8/2010","-40","-6.08845996856689","587","32.96","20.445","11.9476364904","2.27011649047382","0.836192996545068","20.08153152",
"4/9/2010","-40","-6.08845996856689","587","31.269","20.588","8.1316034568","2.32415545829889","0.883426162516418","20.36300292",
"4/10/2010","-40","-6.08845996856689","587","24.72","20.34","5.9652291456","1.97743134381789","0.939779463156953","5.92104168",
"4/11/2010","-40","-6.08845996856689","587","25.122","19.706","16.51210866","1.58387055239813","0.924517880759967","8.35930458",
"4/12/2010","-40","-6.08845996856689","587","23.59","20.138","30.5694522432","1.48133972194393","0.943503233317651","4.405609692",
"4/13/2010","-40","-6.08845996856689","587","27.553","20.18","4.7189713464","2.61781951150027","0.905649592097932","16.574170968",
"4/14/2010","-40","-6.08845996856689","587","29.592","20.559","0.2403259776","2.71637759160756","0.797001009416678","15.83268696",
"4/15/2010","-40","-6.08845996856689","587","32.125","21.522","2.784350232","3.0307902942297","0.732098154345177","24.0718563",
"4/16/2010","-40","-6.08845996856689","587","32.456","20.356","0.91323828","3.1601597309082","0.691857773566215","25.93665432",
"4/17/2010","-40","-6.08845996856689","587","32.6","20.59","1.270292976","3.28586370963865","0.709489133091682","23.74650036",
"4/18/2010","-40","-6.08845996856689","587","30.658","21.431","5.615043912","3.70360713951944","0.833086389143588","19.99952082",
"4/19/2010","-40","-6.08845996856689","587","32.523","21.862","1.308059136","3.69093036549841","0.698877242531426","25.0124571",
"4/20/2010","-40","-6.08845996856689","587","32.792","21.287","0.061798104","2.94633545972817","0.652948711201237","25.24010562",
"4/21/2010","-40","-6.08845996856689","587","32.083","20.695","0.4497528384","2.78487485630483","0.697760762162805","21.56805576",
"4/22/2010","-40","-6.08845996856689","587","30.402","19.826","3.1362507504","2.45545827767313","0.814181542660873","24.48253044",
"4/23/2010","-40","-6.08845996856689","587","30.297","21.305","2.4187084848","2.8986444510106","0.824948062660186","20.4117705",
"4/24/2010","-40","-6.08845996856689","587","32.624","21.696","0.5458829904","3.49927431265102","0.669866396356329","24.69645504",
"4/25/2010","-40","-6.08845996856689","587","32.382","20.612","0.092697156","3.56235177198983","0.627730201577817","25.2849294",
"4/26/2010","-40","-6.08845996856689","587","32.492","20.088","0","3.04814623165811","0.614613747408087","25.2793674",
"4/27/2010","-40","-6.08845996856689","587","31.815","20.42","0.7982253","2.73034544647571","0.692548357927505","21.31835814",
"4/28/2010","-40","-6.08845996856689","587","33.457","20.604","0.102996792","2.544998788035","0.663890833727563","24.67866618",
"4/29/2010","-40","-6.08845996856689","587","31.789","21.476","2.149200216","3.21778762741118","0.724999383846757","20.25281484",
"4/30/2010","-40","-6.08845996856689","587","28.165","20.462","7.89985764","1.97097884947748","0.849696862351992","17.5170393",
"5/1/2010","-40","-6.08845996856689","587","32.182","21.551","2.32772976","2.28924609452964","0.72002054399924","24.12889272",
"5/2/2010","-40","-6.08845996856689","587","27.349","20.856","14.73540696","1.77638618914646","0.887608676093685","22.55946102",
"5/3/2010","-40","-6.08845996856689","587","31.144","21.363","3.227236128","3.06424145365722","0.812321117550115","16.7192469",
"5/4/2010","-40","-6.08845996856689","587","31.865","20.823","0.607680972","2.72720975710143","0.752219492747755","16.4732085",
"5/5/2010","-40","-6.08845996856689","587","33.052","21.333","0.5012507448","2.9201395635515","0.665147275812445","23.71478202",
"5/6/2010","-40","-6.08845996856689","587","31.494","21.257","2.1217349304","3.34486812327251","0.786639340896748","21.5257554",
"5/7/2010","-40","-6.08845996856689","587","33.38","21.046","0.978469956","2.75094784407385","0.69530442494685","23.26234986",
"5/8/2010","-40","-6.08845996856689","587","33.113","20.366","0","3.30421854094634","0.5344677770735","24.51549312",
"5/9/2010","-40","-6.08845996856689","587","33.299","22.104","0.205993692","2.51865515213762","0.633196728779698","23.47757532",
"5/10/2010","-40","-6.08845996856689","587","32.807","20.762","1.644516144","2.40863134625044","0.664383860464157","23.16189546",
"5/11/2010","-40","-6.08845996856689","587","33.273","17.561","0","1.97570088319753","0.641611575228034","23.99563134",
"5/12/2010","-40","-6.08845996856689","587","32.407","18.841","0.906372648","2.26198863938115","0.71602819931494","20.63621232",
"5/13/2010","-40","-6.08845996856689","587","30.133","21.115","5.28202008","3.10859975275496","0.852849756852581","22.1912496",
"5/14/2010","-40","-6.08845996856689","587","32.315","20.427","0.0755310168","3.27799352180467","0.716249770194812","23.09619024",
"5/15/2010","-40","-6.08845996856689","587","33.297","19.648","0","3.09980872397948","0.595415667839048","23.848317",
"5/16/2010","-40","-6.08845996856689","587","33.267","19.111","0","2.87978135306832","0.486249587337555","24.17326884",
"5/17/2010","-40","-6.08845996856689","587","33.189","19.984","0","2.96539472185614","0.604390849786196","23.45079888",
"5/18/2010","-40","-6.08845996856689","587","33.54","20.818","0","3.23811835461857","0.544978174574456","23.79999384",
"5/19/2010","-40","-6.08845996856689","587","30.779","20.044","0","3.43532372967108","0.649857072409731","22.5033192",
"5/20/2010","-40","-6.08845996856689","587","32.708","19.657","0","3.08817129022519","0.570718713551903","23.41395054",
"5/21/2010","-40","-6.08845996856689","587","31.709","18.88","0","2.77960367792479","0.679310964237388","22.5981027",
"5/22/2010","-40","-6.08845996856689","587","33.336","18.063","0","2.90058090294016","0.661277862758049","23.0030424",
"5/23/2010","-40","-6.08845996856689","587","33.383","21.05","1.682281872","3.33808291043853","0.748770530889617","19.64790468",
"5/24/2010","-40","-6.08845996856689","587","33.287","21.199","1.0437012","3.49679283297516","0.664832837576952","22.5684576",
"5/25/2010","-40","-6.08845996856689","587","33.74","20.77","0.10986336","3.6056869196703","0.612791777263369","22.9989375",
"5/26/2010","-40","-6.08845996856689","587","33.051","21.629","0","3.58674426470421","0.634949130084061","22.5545643",
"5/27/2010","-40","-6.08845996856689","587","31.832","21.719","1.469421396","3.33818195352916","0.716714486083563","14.11616052",
"5/28/2010","-40","-6.08845996856689","587","32.56","21.291","0.3124234368","2.61252292615001","0.690189509403072","15.94524276",
"5/29/2010","-40","-6.08845996856689","587","32.594","19.976","0","3.29785611793367","0.65646462479634","17.42462154",
"5/30/2010","-40","-6.08845996856689","587","33.415","20.609","0","3.23408526437244","0.612924758980246","20.12703732",
"5/31/2010","-40","-6.08845996856689","587","29.716","21.391","1.756095912","3.49677115511906","0.797941190414587","12.01983138",
"6/1/2010","-40","-6.08845996856689","587","31.389","20.778","4.767039108","1.96082891193404","0.806991097646442","17.61136812",
"6/2/2010","-40","-6.08845996856689","587","29.97","20.509","7.190895996","2.71091025328674","0.847405354480132","17.92709604",
"6/3/2010","-40","-6.08845996856689","587","30.574","21.152","10.3683457584","4.29428914664923","0.736127221842605","20.81834802",
"6/4/2010","-40","-6.08845996856689","587","29.076","19.954","2.3260122","4.76800006645497","0.737862532359282","21.4558902",
"6/5/2010","-40","-6.08845996856689","587","29.476","19.086","2.76889752","3.63440255505373","0.734934216013038","10.647954",
"6/6/2010","-40","-6.08845996856689","587","31.235","18.175","0","2.76862115917436","0.719246086296565","22.0693518",
"6/7/2010","-40","-6.08845996856689","587","31.711","19.723","0.0789641856","2.93804426723645","0.711782730864105","21.32262954",
"6/8/2010","-40","-6.08845996856689","587","31.553","19.204","0","3.47793044441439","0.621890999692032","22.56479838",
"6/9/2010","-40","-6.08845996856689","587","31.242","19.632","0.082397448","3.418935542132","0.583608278009471","21.85435926",
"6/10/2010","-40","-6.08845996856689","587","31.494","19.061","0","4.14084637812142","0.632190403742731","20.32363026",
"6/11/2010","-40","-6.08845996856689","587","31.587","19.308","0","4.17395999485301","0.601113501320113","22.76802792",
"6/12/2010","-40","-6.08845996856689","587","32.246","20.738","0.123596172","3.42437468044366","0.556495122899258","21.61496124",
"6/13/2010","-40","-6.08845996856689","587","29.853","19.132","0","4.95534147444178","0.660965577786013","21.92826888",
"6/14/2010","-40","-6.08845996856689","587","29.821","18.697","0","5.07861531653894","0.657700971943992","21.94762356",
"6/15/2010","-40","-6.08845996856689","587","30.258","18.563","0.017166132","5.38726800324196","0.618948948318374","17.27797608",
"6/16/2010","-40","-6.08845996856689","587","28.513","19.493","0.6162638328","4.58778698289466","0.7114306061251","12.40931484",
"6/17/2010","-40","-6.08845996856689","587","27.943","19.273","1.7200470168","4.68911016609415","0.753081383208796","8.59668336",
"6/18/2010","-40","-6.08845996856689","587","27.038","19.744","0.7793431344","3.89344448533585","0.774351109597629","6.74893674",
"6/19/2010","-40","-6.08845996856689","587","26.71","19.232","2.3448910248","3.1198614198473","0.803211112964537","8.3275317",
"6/20/2010","-40","-6.08845996856689","587","32.348","18.367","0","4.0988113135631","0.608876271221799","22.63692024",
"6/21/2010","-40","-6.08845996856689","587","31.516","18.103","0","3.35090694669198","0.534324430039436","23.20852752",
"6/22/2010","-40","-6.08845996856689","587","32.934","17.268","0","2.88952745763218","0.563080360283478","22.90623912",
"6/23/2010","-40","-6.08845996856689","587","31.576","19.636","0.2592088344","4.07626907153516","0.614040421501616","20.69364024",
"6/24/2010","-40","-6.08845996856689","587","30.76","20.414","0.563907564","4.97417973334506","0.606519186252772","22.71307788",
"6/25/2010","-40","-6.08845996856689","587","31.413","17.636","0.02059938","5.15273982608906","0.587090549630664","22.77146088",
"6/26/2010","-40","-6.08845996856689","587","32.821","17.811","0.054931644","5.24836171323023","0.471895780792285","23.64283368",
"6/27/2010","-40","-6.08845996856689","587","29.963","18.159","0","5.01535453585954","0.715223850987496","16.45036488",
"6/28/2010","-40","-6.08845996856689","587","28.249","18.587","0","4.40435827814662","0.694401410876589","14.70966336",
"6/29/2010","-40","-6.08845996856689","587","30.862","17.57","0","4.32083000598352","0.587712397672398","21.17458296",
"6/30/2010","-40","-6.08845996856689","587","31.913","18.78","0","4.57538539572527","0.521868470529985","22.2292134",
"7/1/2010","-40","-6.08845996856689","587","29.562","18.689","0","3.65051814672643","0.502874258658634","15.49895544",
"7/2/2010","-40","-6.08845996856689","587","32.156","18.53","0","4.03533009540278","0.508707323835621","19.94225544",
"7/3/2010","-40","-6.08845996856689","587","32.065","16.87","0","4.40586857896385","0.473283841405416","22.9785768",
"7/4/2010","-40","-6.08845996856689","587","31.72","18.531","0","4.52041097446263","0.547105640720231","23.00168952",
"7/5/2010","-40","-6.08845996856689","587","31.663","16.942","0","4.56254306791352","0.568588531796546","22.99382388",
"7/6/2010","-40","-6.08845996856689","587","30.145","18.08","0","5.17608588539334","0.613963260259452","22.63291668",
"7/7/2010","-40","-6.08845996856689","587","31.984","17.03","0","3.99158248259867","0.52196100333034","21.2935572",
"7/8/2010","-40","-6.08845996856689","587","30.832","21.302","0.0514984248","3.61579538613626","0.556618856841297","15.59587356",
"7/9/2010","-40","-6.08845996856689","587","32.777","19.241","0.0806809464","4.43186895815869","0.616955758063805","19.48376484",
"7/10/2010","-40","-6.08845996856689","587","32.925","19.345","0.17852796","4.62164169463772","0.534815373278098","22.72927572",
"7/11/2010","-40","-6.08845996856689","587","32.05","20.382","0.0068664528","4.50943909926028","0.517418686785798","22.74981048",
"7/12/2010","-40","-6.08845996856689","587","32.333","18.828","0.1167298848","4.28100954050942","0.584632161885911","22.39397028",
"7/13/2010","-40","-6.08845996856689","587","31.626","21.179","1.9071577728","3.72792153264208","0.681456957188616","15.5711268",
"7/14/2010","-40","-6.08845996856689","587","31.27","19.066","0.0068664528","3.611820034734","0.565316788599641","15.02106084",
"7/15/2010","-40","-6.08845996856689","587","31.958","20.054","0.010299672","4.07557086500522","0.530020001247918","18.3875058",
"7/16/2010","-40","-6.08845996856689","587","31.765","21.832","0.2008441728","3.90474648734473","0.549763432158317","21.8008656",
"7/17/2010","-40","-6.08845996856689","587","29.444","20.267","0.6814956024","4.1853801419881","0.62137929437599","16.15067064",
"7/18/2010","-40","-6.08845996856689","587","30.968","19.402","0.0205993728","5.21771294828424","0.578261657658845","23.043375",
"7/19/2010","-40","-6.08845996856689","587","31.657","18.512","0","4.96807285084227","0.577792952701167","23.29481016",
"7/20/2010","-40","-6.08845996856689","587","32.315","17.767","0","4.53612990626201","0.500970327345495","23.80027212",
"7/21/2010","-40","-6.08845996856689","587","32.283","17.798","0","5.32594398126273","0.575707207322151","23.45805216",
"7/22/2010","-40","-6.08845996856689","587","31.809","19.851","0.0274658328","5.43997142635122","0.551893936833908","23.58224892",
"7/23/2010","-40","-6.08845996856689","587","31.38","19.222","0","5.60375400009898","0.568403516763173","23.64626412",
"7/24/2010","-40","-6.08845996856689","587","31.777","16.869","0","4.68000567762737","0.518313800709863","23.8549482",
"7/25/2010","-40","-6.08845996856689","587","31.906","18.302","0","4.98853919985281","0.519342933355362","19.35332208",
"7/26/2010","-40","-6.08845996856689","587","32.043","20.353","0","4.56420236929174","0.528096624381086","16.81447464",
"7/27/2010","-40","-6.08845996856689","587","33.259","19.008","0","4.78474490185104","0.499857434963627","23.978529",
"7/28/2010","-40","-6.08845996856689","587","31.792","19.171","0","5.51865939655308","0.548140609472634","21.43000944",
"7/29/2010","-40","-6.08845996856689","587","31.175","17.743","0","5.83800459738109","0.548235621249937","24.3612",
"7/30/2010","-40","-6.08845996856689","587","30.598","18.746","0","6.49434039978147","0.597340301663655","24.1061112",
"7/31/2010","-40","-6.08845996856689","587","29.937","18.196","0.12359628","4.40074567884055","0.585398168584487","20.48794164",
"8/1/2010","-40","-6.08845996856689","587","32.799","18.162","0.109863288","4.29604006623803","0.493550024882489","24.3200196",
"8/2/2010","-40","-6.08845996856689","587","33.566","19.94","0","5.18854592394314","0.465777855122629","23.03088696",
"8/3/2010","-40","-6.08845996856689","587","32.412","20.057","0.0034332264","5.00629015202874","0.494170570888103","24.13540692",
"8/4/2010","-40","-6.08845996856689","587","32.147","19.123","0","5.11868800315554","0.468112107983805","24.6740076",
"8/5/2010","-40","-6.08845996856689","587","32.317","18.626","0","5.60162853155616","0.512188149711049","24.525171",
"8/6/2010","-40","-6.08845996856689","587","32.855","18.292","0","4.27716067673237","0.484763657047786","24.683346",
"8/7/2010","-40","-6.08845996856689","587","30.689","20.374","0","4.50366985521876","0.507520410090739","16.53024564",
"8/8/2010","-40","-6.08845996856689","587","31.662","18.744","0.4222867176","4.40055386507457","0.526835767094762","23.2414272",
"8/9/2010","-40","-6.08845996856689","587","33.099","17.71","0","4.15770462880262","0.496052493411802","25.00064784",
"8/10/2010","-40","-6.08845996856689","587","31.791","19.154","0.0034332264","4.84219421963205","0.544942430048297","18.42766884",
"8/11/2010","-40","-6.08845996856689","587","31.989","18.007","0","5.82857531712786","0.424955473229799","25.53923268",
"8/12/2010","-40","-6.08845996856689","587","32.783","18.375","0","5.58009813092008","0.443768415230466","25.4471004",
"8/13/2010","-40","-6.08845996856689","587","32.069","17.897","0","5.60668182632338","0.470506768404425","25.51921452",
"8/14/2010","-40","-6.08845996856689","587","32.062","18.649","0","5.11662858424544","0.563045747700184","20.790396",
"8/15/2010","-40","-6.08845996856689","587","33.649","18.181","0","3.41037658622362","0.511471350585924","25.04547792",
"8/16/2010","-40","-6.08845996856689","587","33.876","19.538","0","3.5615440466033","0.444207209805731","22.20513048",
"8/17/2010","-40","-6.08845996856689","587","33.768","20.584","0","6.1094957355992","0.432939212221354","25.2501786",
"8/18/2010","-40","-6.08845996856689","587","29.444","19.2","0","6.04073217903571","0.564239385184032","24.45536502",
"8/19/2010","-40","-6.08845996856689","587","30.242","16.562","0","5.3093907473771","0.532319777069759","25.52624928",
"8/20/2010","-40","-6.08845996856689","587","32.27","16.812","0","5.23986786066852","0.515565429734393","25.3162161",
"8/21/2010","-40","-6.08845996856689","587","32.141","17.452","0","5.17460939443646","0.533148547225805","25.15173678",
"8/22/2010","-40","-6.08845996856689","587","29.402","19.266","0","5.56135804806246","0.620177931487629","20.88792702",
"8/23/2010","-40","-6.08845996856689","587","31.086","19.007","0","5.05221886211589","0.540215331109815","25.60056048",
"8/24/2010","-40","-6.08845996856689","587","33.556","18.907","0","5.46575113946657","0.481696129830905","25.84620018",
"8/25/2010","-40","-6.08845996856689","587","34.229","19.049","0","4.7085619511137","0.467298936149927","26.00943912",
"8/26/2010","-40","-6.08845996856689","587","34.782","19.424","0","4.89548184834759","0.442165765112178","26.21846394",
"8/27/2010","-40","-6.08845996856689","587","35.064","20.819","0","4.74986891803153","0.423405986191173","26.10804096",
"8/28/2010","-40","-6.08845996856689","587","34.684","20.259","0","4.2307389520201","0.456536596638825","26.21227212",
"8/29/2010","-40","-6.08845996856689","587","35.436","20.947","0","4.39608946670561","0.433620463917844","26.31527442",
"8/30/2010","-40","-6.08845996856689","587","33.646","21.786","0.1167297264","4.22861246545964","0.480313619841461","23.82755796",
"8/31/2010","-40","-6.08845996856689","587","33.65","21.332","0","5.38616461148462","0.458984297651908","21.59055531",
"9/1/2010","-40","-6.08845996856689","587","31.211","19.576","0","6.17419210409531","0.553712041863465","25.43427909",
"9/2/2010","-40","-6.08845996856689","587","30.86","19.963","0.16136172","5.00729119825582","0.537399774406533","13.67831754",
"9/3/2010","-40","-6.08845996856689","587","33.574","18.435","0","4.47038616458817","0.421125775695492","26.96018049",
"9/4/2010","-40","-6.08845996856689","587","33.929","19.208","0","4.72176872933959","0.421309605129489","26.6258808",
"9/5/2010","-40","-6.08845996856689","587","34.333","19.664","0","4.00596427552016","0.436472993044395","21.52473696",
"9/6/2010","-40","-6.08845996856689","587","34.623","20.188","0","4.67092940409953","0.365588704084477","27.13241286",
"9/7/2010","-40","-6.08845996856689","587","33.601","19.142","0","5.18873215666971","0.398266055402938","27.16548606",
"9/8/2010","-40","-6.08845996856689","587","33.129","20.297","0.00686646","4.16065303069159","0.431692285518847","27.0420741",
"9/9/2010","-40","-6.08845996856689","587","34.442","20.713","0","5.11993575964983","0.491473533466266","26.86151826",
"9/10/2010","-40","-6.08845996856689","587","31.862","22.283","0","5.54385637463343","0.488777482001584","16.28482347",
"9/11/2010","-40","-6.08845996856689","587","32.444","19.67","0","6.6493565139836","0.468816488486984","27.07908444",
"9/12/2010","-40","-6.08845996856689","587","33.656","18.551","0","5.8459058649226","0.50102782835099","27.393237072",
"9/13/2010","-40","-6.08845996856689","587","34.348","19.807","0","5.70420072744495","0.48298378414052","27.19799946",
"9/14/2010","-40","-6.08845996856689","587","34.565","19.89","0","6.09701972256903","0.486960740648313","27.10467504",
"9/15/2010","-40","-6.08845996856689","587","34.59","20.618","0","5.26508713388648","0.456583826013275","27.46372338",
"9/16/2010","-40","-6.08845996856689","587","35.033","19.263","0","5.13161689739717","0.416904888535235","27.540453312",
"9/17/2010","-40","-6.08845996856689","587","35.157","20.796","0","4.8732831587987","0.383216896614833","27.81996966",
"9/18/2010","-40","-6.08845996856689","587","35.079","22.466","0.01373292","4.24255551623985","0.410139215461718","27.511818768",
"9/19/2010","-40","-6.08845996856689","587","34.714","22.215","0","5.04943869293777","0.405600323173871","27.46412352",
"9/20/2010","-40","-6.08845996856689","587","33.127","20.503","0","5.55735208443993","0.421307053371508","27.215611632",
"9/21/2010","-40","-6.08845996856689","587","34.636","20.642","0.137329092","4.8493999109596","0.372748423459119","27.997644672",
"9/22/2010","-40","-6.08845996856689","587","35.437","21.354","0.05493168","5.12091897556413","0.414704975929209","27.341045352",
"9/23/2010","-40","-6.08845996856689","587","34.505","20.437","0","5.45098004168977","0.397474985135917","27.638892",
"9/24/2010","-40","-6.08845996856689","587","35.088","21.604","0.04119876","5.36181270538454","0.365921792737957","28.012726728",
"9/25/2010","-40","-6.08845996856689","587","34.639","21.077","0","5.04210630700405","0.44767473751315","27.80999982",
"9/26/2010","-40","-6.08845996856689","587","33.923","22.146","0","4.98079652051538","0.476961543976655","26.76948678",
"9/27/2010","-40","-6.08845996856689","587","35.457","22.006","0","4.75215179931863","0.419338571859915","27.730565568",
"9/28/2010","-40","-6.08845996856689","587","35.835","21.371","0","5.21287873110415","0.426412397250655","27.88103628",
"9/29/2010","-40","-6.08845996856689","587","36.635","21.215","0","5.10475557889543","0.453058428770505","27.983980008",
"9/30/2010","-40","-6.08845996856689","587","36.401","21.546","0","5.13502988382741","0.456384202676013","27.922720752",
"10/1/2010","-40","-6.08845996856689","587","35.877","22.082","0.0068664528","4.87055696867902","0.470851545877893","27.90871884",
"10/2/2010","-40","-6.08845996856689","587","35.93","21.641","0","4.89440896403252","0.459427441867672","28.133262072",
"10/3/2010","-40","-6.08845996856689","587","37.166","21.35","0","4.56015435223852","0.435100354452922","28.213330968",
"10/4/2010","-40","-6.08845996856689","587","36.622","21.393","0","4.69815338263758","0.410858440639607","28.51244496",
"10/5/2010","-40","-6.08845996856689","587","36.703","20.21","0","3.87878384709932","0.412027788056606","28.5290613",
"10/6/2010","-40","-6.08845996856689","587","36.807","20.62","0","4.20060316218995","0.413577949694828","28.6001199",
"10/7/2010","-40","-6.08845996856689","587","36.442","21.089","0","5.00314844403262","0.390717986462706","28.6773795",
"10/8/2010","-40","-6.08845996856689","587","35.641","20.856","0","4.37219111103585","0.422912156785343","28.37265858",
"10/9/2010","-40","-6.08845996856689","587","36.171","20.848","0","4.74941262360432","0.448001359380422","28.467388728",
"10/10/2010","-40","-6.08845996856689","587","36.392","22.367","0.0137329128","5.19827529573085","0.468618915562242","28.26809154",
"10/11/2010","-40","-6.08845996856689","587","36.586","22.077","0","4.67356971488342","0.470435707341408","24.51598974",
"10/12/2010","-40","-6.08845996856689","587","36.507","22.983","0","4.77150658543407","0.415868879458743","28.22753358",
"10/13/2010","-40","-6.08845996856689","587","36.77","21.755","0","5.06717545017153","0.405908244266675","28.51812972",
"10/14/2010","-40","-6.08845996856689","587","35.697","22.097","0","5.04136282640868","0.362670027935448","28.6766451",
"10/15/2010","-40","-6.08845996856689","587","35.627","21.944","0","5.0267739905676","0.372163678137761","28.5751494",
"10/16/2010","-40","-6.08845996856689","587","35.873","22.705","0","4.73932770289043","0.338101426892003","28.718478",
"10/17/2010","-40","-6.08845996856689","587","35.132","21.901","0","5.04869885701045","0.458702982855548","26.8961634",
"10/18/2010","-40","-6.08845996856689","587","35.27","22.259","0","3.84577708446919","0.473008741109559","20.79883188",
"10/19/2010","-40","-6.08845996856689","587","36.733","22.693","0","4.7066710257451","0.47036588004187","24.92596458",
"10/20/2010","-40","-6.08845996856689","587","36.577","21.649","0","4.13215808846028","0.467100844377842","27.9299844",
"10/21/2010","-40","-6.08845996856689","587","35.163","21.652","0.0343322784","2.80456208797332","0.465193761326054","22.27950144",
"10/22/2010","-40","-6.08845996856689","587","30.493","24.271","0.6231312936","3.64284788498894","0.557952920125454","14.30972406",
"10/23/2010","-40","-6.08845996856689","587","29.994","22.725","1.4900193576","3.38509955834365","0.599831604779765","12.33173538",
"10/24/2010","-40","-6.08845996856689","587","32.363","21.577","1.1707310664","3.36398453996564","0.640155831889375","23.19137046",
"10/25/2010","-40","-6.08845996856689","587","33.144","21.478","0.0514984248","3.98429777624769","0.589592104355255","24.45310908",
"10/26/2010","-40","-6.08845996856689","587","31.904","22.225","1.9071580464","3.09144792183034","0.612342252607473","16.77515904",
"10/27/2010","-40","-6.08845996856689","587","32.986","23","0.9510039144","3.01478974651826","0.595019066266439","14.43526776",
"10/28/2010","-40","-6.08845996856689","587","33.857","22.203","0.0738144","3.81208511707611","0.558298933322961","22.3870536",
"10/29/2010","-40","-6.08845996856689","587","33.497","22.472","0.078964236","5.14515791196582","0.547716763006523","24.76951902",
"10/30/2010","-40","-6.08845996856689","587","33.15","23.377","0.1510620264","5.29238199020521","0.585625243857633","22.439754",
"10/31/2010","-40","-6.08845996856689","587","33.978","21.204","0.0137329056","5.04125367059812","0.487250423369535","28.5751692",
"11/1/2010","-40","-6.08845996856689","587","35.106","22.055","0","4.75237662959708","0.478441315932293","28.285263",
"11/2/2010","-40","-6.08845996856689","587","34.74","21.588","0","3.85305066787107","0.468934566363672","28.63804752",
"11/3/2010","-40","-6.08845996856689","587","34.694","21.38","0","4.50718065624522","0.4895317808346","27.78828012",
"11/4/2010","-40","-6.08845996856689","587","35.665","21.799","0","5.19617466103956","0.450637558894576","28.36413828",
"11/5/2010","-40","-6.08845996856689","587","35.308","22.403","0","4.91793690427709","0.490202948496788","27.86259222",
"11/6/2010","-40","-6.08845996856689","587","35.664","23.022","0","4.88019149664574","0.451328838337764","28.30348908",
"11/7/2010","-40","-6.08845996856689","587","36.034","22.174","0","5.09319980674004","0.492544990085314","26.88366942",
"11/8/2010","-40","-6.08845996856689","587","35.894","23.15","0","5.32084118358964","0.436116172231948","28.03398552",
"11/9/2010","-40","-6.08845996856689","587","34.761","23.28","0.0068664528","5.48114421897371","0.369882896938231","28.52749368",
"11/10/2010","-40","-6.08845996856689","587","35.113","22.08","0","3.98271473613634","0.362772389998199","28.6818354",
"11/11/2010","-40","-6.08845996856689","587","35.669","22.222","0","5.37778858392774","0.495753008287322","25.98142392",
"11/12/2010","-40","-6.08845996856689","587","36.508","22.902","0","5.36626781231869","0.458505077027874","27.9210996",
"11/13/2010","-40","-6.08845996856689","587","36.529","23.602","0","4.76712366779116","0.454384824113639","27.9972009",
"11/14/2010","-40","-6.08845996856689","587","35.936","22.808","0","4.47201336601101","0.461319927728673","26.45093592",
"11/15/2010","-40","-6.08845996856689","587","32.6","22.887","0","3.50815657140123","0.489826613032111","17.83001304",
"11/16/2010","-40","-6.08845996856689","587","35.407","22.317","1.0162354392","4.17045915222993","0.495927908808277","25.26322104",
"11/17/2010","-40","-6.08845996856689","587","35.194","22.491","0","4.83664201522163","0.47869114215189","27.55682118",
"11/18/2010","-40","-6.08845996856689","587","35.158","21.897","0","4.17713128505287","0.45189146630633","27.753804",
"11/19/2010","-40","-6.08845996856689","587","35.812","21.404","0","3.77766400400001","0.45682870528685","27.864333",
"11/20/2010","-40","-6.08845996856689","587","36.164","22.459","0","4.48617153803305","0.490417817108151","27.16210962",
"11/21/2010","-40","-6.08845996856689","587","35.37","22.16","0","4.79006551329988","0.466330428524787","28.0320147",
"11/22/2010","-40","-6.08845996856689","587","35.172","21.893","0","4.51316790968786","0.45273721871217","28.18547892",
"11/23/2010","-40","-6.08845996856689","587","35.091","22.242","0","4.21925483472545","0.463415928311412","23.979087",
"11/24/2010","-40","-6.08845996856689","587","33.039","23.865","0.267791724","4.9697412956225","0.523117970091268","19.77531138",
"11/25/2010","-40","-6.08845996856689","587","35.977","22.599","0","4.92293580232006","0.475967722837658","26.88918588",
"11/26/2010","-40","-6.08845996856689","587","35.949","22.389","0","4.57119255921414","0.47369791689295","28.0172295",
"11/27/2010","-40","-6.08845996856689","587","36.104","23.121","0.0034332264","5.16819886494993","0.477146831589156","27.78474222",
"11/28/2010","-40","-6.08845996856689","587","35.424","23.06","0.0617981184","5.25589040376161","0.514694907392801","24.5459826",
"11/29/2010","-40","-6.08845996856689","587","35.863","22.432","0","5.24410443679569","0.488924171725252","27.5855049",
"11/30/2010","-40","-6.08845996856689","587","34.121","22.655","0","5.26367356813807","0.443383578719196","28.1755683",
"12/1/2010","-40","-6.08845996856689","587","35.416","21.474","0","4.63510519558865","0.421071783540706","28.56466152",
"12/2/2010","-40","-6.08845996856689","587","35.386","22.75","0","4.49439394213154","0.436130699414896","25.27881498",
"12/3/2010","-40","-6.08845996856689","587","34.591","23.187","0","4.88955850012908","0.517105914907637","24.23897766",
"12/4/2010","-40","-6.08845996856689","587","31.515","23.155","0.260925192","4.08780315598105","0.533726967519504","15.92336322",
"12/5/2010","-40","-6.08845996856689","587","35.961","21.79","0.50468436","4.27703652216619","0.509955694112466","24.05548332",
"12/6/2010","-40","-6.08845996856689","587","33.2","22.537","0","4.03665562772245","0.541390981404491","18.52194078",
"12/7/2010","-40","-6.08845996856689","587","35.589","22.31","0","4.4224821188469","0.513906659889691","22.13386578",
"12/8/2010","-40","-6.08845996856689","587","33.005","23.226","4.3979625504","3.59499598849533","0.604744698026455","16.20522846",
"12/9/2010","-40","-6.08845996856689","587","31.017","22.855","7.98569046","3.03662447224799","0.674318335415916","12.2091777",
"12/10/2010","-40","-6.08845996856689","587","32.443","21.782","3.4709922","2.91139627906673","0.585377939323959","17.78911722",
"12/11/2010","-40","-6.08845996856689","587","26.532","22.731","3.2924691144","2.82773866221483","0.775982293496342","5.3068509",
"12/12/2010","-40","-6.08845996856689","587","31.253","22.28","4.5146934432","3.4805198078912","0.747066946777064","16.20461502",
"12/13/2010","-40","-6.08845996856689","587","28.32","22.086","6.684497892","2.96527631349757","0.808870046388579","12.89739492",
"12/14/2010","-40","-6.08845996856689","587","26.52","21.719","0.3467560104","2.84881401708778","0.812847893798707","11.1478509",
"12/15/2010","-40","-6.08845996856689","587","28.997","20.357","0.3879543024","2.88716625427571","0.71972254561984","15.2603469",
"12/16/2010","-40","-6.08845996856689","587","30.7","20.745","0.992202336","4.07004335521549","0.676279471050387","22.69782918",
"12/17/2010","-40","-6.08845996856689","587","29.48","21.459","2.636718588","4.09937186362799","0.733756010751476","19.89607878",
"12/18/2010","-40","-6.08845996856689","587","24.85","20.565","8.76845952","2.85668877213298","0.840884012314627","5.887408932",
"12/19/2010","-40","-6.08845996856689","587","24.301","19.365","3.30276816","2.46790862230433","0.874408263171525","5.53950054",
"12/20/2010","-40","-6.08845996856689","587","30.897","19.724","1.558684764","3.63933507499566","0.737791481820792","23.24542698",
"12/21/2010","-40","-6.08845996856689","587","29.732","20.61","4.0134440952","4.05796097846784","0.768844120118205","14.9882688",
"12/22/2010","-40","-6.08845996856689","587","32.347","20.379","0.3810884544","3.69636970273645","0.681038294623387","25.03867122",
"12/23/2010","-40","-6.08845996856689","587","33.713","21.206","0.26092512","3.71736333184374","0.579142684183331","28.0006803",
"12/24/2010","-40","-6.08845996856689","587","33.543","21.919","0","4.42771895327828","0.588672271616564","25.2897678",
"12/25/2010","-40","-6.08845996856689","587","34.249","21.958","0","4.84458489675147","0.580985387266999","25.26243624",
"12/26/2010","-40","-6.08845996856689","587","33.94","22.066","0.32958972","4.62186434865965","0.55105354616443","28.0781973",
"12/27/2010","-40","-6.08845996856689","587","34.107","21.693","0","4.22998022618974","0.542432507360698","28.25144748",
"12/28/2010","-40","-6.08845996856689","587","34.228","21.216","0","3.65608353332816","0.517151507543203","26.47777068",
"12/29/2010","-40","-6.08845996856689","587","34.116","21.336","0","3.56115535968979","0.542582042376976","23.5154268",
"12/30/2010","-40","-6.08845996856689","587","32.477","21.243","0.3570557184","3.50469838242463","0.621493520065904","15.7239585",
"12/31/2010","-40","-6.08845996856689","587","32.88","22.2","0.219726648","4.97109335699704","0.548501122577609","26.7336549",
"1/1/2011","-40","-6.08845996856689","587","32.916","20.635","0.096130368","4.28340148340433","0.524955176394694","25.008338426004",
"1/2/2011","-40","-6.08845996856689","587","32.364","20.14","1.8985752","2.37042623235843","0.593029154716863","20.4744492437544",
"1/3/2011","-40","-6.08845996856689","587","31.36","20.518","5.2219365264","3.59242349348425","0.715136527482282","13.209283252512",
"1/4/2011","-40","-6.08845996856689","587","33.54","19.573","0","4.02896075055141","0.569191552128083","26.23510104102",
"1/5/2011","-40","-6.08845996856689","587","32.06","21.02","0.178527924","4.64147831498638","0.584424453414746","20.852962587432",
"1/6/2011","-40","-6.08845996856689","587","33.129","20.493","0.41885388","4.84452634577735","0.567550292286477","27.458286436296",
"1/7/2011","-40","-6.08845996856689","587","32.451","21.871","0.2094266664","4.86550849526414","0.568369257317592","22.415614253928",
"1/8/2011","-40","-6.08845996856689","587","30.659","21.525","0.0617981184","3.26926055872281","0.638093869950837","16.424232964884",
"1/9/2011","-40","-6.08845996856689","587","29.88","19.506","0.0068664528","2.8787246697426","0.692854373475602","12.994005730896",
"1/10/2011","-40","-6.08845996856689","587","26.651","19.724","7.120512576","2.8090007357731","0.856388995578473","11.85377399388",
"1/11/2011","-40","-6.08845996856689","587","29.4","19.449","0.051498432","3.6525856143593","0.708677967320413","17.6288168335572",
"1/12/2011","-40","-6.08845996856689","587","30.295","20.119","4.04434152","4.0886016515671","0.71424851071703","23.453449502904",
"1/13/2011","-40","-6.08845996856689","587","33.1","20.148","0","4.84975213789917","0.626107803222445","28.004077728468",
"1/14/2011","-40","-6.08845996856689","587","33.574","21.005","0","4.79022333500876","0.508875163863361","27.947497562352",
"1/15/2011","-40","-6.08845996856689","587","32.565","18.499","0.00686646","2.78855349642885","0.592286684331054","19.993669803",
"1/16/2011","-40","-6.08845996856689","587","34.472","18.742","1.8161784","3.316723603554","0.653908858837756","22.382179418124",
"1/17/2011","-40","-6.08845996856689","587","29.761","19.474","2.08740168","3.32006736083465","0.696825156394611","18.268270887204",
"1/18/2011","-40","-6.08845996856689","587","29.514","20.263","2.60238762","3.43845295459764","0.684506491513802","16.037785518228",
"1/19/2011","-40","-6.08845996856689","587","31.881","19.375","5.2047684","2.59945079583266","0.710931827652899","21.837103985592",
"1/20/2011","-40","-6.08845996856689","587","29.215","17.565","13.55781708","1.84259605946363","0.832539946850935","26.8517074610304",
"1/21/2011","-40","-6.08845996856689","587","25.912","17.816","25.337220444","2.16399954154566","0.884414470421101","24.4025434895472",
"1/22/2011","-40","-6.08845996856689","587","25.249","19.74","3.501892188","2.27504451545965","0.877435235457163","13.475588287788",
"1/23/2011","-40","-6.08845996856689","587","25.741","18.562","8.394246036","1.80205489072795","0.881788862832705","9.516700790748",
"1/24/2011","-40","-6.08845996856689","587","21.93","18.22","25.6891523328","2.41710732754205","0.935972564979493","4.7863194201216",
"1/25/2011","-40","-6.08845996856689","587","27.635","18.747","12.5690494104","3.54199665819153","0.854536785457586","25.99774620318",
"1/26/2011","-40","-6.08845996856689","587","30.727","19.344","2.9920574664","3.34063096845685","0.782965193800021","25.245492864624",
"1/27/2011","-40","-6.08845996856689","587","32.067","19.259","0.0240326064","3.82280789785276","0.700089697188679","28.695832724484",
"1/28/2011","-40","-6.08845996856689","587","28.173","20.766","9.2061971064","4.56007921132392","0.8461603758108","18.050481793188",
"1/29/2011","-40","-6.08845996856689","587","30.679","19.958","2.5749204984","3.95349525818895","0.775099576171883","27.372834507204",
"1/30/2011","-40","-6.08845996856689","587","29.013","19.372","6.0819614784","3.23055856183194","0.82436335938946","27.807990300612",
"1/31/2011","-40","-6.08845996856689","587","28.565","20.122","13.173295572","3.22813889093866","0.858908417528205","26.289547087284",
"2/1/2011","-40","-6.08845996856689","587","27.215","19.966","20.13245244","3.24140226737363","0.880724857341786","25.42826370366",
"2/2/2011","-40","-6.08845996856689","587","31.286","19.327","0.305557344","3.47704045826974","0.722708490858071","25.42862173968",
"2/3/2011","-40","-6.08845996856689","587","28.529","18.826","9.84134268","2.9563356631273","0.82883405659458","26.812795829004",
"2/4/2011","-40","-6.08845996856689","587","26.265","19.917","27.4194614664","2.84059853827782","0.89728233611791","25.767468729036",
"2/5/2011","-40","-6.08845996856689","587","28.867","19.689","9.609604524","3.66636170427723","0.840681348333393","23.286798019152",
"2/6/2011","-40","-6.08845996856689","587","31.217","18.919","0","4.17441669329172","0.692037100295466","28.635891678756",
"2/7/2011","-40","-6.08845996856689","587","32.146","21.648","0.0171661392","3.85292981934625","0.604167857571348","26.138444557608",
"2/8/2011","-40","-6.08845996856689","587","31.155","20.716","5.2047695304","3.54342747059189","0.710712267403136","27.594050418864",
"2/9/2011","-40","-6.08845996856689","587","29.326","19.48","12.005996652","3.32487533949924","0.781604612002215","24.77219674095",
"2/10/2011","-40","-6.08845996856689","587","32.062","18","0","3.10566097320914","0.685552397779115","23.713782567012",
"2/11/2011","-40","-6.08845996856689","587","30.716","19.276","16.694070336","2.55962035416174","0.791302003515599","27.373641721956",
"2/12/2011","-40","-6.08845996856689","587","31.068","20.307","9.8087325732","3.36082901196163","0.764727381308234","25.344624687156",
"2/13/2011","-40","-6.08845996856689","587","29.223","20.121","9.0036356544","3.71455713300025","0.835149192735492","24.7062616254",
"2/14/2011","-40","-6.08845996856689","587","30.518","19.902","11.8480663512","4.07425160385005","0.822820654014775","23.522643116964",
"2/15/2011","-40","-6.08845996856689","587","30.166","20.034","2.2659317568","4.14912340057465","0.768565861733361","23.4213768958788",
"2/16/2011","-40","-6.08845996856689","587","28.947","20.096","0.1991273256","3.33473333415083","0.700867255557598","20.37661906626",
"2/17/2011","-40","-6.08845996856689","587","29.115","18.997","1.1466976608","2.07195105406903","0.763788515689975","19.136646248472",
"2/18/2011","-40","-6.08845996856689","587","30.012","18.292","13.1183603568","2.92814423012782","0.819818954103124","21.026627617968",
"2/19/2011","-40","-6.08845996856689","587","28.641","19.636","12.9261006792","3.00708418551754","0.87134292687493","20.6174087264412",
"2/20/2011","-40","-6.08845996856689","587","30.92","19.236","8.751292704","3.40880581864579","0.823503258631753","26.6474303603676",
"2/21/2011","-40","-6.08845996856689","587","30.269","19.339","2.138899896","4.47999744183167","0.776093764604234","24.6013566692868",
"2/22/2011","-40","-6.08845996856689","587","32.057","20.03","0.2643585192","4.32503089624678","0.709752920343587","28.6178147827416",
"2/23/2011","-40","-6.08845996856689","587","30.619","20.367","13.16986056","3.53573248220627","0.794272939616208","26.53791384366",
"2/24/2011","-40","-6.08845996856689","587","29.794","19.948","8.03031696","3.42554974758397","0.816891127141836","28.488754920024",
"2/25/2011","-40","-6.08845996856689","587","27.688","20.015","22.12715592","2.76249169120244","0.864555932780614","25.5014196785568",
"2/26/2011","-40","-6.08845996856689","587","27.607","18.814","15.046108812","2.3106011106056","0.858684141103489","16.308768491712",
"2/27/2011","-40","-6.08845996856689","587","26.14","18.34","20.0620671264","1.78182244949104","0.903052883695399","19.563976236456",
"2/28/2011","-40","-6.08845996856689","587","21.003","18.203","55.4689802664","1.75677584833055","0.965330785380521","1.0354427031888",
"3/1/2011","-40","-6.08845996856689","587","25.236","18.607","4.488943608","2.56685617107228","0.909497907825465","17.1670473322776",
"3/2/2011","-40","-6.08845996856689","587","25.659","18.916","16.671753","1.80736295639732","0.921152354177558","21.532146380964",
"3/3/2011","-40","-6.08845996856689","587","29.004","18.372","4.2211507824","2.59274547276031","0.847729053593529","26.1168008079013",
"3/4/2011","-40","-6.08845996856689","587","30.481","18.735","6.29997444","2.82971522080391","0.831928013722084","28.455119125884",
"3/5/2011","-40","-6.08845996856689","587","29.443","19.726","4.574773872","3.14605664328141","0.853101977225529","21.8707704950616",
"3/6/2011","-40","-6.08845996856689","587","29.247","17.939","0.7484437368","3.14562947468921","0.796492638230836","21.8384253636696",
"3/7/2011","-40","-6.08845996856689","587","31.449","19.704","0.2300262192","4.1540491678537","0.736001548134053","28.17847324872",
"3/8/2011","-40","-6.08845996856689","587","32.123","20.107","0.017166132","4.60475412951601","0.700100593873756","28.9197723256776",
"3/9/2011","-40","-6.08845996856689","587","28.782","20.575","12.948411384","3.44998528627068","0.843681693018633","26.79697302138",
"3/10/2011","-40","-6.08845996856689","587","28.865","19.807","0.16307829","3.57057695333356","0.846681939446663","15.199930962648",
"3/11/2011","-40","-6.08845996856689","587","31.052","19.73","8.1350339112","3.6436277045922","0.805179595182962","27.9104426379072",
"3/12/2011","-40","-6.08845996856689","587","31.183","19.675","1.61018424","3.57188215631667","0.770356584854003","25.150473144756",
"3/13/2011","-40","-6.08845996856689","587","29.149","19.006","8.49209148","2.33323172379301","0.83468886047912","25.358451890796",
"3/14/2011","-40","-6.08845996856689","587","27.107","19.082","6.0544982304","2.41100386376525","0.882469829300553","24.0796646587764",
"3/15/2011","-40","-6.08845996856689","587","31.117","18.804","0.8222579568","2.57069568605313","0.734419921965948","27.650138835492",
"3/16/2011","-40","-6.08845996856689","587","31.581","20.217","0","3.98651127123904","0.695860134865694","24.5797031102184",
"3/17/2011","-40","-6.08845996856689","587","31.178","18.672","0.66604626","3.08453762416292","0.734564469793379","26.734926078828",
"3/18/2011","-40","-6.08845996856689","587","31.673","18.309","0.0583648524","2.29927145966873","0.719081934396612","26.1141339103308",
"3/19/2011","-40","-6.08845996856689","587","32.164","17.869","4.1730906132","2.25654507670129","0.771449634549288","22.841580229992",
"3/20/2011","-40","-6.08845996856689","587","31.009","18.538","2.2041298944","2.29918085962124","0.772810085978036","21.9300623628174",
"3/21/2011","-40","-6.08845996856689","587","30.68","19.034","3.87440028","2.94025802131395","0.810378959023086","23.576247774396",
"3/22/2011","-40","-6.08845996856689","587","28.616","18.933","1.9603725264","3.03003146861142","0.758087117861098","21.1668000905588",
"3/23/2011","-40","-6.08845996856689","587","31.704","19.93","0","3.55195740823959","0.622959523406683","27.7472884816937",
"3/24/2011","-40","-6.08845996856689","587","32.341","18.653","3.3113496924","3.14878496158173","0.684543902569475","22.3882629897204",
"3/25/2011","-40","-6.08845996856689","587","31.072","20.454","8.395955244","3.87378098354469","0.780443810266298","27.037193138676",
"3/26/2011","-40","-6.08845996856689","587","30.388","19.246","7.42263408","3.50509589557256","0.808752812019151","24.2199511551504",
"3/27/2011","-40","-6.08845996856689","587","27.596","19.876","13.7208877704","3.18273245338564","0.880957666683808","25.45186227174",
"3/28/2011","-40","-6.08845996856689","587","30.122","19.733","9.0431224704","3.76923063677927","0.831963312822608","23.578400474208",
"3/29/2011","-40","-6.08845996856689","587","30.82","19.58","5.551531092","3.53392067855791","0.806399755946301","26.342381360628",
"3/30/2011","-40","-6.08845996856689","587","30.756","20.447","2.6126877672","3.00871754878621","0.770417486397911","22.660331748156",
"3/31/2011","-40","-6.08845996856689","587","31.976","19.349","2.9680281252","3.40593317015101","0.737637394607371","25.488201596868",
"4/1/2011","-40","-6.08845996856689","587","32.655","18.8","0","3.70705009805214","0.662274721941279","24.976145257164",
"4/2/2011","-40","-6.08845996856689","587","31.69","18.799","0.7621764264","4.05615839226926","0.736267167663006","26.8834892830596",
"4/3/2011","-40","-6.08845996856689","587","32.947","19.97","0","4.20485993007024","0.664522271696355","23.796096841296",
"4/4/2011","-40","-6.08845996856689","587","32.226","19.383","3.45726252","3.68439622066327","0.75662017672458","26.082866876112",
"4/5/2011","-40","-6.08845996856689","587","31.114","20.27","7.1393945832","4.00687365940838","0.804980405275884","26.0923556045052",
"4/6/2011","-40","-6.08845996856689","587","32.479","19.516","0","3.77616513634677","0.674974244132315","26.96809983588",
"4/7/2011","-40","-6.08845996856689","587","32.734","18.543","0","3.4589810756263","0.574040928021333","27.109376242848",
"4/8/2011","-40","-6.08845996856689","587","32.17","17.938","0.350189028","3.76333992517551","0.663029155084266","21.2545517938488",
"4/9/2011","-40","-6.08845996856689","587","26.874","19.41","14.6135364264","3.67877860287573","0.86836971799182","24.31764154548",
"4/10/2011","-40","-6.08845996856689","587","31.031","19.025","1.4539716036","3.64581801738753","0.775838843535951","26.243718288804",
"4/11/2011","-40","-6.08845996856689","587","30.406","19.089","11.02237668","3.6828565070378","0.720011672962239","20.0752119294228",
"4/12/2011","-40","-6.08845996856689","587","26.945","17.964","9.3418101","1.82346553937291","0.911654636522173","12.529467458244",
"4/13/2011","-40","-6.08845996856689","587","27.724","17.258","27.634058208","1.52512174507763","0.91773784584773","9.502204059612",
"4/14/2011","-40","-6.08845996856689","587","30.835","17.828","2.3895294408","3.17054192295836","0.753910606885482","24.9790666771944",
"4/15/2011","-40","-6.08845996856689","587","31.097","17.982","0.782775432","3.36145505655199","0.741321610706681","25.9135403083452",
"4/16/2011","-40","-6.08845996856689","587","30.791","18.628","3.4915912344","2.74746303482521","0.815692744743759","17.726965398252",
"4/17/2011","-40","-6.08845996856689","587","31.436","20.225","1.404190224","3.84764813074721","0.700238801436167","25.139634811992",
"4/18/2011","-40","-6.08845996856689","587","29.734","19.226","4.4168449392","3.71081234602381","0.789278605164821","20.9552342997852",
"4/19/2011","-40","-6.08845996856689","587","26.718","20.123","10.172658348","3.23036624891754","0.903262857565604","11.18148249348",
"4/20/2011","-40","-6.08845996856689","587","30.242","19.603","0.9475705008","2.85062974233394","0.784772376915127","18.450768392568",
"4/21/2011","-40","-6.08845996856689","587","26.801","19.365","7.8037275456","2.52298005429913","0.873135233957776","16.493387406768",
"4/22/2011","-40","-6.08845996856689","587","29.972","18.86","1.1981963448","3.00627606675938","0.789460579177877","17.886347618364",
"4/23/2011","-40","-6.08845996856689","587","23.331","18.599","5.6510944704","1.6493967590461","0.937535833102526","3.554814975984",
"4/24/2011","-40","-6.08845996856689","587","27.332","18.53","6.519697056","2.66756417218368","0.861377560240881","23.371831617624",
"4/25/2011","-40","-6.08845996856689","587","29.802","17.594","1.924323156","2.08013861347694","0.789250952894278","18.934693093656",
"4/26/2011","-40","-6.08845996856689","587","31.024","18.081","1.33895844","2.5915218369159","0.753503183632164","22.3637657852664",
"4/27/2011","-40","-6.08845996856689","587","29.845","17.393","3.3817276584","2.48205221877262","0.792877462297286","23.5663594659036",
"4/28/2011","-40","-6.08845996856689","587","29.602","18.289","0.166511556","2.7647745458675","0.778200626372484","22.7022324748956",
"4/29/2011","-40","-6.08845996856689","587","31.387","17.848","2.185249644","1.54517110468326","0.763256814050855","18.866734097472",
"4/30/2011","-40","-6.08845996856689","587","26.443","20.251","34.249871952","1.68501634576365","0.911860809352348","12.8843659339092",
"5/1/2011","-40","-6.08845996856689","587","31.151","19.523","11.4601143744","2.06997454822272","0.856311387892771","18.0690542634996",
"5/2/2011","-40","-6.08845996856689","587","29.187","20.63","8.6585997384","2.6914004384515","0.89689347904726","13.9070254865767",
"5/3/2011","-40","-6.08845996856689","587","25.799","20.046","8.874888552","2.92947154108714","0.924522656122564","14.717830975632",
"5/4/2011","-40","-6.08845996856689","587","26.68","21.21","7.73334324","3.61982030194701","0.909365449685508","14.882221451016",
"5/5/2011","-40","-6.08845996856689","587","26.313","21.158","4.964445612","3.91181112377002","0.898042915662022","12.681657063324",
"5/6/2011","-40","-6.08845996856689","587","30.327","20.175","0.8617400784","3.63873985487471","0.766654648935253","23.48384922144",
"5/7/2011","-40","-6.08845996856689","587","30.318","19.384","0.0171661392","3.2835771384766","0.690720970861399","24.13617712848",
"5/8/2011","-40","-6.08845996856689","587","30.257","19.185","0","4.30078389453479","0.649142369246924","23.703757355232",
"5/9/2011","-40","-6.08845996856689","587","30.348","17.988","0.0549316512","3.85600386275235","0.689190404250635","23.728512763656",
"5/10/2011","-40","-6.08845996856689","587","27.231","18.685","0.0377654904","3.98086364587415","0.775524757008606","14.8875962933124",
"5/11/2011","-40","-6.08845996856689","587","30.154","20.018","0.7724769264","4.81842766617991","0.748505227109156","21.2461045371",
"5/12/2011","-40","-6.08845996856689","587","30.35","19.839","0","4.21510048587908","0.641034856265312","23.64225715827",
"5/13/2011","-40","-6.08845996856689","587","29.43","18.435","0","3.05902316352029","0.665660630309916","21.1845642237",
"5/14/2011","-40","-6.08845996856689","587","29.404","18.029","0.6317138304","3.00780406942232","0.713201536140535","17.372197645668",
"5/15/2011","-40","-6.08845996856689","587","29.875","18.22","1.040268132","2.76986872355982","0.811912249756752","18.562979591928",
"5/16/2011","-40","-6.08845996856689","587","29.107","20.385","14.642716824","2.56036675110404","0.871218339641965","20.378185987068",
"5/17/2011","-40","-6.08845996856689","587","30.449","20.405","14.750867772","1.40378912597653","0.84810088229539","19.9066980713652",
"5/18/2011","-40","-6.08845996856689","587","25.608","19.325","46.446420204","1.99799154942756","0.917545259513181","6.390546662448",
"5/19/2011","-40","-6.08845996856689","587","25.641","19.214","7.7247653184","2.47884657144137","0.915851086189745","6.6196419136416",
"5/20/2011","-40","-6.08845996856689","587","27.977","18.608","2.09426904","3.94746743026225","0.83966335680968","18.17246158992",
"5/21/2011","-40","-6.08845996856689","587","26.58","18.42","3.9430656","4.4623982787229","0.792651653629325","11.7050925881016",
"5/22/2011","-40","-6.08845996856689","587","28.399","17.082","0","4.79200444542715","0.686913464651929","23.395193604036",
"5/23/2011","-40","-6.08845996856689","587","28.884","17.754","0","3.54487000005772","0.751683765733664","20.947808508264",
"5/24/2011","-40","-6.08845996856689","587","27.544","18.915","0.8033751504","3.39336267875817","0.823531132777723","15.024649938948",
"5/25/2011","-40","-6.08845996856689","587","27.831","18.519","0.5081181048","4.12634826526766","0.789706197268","12.178776418668",
"5/26/2011","-40","-6.08845996856689","587","29.37","18.996","0.0858307248","3.85803117803416","0.707663911916246","21.0800638530216",
"5/27/2011","-40","-6.08845996856689","587","28.641","20.45","0.2780913384","2.73229265507911","0.75563184627128","9.3849097850028",
"5/28/2011","-40","-6.08845996856689","587","29.554","18.347","0","3.55285040366283","0.674156288421893","23.229935508456",
"5/29/2011","-40","-6.08845996856689","587","29.082","18.528","0.1407622824","4.03612790635023","0.706025786366122","21.384482114628",
"5/30/2011","-40","-6.08845996856689","587","29.538","19.272","0.0034332264","4.80309612866879","0.694424038047592","21.654392920776",
"5/31/2011","-40","-6.08845996856689","587","27.04","18.974","0.075530988","5.41408220889741","0.744033619726192","16.6253535346716",
"6/1/2011","-40","-6.08845996856689","587","29.134","18.05","0","4.61340891031","0.705250364675238","23.1107339548584",
"6/2/2011","-40","-6.08845996856689","587","28.819","17.908","0.0102996864","4.24327319368632","0.657817916777689","23.059187911224",
"6/3/2011","-40","-6.08845996856689","587","29.283","17.979","0.0171661392","3.6059982371658","0.688005064406324","22.513058876592",
"6/4/2011","-40","-6.08845996856689","587","28.986","17.939","0.0137329056","3.11709517331979","0.647976045307799","21.618165711096",
"6/5/2011","-40","-6.08845996856689","587","31.361","18.552","0","2.68080179341292","0.593536194197361","23.0206491254268",
"6/6/2011","-40","-6.08845996856689","587","29.661","19.646","0","4.83412766212039","0.571279890736074","22.525422242976",
"6/7/2011","-40","-6.08845996856689","587","29.099","18.163","0","4.68669655992394","0.709321633283967","18.6924112571916",
"6/8/2011","-40","-6.08845996856689","587","29.794","17.129","0","3.9954625935365","0.690853114107847","22.806097658982",
"6/9/2011","-40","-6.08845996856689","587","30.663","17.651","0.0068664528","3.41012653880164","0.676203984555726","22.390385947798",
"6/10/2011","-40","-6.08845996856689","587","30.38","19.717","0.0034332264","4.09560257372798","0.686150406917017","19.816294817484",
"6/11/2011","-40","-6.08845996856689","587","30.57","19.81","0","3.6600879391616","0.620439135972909","22.7294205148656",
"6/12/2011","-40","-6.08845996856689","587","29.234","19.766","1.7406463464","3.93015007466867","0.757847104164733","13.602210595146",
"6/13/2011","-40","-6.08845996856689","587","30.194","18.241","0.0171661464","4.71092536063947","0.613977205341611","22.9300125810912",
"6/14/2011","-40","-6.08845996856689","587","29.321","16.025","0","4.09683348094446","0.614561238872732","23.184847897524",
"6/15/2011","-40","-6.08845996856689","587","29.844","16.796","0","5.27227249551062","0.651381206138082","22.914840576312",
"6/16/2011","-40","-6.08845996856689","587","29.516","17.26","0.0034332264","5.26830543744305","0.652991481360105","19.597883611392",
"6/17/2011","-40","-6.08845996856689","587","27.332","18.063","0","4.20890175882135","0.713234679101088","16.378696355742",
"6/18/2011","-40","-6.08845996856689","587","30.092","19.417","0","4.53251835023113","0.678325456395308","18.186457175424",
"6/19/2011","-40","-6.08845996856689","587","30.686","18.826","0.0480651768","3.76839481583082","0.684991192077116","20.723334913404",
"6/20/2011","-40","-6.08845996856689","587","30.351","19.504","0.27465804","4.07367232503052","0.634951888287624","22.2397772125608",
"6/21/2011","-40","-6.08845996856689","587","30.059","18.589","0","3.74868026323239","0.578695573812313","22.613290189812",
"6/22/2011","-40","-6.08845996856689","587","27.896","17.853","0","4.58262981527621","0.673561594680228","22.166193157668",
"6/23/2011","-40","-6.08845996856689","587","29.514","18.756","0.0034332264","4.47774611946397","0.687136610160525","19.5075873523548",
"6/24/2011","-40","-6.08845996856689","587","27.871","19.089","0.097846992","3.96013348947225","0.646430132524131","16.271816152104",
"6/25/2011","-40","-6.08845996856689","587","30.309","17.452","0.77247648","2.75650500913086","0.612521704144498","20.189628833616",
"6/26/2011","-40","-6.08845996856689","587","31.424","19.22","1.7389268136","3.22289360054618","0.620099665093994","22.530761886672",
"6/27/2011","-40","-6.08845996856689","587","30.646","18.18","0","3.88793976138579","0.579977517039398","22.594963045554",
"6/28/2011","-40","-6.08845996856689","587","30.828","18.143","0","4.06357945604618","0.659761338431542","22.607370591372",
"6/29/2011","-40","-6.08845996856689","587","30.509","18.433","0","4.18175446382559","0.607789449566962","22.930663122216",
"6/30/2011","-40","-6.08845996856689","587","30.731","18.453","0.024032592","4.43785810036697","0.603137308433257","21.176599944888",
"7/1/2011","-40","-6.08845996856689","587","29.909","17.947","0.171661212","4.66738521707037","0.553779452400419","23.337738271476",
"7/2/2011","-40","-6.08845996856689","587","30.415","17.152","0","4.88454247484088","0.579684202740923","22.934136555792",
"7/3/2011","-40","-6.08845996856689","587","29.247","19.622","0.0377655048","4.87593986045891","0.612077130646602","18.4774690521792",
"7/4/2011","-40","-6.08845996856689","587","30.94","18.372","0.0205993728","4.30752543113637","0.549353165750347","22.867624138284",
"7/5/2011","-40","-6.08845996856689","587","26.864","19.293","0.3810878784","4.3128884121705","0.767262520122558","10.3910758380108",
"7/6/2011","-40","-6.08845996856689","587","28.715","19.02","0.0120162996","3.91573269819364","0.717419927174945","17.8033704183",
"7/7/2011","-40","-6.08845996856689","587","31.031","18.982","0.0137329056","4.08793719605014","0.668909368392491","20.477187973332",
"7/8/2011","-40","-6.08845996856689","587","29.62","19.546","6.1454780928","3.5611873859728","0.76987247554402","19.183617605772",
"7/9/2011","-40","-6.08845996856689","587","30.728","19.247","0.13046274","4.91680269928484","0.664951275317904","22.6997644996368",
"7/10/2011","-40","-6.08845996856689","587","29.675","18.433","0","5.68090604083064","0.580026413590557","23.10686801982",
"7/11/2011","-40","-6.08845996856689","587","28.863","17.513","0","5.12509320215605","0.677053497222911","17.5989836387592",
"7/12/2011","-40","-6.08845996856689","587","26.68","18.888","0.9286882956","4.18593418693164","0.743263909887918","8.016123097584",
"7/13/2011","-40","-6.08845996856689","587","28.392","17.894","1.4574042","5.06379872610501","0.714694368286678","19.536703637436",
"7/14/2011","-40","-6.08845996856689","587","30.047","17.401","0","5.05658582158009","0.593479012140039","23.18137233138",
"7/15/2011","-40","-6.08845996856689","587","30.988","17.624","0","4.49984651234747","0.553041238468189","23.382857639772",
"7/16/2011","-40","-6.08845996856689","587","29.808","18.663","0.0017166132","4.25084044716049","0.640692802364111","20.747256264612",
"7/17/2011","-40","-6.08845996856689","587","29.186","19.14","0.024032592","3.8123414758117","0.637123358268444","13.4820288063756",
"7/18/2011","-40","-6.08845996856689","587","30.803","16.646","0","3.84118689707504","0.603855255221044","22.437131694948",
"7/19/2011","-40","-6.08845996856689","587","31.162","20.407","0","4.15074652349978","0.522765320479177","20.583024106464",
"7/20/2011","-40","-6.08845996856689","587","30.791","18.611","0","4.17573605670607","0.561284934646608","19.864419133212",
"7/21/2011","-40","-6.08845996856689","587","30.919","18.136","0","4.53727772565586","0.538020189264004","23.821021448748",
"7/22/2011","-40","-6.08845996856689","587","32.233","18.11","0","4.04384596487877","0.524252699177981","18.91618504794",
"7/23/2011","-40","-6.08845996856689","587","31.234","17.819","0.0034332264","5.3373567507389","0.614880802545856","19.36687809726",
"7/24/2011","-40","-6.08845996856689","587","28.755","18.235","0","6.45457029386427","0.604675151023787","23.875676192016",
"7/25/2011","-40","-6.08845996856689","587","30.277","17.388","0","6.19962740237404","0.568225584212148","23.930382581964",
"7/26/2011","-40","-6.08845996856689","587","30.577","17.412","0","5.83805258442073","0.547320321553172","24.031485275004",
"7/27/2011","-40","-6.08845996856689","587","30.228","17.171","0","5.58249443111057","0.512905994457805","24.4750298434056",
"7/28/2011","-40","-6.08845996856689","587","31.71","17.238","0","4.94214973873726","0.513496358255647","24.481862380188",
"7/29/2011","-40","-6.08845996856689","587","31.238","17.933","0","5.15371393548785","0.591188617020262","21.92041268802",
"7/30/2011","-40","-6.08845996856689","587","32.233","18.971","0","4.79350918554686","0.530698606789527","24.189300716184",
"7/31/2011","-40","-6.08845996856689","587","30.464","21.261","0.0343322856","5.00823897496199","0.652119200126137","11.66642996094",
"8/1/2011","-40","-6.08845996856689","587","30.533","19.698","0.370788336","4.47419235079262","0.648633041578975","23.4408898435248",
"8/2/2011","-40","-6.08845996856689","587","32.895","19.091","0","3.15699525734671","0.556054320186236","20.2955496419952",
"8/3/2011","-40","-6.08845996856689","587","32.508","18.468","0","3.34224854178721","0.529308780579863","24.4463491631052",
"8/4/2011","-40","-6.08845996856689","587","33.339","19.266","0","4.0236691311454","0.516473651255144","24.66469317294",
"8/5/2011","-40","-6.08845996856689","587","31.73","20.069","0","4.73096182020145","0.552432500624421","25.0083250141356",
"8/6/2011","-40","-6.08845996856689","587","32.275","18.35","0","4.21672696947609","0.426451993212492","25.601192216244",
"8/7/2011","-40","-6.08845996856689","587","31.337","17.282","0","4.41989635444297","0.497585562527141","24.2843790721896",
"8/8/2011","-40","-6.08845996856689","587","30.753","17.3","0","5.15372017692573","0.51884294127294","25.022628402444",
"8/9/2011","-40","-6.08845996856689","587","32.587","19.517","0.480652092","4.29341565316229","0.526173319953537","24.6577633999416",
"8/10/2011","-40","-6.08845996856689","587","32.219","19.071","0.058364856","3.20096913844068","0.502726872172898","22.25694410982",
"8/11/2011","-40","-6.08845996856689","587","33.956","19.035","0","3.23450123057278","0.463510777441276","25.1774723603326",
"8/12/2011","-40","-6.08845996856689","587","31.653","18.413","0","4.83068331668666","0.402260321151996","25.4293159040856",
"8/13/2011","-40","-6.08845996856689","587","32.466","18.135","0","4.79759374680206","0.455196952533319","25.384262474052",
"8/14/2011","-40","-6.08845996856689","587","32.949","19.544","0","4.41363024604615","0.50691521966798","24.7322012776945",
"8/15/2011","-40","-6.08845996856689","587","32.534","19.317","0","5.08820091052356","0.512343744024603","23.609626213788",
"8/16/2011","-40","-6.08845996856689","587","31.741","17.821","0","6.22090272952402","0.467493012710666","25.88092740486",
"8/17/2011","-40","-6.08845996856689","587","30.107","18.535","0","6.02634540807001","0.578206613258684","25.443704011284",
"8/18/2011","-40","-6.08845996856689","587","31.657","17.615","0.0034332264","4.55510691956528","0.52283273454603","25.54760226195",
"8/19/2011","-40","-6.08845996856689","587","32.727","19.225","0","4.77561644545051","0.422379732574612","26.183800904508",
"8/20/2011","-40","-6.08845996856689","587","32.57","18.673","0","4.26150254277132","0.444760261490261","26.245175684076",
"8/21/2011","-40","-6.08845996856689","587","32.809","18.648","0","4.38004089672147","0.449506344265628","26.012316576348",
"8/22/2011","-40","-6.08845996856689","587","32.829","20.072","0.370788408","4.86401470805039","0.508696453295433","21.191255514252",
"8/23/2011","-40","-6.08845996856689","587","30.5","19.791","0","4.87271973944754","0.636104049977788","18.8947286337348",
"8/24/2011","-40","-6.08845996856689","587","29.257","20.794","0.1613617128","4.96664383467131","0.58580452648318","17.2044811260216",
"8/25/2011","-40","-6.08845996856689","587","32.695","19.674","0.00686646","4.40404952030267","0.454758659048513","26.485461427662",
"8/26/2011","-40","-6.08845996856689","587","32.208","21.2","0.030899052","5.74255646362554","0.479641811541836","25.1883461443896",
"8/27/2011","-40","-6.08845996856689","587","32.552","19.564","0","4.36147282401233","0.484651660037036","26.096724744516",
"8/28/2011","-40","-6.08845996856689","587","33.424","19.752","0","4.68412785205826","0.458553628925043","26.273395521108",
"8/29/2011","-40","-6.08845996856689","587","32.968","19.618","0","5.16300076570907","0.429488990478151","26.845838793792",
"8/30/2011","-40","-6.08845996856689","587","32.775","19.812","0","5.29243608628547","0.44433743658658","26.7333920171748",
"8/31/2011","-40","-6.08845996856689","587","34.58","20.129","0","4.42279089245292","0.389253775110547","27.1892124140076",
"9/1/2011","-40","-6.08845996856689","587","34.618","19.414","0","4.28017118256008","0.376495474437772","26.861640936192",
"9/2/2011","-40","-6.08845996856689","587","33.732","19.762","0","4.61337833910253","0.421877102511672","25.1203077254844",
"9/3/2011","-40","-6.08845996856689","587","33.591","19.641","0","5.81191477616304","0.467577075740536","23.721776650134",
"9/4/2011","-40","-6.08845996856689","587","32.765","19.156","0.0034332264","6.30818302445167","0.497883642242975","27.0917940860892",
"9/5/2011","-40","-6.08845996856689","587","32.48","18.412","0","5.61381241969732","0.501527899423679","26.5271797081138",
"9/6/2011","-40","-6.08845996856689","587","33.023","18.158","0","4.28183724102271","0.429479924227894","27.372096648432",
"9/7/2011","-40","-6.08845996856689","587","33.384","18.906","0","4.12584759823266","0.413619570598104","27.203796390024",
"9/8/2011","-40","-6.08845996856689","587","33.452","19.351","0","5.22188694154439","0.454424528131739","27.2213434399572",
"9/9/2011","-40","-6.08845996856689","587","33.702","19.044","0","5.3298663569133","0.410600321890723","27.7093851385644",
"9/10/2011","-40","-6.08845996856689","587","32.567","18.749","0.0017166132","5.04892939337513","0.423899104982641","27.672976400652",
"9/11/2011","-40","-6.08845996856689","587","33.431","19.791","0","4.53889859058525","0.4483375761185","27.53602248708",
"9/12/2011","-40","-6.08845996856689","587","33.549","20.314","0","4.59666093355363","0.405768639746566","27.573819832548",
"9/13/2011","-40","-6.08845996856689","587","33.587","19.725","0","4.28888798986109","0.376061471963942","27.364011308856",
"9/14/2011","-40","-6.08845996856689","587","33.919","19.292","0","4.1685326818406","0.39159324808759","27.6208311727836",
"9/15/2011","-40","-6.08845996856689","587","32.911","20.297","0","5.6990860783342","0.491041314474942","22.8580287112116",
"9/16/2011","-40","-6.08845996856689","587","29.832","21.005","0.3913878744","6.83512801893289","0.569665538883345","19.1053982463516",
"9/17/2011","-40","-6.08845996856689","587","31.498","19.07","0","6.6086951707944","0.51240631095954","27.884065885596",
"9/18/2011","-40","-6.08845996856689","587","29.12","18.95","0","6.68560576023243","0.568888312565222","26.4474485853084",
"9/19/2011","-40","-6.08845996856689","587","32.234","17.558","0","6.23660073261049","0.505641358953185","27.962680975434",
"9/20/2011","-40","-6.08845996856689","587","32.703","17.524","0","5.62206628880314","0.449829786303615","27.779729350572",
"9/21/2011","-40","-6.08845996856689","587","33.487","17.903","0.0017166132","4.78663274369342","0.448618606365101","28.0123918166664",
"9/22/2011","-40","-6.08845996856689","587","34.384","20.124","0","4.69312715720879","0.44273268592174","27.7707662544528",
"9/23/2011","-40","-6.08845996856689","587","33.898","20.786","0","5.07846876549228","0.416465510165486","28.16118634392",
"9/24/2011","-40","-6.08845996856689","587","34.727","19.853","0","4.90583259870298","0.435023658196547","28.224682555968",
"9/25/2011","-40","-6.08845996856689","587","36.178","20.327","0","4.32136511717523","0.389714175934996","28.341721671732",
"9/26/2011","-40","-6.08845996856689","587","33.654","20.768","0","6.30397289441548","0.407846143431291","28.378190821608",
"9/27/2011","-40","-6.08845996856689","587","33.772","19.925","0","5.59363166873117","0.471887428449339","28.2136882096872",
"9/28/2011","-40","-6.08845996856689","587","33.426","21.584","0","4.89753486953449","0.445493757728123","23.834545474896",
"9/29/2011","-40","-6.08845996856689","587","35.38","21.535","0","4.72338875063058","0.399489421616115","27.939618502236",
"9/30/2011","-40","-6.08845996856689","587","34.981","21.376","0","4.52775723603682","0.408251038430633","26.7046443126",
"10/1/2011","-40","-6.08845996856689","587","34.508","20.646","0.0017166132","4.85738159644277","0.45847747995176","28.25275915134",
"10/2/2011","-40","-6.08845996856689","587","34.801","20.371","0","4.39428715218815","0.422985037496641","26.2770036228392",
"10/3/2011","-40","-6.08845996856689","587","34.522","20.905","0.0017166132","5.04262862215291","0.447999743357888","26.15270847516",
"10/4/2011","-40","-6.08845996856689","587","34.099","20.946","0","6.13163210132064","0.445904664565347","28.253291982444",
"10/5/2011","-40","-6.08845996856689","587","33.482","21.296","0","5.73407857045761","0.450238215061015","28.1553958125",
"10/6/2011","-40","-6.08845996856689","587","32.919","19.814","0","5.51317635684798","0.40309824516194","28.784373635988",
"10/7/2011","-40","-6.08845996856689","587","34.429","20.387","0","5.29436037839633","0.382190741830089","28.21601565486",
"10/8/2011","-40","-6.08845996856689","587","35.107","20.987","0","4.54965870008609","0.374559169925597","28.5165752819698",
"10/9/2011","-40","-6.08845996856689","587","34.771","20.245","0","4.35313564468862","0.428876841741009","28.313586060696",
"10/10/2011","-40","-6.08845996856689","587","35.546","20.851","0","4.55709255560828","0.455685329343739","28.343599826508",
"10/11/2011","-40","-6.08845996856689","587","35.151","21.936","0.0137329056","4.95598743212922","0.471738211653105","27.978305984424",
"10/12/2011","-40","-6.08845996856689","587","35.583","21.442","0","5.48976029028641","0.448263938363441","28.14520019346",
"10/13/2011","-40","-6.08845996856689","587","34.141","22.224","0.7621767","4.90624970467957","0.554027495289081","21.2186119086",
"10/14/2011","-40","-6.08845996856689","587","33.458","21.71","0.2265932304","4.78143469651546","0.551227758758814","19.8946548717732",
"10/15/2011","-40","-6.08845996856689","587","33.468","21.796","3.069308664","3.40553934177028","0.574273655061435","17.81748794322",
"10/16/2011","-40","-6.08845996856689","587","31.229","22.021","3.1362556104","3.40112418297808","0.620265620470717","15.094889524944",
"10/17/2011","-40","-6.08845996856689","587","32.053","21.857","18.1823703264","3.7770576463414","0.699775361090071","16.87752790614",
"10/18/2011","-40","-6.08845996856689","587","31.815","20.76","3.7731155328","2.90270987090328","0.662878490668527","23.069885882796",
"10/19/2011","-40","-6.08845996856689","587","31.383","21.773","18.5737617","2.78435249599725","0.680132929085591","20.155017651768",
"10/20/2011","-40","-6.08845996856689","587","27.233","21.43","22.09967928","3.27325212437764","0.83332696056158","13.0205288898",
"10/21/2011","-40","-6.08845996856689","587","26.174","20.851","7.43980752","4.25905443158969","0.820930241732166","9.44389527066",
"10/22/2011","-40","-6.08845996856689","587","30.615","19.724","0","4.52894578968974","0.650520265155061","27.2996791135092",
"10/23/2011","-40","-6.08845996856689","587","30.845","19.879","0.051498396","3.81863015298889","0.546773695847946","26.669697654852",
"10/24/2011","-40","-6.08845996856689","587","31.624","19.543","0","4.34211726780302","0.559005287477789","28.523084921208",
"10/25/2011","-40","-6.08845996856689","587","30.518","20.213","0","5.10977066957819","0.551806167863973","28.276851298104",
"10/26/2011","-40","-6.08845996856689","587","32.469","19.678","0","4.7528985248269","0.51778209919355","28.490728443876",
"10/27/2011","-40","-6.08845996856689","587","33.555","20.287","0","4.63299446969367","0.493622611318028","28.568841666084",
"10/28/2011","-40","-6.08845996856689","587","34.293","21.363","0","4.42605595374629","0.50793279528115","28.247272563276",
"10/29/2011","-40","-6.08845996856689","587","33.574","20.915","0.0017166132","5.02760808347917","0.549234502780554","27.274876642728",
"10/30/2011","-40","-6.08845996856689","587","33.795","21.163","0","4.6334400775798","0.505254999900017","22.274535037068",
"10/31/2011","-40","-6.08845996856689","587","33.251","22.531","1.122665472","2.64075615408135","0.507241546048009","16.536360318264",
"11/1/2011","-40","-6.08845996856689","587","30.078","20.939","0.7656094656","3.91854954683062","0.59581553580852","10.860712245252",
"11/2/2011","-40","-6.08845996856689","587","33.568","21.967","0.0120162924","5.39025078954615","0.509911123654913","21.58918745031",
"11/3/2011","-40","-6.08845996856689","587","31.334","21.953","0.781058952","4.72131956068044","0.613857994252534","17.32732466652",
"11/4/2011","-40","-6.08845996856689","587","30.439","21.332","2.0410542","4.73800400318411","0.671160127949221","11.572596627948",
"11/5/2011","-40","-6.08845996856689","587","30.142","21.279","0.8462908044","5.29848371845081","0.645125016173629","15.979501424304",
"11/6/2011","-40","-6.08845996856689","587","30.269","20.767","1.9157418","5.21737044767724","0.643594883065621","26.2653050307092",
"11/7/2011","-40","-6.08845996856689","587","31.92","19.675","0","4.73068381173216","0.601232101758179","27.420446597688",
"11/8/2011","-40","-6.08845996856689","587","31.639","20.535","0","4.29265986975229","0.512898171736211","26.129990403324",
"11/9/2011","-40","-6.08845996856689","587","32.231","21.357","0","5.39169933095985","0.491493160178886","24.631032989592",
"11/10/2011","-40","-6.08845996856689","587","32.726","21.372","0","5.7495735553504","0.504281797516769","28.006335729576",
"11/11/2011","-40","-6.08845996856689","587","33.351","22.061","0","5.94283038678746","0.515451122862602","27.390673416744",
"11/12/2011","-40","-6.08845996856689","587","32.281","22.11","0.127029384","6.04328370774408","0.554902444111175","22.472598473316",
"11/13/2011","-40","-6.08845996856689","587","31.853","21.458","0","6.1804364717913","0.483000298511071","26.364526079724",
"11/14/2011","-40","-6.08845996856689","587","32.567","21.229","0","5.57888481845323","0.519744548285131","27.616756204296",
"11/15/2011","-40","-6.08845996856689","587","33.687","21.697","0","5.37185594843064","0.487420500897682","27.678064741812",
"11/16/2011","-40","-6.08845996856689","587","34.712","21.362","0","4.72165345734838","0.481048387117445","28.166956387956",
"11/17/2011","-40","-6.08845996856689","587","34.662","20.771","0","4.87108341535786","0.475107112407839","28.243901608308",
"11/18/2011","-40","-6.08845996856689","587","31.618","21.353","0","5.43993112502409","0.495616972730755","19.525498241472",
"11/19/2011","-40","-6.08845996856689","587","34.365","21.148","0","4.9204302445057","0.43722649218586","27.734770705644",
"11/20/2011","-40","-6.08845996856689","587","34.455","20.823","0","5.01277498280133","0.476068779138542","26.83947315348",
"11/21/2011","-40","-6.08845996856689","587","34.446","20.955","0","5.3665171878244","0.486270941698592","28.186714361862",
"11/22/2011","-40","-6.08845996856689","587","33.809","21.132","0","5.95354296527256","0.498622075046515","27.4045430367",
"11/23/2011","-40","-6.08845996856689","587","30.533","21.557","0.085830696","4.92243477024248","0.525825995779055","14.318765651304",
"11/24/2011","-40","-6.08845996856689","587","32.465","21.38","0","4.43963078208594","0.532577356100421","19.968983515476",
"11/25/2011","-40","-6.08845996856689","587","34.367","21.08","0","4.95634289887676","0.491542342909826","28.12728915738",
"11/26/2011","-40","-6.08845996856689","587","34.101","20.646","0.0017166132","5.07915218508102","0.441007425077821","28.226478912336",
"11/27/2011","-40","-6.08845996856689","587","30.952","20.255","0.0068664528","4.18935033889105","0.531492141862293","20.7880923852",
"11/28/2011","-40","-6.08845996856689","587","31.461","20.99","0","5.03036054286567","0.539282175338457","21.852610293564",
"11/29/2011","-40","-6.08845996856689","587","32.723","21.085","0","4.51459973785316","0.543839876701551","20.728408843944",
"11/30/2011","-40","-6.08845996856689","587","34.401","21.646","0.024032592","5.62387433335006","0.525757757127699","25.714528087068",
"12/1/2011","-40","-6.08845996856689","587","34.518","22.447","0.487518552","4.61574841158086","0.495436148199629","22.95864248346",
"12/2/2011","-40","-6.08845996856689","587","34.626","21.398","0.048065184","4.61852593892837","0.481420823104093","27.5201313732",
"12/3/2011","-40","-6.08845996856689","587","33.181","20.642","0","5.64607097560953","0.456556995965232","27.524819226852",
"12/4/2011","-40","-6.08845996856689","587","34.062","20.27","0","4.62713054032461","0.443056317730097","28.549512396504",
"12/5/2011","-40","-6.08845996856689","587","34.192","21.141","0","5.10022839008498","0.416492984574725","28.564857379224",
"12/6/2011","-40","-6.08845996856689","587","34.756","21.079","0","4.94649549172293","0.477211757472482","28.328639769828",
"12/7/2011","-40","-6.08845996856689","587","34.095","20.739","0","5.80077236358472","0.449431869314603","28.414025633016",
"12/8/2011","-40","-6.08845996856689","587","34.211","20.455","0","5.0184437050593","0.400032767940761","28.348289723988",
"12/9/2011","-40","-6.08845996856689","587","35.049","21.084","0","4.95865756522333","0.399951877764208","28.339931819772",
"12/10/2011","-40","-6.08845996856689","587","35.366","21.283","0.0017166132","4.24889419895486","0.436562113293222","28.20769601652",
"12/11/2011","-40","-6.08845996856689","587","34.979","21.377","0.077247612","4.52196058330129","0.499582290259783","24.0289117602437",
"12/12/2011","-40","-6.08845996856689","587","33.848","21.132","1.476288072","3.3090748317577","0.522098144086023","21.092447098836",
"12/13/2011","-40","-6.08845996856689","587","33.65","20.933","3.7559473056","3.98903333205483","0.545570177824428","22.28245558002",
"12/14/2011","-40","-6.08845996856689","587","33.07","21.228","0.74501064","4.66349381900106","0.544916561615981","21.978104324148",
"12/15/2011","-40","-6.08845996856689","587","32.892","20.78","0","5.55907094099388","0.477816523063583","28.28338298586",
"12/16/2011","-40","-6.08845996856689","587","33.182","20.865","0","5.54271984517775","0.491645119281727","28.150713515772",
"12/17/2011","-40","-6.08845996856689","587","33.934","20.934","0","4.82856080584567","0.420581242941841","27.195462045396",
"12/18/2011","-40","-6.08845996856689","587","33.865","20.978","0","5.40712500628012","0.427717154603446","26.730986625468",
"12/19/2011","-40","-6.08845996856689","587","34.687","20.741","0","4.76043769152033","0.46264295763224","28.465095971808",
"12/20/2011","-40","-6.08845996856689","587","35.762","21.692","0","4.13589089589494","0.450149786693308","23.994357295248",
"12/21/2011","-40","-6.08845996856689","587","31.179","21.63","0.5681986164","4.38160079600142","0.556168916789792","19.583632838592",
"12/22/2011","-40","-6.08845996856689","587","33.061","20.777","4.0237441056","4.69437236153665","0.614113280561762","23.199140640456",
"12/23/2011","-40","-6.08845996856689","587","29.462","21.017","2.236747716","4.69471859204348","0.69090037725218","11.260162596852",
"12/24/2011","-40","-6.08845996856689","587","33.416","20.354","0","5.06920812866207","0.533959453217227","28.3827905547696",
"12/25/2011","-40","-6.08845996856689","587","33.96","21.836","0","5.73018988918589","0.502635948827307","27.284287380048",
"12/26/2011","-40","-6.08845996856689","587","33.916","21.612","0","5.05264164191749","0.471992974658585","26.742804579072",
"12/27/2011","-40","-6.08845996856689","587","34.931","20.592","0","3.75269379291768","0.473417989879898","28.322809867692",
"12/28/2011","-40","-6.08845996856689","587","34.416","20.55","0","4.21819063519226","0.459758281310741","26.831601273564",
"12/29/2011","-40","-6.08845996856689","587","34.811","21.25","0","4.6126952317007","0.483456277678682","22.2513753058668",
"12/30/2011","-40","-6.08845996856689","587","35.096","20.547","0","3.69544339984512","0.500054448875516","26.168466763908",
"12/31/2011","-40","-6.08845996856689","587","31.659","21.197","0","4.71010990432462","0.539519857810495","18.354830873004",
"1/1/2012","-40","-6.08845996856689","587","31.629","21.174","0.19569402","5.16537882303838","0.600535277942001","14.683296898116",
"1/2/2012","-40","-6.08845996856689","587","34.52","20.409","0","5.24198287095379","0.503634807593128","27.06167423556",
"1/3/2012","-40","-6.08845996856689","587","34.589","21.384","1.26342756","4.08690646960413","0.549588118510669","23.879021662476",
"1/4/2012","-40","-6.08845996856689","587","33.353","20.859","0.411987132","2.9363129760683","0.561594960805834","18.278453745288",
"1/5/2012","-40","-6.08845996856689","587","33.797","22.11","0.338173092","4.39481317588088","0.506615943317193","22.269310571304",
"1/6/2012","-40","-6.08845996856689","587","32.638","20.548","0","5.30479636748229","0.544269455863453","24.6019997826",
"1/7/2012","-40","-6.08845996856689","587","33.697","20.334","0","4.89226162631448","0.512681661941681","27.547170365952",
"1/8/2012","-40","-6.08845996856689","587","35.169","20.811","0","5.20298620986367","0.471150983136947","25.680392858232",
"1/9/2012","-40","-6.08845996856689","587","32.636","21.822","0.367355448","5.55220190500993","0.571323538236317","22.8225959693136",
"1/10/2012","-40","-6.08845996856689","587","33.944","20.282","0","6.03353767715089","0.498729044020626","28.640334092004",
"1/11/2012","-40","-6.08845996856689","587","34.279","21.221","0.075530844","5.23583180355266","0.487509157921309","28.218313102356",
"1/12/2012","-40","-6.08845996856689","587","32.565","20.286","1.809311112","4.90478294516136","0.572532307545117","22.676065784064",
"1/13/2012","-40","-6.08845996856689","587","33.671","20.522","1.071165024","5.84180024770682","0.566727717389642","26.709421833072",
"1/14/2012","-40","-6.08845996856689","587","33.631","20.976","0","5.31025190766066","0.510147620291035","27.429251772528",
"1/15/2012","-40","-6.08845996856689","587","32.405","21.589","0","5.13611818715927","0.498482926501881","16.540025509152",
"1/16/2012","-40","-6.08845996856689","587","30.816","21.318","0.0446319504","4.23619843026317","0.515948315379415","18.731103668172",
"1/17/2012","-40","-6.08845996856689","587","29.919","19.205","0.02059938","3.22356722799825","0.532745107501178","17.175743178264",
"1/18/2012","-40","-6.08845996856689","587","30.625","20.584","9.5272010064","3.13680981656276","0.64741768858006","18.925334832168",
"1/19/2012","-40","-6.08845996856689","587","27.393","19.62","13.1870286","3.05711828232858","0.801160558872222","13.048072684632",
"1/20/2012","-40","-6.08845996856689","587","30.477","19.655","26.0084135664","4.0650495597054","0.780645652140817","19.530888484248",
"1/21/2012","-40","-6.08845996856689","587","27.897","20.231","51.58938492","3.724453415616","0.862720298546355","15.549803481888",
"1/22/2012","-40","-6.08845996856689","587","28.049","20.32","7.147982988","4.02372531397411","0.84965558433555","13.196796822432",
"1/23/2012","-40","-6.08845996856689","587","29.555","20.201","5.712894","4.03574785082409","0.783945226325779","20.870145619344",
"1/24/2012","-40","-6.08845996856689","587","27.109","20.255","3.46069332","4.39396531483844","0.822068544691164","15.676364003724",
"1/25/2012","-40","-6.08845996856689","587","30.489","19.652","0.0411987312","4.58553178339081","0.682947173611304","18.157650420132",
"1/26/2012","-40","-6.08845996856689","587","30.334","19.827","1.36299312","4.41180596900343","0.687099176967874","17.951918673996",
"1/27/2012","-40","-6.08845996856689","587","32.359","19.66","0","4.76930530322962","0.625049783662138","24.901204643208",
"1/28/2012","-40","-6.08845996856689","587","32.084","20.486","0.0892639008","4.0189403121168","0.641002965573044","21.528653969196",
"1/29/2012","-40","-6.08845996856689","587","32.631","20.423","0.5218505784","4.36885019026975","0.586356666087383","23.58345242178",
"1/30/2012","-40","-6.08845996856689","587","31.361","19.591","0.8274077784","4.69329476034033","0.648424385861637","25.226978154912",
"1/31/2012","-40","-6.08845996856689","587","32.549","19.331","0","4.3691719133175","0.538391327151896","24.47016855201",
"2/1/2012","-40","-6.08845996856689","587","32.424","20.047","0","4.92250451718795","0.515634071574023","29.452715706744",
"2/2/2012","-40","-6.08845996856689","587","31.96","19.693","0","5.21970605549429","0.52369219692136","29.020422159",
"2/3/2012","-40","-6.08845996856689","587","32.711","19.732","0","5.27986958324733","0.528321660327141","29.14065381186",
"2/4/2012","-40","-6.08845996856689","587","32.816","20.416","0","5.07583673579725","0.468568920946242","29.2311658737",
"2/5/2012","-40","-6.08845996856689","587","33.6","20.36","0","4.98964706251182","0.44277859102974","29.6101483623",
"2/6/2012","-40","-6.08845996856689","587","33.191","21.026","0","4.61285221940212","0.475205511530875","24.329305829952",
"2/7/2012","-40","-6.08845996856689","587","31.812","21.746","0.302124348","4.55402314433522","0.543595529317665","20.2388356016748",
"2/8/2012","-40","-6.08845996856689","587","32.784","19.892","0.34332264","3.1029198853276","0.549051201278673","20.3404656784644",
"2/9/2012","-40","-6.08845996856689","587","34.056","20.053","0.06179796","4.30906551786692","0.503819943395266","26.900491117608",
"2/10/2012","-40","-6.08845996856689","587","29.079","21.309","0.2094270768","4.46104067937555","0.601675497208572","14.132006052372",
"2/11/2012","-40","-6.08845996856689","587","33.114","18.814","1.8058764996","3.90381196882095","0.596733488470907","23.454404634312",
"2/12/2012","-40","-6.08845996856689","587","32.257","19.303","0","4.38952578528026","0.504046993238033","22.207304726604",
"2/13/2012","-40","-6.08845996856689","587","32.091","20.162","0.233459604","4.95768987887944","0.529706002454088","24.3736075394784",
"2/14/2012","-40","-6.08845996856689","587","32.79","20.577","0","4.95938772581674","0.500798247299044","26.042583679848",
"2/15/2012","-40","-6.08845996856689","587","33.588","19.903","0.439452756","3.75641013663308","0.539888907008772","24.423056437536",
"2/16/2012","-40","-6.08845996856689","587","26.684","20.127","17.972941212","2.45446943833231","0.865391970444073","7.98439946058",
"2/17/2012","-40","-6.08845996856689","587","20.734","18.682","87.6125280528","2.03236584158859","0.96034029772978","2.727003538368",
"2/18/2012","-40","-6.08845996856689","587","24.915","20.078","104.53836294","2.26269558355827","0.942271392613901","12.621684085308",
"2/19/2012","-40","-6.08845996856689","587","26.329","19.567","79.88091876","3.76338341253393","0.900285028399388","18.12313873602",
"2/20/2012","-40","-6.08845996856689","587","28.433","19.467","4.549029228","3.89671974000278","0.843117929867553","28.471085676636",
"2/21/2012","-40","-6.08845996856689","587","29.806","18.869","0.171661284","4.18691438590603","0.726348784684122","28.992339361836",
"2/22/2012","-40","-6.08845996856689","587","31.107","18.82","0.2609253","4.00178893090661","0.69665074170541","29.028581409492",
"2/23/2012","-40","-6.08845996856689","587","31.006","20.402","5.4004681224","3.57661075254548","0.749242153768178","27.593024040216",
"2/24/2012","-40","-6.08845996856689","587","26.253","18.338","2.2659338664","3.77489781299227","0.791818998293095","22.792249740744",
"2/25/2012","-40","-6.08845996856689","587","27.661","19.14","1.285743402","3.78134409065835","0.785796579675214","20.556942735168",
"2/26/2012","-40","-6.08845996856689","587","30.502","19.021","8.001134712","3.79975514563406","0.761723218430211","27.548786297412",
"2/27/2012","-40","-6.08845996856689","587","28.143","18.867","8.26720938","3.72892863035907","0.84072657755799","18.204174883278",
"2/28/2012","-40","-6.08845996856689","587","30.16","19.077","0.5733495864","4.76973475019629","0.723869389320706","25.31793639888",
"2/29/2012","-40","-6.08845996856689","587","31.119","19.545","0.0017166132","4.39683810673205","0.652503043860087","28.934385894972",
"3/1/2012","-40","-6.08845996856689","587","31.369","19.48","0.0703811808","3.95669808965037","0.595723912263031","29.451531225942",
"3/2/2012","-40","-6.08845996856689","587","32.499","18.636","0","3.74751799761987","0.580072545582552","29.205973486368",
"3/3/2012","-40","-6.08845996856689","587","32.64","18.871","0","2.7046184894163","0.588149402485759","23.4514565387352",
"3/4/2012","-40","-6.08845996856689","587","30.739","17.468","0","2.91968060472758","0.607290929136625","25.4418519221208",
"3/5/2012","-40","-6.08845996856689","587","29.193","18.383","1.08146628","3.74488354801462","0.663923526390765","24.329282159808",
"3/6/2012","-40","-6.08845996856689","587","29.794","18.413","5.0777427024","3.42787747032672","0.74607901339844","25.0790920971624",
"3/7/2012","-40","-6.08845996856689","587","31.798","19.076","0.096130368","3.62390913726009","0.650969610732487","27.896857585326",
"3/8/2012","-40","-6.08845996856689","587","30.229","18.223","0.1132965288","3.3593420080963","0.644763495430707","20.156822126118",
"3/9/2012","-40","-6.08845996856689","587","31.747","20.316","0","4.76500454727789","0.578380389238608","28.914589736892",
"3/10/2012","-40","-6.08845996856689","587","31.135","19.772","0.360488844","4.3763017533657","0.664184971304207","27.3956863237996",
"3/11/2012","-40","-6.08845996856689","587","32.544","19.909","0","4.28986165025758","0.581860739415658","28.19159775234",
"3/12/2012","-40","-6.08845996856689","587","32.721","19.548","8.1556287732","3.76727893226286","0.722311377293402","19.605464861328",
"3/13/2012","-40","-6.08845996856689","587","30.195","19.019","0.573348852","3.43829148265621","0.745260440697589","19.8071194051188",
"3/14/2012","-40","-6.08845996856689","587","27.093","19.539","3.8520818784","3.82083972883964","0.737952982406684","19.129570987464",
"3/15/2012","-40","-6.08845996856689","587","29.177","19.829","6.79435884","3.99801017620495","0.781943557585902","23.9846005013465",
"3/16/2012","-40","-6.08845996856689","587","31.846","20.079","1.21707756","4.64619747213712","0.713405033255775","26.102528657244",
"3/17/2012","-40","-6.08845996856689","587","31.841","19.631","0.0017166132","4.79216910467554","0.54101956759751","28.455347805552",
"3/18/2012","-40","-6.08845996856689","587","32.62","19.459","0.504684468","3.72768554611397","0.672959189717378","21.7585545339168",
"3/19/2012","-40","-6.08845996856689","587","29.037","19.812","7.22351124","3.53045456510876","0.866295218506467","13.722051352428",
"3/20/2012","-40","-6.08845996856689","587","29.99","19.383","5.79357756","3.22550527604861","0.793636425729601","16.512664099212",
"3/21/2012","-40","-6.08845996856689","587","29.282","18.641","8.32557672","2.75560075006284","0.82223024599804","23.24571152238",
"3/22/2012","-40","-6.08845996856689","587","30.615","18.972","0.0034332264","3.87637878051698","0.698586134006885","24.631689551904",
"3/23/2012","-40","-6.08845996856689","587","30.438","20.095","1.450539756","3.74735415760813","0.651993049098945","27.334932757308",
"3/24/2012","-40","-6.08845996856689","587","31.259","20.305","0","4.57250557832994","0.655538441910496","24.790338461124",
"3/25/2012","-40","-6.08845996856689","587","31.533","20.437","0.7312784832","4.23976673815686","0.682793902123684","23.684975617176",
"3/26/2012","-40","-6.08845996856689","587","30.493","20.544","1.8024445512","4.25765305898719","0.735304608054675","10.9313444943619",
"3/27/2012","-40","-6.08845996856689","587","30.666","18.633","2.506254048","3.15127432029515","0.760345129691789","16.560191275776",
"3/28/2012","-40","-6.08845996856689","587","29.753","18.43","5.5652575968","3.27219269456931","0.812115654024556","18.339591674052",
"3/29/2012","-40","-6.08845996856689","587","27.961","19.957","2.2899610512","3.57051783386587","0.831355410684395","8.8705778295168",
"3/30/2012","-40","-6.08845996856689","587","31.868","20.213","0.259208604","4.35521120538001","0.671599828015397","23.4189822496572",
"3/31/2012","-40","-6.08845996856689","587","32.499","19.51","0.188827704","3.75299845853091","0.630239313115296","26.129585150928",
"4/1/2012","-40","-6.08845996856689","587","32.72","17.811","3.78342","3.05677980715371","0.704029605447754","21.595430077128",
"4/2/2012","-40","-6.08845996856689","587","32.569","19.629","0.4102707744","3.76661900868446","0.715030064964175","27.107132117652",
"4/3/2012","-40","-6.08845996856689","587","30.789","20.066","0.274658256","4.259929880758","0.724938423544198","14.7114923311944",
"4/4/2012","-40","-6.08845996856689","587","31.802","19.675","0.7656098904","4.03809265389243","0.683695934816427","17.528882239836",
"4/5/2012","-40","-6.08845996856689","587","32.169","20.167","0.3330234","4.23542587110278","0.641883032698239","23.906064369708",
"4/6/2012","-40","-6.08845996856689","587","32.753","19.547","0","4.28924504203408","0.610709981773316","26.940776517864",
"4/7/2012","-40","-6.08845996856689","587","32.44","20.306","10.4988080664","4.00680283618804","0.768855735474645","20.8224368721256",
"4/8/2012","-40","-6.08845996856689","587","30.937","20.293","0.0343322856","4.64767508224308","0.699788215771037","22.515917303754",
"4/9/2012","-40","-6.08845996856689","587","28.65","20.416","0.92353788","3.63574626897167","0.633202391275279","21.8627852425812",
"4/10/2012","-40","-6.08845996856689","587","29.737","19.28","0.6111144","4.12443774396916","0.638359959309256","21.8271001226436",
"4/11/2012","-40","-6.08845996856689","587","31.64","19.696","0.072097776","3.797644143171","0.667607906597152","16.326777823092",
"4/12/2012","-40","-6.08845996856689","587","32.498","18.347","0","3.58285304053378","0.603681560542412","26.827686003492",
"4/13/2012","-40","-6.08845996856689","587","32.991","17.359","0","3.01322009067783","0.608567439035189","25.870428149796",
"4/14/2012","-40","-6.08845996856689","587","32.826","18.025","0.06008148","3.34370651301551","0.615295636390691","25.919772428772",
"4/15/2012","-40","-6.08845996856689","587","31.854","18.816","9.856790964","3.3968009827456","0.781392310784276","23.25795939468",
"4/16/2012","-40","-6.08845996856689","587","31.558","19.526","8.8748964","3.59770974322269","0.818232255503118","21.159833683896",
"4/17/2012","-40","-6.08845996856689","587","29.825","19.149","8.97789348","3.39746231977686","0.834868266544689","25.3487397250044",
"4/18/2012","-40","-6.08845996856689","587","29.22","18.677","1.2977599248","2.50635620472417","0.799675968665114","15.0438951070704",
"4/19/2012","-40","-6.08845996856689","587","33.209","19.1","0.101280204","3.10138310676885","0.686912081336966","23.3090975501424",
"4/20/2012","-40","-6.08845996856689","587","26.704","19.64","10.03876038","2.53607589076503","0.883731122272598","13.692414708828",
"4/21/2012","-40","-6.08845996856689","587","28.146","19.919","0.4772185632","4.18434805861653","0.760582478043061","17.9030970171",
"4/22/2012","-40","-6.08845996856689","587","32.125","18.742","0.5270001732","4.09853306764339","0.709969575874698","22.1941214198244",
"4/23/2012","-40","-6.08845996856689","587","31.982","19.938","0","4.77922995224989","0.640670788821804","25.279413477768",
"4/24/2012","-40","-6.08845996856689","587","32.395","19.975","0.0017166132","4.93597625498225","0.636388822398773","23.930582004576",
"4/25/2012","-40","-6.08845996856689","587","32.358","19.9","0","4.60832266159851","0.602625370119702","25.319530746216",
"4/26/2012","-40","-6.08845996856689","587","32.634","20.561","0","4.15409566892331","0.608726057589388","25.208444437344",
"4/27/2012","-40","-6.08845996856689","587","33.161","17.767","0.008583066","2.96192971696046","0.621122741865979","24.993348878952",
"4/28/2012","-40","-6.08845996856689","587","32.788","18.215","0","3.96522061492667","0.540939977048974","25.939172548296",
"4/29/2012","-40","-6.08845996856689","587","31.52","19.243","0","4.37456135099019","0.563208062305999","25.426870967448",
"4/30/2012","-40","-6.08845996856689","587","30.996","17.391","0","2.19470542282194","0.648367692652108","18.50110800462",
"5/1/2012","-40","-6.08845996856689","587","32.056","17.794","0","3.22517380551579","0.599661579862368","23.027328592416",
"5/2/2012","-40","-6.08845996856689","587","32.257","16.616","0","3.72475597849201","0.588354376409793","24.654128493636",
"5/3/2012","-40","-6.08845996856689","587","32.207","20.204","0.271225044","4.90033525395549","0.614774349720681","22.797188335548",
"5/4/2012","-40","-6.08845996856689","587","31.184","18.848","0.9269717112","5.14229847022516","0.658835614569734","24.706956496464",
"5/5/2012","-40","-6.08845996856689","587","32.143","18.122","0","4.40094877626386","0.538642435346971","24.779861120088",
"5/6/2012","-40","-6.08845996856689","587","32.078","19.758","0","3.95996311039998","0.582097758158393","24.484679016588",
"5/7/2012","-40","-6.08845996856689","587","31.794","19.427","0.20942712","4.32648506325347","0.599635481073155","20.806562101176",
"5/8/2012","-40","-6.08845996856689","587","32.615","18.743","0.827408124","4.48889339716261","0.628642849230001","22.989129401556",
"5/9/2012","-40","-6.08845996856689","587","32.833","19.358","0","3.92538081972345","0.465096699062558","24.457112656668",
"5/10/2012","-40","-6.08845996856689","587","30.567","17.476","0.0017166132","3.10121178307893","0.581892380048111","13.326200020044",
"5/11/2012","-40","-6.08845996856689","587","30.741","20.063","0.3261564576","3.37635026187627","0.669810877018922","11.68052601186",
"5/12/2012","-40","-6.08845996856689","587","32.921","17.931","0","3.66060566371491","0.618289027804395","23.9675971894632",
"5/13/2012","-40","-6.08845996856689","587","32.658","18.263","0.0171661464","4.02507854462625","0.584180476350655","23.966802369396",
"5/14/2012","-40","-6.08845996856689","587","32.654","19.439","0","4.36838905918063","0.605974801972261","24.000675509664",
"5/15/2012","-40","-6.08845996856689","587","31.786","18.779","0","3.98647492691535","0.633938344263477","23.33142299718",
"5/16/2012","-40","-6.08845996856689","587","30.98","18.147","0.0343322784","3.36352045743852","0.631465380903356","18.7679137968",
"5/17/2012","-40","-6.08845996856689","587","29.306","19.089","2.56118634","3.1279811882914","0.776539587721973","8.393708753388",
"5/18/2012","-40","-6.08845996856689","587","31.454","18.668","1.26857736","3.56106868911096","0.67876985894887","22.5080648502552",
"5/19/2012","-40","-6.08845996856689","587","31.449","18.258","1.143264816","3.67473422146765","0.683038890453159","17.636586895152",
"5/20/2012","-40","-6.08845996856689","587","29.919","19.459","2.68134948","4.49113698289091","0.754078464731112","13.104656665272",
"5/21/2012","-40","-6.08845996856689","587","31.656","19.627","0.0240325848","4.08149531010834","0.566270580141966","23.6659830691284",
"5/22/2012","-40","-6.08845996856689","587","31.732","19.314","0.260925192","4.21502131607317","0.620091181754914","19.7375906685384",
"5/23/2012","-40","-6.08845996856689","587","31.047","19.543","0.6128310024","4.03942821483918","0.637819093207099","21.022683267852",
"5/24/2012","-40","-6.08845996856689","587","31.842","19.274","0.106430184","3.86889205641368","0.647935255849904","19.414782706716",
"5/25/2012","-40","-6.08845996856689","587","31.567","20.236","1.0848995496","3.80816294118158","0.684315983082385","17.228626746516",
"5/26/2012","-40","-6.08845996856689","587","31.993","19.014","0.0102996864","3.96482431096592","0.588154786167123","20.450819208618",
"5/27/2012","-40","-6.08845996856689","587","32.226","19.867","0","4.28866142454158","0.568753207105601","23.355022867596",
"5/28/2012","-40","-6.08845996856689","587","31.834","19.582","0","4.41069829180466","0.591440220765733","22.986679438116",
"5/29/2012","-40","-6.08845996856689","587","31.844","17.687","0","4.43535131253959","0.583714868708377","21.491211222072",
"5/30/2012","-40","-6.08845996856689","587","31.24","19.673","0.0240325848","4.557805858005","0.590955596441654","21.49981338294",
"5/31/2012","-40","-6.08845996856689","587","30.654","20.526","0.0377654904","3.92180597431544","0.625322057381028","16.09754312349",
"6/1/2012","-40","-6.08845996856689","587","32.885","19.195","0","2.61762323681803","0.538582218783325","22.6291346061624",
"6/2/2012","-40","-6.08845996856689","587","32.598","17.751","0.0171661392","3.32972960009056","0.570465740878758","22.651729438212",
"6/3/2012","-40","-6.08845996856689","587","32.061","19.395","0","4.2319876984483","0.57359700577345","22.6418300413128",
"6/4/2012","-40","-6.08845996856689","587","30.736","18.926","0","4.48821250178818","0.632830603524255","19.0239373806264",
"6/5/2012","-40","-6.08845996856689","587","32.358","17.739","0","3.57541938896646","0.577756924962548","23.102251572744",
"6/6/2012","-40","-6.08845996856689","587","32.975","20.031","0","4.02323811123874","0.544009330322601","22.924163565",
"6/7/2012","-40","-6.08845996856689","587","32.551","20.306","0","4.17091637194736","0.505807630857115","19.411703988876",
"6/8/2012","-40","-6.08845996856689","587","32.685","20.863","0.0549316584","4.42779981975886","0.536162699911467","22.207213759932",
"6/9/2012","-40","-6.08845996856689","587","31.936","19.564","0.078964236","4.0043107071187","0.592704113726064","22.79226599694",
"6/10/2012","-40","-6.08845996856689","587","32.717","18.884","0","4.29271400997818","0.482531299441886","23.0373885393252",
"6/11/2012","-40","-6.08845996856689","587","32.709","18.195","0","4.4884915715544","0.499890100484244","22.919423821056",
"6/12/2012","-40","-6.08845996856689","587","31.385","19.247","0.123596208","4.86561757774408","0.584969694982833","20.5646735115",
"6/13/2012","-40","-6.08845996856689","587","31.286","20.201","0.5012514864","4.52687314357455","0.594186261064236","22.401407596536",
"6/14/2012","-40","-6.08845996856689","587","32.566","19.278","0","5.3183287298982","0.471761947079246","22.066082415036",
"6/15/2012","-40","-6.08845996856689","587","32.246","17.671","0","4.49572004851274","0.4825970166215","23.077355642604",
"6/16/2012","-40","-6.08845996856689","587","32.308","16.754","0","3.1902483654874","0.516036224361378","22.02031777068",
"6/17/2012","-40","-6.08845996856689","587","32.311","18.82","0.048065184","3.67849805793631","0.543190622709083","20.5966135810188",
"6/18/2012","-40","-6.08845996856689","587","32.59","18.102","0","4.10304116664591","0.509107212418019","22.720006807164",
"6/19/2012","-40","-6.08845996856689","587","31.017","19.462","0.267791724","4.64510704866261","0.618716206747455","13.6674449271216",
"6/20/2012","-40","-6.08845996856689","587","31.671","20.578","0.642013668","4.59168588736994","0.666419994863203","17.411704600644",
"6/21/2012","-40","-6.08845996856689","587","33.758","19.294","0","3.81579945313688","0.575575498818084","20.567534878512",
"6/22/2012","-40","-6.08845996856689","587","32.72","19.518","3.302764344","3.64877420608512","0.672933237515906","20.1011333274252",
"6/23/2012","-40","-6.08845996856689","587","31.536","19.92","4.07180664","4.03579087366809","0.752269259007817","18.069764401908",
"6/24/2012","-40","-6.08845996856689","587","30.046","19.706","0.4222870704","3.95839089972079","0.647280226623491","14.098882664052",
"6/25/2012","-40","-6.08845996856689","587","29.153","17.655","0.4085541864","3.8015400842616","0.635243336579","18.0482454063864",
"6/26/2012","-40","-6.08845996856689","587","30.156","18.273","0.1270293696","4.16395886519084","0.624889164316391","17.657012079612",
"6/27/2012","-40","-6.08845996856689","587","30.458","17.86","0","5.10303851054051","0.496238494485878","22.8234463665624",
"6/28/2012","-40","-6.08845996856689","587","26.675","17.953","2.3414653944","4.61839791103894","0.715656761091775","12.7928416512888",
"6/29/2012","-40","-6.08845996856689","587","31.03","18.901","0.18367776","4.17624402736607","0.618107642155572","22.602025574892",
"6/30/2012","-40","-6.08845996856689","587","31.479","18.061","0.034332264","5.08567321355083","0.561976448485342","19.7505330635664",
"7/1/2012","-40","-6.08845996856689","587","31.267","19.367","0.339889536","4.68858610718422","0.504651130990469","23.021883770076",
"7/2/2012","-40","-6.08845996856689","587","30.726","18.246","0","5.51620940385399","0.549391966071299","20.0325610095912",
"7/3/2012","-40","-6.08845996856689","587","29.93","18.236","0.0034332264","5.28893650802241","0.53690848940179","18.242731564236",
"7/4/2012","-40","-6.08845996856689","587","31.205","17.701","0","4.99170554978613","0.529100429078059","22.8835614704004",
"7/5/2012","-40","-6.08845996856689","587","31.894","17.56","0","4.89459012649937","0.438724611197737","23.658372524016",
"7/6/2012","-40","-6.08845996856689","587","31.71","17.358","0.0017166132","4.21482345045778","0.463765145195112","23.298854981328",
"7/7/2012","-40","-6.08845996856689","587","32.989","20.24","0.2162931768","3.72446436210153","0.537852508725764","19.139466011904",
"7/8/2012","-40","-6.08845996856689","587","33.116","19.695","0.1441955808","3.79027768234014","0.52460959966765","21.4889212226412",
"7/9/2012","-40","-6.08845996856689","587","31.958","20.135","0","5.45463162630465","0.542680502210158","21.286778971932",
"7/10/2012","-40","-6.08845996856689","587","31.589","19.213","0","5.33942036398597","0.591846136385768","19.2129135590736",
"7/11/2012","-40","-6.08845996856689","587","31.589","18.509","0","4.38439637195463","0.5538069132311","23.260288441572",
"7/12/2012","-40","-6.08845996856689","587","32.819","19.735","0","4.18986837008095","0.503209566623172","19.28592802098",
"7/13/2012","-40","-6.08845996856689","587","31.488","21.578","0","4.37480360882594","0.529156448695176","19.0435042148681",
"7/14/2012","-40","-6.08845996856689","587","32.927","19.648","0","4.83514246538652","0.554549867296021","22.729849762446",
"7/15/2012","-40","-6.08845996856689","587","32.721","19.53","0","3.94065450022508","0.499655644386047","18.9912012945372",
"7/16/2012","-40","-6.08845996856689","587","31.15","19.367","0","4.18462099340963","0.522398344741689","17.1400183004016",
"7/17/2012","-40","-6.08845996856689","587","32.405","18.219","0","4.85371153044937","0.53842234329745","23.796966527136",
"7/18/2012","-40","-6.08845996856689","587","32.672","19.441","0.51155046","4.77271182469928","0.642413543114102","18.9910550559384",
"7/19/2012","-40","-6.08845996856689","587","32.518","18.169","0","3.83260252753684","0.604933341436105","22.541081721984",
"7/20/2012","-40","-6.08845996856689","587","31.851","19.369","0","4.65566610809517","0.515939885140951","23.8876994598156",
"7/21/2012","-40","-6.08845996856689","587","31.976","19.351","0.264358512","4.53860476903036","0.481396164239394","23.726562817572",
"7/22/2012","-40","-6.08845996856689","587","32.427","18.244","0","4.46654781846544","0.45850735043442","24.187620995136",
"7/23/2012","-40","-6.08845996856689","587","31.661","17.696","0","4.75049043498513","0.436450408809356","23.9941644122088",
"7/24/2012","-40","-6.08845996856689","587","32.874","18.805","0","5.168295457022","0.3866367573598","24.520055142096",
"7/25/2012","-40","-6.08845996856689","587","32.066","18.498","0","4.72041442604272","0.497856240196266","24.0565687337916",
"7/26/2012","-40","-6.08845996856689","587","32.4","17.756","0","4.83898688032654","0.487998689775204","24.5621657556108",
"7/27/2012","-40","-6.08845996856689","587","30.711","18.05","0","4.96653583542343","0.53225644955429","20.532520559556",
"7/28/2012","-40","-6.08845996856689","587","31.967","19.947","1.1878968384","4.82122304279217","0.523508111112643","24.079677572646",
"7/29/2012","-40","-6.08845996856689","587","32.191","17.184","0","5.07791985330327","0.387925715013871","25.27247143458",
"7/30/2012","-40","-6.08845996856689","587","30.538","17.224","0","5.69923750015898","0.505745072899444","24.865396553088",
"7/31/2012","-40","-6.08845996856689","587","30.624","19.281","0.0686645424","5.94863154754367","0.566006265737531","20.456609456106",
"8/1/2012","-40","-6.08845996856689","587","30.552","17.342","0","5.79285722760022","0.522860427280398","24.7896044316713",
"8/2/2012","-40","-6.08845996856689","587","31.712","18.79","0","5.13210339822253","0.503607709891981","22.5679958773812",
"8/3/2012","-40","-6.08845996856689","587","32.496","17.811","0","4.86462242515483","0.45082597366778","24.914406381408",
"8/4/2012","-40","-6.08845996856689","587","32.762","17.6","0","5.08842551984035","0.407249949302106","25.1498068788096",
"8/5/2012","-40","-6.08845996856689","587","33.035","17.329","0","3.7048288454959","0.429433706476821","25.063366930344",
"8/6/2012","-40","-6.08845996856689","587","33.261","18.228","0.0017166132","3.66772157718295","0.45368657362032","24.927710139972",
"8/7/2012","-40","-6.08845996856689","587","33.63","19.573","0.1407621528","4.4278663850507","0.469400764821547","24.7758395065992",
"8/8/2012","-40","-6.08845996856689","587","32.688","18.783","0","6.2223334941044","0.431166285865592","24.960280502952",
"8/9/2012","-40","-6.08845996856689","587","33.226","17.56","0","5.40445959590188","0.439915694134587","25.134589270404",
"8/10/2012","-40","-6.08845996856689","587","32.638","17.887","0","5.87979313167635","0.467079966342223","25.15513349286",
"8/11/2012","-40","-6.08845996856689","587","32.223","18.105","0","5.23006309132809","0.463871650218008","25.3557591909804",
"8/12/2012","-40","-6.08845996856689","587","32.219","17.734","0","5.53924420104141","0.410260112624028","25.584662423232",
"8/13/2012","-40","-6.08845996856689","587","31.939","18.588","0","6.03795306869558","0.493823956290374","20.2777831640052",
"8/14/2012","-40","-6.08845996856689","587","32.133","18.576","0","5.80590257973717","0.486383680952749","25.32336453846",
"8/15/2012","-40","-6.08845996856689","587","31.684","18.933","0","6.40185690239156","0.462607441400105","25.8124134843",
"8/16/2012","-40","-6.08845996856689","587","32.455","17.986","0.0017166132","6.12218508578738","0.488907364970587","25.18735387077",
"8/17/2012","-40","-6.08845996856689","587","32.627","18.488","0","5.63893864036792","0.423500311964982","26.2195630436916",
"8/18/2012","-40","-6.08845996856689","587","32.496","17.962","0","6.12086510313781","0.410090850557291","26.182129791168",
"8/19/2012","-40","-6.08845996856689","587","31.341","17.738","0","6.55087508677296","0.476413592191507","23.250686980536",
"8/20/2012","-40","-6.08845996856689","587","31.563","17.574","0","6.66670862261084","0.492820881159617","24.999583706712",
"8/21/2012","-40","-6.08845996856689","587","32.364","18.22","0","6.31172916247539","0.495621109552042","26.03709938682",
"8/22/2012","-40","-6.08845996856689","587","32.249","17.799","0","5.69154531321467","0.460882863909838","26.278995220308",
"8/23/2012","-40","-6.08845996856689","587","30.955","17.967","0","6.41724958923339","0.51549817297341","22.5965299909788",
"8/24/2012","-40","-6.08845996856689","587","31.408","17.288","0.0034332264","5.99852051216179","0.509022925873145","26.3468763696877",
"8/25/2012","-40","-6.08845996856689","587","31.685","17.286","0","5.4700317808598","0.455634399194974","26.6581505453832",
"8/26/2012","-40","-6.08845996856689","587","32.37","18.527","0","4.85798268345294","0.482878031504685","26.470221991416",
"8/27/2012","-40","-6.08845996856689","587","33.207","18.303","0","4.59353727820894","0.429060885766896","26.7173627823144",
"8/28/2012","-40","-6.08845996856689","587","33.999","19.538","0","4.48814858703266","0.438810395255557","26.803304395974",
"8/29/2012","-40","-6.08845996856689","587","34.708","20.166","0.0017166132","3.78230887695728","0.39324623879392","22.012851306456",
"8/30/2012","-40","-6.08845996856689","587","35.321","18.824","0","4.34002027212061","0.389597887964116","27.001604713374",
"8/31/2012","-40","-6.08845996856689","587","34.259","18.824","0","4.97376832485162","0.419299496691397","26.989073994312",
"9/1/2012","-40","-6.08845996856689","587","33.057","19.409","0","5.49273186973837","0.401969592940302","27.232224730236",
"9/2/2012","-40","-6.08845996856689","587","34.524","19.31","0","4.52132695772114","0.345146927584941","27.2216706575508",
"9/3/2012","-40","-6.08845996856689","587","33.211","18.664","0","4.95454710328381","0.447210305504143","27.263681356464",
"9/4/2012","-40","-6.08845996856689","587","32.713","19.265","0","4.92018696779746","0.424997073062979","27.280328103108",
"9/5/2012","-40","-6.08845996856689","587","32.29","19.665","0","5.38546959112578","0.394988402598937","27.351585589644",
"9/6/2012","-40","-6.08845996856689","587","32.409","18.089","0","5.50421954330226","0.439656450303188","27.431236622988",
"9/7/2012","-40","-6.08845996856689","587","32.803","18.943","0","5.66154116999158","0.415159175907756","27.6322971292596",
"9/8/2012","-40","-6.08845996856689","587","33.696","18.308","0","5.73732364920551","0.416464094263572","27.5811745961844",
"9/9/2012","-40","-6.08845996856689","587","34.635","19.375","0","5.96347660077997","0.432253171906035","27.5663422602108",
"9/10/2012","-40","-6.08845996856689","587","34.814","20.499","0","4.89636935094239","0.424744433526146","27.679268255868",
"9/11/2012","-40","-6.08845996856689","587","34.172","19.756","0","5.51259228717714","0.419603585299866","27.634980289536",
"9/12/2012","-40","-6.08845996856689","587","34.532","19.663","0","5.25502879565733","0.425607240403671","27.568998891288",
"9/13/2012","-40","-6.08845996856689","587","35.437","20.602","0","4.81288821059039","0.42898912390841","27.345305210436",
"9/14/2012","-40","-6.08845996856689","587","36.076","19.328","0","4.36565908793798","0.374387835093356","27.9381970468692",
"9/15/2012","-40","-6.08845996856689","587","33.561","19.764","0","5.46760318308363","0.393067208923674","28.155519491652",
"9/16/2012","-40","-6.08845996856689","587","34.268","19.532","0","5.26420511761925","0.388205639358391","27.95979276774",
"9/17/2012","-40","-6.08845996856689","587","33.887","19.625","0","5.45024133961489","0.415395616161346","27.923552104644",
"9/18/2012","-40","-6.08845996856689","587","33.379","20.858","0","5.03881508059369","0.421986778354249","27.609759598482",
"9/19/2012","-40","-6.08845996856689","587","35.141","20.212","0","4.47222817257627","0.431343749976582","27.4387302513",
"9/20/2012","-40","-6.08845996856689","587","35.769","20.176","0.0017166132","4.34032835554672","0.394068671763022","27.870437770416",
"9/21/2012","-40","-6.08845996856689","587","34.962","19.238","0","4.97863672130917","0.401436382612509","28.020859666812",
"9/22/2012","-40","-6.08845996856689","587","35.829","19.967","0","5.34755458849264","0.427304830879146","28.150100172684",
"9/23/2012","-40","-6.08845996856689","587","34.477","20.657","0","5.88057278718965","0.428985216825083","27.950652985608",
"9/24/2012","-40","-6.08845996856689","587","34.241","20.44","0","6.05946506357681","0.409453783340046","28.1318004259056",
"9/25/2012","-40","-6.08845996856689","587","33.113","19.82","0","5.24621984400096","0.398009288799064","28.312847612496",
"9/26/2012","-40","-6.08845996856689","587","34.28","20.028","0","5.19123900774655","0.469834540081031","27.7594196283",
"9/27/2012","-40","-6.08845996856689","587","36.202","20.221","0","5.0298758934508","0.404701941695556","27.97173519012",
"9/28/2012","-40","-6.08845996856689","587","35.089","22.304","0","5.76392359116078","0.397904333022492","26.711803235916",
"9/29/2012","-40","-6.08845996856689","587","33.959","21.933","0","5.78673462164678","0.432030409813779","28.179112310928",
"9/30/2012","-40","-6.08845996856689","587","33.081","20.135","0","5.84009592183476","0.509744490151677","25.368873087168",
"10/1/2012","-40","-6.08845996856689","587","34.949","19.265","0","5.28601356765943","0.47810521080098","28.0983695672376",
"10/2/2012","-40","-6.08845996856689","587","35.363","20.798","0","5.1890563192027","0.423262197076757","28.448595444474",
"10/3/2012","-40","-6.08845996856689","587","34.788","21.057","0","5.30482002243303","0.419381199517459","28.3200955663489",
"10/4/2012","-40","-6.08845996856689","587","34.421","21.133","0","5.53489260095712","0.448683791019944","28.205255109312",
"10/5/2012","-40","-6.08845996856689","587","34.329","19.723","0","6.1325499165441","0.430812339343299","28.504922913504",
"10/6/2012","-40","-6.08845996856689","587","33.489","19.646","0","5.76443508513335","0.387266253101101","28.749426100596",
"10/7/2012","-40","-6.08845996856689","587","34.824","21.095","0","4.88059619124408","0.380010438421043","28.516897934568",
"10/8/2012","-40","-6.08845996856689","587","35.559","21.133","0","5.30662771649842","0.379477339360246","28.310620159548",
"10/9/2012","-40","-6.08845996856689","587","35.827","20.746","0","5.42082471985042","0.355877926169299","28.34024617242",
"10/10/2012","-40","-6.08845996856689","587","34.97","21.144","0","5.50093195422455","0.434259902877328","26.9687423986452",
"10/11/2012","-40","-6.08845996856689","587","31.213","21.188","0","6.07004772694688","0.560678336121384","18.499553178444",
"10/12/2012","-40","-6.08845996856689","587","35.03","20.271","0","4.74053444299914","0.457403334582764","23.985995888772",
"10/13/2012","-40","-6.08845996856689","587","35.697","21.35","0","5.42500714074154","0.438133635848229","28.165834315656",
"10/14/2012","-40","-6.08845996856689","587","34.725","23.027","0.0034332264","5.40433059687788","0.439026714578973","28.2806118927504",
"10/15/2012","-40","-6.08845996856689","587","34.712","21.608","0.058364856","4.95120572726064","0.466029669498333","25.166804209992",
"10/16/2012","-40","-6.08845996856689","587","33.686","20.856","0","5.03431682959352","0.51401753633662","17.99543416266",
"10/17/2012","-40","-6.08845996856689","587","35.071","21.052","0","5.90943658779574","0.462238649897973","26.8883706937698",
"10/18/2012","-40","-6.08845996856689","587","34.981","21.229","0","6.59878237063386","0.433201763701163","28.25022981978",
"10/19/2012","-40","-6.08845996856689","587","34.823","20.699","0","5.51537704607805","0.459357177670174","28.4006020840164",
"10/20/2012","-40","-6.08845996856689","587","34.404","21.923","0","5.21874695975735","0.431734613205278","28.464019842528",
"10/21/2012","-40","-6.08845996856689","587","34.203","20.538","0","4.80430791171918","0.353289655157566","28.898552869704",
"10/22/2012","-40","-6.08845996856689","587","35.087","20.712","0","5.13234076201929","0.406509932991049","28.788372963576",
"10/23/2012","-40","-6.08845996856689","587","35.4","20.481","0.0017166132","5.62100549699012","0.416725529965812","28.931321867004",
"10/24/2012","-40","-6.08845996856689","587","35.666","20.204","0","5.60629464953249","0.431922728906547","28.926678187512",
"10/25/2012","-40","-6.08845996856689","587","35.099","20.89","0","5.58470044062582","0.448713578784331","28.7412628439477",
"10/26/2012","-40","-6.08845996856689","587","35.196","20.792","0","5.62074885477614","0.445444301631671","28.930939989768",
"10/27/2012","-40","-6.08845996856689","587","34.889","20.984","0.09269712","4.82798647839682","0.443119573484443","27.9362060211852",
"10/28/2012","-40","-6.08845996856689","587","33.943","23.128","0.3501891288","4.01147944259772","0.471448860318019","22.021734908376",
"10/29/2012","-40","-6.08845996856689","587","34.996","22.163","0.2317428972","4.54713715529057","0.445494504718647","27.581970154824",
"10/30/2012","-40","-6.08845996856689","587","35.283","21.391","0.0102996792","4.04775208839315","0.429712146659001","28.3815486864",
"10/31/2012","-40","-6.08845996856689","587","37.195","20.368","0","4.03318044639885","0.39804921416638","27.942298930656",
"11/1/2012","-40","-6.08845996856689","587","33.596","21.367","0.28839132","3.70315482045788","0.467096666960469","18.222933700188",
"11/2/2012","-40","-6.08845996856689","587","35.729","21.537","0.2317428","4.53692325116431","0.417975733561566","28.333697262624",
"11/3/2012","-40","-6.08845996856689","587","35.441","21.082","0","5.01186176616131","0.431496933210374","28.302989687748",
"11/4/2012","-40","-6.08845996856689","587","36.219","21.164","0","5.32992995474619","0.423557837294223","28.398528702756",
"11/5/2012","-40","-6.08845996856689","587","34.275","20.999","0","3.2740028285455","0.45653393806265","26.067738108708",
"11/6/2012","-40","-6.08845996856689","587","34.397","20.077","0","4.3163152686985","0.427801707715608","26.316816084828",
"11/7/2012","-40","-6.08845996856689","587","35.025","20.702","0","5.02599556818491","0.443150065228277","27.6458265189",
"11/8/2012","-40","-6.08845996856689","587","34.516","20.682","0","5.44867353015778","0.470710504254987","23.7112814144664",
"11/9/2012","-40","-6.08845996856689","587","32.473","20.906","0.0102996792","4.44066145630629","0.521439717038175","22.203990614376",
"11/10/2012","-40","-6.08845996856689","587","31.706","20.661","0.2969742996","4.70719998739899","0.506105034419135","20.566410503076",
"11/11/2012","-40","-6.08845996856689","587","34.502","20.019","0","5.30715917723542","0.436109420142105","27.843340171374",
"11/12/2012","-40","-6.08845996856689","587","34.502","20.96","0","5.61129016903239","0.431725740260898","28.0955973699",
"11/13/2012","-40","-6.08845996856689","587","34.968","21.741","0.144195552","5.13747499448111","0.483248009248852","27.10136676186",
"11/14/2012","-40","-6.08845996856689","587","30.714","19.691","0.0034332264","4.49308669892051","0.564598908286135","22.950211095972",
"11/15/2012","-40","-6.08845996856689","587","35.422","20.203","0","4.69099311753365","0.439998994918106","27.592231366404",
"11/16/2012","-40","-6.08845996856689","587","35.231","20.411","0.0017166132","4.60670054447412","0.423233219411046","28.461758361588",
"11/17/2012","-40","-6.08845996856689","587","35.578","20.159","0","4.42900785219761","0.37833565174748","28.52916143238",
"11/18/2012","-40","-6.08845996856689","587","36.453","21.472","0","4.9497611198217","0.452865501105776","23.4168330628753",
"11/19/2012","-40","-6.08845996856689","587","35.347","21.461","0","5.09317779232305","0.39367610320325","28.396298454012",
"11/20/2012","-40","-6.08845996856689","587","35.327","21.514","0","5.23372172166948","0.415618173470972","28.497630875112",
"11/21/2012","-40","-6.08845996856689","587","34.024","21.337","0.0171661464","5.1311283593398","0.496324787229121","21.560526979056",
"11/22/2012","-40","-6.08845996856689","587","35.369","20.311","0.0137329056","4.79784536903653","0.459508813026594","27.970241566788",
"11/23/2012","-40","-6.08845996856689","587","33.202","21.66","0","3.42274361624088","0.489044663058701","18.90015291432",
"11/24/2012","-40","-6.08845996856689","587","35.862","22.582","2.28652956","3.69534811892142","0.459254364241378","22.053415078908",
"11/25/2012","-40","-6.08845996856689","587","34.062","22.122","0.3433230144","4.44060665728273","0.464882150078205","24.801079910436",
"11/26/2012","-40","-6.08845996856689","587","34.958","21.794","0.037765512","4.22931967340184","0.44443613095135","27.577466624736",
"11/27/2012","-40","-6.08845996856689","587","31.432","22.151","0","4.23421575915859","0.451100981508454","18.0663947211024",
"11/28/2012","-40","-6.08845996856689","587","30.405","21.239","4.9884764904","3.12109856548","0.56991482893998","13.152350268684",
"11/29/2012","-40","-6.08845996856689","587","29.485","21.043","1.060867368","2.95795028240424","0.572261301306986","13.938262889112",
"11/30/2012","-40","-6.08845996856689","587","29.734","22.288","1.4385226104","3.8860964638024","0.633019482832156","9.9251631670716",
"12/1/2012","-40","-6.08845996856689","587","31.584","20.867","0.0995635656","3.88886505863694","0.585841879838658","13.961949631956",
"12/2/2012","-40","-6.08845996856689","587","34.479","20.716","0.0720977904","4.8580995685357","0.500885421026185","24.880765931388",
"12/3/2012","-40","-6.08845996856689","587","31.845","22.498","0","5.07498733896287","0.536468783315769","21.0139082654328",
"12/4/2012","-40","-6.08845996856689","587","32.804","20.84","0.0051498396","4.14412506881637","0.496325246312279","20.235589073784",
"12/5/2012","-40","-6.08845996856689","587","32.942","21.316","0","4.07963653797375","0.496248597461159","19.172550569184",
"12/6/2012","-40","-6.08845996856689","587","33.089","22.123","0.336456036","5.0466256636675","0.522856676485428","21.636829232136",
"12/7/2012","-40","-6.08845996856689","587","34.615","21.783","0.051498432","5.09989816837586","0.468985668542835","27.264386556216",
"12/8/2012","-40","-6.08845996856689","587","34.853","22.078","0.0034332264","3.45977815993402","0.441931312259072","25.658821415844",
"12/9/2012","-40","-6.08845996856689","587","35.037","23.249","2.1285999864","3.5186326599674","0.495384713590111","22.047538020048",
"12/10/2012","-40","-6.08845996856689","587","33.598","22.196","0.1218796236","4.53858856091537","0.5023339764751","21.415304652408",
"12/11/2012","-40","-6.08845996856689","587","34.259","21.678","0","5.88287244099818","0.4502950932309","27.922103238132",
"12/12/2012","-40","-6.08845996856689","587","34.816","21.711","0.0017166132","5.06240473282117","0.462705227076374","27.6809043044952",
"12/13/2012","-40","-6.08845996856689","587","32.571","20.801","0","3.84872835981877","0.466245708014397","21.32984621142",
"12/14/2012","-40","-6.08845996856689","587","34.859","21.384","0","4.62812154974317","0.472450064907845","28.231747622964",
"12/15/2012","-40","-6.08845996856689","587","34.824","21.331","0","5.76524666539003","0.463648307365568","28.324300722192",
"12/16/2012","-40","-6.08845996856689","587","34.292","23.261","0.0291824424","4.49878083067374","0.50981027335334","20.62535336568",
"12/17/2012","-40","-6.08845996856689","587","31.781","22.134","0.0034332264","3.14125003508059","0.503105140545101","10.732028915484",
"12/18/2012","-40","-6.08845996856689","587","32.668","21.522","0.0514984104","3.82214058835875","0.514422905994652","18.933330397356",
"12/19/2012","-40","-6.08845996856689","587","35.94","21.939","0.044631972","4.42206960255024","0.45281546904075","26.3913515844732",
"12/20/2012","-40","-6.08845996856689","587","32.315","22.574","0.0566482464","4.74461787505308","0.51141931129191","23.079839226516",
"12/21/2012","-40","-6.08845996856689","587","34.049","22.24","0","3.35427359894752","0.469224344136498","17.874321242184",
"12/22/2012","-40","-6.08845996856689","587","34.987","21.262","0","3.97394213822438","0.45105160558689","22.0261872248352",
"12/23/2012","-40","-6.08845996856689","587","33.685","22.23","0.072097776","4.94029927326741","0.508480337644934","21.032411606136",
"12/24/2012","-40","-6.08845996856689","587","33.975","22.266","0","4.62726282442362","0.507048713527599","18.9947424012768",
"12/25/2012","-40","-6.08845996856689","587","34.822","22.194","0.0034332264","4.98430061632132","0.439824076102266","27.089178055884",
"12/26/2012","-40","-6.08845996856689","587","35.103","21.391","0.0017166132","5.10185909486986","0.453765852755476","27.77938944336",
"12/27/2012","-40","-6.08845996856689","587","35.109","21.945","0","5.63414844295322","0.472712311959541","23.0062496265",
"12/28/2012","-40","-6.08845996856689","587","34.94","21.638","0","4.99809440870785","0.452125959747262","26.5024967487804",
"12/29/2012","-40","-6.08845996856689","587","32.427","21.468","0.322723476","3.87338901289521","0.543148697114348","20.024416780668",
"12/30/2012","-40","-6.08845996856689","587","35.483","21.823","0.092697156","4.23868788842008","0.49649765339769","24.865761867372",
"12/31/2012","-40","-6.08845996856689","587","34.543","21.87","1.603317204","3.76033321163559","0.480612733917897","19.03474646496",
"1/1/2013","-40","-6.08845996856689","587","32.332","22.895","1.5140532528","3.90636422311815","0.567311114217634","14.363871028704",
"1/2/2013","-40","-6.08845996856689","587","28.211","21.362","2.2109983704","3.29789111524325","0.658755815848587","11.307021839352",
"1/3/2013","-40","-6.08845996856689","587","28.806","20.496","19.2071894796","2.92038764875424","0.692220201456649","14.420818390212",
"1/4/2013","-40","-6.08845996856689","587","28.839","21.102","8.3075494104","4.07972649044555","0.738871100723827","12.602811851244",
"1/5/2013","-40","-6.08845996856689","587","31.836","20.954","1.5724182888","4.55043574479746","0.5793440667385","24.09598015524",
"1/6/2013","-40","-6.08845996856689","587","30.825","20.651","2.954293524","3.40296108834583","0.631516823266088","15.085558766808",
"1/7/2013","-40","-6.08845996856689","587","32.009","21.211","1.993847868","4.05179847371077","0.631474885941686","22.498540899048",
"1/8/2013","-40","-6.08845996856689","587","32.581","20.787","0.561332484","4.41616680986433","0.581715720266639","23.1271086447",
"1/9/2013","-40","-6.08845996856689","587","34.028","21.157","6.09741234","4.89329710265272","0.570597607341234","28.039810757652",
"1/10/2013","-40","-6.08845996856689","587","31.566","21.803","0.7673266368","3.46740671613468","0.573926676468001","20.226020487768",
"1/11/2013","-40","-6.08845996856689","587","33.44","21.31","0.0102996756","4.22809072258631","0.544201657151522","18.015800536152",
"1/12/2013","-40","-6.08845996856689","587","32.373","20.747","0.0411987168","3.9496836228006","0.527151737478369","13.589704506384",
"1/13/2013","-40","-6.08845996856689","587","33.775","22.709","0.0257491944","4.83631630160383","0.457707570897638","25.217165842236",
"1/14/2013","-40","-6.08845996856689","587","35.536","21.78","9.80701524","3.90776551804546","0.600130540575799","22.61019434364",
"1/15/2013","-40","-6.08845996856689","587","23.621","19.914","25.23936384","3.02104465764418","0.84462423275134","5.608244168784",
"1/16/2013","-40","-6.08845996856689","587","30.925","18.493","4.111293456","2.33659462116389","0.731010268221062","25.737344208216",
"1/17/2013","-40","-6.08845996856689","587","31.654","21.41","16.0117109028","2.09390455328691","0.772934170429776","15.492475371348",
"1/18/2013","-40","-6.08845996856689","587","31.745","20.444","0.1510620012","3.46843529710806","0.637706393892217","21.21343183098",
"1/19/2013","-40","-6.08845996856689","587","32.778","21.017","0.0068664528","4.82397645767613","0.588272112010504","21.285153218772",
"1/20/2013","-40","-6.08845996856689","587","31.605","20.722","1.36299096","3.32795646041315","0.663252809037997","17.900588422836",
"1/21/2013","-40","-6.08845996856689","587","28.105","20.434","30.9093408","1.83830235047277","0.862962679922987","24.440692059936",
"1/22/2013","-40","-6.08845996856689","587","30.153","21.103","24.59564928","3.07983517593619","0.820740315137595","15.18521269482",
"1/23/2013","-40","-6.08845996856689","587","32.585","20.475","2.2727988","3.79573488225989","0.556013340909976","28.2428112496392",
"1/24/2013","-40","-6.08845996856689","587","32.222","20.831","0.058364856","3.10648575590337","0.600202897214433","22.5744327661716",
"1/25/2013","-40","-6.08845996856689","587","32.701","19.537","0.0017166132","3.61071656039831","0.564480025056656","25.29776372112",
"1/26/2013","-40","-6.08845996856689","587","33.236","19.75","0","3.04914605765203","0.597675963022075","25.763455505808",
"1/27/2013","-40","-6.08845996856689","587","34.606","20.394","0","3.42620543372067","0.498434380128938","27.538339150728",
"1/28/2013","-40","-6.08845996856689","587","34.461","19.339","0","3.72787997797615","0.481863468239624","29.1967077618864",
"1/29/2013","-40","-6.08845996856689","587","33.833","19.719","0","4.28985651844429","0.486516345842108","29.416449922884",
"1/30/2013","-40","-6.08845996856689","587","33.057","18.949","0","3.49030207309465","0.539746753320682","20.809826507952",
"1/31/2013","-40","-6.08845996856689","587","32.856","19.464","0","3.42150726663587","0.517058138478759","21.659830848108",
"2/1/2013","-40","-6.08845996856689","587","34.072","19.35","0","4.35248295434951","0.461146969755611","29.399840333352",
"2/2/2013","-40","-6.08845996856689","587","34.226","20.174","0","4.7519747455853","0.500122598264975","29.2444138737252",
"2/3/2013","-40","-6.08845996856689","587","35.188","21.459","0","5.11932187156854","0.479610575979055","29.425626697212",
"2/4/2013","-40","-6.08845996856689","587","36.091","20.582","0.175094712","4.05179442291591","0.520766807214052","28.765296215604",
"2/5/2013","-40","-6.08845996856689","587","35.1","20.508","0","3.76423587200857","0.528702890331491","23.848505860716",
"2/6/2013","-40","-6.08845996856689","587","32.824","19.836","0","4.22058969388595","0.50357540150782","21.983942836944",
"2/7/2013","-40","-6.08845996856689","587","33.982","19.8","3.00750894","4.55523572309273","0.57717243155668","28.01609406126",
"2/8/2013","-40","-6.08845996856689","587","34.426","19.736","0","4.82040112931027","0.46825306793779","27.952971499944",
"2/9/2013","-40","-6.08845996856689","587","35.193","21.656","0","5.62223687831508","0.471831826884967","28.9681476481404",
"2/10/2013","-40","-6.08845996856689","587","35.018","21.3","0.113296536","5.04615752857405","0.456178639954512","29.3861160385092",
"2/11/2013","-40","-6.08845996856689","587","35.146","20.964","0.030899052","4.80863170629384","0.534705757063983","25.986956929524",
"2/12/2013","-40","-6.08845996856689","587","35.978","20.477","0.123596316","4.32640228089748","0.519186109631777","29.4575370283116",
"2/13/2013","-40","-6.08845996856689","587","35.612","19.769","0.1682281152","3.1729550742396","0.554790713391526","27.432257335308",
"2/14/2013","-40","-6.08845996856689","587","31.636","20.469","0.8445741408","3.33838572368822","0.646835336754022","17.867102723028",
"2/15/2013","-40","-6.08845996856689","587","30.392","19.831","12.411112608","3.47678041774851","0.822795570977176","12.318755811804",
"2/16/2013","-40","-6.08845996856689","587","29.656","19.694","10.07652168","4.22554843484517","0.803438203472532","23.758723357236",
"2/17/2013","-40","-6.08845996856689","587","29.798","20.048","17.416775772","3.80128350783428","0.853520952182908","18.3280251558384",
"2/18/2013","-40","-6.08845996856689","587","29.198","20.462","1.7440796664","3.67891346831541","0.781750375849199","16.404881491728",
"2/19/2013","-40","-6.08845996856689","587","31.144","20.403","5.29232256","4.24075506282739","0.755351177337054","24.470846495496",
"2/20/2013","-40","-6.08845996856689","587","32.949","20.825","0.91667196","4.65020898362003","0.633591057848197","22.817026170468",
"2/21/2013","-40","-6.08845996856689","587","32.561","21.175","0.319290156","4.3514753004479","0.603820974548012","25.2828860622444",
"2/22/2013","-40","-6.08845996856689","587","32.437","20.65","0","4.25736427388833","0.52877115719821","26.8556390042832",
"2/23/2013","-40","-6.08845996856689","587","33.561","20.265","0","4.6422906959278","0.493598558311056","29.353022513244",
"2/24/2013","-40","-6.08845996856689","587","33.421","20.97","0.0034332264","4.832272002884","0.57382449985242","21.6918098885196",
"2/25/2013","-40","-6.08845996856689","587","33.682","20.875","0","4.67836305792381","0.547312373319601","28.971409538556",
"2/26/2013","-40","-6.08845996856689","587","34.581","20.106","0","4.6381453075505","0.498620705773378","29.291778513738",
"2/27/2013","-40","-6.08845996856689","587","34.887","20.742","0","4.44396046780665","0.482064684828746","29.2265541633672",
"2/28/2013","-40","-6.08845996856689","587","35.109","19.632","0","4.44997217425253","0.496947359690586","29.1325335663384",
"3/1/2013","-40","-6.08845996856689","587","35.187","19.823","0","4.76045040124835","0.471745744060112","29.0373291189252",
"3/2/2013","-40","-6.08845996856689","587","35.148","21.61","0.037765512","5.53204943218499","0.497388945150037","28.149344487774",
"3/3/2013","-40","-6.08845996856689","587","34.955","21.332","0.037765512","4.92750891419574","0.426773825586385","29.3706568972944",
"3/4/2013","-40","-6.08845996856689","587","35.206","20.487","0.34675578","4.71894354405331","0.527761813247367","22.846117426452",
"3/5/2013","-40","-6.08845996856689","587","35.284","21.37","0","4.91906484446831","0.505139062311646","28.366840186668",
"3/6/2013","-40","-6.08845996856689","587","31.76","22.947","0.0137329128","5.07589843118968","0.531093418829763","20.4708636239072",
"3/7/2013","-40","-6.08845996856689","587","34.821","20.937","0","4.81684687217283","0.484296286817046","28.6082464063716",
"3/8/2013","-40","-6.08845996856689","587","35.051","20.491","0","3.06852128634544","0.508826817686927","26.2615831236",
"3/9/2013","-40","-6.08845996856689","587","32.517","19.612","0","2.96303335018098","0.507154697888325","18.620869380336",
"3/10/2013","-40","-6.08845996856689","587","32.286","21.024","1.36299132","3.9224546070081","0.652085369775678","19.4128198423344",
"3/11/2013","-40","-6.08845996856689","587","33.237","20.92","0.9544372848","4.1380485752768","0.613899756184599","24.9982513422768",
"3/12/2013","-40","-6.08845996856689","587","35.904","19.543","0.0017166132","4.00967462311991","0.50205854543884","25.656726862566",
"3/13/2013","-40","-6.08845996856689","587","35.745","20.254","0.02059938","3.38128982376409","0.550785635667917","25.01603821224",
"3/14/2013","-40","-6.08845996856689","587","35.477","21.303","0.1956939984","3.25980801880704","0.545112372399301","26.1487407614184",
"3/15/2013","-40","-6.08845996856689","587","34.295","20.656","1.0093689144","3.56478171595791","0.556906513310332","21.0815896346496",
"3/16/2013","-40","-6.08845996856689","587","26.795","20.46","0.580215132","4.15482206935485","0.711934118545281","8.0296140847068",
"3/17/2013","-40","-6.08845996856689","587","34.211","20.016","0.0034332264","3.80620235117512","0.593334113834288","18.8658386783676",
"3/18/2013","-40","-6.08845996856689","587","30.465","21.278","1.184462928","3.3845505172172","0.695862479968029","13.182075793836",
"3/19/2013","-40","-6.08845996856689","587","27.665","20.726","7.898139","3.77147405208469","0.821068027810082","9.602325228276",
"3/20/2013","-40","-6.08845996856689","587","31.537","19.354","3.2615642304","2.91016578287533","0.747856307004497","19.779288856128",
"3/21/2013","-40","-6.08845996856689","587","34.428","19.494","0.357055704","3.04079156167929","0.645698754546684","20.372748939396",
"3/22/2013","-40","-6.08845996856689","587","34.636","21.11","2.6487353196","3.49930334626241","0.649365275929598","17.1366313419792",
"3/23/2013","-40","-6.08845996856689","587","32.509","20.141","1.816177716","3.27034600471516","0.740253099954855","15.558365661732",
"3/24/2013","-40","-6.08845996856689","587","28.273","19.258","6.310274868","2.5377480125495","0.821060866729936","21.8324448702958",
"3/25/2013","-40","-6.08845996856689","587","30.807","18.995","0.490951584","3.13765469783257","0.748598955998632","13.8512862595642",
"3/26/2013","-40","-6.08845996856689","587","32.431","18.459","2.180099664","2.87762273113333","0.71606754265028","24.924359502648",
"3/27/2013","-40","-6.08845996856689","587","31.338","20.256","11.412051552","3.12751891842863","0.7959599490235","24.7241351595024",
"3/28/2013","-40","-6.08845996856689","587","32.481","19.718","7.197760692","3.29999974109313","0.797212772094339","19.7965133294112",
"3/29/2013","-40","-6.08845996856689","587","26.502","19.953","18.594362592","2.87547656890484","0.896178898630587","25.8348086637696",
"3/30/2013","-40","-6.08845996856689","587","31.761","19.051","6.54716214","3.52119496672553","0.779030451966729","25.598924463024",
"3/31/2013","-40","-6.08845996856689","587","33.826","18.8","0.09956358","3.08783411919314","0.630850637512628","23.0977277793",
"4/1/2013","-40","-6.08845996856689","587","33.641","17.291","0.5561829","2.52521915907827","0.600163869001015","26.7649981833888",
"4/2/2013","-40","-6.08845996856689","587","32.612","17.695","0","3.54547765541046","0.551653237938197","26.7942996972036",
"4/3/2013","-40","-6.08845996856689","587","32.49","18.671","0.00686646","3.05689833256633","0.625126715832143","20.8009211303484",
"4/4/2013","-40","-6.08845996856689","587","32.427","19.684","2.0977028532","3.76549896361307","0.638776812249384","24.9213656052648",
"4/5/2013","-40","-6.08845996856689","587","32.186","20.636","4.0237429824","2.63019388060572","0.714888198834935","19.1612496331476",
"4/6/2013","-40","-6.08845996856689","587","33.319","19.381","0.312423516","2.7223848974696","0.669205161130181","20.2586358657576",
"4/7/2013","-40","-6.08845996856689","587","35.057","17.573","0.144195336","2.6595947262053","0.60877485422894","22.509182198916",
"4/8/2013","-40","-6.08845996856689","587","32.669","19.751","0.209427156","2.39163564975588","0.699549329625628","19.5538786123752",
"4/9/2013","-40","-6.08845996856689","587","29.839","20.096","2.09083662","3.14625314518586","0.794957917255335","19.5986635034904",
"4/10/2013","-40","-6.08845996856689","587","33.812","19.485","0","4.03949852080984","0.616542156463409","26.696412256176",
"4/11/2013","-40","-6.08845996856689","587","32.975","20.747","0","4.72273893827089","0.574913615770384","24.851519507268",
"4/12/2013","-40","-6.08845996856689","587","33.874","20.183","0.0497817972","3.00697642077061","0.577977294993167","20.2646985339492",
"4/13/2013","-40","-6.08845996856689","587","34.178","19.531","0","3.08528113019184","0.551819134131187","20.879892697572",
"4/14/2013","-40","-6.08845996856689","587","34.903","19.187","0","2.89590689315597","0.562437074535746","26.430168585744",
"4/15/2013","-40","-6.08845996856689","587","31.847","19.553","0.1441955808","2.75940302265699","0.6252273146758","17.548622009496",
"4/16/2013","-40","-6.08845996856689","587","30.361","18.187","12.047192712","2.31442784115671","0.857005017548476","16.032942578304",
"4/17/2013","-40","-6.08845996856689","587","32.301","19.484","4.0168728864","2.7052443481995","0.763048728027992","20.872053811584",
"4/18/2013","-40","-6.08845996856689","587","30.277","18.052","3.69586908","2.74228106281006","0.809621359768698","22.426136845704",
"4/19/2013","-40","-6.08845996856689","587","30.339","20.526","23.48671338","2.48935532278845","0.847867044942348","14.2790247843084",
"4/20/2013","-40","-6.08845996856689","587","28.545","20.151","10.701374004","3.46251956783119","0.847693029872178","14.2405316850024",
"4/21/2013","-40","-6.08845996856689","587","28.913","20.037","0.7484432328","3.32080561612316","0.729217612639859","20.821698650088",
"4/22/2013","-40","-6.08845996856689","587","30.022","19.286","0.0240325992","3.69541496581085","0.641062422795063","21.5189773936344",
"4/23/2013","-40","-6.08845996856689","587","31.815","18.946","4.047774552","2.70333861208298","0.74620193464487","19.98703758006",
"4/24/2013","-40","-6.08845996856689","587","31.083","19.981","1.404191016","2.95717710431769","0.680703239211621","17.008612291404",
"4/25/2013","-40","-6.08845996856689","587","29.984","19.846","15.6177497232","3.35387048209813","0.801403521601754","10.655347927932",
"4/26/2013","-40","-6.08845996856689","587","31.504","20.557","1.711464156","3.77405210825924","0.734927841234876","12.5088984974124",
"4/27/2013","-40","-6.08845996856689","587","32.348","20.203","3.095054892","3.29241875225824","0.705454191595248","22.804734471768",
"4/28/2013","-40","-6.08845996856689","587","32.151","20.111","5.82275052","3.37390400599856","0.664896249324738","20.963395150164",
"4/29/2013","-40","-6.08845996856689","587","28.568","19.887","1.3286587968","3.86730649122263","0.755143860262684","16.106743343052",
"4/30/2013","-40","-6.08845996856689","587","26.501","19.632","20.1118430664","2.79336729260795","0.907995422501488","11.424806395344",
"5/1/2013","-40","-6.08845996856689","587","30.787","19.258","0.3913877448","3.53915997589118","0.751249044707915","20.26884382686",
"5/2/2013","-40","-6.08845996856689","587","31.663","20.506","0.9870524568","3.89598471585877","0.68978670416116","21.9880325835",
"5/3/2013","-40","-6.08845996856689","587","31.865","19.198","0","3.68906383717396","0.611358956858505","23.8534135300908",
"5/4/2013","-40","-6.08845996856689","587","32.977","18.754","0","3.2217872632807","0.566161256103357","24.77191750992",
"5/5/2013","-40","-6.08845996856689","587","33.045","18.326","0","2.9634424828441","0.564015766578539","17.8958130326064",
"5/6/2013","-40","-6.08845996856689","587","31.72","18.475","0","2.57433339002231","0.573854343828748","17.727830554446",
"5/7/2013","-40","-6.08845996856689","587","31.124","19.297","0.375938532","2.96935739056687","0.637231475757138","19.023655829004",
"5/8/2013","-40","-6.08845996856689","587","32.631","18.344","2.6538814584","2.50531732446156","0.683534030849423","18.4632627588228",
"5/9/2013","-40","-6.08845996856689","587","30.369","20.365","5.0983325352","3.03638434653049","0.794790657445351","16.975380632886",
"5/10/2013","-40","-6.08845996856689","587","30.293","20.19","4.8923461584","2.95761763729617","0.817112285554244","11.861618147028",
"5/11/2013","-40","-6.08845996856689","587","31.715","19.272","0.1132965","3.62382656484785","0.640441364459836","23.399583578352",
"5/12/2013","-40","-6.08845996856689","587","32.224","19.173","0.0755310024","3.48312439819276","0.624238097491511","21.519947874276",
"5/13/2013","-40","-6.08845996856689","587","32.716","19.202","0","3.47354847063717","0.560194024307642","24.27406583058",
"5/14/2013","-40","-6.08845996856689","587","32.249","19.143","1.10549916","3.84224629342525","0.648038990226657","22.3286384493",
"5/15/2013","-40","-6.08845996856689","587","31.944","19.65","0.6076814904","3.87025229130409","0.642538290819235","23.857253695908",
"5/16/2013","-40","-6.08845996856689","587","32.123","20.058","0.0034332264","3.30920226244609","0.626062292920266","19.5717569830704",
"5/17/2013","-40","-6.08845996856689","587","31.281","19.554","0.1218795264","2.58172584384364","0.66445344951486","15.0526548744156",
"5/18/2013","-40","-6.08845996856689","587","28.152","20.15","4.061505024","3.18413215730675","0.743512646300403","20.324349468612",
"5/19/2013","-40","-6.08845996856689","587","32.277","18.269","0.7415766","3.62579924551883","0.62159199453438","23.349328203816",
"5/20/2013","-40","-6.08845996856689","587","32.389","16.857","0","3.13042946205085","0.53673093654389","23.812707038616",
"5/21/2013","-40","-6.08845996856689","587","31.461","16.305","0","2.68356553919971","0.601873781496403","20.877640254",
"5/22/2013","-40","-6.08845996856689","587","32.007","17.951","3.6409356","2.35612036045124","0.70246891096455","19.1137834724832",
"5/23/2013","-40","-6.08845996856689","587","32.454","18.293","0","3.20438472241388","0.679791085967938","18.983490551838",
"5/24/2013","-40","-6.08845996856689","587","31.14","19.202","0.3622054932","3.51569555254604","0.688286286202515","18.722371551336",
"5/25/2013","-40","-6.08845996856689","587","29.57","20.994","7.9582169808","4.35570686583531","0.764468668108879","20.118758223096",
"5/26/2013","-40","-6.08845996856689","587","30.992","20.098","0.31929012","4.85095615662451","0.636623458832218","21.674849082084",
"5/27/2013","-40","-6.08845996856689","587","31.79","18.97","0","4.57687446116977","0.579624083818448","22.59439435314",
"5/28/2013","-40","-6.08845996856689","587","31.551","19.657","0","3.95650012458386","0.578118346169451","22.6585657459548",
"5/29/2013","-40","-6.08845996856689","587","31.507","18.907","0","3.78270671259076","0.599883486933384","23.281798276044",
"5/30/2013","-40","-6.08845996856689","587","32.016","20.052","0.154495332","3.79063298543099","0.540798236175213","23.202248729796",
"5/31/2013","-40","-6.08845996856689","587","31.852","19.711","0","4.25535921599475","0.509622558062127","23.288007410856",
"6/1/2013","-40","-6.08845996856689","587","32.806","18.979","0","3.66877493065618","0.519191043088625","23.420367658782",
"6/2/2013","-40","-6.08845996856689","587","32.335","17.714","0","3.71674345123","0.487353865822626","22.653182816604",
"6/3/2013","-40","-6.08845996856689","587","30.617","18.075","0.634289004","2.07347699831259","0.68875367191021","16.545629910636",
"6/4/2013","-40","-6.08845996856689","587","31.285","19.065","0.7707597732","2.93015025465202","0.641763937604816","17.2012711493592",
"6/5/2013","-40","-6.08845996856689","587","30.275","18.941","0.161361684","4.01857987415372","0.717595566981842","20.1063614464476",
"6/6/2013","-40","-6.08845996856689","587","31.347","19.033","0.0205993584","4.16987896451564","0.659590646407078","22.583120580972",
"6/7/2013","-40","-6.08845996856689","587","31.636","17.09","0.0051498396","3.81325701481499","0.601910232332023","22.22512283268",
"6/8/2013","-40","-6.08845996856689","587","32.368","16.625","0","3.96723112846104","0.495402201049512","22.476163391172",
"6/9/2013","-40","-6.08845996856689","587","29.778","19.575","0.0961303644","4.41444694396755","0.579881034517383","16.8395495219064",
"6/10/2013","-40","-6.08845996856689","587","32.007","18.484","0.113296608","4.58352996873953","0.563317342418537","22.3791163600896",
"6/11/2013","-40","-6.08845996856689","587","30.728","18.914","0","3.89436434664639","0.608989946312124","17.3080912837824",
"6/12/2013","-40","-6.08845996856689","587","32.33","19.561","0.345897684","4.11690422962274","0.573274683259384","22.4296180129152",
"6/13/2013","-40","-6.08845996856689","587","29.062","20.709","0.012016296","5.08752734362852","0.639687294020576","12.968052272136",
"6/14/2013","-40","-6.08845996856689","587","29.597","21.023","0.128746026","4.66289146904426","0.661708718556137","15.276701439144",
"6/15/2013","-40","-6.08845996856689","587","30.541","19.296","0.1605035268","2.60465580450058","0.651777457864029","12.614697242244",
"6/16/2013","-40","-6.08845996856689","587","32.709","18.095","0","4.23815767095567","0.57591360126113","22.625079776136",
"6/17/2013","-40","-6.08845996856689","587","31.055","19.923","0.0034332264","4.49473866262806","0.606839891666018","18.8127867923352",
"6/18/2013","-40","-6.08845996856689","587","32.424","18.935","0","4.0295305210829","0.583285505123125","21.4113811952844",
"6/19/2013","-40","-6.08845996856689","587","32.194","19.247","0","4.11442778500423","0.599536857023133","18.106869995856",
"6/20/2013","-40","-6.08845996856689","587","31.961","18.646","0.0051498396","4.30422206444356","0.553406970346723","22.8633053033016",
"6/21/2013","-40","-6.08845996856689","587","31.93","18.099","0","3.85881136379991","0.55449770338714","18.1023601944733",
"6/22/2013","-40","-6.08845996856689","587","27.584","19.041","0.252342432","4.28943249466674","0.763773860039429","10.5009533827164",
"6/23/2013","-40","-6.08845996856689","587","33.161","18.726","0.056648232","4.54006507248901","0.538538827988366","22.5475799580144",
"6/24/2013","-40","-6.08845996856689","587","32.503","17.999","0.0008583084","3.8472129912179","0.437442179869578","23.038709834844",
"6/25/2013","-40","-6.08845996856689","587","30.29","18.203","0","3.34840124322764","0.547337963899657","14.7831530243328",
"6/26/2013","-40","-6.08845996856689","587","28.525","17.96","0.8342743932","3.9941534888463","0.587853582667509","11.026144287828",
"6/27/2013","-40","-6.08845996856689","587","32.691","17.211","0","4.09910746312549","0.533689397644138","22.600383390756",
"6/28/2013","-40","-6.08845996856689","587","32.277","19.152","0","3.24588539531095","0.554315449512193","18.109713414672",
"6/29/2013","-40","-6.08845996856689","587","31.858","18.508","0.044631972","3.52457112844265","0.630517538109828","20.5979748597511",
"6/30/2013","-40","-6.08845996856689","587","30.416","18.162","0.0111579948","3.22444664553124","0.622163304683688","13.410761908176",
"7/1/2013","-40","-6.08845996856689","587","33.006","18.95","0","3.73370586506468","0.465199703401068","23.098623864408",
"7/2/2013","-40","-6.08845996856689","587","32.768","17.788","0","4.28511554577968","0.493273467702553","21.3431435938584",
"7/3/2013","-40","-6.08845996856689","587","26.742","18.318","0.0463485744","5.1336601694924","0.682190542345929","13.2989330458606",
"7/4/2013","-40","-6.08845996856689","587","25.723","19.102","0.3158571384","5.29202863132934","0.710151491097312","7.51788517561092",
"7/5/2013","-40","-6.08845996856689","587","31.614","16.731","0.144195336","4.56035307625616","0.542685739428929","22.9631265910872",
"7/6/2013","-40","-6.08845996856689","587","30.243","19.115","0","3.84396222101556","0.545365815613519","16.5311829339912",
"7/7/2013","-40","-6.08845996856689","587","32.914","17.463","0","4.44860255180928","0.556388616228321","18.520292376756",
"7/8/2013","-40","-6.08845996856689","587","32.63","18.443","0.0017166132","4.4427278268656","0.497685102591475","21.7143764864136",
"7/9/2013","-40","-6.08845996856689","587","31.19","19.956","0.885772332","3.25785153598318","0.632989737700778","16.094290812264",
"7/10/2013","-40","-6.08845996856689","587","31.639","17.204","0","5.382774140416","0.604005589472793","19.898751925188",
"7/11/2013","-40","-6.08845996856689","587","32.137","18.555","0","5.36964849891419","0.489602933354106","23.4954416754972",
"7/12/2013","-40","-6.08845996856689","587","28.621","20.328","0","4.84909070853346","0.615673086055811","17.306971099848",
"7/13/2013","-40","-6.08845996856689","587","30.87","19.838","1.752662916","3.69423519579968","0.659328855257248","18.7951252622328",
"7/14/2013","-40","-6.08845996856689","587","29.94","18.981","0","4.19706643746648","0.635649201475561","15.9449713631532",
"7/15/2013","-40","-6.08845996856689","587","31.247","18.879","0","4.30984151729987","0.575831964874731","23.353283382228",
"7/16/2013","-40","-6.08845996856689","587","33.1","18.15","0","3.82308336611732","0.520680133638816","23.7317824057644",
"7/17/2013","-40","-6.08845996856689","587","32.007","18.525","0","4.82644064606366","0.523142839858659","23.750891403516",
"7/18/2013","-40","-6.08845996856689","587","31.687","18.619","0","4.94975923828198","0.518452758358508","20.044234764324",
"7/19/2013","-40","-6.08845996856689","587","31.677","19.953","0.0017166132","4.94936954909759","0.605867812649042","21.429863776143",
"7/20/2013","-40","-6.08845996856689","587","32.448","20.238","0","4.8869462053888","0.52104478163026","23.8051585919952",
"7/21/2013","-40","-6.08845996856689","587","33.395","18.47","0","4.12013185751896","0.557907300142321","21.48335818794",
"7/22/2013","-40","-6.08845996856689","587","32.688","20.837","0","4.90812568943206","0.521980469011508","23.5265468694012",
"7/23/2013","-40","-6.08845996856689","587","32.91","17.346","0","2.87895106521087","0.457434427560227","24.124010574096",
"7/24/2013","-40","-6.08845996856689","587","32.882","19.386","0","4.1071666192193","0.447295339098346","23.830422636348",
"7/25/2013","-40","-6.08845996856689","587","31.329","19.678","0.3089907864","4.63167809766883","0.610959920994726","17.9405353559088",
"7/26/2013","-40","-6.08845996856689","587","32.707","20.072","0.0017166132","4.29884100689732","0.566200780620323","21.057328599534",
"7/27/2013","-40","-6.08845996856689","587","29.534","19.941","0.4686354612","3.61419245101668","0.595795344865795","12.4385376897072",
"7/28/2013","-40","-6.08845996856689","587","32.3","18.585","0","4.48674804029729","0.431655030981305","24.601539231432",
"7/29/2013","-40","-6.08845996856689","587","32.816","18.596","0","5.03021099104401","0.421620999994251","24.6845689578144",
"7/30/2013","-40","-6.08845996856689","587","32.294","19.657","0","5.03595152936511","0.517555040204725","24.281288707968",
"7/31/2013","-40","-6.08845996856689","587","32.526","18.914","0","4.40054660494861","0.434721293504611","24.2292945532104",
"8/1/2013","-40","-6.08845996856689","587","31.751","18.164","0","5.56703296502595","0.468191893440294","24.81711854148",
"8/2/2013","-40","-6.08845996856689","587","30.686","17.796","0","5.58317772357972","0.578154158489939","24.43773225672",
"8/3/2013","-40","-6.08845996856689","587","33.039","18.733","0","5.01812265751411","0.488479172083365","24.5071998072",
"8/4/2013","-40","-6.08845996856689","587","32.728","18.412","0","4.206443910762","0.484230912659792","24.502908024",
"8/5/2013","-40","-6.08845996856689","587","33.669","19.646","0","4.56049365061709","0.436575860360836","24.940691748",
"8/6/2013","-40","-6.08845996856689","587","32.373","19.774","0.0205993728","5.10763359527498","0.51599527262097","20.59531138332",
"8/7/2013","-40","-6.08845996856689","587","31.673","18.892","0.0034332264","5.45445595245837","0.548901949675881","22.9667456232",
"8/8/2013","-40","-6.08845996856689","587","31.73","18.137","0","5.35165957740413","0.466106855503209","25.26461309196",
"8/9/2013","-40","-6.08845996856689","587","32.562","18.059","0","4.66563872609808","0.487264211881203","24.989598684",
"8/10/2013","-40","-6.08845996856689","587","33.509","20.574","0.223159932","4.28982529337551","0.469057336988843","24.1643073456",
"8/11/2013","-40","-6.08845996856689","587","33.572","20.119","0.2162934","3.50636130975803","0.46685233781385","22.365121782456",
"8/12/2013","-40","-6.08845996856689","587","33.069","20.143","0","4.02052090412334","0.431348480661287","25.1597627748",
"8/13/2013","-40","-6.08845996856689","587","33.757","19.81","0.0034332264","4.15809640774169","0.421992911813461","24.93285976584",
"8/14/2013","-40","-6.08845996856689","587","32.815","20.468","0","4.44171628693435","0.457535284466513","21.2681945412",
"8/15/2013","-40","-6.08845996856689","587","33.963","21.19","0","4.47602067145337","0.483357497652683","20.4943760496",
"8/16/2013","-40","-6.08845996856689","587","33.938","21.034","0","5.17266457919279","0.448856283703294","25.34062483404",
"8/17/2013","-40","-6.08845996856689","587","33.504","19.757","0","4.99462454812032","0.449136342028023","25.65329178672",
"8/18/2013","-40","-6.08845996856689","587","33.447","19.359","0.0549314928","4.19683106334376","0.473925425590339","22.97140302528",
"8/19/2013","-40","-6.08845996856689","587","32.861","18.82","0.127029384","4.51216934319354","0.483084768651133","23.1172378542",
"8/20/2013","-40","-6.08845996856689","587","34.003","20.413","0.9304048944","4.01620833323665","0.459648777568401","20.66692830084",
"8/21/2013","-40","-6.08845996856689","587","32.509","21.245","0.072097812","4.22049993725662","0.448786730519408","19.119623980428",
"8/22/2013","-40","-6.08845996856689","587","33.524","20.101","0","5.77456477674937","0.444220847401524","25.35840594",
"8/23/2013","-40","-6.08845996856689","587","33.744","19.409","0","5.79003126741537","0.465153373774998","26.0131893228",
"8/24/2013","-40","-6.08845996856689","587","34.075","19.361","0","4.94118928893537","0.409719884803432","26.40235768704",
"8/25/2013","-40","-6.08845996856689","587","33.775","19.726","0","5.0905225236426","0.447164627883224","26.1755930268",
"8/26/2013","-40","-6.08845996856689","587","34.801","19.563","0","4.95517509919718","0.390436367087356","26.49149666784",
"8/27/2013","-40","-6.08845996856689","587","35.236","19.965","0","3.70738734288849","0.392239162736933","26.4377223648",
"8/28/2013","-40","-6.08845996856689","587","35.413","20.078","0","4.34672444281093","0.363211377009143","26.618711544144",
"8/29/2013","-40","-6.08845996856689","587","34.116","20.636","0","5.30936652988697","0.422634583052165","26.7935900868",
"8/30/2013","-40","-6.08845996856689","587","33.255","20.182","0.077247648","5.5362033729641","0.477317602123628","21.724893666",
"8/31/2013","-40","-6.08845996856689","587","33.174","20.631","0","5.52574137184369","0.454060263884639","23.62998468528",
"9/1/2013","-40","-6.08845996856689","587","33.953","20.109","0.0017166132","5.19591699716511","0.426695120337659","22.3224192072",
"9/2/2013","-40","-6.08845996856689","587","33.864","19.876","0","4.47511577037772","0.398243457918557","26.87915547",
"9/3/2013","-40","-6.08845996856689","587","34.677","19.916","0","4.58705234350784","0.415248098877404","27.0603122004",
"9/4/2013","-40","-6.08845996856689","587","35.05","21.162","0","5.26118082758102","0.500392195355749","26.67026552724",
"9/5/2013","-40","-6.08845996856689","587","34.491","20.867","0","5.49949995237247","0.471666590285059","26.7603404364",
"9/6/2013","-40","-6.08845996856689","587","34.026","21.422","0","5.06281364944625","0.449490154727948","26.90337848616",
"9/7/2013","-40","-6.08845996856689","587","32.336","20.438","0","4.96205578519708","0.497550209708962","22.01160989556",
"9/8/2013","-40","-6.08845996856689","587","33.241","19.781","0","5.59872109723048","0.468892754501824","26.9501643648",
"9/9/2013","-40","-6.08845996856689","587","33.619","19.507","0.0034332264","5.84620748094994","0.42930940982903","27.35986401072",
"9/10/2013","-40","-6.08845996856689","587","34.442","19.637","0.0102996864","5.56263557118224","0.455609219462524","25.8578910306",
"9/11/2013","-40","-6.08845996856689","587","33.907","19.663","0.0068664528","5.8863030113573","0.380904533540182","26.38222756056",
"9/12/2013","-40","-6.08845996856689","587","33.324","19.153","0","5.05529137814327","0.3856407836582","26.52908273208",
"9/13/2013","-40","-6.08845996856689","587","33.231","20.841","0","5.75216898340223","0.43123316186242","27.03703820832",
"9/14/2013","-40","-6.08845996856689","587","33.876","20.948","0","6.26160332266949","0.470442618730881","27.5477955678",
"9/15/2013","-40","-6.08845996856689","587","34.678","20.031","0","5.55942209499677","0.450223563888903","27.6477993504",
"9/16/2013","-40","-6.08845996856689","587","34.3","20.735","0","4.97602311014948","0.432344277366666","27.8597017836",
"9/17/2013","-40","-6.08845996856689","587","34.155","20.211","0","5.85388139128481","0.443949815533075","28.1382592392",
"9/18/2013","-40","-6.08845996856689","587","33.056","20.485","0","6.14254276458424","0.507246946288867","27.278546778",
"9/19/2013","-40","-6.08845996856689","587","34.503","20.715","0.0034332264","5.73830951107485","0.377007792293285","28.2754103472",
"9/20/2013","-40","-6.08845996856689","587","34.249","19.297","0","5.03509957525037","0.356797033508275","28.5181430076",
"9/21/2013","-40","-6.08845996856689","587","34.495","19.473","0","4.88856986897829","0.366700382090864","28.446598926",
"9/22/2013","-40","-6.08845996856689","587","34.106","21.964","0","5.20874014382497","0.406945458220268","27.8133485292",
"9/23/2013","-40","-6.08845996856689","587","34.776","21.207","0","5.18025185368112","0.429569185392091","28.3283297604",
"9/24/2013","-40","-6.08845996856689","587","36.566","20.765","0","4.56404160564698","0.403087076405331","28.13660209692",
"9/25/2013","-40","-6.08845996856689","587","35.721","20.76","0.0034332264","3.37286389347935","0.441853555928595","26.851035798",
"9/26/2013","-40","-6.08845996856689","587","36.284","20.963","0.0034332264","4.72685241749455","0.402907416815448","27.99561008088",
"9/27/2013","-40","-6.08845996856689","587","35.946","21.057","0","4.3989500256603","0.458620108043518","27.8577816876",
"9/28/2013","-40","-6.08845996856689","587","35.73","21.405","0.0154495188","4.45520858300849","0.442681045307675","28.061486604",
"9/29/2013","-40","-6.08845996856689","587","36.409","20.22","0","4.53949947462424","0.385972042890222","28.5145444548",
"9/30/2013","-40","-6.08845996856689","587","35.183","20.415","0","5.04441288640121","0.4003934813102","28.6894226772",
"10/1/2013","-40","-6.08845996856689","587","34.548","21.236","0","5.61578313135228","0.450012061498793","28.4121927216",
"10/2/2013","-40","-6.08845996856689","587","33.935","20.868","0.0102996792","5.79405273255937","0.48277953553393","27.7654776264",
"10/3/2013","-40","-6.08845996856689","587","34.746","19.966","0","5.81019881508684","0.452488403036057","28.6673135832",
"10/4/2013","-40","-6.08845996856689","587","34.713","20.332","0","5.54491461815412","0.428835539407596","28.7729304768",
"10/5/2013","-40","-6.08845996856689","587","35.582","20.89","0.0017166132","5.63807177282843","0.424454760527557","28.5291385344",
"10/6/2013","-40","-6.08845996856689","587","36.141","20.94","0","4.28331202843688","0.429642868385356","28.3564373364",
"10/7/2013","-40","-6.08845996856689","587","33.663","21.66","0","4.07306937778164","0.394734275700428","21.2786354556",
"10/8/2013","-40","-6.08845996856689","587","34.641","20.661","0.42228702","4.59358950830325","0.415503483586878","28.143026577",
"10/9/2013","-40","-6.08845996856689","587","34.266","21.056","0","4.92641675448459","0.423787331228782","28.3075928604",
"10/10/2013","-40","-6.08845996856689","587","35.038","20.926","0","4.34766844440709","0.402420806565701","28.54148202",
"10/11/2013","-40","-6.08845996856689","587","33.806","21.108","0","6.21048794598866","0.452589710309084","27.6338607552",
"10/12/2013","-40","-6.08845996856689","587","31.191","20.551","0.0034332264","6.11421557974142","0.5626520039835","19.6291037412",
"10/13/2013","-40","-6.08845996856689","587","30.295","21.373","1.1569977864","5.58766551307475","0.542970678744354","18.5533211016",
"10/14/2013","-40","-6.08845996856689","587","33.662","21.859","0.2952574704","5.44886062617318","0.44107522019978","28.05788848392",
"10/15/2013","-40","-6.08845996856689","587","35.108","20.4","0","4.63251628821696","0.428139404200741","28.31189610384",
"10/16/2013","-40","-6.08845996856689","587","34.681","21.753","0","5.66579172765586","0.470263914505049","27.3369891456",
"10/17/2013","-40","-6.08845996856689","587","35.192","21.642","0","4.72393954076584","0.422110670726982","24.8261446764",
"10/18/2013","-40","-6.08845996856689","587","35.809","20.709","0","5.41344936896538","0.443656884524759","28.3418599428",
"10/19/2013","-40","-6.08845996856689","587","35.243","20.094","0","5.12780315190829","0.422905218269129","28.6134241788",
"10/20/2013","-40","-6.08845996856689","587","34.628","20.308","0","6.26485612804071","0.442550149166989","27.8026209643068",
"10/21/2013","-40","-6.08845996856689","587","34.286","20.875","0","5.58470355336218","0.421500841458846","28.6320246048",
"10/22/2013","-40","-6.08845996856689","587","34.445","21.172","0","5.49427983674966","0.391522022001571","28.9254935952",
"10/23/2013","-40","-6.08845996856689","587","33.869","21.076","0","5.75871467118497","0.454863161489822","28.4738168628",
"10/24/2013","-40","-6.08845996856689","587","34.919","21.855","0","5.23055413169724","0.424262752013362","28.4119271712",
"10/25/2013","-40","-6.08845996856689","587","35.443","22.046","0","4.27495923558078","0.400725885909275","25.3827658368",
"10/26/2013","-40","-6.08845996856689","587","35.029","21.76","0.0017166132","4.17498027896956","0.462928731038127","23.1535944072",
"10/27/2013","-40","-6.08845996856689","587","31.54","21.534","1.7166132504","4.89064933909699","0.558385177135287","19.0322987148",
"10/28/2013","-40","-6.08845996856689","587","31.71","21.262","0.231742836","4.38716557375802","0.55586229379161","16.6103694",
"10/29/2013","-40","-6.08845996856689","587","34.266","20.45","0","4.81467029101886","0.460128394568091","22.323978558",
"10/30/2013","-40","-6.08845996856689","587","34.072","21.359","0","5.88975151034461","0.430136837578107","28.30077927",
"10/31/2013","-40","-6.08845996856689","587","33.64","21.026","0","6.14588311583027","0.460788260837069","28.3168832004",
"11/1/2013","-40","-6.08845996856689","587","33.861","20.512","0","5.59321504921098","0.425516839969359","28.5704917848",
"11/2/2013","-40","-6.08845996856689","587","33.262","21.399","0","4.76933665344285","0.519903065378784","21.9016406952",
"11/3/2013","-40","-6.08845996856689","587","29.937","21.54","16.1413236","3.02543362415126","0.634504979546798","19.9871013996",
"11/4/2013","-40","-6.08845996856689","587","26.563","20.651","11.5510914","4.1248698114632","0.794567814328803","12.320098596",
"11/5/2013","-40","-6.08845996856689","587","31.026","19.823","0","5.11575262124239","0.648162608484237","27.50238983412",
"11/6/2013","-40","-6.08845996856689","587","32.966","21.323","0","5.07842093737839","0.554294396113166","27.3157173",
"11/7/2013","-40","-6.08845996856689","587","33.061","21.176","0","5.39656303725822","0.525079882627628","28.201559598",
"11/8/2013","-40","-6.08845996856689","587","32.918","21.439","0","6.09891669502465","0.52380828391554","27.870893136",
"11/9/2013","-40","-6.08845996856689","587","34.965","21.258","0","4.9983676003832","0.497176935088135","28.2843461664",
"11/10/2013","-40","-6.08845996856689","587","35.21","22.791","0.274658382","4.96752227662318","0.535411545700435","22.3308394596",
"11/11/2013","-40","-6.08845996856689","587","31.903","21.854","0.5106924684","5.62294551496892","0.55019436856105","23.5754840556",
"11/12/2013","-40","-6.08845996856689","587","30.948","21.126","0","5.46443297299787","0.51351078846087","20.786108508",
"11/13/2013","-40","-6.08845996856689","587","34.021","20.876","0","5.08378139029888","0.480978725574515","27.09595442016",
"11/14/2013","-40","-6.08845996856689","587","31.839","20.987","0","5.01486952755938","0.494459129048778","21.2805208692",
"11/15/2013","-40","-6.08845996856689","587","32.635","21.052","0","5.67755323918398","0.483570637556219","28.11553726212",
"11/16/2013","-40","-6.08845996856689","587","32.112","21.36","0.0034332264","5.27766794298258","0.471465814424209","22.0365180144",
"11/17/2013","-40","-6.08845996856689","587","33.182","22.484","0","5.59435255695802","0.409384692848035","22.8111662196",
"11/18/2013","-40","-6.08845996856689","587","33.563","20.725","0","5.39139144706753","0.399814997991007","28.239922458",
"11/19/2013","-40","-6.08845996856689","587","33.621","21.041","0","6.30092966554927","0.463347050764225","28.47683991456",
"11/20/2013","-40","-6.08845996856689","587","34.673","21.263","0","5.28314870606594","0.456201904997692","28.2747761712",
"11/21/2013","-40","-6.08845996856689","587","34.205","21.788","0.6214142664","3.18604779625032","0.436495950571443","22.2445920924",
"11/22/2013","-40","-6.08845996856689","587","30.57","23.244","0.842857398","3.05441358396073","0.516593239129337","12.7382216652",
"11/23/2013","-40","-6.08845996856689","587","34.32","22.592","12.3261457104","4.21529748139541","0.56424109309277","19.2827629224",
"11/24/2013","-40","-6.08845996856689","587","33.031","21.128","0.378513504","4.49458712604207","0.54524588681077","23.3153135244",
"11/25/2013","-40","-6.08845996856689","587","30.654","21.817","0","4.49395563348056","0.544815111799961","22.22977524408",
"11/26/2013","-40","-6.08845996856689","587","33.294","22.355","0.109863252","3.15155967750636","0.518149974680774","20.870284608",
"11/27/2013","-40","-6.08845996856689","587","31.752","21.413","2.5440201648","3.52100169024874","0.527116738985163","11.3596810668",
"11/28/2013","-40","-6.08845996856689","587","29.15","21.104","1.31320944","2.73457093753102","0.573320535842305","11.7457217568",
"11/29/2013","-40","-6.08845996856689","587","32.857","21.09","0","4.88980814303707","0.507326641706245","27.9472341744",
"11/30/2013","-40","-6.08845996856689","587","33.481","20.411","0","5.96127917076041","0.491750713085066","28.4571458604",
"12/1/2013","-40","-6.08845996856689","587","34.306","21.206","0","5.25011814241239","0.434357949508919","28.5455840688",
"12/2/2013","-40","-6.08845996856689","587","33.828","21.4","0.0017166132","5.31521956428273","0.4315443062595","28.5348276108",
"12/3/2013","-40","-6.08845996856689","587","33.382","21.866","0","4.21658259900085","0.423317208474847","21.7263242412",
"12/4/2013","-40","-6.08845996856689","587","36.047","21.576","0","4.07063754393886","0.446463640136533","26.1721789524",
"12/5/2013","-40","-6.08845996856689","587","32.06","21.485","0.078964236","4.47537465108292","0.522394252358138","17.5674289212",
"12/6/2013","-40","-6.08845996856689","587","31.872","22.241","0.0068664528","5.34307201715986","0.519856022681106","21.611428542",
"12/7/2013","-40","-6.08845996856689","587","31.467","21.135","0.0686645208","4.44477284687327","0.566712643599998","14.10065175924",
"12/8/2013","-40","-6.08845996856689","587","32.783","20.011","0.0017166132","4.6116142773399","0.480187608132414","23.74620273036",
"12/9/2013","-40","-6.08845996856689","587","35.036","20.703","0","4.38738524122258","0.467626411774343","28.3263142806",
"12/10/2013","-40","-6.08845996856689","587","34.557","21.436","0.0068664528","3.56170777718721","0.483914295750144","27.8907078996",
"12/11/2013","-40","-6.08845996856689","587","34.211","22.202","0.564766236","3.94040006190965","0.453032855585876","23.73277510908",
"12/12/2013","-40","-6.08845996856689","587","34.373","20.925","0","4.66986615426792","0.496668277567179","23.9286783096",
"12/13/2013","-40","-6.08845996856689","587","35.275","20.975","0.0017166132","4.48645147993132","0.429118599004478","27.2409512508",
"12/14/2013","-40","-6.08845996856689","587","34.724","21.84","0.0017166132","3.84528793230032","0.465654219201585","21.612094506",
"12/15/2013","-40","-6.08845996856689","587","33.455","21.83","4.9318302996","4.10418554239127","0.548212923331989","23.0948468064",
"12/16/2013","-40","-6.08845996856689","587","31.593","21.687","3.591158508","3.43327898895596","0.635577707789782","11.85281329896",
"12/17/2013","-40","-6.08845996856689","587","28.626","21.445","8.80623198","2.75092233781144","0.714595718264912","12.57676593732",
"12/18/2013","-40","-6.08845996856689","587","29.295","21.808","17.0219424528","2.40347805117439","0.721078711775221","15.9854248116",
"12/19/2013","-40","-6.08845996856689","587","28.621","21.283","29.31804468","3.01230845891785","0.761962030689695","18.12324964716",
"12/20/2013","-40","-6.08845996856689","587","23.058","20.408","93.19320972","3.17023679879624","0.920263010772524","5.07891765708",
"12/21/2013","-40","-6.08845996856689","587","28.462","19.507","3.0315382056","4.32540951197237","0.767184748217628","23.204809098",
"12/22/2013","-40","-6.08845996856689","587","30.777","19.259","2.3071308264","4.0289674185261","0.673145389096585","23.898299292",
"12/23/2013","-40","-6.08845996856689","587","31.325","21.286","0.0858306888","4.57997104277044","0.671145896290357","25.1860839444",
"12/24/2013","-40","-6.08845996856689","587","31.217","21.104","3.17230632","4.5418071729545","0.639604088908246","27.6082794252",
"12/25/2013","-40","-6.08845996856689","587","32.674","21.227","0","4.98201309516432","0.57575674428883","27.959441616",
"12/26/2013","-40","-6.08845996856689","587","32.713","20.891","0","4.66224694428323","0.543800350735145","28.4612053464",
"12/27/2013","-40","-6.08845996856689","587","32.915","21.13","0.0017166132","5.68099840259985","0.544916910935671","22.987209204",
"12/28/2013","-40","-6.08845996856689","587","32.993","21.384","0","4.67384572209707","0.547342841847075","23.9074766028",
"12/29/2013","-40","-6.08845996856689","587","33.488","21.19","0","4.86136323254289","0.493262137796306","27.0806860476",
"12/30/2013","-40","-6.08845996856689","587","33.233","21.367","0","5.92088201782436","0.485583769872884","26.8981066584",
"12/31/2013","-40","-6.08845996856689","587","33.658","20.743","0","5.30839003566774","0.497819806576464","27.1958254236",
"1/1/2014","-40","-6.08845996856689","587","34.156","20.481","0.0068664528","4.38215413901734","0.515481949627489","22.6058407452",
"1/2/2014","-40","-6.08845996856689","587","34.514","20.734","0.377655372","3.31491281284684","0.535712668417429","23.848506389988",
"1/3/2014","-40","-6.08845996856689","587","31.034","20.34","1.249695108","3.76855469239087","0.617444767392332","22.5530250372",
"1/4/2014","-40","-6.08845996856689","587","33.88","20.152","0.1338957","3.68292787328559","0.521991816027486","26.5436226792",
"1/5/2014","-40","-6.08845996856689","587","32.579","19.932","2.1543498","3.17395485395832","0.612930515698778","21.9976236756",
"1/6/2014","-40","-6.08845996856689","587","30.868","19.299","0.4034042532","3.24607205105513","0.591948170023861","21.6794551212",
"1/7/2014","-40","-6.08845996856689","587","32.385","19.993","0.1613617128","3.81102232036876","0.545369995895343","21.1550357196",
"1/8/2014","-40","-6.08845996856689","587","33.635","19.461","1.04713452","2.94128808225806","0.480888508067096","25.6381533648",
"1/9/2014","-40","-6.08845996856689","587","33.434","21.679","0","4.38946262007669","0.50380226305267","22.9242936204",
"1/10/2014","-40","-6.08845996856689","587","31.8","20.598","10.231017444","3.56655373007517","0.652496670000818","20.9666634624",
"1/11/2014","-40","-6.08845996856689","587","33.819","19.707","0.55961604","4.60467531885035","0.55243604866645","28.43372200248",
"1/12/2014","-40","-6.08845996856689","587","29.417","20.928","0.1630783152","4.58629052057694","0.657390095738308","18.7506834984",
"1/13/2014","-40","-6.08845996856689","587","31.304","20.605","11.7725367024","3.96817981905208","0.710618278964149","19.15336923912",
"1/14/2014","-40","-6.08845996856689","587","30.818","20.069","2.2676472","4.53468194891252","0.633597407186974","24.6201688188",
"1/15/2014","-40","-6.08845996856689","587","31.13","20.818","0","4.36716993580856","0.56546991021941","20.7298928376",
"1/16/2014","-40","-6.08845996856689","587","30.851","20.773","0.4806524664","3.95051096586515","0.592775020318238","22.43179697364",
"1/17/2014","-40","-6.08845996856689","587","31.708","20.657","0","4.89679014478349","0.636060980951164","26.3487644316",
"1/18/2014","-40","-6.08845996856689","587","31.253","20.779","2.22472944","3.66765240873445","0.695804673615017","19.8008229708",
"1/19/2014","-40","-6.08845996856689","587","30.556","19.913","2.04277014","4.30071921571945","0.732851582271381","25.01891946108",
"1/20/2014","-40","-6.08845996856689","587","29.425","20.311","7.086177","4.19368249923066","0.856268587167479","12.2657955552",
"1/21/2014","-40","-6.08845996856689","587","32.356","19.513","0.065231316","5.22778630242429","0.635854542643675","28.9283640408",
"1/22/2014","-40","-6.08845996856689","587","32.323","19.643","0","3.92534607111616","0.543575767744697","19.6943498136",
"1/23/2014","-40","-6.08845996856689","587","33.149","19.599","0.0017166132","3.24227521714787","0.507145992845732","24.60839996556",
"1/24/2014","-40","-6.08845996856689","587","30.736","19.635","0.051498396","2.47899199130178","0.537462915446098","17.8571800872",
"1/25/2014","-40","-6.08845996856689","587","32.801","20.387","0.1613617056","3.90520789925811","0.507129885251046","24.746284926",
"1/26/2014","-40","-6.08845996856689","587","32.492","19.623","0.348472476","4.53940259661373","0.58598603015428","24.1842967812",
"1/27/2014","-40","-6.08845996856689","587","32.892","19.723","0.684928836","5.51657368434091","0.612366640605659","26.47245335004",
"1/28/2014","-40","-6.08845996856689","587","33.148","19.68","0.62999712","4.97675727420884","0.543335667579633","28.928543652",
"1/29/2014","-40","-6.08845996856689","587","33.867","20.327","0","5.11818026717991","0.490217034612376","29.0851798608",
"1/30/2014","-40","-6.08845996856689","587","29.094","20.208","22.065349032","2.85317051676364","0.764530314846695","20.34530766",
"1/31/2014","-40","-6.08845996856689","587","32.096","20.435","6.931682532","4.04543360676126","0.662228637028589","22.2513093072",
"2/1/2014","-40","-6.08845996856689","587","33.719","19.878","4.346467452","3.12326620456879","0.617983488954868","22.4915162364",
"2/2/2014","-40","-6.08845996856689","587","30.087","20.684","6.969451932","2.77817267127577","0.744740077904502","11.0550418056",
"2/3/2014","-40","-6.08845996856689","587","31.944","20.262","2.0221738704","3.57076146193962","0.643587080783575","20.4767892684",
"2/4/2014","-40","-6.08845996856689","587","31.564","19.312","0.096130404","3.7937485253703","0.610083511177307","25.3440784368",
"2/5/2014","-40","-6.08845996856689","587","29.118","21.076","0.1888274808","2.93913219819603","0.619654712423033","16.7989599576",
"2/6/2014","-40","-6.08845996856689","587","32.31","18.823","0.2197266984","3.37574313937018","0.566906990494955","20.4615324648",
"2/7/2014","-40","-6.08845996856689","587","33.404","19.302","1.90887552","3.81934006065801","0.618164863173448","23.7347741736",
"2/8/2014","-40","-6.08845996856689","587","30.348","20.298","11.5528121424","3.06196085540767","0.730871224227244","19.43287943472",
"2/9/2014","-40","-6.08845996856689","587","32.794","19.609","0.264358512","3.81310072451932","0.685516157124636","20.86301181852",
"2/10/2014","-40","-6.08845996856689","587","32.062","20.366","0.0102996864","4.22456244274433","0.620359494116476","14.71357332",
"2/11/2014","-40","-6.08845996856689","587","28.671","20.277","1.0299678624","4.37557949316179","0.685043891104831","16.559721558",
"2/12/2014","-40","-6.08845996856689","587","30.012","20.071","1.2926090664","3.88230921467398","0.675507433864785","20.1084123168",
"2/13/2014","-40","-6.08845996856689","587","31.446","19.714","7.06901184","2.97320688949077","0.749875068152969","22.6137954636",
"2/14/2014","-40","-6.08845996856689","587","29.349","19.671","2.8358423424","4.01417581848679","0.749342637705457","15.7246432488",
"2/15/2014","-40","-6.08845996856689","587","28.47","20.446","11.707308432","3.5148859010903","0.805633464712498","21.9357169164",
"2/16/2014","-40","-6.08845996856689","587","29.541","19.447","12.6995080824","3.20490621672435","0.813158428454024","25.3310177628",
"2/17/2014","-40","-6.08845996856689","587","27.568","19.547","2.029037508","3.64552758156639","0.811764354680317","14.2529328",
"2/18/2014","-40","-6.08845996856689","587","30.889","18.2","11.9064317184","2.65786149487014","0.764888542350473","23.56732289376",
"2/19/2014","-40","-6.08845996856689","587","29.57","20.493","17.62790724","3.4482927946663","0.833102789081939","13.99811487894",
"2/20/2014","-40","-6.08845996856689","587","30.592","19.834","3.12766938","4.53083813376065","0.771144412106183","25.07604255",
"2/21/2014","-40","-6.08845996856689","587","32.011","20.045","0","4.56128924763416","0.642636605483139","28.372662162",
"2/22/2014","-40","-6.08845996856689","587","31.594","18.928","0","4.13858755901248","0.62871053422274","25.3929342564",
"2/23/2014","-40","-6.08845996856689","587","32.806","19.615","0","3.95762091725968","0.576987744584394","26.5200489036",
"2/24/2014","-40","-6.08845996856689","587","31.258","21.391","0.1115800344","4.42557394006135","0.603448162293293","19.2572071992",
"2/25/2014","-40","-6.08845996856689","587","31.71","20.067","0.0068664528","4.0566162813059","0.594434452149853","24.55236308556",
"2/26/2014","-40","-6.08845996856689","587","33.692","18.492","0.2214432","3.71902733422196","0.581221450689168","27.87028674624",
"2/27/2014","-40","-6.08845996856689","587","30.568","19.886","0","3.11672726934322","0.597365138448223","18.702071849376",
"2/28/2014","-40","-6.08845996856689","587","32.783","19.375","0.0137329056","2.69886957836248","0.59960554048529","18.8289320148",
"3/1/2014","-40","-6.08845996856689","587","33.172","19.479","0.008583066","3.01539418988766","0.58893887658474","17.6159115972",
"3/2/2014","-40","-6.08845996856689","587","29.891","19.607","0","3.39659678187097","0.601042575660065","17.8083867528",
"3/3/2014","-40","-6.08845996856689","587","32.755","18.733","0.0017166132","3.16788258837031","0.52993924077526","21.2602273056",
"3/4/2014","-40","-6.08845996856689","587","30.791","19.344","14.7182431464","3.3836342614072","0.767196928728727","9.2136020508",
"3/5/2014","-40","-6.08845996856689","587","30.952","19.137","1.3320931824","3.02739845821461","0.743510658745351","21.3675313608",
"3/6/2014","-40","-6.08845996856689","587","29.703","18.625","1.5037537464","3.10264664849419","0.716133020584226","23.5839160008",
"3/7/2014","-40","-6.08845996856689","587","28.174","18.984","0.4102705224","2.77318276650269","0.741786470757765","16.9566786144",
"3/8/2014","-40","-6.08845996856689","587","30.595","20.187","4.0855415472","2.82096745116578","0.696566661901979","17.8225803",
"3/9/2014","-40","-6.08845996856689","587","31.825","20.353","3.3954661512","3.28698609516922","0.669780410450904","18.6972416964",
"3/10/2014","-40","-6.08845996856689","587","29.869","19.24","8.667183204","3.20396280716399","0.838412901139683","17.9239422024",
"3/11/2014","-40","-6.08845996856689","587","25.948","19.583","2.2470476544","3.3742269493675","0.861709712208266","14.2999513956",
"3/12/2014","-40","-6.08845996856689","587","29.821","18.876","1.13296464","3.52809165872839","0.795820279409183","23.9627478708",
"3/13/2014","-40","-6.08845996856689","587","29.018","19.654","9.400176252","3.47239940695698","0.81298891133476","18.0726981804",
"3/14/2014","-40","-6.08845996856689","587","30.705","19.907","0","4.38063573009593","0.682366920265095","23.8762744092",
"3/15/2014","-40","-6.08845996856689","587","30.788","19.744","8.9813198592","3.73748231726536","0.782620497439143","14.93553094776",
"3/16/2014","-40","-6.08845996856689","587","28.281","20.145","2.4770752848","3.68359772198669","0.815530313352351","16.6386252348",
"3/17/2014","-40","-6.08845996856689","587","30.908","19.874","3.405762792","3.75559610481475","0.775860756296583","23.47079769396",
"3/18/2014","-40","-6.08845996856689","587","31.569","19.871","12.1158632448","3.31505359878512","0.815051221173133","24.2875176588",
"3/19/2014","-40","-6.08845996856689","587","26.237","19.625","13.8015743184","2.62864446909003","0.913136315045234","5.67283706136",
"3/20/2014","-40","-6.08845996856689","587","31.639","19.807","0","4.37390778709467","0.725337649936103","27.1192318164",
"3/21/2014","-40","-6.08845996856689","587","32.487","20.929","0","4.56670110390925","0.646609763712077","24.4695978864",
"3/22/2014","-40","-6.08845996856689","587","33.341","20.46","0.015449526","4.15866396639586","0.59520708205269","27.0545999004",
"3/23/2014","-40","-6.08845996856689","587","33.197","20.921","0","4.718657915091","0.595441449944064","27.6821316792",
"3/24/2014","-40","-6.08845996856689","587","33.743","19.602","0","4.06443136862471","0.60425065541979","28.0174888368",
"3/25/2014","-40","-6.08845996856689","587","33.777","19.257","0.089263908","3.77577641118421","0.539496123353633","27.99403189884",
"3/26/2014","-40","-6.08845996856689","587","33.4","16.17","0","2.4112130059713","0.563387203373942","22.4176372308",
"3/27/2014","-40","-6.08845996856689","587","31.315","18.306","1.308059064","2.4435794940781","0.663752722917165","18.3923246178",
"3/28/2014","-40","-6.08845996856689","587","29.092","19.282","5.70773952","2.34402259737739","0.799803412039229","15.43308860592",
"3/29/2014","-40","-6.08845996856689","587","28.977","19.057","2.4890905728","3.95376785848285","0.792140292380634","26.88897290652",
"3/30/2014","-40","-6.08845996856689","587","29.59","19.482","6.995200608","3.72323511292671","0.804566974841814","21.1020216804",
"3/31/2014","-40","-6.08845996856689","587","32.973","19.973","0.31929012","4.53267257908683","0.687162230944374","26.924930928",
"4/1/2014","-40","-6.08845996856689","587","32.93","19.933","0","3.84374894706865","0.669554180401164","22.62745415772",
"4/2/2014","-40","-6.08845996856689","587","33.376","19.782","0","3.5536834382461","0.607812660217806","26.616679542",
"4/3/2014","-40","-6.08845996856689","587","30.896","19.092","9.3658505328","2.09663720471111","0.722496256553702","15.045052913604",
"4/4/2014","-40","-6.08845996856689","587","27.167","19.857","18.92223216","2.57075614065814","0.882942000743838","22.5187831404",
"4/5/2014","-40","-6.08845996856689","587","29.951","19.227","5.858798652","3.44986066134837","0.808966162902003","25.94353431024",
"4/6/2014","-40","-6.08845996856689","587","31.706","18.995","10.7185382064","3.84153476192112","0.794262107562016","20.5883105004",
"4/7/2014","-40","-6.08845996856689","587","32.971","19.713","1.857374712","4.43471529969641","0.712113081163865","23.4033119604",
"4/8/2014","-40","-6.08845996856689","587","30.631","20.275","7.15484844","4.29994339430534","0.7901233371403","22.6956114288",
"4/9/2014","-40","-6.08845996856689","587","30.994","19.891","8.61396084","3.93609525719038","0.82543816480126","26.1835341732",
"4/10/2014","-40","-6.08845996856689","587","30.992","19.073","12.2119889328","2.82266734869853","0.816626459282029","20.2426877448",
"4/11/2014","-40","-6.08845996856689","587","29.333","18.634","15.5817036","1.7377842164511","0.867029115105401","22.8366107568",
"4/12/2014","-40","-6.08845996856689","587","29.672","16.579","0.1098632304","1.80584710904712","0.778637041178728","20.1991756068",
"4/13/2014","-40","-6.08845996856689","587","31.186","18.325","0","2.48204161995398","0.689099003645918","23.0640638724",
"4/14/2014","-40","-6.08845996856689","587","32.548","18.216","0","3.8685886525241","0.629800132359085","24.3806745312",
"4/15/2014","-40","-6.08845996856689","587","32.193","19.633","0.0308990376","4.07570424031123","0.574455730485886","24.611048568",
"4/16/2014","-40","-6.08845996856689","587","30.723","19.238","4.614255684","2.47120786423452","0.715166351888217","22.4317544796",
"4/17/2014","-40","-6.08845996856689","587","31.331","19.167","15.4838560968","3.02331600109165","0.807932672372218","21.0618905436",
"4/18/2014","-40","-6.08845996856689","587","31.137","19.489","2.2985445312","3.35908964420962","0.780142927864506","22.8999357108",
"4/19/2014","-40","-6.08845996856689","587","31.911","19.809","1.459122012","3.14270620107799","0.736220420252781","21.1446832248",
"4/20/2014","-40","-6.08845996856689","587","32.622","18.724","0.0034332264","2.6784605140573","0.622489264032226","19.0731798972",
"4/21/2014","-40","-6.08845996856689","587","31.818","19.542","4.5593261064","3.13952607635504","0.715478374494219","17.65523620188",
"4/22/2014","-40","-6.08845996856689","587","29.614","19.295","0.1029966984","3.92950691425487","0.76423938949716","15.8799895704",
"4/23/2014","-40","-6.08845996856689","587","31.032","20.368","2.23502994","4.34314679501951","0.788297965139402","25.2143316504",
"4/24/2014","-40","-6.08845996856689","587","33.463","19.506","0.024032592","3.39597181815278","0.685672584857673","20.851543742472",
"4/25/2014","-40","-6.08845996856689","587","30.419","18.557","0.0137329056","3.03001293745619","0.667627844998855","19.6853715306",
"4/26/2014","-40","-6.08845996856689","587","32.528","20.991","13.5543821256","2.24640172754954","0.759580654889528","20.0395085652",
"4/27/2014","-40","-6.08845996856689","587","28.196","20.193","10.6876446984","2.02457423326522","0.867746288655477","18.15563717568",
"4/28/2014","-40","-6.08845996856689","587","31.335","19.97","17.416767492","3.56107933626085","0.846363264733909","18.19367086932",
"4/29/2014","-40","-6.08845996856689","587","29.311","18.242","0.7106778","4.18214199051471","0.694440779522646","16.9589094228",
"4/30/2014","-40","-6.08845996856689","587","27.61","19.754","0.085830732","5.2690199697417","0.707440691898924","17.4209518656",
"5/1/2014","-40","-6.08845996856689","587","27.955","20.4","0.2540588184","4.34088710364424","0.752530241113616","10.94761071792",
"5/2/2014","-40","-6.08845996856689","587","31.855","19.447","0.4652019648","3.75457381889629","0.736838318734104","15.97636303812",
"5/3/2014","-40","-6.08845996856689","587","27.589","19.674","9.664542","3.5790206558674","0.872558526526606","20.26687160268",
"5/4/2014","-40","-6.08845996856689","587","28.722","19.698","16.434862848","3.17018531816072","0.770384721087693","11.2764137004",
"5/5/2014","-40","-6.08845996856689","587","31.122","18.267","0.0549316368","3.62713460726146","0.687048577779543","24.453839718",
"5/6/2014","-40","-6.08845996856689","587","31.818","18.599","0.362205432","3.31411655711319","0.695597186505788","16.63338801996",
"5/7/2014","-40","-6.08845996856689","587","31.184","19.623","1.321792452","3.05721276235609","0.715845841768539","21.9596665932",
"5/8/2014","-40","-6.08845996856689","587","31.911","19.196","0.0017166132","3.58687907239599","0.650604234707751","22.51241602632",
"5/9/2014","-40","-6.08845996856689","587","32.023","17.934","5.12924292","2.53673692905244","0.736119415789359","21.2528030328",
"5/10/2014","-40","-6.08845996856689","587","29.006","20.39","10.07308476","1.66399570306756","0.883560742606196","21.3008738346",
"5/11/2014","-40","-6.08845996856689","587","30.091","20.389","1.72004706","1.87189215893253","0.754285214054072","19.91148284088",
"5/12/2014","-40","-6.08845996856689","587","29.907","19.377","0.0411987384","3.7845759969546","0.67607962381555","12.23906062752",
"5/13/2014","-40","-6.08845996856689","587","31.391","19.175","0","4.16169033781776","0.626714916381174","22.289965398",
"5/14/2014","-40","-6.08845996856689","587","28.784","19.153","0","4.33400115066706","0.669405634120468","17.90792954604",
"5/15/2014","-40","-6.08845996856689","587","30.264","19.924","3.9962805912","3.60962202230631","0.784717930370638","14.872726566",
"5/16/2014","-40","-6.08845996856689","587","31.608","19.231","2.21443128","2.8025717403214","0.725739756501378","18.96802774524",
"5/17/2014","-40","-6.08845996856689","587","30.445","18.996","0.7467273792","2.80869321360711","0.786905924924383","17.39729442456",
"5/18/2014","-40","-6.08845996856689","587","31.979","18.604","0.233459604","2.38704746067253","0.694963001765909","22.3459707924",
"5/19/2014","-40","-6.08845996856689","587","31.946","18.979","0.0257491944","2.19333013403637","0.650359525591943","18.91578132072",
"5/20/2014","-40","-6.08845996856689","587","32.011","17.518","0","2.7625495458908","0.619778818459107","20.9542471146",
"5/21/2014","-40","-6.08845996856689","587","31.573","19.188","6.00815052","3.92155553736594","0.678356664029832","21.75302030436",
"5/22/2014","-40","-6.08845996856689","587","29.972","19.817","0.3742216344","4.29965028389872","0.756398710356341","21.38170131252",
"5/23/2014","-40","-6.08845996856689","587","31.302","20.041","1.194762672","3.64880316336622","0.722423725758546","20.4973663608",
"5/24/2014","-40","-6.08845996856689","587","31.524","19.273","0.0102996864","2.29389857944307","0.65304384940753","17.7886931544",
"5/25/2014","-40","-6.08845996856689","587","29.341","18.969","0.161361576","3.06306330857152","0.618363409142563","16.571518362",
"5/26/2014","-40","-6.08845996856689","587","32.183","16.679","0","2.83788813788375","0.521553740208759","23.5320195636",
"5/27/2014","-40","-6.08845996856689","587","31.923","16.826","0","2.46816326352786","0.578572556387439","22.84298441892",
"5/28/2014","-40","-6.08845996856689","587","31.671","17.134","10.279083924","2.22438263201614","0.77183357360428","18.90729122508",
"5/29/2014","-40","-6.08845996856689","587","26.067","19.717","8.53843428","3.50468453348419","0.878795972756657","10.71141341868",
"5/30/2014","-40","-6.08845996856689","587","29.494","19.277","0.00686646","3.52510170199416","0.731670484848458","18.3600437832",
"5/31/2014","-40","-6.08845996856689","587","30.765","18.262","0.0017166132","3.97986923040977","0.595512984119252","23.265565686",
"6/1/2014","-40","-6.08845996856689","587","31.904","18.395","0","3.70914863012805","0.578266561427102","23.2284354228",
"6/2/2014","-40","-6.08845996856689","587","31.347","18.602","0.0034332264","3.23544637903","0.582101818109769","21.1849550532",
"6/3/2014","-40","-6.08845996856689","587","31.672","21.849","0","2.57007984357343","0.563710645451357","20.15401712112",
"6/4/2014","-40","-6.08845996856689","587","31.477","18.844","0","3.82909958220907","0.619497665932576","22.8331619451",
"6/5/2014","-40","-6.08845996856689","587","31.651","19.987","0.0017166132","4.10018240169591","0.581066169940983","22.8166506468",
"6/6/2014","-40","-6.08845996856689","587","31.169","19.35","0","4.48107092481632","0.62548960879722","22.742437990824",
"6/7/2014","-40","-6.08845996856689","587","31.271","19.894","0","4.42927341527196","0.598779626935013","22.7612655864",
"6/8/2014","-40","-6.08845996856689","587","30.752","20.874","0.0326156832","4.57168232651387","0.603650914767714","20.46975786036",
"6/9/2014","-40","-6.08845996856689","587","32.917","18.332","0","3.7024600751435","0.534157917237841","22.7085542316",
"6/10/2014","-40","-6.08845996856689","587","32.194","19.414","0","5.06312845877388","0.548889601393388","20.93647581216",
"6/11/2014","-40","-6.08845996856689","587","31.307","19.117","0","5.39922900616142","0.504224823223321","23.14237116546",
"6/12/2014","-40","-6.08845996856689","587","31.258","17.617","0","4.26208170899099","0.529752804837128","23.08507188768",
"6/13/2014","-40","-6.08845996856689","587","32.052","19.426","2.31399828","4.75038451873122","0.641916605796194","19.30241637396",
"6/14/2014","-40","-6.08845996856689","587","31.574","19.094","0","4.37029364566819","0.604065975557335","18.30535749396",
"6/15/2014","-40","-6.08845996856689","587","31.684","19.115","0","4.67546460475239","0.584296619902465","21.7038789738",
"6/16/2014","-40","-6.08845996856689","587","31.916","18.946","0","4.27635782520387","0.56384857734085","22.44454129116",
"6/17/2014","-40","-6.08845996856689","587","31.285","18.098","0.44288604","4.32643627035778","0.629335415362935","18.889256055276",
"6/18/2014","-40","-6.08845996856689","587","31.63","19.665","0","4.96574231442823","0.640635004872396","18.0929833416",
"6/19/2014","-40","-6.08845996856689","587","31.17","19.294","0","4.60194684205115","0.624595376128376","20.8318726548",
"6/20/2014","-40","-6.08845996856689","587","32.4","18.628","0","4.48348217840113","0.51277498367643","22.86454394592",
"6/21/2014","-40","-6.08845996856689","587","32.227","17.815","0","4.22692793469525","0.510260017946296","22.0515074802",
"6/22/2014","-40","-6.08845996856689","587","31.708","17.931","0","5.31688073586411","0.49301972236765","22.80118230468",
"6/23/2014","-40","-6.08845996856689","587","30.818","18.474","3.021240312","5.33118292466008","0.601504372661886","10.852179795",
"6/24/2014","-40","-6.08845996856689","587","29.579","18.893","2.1835350648","5.13443196304878","0.71889946087909","15.34463343108",
"6/25/2014","-40","-6.08845996856689","587","31.424","18.008","0.2162934","4.70183658168214","0.585389876029121","21.10400853876",
"6/26/2014","-40","-6.08845996856689","587","31.579","19.789","0","4.80151005712859","0.573753434259124","19.8251803872",
"6/27/2014","-40","-6.08845996856689","587","28.452","19.887","4.2657822504","4.33369456051483","0.781050337486061","10.3276561968",
"6/28/2014","-40","-6.08845996856689","587","30.681","20.03","4.50095868","4.32255239544295","0.679523656289983","21.68007192468",
"6/29/2014","-40","-6.08845996856689","587","31.582","18.918","0.0017166132","3.79522510465936","0.615295612663903","22.6897426944",
"6/30/2014","-40","-6.08845996856689","587","31.359","20.315","0.0017166132","3.03374139595255","0.575283074990035","22.93335490464",
"7/1/2014","-40","-6.08845996856689","587","31.862","20.116","0","2.92205163853801","0.442497048448465","22.34257936308",
"7/2/2014","-40","-6.08845996856689","587","32.089","17.228","0","3.26067523624704","0.471761652525791","23.1246991188",
"7/3/2014","-40","-6.08845996856689","587","29.764","18.263","0","4.85436562971737","0.613077981102167","22.3390449648",
"7/4/2014","-40","-6.08845996856689","587","30.712","19.098","0.0017166132","4.79982103229648","0.54521695597104","23.0012510148",
"7/5/2014","-40","-6.08845996856689","587","31.211","17.437","0","4.6253418914955","0.513726385767017","23.038978302",
"7/6/2014","-40","-6.08845996856689","587","31.151","17.873","0","5.10278435083463","0.563409523137982","22.27501977228",
"7/7/2014","-40","-6.08845996856689","587","30.227","18.706","0","5.05714827671052","0.506439553013649","23.22607121784",
"7/8/2014","-40","-6.08845996856689","587","30.656","18.396","0","4.63236939169165","0.487203335455332","23.0855636736",
"7/9/2014","-40","-6.08845996856689","587","30.732","20.356","0.192260628","4.83156171724282","0.56622915406937","22.54331592",
"7/10/2014","-40","-6.08845996856689","587","32.474","18.816","0","4.63646304407321","0.490359722860224","23.0515300332",
"7/11/2014","-40","-6.08845996856689","587","31.721","17.546","0","4.49393067466767","0.516505410330798","22.8104600283",
"7/12/2014","-40","-6.08845996856689","587","31.801","19.072","0.669479472","4.29353501782213","0.680193463757169","17.48790804096",
"7/13/2014","-40","-6.08845996856689","587","29.289","19.996","11.7691061112","4.58181535073846","0.718592892484573","14.12690888376",
"7/14/2014","-40","-6.08845996856689","587","30.524","18.383","0","5.00495695101612","0.522226398597854","22.4398740852",
"7/15/2014","-40","-6.08845996856689","587","30.054","19.869","0","4.93978558549313","0.595623920350248","19.3835650608",
"7/16/2014","-40","-6.08845996856689","587","29.856","18.523","0","4.24023406627048","0.630320679848721","17.64867587292",
"7/17/2014","-40","-6.08845996856689","587","30.689","19.209","0.3158569584","4.02605531624547","0.574526843866755","22.5770300784",
"7/18/2014","-40","-6.08845996856689","587","28.285","18.463","0","4.16780264767048","0.663661439569846","14.0676748164",
"7/19/2014","-40","-6.08845996856689","587","30.21","18.166","0.1338958008","3.92776681434162","0.653978111353584","21.096082368",
"7/20/2014","-40","-6.08845996856689","587","31.161","18.495","0","4.65975464055746","0.563119950829415","23.568063174",
"7/21/2014","-40","-6.08845996856689","587","31.122","18.527","0","4.07724557093945","0.492022712832199","24.064718805",
"7/22/2014","-40","-6.08845996856689","587","30.538","17.735","0.048065112","5.20604569174259","0.521174072157503","22.8992255748",
"7/23/2014","-40","-6.08845996856689","587","31","18.98","0.18539424","5.37088588127767","0.510444921994209","21.5283981888",
"7/24/2014","-40","-6.08845996856689","587","30.785","18.507","0","5.38301176054803","0.536536453179851","24.0662635956",
"7/25/2014","-40","-6.08845996856689","587","30.934","18.265","0.0240325848","4.93748239016113","0.558404882577615","24.16570860312",
"7/26/2014","-40","-6.08845996856689","587","32.137","18.954","0.26779176","4.51441716077519","0.520266406914823","24.47170227216",
"7/27/2014","-40","-6.08845996856689","587","31.292","18.885","0","4.70667311375709","0.395503684939503","25.0543044504",
"7/28/2014","-40","-6.08845996856689","587","31.521","17.791","3.71131956","3.59646938915962","0.618235544449277","20.4600496356",
"7/29/2014","-40","-6.08845996856689","587","29.484","19.368","3.69415656","4.88189634224578","0.654180086326788","23.8207224996",
"7/30/2014","-40","-6.08845996856689","587","29.971","18.017","0","5.55140182686484","0.581791896511975","24.2362196928",
"7/31/2014","-40","-6.08845996856689","587","30.878","18.177","0","4.54725354209884","0.493876802453063","24.7704590304",
